Team,contestantId,playerId,Short Name,Player Name,Age,Position_x,Nationality,Position_y,total accurate back zone pass_Total,total accurate fwd zone pass_Total,total accurate long balls_Total,total accurate pass_Total,total aerial won_Total,total att assist_Total,total attempt_Total,total attempts ibox_Total,total attempts obox_Total,total blocked scoring att_Total,total contest_Total,total dribbles attempted_Total,total duels won_Total,total effective clearance_Total,total interception_Total,total mins played,total touches in opposition box_Total,total was fouled_Total,total won contest_Total,total won tackle_Total,total accurate cross_Total,total ontarget attempt_Total,total big chances saved_Total,total goals_Total,total assists_Total,total direct corner goals_Total,total direct setpiece goals_Total,pass_success_pct_Total,long_balls_success_pct_Total,cross_success_pct_Total,dribble_success_pct_Total,attempt_success_pct_Total,duel_success_pct_Total,aerial_success_pct_Total,tackle_success_pct_Total,xG_Total,xA_Total,CreatedOwnShot_Total,Total Carries_Total,Total Carry xT_Total,Total Final Third Carries_Total,passes_into_final_third_Total,progressive_passes_Total,xT_pass_Total,forward_passes_Total,total accurate back zone pass_p90,total accurate fwd zone pass_p90,total accurate long balls_p90,total accurate pass_p90,total aerial won_p90,total att assist_p90,total attempt_p90,total attempts ibox_p90,total attempts obox_p90,total blocked scoring att_p90,total contest_p90,total dribbles attempted_p90,total duels won_p90,total effective clearance_p90,total interception_p90,total touches in opposition box_p90,total was fouled_p90,total won contest_p90,total won tackle_p90,total accurate cross_p90,total ontarget attempt_p90,total big chances saved_p90,total goals_p90,total assists_p90,total direct corner goals_p90,total direct setpiece goals_p90,pass_success_pct_p90,long_balls_success_pct_p90,cross_success_pct_p90,dribble_success_pct_p90,attempt_success_pct_p90,duel_success_pct_p90,aerial_success_pct_p90,tackle_success_pct_p90,xG_p90,xA_p90,CreatedOwnShot_p90,Total Carries_p90,Total Carry xT_p90,Total Final Third Carries_p90,passes_into_final_third_p90,progressive_passes_p90,xT_pass_p90,forward_passes_p90,Pos.,total accurate back zone pass_TotalPR,total accurate fwd zone pass_TotalPR,total accurate long balls_TotalPR,total accurate pass_TotalPR,total aerial won_TotalPR,total att assist_TotalPR,total attempt_TotalPR,total attempts ibox_TotalPR,total attempts obox_TotalPR,total blocked scoring att_TotalPR,total contest_TotalPR,total dribbles attempted_TotalPR,total duels won_TotalPR,total effective clearance_TotalPR,total interception_TotalPR,total touches in opposition box_TotalPR,total was fouled_TotalPR,total won contest_TotalPR,total won tackle_TotalPR,total accurate cross_TotalPR,total ontarget attempt_TotalPR,total big chances saved_TotalPR,total goals_TotalPR,total assists_TotalPR,total direct corner goals_TotalPR,total direct setpiece goals_TotalPR,pass_success_pct_TotalPR,long_balls_success_pct_TotalPR,cross_success_pct_TotalPR,dribble_success_pct_TotalPR,attempt_success_pct_TotalPR,duel_success_pct_TotalPR,aerial_success_pct_TotalPR,tackle_success_pct_TotalPR,xG_TotalPR,xA_TotalPR,CreatedOwnShot_TotalPR,Total Carries_TotalPR,Total Carry xT_TotalPR,Total Final Third Carries_TotalPR,passes_into_final_third_TotalPR,progressive_passes_TotalPR,xT_pass_TotalPR,forward_passes_TotalPR,total accurate back zone pass_p90PR,total accurate fwd zone pass_p90PR,total accurate long balls_p90PR,total accurate pass_p90PR,total aerial won_p90PR,total att assist_p90PR,total attempt_p90PR,total attempts ibox_p90PR,total attempts obox_p90PR,total blocked scoring att_p90PR,total contest_p90PR,total dribbles attempted_p90PR,total duels won_p90PR,total effective clearance_p90PR,total interception_p90PR,total touches in opposition box_p90PR,total was fouled_p90PR,total won contest_p90PR,total won tackle_p90PR,total accurate cross_p90PR,total ontarget attempt_p90PR,total big chances saved_p90PR,total goals_p90PR,total assists_p90PR,total direct corner goals_p90PR,total direct setpiece goals_p90PR,pass_success_pct_p90PR,long_balls_success_pct_p90PR,cross_success_pct_p90PR,dribble_success_pct_p90PR,attempt_success_pct_p90PR,duel_success_pct_p90PR,aerial_success_pct_p90PR,tackle_success_pct_p90PR,xG_p90PR,xA_p90PR,CreatedOwnShot_p90PR,Total Carries_p90PR,Total Carry xT_p90PR,Total Final Third Carries_p90PR,passes_into_final_third_p90PR,progressive_passes_p90PR,xT_pass_p90PR,forward_passes_p90PR,League
Salzburg,bonj6qc7po4anunhydmjmi6g5,24vsicnsc44o2mr9jk0qjvb2t,H. Tabaković,Haris Tabakovic,32,Attacker,Bosnia and Herzegovina,Striker,7.0,10.0,0.0,17.0,2.0,0.0,3.0,3.0,0.0,0.0,1.0,1.0,2.0,1.0,0.0,119.0,10.0,0.0,0.0,0.0,0.0,2.0,0.0,0.0,0.0,0.0,0.0,62.96,0.0,0.0,0.0,66.67,50.0,66.67,0.0,0.3401610752823222,0.0,0.0,1.0,0.02385149,0.0,2.0,2.0,0.0466321799999999,6.0,5.294117647058823,7.563025210084033,0.0,12.857142857142858,1.512605042016807,0.0,2.26890756302521,2.26890756302521,0.0,0.0,0.7563025210084033,0.7563025210084033,1.512605042016807,0.7563025210084033,0.0,7.563025210084033,0.0,0.0,0.0,0.0,1.512605042016807,0.0,0.0,0.0,0.0,0.0,62.96,0.0,0.0,0.0,66.67,50.0,66.67,0.0,0.2572646787849496,0.0,0.0,0.7563025210084033,0.0180389420168067,0.0,1.512605042016807,1.512605042016807,0.0352680352941175,4.53781512605042,ST,52,21,28,28,38,5,24,36,16,24,14,10,10,47,33,45,12,17,19,36,43,52,22,43,52,52,41,28,36,17,83,88,83,19,24,7,17,33,24,26,53,41,24,19,76,52,28,62,52,5,38,66,16,24,24,14,14,62,33,86,12,17,19,36,69,52,22,43,52,52,41,28,36,17,83,88,83,19,48,7,17,48,31,26,72,52,38,52,Austrian Bundesliga
Salzburg,bonj6qc7po4anunhydmjmi6g5,2ep16uxfa2j2pqw2ky8rsgo44,K. Konaté,Karim Konaté,22,Attacker,Côte d'Ivoire,Striker,20.0,38.0,5.0,57.0,4.0,5.0,13.0,9.0,4.0,0.0,1.0,2.0,6.0,2.0,0.0,194.0,12.0,1.0,1.0,0.0,1.0,5.0,0.0,2.0,0.0,0.0,0.0,83.82,71.43,100.0,100.0,38.46,46.15,57.14,0.0,1.703116228193495,0.3911582350288698,3.0,8.0,0.2343730499999999,3.0,9.0,13.0,0.44283489,30.0,9.278350515463918,17.628865979381445,2.31958762886598,26.443298969072167,1.855670103092784,2.31958762886598,6.030927835051546,4.175257731958763,1.855670103092784,0.0,0.4639175257731959,0.9278350515463918,2.783505154639176,0.9278350515463918,0.0,5.567010309278351,0.4639175257731959,0.4639175257731959,0.0,0.4639175257731959,2.31958762886598,0.0,0.9278350515463918,0.0,0.0,0.0,83.82,71.43,100.0,100.0,38.46,46.15,57.14,0.0,0.790105466687704,0.1814651605804035,1.3917525773195878,3.711340206185567,0.1087297654639174,1.3917525773195878,4.175257731958763,6.030927835051546,0.2054388664948453,13.917525773195877,ST,93,93,98,97,62,95,100,97,97,24,14,26,40,64,33,71,40,50,19,84,93,52,81,43,52,52,90,91,98,100,34,71,69,19,100,83,86,97,97,93,97,100,97,98,93,90,93,93,62,90,100,100,97,24,10,24,31,66,33,69,31,48,19,86,93,52,79,43,52,52,90,91,98,100,34,71,69,19,100,86,79,97,97,90,93,100,93,100,Austrian Bundesliga
Salzburg,bonj6qc7po4anunhydmjmi6g5,36di67wn0rmx79vlwbst3rjhm,M. Kjærgaard,Maurits Kjærgaard,23,Midfielder,Denmark,Midfielder,43.0,40.0,5.0,82.0,0.0,1.0,5.0,1.0,4.0,1.0,2.0,2.0,2.0,0.0,1.0,135.0,3.0,1.0,0.0,1.0,1.0,2.0,0.0,0.0,0.0,0.0,0.0,90.11,50.0,10.0,0.0,40.0,22.22,0.0,100.0,0.3619413499287669,0.1856230199769466,1.0,3.0,0.06333723,3.0,8.0,4.0,0.1473923899999999,36.0,28.666666666666668,26.666666666666668,3.333333333333333,54.66666666666666,0.0,0.6666666666666666,3.333333333333333,0.6666666666666666,2.6666666666666665,0.6666666666666666,1.3333333333333333,1.3333333333333333,1.3333333333333333,0.0,0.6666666666666666,2.0,0.6666666666666666,0.0,0.6666666666666666,0.6666666666666666,1.3333333333333333,0.0,0.0,0.0,0.0,0.0,90.11,50.0,10.0,0.0,40.0,22.22,0.0,100.0,0.2412942332858446,0.123748679984631,0.6666666666666666,2.0,0.0422248199999999,2.0,5.333333333333333,2.6666666666666665,0.0982615933333332,24.0,CM/AM,89,59,61,67,17,13,69,52,85,56,35,30,4,13,46,48,19,17,30,50,80,52,48,41,52,52,78,33,37,17,83,11,22,94,63,37,35,30,19,63,54,22,26,56,93,81,81,89,17,15,89,59,96,63,48,44,7,13,63,57,31,17,35,65,93,52,48,41,52,52,78,33,37,17,83,11,22,94,81,56,56,44,37,72,81,28,33,81,Austrian Bundesliga
Salzburg,bonj6qc7po4anunhydmjmi6g5,52rchap28rfs3r9xacg42dzbo,V. Zabransky,Valentin Zabransky,19,Defender,Austria,Defender,100.0,95.0,7.0,195.0,4.0,2.0,1.0,1.0,0.0,0.0,0.0,0.0,9.0,7.0,3.0,213.0,3.0,0.0,0.0,1.0,0.0,0.0,2.0,0.0,0.0,0.0,0.0,95.12,63.64,0.0,0.0,0.0,64.29,57.14,20.0,0.1265931105579499,0.037003890835509,0.0,3.0,0.0637928899999999,1.0,15.0,14.0,0.3235495399999998,143.0,42.25352112676056,40.140845070422536,2.9577464788732395,82.3943661971831,1.6901408450704225,0.8450704225352113,0.4225352112676056,0.4225352112676056,0.0,0.0,0.0,0.0,3.8028169014084505,2.9577464788732395,1.267605633802817,1.267605633802817,0.0,0.0,0.4225352112676056,0.0,0.0,0.8450704225352113,0.0,0.0,0.0,0.0,95.12,63.64,0.0,0.0,0.0,64.29,57.14,20.0,0.0534900467146267,0.0156354468319052,0.0,1.267605633802817,0.026954742253521,0.4225352112676056,6.338028169014084,5.915492957746479,0.1367110732394365,60.42253521126761,CB,71,100,45,95,40,90,43,55,38,40,31,29,45,26,52,74,21,36,19,48,38,100,48,48,52,52,100,71,48,36,38,76,62,19,43,67,38,83,86,74,86,83,86,95,90,95,43,95,48,95,38,52,38,40,31,29,43,19,43,76,21,36,19,48,38,100,48,48,52,52,100,71,48,36,38,76,62,19,52,67,38,81,86,71,86,86,86,100,Austrian Bundesliga
Salzburg,bonj6qc7po4anunhydmjmi6g5,72gykk4phjme27eiribg0xwfe,F. Krätzig,Frans Krätzig,23,Defender,Germany,Defender,44.0,47.0,6.0,90.0,3.0,6.0,2.0,2.0,0.0,0.0,4.0,4.0,12.0,6.0,0.0,168.0,8.0,4.0,3.0,2.0,1.0,2.0,0.0,1.0,1.0,0.0,0.0,94.74,85.71,20.0,75.0,100.0,63.16,75.0,66.67,0.2763330324601667,0.5671768735381724,0.0,5.0,0.1424779199999999,1.0,7.0,8.0,0.4314702100000001,53.0,23.57142857142857,25.178571428571427,3.2142857142857144,48.21428571428572,1.6071428571428572,3.2142857142857144,1.0714285714285714,1.0714285714285714,0.0,0.0,2.142857142857143,2.142857142857143,6.428571428571429,3.2142857142857144,0.0,4.285714285714286,2.142857142857143,1.6071428571428572,1.0714285714285714,0.5357142857142857,1.0714285714285714,0.0,0.5357142857142857,0.5357142857142857,0.0,0.0,94.74,85.71,20.0,75.0,100.0,63.16,75.0,66.67,0.1480355531036607,0.3038447536811637,0.0,2.6785714285714284,0.076327457142857,0.5357142857142857,3.75,4.285714285714286,0.2311447553571429,28.392857142857142,LB/LCB,44,44,61,47,39,81,50,69,31,28,78,78,31,33,11,94,86,81,31,44,92,53,94,78,53,53,100,100,44,89,100,67,92,47,61,78,31,64,67,39,56,50,56,69,72,83,89,83,56,94,78,89,31,28,89,89,83,39,11,94,94,89,44,50,94,53,100,89,53,53,100,100,44,89,100,67,92,47,89,94,31,83,83,50,67,61,78,89,Austrian Bundesliga
Salzburg,bonj6qc7po4anunhydmjmi6g5,81sfrpdzz1nymxg1b5noo67ai,Y. Vertessen,Yorbe Vertessen,25,Attacker,Belgium,Striker,4.0,16.0,0.0,17.0,0.0,7.0,6.0,5.0,1.0,0.0,1.0,2.0,3.0,0.0,1.0,128.0,17.0,2.0,0.0,1.0,3.0,5.0,0.0,1.0,1.0,0.0,0.0,56.67,0.0,33.33,0.0,83.33,30.0,0.0,100.0,0.9293835779574602,0.8627681470340512,1.0,1.0,0.02855202,0.0,0.0,1.0,0.12812226,7.0,2.8125,11.25,0.0,11.953125,0.0,4.921875,4.21875,3.515625,0.703125,0.0,0.703125,1.40625,2.109375,0.0,0.703125,11.953125,1.40625,0.0,0.703125,2.109375,3.515625,0.0,0.703125,0.703125,0.0,0.0,56.67,0.0,33.33,0.0,83.33,30.0,0.0,100.0,0.6534728282513391,0.6066338533833172,0.703125,0.703125,0.0200756390625,0.0,0.0,0.703125,0.0900859640624999,4.921875,ST,21,48,28,28,12,100,55,67,48,24,14,26,17,19,78,97,67,17,62,100,93,52,55,91,52,52,24,28,90,17,97,21,12,81,86,100,43,33,33,26,10,17,66,29,31,72,28,52,12,100,93,93,62,24,17,52,17,19,83,100,90,17,83,100,100,52,66,93,52,52,24,28,90,17,97,21,12,81,97,100,59,38,34,26,10,31,66,55,Austrian Bundesliga
Salzburg,bonj6qc7po4anunhydmjmi6g5,8s1ggifut0xesv052i43m742y,K. Boma,Kévin Boma,23,Defender,Togo,Defender,57.0,85.0,2.0,141.0,10.0,1.0,3.0,2.0,1.0,0.0,1.0,1.0,15.0,4.0,3.0,180.0,3.0,2.0,1.0,2.0,1.0,0.0,0.0,0.0,1.0,0.0,0.0,92.76,100.0,50.0,100.0,0.0,68.18,58.82,100.0,0.3568106981240544,0.185823554748067,1.0,6.0,0.11976113,2.0,18.0,15.0,0.31859097,105.0,28.5,42.5,1.0,70.5,5.0,0.5,1.5,1.0,0.5,0.0,0.5,0.5,7.5,2.0,1.5,1.5,1.0,0.5,1.0,0.5,0.0,0.0,0.0,0.5,0.0,0.0,92.76,100.0,50.0,100.0,0.0,68.18,58.82,100.0,0.1784053490620272,0.0929117773740335,0.5,3.0,0.059880565,1.0,9.0,7.5,0.159295485,52.5,CB,29,90,7,62,86,67,90,81,88,40,71,67,69,10,52,74,74,81,38,98,38,45,48,95,52,52,71,100,95,88,38,86,67,95,90,90,88,90,90,93,95,90,81,76,33,100,10,86,98,79,90,86,86,40,71,67,95,12,57,83,86,86,48,100,38,45,48,95,52,52,71,100,95,88,38,86,67,95,90,90,86,100,100,100,95,95,95,90,Austrian Bundesliga
Salzburg,bonj6qc7po4anunhydmjmi6g5,9kd9xpv9glq7whrmztrixu9sk,T. Drexler,Tim Drexler,21,Defender,Germany,Defender,95.0,43.0,8.0,138.0,2.0,0.0,1.0,1.0,0.0,1.0,0.0,0.0,5.0,6.0,2.0,147.0,1.0,0.0,0.0,3.0,0.0,0.0,1.0,0.0,0.0,0.0,0.0,92.62,50.0,0.0,0.0,0.0,71.43,66.67,100.0,0.1716988837339274,0.0,0.0,0.0,0.0,0.0,6.0,7.0,0.1719949499999999,96.0,58.16326530612245,26.3265306122449,4.8979591836734695,84.48979591836735,1.2244897959183674,0.0,0.6122448979591837,0.6122448979591837,0.0,0.6122448979591837,0.0,0.0,3.061224489795918,3.673469387755102,1.2244897959183674,0.6122448979591837,0.0,0.0,1.836734693877551,0.0,0.0,0.6122448979591837,0.0,0.0,0.0,0.0,92.62,50.0,0.0,0.0,0.0,71.43,66.67,100.0,0.1051217655513841,0.0,0.0,0.0,0.0,0.0,3.673469387755102,4.285714285714286,0.1053030306122448,58.775510204081634,CB,64,62,57,57,24,26,43,55,38,90,31,29,10,19,26,31,21,36,67,48,38,93,48,48,52,52,67,40,48,36,38,100,81,95,62,31,38,29,29,31,57,62,57,67,100,81,90,100,33,26,57,71,38,95,31,29,14,24,38,38,21,36,86,48,38,95,48,48,52,52,67,40,48,36,38,100,81,95,76,31,38,29,29,31,71,71,71,95,Austrian Bundesliga
Salzburg,bonj6qc7po4anunhydmjmi6g5,a0axqb8w5rb0vdee8osag26ms,S. Diabaté,Soumaïla Diabaté,21,Midfielder,Mali,Midfielder,8.0,76.0,3.0,84.0,2.0,4.0,5.0,3.0,2.0,2.0,3.0,3.0,6.0,1.0,4.0,90.0,5.0,0.0,2.0,1.0,0.0,0.0,0.0,0.0,0.0,0.0,0.0,87.5,60.0,0.0,66.67,0.0,66.67,50.0,50.0,0.4994848667932977,0.1846735792938695,1.0,10.0,0.20115091,4.0,19.0,11.0,0.24969731,69.0,8.0,76.0,3.0,84.0,2.0,4.0,5.0,3.0,2.0,2.0,3.0,3.0,6.0,1.0,4.0,5.0,0.0,2.0,1.0,0.0,0.0,0.0,0.0,0.0,0.0,0.0,87.5,60.0,0.0,66.67,0.0,66.67,50.0,50.0,0.4994848667932977,0.1846735792938695,1.0,10.0,0.20115091,4.0,19.0,11.0,0.24969731,69.0,DM/CM,6,78,19,33,36,78,89,97,61,81,53,50,14,6,78,81,8,72,17,33,33,53,44,47,50,50,78,69,33,81,33,97,58,44,89,61,50,92,83,75,86,47,50,61,6,100,78,100,83,100,100,100,94,100,100,94,72,28,100,100,8,100,53,33,33,53,44,47,50,50,78,69,33,81,33,97,58,44,100,100,89,100,100,100,100,100,100,100,Austrian Bundesliga
Salzburg,bonj6qc7po4anunhydmjmi6g5,ajo4x6z5r2r4g8daotcqdjl04,B. Mazurek,Bartosz Mazurek,19,Midfielder,Poland,Midfielder,39.0,58.0,6.0,97.0,1.0,0.0,3.0,0.0,3.0,0.0,5.0,5.0,15.0,2.0,0.0,139.0,3.0,9.0,3.0,2.0,0.0,1.0,0.0,0.0,0.0,0.0,0.0,91.51,85.71,0.0,60.0,33.33,71.43,50.0,100.0,0.2229850113815437,0.0,2.0,2.0,0.04347372,1.0,13.0,8.0,0.30489715,59.0,25.25179856115108,37.55395683453237,3.884892086330935,62.80575539568345,0.6474820143884892,0.0,1.9424460431654675,0.0,1.9424460431654675,0.0,3.237410071942446,3.237410071942446,9.712230215827338,1.2949640287769784,0.0,1.9424460431654675,5.827338129496403,1.9424460431654675,1.2949640287769784,0.0,0.6474820143884892,0.0,0.0,0.0,0.0,0.0,91.51,85.71,0.0,60.0,33.33,71.43,50.0,100.0,0.1443787843477621,0.0,1.2949640287769784,1.2949640287769784,0.0281484517985611,0.6474820143884892,8.417266187050359,5.179856115107913,0.1974154208633093,38.20143884892086,CM/AM,78,63,72,76,48,6,43,22,69,24,74,65,83,61,17,48,100,72,54,19,56,52,48,41,52,52,96,85,19,78,72,100,72,94,41,6,67,17,15,28,76,46,48,85,89,93,89,93,63,6,63,22,89,24,78,74,100,81,17,52,100,81,78,19,70,52,48,41,52,52,96,85,19,78,72,100,72,94,56,6,78,22,19,44,93,74,81,93,Austrian Bundesliga
Salzburg,bonj6qc7po4anunhydmjmi6g5,cg2dpmeot9vtf40lnvg5scxsk,S. Kitano,Sota Kitano,22,Attacker,Japan,Striker,12.0,22.0,3.0,34.0,0.0,4.0,2.0,1.0,1.0,0.0,3.0,3.0,4.0,0.0,0.0,113.0,6.0,1.0,1.0,0.0,0.0,2.0,0.0,1.0,0.0,0.0,0.0,73.91,60.0,0.0,33.33,100.0,50.0,0.0,0.0,0.2755065012449942,0.4190749368447979,1.0,0.0,0.0,0.0,7.0,5.0,0.36988787,13.0,9.557522123893806,17.52212389380531,2.3893805309734515,27.079646017699115,0.0,3.185840707964602,1.592920353982301,0.7964601769911505,0.7964601769911505,0.0,2.3893805309734515,2.3893805309734515,3.185840707964602,0.0,0.0,4.778761061946903,0.7964601769911505,0.7964601769911505,0.0,0.0,1.592920353982301,0.0,0.7964601769911505,0.0,0.0,0.0,73.91,60.0,0.0,33.33,100.0,50.0,0.0,0.0,0.2194299567438007,0.3337764983719629,0.7964601769911505,0.0,0.0,0.0,5.575221238938053,3.982300884955752,0.2946009584070796,10.353982300884956,ST,84,76,88,79,12,88,12,9,48,24,55,52,24,19,33,29,40,50,19,36,43,52,55,43,52,52,69,76,36,47,100,88,12,19,17,93,43,12,12,26,93,83,90,76,100,86,97,97,12,93,14,14,71,24,72,72,41,19,33,55,53,72,19,36,76,52,72,43,52,52,69,76,36,47,100,88,12,19,28,93,66,12,12,26,100,90,100,90,Austrian Bundesliga
Salzburg,bonj6qc7po4anunhydmjmi6g5,dphjm5otyeb004tqonfbbct90,D. Redzic,Damir Redzic,23,Attacker,Hungary,Striker,13.0,48.0,1.0,56.0,1.0,3.0,4.0,4.0,0.0,1.0,13.0,15.0,16.0,1.0,0.0,184.0,16.0,5.0,6.0,3.0,5.0,3.0,0.0,0.0,0.0,0.0,0.0,87.5,100.0,20.83,46.15,75.0,50.0,50.0,75.0,0.2751732748001262,0.3601810868482089,1.0,12.0,0.43395181,1.0,2.0,6.0,0.1934317199999999,15.0,6.358695652173914,23.47826086956522,0.4891304347826087,27.39130434782609,0.4891304347826087,1.4673913043478262,1.956521739130435,1.956521739130435,0.0,0.4891304347826087,6.358695652173914,7.336956521739131,7.82608695652174,0.4891304347826087,0.0,7.82608695652174,2.4456521739130435,2.9347826086956523,1.4673913043478262,2.4456521739130435,1.4673913043478262,0.0,0.0,0.0,0.0,0.0,87.5,100.0,20.83,46.15,75.0,50.0,50.0,75.0,0.13459562354354,0.1761755316105369,0.4891304347826087,5.869565217391305,0.2122590375,0.4891304347826087,0.9782608695652176,2.9347826086956523,0.0946133413043477,7.336956521739131,RW,70,60,40,60,60,40,40,60,20,40,80,80,60,30,40,100,80,90,60,90,60,50,30,40,60,60,100,90,40,100,100,60,80,60,20,60,40,80,100,40,40,50,40,40,80,80,60,80,60,60,60,80,20,40,100,100,80,40,40,100,80,100,80,100,80,50,30,40,60,60,100,90,40,100,100,60,80,60,60,80,60,100,100,40,60,60,40,60,Austrian Bundesliga
Salzburg,bonj6qc7po4anunhydmjmi6g5,dtt29qocpooiymw666vz2iwdm,A. Barry,Abubakr Barry,26,Midfielder,Gambia,Midfielder,79.0,105.0,8.0,184.0,2.0,3.0,3.0,1.0,2.0,0.0,2.0,3.0,6.0,3.0,2.0,204.0,3.0,2.0,0.0,0.0,0.0,0.0,0.0,0.0,1.0,0.0,0.0,89.76,53.33,0.0,0.0,0.0,37.5,66.67,0.0,0.2843297442898014,0.1851538422289076,1.0,10.0,0.22346701,8.0,23.0,19.0,0.3735113899999998,113.0,34.85294117647059,46.32352941176471,3.5294117647058822,81.17647058823529,0.8823529411764706,1.3235294117647058,1.3235294117647058,0.4411764705882353,0.8823529411764706,0.0,0.8823529411764706,1.3235294117647058,2.647058823529412,1.3235294117647058,0.8823529411764706,1.3235294117647058,0.8823529411764706,0.0,0.0,0.0,0.0,0.0,0.0,0.4411764705882353,0.0,0.0,89.76,53.33,0.0,0.0,0.0,37.5,66.67,0.0,0.12543959306903,0.0816855186304004,0.4411764705882353,4.411764705882353,0.0985883867647058,3.5294117647058822,10.147058823529411,8.382352941176471,0.1647844367647057,49.85294117647059,CM/AM,93,96,87,93,70,48,43,52,50,24,35,44,33,78,69,48,44,17,13,19,19,52,48,85,52,52,74,44,19,17,19,30,89,13,48,33,35,89,81,96,96,91,56,96,96,100,85,96,74,41,44,48,56,24,35,41,30,85,70,37,52,17,13,19,19,52,48,85,52,52,74,44,19,17,19,30,89,13,44,33,33,93,81,96,96,100,59,100,Austrian Bundesliga
Salzburg,bonj6qc7po4anunhydmjmi6g5,dvqog8r05iw9zqr68l4fcnre2,N. Veratschnig,Nikolas Veratschnig,23,Defender,Austria,Defender,42.0,91.0,9.0,131.0,4.0,3.0,7.0,4.0,3.0,2.0,3.0,3.0,11.0,7.0,5.0,248.0,8.0,3.0,3.0,1.0,2.0,3.0,0.0,0.0,0.0,0.0,0.0,89.73,69.23,15.38,100.0,42.86,68.75,66.67,100.0,0.6954396232274725,0.4214461753400014,2.0,7.0,0.1899427799999999,5.0,18.0,24.0,1.1801308500000005,67.0,15.241935483870968,33.024193548387096,3.2661290322580645,47.54032258064516,1.4516129032258065,1.0887096774193548,2.540322580645161,1.4516129032258065,1.0887096774193548,0.7258064516129032,1.0887096774193548,1.0887096774193548,3.991935483870968,2.540322580645161,1.814516129032258,2.903225806451613,1.0887096774193548,1.0887096774193548,0.3629032258064516,0.7258064516129032,1.0887096774193548,0.0,0.0,0.0,0.0,0.0,89.73,69.23,15.38,100.0,42.86,68.75,66.67,100.0,0.2523772826228731,0.1529441765346779,0.7258064516129032,2.540322580645161,0.0689308475806451,1.814516129032258,6.532258064516129,8.709677419354838,0.4282732923387098,24.31451612903226,RB/RCB,40,93,63,60,53,70,93,93,90,93,60,60,53,47,93,90,73,77,20,87,100,53,50,43,53,53,73,93,60,93,87,80,57,93,100,87,93,80,73,93,87,93,100,67,40,93,67,60,47,80,93,93,93,100,73,67,53,40,87,93,80,87,20,80,100,53,50,43,53,53,73,93,60,93,87,80,57,93,100,93,93,80,73,93,93,100,100,73,Austrian Bundesliga
Salzburg,bonj6qc7po4anunhydmjmi6g5,og090mw7ae5fkg397p9g0ru1,D. Schmid,Dominik Schmid,28,Defender,Switzerland,Defender,26.0,66.0,3.0,88.0,3.0,7.0,2.0,2.0,0.0,2.0,0.0,0.0,6.0,0.0,1.0,112.0,6.0,1.0,0.0,2.0,4.0,0.0,0.0,0.0,1.0,0.0,0.0,94.62,75.0,50.0,0.0,0.0,66.67,60.0,100.0,0.2419256934798723,0.6554592998517178,0.0,4.0,0.33425044,4.0,10.0,13.0,0.8362315400000001,53.0,20.892857142857142,53.035714285714285,2.4107142857142856,70.71428571428571,2.4107142857142856,5.625,1.6071428571428572,1.6071428571428572,0.0,1.6071428571428572,0.0,0.0,4.821428571428571,0.0,0.8035714285714286,4.821428571428571,0.8035714285714286,0.0,1.6071428571428572,3.2142857142857144,0.0,0.0,0.0,0.8035714285714286,0.0,0.0,94.62,75.0,50.0,0.0,0.0,66.67,60.0,100.0,0.1944045751177545,0.5267083659522732,0.0,3.2142857142857144,0.2685941035714285,3.2142857142857144,8.035714285714285,10.446428571428571,0.6719717732142858,42.58928571428572,LB/LCB,11,86,33,31,39,89,50,69,31,97,14,14,11,6,25,72,22,25,31,83,31,53,44,78,53,53,94,94,92,25,31,81,64,94,50,89,31,53,94,78,67,56,94,69,61,100,61,100,83,100,89,100,31,100,14,14,44,6,56,100,56,25,67,94,31,53,44,100,53,53,94,94,92,25,31,81,64,94,94,100,31,94,100,94,100,100,100,100,Austrian Bundesliga
Austria Wien,84gk4ytf9vr8oml51cqyit78w,36dx87q1ec6aiav6jbgivccq2,Lee Kang-Hee,Kang-Hee Lee,25,Midfielder,Korea Republic,Midfielder,79.0,42.0,6.0,121.0,6.0,2.0,1.0,0.0,1.0,1.0,4.0,4.0,14.0,15.0,2.0,270.0,6.0,3.0,0.0,3.0,0.0,0.0,0.0,0.0,0.0,0.0,0.0,84.62,60.0,0.0,0.0,0.0,46.67,60.0,60.0,0.1654340010502379,0.132831052445973,0.0,3.0,0.0614221499999999,4.0,10.0,10.0,0.1964659299999999,66.0,26.33333333333333,14.0,2.0,40.333333333333336,2.0,0.6666666666666666,0.3333333333333333,0.0,0.3333333333333333,0.3333333333333333,1.3333333333333333,1.3333333333333333,4.666666666666667,5.0,0.6666666666666666,2.0,1.0,0.0,1.0,0.0,0.0,0.0,0.0,0.0,0.0,0.0,84.62,60.0,0.0,0.0,0.0,46.67,60.0,60.0,0.0551446670167459,0.044277017481991,0.0,1.0,0.0204740499999999,1.3333333333333333,3.333333333333333,3.333333333333333,0.0654886433333333,22.0,DM/CM,78,33,39,50,83,53,19,22,36,53,72,67,50,89,44,92,44,22,53,33,33,53,44,47,50,50,67,69,33,22,33,39,86,78,22,44,19,39,33,75,44,36,28,53,100,44,31,78,83,50,17,22,39,64,69,61,56,89,44,89,42,22,53,33,33,53,44,47,50,50,67,69,33,22,33,39,86,78,28,56,19,44,44,78,44,44,33,75,Austrian Bundesliga
Austria Wien,84gk4ytf9vr8oml51cqyit78w,3jbpxku7kfad1kbi7eytylc0k,S. Šaljić,Sanel Saljic,20,Midfielder,Austria,Midfielder,9.0,18.0,0.0,26.0,0.0,2.0,1.0,0.0,1.0,0.0,4.0,5.0,7.0,1.0,1.0,192.0,2.0,2.0,2.0,2.0,1.0,0.0,0.0,0.0,0.0,0.0,0.0,78.79,0.0,33.33,50.0,0.0,46.67,0.0,66.67,0.1185504733456048,0.1098761757069396,1.0,2.0,0.07236198,0.0,3.0,3.0,0.29374416,10.0,4.21875,8.4375,0.0,12.1875,0.0,0.9375,0.46875,0.0,0.46875,0.0,1.875,2.34375,3.28125,0.46875,0.46875,0.9375,0.9375,0.9375,0.9375,0.46875,0.0,0.0,0.0,0.0,0.0,0.0,78.79,0.0,33.33,50.0,0.0,46.67,0.0,66.67,0.0555705343807522,0.0515044573626279,0.46875,0.9375,0.033919678125,0.0,1.40625,1.40625,0.1376925749999999,4.6875,CM/AM,20,7,6,4,17,24,19,22,30,24,59,65,44,37,46,31,44,63,54,50,19,52,48,41,52,52,41,6,69,54,19,52,22,67,22,15,35,17,30,9,19,13,44,9,19,7,6,11,17,30,19,22,30,24,67,67,41,41,44,30,56,67,63,44,19,52,48,41,52,52,41,6,69,54,19,52,22,67,22,22,37,15,26,9,15,15,48,11,Austrian Bundesliga
Austria Wien,84gk4ytf9vr8oml51cqyit78w,3qv32eulpugf1n9f2inird9lh,M. Fischer,Manfred Fischer,31,Midfielder,Austria,Midfielder,19.0,25.0,3.0,44.0,3.0,3.0,0.0,0.0,0.0,0.0,0.0,0.0,3.0,3.0,2.0,135.0,2.0,0.0,0.0,0.0,0.0,0.0,0.0,0.0,1.0,0.0,0.0,70.97,50.0,0.0,0.0,0.0,37.5,0.0,0.0,0.0,0.1796478771140008,0.0,3.0,0.0637704,2.0,7.0,6.0,0.0947621599999999,25.0,12.666666666666666,16.666666666666668,2.0,29.33333333333333,2.0,2.0,0.0,0.0,0.0,0.0,0.0,0.0,2.0,2.0,1.3333333333333333,1.3333333333333333,0.0,0.0,0.0,0.0,0.0,0.0,0.0,0.6666666666666666,0.0,0.0,70.97,50.0,0.0,0.0,0.0,37.5,0.0,0.0,0.0,0.1197652514093338,0.0,2.0,0.0425136,1.3333333333333333,4.666666666666667,4.0,0.0631747733333332,16.666666666666668,CM/AM,44,17,44,37,83,48,6,22,9,24,6,4,9,78,69,31,6,17,13,19,19,52,48,85,52,52,15,33,19,17,19,30,22,13,6,30,7,30,22,50,48,35,15,44,59,44,59,56,100,69,6,22,9,24,6,4,19,93,89,43,6,17,13,19,19,52,48,91,52,52,15,33,19,17,19,30,22,13,6,52,7,44,41,59,78,50,19,65,Austrian Bundesliga
Austria Wien,84gk4ytf9vr8oml51cqyit78w,45bv6x1iz3hj6dofzcwadxv55,J. Eggestein,Johannes Eggestein,28,Attacker,Germany,Striker,9.0,19.0,2.0,27.0,2.0,2.0,3.0,2.0,1.0,1.0,3.0,3.0,4.0,0.0,2.0,154.0,4.0,1.0,1.0,0.0,1.0,1.0,0.0,0.0,0.0,0.0,0.0,64.29,40.0,9.09,33.33,33.33,26.67,22.22,0.0,0.2358328394955014,0.0680865053445383,1.0,5.0,0.14657826,3.0,4.0,5.0,0.1547700099999999,13.0,5.25974025974026,11.103896103896105,1.168831168831169,15.77922077922078,1.168831168831169,1.168831168831169,1.7532467532467533,1.168831168831169,0.5844155844155845,0.5844155844155845,1.7532467532467533,1.7532467532467533,2.337662337662338,0.0,1.168831168831169,2.337662337662338,0.5844155844155845,0.5844155844155845,0.0,0.5844155844155845,0.5844155844155845,0.0,0.0,0.0,0.0,0.0,64.29,40.0,9.09,33.33,33.33,26.67,22.22,0.0,0.1378243867181501,0.0397908148117431,0.5844155844155845,2.9220779220779223,0.0856626194805194,1.7532467532467533,2.337662337662338,2.9220779220779223,0.0904500058441557,7.597402597402597,ST,71,62,74,67,38,38,24,22,48,62,55,52,24,19,95,16,40,50,19,84,21,52,22,43,52,52,48,55,72,47,28,17,31,19,14,14,43,86,83,93,78,83,72,76,72,69,83,79,34,59,21,21,55,62,66,66,21,19,100,10,38,55,19,90,17,52,22,43,52,52,48,55,72,47,28,17,31,19,10,14,45,86,93,97,79,83,69,76,Austrian Bundesliga
Austria Wien,84gk4ytf9vr8oml51cqyit78w,85mzxov9sqq8gec4e0wwt8h78,I. Buhari,Ibrahim Buhari,24,Defender,Nigeria,Defender,86.0,39.0,5.0,125.0,6.0,0.0,1.0,0.0,1.0,0.0,0.0,0.0,15.0,23.0,4.0,270.0,3.0,1.0,0.0,3.0,0.0,0.0,0.0,0.0,0.0,0.0,0.0,85.03,26.32,0.0,0.0,0.0,57.69,54.55,37.5,0.0518490903783316,0.0,1.0,2.0,0.04130209,2.0,6.0,7.0,0.18263112,85.0,28.666666666666668,13.0,1.6666666666666667,41.66666666666666,2.0,0.0,0.3333333333333333,0.0,0.3333333333333333,0.0,0.0,0.0,5.0,7.666666666666667,1.3333333333333333,1.0,0.3333333333333333,0.0,1.0,0.0,0.0,0.0,0.0,0.0,0.0,0.0,85.03,26.32,0.0,0.0,0.0,57.69,54.55,37.5,0.0172830301261105,0.0,0.3333333333333333,0.6666666666666666,0.0137673633333333,0.6666666666666666,2.0,2.333333333333333,0.06087704,28.33333333333333,CB,57,57,24,48,69,26,43,19,88,40,31,29,69,83,67,74,50,36,67,48,38,45,48,48,52,52,38,5,48,36,38,29,55,31,33,31,88,69,67,93,57,62,62,62,38,48,19,43,57,26,29,19,76,40,31,29,71,90,48,67,43,36,48,48,38,45,48,48,52,52,38,5,48,36,38,29,55,31,24,31,76,60,57,90,48,48,48,62,Austrian Bundesliga
Austria Wien,84gk4ytf9vr8oml51cqyit78w,88ddl23hbe7i6nb4wl11izjai,F. Wustinger,Florian Wustinger,23,Midfielder,Austria,Midfielder,31.0,13.0,1.0,44.0,4.0,0.0,0.0,0.0,0.0,0.0,1.0,1.0,16.0,3.0,3.0,204.0,0.0,3.0,0.0,6.0,0.0,0.0,0.0,0.0,0.0,0.0,0.0,83.02,50.0,0.0,0.0,0.0,64.0,50.0,66.67,0.0,0.0,0.0,0.0,0.0,0.0,0.0,0.0,0.0,0.0,13.676470588235295,5.735294117647059,0.4411764705882353,19.411764705882355,1.7647058823529411,0.0,0.0,0.0,0.0,0.0,0.4411764705882353,0.4411764705882353,7.0588235294117645,1.3235294117647058,1.3235294117647058,0.0,1.3235294117647058,0.0,2.647058823529412,0.0,0.0,0.0,0.0,0.0,0.0,0.0,83.02,50.0,0.0,0.0,0.0,64.0,50.0,66.67,0.0,0.0,0.0,0.0,0.0,0.0,0.0,0.0,0.0,0.0,DM/CM,33,11,6,11,67,17,8,22,14,19,19,19,61,36,61,11,44,22,92,33,33,53,44,47,50,50,50,33,33,22,33,89,58,83,11,17,19,8,8,19,8,11,8,8,33,11,6,11,72,17,8,22,14,19,22,22,100,44,78,11,72,22,100,33,33,53,44,47,50,50,50,33,33,22,33,89,58,83,11,17,19,8,8,19,8,11,8,8,Austrian Bundesliga
Austria Wien,84gk4ytf9vr8oml51cqyit78w,ahoze7dvvhpx45t6887vqpgk4,D. Nnodim,Daniel Nnodim,18,Defender,Germany,Defender,8.0,18.0,1.0,25.0,1.0,1.0,1.0,0.0,1.0,0.0,0.0,1.0,5.0,3.0,0.0,97.0,1.0,2.0,0.0,2.0,1.0,1.0,0.0,1.0,0.0,0.0,0.0,73.53,50.0,16.67,0.0,100.0,55.56,50.0,100.0,0.0806139563571742,0.0479550518426851,1.0,5.0,0.1219250399999999,3.0,1.0,2.0,0.11277772,11.0,7.422680412371134,16.701030927835053,0.9278350515463918,23.1958762886598,0.9278350515463918,0.9278350515463918,0.9278350515463918,0.0,0.9278350515463918,0.0,0.0,0.9278350515463918,4.639175257731959,2.783505154639176,0.0,0.9278350515463918,1.855670103092784,0.0,1.855670103092784,0.9278350515463918,0.9278350515463918,0.0,0.9278350515463918,0.0,0.0,0.0,73.53,50.0,16.67,0.0,100.0,55.56,50.0,100.0,0.0747964543520173,0.0444943779983676,0.9278350515463918,4.639175257731959,0.1131263257731957,2.783505154639176,0.9278350515463918,1.855670103092784,0.1046391216494845,10.20618556701031,RB/RCB,7,7,7,7,17,37,37,27,53,30,23,43,13,20,10,17,53,27,43,70,73,53,100,43,53,53,20,27,67,27,97,60,40,93,47,40,60,70,67,43,20,27,27,20,13,60,7,27,40,67,53,27,87,30,23,53,67,47,10,40,93,27,100,87,93,53,100,43,53,53,20,27,67,27,97,60,40,93,47,40,100,100,93,100,20,33,53,40,Austrian Bundesliga
Austria Wien,84gk4ytf9vr8oml51cqyit78w,av2iblvadx7u9cj27qgbm09ka,Lee Tae-Seok,Tae-Seok Lee,24,Defender,Korea Republic,Defender,51.0,40.0,9.0,88.0,2.0,1.0,4.0,2.0,2.0,0.0,3.0,3.0,13.0,9.0,0.0,270.0,2.0,5.0,0.0,5.0,3.0,1.0,0.0,0.0,1.0,0.0,0.0,72.73,36.0,50.0,0.0,25.0,50.0,40.0,83.33,0.3342131509051054,0.0670669641616464,2.0,6.0,0.14098757,2.0,14.0,14.0,0.3460315,39.0,17.0,13.333333333333334,3.0,29.33333333333333,0.6666666666666666,0.3333333333333333,1.3333333333333333,0.6666666666666666,0.6666666666666666,0.0,1.0,1.0,4.333333333333333,3.0,0.0,0.6666666666666666,1.6666666666666667,0.0,1.6666666666666667,1.0,0.3333333333333333,0.0,0.0,0.3333333333333333,0.0,0.0,72.73,36.0,50.0,0.0,25.0,50.0,40.0,83.33,0.1114043836350351,0.0223556547205488,0.6666666666666666,2.0,0.0469958566666666,0.6666666666666666,4.666666666666667,4.666666666666667,0.1153438333333333,13.0,LB/LCB,53,39,72,31,19,31,86,69,86,28,64,61,42,39,11,28,94,25,69,69,72,53,44,78,53,53,33,50,92,25,64,36,28,72,78,28,89,78,61,58,81,69,44,22,50,44,81,44,11,39,83,61,89,28,67,61,33,33,11,22,89,25,72,67,78,53,44,67,53,53,33,50,92,25,64,36,28,72,72,33,94,67,61,56,81,67,44,50,Austrian Bundesliga
Austria Wien,84gk4ytf9vr8oml51cqyit78w,bqg2p4lfk0ldhn0oojwva47h1,R. Ranftl,Reinhold Ranftl,34,Midfielder,Austria,Midfielder,44.0,36.0,11.0,79.0,2.0,1.0,3.0,0.0,3.0,0.0,4.0,4.0,10.0,10.0,3.0,270.0,2.0,2.0,0.0,5.0,1.0,0.0,0.0,0.0,0.0,0.0,0.0,70.54,39.29,11.11,0.0,0.0,38.46,40.0,83.33,0.2148744809007023,0.0979246932940672,3.0,7.0,0.14966551,4.0,8.0,12.0,0.25396135,33.0,14.666666666666666,12.0,3.6666666666666665,26.33333333333333,0.6666666666666666,0.3333333333333333,1.0,0.0,1.0,0.0,1.3333333333333333,1.3333333333333333,3.333333333333333,3.333333333333333,1.0,0.6666666666666666,0.6666666666666666,0.0,1.6666666666666667,0.3333333333333333,0.0,0.0,0.0,0.0,0.0,0.0,70.54,39.29,11.11,0.0,0.0,38.46,40.0,83.33,0.0716248269669007,0.0326415644313557,1.0,2.333333333333333,0.0498885033333333,1.3333333333333333,2.6666666666666665,4.0,0.0846537833333333,11.0,RM/RCM,78,33,78,56,50,28,61,17,100,28,61,61,56,89,78,39,61,22,78,44,28,56,50,50,56,56,22,22,44,22,28,33,56,89,44,33,94,50,44,72,50,44,33,44,78,33,78,44,44,22,28,17,100,28,44,44,44,89,72,33,56,22,89,44,28,56,50,50,56,56,22,22,44,22,28,33,56,89,44,33,89,56,56,56,56,22,22,33,Austrian Bundesliga
Austria Wien,84gk4ytf9vr8oml51cqyit78w,bt14dhf0l9mchdmbh7ygtzeqy,J. Hettwer,Julian Hettwer,23,Attacker,Germany,Striker,7.0,14.0,2.0,21.0,1.0,2.0,7.0,4.0,3.0,1.0,3.0,3.0,5.0,0.0,0.0,181.0,8.0,2.0,1.0,1.0,0.0,2.0,0.0,1.0,0.0,0.0,0.0,55.26,50.0,0.0,33.33,28.57,35.71,25.0,100.0,0.7659390297734562,0.0813742976995765,6.0,3.0,0.09588974,0.0,2.0,5.0,0.1282751,10.0,3.4806629834254146,6.961325966850829,0.994475138121547,10.441988950276244,0.4972375690607735,0.994475138121547,3.4806629834254146,1.988950276243094,1.4917127071823204,0.4972375690607735,1.4917127071823204,1.4917127071823204,2.4861878453038675,0.0,0.0,3.977900552486188,0.994475138121547,0.4972375690607735,0.4972375690607735,0.0,0.994475138121547,0.0,0.4972375690607735,0.0,0.0,0.0,55.26,50.0,0.0,33.33,28.57,35.71,25.0,100.0,0.3808536612133207,0.0404623579721651,2.983425414364641,1.4917127071823204,0.0476799812154696,0.0,0.994475138121547,2.4861878453038675,0.0637831988950276,4.972375690607735,ST,52,40,74,48,28,38,72,50,91,62,55,52,31,19,33,36,67,50,62,36,43,52,55,43,52,52,17,64,36,47,21,34,36,81,69,17,100,71,69,26,53,83,69,55,45,38,76,38,24,45,79,48,90,55,59,55,24,19,33,45,69,52,59,36,48,52,59,43,52,52,17,64,36,47,21,34,36,81,69,17,100,72,76,26,52,76,52,59,Austrian Bundesliga
Austria Wien,84gk4ytf9vr8oml51cqyit78w,etu1zuv8gi4y40rkt50ot0zu2,K. Boateng,Kelvin Boateng,26,Attacker,Ghana,Striker,6.0,10.0,0.0,16.0,5.0,2.0,2.0,1.0,1.0,1.0,2.0,2.0,9.0,3.0,0.0,139.0,5.0,3.0,0.0,1.0,0.0,1.0,0.0,0.0,0.0,0.0,0.0,53.33,0.0,0.0,0.0,50.0,45.0,45.45,100.0,0.1555140995445962,0.1630752925194551,0.0,1.0,0.02756312,2.0,1.0,2.0,0.1119371199999999,7.0,3.884892086330935,6.474820143884892,0.0,10.359712230215829,3.237410071942446,1.2949640287769784,1.2949640287769784,0.6474820143884892,0.6474820143884892,0.6474820143884892,1.2949640287769784,1.2949640287769784,5.827338129496403,1.9424460431654675,0.0,3.237410071942446,1.9424460431654675,0.0,0.6474820143884892,0.0,0.6474820143884892,0.0,0.0,0.0,0.0,0.0,53.33,0.0,0.0,0.0,50.0,45.0,45.45,100.0,0.1006925824389471,0.1055883188974889,0.0,0.6474820143884892,0.0178466244604316,1.2949640287769784,0.6474820143884892,1.2949640287769784,0.0724772719424459,4.532374100719425,ST,38,21,28,21,71,38,12,9,48,62,31,26,67,78,33,22,83,17,62,36,21,52,22,43,52,52,14,28,36,17,62,66,50,81,7,48,17,33,28,78,31,41,62,29,59,31,28,34,86,66,10,10,59,72,48,41,86,90,33,24,97,17,79,36,28,52,22,43,52,52,14,28,36,17,62,66,50,81,7,62,17,28,28,83,38,45,55,48,Austrian Bundesliga
Austria Wien,84gk4ytf9vr8oml51cqyit78w,qsrfvvtj7x8lm6vualbotexh,J. Handl,Johannes Handl,28,Defender,Austria,Defender,76.0,39.0,12.0,114.0,4.0,0.0,0.0,0.0,0.0,0.0,0.0,0.0,8.0,23.0,8.0,212.0,2.0,1.0,0.0,2.0,1.0,0.0,0.0,0.0,0.0,0.0,0.0,88.37,52.17,100.0,0.0,0.0,53.33,80.0,66.67,0.0,0.0,0.0,0.0,0.0,0.0,0.0,0.0,0.0,0.0,32.264150943396224,16.556603773584904,5.09433962264151,48.39622641509434,1.6981132075471697,0.0,0.0,0.0,0.0,0.0,0.0,0.0,3.39622641509434,9.764150943396226,3.39622641509434,0.8490566037735848,0.4245283018867924,0.0,0.8490566037735848,0.4245283018867924,0.0,0.0,0.0,0.0,0.0,0.0,88.37,52.17,100.0,0.0,0.0,53.33,80.0,66.67,0.0,0.0,0.0,0.0,0.0,0.0,0.0,0.0,0.0,0.0,RB/RCB,60,40,87,47,53,17,13,27,17,30,23,20,30,87,100,30,30,27,43,70,30,53,50,43,53,53,67,33,100,27,30,53,83,50,13,17,20,17,17,17,10,10,10,10,73,53,93,73,67,17,13,27,17,30,23,20,40,100,100,33,33,27,53,73,30,53,50,43,53,53,67,33,100,27,30,53,83,50,13,17,20,17,17,17,10,10,10,10,Austrian Bundesliga
Grazer AK,39vgp5h6xs9igypqgqq2dobf9,12ct3w7p1k04qqcbz7253c38q,Anderson,Anderson dos Santos Gomes,28,Midfielder,Brazil,Midfielder,23.0,14.0,4.0,35.0,3.0,1.0,2.0,2.0,0.0,0.0,1.0,1.0,5.0,2.0,1.0,146.0,3.0,0.0,0.0,0.0,2.0,2.0,0.0,0.0,0.0,0.0,0.0,81.4,66.67,66.67,0.0,100.0,33.33,42.86,0.0,0.262045294406643,0.111412811749223,0.0,2.0,0.04501372,0.0,3.0,7.0,0.3845120399999999,15.0,14.178082191780822,8.63013698630137,2.4657534246575343,21.575342465753423,1.8493150684931507,0.6164383561643836,1.2328767123287672,1.2328767123287672,0.0,0.0,0.6164383561643836,0.6164383561643836,3.0821917808219177,1.2328767123287672,0.6164383561643836,1.8493150684931507,0.0,0.0,0.0,1.2328767123287672,1.2328767123287672,0.0,0.0,0.0,0.0,0.0,81.4,66.67,66.67,0.0,100.0,33.33,42.86,0.0,0.1615347705246429,0.0686791305303429,0.0,1.2328767123287672,0.0277481835616438,0.0,1.8493150684931507,4.315068493150685,0.2370279698630136,9.246575342465754,RM/RCM,33,22,28,22,83,28,33,72,17,28,22,22,22,50,44,56,22,22,17,56,100,56,50,50,56,56,56,78,89,22,100,22,67,17,78,44,22,22,22,17,22,22,56,22,67,22,56,22,89,44,78,100,17,28,22,22,33,67,56,78,22,22,17,67,100,56,50,50,56,56,56,78,89,22,100,22,67,17,100,44,22,22,22,17,22,44,78,22,Austrian Bundesliga
Grazer AK,39vgp5h6xs9igypqgqq2dobf9,1tt9jeekqwpyi6lnj4vyouuj8,L. Vraa,Ludwig Vraa,21,Defender,Denmark,Defender,50.0,23.0,6.0,73.0,6.0,1.0,0.0,0.0,0.0,0.0,1.0,2.0,7.0,12.0,3.0,180.0,0.0,0.0,1.0,0.0,0.0,0.0,0.0,0.0,0.0,0.0,0.0,86.9,46.15,0.0,100.0,0.0,38.89,50.0,0.0,0.0,0.0318083249006316,0.0,0.0,0.0,0.0,2.0,3.0,0.11475366,49.0,25.0,11.5,3.0,36.5,3.0,0.5,0.0,0.0,0.0,0.0,0.5,1.0,3.5,6.0,1.5,0.0,0.0,0.5,0.0,0.0,0.0,0.0,0.0,0.0,0.0,0.0,86.9,46.15,0.0,100.0,0.0,38.89,50.0,0.0,0.0,0.0159041624503158,0.0,0.0,0.0,0.0,1.0,1.5,0.05737683,24.5,CB,24,29,36,24,69,67,12,19,38,40,71,86,31,52,52,10,21,81,10,48,38,45,48,48,52,52,48,29,48,88,38,5,38,10,12,62,38,29,29,31,26,31,29,43,24,38,50,24,83,79,12,19,38,40,71,90,31,67,57,10,21,86,10,48,38,45,48,48,52,52,48,29,48,88,38,5,38,10,12,71,38,29,29,31,31,38,43,43,Austrian Bundesliga
Grazer AK,39vgp5h6xs9igypqgqq2dobf9,1txuey6whn44u8ssg0v2mdtjp,D. Maderner,Daniel Maderner,30,Attacker,Austria,Striker,2.0,6.0,0.0,8.0,3.0,1.0,4.0,2.0,2.0,1.0,2.0,2.0,8.0,4.0,1.0,144.0,6.0,2.0,1.0,2.0,0.0,1.0,0.0,0.0,0.0,0.0,0.0,50.0,0.0,0.0,50.0,25.0,33.33,75.0,100.0,0.3127922620285178,0.0855895178341121,1.0,0.0,0.0,0.0,0.0,1.0,0.01424881,2.0,1.25,3.75,0.0,5.0,1.875,0.625,2.5,1.25,1.25,0.625,1.25,1.25,5.0,2.5,0.625,3.75,1.25,0.625,1.25,0.0,0.625,0.0,0.0,0.0,0.0,0.0,50.0,0.0,0.0,50.0,25.0,33.33,75.0,100.0,0.1954951637678236,0.05349344864632,0.625,0.0,0.0,0.0,0.0,0.625,0.00890550625,1.25,ST,14,7,28,3,50,14,34,22,78,62,31,26,59,86,78,29,67,50,93,36,21,52,22,43,52,52,10,28,36,67,17,29,97,81,21,24,43,12,12,26,10,17,10,3,10,7,28,3,66,10,45,24,83,69,41,34,74,100,79,38,83,59,97,36,21,52,22,43,52,52,10,28,36,67,17,29,97,81,21,34,52,12,12,26,10,24,10,3,Austrian Bundesliga
Grazer AK,39vgp5h6xs9igypqgqq2dobf9,2bi4tetdl242ijihyrr7ivd62,C. Lichtenberger,Christian Lichtenberger,30,Midfielder,Austria,Midfielder,33.0,32.0,1.0,64.0,3.0,3.0,4.0,3.0,1.0,2.0,9.0,9.0,17.0,2.0,1.0,223.0,8.0,7.0,2.0,3.0,1.0,1.0,0.0,0.0,1.0,0.0,0.0,90.14,100.0,33.33,22.22,25.0,50.0,33.33,60.0,0.3676125082359774,0.2432701495069105,1.0,3.0,0.06767368,1.0,2.0,1.0,0.47122532,13.0,13.318385650224217,12.914798206278029,0.4035874439461883,25.829596412556054,1.210762331838565,1.210762331838565,1.6143497757847534,1.210762331838565,0.4035874439461883,0.8071748878923767,3.632286995515695,3.632286995515695,6.860986547085202,0.8071748878923767,0.4035874439461883,3.2286995515695067,2.825112107623318,0.8071748878923767,1.210762331838565,0.4035874439461883,0.4035874439461883,0.0,0.0,0.4035874439461883,0.0,0.0,90.14,100.0,33.33,22.22,25.0,50.0,33.33,60.0,0.1483637925616052,0.098180777827901,0.4035874439461883,1.210762331838565,0.0273122475336322,0.4035874439461883,0.8071748878923767,0.4035874439461883,0.1901806224215246,5.246636771300448,CM/AM,59,43,15,48,83,48,57,81,30,74,89,89,93,61,46,81,93,63,81,50,56,52,48,85,52,52,81,94,69,33,54,59,54,56,67,52,35,30,26,28,9,7,74,15,63,22,15,37,78,37,48,81,22,74,85,85,81,63,41,78,96,56,74,41,52,52,48,81,52,52,81,94,69,33,54,59,54,56,67,41,26,19,15,19,7,7,74,15,Austrian Bundesliga
Grazer AK,39vgp5h6xs9igypqgqq2dobf9,2wcwp6hm07q5k8bkbglsicn6y,M. Gragger,Matthias Gragger,24,Defender,Austria,Defender,31.0,22.0,3.0,52.0,7.0,0.0,4.0,3.0,1.0,0.0,7.0,7.0,16.0,2.0,3.0,233.0,4.0,2.0,4.0,2.0,1.0,1.0,0.0,0.0,0.0,0.0,0.0,72.22,60.0,20.0,57.14,25.0,50.0,70.0,66.67,0.5525537003134168,0.0,1.0,0.0,0.0,0.0,3.0,1.0,0.09824614,14.0,11.974248927038628,8.49785407725322,1.1587982832618025,20.085836909871244,2.703862660944206,0.0,1.5450643776824031,1.1587982832618025,0.3862660944206008,0.0,2.703862660944206,2.703862660944206,6.180257510729613,0.7725321888412017,1.1587982832618025,1.5450643776824031,0.7725321888412017,1.5450643776824031,0.7725321888412017,0.3862660944206008,0.3862660944206008,0.0,0.0,0.0,0.0,0.0,72.22,60.0,20.0,57.14,25.0,50.0,70.0,66.67,0.2134327597777146,0.0,0.3862660944206008,0.0,0.0,0.0,1.1587982832618025,0.3862660944206008,0.0379491527896995,5.407725321888412,RB/RCB,27,13,13,13,83,17,77,83,53,30,83,83,80,7,63,60,53,90,43,70,73,53,50,43,53,53,13,73,73,73,70,43,67,50,87,17,60,17,17,17,27,20,20,27,27,7,20,13,87,17,87,87,67,30,93,93,87,7,73,73,67,93,47,67,80,53,50,43,53,53,13,73,73,73,70,43,67,50,87,17,73,17,17,17,27,20,20,20,Austrian Bundesliga
Grazer AK,39vgp5h6xs9igypqgqq2dobf9,2y7n86mdkvx5cjaz2e838ncdm,D. Pines,Donovan Pines,28,Defender,USA,Defender,138.0,31.0,8.0,169.0,12.0,2.0,1.0,1.0,0.0,0.0,1.0,1.0,19.0,26.0,8.0,360.0,5.0,3.0,1.0,2.0,0.0,1.0,0.0,1.0,0.0,0.0,0.0,88.95,72.73,0.0,100.0,100.0,59.38,63.16,66.67,0.135073373033092,0.248785654620338,0.0,0.0,0.0,0.0,4.0,5.0,0.3607656099999998,111.0,34.5,7.75,2.0,42.25,3.0,0.5,0.25,0.25,0.0,0.0,0.25,0.25,4.75,6.5,2.0,1.25,0.75,0.25,0.5,0.0,0.25,0.0,0.25,0.0,0.0,0.0,88.95,72.73,0.0,100.0,100.0,59.38,63.16,66.67,0.033768343258273,0.0621964136550845,0.0,0.0,0.0,0.0,1.0,1.25,0.0901914024999999,27.75,CB,100,43,57,76,90,90,43,55,38,40,71,67,90,98,98,90,95,81,38,48,83,45,98,48,52,52,57,86,48,88,98,48,76,62,57,95,38,29,29,31,40,40,95,86,76,19,29,48,83,79,24,38,38,40,62,57,62,74,83,71,74,71,29,48,76,45,95,48,52,52,57,86,48,88,98,48,76,62,33,86,38,29,29,31,31,33,67,57,Austrian Bundesliga
Grazer AK,39vgp5h6xs9igypqgqq2dobf9,33foe5q4tn6trs7tt7pa9ij56,T. Koch,Tobias Koch,25,Midfielder,Austria,Midfielder,38.0,32.0,3.0,69.0,1.0,3.0,1.0,0.0,1.0,1.0,1.0,1.0,5.0,8.0,1.0,178.0,1.0,2.0,0.0,0.0,1.0,0.0,0.0,0.0,0.0,0.0,0.0,85.19,50.0,33.33,0.0,0.0,41.67,50.0,0.0,0.0670656093347562,0.194248036590662,1.0,4.0,0.0809590799999999,2.0,9.0,10.0,0.23189004,39.0,19.21348314606741,16.179775280898877,1.5168539325842696,34.8876404494382,0.5056179775280899,1.5168539325842696,0.5056179775280899,0.0,0.5056179775280899,0.5056179775280899,0.5056179775280899,0.5056179775280899,2.528089887640449,4.044943820224719,0.5056179775280899,0.5056179775280899,1.0112359550561798,0.0,0.0,0.5056179775280899,0.0,0.0,0.0,0.0,0.0,0.0,85.19,50.0,33.33,0.0,0.0,41.67,50.0,0.0,0.0339095777535284,0.0982152993997729,0.5056179775280899,2.02247191011236,0.0409343662921347,1.0112359550561798,4.550561797752809,5.056179775280898,0.1172477730337078,19.719101123595504,CM/AM,74,43,44,56,48,48,19,22,30,56,15,13,24,100,46,17,44,17,13,50,19,52,48,41,52,52,67,33,69,17,19,44,72,13,15,41,35,44,37,50,59,65,41,59,81,37,44,70,52,56,22,22,37,59,19,15,26,100,48,22,59,17,13,52,19,52,48,41,52,52,67,33,69,17,19,44,72,13,15,44,44,52,33,52,70,70,37,74,Austrian Bundesliga
Grazer AK,39vgp5h6xs9igypqgqq2dobf9,4fubr17m88vjkkqx9i7vdrtas,I. Guerti,Ismaël Guerti,22,Midfielder,Morocco,Midfielder,15.0,15.0,0.0,29.0,2.0,3.0,3.0,1.0,2.0,0.0,6.0,6.0,14.0,0.0,5.0,135.0,2.0,4.0,5.0,1.0,1.0,0.0,0.0,0.0,0.0,0.0,0.0,74.36,0.0,50.0,83.33,0.0,56.0,66.67,33.33,0.2223103169346671,0.2767988732025502,1.0,5.0,0.09625811,4.0,3.0,4.0,0.33989009,16.0,10.0,10.0,0.0,19.33333333333333,1.3333333333333333,2.0,2.0,0.6666666666666666,1.3333333333333333,0.0,4.0,4.0,9.333333333333334,0.0,3.333333333333333,1.3333333333333333,2.6666666666666665,3.333333333333333,0.6666666666666666,0.6666666666666666,0.0,0.0,0.0,0.0,0.0,0.0,74.36,0.0,50.0,83.33,0.0,56.0,66.67,33.33,0.1482068779564447,0.1845325821350334,0.6666666666666666,3.333333333333333,0.0641720733333333,2.6666666666666665,2.0,2.6666666666666665,0.2265933933333333,10.666666666666666,CM/AM,31,4,6,13,70,48,43,52,50,24,83,78,76,13,96,31,85,89,30,50,19,52,48,41,52,52,22,6,91,93,19,85,89,28,37,59,35,56,44,69,19,22,52,19,44,11,6,19,81,69,67,59,67,24,91,91,96,13,100,43,93,93,35,65,19,52,48,41,52,52,22,6,91,93,19,85,89,28,63,70,56,74,63,93,22,28,85,33,Austrian Bundesliga
Grazer AK,39vgp5h6xs9igypqgqq2dobf9,7n8ifzk5kyqs2f717xmeiqhp0,L. Hermesh,Liam Hermesh,22,Midfielder,Israel,Midfielder,49.0,37.0,3.0,86.0,1.0,0.0,1.0,0.0,1.0,0.0,0.0,0.0,6.0,3.0,0.0,246.0,0.0,1.0,0.0,1.0,0.0,0.0,0.0,0.0,0.0,0.0,0.0,83.5,50.0,0.0,0.0,0.0,46.15,0.0,25.0,0.0,0.0,0.0,0.0,0.0,0.0,0.0,0.0,0.0,0.0,17.926829268292682,13.53658536585366,1.0975609756097562,31.46341463414634,0.3658536585365853,0.0,0.3658536585365853,0.0,0.3658536585365853,0.0,0.0,0.0,2.1951219512195124,1.0975609756097562,0.0,0.0,0.3658536585365853,0.0,0.3658536585365853,0.0,0.0,0.0,0.0,0.0,0.0,0.0,83.5,50.0,0.0,0.0,0.0,46.15,0.0,25.0,0.0,0.0,0.0,0.0,0.0,0.0,0.0,0.0,0.0,0.0,DM/CM,44,28,19,39,19,17,19,22,36,19,8,8,14,36,8,11,22,22,17,33,33,53,44,47,50,50,61,33,33,22,33,33,11,6,11,17,19,8,8,19,8,11,8,8,67,39,11,39,22,17,22,22,44,19,8,8,11,39,8,11,22,22,11,33,33,53,44,47,50,50,61,33,33,22,33,33,11,6,11,17,19,8,8,19,8,11,8,8,Austrian Bundesliga
Grazer AK,39vgp5h6xs9igypqgqq2dobf9,8ydi45wh0naevno6aos78vi09,L. Klassen,Leon Klassen,26,Defender,Russia,Defender,76.0,50.0,12.0,121.0,5.0,8.0,4.0,1.0,3.0,0.0,3.0,3.0,13.0,15.0,3.0,360.0,3.0,2.0,2.0,1.0,5.0,1.0,0.0,0.0,0.0,0.0,0.0,79.61,54.55,45.45,66.67,25.0,44.83,62.5,25.0,0.2794293867986964,0.7069259793998082,2.0,6.0,0.15686917,4.0,5.0,6.0,0.5058317300000001,40.0,19.0,12.5,3.0,30.25,1.25,2.0,1.0,0.25,0.75,0.0,0.75,0.75,3.25,3.75,0.75,0.75,0.5,0.5,0.25,1.25,0.25,0.0,0.0,0.0,0.0,0.0,79.61,54.55,45.45,66.67,25.0,44.83,62.5,25.0,0.0698573466996741,0.176731494849952,0.5,1.5,0.0392172925,1.0,1.25,1.5,0.1264579325,10.0,LB/LCB,89,50,89,83,56,97,86,42,97,28,64,61,42,69,64,33,56,67,17,94,72,53,44,31,53,53,56,78,83,78,64,17,72,17,67,100,89,78,72,78,42,31,61,31,56,33,81,50,44,78,72,33,94,28,50,44,17,56,44,28,33,61,17,89,64,53,44,31,53,53,56,78,83,78,64,17,72,17,50,83,83,50,50,67,28,28,50,17,Austrian Bundesliga
Grazer AK,39vgp5h6xs9igypqgqq2dobf9,asy97k3lexwyp0i2ehys39ej9,P. Michorl,Peter Michorl,31,Midfielder,Austria,Midfielder,99.0,51.0,10.0,145.0,1.0,5.0,4.0,1.0,3.0,1.0,1.0,1.0,7.0,3.0,0.0,353.0,3.0,5.0,0.0,1.0,5.0,0.0,0.0,0.0,1.0,0.0,0.0,81.92,43.48,41.67,0.0,0.0,36.84,16.67,100.0,0.3272261035289601,0.6172586480698963,1.0,3.0,0.0678373999999999,2.0,8.0,11.0,0.22981616,49.0,25.240793201133144,13.002832861189802,2.54957507082153,36.96883852691218,0.254957507082153,1.274787535410765,1.019830028328612,0.254957507082153,0.764872521246459,0.254957507082153,0.254957507082153,0.254957507082153,1.7847025495750708,0.764872521246459,0.0,0.764872521246459,1.274787535410765,0.0,0.254957507082153,1.274787535410765,0.0,0.0,0.0,0.254957507082153,0.0,0.0,81.92,43.48,41.67,0.0,0.0,36.84,16.67,100.0,0.0834287516079501,0.1573747261368007,0.254957507082153,0.764872521246459,0.0172956543909348,0.509915014164306,2.039660056657224,2.8045325779036827,0.0585933552407932,12.492917847025495,DM/CM,94,50,75,78,19,92,81,56,81,53,19,19,25,36,8,53,72,22,17,100,33,53,44,97,50,50,44,17,89,22,33,17,22,100,50,100,50,39,44,50,39,47,39,44,89,33,72,61,17,83,67,56,67,50,17,17,6,17,8,50,67,22,6,100,33,53,44,94,50,50,44,17,89,22,33,17,22,100,50,94,44,33,33,50,33,39,22,39,Austrian Bundesliga
Grazer AK,39vgp5h6xs9igypqgqq2dobf9,bdraninn142eeupmojvb9smj8,A. Hofleitner,Alexander Hofleitner,26,Attacker,Austria,Striker,6.0,17.0,1.0,22.0,12.0,3.0,6.0,6.0,0.0,1.0,1.0,1.0,16.0,7.0,1.0,287.0,11.0,3.0,0.0,1.0,1.0,3.0,0.0,1.0,0.0,0.0,0.0,48.89,50.0,100.0,0.0,50.0,48.48,63.16,100.0,0.784991773909302,0.3966017273095514,0.0,1.0,0.10805102,1.0,0.0,2.0,0.40721621,11.0,1.881533101045296,5.331010452961672,0.313588850174216,6.898954703832752,3.763066202090592,0.940766550522648,1.881533101045296,1.881533101045296,0.0,0.313588850174216,0.313588850174216,0.313588850174216,5.017421602787456,2.195121951219512,0.313588850174216,3.449477351916376,0.940766550522648,0.0,0.313588850174216,0.313588850174216,0.940766550522648,0.0,0.313588850174216,0.0,0.0,0.0,48.89,50.0,100.0,0.0,50.0,48.48,63.16,100.0,0.2461646677764361,0.1243698796441101,0.0,0.313588850174216,0.0338835951219512,0.313588850174216,0.0,0.627177700348432,0.127698463066202,3.449477351916376,ST,38,53,60,59,93,71,55,78,16,62,14,10,93,97,78,55,83,17,62,84,66,52,55,43,52,52,7,64,98,17,62,79,76,81,76,86,17,33,76,59,10,41,93,59,21,24,59,10,90,34,31,38,16,48,7,7,79,93,66,28,66,17,38,76,45,52,48,43,52,52,7,64,98,17,62,79,76,81,45,72,17,24,66,55,10,28,86,31,Austrian Bundesliga
Grazer AK,39vgp5h6xs9igypqgqq2dobf9,d88acv182zde37ck1nxggrllg,A. Smits,Anthony Smits,21,Attacker,Netherlands,Striker,7.0,5.0,0.0,11.0,1.0,1.0,2.0,2.0,0.0,0.0,4.0,4.0,6.0,0.0,1.0,94.0,3.0,0.0,2.0,1.0,1.0,0.0,0.0,0.0,0.0,0.0,0.0,68.75,0.0,33.33,50.0,0.0,46.15,50.0,33.33,0.3536372472220137,0.0959749311663648,0.0,0.0,0.0,0.0,0.0,1.0,0.0868802299999998,7.0,6.702127659574468,4.787234042553191,0.0,10.53191489361702,0.9574468085106382,0.9574468085106382,1.9148936170212765,1.9148936170212765,0.0,0.0,3.829787234042553,3.829787234042553,5.74468085106383,0.0,0.9574468085106382,2.872340425531915,0.0,1.9148936170212765,0.9574468085106382,0.9574468085106382,0.0,0.0,0.0,0.0,0.0,0.0,68.75,0.0,33.33,50.0,0.0,46.15,50.0,33.33,0.3385888537232046,0.0918908915422641,0.0,0.0,0.0,0.0,0.0,0.9574468085106382,0.08318319893617,6.702127659574468,ST,52,3,28,7,28,14,12,22,16,24,78,76,40,19,78,9,12,76,62,84,7,52,22,43,52,52,59,28,90,67,7,71,60,41,28,31,17,12,12,26,10,17,38,29,86,17,28,45,31,38,34,41,16,24,93,93,83,19,93,21,12,93,93,97,7,52,22,43,52,52,59,28,90,67,7,71,60,41,62,55,17,12,12,26,10,41,59,69,Austrian Bundesliga
Grazer AK,39vgp5h6xs9igypqgqq2dobf9,dfcmlql3kr8w0alm2jelembkk,B. Owusu,Beres Owusu,22,Defender,France,Defender,127.0,50.0,22.0,177.0,4.0,0.0,0.0,0.0,0.0,0.0,0.0,0.0,13.0,18.0,6.0,360.0,0.0,2.0,0.0,5.0,0.0,0.0,1.0,0.0,0.0,0.0,0.0,80.45,55.0,0.0,0.0,0.0,54.17,44.44,71.43,0.0,0.0,0.0,0.0,0.0,0.0,0.0,0.0,0.0,0.0,31.75,12.5,5.5,44.25,1.0,0.0,0.0,0.0,0.0,0.0,0.0,0.0,3.25,4.5,1.5,0.0,0.5,0.0,1.25,0.0,0.0,0.25,0.0,0.0,0.0,0.0,80.45,55.0,0.0,0.0,0.0,54.17,44.44,71.43,0.0,0.0,0.0,0.0,0.0,0.0,0.0,0.0,0.0,0.0,CB,86,71,100,86,40,26,12,19,38,40,31,29,57,67,88,10,74,36,93,48,38,93,48,48,52,52,14,52,48,36,38,24,19,71,12,31,38,29,29,31,12,10,7,7,52,43,95,52,26,26,12,19,38,40,31,29,24,45,57,10,52,36,67,48,38,90,48,48,52,52,14,52,48,36,38,24,19,71,12,31,38,29,29,31,12,10,7,7,Austrian Bundesliga
Grazer AK,39vgp5h6xs9igypqgqq2dobf9,dyp3e34ujihgh0ash8zrdi4x6,Y. Oberleitner,Yannick Oberleitner,24,Defender,Germany,Defender,82.0,22.0,7.0,104.0,3.0,0.0,2.0,1.0,1.0,0.0,1.0,1.0,9.0,8.0,1.0,177.0,1.0,1.0,1.0,4.0,0.0,1.0,0.0,0.0,0.0,0.0,0.0,83.87,38.89,0.0,100.0,50.0,60.0,50.0,100.0,0.2197653379917756,0.0,1.0,0.0,0.0,0.0,2.0,2.0,0.06774227,24.0,41.69491525423729,11.186440677966102,3.5593220338983054,52.88135593220339,1.5254237288135597,0.0,1.0169491525423728,0.5084745762711864,0.5084745762711864,0.0,0.5084745762711864,0.5084745762711864,4.576271186440678,4.067796610169491,0.5084745762711864,0.5084745762711864,0.5084745762711864,0.5084745762711864,2.0338983050847457,0.0,0.5084745762711864,0.0,0.0,0.0,0.0,0.0,83.87,38.89,0.0,100.0,50.0,60.0,50.0,100.0,0.1117450871144621,0.0,0.5084745762711864,0.0,0.0,0.0,1.0169491525423728,1.0169491525423728,0.0344452220338983,12.203389830508476,CB,50,24,45,43,33,26,74,55,88,40,71,67,45,33,10,31,50,81,83,48,83,45,48,48,52,52,24,19,48,88,88,52,38,95,71,31,88,29,29,31,26,24,24,19,86,33,67,71,43,26,86,62,90,40,81,76,57,33,14,29,57,95,95,48,86,45,48,48,52,52,24,19,48,88,88,52,38,95,81,31,90,29,29,31,38,29,24,19,Austrian Bundesliga
LASK,boxkkgnpn38ywao4kzu7dx58h,1rn4qptr6959e85myhn419ono,Alemão,João Victor Tornich,23,Defender,Brazil,Defender,102.0,70.0,10.0,172.0,13.0,1.0,3.0,3.0,0.0,1.0,3.0,3.0,20.0,21.0,6.0,269.0,7.0,2.0,0.0,4.0,0.0,0.0,0.0,0.0,0.0,0.0,0.0,90.05,58.82,0.0,0.0,0.0,58.82,68.42,80.0,0.2576825852414751,0.0377061637446759,0.0,8.0,0.15698994,1.0,17.0,14.0,0.2648263,110.0,34.12639405204461,23.42007434944238,3.345724907063197,57.54646840148699,4.349442379182156,0.3345724907063197,1.003717472118959,1.003717472118959,0.0,0.3345724907063197,1.003717472118959,1.003717472118959,6.691449814126394,7.026022304832714,2.007434944237918,2.3420074349442377,0.6691449814126395,0.0,1.338289962825279,0.0,0.0,0.0,0.0,0.0,0.0,0.0,90.05,58.82,0.0,0.0,0.0,58.82,68.42,80.0,0.0862135043558838,0.0126154451190365,0.0,2.676579925650558,0.0525245152416356,0.3345724907063197,5.687732342007435,4.684014869888475,0.088603594795539,36.80297397769517,CB,76,86,74,81,95,67,90,93,38,90,98,98,95,71,88,95,74,36,83,48,38,45,48,48,52,52,62,62,48,36,38,40,86,86,76,71,38,95,95,74,90,83,76,81,71,76,62,76,90,62,81,90,38,86,95,95,86,86,90,95,67,36,71,48,38,45,48,48,52,52,62,62,48,36,38,40,86,86,67,62,38,95,90,67,76,76,62,71,Austrian Bundesliga
LASK,boxkkgnpn38ywao4kzu7dx58h,3yksjl7hdgm7780gjzpb8fpey,C. Lang,Christoph Lang,24,Midfielder,Austria,Striker,5.0,47.0,2.0,52.0,0.0,3.0,6.0,4.0,2.0,1.0,3.0,3.0,7.0,0.0,0.0,178.0,12.0,2.0,2.0,1.0,0.0,4.0,0.0,2.0,0.0,0.0,0.0,88.14,66.67,0.0,66.67,66.67,41.18,0.0,33.33,0.4625519854890618,0.2764215750993231,3.0,6.0,0.1582929799999999,4.0,4.0,4.0,0.2391303999999999,17.0,2.528089887640449,23.764044943820224,1.0112359550561798,26.29213483146067,0.0,1.5168539325842696,3.033707865168539,2.02247191011236,1.0112359550561798,0.5056179775280899,1.5168539325842696,1.5168539325842696,3.539325842696629,0.0,0.0,6.067415730337078,1.0112359550561798,1.0112359550561798,0.5056179775280899,0.0,2.02247191011236,0.0,1.0112359550561798,0.0,0.0,0.0,88.14,66.67,0.0,66.67,66.67,41.18,0.0,33.33,0.2338745994045818,0.1397637177468487,1.5168539325842696,3.033707865168539,0.0800357764044943,2.02247191011236,2.02247191011236,2.02247191011236,0.1209086292134831,8.595505617977528,ST,28,100,74,90,12,71,55,50,78,62,55,52,50,19,33,71,67,76,62,36,81,52,81,43,52,52,93,84,36,81,83,48,12,41,31,72,86,91,86,100,78,66,76,90,28,100,79,90,12,83,62,52,79,59,62,59,52,19,33,76,72,79,62,36,86,52,83,43,52,52,93,84,36,81,83,48,12,41,31,79,86,90,86,100,76,69,83,86,Austrian Bundesliga
LASK,boxkkgnpn38ywao4kzu7dx58h,4dgua5urcqxx0lgqm5qfn2a22,K. Daněk,Krystof Danek,23,Midfielder,Czechia,Midfielder,19.0,50.0,6.0,64.0,2.0,4.0,2.0,1.0,1.0,1.0,3.0,3.0,5.0,1.0,2.0,170.0,5.0,2.0,1.0,0.0,5.0,0.0,0.0,0.0,0.0,0.0,0.0,88.89,100.0,71.43,33.33,0.0,45.45,0.0,0.0,0.2111404359439377,0.5813791829002795,1.0,8.0,0.25069699,7.0,4.0,9.0,0.3859359999999999,24.0,10.058823529411764,26.47058823529412,3.1764705882352944,33.88235294117647,1.0588235294117647,2.117647058823529,1.0588235294117647,0.5294117647058824,0.5294117647058824,0.5294117647058824,1.5882352941176472,1.5882352941176472,2.647058823529412,0.5294117647058824,1.0588235294117647,2.647058823529412,1.0588235294117647,0.5294117647058824,0.0,2.647058823529412,0.0,0.0,0.0,0.0,0.0,0.0,88.89,100.0,71.43,33.33,0.0,45.45,0.0,0.0,0.1117802307938493,0.3077889791825009,0.5294117647058824,4.235294117647059,0.1327219358823529,3.7058823529411766,2.117647058823529,4.764705882352941,0.2043190588235293,12.705882352941178,RM/RCM,22,44,56,33,50,72,33,44,50,67,39,39,22,28,67,83,61,44,17,83,28,56,50,50,56,56,89,100,100,44,28,56,22,17,33,78,50,78,89,100,33,33,67,33,33,89,67,78,67,100,56,56,67,89,56,56,11,33,100,89,78,56,17,100,28,56,50,50,56,56,89,100,100,44,28,56,22,17,56,100,56,89,100,100,33,56,67,56,Austrian Bundesliga
LASK,boxkkgnpn38ywao4kzu7dx58h,60ec97acf09gi9lhall1z0s9g,M. Usor,Moses Usor,24,Attacker,Nigeria,Striker,5.0,25.0,1.0,30.0,0.0,5.0,6.0,5.0,1.0,0.0,5.0,5.0,6.0,0.0,1.0,113.0,11.0,1.0,4.0,1.0,0.0,4.0,0.0,2.0,2.0,0.0,0.0,83.33,50.0,0.0,80.0,66.67,40.0,0.0,100.0,0.7839484648381746,0.5087177686013191,2.0,6.0,0.2182710299999999,2.0,3.0,4.0,0.30350543,14.0,3.982300884955752,19.91150442477876,0.7964601769911505,23.89380530973452,0.0,3.982300884955752,4.778761061946903,3.982300884955752,0.7964601769911505,0.0,3.982300884955752,3.982300884955752,4.778761061946903,0.0,0.7964601769911505,8.761061946902656,0.7964601769911505,3.185840707964602,0.7964601769911505,0.0,3.185840707964602,0.0,1.592920353982301,1.592920353982301,0.0,0.0,83.33,50.0,0.0,80.0,66.67,40.0,0.0,100.0,0.6243837330569533,0.4051734440187498,1.592920353982301,4.778761061946903,0.1738441831858406,1.592920353982301,2.3893805309734515,3.185840707964602,0.2417299884955752,11.150442477876108,ST,28,83,60,74,12,95,55,67,48,24,86,86,40,19,78,55,40,93,62,36,81,52,81,100,52,52,86,64,36,93,83,43,12,81,72,97,66,91,93,78,66,66,83,86,66,97,69,83,12,97,97,97,71,24,97,97,62,19,90,97,53,100,86,36,97,52,100,100,52,52,86,64,36,93,83,43,12,81,93,97,93,100,100,93,83,86,97,93,Austrian Bundesliga
LASK,boxkkgnpn38ywao4kzu7dx58h,61zjhp2dn7uy819kdei4qqqga,G. Bello,George Bello,24,Defender,USA,Defender,32.0,51.0,2.0,83.0,2.0,3.0,1.0,1.0,0.0,0.0,11.0,11.0,18.0,3.0,2.0,267.0,6.0,8.0,6.0,2.0,0.0,0.0,0.0,0.0,0.0,0.0,0.0,83.84,33.33,0.0,54.55,0.0,54.55,28.57,100.0,0.1510382067635471,0.2095802532437183,0.0,3.0,0.13462859,1.0,1.0,0.0,0.14136753,16.0,10.786516853932584,17.191011235955056,0.6741573033707865,27.97752808988764,0.6741573033707865,1.0112359550561798,0.3370786516853932,0.3370786516853932,0.0,0.0,3.7078651685393256,3.7078651685393256,6.067415730337078,1.0112359550561798,0.6741573033707865,2.02247191011236,2.696629213483146,2.02247191011236,0.6741573033707865,0.0,0.0,0.0,0.0,0.0,0.0,0.0,83.84,33.33,0.0,54.55,0.0,54.55,28.57,100.0,0.050911755088836,0.0706450291832758,0.0,1.0112359550561798,0.0453804235955056,0.3370786516853932,0.3370786516853932,0.0,0.0476519764044943,5.393258426966292,LB/LCB,22,58,14,22,19,56,28,42,31,28,94,94,69,17,42,72,100,94,31,17,31,53,44,31,53,53,67,39,17,56,31,44,22,94,44,50,31,36,56,39,11,8,22,17,17,67,6,39,17,56,33,44,31,28,94,94,67,17,39,72,100,94,28,17,31,53,44,31,53,53,67,39,17,56,31,44,22,94,44,44,31,44,56,39,11,8,22,11,Austrian Bundesliga
LASK,boxkkgnpn38ywao4kzu7dx58h,73wkaux439sdodxdjhn1152sq,M. Bogarde,Melayro Bogarde,24,Defender,Suriname,Defender,17.0,35.0,8.0,52.0,1.0,3.0,1.0,0.0,1.0,1.0,1.0,1.0,6.0,0.0,2.0,113.0,1.0,2.0,0.0,2.0,0.0,0.0,0.0,0.0,2.0,0.0,0.0,85.25,80.0,0.0,0.0,0.0,46.15,50.0,66.67,0.0466883714910898,0.2700546098845205,1.0,1.0,0.0241224,0.0,13.0,16.0,0.33836483,39.0,13.539823008849558,27.876106194690266,6.371681415929204,41.41592920353983,0.7964601769911505,2.3893805309734515,0.7964601769911505,0.0,0.7964601769911505,0.7964601769911505,0.7964601769911505,0.7964601769911505,4.778761061946903,0.0,1.592920353982301,0.7964601769911505,1.592920353982301,0.0,1.592920353982301,0.0,0.0,0.0,0.0,1.592920353982301,0.0,0.0,85.25,80.0,0.0,0.0,0.0,46.15,50.0,66.67,0.0371854286212219,0.2150877423859013,0.7964601769911505,0.7964601769911505,0.0192125309734513,0.0,10.353982300884956,12.743362831858407,0.2694941123893805,31.061946902654867,CB,5,52,57,5,10,100,43,19,88,90,71,67,21,5,26,31,74,36,38,48,38,45,48,100,52,52,43,90,48,36,38,12,38,62,29,100,88,57,57,31,81,95,90,31,5,90,100,38,14,100,71,19,100,100,86,81,67,5,67,52,95,36,76,48,38,45,48,100,52,52,43,90,48,36,38,12,38,62,38,100,100,67,71,31,100,100,100,67,Austrian Bundesliga
LASK,boxkkgnpn38ywao4kzu7dx58h,92xu5nknn8kjr94ttztazx4yy,R. Ljubičić,Robert Ljubicic,27,Midfielder,Austria,Midfielder,34.0,79.0,12.0,113.0,0.0,5.0,4.0,0.0,4.0,0.0,2.0,2.0,5.0,1.0,0.0,204.0,1.0,4.0,1.0,0.0,0.0,1.0,0.0,0.0,0.0,0.0,0.0,91.13,80.0,0.0,50.0,25.0,22.73,0.0,0.0,0.3338680452884977,0.2814833194762421,2.0,8.0,0.1722884,6.0,17.0,16.0,0.3796067699999998,66.0,15.0,34.85294117647059,5.294117647058823,49.85294117647059,0.0,2.2058823529411766,1.7647058823529411,0.0,1.7647058823529411,0.0,0.8823529411764706,0.8823529411764706,2.2058823529411766,0.4411764705882353,0.0,0.4411764705882353,1.7647058823529411,0.4411764705882353,0.0,0.0,0.4411764705882353,0.0,0.0,0.0,0.0,0.0,91.13,80.0,0.0,50.0,25.0,22.73,0.0,0.0,0.1472947258625725,0.1241838174159891,0.8823529411764706,3.5294117647058822,0.0760095882352941,2.647058823529412,7.5,7.0588235294117645,0.1674735749999999,29.11764705882353,CM/AM,65,81,98,89,17,72,57,22,85,24,35,30,24,37,17,17,85,44,13,19,56,52,48,41,52,52,93,81,19,54,54,15,22,13,59,63,67,72,67,85,89,83,59,89,70,89,100,85,17,74,59,22,85,24,35,30,22,37,17,19,85,48,13,19,59,52,48,41,52,52,93,81,19,54,54,15,22,13,59,59,67,81,67,89,89,89,63,89,Austrian Bundesliga
LASK,boxkkgnpn38ywao4kzu7dx58h,c9epkro6fot3km9zak1kswfhm,X. Mbuyamba,Xavier Mbuyamba,24,Defender,Netherlands,Defender,95.0,62.0,13.0,157.0,8.0,1.0,2.0,2.0,0.0,0.0,0.0,0.0,16.0,13.0,5.0,270.0,2.0,0.0,0.0,6.0,0.0,2.0,0.0,0.0,0.0,0.0,0.0,87.71,54.17,0.0,0.0,100.0,69.57,72.73,75.0,0.2730958295996013,0.0623774276277602,0.0,2.0,0.0440930999999999,1.0,7.0,9.0,0.13805909,65.0,31.666666666666668,20.666666666666668,4.333333333333333,52.333333333333336,2.6666666666666665,0.3333333333333333,0.6666666666666666,0.6666666666666666,0.0,0.0,0.0,0.0,5.333333333333333,4.333333333333333,1.6666666666666667,0.6666666666666666,0.0,0.0,2.0,0.0,0.6666666666666666,0.0,0.0,0.0,0.0,0.0,87.71,54.17,0.0,0.0,100.0,69.57,72.73,75.0,0.0910319431998671,0.02079247587592,0.0,0.6666666666666666,0.0146976999999999,0.3333333333333333,2.333333333333333,3.0,0.0460196966666666,21.666666666666668,CB,64,81,95,67,81,67,74,81,38,40,31,29,79,60,76,55,21,36,100,48,95,45,48,48,52,52,52,48,48,36,98,95,100,79,86,76,38,69,76,74,67,71,43,52,48,67,71,67,71,57,62,76,38,40,31,29,76,38,76,43,21,36,90,48,95,45,48,48,52,52,52,48,48,36,98,95,100,79,71,76,38,60,62,62,52,52,38,38,Austrian Bundesliga
LASK,boxkkgnpn38ywao4kzu7dx58h,cgay77hw96w3z8ooc3pfnlbvu,S. Adeniran,Samuel Adeniran,27,Attacker,USA,Striker,6.0,25.0,3.0,31.0,7.0,1.0,11.0,8.0,3.0,0.0,4.0,5.0,9.0,3.0,0.0,213.0,14.0,0.0,2.0,0.0,0.0,6.0,0.0,4.0,1.0,0.0,0.0,77.5,75.0,0.0,50.0,54.55,45.0,58.33,0.0,1.2439513393478263,0.0,4.0,4.0,0.1489893899999999,0.0,2.0,4.0,0.0530816599999999,11.0,2.535211267605634,10.56338028169014,1.267605633802817,13.098591549295774,2.9577464788732395,0.4225352112676056,4.647887323943662,3.380281690140845,1.267605633802817,0.0,1.6901408450704225,2.112676056338028,3.8028169014084505,1.267605633802817,0.0,5.915492957746479,0.0,0.8450704225352113,0.0,0.0,2.535211267605634,0.0,1.6901408450704225,0.4225352112676056,0.0,0.0,77.5,75.0,0.0,50.0,54.55,45.0,58.33,0.0,0.5256132419779548,0.0,1.6901408450704225,1.6901408450704225,0.0629532633802816,0.0,0.8450704225352113,1.6901408450704225,0.0224288704225351,4.647887323943662,LW,20,60,70,20,100,30,100,100,100,20,40,40,40,90,20,70,20,40,30,40,100,60,100,100,60,60,60,60,40,60,100,80,100,30,100,20,70,50,60,20,40,40,20,40,20,40,60,40,100,20,100,100,100,20,40,40,40,100,20,80,20,40,30,40,100,60,100,100,60,60,60,60,40,60,100,80,100,30,100,20,60,40,60,20,40,40,20,40,Austrian Bundesliga
LASK,boxkkgnpn38ywao4kzu7dx58h,dcejci3stfhs89yw087s3rkr9,S. Horvath,Sascha Horvath,30,Midfielder,Austria,Midfielder,28.0,85.0,3.0,106.0,1.0,8.0,6.0,2.0,4.0,2.0,10.0,10.0,11.0,2.0,1.0,225.0,4.0,3.0,4.0,2.0,7.0,1.0,0.0,0.0,0.0,0.0,0.0,81.54,30.0,63.64,40.0,16.67,45.83,50.0,66.67,0.5452048989429183,0.8005545612940036,3.0,15.0,0.36722954,10.0,10.0,10.0,0.22164808,50.0,11.2,34.0,1.2,42.4,0.4,3.2,2.4,0.8,1.6,0.8,4.0,4.0,4.4,0.8,0.4,1.6,1.2,1.6,0.8,2.8,0.4,0.0,0.0,0.0,0.0,0.0,81.54,30.0,63.64,40.0,16.67,45.83,50.0,66.67,0.2180819595771673,0.3202218245176014,1.2,6.0,0.146891816,4.0,4.0,4.0,0.088659232,20.0,CM/AM,56,89,44,85,48,93,78,70,85,74,93,93,69,61,46,61,70,81,54,94,56,52,48,41,52,52,59,15,100,37,41,48,72,67,78,89,81,98,96,100,63,65,33,74,52,85,41,78,37,96,70,67,78,70,91,91,63,59,37,48,63,78,41,96,48,52,48,41,52,52,59,15,100,37,41,48,72,67,74,93,74,100,100,100,59,50,30,78,Austrian Bundesliga
LASK,boxkkgnpn38ywao4kzu7dx58h,de0dokhb6u6hts2hu5aupgiga,K. Jørgensen,Kasper Jørgensen,26,Defender,Denmark,Defender,36.0,43.0,7.0,79.0,2.0,4.0,9.0,5.0,4.0,1.0,7.0,7.0,14.0,3.0,4.0,263.0,19.0,6.0,2.0,3.0,0.0,2.0,0.0,0.0,1.0,0.0,0.0,73.83,46.67,0.0,28.57,22.22,63.64,66.67,75.0,0.6388990093508027,0.3778532852735955,2.0,12.0,0.3435498299999999,5.0,7.0,10.0,0.5324718199999998,31.0,12.31939163498099,14.714828897338403,2.3954372623574147,27.03422053231939,0.6844106463878328,1.3688212927756656,3.0798479087452475,1.711026615969582,1.3688212927756656,0.3422053231939164,2.3954372623574147,2.3954372623574147,4.790874524714829,1.0266159695817492,1.3688212927756656,6.501901140684411,2.0532319391634983,0.6844106463878328,1.0266159695817492,0.0,0.6844106463878328,0.0,0.0,0.3422053231939164,0.0,0.0,73.83,46.67,0.0,28.57,22.22,63.64,66.67,75.0,0.2186346419831644,0.1293034056069338,0.6844106463878328,4.106463878326997,0.1175645806083649,1.711026615969582,2.3954372623574147,3.422053231939164,0.1822146912547528,10.608365019011408,RB/RCB,33,57,50,33,33,87,100,100,100,70,83,83,67,20,80,100,100,63,70,30,93,53,50,93,53,53,27,20,30,60,60,73,57,73,93,80,93,100,100,93,53,53,73,40,33,47,53,33,33,93,100,100,100,80,87,87,73,13,80,100,100,67,73,30,87,53,50,100,53,53,27,20,30,60,60,73,57,73,93,87,87,93,100,87,60,53,73,47,Austrian Bundesliga
LASK,boxkkgnpn38ywao4kzu7dx58h,dg2scgqi9fb7fa7bjhm8kq21,A. Andrade,Andrés Andrade,27,Defender,Panama,Defender,77.0,91.0,17.0,166.0,6.0,3.0,5.0,4.0,1.0,1.0,3.0,3.0,19.0,16.0,5.0,269.0,7.0,1.0,1.0,8.0,2.0,4.0,0.0,1.0,1.0,0.0,0.0,86.91,56.67,22.22,33.33,80.0,79.17,66.67,72.73,0.6147682591407195,0.2846162237318158,1.0,5.0,0.10638255,12.0,22.0,25.0,0.7261151500000002,90.0,25.762081784386616,30.44609665427509,5.687732342007435,55.53903345724907,2.007434944237918,1.003717472118959,1.6728624535315986,1.338289962825279,0.3345724907063197,0.3345724907063197,1.003717472118959,1.003717472118959,6.356877323420075,5.353159851301116,1.6728624535315986,2.3420074349442377,0.3345724907063197,0.3345724907063197,2.676579925650558,0.6691449814126395,1.338289962825279,0.0,0.3345724907063197,0.3345724907063197,0.0,0.0,86.91,56.67,22.22,33.33,80.0,79.17,66.67,72.73,0.2056845476678987,0.0952247588693807,0.3345724907063197,1.6728624535315986,0.0355926747211895,4.014869888475836,7.360594795539034,8.364312267657992,0.242938154275093,30.11152416356877,LB/LCB,94,100,94,94,64,56,97,100,69,72,64,61,78,81,83,86,22,53,89,61,100,53,94,78,53,53,83,83,56,50,94,100,78,56,100,61,69,64,50,100,100,100,83,94,89,94,94,94,67,50,94,94,72,78,72,67,72,83,78,78,28,56,94,56,100,53,89,72,53,53,83,83,56,50,94,100,78,56,100,56,72,56,44,100,94,94,89,94,Austrian Bundesliga
Austria Lustenau,9ws0f9wf5r8mdigwo0xpzv06v,1g1ajflbqinox9mnzjqemau39,M. Maak,Matthias Maak,34,Defender,Austria,Defender,38.0,16.0,3.0,54.0,5.0,0.0,1.0,1.0,0.0,0.0,0.0,0.0,8.0,7.0,3.0,165.0,1.0,3.0,0.0,0.0,0.0,0.0,0.0,0.0,0.0,0.0,0.0,79.41,33.33,0.0,0.0,0.0,61.54,50.0,0.0,0.1304620455793786,0.0,0.0,0.0,0.0,0.0,6.0,6.0,0.11924908,28.0,20.727272727272727,8.727272727272728,1.6363636363636365,29.454545454545457,2.7272727272727275,0.0,0.5454545454545455,0.5454545454545455,0.0,0.0,0.0,0.0,4.363636363636364,3.8181818181818175,1.6363636363636365,0.5454545454545455,1.6363636363636365,0.0,0.0,0.0,0.0,0.0,0.0,0.0,0.0,0.0,79.41,33.33,0.0,0.0,0.0,61.54,50.0,0.0,0.0711611157705701,0.0,0.0,0.0,0.0,0.0,3.272727272727273,3.272727272727273,0.0650449527272727,15.272727272727272,CB,10,17,14,10,52,26,43,55,38,40,31,29,38,26,52,31,95,36,10,48,38,45,48,48,52,52,10,10,48,36,38,60,38,10,48,31,38,29,29,31,57,50,38,24,10,29,14,10,76,26,52,67,38,40,31,29,52,29,71,33,100,36,10,48,38,45,48,48,52,52,10,10,48,36,38,60,38,10,62,31,38,29,29,31,62,67,52,29,Austrian Bundesliga
Austria Lustenau,9ws0f9wf5r8mdigwo0xpzv06v,1r1x4nrnpc9s4gr2ebc7uqqxh,A. Gashi,Albin Gashi,29,Attacker,Austria,Striker,17.0,24.0,3.0,39.0,2.0,4.0,4.0,3.0,1.0,1.0,1.0,1.0,8.0,0.0,1.0,152.0,7.0,2.0,1.0,1.0,2.0,1.0,0.0,0.0,0.0,0.0,0.0,76.47,50.0,25.0,100.0,25.0,53.33,50.0,33.33,0.3762526634575234,0.4821944253378967,2.0,6.0,0.19994675,2.0,5.0,10.0,0.15561598,21.0,10.06578947368421,14.210526315789474,1.7763157894736843,23.09210526315789,1.1842105263157894,2.3684210526315788,2.3684210526315788,1.7763157894736843,0.5921052631578947,0.5921052631578947,0.5921052631578947,0.5921052631578947,4.7368421052631575,0.0,0.5921052631578947,4.144736842105263,1.1842105263157894,0.5921052631578947,0.5921052631578947,1.1842105263157894,0.5921052631578947,0.0,0.0,0.0,0.0,0.0,76.47,50.0,25.0,100.0,25.0,53.33,50.0,33.33,0.2227811823103757,0.2855098571079651,1.1842105263157894,3.5526315789473686,0.1183895230263158,1.1842105263157894,2.960526315789474,5.921052631578948,0.0921410407894736,12.43421052631579,LW,60,40,70,70,80,100,30,40,40,40,20,20,20,40,50,20,70,20,60,100,30,60,30,50,60,60,40,40,80,100,30,100,70,60,40,100,20,80,80,60,80,80,60,60,100,80,80,80,80,100,40,40,80,60,20,20,80,40,60,60,80,20,60,100,40,60,30,50,60,60,40,40,80,100,30,100,70,60,60,100,40,100,100,100,100,100,60,100,Austrian Bundesliga
Austria Lustenau,9ws0f9wf5r8mdigwo0xpzv06v,1tdgu7e7tuua9xz579zaeee39,F. Gmeiner,Fabian Gmeiner,29,Defender,Austria,Defender,25.0,35.0,4.0,60.0,2.0,5.0,4.0,2.0,2.0,2.0,4.0,4.0,9.0,17.0,4.0,360.0,3.0,3.0,3.0,0.0,0.0,1.0,0.0,0.0,0.0,0.0,0.0,76.92,36.36,0.0,75.0,25.0,40.91,20.0,0.0,0.4041173181466332,0.3599983470017761,1.0,5.0,0.1101004199999999,3.0,6.0,9.0,0.3853309700000001,36.0,6.25,8.75,1.0,15.0,0.5,1.25,1.0,0.5,0.5,0.5,1.0,1.0,2.25,4.25,1.0,0.75,0.75,0.75,0.0,0.0,0.25,0.0,0.0,0.0,0.0,0.0,76.92,36.36,0.0,75.0,25.0,40.91,20.0,0.0,0.1010293295366583,0.089999586750444,0.25,1.25,0.0275251049999999,0.75,1.5,2.25,0.0963327425,9.0,RB/RCB,13,20,20,20,33,93,77,63,80,93,70,67,40,73,80,43,73,77,7,30,73,53,50,43,53,53,33,7,30,80,70,27,20,7,73,73,60,70,53,43,37,43,60,47,7,13,13,7,20,87,67,60,73,87,63,60,13,73,60,23,57,73,7,30,63,53,50,43,53,53,33,7,30,80,70,27,20,7,67,60,43,60,53,37,33,40,47,27,Austrian Bundesliga
Austria Lustenau,9ws0f9wf5r8mdigwo0xpzv06v,3vl9r8fkxs6nd1ytqwk2fcdg4,A. Verinac,Antonio Verinac,21,Attacker,Germany,Striker,10.0,11.0,0.0,21.0,14.0,3.0,9.0,8.0,1.0,0.0,3.0,3.0,19.0,5.0,0.0,239.0,16.0,2.0,2.0,1.0,0.0,3.0,0.0,2.0,1.0,0.0,0.0,56.76,0.0,0.0,66.67,33.33,42.22,53.85,100.0,1.1977178524470653,0.1594250700282087,3.0,2.0,0.05381673,0.0,1.0,2.0,0.09280192,6.0,3.765690376569038,4.142259414225942,0.0,7.907949790794979,5.271966527196653,1.1297071129707112,3.389121338912134,3.0125523012552304,0.3765690376569038,0.0,1.1297071129707112,1.1297071129707112,7.154811715481172,1.882845188284519,0.0,6.025104602510461,0.7531380753138076,0.7531380753138076,0.3765690376569038,0.0,1.1297071129707112,0.0,0.7531380753138076,0.3765690376569038,0.0,0.0,56.76,0.0,0.0,66.67,33.33,42.22,53.85,100.0,0.4510234590804848,0.060034545198907,1.1297071129707112,0.7531380753138076,0.0202657142259414,0.0,0.3765690376569038,0.7531380753138076,0.0349463297071129,2.2594142259414225,ST,76,28,28,48,97,71,90,93,48,24,55,52,97,91,33,91,67,76,62,36,66,52,81,91,52,52,28,28,36,81,28,55,66,81,93,45,86,53,52,26,31,41,45,19,52,14,28,24,100,55,72,86,41,24,34,31,93,86,33,72,48,66,52,36,52,52,69,90,52,52,28,28,36,81,28,55,66,81,79,41,72,45,38,26,24,34,34,14,Austrian Bundesliga
Austria Lustenau,9ws0f9wf5r8mdigwo0xpzv06v,5p17yyr5wxvp6ou11e712jkt0,S. Diarra,Seydou Diarra,21,Attacker,Mali,Striker,37.0,60.0,7.0,97.0,1.0,3.0,4.0,2.0,2.0,2.0,19.0,21.0,17.0,3.0,4.0,349.0,14.0,2.0,8.0,5.0,0.0,1.0,0.0,0.0,0.0,0.0,0.0,82.2,77.78,0.0,42.11,25.0,36.96,25.0,83.33,0.2665413706881008,0.256059967669002,3.0,11.0,0.3035468699999999,4.0,10.0,13.0,0.39773652,48.0,9.541547277936962,15.472779369627506,1.805157593123209,25.01432664756447,0.2578796561604584,0.7736389684813754,1.0315186246418335,0.5157593123209169,0.5157593123209169,0.5157593123209169,4.899713467048711,5.415472779369628,4.383954154727793,0.7736389684813754,1.0315186246418335,3.610315186246418,0.5157593123209169,2.0630372492836675,1.2893982808022924,0.0,0.2578796561604584,0.0,0.0,0.0,0.0,0.0,82.2,77.78,0.0,42.11,25.0,36.96,25.0,83.33,0.0687355970255847,0.0660326564189403,0.7736389684813754,2.836676217765043,0.0782785624641833,1.0315186246418335,2.5787965616045847,3.35243553008596,0.1025681570200573,12.378223495702006,LW,100,100,100,100,40,70,30,20,80,60,100,100,100,90,100,70,70,100,100,40,30,60,30,50,60,60,100,80,40,40,30,20,40,80,20,60,40,100,100,100,100,100,80,100,80,100,100,100,20,60,20,20,60,40,80,80,60,80,100,40,60,60,100,40,20,60,30,50,60,60,100,80,40,40,30,20,40,80,20,60,20,80,80,80,80,80,80,80,Austrian Bundesliga
Austria Lustenau,9ws0f9wf5r8mdigwo0xpzv06v,6sc9zsev9an853nop6pn6mxg5,Danilo Soares,Danilo Teodoro Soares,34,Defender,Brazil,Defender,51.0,55.0,3.0,102.0,8.0,8.0,2.0,0.0,2.0,1.0,1.0,1.0,24.0,13.0,7.0,333.0,1.0,2.0,0.0,8.0,4.0,0.0,0.0,0.0,2.0,0.0,0.0,84.3,30.0,36.36,0.0,0.0,75.0,88.89,57.14,0.1249584166070987,0.6043930849178866,2.0,3.0,0.07767033,0.0,5.0,14.0,0.6144828699999999,74.0,13.783783783783782,14.864864864864863,0.8108108108108107,27.567567567567565,2.162162162162162,2.162162162162162,0.5405405405405405,0.0,0.5405405405405405,0.2702702702702702,0.2702702702702702,0.2702702702702702,6.486486486486486,3.513513513513513,1.891891891891892,0.2702702702702702,0.5405405405405405,0.0,2.162162162162162,1.081081081081081,0.0,0.0,0.0,0.5405405405405405,0.0,0.0,84.3,30.0,36.36,0.0,0.0,75.0,88.89,57.14,0.0337725450289455,0.1633494824102396,0.5405405405405405,0.8108108108108107,0.020991981081081,0.0,1.351351351351351,3.783783783783784,0.1660764513513513,20.0,LB/LCB,53,72,33,72,89,97,50,17,86,72,33,33,92,58,94,17,56,25,89,83,31,53,44,100,53,53,72,28,78,25,31,94,100,33,33,83,89,36,39,17,42,69,72,89,39,50,11,33,72,89,39,17,83,67,33,33,89,50,89,11,44,25,89,83,31,53,44,94,53,53,72,28,78,25,31,94,100,33,28,78,89,28,39,17,33,44,67,67,Austrian Bundesliga
Austria Lustenau,9ws0f9wf5r8mdigwo0xpzv06v,86hx9k1anf6wz98ijvtrqbqsq,D. Weixelbraun,Dominik Weixelbraun,22,Attacker,Austria,Striker,9.0,17.0,1.0,25.0,4.0,4.0,8.0,5.0,3.0,3.0,2.0,2.0,9.0,7.0,0.0,317.0,15.0,1.0,0.0,4.0,1.0,4.0,1.0,2.0,1.0,0.0,0.0,55.56,20.0,25.0,0.0,50.0,31.03,33.33,100.0,0.6051704432401639,0.3479959227520427,1.0,3.0,0.1717163,0.0,2.0,4.0,0.40768376,13.0,2.555205047318612,4.826498422712934,0.2839116719242902,7.097791798107256,1.135646687697161,1.135646687697161,2.271293375394322,1.4195583596214512,0.8517350157728707,0.8517350157728707,0.5678233438485805,0.5678233438485805,2.555205047318612,1.987381703470032,0.0,4.2586750788643535,0.2839116719242902,0.0,1.135646687697161,0.2839116719242902,1.135646687697161,0.2839116719242902,0.5678233438485805,0.2839116719242902,0.0,0.0,55.56,20.0,25.0,0.0,50.0,31.03,33.33,100.0,0.1718149523394787,0.0988001042513685,0.2839116719242902,0.8517350157728707,0.048752261829653,0.0,0.5678233438485805,1.135646687697161,0.115746177917981,3.690851735015773,RW,20,20,40,20,80,60,80,80,60,100,20,20,20,90,40,80,20,20,80,40,80,100,100,80,60,60,20,20,90,20,70,40,60,90,80,40,40,20,40,20,40,20,60,20,40,20,20,20,80,40,80,60,60,100,20,20,20,100,40,60,20,20,60,40,60,100,100,80,60,60,20,20,90,20,70,40,60,90,80,40,20,20,20,20,20,20,60,20,Austrian Bundesliga
Austria Lustenau,9ws0f9wf5r8mdigwo0xpzv06v,8ikvcyvko9qou241buomqqv6y,S. Delaye,Sacha Delaye,24,Midfielder,France,Midfielder,9.0,36.0,6.0,42.0,1.0,7.0,10.0,2.0,8.0,3.0,1.0,1.0,7.0,2.0,3.0,206.0,3.0,3.0,0.0,2.0,3.0,3.0,0.0,0.0,0.0,0.0,0.0,70.0,50.0,25.0,0.0,30.0,38.89,20.0,66.67,0.6046005766526393,0.6525363276859111,5.0,4.0,0.09740676,1.0,5.0,6.0,0.136229,22.0,3.932038834951456,15.728155339805824,2.621359223300971,18.3495145631068,0.4368932038834952,3.058252427184466,4.368932038834951,0.8737864077669903,3.4951456310679614,1.3106796116504855,0.4368932038834952,0.4368932038834952,3.058252427184466,0.8737864077669903,1.3106796116504855,1.3106796116504855,1.3106796116504855,0.0,0.8737864077669903,1.3106796116504855,1.3106796116504855,0.0,0.0,0.0,0.0,0.0,70.0,50.0,25.0,0.0,30.0,38.89,20.0,66.67,0.2641458830035803,0.285088686853068,2.184466019417476,1.7475728155339807,0.0425563514563106,0.4368932038834952,2.184466019417476,2.621359223300971,0.0595175242718446,9.611650485436892,CM/AM,20,56,72,33,48,87,93,70,100,91,15,13,44,61,83,48,70,17,54,78,87,52,48,41,52,52,11,33,54,17,63,37,44,67,85,85,96,44,48,28,33,35,22,37,15,33,74,15,44,93,96,74,100,93,15,11,37,67,85,33,70,17,57,81,85,52,48,41,52,52,11,33,54,17,63,37,44,67,85,85,100,37,44,26,30,22,15,30,Austrian Bundesliga
Austria Lustenau,9ws0f9wf5r8mdigwo0xpzv06v,awzjn4g0whq7jh00b3anozx1w,L. Afrifa,Lord Afrifa,20,Midfielder,Ghana,Midfielder,29.0,44.0,7.0,73.0,2.0,5.0,4.0,0.0,4.0,3.0,10.0,10.0,23.0,2.0,5.0,313.0,4.0,9.0,5.0,4.0,0.0,0.0,0.0,0.0,0.0,0.0,0.0,77.66,50.0,0.0,50.0,0.0,60.53,50.0,57.14,0.3654607096346262,0.2747023910330466,2.0,9.0,0.22721505,6.0,14.0,15.0,0.2431427,33.0,8.338658146964857,12.651757188498404,2.012779552715655,20.990415335463258,0.5750798722044729,1.437699680511182,1.1501597444089458,0.0,1.1501597444089458,0.8626198083067093,2.8753993610223643,2.8753993610223643,6.613418530351438,0.5750798722044729,1.437699680511182,1.1501597444089458,2.587859424920128,1.437699680511182,1.1501597444089458,0.0,0.0,0.0,0.0,0.0,0.0,0.0,77.66,50.0,0.0,50.0,0.0,60.53,50.0,57.14,0.1050845490962184,0.0789879079647737,0.5750798722044729,2.587859424920128,0.0653334009584664,1.7252396166134183,4.02555910543131,4.313099041533547,0.0699132364217252,9.488817891373802,DM/CM,28,42,44,28,36,92,81,22,92,94,100,100,81,17,92,67,100,94,67,33,33,53,44,47,50,50,33,33,33,64,33,83,58,69,61,78,72,81,89,92,50,56,44,33,11,28,39,17,28,89,78,22,83,83,94,89,89,11,83,67,100,89,67,33,33,53,44,47,50,50,33,33,33,64,33,83,58,69,67,72,61,83,89,89,56,56,44,33,Austrian Bundesliga
Austria Lustenau,9ws0f9wf5r8mdigwo0xpzv06v,azzajp7eh833i06qu80r60zkk,D. Kacuri,Dion Kacuri,22,Midfielder,Switzerland,Midfielder,61.0,63.0,8.0,123.0,9.0,4.0,10.0,1.0,9.0,5.0,6.0,7.0,26.0,6.0,3.0,350.0,1.0,6.0,4.0,5.0,1.0,4.0,0.0,1.0,0.0,1.0,1.0,83.11,66.67,25.0,66.67,40.0,66.67,64.29,71.43,0.6846161165463034,0.3098734516629211,8.0,6.0,0.12319606,0.0,19.0,22.0,0.3555958599999999,66.0,15.685714285714283,16.2,2.0571428571428574,31.62857142857143,2.3142857142857145,1.0285714285714287,2.571428571428572,0.2571428571428572,2.3142857142857145,1.2857142857142858,1.542857142857143,1.8,6.685714285714286,1.542857142857143,0.7714285714285715,0.2571428571428572,1.542857142857143,1.0285714285714287,1.2857142857142858,0.2571428571428572,1.0285714285714287,0.0,0.2571428571428572,0.0,0.2571428571428572,0.2571428571428572,83.11,66.67,25.0,66.67,40.0,66.67,64.29,71.43,0.1760441442547637,0.0796817447133225,2.0571428571428574,1.542857142857143,0.0316789868571428,0.0,4.885714285714286,5.6571428571428575,0.0914389354285714,16.97142857142857,DM/CM,56,61,56,56,100,78,100,56,100,100,83,83,100,61,61,28,89,89,81,75,100,53,94,47,100,100,56,92,72,81,94,97,100,89,100,89,100,67,67,19,86,89,72,53,44,61,44,44,100,78,89,61,100,89,78,72,94,50,56,22,83,83,78,78,100,53,94,47,100,100,56,92,72,81,94,97,100,89,83,78,100,67,61,19,78,72,67,50,Austrian Bundesliga
Austria Lustenau,9ws0f9wf5r8mdigwo0xpzv06v,b6a0z8jjsky6q1rf0bt3eixw4,E. Chukwu,Emmanuel Chukwu,19,Defender,Nigeria,Defender,48.0,9.0,10.0,57.0,6.0,0.0,1.0,1.0,0.0,0.0,0.0,0.0,18.0,25.0,0.0,206.0,2.0,2.0,0.0,5.0,0.0,0.0,0.0,0.0,0.0,0.0,0.0,79.17,55.56,0.0,0.0,0.0,69.23,54.55,50.0,0.1093953331188748,0.0,0.0,0.0,0.0,0.0,0.0,0.0,0.0317379499999999,15.0,20.97087378640777,3.932038834951456,4.368932038834951,24.902912621359224,2.621359223300971,0.0,0.4368932038834952,0.4368932038834952,0.0,0.0,0.0,0.0,7.864077669902913,10.92233009708738,0.0,0.8737864077669903,0.8737864077669903,0.0,2.184466019417476,0.0,0.0,0.0,0.0,0.0,0.0,0.0,79.17,55.56,0.0,0.0,0.0,69.23,54.55,50.0,0.0477940775762074,0.0,0.0,0.0,0.0,0.0,0.0,0.0,0.0138660946601941,6.553398058252427,CB,19,10,74,14,69,26,43,55,38,40,31,29,86,90,5,55,74,36,93,48,38,45,48,48,52,52,5,57,48,36,38,90,55,48,38,31,38,29,29,31,12,10,14,14,14,10,76,5,62,26,43,57,38,40,31,29,100,100,5,62,81,36,100,48,38,45,48,48,52,52,5,57,48,36,38,90,55,48,43,31,38,29,29,31,12,10,14,14,Austrian Bundesliga
Austria Lustenau,9ws0f9wf5r8mdigwo0xpzv06v,dv0v95r1v2adxh0pr8j0il5re,N. Pertlwieser,Niklas Pertlwieser,22,Defender,Austria,Defender,55.0,19.0,10.0,74.0,10.0,1.0,3.0,3.0,0.0,1.0,1.0,1.0,21.0,26.0,2.0,360.0,5.0,1.0,1.0,5.0,0.0,0.0,0.0,0.0,0.0,0.0,0.0,69.81,33.33,0.0,100.0,0.0,61.76,55.56,55.56,0.5911674705180353,0.0852229876420856,0.0,1.0,0.01689528,0.0,2.0,4.0,0.1076969,45.0,13.75,4.75,2.5,18.5,2.5,0.25,0.75,0.75,0.0,0.25,0.25,0.25,5.25,6.5,0.5,1.25,0.25,0.25,1.25,0.0,0.0,0.0,0.0,0.0,0.0,0.0,69.81,33.33,0.0,100.0,0.0,61.76,55.56,55.56,0.1477918676295088,0.0213057469105214,0.0,0.25,0.00422382,0.0,0.5,1.0,0.026924225,11.25,LB/LCB,61,11,81,17,94,31,72,92,31,72,33,33,83,100,42,53,22,53,69,17,31,53,44,31,53,53,17,39,17,97,31,61,56,28,94,33,31,22,22,17,19,19,17,50,33,6,69,6,89,25,58,81,31,58,28,28,56,94,28,42,8,50,56,17,31,53,44,31,53,53,17,39,17,97,31,61,56,28,83,28,31,22,22,17,17,17,11,28,Austrian Bundesliga
Austria Lustenau,9ws0f9wf5r8mdigwo0xpzv06v,f0r39wpdtdj0tkjz6bmps0178,P. Benjamin,Precious Benjamin,19,Attacker,Nigeria,Striker,8.0,9.0,0.0,17.0,2.0,2.0,5.0,3.0,2.0,1.0,0.0,0.0,2.0,1.0,0.0,121.0,5.0,0.0,0.0,0.0,0.0,2.0,0.0,0.0,0.0,0.0,0.0,94.44,0.0,0.0,0.0,40.0,14.29,16.67,0.0,0.5548492682244914,0.121067451341549,2.0,0.0,0.0,0.0,1.0,0.0,0.0111396999999999,3.0,5.950413223140496,6.694214876033057,0.0,12.644628099173552,1.487603305785124,1.487603305785124,3.7190082644628095,2.2314049586776856,1.487603305785124,0.743801652892562,0.0,0.0,1.487603305785124,0.743801652892562,0.0,3.7190082644628095,0.0,0.0,0.0,0.0,1.487603305785124,0.0,0.0,0.0,0.0,0.0,94.44,0.0,0.0,0.0,40.0,14.29,16.67,0.0,0.4126978028116052,0.0900501704193339,1.487603305785124,0.0,0.0,0.0,0.743801652892562,0.0,0.0082857272727271,2.2314049586776856,ST,64,14,28,28,38,38,43,36,78,62,3,3,10,47,33,22,12,17,19,36,43,52,22,43,52,52,100,28,36,17,41,7,26,19,34,38,66,12,12,26,31,5,7,9,79,34,28,59,48,79,86,62,86,83,3,3,10,59,33,34,12,17,19,36,66,52,22,43,52,52,100,28,36,17,41,7,26,19,72,52,83,12,12,26,41,5,7,10,Austrian Bundesliga
SCR Altach,3lcvs7iiylixau81d0lruwsak,27tsn0x4k82ifef6onqjnsvoq,O. Diawara,Ousmane Diawara,26,Attacker,Mali,Striker,12.0,27.0,0.0,38.0,16.0,3.0,9.0,7.0,2.0,4.0,9.0,10.0,27.0,9.0,0.0,325.0,23.0,4.0,3.0,2.0,1.0,3.0,0.0,1.0,0.0,0.0,0.0,61.29,0.0,16.67,33.33,33.33,49.09,64.0,50.0,0.886032916443398,0.4092372466750313,2.0,4.0,0.1185648899999999,2.0,4.0,2.0,0.3632820999999999,12.0,3.323076923076923,7.476923076923077,0.0,10.523076923076925,4.430769230769231,0.8307692307692307,2.4923076923076923,1.9384615384615385,0.5538461538461539,1.1076923076923078,2.4923076923076923,2.769230769230769,7.476923076923077,2.4923076923076923,0.0,6.369230769230769,1.1076923076923078,0.8307692307692307,0.5538461538461539,0.2769230769230769,0.8307692307692307,0.0,0.2769230769230769,0.0,0.0,0.0,61.29,0.0,16.67,33.33,33.33,49.09,64.0,50.0,0.2453629614766332,0.1133272375407779,0.5538461538461539,1.1076923076923078,0.0328333541538461,0.5538461538461539,1.1076923076923078,0.5538461538461539,0.1006011969230769,3.323076923076923,ST,84,86,28,86,100,71,90,86,78,100,95,97,100,100,33,100,95,88,93,84,66,52,55,43,52,52,38,28,79,47,28,83,79,52,83,90,66,81,79,78,78,41,86,64,41,48,28,41,97,17,41,45,52,90,79,79,100,97,33,79,76,76,69,72,34,52,45,43,52,52,38,28,79,47,28,83,79,52,41,69,41,62,62,62,55,14,76,28,Austrian Bundesliga
SCR Altach,3lcvs7iiylixau81d0lruwsak,3sn7ntq8u22o4nb8tfrddtfit,M. Bähre,Mike-Steven Bähre,31,Midfielder,Germany,Midfielder,96.0,115.0,8.0,211.0,3.0,1.0,3.0,1.0,2.0,1.0,9.0,9.0,25.0,4.0,4.0,360.0,3.0,6.0,6.0,5.0,0.0,1.0,0.0,0.0,0.0,0.0,0.0,89.79,53.33,0.0,66.67,33.33,55.56,50.0,50.0,0.1862131851202984,0.0779470679873408,3.0,14.0,0.31908493,9.0,19.0,26.0,0.4832111299999998,122.0,24.0,28.75,2.0,52.75,0.75,0.25,0.75,0.25,0.5,0.25,2.25,2.25,6.25,1.0,1.0,0.75,1.5,1.5,1.25,0.0,0.25,0.0,0.0,0.0,0.0,0.0,89.79,53.33,0.0,66.67,33.33,55.56,50.0,50.0,0.0465532962800746,0.0194867669968352,0.75,3.5,0.0797712325,2.25,4.75,6.5,0.1208027824999999,30.5,DM/CM,89,100,56,100,56,39,58,56,61,53,94,92,94,50,78,53,89,100,81,33,81,53,44,47,50,50,100,56,33,81,81,72,58,44,28,39,89,100,100,100,86,94,94,100,83,94,31,94,39,36,50,47,53,42,83,83,78,28,61,44,78,94,72,33,69,53,44,47,50,50,100,56,33,81,81,72,58,44,22,33,72,94,94,94,72,89,89,94,Austrian Bundesliga
SCR Altach,3lcvs7iiylixau81d0lruwsak,5icjbr1z7vhvrtjdnc43blwx5,M. Raguž,Marko Raguz,28,Attacker,Austria,Striker,8.0,19.0,3.0,27.0,0.0,1.0,2.0,2.0,0.0,0.0,1.0,1.0,1.0,0.0,0.0,98.0,3.0,1.0,0.0,0.0,0.0,1.0,0.0,0.0,0.0,0.0,0.0,72.97,75.0,0.0,0.0,50.0,16.67,0.0,0.0,0.2132440326229525,0.0827446165731003,0.0,2.0,0.0592356599999999,1.0,4.0,5.0,0.1030876699999999,9.0,7.346938775510205,17.448979591836736,2.7551020408163267,24.795918367346943,0.0,0.9183673469387756,1.8367346938775515,1.8367346938775515,0.0,0.0,0.9183673469387756,0.9183673469387756,0.9183673469387756,0.0,0.0,2.7551020408163267,0.9183673469387756,0.0,0.0,0.0,0.9183673469387756,0.0,0.0,0.0,0.0,0.0,72.97,75.0,0.0,0.0,50.0,16.67,0.0,0.0,0.1958363564904666,0.0759899539957043,0.0,1.8367346938775515,0.0544000959183672,0.9183673469387756,3.673469387755103,4.591836734693878,0.0946723499999999,8.26530612244898,ST,64,62,88,67,12,14,12,22,16,24,14,10,3,19,33,9,40,17,19,36,21,52,22,43,52,52,62,97,36,17,62,10,12,19,10,21,17,53,59,59,78,83,52,50,90,83,100,86,12,31,28,34,16,24,28,21,3,19,33,14,62,17,19,36,41,52,22,43,52,52,62,97,36,17,62,10,12,19,24,45,17,83,79,76,90,93,72,79,Austrian Bundesliga
SCR Altach,3lcvs7iiylixau81d0lruwsak,66vb1gg0epj96hvdx1jz080ve,Y. Massombo,Yann Litawumba,26,Midfielder,France,Midfielder,7.0,35.0,2.0,41.0,1.0,3.0,2.0,1.0,1.0,0.0,5.0,7.0,10.0,0.0,0.0,179.0,6.0,3.0,4.0,2.0,1.0,1.0,0.0,1.0,0.0,0.0,0.0,61.19,28.57,25.0,80.0,50.0,62.5,50.0,100.0,0.2039445726230685,0.2296395238250549,1.0,9.0,0.24428192,5.0,6.0,9.0,0.38575995,18.0,3.519553072625698,17.59776536312849,1.005586592178771,20.614525139664803,0.5027932960893855,1.5083798882681565,1.005586592178771,0.5027932960893855,0.5027932960893855,0.0,2.5139664804469275,3.519553072625698,5.027932960893855,0.0,0.0,3.016759776536313,1.5083798882681565,2.011173184357542,1.005586592178771,0.5027932960893855,0.5027932960893855,0.0,0.5027932960893855,0.0,0.0,0.0,61.19,28.57,25.0,80.0,50.0,62.5,50.0,100.0,0.1025419638886936,0.1154612130963963,0.5027932960893855,4.5251396648044695,0.1228233117318435,2.5139664804469275,3.016759776536313,4.5251396648044695,0.1939575167597765,9.05027932960894,CM/AM,13,52,28,28,48,48,30,52,30,24,74,85,57,13,17,72,70,81,54,50,56,52,96,41,52,52,4,11,54,87,93,93,72,94,33,48,35,81,89,78,43,56,63,30,11,52,30,26,48,52,33,52,33,24,74,81,74,13,17,74,78,85,67,48,63,52,96,41,52,52,4,11,54,87,93,93,72,94,37,48,41,96,89,85,41,63,78,26,Austrian Bundesliga
SCR Altach,3lcvs7iiylixau81d0lruwsak,69lu5sbyjmj3efxcabkgx83ro,F. Milojević,Filip Milojevic,21,Midfielder,Austria,Midfielder,91.0,70.0,7.0,161.0,8.0,1.0,4.0,4.0,0.0,1.0,3.0,3.0,23.0,17.0,4.0,360.0,5.0,3.0,2.0,5.0,0.0,1.0,0.0,0.0,0.0,0.0,0.0,84.74,38.89,0.0,66.67,25.0,51.11,53.33,50.0,0.5596382458685747,0.0681937760432769,0.0,8.0,0.17600335,3.0,18.0,17.0,0.5458934599999998,101.0,22.75,17.5,1.75,40.25,2.0,0.25,1.0,1.0,0.0,0.25,0.75,0.75,5.75,4.25,1.0,1.25,0.75,0.5,1.25,0.0,0.25,0.0,0.0,0.0,0.0,0.0,84.74,38.89,0.0,66.67,25.0,51.11,53.33,50.0,0.1399095614671436,0.0170484440108192,0.0,2.0,0.0440008375,0.75,4.5,4.25,0.1364733649999999,25.25,RM/RCM,100,78,67,100,100,28,83,94,17,67,39,39,94,100,94,83,78,56,78,22,72,56,50,50,56,56,78,11,22,72,72,67,100,61,100,22,22,78,67,50,89,78,78,100,89,44,33,89,100,11,28,78,17,56,33,33,78,100,72,67,67,44,56,22,56,56,50,50,56,56,78,11,22,72,72,67,100,61,89,22,22,44,44,44,67,33,56,89,Austrian Bundesliga
SCR Altach,3lcvs7iiylixau81d0lruwsak,7c1iw9zotzvbd0569djoja0np,L. Jäger,Lukas Jäger,32,Midfielder,Austria,Midfielder,105.0,64.0,16.0,168.0,5.0,1.0,2.0,2.0,0.0,0.0,3.0,3.0,13.0,23.0,5.0,360.0,4.0,2.0,0.0,2.0,1.0,0.0,0.0,0.0,0.0,0.0,0.0,87.96,66.67,50.0,0.0,0.0,50.0,50.0,33.33,0.2839754852010749,0.1439022761327439,0.0,3.0,0.06769646,6.0,17.0,19.0,0.3516207899999999,87.0,26.25,16.0,4.0,42.0,1.25,0.25,0.5,0.5,0.0,0.0,0.75,0.75,3.25,5.75,1.25,1.0,0.5,0.0,0.5,0.25,0.0,0.0,0.0,0.0,0.0,0.0,87.96,66.67,50.0,0.0,0.0,50.0,50.0,33.33,0.0709938713002687,0.0359755690331859,0.0,0.75,0.016924115,1.5,4.25,4.75,0.0879051974999999,21.75,DM/CM,100,67,86,89,75,39,33,81,14,19,53,50,44,100,92,67,33,22,39,75,33,53,44,47,50,50,89,92,94,22,33,61,58,11,44,50,19,39,39,92,67,69,67,83,94,56,86,83,58,36,28,69,14,19,44,39,33,100,72,56,28,22,25,67,33,53,44,47,50,50,89,92,94,22,33,61,58,11,44,44,19,25,28,83,67,61,56,67,Austrian Bundesliga
SCR Altach,3lcvs7iiylixau81d0lruwsak,7yybbynkk0bhuhxhq8ukq40d1,P. Greil,Patrick Greil,29,Midfielder,Austria,Midfielder,34.0,81.0,6.0,103.0,5.0,9.0,12.0,10.0,2.0,0.0,4.0,5.0,16.0,0.0,0.0,315.0,15.0,2.0,3.0,3.0,12.0,6.0,0.0,2.0,0.0,0.0,0.0,80.47,54.55,36.36,75.0,50.0,53.33,71.43,50.0,1.4715547052111009,1.235257085728873,2.0,15.0,0.46148935,7.0,15.0,19.0,0.4945604699999999,50.0,9.714285714285714,23.142857142857142,1.7142857142857142,29.428571428571427,1.4285714285714286,2.571428571428572,3.4285714285714284,2.857142857142857,0.5714285714285714,0.0,1.1428571428571428,1.4285714285714286,4.571428571428571,0.0,0.0,4.285714285714286,0.5714285714285714,0.8571428571428571,0.8571428571428571,3.4285714285714284,1.7142857142857142,0.0,0.5714285714285714,0.0,0.0,0.0,80.47,54.55,36.36,75.0,50.0,53.33,71.43,50.0,0.4204442014888859,0.3529305959225351,0.5714285714285714,4.285714285714286,0.1318541,2.0,4.285714285714286,5.428571428571429,0.1413029914285714,14.285714285714286,CM/AM,65,85,72,81,96,96,100,100,50,24,59,65,89,13,17,93,44,72,81,100,100,52,100,41,52,52,48,48,81,81,93,70,96,41,100,96,67,98,100,91,85,91,81,74,37,67,52,59,85,81,93,96,41,24,41,52,70,13,17,89,22,59,52,100,100,52,100,41,52,52,48,48,81,81,93,70,96,41,96,96,48,89,93,72,63,81,52,52,Austrian Bundesliga
SCR Altach,3lcvs7iiylixau81d0lruwsak,8ulvxwuqi2bzxxarn6hyzk93o,N. Niehoff,Niklas Niehoff,22,Midfielder,Germany,Midfielder,33.0,68.0,5.0,95.0,0.0,7.0,5.0,4.0,1.0,3.0,12.0,14.0,17.0,4.0,1.0,338.0,15.0,0.0,9.0,7.0,6.0,1.0,0.0,0.0,2.0,0.0,0.0,81.2,55.56,50.0,75.0,20.0,56.67,0.0,87.5,0.4946704244924974,0.9028597110715816,2.0,20.0,0.4862077900000001,6.0,8.0,19.0,1.13302775,45.0,8.78698224852071,18.10650887573965,1.331360946745562,25.29585798816568,0.0,1.863905325443787,1.331360946745562,1.0650887573964498,0.2662721893491124,0.7988165680473372,3.195266272189349,3.727810650887574,4.526627218934912,1.0650887573964498,0.2662721893491124,3.994082840236687,0.0,2.396449704142012,1.863905325443787,1.5976331360946745,0.2662721893491124,0.0,0.0,0.5325443786982249,0.0,0.0,81.2,55.56,50.0,75.0,20.0,56.67,0.0,87.5,0.1317169769358721,0.2404064319421371,0.5325443786982249,5.325443786982248,0.1294636127218935,1.5976331360946745,2.1301775147929,5.059171597633136,0.3016937795857988,11.982248520710058,RM/RCM,56,67,44,67,17,94,100,94,50,100,100,100,72,67,44,100,22,100,100,100,72,56,50,100,56,56,44,56,78,94,56,78,22,100,89,100,72,100,100,89,50,89,89,67,22,56,22,33,17,89,89,89,33,100,100,100,67,50,33,100,22,100,100,78,78,56,50,100,56,56,44,56,78,94,56,78,22,100,78,78,72,100,89,78,44,67,100,44,Austrian Bundesliga
SCR Altach,3lcvs7iiylixau81d0lruwsak,9vlhyidb33kwct9n5rbhkz3kl,B. Zech,Benedikt Zech,35,Defender,Austria,Defender,119.0,89.0,11.0,207.0,6.0,2.0,0.0,0.0,0.0,0.0,2.0,2.0,14.0,22.0,8.0,360.0,1.0,0.0,2.0,2.0,1.0,0.0,0.0,0.0,0.0,0.0,0.0,92.83,64.71,100.0,100.0,0.0,58.33,60.0,33.33,0.0,0.1169419524613045,0.0,10.0,0.22442261,3.0,24.0,19.0,0.5471048500000001,154.0,29.75,22.25,2.75,51.75,1.5,0.5,0.0,0.0,0.0,0.0,0.5,0.5,3.5,5.5,2.0,0.25,0.0,0.5,0.5,0.25,0.0,0.0,0.0,0.0,0.0,0.0,92.83,64.71,100.0,100.0,0.0,58.33,60.0,33.33,0.0,0.0292354881153261,0.0,2.5,0.0561056525,0.75,6.0,4.75,0.1367762125,38.5,CB,81,95,83,100,69,90,12,19,38,40,88,86,62,76,98,31,21,95,38,98,38,45,48,48,52,52,76,76,100,88,38,33,71,24,12,81,38,100,100,100,100,100,100,100,43,71,38,62,38,79,12,19,38,40,71,67,31,57,83,19,21,86,29,95,38,45,48,48,52,52,76,76,100,88,38,33,71,24,12,81,38,90,95,95,81,81,90,76,Austrian Bundesliga
SCR Altach,3lcvs7iiylixau81d0lruwsak,bs1fjanu1asyroais9euib9wp,V. Demaku,Vesel Demaku,26,Midfielder,Kosovo,Midfielder,64.0,84.0,8.0,148.0,0.0,0.0,3.0,2.0,1.0,1.0,2.0,2.0,17.0,2.0,4.0,342.0,4.0,6.0,0.0,9.0,0.0,1.0,0.0,0.0,0.0,0.0,0.0,89.7,61.54,0.0,0.0,33.33,54.84,0.0,81.82,0.3744805187209316,0.0,1.0,10.0,0.22906741,5.0,16.0,16.0,0.4062286199999999,73.0,16.842105263157894,22.105263157894736,2.1052631578947367,38.94736842105263,0.0,0.0,0.7894736842105263,0.5263157894736842,0.2631578947368421,0.2631578947368421,0.5263157894736842,0.5263157894736842,4.473684210526316,0.5263157894736842,1.0526315789473684,1.0526315789473684,1.5789473684210529,0.0,2.368421052631579,0.0,0.2631578947368421,0.0,0.0,0.0,0.0,0.0,89.7,61.54,0.0,0.0,33.33,54.84,0.0,81.82,0.0985475049265609,0.0,0.2631578947368421,2.631578947368421,0.060280897368421,1.3157894736842106,4.2105263157894735,4.2105263157894735,0.1069022684210526,19.21052631578948,DM/CM,61,89,56,83,8,17,58,81,36,53,33,31,69,17,78,67,89,22,100,33,81,53,44,47,50,50,94,78,33,22,81,67,11,94,67,17,50,92,94,83,58,61,83,72,56,83,56,72,8,17,61,83,33,56,33,28,50,6,67,61,89,22,94,33,83,53,44,47,50,50,94,78,33,22,81,67,11,94,56,17,50,89,83,72,61,50,78,61,Austrian Bundesliga
SCR Altach,3lcvs7iiylixau81d0lruwsak,epnkff9nsysx1eyh90muhmvl6,S. Hrstić,Srdjan Hrstic,23,Attacker,Serbia,Striker,5.0,14.0,0.0,19.0,6.0,2.0,4.0,4.0,0.0,2.0,4.0,4.0,7.0,1.0,0.0,126.0,11.0,1.0,0.0,0.0,0.0,2.0,0.0,0.0,1.0,0.0,0.0,44.19,0.0,0.0,0.0,50.0,33.33,60.0,0.0,0.5903493078841097,0.2192921515474298,0.0,1.0,0.02855202,0.0,2.0,2.0,0.0508579299999999,8.0,3.571428571428572,10.0,0.0,13.571428571428571,4.285714285714286,1.4285714285714286,2.857142857142857,2.857142857142857,0.0,1.4285714285714286,2.857142857142857,2.857142857142857,5.0,0.7142857142857143,0.0,7.857142857142858,0.7142857142857143,0.0,0.0,0.0,1.4285714285714286,0.0,0.0,0.7142857142857143,0.0,0.0,44.19,0.0,0.0,0.0,50.0,33.33,60.0,0.0,0.4216780770600783,0.156637251105307,0.0,0.7142857142857143,0.0203943,0.0,1.4285714285714286,1.4285714285714286,0.0363270928571427,5.714285714285714,ST,28,40,28,36,78,38,34,50,16,86,78,76,50,47,33,55,40,17,19,36,43,52,22,91,52,52,3,28,36,17,62,29,72,19,41,62,17,33,33,26,53,41,31,41,48,62,28,72,93,76,55,79,16,100,83,83,74,55,33,93,45,17,19,36,62,52,22,97,52,52,3,28,36,17,62,29,72,19,76,83,17,41,41,26,69,48,41,62,Austrian Bundesliga
SCR Altach,3lcvs7iiylixau81d0lruwsak,znji80ok2dk0ohqb6m2ckvvu,B. Böckle,Benjamin Böckle,24,Defender,Austria,Defender,34.0,59.0,7.0,89.0,6.0,4.0,0.0,0.0,0.0,0.0,6.0,6.0,25.0,13.0,3.0,352.0,5.0,2.0,4.0,8.0,4.0,0.0,0.0,0.0,1.0,0.0,0.0,71.2,36.84,28.57,66.67,0.0,67.57,75.0,61.54,0.0,0.4491725322338215,0.0,10.0,0.31330467,7.0,4.0,7.0,0.79949108,40.0,8.693181818181818,15.085227272727272,1.7897727272727273,22.75568181818182,1.5340909090909092,1.0227272727272727,0.0,0.0,0.0,0.0,1.5340909090909092,1.5340909090909092,6.392045454545455,3.3238636363636367,0.7670454545454546,1.278409090909091,0.5113636363636364,1.0227272727272727,2.0454545454545454,1.0227272727272727,0.0,0.0,0.0,0.2556818181818182,0.0,0.0,71.2,36.84,28.57,66.67,0.0,67.57,75.0,61.54,0.0,0.1148452497188748,0.0,2.556818181818182,0.0801063076704545,1.7897727272727273,1.0227272727272727,1.7897727272727273,0.2044153329545454,10.227272727272728,LB/LCB,28,78,67,39,64,69,11,17,31,28,89,89,100,58,64,53,56,89,89,83,31,53,44,78,53,53,22,56,61,78,31,89,92,39,11,72,31,94,89,89,31,42,89,31,11,61,56,11,50,61,11,17,31,28,83,83,78,44,50,50,39,83,83,72,31,53,44,61,53,53,22,56,61,78,31,89,92,39,11,61,31,78,89,83,22,33,72,22,Austrian Bundesliga
Rapid,eljjik2vvlpy6d649mgwwivam,2omsfx51ie3e92en7k6a3dwtm,M. Seidl,Matthias Seidl,25,Midfielder,Austria,Midfielder,133.0,127.0,12.0,259.0,1.0,3.0,5.0,2.0,3.0,3.0,1.0,1.0,10.0,1.0,6.0,270.0,2.0,2.0,1.0,5.0,1.0,1.0,0.0,0.0,2.0,0.0,0.0,94.87,75.0,50.0,100.0,20.0,55.56,33.33,83.33,0.3981864638112198,0.38291130264718,2.0,8.0,0.17078183,2.0,39.0,23.0,0.7802141600000003,148.0,44.333333333333336,42.333333333333336,4.0,86.33333333333333,0.3333333333333333,1.0,1.6666666666666667,0.6666666666666666,1.0,1.0,0.3333333333333333,0.3333333333333333,3.333333333333333,0.3333333333333333,2.0,0.6666666666666666,0.6666666666666666,0.3333333333333333,1.6666666666666667,0.3333333333333333,0.3333333333333333,0.0,0.0,0.6666666666666666,0.0,0.0,94.87,75.0,50.0,100.0,20.0,55.56,33.33,83.33,0.1327288212704066,0.1276371008823933,0.6666666666666666,2.6666666666666665,0.0569272766666666,0.6666666666666666,13.0,7.666666666666667,0.2600713866666668,49.333333333333336,CM/AM,100,100,98,100,48,48,69,70,69,91,15,13,57,37,100,31,44,44,94,50,56,52,48,94,52,52,100,78,91,98,46,80,54,81,74,70,67,72,63,50,100,100,96,100,100,96,96,100,33,33,52,59,59,81,11,7,44,26,96,26,31,37,91,37,44,52,48,91,52,52,100,78,91,98,46,80,54,81,52,63,56,59,56,48,100,93,93,96,Austrian Bundesliga
Rapid,eljjik2vvlpy6d649mgwwivam,2q40r5kclqejfv6c3pvyqim3u,N. Bajlicz,Nicolas Bajlicz,22,Midfielder,Austria,Midfielder,63.0,76.0,4.0,139.0,0.0,2.0,1.0,0.0,1.0,1.0,4.0,4.0,17.0,0.0,1.0,183.0,0.0,5.0,3.0,3.0,0.0,0.0,0.0,0.0,0.0,0.0,0.0,94.56,57.14,0.0,75.0,0.0,65.38,0.0,33.33,0.0797019516673443,0.1558887346388365,0.0,7.0,0.1501129499999999,3.0,13.0,13.0,0.2061527599999999,68.0,30.98360655737705,37.37704918032787,1.9672131147540983,68.36065573770492,0.0,0.9836065573770492,0.4918032786885246,0.0,0.4918032786885246,0.4918032786885246,1.9672131147540983,1.9672131147540983,8.360655737704919,0.0,0.4918032786885246,0.0,2.459016393442623,1.475409836065574,1.475409836065574,0.0,0.0,0.0,0.0,0.0,0.0,0.0,94.56,57.14,0.0,75.0,0.0,65.38,0.0,33.33,0.0391976811478742,0.0766665908059851,0.0,3.4426229508196724,0.0738260409836065,1.475409836065574,6.39344262295082,6.39344262295082,0.1013866032786884,33.44262295081968,RM/RCM,89,89,28,89,17,56,11,17,50,67,61,61,72,11,44,11,89,67,56,22,28,56,50,50,56,56,100,67,22,94,28,100,22,33,11,56,22,50,56,50,78,56,22,78,100,100,44,100,17,56,11,17,44,67,67,67,100,11,44,11,100,78,78,22,28,56,50,50,56,56,100,67,22,94,28,100,22,33,11,56,22,67,67,67,100,78,33,100,Austrian Bundesliga
Rapid,eljjik2vvlpy6d649mgwwivam,3kypp9r4mqecnx1fa729dnzkl,E. Kara,Ercan Kara,30,Attacker,Austria,Striker,11.0,10.0,0.0,21.0,4.0,2.0,10.0,10.0,0.0,0.0,4.0,4.0,10.0,3.0,3.0,259.0,15.0,4.0,0.0,1.0,0.0,4.0,0.0,2.0,0.0,0.0,0.0,63.64,0.0,0.0,0.0,40.0,43.48,50.0,50.0,1.4481803343102269,0.1477386341246934,0.0,0.0,0.0,1.0,0.0,0.0,0.0100915199999999,8.0,3.8223938223938223,3.474903474903475,0.0,7.297297297297297,1.38996138996139,0.694980694980695,3.474903474903475,3.474903474903475,0.0,0.0,1.38996138996139,1.38996138996139,3.474903474903475,1.0424710424710424,1.0424710424710424,5.212355212355212,1.38996138996139,0.0,0.3474903474903475,0.0,1.38996138996139,0.0,0.694980694980695,0.0,0.0,0.0,63.64,0.0,0.0,0.0,40.0,43.48,50.0,50.0,0.5032286875981483,0.051337749309739,0.0,0.0,0.0,0.3474903474903475,0.0,0.0,0.0035067057915057,2.77992277992278,ST,79,21,28,48,62,38,97,100,16,24,78,76,72,78,100,84,95,17,62,36,81,52,81,43,52,52,45,28,36,17,41,59,60,52,97,41,17,12,12,59,10,5,3,41,55,3,28,14,45,14,76,90,16,24,55,48,48,69,97,62,86,17,45,36,59,52,62,43,52,52,45,28,36,17,41,59,60,52,90,31,17,12,12,59,10,5,3,17,Austrian Bundesliga
Rapid,eljjik2vvlpy6d649mgwwivam,5kkvxgrt5y92hjj8hw28b7l9m,S. Raux-Yao,Serge-Philippe Raux-Yao,27,Defender,France,Defender,135.0,44.0,11.0,179.0,1.0,0.0,2.0,2.0,0.0,0.0,0.0,0.0,5.0,11.0,2.0,209.0,2.0,0.0,0.0,2.0,0.0,0.0,0.0,0.0,0.0,0.0,0.0,94.21,68.75,0.0,0.0,0.0,62.5,33.33,50.0,0.2657572708728346,0.0,0.0,2.0,0.04255496,1.0,8.0,7.0,0.24760147,112.0,58.133971291866025,18.94736842105263,4.7368421052631575,77.08133971291865,0.4306220095693779,0.0,0.8612440191387559,0.8612440191387559,0.0,0.0,0.0,0.0,2.15311004784689,4.7368421052631575,0.8612440191387559,0.8612440191387559,0.0,0.0,0.8612440191387559,0.0,0.0,0.0,0.0,0.0,0.0,0.0,94.21,68.75,0.0,0.0,0.0,62.5,33.33,50.0,0.1144409300409335,0.0,0.0,0.8612440191387559,0.0183251023923444,0.4306220095693779,3.444976076555024,3.014354066985646,0.106622642583732,48.229665071770334,CB,95,67,83,90,10,26,74,81,38,40,31,29,10,45,26,55,21,36,38,48,38,45,48,48,52,52,90,81,48,36,38,67,10,48,81,31,38,69,71,74,71,62,71,90,95,62,86,90,5,26,76,81,38,40,31,29,5,52,24,57,21,36,38,48,38,45,48,48,52,52,90,81,48,36,38,67,10,48,86,31,38,71,67,76,67,57,76,86,Austrian Bundesliga
Rapid,eljjik2vvlpy6d649mgwwivam,5llwrgvl44z7c04yv5xsqxu5l,N. Cvetković,Nenad Cvetkovic,30,Defender,Serbia,Defender,75.0,51.0,5.0,126.0,5.0,1.0,3.0,3.0,0.0,1.0,0.0,0.0,7.0,13.0,5.0,170.0,4.0,2.0,0.0,0.0,0.0,1.0,0.0,1.0,0.0,0.0,0.0,94.03,50.0,0.0,0.0,33.33,63.64,71.43,0.0,0.4798174014285276,0.1838412695726395,0.0,2.0,0.0409104899999999,1.0,12.0,13.0,0.21402969,83.0,39.70588235294117,27.0,2.647058823529412,66.70588235294117,2.647058823529412,0.5294117647058824,1.5882352941176472,1.5882352941176472,0.0,0.5294117647058824,0.0,0.0,3.7058823529411766,6.882352941176471,2.647058823529412,2.117647058823529,1.0588235294117647,0.0,0.0,0.0,0.5294117647058824,0.0,0.5294117647058824,0.0,0.0,0.0,94.03,50.0,0.0,0.0,33.33,63.64,71.43,0.0,0.2540209772268675,0.0973277309502209,0.0,1.0588235294117647,0.0216584947058822,0.5294117647058824,6.352941176470589,6.882352941176471,0.1133098358823529,43.94117647058824,CB,43,76,24,52,52,67,90,93,38,90,31,29,31,60,76,86,74,36,10,48,83,45,98,48,52,52,86,40,48,36,76,71,95,10,95,86,38,69,62,74,76,76,67,57,81,86,33,81,67,90,95,95,38,90,31,29,38,81,100,90,90,36,10,48,90,45,100,48,52,52,86,40,48,36,76,71,95,10,100,95,38,76,76,81,90,90,81,81,Austrian Bundesliga
Rapid,eljjik2vvlpy6d649mgwwivam,6356judgplypk4k6h8cqovac4,J. Schöller,Jakob Schöller,20,Defender,Austria,Defender,96.0,36.0,5.0,132.0,4.0,0.0,0.0,0.0,0.0,0.0,0.0,0.0,7.0,3.0,4.0,161.0,2.0,1.0,0.0,1.0,0.0,0.0,0.0,0.0,0.0,0.0,0.0,96.35,100.0,0.0,0.0,0.0,70.0,80.0,50.0,0.0,0.0,0.0,0.0,0.0,0.0,0.0,0.0,0.0,0.0,53.66459627329192,20.12422360248447,2.795031055900621,73.7888198757764,2.2360248447204967,0.0,0.0,0.0,0.0,0.0,0.0,0.0,3.913043478260869,1.6770186335403725,2.2360248447204967,1.1180124223602483,0.5590062111801242,0.0,0.5590062111801242,0.0,0.0,0.0,0.0,0.0,0.0,0.0,96.35,100.0,0.0,0.0,0.0,70.0,80.0,50.0,0.0,0.0,0.0,0.0,0.0,0.0,0.0,0.0,0.0,0.0,RB/RCB,73,30,30,67,53,17,13,27,17,30,23,20,20,20,80,30,30,27,20,30,30,53,50,43,53,53,100,100,30,27,30,87,83,27,13,17,20,17,17,17,10,10,10,10,100,87,60,100,80,17,13,27,17,30,23,20,47,33,93,53,47,27,27,30,30,53,50,43,53,53,100,100,30,27,30,87,83,27,13,17,20,17,17,17,10,10,10,10,Austrian Bundesliga
Rapid,eljjik2vvlpy6d649mgwwivam,8697a01d7rwx57pnmqm67kkyc,P. Dahl,Petter Nosa Dahl,22,Attacker,Norway,Striker,8.0,31.0,1.0,39.0,1.0,1.0,8.0,7.0,1.0,3.0,15.0,15.0,12.0,0.0,1.0,205.0,16.0,5.0,6.0,0.0,0.0,3.0,0.0,1.0,0.0,0.0,0.0,79.59,100.0,0.0,40.0,37.5,41.38,0.0,0.0,0.8546273804149157,0.0760477822531021,4.0,4.0,0.1016204,2.0,3.0,6.0,0.11209728,23.0,3.5121951219512195,13.609756097560975,0.4390243902439024,17.121951219512194,0.4390243902439024,0.4390243902439024,3.5121951219512195,3.073170731707317,0.4390243902439024,1.3170731707317074,6.585365853658537,6.585365853658537,5.2682926829268295,0.0,0.4390243902439024,7.024390243902439,2.1951219512195124,2.6341463414634148,0.0,0.0,1.3170731707317074,0.0,0.4390243902439024,0.0,0.0,0.0,79.59,100.0,0.0,40.0,37.5,41.38,0.0,0.0,0.375202264572402,0.0333868312330692,1.7560975609756098,1.7560975609756098,0.0446138341463414,0.8780487804878049,1.3170731707317074,2.6341463414634148,0.04921344,10.097560975609756,LW,40,80,30,70,40,30,80,80,40,80,80,80,80,40,50,100,100,60,30,40,70,60,70,50,60,60,80,100,40,20,60,40,20,30,80,40,70,50,20,60,60,60,40,80,40,60,40,60,60,40,80,80,40,80,100,100,100,40,40,100,100,100,30,40,80,60,80,50,60,60,80,100,40,20,60,40,20,30,80,40,100,60,40,60,60,60,40,60,Austrian Bundesliga
Rapid,eljjik2vvlpy6d649mgwwivam,agtlfzn9zrrj10tx1tov0uulm,B. Bolla,Bendegúz Bolla,26,Defender,Hungary,Defender,112.0,100.0,11.0,206.0,0.0,7.0,3.0,2.0,1.0,1.0,2.0,2.0,3.0,4.0,2.0,270.0,4.0,1.0,0.0,2.0,6.0,0.0,0.0,0.0,0.0,0.0,0.0,91.15,52.38,40.0,0.0,0.0,20.0,0.0,100.0,0.2516403616454095,0.789219636160198,1.0,11.0,0.2865735,5.0,16.0,21.0,0.6203898500000004,99.0,37.333333333333336,33.333333333333336,3.6666666666666665,68.66666666666667,0.0,2.333333333333333,1.0,0.6666666666666666,0.3333333333333333,0.3333333333333333,0.6666666666666666,0.6666666666666666,1.0,1.3333333333333333,0.6666666666666666,1.3333333333333333,0.3333333333333333,0.0,0.6666666666666666,2.0,0.0,0.0,0.0,0.0,0.0,0.0,91.15,52.38,40.0,0.0,0.0,20.0,0.0,100.0,0.0838801205484698,0.2630732120533993,0.3333333333333333,3.6666666666666665,0.0955245,1.6666666666666667,5.333333333333333,7.0,0.2067966166666668,33.0,RB/RCB,93,100,80,100,7,100,60,63,53,70,53,53,7,33,40,60,30,27,43,100,30,53,50,43,53,53,93,40,87,27,30,7,7,93,53,100,60,93,87,93,80,83,80,93,93,100,80,93,7,100,67,73,50,73,53,47,7,20,50,60,23,27,33,100,30,53,50,43,53,53,93,40,87,27,30,7,7,93,60,100,57,87,87,80,87,90,80,93,Austrian Bundesliga
Rapid,eljjik2vvlpy6d649mgwwivam,aw5of6drnaorje2233ocvph7u,Y. Demir,Yusuf Demir,23,Attacker,Austria,Striker,26.0,83.0,10.0,104.0,0.0,8.0,10.0,6.0,4.0,2.0,7.0,10.0,22.0,1.0,2.0,232.0,13.0,13.0,2.0,5.0,5.0,5.0,0.0,1.0,0.0,0.0,0.0,81.89,71.43,25.0,28.57,50.0,59.46,0.0,71.43,0.8485164251244525,0.8924851869932937,2.0,15.0,0.4303344099999999,4.0,15.0,17.0,1.1714893100000003,52.0,10.086206896551724,32.19827586206896,3.879310344827586,40.3448275862069,0.0,3.103448275862069,3.879310344827586,2.327586206896552,1.5517241379310345,0.7758620689655172,2.71551724137931,3.879310344827586,8.534482758620689,0.3879310344827586,0.7758620689655172,5.043103448275862,5.043103448275862,0.7758620689655172,1.939655172413793,1.939655172413793,1.939655172413793,0.0,0.3879310344827586,0.0,0.0,0.0,81.89,71.43,25.0,28.57,50.0,59.46,0.0,71.43,0.329165854574141,0.3462227018508467,0.7758620689655172,5.818965517241379,0.1669400728448275,1.5517241379310345,5.818965517241379,6.594827586206896,0.4544570599137932,20.17241379310345,RW,100,100,100,100,30,100,100,100,80,70,40,40,100,30,90,60,100,40,100,90,100,50,70,40,60,60,80,60,90,40,70,100,30,40,100,100,80,100,80,80,100,100,100,100,100,100,100,100,30,100,100,100,100,80,60,60,100,20,100,80,100,40,100,80,100,50,80,40,60,60,80,60,90,40,70,100,30,40,100,100,80,80,80,100,100,100,100,100,Austrian Bundesliga
Rapid,eljjik2vvlpy6d649mgwwivam,brs96wp9u2t10tsqfdwcyhnth,J. Horn,Jannes Horn,29,Defender,Germany,Defender,71.0,86.0,4.0,154.0,0.0,4.0,5.0,2.0,3.0,1.0,2.0,2.0,9.0,4.0,1.0,261.0,4.0,2.0,2.0,4.0,3.0,2.0,0.0,1.0,1.0,0.0,0.0,93.33,57.14,21.43,100.0,40.0,60.0,0.0,80.0,0.3564507489042529,0.3714194739109361,3.0,9.0,0.21122541,8.0,15.0,14.0,0.6976396599999997,65.0,24.48275862068965,29.655172413793103,1.3793103448275863,53.10344827586207,0.0,1.3793103448275863,1.7241379310344829,0.6896551724137931,1.0344827586206895,0.3448275862068966,0.6896551724137931,0.6896551724137931,3.103448275862069,1.3793103448275863,0.3448275862068966,1.3793103448275863,0.6896551724137931,0.6896551724137931,1.3793103448275863,1.0344827586206895,0.6896551724137931,0.0,0.3448275862068966,0.3448275862068966,0.0,0.0,93.33,57.14,21.43,100.0,40.0,60.0,0.0,80.0,0.1229140513462941,0.1280756806589434,1.0344827586206895,3.103448275862069,0.072836348275862,2.7586206896551726,5.172413793103448,4.827586206896552,0.2405653999999999,22.41379310344828,LB/LCB,78,94,50,89,6,69,97,69,97,72,47,44,22,25,25,39,56,67,56,69,92,53,94,78,53,53,89,89,50,97,83,56,6,67,83,67,100,89,83,94,89,69,78,83,78,89,39,89,6,67,100,72,100,83,44,39,11,28,22,56,50,72,61,78,89,53,94,78,53,53,89,89,50,97,83,56,6,67,78,67,100,89,78,89,89,72,83,78,Austrian Bundesliga
Rapid,eljjik2vvlpy6d649mgwwivam,n2annzbap7hll02zo2v0ccgk,T. Adamsen,Tonni Adamsen,31,Attacker,Denmark,Striker,24.0,46.0,5.0,69.0,3.0,3.0,7.0,6.0,1.0,0.0,3.0,4.0,8.0,3.0,2.0,227.0,12.0,3.0,2.0,0.0,1.0,5.0,0.0,4.0,0.0,0.0,0.0,73.4,71.43,33.33,66.67,71.43,53.33,75.0,0.0,1.1752944730669548,0.3349280635714849,1.0,3.0,0.07476922,2.0,11.0,12.0,0.50478702,30.0,9.515418502202644,18.237885462555067,1.9823788546255507,27.3568281938326,1.1894273127753303,1.1894273127753303,2.775330396475771,2.378854625550661,0.3964757709251101,0.0,1.1894273127753303,1.5859030837004406,3.1718061674008813,1.1894273127753303,0.7929515418502203,4.757709251101322,1.1894273127753303,0.7929515418502203,0.0,0.3964757709251101,1.9823788546255507,0.0,1.5859030837004406,0.0,0.0,0.0,73.4,71.43,33.33,66.67,71.43,53.33,75.0,0.0,0.465975782273242,0.1327908622089587,0.3964757709251101,1.1894273127753303,0.0296441841409691,0.7929515418502203,4.361233480176211,4.757709251101322,0.200135822907489,11.894273127753303,ST,100,97,98,100,50,71,72,78,48,24,55,76,59,78,95,71,83,76,19,84,93,52,98,43,52,52,66,91,90,81,93,97,97,19,90,79,43,71,66,78,100,97,100,98,97,93,90,100,38,62,52,69,45,24,38,62,38,72,86,48,79,69,19,83,83,52,97,43,52,52,66,91,90,81,93,97,97,19,86,76,38,66,59,66,97,97,90,97,Austrian Bundesliga
Sturm Graz,4lauow63npvttmvxgh2koqb0r,27bs002m82i4a2s8d3x2xusr8,L. Balbo,Luís Balbo,20,Defender,Venezuela,Defender,8.0,25.0,1.0,32.0,1.0,2.0,0.0,0.0,0.0,0.0,1.0,1.0,4.0,1.0,0.0,109.0,0.0,2.0,0.0,0.0,1.0,0.0,0.0,0.0,0.0,0.0,0.0,68.09,16.67,10.0,0.0,0.0,36.36,25.0,0.0,0.0,0.161623841985067,0.0,3.0,0.0719752999999999,2.0,2.0,6.0,0.1981366099999998,15.0,6.605504587155964,20.642201834862387,0.8256880733944955,26.42201834862385,0.8256880733944955,1.651376146788991,0.0,0.0,0.0,0.0,0.8256880733944955,0.8256880733944955,3.302752293577982,0.8256880733944955,0.0,0.0,1.651376146788991,0.0,0.0,0.8256880733944955,0.0,0.0,0.0,0.0,0.0,0.0,68.09,16.67,10.0,0.0,0.0,36.36,25.0,0.0,0.0,0.1334508787032663,0.0,2.4770642201834865,0.0594291467889907,1.651376146788991,1.651376146788991,4.954128440366973,0.1635990357798163,12.385321100917432,LB/LCB,6,17,6,6,11,44,11,17,31,28,33,33,6,11,11,6,56,25,8,44,31,53,44,31,53,53,11,11,33,25,31,6,14,8,11,44,31,36,33,58,19,31,33,11,6,72,17,28,22,72,11,17,31,28,56,50,22,11,11,6,83,25,8,61,31,53,44,31,53,53,11,11,33,25,31,6,14,8,11,72,31,72,72,78,44,78,61,39,Austrian Bundesliga
Sturm Graz,4lauow63npvttmvxgh2koqb0r,4gzjrpmzpe4lqlb6kj82tgquh,J. Heil,Jürgen Heil,29,Midfielder,Austria,Midfielder,40.0,86.0,15.0,123.0,2.0,7.0,4.0,2.0,2.0,2.0,9.0,9.0,23.0,6.0,4.0,354.0,4.0,7.0,5.0,5.0,3.0,1.0,0.0,0.0,0.0,0.0,0.0,79.35,53.57,33.33,55.56,25.0,58.97,20.0,50.0,0.2282206369977021,0.6284232219952968,2.0,6.0,0.14297611,2.0,19.0,26.0,1.1654434,72.0,10.16949152542373,21.864406779661017,3.8135593220338975,31.27118644067797,0.5084745762711864,1.779661016949153,1.0169491525423728,0.5084745762711864,0.5084745762711864,0.5084745762711864,2.288135593220339,2.288135593220339,5.8474576271186445,1.5254237288135597,1.0169491525423728,1.0169491525423728,1.779661016949153,1.2711864406779665,1.2711864406779665,0.7627118644067797,0.2542372881355932,0.0,0.0,0.0,0.0,0.0,79.35,53.57,33.33,55.56,25.0,58.97,20.0,50.0,0.0580221958468734,0.1597686157615161,0.5084745762711864,1.5254237288135597,0.0363498584745762,0.5084745762711864,4.830508474576272,6.610169491525424,0.2962991694915254,18.30508474576272,RM/RCM,67,100,100,78,50,94,83,72,83,89,89,89,94,78,94,67,100,89,78,67,72,56,50,50,56,56,33,44,56,56,72,89,44,61,67,89,72,33,33,33,100,100,100,89,44,67,89,56,33,67,44,44,56,78,78,78,89,78,89,44,89,67,67,56,67,56,50,50,56,56,33,44,56,56,72,89,44,61,33,67,44,33,33,33,78,89,89,78,Austrian Bundesliga
Sturm Graz,4lauow63npvttmvxgh2koqb0r,527vt3q3cwydkq1p8zseqjllg,J. Hödl,Jacob Hödl,19,Midfielder,Austria,Midfielder,17.0,64.0,4.0,79.0,3.0,3.0,11.0,5.0,6.0,4.0,26.0,27.0,28.0,4.0,1.0,341.0,14.0,8.0,14.0,2.0,2.0,3.0,0.0,0.0,0.0,0.0,0.0,73.83,66.67,22.22,53.85,27.27,48.28,37.5,66.67,0.897535004882447,0.220708685110729,8.0,9.0,0.22250031,2.0,13.0,22.0,0.4929952299999998,47.0,4.486803519061584,16.89149560117302,1.0557184750733135,20.85043988269795,0.7917888563049854,0.7917888563049854,2.903225806451613,1.3196480938416422,1.5835777126099708,1.0557184750733135,6.86217008797654,7.126099706744868,7.390029325513197,1.0557184750733135,0.2639296187683284,3.6950146627566,2.1114369501466275,3.6950146627566,0.5278592375366569,0.5278592375366569,0.7917888563049854,0.0,0.0,0.0,0.0,0.0,73.83,66.67,22.22,53.85,27.27,48.28,37.5,66.67,0.236886071669854,0.0582515591201337,2.1114369501466275,2.375366568914956,0.0587244219941349,0.5278592375366569,3.43108504398827,5.806451612903226,0.1301160431085043,12.404692082111437,CM/AM,41,74,56,59,83,48,96,89,96,100,100,100,100,89,46,89,96,100,54,67,87,52,48,41,52,52,19,67,44,74,59,56,59,67,96,44,100,81,78,50,76,96,78,67,26,48,37,30,70,22,85,85,74,85,100,100,85,70,33,85,89,100,30,59,74,52,48,41,52,52,19,67,44,74,59,56,59,67,78,26,96,56,59,33,48,85,44,37,Austrian Bundesliga
Sturm Graz,4lauow63npvttmvxgh2koqb0r,66cbdz994twrl9jv46z1ikyne,S. Jatta,Seedy Jatta,23,Attacker,Norway,Striker,1.0,13.0,0.0,14.0,3.0,2.0,8.0,7.0,1.0,2.0,9.0,9.0,9.0,1.0,0.0,215.0,13.0,4.0,1.0,1.0,0.0,4.0,0.0,2.0,0.0,0.0,0.0,56.0,0.0,0.0,11.11,50.0,25.0,25.0,100.0,0.5691296680293452,0.2027509534893166,2.0,2.0,0.05267442,0.0,2.0,4.0,0.08762369,9.0,0.4186046511627907,5.441860465116279,0.0,5.8604651162790695,1.255813953488372,0.8372093023255814,3.3488372093023258,2.9302325581395348,0.4186046511627907,0.8372093023255814,3.767441860465116,3.767441860465116,3.767441860465116,0.4186046511627907,0.0,5.441860465116279,1.6744186046511629,0.4186046511627907,0.4186046511627907,0.0,1.6744186046511629,0.0,0.8372093023255814,0.0,0.0,0.0,56.0,0.0,0.0,11.11,50.0,25.0,25.0,100.0,0.2382403261518189,0.0848724921583185,0.8372093023255814,0.8372093023255814,0.0220497572093023,0.0,0.8372093023255814,1.6744186046511629,0.0366796841860465,3.767441860465116,ST,5,31,28,12,50,38,83,86,48,86,95,93,67,47,33,79,95,50,62,36,81,52,81,43,52,52,21,28,36,34,62,14,36,81,38,59,66,53,48,26,53,66,41,50,3,28,28,7,41,21,69,83,48,86,90,90,55,41,33,66,93,41,55,36,79,52,76,43,52,52,21,28,36,34,62,14,36,81,38,48,69,52,48,26,48,62,45,34,Austrian Bundesliga
Sturm Graz,4lauow63npvttmvxgh2koqb0r,66uku37tf28o5ksht0mzwnu8l,A. Vallci,Albert Vallci,31,Defender,Austria,Defender,117.0,80.0,21.0,197.0,11.0,1.0,5.0,2.0,3.0,1.0,4.0,5.0,25.0,27.0,2.0,360.0,6.0,3.0,4.0,5.0,0.0,0.0,0.0,0.0,0.0,0.0,0.0,82.08,58.33,0.0,100.0,0.0,75.76,64.71,71.43,0.4089608889019287,0.0430402751306476,2.0,3.0,0.07767033,3.0,29.0,28.0,0.4891903699999997,136.0,29.25,20.0,5.25,49.25,2.75,0.25,1.25,0.5,0.75,0.25,1.0,1.25,6.25,6.75,0.5,1.5,0.75,1.0,1.25,0.0,0.0,0.0,0.0,0.0,0.0,0.0,82.08,58.33,0.0,100.0,0.0,75.76,64.71,71.43,0.1022402222254821,0.0107600687826619,0.5,0.75,0.0194175825,0.75,7.25,7.0,0.1222975924999999,34.0,RB/RCB,100,87,100,93,93,37,87,63,90,70,70,73,93,100,40,73,73,90,97,30,30,53,50,43,53,53,40,63,30,93,30,93,47,60,80,33,93,47,47,43,100,100,67,100,67,80,100,80,93,33,80,60,80,63,63,73,93,80,33,67,57,80,83,30,30,53,50,43,53,53,40,63,30,93,30,93,47,60,80,33,80,47,47,37,100,90,67,100,Austrian Bundesliga
Sturm Graz,4lauow63npvttmvxgh2koqb0r,6f3c55lmvbkyifp466cepudt6,S. Włodarczyk,Szymon Wlodarczyk,23,Attacker,Poland,Striker,1.0,20.0,0.0,21.0,4.0,2.0,7.0,5.0,2.0,3.0,3.0,3.0,6.0,1.0,0.0,212.0,16.0,0.0,1.0,0.0,0.0,1.0,0.0,1.0,0.0,0.0,0.0,58.33,0.0,0.0,33.33,14.29,31.58,36.36,0.0,0.6097422149077061,0.2490126508363462,3.0,2.0,0.05710404,2.0,1.0,2.0,0.24106723,7.0,0.4245283018867924,8.49056603773585,0.0,8.915094339622641,1.6981132075471697,0.8490566037735848,2.971698113207548,2.1226415094339623,0.8490566037735848,1.2735849056603774,1.2735849056603774,1.2735849056603774,2.547169811320755,0.4245283018867924,0.0,6.792452830188679,0.0,0.4245283018867924,0.0,0.0,0.4245283018867924,0.0,0.4245283018867924,0.0,0.0,0.0,58.33,0.0,0.0,33.33,14.29,31.58,36.36,0.0,0.2588528270834601,0.1057129178078828,1.2735849056603774,0.8490566037735848,0.0242422811320754,0.8490566037735848,0.4245283018867924,0.8490566037735848,0.1023398617924528,2.971698113207548,ST,5,69,28,48,62,38,72,67,78,97,55,52,40,47,33,91,12,50,19,36,21,52,55,43,52,52,31,28,36,47,14,24,41,19,52,69,86,53,55,78,31,41,79,29,7,55,28,28,59,24,59,59,76,97,45,38,28,45,33,83,12,45,19,36,14,52,55,43,52,52,31,28,36,47,14,24,41,19,52,66,76,55,52,72,28,38,79,24,Austrian Bundesliga
Sturm Graz,4lauow63npvttmvxgh2koqb0r,alp8twr3g2rmfmnguffsfovtg,N. Weiper,Nelson Weiper,21,Attacker,Germany,Striker,2.0,17.0,0.0,19.0,1.0,2.0,4.0,4.0,0.0,1.0,2.0,2.0,2.0,2.0,0.0,130.0,11.0,0.0,1.0,0.0,0.0,2.0,0.0,2.0,0.0,0.0,0.0,90.48,0.0,0.0,50.0,50.0,12.5,16.67,0.0,0.6559848752033559,0.0,0.0,1.0,0.02953272,2.0,2.0,3.0,0.04902998,12.0,1.3846153846153846,11.76923076923077,0.0,13.153846153846152,0.6923076923076923,1.3846153846153846,2.769230769230769,2.769230769230769,0.0,0.6923076923076923,1.3846153846153846,1.3846153846153846,1.3846153846153846,1.3846153846153846,0.0,7.615384615384616,0.0,0.6923076923076923,0.0,0.0,1.3846153846153846,0.0,1.3846153846153846,0.0,0.0,0.0,90.48,0.0,0.0,50.0,50.0,12.5,16.67,0.0,0.4541433751407848,0.0,0.0,0.6923076923076923,0.0204457292307692,1.3846153846153846,1.3846153846153846,2.076923076923077,0.0339438323076923,8.307692307692308,ST,14,53,28,36,28,38,34,50,16,62,31,26,10,64,33,55,12,50,19,36,43,52,81,43,52,52,97,28,36,67,62,3,26,19,59,7,17,33,38,78,53,59,28,64,14,79,28,66,28,72,48,76,16,76,52,45,7,76,33,90,12,62,19,36,55,52,90,43,52,52,97,28,36,67,62,3,26,19,83,7,17,34,45,86,66,72,31,83,Austrian Bundesliga
Sturm Graz,4lauow63npvttmvxgh2koqb0r,ama5onfgpegsy6xcuf6oqdxqs,P. Petrović,Petar Petrovic,21,Defender,Serbia,Defender,44.0,27.0,6.0,71.0,1.0,0.0,1.0,0.0,1.0,0.0,0.0,0.0,6.0,11.0,2.0,169.0,0.0,1.0,0.0,3.0,0.0,0.0,0.0,0.0,0.0,0.0,0.0,83.53,60.0,0.0,0.0,0.0,46.15,14.29,75.0,0.0391204015804169,0.0,1.0,3.0,0.0505678799999999,1.0,5.0,6.0,0.149313,48.0,23.43195266272189,14.378698224852071,3.195266272189349,37.81065088757396,0.5325443786982249,0.0,0.5325443786982249,0.0,0.5325443786982249,0.0,0.0,0.0,3.195266272189349,5.8579881656804735,1.0650887573964498,0.0,0.5325443786982249,0.0,1.5976331360946745,0.0,0.0,0.0,0.0,0.0,0.0,0.0,83.53,60.0,0.0,0.0,0.0,46.15,14.29,75.0,0.0208333499540681,0.0,0.5325443786982249,1.5976331360946745,0.0269296402366863,0.5325443786982249,2.662721893491124,3.195266272189349,0.079515798816568,25.562130177514792,CB,14,36,36,19,10,26,43,19,88,40,31,29,21,45,26,10,50,36,67,48,38,45,48,48,52,52,19,67,48,36,38,12,5,79,24,31,88,83,81,74,48,50,48,38,19,57,57,29,10,26,48,19,95,40,31,29,19,62,29,10,62,36,81,48,38,45,48,48,52,52,19,67,48,36,38,12,5,79,29,31,95,86,81,86,57,62,57,52,Austrian Bundesliga
Sturm Graz,4lauow63npvttmvxgh2koqb0r,cggah5zr49tcv3k83cf77s0t0,L. Weinhandl,Luca Weinhandl,17,Midfielder,Austria,Midfielder,35.0,60.0,5.0,95.0,5.0,4.0,1.0,0.0,1.0,0.0,15.0,15.0,26.0,4.0,3.0,270.0,6.0,4.0,8.0,5.0,0.0,0.0,0.0,0.0,0.0,0.0,0.0,78.51,55.56,0.0,53.33,0.0,55.32,83.33,55.56,0.0442484456129122,0.2678054675555137,1.0,6.0,0.13986314,5.0,13.0,16.0,0.55039502,50.0,11.666666666666666,20.0,1.6666666666666667,31.666666666666668,1.6666666666666667,1.3333333333333333,0.3333333333333333,0.0,0.3333333333333333,0.0,5.0,5.0,8.666666666666666,1.3333333333333333,1.0,2.0,1.3333333333333333,2.6666666666666665,1.6666666666666667,0.0,0.0,0.0,0.0,0.0,0.0,0.0,78.51,55.56,0.0,53.33,0.0,55.32,83.33,55.56,0.0147494818709707,0.0892684891851712,0.3333333333333333,2.0,0.0466210466666666,1.6666666666666667,4.333333333333333,5.333333333333333,0.1834650066666666,16.666666666666668,CM/AM,70,67,61,70,96,67,19,22,30,24,96,96,96,89,83,72,85,96,94,19,19,52,48,41,52,52,37,52,19,70,19,74,100,52,11,56,35,63,59,78,76,83,85,74,56,59,48,63,89,44,11,22,19,24,96,96,93,89,74,57,74,89,91,19,19,52,48,41,52,52,37,52,19,70,19,74,100,52,11,37,22,44,52,67,67,78,70,65,Austrian Bundesliga
Sturm Graz,4lauow63npvttmvxgh2koqb0r,cx0tfbu2oeud2jjen08kzc1cl,J. Gorenc Stankovič,Jon Gorenc Stankovic,30,Midfielder,Slovenia,Midfielder,67.0,106.0,17.0,171.0,8.0,3.0,3.0,1.0,2.0,1.0,3.0,3.0,17.0,7.0,3.0,360.0,5.0,4.0,1.0,2.0,2.0,0.0,0.0,0.0,0.0,0.0,0.0,79.17,53.12,33.33,33.33,0.0,45.95,61.54,50.0,0.2422847461461842,0.1693094689617288,2.0,3.0,0.05544015,0.0,33.0,40.0,0.7755450199999999,106.0,16.75,26.5,4.25,42.75,2.0,0.75,0.75,0.25,0.5,0.25,0.75,0.75,4.25,1.75,0.75,1.25,1.0,0.25,0.5,0.5,0.0,0.0,0.0,0.0,0.0,0.0,79.17,53.12,33.33,33.33,0.0,45.95,61.54,50.0,0.060571186536546,0.0423273672404322,0.5,0.75,0.0138600375,0.0,8.25,10.0,0.1938862549999999,26.5,DM/CM,67,94,94,94,92,64,58,56,61,53,53,50,69,69,61,81,58,53,39,92,33,53,44,47,50,50,39,50,83,56,33,28,94,44,39,56,72,39,28,19,100,100,100,94,50,89,94,89,83,56,50,47,53,42,44,39,44,56,50,72,42,44,25,89,33,53,44,47,50,50,39,50,83,56,33,28,94,44,39,50,56,25,22,19,94,94,94,89,Austrian Bundesliga
Sturm Graz,4lauow63npvttmvxgh2koqb0r,dbqgmuymumfsf2z0po02o8zkk,E. Soglo,Emran Soglo,21,Defender,England,Defender,35.0,66.0,3.0,92.0,3.0,6.0,2.0,1.0,1.0,1.0,12.0,13.0,24.0,12.0,3.0,251.0,7.0,3.0,7.0,10.0,9.0,1.0,0.0,0.0,1.0,0.0,0.0,77.31,27.27,34.62,58.33,50.0,64.86,60.0,90.91,0.135858339368247,0.6836573156355719,1.0,12.0,0.42016667,2.0,7.0,15.0,0.8569610799999998,61.0,12.54980079681275,23.665338645418327,1.0756972111553786,32.98804780876494,1.0756972111553786,2.1513944223107573,0.7171314741035857,0.3585657370517928,0.3585657370517928,0.3585657370517928,4.302788844621515,4.661354581673307,8.60557768924303,4.302788844621515,1.0756972111553786,2.50996015936255,1.0756972111553786,2.50996015936255,3.5856573705179287,3.227091633466136,0.3585657370517928,0.0,0.0,0.3585657370517928,0.0,0.0,77.31,27.27,34.62,58.33,50.0,64.86,60.0,90.91,0.048714145590208,0.245136089271719,0.3585657370517928,4.302788844621515,0.1506573717131474,0.7171314741035857,2.50996015936255,5.378486055776893,0.3072768812749003,21.872509960159363,LB/LCB,33,86,33,56,39,81,50,42,69,72,100,100,92,50,64,86,75,100,100,100,72,53,44,78,53,53,44,22,72,61,89,72,64,83,39,94,69,100,100,58,56,86,100,78,28,78,33,56,39,83,50,50,78,89,100,100,100,61,67,83,72,100,100,100,83,53,44,83,53,53,44,22,72,61,89,72,64,83,39,89,78,100,94,61,56,89,94,72,Austrian Bundesliga
Sturm Graz,4lauow63npvttmvxgh2koqb0r,dgznfc5d7oyrb6nh5r76h6t7u,G. Mamageishvili,Gizo Mamageishvili,23,Midfielder,Georgia,Midfielder,5.0,28.0,2.0,30.0,2.0,3.0,7.0,4.0,3.0,2.0,2.0,2.0,6.0,0.0,0.0,103.0,9.0,1.0,1.0,1.0,3.0,1.0,0.0,0.0,0.0,0.0,0.0,78.95,40.0,33.33,50.0,14.29,40.0,66.67,50.0,0.6034924264570352,0.3275895734907051,2.0,4.0,0.1160605899999999,0.0,4.0,9.0,0.4036374599999999,19.0,4.368932038834951,24.466019417475728,1.7475728155339807,26.21359223300971,1.7475728155339807,2.621359223300971,6.116504854368932,3.4951456310679614,2.621359223300971,1.7475728155339807,1.7475728155339807,1.7475728155339807,5.242718446601942,0.0,0.0,7.864077669902913,0.8737864077669903,0.8737864077669903,0.8737864077669903,2.621359223300971,0.8737864077669903,0.0,0.0,0.0,0.0,0.0,78.95,40.0,33.33,50.0,14.29,40.0,66.67,50.0,0.5273234794284773,0.2862433166423637,1.7475728155339807,3.4951456310679614,0.1014121660194173,0.0,3.4951456310679614,7.864077669902913,0.3526929262135921,16.601941747572816,CM/AM,7,30,28,19,70,48,83,85,69,74,35,30,33,13,17,85,19,44,30,78,56,52,48,41,52,52,44,19,69,54,37,41,89,41,81,67,67,44,56,9,26,56,67,33,22,74,56,44,96,89,100,100,93,100,63,63,78,13,17,100,48,63,57,93,78,52,48,41,52,52,44,19,69,54,37,41,89,41,100,89,93,78,85,9,56,96,100,59,Austrian Bundesliga
Sturm Graz,4lauow63npvttmvxgh2koqb0r,dso3n9xn34feyp4dps4ebspd6,S. Seidl,Simon Seidl,23,Midfielder,Austria,Midfielder,15.0,73.0,3.0,81.0,0.0,13.0,8.0,6.0,2.0,3.0,4.0,4.0,4.0,2.0,2.0,274.0,21.0,2.0,0.0,0.0,7.0,4.0,0.0,0.0,3.0,0.0,0.0,81.0,100.0,24.14,0.0,50.0,19.05,0.0,0.0,0.8693187235604627,1.3271043533919928,1.0,9.0,0.24362124,7.0,8.0,15.0,0.97421391,44.0,4.927007299270073,23.978102189781023,0.9854014598540146,26.605839416058394,0.0,4.27007299270073,2.6277372262773726,1.9708029197080288,0.6569343065693432,0.9854014598540146,1.3138686131386863,1.3138686131386863,1.3138686131386863,0.6569343065693432,0.6569343065693432,6.897810218978103,0.6569343065693432,0.0,0.0,2.2992700729927007,1.3138686131386863,0.0,0.0,0.9854014598540146,0.0,0.0,81.0,100.0,24.14,0.0,50.0,19.05,0.0,0.0,0.2855426464249695,0.4359101890703626,0.3284671532846716,2.956204379562044,0.0800215751824817,2.2992700729927007,2.6277372262773726,4.927007299270073,0.3199972697080292,14.452554744525548,CM/AM,31,78,44,63,17,100,89,93,50,91,59,54,17,61,69,100,44,17,13,94,94,52,48,100,52,52,56,94,48,17,93,4,22,13,93,100,35,81,85,91,54,74,100,63,30,70,26,48,17,100,81,89,44,78,44,37,4,52,59,96,26,17,13,89,89,52,48,100,52,52,56,94,48,17,93,4,22,13,89,100,19,63,70,81,37,67,96,56,Austrian Bundesliga
Sturm Graz,4lauow63npvttmvxgh2koqb0r,fk5jsd7bd9fz7ckd8b1wbeju,P. Koller,Paul-Friedrich Koller,24,Defender,Austria,Defender,31.0,14.0,2.0,45.0,7.0,0.0,0.0,0.0,0.0,0.0,0.0,0.0,8.0,10.0,2.0,106.0,1.0,1.0,0.0,0.0,0.0,0.0,0.0,0.0,0.0,0.0,0.0,81.82,33.33,0.0,0.0,0.0,47.06,53.85,0.0,0.0,0.0,0.0,0.0,0.0,0.0,0.0,0.0,0.0,0.0,26.32075471698113,11.88679245283019,1.6981132075471697,38.20754716981132,5.943396226415095,0.0,0.0,0.0,0.0,0.0,0.0,0.0,6.792452830188679,8.49056603773585,1.6981132075471697,0.8490566037735848,0.8490566037735848,0.0,0.0,0.0,0.0,0.0,0.0,0.0,0.0,0.0,81.82,33.33,0.0,0.0,0.0,47.06,53.85,0.0,0.0,0.0,0.0,0.0,0.0,0.0,0.0,0.0,0.0,0.0,LB/LCB,17,6,14,11,78,11,11,17,31,28,14,14,17,44,42,17,22,25,8,17,31,53,44,31,53,53,61,39,17,25,31,22,44,8,11,11,31,11,11,17,6,8,6,6,94,28,47,72,100,11,11,17,31,28,14,14,94,100,83,33,67,25,8,17,31,53,44,31,53,53,61,39,17,25,31,22,44,8,11,11,31,11,11,17,6,8,6,6,Austrian Bundesliga
Ried,do3l4dhs0ooog6se728jxc06z,2ecagvrfx1k0qrj4rcclkwaok,O. Sorg,Oliver Sorg,19,Defender,Austria,Defender,41.0,53.0,3.0,93.0,3.0,3.0,3.0,2.0,1.0,1.0,5.0,5.0,17.0,4.0,3.0,320.0,6.0,3.0,3.0,7.0,1.0,1.0,0.0,0.0,0.0,0.0,0.0,77.5,50.0,16.67,60.0,33.33,58.62,50.0,87.5,0.2667600750267347,0.2671414740873665,1.0,6.0,0.18382909,4.0,11.0,14.0,0.3549684000000001,44.0,11.53125,14.90625,0.84375,26.15625,0.84375,0.84375,0.84375,0.5625,0.28125,0.28125,1.40625,1.40625,4.78125,1.125,0.84375,1.6875,0.84375,0.84375,1.96875,0.28125,0.28125,0.0,0.0,0.0,0.0,0.0,77.5,50.0,16.67,60.0,33.33,58.62,50.0,87.5,0.0750262711012691,0.0751335395870718,0.28125,1.6875,0.0517019315625,1.125,3.09375,3.9375,0.0998348625,12.375,LB/LCB,39,67,33,61,39,56,72,69,69,72,83,83,61,25,64,72,75,81,78,44,72,53,44,31,53,53,50,72,39,67,75,50,33,78,56,56,69,78,78,78,72,69,50,44,22,56,28,22,33,44,67,56,67,72,78,78,39,22,61,67,61,78,78,44,72,53,44,31,53,53,50,72,39,67,75,50,33,78,56,50,67,61,67,72,61,50,39,33,Austrian Bundesliga
Ried,do3l4dhs0ooog6se728jxc06z,2gp49m9e7o316x7uonjnomhhw,Jussef Nasrawe,Jussef Nasrawe,19,Midfielder,Iraq,Midfielder,25.0,55.0,12.0,75.0,2.0,4.0,3.0,1.0,2.0,0.0,6.0,6.0,9.0,1.0,0.0,201.0,1.0,1.0,4.0,1.0,5.0,1.0,0.0,1.0,0.0,0.0,0.0,83.33,85.71,38.46,66.67,33.33,40.91,50.0,50.0,0.1059740042246489,0.5739095698661683,3.0,8.0,0.17940563,4.0,11.0,16.0,0.2739185299999999,39.0,11.194029850746269,24.62686567164179,5.3731343283582085,33.582089552238806,0.8955223880597015,1.791044776119403,1.343283582089552,0.4477611940298507,0.8955223880597015,0.0,2.686567164179104,2.686567164179104,4.029850746268656,0.4477611940298507,0.0,0.4477611940298507,0.4477611940298507,1.791044776119403,0.4477611940298507,2.238805970149253,0.4477611940298507,0.0,0.4477611940298507,0.0,0.0,0.0,83.33,85.71,38.46,66.67,33.33,40.91,50.0,50.0,0.0474510466677532,0.2569744342684335,1.343283582089552,3.582089552238806,0.0803308791044776,1.791044776119403,4.925373134328358,7.164179104477612,0.1226500880597014,17.46268656716418,RM/RCM,44,56,89,44,50,72,61,44,83,28,78,78,44,28,17,22,44,78,39,83,72,56,100,50,56,56,67,89,67,72,89,44,83,61,22,67,94,78,78,72,67,67,44,56,56,78,100,67,56,78,100,33,89,28,89,89,56,22,17,22,44,89,33,89,89,56,100,50,56,56,67,89,67,72,89,44,83,61,22,89,100,78,78,89,89,100,44,67,Austrian Bundesliga
Ried,do3l4dhs0ooog6se728jxc06z,4av68w3ljl5c3yxexh91p51xw,J. Rhodes,Jaedin Rhodes,23,Midfielder,South Africa,Midfielder,10.0,29.0,2.0,38.0,1.0,5.0,5.0,2.0,3.0,3.0,4.0,6.0,7.0,1.0,3.0,173.0,7.0,1.0,2.0,3.0,1.0,2.0,0.0,0.0,0.0,0.0,0.0,76.0,66.67,50.0,50.0,40.0,58.33,0.0,100.0,0.3956582186990724,0.5241924916092094,3.0,3.0,0.07316805,1.0,6.0,6.0,0.4517735999999999,17.0,5.202312138728324,15.08670520231214,1.0404624277456649,19.76878612716763,0.5202312138728323,2.601156069364162,2.601156069364162,1.0404624277456649,1.560693641618497,1.560693641618497,2.0809248554913293,3.121387283236994,3.6416184971098255,0.5202312138728323,1.560693641618497,3.6416184971098255,0.5202312138728323,1.0404624277456649,1.560693641618497,0.5202312138728323,1.0404624277456649,0.0,0.0,0.0,0.0,0.0,76.0,66.67,50.0,50.0,40.0,58.33,0.0,100.0,0.205833755392581,0.2727012962128835,1.560693641618497,1.560693641618497,0.038064303468208,0.5202312138728323,3.121387283236994,3.121387283236994,0.2350267283236993,8.84393063583815,CM/AM,26,33,28,22,48,72,69,70,69,91,59,78,44,37,83,78,19,63,81,50,80,52,48,41,52,52,30,67,91,54,83,89,22,94,70,74,81,30,33,28,43,35,70,24,33,26,33,22,56,85,78,78,70,96,70,70,52,48,93,81,15,70,85,56,81,52,48,41,52,52,30,67,91,54,83,89,22,94,70,81,85,30,30,30,44,37,89,22,Austrian Bundesliga
Ried,do3l4dhs0ooog6se728jxc06z,4kd6nnylpdwodl8d8uvojl78,P. Sissoko,Pape Sissoko,20,Attacker,Mali,Striker,6.0,19.0,3.0,25.0,5.0,2.0,7.0,4.0,3.0,0.0,6.0,6.0,14.0,0.0,1.0,170.0,9.0,1.0,5.0,1.0,0.0,3.0,0.0,2.0,0.0,0.0,0.0,67.57,60.0,0.0,83.33,42.86,51.85,45.45,33.33,0.5971087224132292,0.0923496828957598,3.0,3.0,0.07364401,0.0,6.0,5.0,0.1075749199999999,13.0,3.1764705882352944,10.058823529411764,1.5882352941176472,13.23529411764706,2.647058823529412,1.0588235294117647,3.7058823529411766,2.117647058823529,1.5882352941176472,0.0,3.1764705882352944,3.1764705882352944,7.411764705882353,0.0,0.5294117647058824,4.764705882352941,0.5294117647058824,2.647058823529412,0.5294117647058824,0.0,1.5882352941176472,0.0,1.0588235294117647,0.0,0.0,0.0,67.57,60.0,0.0,83.33,42.86,51.85,45.45,33.33,0.3161163824540625,0.0488910085918728,1.5882352941176472,1.5882352941176472,0.0389880052941176,0.0,3.1764705882352944,2.647058823529412,0.056951428235294,6.882352941176471,ST,38,62,88,62,71,38,72,50,91,24,90,90,84,19,78,41,40,98,62,36,66,52,81,43,52,52,52,76,36,97,48,93,50,41,45,28,86,71,62,26,90,83,59,76,38,66,86,69,83,48,83,55,93,24,86,86,97,19,76,52,34,97,66,36,72,52,86,43,52,52,52,76,36,97,48,93,50,41,59,24,90,76,69,26,86,79,48,72,Austrian Bundesliga
Ried,do3l4dhs0ooog6se728jxc06z,5gbbewahc64hm8dixa4xa3t91,A. Bajić,Ante Bajic,31,Attacker,Austria,Striker,10.0,60.0,5.0,68.0,6.0,7.0,6.0,1.0,5.0,2.0,10.0,11.0,19.0,7.0,2.0,357.0,11.0,4.0,4.0,1.0,2.0,0.0,0.0,0.0,2.0,0.0,0.0,66.67,27.78,22.22,40.0,0.0,52.78,54.55,20.0,0.4984642346876091,0.4862112544547831,5.0,6.0,0.1935907999999999,5.0,6.0,12.0,0.55672138,39.0,2.5210084033613445,15.126050420168069,1.2605042016806722,17.142857142857142,1.512605042016807,1.7647058823529411,1.512605042016807,0.2521008403361344,1.2605042016806722,0.5042016806722689,2.5210084033613445,2.773109243697479,4.7899159663865545,1.7647058823529411,0.5042016806722689,2.773109243697479,1.0084033613445378,1.0084033613445378,0.2521008403361344,0.5042016806722689,0.0,0.0,0.0,0.5042016806722689,0.0,0.0,66.67,27.78,22.22,40.0,0.0,52.78,54.55,20.0,0.1256632524422543,0.1225742658289369,1.2605042016806722,1.512605042016807,0.0488044033613445,1.2605042016806722,1.512605042016807,3.0252100840336134,0.1403499277310924,9.831932773109244,RW,40,80,80,80,100,80,60,20,100,70,60,60,80,90,90,40,60,60,30,60,20,50,30,100,60,60,40,40,60,80,20,80,100,20,60,80,100,50,60,100,80,80,80,80,20,60,80,60,100,80,40,20,80,60,40,40,60,80,80,20,40,60,20,60,20,50,30,100,60,60,40,40,60,80,20,80,100,20,20,60,100,40,40,80,80,80,80,80,Austrian Bundesliga
Ried,do3l4dhs0ooog6se728jxc06z,cl32chytsjozcpmf5n4x4fs9h,S. Schwab,Stefan Schwab,35,Midfielder,Austria,Midfielder,57.0,80.0,9.0,137.0,8.0,6.0,7.0,3.0,4.0,2.0,4.0,5.0,24.0,8.0,2.0,331.0,10.0,4.0,3.0,4.0,0.0,1.0,0.0,1.0,1.0,0.0,0.0,76.54,50.0,0.0,75.0,14.29,48.0,50.0,44.44,0.6247268322621857,0.4018089413956242,3.0,8.0,0.1712945699999999,1.0,19.0,21.0,0.42339926,83.0,15.498489425981871,21.75226586102719,2.447129909365559,37.25075528700906,2.175226586102719,1.6314199395770397,1.9033232628398795,0.8157099697885197,1.0876132930513596,0.5438066465256798,1.0876132930513596,1.3595166163141994,6.525679758308158,2.175226586102719,0.5438066465256798,2.719033232628399,1.0876132930513596,0.8157099697885197,1.0876132930513596,0.0,0.2719033232628399,0.0,0.2719033232628399,0.2719033232628399,0.0,0.0,76.54,50.0,0.0,75.0,14.29,48.0,50.0,44.44,0.169865301823555,0.1092531864821938,0.8157099697885197,2.175226586102719,0.0465755628398791,0.2719033232628399,5.166163141993958,5.709969788519638,0.1151236658610272,22.567975830815712,DM/CM,50,83,67,67,92,100,94,97,92,81,72,72,89,78,44,100,58,83,67,33,81,53,94,97,50,50,22,33,33,94,67,47,58,22,94,94,89,72,72,39,86,83,89,78,39,78,61,67,94,94,83,89,72,72,61,67,83,72,39,94,50,72,61,33,89,53,100,100,50,50,22,33,33,94,67,47,58,22,78,89,78,72,78,39,83,78,83,83,Austrian Bundesliga
Ried,do3l4dhs0ooog6se728jxc06z,cptdgayutgb0j1hgnf63674k5,O. Steurer,Oliver Steurer,31,Defender,Germany,Defender,120.0,51.0,10.0,170.0,7.0,1.0,3.0,3.0,0.0,1.0,0.0,0.0,12.0,19.0,8.0,360.0,5.0,1.0,0.0,4.0,1.0,1.0,0.0,0.0,0.0,0.0,0.0,86.29,47.62,100.0,0.0,33.33,48.0,53.85,100.0,0.3821150257145403,0.1100187602830941,0.0,4.0,0.07826773,2.0,17.0,16.0,0.5821385099999997,102.0,30.0,12.75,2.5,42.5,1.75,0.25,0.75,0.75,0.0,0.25,0.0,0.0,3.0,4.75,2.0,1.25,0.25,0.0,1.0,0.25,0.25,0.0,0.0,0.0,0.0,0.0,86.29,47.62,100.0,0.0,33.33,48.0,53.85,100.0,0.095528756428635,0.0275046900707735,0.0,1.0,0.0195669325,0.5,4.25,4.0,0.1455346274999999,25.5,LB/LCB,100,58,81,100,78,31,72,92,31,72,14,14,31,92,100,53,22,25,56,44,72,53,44,31,53,53,78,67,100,25,75,28,44,94,89,39,31,53,44,58,94,94,67,100,100,39,69,78,61,25,58,81,31,58,14,14,6,72,94,42,8,25,33,33,64,53,44,31,53,53,78,67,100,25,75,28,44,94,61,39,31,39,33,44,72,56,56,83,Austrian Bundesliga
Ried,do3l4dhs0ooog6se728jxc06z,czynssza36ggpaezb0i14si22,S. Chukwudi,Samuel Chukwudi,23,Defender,Faroe Islands,Defender,131.0,33.0,12.0,164.0,20.0,1.0,7.0,7.0,0.0,1.0,0.0,0.0,28.0,26.0,2.0,360.0,14.0,3.0,0.0,2.0,0.0,3.0,0.0,0.0,0.0,0.0,0.0,93.71,85.71,0.0,0.0,42.86,66.67,68.97,40.0,0.9960563466271266,0.0,0.0,0.0,0.0,0.0,3.0,3.0,0.17100515,101.0,32.75,8.25,3.0,41.0,5.0,0.25,1.75,1.75,0.0,0.25,0.0,0.0,7.0,6.5,0.5,3.5,0.75,0.0,0.5,0.0,0.75,0.0,0.0,0.0,0.0,0.0,93.71,85.71,0.0,0.0,42.86,66.67,68.97,40.0,0.2490140866567816,0.0,0.0,0.0,0.0,0.0,0.75,0.75,0.0427512875,25.25,CB,90,48,90,71,100,67,100,100,38,90,31,29,100,98,26,100,95,36,38,48,100,45,48,48,52,52,81,95,48,36,81,81,90,38,100,31,38,29,29,31,33,31,52,71,57,24,50,33,98,52,100,100,38,81,31,29,90,74,10,100,74,36,29,48,100,45,48,48,52,52,81,95,48,36,81,81,90,38,95,31,38,29,29,31,24,24,29,48,Austrian Bundesliga
Ried,do3l4dhs0ooog6se728jxc06z,e7q2iq2trm9n3rekwkgcdnmy1,L. Malicsek,Lukas Malicsek,27,Defender,Austria,Defender,80.0,76.0,5.0,155.0,1.0,3.0,1.0,0.0,1.0,0.0,0.0,0.0,13.0,15.0,2.0,360.0,4.0,2.0,0.0,5.0,1.0,0.0,0.0,0.0,0.0,0.0,0.0,90.64,62.5,50.0,0.0,0.0,40.62,14.29,50.0,0.042099224594001,0.4416873934435008,1.0,8.0,0.2097587699999999,4.0,21.0,21.0,0.8317075599999998,79.0,20.0,19.0,1.25,38.75,0.25,0.75,0.25,0.0,0.25,0.0,0.0,0.0,3.25,3.75,0.5,1.0,0.5,0.0,1.25,0.25,0.0,0.0,0.0,0.0,0.0,0.0,90.64,62.5,50.0,0.0,0.0,40.62,14.29,50.0,0.0105248061485002,0.1104218483608752,0.25,2.0,0.0524396924999999,1.0,5.25,5.25,0.2079268899999999,19.75,RB/RCB,67,80,30,87,17,70,37,27,53,30,23,20,60,63,40,60,53,27,97,70,30,53,50,43,53,53,80,80,93,27,30,20,13,27,40,93,60,87,80,70,93,83,93,73,53,73,27,53,13,57,27,27,37,30,23,20,27,63,33,47,40,27,83,60,30,53,50,43,53,53,80,80,93,27,30,20,13,27,33,80,43,73,67,53,80,73,87,67,Austrian Bundesliga
Ried,do3l4dhs0ooog6se728jxc06z,femn1t98rrea56260yhe2mll,Y. Maart,Yusuf Maart,31,Midfielder,South Africa,Midfielder,85.0,104.0,8.0,186.0,3.0,6.0,5.0,0.0,5.0,1.0,2.0,3.0,11.0,2.0,2.0,355.0,1.0,3.0,1.0,2.0,3.0,1.0,0.0,0.0,0.0,0.0,0.0,86.51,66.67,16.67,50.0,20.0,52.38,60.0,50.0,0.2915922370336928,0.5817334162058108,4.0,13.0,0.31765969,4.0,18.0,15.0,0.6926257100000001,109.0,21.549295774647888,26.366197183098592,2.028169014084507,47.15492957746479,0.7605633802816901,1.5211267605633805,1.2676056338028168,0.0,1.2676056338028168,0.2535211267605634,0.5070422535211268,0.7605633802816901,2.788732394366197,0.5070422535211268,0.5070422535211268,0.2535211267605634,0.7605633802816901,0.2535211267605634,0.5070422535211268,0.7605633802816901,0.2535211267605634,0.0,0.0,0.0,0.0,0.0,86.51,66.67,16.67,50.0,20.0,52.38,60.0,50.0,0.073924792487415,0.1474817111507689,1.0140845070422535,3.295774647887324,0.0805334425352112,1.0140845070422535,4.563380281690141,3.8028169014084505,0.1755952504225352,27.633802816901408,CM/AM,96,93,87,96,83,80,69,22,93,56,35,44,69,61,69,17,70,44,54,78,56,52,48,41,52,52,70,67,41,54,46,67,81,41,56,81,91,93,93,69,93,74,93,93,85,78,63,81,67,59,37,22,63,48,22,26,33,44,52,11,41,33,26,70,37,52,48,41,52,52,70,67,41,54,46,67,81,41,33,67,70,70,74,56,74,44,67,85,Austrian Bundesliga
Ried,do3l4dhs0ooog6se728jxc06z,meyvsb8e41khlmjmuwtbrs44,E. Aisowieren,Evan Aisowieren,21,Midfielder,Austria,Midfielder,7.0,22.0,1.0,29.0,5.0,2.0,7.0,7.0,0.0,2.0,2.0,2.0,10.0,1.0,0.0,258.0,18.0,0.0,1.0,3.0,0.0,4.0,0.0,0.0,0.0,0.0,0.0,69.05,100.0,0.0,50.0,57.14,33.33,41.67,75.0,0.8455701389745233,0.1435637336221842,4.0,1.0,0.04066992,0.0,5.0,3.0,0.09682587,17.0,2.441860465116279,7.674418604651163,0.3488372093023256,10.116279069767442,1.744186046511628,0.6976744186046512,2.441860465116279,2.441860465116279,0.0,0.6976744186046512,0.6976744186046512,0.6976744186046512,3.488372093023256,0.3488372093023256,0.0,6.27906976744186,0.0,0.3488372093023256,1.0465116279069768,0.0,1.3953488372093024,0.0,0.0,0.0,0.0,0.0,69.05,100.0,0.0,50.0,57.14,33.33,41.67,75.0,0.2949663275492523,0.0500803721937851,1.3953488372093024,0.3488372093023256,0.0141871813953488,0.0,1.744186046511628,1.0465116279069768,0.0337764662790697,5.930232558139535,CM/AM,13,11,15,13,96,24,83,96,9,74,35,30,57,37,17,96,6,44,81,19,94,52,48,41,52,52,7,94,19,54,100,20,63,78,89,26,91,9,11,9,33,13,19,24,7,4,11,4,93,19,74,93,9,67,26,22,48,30,17,93,6,41,70,19,96,52,48,41,52,52,7,94,19,54,100,20,63,78,93,19,81,7,11,9,19,11,7,19,Austrian Bundesliga
Hartberg,1vli32f09v65mc3vc6yh34z9f,4l8da2f3dkc4h8xf80begcpw4,M. Hoffmann,Marco Hoffmann,22,Attacker,Austria,Striker,21.0,32.0,1.0,53.0,7.0,3.0,6.0,5.0,1.0,2.0,2.0,3.0,13.0,2.0,0.0,307.0,12.0,1.0,1.0,2.0,0.0,3.0,0.0,0.0,1.0,0.0,0.0,81.54,50.0,0.0,50.0,50.0,41.94,70.0,50.0,0.6366421147473257,0.1734003125599033,2.0,3.0,0.09975924,1.0,2.0,2.0,0.0452764499999999,13.0,6.156351791530945,9.381107491856678,0.2931596091205212,15.537459283387625,2.052117263843648,0.8794788273615636,1.7589576547231272,1.4657980456026058,0.2931596091205212,0.5863192182410424,0.5863192182410424,0.8794788273615636,3.811074918566776,0.5863192182410424,0.0,3.5179153094462543,0.2931596091205212,0.2931596091205212,0.5863192182410424,0.0,0.8794788273615636,0.0,0.0,0.2931596091205212,0.0,0.0,81.54,50.0,0.0,50.0,50.0,41.94,70.0,50.0,0.1866377535089879,0.0508339678514374,0.5863192182410424,0.8794788273615636,0.0292453798045602,0.2931596091205212,0.5863192182410424,0.5863192182410424,0.0132732263843647,3.811074918566776,ST,97,90,60,93,86,71,55,67,48,86,31,52,79,64,33,71,40,50,93,36,66,52,22,91,52,52,83,64,36,67,62,52,88,52,55,52,66,71,72,59,53,41,21,76,83,59,55,76,69,28,24,31,31,66,14,17,59,48,33,31,24,34,76,36,38,52,22,86,52,52,83,64,36,67,62,52,88,52,14,28,48,59,55,52,34,21,17,38,Austrian Bundesliga
Hartberg,1vli32f09v65mc3vc6yh34z9f,5xfcu2josewjpchthyxurs3ys,H. Coulibaly,Habib Coulibaly,22,Defender,Côte d'Ivoire,Defender,58.0,33.0,3.0,90.0,3.0,1.0,1.0,0.0,1.0,0.0,3.0,3.0,14.0,16.0,2.0,326.0,1.0,1.0,2.0,4.0,1.0,0.0,0.0,0.0,0.0,0.0,0.0,71.43,14.29,33.33,66.67,0.0,41.18,25.0,50.0,0.0431091104248959,0.0411750754257882,1.0,3.0,0.0548575399999999,1.0,7.0,7.0,0.1915670899999999,47.0,16.012269938650306,9.11042944785276,0.8282208588957055,24.846625766871167,0.8282208588957055,0.2760736196319018,0.2760736196319018,0.0,0.2760736196319018,0.0,0.8282208588957055,0.8282208588957055,3.8650306748466257,4.41717791411043,0.5521472392638037,0.2760736196319018,0.2760736196319018,0.5521472392638037,1.1042944785276074,0.2760736196319018,0.0,0.0,0.0,0.0,0.0,0.0,71.43,14.29,33.33,66.67,0.0,41.18,25.0,50.0,0.0119012881541123,0.0113673521114139,0.2760736196319018,0.8282208588957055,0.0151447196319018,0.2760736196319018,1.9325153374233128,1.9325153374233128,0.0528866199386502,12.975460122699388,LB/LCB,67,28,33,47,39,31,28,17,69,28,64,61,50,81,42,17,22,67,56,44,31,53,44,31,53,53,28,6,67,78,31,11,14,22,22,22,69,36,28,39,56,42,28,56,44,11,22,17,28,33,22,17,61,28,61,56,28,67,33,17,17,67,50,39,31,53,44,31,53,53,28,6,67,78,31,11,14,22,22,22,61,33,28,33,50,39,28,44,Austrian Bundesliga
Hartberg,1vli32f09v65mc3vc6yh34z9f,6mmkptwhg07uosgpfx0wn0i22,B. Markuš,Benjamin Markus,25,Midfielder,Slovenia,Midfielder,69.0,74.0,16.0,143.0,5.0,4.0,3.0,2.0,1.0,0.0,3.0,3.0,23.0,11.0,1.0,360.0,6.0,5.0,2.0,6.0,0.0,1.0,0.0,1.0,0.0,0.0,0.0,76.88,55.17,0.0,66.67,33.33,58.97,55.56,50.0,0.4069923341333206,0.3073945685372818,1.0,9.0,0.1723467,3.0,16.0,20.0,0.3647132299999999,88.0,17.25,18.5,4.0,35.75,1.25,1.0,0.75,0.5,0.25,0.0,0.75,0.75,5.75,2.75,0.25,1.5,1.25,0.5,1.5,0.0,0.25,0.0,0.25,0.0,0.0,0.0,76.88,55.17,0.0,66.67,33.33,58.97,55.56,50.0,0.1017480835333301,0.0768486421343204,0.25,2.25,0.043086675,0.75,4.0,5.0,0.0911783074999999,22.0,DM/CM,72,72,86,72,75,78,58,81,36,19,53,50,81,83,25,92,72,72,92,33,81,53,94,47,50,50,28,61,33,81,81,78,78,44,72,83,50,81,78,64,58,78,78,89,61,72,86,56,58,72,50,69,28,19,44,39,67,78,17,78,61,67,89,33,69,53,89,47,50,50,28,61,33,81,81,78,78,44,61,67,39,78,72,56,50,67,61,75,Austrian Bundesliga
Hartberg,1vli32f09v65mc3vc6yh34z9f,7lyjgp4wsjarezyu9o1r2cv10,O. Lukić,Oliver Lukic,19,Midfielder,Croatia,Midfielder,25.0,33.0,7.0,58.0,0.0,1.0,3.0,0.0,3.0,2.0,6.0,6.0,15.0,5.0,0.0,160.0,4.0,3.0,6.0,3.0,0.0,1.0,0.0,0.0,0.0,0.0,0.0,75.32,63.64,0.0,100.0,33.33,65.22,0.0,50.0,0.223761608961308,0.0572293276912384,3.0,3.0,0.0820999499999999,1.0,11.0,8.0,0.2266772099999999,24.0,14.0625,18.5625,3.9375,32.625,0.0,0.5625,1.6875,0.0,1.6875,1.125,3.375,3.375,8.4375,2.8125,0.0,2.25,1.6875,3.375,1.6875,0.0,0.5625,0.0,0.0,0.0,0.0,0.0,75.32,63.64,0.0,100.0,33.33,65.22,0.0,50.0,0.1258659050407357,0.0321914968263216,1.6875,1.6875,0.0461812218749999,0.5625,6.1875,4.5,0.1275059306249999,13.5,CM/AM,48,48,81,44,17,13,43,22,69,74,83,78,83,96,17,61,70,93,81,19,56,52,48,41,52,52,26,59,19,98,72,96,22,41,44,11,81,30,41,28,67,46,37,41,67,56,93,67,17,11,56,22,81,89,81,78,89,96,17,70,81,96,96,19,67,52,48,41,52,52,26,59,19,98,72,96,22,41,48,11,89,33,48,41,85,59,41,44,Austrian Bundesliga
Hartberg,1vli32f09v65mc3vc6yh34z9f,7syagd8e7mmt3krdh9npo75qt,L. Spendlhofer,Lukas Spendlhofer,33,Defender,Austria,Defender,68.0,27.0,9.0,95.0,2.0,0.0,0.0,0.0,0.0,0.0,0.0,1.0,5.0,9.0,5.0,180.0,3.0,0.0,0.0,2.0,0.0,0.0,0.0,0.0,0.0,0.0,0.0,84.82,47.37,0.0,0.0,0.0,50.0,50.0,66.67,0.0,0.0,0.0,0.0,0.0,0.0,0.0,0.0,0.0,0.0,34.0,13.5,4.5,47.5,1.0,0.0,0.0,0.0,0.0,0.0,0.0,0.5,2.5,4.5,2.5,1.5,0.0,0.0,1.0,0.0,0.0,0.0,0.0,0.0,0.0,0.0,84.82,47.37,0.0,0.0,0.0,50.0,50.0,66.67,0.0,0.0,0.0,0.0,0.0,0.0,0.0,0.0,0.0,0.0,CB,33,36,67,38,24,26,12,19,38,40,31,67,10,38,76,74,21,36,38,48,38,45,48,48,52,52,33,33,48,36,38,19,38,62,12,31,38,29,29,31,12,10,7,7,67,52,81,57,26,26,12,19,38,40,31,67,10,45,95,83,21,36,48,48,38,45,48,48,52,52,33,33,48,36,38,19,38,62,12,31,38,29,29,31,12,10,7,7,Austrian Bundesliga
Hartberg,1vli32f09v65mc3vc6yh34z9f,9igdqm81y0k9z9wom57306yy2,P. Komposch,Paul Komposch,25,Defender,Austria,Defender,68.0,47.0,9.0,115.0,7.0,3.0,3.0,2.0,1.0,1.0,8.0,8.0,17.0,15.0,2.0,360.0,3.0,4.0,2.0,3.0,0.0,1.0,0.0,0.0,0.0,0.0,0.0,82.73,52.94,0.0,25.0,33.33,56.67,87.5,75.0,0.3106444351669564,0.1911703256001655,0.0,4.0,0.31629043,4.0,14.0,17.0,0.2899959000000001,66.0,17.0,11.75,2.25,28.75,1.75,0.75,0.75,0.5,0.25,0.25,2.0,2.0,4.25,3.75,0.5,0.75,1.0,0.5,0.75,0.0,0.25,0.0,0.0,0.0,0.0,0.0,82.73,52.94,0.0,25.0,33.33,56.67,87.5,75.0,0.0776611087917391,0.0477925814000413,0.0,1.0,0.0790726075,1.0,3.5,4.25,0.072498975,16.5,RB/RCB,47,67,63,53,83,70,60,63,53,70,93,93,87,63,40,43,87,63,70,30,73,53,50,43,53,53,47,53,30,53,80,67,100,73,67,53,20,57,93,70,73,73,47,60,47,20,40,40,73,57,47,60,37,63,80,80,60,63,33,23,73,60,40,30,63,53,50,43,53,53,47,53,30,53,80,67,100,73,53,47,20,53,80,53,73,67,40,60,Austrian Bundesliga
Hartberg,1vli32f09v65mc3vc6yh34z9f,azx4jp5dsm42odsralypcw8ut,T. Kainz,Tobias Kainz,33,Midfielder,Austria,Midfielder,41.0,61.0,11.0,97.0,0.0,7.0,3.0,0.0,3.0,0.0,5.0,5.0,14.0,4.0,4.0,337.0,0.0,2.0,4.0,7.0,5.0,1.0,0.0,0.0,0.0,0.0,0.0,85.09,73.33,33.33,80.0,33.33,51.85,0.0,87.5,0.189312889614888,0.8295625726451958,1.0,5.0,0.11168781,2.0,13.0,15.0,0.5720029499999999,51.0,10.949554896142434,16.29080118694362,2.9376854599406528,25.90504451038576,0.0,1.869436201780416,0.8011869436201781,0.0,0.8011869436201781,0.0,1.3353115727002969,1.3353115727002969,3.738872403560831,1.0682492581602374,1.0682492581602374,0.0,0.5341246290801187,1.0682492581602374,1.869436201780416,1.3353115727002969,0.2670623145400593,0.0,0.0,0.0,0.0,0.0,85.09,73.33,33.33,80.0,33.33,51.85,0.0,87.5,0.0505583384728187,0.2215449007064321,0.2670623145400593,1.3353115727002969,0.0298276050445103,0.5341246290801187,3.471810089020772,4.00593471810089,0.1527604317507418,13.620178041543026,CM/AM,81,70,93,76,17,87,43,22,69,24,74,65,76,89,93,6,44,81,100,89,56,52,48,41,52,52,63,74,69,87,72,63,22,85,30,93,35,56,52,50,76,74,89,81,48,41,78,41,17,63,30,22,52,24,52,48,56,74,78,6,19,74,100,85,41,52,48,41,52,52,63,74,69,87,72,63,22,85,19,74,15,26,22,37,52,56,56,48,Austrian Bundesliga
Hartberg,1vli32f09v65mc3vc6yh34z9f,baxlgr5w1p6wdamoyjoinesd0,K. Schopp,Konstantin Schopp,20,Defender,Austria,Defender,73.0,16.0,5.0,89.0,5.0,0.0,2.0,1.0,1.0,0.0,3.0,3.0,16.0,23.0,2.0,240.0,2.0,0.0,3.0,3.0,0.0,1.0,0.0,0.0,0.0,0.0,0.0,83.96,38.46,0.0,100.0,50.0,61.54,45.45,37.5,0.1846347448613946,0.0,1.0,0.0,0.0,0.0,4.0,5.0,0.11546268,39.0,27.375,6.0,1.875,33.375,1.875,0.0,0.75,0.375,0.375,0.0,1.125,1.125,6.0,8.625,0.75,0.75,0.0,1.125,1.125,0.0,0.375,0.0,0.0,0.0,0.0,0.0,83.96,38.46,0.0,100.0,50.0,61.54,45.45,37.5,0.0692380293230229,0.0,0.375,0.0,0.0,0.0,1.5,1.875,0.043298505,14.625,CB,38,17,24,29,52,26,74,55,88,40,98,98,79,83,26,55,21,100,67,48,83,45,48,48,52,52,29,14,48,88,88,60,24,31,67,31,88,29,29,31,40,40,33,31,29,14,24,14,52,26,67,43,81,40,100,100,81,95,19,48,21,100,57,48,81,45,48,48,52,52,29,14,48,88,88,60,24,31,57,31,81,29,29,31,43,43,33,24,Austrian Bundesliga
Hartberg,1vli32f09v65mc3vc6yh34z9f,bbulep9mu02l0euzi79w65lka,A. Gattermayer,Angelo Gattermayer,24,Attacker,Austria,Striker,13.0,23.0,3.0,35.0,7.0,3.0,3.0,2.0,1.0,1.0,14.0,14.0,15.0,5.0,1.0,279.0,15.0,2.0,5.0,1.0,1.0,2.0,0.0,1.0,0.0,0.0,0.0,77.78,60.0,16.67,35.71,66.67,38.46,70.0,100.0,0.5994836066995877,0.1803149179490705,1.0,10.0,0.25912942,3.0,4.0,5.0,0.10123202,18.0,4.193548387096774,7.419354838709677,0.9677419354838708,11.29032258064516,2.258064516129032,0.9677419354838708,0.9677419354838708,0.6451612903225806,0.3225806451612903,0.3225806451612903,4.516129032258064,4.516129032258064,4.838709677419355,1.6129032258064515,0.3225806451612903,4.838709677419355,0.6451612903225806,1.6129032258064515,0.3225806451612903,0.3225806451612903,0.6451612903225806,0.0,0.3225806451612903,0.0,0.0,0.0,77.78,60.0,16.67,35.71,66.67,38.46,70.0,100.0,0.1933818086127702,0.0581661025642162,0.3225806451612903,3.225806451612903,0.0835901354838709,0.9677419354838708,1.2903225806451613,1.6129032258064515,0.0326554903225806,5.806451612903226,ST,90,79,88,83,86,71,24,22,48,62,100,100,90,91,78,84,67,98,62,84,43,52,55,43,52,52,78,76,79,59,83,38,88,81,48,55,43,100,100,93,78,83,48,93,69,45,72,48,76,41,7,7,34,52,100,100,69,79,69,59,41,83,41,79,24,52,52,43,52,52,78,76,79,59,83,38,88,81,17,38,34,93,90,79,59,55,28,66,Austrian Bundesliga
Hartberg,1vli32f09v65mc3vc6yh34z9f,dbj7ww9wogmp0dod5aj4ys0a2,Y. Diarra,Youba Diarra,28,Midfielder,Mali,Midfielder,27.0,21.0,4.0,47.0,2.0,1.0,3.0,0.0,3.0,2.0,7.0,9.0,10.0,5.0,6.0,239.0,1.0,3.0,1.0,2.0,1.0,0.0,0.0,0.0,0.0,0.0,0.0,67.14,30.77,25.0,14.29,0.0,35.71,33.33,50.0,0.4890265175467697,0.0547523334214251,3.0,3.0,0.08484034,2.0,6.0,6.0,0.2271933399999999,25.0,10.167364016736402,7.907949790794979,1.5062761506276152,17.698744769874477,0.7531380753138076,0.3765690376569038,1.1297071129707112,0.0,1.1297071129707112,0.7531380753138076,2.6359832635983267,3.389121338912134,3.765690376569038,1.882845188284519,2.2594142259414225,0.3765690376569038,1.1297071129707112,0.3765690376569038,0.7531380753138076,0.3765690376569038,0.0,0.0,0.0,0.0,0.0,0.0,67.14,30.77,25.0,14.29,0.0,35.71,33.33,50.0,0.184152245101294,0.0206180335059759,1.1297071129707112,1.1297071129707112,0.0319482451882845,0.7531380753138076,2.2594142259414225,2.2594142259414225,0.0855539774058577,9.414225941422597,DM/CM,19,17,28,17,36,39,58,22,81,81,89,92,33,56,100,28,44,53,39,75,33,53,44,47,50,50,6,6,72,44,33,11,31,44,83,33,89,39,61,50,33,28,33,28,17,17,17,6,50,44,72,22,78,78,89,100,39,67,94,33,56,61,39,83,33,53,44,47,50,50,6,6,72,44,33,11,31,44,89,39,94,56,67,61,39,28,50,28,Austrian Bundesliga
Hartberg,1vli32f09v65mc3vc6yh34z9f,dtp6bnph531o197kmdqhelct0,F. Wilfinger,Fabian Wilfinger,22,Midfielder,Austria,Defender,84.0,44.0,10.0,127.0,3.0,3.0,2.0,2.0,0.0,0.0,2.0,3.0,12.0,20.0,1.0,359.0,2.0,1.0,1.0,3.0,1.0,1.0,0.0,0.0,0.0,0.0,0.0,87.59,62.5,25.0,50.0,50.0,48.0,42.86,42.86,0.2367899219727083,0.2313890652514069,0.0,4.0,0.07784434,2.0,5.0,10.0,0.25897925,72.0,21.058495821727018,11.030640668523676,2.5069637883008355,31.838440111420613,0.7520891364902507,0.7520891364902507,0.5013927576601671,0.5013927576601671,0.0,0.0,0.5013927576601671,0.7520891364902507,3.0083565459610027,5.013927576601671,0.2506963788300835,0.5013927576601671,0.2506963788300835,0.2506963788300835,0.7520891364902507,0.2506963788300835,0.2506963788300835,0.0,0.0,0.0,0.0,0.0,87.59,62.5,25.0,50.0,50.0,48.0,42.86,42.86,0.059362375982016,0.0580084007594056,0.0,1.0027855153203342,0.0195152941504178,0.5013927576601671,1.2534818941504178,2.5069637883008355,0.0649251601671309,18.050139275766018,DM/CM,83,42,75,61,56,64,33,81,14,19,33,50,39,94,25,42,22,53,53,75,81,53,44,47,50,50,83,83,72,64,100,47,39,17,33,72,19,58,50,50,28,36,56,67,78,22,67,50,44,61,33,78,14,19,28,50,28,94,22,39,17,50,33,72,78,53,44,47,50,50,83,83,72,64,100,47,39,17,33,61,19,50,39,44,22,33,28,56,Austrian Bundesliga
WSG Tirol,7uh2y9tk3j8dk6zinfu38pygi,6gl2mll6mqc0c8xauq1dwgil0,M. Striednig,Marc Striednig,20,Midfielder,Austria,Midfielder,23.0,6.0,2.0,29.0,0.0,0.0,3.0,1.0,2.0,2.0,0.0,0.0,3.0,2.0,2.0,101.0,2.0,1.0,0.0,1.0,0.0,1.0,0.0,0.0,0.0,0.0,0.0,85.29,50.0,0.0,0.0,33.33,33.33,0.0,50.0,0.3471979841711325,0.0,1.0,1.0,0.0241224,0.0,1.0,0.0,0.01000441,6.0,20.495049504950494,5.346534653465347,1.7821782178217822,25.84158415841584,0.0,0.0,2.6732673267326734,0.8910891089108911,1.7821782178217822,1.7821782178217822,0.0,0.0,2.6732673267326734,1.7821782178217822,1.7821782178217822,1.7821782178217822,0.8910891089108911,0.0,0.8910891089108911,0.0,0.8910891089108911,0.0,0.0,0.0,0.0,0.0,85.29,50.0,0.0,0.0,33.33,33.33,0.0,50.0,0.3093843423307121,0.0,0.8910891089108911,0.8910891089108911,0.021495207920792,0.0,0.8910891089108911,0.0,0.0089148207920792,5.346534653465347,DM/CM,11,6,11,6,8,17,58,56,61,81,8,8,6,17,44,42,22,22,17,33,81,53,44,47,50,50,72,33,33,22,81,6,11,44,56,17,50,19,22,19,17,11,17,17,72,6,22,28,8,17,94,94,89,94,8,8,17,61,89,83,33,22,44,33,94,53,44,47,50,50,72,33,33,22,81,6,11,44,94,17,83,39,50,19,17,11,17,17,Austrian Bundesliga
WSG Tirol,7uh2y9tk3j8dk6zinfu38pygi,73ypy64strwsz99o2bvqwg1qt,L. Hinterseer,Lukas Hinterseer,35,Attacker,Austria,Striker,9.0,21.0,0.0,30.0,7.0,4.0,5.0,4.0,1.0,0.0,3.0,3.0,14.0,2.0,1.0,261.0,8.0,0.0,1.0,5.0,0.0,2.0,0.0,0.0,0.0,0.0,0.0,58.82,0.0,0.0,33.33,40.0,46.67,46.67,83.33,0.6899405340036842,0.285787171122608,2.0,2.0,0.04790334,0.0,4.0,5.0,0.05447675,13.0,3.103448275862069,7.241379310344827,0.0,10.344827586206897,2.413793103448276,1.3793103448275863,1.7241379310344829,1.3793103448275863,0.3448275862068966,0.0,1.0344827586206895,1.0344827586206895,4.827586206896552,0.6896551724137931,0.3448275862068966,2.7586206896551726,0.0,0.3448275862068966,1.7241379310344829,0.0,0.6896551724137931,0.0,0.0,0.0,0.0,0.0,58.82,0.0,0.0,33.33,40.0,46.67,46.67,83.33,0.2379105289667876,0.0985473003871062,0.6896551724137931,0.6896551724137931,0.0165183931034482,0.0,1.3793103448275863,1.7241379310344829,0.0187850862068965,4.482758620689656,ST,71,72,28,74,86,88,43,50,48,24,55,52,84,64,78,36,12,50,100,36,43,52,22,43,52,52,34,28,36,47,41,76,55,59,66,76,66,53,41,26,78,83,34,76,34,41,28,31,79,69,17,28,38,24,31,28,66,52,72,17,12,38,100,36,31,52,22,43,52,52,34,28,36,47,41,76,55,59,34,59,55,31,24,26,62,66,24,45,Austrian Bundesliga
WSG Tirol,7uh2y9tk3j8dk6zinfu38pygi,7t6q959578892bts84xux785,H. Balić,Husein Balic,30,Attacker,Austria,Midfielder,13.0,21.0,1.0,34.0,0.0,1.0,3.0,2.0,1.0,0.0,16.0,18.0,10.0,2.0,0.0,236.0,8.0,3.0,6.0,1.0,0.0,1.0,0.0,1.0,0.0,0.0,0.0,80.95,100.0,0.0,37.5,33.33,28.57,0.0,100.0,0.3383439687640182,0.0952844082216882,1.0,6.0,0.1697722399999999,2.0,2.0,6.0,0.09390318,16.0,4.957627118644068,8.008474576271187,0.3813559322033898,12.966101694915254,0.0,0.3813559322033898,1.1440677966101696,0.7627118644067796,0.3813559322033898,0.0,6.101694915254237,6.864406779661017,3.8135593220338975,0.7627118644067796,0.0,3.0508474576271185,1.1440677966101696,2.288135593220339,0.3813559322033898,0.0,0.3813559322033898,0.0,0.3813559322033898,0.0,0.0,0.0,80.95,100.0,0.0,37.5,33.33,28.57,0.0,100.0,0.1290294796133967,0.0363372743218302,0.3813559322033898,2.288135593220339,0.0647436508474575,0.7627118644067796,0.7627118644067796,2.288135593220339,0.0358105347457627,6.101694915254237,RW,70,40,40,40,30,20,20,40,40,20,100,100,40,60,40,20,40,90,30,20,40,50,70,40,60,60,60,90,20,60,40,20,30,90,40,20,40,50,20,60,40,50,20,60,60,40,40,40,30,20,20,40,40,20,80,80,40,60,40,40,60,80,40,20,40,50,60,40,60,60,60,90,20,60,40,20,30,90,40,20,40,60,60,60,40,40,20,40,Austrian Bundesliga
WSG Tirol,7uh2y9tk3j8dk6zinfu38pygi,8z7r3whz85ck1c357fbjw9lre,M. Boras,Marco Boras,24,Defender,Croatia,Defender,98.0,43.0,14.0,141.0,14.0,2.0,1.0,0.0,1.0,0.0,0.0,0.0,26.0,24.0,3.0,265.0,8.0,5.0,0.0,4.0,0.0,1.0,0.0,0.0,1.0,0.0,0.0,83.43,58.33,0.0,0.0,100.0,76.47,82.35,57.14,0.0288270602898919,0.3033185612136489,1.0,1.0,0.01935132,0.0,6.0,9.0,0.19631497,84.0,33.283018867924525,14.60377358490566,4.754716981132075,47.886792452830186,4.754716981132075,0.6792452830188679,0.3396226415094339,0.0,0.3396226415094339,0.0,0.0,0.0,8.830188679245282,8.150943396226415,1.018867924528302,2.7169811320754715,1.6981132075471697,0.0,1.3584905660377358,0.0,0.3396226415094339,0.0,0.0,0.3396226415094339,0.0,0.0,83.43,58.33,0.0,0.0,100.0,76.47,82.35,57.14,0.0097903223626047,0.1030138509782203,0.3396226415094339,0.3396226415094339,0.0065721464150943,0.0,2.037735849056604,3.056603773584905,0.0666730086792452,28.52830188679245,RB/RCB,87,57,93,73,100,50,37,27,53,30,23,20,100,93,63,90,93,27,87,30,73,53,50,93,53,53,53,63,30,27,97,100,93,40,27,67,60,33,33,17,37,43,40,80,87,40,87,67,100,47,40,27,60,30,23,20,100,93,67,87,87,27,93,30,73,53,50,93,53,53,53,63,30,27,97,100,93,40,27,73,67,33,33,17,40,47,33,80,Austrian Bundesliga
WSG Tirol,7uh2y9tk3j8dk6zinfu38pygi,9za2qgkghujo03ed4icg7w4k4,R. Gschösser,Raphael Gschösser,20,Midfielder,Austria,Midfielder,48.0,25.0,4.0,73.0,2.0,3.0,0.0,0.0,0.0,0.0,3.0,3.0,16.0,13.0,2.0,251.0,0.0,7.0,2.0,4.0,0.0,0.0,0.0,0.0,1.0,0.0,0.0,79.35,44.44,0.0,66.67,0.0,55.17,0.0,80.0,0.0,0.1973321725061653,0.0,4.0,0.0922220999999998,2.0,8.0,7.0,0.1082597599999997,24.0,17.21115537848606,8.964143426294822,1.4342629482071714,26.17529880478088,0.7171314741035857,1.0756972111553786,0.0,0.0,0.0,0.0,1.0756972111553786,1.0756972111553786,5.7370517928286855,4.661354581673307,0.7171314741035857,0.0,2.50996015936255,0.7171314741035857,1.4342629482071714,0.0,0.0,0.0,0.0,0.3585657370517928,0.0,0.0,79.35,44.44,0.0,66.67,0.0,55.17,0.0,80.0,0.0,0.0707565558787046,0.0,1.4342629482071714,0.033067685258964,0.7171314741035857,2.8685258964143427,2.50996015936255,0.0388182406374501,8.60557768924303,LM/LCM,100,50,75,100,100,75,50,50,50,50,100,100,100,100,100,50,100,100,100,50,50,75,50,100,75,75,100,100,50,100,50,50,50,100,50,50,75,50,50,75,100,50,50,100,100,50,50,100,100,50,50,50,50,50,100,100,100,100,100,50,100,100,100,50,50,75,50,100,75,75,100,100,50,100,50,50,50,100,50,50,75,50,50,50,50,50,50,50,Austrian Bundesliga
WSG Tirol,7uh2y9tk3j8dk6zinfu38pygi,b1iwlxl01qq1ktefcvzx0un6d,T. Goiginger,Thomas Goiginger,33,Attacker,Austria,Striker,2.0,14.0,0.0,15.0,0.0,2.0,0.0,0.0,0.0,0.0,3.0,3.0,4.0,0.0,0.0,109.0,1.0,1.0,2.0,1.0,1.0,0.0,0.0,0.0,0.0,0.0,0.0,75.0,0.0,16.67,66.67,0.0,44.44,0.0,100.0,0.0,0.2307067314215352,0.0,2.0,0.04878441,1.0,1.0,2.0,0.1064490999999999,5.0,1.651376146788991,11.559633027522937,0.0,12.385321100917432,0.0,1.651376146788991,0.0,0.0,0.0,0.0,2.4770642201834865,2.4770642201834865,3.302752293577982,0.0,0.0,0.8256880733944955,0.8256880733944955,1.651376146788991,0.8256880733944955,0.8256880733944955,0.0,0.0,0.0,0.0,0.0,0.0,75.0,0.0,16.67,66.67,0.0,44.44,0.0,100.0,0.0,0.1904917965865887,0.0,1.651376146788991,0.0402807055045871,0.8256880733944955,0.8256880733944955,1.651376146788991,0.0878937522935779,4.128440366972478,ST,14,40,28,17,12,38,3,3,16,24,55,52,24,19,33,3,40,76,62,84,7,52,22,43,52,52,72,28,79,81,7,62,12,81,3,66,17,53,45,59,31,41,55,14,17,76,28,55,12,86,3,3,16,24,76,76,45,19,33,3,59,86,90,93,7,52,22,43,52,52,72,28,79,81,7,62,12,81,3,90,17,79,72,69,45,59,62,41,Austrian Bundesliga
WSG Tirol,7uh2y9tk3j8dk6zinfu38pygi,bxvda4yiblqnbza5g0n7kpduy,M. Olakigbe,Michael Olakigbe,22,Attacker,England,Striker,18.0,18.0,1.0,35.0,1.0,3.0,7.0,6.0,1.0,4.0,13.0,14.0,11.0,0.0,2.0,265.0,10.0,1.0,7.0,2.0,1.0,3.0,0.0,1.0,0.0,0.0,0.0,72.92,20.0,33.33,53.85,42.86,42.31,50.0,100.0,0.5122590226134436,0.3848615510319199,5.0,3.0,0.1234913899999999,2.0,0.0,2.0,0.4849738199999999,8.0,6.113207547169811,6.113207547169811,0.3396226415094339,11.886792452830187,0.3396226415094339,1.018867924528302,2.3773584905660377,2.037735849056604,0.3396226415094339,1.3584905660377358,4.415094339622641,4.754716981132075,3.735849056603773,0.0,0.6792452830188679,3.39622641509434,0.3396226415094339,2.3773584905660377,0.6792452830188679,0.3396226415094339,1.018867924528302,0.0,0.3396226415094339,0.0,0.0,0.0,72.92,20.0,33.33,53.85,42.86,42.31,50.0,100.0,0.1739747623970185,0.1307076965768784,1.6981132075471697,1.018867924528302,0.0419404720754716,0.6792452830188679,0.0,0.6792452830188679,0.1647080898113207,2.7169811320754715,LW,80,20,30,40,40,70,60,60,40,100,60,60,60,40,80,40,40,80,80,80,70,60,70,50,60,60,20,20,100,80,80,60,70,100,60,80,100,20,40,60,20,20,100,20,60,20,20,20,40,80,60,60,20,100,60,60,20,40,80,20,40,80,80,80,60,60,60,50,60,60,20,20,100,80,80,60,70,100,40,80,80,20,20,40,20,20,100,20,Austrian Bundesliga
WSG Tirol,7uh2y9tk3j8dk6zinfu38pygi,cty7nsrs5yn785m330c2gbwq2,N. Baden,Nikolai Baden Frederiksen,26,Attacker,Denmark,Striker,7.0,7.0,1.0,14.0,3.0,0.0,7.0,2.0,5.0,2.0,4.0,4.0,11.0,3.0,0.0,161.0,4.0,4.0,3.0,1.0,0.0,0.0,0.0,0.0,0.0,0.0,0.0,77.78,100.0,0.0,75.0,0.0,61.11,75.0,100.0,0.6666292730740829,0.0,5.0,0.0,0.0,0.0,1.0,1.0,0.01715855,3.0,3.913043478260869,3.913043478260869,0.5590062111801242,7.826086956521738,1.6770186335403725,0.0,3.913043478260869,1.1180124223602483,2.795031055900621,1.1180124223602483,2.2360248447204967,2.2360248447204967,6.149068322981366,1.6770186335403725,0.0,2.2360248447204967,2.2360248447204967,1.6770186335403725,0.5590062111801242,0.0,0.0,0.0,0.0,0.0,0.0,0.0,77.78,100.0,0.0,75.0,0.0,61.11,75.0,100.0,0.3726499042029035,0.0,2.795031055900621,0.0,0.0,0.0,0.5590062111801242,0.5590062111801242,0.0095917360248447,1.6770186335403725,ST,52,10,60,12,50,5,72,22,100,86,78,76,76,78,33,16,95,88,62,36,7,52,22,43,52,52,78,100,36,90,7,100,97,81,62,7,97,12,12,26,31,17,14,9,62,10,62,21,55,5,90,17,100,93,69,69,90,83,33,7,100,90,72,36,7,52,22,43,52,52,78,100,36,90,7,100,97,81,66,7,97,12,12,26,31,17,14,7,Austrian Bundesliga
WSG Tirol,7uh2y9tk3j8dk6zinfu38pygi,d7sbf5zcyxc8cyexcdteabrah,M. Şatin,Murat Satin,29,Midfielder,Austria,Midfielder,42.0,27.0,6.0,66.0,1.0,2.0,1.0,1.0,0.0,1.0,2.0,3.0,10.0,3.0,3.0,220.0,1.0,2.0,1.0,2.0,3.0,0.0,0.0,0.0,0.0,0.0,0.0,80.49,46.15,50.0,50.0,0.0,55.56,0.0,33.33,0.1771509876525081,0.1219821985958379,0.0,1.0,0.0199707,1.0,5.0,9.0,0.20657879,31.0,17.18181818181818,11.045454545454543,2.454545454545454,27.0,0.409090909090909,0.8181818181818181,0.409090909090909,0.409090909090909,0.0,0.409090909090909,0.8181818181818181,1.227272727272727,4.090909090909091,1.227272727272727,1.227272727272727,0.409090909090909,0.8181818181818181,0.409090909090909,0.8181818181818181,1.227272727272727,0.0,0.0,0.0,0.0,0.0,0.0,80.49,46.15,50.0,50.0,0.0,55.56,0.0,33.33,0.0724708585851169,0.0499018085164791,0.0,0.409090909090909,0.0081698318181818,0.409090909090909,2.0454545454545454,3.6818181818181817,0.084509505,12.681818181818182,CM/AM,85,24,72,52,48,24,19,52,9,56,35,44,57,78,83,17,44,44,54,78,19,52,48,41,52,52,52,22,91,54,19,80,22,28,26,22,7,9,7,28,33,56,30,52,74,15,70,52,41,26,15,44,9,52,30,33,59,78,81,15,44,44,44,74,19,52,48,41,52,52,52,22,91,54,19,80,22,28,30,15,7,11,7,22,26,41,26,41,Austrian Bundesliga
WSG Tirol,7uh2y9tk3j8dk6zinfu38pygi,daai9lh5s1r5bqo7faru7l0r8,D. Murray,Drew Murray,20,Defender,USA,Defender,70.0,42.0,6.0,112.0,2.0,0.0,1.0,0.0,1.0,0.0,0.0,0.0,8.0,11.0,2.0,270.0,0.0,0.0,0.0,3.0,0.0,0.0,0.0,0.0,0.0,0.0,0.0,86.15,66.67,0.0,0.0,0.0,42.11,22.22,50.0,0.0337070231688702,0.0,1.0,0.0,0.0,4.0,7.0,4.0,0.1227846599999999,47.0,23.33333333333333,14.0,2.0,37.333333333333336,0.6666666666666666,0.0,0.3333333333333333,0.0,0.3333333333333333,0.0,0.0,0.0,2.6666666666666665,3.6666666666666665,0.6666666666666666,0.0,0.0,0.0,1.0,0.0,0.0,0.0,0.0,0.0,0.0,0.0,86.15,66.67,0.0,0.0,0.0,42.11,22.22,50.0,0.0112356743896233,0.0,0.3333333333333333,0.0,0.0,1.3333333333333333,2.333333333333333,1.3333333333333333,0.0409282199999999,15.666666666666666,RB/RCB,53,47,40,40,33,17,37,27,53,30,23,20,30,53,40,7,10,27,70,30,30,53,50,43,53,53,60,87,30,27,30,33,27,27,33,17,60,17,17,70,53,33,33,53,60,33,33,47,27,17,33,27,50,30,23,20,20,53,50,7,10,27,63,30,30,53,50,43,53,53,60,87,30,27,30,33,27,27,40,17,57,17,17,70,50,27,27,53,Austrian Bundesliga
WSG Tirol,7uh2y9tk3j8dk6zinfu38pygi,dzeup3m0ua8zf25xmaz3thvfu,D. Kubatta,David Kubatta,22,Defender,Germany,Defender,74.0,30.0,5.0,104.0,7.0,0.0,2.0,2.0,0.0,2.0,2.0,3.0,15.0,19.0,6.0,265.0,10.0,4.0,0.0,3.0,0.0,0.0,0.0,0.0,0.0,0.0,0.0,75.91,22.73,0.0,0.0,0.0,50.0,53.85,75.0,0.3016992968101311,0.0,0.0,0.0,0.0,0.0,4.0,4.0,0.09685925,42.0,25.132075471698112,10.188679245283016,1.6981132075471697,35.32075471698113,2.3773584905660377,0.0,0.6792452830188679,0.6792452830188679,0.0,0.6792452830188679,0.6792452830188679,1.018867924528302,5.094339622641509,6.452830188679245,2.037735849056604,3.39622641509434,1.3584905660377358,0.0,1.018867924528302,0.0,0.0,0.0,0.0,0.0,0.0,0.0,75.91,22.73,0.0,0.0,0.0,50.0,53.85,75.0,0.1024639121241954,0.0,0.0,0.0,0.0,0.0,1.3584905660377358,1.3584905660377358,0.0328955943396226,14.264150943396226,LB/LCB,83,22,56,78,78,11,50,69,31,97,47,61,56,92,89,100,86,25,44,17,31,53,44,31,53,53,39,17,17,25,31,36,44,61,72,11,31,11,11,17,31,19,11,39,83,17,47,67,78,11,44,67,31,94,39,72,50,89,100,89,78,25,39,17,31,53,44,31,53,53,39,17,17,25,31,36,44,61,67,11,31,11,11,17,39,22,17,56,Austrian Bundesliga
WSG Tirol,7uh2y9tk3j8dk6zinfu38pygi,e2v5xyjq2hoy7bxk9h1ibxm21,N. Čelić,Nemanja Celic,27,Midfielder,Austria,Midfielder,27.0,35.0,5.0,60.0,3.0,2.0,0.0,0.0,0.0,0.0,2.0,2.0,7.0,7.0,1.0,214.0,0.0,0.0,2.0,1.0,2.0,0.0,0.0,0.0,0.0,0.0,0.0,71.43,41.67,100.0,100.0,0.0,43.75,60.0,50.0,0.0,0.2053125168414655,0.0,1.0,0.02385149,0.0,3.0,3.0,0.15975174,18.0,11.355140186915888,14.719626168224298,2.102803738317757,25.233644859813083,1.2616822429906542,0.8411214953271028,0.0,0.0,0.0,0.0,0.8411214953271028,0.8411214953271028,2.94392523364486,2.94392523364486,0.4205607476635514,0.0,0.0,0.8411214953271028,0.4205607476635514,0.8411214953271028,0.0,0.0,0.0,0.0,0.0,0.0,71.43,41.67,100.0,100.0,0.0,43.75,60.0,50.0,0.0,0.0863463855875322,0.0,0.4205607476635514,0.0100310004672897,0.0,1.2616822429906542,1.2616822429906542,0.0671853112149532,7.570093457943925,DM/CM,19,22,33,22,56,53,8,22,14,19,33,31,25,69,25,11,8,72,17,92,33,53,44,47,50,50,11,11,100,100,33,22,86,44,11,67,19,19,17,19,22,22,22,22,22,50,50,22,67,67,8,22,14,19,56,56,22,83,33,11,8,78,17,94,33,53,44,47,50,50,11,11,100,100,33,22,86,44,11,83,19,17,17,19,28,22,39,22,Austrian Bundesliga
Wolfsberger AC,9pn4d8sj6pmqidrhhlvev437k,26ct8rbb84rlqingseqmxksgk,A. Schwarz,Aaron Sky Schwarz,22,Midfielder,Austria,Midfielder,18.0,31.0,4.0,48.0,1.0,3.0,3.0,2.0,1.0,1.0,2.0,2.0,7.0,3.0,1.0,191.0,5.0,1.0,1.0,2.0,1.0,1.0,0.0,1.0,0.0,0.0,0.0,78.69,40.0,25.0,50.0,33.33,63.64,50.0,50.0,0.6486941340031839,0.3242184567246274,0.0,5.0,0.11485161,2.0,7.0,11.0,0.5919901899999999,20.0,8.481675392670157,14.607329842931938,1.8848167539267016,22.61780104712042,0.4712041884816754,1.4136125654450262,1.4136125654450262,0.9424083769633508,0.4712041884816754,0.4712041884816754,0.9424083769633508,0.9424083769633508,3.298429319371728,1.4136125654450262,0.4712041884816754,2.356020942408377,0.4712041884816754,0.4712041884816754,0.9424083769633508,0.4712041884816754,0.4712041884816754,0.0,0.4712041884816754,0.0,0.0,0.0,78.69,40.0,25.0,50.0,33.33,63.64,50.0,50.0,0.3056673929857934,0.1527730947917092,0.0,2.356020942408377,0.0541185596858638,0.9424083769633508,3.298429319371728,5.183246073298429,0.2789482570680627,9.424083769633508,LM/LCM,50,100,75,50,50,75,100,100,100,100,50,50,50,50,50,100,50,50,50,100,100,75,100,50,75,75,50,50,100,50,100,100,100,50,100,100,75,100,100,75,50,100,100,50,50,100,100,50,50,100,100,100,100,100,50,50,50,50,50,100,50,50,50,100,100,75,100,50,75,75,50,50,100,50,100,100,100,50,100,100,75,100,100,100,100,100,100,100,Austrian Bundesliga
Wolfsberger AC,9pn4d8sj6pmqidrhhlvev437k,2w2cl3e49fsva86587inax94a,F. Wohlmuth,Fabian Wohlmuth,24,Defender,Austria,Defender,30.0,36.0,7.0,62.0,5.0,3.0,3.0,3.0,0.0,2.0,9.0,9.0,15.0,5.0,0.0,270.0,7.0,1.0,5.0,3.0,4.0,0.0,0.0,0.0,1.0,0.0,0.0,68.13,43.75,23.53,55.56,0.0,39.47,41.67,75.0,0.3044332629701551,0.2876464299783121,0.0,4.0,0.1116326699999999,4.0,7.0,11.0,0.70386566,28.0,10.0,12.0,2.333333333333333,20.666666666666668,1.6666666666666667,1.0,1.0,1.0,0.0,0.6666666666666666,3.0,3.0,5.0,1.6666666666666667,0.0,2.333333333333333,0.3333333333333333,1.6666666666666667,1.0,1.3333333333333333,0.0,0.0,0.0,0.3333333333333333,0.0,0.0,68.13,43.75,23.53,55.56,0.0,39.47,41.67,75.0,0.101477754323385,0.095882143326104,0.0,1.3333333333333333,0.0372108899999999,1.3333333333333333,2.333333333333333,3.6666666666666665,0.2346218866666666,9.333333333333334,RB/RCB,20,30,50,27,70,70,60,83,17,93,100,100,73,40,10,80,30,100,70,93,30,53,50,93,53,53,7,13,80,67,30,13,33,73,60,60,20,57,60,70,53,60,87,33,20,27,47,20,57,73,67,80,17,93,100,100,80,27,10,80,23,100,63,93,30,53,50,87,53,53,7,13,80,67,30,13,33,73,73,67,20,67,60,70,50,60,93,33,Austrian Bundesliga
Wolfsberger AC,9pn4d8sj6pmqidrhhlvev437k,6grg0esrhm8lf6hsvl9velhjo,M. Diabaté,Cheick Diabaté,22,Defender,Côte d'Ivoire,Defender,82.0,8.0,2.0,90.0,2.0,1.0,1.0,1.0,0.0,0.0,2.0,2.0,10.0,5.0,3.0,225.0,1.0,1.0,1.0,3.0,0.0,0.0,0.0,0.0,0.0,0.0,0.0,94.74,40.0,0.0,50.0,0.0,58.82,40.0,50.0,0.1311433172888649,0.0,0.0,0.0,0.0,0.0,0.0,1.0,0.05460112,53.0,32.8,3.2,0.8,36.0,0.8,0.4,0.4,0.4,0.0,0.0,0.8,0.8,4.0,2.0,1.2,0.4,0.4,0.4,1.2,0.0,0.0,0.0,0.0,0.0,0.0,0.0,94.74,40.0,0.0,50.0,0.0,58.82,40.0,50.0,0.0524573269155459,0.0,0.0,0.0,0.0,0.0,0.0,0.4,0.021840448,21.2,CB,50,5,7,33,24,67,43,55,38,40,88,86,52,14,52,31,50,81,67,48,38,45,48,48,52,52,95,24,48,71,38,40,14,48,52,31,38,29,29,31,12,19,19,48,62,5,5,19,19,67,33,48,38,40,90,86,48,12,33,24,48,76,62,48,38,45,48,48,52,52,95,24,48,71,38,40,14,48,48,31,38,29,29,31,12,19,19,33,Austrian Bundesliga
Wolfsberger AC,9pn4d8sj6pmqidrhhlvev437k,7j5c8kjj5cqof2d8dc7zjkwkp,R. Behounek,Raffael Behounek,29,Defender,Austria,Defender,97.0,55.0,10.0,152.0,5.0,2.0,0.0,0.0,0.0,0.0,1.0,1.0,10.0,21.0,1.0,270.0,1.0,0.0,1.0,1.0,0.0,0.0,0.0,0.0,0.0,0.0,0.0,91.02,52.63,0.0,100.0,0.0,50.0,71.43,25.0,0.0,0.1614228514040537,0.0,2.0,0.04797389,3.0,9.0,16.0,0.3321971199999999,93.0,32.333333333333336,18.33333333333333,3.333333333333333,50.66666666666666,1.6666666666666667,0.6666666666666666,0.0,0.0,0.0,0.0,0.3333333333333333,0.3333333333333333,3.333333333333333,7.0,0.3333333333333333,0.3333333333333333,0.0,0.3333333333333333,0.3333333333333333,0.0,0.0,0.0,0.0,0.0,0.0,0.0,91.02,52.63,0.0,100.0,0.0,50.0,71.43,25.0,0.0,0.0538076171346845,0.0,0.6666666666666666,0.0159912966666666,1.0,3.0,5.333333333333333,0.1107323733333333,31.0,RB/RCB,80,73,73,80,70,50,13,27,17,30,47,43,47,80,20,17,10,53,20,30,30,53,50,43,53,53,87,47,30,93,30,43,73,13,13,47,20,40,40,43,67,67,53,87,80,67,73,87,57,40,13,27,17,30,47,40,33,87,20,13,10,53,13,30,30,53,50,43,53,53,87,47,30,93,30,43,73,13,13,53,20,40,40,53,67,80,60,87,Austrian Bundesliga
Wolfsberger AC,9pn4d8sj6pmqidrhhlvev437k,7yhtdeh1aweuxv4s9yslbl621,N. Wimmer,Nicolas Wimmer,31,Defender,Austria,Defender,65.0,34.0,18.0,99.0,14.0,0.0,1.0,1.0,0.0,0.0,0.0,0.0,18.0,15.0,4.0,270.0,5.0,1.0,0.0,2.0,0.0,0.0,0.0,0.0,0.0,0.0,0.0,65.13,40.0,0.0,0.0,0.0,66.67,73.68,66.67,0.1180021224868229,0.0,0.0,0.0,0.0,0.0,14.0,15.0,0.24478723,51.0,21.666666666666668,11.333333333333334,6.0,33.0,4.666666666666667,0.0,0.3333333333333333,0.3333333333333333,0.0,0.0,0.0,0.0,6.0,5.0,1.3333333333333333,1.6666666666666667,0.3333333333333333,0.0,0.6666666666666666,0.0,0.0,0.0,0.0,0.0,0.0,0.0,65.13,40.0,0.0,0.0,0.0,66.67,73.68,66.67,0.0393340408289409,0.0,0.0,0.0,0.0,0.0,4.666666666666667,5.0,0.0815957433333333,17.0,LB/LCB,72,33,100,67,100,11,28,42,31,28,14,14,69,69,78,53,22,25,31,17,31,53,44,31,53,53,6,61,17,25,31,81,83,47,28,11,31,11,11,17,81,86,39,61,67,22,100,61,94,11,28,39,31,28,14,14,61,78,72,61,22,25,22,17,31,53,44,31,53,53,6,61,17,25,31,81,83,47,33,11,31,11,11,17,81,83,33,61,Austrian Bundesliga
Wolfsberger AC,9pn4d8sj6pmqidrhhlvev437k,8nh7mej6gdsx9oa6n8816rw9g,M. Schabauer,Marco Schabauer,20,Midfielder,Austria,Midfielder,7.0,11.0,1.0,18.0,3.0,1.0,2.0,1.0,1.0,0.0,0.0,0.0,5.0,2.0,0.0,169.0,2.0,0.0,0.0,1.0,0.0,0.0,0.0,0.0,0.0,0.0,0.0,64.29,50.0,0.0,0.0,0.0,31.25,50.0,50.0,0.2261096263821942,0.0,1.0,1.0,0.02855202,0.0,2.0,5.0,0.04693456,6.0,3.727810650887574,5.8579881656804735,0.5325443786982249,9.585798816568047,1.5976331360946745,0.5325443786982249,1.0650887573964498,0.5325443786982249,0.5325443786982249,0.0,0.0,0.0,2.662721893491124,1.0650887573964498,0.0,1.0650887573964498,0.0,0.0,0.5325443786982249,0.0,0.0,0.0,0.0,0.0,0.0,0.0,64.29,50.0,0.0,0.0,0.0,31.25,50.0,50.0,0.1204134104993933,0.0,0.5325443786982249,0.5325443786982249,0.0152052177514792,0.0,1.0650887573964498,2.662721893491124,0.0249947360946745,3.195266272189349,RM/RCM,11,11,11,11,83,28,33,44,50,28,11,11,22,50,17,39,22,22,39,22,28,56,50,50,56,56,11,33,22,22,28,11,83,61,56,11,50,11,11,17,11,11,11,11,11,11,11,11,78,33,67,67,78,28,11,11,22,50,17,56,22,22,44,22,28,56,50,50,56,56,11,33,22,22,28,11,83,61,67,11,72,11,11,17,11,11,11,11,Austrian Bundesliga
Wolfsberger AC,9pn4d8sj6pmqidrhhlvev437k,8x0tfplff9e3042uewyhkoa1,G. Vrioni,Giacomo Vrioni,27,Attacker,Albania,Striker,7.0,14.0,2.0,21.0,6.0,3.0,9.0,7.0,2.0,2.0,2.0,2.0,8.0,1.0,0.0,254.0,11.0,1.0,0.0,1.0,0.0,6.0,0.0,4.0,0.0,0.0,0.0,67.74,66.67,0.0,0.0,66.67,40.0,40.0,100.0,0.7916851630262915,0.1153670486934135,2.0,4.0,0.20682956,0.0,1.0,1.0,0.0413074099999999,8.0,2.4803149606299213,4.960629921259843,0.7086614173228346,7.440944881889763,2.125984251968504,1.062992125984252,3.188976377952756,2.4803149606299213,0.7086614173228346,0.7086614173228346,0.7086614173228346,0.7086614173228346,2.8346456692913384,0.3543307086614173,0.0,3.8976377952755903,0.3543307086614173,0.0,0.3543307086614173,0.0,2.125984251968504,0.0,1.4173228346456692,0.0,0.0,0.0,67.74,66.67,0.0,0.0,66.67,40.0,40.0,100.0,0.2805183648518355,0.0408780881197134,0.7086614173228346,1.4173228346456692,0.0732860645669291,0.0,0.3543307086614173,0.3543307086614173,0.0146364838582676,2.8346456692913384,ST,52,40,74,48,78,71,90,86,78,86,31,26,59,47,33,55,40,17,62,36,100,52,98,43,52,52,55,84,36,17,83,43,45,81,79,34,66,81,90,26,31,17,17,41,24,21,66,17,72,52,66,72,66,79,21,10,34,38,33,41,28,17,48,36,90,52,93,43,52,52,55,84,36,17,83,43,45,81,55,21,62,69,83,26,21,10,21,21,Austrian Bundesliga
Wolfsberger AC,9pn4d8sj6pmqidrhhlvev437k,bhn8je2hwadidyov5w033ukiy,O. Mamageishvili,Otar Mamageishvili,23,Midfielder,Georgia,Midfielder,26.0,30.0,3.0,56.0,0.0,2.0,1.0,0.0,1.0,0.0,2.0,2.0,6.0,1.0,1.0,122.0,3.0,1.0,1.0,2.0,0.0,0.0,0.0,0.0,0.0,0.0,0.0,90.32,60.0,0.0,50.0,0.0,37.5,0.0,50.0,0.0795578420920377,0.1100858439270985,1.0,5.0,0.19142501,2.0,3.0,4.0,0.09200782,26.0,19.18032786885246,22.131147540983605,2.2131147540983607,41.31147540983606,0.0,1.4754098360655736,0.7377049180327868,0.0,0.7377049180327868,0.0,1.4754098360655736,1.4754098360655736,4.426229508196721,0.7377049180327868,0.7377049180327868,2.2131147540983607,0.7377049180327868,0.7377049180327868,1.4754098360655736,0.0,0.0,0.0,0.0,0.0,0.0,0.0,90.32,60.0,0.0,50.0,0.0,37.5,0.0,50.0,0.058690211379372,0.0812108684708103,0.7377049180327868,3.6885245901639343,0.1412151713114754,1.4754098360655736,2.2131147540983607,2.950819672131148,0.0678746213114754,19.18032786885246,CM/AM,52,37,44,41,17,24,19,22,30,24,35,30,33,37,46,48,19,44,54,19,19,52,48,41,52,52,85,56,19,54,19,30,22,41,19,19,35,56,70,50,19,22,7,48,78,63,67,74,17,48,26,22,48,24,56,56,67,56,67,67,37,52,81,19,19,52,48,41,52,52,85,56,19,54,19,30,22,41,26,30,63,85,96,63,33,33,22,70,Austrian Bundesliga
Wolfsberger AC,9pn4d8sj6pmqidrhhlvev437k,bodixu40wx3exhjo290dxg8np,D. Avdijaj,Donis Avdijaj,30,Midfielder,Kosovo,Midfielder,4.0,27.0,2.0,28.0,0.0,6.0,3.0,2.0,1.0,1.0,4.0,4.0,4.0,1.0,0.0,211.0,5.0,1.0,0.0,2.0,3.0,1.0,0.0,0.0,2.0,0.0,0.0,77.78,100.0,33.33,0.0,33.33,20.0,0.0,66.67,0.2880035954565472,0.5325922110806145,1.0,7.0,0.19816891,5.0,2.0,6.0,0.09330003,10.0,1.706161137440758,11.516587677725118,0.8530805687203791,11.943127962085308,0.0,2.559241706161137,1.2796208530805686,0.8530805687203791,0.4265402843601895,0.4265402843601895,1.706161137440758,1.706161137440758,1.706161137440758,0.4265402843601895,0.0,2.132701421800948,0.4265402843601895,0.0,0.8530805687203791,1.2796208530805686,0.4265402843601895,0.0,0.0,0.8530805687203791,0.0,0.0,77.78,100.0,33.33,0.0,33.33,20.0,0.0,66.67,0.1228451355027926,0.2271720331623474,0.4265402843601895,2.985781990521327,0.0845270232227488,2.132701421800948,0.8530805687203791,2.559241706161137,0.0397962213270142,4.265402843601896,CM/AM,4,24,28,7,17,80,43,70,30,56,59,54,17,37,17,67,19,17,54,78,56,52,48,94,52,52,33,94,69,17,72,7,22,67,52,78,35,67,74,78,9,35,11,9,4,19,22,7,17,78,41,70,26,56,59,59,11,33,17,63,11,17,48,78,56,52,48,96,52,52,33,94,69,17,72,7,22,67,41,78,30,67,78,78,11,19,11,7,Austrian Bundesliga
Wolfsberger AC,9pn4d8sj6pmqidrhhlvev437k,byqw8bquvh3eysc0jzc81aay,M. Sulzner,Marco Sulzner,23,Midfielder,Austria,Midfielder,41.0,52.0,23.0,93.0,2.0,0.0,2.0,0.0,2.0,1.0,4.0,6.0,15.0,3.0,1.0,270.0,1.0,5.0,1.0,4.0,0.0,0.0,0.0,0.0,0.0,0.0,0.0,75.0,71.88,0.0,25.0,0.0,48.39,33.33,57.14,0.460262130374323,0.0,2.0,4.0,0.08330793,3.0,18.0,19.0,0.3135849399999999,45.0,13.666666666666666,17.333333333333332,7.666666666666667,31.0,0.6666666666666666,0.0,0.6666666666666666,0.0,0.6666666666666666,0.3333333333333333,1.3333333333333333,2.0,5.0,1.0,0.3333333333333333,0.3333333333333333,1.6666666666666667,0.3333333333333333,1.3333333333333333,0.0,0.0,0.0,0.0,0.0,0.0,0.0,75.0,71.88,0.0,25.0,0.0,48.39,33.33,57.14,0.1534207101247743,0.0,0.6666666666666666,1.3333333333333333,0.02776931,1.0,6.0,6.333333333333333,0.1045283133333333,15.0,DM/CM,39,56,100,44,36,17,33,22,61,53,72,78,56,36,25,28,72,53,67,33,33,53,44,47,50,50,17,100,33,50,33,56,31,69,78,17,72,58,56,64,72,69,61,39,28,67,100,33,33,17,39,22,61,64,69,78,61,28,28,28,94,56,83,33,33,53,44,47,50,50,17,100,33,50,33,56,31,69,72,17,67,61,56,67,89,83,72,44,Austrian Bundesliga
Wolfsberger AC,9pn4d8sj6pmqidrhhlvev437k,c91myl6wwl0z3adjs5rn09z4k,E. Agyemang,Emmanuel Agyemang,22,Midfielder,Ghana,Midfielder,16.0,25.0,1.0,41.0,1.0,0.0,0.0,0.0,0.0,0.0,0.0,1.0,3.0,0.0,1.0,146.0,0.0,2.0,0.0,0.0,0.0,0.0,0.0,0.0,0.0,0.0,0.0,91.11,50.0,0.0,0.0,0.0,33.33,25.0,0.0,0.0,0.0,0.0,0.0,0.0,0.0,0.0,0.0,0.0,0.0,9.863013698630136,15.41095890410959,0.6164383561643836,25.273972602739725,0.6164383561643836,0.0,0.0,0.0,0.0,0.0,0.0,0.6164383561643836,1.8493150684931507,0.0,0.6164383561643836,0.0,1.2328767123287672,0.0,0.0,0.0,0.0,0.0,0.0,0.0,0.0,0.0,91.11,50.0,0.0,0.0,0.0,33.33,25.0,0.0,0.0,0.0,0.0,0.0,0.0,0.0,0.0,0.0,0.0,0.0,CM/AM,37,17,15,28,48,6,6,22,9,24,6,13,9,13,46,6,44,17,13,19,19,52,48,41,52,52,89,33,19,17,19,20,48,13,6,6,7,4,4,9,4,4,4,4,41,30,19,33,59,6,6,22,9,24,6,19,15,13,56,6,67,17,13,19,19,52,48,41,52,52,89,33,19,17,19,20,48,13,6,6,7,4,4,9,4,4,4,4,Austrian Bundesliga
