Team,contestantId,playerId,Short Name,Player Name,Age,Position_x,Nationality,Position_y,total accurate back zone pass_Total,total accurate cross_Total,total accurate fwd zone pass_Total,total accurate long balls_Total,total accurate pass_Total,total aerial won_Total,total att assist_Total,total attempt_Total,total attempts ibox_Total,total attempts obox_Total,total contest_Total,total dribbles attempted_Total,total duels won_Total,total effective clearance_Total,total goals_Total,total mins played,total ontarget attempt_Total,total touches in opposition box_Total,total was fouled_Total,total won contest_Total,total assists_Total,total blocked scoring att_Total,total interception_Total,total won tackle_Total,total big chances saved_Total,total direct setpiece goals_Total,pass_success_pct_Total,long_balls_success_pct_Total,cross_success_pct_Total,dribble_success_pct_Total,attempt_success_pct_Total,duel_success_pct_Total,aerial_success_pct_Total,tackle_success_pct_Total,xG_Total,xA_Total,CreatedOwnShot_Total,Total Carries_Total,Total Carry xT_Total,Total Final Third Carries_Total,passes_into_final_third_Total,progressive_passes_Total,xT_pass_Total,forward_passes_Total,total accurate back zone pass_p90,total accurate cross_p90,total accurate fwd zone pass_p90,total accurate long balls_p90,total accurate pass_p90,total aerial won_p90,total att assist_p90,total attempt_p90,total attempts ibox_p90,total attempts obox_p90,total contest_p90,total dribbles attempted_p90,total duels won_p90,total effective clearance_p90,total goals_p90,total ontarget attempt_p90,total touches in opposition box_p90,total was fouled_p90,total won contest_p90,total assists_p90,total blocked scoring att_p90,total interception_p90,total won tackle_p90,total big chances saved_p90,total direct setpiece goals_p90,pass_success_pct_p90,long_balls_success_pct_p90,cross_success_pct_p90,dribble_success_pct_p90,attempt_success_pct_p90,duel_success_pct_p90,aerial_success_pct_p90,tackle_success_pct_p90,xG_p90,xA_p90,CreatedOwnShot_p90,Total Carries_p90,Total Carry xT_p90,Total Final Third Carries_p90,passes_into_final_third_p90,progressive_passes_p90,xT_pass_p90,forward_passes_p90,Pos.,total accurate back zone pass_TotalPR,total accurate cross_TotalPR,total accurate fwd zone pass_TotalPR,total accurate long balls_TotalPR,total accurate pass_TotalPR,total aerial won_TotalPR,total att assist_TotalPR,total attempt_TotalPR,total attempts ibox_TotalPR,total attempts obox_TotalPR,total contest_TotalPR,total dribbles attempted_TotalPR,total duels won_TotalPR,total effective clearance_TotalPR,total goals_TotalPR,total ontarget attempt_TotalPR,total touches in opposition box_TotalPR,total was fouled_TotalPR,total won contest_TotalPR,total assists_TotalPR,total blocked scoring att_TotalPR,total interception_TotalPR,total won tackle_TotalPR,total big chances saved_TotalPR,total direct setpiece goals_TotalPR,pass_success_pct_TotalPR,long_balls_success_pct_TotalPR,cross_success_pct_TotalPR,dribble_success_pct_TotalPR,attempt_success_pct_TotalPR,duel_success_pct_TotalPR,aerial_success_pct_TotalPR,tackle_success_pct_TotalPR,xG_TotalPR,xA_TotalPR,CreatedOwnShot_TotalPR,Total Carries_TotalPR,Total Carry xT_TotalPR,Total Final Third Carries_TotalPR,passes_into_final_third_TotalPR,progressive_passes_TotalPR,xT_pass_TotalPR,forward_passes_TotalPR,total accurate back zone pass_p90PR,total accurate cross_p90PR,total accurate fwd zone pass_p90PR,total accurate long balls_p90PR,total accurate pass_p90PR,total aerial won_p90PR,total att assist_p90PR,total attempt_p90PR,total attempts ibox_p90PR,total attempts obox_p90PR,total contest_p90PR,total dribbles attempted_p90PR,total duels won_p90PR,total effective clearance_p90PR,total goals_p90PR,total ontarget attempt_p90PR,total touches in opposition box_p90PR,total was fouled_p90PR,total won contest_p90PR,total assists_p90PR,total blocked scoring att_p90PR,total interception_p90PR,total won tackle_p90PR,total big chances saved_p90PR,total direct setpiece goals_p90PR,pass_success_pct_p90PR,long_balls_success_pct_p90PR,cross_success_pct_p90PR,dribble_success_pct_p90PR,attempt_success_pct_p90PR,duel_success_pct_p90PR,aerial_success_pct_p90PR,tackle_success_pct_p90PR,xG_p90PR,xA_p90PR,CreatedOwnShot_p90PR,Total Carries_p90PR,Total Carry xT_p90PR,Total Final Third Carries_p90PR,passes_into_final_third_p90PR,progressive_passes_p90PR,xT_pass_p90PR,forward_passes_p90PR,League
Dinamo Zagreb,7vyubxg6fnmwwyo2nnyhp6j5d,1ic5mnwhm510mptrxz04zmtm2,D. Beljo,Dion Beljo,24,Attacker,Croatia,Striker,7.0,0.0,27.0,1.0,34.0,9.0,6.0,24.0,20.0,4.0,9.0,10.0,21.0,2.0,5.0,245.0,10.0,36.0,5.0,4.0,2.0,6.0,1.0,3.0,0.0,0.0,72.34,100.0,0.0,44.44,41.67,61.76,81.82,100.0,2.92175145546382,0.5539768424638488,5.0,2.0,0.13206623,1.0,2.0,4.0,0.4125433499999999,11.0,2.571428571428571,0.0,9.918367346938776,0.3673469387755101,12.489795918367346,3.3061224489795915,2.204081632653061,8.816326530612244,7.346938775510204,1.469387755102041,3.3061224489795915,3.673469387755102,7.714285714285714,0.7346938775510203,1.836734693877551,3.673469387755102,13.224489795918366,1.836734693877551,1.469387755102041,0.7346938775510203,2.204081632653061,0.3673469387755101,1.1020408163265305,0.0,0.0,72.34,100.0,0.0,44.44,41.67,61.76,81.82,100.0,1.0732964530275255,0.2035016972316179,1.836734693877551,0.7346938775510203,0.0485141253061224,0.3673469387755101,0.7346938775510203,1.469387755102041,0.1515465367346938,4.040816326530612,ST,16,32,66,46,48,88,84,100,100,89,79,79,82,54,100,100,100,61,68,93,100,50,77,52,50,46,93,32,41,54,93,100,86,100,86,93,27,71,43,41,54,86,36,7,32,46,54,21,89,86,100,100,82,75,82,86,39,100,100,100,71,64,96,96,46,79,52,50,46,93,32,41,54,93,100,86,100,86,89,25,71,36,39,61,89,29,Prva HNL
Dinamo Zagreb,7vyubxg6fnmwwyo2nnyhp6j5d,1j99x774oc7dpglwcyy6l1fc9,A. Hoxha,Arbër Hoxha,27,Attacker,Albania,Striker,10.0,1.0,52.0,0.0,61.0,2.0,1.0,8.0,3.0,5.0,7.0,7.0,17.0,0.0,1.0,238.0,3.0,8.0,6.0,7.0,0.0,2.0,1.0,1.0,0.0,0.0,87.14,0.0,14.29,100.0,37.5,50.0,33.33,50.0,0.8005311976664489,0.0569560661979111,5.0,14.0,0.3818006099999999,5.0,0.0,4.0,0.27245078,17.0,3.7815126050420167,0.3781512605042016,19.66386554621849,0.0,23.067226890756302,0.7563025210084033,0.3781512605042016,3.0252100840336134,1.134453781512605,1.8907563025210083,2.647058823529412,2.647058823529412,6.428571428571429,0.0,0.3781512605042016,1.134453781512605,3.0252100840336134,2.26890756302521,2.647058823529412,0.0,0.7563025210084033,0.3781512605042016,0.3781512605042016,0.0,0.0,87.14,0.0,14.29,100.0,37.5,50.0,33.33,50.0,0.3027218814705059,0.0215380082261008,1.8907563025210083,5.294117647058823,0.144378381932773,1.8907563025210083,0.0,1.512605042016807,0.1030276058823529,6.428571428571429,LW,80,70,100,30,80,40,20,100,60,100,20,20,40,40,70,100,40,50,80,20,80,70,30,60,60,100,30,60,100,80,80,60,50,80,20,100,80,80,100,20,40,80,20,80,80,100,30,100,40,20,100,60,100,20,20,80,40,80,100,40,60,100,20,80,80,20,60,60,100,30,60,100,80,80,60,50,100,20,100,80,80,100,20,40,80,40,Prva HNL
Dinamo Zagreb,7vyubxg6fnmwwyo2nnyhp6j5d,2zbhh5sasfhsez0bfa1suk8ic,L. Kačavenda,Lukas Kacavenda,23,Midfielder,Croatia,Midfielder,30.0,1.0,57.0,1.0,86.0,1.0,7.0,4.0,3.0,1.0,8.0,9.0,21.0,0.0,1.0,225.0,2.0,14.0,5.0,7.0,0.0,1.0,1.0,6.0,0.0,0.0,84.31,25.0,100.0,87.5,50.0,70.0,0.0,75.0,0.4615360538253378,0.6829404710914724,1.0,4.0,0.13625133,4.0,7.0,7.0,0.6945973799999998,36.0,12.0,0.4,22.8,0.4,34.4,0.4,2.8,1.6,1.2,0.4,3.2,3.6,8.4,0.0,0.4,0.8,5.6,2.0,2.8,0.0,0.4,0.4,2.4,0.0,0.0,84.31,25.0,100.0,87.5,50.0,70.0,0.0,75.0,0.1846144215301351,0.273176188436589,0.4,1.6,0.054500532,1.6,2.8,2.8,0.2778389519999999,14.4,CM/AM,89,42,78,31,83,53,75,64,67,33,75,75,86,19,83,69,83,75,100,33,44,50,100,53,53,67,17,92,100,78,100,31,69,72,83,36,47,67,75,78,56,100,72,72,44,61,22,67,44,67,44,67,28,83,83,100,19,83,67,83,64,100,33,42,39,94,53,53,67,17,92,100,78,100,31,69,72,78,33,39,67,64,72,56,100,67,Prva HNL
Dinamo Zagreb,7vyubxg6fnmwwyo2nnyhp6j5d,5t3gy4g25ny7lrrvfxp7nmhp0,F. Topić,Fran Topic,22,Attacker,Croatia,Striker,9.0,1.0,32.0,0.0,40.0,2.0,4.0,5.0,3.0,2.0,2.0,2.0,5.0,0.0,0.0,139.0,3.0,15.0,2.0,1.0,0.0,1.0,0.0,0.0,0.0,0.0,74.07,0.0,33.33,50.0,60.0,38.46,40.0,0.0,0.31931876850271,0.4345531238880543,3.0,2.0,0.08133984,0.0,2.0,5.0,0.35706636,14.0,5.827338129496403,0.6474820143884892,20.719424460431654,0.0,25.899280575539567,1.2949640287769784,2.5899280575539567,3.237410071942446,1.9424460431654675,1.2949640287769784,1.2949640287769784,1.2949640287769784,3.237410071942446,0.0,0.0,1.9424460431654675,9.712230215827338,1.2949640287769784,0.6474820143884892,0.0,0.6474820143884892,0.0,0.0,0.0,0.0,74.07,0.0,33.33,50.0,60.0,38.46,40.0,0.0,0.2067531594621863,0.281365332013848,1.9424460431654675,1.2949640287769784,0.0526660834532374,0.0,1.2949640287769784,3.237410071942446,0.2311940460431654,9.06474820143885,RW,100,50,75,50,100,100,88,62,50,88,25,25,50,25,38,100,100,62,38,50,62,25,50,62,62,75,50,50,50,75,50,100,50,50,75,88,38,25,50,62,75,50,50,100,50,75,50,100,100,100,100,100,100,25,25,50,25,38,100,100,75,25,50,75,25,50,62,62,75,50,50,50,75,50,100,50,75,100,100,50,50,50,50,100,50,75,Prva HNL
Dinamo Zagreb,7vyubxg6fnmwwyo2nnyhp6j5d,81ugn04dq218l3yximasj6kmh,B. Goda,Bruno Goda,28,Defender,Croatia,Defender,30.0,1.0,24.0,0.0,53.0,0.0,3.0,2.0,0.0,2.0,2.0,2.0,5.0,4.0,0.0,146.0,1.0,0.0,1.0,2.0,0.0,0.0,2.0,1.0,0.0,0.0,82.81,0.0,16.67,100.0,50.0,41.67,0.0,50.0,0.1153929492783123,0.1923515420485229,1.0,1.0,0.0174506,1.0,1.0,6.0,0.35872014,18.0,18.493150684931507,0.6164383561643836,14.794520547945206,0.0,32.67123287671233,0.0,1.8493150684931507,1.2328767123287672,0.0,1.2328767123287672,1.2328767123287672,1.2328767123287672,3.0821917808219177,2.4657534246575343,0.0,0.6164383561643836,0.0,0.6164383561643836,1.2328767123287672,0.0,0.0,1.2328767123287672,0.6164383561643836,0.0,0.0,82.81,0.0,16.67,100.0,50.0,41.67,0.0,50.0,0.0711326399660829,0.1185728683860757,0.6164383561643836,0.6164383561643836,0.0107572191780821,0.6164383561643836,0.6164383561643836,3.6986301369863015,0.2211288534246575,11.095890410958903,LB/LCB,38,47,28,12,31,12,53,53,28,78,38,34,22,38,47,81,16,34,75,31,28,47,25,50,53,69,12,50,97,88,31,12,28,50,50,62,38,31,47,25,38,56,38,75,50,44,12,56,12,75,62,28,94,56,56,44,56,47,75,16,38,88,31,28,69,38,50,53,69,12,50,97,88,31,12,28,62,56,69,44,38,50,31,50,81,38,Prva HNL
Dinamo Zagreb,7vyubxg6fnmwwyo2nnyhp6j5d,90wyta6l6mfp2aa0egoqy5nxm,M. Lisica,Mateo Lisica,23,Attacker,Croatia,Striker,7.0,7.0,36.0,0.0,36.0,1.0,3.0,1.0,1.0,0.0,3.0,3.0,2.0,1.0,0.0,131.0,1.0,5.0,0.0,1.0,0.0,0.0,1.0,0.0,0.0,0.0,85.71,0.0,46.67,33.33,100.0,22.22,0.0,0.0,0.123386894108543,0.396711820969772,0.0,10.0,0.3372417399999999,3.0,2.0,3.0,0.4932908199999999,17.0,4.809160305343512,4.809160305343512,24.73282442748092,0.0,24.73282442748092,0.6870229007633588,2.0610687022900764,0.6870229007633588,0.6870229007633588,0.0,2.0610687022900764,2.0610687022900764,1.3740458015267176,0.6870229007633588,0.0,0.6870229007633588,3.435114503816794,0.0,0.6870229007633588,0.0,0.0,0.6870229007633588,0.0,0.0,0.0,85.71,0.0,46.67,33.33,100.0,22.22,0.0,0.0,0.0847696219066326,0.272550106009767,0.0,6.870229007633588,0.2316927984732824,2.0610687022900764,1.3740458015267176,2.0610687022900764,0.3389020900763358,11.6793893129771,RW,50,100,100,50,75,62,38,25,25,25,50,50,25,50,38,25,25,25,38,50,25,62,50,62,62,100,50,75,25,100,25,38,50,25,50,25,100,100,100,62,50,75,100,75,100,100,50,75,75,75,25,25,25,50,50,25,50,38,25,25,25,50,50,25,75,50,62,62,100,50,75,25,100,25,38,50,25,75,25,100,100,100,75,50,100,100,Prva HNL
Dinamo Zagreb,7vyubxg6fnmwwyo2nnyhp6j5d,96yikwkvaqoblxfn43f4gswr9,J. Mišić,Josip Misic,32,Midfielder,Croatia,Midfielder,61.0,0.0,104.0,7.0,165.0,3.0,5.0,4.0,0.0,4.0,3.0,3.0,12.0,1.0,0.0,239.0,1.0,0.0,1.0,3.0,0.0,2.0,3.0,1.0,0.0,0.0,82.91,41.18,0.0,100.0,25.0,66.67,75.0,20.0,0.2057670222382828,0.3444608952765579,4.0,13.0,0.30491643,4.0,22.0,32.0,0.5240118799999999,101.0,22.97071129707113,0.0,39.16317991631799,2.6359832635983267,62.13389121338913,1.1297071129707112,1.882845188284519,1.5062761506276152,0.0,1.5062761506276152,1.1297071129707112,1.1297071129707112,4.518828451882845,0.3765690376569038,0.0,0.3765690376569038,0.0,0.3765690376569038,1.1297071129707112,0.0,0.7531380753138076,1.1297071129707112,0.3765690376569038,0.0,0.0,82.91,41.18,0.0,100.0,25.0,66.67,75.0,20.0,0.0774854895457968,0.1297133078447289,1.5062761506276152,4.895397489539749,0.1148220866108786,1.5062761506276152,8.284518828451883,12.050209205020922,0.1973266493723849,38.03347280334728,DM/CM,75,32,95,68,82,77,93,89,27,95,61,59,66,27,43,70,14,16,86,41,93,64,32,48,52,23,41,32,93,61,98,95,32,59,91,95,95,95,86,93,100,100,91,77,32,91,73,91,73,100,91,27,95,55,50,50,23,43,64,14,14,82,41,95,55,32,48,52,23,41,32,93,61,98,95,32,55,100,100,95,95,91,91,100,100,95,Prva HNL
Dinamo Zagreb,7vyubxg6fnmwwyo2nnyhp6j5d,9jz0dmpw8lnorss1a4qbfanl5,S. Radeljić,Stjepan Radeljic,28,Defender,Bosnia and Herzegovina,Defender,134.0,0.0,103.0,14.0,237.0,7.0,5.0,3.0,2.0,1.0,0.0,0.0,9.0,10.0,0.0,270.0,1.0,6.0,0.0,0.0,1.0,0.0,3.0,2.0,0.0,0.0,92.94,60.87,0.0,0.0,33.33,37.5,50.0,100.0,0.315375787704451,0.3900367987557626,1.0,18.0,0.35055394,3.0,30.0,27.0,0.7098761499999999,162.0,44.66666666666666,0.0,34.333333333333336,4.666666666666667,79.0,2.333333333333333,1.6666666666666667,1.0,0.6666666666666666,0.3333333333333333,0.0,0.0,3.0,3.333333333333333,0.0,0.3333333333333333,2.0,0.0,0.0,0.3333333333333333,0.0,1.0,0.6666666666666666,0.0,0.0,92.94,60.87,0.0,0.0,33.33,37.5,50.0,100.0,0.1051252625681503,0.1300122662519208,0.3333333333333333,6.0,0.1168513133333333,1.0,10.0,9.0,0.2366253833333333,54.0,CB,86,41,95,86,95,77,98,80,75,84,30,30,34,32,43,82,93,14,34,98,34,52,30,50,52,95,82,41,34,77,5,39,93,82,95,84,95,95,89,95,91,100,100,91,41,95,86,91,77,100,73,68,89,30,30,14,30,43,82,93,14,34,100,34,57,20,50,52,95,82,41,34,77,5,39,93,77,100,89,95,91,86,95,91,95,95,Prva HNL
Dinamo Zagreb,7vyubxg6fnmwwyo2nnyhp6j5d,aa39qmdltst984nw5q0pr8j8q,N. Galešić,Niko Galesic,25,Defender,Croatia,Defender,139.0,0.0,100.0,13.0,239.0,5.0,1.0,4.0,2.0,2.0,1.0,1.0,15.0,13.0,1.0,270.0,2.0,3.0,4.0,1.0,0.0,1.0,6.0,3.0,0.0,0.0,92.64,56.52,0.0,100.0,50.0,55.56,55.56,60.0,0.3677142999705527,0.0722479098286405,2.0,23.0,0.47739063,7.0,29.0,28.0,0.54406577,135.0,46.333333333333336,0.0,33.333333333333336,4.333333333333333,79.66666666666667,1.6666666666666667,0.3333333333333333,1.3333333333333333,0.6666666666666666,0.6666666666666666,0.3333333333333333,0.3333333333333333,5.0,4.333333333333333,0.3333333333333333,0.6666666666666666,1.0,1.3333333333333333,0.3333333333333333,0.0,0.3333333333333333,2.0,1.0,0.0,0.0,92.64,56.52,0.0,100.0,50.0,55.56,55.56,60.0,0.1225714333235175,0.0240826366095468,0.6666666666666666,7.666666666666667,0.15913021,2.333333333333333,9.666666666666666,9.333333333333334,0.1813552566666666,45.0,CB,95,41,91,80,100,64,68,91,75,100,66,66,75,45,91,98,70,91,75,48,77,86,45,50,52,91,77,41,95,91,39,50,45,86,77,100,100,100,100,91,95,91,86,95,41,91,82,95,57,73,95,68,100,68,68,64,41,91,100,61,82,82,48,73,93,43,50,52,91,77,41,95,91,39,50,45,91,77,100,100,95,95,91,95,91,91,Prva HNL
Dinamo Zagreb,7vyubxg6fnmwwyo2nnyhp6j5d,ataq08lvaj8i1jg5c5iqz81sk,L. Stojković,Luka Stojkovic,22,Midfielder,Croatia,Midfielder,11.0,2.0,34.0,2.0,43.0,1.0,4.0,3.0,2.0,1.0,2.0,3.0,5.0,1.0,0.0,90.0,0.0,3.0,3.0,0.0,1.0,2.0,1.0,1.0,0.0,0.0,86.0,66.67,22.22,0.0,0.0,38.46,0.0,100.0,0.0,0.0,0.0,0.0,0.0,0.0,0.0,0.0,0.0,0.0,11.0,2.0,34.0,2.0,43.0,1.0,4.0,3.0,2.0,1.0,2.0,3.0,5.0,1.0,0.0,0.0,3.0,3.0,0.0,1.0,2.0,1.0,1.0,0.0,0.0,86.0,66.67,22.22,0.0,0.0,38.46,0.0,100.0,0.0,0.0,0.0,0.0,0.0,0.0,0.0,0.0,0.0,0.0,CM/AM,19,64,50,56,28,53,47,44,53,33,22,31,25,50,39,14,28,47,17,78,86,50,33,53,53,72,58,33,17,14,50,31,89,6,11,8,6,6,11,6,6,6,6,67,89,89,78,89,78,94,72,83,64,39,64,56,83,39,14,56,94,17,100,94,92,81,53,53,72,58,33,17,14,50,31,89,6,11,8,6,6,11,6,6,6,6,Prva HNL
Dinamo Zagreb,7vyubxg6fnmwwyo2nnyhp6j5d,atawelbstg96dp699p8b8e505,M. Zajc,Miha Zajc,32,Midfielder,Slovenia,Midfielder,19.0,2.0,49.0,0.0,66.0,0.0,4.0,3.0,1.0,2.0,4.0,4.0,3.0,0.0,0.0,138.0,2.0,6.0,2.0,1.0,0.0,1.0,1.0,0.0,0.0,0.0,89.19,0.0,33.33,25.0,66.67,25.0,0.0,0.0,0.2096559444765934,0.3910474642774195,1.0,4.0,0.0755008299999999,0.0,6.0,7.0,0.21210639,28.0,12.391304347826086,1.3043478260869563,31.95652173913044,0.0,43.04347826086956,0.0,2.608695652173913,1.9565217391304344,0.6521739130434783,1.3043478260869563,2.608695652173913,2.608695652173913,1.9565217391304344,0.0,0.0,1.3043478260869563,3.913043478260869,1.3043478260869563,0.6521739130434783,0.0,0.6521739130434783,0.6521739130434783,0.0,0.0,0.0,89.19,0.0,33.33,25.0,66.67,25.0,0.0,0.0,0.1367321377021261,0.2550309549635344,0.6521739130434783,2.608695652173913,0.0492396717391303,0.0,3.913043478260869,4.565217391304348,0.1383302543478261,18.26086956521739,CM/AM,56,64,72,8,67,17,47,44,31,64,42,39,8,19,39,69,58,25,44,33,44,50,14,53,53,78,8,53,47,97,11,31,14,39,61,36,47,28,11,64,56,44,67,83,78,83,8,94,17,56,61,33,78,72,50,17,19,39,78,78,33,50,33,67,67,14,53,53,78,8,53,47,97,11,31,14,61,72,44,67,50,11,83,78,56,83,Prva HNL
Dinamo Zagreb,7vyubxg6fnmwwyo2nnyhp6j5d,br127bsi0f5esaofj8qwiwro4,M. Pérez Vinlöf,Matteo Pérez Vinlöf,20,Defender,Sweden,Defender,23.0,2.0,33.0,2.0,54.0,1.0,4.0,3.0,3.0,0.0,7.0,7.0,8.0,1.0,0.0,124.0,1.0,6.0,1.0,6.0,1.0,2.0,1.0,0.0,0.0,0.0,80.6,25.0,25.0,85.71,33.33,61.54,50.0,0.0,0.2346581458976717,0.4967858567424957,1.0,6.0,0.1360036699999999,2.0,3.0,7.0,0.7575914499999999,26.0,16.693548387096776,1.4516129032258065,23.951612903225808,1.4516129032258065,39.193548387096776,0.7258064516129032,2.903225806451613,2.177419354838709,2.177419354838709,0.0,5.080645161290323,5.080645161290323,5.806451612903226,0.7258064516129032,0.0,0.7258064516129032,4.354838709677419,0.7258064516129032,4.354838709677419,0.7258064516129032,1.4516129032258065,0.7258064516129032,0.0,0.0,0.0,80.6,25.0,25.0,85.71,33.33,61.54,50.0,0.0,0.170316396216052,0.3605703798937469,0.7258064516129032,4.354838709677419,0.0987123411290322,1.4516129032258065,2.177419354838709,5.080645161290323,0.5498647620967742,18.870967741935484,LB/LCB,25,66,50,38,38,34,75,72,91,28,94,94,47,6,47,81,69,34,100,75,81,31,6,50,53,62,31,66,88,78,66,53,6,69,75,62,69,69,62,47,50,88,47,56,88,94,44,88,44,88,94,94,28,100,100,94,6,47,88,94,50,100,94,88,44,6,50,53,62,31,66,88,78,66,53,6,81,94,88,100,94,81,56,100,100,75,Prva HNL
Dinamo Zagreb,7vyubxg6fnmwwyo2nnyhp6j5d,eh0kquwg0p9jbhejuooiep72s,P. Tabinas,Paul Tabinas,24,Defender,Philippines,Defender,48.0,4.0,45.0,2.0,89.0,6.0,5.0,2.0,1.0,1.0,5.0,6.0,17.0,2.0,0.0,204.0,0.0,5.0,0.0,3.0,0.0,1.0,4.0,6.0,0.0,0.0,80.18,22.22,33.33,60.0,0.0,56.67,66.67,75.0,0.1662497444321543,0.2978049917812103,1.0,5.0,0.12621447,5.0,10.0,11.0,0.47437229,33.0,21.176470588235293,1.7647058823529411,19.852941176470587,0.8823529411764706,39.26470588235294,2.647058823529412,2.2058823529411766,0.8823529411764706,0.4411764705882353,0.4411764705882353,2.2058823529411766,2.647058823529412,7.5,0.8823529411764706,0.0,0.0,2.2058823529411766,0.0,1.3235294117647058,0.0,0.4411764705882353,1.7647058823529411,2.647058823529412,0.0,0.0,80.18,22.22,33.33,60.0,0.0,56.67,66.67,75.0,0.0733454754847739,0.1313845551975927,0.4411764705882353,2.2058823529411766,0.0556828544117647,2.2058823529411766,4.411764705882353,4.852941176470589,0.2092818926470588,14.558823529411764,RB/RCB,60,97,60,27,60,90,100,77,67,83,80,83,80,20,53,43,73,10,90,53,87,67,93,50,53,47,27,87,80,43,73,87,67,80,80,87,60,60,97,70,63,87,47,73,100,87,27,67,93,100,80,73,87,80,80,100,20,53,43,87,10,87,53,93,93,100,50,53,47,27,87,80,43,73,87,67,80,93,87,80,73,100,87,93,93,60,Prva HNL
HNK Gorica,2lxdu85eno8hnzkzinx44wvjt,2kedgspgw4g8cinoapsc6bufp,S. Perić,Stefan Peric,29,Defender,Austria,Defender,128.0,0.0,73.0,19.0,201.0,3.0,0.0,1.0,1.0,0.0,1.0,2.0,11.0,6.0,0.0,357.0,0.0,2.0,3.0,1.0,0.0,0.0,3.0,3.0,0.0,0.0,83.4,47.5,0.0,100.0,0.0,55.0,37.5,75.0,0.1286273384867636,0.0,0.0,11.0,0.22163681,3.0,15.0,14.0,0.3258524100000001,121.0,32.26890756302521,0.0,18.403361344537814,4.7899159663865545,50.67226890756302,0.7563025210084033,0.0,0.2521008403361344,0.2521008403361344,0.0,0.2521008403361344,0.5042016806722689,2.773109243697479,1.512605042016807,0.0,0.0,0.5042016806722689,0.7563025210084033,0.2521008403361344,0.0,0.0,0.7563025210084033,0.7563025210084033,0.0,0.0,83.4,47.5,0.0,100.0,0.0,55.0,37.5,75.0,0.0324270601227135,0.0,0.0,2.773109243697479,0.0558748260504201,0.7563025210084033,3.7815126050420167,3.5294117647058822,0.0821476663865546,30.504201680672267,RB/RCB,87,23,93,100,93,63,17,57,67,40,27,37,47,57,53,43,37,80,53,53,40,47,30,50,53,67,87,23,97,43,67,47,67,67,17,43,100,100,70,100,87,60,90,80,23,73,100,80,33,17,53,60,40,20,27,27,27,53,43,40,60,40,53,40,27,20,50,53,67,87,23,97,43,67,47,67,60,17,43,93,80,60,73,67,53,93,Prva HNL
HNK Gorica,2lxdu85eno8hnzkzinx44wvjt,3thzdfntp1h4c2dubvbw7afx0,J. Frigan,Juraj Frigan,17,Midfielder,Croatia,Midfielder,36.0,1.0,30.0,2.0,65.0,0.0,2.0,1.0,0.0,1.0,3.0,3.0,13.0,1.0,0.0,221.0,0.0,3.0,5.0,1.0,0.0,1.0,3.0,4.0,0.0,0.0,85.53,66.67,50.0,33.33,0.0,48.15,0.0,57.14,0.0560779508415478,0.1735478934896655,0.0,2.0,0.03932202,0.0,5.0,2.0,0.1064218,26.0,14.660633484162895,0.4072398190045249,12.217194570135746,0.8144796380090498,26.47058823529412,0.0,0.8144796380090498,0.4072398190045249,0.0,0.4072398190045249,1.2217194570135743,1.2217194570135743,5.294117647058823,0.4072398190045249,0.0,0.0,1.2217194570135743,2.0361990950226243,0.4072398190045249,0.0,0.4072398190045249,1.2217194570135743,1.6289592760180995,0.0,0.0,85.53,66.67,50.0,33.33,0.0,48.15,0.0,57.14,0.0228371745508565,0.0706756127333479,0.0,0.8144796380090498,0.0160134923076923,0.0,2.0361990950226243,0.8144796380090498,0.0433391945701357,10.588235294117649,DM/CM,23,73,25,20,23,11,57,27,27,52,61,59,73,27,43,30,75,77,45,41,64,64,91,48,52,50,66,75,36,30,50,16,68,27,73,25,25,18,18,39,18,27,32,27,73,23,23,18,11,68,23,27,55,64,59,64,27,43,30,73,82,45,41,68,64,91,48,52,50,66,75,36,30,50,16,68,23,68,25,23,18,18,41,18,27,36,Prva HNL
HNK Gorica,2lxdu85eno8hnzkzinx44wvjt,5oy6la917n7xx70zkj2xtbomi,K. Čustović,Kevin Custovic,26,Midfielder,Sweden,Midfielder,20.0,3.0,28.0,3.0,45.0,2.0,6.0,0.0,0.0,0.0,6.0,6.0,12.0,1.0,0.0,174.0,0.0,3.0,1.0,5.0,0.0,0.0,2.0,3.0,0.0,0.0,78.95,50.0,21.43,83.33,0.0,57.14,66.67,75.0,0.0,0.5482609549493082,0.0,5.0,0.14782443,2.0,6.0,8.0,0.41787016,25.0,10.344827586206897,1.5517241379310345,14.482758620689657,1.5517241379310345,23.27586206896552,1.0344827586206895,3.103448275862069,0.0,0.0,0.0,3.103448275862069,3.103448275862069,6.206896551724138,0.5172413793103449,0.0,0.0,1.5517241379310345,0.5172413793103449,2.586206896551724,0.0,0.0,1.0344827586206895,1.5517241379310345,0.0,0.0,78.95,50.0,21.43,83.33,0.0,57.14,66.67,75.0,0.0,0.2835832525599869,0.0,2.586206896551724,0.0764609120689655,1.0344827586206895,3.103448275862069,4.137931034482759,0.2161397379310344,12.93103448275862,RM/RCM,60,90,60,70,80,90,100,30,50,30,100,100,100,20,60,50,80,50,100,60,30,90,70,60,60,80,40,60,100,50,80,100,70,30,100,40,70,60,60,80,80,80,80,40,100,60,80,60,100,100,30,50,30,100,100,100,20,60,50,80,60,100,60,30,80,60,60,60,80,40,60,100,50,80,100,70,30,100,40,80,60,60,80,80,80,80,Prva HNL
HNK Gorica,2lxdu85eno8hnzkzinx44wvjt,6mfpfjlzoz9uwpep5qc8dco6i,F. Braut,Filip Braut,24,Defender,Croatia,Defender,41.0,4.0,48.0,2.0,85.0,3.0,2.0,3.0,1.0,2.0,3.0,3.0,12.0,6.0,0.0,299.0,1.0,4.0,2.0,1.0,0.0,1.0,1.0,7.0,0.0,0.0,72.65,20.0,25.0,33.33,33.33,50.0,50.0,100.0,0.1784875609464169,0.2319740738778013,2.0,7.0,0.19525574,2.0,10.0,15.0,0.4069688099999999,44.0,12.34113712374582,1.2040133779264213,14.448160535117056,0.6020066889632106,25.58528428093645,0.903010033444816,0.6020066889632106,0.903010033444816,0.3010033444816053,0.6020066889632106,0.903010033444816,0.903010033444816,3.612040133779264,1.806020066889632,0.0,0.3010033444816053,1.2040133779264213,0.6020066889632106,0.3010033444816053,0.0,0.3010033444816053,0.3010033444816053,2.1070234113712374,0.0,0.0,72.65,20.0,25.0,33.33,33.33,50.0,50.0,100.0,0.0537253527932358,0.0698249720702411,0.6020066889632106,2.1070234113712374,0.0587726307692307,0.6020066889632106,3.0100334448160533,4.51505016722408,0.1224989729096989,13.244147157190636,RB/RCB,47,97,73,27,53,63,63,90,67,93,63,60,57,57,53,93,63,57,53,53,87,17,100,50,53,7,17,60,53,90,50,60,97,87,67,93,80,87,57,70,100,80,73,13,93,47,13,33,47,53,87,67,93,67,60,40,47,53,87,47,40,60,53,80,7,87,50,53,7,17,60,53,90,50,60,97,73,67,93,67,87,47,60,87,73,53,Prva HNL
HNK Gorica,2lxdu85eno8hnzkzinx44wvjt,6xfee6dqsjz1p0v3al6o3rtgp,B. Bogojević,Bruno Bogojevic,28,Attacker,Croatia,Striker,14.0,3.0,34.0,6.0,45.0,3.0,6.0,13.0,11.0,2.0,9.0,10.0,20.0,2.0,2.0,332.0,5.0,22.0,9.0,4.0,0.0,5.0,0.0,2.0,0.0,0.0,73.77,85.71,33.33,44.44,38.46,47.62,27.27,50.0,0.9572210048532944,0.6113838822662513,4.0,4.0,0.10179273,0.0,1.0,4.0,0.6511913099999999,15.0,3.795180722891566,0.8132530120481927,9.216867469879515,1.6265060240963851,12.198795180722891,0.8132530120481927,1.6265060240963851,3.5240963855421685,2.9819277108433733,0.5421686746987951,2.439759036144578,2.710843373493976,5.421686746987952,0.5421686746987951,0.5421686746987951,1.355421686746988,5.9638554216867465,2.439759036144578,1.0843373493975903,0.0,1.355421686746988,0.0,0.5421686746987951,0.0,0.0,73.77,85.71,33.33,44.44,38.46,47.62,27.27,50.0,0.2594876217975798,0.1657365945902488,1.0843373493975903,1.0843373493975903,0.0275944147590361,0.0,0.2710843373493976,1.0843373493975903,0.1765277647590361,4.066265060240964,CM/AM,28,83,50,83,39,81,67,97,100,64,86,86,78,78,97,94,100,89,75,33,97,19,61,53,53,11,72,53,72,61,72,67,47,89,78,81,47,50,11,14,36,89,36,6,67,6,72,6,61,33,83,94,39,56,56,61,56,94,83,89,78,67,33,89,19,39,53,53,11,72,53,72,61,72,67,47,78,56,67,17,17,11,11,11,83,11,Prva HNL
HNK Gorica,2lxdu85eno8hnzkzinx44wvjt,8rthyy9krqvhncr52uc1u00t0,J. Pranjić,Jakov Pranjic,25,Attacker,Croatia,Midfielder,13.0,3.0,19.0,0.0,29.0,0.0,3.0,1.0,1.0,0.0,5.0,7.0,12.0,2.0,0.0,129.0,0.0,7.0,5.0,1.0,0.0,0.0,1.0,3.0,0.0,0.0,87.88,0.0,60.0,20.0,0.0,52.17,0.0,50.0,0.1123753126250321,0.2946347032930548,0.0,3.0,0.08034976,3.0,3.0,2.0,0.12874353,13.0,9.069767441860463,2.0930232558139537,13.255813953488373,0.0,20.232558139534884,0.0,2.0930232558139537,0.6976744186046512,0.6976744186046512,0.0,3.488372093023256,4.883720930232558,8.372093023255815,1.3953488372093024,0.0,0.0,4.883720930232558,3.488372093023256,0.6976744186046512,0.0,0.0,0.6976744186046512,2.0930232558139537,0.0,0.0,87.88,0.0,60.0,20.0,0.0,52.17,0.0,50.0,0.0784013809011851,0.2055590953207359,0.0,2.0930232558139537,0.0560579720930232,2.0930232558139537,2.0930232558139537,1.3953488372093024,0.0898210674418604,9.069767441860463,ST,52,89,27,16,30,11,64,12,20,18,55,68,43,54,21,11,32,61,32,36,16,50,77,52,50,93,16,93,21,11,64,16,34,18,68,11,46,46,73,57,34,39,46,79,100,71,16,68,11,82,18,18,18,86,93,93,82,21,11,57,100,46,36,16,79,96,52,50,93,16,93,21,11,64,16,34,21,89,11,82,75,96,82,54,64,71,Prva HNL
HNK Gorica,2lxdu85eno8hnzkzinx44wvjt,bpys25y0d73ir08ccb9p01qwa,P. Mijić,Patrik Mijic,27,Attacker,Croatia,Striker,13.0,0.0,20.0,1.0,33.0,9.0,2.0,14.0,13.0,1.0,4.0,4.0,20.0,0.0,0.0,314.0,3.0,20.0,8.0,2.0,0.0,3.0,2.0,0.0,0.0,0.0,66.0,50.0,0.0,50.0,21.43,57.14,52.94,0.0,2.019304883882484,0.2214223892340683,2.0,3.0,0.11414704,0.0,2.0,2.0,0.2745760299999999,9.0,3.726114649681529,0.0,5.732484076433121,0.286624203821656,9.45859872611465,2.579617834394905,0.5732484076433121,4.012738853503184,3.726114649681529,0.286624203821656,1.1464968152866242,1.1464968152866242,5.732484076433121,0.0,0.0,0.8598726114649682,5.732484076433121,2.2929936305732483,0.5732484076433121,0.0,0.8598726114649682,0.5732484076433121,0.0,0.0,0.0,66.0,50.0,0.0,50.0,21.43,57.14,52.94,0.0,0.5787816546159986,0.0634650160225036,0.5732484076433121,0.8598726114649682,0.0327173044585987,0.0,0.5732484076433121,0.5732484076433121,0.0787001359872611,2.579617834394905,ST,52,32,32,46,41,88,46,93,96,45,41,38,77,9,21,57,89,98,50,36,82,75,12,52,50,12,55,32,52,21,79,75,12,93,57,61,46,61,16,41,34,68,25,14,32,7,39,4,79,32,86,93,39,30,27,64,9,21,55,75,89,41,36,82,70,12,52,50,12,55,32,52,21,79,75,12,89,43,50,32,39,16,34,23,57,11,Prva HNL
HNK Gorica,2lxdu85eno8hnzkzinx44wvjt,d2ifi3myitnsd14yh45c2ue39,J. Filipović,Jakov Filipovic,33,Defender,Croatia,Defender,128.0,0.0,31.0,3.0,159.0,15.0,0.0,0.0,0.0,0.0,0.0,0.0,25.0,18.0,0.0,330.0,0.0,0.0,3.0,0.0,0.0,0.0,3.0,4.0,0.0,0.0,88.33,21.43,0.0,0.0,0.0,71.43,65.22,57.14,0.0,0.0,0.0,0.0,0.0,0.0,0.0,0.0,0.0,0.0,34.909090909090914,0.0,8.454545454545455,0.8181818181818182,43.36363636363637,4.090909090909091,0.0,0.0,0.0,0.0,0.0,0.0,6.818181818181818,4.909090909090909,0.0,0.0,0.0,0.8181818181818182,0.0,0.0,0.0,0.8181818181818182,1.090909090909091,0.0,0.0,88.33,21.43,0.0,0.0,0.0,71.43,65.22,57.14,0.0,0.0,0.0,0.0,0.0,0.0,0.0,0.0,0.0,0.0,CB,77,41,45,18,68,100,32,20,23,36,30,30,100,64,43,36,14,73,34,48,34,52,66,50,52,64,9,41,34,36,89,64,36,23,34,36,23,23,34,20,20,20,20,77,41,27,9,55,100,32,20,23,36,30,30,91,55,43,36,14,64,34,48,34,45,50,50,52,64,9,41,34,36,89,64,36,23,34,36,23,23,34,20,20,20,20,Prva HNL
HNK Gorica,2lxdu85eno8hnzkzinx44wvjt,ehj7oti18zqjimsnyiz1smevp,D. Pavičić,Domagoj Pavicic,32,Midfielder,Croatia,Midfielder,27.0,3.0,80.0,8.0,104.0,8.0,3.0,4.0,3.0,1.0,10.0,10.0,32.0,1.0,0.0,359.0,1.0,7.0,14.0,5.0,0.0,1.0,3.0,2.0,0.0,0.0,79.39,61.54,42.86,50.0,25.0,65.31,80.0,40.0,0.3603664550469737,0.2753377870556263,1.0,20.0,0.48956637,8.0,19.0,24.0,0.5882093399999997,61.0,6.768802228412256,0.7520891364902507,20.055710306406684,2.0055710306406684,26.07242339832869,2.0055710306406684,0.7520891364902507,1.0027855153203342,0.7520891364902507,0.2506963788300835,2.5069637883008355,2.5069637883008355,8.022284122562674,0.2506963788300835,0.0,0.2506963788300835,1.7548746518105849,3.5097493036211698,1.2534818941504178,0.0,0.2506963788300835,0.7520891364902507,0.5013927576601671,0.0,0.0,79.39,61.54,42.86,50.0,25.0,65.31,80.0,40.0,0.0903425653321104,0.0690261861699341,0.2506963788300835,5.013927576601671,0.1227325161559888,2.0055710306406684,4.763231197771588,6.016713091922005,0.1474619515320333,15.292479108635098,CM/AM,78,83,89,92,94,97,28,64,67,33,94,86,100,50,39,39,69,100,89,33,44,94,61,53,53,33,44,75,81,42,89,100,31,61,50,36,100,100,92,94,100,83,94,33,61,56,83,56,89,22,22,39,17,61,39,94,39,39,28,39,100,83,33,11,78,33,53,53,33,44,75,81,42,89,100,31,33,28,17,94,83,78,89,83,61,72,Prva HNL
HNK Gorica,2lxdu85eno8hnzkzinx44wvjt,ekz6v26gdjjrx2ys7oh2obpjo,A. Kavelj,Ante Kavelj,20,Midfielder,Croatia,Midfielder,49.0,2.0,59.0,9.0,106.0,19.0,2.0,2.0,1.0,1.0,0.0,0.0,29.0,13.0,0.0,360.0,0.0,3.0,5.0,0.0,0.0,1.0,5.0,2.0,1.0,0.0,69.74,37.5,100.0,0.0,0.0,63.04,61.29,40.0,0.1363595683602367,0.1730403287838484,0.0,5.0,0.10654004,4.0,16.0,10.0,0.4000470499999999,65.0,12.25,0.5,14.75,2.25,26.5,4.75,0.5,0.5,0.25,0.25,0.0,0.0,7.25,3.25,0.0,0.0,0.75,1.25,0.0,0.0,0.25,1.25,0.5,0.25,0.0,69.74,37.5,100.0,0.0,0.0,63.04,61.29,40.0,0.0340898920900591,0.0432600821959621,0.0,1.25,0.02663501,1.0,4.0,2.5,0.1000117624999999,16.25,DM/CM,55,89,73,89,64,100,57,50,61,52,7,7,100,100,43,30,75,77,11,41,64,89,59,98,52,9,32,93,11,30,86,82,55,50,68,25,61,55,86,82,66,86,73,18,82,41,59,23,100,36,27,55,32,7,7,86,100,43,30,48,59,11,41,41,68,41,95,52,9,32,93,11,30,86,82,55,36,36,25,36,32,77,64,45,59,45,Prva HNL
HNK Gorica,2lxdu85eno8hnzkzinx44wvjt,ia0gbmz8j5hdx14agb7p1ck,I. Cvijanović,Ivan Cvijanovic,22,Defender,Croatia,Defender,73.0,6.0,79.0,10.0,146.0,4.0,4.0,1.0,0.0,1.0,3.0,3.0,25.0,15.0,0.0,360.0,0.0,1.0,6.0,1.0,0.0,0.0,3.0,8.0,0.0,0.0,80.22,33.33,18.18,33.33,0.0,56.82,36.36,57.14,0.0425265031366203,0.4931120418901591,1.0,8.0,0.16626771,4.0,15.0,16.0,0.5369266199999999,84.0,18.25,1.5,19.75,2.5,36.5,1.0,1.0,0.25,0.0,0.25,0.75,0.75,6.25,3.75,0.0,0.0,0.25,1.5,0.25,0.0,0.0,0.75,2.0,0.0,0.0,80.22,33.33,18.18,33.33,0.0,56.82,36.36,57.14,0.010631625784155,0.1232780104725397,0.25,2.0,0.0415669275,1.0,3.75,4.0,0.1342316549999999,21.0,LB/LCB,94,94,97,94,94,94,75,41,28,59,56,53,100,100,47,34,34,97,47,31,28,69,100,50,53,50,50,56,50,34,56,38,44,38,69,62,88,81,75,100,97,69,100,69,94,84,78,75,56,50,38,28,56,25,25,100,88,47,34,31,97,28,31,28,50,94,50,53,50,50,56,50,34,56,38,44,38,62,50,75,62,62,88,72,56,94,Prva HNL
Hajduk Split,6ouaoxrghzeqpzqk02xn3t4r9,1c7tr11lak5xwdw7s8b93zw7p,M. Livaja,Marko Livaja,32,Attacker,Croatia,Striker,18.0,2.0,24.0,2.0,40.0,3.0,3.0,8.0,6.0,2.0,2.0,3.0,7.0,3.0,3.0,199.0,5.0,13.0,3.0,1.0,0.0,0.0,0.0,0.0,0.0,0.0,74.07,40.0,66.67,50.0,62.5,36.84,0.0,0.0,0.8037713495390116,0.3117280726390042,2.0,4.0,0.13677661,0.0,0.0,4.0,0.41856703,16.0,8.140703517587939,0.9045226130653266,10.85427135678392,0.9045226130653266,18.09045226130653,1.3567839195979898,1.3567839195979898,3.618090452261306,2.71356783919598,0.9045226130653266,0.9045226130653266,1.3567839195979898,3.165829145728643,1.3567839195979898,1.3567839195979898,2.2613065326633164,5.879396984924623,1.3567839195979898,0.4522613065326633,0.0,0.0,0.0,0.0,0.0,0.0,74.07,40.0,66.67,50.0,62.5,36.84,0.0,0.0,0.3635146806960354,0.140982545414625,0.9045226130653266,1.809045226130653,0.0618587683417085,0.0,0.0,1.809045226130653,0.1893016718592964,7.236180904522612,ST,68,82,48,66,61,54,64,61,62,62,29,32,23,73,91,91,68,36,32,36,16,18,12,52,50,50,43,96,52,93,21,16,12,57,71,61,64,75,16,12,54,89,62,68,82,61,64,61,61,61,75,79,79,25,36,11,79,93,89,79,36,32,36,16,18,12,52,50,50,43,96,52,93,21,16,12,68,75,71,75,86,16,12,75,93,61,Prva HNL
Hajduk Split,6ouaoxrghzeqpzqk02xn3t4r9,1cmam3v7m99g5x18rm986nbze,Dali,Dalisson de Almeida Leite,26,Midfielder,Spain,Midfielder,5.0,0.0,30.0,0.0,35.0,1.0,4.0,2.0,1.0,1.0,5.0,5.0,6.0,0.0,0.0,97.0,0.0,4.0,3.0,1.0,1.0,1.0,0.0,1.0,0.0,0.0,89.74,0.0,0.0,20.0,0.0,31.58,0.0,100.0,0.1363806761944714,0.2502929288197548,1.0,11.0,0.3021923499999999,3.0,2.0,3.0,0.1133689599999999,11.0,4.639175257731959,0.0,27.83505154639176,0.0,32.47422680412371,0.9278350515463918,3.711340206185567,1.855670103092784,0.9278350515463918,0.9278350515463918,4.639175257731959,4.639175257731959,5.567010309278351,0.0,0.0,0.0,3.711340206185567,2.783505154639176,0.9278350515463918,0.9278350515463918,0.9278350515463918,0.0,0.9278350515463918,0.0,0.0,89.74,0.0,0.0,20.0,0.0,31.58,0.0,100.0,0.1265387717268291,0.2322305525131745,0.9278350515463918,10.20618556701031,0.2803846546391751,2.783505154639176,1.855670103092784,2.783505154639176,0.1051876948453607,10.20618556701031,CM/AM,6,17,28,8,14,53,47,22,31,33,56,53,39,19,39,14,42,47,44,78,44,19,33,53,53,83,8,17,36,14,33,31,89,28,39,36,89,83,61,25,22,22,17,11,17,78,8,61,72,89,56,56,56,100,100,67,19,39,14,72,83,56,94,83,19,67,53,53,83,8,17,36,14,33,31,89,50,67,61,100,100,89,50,50,39,56,Prva HNL
Hajduk Split,6ouaoxrghzeqpzqk02xn3t4r9,2jak0xxn0306bv6vv1z5vdjbo,Š. Hrgović,Simun Hrgovic,22,Defender,Croatia,Defender,45.0,4.0,60.0,3.0,101.0,1.0,11.0,4.0,1.0,3.0,4.0,5.0,9.0,7.0,1.0,288.0,1.0,6.0,1.0,3.0,1.0,2.0,2.0,2.0,0.0,0.0,84.87,33.33,33.33,75.0,25.0,64.29,50.0,50.0,0.2679614871878912,1.04714027804711,2.0,7.0,0.13728373,6.0,3.0,7.0,0.5425552699999999,37.0,14.0625,1.25,18.75,0.9375,31.5625,0.3125,3.4375,1.25,0.3125,0.9375,1.25,1.5625,2.8125,2.1875,0.3125,0.3125,1.875,0.3125,0.9375,0.3125,0.625,0.625,0.625,0.0,0.0,84.87,33.33,33.33,75.0,25.0,64.29,50.0,50.0,0.0837379647462159,0.3272313368897218,0.625,2.1875,0.0429011656249999,1.875,0.9375,2.1875,0.1695485218749999,11.5625,LB/LCB,69,84,75,50,72,34,100,91,62,94,75,81,56,69,94,81,69,34,84,75,81,47,53,50,53,81,50,94,75,69,81,53,28,81,94,88,78,75,91,47,50,75,62,31,81,75,31,50,38,100,69,56,81,62,75,25,50,94,69,56,19,81,69,75,38,44,50,53,81,50,94,75,69,81,53,28,69,88,75,81,69,94,38,31,62,44,Prva HNL
Hajduk Split,6ouaoxrghzeqpzqk02xn3t4r9,3pmxeo3dvepq6a1s6dxvjeoh6,A. Sanyang,Abdoulie Sanyang,27,Attacker,Gambia,Striker,8.0,0.0,26.0,0.0,34.0,0.0,0.0,2.0,2.0,0.0,9.0,10.0,19.0,0.0,1.0,138.0,1.0,11.0,4.0,7.0,0.0,1.0,0.0,6.0,0.0,0.0,82.93,0.0,0.0,77.78,50.0,70.37,0.0,75.0,0.1925582456653545,0.0,1.0,5.0,0.14339923,1.0,2.0,1.0,0.0393367099999999,9.0,5.217391304347826,0.0,16.956521739130434,0.0,22.17391304347825,0.0,0.0,1.3043478260869563,1.3043478260869563,0.0,5.869565217391304,6.521739130434782,12.391304347826086,0.0,0.6521739130434783,0.6521739130434783,7.173913043478261,2.608695652173913,4.565217391304348,0.0,0.6521739130434783,0.0,3.913043478260869,0.0,0.0,82.93,0.0,0.0,77.78,50.0,70.37,0.0,75.0,0.1255814645643616,0.0,0.6521739130434783,3.260869565217391,0.0935212369565217,0.6521739130434783,1.3043478260869563,0.6521739130434783,0.0256543760869564,5.869565217391304,ST,21,32,61,16,48,11,11,27,30,18,79,79,71,9,54,27,59,45,93,36,50,18,96,52,50,86,16,32,82,77,96,16,59,29,12,34,73,82,43,41,20,25,25,50,32,93,16,79,11,11,29,43,18,100,100,100,9,79,32,93,96,100,36,68,18,100,52,50,86,16,32,82,77,96,16,59,36,12,57,89,89,57,61,29,25,39,Prva HNL
Hajduk Split,6ouaoxrghzeqpzqk02xn3t4r9,65aewljrlnaritfgi91zhpnmx,D. Marešić,Dario Maresic,26,Defender,Austria,Defender,106.0,1.0,107.0,20.0,212.0,3.0,0.0,2.0,1.0,1.0,0.0,0.0,8.0,10.0,0.0,225.0,0.0,1.0,1.0,0.0,0.0,1.0,1.0,2.0,0.0,0.0,92.58,68.97,100.0,0.0,0.0,57.14,75.0,50.0,0.127193046841529,0.0,1.0,14.0,0.27365474,3.0,37.0,37.0,0.6335467799999999,153.0,42.4,0.4,42.8,8.0,84.8,1.2,0.0,0.8,0.4,0.4,0.0,0.0,3.2,4.0,0.0,0.0,0.4,0.4,0.0,0.0,0.4,0.4,0.8,0.0,0.0,92.58,68.97,100.0,0.0,0.0,57.14,75.0,50.0,0.0508772187366115,0.0,0.4,5.6,0.109461896,1.2,14.8,14.8,0.2534187119999999,61.2,CB,64,91,100,100,86,36,32,66,52,84,30,30,27,32,43,36,41,34,34,48,77,27,30,50,52,86,91,98,34,36,52,86,27,64,34,84,91,91,89,100,100,95,95,86,86,100,100,100,36,32,59,55,95,30,30,23,36,43,36,41,32,34,48,77,18,32,50,52,86,91,98,34,36,52,86,27,59,34,95,86,86,91,100,100,100,100,Prva HNL
Hajduk Split,6ouaoxrghzeqpzqk02xn3t4r9,67w182dhn27nmdrchqlw9w104,M. Acapandié,Mathieu Acapandié,21,Defender,Madagascar,Defender,32.0,1.0,27.0,0.0,58.0,3.0,0.0,0.0,0.0,0.0,1.0,2.0,8.0,5.0,0.0,145.0,0.0,0.0,1.0,0.0,0.0,0.0,1.0,4.0,0.0,0.0,89.23,0.0,25.0,0.0,0.0,44.44,0.0,80.0,0.0,0.0,0.0,0.0,0.0,0.0,0.0,0.0,0.0,0.0,19.86206896551724,0.6206896551724138,16.75862068965517,0.0,36.0,1.862068965517241,0.0,0.0,0.0,0.0,0.6206896551724138,1.2413793103448276,4.965517241379311,3.103448275862069,0.0,0.0,0.0,0.6206896551724138,0.0,0.0,0.0,0.6206896551724138,2.4827586206896552,0.0,0.0,89.23,0.0,25.0,0.0,0.0,44.44,0.0,80.0,0.0,0.0,0.0,0.0,0.0,0.0,0.0,0.0,0.0,0.0,RB/RCB,30,50,20,7,20,63,17,23,23,40,27,37,23,40,53,43,10,33,20,53,40,17,50,50,53,87,7,60,20,43,33,13,80,23,17,43,17,17,20,13,13,13,13,60,60,60,7,60,87,17,23,23,40,53,67,67,73,53,43,10,47,20,53,40,13,93,50,53,87,7,60,20,43,33,13,80,23,17,43,17,17,20,13,13,13,13,Prva HNL
Hajduk Split,6ouaoxrghzeqpzqk02xn3t4r9,7uw88nwfgndw5rwjdf3ok89hw,N. Sigur,Niko Sigur,22,Midfielder,Canada,Midfielder,32.0,0.0,44.0,7.0,76.0,1.0,1.0,1.0,0.0,1.0,2.0,2.0,9.0,3.0,0.0,170.0,0.0,1.0,3.0,1.0,0.0,1.0,1.0,3.0,0.0,0.0,86.36,58.33,0.0,50.0,0.0,64.29,50.0,75.0,0.0502593037778434,0.0959964658996233,0.0,7.0,0.16614519,4.0,12.0,10.0,0.2599433099999999,34.0,16.941176470588236,0.0,23.294117647058822,3.7058823529411766,40.23529411764706,0.5294117647058824,0.5294117647058824,0.5294117647058824,0.0,0.5294117647058824,1.0588235294117647,1.0588235294117647,4.764705882352941,1.5882352941176472,0.0,0.0,0.5294117647058824,1.5882352941176472,0.5294117647058824,0.0,0.5294117647058824,0.5294117647058824,1.5882352941176472,0.0,0.0,86.36,58.33,0.0,50.0,0.0,64.29,50.0,75.0,0.026607866705917,0.0508216584174476,0.0,3.7058823529411766,0.0879592182352941,2.117647058823529,6.352941176470589,5.294117647058823,0.1376170464705882,18.0,RM/RCM,100,30,100,100,100,50,50,70,50,70,40,40,60,60,60,50,50,90,50,60,80,60,70,60,60,100,60,30,70,50,100,70,70,60,60,40,100,80,100,100,100,60,100,100,30,100,100,100,40,60,60,50,60,40,40,60,60,60,50,60,100,60,60,80,60,80,60,60,100,60,30,70,50,100,70,70,60,60,40,100,100,100,100,100,60,100,Prva HNL
Hajduk Split,6ouaoxrghzeqpzqk02xn3t4r9,a96zxags19ar98mllxetuk4b9,D. Melnjak,Dario Melnjak,33,Defender,Croatia,Defender,19.0,0.0,24.0,6.0,43.0,2.0,3.0,3.0,2.0,1.0,2.0,2.0,7.0,5.0,0.0,138.0,1.0,6.0,1.0,1.0,1.0,1.0,4.0,3.0,0.0,0.0,76.79,50.0,0.0,50.0,33.33,63.64,66.67,100.0,0.2740319832681236,0.1547277143405424,1.0,1.0,0.01870347,2.0,5.0,7.0,0.20358142,26.0,12.391304347826086,0.0,15.652173913043477,3.913043478260869,28.043478260869563,1.3043478260869563,1.9565217391304344,1.9565217391304344,1.3043478260869563,0.6521739130434783,1.3043478260869563,1.3043478260869563,4.565217391304348,3.260869565217391,0.0,0.6521739130434783,3.913043478260869,0.6521739130434783,0.6521739130434783,0.6521739130434783,0.6521739130434783,2.608695652173913,1.9565217391304344,0.0,0.0,76.79,50.0,0.0,50.0,33.33,63.64,66.67,100.0,0.1787165108270371,0.100909378917745,0.6521739130434783,0.6521739130434783,0.0121979152173913,1.3043478260869563,3.260869565217391,4.565217391304348,0.1327704913043478,16.956521739130434,LB/LCB,19,19,28,59,19,56,53,72,78,59,38,34,38,56,47,81,69,34,47,75,62,88,69,50,53,25,75,19,66,78,75,78,91,88,44,62,38,38,62,62,50,38,47,19,19,50,100,44,81,81,88,81,75,69,62,69,75,47,81,88,44,69,81,81,94,88,50,53,25,75,19,66,78,75,78,91,94,50,81,50,44,69,81,94,50,69,Prva HNL
Hajduk Split,6ouaoxrghzeqpzqk02xn3t4r9,akxjvb02zugb5ytlw2jz1ku3u,R. Pukštas,Rokas Pukstas,22,Midfielder,USA,Midfielder,15.0,2.0,58.0,2.0,71.0,7.0,8.0,11.0,8.0,3.0,9.0,9.0,21.0,4.0,2.0,270.0,6.0,18.0,6.0,3.0,1.0,1.0,3.0,3.0,0.0,0.0,79.78,50.0,100.0,33.33,54.55,42.86,41.18,50.0,1.1093177423215852,0.6051451521509149,4.0,15.0,0.38083762,10.0,7.0,11.0,0.51975831,40.0,5.0,0.6666666666666666,19.33333333333333,0.6666666666666666,23.666666666666668,2.333333333333333,2.6666666666666665,3.6666666666666665,2.6666666666666665,1.0,3.0,3.0,7.0,1.3333333333333333,0.6666666666666666,2.0,6.0,2.0,1.0,0.3333333333333333,0.3333333333333333,1.0,1.0,0.0,0.0,79.78,50.0,100.0,33.33,54.55,42.86,41.18,50.0,0.3697725807738617,0.2017150507169716,1.3333333333333333,5.0,0.1269458733333333,3.333333333333333,2.333333333333333,3.6666666666666665,0.1732527699999999,13.333333333333334,CM/AM,39,64,83,56,78,89,83,89,94,81,86,75,86,100,97,100,94,83,64,78,44,94,89,53,53,44,33,92,58,89,58,83,47,100,72,81,94,94,100,78,78,72,83,17,56,50,50,44,100,61,89,89,64,78,64,83,94,100,100,94,64,61,72,22,92,81,53,53,44,33,92,58,89,58,83,47,94,61,78,89,89,94,61,72,78,61,Prva HNL
Hajduk Split,6ouaoxrghzeqpzqk02xn3t4r9,b3fw2tlu6lbj5o6r5vvxakgyx,M. Šego,Michele Sego,26,Attacker,Croatia,Striker,12.0,0.0,10.0,0.0,22.0,1.0,1.0,2.0,2.0,0.0,5.0,5.0,5.0,2.0,1.0,206.0,1.0,9.0,2.0,2.0,0.0,1.0,1.0,0.0,0.0,0.0,66.67,0.0,0.0,40.0,50.0,27.78,25.0,0.0,0.2323351289774725,0.0,0.0,0.0,0.0,1.0,0.0,1.0,0.01197406,9.0,5.242718446601942,0.0,4.368932038834951,0.0,9.611650485436892,0.4368932038834952,0.4368932038834952,0.8737864077669903,0.8737864077669903,0.0,2.184466019417476,2.184466019417476,2.184466019417476,0.8737864077669903,0.4368932038834952,0.4368932038834952,3.932038834951456,0.8737864077669903,0.8737864077669903,0.0,0.4368932038834952,0.4368932038834952,0.0,0.0,0.0,66.67,0.0,0.0,40.0,50.0,27.78,25.0,0.0,0.101505638873653,0.0,0.0,0.0,0.0,0.4368932038834952,0.0,0.4368932038834952,0.0052313854368932,3.932038834951456,ST,41,32,11,16,18,27,27,27,30,18,55,48,7,54,54,27,48,27,50,36,50,50,12,52,50,23,16,32,32,77,7,43,12,32,12,11,9,9,43,12,20,11,25,54,32,4,16,7,21,25,25,32,18,61,54,7,57,50,21,46,25,54,36,54,54,12,52,50,23,16,32,32,77,7,43,12,25,12,11,9,9,39,12,14,11,21,Prva HNL
Hajduk Split,6ouaoxrghzeqpzqk02xn3t4r9,bn8e9wengh3qdepiy0owrrx0,M. Šotiček,Marin Soticek,21,Attacker,Croatia,Striker,9.0,1.0,42.0,1.0,50.0,3.0,3.0,6.0,3.0,3.0,16.0,16.0,16.0,0.0,0.0,225.0,1.0,13.0,6.0,6.0,1.0,2.0,0.0,1.0,0.0,0.0,74.63,100.0,50.0,37.5,16.67,50.0,0.0,100.0,0.4303921883379737,0.3225072562894631,3.0,9.0,0.24721399,3.0,2.0,1.0,0.2466804599999999,19.0,3.6,0.4,16.8,0.4,20.0,1.2,1.2,2.4,1.2,1.2,6.4,6.4,6.4,0.0,0.0,0.4,5.2,2.4,2.4,0.4,0.8,0.0,0.4,0.0,0.0,74.63,100.0,50.0,37.5,16.67,50.0,0.0,100.0,0.1721568753351894,0.1290029025157852,1.2,3.6,0.0988855959999999,1.2,0.8,0.4,0.0986721839999999,7.6,LW,50,70,80,70,60,70,60,70,60,70,70,60,20,40,30,30,60,50,40,70,80,30,30,60,60,60,100,100,30,20,80,30,100,40,80,70,40,40,50,40,20,60,50,60,100,80,80,60,80,80,80,80,80,100,100,40,40,30,40,100,100,60,100,100,30,40,60,60,60,100,100,30,20,80,30,100,40,80,80,60,40,60,40,20,60,80,Prva HNL
Hajduk Split,6ouaoxrghzeqpzqk02xn3t4r9,cs59s6zf7aff0k36b2hhkvnu2,A. Pajaziti,Adrion Pajaziti,23,Midfielder,Albania,Midfielder,65.0,2.0,140.0,8.0,203.0,0.0,5.0,7.0,1.0,6.0,3.0,3.0,12.0,4.0,0.0,338.0,3.0,1.0,6.0,1.0,1.0,1.0,0.0,2.0,0.0,0.0,94.86,88.89,22.22,33.33,42.86,37.5,0.0,40.0,0.3871193956279801,0.3765600531755665,5.0,31.0,0.6433963299999998,14.0,34.0,31.0,0.4091718200000001,93.0,17.307692307692307,0.5325443786982249,37.27810650887574,2.1301775147929,54.05325443786983,0.0,1.331360946745562,1.863905325443787,0.2662721893491124,1.5976331360946745,0.7988165680473372,0.7988165680473372,3.195266272189349,1.0650887573964498,0.0,0.7988165680473372,0.2662721893491124,1.5976331360946745,0.2662721893491124,0.2662721893491124,0.2662721893491124,0.0,0.5325443786982249,0.0,0.0,94.86,88.89,22.22,33.33,42.86,37.5,0.0,40.0,0.1030791290133674,0.1002674697804762,1.331360946745562,8.254437869822485,0.1713185494082839,3.727810650887574,9.053254437869825,8.254437869822485,0.1089510763313609,24.763313609467456,DM/CM,82,89,100,77,100,11,93,100,61,100,61,59,66,66,43,100,36,89,45,91,64,11,59,48,52,100,91,68,36,73,18,16,55,95,100,100,100,100,100,100,95,91,86,41,86,86,55,82,11,82,95,59,100,36,27,32,41,43,95,27,68,23,86,45,11,45,48,52,100,91,68,36,73,18,16,55,82,91,91,100,100,100,95,91,64,73,Prva HNL
Hajduk Split,6ouaoxrghzeqpzqk02xn3t4r9,e5z3qvavx4jag4653q536icmi,Alberto del Moral,Alberto del Moral,26,Midfielder,Spain,Midfielder,40.0,0.0,42.0,4.0,82.0,2.0,1.0,0.0,0.0,0.0,2.0,2.0,8.0,2.0,0.0,157.0,0.0,0.0,2.0,1.0,1.0,0.0,3.0,1.0,0.0,0.0,92.13,66.67,0.0,50.0,0.0,40.0,66.67,33.33,0.0,0.1410757994533518,0.0,4.0,0.07430139,0.0,12.0,13.0,0.3068956499999998,48.0,22.929936305732483,0.0,24.076433121019107,2.2929936305732483,47.00636942675159,1.1464968152866242,0.5732484076433121,0.0,0.0,0.0,1.1464968152866242,1.1464968152866242,4.585987261146497,1.1464968152866242,0.0,0.0,0.0,1.1464968152866242,0.5732484076433121,0.5732484076433121,0.0,1.7197452229299364,0.5732484076433121,0.0,0.0,92.13,66.67,0.0,50.0,0.0,40.0,66.67,33.33,0.0,0.0808714773936411,0.0,2.2929936305732483,0.0425931535031847,0.0,6.8789808917197455,7.452229299363057,0.1759274426751591,27.515923566878985,DM/CM,36,32,36,43,34,59,30,11,27,16,41,34,32,39,43,30,14,32,45,91,20,64,32,48,52,86,66,32,55,30,27,89,45,11,50,25,45,32,18,68,82,73,52,73,32,68,64,64,77,45,11,27,16,59,55,55,50,43,30,14,45,64,100,20,86,55,48,52,86,66,32,55,30,27,89,45,11,73,25,77,55,18,86,82,95,82,Prva HNL
Hajduk Split,6ouaoxrghzeqpzqk02xn3t4r9,et3kmcduq447ai5xlmu7k0h04,L. Hodak,Luka Hodak,20,Defender,Croatia,Defender,67.0,0.0,37.0,3.0,104.0,2.0,0.0,0.0,0.0,0.0,1.0,1.0,13.0,3.0,0.0,173.0,0.0,0.0,3.0,0.0,0.0,0.0,2.0,4.0,0.0,0.0,89.66,42.86,0.0,0.0,0.0,76.47,0.0,50.0,0.0,0.0,0.0,0.0,0.0,0.0,0.0,0.0,0.0,0.0,34.85549132947977,0.0,19.2485549132948,1.560693641618497,54.104046242774565,1.0404624277456649,0.0,0.0,0.0,0.0,0.5202312138728323,0.5202312138728323,6.763005780346821,1.560693641618497,0.0,0.0,0.0,1.560693641618497,0.0,0.0,0.0,1.0404624277456649,2.0809248554913293,0.0,0.0,89.66,42.86,0.0,0.0,0.0,76.47,0.0,50.0,0.0,0.0,0.0,0.0,0.0,0.0,0.0,0.0,0.0,0.0,RB/RCB,80,23,33,40,77,33,17,23,23,40,27,20,67,27,53,43,10,80,20,53,40,33,50,50,53,100,80,23,20,43,100,13,23,23,17,43,17,17,20,13,13,13,13,93,23,80,47,93,53,17,23,23,40,33,33,87,33,53,43,10,100,20,53,40,53,80,50,53,100,80,23,20,43,100,13,23,23,17,43,17,17,20,13,13,13,13,Prva HNL
Hajduk Split,6ouaoxrghzeqpzqk02xn3t4r9,exwecww4h9rjevejosamajc44,R. Gabrić,Roko Gabric,19,Defender,Croatia,Defender,89.0,0.0,19.0,1.0,108.0,4.0,0.0,0.0,0.0,0.0,0.0,0.0,5.0,5.0,0.0,135.0,0.0,1.0,0.0,0.0,0.0,0.0,0.0,1.0,0.0,0.0,85.71,20.0,0.0,0.0,0.0,55.56,57.14,100.0,0.0,0.0,0.0,0.0,0.0,0.0,0.0,0.0,0.0,0.0,59.333333333333336,0.0,12.666666666666666,0.6666666666666666,72.0,2.6666666666666665,0.0,0.0,0.0,0.0,0.0,0.0,3.333333333333333,3.333333333333333,0.0,0.0,0.6666666666666666,0.0,0.0,0.0,0.0,0.0,0.6666666666666666,0.0,0.0,85.71,20.0,0.0,0.0,0.0,55.56,57.14,100.0,0.0,0.0,0.0,0.0,0.0,0.0,0.0,0.0,0.0,0.0,CB,50,41,23,5,50,50,32,20,23,36,30,30,11,23,43,36,41,14,34,48,34,9,18,50,52,41,5,41,34,36,39,57,93,23,34,36,23,23,34,20,20,20,20,100,41,55,5,86,91,32,20,23,36,30,30,27,30,43,36,52,14,34,48,34,9,20,50,52,41,5,41,34,36,39,57,93,23,34,36,23,23,34,20,20,20,20,Prva HNL
Hajduk Split,6ouaoxrghzeqpzqk02xn3t4r9,mlqit2c8my1ewqy6avrfhf8q,A. Van Hoorenbeeck,Alec Van Hoorenbeeck,27,Defender,Belgium,Defender,133.0,0.0,97.0,7.0,230.0,4.0,1.0,1.0,1.0,0.0,0.0,0.0,12.0,18.0,0.0,360.0,0.0,1.0,4.0,0.0,0.0,0.0,3.0,4.0,0.0,0.0,92.0,38.89,0.0,0.0,0.0,66.67,57.14,100.0,0.1112625843685776,0.0519882301449635,0.0,7.0,0.13770649,1.0,16.0,18.0,0.32385957,139.0,33.25,0.0,24.25,1.75,57.5,1.0,0.25,0.25,0.25,0.0,0.0,0.0,3.0,4.5,0.0,0.0,0.25,1.0,0.0,0.0,0.0,0.75,1.0,0.0,0.0,92.0,38.89,0.0,0.0,0.0,66.67,57.14,100.0,0.0278156460921444,0.0129970575362408,0.0,1.75,0.0344266225,0.25,4.0,4.5,0.0809648925,34.75,CB,82,41,86,45,91,50,68,48,52,36,30,30,43,64,43,36,41,91,34,48,34,52,66,50,52,82,23,41,34,36,77,57,93,59,68,36,80,77,75,84,86,82,91,64,41,82,27,82,23,64,41,45,36,30,30,14,45,43,36,27,70,34,48,34,41,43,50,52,82,23,41,34,36,77,57,93,50,68,36,73,73,70,73,82,73,82,Prva HNL
Hajduk Split,6ouaoxrghzeqpzqk02xn3t4r9,sw0dx2bdqcc3nhjr3hhq10d0,A. Šutalo,Andjelo Sutalo,19,Midfielder,Croatia,Midfielder,4.0,3.0,32.0,2.0,33.0,2.0,4.0,7.0,5.0,2.0,4.0,4.0,10.0,2.0,0.0,185.0,4.0,14.0,3.0,2.0,0.0,1.0,0.0,2.0,0.0,0.0,68.75,100.0,50.0,50.0,57.14,40.0,33.33,66.67,0.5890473675785904,0.4253704163613955,2.0,5.0,0.17227093,1.0,1.0,5.0,0.5730775799999999,15.0,1.945945945945946,1.4594594594594597,15.567567567567568,0.972972972972973,16.054054054054056,0.972972972972973,1.945945945945946,3.4054054054054057,2.4324324324324325,0.972972972972973,1.945945945945946,1.945945945945946,4.864864864864865,0.972972972972973,0.0,1.945945945945946,6.810810810810811,1.4594594594594597,0.972972972972973,0.0,0.4864864864864865,0.0,0.972972972972973,0.0,0.0,68.75,100.0,50.0,50.0,57.14,40.0,33.33,66.67,0.2865635842274224,0.2069369593109492,0.972972972972973,2.4324324324324325,0.0838074794594594,0.4864864864864865,0.4864864864864865,2.4324324324324325,0.2787944983783783,7.297297297297298,RM/RCM,20,90,80,40,40,90,80,100,100,100,70,70,80,40,60,100,100,90,80,60,80,30,40,60,60,20,100,100,70,100,60,40,40,100,80,100,70,100,40,50,60,100,40,20,80,80,20,20,60,80,100,100,80,80,80,80,40,60,100,100,80,80,60,60,30,40,60,60,20,100,100,70,100,60,40,40,100,80,80,60,80,40,60,60,100,60,Prva HNL
Rijeka,1ej3fkeq5d7359enihddsxzae,12qlz44l7n0ma03abxxjxltlg,B. Pavić,Branko Pavic,19,Midfielder,Croatia,Midfielder,50.0,0.0,93.0,3.0,143.0,0.0,1.0,0.0,0.0,0.0,1.0,3.0,17.0,0.0,0.0,210.0,0.0,2.0,4.0,1.0,0.0,0.0,3.0,3.0,0.0,0.0,91.67,60.0,0.0,100.0,0.0,62.96,0.0,25.0,0.0,0.0,0.0,0.0,0.0,0.0,0.0,0.0,0.0,0.0,21.428571428571427,0.0,39.85714285714285,1.2857142857142856,61.285714285714285,0.0,0.4285714285714285,0.0,0.0,0.0,0.4285714285714285,1.2857142857142856,7.285714285714286,0.0,0.0,0.0,0.8571428571428571,1.7142857142857142,0.4285714285714285,0.0,0.0,1.2857142857142856,1.2857142857142856,0.0,0.0,91.67,60.0,0.0,100.0,0.0,62.96,0.0,25.0,0.0,0.0,0.0,0.0,0.0,0.0,0.0,0.0,0.0,0.0,DM/CM,59,32,86,27,77,11,30,11,27,16,20,59,77,11,43,30,57,66,45,41,20,64,80,48,52,82,59,32,93,30,82,16,36,11,14,25,9,9,18,7,7,7,7,59,32,95,27,86,11,27,11,27,16,18,64,91,11,43,30,64,73,55,41,20,73,82,48,52,82,59,32,93,30,82,16,36,11,14,25,9,9,18,7,7,7,7,Prva HNL
Rijeka,1ej3fkeq5d7359enihddsxzae,2uoqktyygd6quotp195rvo6lm,I. Ćubelić,Ivan Cubelic,23,Midfielder,Croatia,Midfielder,37.0,0.0,51.0,4.0,88.0,1.0,2.0,1.0,0.0,1.0,1.0,1.0,8.0,0.0,0.0,107.0,0.0,1.0,1.0,1.0,0.0,0.0,0.0,4.0,0.0,0.0,83.81,100.0,0.0,100.0,0.0,53.33,50.0,80.0,0.0565842105061634,0.1098124015899616,1.0,2.0,0.04950342,1.0,12.0,9.0,0.1622785899999999,42.0,31.121495327102803,0.0,42.89719626168225,3.364485981308411,74.01869158878505,0.8411214953271028,1.6822429906542056,0.8411214953271028,0.0,0.8411214953271028,0.8411214953271028,0.8411214953271028,6.728971962616822,0.0,0.0,0.0,0.8411214953271028,0.8411214953271028,0.8411214953271028,0.0,0.0,0.0,3.364485981308411,0.0,0.0,83.81,100.0,0.0,100.0,0.0,53.33,50.0,80.0,0.0475941957528477,0.0923655714308088,0.8411214953271028,1.6822429906542056,0.0416383906542056,0.8411214953271028,10.093457943925234,7.570093457943925,0.1364960102803737,35.32710280373832,DM/CM,27,32,55,43,43,34,57,27,27,52,20,16,32,11,43,30,36,16,45,41,20,11,91,48,52,27,100,32,93,30,64,68,75,32,36,59,25,27,41,68,57,41,45,95,32,100,91,95,64,95,55,27,82,45,36,82,11,43,30,59,27,73,41,20,11,95,48,52,27,100,32,93,30,64,68,75,50,86,82,45,50,68,100,86,77,91,Prva HNL
Rijeka,1ej3fkeq5d7359enihddsxzae,3ct3yy0236jrcdd2qeox5d7mx,M. Devetak,Mladen Devetak,27,Defender,Serbia,Defender,39.0,2.0,52.0,0.0,89.0,3.0,3.0,3.0,1.0,2.0,1.0,1.0,4.0,2.0,0.0,186.0,0.0,4.0,0.0,0.0,0.0,1.0,0.0,1.0,0.0,0.0,83.96,0.0,28.57,0.0,0.0,33.33,60.0,100.0,0.1940817928095183,0.3453509610279746,2.0,4.0,0.1121639999999999,2.0,14.0,9.0,0.48774995,45.0,18.87096774193548,0.9677419354838708,25.161290322580644,0.0,43.064516129032256,1.4516129032258065,1.4516129032258065,1.4516129032258065,0.4838709677419354,0.9677419354838708,0.4838709677419354,0.4838709677419354,1.935483870967741,0.9677419354838708,0.0,0.0,1.935483870967741,0.0,0.0,0.0,0.4838709677419354,0.0,0.4838709677419354,0.0,0.0,83.96,0.0,28.57,0.0,0.0,33.33,60.0,100.0,0.0939105449078314,0.1671053037232135,0.9677419354838708,1.935483870967741,0.0542729032258064,0.9677419354838708,6.774193548387096,4.354838709677419,0.2360080403225806,21.774193548387096,LB/LCB,50,66,62,12,62,75,53,72,62,78,19,19,9,16,47,34,56,9,12,31,62,12,25,50,53,75,12,81,12,34,6,66,91,62,62,88,59,56,62,91,69,62,75,88,69,100,12,100,88,62,75,62,88,12,12,6,12,47,34,62,9,12,31,62,12,12,50,53,75,12,81,12,34,6,66,91,75,75,94,69,75,56,100,88,88,100,Prva HNL
Rijeka,1ej3fkeq5d7359enihddsxzae,3jm69rca8lhbkxsw6l5zdrjtg,D. Adu-Adjei,Daniel Adu-Adjei,21,Attacker,England,Striker,5.0,0.0,16.0,0.0,21.0,4.0,2.0,9.0,9.0,0.0,2.0,2.0,7.0,0.0,1.0,157.0,4.0,19.0,1.0,1.0,0.0,5.0,1.0,1.0,0.0,0.0,75.0,0.0,0.0,50.0,44.44,30.43,57.14,100.0,1.0787323759913865,0.1129773851800529,0.0,2.0,0.06452141,1.0,0.0,1.0,0.0143346699999999,4.0,2.8662420382165603,0.0,9.171974522292992,0.0,12.038216560509554,2.2929936305732483,1.1464968152866242,5.159235668789809,5.159235668789809,0.0,1.1464968152866242,1.1464968152866242,4.012738853503184,0.0,0.5732484076433121,2.2929936305732483,10.89171974522293,0.5732484076433121,0.5732484076433121,0.0,2.8662420382165603,0.5732484076433121,0.5732484076433121,0.0,0.0,75.0,0.0,0.0,50.0,44.44,30.43,57.14,100.0,0.618381616810349,0.0647641061541704,0.0,1.1464968152866242,0.0369867955414012,0.5732484076433121,0.0,0.5732484076433121,0.0082173267515923,2.2929936305732483,ST,7,32,18,16,14,64,46,70,89,18,29,27,23,9,54,79,86,18,32,36,95,50,36,52,50,59,16,32,52,59,11,79,86,75,43,11,27,25,43,12,20,14,9,11,32,32,16,18,71,57,93,96,18,30,27,21,9,64,93,96,18,41,36,100,70,43,52,50,59,16,32,52,59,11,79,86,93,50,11,43,50,43,12,23,14,7,Prva HNL
Rijeka,1ej3fkeq5d7359enihddsxzae,45ijn026liwsi1zbxe6ose3f9,J. Lasickas,Justas Lasickas,28,Defender,Lithuania,Defender,31.0,1.0,62.0,3.0,92.0,2.0,3.0,2.0,2.0,0.0,5.0,5.0,12.0,3.0,1.0,180.0,1.0,6.0,3.0,3.0,0.0,1.0,0.0,3.0,0.0,0.0,88.46,75.0,20.0,60.0,50.0,57.14,66.67,75.0,0.0,0.0,0.0,0.0,0.0,0.0,0.0,0.0,0.0,0.0,15.5,0.5,31.0,1.5,46.0,1.0,1.5,1.0,1.0,0.0,2.5,2.5,6.0,1.5,0.5,0.5,3.0,1.5,1.5,0.0,0.5,0.0,1.5,0.0,0.0,88.46,75.0,20.0,60.0,50.0,57.14,66.67,75.0,0.0,0.0,0.0,0.0,0.0,0.0,0.0,0.0,0.0,0.0,CB,18,91,77,18,23,23,91,66,75,36,100,100,43,16,91,82,93,73,95,48,77,9,45,50,52,68,95,86,77,91,52,70,68,23,34,36,23,23,34,20,20,20,20,14,91,86,18,59,23,91,73,91,36,95,95,84,14,95,89,100,95,95,48,82,9,77,50,52,68,95,86,77,91,52,70,68,23,34,36,23,23,34,20,20,20,20,Prva HNL
Rijeka,1ej3fkeq5d7359enihddsxzae,4ag3shqnvofzt7j0ze0ltekx6,N. Janković,Niko Jankovic,25,Midfielder,Croatia,Midfielder,27.0,3.0,85.0,9.0,109.0,1.0,4.0,12.0,4.0,8.0,12.0,12.0,13.0,0.0,0.0,264.0,4.0,12.0,5.0,4.0,0.0,1.0,0.0,2.0,0.0,0.0,84.5,90.0,27.27,33.33,33.33,35.14,20.0,66.67,0.7943860373159518,0.3371249869020503,5.0,20.0,0.47638441,6.0,5.0,11.0,0.4634388,37.0,9.204545454545457,1.0227272727272727,28.97727272727273,3.0681818181818183,37.159090909090914,0.3409090909090909,1.3636363636363638,4.090909090909091,1.3636363636363638,2.7272727272727275,4.090909090909091,4.090909090909091,4.431818181818183,0.0,0.0,1.3636363636363638,4.090909090909091,1.7045454545454546,1.3636363636363638,0.0,0.3409090909090909,0.0,0.6818181818181819,0.0,0.0,84.5,90.0,27.27,33.33,33.33,35.14,20.0,66.67,0.2708134218122563,0.1149289728075171,1.7045454545454546,6.818181818181818,0.1624037761363636,2.0454545454545454,1.7045454545454546,3.75,0.1579905,12.613636363636363,LM/LCM,100,100,100,100,100,100,100,100,100,100,100,100,100,100,100,100,100,100,100,100,100,100,100,100,100,100,100,100,100,100,100,100,100,100,100,100,100,100,100,100,100,100,100,100,100,100,100,100,100,100,100,100,100,100,100,100,100,100,100,100,100,100,100,100,100,100,100,100,100,100,100,100,100,100,100,100,100,100,100,100,100,100,100,100,100,100,Prva HNL
Rijeka,1ej3fkeq5d7359enihddsxzae,53f60li56ny3w499tzfmyewic,A. Oreč,Ante Orec,24,Defender,Croatia,Defender,26.0,1.0,41.0,1.0,66.0,0.0,2.0,1.0,1.0,0.0,4.0,4.0,3.0,1.0,0.0,113.0,1.0,9.0,0.0,1.0,0.0,0.0,1.0,1.0,0.0,0.0,80.49,20.0,10.0,25.0,100.0,50.0,0.0,50.0,0.0600180245792341,0.2506498216423685,0.0,3.0,0.08590642,1.0,7.0,3.0,0.3410757300000001,28.0,20.70796460176992,0.7964601769911505,32.65486725663717,0.7964601769911505,52.56637168141593,0.0,1.592920353982301,0.7964601769911505,0.7964601769911505,0.0,3.185840707964602,3.185840707964602,2.3893805309734515,0.7964601769911505,0.0,0.7964601769911505,7.168141592920354,0.0,0.7964601769911505,0.0,0.0,0.7964601769911505,0.7964601769911505,0.0,0.0,80.49,20.0,10.0,25.0,100.0,50.0,0.0,50.0,0.047801966479036,0.1996326013080811,0.0,2.3893805309734515,0.0684210424778761,0.7964601769911505,5.575221238938053,2.3893805309734515,0.2716532362831859,22.300884955752213,RB/RCB,20,50,43,13,27,7,63,57,67,40,73,73,10,10,53,93,100,10,53,53,40,17,17,50,53,53,17,47,43,100,50,13,23,47,73,43,47,47,43,40,33,67,33,67,80,100,20,87,7,93,73,87,40,93,87,20,13,53,100,100,10,80,53,40,37,27,50,53,53,17,47,43,100,50,13,23,67,100,43,87,93,67,100,40,100,80,Prva HNL
Rijeka,1ej3fkeq5d7359enihddsxzae,6vlk7n6m7g38n5wa5zuvbsbxm,T. Fruk,Toni Fruk,25,Midfielder,Croatia,Midfielder,11.0,2.0,82.0,1.0,91.0,1.0,11.0,13.0,7.0,6.0,7.0,8.0,15.0,0.0,1.0,192.0,3.0,17.0,4.0,5.0,1.0,5.0,3.0,2.0,0.0,0.0,81.25,100.0,100.0,71.43,23.08,68.18,50.0,40.0,1.08940234018559,0.7781055846524934,5.0,9.0,0.3478967,8.0,6.0,14.0,0.5331645699999998,50.0,5.15625,0.9375,38.4375,0.46875,42.65625,0.46875,5.15625,6.09375,3.28125,2.8125,3.28125,3.75,7.03125,0.0,0.46875,1.40625,7.96875,1.875,2.34375,0.46875,2.34375,1.40625,0.9375,0.0,0.0,81.25,100.0,100.0,71.43,23.08,68.18,50.0,40.0,0.5106573469619953,0.3647369928058562,2.34375,4.21875,0.163076578125,3.75,2.8125,6.5625,0.2499208921874999,23.4375,CM/AM,19,64,94,31,89,53,100,97,89,100,67,67,69,19,83,89,89,64,89,78,97,94,61,53,53,56,92,92,94,33,94,89,31,94,89,92,83,89,92,64,83,78,89,22,72,94,28,83,50,100,100,100,100,89,94,89,19,89,89,100,56,94,78,100,100,72,53,53,56,92,92,94,33,94,89,31,100,94,94,83,94,100,78,89,89,94,Prva HNL
Rijeka,1ej3fkeq5d7359enihddsxzae,7398762f1kbveh2wclkrtf93p,J. Puljić,Jakov Puljic,33,Attacker,Croatia,Striker,7.0,0.0,17.0,0.0,24.0,4.0,1.0,6.0,3.0,3.0,0.0,0.0,6.0,1.0,1.0,144.0,3.0,9.0,1.0,0.0,0.0,1.0,3.0,1.0,0.0,0.0,63.16,0.0,0.0,0.0,50.0,40.0,40.0,100.0,0.3455793650962739,0.1026130112349733,2.0,1.0,0.02385149,1.0,0.0,2.0,0.1374988799999998,7.0,4.375,0.0,10.625,0.0,15.0,2.5,0.625,3.75,1.875,1.875,0.0,0.0,3.75,0.625,0.625,1.875,5.625,0.625,0.0,0.0,0.625,1.875,0.625,0.0,0.0,63.16,0.0,0.0,0.0,50.0,40.0,40.0,100.0,0.2159871031851711,0.0641331320218583,1.25,0.625,0.0149071812499999,0.625,0.0,1.25,0.0859367999999998,4.375,ST,16,32,21,16,21,64,27,46,38,77,4,4,12,29,54,57,48,18,11,36,50,89,36,52,50,4,16,32,11,77,30,62,86,36,36,61,18,18,43,12,34,43,18,25,32,57,16,43,75,39,80,57,89,4,4,14,32,71,82,71,21,11,36,61,100,50,52,50,4,16,32,11,77,30,62,86,50,46,82,18,21,50,12,43,61,36,Prva HNL
Rijeka,1ej3fkeq5d7359enihddsxzae,9hq2uyvs644x2343owzuhxfbp,A. Majstorović,Ante Majstorovic,32,Defender,Croatia,Defender,140.0,0.0,85.0,11.0,225.0,4.0,2.0,3.0,3.0,0.0,0.0,0.0,9.0,11.0,0.0,270.0,1.0,6.0,1.0,0.0,0.0,1.0,5.0,3.0,0.0,0.0,89.29,36.67,0.0,0.0,33.33,60.0,44.44,75.0,0.3255710364205077,0.1927833673836238,0.0,4.0,0.0860852099999999,2.0,14.0,13.0,0.3939261599999999,140.0,46.66666666666666,0.0,28.33333333333333,3.6666666666666665,75.0,1.3333333333333333,0.6666666666666666,1.0,1.0,0.0,0.0,0.0,3.0,3.6666666666666665,0.0,0.3333333333333333,2.0,0.3333333333333333,0.0,0.0,0.3333333333333333,1.6666666666666667,1.0,0.0,0.0,89.29,36.67,0.0,0.0,33.33,60.0,44.44,75.0,0.1085236788068359,0.0642611224612079,0.0,1.3333333333333333,0.0286950699999999,0.6666666666666666,4.666666666666667,4.333333333333333,0.1313087199999999,46.66666666666666,RB/RCB,100,23,100,93,100,80,63,90,97,40,10,10,37,87,53,93,83,33,20,53,87,87,30,50,53,93,67,23,20,90,87,53,67,93,60,43,53,53,57,93,73,73,100,100,23,93,93,100,70,63,93,100,40,10,10,33,87,53,93,77,33,20,53,87,77,40,50,53,93,67,23,20,90,87,53,67,93,60,43,47,47,53,93,80,80,100,Prva HNL
Rijeka,1ej3fkeq5d7359enihddsxzae,a21kua8lfm635lzxff3dq1ca2,A. Barco,Alfonso Barco,24,Midfielder,Peru,Midfielder,105.0,0.0,71.0,4.0,176.0,2.0,1.0,2.0,2.0,0.0,0.0,0.0,4.0,3.0,0.0,198.0,1.0,2.0,2.0,0.0,0.0,0.0,3.0,0.0,0.0,0.0,94.62,36.36,0.0,0.0,50.0,57.14,0.0,0.0,0.2887065909872235,0.0632995508098776,0.0,4.0,0.08756682,3.0,13.0,19.0,0.30371738,131.0,47.72727272727273,0.0,32.27272727272727,1.818181818181818,80.0,0.9090909090909092,0.4545454545454545,0.9090909090909092,0.9090909090909092,0.0,0.0,0.0,1.818181818181818,1.3636363636363635,0.0,0.4545454545454545,0.9090909090909092,0.9090909090909092,0.0,0.0,0.0,1.3636363636363635,0.0,0.0,0.0,94.62,36.36,0.0,0.0,50.0,57.14,0.0,0.0,0.1312302686305561,0.0287725230953989,0.0,1.818181818181818,0.0398031,1.3636363636363635,5.909090909090908,8.636363636363635,0.1380533545454545,59.54545454545454,DM/CM,100,32,77,43,91,59,30,50,84,16,7,7,5,50,43,70,57,32,11,41,20,64,11,48,52,95,25,32,11,82,73,16,11,86,27,25,45,45,77,77,86,68,100,100,32,82,45,100,68,32,59,95,16,7,7,5,64,43,73,68,32,11,41,20,77,11,48,52,95,25,32,11,82,73,16,11,95,32,25,50,45,86,73,95,82,100,Prva HNL
Rijeka,1ej3fkeq5d7359enihddsxzae,a93cs6sqqb6hj95qayyq2ib1m,Tiago Dantas,Tiago Filipe Oliveira Dantas,25,Midfielder,Portugal,Midfielder,68.0,7.0,128.0,10.0,189.0,0.0,9.0,1.0,1.0,0.0,0.0,0.0,4.0,2.0,0.0,225.0,0.0,3.0,2.0,0.0,2.0,1.0,0.0,2.0,0.0,0.0,94.5,83.33,33.33,0.0,0.0,36.36,0.0,100.0,0.1083630192785537,0.8827583539646389,0.0,8.0,0.17850067,4.0,26.0,19.0,0.6656503699999998,103.0,27.2,2.8,51.2,4.0,75.6,0.0,3.6,0.4,0.4,0.0,0.0,0.0,1.6,0.8,0.0,0.0,1.2,0.8,0.0,0.8,0.4,0.0,0.8,0.0,0.0,94.5,83.33,33.33,0.0,0.0,36.36,0.0,100.0,0.0433452077114214,0.3531033415858555,0.0,3.2,0.071400268,1.6,10.4,7.6,0.2662601479999999,41.2,CM/AM,100,94,100,100,100,17,89,8,31,8,8,8,17,78,39,14,28,25,17,97,44,19,61,53,53,100,67,53,17,14,44,31,89,17,94,8,78,72,75,100,94,94,100,100,100,100,94,100,17,78,6,22,8,8,8,11,72,39,14,28,17,17,89,42,19,56,53,53,100,67,53,17,14,44,31,89,17,89,8,78,78,64,100,94,94,100,Prva HNL
Rijeka,1ej3fkeq5d7359enihddsxzae,ctrru8tf68ltajgculumzdel0,G. Rukavina,Gabriel Rukavina,22,Attacker,Croatia,Striker,6.0,1.0,24.0,0.0,29.0,0.0,2.0,1.0,1.0,0.0,7.0,7.0,7.0,0.0,0.0,130.0,1.0,3.0,3.0,4.0,0.0,0.0,0.0,0.0,0.0,0.0,93.55,0.0,33.33,57.14,100.0,33.33,0.0,0.0,0.0757975462659281,0.1369594395418902,1.0,8.0,0.23479984,6.0,2.0,2.0,0.11127029,11.0,4.153846153846154,0.6923076923076923,16.615384615384617,0.0,20.07692307692308,0.0,1.3846153846153846,0.6923076923076923,0.6923076923076923,0.0,4.846153846153846,4.846153846153846,4.846153846153846,0.0,0.0,0.6923076923076923,2.076923076923077,2.076923076923077,2.769230769230769,0.0,0.0,0.0,0.0,0.0,0.0,93.55,0.0,33.33,57.14,100.0,33.33,0.0,0.0,0.0524752243379502,0.0948180735290009,0.6923076923076923,5.538461538461538,0.1625537353846154,4.153846153846154,1.3846153846153846,1.3846153846153846,0.0770332776923077,7.615384615384616,ST,11,70,48,16,30,11,46,12,20,18,70,68,23,9,21,27,18,36,68,36,16,18,12,52,50,100,16,80,62,100,18,16,12,14,50,34,93,93,93,41,34,36,36,21,75,82,16,64,11,64,14,14,18,93,89,46,9,21,36,25,82,93,36,16,18,12,52,50,100,16,80,62,100,18,16,12,18,61,61,100,96,100,64,46,54,68,Prva HNL
Rijeka,1ej3fkeq5d7359enihddsxzae,e2vhgeqrw3uy0tstydc5nldxx,A. Gojak,Amer Gojak,29,Midfielder,Bosnia and Herzegovina,Midfielder,15.0,0.0,29.0,1.0,44.0,1.0,2.0,3.0,1.0,2.0,2.0,2.0,7.0,1.0,0.0,102.0,2.0,4.0,2.0,0.0,0.0,1.0,0.0,3.0,0.0,0.0,89.8,100.0,0.0,0.0,66.67,63.64,0.0,75.0,0.122411467334324,0.1831897097412269,2.0,3.0,0.07793913,1.0,2.0,3.0,0.1394760599999998,19.0,13.23529411764706,0.0,25.58823529411765,0.8823529411764706,38.82352941176471,0.8823529411764706,1.7647058823529411,2.647058823529412,0.8823529411764706,1.7647058823529411,1.7647058823529411,1.7647058823529411,6.176470588235294,0.8823529411764706,0.0,1.7647058823529411,3.5294117647058822,1.7647058823529411,0.0,0.0,0.8823529411764706,0.0,2.647058823529412,0.0,0.0,89.8,100.0,0.0,0.0,66.67,63.64,0.0,75.0,0.1080101182361682,0.1616379791834355,1.7647058823529411,2.647058823529412,0.0687698205882352,0.8823529411764706,1.7647058823529411,2.647058823529412,0.1230671117647057,16.764705882352942,CM/AM,39,17,22,31,33,53,22,44,31,64,22,19,50,50,39,69,42,25,17,33,44,19,89,53,53,89,92,17,17,97,83,31,69,22,28,67,25,33,31,25,22,33,44,94,17,72,56,78,67,39,67,50,83,28,28,72,78,39,94,67,50,17,33,78,19,100,53,53,89,92,17,17,97,83,31,69,39,44,83,72,72,50,39,39,50,78,Prva HNL
Istra 1961,4l55eml592p3mmkgaa92v0xbe,16wudcl1ooat7lv82n82pddec,R. Kumar,Raul Kumar,18,Defender,Croatia,Defender,68.0,0.0,34.0,8.0,102.0,3.0,0.0,2.0,2.0,0.0,0.0,0.0,6.0,16.0,0.0,180.0,1.0,3.0,0.0,0.0,0.0,0.0,1.0,3.0,0.0,0.0,88.7,66.67,0.0,0.0,50.0,54.55,42.86,100.0,0.2648939642956983,0.0,0.0,5.0,0.10142049,0.0,13.0,12.0,0.2460336499999999,76.0,34.0,0.0,17.0,4.0,51.0,1.5,0.0,1.0,1.0,0.0,0.0,0.0,3.0,8.0,0.0,0.5,1.5,0.0,0.0,0.0,0.0,0.5,1.5,0.0,0.0,88.7,66.67,0.0,0.0,50.0,54.55,42.86,100.0,0.1324469821478491,0.0,0.0,2.5,0.050710245,0.0,6.5,6.0,0.1230168249999999,38.0,CB,27,41,50,55,36,36,32,66,75,36,30,30,20,55,43,82,70,14,34,48,34,27,45,50,52,73,86,41,34,91,32,18,93,73,34,36,73,73,34,73,73,68,64,68,41,68,73,68,45,32,73,91,36,30,30,14,95,43,89,82,14,34,48,34,23,77,50,52,73,86,41,34,91,32,18,93,95,34,36,82,82,34,86,86,77,86,Prva HNL
Istra 1961,4l55eml592p3mmkgaa92v0xbe,1af55z6gocxv178g6ywc8c0lw,A. Maurić,Antonio Maurić,22,Midfielder,Croatia,Midfielder,44.0,1.0,52.0,5.0,95.0,1.0,0.0,1.0,0.0,1.0,1.0,2.0,5.0,2.0,0.0,164.0,0.0,1.0,2.0,0.0,0.0,1.0,1.0,2.0,0.0,0.0,88.79,45.45,50.0,0.0,0.0,41.67,25.0,100.0,0.0556367240911841,0.0,1.0,4.0,0.09168889,0.0,12.0,12.0,0.26883674,57.0,24.14634146341464,0.5487804878048781,28.53658536585366,2.7439024390243905,52.13414634146341,0.5487804878048781,0.0,0.5487804878048781,0.0,0.5487804878048781,0.5487804878048781,1.0975609756097562,2.7439024390243905,1.0975609756097562,0.0,0.0,0.5487804878048781,1.0975609756097562,0.0,0.0,0.5487804878048781,0.5487804878048781,1.0975609756097562,0.0,0.0,88.79,45.45,50.0,0.0,0.0,41.67,25.0,100.0,0.0305323485866254,0.0,0.5487804878048781,2.1951219512195124,0.0503170737804878,0.0,6.585365853658537,6.585365853658537,0.1475323573170731,31.28048780487805,DM/CM,45,73,61,59,55,34,11,27,27,52,20,34,11,39,43,30,36,32,11,41,64,30,59,48,52,73,45,75,11,30,36,32,93,23,14,59,45,50,18,68,75,59,68,82,91,77,82,77,36,11,36,27,68,23,45,14,45,43,30,41,41,11,41,86,36,73,48,52,73,45,75,11,30,36,32,93,32,14,64,68,77,18,82,77,86,86,Prva HNL
Istra 1961,4l55eml592p3mmkgaa92v0xbe,32cl3vqfrgyxi0q9udxsvnx1w,N. Šepić,Niko Sepic,20,Defender,Croatia,Defender,71.0,1.0,79.0,10.0,149.0,1.0,3.0,4.0,2.0,2.0,4.0,4.0,12.0,10.0,0.0,360.0,0.0,11.0,6.0,1.0,0.0,2.0,6.0,2.0,0.0,0.0,89.22,66.67,11.11,25.0,0.0,52.17,33.33,50.0,0.2617532850471624,0.2718085326573596,2.0,10.0,0.29114419,6.0,9.0,16.0,0.3233397499999999,64.0,17.75,0.25,19.75,2.5,37.25,0.25,0.75,1.0,0.5,0.5,1.0,1.0,3.0,2.5,0.0,0.0,2.75,1.5,0.25,0.0,0.5,1.5,0.5,0.0,0.0,89.22,66.67,11.11,25.0,0.0,52.17,33.33,50.0,0.0654383212617906,0.0679521331643399,0.5,2.5,0.0727860475,1.5,2.25,4.0,0.0808349374999999,16.0,LB/LCB,88,47,97,94,100,34,53,91,78,78,75,72,75,75,47,34,94,97,47,31,81,94,53,50,53,100,94,38,34,34,44,28,28,75,56,88,94,94,91,81,97,50,81,62,38,84,78,81,25,38,56,69,62,50,44,34,62,47,34,75,97,28,31,69,75,22,50,53,100,94,38,34,34,44,28,28,56,44,62,88,88,88,62,72,38,56,Prva HNL
Istra 1961,4l55eml592p3mmkgaa92v0xbe,3gxnyw3hffoo3iqgfrx5cbj84,G. Albarracín,Gustavo Albarracín,20,Midfielder,Argentina,Midfielder,42.0,0.0,46.0,7.0,88.0,2.0,2.0,0.0,0.0,0.0,2.0,2.0,9.0,6.0,0.0,231.0,0.0,0.0,3.0,1.0,0.0,0.0,3.0,3.0,0.0,0.0,87.13,70.0,0.0,50.0,0.0,39.13,50.0,100.0,0.0,0.065162155542303,0.0,7.0,0.13882743,1.0,9.0,7.0,0.21414573,50.0,16.363636363636363,0.0,17.92207792207792,2.727272727272727,34.285714285714285,0.7792207792207791,0.7792207792207791,0.0,0.0,0.0,0.7792207792207791,0.7792207792207791,3.506493506493506,2.3376623376623376,0.0,0.0,0.0,1.1688311688311688,0.3896103896103896,0.0,0.0,1.1688311688311688,1.1688311688311688,0.0,0.0,87.13,70.0,0.0,50.0,0.0,39.13,50.0,100.0,0.0,0.0253878528086894,0.0,2.727272727272727,0.054088609090909,0.3896103896103896,3.506493506493506,2.727272727272727,0.0834334012987012,19.48051948051948,DM/CM,41,32,45,68,43,59,57,11,27,16,41,34,48,80,43,30,14,52,45,41,20,64,80,48,52,64,73,32,55,30,23,68,93,11,32,25,82,77,41,57,41,50,59,36,32,50,77,41,59,55,11,27,16,32,23,45,91,43,30,14,50,36,41,20,59,77,48,52,64,73,32,55,30,23,68,93,11,27,25,86,82,41,59,50,50,55,Prva HNL
Istra 1961,4l55eml592p3mmkgaa92v0xbe,6k7khwtkxpem9z17bl5rrf2p6,E. Frederiksen,Emil Frederiksen,25,Attacker,Denmark,Striker,23.0,4.0,71.0,8.0,90.0,2.0,13.0,15.0,6.0,9.0,5.0,6.0,16.0,3.0,4.0,360.0,7.0,18.0,6.0,2.0,1.0,3.0,2.0,4.0,0.0,1.0,69.77,42.11,16.0,40.0,46.67,59.26,40.0,66.67,1.5696977188454055,1.4469313301977875,7.0,6.0,0.14564234,3.0,9.0,12.0,0.7831795900000001,38.0,5.75,1.0,17.75,2.0,22.5,0.5,3.25,3.75,1.5,2.25,1.25,1.5,4.0,0.75,1.0,1.75,4.5,1.5,0.5,0.25,0.75,0.5,1.0,0.0,0.25,69.77,42.11,16.0,40.0,46.67,59.26,40.0,66.67,0.3924244297113514,0.3617328325494469,1.75,1.5,0.036410585,0.75,2.25,3.0,0.1957948975,9.5,ST,79,96,100,96,96,41,96,96,62,100,55,59,59,73,96,96,82,80,50,79,82,75,89,52,100,36,46,68,32,64,84,62,48,89,96,100,84,86,73,96,98,100,93,61,91,100,88,82,25,93,80,46,96,36,43,18,43,89,79,54,46,36,71,75,59,71,52,100,36,46,68,32,64,84,62,48,75,96,86,55,46,61,89,89,96,75,Prva HNL
Istra 1961,4l55eml592p3mmkgaa92v0xbe,7d073ewzankrfjy13j9mm96ac,N. Žužić,Nik Zuzic,17,Attacker,Croatia,Striker,7.0,0.0,34.0,0.0,41.0,1.0,2.0,6.0,6.0,0.0,16.0,17.0,19.0,1.0,1.0,266.0,2.0,15.0,7.0,6.0,1.0,1.0,1.0,2.0,0.0,0.0,73.21,0.0,0.0,37.5,33.33,50.0,0.0,40.0,0.5927555260892161,0.1946102779198411,2.0,16.0,0.46740957,4.0,4.0,7.0,0.22911629,20.0,2.3684210526315788,0.0,11.50375939849624,0.0,13.872180451127818,0.3383458646616541,0.6766917293233082,2.0300751879699246,2.0300751879699246,0.0,5.413533834586466,5.75187969924812,6.428571428571428,0.3383458646616541,0.3383458646616541,0.6766917293233082,5.075187969924812,2.3684210526315788,2.0300751879699246,0.3383458646616541,0.3383458646616541,0.3383458646616541,0.6766917293233082,0.0,0.0,73.21,0.0,0.0,37.5,33.33,50.0,0.0,40.0,0.2005563810076295,0.0658455827548334,0.6766917293233082,5.413533834586466,0.1581460951127819,1.3533834586466165,1.3533834586466165,2.3684210526315788,0.0775205492481203,6.7669172932330826,LW,20,20,40,30,40,20,40,70,100,20,70,80,60,80,70,70,100,90,40,70,40,70,60,60,60,40,30,20,30,60,80,30,20,60,40,40,100,100,80,70,60,40,80,40,20,60,30,40,20,40,60,100,20,60,60,60,80,60,80,80,80,40,80,40,60,60,60,60,40,30,20,30,60,80,30,20,60,40,40,100,100,80,80,80,40,60,Prva HNL
Istra 1961,4l55eml592p3mmkgaa92v0xbe,9n5niffrts6ymz63uxdvwm39w,D. Doumbia,Daouda Doumbia,24,Midfielder,Mali,Midfielder,48.0,0.0,52.0,4.0,100.0,4.0,0.0,2.0,1.0,1.0,4.0,4.0,19.0,4.0,0.0,234.0,0.0,1.0,5.0,3.0,0.0,1.0,5.0,2.0,0.0,0.0,86.96,36.36,0.0,75.0,0.0,63.33,80.0,28.57,0.2271034226443251,0.0,1.0,5.0,0.1111474,2.0,5.0,10.0,0.17282765,53.0,18.46153846153846,0.0,20.0,1.5384615384615383,38.46153846153846,1.5384615384615383,0.0,0.7692307692307692,0.3846153846153846,0.3846153846153846,1.5384615384615383,1.5384615384615383,7.3076923076923075,1.5384615384615383,0.0,0.0,0.3846153846153846,1.923076923076923,1.1538461538461535,0.0,0.3846153846153846,1.923076923076923,0.7692307692307692,0.0,0.0,86.96,36.36,0.0,75.0,0.0,63.33,80.0,28.57,0.0873474702478173,0.0,0.3846153846153846,1.923076923076923,0.0427489999999999,0.7692307692307692,1.923076923076923,3.846153846153846,0.066472173076923,20.384615384615383,DM/CM,50,32,61,43,59,89,11,50,61,52,77,77,91,66,43,30,36,77,86,41,64,89,59,48,52,55,25,32,80,30,91,100,41,64,14,59,61,59,61,39,66,45,64,50,32,59,36,55,86,11,41,68,50,77,77,95,68,43,30,36,77,91,41,59,91,64,48,52,55,25,32,80,30,91,100,41,68,14,59,64,59,59,36,68,45,59,Prva HNL
Istra 1961,4l55eml592p3mmkgaa92v0xbe,9wq1v55gctxpe1gb89fs5udhx,A. Kadušić,Advan Kadusic,28,Defender,Bosnia and Herzegovina,Defender,18.0,1.0,29.0,2.0,46.0,2.0,2.0,0.0,0.0,0.0,0.0,0.0,9.0,1.0,0.0,112.0,0.0,2.0,1.0,0.0,0.0,0.0,0.0,3.0,0.0,0.0,85.19,50.0,14.29,0.0,0.0,81.82,66.67,50.0,0.0,0.1213154841500297,0.0,7.0,0.20657691,4.0,1.0,3.0,0.16533969,22.0,14.464285714285714,0.8035714285714286,23.303571428571427,1.6071428571428572,36.96428571428572,1.6071428571428572,1.6071428571428572,0.0,0.0,0.0,0.0,0.0,7.232142857142857,0.8035714285714286,0.0,0.0,1.6071428571428572,0.8035714285714286,0.0,0.0,0.0,0.0,2.4107142857142856,0.0,0.0,85.19,50.0,14.29,0.0,0.0,81.82,66.67,50.0,0.0,0.0974856569062738,0.0,5.625,0.1659993026785714,3.2142857142857144,0.8035714285714286,2.4107142857142856,0.1328622508928571,17.678571428571427,CB,5,91,41,9,14,23,82,20,23,36,30,30,34,7,43,36,61,34,34,48,34,9,45,50,52,36,61,82,34,36,100,70,27,23,86,36,80,86,95,41,45,55,45,5,95,77,23,45,50,95,20,23,36,30,30,100,5,43,36,86,59,34,48,34,9,95,50,52,36,61,82,34,36,100,70,27,23,91,36,91,100,100,41,50,82,55,Prva HNL
Istra 1961,4l55eml592p3mmkgaa92v0xbe,a08oy8f66ezhgqa4epgi7ga38,M. Nasraoui,Mohamed Nasraoui,24,Defender,Tunisia,Defender,137.0,0.0,46.0,8.0,183.0,12.0,1.0,1.0,1.0,0.0,2.0,2.0,21.0,23.0,0.0,360.0,0.0,2.0,1.0,2.0,0.0,0.0,7.0,4.0,0.0,0.0,88.83,36.36,0.0,100.0,0.0,63.64,66.67,66.67,0.0772608458134139,0.0806296860833385,0.0,1.0,0.0199707,0.0,13.0,10.0,0.2749094099999998,121.0,34.25,0.0,11.5,2.0,45.75,3.0,0.25,0.25,0.25,0.0,0.5,0.5,5.25,5.75,0.0,0.0,0.5,0.25,0.5,0.0,0.0,1.75,1.0,0.0,0.0,88.83,36.36,0.0,100.0,0.0,63.64,66.67,66.67,0.0193152114533534,0.0201574215208346,0.0,0.25,0.004992675,0.0,3.25,2.5,0.0687273524999999,30.25,RB/RCB,93,23,67,80,87,100,40,57,67,40,47,37,97,100,53,43,37,33,77,53,40,100,50,50,53,80,60,23,97,43,93,87,43,53,40,43,33,33,20,87,53,47,90,87,23,33,73,73,100,33,47,50,40,27,20,80,100,53,43,33,23,67,53,40,87,40,50,53,80,60,23,97,43,93,87,43,47,33,43,33,33,20,67,47,47,87,Prva HNL
Istra 1961,4l55eml592p3mmkgaa92v0xbe,b2h272d6rfop3t8jccu6q0zkk,R. Hrvatin,Rene Hrvatin,19,Defender,Slovenia,Defender,32.0,3.0,50.0,5.0,79.0,1.0,3.0,0.0,0.0,0.0,8.0,9.0,12.0,7.0,0.0,248.0,0.0,7.0,3.0,2.0,0.0,0.0,4.0,5.0,0.0,0.0,77.45,35.71,37.5,25.0,0.0,38.71,33.33,83.33,0.0,0.3569196609828885,0.0,8.0,0.2194334499999999,5.0,12.0,14.0,0.4777315199999999,42.0,11.612903225806452,1.0887096774193548,18.14516129032258,1.814516129032258,28.66935483870968,0.3629032258064516,1.0887096774193548,0.0,0.0,0.0,2.903225806451613,3.2661290322580645,4.354838709677419,2.540322580645161,0.0,0.0,2.540322580645161,1.0887096774193548,0.7258064516129032,0.0,0.0,1.4516129032258065,1.814516129032258,0.0,0.0,77.45,35.71,37.5,25.0,0.0,38.71,33.33,83.33,0.0,0.1295272963244353,0.0,2.903225806451613,0.0796331068548386,1.814516129032258,4.354838709677419,5.080645161290323,0.1733703096774193,15.241935483870968,RB/RCB,30,83,83,57,37,13,80,23,23,40,100,100,57,73,53,43,93,80,77,53,40,67,77,50,53,30,53,93,43,43,20,40,87,23,100,43,90,93,97,80,87,93,67,7,87,67,60,47,13,80,23,23,40,87,93,53,67,53,43,93,80,73,53,40,67,73,50,53,30,53,93,43,43,20,40,87,23,87,43,100,100,93,80,100,87,67,Prva HNL
Istra 1961,4l55eml592p3mmkgaa92v0xbe,cvg3e5kzcev1394pixg04ayqy,I. Šaranić,Ivan Saranic,23,Attacker,Croatia,Striker,16.0,0.0,54.0,3.0,70.0,3.0,2.0,11.0,6.0,5.0,7.0,7.0,13.0,3.0,0.0,291.0,3.0,10.0,3.0,4.0,2.0,2.0,1.0,2.0,0.0,0.0,76.92,50.0,0.0,57.14,27.27,56.52,60.0,66.67,1.0140917263811278,0.1018602554427122,6.0,5.0,0.14133561,4.0,7.0,12.0,0.30066232,37.0,4.948453608247423,0.0,16.701030927835053,0.9278350515463918,21.649484536082475,0.9278350515463918,0.6185567010309279,3.402061855670103,1.855670103092784,1.5463917525773196,2.164948453608248,2.164948453608248,4.020618556701031,0.9278350515463918,0.0,0.9278350515463918,3.09278350515464,0.9278350515463918,1.2371134020618555,0.6185567010309279,0.6185567010309279,0.3092783505154639,0.6185567010309279,0.0,0.0,76.92,50.0,0.0,57.14,27.27,56.52,60.0,66.67,0.3136366164065343,0.0315031717864058,1.855670103092784,1.5463917525773196,0.0437120443298969,1.2371134020618555,2.164948453608248,3.711340206185567,0.0929883463917525,11.443298969072163,ST,59,32,89,73,82,54,46,84,62,96,70,68,48,73,21,57,54,36,68,93,73,50,59,52,50,64,55,32,62,30,75,84,48,71,32,96,73,79,84,89,98,71,88,46,32,86,68,75,50,36,71,54,86,57,50,25,61,21,62,39,29,61,93,57,43,46,52,50,64,55,32,62,30,75,84,48,57,29,93,64,68,82,86,96,68,93,Prva HNL
Istra 1961,4l55eml592p3mmkgaa92v0xbe,d62k9thj6pxd560a3cgsfn1g4,H. Jaganjac,Hamza Jaganjac,22,Attacker,Bosnia and Herzegovina,Striker,18.0,0.0,34.0,1.0,52.0,2.0,12.0,13.0,10.0,3.0,15.0,16.0,23.0,7.0,3.0,355.0,5.0,21.0,7.0,6.0,1.0,1.0,3.0,4.0,0.0,0.0,72.22,50.0,0.0,40.0,38.46,38.33,20.0,50.0,1.510959944916517,0.7490135562166936,2.0,4.0,0.09637169,0.0,2.0,4.0,0.44284596,30.0,4.563380281690141,0.0,8.619718309859154,0.2535211267605634,13.183098591549296,0.5070422535211268,3.0422535211267605,3.295774647887324,2.535211267605633,0.7605633802816901,3.8028169014084505,4.056338028169014,5.830985915492957,1.7746478873239435,0.7605633802816901,1.2676056338028168,5.323943661971831,1.7746478873239435,1.5211267605633805,0.2535211267605634,0.2535211267605634,0.7605633802816901,1.0140845070422535,0.0,0.0,72.22,50.0,0.0,40.0,38.46,38.33,20.0,50.0,0.3830602677253141,0.1898907607309927,0.5070422535211268,1.0140845070422535,0.0244322594366197,0.0,0.5070422535211268,1.0140845070422535,0.1122708067605633,7.605633802816901,ST,68,32,71,46,64,41,93,89,93,77,100,100,88,88,91,91,93,91,82,79,50,89,89,52,50,43,55,32,32,46,25,36,34,86,89,61,64,57,16,41,54,93,75,32,32,25,32,25,32,89,68,75,71,89,86,71,86,86,75,64,68,71,75,36,82,75,52,50,43,55,32,32,46,25,36,34,71,79,43,39,32,16,29,36,82,64,Prva HNL
Istra 1961,4l55eml592p3mmkgaa92v0xbe,dpegzp0t66wtgyc69v4rj6cyc,S. Miettinen,Samuli Miettinen,22,Defender,Finland,Defender,56.0,0.0,29.0,2.0,85.0,4.0,0.0,0.0,0.0,0.0,0.0,0.0,6.0,12.0,0.0,180.0,0.0,0.0,1.0,0.0,0.0,0.0,1.0,1.0,1.0,0.0,87.63,16.67,0.0,0.0,0.0,66.67,80.0,100.0,0.0,0.0,0.0,0.0,0.0,0.0,0.0,0.0,0.0,0.0,28.0,0.0,14.5,1.0,42.5,2.0,0.0,0.0,0.0,0.0,0.0,0.0,3.0,6.0,0.0,0.0,0.0,0.5,0.0,0.0,0.0,0.5,0.5,0.5,0.0,87.63,16.67,0.0,0.0,0.0,66.67,80.0,100.0,0.0,0.0,0.0,0.0,0.0,0.0,0.0,0.0,0.0,0.0,LB/LCB,75,19,44,38,56,94,12,19,28,28,6,6,31,84,47,34,16,34,12,31,28,31,25,100,53,88,25,19,12,34,97,97,91,19,16,25,16,16,22,12,12,12,12,100,19,38,38,94,100,12,19,28,28,6,6,34,100,47,34,16,25,12,31,28,31,22,100,53,88,25,19,12,34,97,97,91,19,16,25,16,16,22,12,12,12,12,Prva HNL
Lokomotiva Zagreb,7nk3gfpmnuay3xe6v58zsvp0y,26gun0zqxx1e0hdza2yhr03u2,T. Jukić,Tino Jukić,24,Defender,Croatia,Defender,73.0,0.0,26.0,7.0,99.0,5.0,0.0,3.0,2.0,1.0,0.0,0.0,14.0,24.0,0.0,270.0,0.0,2.0,2.0,0.0,0.0,2.0,6.0,5.0,0.0,0.0,84.62,41.18,0.0,0.0,0.0,63.64,71.43,71.43,0.2349203379495836,0.0,1.0,3.0,0.05559792,0.0,7.0,9.0,0.1456924799999999,52.0,24.33333333333333,0.0,8.666666666666666,2.333333333333333,33.0,1.6666666666666667,0.0,1.0,0.6666666666666666,0.3333333333333333,0.0,0.0,4.666666666666667,8.0,0.0,0.0,0.6666666666666666,0.6666666666666666,0.0,0.0,0.6666666666666666,2.0,1.6666666666666667,0.0,0.0,84.62,41.18,0.0,0.0,0.0,63.64,71.43,71.43,0.0783067793165278,0.0,0.3333333333333333,1.0,0.01853264,0.0,2.333333333333333,3.0,0.0485641599999999,17.333333333333332,CB,32,41,32,45,32,64,32,80,75,84,30,30,61,93,43,36,61,55,34,48,93,86,82,50,52,27,36,41,34,36,73,77,64,68,34,84,61,59,34,55,61,50,50,32,41,32,36,18,57,32,73,68,89,30,30,59,95,43,36,52,55,34,48,91,93,86,50,52,27,36,41,34,36,73,77,64,64,34,89,61,59,34,59,66,50,50,Prva HNL
Lokomotiva Zagreb,7nk3gfpmnuay3xe6v58zsvp0y,36gtyjc6dg13f6ff8go77951x,M. Marić,Mirko Maric,31,Attacker,Croatia,Striker,12.0,0.0,25.0,1.0,37.0,17.0,2.0,8.0,8.0,0.0,1.0,1.0,27.0,2.0,1.0,231.0,2.0,14.0,5.0,1.0,1.0,1.0,1.0,3.0,0.0,0.0,66.07,33.33,0.0,100.0,25.0,49.09,48.57,75.0,1.204197351861321,0.0800239233236566,1.0,0.0,0.0,0.0,1.0,4.0,0.07682192,16.0,4.675324675324675,0.0,9.74025974025974,0.3896103896103896,14.415584415584414,6.623376623376623,0.7792207792207791,3.1168831168831166,3.1168831168831166,0.0,0.3896103896103896,0.3896103896103896,10.51948051948052,0.7792207792207791,0.3896103896103896,0.7792207792207791,5.454545454545454,1.948051948051948,0.3896103896103896,0.3896103896103896,0.3896103896103896,0.3896103896103896,1.1688311688311688,0.0,0.0,66.07,33.33,0.0,100.0,25.0,49.09,48.57,75.0,0.4691677994264886,0.0311781519442817,0.3896103896103896,0.0,0.0,0.0,0.3896103896103896,1.5584415584415583,0.0299306181818181,6.233766233766233,ST,41,32,55,46,54,96,46,61,82,18,14,14,100,54,54,39,71,61,32,79,50,50,77,52,50,18,39,32,95,25,54,68,59,79,25,34,9,9,16,27,54,29,62,39,32,43,57,39,100,46,64,86,18,14,14,96,46,46,46,68,75,29,82,50,50,82,52,50,18,39,32,95,25,54,68,59,86,25,32,9,9,16,25,64,29,46,Prva HNL
Lokomotiva Zagreb,7nk3gfpmnuay3xe6v58zsvp0y,3ue5shrpbdex8e25j4asf13bo,D. Thaqi,Dominik Thaqi,19,Attacker,Croatia,Striker,3.0,0.0,11.0,0.0,14.0,1.0,0.0,1.0,1.0,0.0,1.0,1.0,6.0,1.0,0.0,106.0,0.0,3.0,0.0,1.0,0.0,1.0,1.0,1.0,0.0,0.0,63.64,0.0,0.0,100.0,0.0,42.86,25.0,25.0,0.0328318331947338,0.0,0.0,3.0,0.07226001,0.0,1.0,0.0,0.01617932,4.0,2.547169811320755,0.0,9.339622641509434,0.0,11.88679245283019,0.8490566037735848,0.0,0.8490566037735848,0.8490566037735848,0.0,0.8490566037735848,0.8490566037735848,5.09433962264151,0.8490566037735848,0.0,0.0,2.547169811320755,0.0,0.8490566037735848,0.0,0.8490566037735848,0.8490566037735848,0.8490566037735848,0.0,0.0,63.64,0.0,0.0,100.0,0.0,42.86,25.0,25.0,0.0278760847879815,0.0,0.0,2.547169811320755,0.0613528386792452,0.0,0.8490566037735848,0.0,0.013737158490566,3.39622641509434,ST,4,32,14,16,4,27,11,12,20,18,14,14,12,29,21,11,18,7,32,36,50,50,36,52,50,7,16,32,95,11,38,43,25,7,12,11,46,32,16,27,7,18,9,4,32,36,16,14,43,11,21,29,18,21,21,54,54,21,11,36,7,50,36,79,86,64,52,50,7,16,32,95,11,38,43,25,11,12,11,86,82,16,46,7,18,14,Prva HNL
Lokomotiva Zagreb,7nk3gfpmnuay3xe6v58zsvp0y,5vk0kzloj56mzfs8u80u1z0gk,I. Katić,Ivan Katić,20,Midfielder,Croatia,Midfielder,22.0,0.0,32.0,1.0,54.0,2.0,3.0,3.0,2.0,1.0,6.0,6.0,8.0,3.0,1.0,259.0,2.0,4.0,0.0,2.0,0.0,1.0,1.0,2.0,0.0,0.0,78.26,33.33,0.0,33.33,66.67,34.78,28.57,50.0,0.2445392053786602,0.1469968801268851,1.0,3.0,0.07651604,2.0,5.0,8.0,0.10605025,29.0,7.644787644787645,0.0,11.11969111969112,0.3474903474903475,18.764478764478763,0.694980694980695,1.0424710424710424,1.0424710424710424,0.694980694980695,0.3474903474903475,2.0849420849420848,2.0849420849420848,2.77992277992278,1.0424710424710424,0.3474903474903475,0.694980694980695,1.38996138996139,0.0,0.694980694980695,0.0,0.3474903474903475,0.3474903474903475,0.694980694980695,0.0,0.0,78.26,33.33,0.0,33.33,66.67,34.78,28.57,50.0,0.084975013452044,0.0510799969552882,0.3474903474903475,1.0424710424710424,0.0265885853281853,0.694980694980695,1.7374517374517375,2.77992277992278,0.0368514382239382,10.077220077220078,DM/CM,18,32,32,9,18,59,82,75,84,52,89,89,32,50,93,91,91,7,75,41,64,30,59,48,52,18,16,32,36,95,14,36,64,68,55,59,36,36,61,39,48,23,36,9,32,18,5,14,45,77,64,77,41,95,95,18,36,86,86,77,7,68,41,55,23,59,48,52,18,16,32,36,95,14,36,64,64,41,55,27,27,55,27,55,23,27,Prva HNL
Lokomotiva Zagreb,7nk3gfpmnuay3xe6v58zsvp0y,7asjefdfyarrnkg1aj9ebkh04,M. Lorber,Marcel Lorber,22,Midfielder,Slovenia,Midfielder,25.0,1.0,16.0,3.0,40.0,0.0,1.0,0.0,0.0,0.0,4.0,4.0,8.0,8.0,0.0,199.0,0.0,1.0,1.0,1.0,0.0,0.0,0.0,6.0,0.0,0.0,75.47,60.0,33.33,25.0,0.0,32.0,0.0,100.0,0.0,0.0804335070034021,0.0,2.0,0.03620728,3.0,1.0,3.0,0.07410601,16.0,11.306532663316585,0.4522613065326633,7.236180904522612,1.3567839195979898,18.09045226130653,0.0,0.4522613065326633,0.0,0.0,0.0,1.809045226130653,1.809045226130653,3.618090452261306,3.618090452261306,0.0,0.0,0.4522613065326633,0.4522613065326633,0.4522613065326633,0.0,0.0,0.0,2.71356783919598,0.0,0.0,75.47,60.0,33.33,25.0,0.0,32.0,0.0,100.0,0.0,0.0363769629663627,0.0,0.9045226130653266,0.0163751517587939,1.3567839195979898,0.4522613065326633,1.3567839195979898,0.0335152809045226,7.236180904522612,RM/RCM,80,60,40,70,60,20,50,30,50,30,70,70,40,100,60,50,50,50,50,60,30,30,100,60,60,60,80,80,40,50,20,20,100,30,40,40,40,40,80,50,40,40,60,60,60,20,60,40,20,40,30,50,30,60,60,40,80,60,50,40,40,40,60,30,30,100,60,60,60,80,80,40,50,20,20,100,30,40,40,40,40,80,40,40,40,40,Prva HNL
Lokomotiva Zagreb,7nk3gfpmnuay3xe6v58zsvp0y,902jmc2xafide5kx5f6e9o2qd,M. Pajač,Marko Pajac,33,Defender,Croatia,Defender,40.0,10.0,53.0,8.0,83.0,0.0,10.0,0.0,0.0,0.0,4.0,4.0,8.0,5.0,0.0,270.0,0.0,0.0,4.0,1.0,2.0,0.0,3.0,2.0,0.0,0.0,75.45,42.11,27.78,25.0,0.0,34.78,0.0,66.67,0.0,1.4309101997406608,0.0,4.0,0.1165952899999999,1.0,7.0,13.0,0.96067716,44.0,13.333333333333334,3.333333333333333,17.666666666666668,2.6666666666666665,27.666666666666668,0.0,3.333333333333333,0.0,0.0,0.0,1.3333333333333333,1.3333333333333333,2.6666666666666665,1.6666666666666667,0.0,0.0,0.0,1.3333333333333333,0.3333333333333333,0.6666666666666666,0.0,1.0,0.6666666666666666,0.0,0.0,75.45,42.11,27.78,25.0,0.0,34.78,0.0,66.67,0.0,0.4769700665802203,0.0,1.3333333333333333,0.0388650966666666,0.3333333333333333,2.333333333333333,4.333333333333333,0.32022572,14.666666666666666,LB/LCB,56,100,69,78,50,12,94,19,28,28,75,72,47,56,47,34,16,75,47,97,28,69,53,50,53,19,69,75,34,34,12,12,53,19,100,25,59,62,47,69,78,100,69,25,100,69,88,38,12,94,19,28,28,75,69,19,38,47,34,16,81,44,88,28,62,50,50,53,19,69,75,34,34,12,12,53,19,100,25,56,56,44,69,81,94,50,Prva HNL
Lokomotiva Zagreb,7nk3gfpmnuay3xe6v58zsvp0y,9vw3ptqh7422tggc844720tbe,J. Vasilj,Jakov-Anton Vasilj,24,Midfielder,Croatia,Midfielder,23.0,1.0,32.0,1.0,54.0,1.0,0.0,2.0,2.0,0.0,5.0,5.0,9.0,1.0,0.0,235.0,1.0,7.0,3.0,3.0,0.0,1.0,2.0,1.0,0.0,0.0,79.41,33.33,33.33,60.0,50.0,47.37,0.0,50.0,0.2150419117475833,0.0,1.0,3.0,0.09405413,3.0,5.0,7.0,0.26123334,25.0,8.808510638297872,0.3829787234042553,12.25531914893617,0.3829787234042553,20.680851063829788,0.3829787234042553,0.0,0.7659574468085106,0.7659574468085106,0.0,1.9148936170212765,1.9148936170212765,3.4468085106382977,0.3829787234042553,0.0,0.3829787234042553,2.680851063829788,1.1489361702127658,1.1489361702127658,0.0,0.3829787234042553,0.7659574468085106,0.3829787234042553,0.0,0.0,79.41,33.33,33.33,60.0,50.0,47.37,0.0,50.0,0.0823564768394999,0.0,0.3829787234042553,1.1489361702127658,0.0360207306382978,1.1489361702127658,1.9148936170212765,2.680851063829788,0.1000468110638297,9.574468085106382,CM/AM,67,42,36,31,56,53,8,22,53,8,56,53,61,50,39,39,69,47,64,33,44,75,33,53,53,39,25,53,89,78,67,31,47,44,11,36,25,39,61,56,56,56,56,56,39,33,17,39,39,8,17,44,8,33,33,33,44,39,39,50,28,72,33,33,83,28,53,53,39,25,53,89,78,67,31,47,28,11,28,22,33,56,56,44,33,50,Prva HNL
Lokomotiva Zagreb,7nk3gfpmnuay3xe6v58zsvp0y,9wdn6hgrn4rwuch3jy34u7y1g,L. Belcar,Leon Belcar,24,Midfielder,Croatia,Midfielder,19.0,0.0,19.0,9.0,38.0,1.0,0.0,2.0,0.0,2.0,7.0,7.0,8.0,0.0,0.0,124.0,0.0,2.0,4.0,2.0,0.0,2.0,0.0,0.0,0.0,0.0,84.44,81.82,0.0,28.57,0.0,47.06,50.0,0.0,0.1259299662655847,0.0,2.0,0.0,0.0,0.0,1.0,3.0,0.03059949,14.0,13.790322580645162,0.0,13.790322580645162,6.532258064516129,27.580645161290324,0.7258064516129032,0.0,1.4516129032258065,0.0,1.4516129032258065,5.080645161290323,5.080645161290323,5.806451612903226,0.0,0.0,0.0,1.4516129032258065,2.903225806451613,1.4516129032258065,0.0,1.4516129032258065,0.0,0.0,0.0,0.0,84.44,81.82,0.0,28.57,0.0,47.06,50.0,0.0,0.0914007819669566,0.0,1.4516129032258065,0.0,0.0,0.0,0.7258064516129032,2.177419354838709,0.0222093072580645,10.161290322580646,DM/CM,14,32,9,89,11,34,11,50,27,80,98,98,32,11,43,30,57,66,75,41,93,11,11,48,52,34,86,32,27,30,45,68,11,45,14,77,9,9,18,14,27,14,16,23,32,32,100,32,50,11,86,27,91,100,100,73,11,43,30,82,100,100,41,100,11,11,48,52,34,86,32,27,30,45,68,11,73,14,95,9,9,18,14,36,14,32,Prva HNL
Lokomotiva Zagreb,7nk3gfpmnuay3xe6v58zsvp0y,a1uadr0cfv3hv00hn193irp5g,M. Subotić,Matija Subotic,18,Midfielder,Croatia,Midfielder,81.0,1.0,53.0,9.0,133.0,1.0,3.0,2.0,1.0,1.0,6.0,6.0,18.0,7.0,0.0,336.0,0.0,1.0,8.0,4.0,1.0,1.0,4.0,1.0,0.0,0.0,93.66,90.0,100.0,66.67,0.0,66.67,33.33,16.67,0.1114777495064724,0.2144717641516835,1.0,7.0,0.13971122,4.0,9.0,8.0,0.23047176,79.0,21.69642857142857,0.2678571428571428,14.196428571428571,2.4107142857142856,35.625,0.2678571428571428,0.8035714285714286,0.5357142857142857,0.2678571428571428,0.2678571428571428,1.6071428571428572,1.6071428571428572,4.821428571428571,1.875,0.0,0.0,0.2678571428571428,2.142857142857143,1.0714285714285714,0.2678571428571428,0.2678571428571428,1.0714285714285714,0.2678571428571428,0.0,0.0,93.66,90.0,100.0,66.67,0.0,66.67,33.33,16.67,0.0298601114749479,0.0574477939692009,0.2678571428571428,1.875,0.0374226482142857,1.0714285714285714,2.4107142857142856,2.142857142857143,0.0617335071428571,21.160714285714285,DM/CM,89,73,68,89,73,34,82,50,61,52,89,89,84,89,43,30,36,95,95,91,64,82,32,48,52,91,95,93,68,30,98,48,27,41,82,59,82,82,86,57,48,55,77,64,64,36,68,50,23,64,32,64,36,82,82,59,82,43,30,32,86,77,91,50,50,27,48,52,91,95,93,68,30,98,48,27,27,55,50,55,41,82,50,32,36,64,Prva HNL
Lokomotiva Zagreb,7nk3gfpmnuay3xe6v58zsvp0y,b00ojm12r3gcidjww19du12qc,T. Triantafyllou,Thanasis Triantafyllou,23,Defender,Greece,Defender,114.0,0.0,35.0,12.0,149.0,10.0,0.0,6.0,6.0,0.0,3.0,3.0,21.0,32.0,1.0,360.0,1.0,8.0,4.0,1.0,0.0,3.0,12.0,5.0,1.0,0.0,87.65,46.15,0.0,33.33,16.67,61.76,76.92,83.33,0.6902694914545324,0.0,0.0,2.0,0.04097836,1.0,9.0,10.0,0.1790781499999999,87.0,28.5,0.0,8.75,3.0,37.25,2.5,0.0,1.5,1.5,0.0,0.75,0.75,5.25,8.0,0.25,0.25,2.0,1.0,0.25,0.0,0.75,3.0,1.25,0.25,0.0,87.65,46.15,0.0,33.33,16.67,61.76,76.92,83.33,0.1725673728636331,0.0,0.0,0.5,0.01024459,0.25,2.25,2.5,0.0447695374999999,21.75,CB,73,41,57,70,64,89,32,100,100,36,86,86,86,100,91,82,100,91,75,48,100,100,82,100,52,59,48,41,68,73,68,91,80,100,34,36,55,55,75,66,68,59,68,50,41,36,52,50,82,32,100,100,36,82,82,73,95,86,73,93,70,68,48,95,100,64,100,52,59,48,41,68,73,68,91,80,100,34,36,50,50,70,50,55,45,64,Prva HNL
Lokomotiva Zagreb,7nk3gfpmnuay3xe6v58zsvp0y,bb6nnekc21vcl8qctzeftbnro,N. Godec,Noa Godec,19,Defender,Croatia,Defender,24.0,0.0,13.0,2.0,37.0,2.0,1.0,1.0,1.0,0.0,0.0,0.0,3.0,6.0,0.0,135.0,0.0,3.0,1.0,0.0,0.0,0.0,1.0,0.0,0.0,0.0,82.22,28.57,0.0,0.0,0.0,23.08,25.0,0.0,0.1598558082125794,0.082869524233118,0.0,0.0,0.0,0.0,3.0,2.0,0.0501690899999999,24.0,16.0,0.0,8.666666666666666,1.3333333333333333,24.666666666666668,1.3333333333333333,0.6666666666666666,0.6666666666666666,0.6666666666666666,0.0,0.0,0.0,2.0,4.0,0.0,0.0,2.0,0.6666666666666666,0.0,0.0,0.0,0.6666666666666666,0.0,0.0,0.0,82.22,28.57,0.0,0.0,0.0,23.08,25.0,0.0,0.1065705388083862,0.0552463494887453,0.0,0.0,0.0,0.0,2.0,1.3333333333333333,0.0334460599999999,16.0,RB/RCB,7,23,7,27,7,33,40,57,67,40,10,10,10,57,53,43,50,33,20,53,40,17,7,50,53,60,40,23,20,43,7,27,7,73,47,43,17,17,20,27,27,27,27,47,23,7,40,27,70,63,67,80,40,10,10,7,93,53,43,77,53,20,53,40,20,7,50,53,60,40,23,20,43,7,27,7,87,53,43,17,17,20,37,33,27,73,Prva HNL
Lokomotiva Zagreb,7nk3gfpmnuay3xe6v58zsvp0y,c0z3fmu0gss39ngvnyvqvxyxg,M. Sušak,Mirko Susak,22,Attacker,Croatia,Striker,10.0,2.0,22.0,1.0,30.0,6.0,2.0,1.0,0.0,1.0,4.0,5.0,10.0,1.0,0.0,195.0,0.0,4.0,1.0,0.0,0.0,0.0,3.0,2.0,0.0,0.0,66.67,100.0,50.0,0.0,0.0,47.62,75.0,66.67,0.0500758800780134,0.2219835686152999,1.0,3.0,0.0811110499999999,2.0,3.0,5.0,0.23098373,14.0,4.615384615384616,0.9230769230769232,10.153846153846157,0.4615384615384615,13.846153846153848,2.7692307692307696,0.9230769230769232,0.4615384615384615,0.0,0.4615384615384615,1.8461538461538465,2.307692307692308,4.615384615384616,0.4615384615384615,0.0,0.0,1.8461538461538465,0.4615384615384615,0.0,0.0,0.0,1.3846153846153848,0.9230769230769232,0.0,0.0,66.67,100.0,50.0,0.0,0.0,47.62,75.0,66.67,0.0231119446513908,0.102453954745523,0.4615384615384615,1.3846153846153848,0.0374358692307691,0.9230769230769232,1.3846153846153848,2.307692307692308,0.1066078753846153,6.461538461538462,ST,29,82,41,46,36,80,46,12,7,45,41,48,38,29,21,11,25,18,11,36,16,89,59,52,50,23,93,89,11,11,48,96,48,11,61,34,46,50,61,57,73,61,52,36,86,54,61,29,82,54,7,7,50,46,57,36,21,21,11,18,14,11,36,16,96,68,52,50,23,93,89,11,11,48,96,48,7,64,36,50,57,75,68,82,75,54,Prva HNL
Lokomotiva Zagreb,7nk3gfpmnuay3xe6v58zsvp0y,ci59nfb6e2ruyr60hmtcup5hw,K. Čabrajić,Kristijan Cabrajic,22,Defender,Croatia,Defender,24.0,1.0,11.0,3.0,34.0,1.0,0.0,1.0,1.0,0.0,3.0,3.0,6.0,1.0,0.0,90.0,0.0,1.0,3.0,2.0,0.0,1.0,1.0,0.0,0.0,0.0,85.0,50.0,25.0,66.67,0.0,60.0,50.0,0.0,0.0930890232573258,0.0,0.0,1.0,0.01870347,0.0,3.0,3.0,0.06574518,17.0,24.0,1.0,11.0,3.0,34.0,1.0,0.0,1.0,1.0,0.0,3.0,3.0,6.0,1.0,0.0,0.0,1.0,3.0,2.0,0.0,1.0,1.0,0.0,0.0,0.0,85.0,50.0,25.0,66.67,0.0,60.0,50.0,0.0,0.0930890232573258,0.0,0.0,1.0,0.01870347,0.0,3.0,3.0,0.06574518,17.0,CB,14,91,5,18,5,11,32,48,52,36,86,86,20,7,43,36,41,73,86,48,77,27,7,50,52,32,61,91,82,36,59,39,7,50,34,36,48,50,34,48,45,41,41,27,100,50,52,32,23,32,73,91,36,100,100,84,9,43,36,61,100,100,48,100,57,7,50,52,32,61,91,82,36,59,39,7,73,34,36,61,64,34,68,66,59,45,Prva HNL
Lokomotiva Zagreb,7nk3gfpmnuay3xe6v58zsvp0y,dxv0c2ngspqu75o8lq5xllnca,D. Vuković,Dusan Vukovic,24,Attacker,Montenegro,Striker,9.0,1.0,20.0,1.0,28.0,6.0,4.0,5.0,2.0,3.0,13.0,14.0,22.0,0.0,2.0,357.0,2.0,5.0,4.0,6.0,1.0,0.0,0.0,3.0,0.0,0.0,54.9,25.0,16.67,46.15,40.0,43.14,75.0,50.0,1.0592052780310384,0.3209514129089784,3.0,5.0,0.1249414399999999,1.0,4.0,9.0,0.15384215,19.0,2.26890756302521,0.2521008403361344,5.042016806722689,0.2521008403361344,7.0588235294117645,1.512605042016807,1.0084033613445378,1.2605042016806722,0.5042016806722689,0.7563025210084033,3.277310924369748,3.5294117647058822,5.546218487394958,0.0,0.5042016806722689,0.5042016806722689,1.2605042016806722,1.0084033613445378,1.512605042016807,0.2521008403361344,0.0,0.0,0.7563025210084033,0.0,0.0,54.9,25.0,16.67,46.15,40.0,43.14,75.0,50.0,0.2670265406800937,0.0809121209014231,0.7563025210084033,1.2605042016806722,0.0314978420168067,0.2521008403361344,1.0084033613445378,2.26890756302521,0.0387837352941176,4.7899159663865545,LW,50,70,20,70,20,100,80,30,20,70,40,40,80,40,100,70,20,20,40,70,20,30,80,60,60,20,60,80,80,100,20,100,50,100,60,70,20,20,20,70,80,20,50,20,40,20,60,20,100,60,20,20,60,40,40,20,40,100,60,20,20,20,40,20,30,80,60,60,20,60,80,80,100,20,100,50,80,60,60,20,20,20,60,60,20,20,Prva HNL
Lokomotiva Zagreb,7nk3gfpmnuay3xe6v58zsvp0y,x4cd69ewj0s9detr50nkeifp,M. Vešović,Marko Vesovic,34,Defender,Montenegro,Defender,25.0,0.0,18.0,6.0,43.0,2.0,0.0,0.0,0.0,0.0,6.0,6.0,8.0,4.0,0.0,162.0,0.0,3.0,2.0,3.0,0.0,0.0,4.0,1.0,0.0,0.0,79.63,60.0,0.0,50.0,0.0,47.06,66.67,100.0,0.0,0.0,0.0,0.0,0.0,0.0,0.0,0.0,0.0,0.0,13.88888888888889,0.0,10.0,3.333333333333333,23.88888888888889,1.1111111111111112,0.0,0.0,0.0,0.0,3.333333333333333,3.333333333333333,4.444444444444445,2.2222222222222223,0.0,0.0,1.6666666666666663,1.1111111111111112,1.6666666666666663,0.0,0.0,2.2222222222222223,0.5555555555555556,0.0,0.0,79.63,60.0,0.0,50.0,0.0,47.06,66.67,100.0,0.0,0.0,0.0,0.0,0.0,0.0,0.0,0.0,0.0,0.0,RB/RCB,13,23,13,67,13,33,17,23,23,40,90,83,23,33,53,43,50,57,90,53,40,67,17,50,53,40,100,23,67,43,40,87,97,23,17,43,17,17,20,13,13,13,13,40,23,20,87,20,60,17,23,23,40,100,100,60,53,53,43,60,87,100,53,40,100,13,50,53,40,100,23,67,43,40,87,97,23,17,43,17,17,20,13,13,13,13,Prva HNL
Osijek,c2it9800m1rcfbyhmwtxnp0vu,1o47wjociihmi2mepaw1mgacq,L. Jelenić,Luka Jelenic,26,Defender,Croatia,Defender,140.0,0.0,50.0,5.0,190.0,5.0,0.0,4.0,3.0,1.0,0.0,0.0,15.0,18.0,0.0,315.0,0.0,4.0,2.0,0.0,0.0,1.0,2.0,4.0,0.0,0.0,90.91,38.46,0.0,0.0,0.0,51.72,33.33,50.0,0.4026943301598168,0.0,1.0,4.0,0.07954534,1.0,9.0,8.0,0.2166210999999999,117.0,40.0,0.0,14.285714285714286,1.4285714285714286,54.285714285714285,1.4285714285714286,0.0,1.1428571428571428,0.8571428571428571,0.2857142857142857,0.0,0.0,4.285714285714286,5.142857142857143,0.0,0.0,1.1428571428571428,0.5714285714285714,0.0,0.0,0.2857142857142857,0.5714285714285714,1.1428571428571428,0.0,0.0,90.91,38.46,0.0,0.0,0.0,51.72,33.33,50.0,0.1150555229028048,0.0,0.2857142857142857,1.1428571428571428,0.02272724,0.2857142857142857,2.571428571428572,2.2857142857142856,0.0618917428571428,33.42857142857143,CB,100,41,68,30,77,64,32,91,93,84,30,30,75,64,43,36,80,55,34,48,77,41,66,50,52,77,18,41,34,36,18,14,27,95,34,84,68,68,75,66,55,64,77,82,41,59,14,77,41,32,89,80,80,30,30,55,64,43,36,68,41,34,48,68,27,55,50,52,77,18,41,34,36,18,14,27,86,34,80,68,68,77,64,45,55,77,Prva HNL
Osijek,c2it9800m1rcfbyhmwtxnp0vu,3vglbq5yls39wqa6ynjuqblzo,S. Mustafić,Senad Mustafic,20,Defender,Bosnia and Herzegovina,Defender,56.0,2.0,50.0,9.0,104.0,3.0,2.0,7.0,3.0,4.0,2.0,2.0,14.0,6.0,0.0,304.0,0.0,6.0,3.0,1.0,0.0,4.0,3.0,5.0,0.0,0.0,85.95,56.25,28.57,50.0,0.0,40.0,30.0,71.43,0.4415818924302244,0.1394916780033678,4.0,6.0,0.17804458,4.0,7.0,14.0,0.22387346,41.0,16.57894736842105,0.5921052631578947,14.802631578947368,2.664473684210526,30.789473684210527,0.8881578947368421,0.5921052631578947,2.0723684210526314,0.8881578947368421,1.1842105263157894,0.5921052631578947,0.5921052631578947,4.144736842105263,1.7763157894736843,0.0,0.0,1.7763157894736843,0.8881578947368421,0.2960526315789473,0.0,1.1842105263157894,0.8881578947368421,1.480263157894737,0.0,0.0,85.95,56.25,28.57,50.0,0.0,40.0,30.0,71.43,0.1307314813115795,0.0412968783562602,1.1842105263157894,1.7763157894736843,0.0527105664473684,1.1842105263157894,2.0723684210526314,4.144736842105263,0.0662783269736842,12.138157894736842,RB/RCB,73,67,83,87,77,63,63,100,97,100,47,37,73,57,53,43,83,80,53,53,100,47,77,50,53,73,93,80,67,43,27,33,53,100,53,100,70,80,83,40,87,33,60,53,53,53,80,53,40,47,100,93,100,47,40,47,40,53,43,67,73,53,53,100,47,60,50,53,73,93,80,67,43,27,33,53,100,47,100,53,67,87,47,73,40,40,Prva HNL
Osijek,c2it9800m1rcfbyhmwtxnp0vu,651jwekihhfyqu45vs89pnalm,A. León,Armando León,26,Attacker,Mexico,Striker,12.0,0.0,21.0,1.0,33.0,4.0,2.0,7.0,6.0,1.0,4.0,4.0,15.0,3.0,2.0,281.0,2.0,16.0,7.0,1.0,0.0,1.0,0.0,1.0,0.0,0.0,66.0,100.0,0.0,25.0,28.57,32.61,19.05,33.33,1.013969979178133,0.109018579098602,1.0,2.0,0.04347372,2.0,4.0,5.0,0.1819325999999999,11.0,3.8434163701067616,0.0,6.725978647686833,0.3202846975088968,10.569395017793594,1.2811387900355873,0.6405693950177936,2.2419928825622777,1.9217081850533808,0.3202846975088968,1.2811387900355873,1.2811387900355873,4.804270462633452,0.9608540925266904,0.6405693950177936,0.6405693950177936,5.124555160142349,2.2419928825622777,0.3202846975088968,0.0,0.3202846975088968,0.0,0.3202846975088968,0.0,0.0,66.0,100.0,0.0,25.0,28.57,32.61,19.05,33.33,0.3247590680641707,0.0349169826294454,0.3202846975088968,0.6405693950177936,0.0139239672597864,0.6405693950177936,1.2811387900355873,1.601423487544484,0.058270227758007,3.5231316725978647,ST,41,32,36,46,41,64,46,54,62,45,41,38,54,73,77,39,77,91,32,36,50,18,36,52,50,12,93,32,25,36,14,32,29,68,39,34,27,21,61,71,73,50,36,18,32,14,46,11,57,43,50,61,46,39,32,43,64,75,29,61,86,25,36,46,18,29,52,50,12,93,32,25,36,14,32,29,61,39,29,21,18,54,54,68,39,18,Prva HNL
Osijek,c2it9800m1rcfbyhmwtxnp0vu,6vy1ci3n2w1hkep8jrxytujca,I. Dolček,Ivan Dolcek,26,Attacker,Croatia,Striker,8.0,3.0,25.0,2.0,30.0,0.0,4.0,6.0,4.0,2.0,9.0,9.0,9.0,3.0,1.0,195.0,2.0,9.0,2.0,5.0,0.0,3.0,3.0,0.0,0.0,0.0,66.67,40.0,75.0,55.56,33.33,40.91,0.0,0.0,0.4866280080523398,0.4765359889377707,3.0,4.0,0.17690923,0.0,4.0,7.0,0.5870395499999999,15.0,3.692307692307693,1.3846153846153848,11.53846153846154,0.9230769230769232,13.846153846153848,0.0,1.8461538461538465,2.7692307692307696,1.8461538461538465,0.9230769230769232,4.153846153846154,4.153846153846154,4.153846153846154,1.3846153846153848,0.4615384615384615,0.9230769230769232,4.153846153846154,0.9230769230769232,2.307692307692308,0.0,1.3846153846153848,1.3846153846153848,0.0,0.0,0.0,66.67,40.0,75.0,55.56,33.33,40.91,0.0,0.0,0.224597542178003,0.219939687202048,1.3846153846153848,1.8461538461538465,0.0816504138461538,0.0,1.8461538461538465,3.230769230769231,0.2709413307692307,6.923076923076923,RW,75,75,50,100,50,25,88,100,88,88,75,75,75,88,88,62,62,62,75,50,100,100,50,62,62,50,100,100,100,25,75,38,50,100,100,88,75,75,50,100,100,100,75,50,75,50,100,50,25,50,75,50,75,75,75,75,75,75,50,50,50,75,50,100,100,50,62,62,50,100,100,100,25,75,38,50,100,50,75,75,75,50,100,75,75,50,Prva HNL
Osijek,c2it9800m1rcfbyhmwtxnp0vu,9tjpmvcgtk66mt6t57mp9clqs,I. Kolarik,Ivano Kolarik,19,Defender,Croatia,Defender,138.0,0.0,61.0,10.0,199.0,10.0,1.0,1.0,0.0,1.0,4.0,4.0,22.0,22.0,0.0,359.0,0.0,0.0,1.0,3.0,0.0,0.0,6.0,1.0,0.0,0.0,87.28,40.0,0.0,75.0,0.0,53.66,43.48,12.5,0.0365167599166626,0.0527976124293328,1.0,8.0,0.14860256,0.0,16.0,13.0,0.2782468199999999,126.0,34.59610027855153,0.0,15.292479108635098,2.5069637883008355,49.88857938718663,2.5069637883008355,0.2506963788300835,0.2506963788300835,0.0,0.2506963788300835,1.0027855153203342,1.0027855153203342,5.515320334261839,5.515320334261839,0.0,0.0,0.0,0.2506963788300835,0.7520891364902507,0.0,0.0,1.504178272980501,0.2506963788300835,0.0,0.0,87.28,40.0,0.0,75.0,0.0,53.66,43.48,12.5,0.0091546194777148,0.0132361702469079,0.2506963788300835,2.0055710306406684,0.0372541236768802,0.0,4.011142061281337,3.2590529247910864,0.069755470194986,31.58774373259053,CB,91,41,73,64,82,89,68,48,23,84,95,95,91,86,43,36,14,34,95,48,34,86,18,50,52,55,30,41,86,36,27,23,14,45,73,84,86,82,34,84,77,77,82,73,41,64,41,64,86,68,45,23,73,91,91,77,73,43,36,14,27,86,48,34,77,14,50,52,55,30,41,86,36,27,23,14,45,73,73,77,77,34,77,73,64,68,Prva HNL
Osijek,c2it9800m1rcfbyhmwtxnp0vu,9tsa5z27vsqultqqmtglptzis,L. Vrbančić,Luka Vrbancic,21,Midfielder,Croatia,Midfielder,100.0,0.0,89.0,11.0,189.0,3.0,6.0,5.0,2.0,3.0,7.0,7.0,25.0,7.0,0.0,360.0,0.0,3.0,11.0,5.0,1.0,3.0,9.0,1.0,0.0,0.0,89.15,73.33,0.0,71.43,0.0,59.52,50.0,14.29,0.3155121234762518,0.3534143023777977,3.0,9.0,0.19484044,2.0,18.0,20.0,0.45062096,106.0,25.0,0.0,22.25,2.75,47.25,0.75,1.5,1.25,0.5,0.75,1.75,1.75,6.25,1.75,0.0,0.0,0.75,2.75,1.25,0.25,0.75,2.25,0.25,0.0,0.0,89.15,73.33,0.0,71.43,0.0,59.52,50.0,14.29,0.0788780308690629,0.0883535755944494,0.75,2.25,0.04871011,0.5,4.5,5.0,0.11265524,26.5,DM/CM,95,32,82,100,95,77,100,95,84,89,98,98,95,89,43,30,75,100,100,91,100,98,32,48,52,77,77,32,73,30,77,68,23,91,95,89,91,91,61,86,91,95,95,91,32,64,86,68,55,86,80,73,73,91,91,77,77,43,30,48,95,95,82,91,95,23,48,52,77,77,32,73,30,77,68,23,59,82,68,73,73,45,68,73,68,77,Prva HNL
Osijek,c2it9800m1rcfbyhmwtxnp0vu,9umh99q51xm5fg8exex3lmb1m,R. Jurišić,Roko Jurisic,24,Defender,Croatia,Defender,70.0,3.0,64.0,8.0,131.0,3.0,4.0,2.0,0.0,2.0,6.0,6.0,19.0,13.0,0.0,335.0,0.0,9.0,4.0,5.0,1.0,1.0,7.0,5.0,0.0,0.0,80.37,40.0,30.0,83.33,0.0,65.52,75.0,71.43,0.1356430543741214,0.5602860655839403,1.0,7.0,0.2025642999999999,5.0,14.0,14.0,0.7561572699999999,75.0,18.80597014925373,0.8059701492537313,17.19402985074627,2.149253731343284,35.19402985074627,0.8059701492537313,1.0746268656716418,0.5373134328358209,0.0,0.5373134328358209,1.611940298507463,1.611940298507463,5.104477611940299,3.492537313432836,0.0,0.0,2.417910447761194,1.0746268656716418,1.343283582089552,0.2686567164179104,0.2686567164179104,1.880597014925373,1.343283582089552,0.0,0.0,80.37,40.0,30.0,83.33,0.0,65.52,75.0,71.43,0.0364414175930475,0.1505246146344914,0.2686567164179104,1.880597014925373,0.0544202597014925,1.343283582089552,3.761194029850746,3.761194029850746,0.2031467292537313,20.149253731343283,LB/LCB,81,75,84,78,88,75,75,53,28,78,88,88,94,94,47,34,88,75,94,75,62,100,88,50,53,56,62,88,81,34,88,88,66,56,81,62,78,88,81,91,88,81,94,81,56,56,62,69,50,56,44,28,69,81,81,81,81,47,34,69,66,94,62,56,88,72,50,53,56,62,88,81,34,88,88,66,44,69,56,62,81,75,94,56,69,88,Prva HNL
Osijek,c2it9800m1rcfbyhmwtxnp0vu,aaht8gcxnr8ne3uruw6s2xzx0,J. Ježić,Jona Jezic,17,Midfielder,Croatia,Midfielder,18.0,0.0,20.0,1.0,38.0,3.0,2.0,4.0,3.0,1.0,3.0,3.0,7.0,0.0,0.0,184.0,1.0,9.0,3.0,0.0,0.0,1.0,1.0,0.0,0.0,0.0,84.44,50.0,0.0,0.0,25.0,29.17,33.33,0.0,0.4974820265016901,0.1654738329146762,0.0,5.0,0.1327934399999999,2.0,3.0,2.0,0.12629335,14.0,8.804347826086957,0.0,9.782608695652174,0.4891304347826087,18.586956521739133,1.4673913043478262,0.9782608695652176,1.956521739130435,1.4673913043478262,0.4891304347826087,1.4673913043478262,1.4673913043478262,3.423913043478261,0.0,0.0,0.4891304347826087,4.402173913043479,1.4673913043478262,0.0,0.0,0.4891304347826087,0.4891304347826087,0.0,0.0,0.0,84.44,50.0,0.0,0.0,25.0,29.17,33.33,0.0,0.2433335999193049,0.0809382878387003,0.0,2.4456521739130435,0.0649533130434782,0.9782608695652176,1.4673913043478262,0.9782608695652176,0.0617739211956521,6.847826086956522,DM/CM,9,32,14,9,11,77,57,89,100,52,61,59,18,11,43,70,100,52,11,41,64,30,11,48,52,34,50,32,11,61,5,48,11,100,59,25,61,73,61,18,18,32,16,14,32,14,9,9,82,73,100,100,64,68,68,41,11,43,77,100,64,11,41,77,32,11,48,52,34,50,32,11,61,5,48,11,100,77,25,82,91,73,18,23,41,14,Prva HNL
Osijek,c2it9800m1rcfbyhmwtxnp0vu,ac4ouoa1te0amymnflpgkbf9w,N. Omerović,Nail Omerovic,23,Attacker,Bosnia and Herzegovina,Striker,41.0,4.0,64.0,7.0,101.0,1.0,6.0,20.0,12.0,8.0,14.0,15.0,15.0,4.0,4.0,329.0,11.0,22.0,5.0,3.0,0.0,6.0,1.0,5.0,0.0,0.0,87.83,87.5,25.0,21.43,55.0,38.46,33.33,83.33,1.5909905793702777,0.7104072969668676,9.0,15.0,0.4379347800000001,7.0,2.0,8.0,0.7814131300000001,27.0,11.21580547112462,1.094224924012158,17.507598784194528,1.9148936170212767,27.629179331307,0.2735562310030395,1.6413373860182372,5.471124620060791,3.2826747720364744,2.188449848024316,3.8297872340425534,4.103343465045593,4.103343465045593,1.094224924012158,1.094224924012158,3.009118541033435,6.01823708206687,1.3677811550151977,0.8206686930091186,0.0,1.6413373860182372,0.2735562310030395,1.3677811550151977,0.0,0.0,87.83,87.5,25.0,21.43,55.0,38.46,33.33,83.33,0.4352253864538754,0.1943363426353133,2.462006079027356,4.103343465045593,0.1197997878419453,1.9148936170212767,0.547112462006079,2.188449848024316,0.2137604306990881,7.386018237082067,LB/LCB,62,84,84,69,72,34,88,100,100,100,100,100,81,38,100,100,100,88,84,31,100,31,88,50,53,94,100,66,25,94,25,28,75,100,88,100,100,100,100,31,62,94,56,12,75,62,56,31,31,69,100,100,100,94,94,56,19,100,100,100,88,75,31,100,25,81,50,53,94,100,66,25,94,25,28,75,100,81,100,94,100,100,25,38,75,25,Prva HNL
Osijek,c2it9800m1rcfbyhmwtxnp0vu,b5o4vzbns7xgj4p566ltn5i50,D. Bukvić,Domagoj Bukvic,22,Attacker,Croatia,Striker,31.0,4.0,59.0,5.0,86.0,3.0,21.0,10.0,8.0,2.0,12.0,12.0,23.0,1.0,0.0,314.0,3.0,25.0,6.0,6.0,3.0,4.0,1.0,7.0,0.0,0.0,80.37,55.56,36.36,50.0,30.0,60.53,60.0,87.5,0.9373283830157016,1.7025396214402158,4.0,19.0,0.72532095,6.0,2.0,5.0,0.41090002,37.0,8.885350318471337,1.1464968152866242,16.910828025477706,1.4331210191082802,24.64968152866242,0.8598726114649682,6.019108280254777,2.8662420382165603,2.2929936305732483,0.5732484076433121,3.4394904458598727,3.4394904458598727,6.592356687898089,0.286624203821656,0.0,0.8598726114649682,7.165605095541401,1.7197452229299364,1.7197452229299364,0.8598726114649682,1.1464968152866242,0.286624203821656,2.006369426751592,0.0,0.0,80.37,55.56,36.36,50.0,30.0,60.53,60.0,87.5,0.2686610015013158,0.4879890634701255,1.1464968152866242,5.445859872611465,0.2078945398089171,1.7197452229299364,0.5732484076433121,1.4331210191082802,0.1177738910828025,10.605095541401274,ST,86,96,93,80,91,54,100,77,82,62,93,93,88,29,21,57,96,80,82,100,89,50,100,52,50,75,68,86,52,39,89,84,68,64,100,84,100,100,93,41,73,82,88,75,96,89,75,89,46,100,57,71,57,82,79,79,18,21,55,89,64,75,100,86,39,93,52,50,75,68,86,52,39,89,84,68,54,100,79,96,100,89,34,57,86,82,Prva HNL
Osijek,c2it9800m1rcfbyhmwtxnp0vu,dn83ihv2nin325b79pfgzlp05,A. Jakupovic,Arnel Jakupovic,28,Attacker,Austria,Striker,18.0,1.0,22.0,6.0,39.0,0.0,5.0,8.0,4.0,4.0,1.0,1.0,1.0,1.0,2.0,114.0,4.0,8.0,0.0,0.0,0.0,0.0,0.0,1.0,0.0,0.0,88.64,85.71,100.0,0.0,50.0,8.33,0.0,100.0,0.5830738465147427,0.4182700528486125,4.0,2.0,0.07176734,1.0,4.0,5.0,0.3442843299999999,15.0,14.210526315789474,0.7894736842105263,17.36842105263158,4.736842105263158,30.789473684210527,0.0,3.947368421052632,6.315789473684211,3.1578947368421053,3.1578947368421053,0.7894736842105263,0.7894736842105263,0.7894736842105263,0.7894736842105263,1.5789473684210529,3.1578947368421053,6.315789473684211,0.0,0.0,0.0,0.0,0.0,0.7894736842105263,0.0,0.0,88.64,85.71,100.0,0.0,50.0,8.33,0.0,100.0,0.4603214577747969,0.3302131996173257,3.1578947368421053,1.5789473684210529,0.0566584263157894,0.7894736842105263,3.1578947368421053,3.947368421052632,0.2718034184210526,11.842105263157896,ST,68,70,41,89,57,11,75,61,46,89,14,14,4,29,77,79,41,7,11,36,16,18,36,52,50,96,79,100,11,77,4,16,86,50,79,84,27,29,43,71,73,79,57,93,79,96,100,96,11,96,96,89,100,18,18,4,50,96,96,86,7,11,36,16,18,57,52,50,96,79,100,11,77,4,16,86,82,93,100,68,79,64,100,100,100,96,Prva HNL
Osijek,c2it9800m1rcfbyhmwtxnp0vu,ey7hw41hs05di8j2yfb5vhr10,Š. Mikolčić,Simun Mikolcic,22,Midfielder,Croatia,Midfielder,25.0,3.0,46.0,8.0,68.0,0.0,7.0,8.0,3.0,5.0,5.0,5.0,3.0,1.0,0.0,173.0,2.0,5.0,1.0,1.0,0.0,1.0,1.0,0.0,0.0,0.0,91.89,88.89,33.33,20.0,25.0,17.65,0.0,0.0,0.5592230128119496,0.5359041754420273,5.0,5.0,0.10060892,5.0,14.0,16.0,0.30722307,38.0,13.005780346820808,1.560693641618497,23.930635838150287,4.161849710982659,35.3757225433526,0.0,3.6416184971098255,4.161849710982659,1.560693641618497,2.601156069364162,2.601156069364162,2.601156069364162,1.560693641618497,0.5202312138728323,0.0,1.0404624277456649,2.601156069364162,0.5202312138728323,0.5202312138728323,0.0,0.5202312138728323,0.5202312138728323,0.0,0.0,0.0,91.89,88.89,33.33,20.0,25.0,17.65,0.0,0.0,0.290925266780783,0.2787940797097252,2.601156069364162,2.601156069364162,0.0523399005780346,2.601156069364162,7.283236994219653,8.323699421965317,0.1598270306358381,19.76878612716763,CM/AM,72,83,67,92,72,17,75,78,67,94,56,53,8,50,39,69,50,11,44,33,44,50,14,53,53,94,78,53,36,42,6,31,14,78,67,92,64,44,83,89,89,61,78,89,83,67,100,72,17,83,94,72,94,67,44,6,50,39,72,44,11,39,33,50,44,14,53,53,94,78,53,36,42,6,31,14,89,83,100,61,61,83,94,100,72,89,Prva HNL
Rudeš,7sbwkqxbprov16hqxu943v4sq,11b4b568ukvz1wv00vzafxf8q,J. Poldrugač,Jurica Poldrugac,29,Midfielder,Croatia,Midfielder,28.0,9.0,34.0,5.0,53.0,8.0,10.0,5.0,4.0,1.0,8.0,11.0,24.0,2.0,0.0,309.0,2.0,6.0,10.0,4.0,2.0,2.0,2.0,3.0,0.0,0.0,75.71,62.5,42.86,50.0,40.0,52.17,57.14,100.0,0.4575213096352177,1.321941756967767,1.0,7.0,0.1791216,2.0,3.0,6.0,0.3852367199999999,14.0,8.155339805825243,2.621359223300971,9.902912621359224,1.4563106796116505,15.436893203883496,2.330097087378641,2.912621359223301,1.4563106796116505,1.1650485436893203,0.2912621359223301,2.330097087378641,3.2038834951456314,6.990291262135923,0.5825242718446603,0.0,0.5825242718446603,1.7475728155339807,2.912621359223301,1.1650485436893203,0.5825242718446603,0.5825242718446603,0.5825242718446603,0.8737864077669903,0.0,0.0,75.71,62.5,42.86,50.0,40.0,52.17,57.14,100.0,0.1332586338743352,0.3850315796993496,0.2912621359223301,2.0388349514563107,0.0521713398058252,0.5825242718446603,0.8737864077669903,1.7475728155339807,0.1122048699029126,4.077669902912621,CM/AM,83,100,50,78,50,97,94,72,78,33,75,94,94,78,39,69,58,94,75,97,86,75,89,53,53,22,50,75,81,67,78,94,89,67,100,36,72,78,47,39,44,67,25,44,94,17,67,11,94,72,39,61,22,44,78,78,61,39,50,33,89,78,83,56,50,61,53,53,22,50,75,81,67,78,94,89,56,100,22,56,56,33,22,22,44,17,Prva HNL
Rudeš,7sbwkqxbprov16hqxu943v4sq,3dr5q6tyt6f6ha4abcwwa9izu,T. Kolega,Toni Kolega,27,Attacker,Croatia,Striker,50.0,1.0,27.0,1.0,76.0,0.0,1.0,2.0,0.0,2.0,6.0,6.0,13.0,12.0,0.0,277.0,0.0,0.0,5.0,6.0,0.0,2.0,4.0,2.0,0.0,0.0,74.51,7.14,33.33,100.0,0.0,54.17,0.0,100.0,0.1140020078386535,0.1009788905613029,2.0,6.0,0.13119126,1.0,4.0,5.0,0.19641532,35.0,16.24548736462094,0.3249097472924188,8.772563176895307,0.3249097472924188,24.693140794223822,0.0,0.3249097472924188,0.6498194945848376,0.0,0.6498194945848376,1.9494584837545128,1.9494584837545128,4.223826714801444,3.898916967509025,0.0,0.0,0.0,1.624548736462094,1.9494584837545128,0.0,0.6498194945848376,1.2996389891696751,0.6498194945848376,0.0,0.0,74.51,7.14,33.33,100.0,0.0,54.17,0.0,100.0,0.0370403635576852,0.0328090258141417,0.6498194945848376,1.9494584837545128,0.042625319133574,0.3249097472924188,1.2996389891696751,1.624548736462094,0.0638172519855595,11.371841155234655,ST,96,70,66,46,86,11,27,27,7,62,64,59,48,100,21,11,4,61,82,36,73,98,59,52,50,54,32,80,95,11,68,16,86,21,29,61,84,68,43,71,73,54,82,96,68,29,50,93,11,21,11,7,61,50,46,29,100,21,11,4,57,82,36,64,93,54,52,50,54,32,80,95,11,68,16,86,14,32,54,79,64,32,57,71,50,89,Prva HNL
Rudeš,7sbwkqxbprov16hqxu943v4sq,3fj8m31zowv39ou69ojqq2dw5,S. Vukić,Stefan Vukic,31,Attacker,Serbia,Striker,12.0,0.0,8.0,3.0,20.0,5.0,0.0,2.0,1.0,1.0,2.0,2.0,8.0,1.0,1.0,125.0,1.0,2.0,2.0,0.0,0.0,1.0,0.0,0.0,0.0,0.0,68.97,100.0,0.0,0.0,50.0,40.0,50.0,0.0,0.1485324357596381,0.0,1.0,0.0,0.0,0.0,0.0,0.0,0.00579502,6.0,8.64,0.0,5.76,2.16,14.4,3.6,0.0,1.44,0.72,0.72,1.44,1.44,5.76,0.72,0.72,0.72,1.44,1.44,0.0,0.0,0.72,0.0,0.0,0.0,0.0,68.97,100.0,0.0,0.0,50.0,40.0,50.0,0.0,0.1069433537469394,0.0,0.72,0.0,0.0,0.0,0.0,0.0,0.0041724144,4.32,ST,41,32,7,73,11,73,11,27,20,45,29,27,32,29,54,27,11,27,11,36,50,18,12,52,50,32,93,32,11,77,30,71,12,25,12,34,9,9,16,12,7,7,14,71,32,11,93,36,93,11,36,21,64,43,39,68,36,82,39,14,43,11,36,71,18,12,52,50,32,93,32,11,77,30,71,12,29,12,64,9,9,16,12,7,7,32,Prva HNL
Rudeš,7sbwkqxbprov16hqxu943v4sq,3wduz03d1ludjk11ntroymr4l,Felipe Curcio,Felipe Castaldo Curcio,33,Defender,Brazil,Defender,35.0,1.0,25.0,6.0,59.0,3.0,0.0,0.0,0.0,0.0,2.0,3.0,10.0,5.0,0.0,222.0,0.0,0.0,2.0,1.0,0.0,0.0,0.0,2.0,0.0,0.0,79.73,54.55,14.29,50.0,0.0,66.67,60.0,50.0,0.0,0.0,0.0,0.0,0.0,0.0,0.0,0.0,0.0,0.0,14.189189189189188,0.4054054054054054,10.135135135135137,2.4324324324324325,23.91891891891892,1.2162162162162162,0.0,0.0,0.0,0.0,0.8108108108108107,1.2162162162162162,4.0540540540540535,2.0270270270270268,0.0,0.0,0.0,0.8108108108108107,0.4054054054054054,0.0,0.0,0.0,0.8108108108108107,0.0,0.0,79.73,54.55,14.29,50.0,0.0,66.67,60.0,50.0,0.0,0.0,0.0,0.0,0.0,0.0,0.0,0.0,0.0,0.0,LB/LCB,44,47,38,59,44,75,12,19,28,28,38,53,66,56,47,34,16,59,47,31,28,12,53,50,53,38,81,44,66,34,97,66,28,19,16,25,16,16,22,12,12,12,12,38,44,19,69,12,75,12,19,28,28,38,50,50,44,47,34,16,56,50,31,28,12,56,50,53,38,81,44,66,34,97,66,28,19,16,25,16,16,22,12,12,12,12,Prva HNL
Rudeš,7sbwkqxbprov16hqxu943v4sq,4u5r1xxpted2mw8dyu1ryesk4,N. Skoko,Noa Skoko,20,Midfielder,Croatia,Midfielder,38.0,1.0,30.0,4.0,67.0,0.0,1.0,3.0,2.0,1.0,4.0,4.0,18.0,6.0,1.0,216.0,2.0,2.0,6.0,1.0,0.0,1.0,2.0,10.0,1.0,0.0,76.14,30.77,100.0,25.0,66.67,50.0,0.0,90.91,0.2882478158493177,0.1372752525584086,0.0,7.0,0.14965928,5.0,4.0,9.0,0.28119357,38.0,15.833333333333334,0.4166666666666667,12.5,1.6666666666666667,27.916666666666668,0.0,0.4166666666666667,1.25,0.8333333333333334,0.4166666666666667,1.6666666666666667,1.6666666666666667,7.5,2.5,0.4166666666666667,0.8333333333333334,0.8333333333333334,2.5,0.4166666666666667,0.0,0.4166666666666667,0.8333333333333334,4.166666666666667,0.4166666666666667,0.0,76.14,30.77,100.0,25.0,66.67,50.0,0.0,90.91,0.1201032566038823,0.0571980218993369,0.0,2.916666666666667,0.0623580333333333,2.083333333333333,1.6666666666666667,3.75,0.1171639875,15.833333333333334,DM/CM,32,73,25,43,27,11,30,75,84,52,77,77,84,80,93,91,57,89,45,41,64,43,100,98,52,14,9,93,23,95,57,16,82,82,45,25,82,86,95,25,57,64,41,32,77,27,41,36,11,23,80,91,59,86,86,100,95,100,100,55,91,50,41,73,45,100,100,52,14,9,93,23,95,57,16,82,91,50,25,91,86,95,23,64,73,41,Prva HNL
Rudeš,7sbwkqxbprov16hqxu943v4sq,5oxdadepbvh2ig9tk01bm8ct1,D. Živulić,Diego Zivulic,34,Defender,Croatia,Defender,23.0,0.0,12.0,5.0,35.0,3.0,0.0,0.0,0.0,0.0,0.0,0.0,4.0,3.0,0.0,140.0,0.0,1.0,1.0,0.0,0.0,0.0,1.0,0.0,0.0,0.0,74.47,45.45,0.0,0.0,0.0,44.44,50.0,0.0,0.0,0.0,0.0,0.0,0.0,0.0,0.0,0.0,0.0,0.0,14.785714285714285,0.0,7.714285714285714,3.2142857142857144,22.5,1.9285714285714288,0.0,0.0,0.0,0.0,0.0,0.0,2.571428571428571,1.9285714285714288,0.0,0.0,0.6428571428571428,0.6428571428571428,0.0,0.0,0.0,0.6428571428571428,0.0,0.0,0.0,74.47,45.45,0.0,0.0,0.0,44.44,50.0,0.0,0.0,0.0,0.0,0.0,0.0,0.0,0.0,0.0,0.0,0.0,CB,9,41,14,30,9,36,32,20,23,36,30,30,5,16,43,36,41,34,34,48,34,27,7,50,52,5,41,41,34,36,9,39,7,23,34,36,23,23,34,20,20,20,20,9,41,18,64,5,68,32,20,23,36,30,30,5,18,43,36,45,50,34,48,34,32,7,50,52,5,41,41,34,36,9,39,7,23,34,36,23,23,34,20,20,20,20,Prva HNL
Rudeš,7sbwkqxbprov16hqxu943v4sq,70rcsu6x71p5a3tvaajaveaz8,L. Ilečić,Lenny Ilecic,22,Attacker,Croatia,Striker,5.0,0.0,13.0,0.0,18.0,1.0,3.0,5.0,4.0,1.0,13.0,15.0,14.0,3.0,1.0,194.0,2.0,9.0,5.0,7.0,2.0,1.0,1.0,1.0,0.0,0.0,56.25,0.0,0.0,53.85,40.0,46.67,16.67,100.0,0.3682345613550479,0.282835617004968,2.0,2.0,0.08854835,0.0,1.0,1.0,0.2980299699999999,6.0,2.31958762886598,0.0,6.030927835051546,0.0,8.350515463917526,0.4639175257731959,1.3917525773195878,2.31958762886598,1.855670103092784,0.4639175257731959,6.030927835051546,6.958762886597938,6.494845360824742,1.3917525773195878,0.4639175257731959,0.9278350515463918,4.175257731958763,2.31958762886598,3.247422680412371,0.9278350515463918,0.4639175257731959,0.4639175257731959,0.4639175257731959,0.0,0.0,56.25,0.0,0.0,53.85,40.0,46.67,16.67,100.0,0.1708304666080119,0.13121239964148,0.9278350515463918,0.9278350515463918,0.0410791314432989,0.0,0.4639175257731959,0.4639175257731959,0.1382613262886597,2.783505154639176,RW,25,25,25,50,25,62,38,62,88,50,100,100,100,88,88,62,62,100,100,100,62,62,100,62,62,25,50,25,75,50,100,75,100,75,25,50,38,50,50,25,25,25,25,25,25,25,50,25,50,25,50,75,50,100,100,100,100,100,75,75,100,100,100,50,50,100,62,62,25,50,25,75,50,100,75,100,50,25,50,25,25,50,25,25,25,25,Prva HNL
Rudeš,7sbwkqxbprov16hqxu943v4sq,a8ck6te9oqjh1qy9b1air5vmy,J. Blagaić,Jakov Blagaic,26,Midfielder,Croatia,Midfielder,15.0,1.0,37.0,4.0,51.0,0.0,1.0,3.0,1.0,2.0,3.0,3.0,6.0,2.0,0.0,254.0,1.0,3.0,3.0,1.0,0.0,1.0,2.0,2.0,0.0,0.0,80.95,66.67,100.0,33.33,33.33,33.33,0.0,100.0,0.2189495286661529,0.0534148662379472,2.0,5.0,0.1174480099999999,1.0,7.0,9.0,0.1261590199999999,26.0,5.314960629921259,0.3543307086614173,13.11023622047244,1.4173228346456692,18.07086614173228,0.0,0.3543307086614173,1.062992125984252,0.3543307086614173,0.7086614173228346,1.062992125984252,1.062992125984252,2.125984251968504,0.7086614173228346,0.0,0.3543307086614173,1.062992125984252,1.062992125984252,0.3543307086614173,0.0,0.3543307086614173,0.7086614173228346,0.7086614173228346,0.0,0.0,80.95,66.67,100.0,33.33,33.33,33.33,0.0,100.0,0.0775805416533612,0.0189265274071466,0.7086614173228346,1.7716535433070866,0.0416154366141731,0.3543307086614173,2.4803149606299213,3.188976377952756,0.0447020149606298,9.21259842519685,CM/AM,39,42,61,72,44,17,17,44,31,64,33,31,39,78,39,39,28,47,44,33,44,75,61,53,53,50,58,92,58,53,39,31,89,50,22,67,64,61,31,78,69,28,61,28,33,39,61,22,17,17,33,17,50,17,17,22,67,39,33,22,22,33,33,28,72,50,53,53,50,58,92,58,53,39,31,89,22,22,56,44,44,22,67,67,17,44,Prva HNL
Rudeš,7sbwkqxbprov16hqxu943v4sq,aghdfpi6i7ar7rp9lx2bt2ooa,Xavi Fernandes,Xavier Cabrita Fernandes,28,Midfielder,Portugal,Midfielder,52.0,3.0,44.0,2.0,93.0,1.0,2.0,3.0,2.0,1.0,4.0,4.0,5.0,3.0,1.0,235.0,2.0,4.0,0.0,3.0,0.0,0.0,1.0,1.0,0.0,0.0,85.32,40.0,75.0,75.0,66.67,33.33,0.0,100.0,0.2685792689254024,0.1717173917556101,2.0,5.0,0.12053668,1.0,5.0,2.0,0.39244513,23.0,19.91489361702128,1.1489361702127658,16.851063829787233,0.7659574468085106,35.61702127659574,0.3829787234042553,0.7659574468085106,1.1489361702127658,0.7659574468085106,0.3829787234042553,1.5319148936170213,1.5319148936170213,1.9148936170212765,1.1489361702127658,0.3829787234042553,0.7659574468085106,1.5319148936170213,0.0,1.1489361702127658,0.0,0.0,0.3829787234042553,0.3829787234042553,0.0,0.0,85.32,40.0,75.0,75.0,66.67,33.33,0.0,100.0,0.1028601455458987,0.0657641074808719,0.7659574468085106,1.9148936170212765,0.0461629838297872,0.3829787234042553,1.9148936170212765,0.7659574468085106,0.150298134893617,8.808510638297872,DM/CM,64,98,41,20,50,34,57,75,84,52,77,77,11,50,93,91,91,7,86,41,20,30,32,48,52,45,36,82,80,95,9,16,93,73,64,77,61,64,41,39,18,82,27,55,100,45,18,45,32,50,73,82,45,73,73,9,55,91,91,86,7,86,41,20,27,36,48,52,45,36,82,80,95,9,16,93,77,64,73,59,68,36,32,14,91,18,Prva HNL
Rudeš,7sbwkqxbprov16hqxu943v4sq,aluptyfumtsdrvvegwang8t0p,I. Đorić,Ivan Đorić,31,Midfielder,Serbia,Midfielder,61.0,0.0,47.0,9.0,108.0,4.0,2.0,2.0,2.0,0.0,2.0,2.0,8.0,4.0,1.0,225.0,1.0,4.0,3.0,1.0,0.0,1.0,2.0,0.0,0.0,0.0,87.1,75.0,0.0,50.0,50.0,42.11,50.0,0.0,0.2697834937266639,0.133175972869969,0.0,2.0,0.0478667,2.0,8.0,6.0,0.14233494,48.0,24.4,0.0,18.8,3.6,43.2,1.6,0.8,0.8,0.8,0.0,0.8,0.8,3.2,1.6,0.4,0.4,1.6,1.2,0.4,0.0,0.4,0.8,0.0,0.0,0.0,87.1,75.0,0.0,50.0,50.0,42.11,50.0,0.0,0.1079133974906655,0.0532703891479875,0.0,0.8,0.01914668,0.8,3.2,2.4,0.056933976,19.2,DM/CM,75,32,50,89,68,89,57,50,84,16,41,34,32,66,93,70,91,52,45,41,64,43,11,48,52,59,82,32,55,82,41,68,11,77,41,25,25,23,61,50,36,36,52,86,32,55,95,59,91,59,45,86,16,41,32,36,73,95,68,95,55,41,41,64,41,11,48,52,59,82,32,55,82,41,68,11,86,45,25,18,23,64,55,41,32,50,Prva HNL
Rudeš,7sbwkqxbprov16hqxu943v4sq,bckthrt6h95q711ue4reddyqc,V. Seitz,Vid Seitz,16,Midfielder,Croatia,Midfielder,10.0,0.0,14.0,3.0,24.0,0.0,0.0,1.0,0.0,1.0,2.0,2.0,5.0,3.0,0.0,130.0,0.0,0.0,2.0,0.0,0.0,1.0,0.0,0.0,0.0,0.0,82.76,60.0,0.0,0.0,0.0,29.41,0.0,0.0,0.0522427903838485,0.0,1.0,1.0,0.01870347,1.0,1.0,3.0,0.07667606,7.0,6.923076923076923,0.0,9.692307692307692,2.076923076923077,16.615384615384617,0.0,0.0,0.6923076923076923,0.0,0.6923076923076923,1.3846153846153846,1.3846153846153846,3.4615384615384617,2.076923076923077,0.0,0.0,0.0,1.3846153846153846,0.0,0.0,0.6923076923076923,0.0,0.0,0.0,0.0,82.76,60.0,0.0,0.0,0.0,29.41,0.0,0.0,0.0361680856503566,0.0,0.6923076923076923,0.6923076923076923,0.0129485561538461,0.6923076923076923,0.6923076923076923,2.076923076923077,0.0530834261538461,4.846153846153846,CM/AM,11,17,6,67,6,17,8,8,8,33,22,19,25,94,39,14,6,25,17,33,44,19,14,53,53,61,39,17,17,14,28,31,14,11,11,36,11,11,31,14,22,17,11,39,17,11,89,17,17,8,11,8,44,22,22,39,100,39,14,6,39,17,33,72,19,14,53,53,61,39,17,17,14,28,31,14,11,11,50,11,11,44,17,28,28,22,Prva HNL
Rudeš,7sbwkqxbprov16hqxu943v4sq,cer5yvo93jhrlm1uxt2mm51hx,M. Stolnik,Marko Stolnik,30,Defender,Croatia,Defender,102.0,0.0,38.0,13.0,140.0,4.0,0.0,0.0,0.0,0.0,2.0,2.0,14.0,19.0,0.0,353.0,0.0,1.0,4.0,1.0,0.0,0.0,6.0,5.0,0.0,0.0,86.42,48.15,0.0,50.0,0.0,60.87,80.0,83.33,0.0,0.0,0.0,0.0,0.0,0.0,0.0,0.0,0.0,0.0,26.005665722379604,0.0,9.688385269121811,3.314447592067989,35.69405099150142,1.019830028328612,0.0,0.0,0.0,0.0,0.509915014164306,0.509915014164306,3.5694050991501416,4.8441926345609065,0.0,0.0,0.254957507082153,1.019830028328612,0.254957507082153,0.0,0.0,1.529745042492918,1.274787535410765,0.0,0.0,86.42,48.15,0.0,50.0,0.0,60.87,80.0,83.33,0.0,0.0,0.0,0.0,0.0,0.0,0.0,0.0,0.0,0.0,CB,59,41,64,80,59,50,32,20,23,36,77,77,61,73,43,36,41,91,75,48,34,86,82,50,52,50,55,41,73,36,64,95,80,23,34,36,23,23,34,20,20,20,20,45,41,45,68,41,32,32,20,23,36,77,77,36,50,43,36,32,77,73,48,34,82,68,50,52,50,55,41,73,36,64,95,80,23,34,36,23,23,34,20,20,20,20,Prva HNL
Rudeš,7sbwkqxbprov16hqxu943v4sq,ctnoadhr24tqxa8ciqyq5y784,A. Sušak,Ante Susak,20,Defender,Croatia,Defender,15.0,0.0,18.0,0.0,33.0,2.0,0.0,3.0,3.0,0.0,1.0,1.0,10.0,3.0,0.0,174.0,0.0,7.0,1.0,1.0,0.0,3.0,3.0,4.0,0.0,0.0,73.33,0.0,0.0,100.0,0.0,55.56,40.0,66.67,0.3361173650451208,0.0,0.0,1.0,0.03485072,0.0,3.0,3.0,0.06902264,15.0,7.758620689655173,0.0,9.310344827586206,0.0,17.06896551724138,1.0344827586206895,0.0,1.5517241379310345,1.5517241379310345,0.0,0.5172413793103449,0.5172413793103449,5.172413793103448,1.5517241379310345,0.0,0.0,3.6206896551724137,0.5172413793103449,0.5172413793103449,0.0,1.5517241379310345,1.5517241379310345,2.0689655172413794,0.0,0.0,73.33,0.0,0.0,100.0,0.0,55.56,40.0,66.67,0.1738538095060969,0.0,0.0,0.5172413793103449,0.0180262344827586,0.0,1.5517241379310345,1.5517241379310345,0.0357013655172413,7.758620689655173,LB/LCB,6,19,12,12,12,56,12,72,91,28,19,19,66,25,47,34,81,34,47,31,94,69,75,50,53,12,12,19,97,34,50,44,53,94,16,25,38,50,22,47,25,25,25,6,19,6,12,6,62,12,81,88,28,19,19,88,31,47,34,81,31,56,31,94,81,100,50,53,12,12,19,97,34,50,44,53,88,16,25,31,50,22,44,25,25,31,Prva HNL
Rudeš,7sbwkqxbprov16hqxu943v4sq,d0rojfg8joi2fvhvribfqsoru,B. Unušić,Bruno Unusic,24,Defender,Croatia,Defender,40.0,2.0,41.0,5.0,79.0,2.0,4.0,0.0,0.0,0.0,6.0,7.0,21.0,1.0,0.0,270.0,0.0,4.0,4.0,4.0,0.0,0.0,5.0,5.0,0.0,0.0,77.45,33.33,25.0,66.67,0.0,58.33,66.67,45.45,0.0,0.3167188834471197,0.0,6.0,0.1419569,3.0,9.0,9.0,0.2755851499999999,30.0,13.333333333333334,0.6666666666666666,13.666666666666666,1.6666666666666667,26.33333333333333,0.6666666666666666,1.3333333333333333,0.0,0.0,0.0,2.0,2.333333333333333,7.0,0.3333333333333333,0.0,0.0,1.3333333333333333,1.3333333333333333,1.3333333333333333,0.0,0.0,1.6666666666666667,1.6666666666666667,0.0,0.0,77.45,33.33,25.0,66.67,0.0,58.33,66.67,45.45,0.0,0.1055729611490399,0.0,2.0,0.0473189666666666,1.0,3.0,3.0,0.0918617166666666,10.0,RB/RCB,40,67,43,57,37,33,90,23,23,40,90,93,97,10,53,43,63,100,100,53,40,87,77,50,53,30,47,60,87,43,80,87,13,23,87,43,70,67,70,60,47,53,40,33,67,40,53,40,27,87,23,23,40,73,73,93,7,53,43,53,93,93,53,40,77,67,50,53,30,47,60,87,43,80,87,13,23,80,43,60,60,73,53,60,60,27,Prva HNL
Rudeš,7sbwkqxbprov16hqxu943v4sq,dcfwogj1j8j478uy9jvfgzv85,V. Celjak,Vedran Celjak,35,Defender,Croatia,Defender,108.0,0.0,75.0,19.0,183.0,13.0,5.0,2.0,2.0,0.0,3.0,3.0,24.0,24.0,0.0,310.0,1.0,4.0,2.0,3.0,1.0,0.0,3.0,4.0,0.0,0.0,94.33,79.17,0.0,100.0,50.0,68.57,72.22,66.67,0.305270369544068,0.4143161667147642,0.0,3.0,0.06333723,1.0,14.0,15.0,0.5035012699999999,112.0,31.354838709677416,0.0,21.774193548387096,5.516129032258064,53.12903225806451,3.774193548387097,1.4516129032258065,0.5806451612903225,0.5806451612903225,0.0,0.8709677419354839,0.8709677419354839,6.967741935483871,6.967741935483871,0.0,0.2903225806451612,1.161290322580645,0.5806451612903225,0.8709677419354839,0.2903225806451612,0.0,0.8709677419354839,1.161290322580645,0.0,0.0,94.33,79.17,0.0,100.0,50.0,68.57,72.22,66.67,0.0886268814805358,0.1202853387236412,0.0,0.8709677419354839,0.0183882280645161,0.2903225806451612,4.064516129032258,4.354838709677419,0.1461777880645161,32.516129032258064,CB,68,41,82,95,73,95,98,66,75,36,86,86,95,93,43,82,80,55,95,98,34,52,66,50,52,100,100,41,95,91,82,82,55,77,100,36,61,64,75,77,82,86,73,59,41,73,95,73,95,86,55,59,36,86,86,95,86,43,77,73,45,91,95,34,50,59,50,52,100,100,41,95,91,82,82,55,68,95,36,55,55,82,82,77,86,73,Prva HNL
Slaven Koprivnica,ahpwadw516qqa39whahl0o939,1wlddp2l9xr7xmc42vzck0ine,A. Jónsson,Arnór Jónsson,24,Midfielder,Iceland,Midfielder,14.0,0.0,11.0,1.0,25.0,1.0,0.0,1.0,0.0,1.0,0.0,0.0,1.0,6.0,0.0,92.0,0.0,0.0,0.0,0.0,0.0,1.0,2.0,0.0,0.0,0.0,73.53,16.67,0.0,0.0,0.0,33.33,50.0,0.0,0.062278739986846,0.0,1.0,0.0,0.0,0.0,0.0,0.0,0.01228143,6.0,13.695652173913045,0.0,10.760869565217392,0.9782608695652176,24.45652173913044,0.9782608695652176,0.0,0.9782608695652176,0.0,0.9782608695652176,0.0,0.0,0.9782608695652176,5.869565217391305,0.0,0.0,0.0,0.0,0.0,0.0,0.9782608695652176,1.956521739130435,0.0,0.0,0.0,73.53,16.67,0.0,0.0,0.0,33.33,50.0,0.0,0.060924854334958,0.0,0.9782608695652176,0.0,0.0,0.0,0.0,0.0,0.0120144423913043,5.869565217391305,RM/RCM,40,30,20,20,20,50,20,70,50,70,20,20,20,80,60,50,20,20,20,60,80,90,20,60,60,40,20,30,20,50,40,70,20,80,20,80,20,20,20,20,20,20,20,80,30,40,40,80,80,20,80,50,100,20,20,20,100,60,50,20,20,20,60,100,100,20,60,60,40,20,30,20,50,40,70,20,80,20,100,20,20,20,20,20,20,20,Prva HNL
Slaven Koprivnica,ahpwadw516qqa39whahl0o939,20pu2izstxserm6hjsfh6foyc,F. Mažar,Filip Mazar,21,Midfielder,Croatia,Midfielder,11.0,0.0,7.0,2.0,18.0,1.0,0.0,0.0,0.0,0.0,5.0,5.0,7.0,1.0,0.0,90.0,0.0,1.0,0.0,4.0,0.0,0.0,0.0,2.0,0.0,0.0,81.82,100.0,0.0,80.0,0.0,50.0,0.0,100.0,0.0,0.0,0.0,0.0,0.0,0.0,0.0,0.0,0.0,0.0,11.0,0.0,7.0,2.0,18.0,1.0,0.0,0.0,0.0,0.0,5.0,5.0,7.0,1.0,0.0,0.0,1.0,0.0,4.0,0.0,0.0,0.0,2.0,0.0,0.0,81.82,100.0,0.0,80.0,0.0,50.0,0.0,100.0,0.0,0.0,0.0,0.0,0.0,0.0,0.0,0.0,0.0,0.0,ST,32,32,4,66,7,27,11,4,7,18,55,48,23,29,21,11,7,7,68,36,16,18,59,52,50,79,93,32,86,11,57,16,86,4,12,11,9,9,16,12,7,4,4,86,32,18,88,57,54,11,4,7,18,96,96,82,68,21,11,11,7,96,36,16,18,89,52,50,79,93,32,86,11,57,16,86,4,12,11,9,9,16,12,7,4,4,Prva HNL
Slaven Koprivnica,ahpwadw516qqa39whahl0o939,3dh1bdliw0h0648wae8764xsk,A. Adeshina,Adetunji Adeshina,21,Midfielder,Nigeria,Midfielder,16.0,0.0,19.0,1.0,35.0,3.0,4.0,2.0,1.0,1.0,0.0,0.0,6.0,2.0,0.0,172.0,1.0,2.0,0.0,0.0,0.0,0.0,0.0,2.0,0.0,0.0,70.0,100.0,0.0,0.0,50.0,27.27,30.0,66.67,0.2084267469756077,0.3112494457904875,1.0,3.0,0.05713581,1.0,3.0,4.0,0.0720860599999999,15.0,8.372093023255813,0.0,9.941860465116278,0.5232558139534883,18.313953488372093,1.569767441860465,2.093023255813953,1.0465116279069766,0.5232558139534883,0.5232558139534883,0.0,0.0,3.13953488372093,1.0465116279069766,0.0,0.5232558139534883,1.0465116279069766,0.0,0.0,0.0,0.0,0.0,1.0465116279069766,0.0,0.0,70.0,100.0,0.0,0.0,50.0,27.27,30.0,66.67,0.1090605071383993,0.1628630820996737,0.5232558139534883,1.569767441860465,0.0298966447674418,0.5232558139534883,1.569767441860465,2.093023255813953,0.0377194499999999,7.848837209302325,CM/AM,50,17,11,31,14,81,47,22,31,33,8,8,39,78,39,39,17,6,17,33,6,19,61,53,53,6,92,17,17,78,22,72,61,33,56,36,25,17,31,39,36,11,36,50,17,22,33,28,83,44,28,28,33,8,8,28,89,39,44,17,6,17,33,6,19,89,53,53,6,92,17,17,78,22,72,61,44,50,39,33,22,28,33,33,11,33,Prva HNL
Slaven Koprivnica,ahpwadw516qqa39whahl0o939,3pkrnbioh7j5grczkf6s6xca2,K. Išasegi,Karlo Isasegi,26,Defender,Croatia,Defender,17.0,1.0,10.0,2.0,26.0,2.0,1.0,1.0,1.0,0.0,1.0,1.0,5.0,4.0,0.0,95.0,1.0,1.0,0.0,0.0,1.0,0.0,3.0,1.0,0.0,0.0,66.67,28.57,50.0,0.0,100.0,45.45,66.67,33.33,0.0600584686648809,0.0700415238083362,0.0,0.0,0.0,0.0,3.0,4.0,0.10797874,17.0,16.105263157894736,0.9473684210526316,9.473684210526317,1.894736842105263,24.63157894736842,1.894736842105263,0.9473684210526316,0.9473684210526316,0.9473684210526316,0.0,0.9473684210526316,0.9473684210526316,4.7368421052631575,3.789473684210526,0.0,0.9473684210526316,0.9473684210526316,0.0,0.0,0.9473684210526316,0.0,2.8421052631578947,0.9473684210526316,0.0,0.0,66.67,28.57,50.0,0.0,100.0,45.45,66.67,33.33,0.0568974966298871,0.0663551278184237,0.0,0.0,0.0,0.0,2.8421052631578947,3.789473684210526,0.1022956484210526,16.105263157894736,LB/LCB,12,47,6,38,6,56,28,41,62,28,19,19,22,38,47,81,34,9,12,75,28,69,25,50,53,6,38,100,12,100,38,78,12,44,31,25,16,16,22,47,31,31,31,50,62,12,50,19,94,44,50,75,28,44,38,75,94,47,94,44,9,12,100,28,100,62,50,53,6,38,100,12,100,38,78,12,50,38,25,16,16,22,75,62,44,62,Prva HNL
Slaven Koprivnica,ahpwadw516qqa39whahl0o939,7pandn5e88zsonpb5ux0paor9,I. Urata,Itsuki Urata,29,Defender,Japan,Defender,28.0,0.0,22.0,1.0,50.0,0.0,1.0,0.0,0.0,0.0,3.0,3.0,4.0,2.0,0.0,164.0,0.0,2.0,2.0,1.0,0.0,0.0,0.0,1.0,0.0,0.0,76.92,33.33,0.0,33.33,0.0,36.36,0.0,100.0,0.0,0.0,0.0,0.0,0.0,0.0,0.0,0.0,0.0,0.0,15.365853658536585,0.0,12.073170731707318,0.5487804878048781,27.439024390243905,0.0,0.5487804878048781,0.0,0.0,0.0,1.6463414634146345,1.6463414634146345,2.1951219512195124,1.0975609756097562,0.0,0.0,1.0975609756097562,1.0975609756097562,0.5487804878048781,0.0,0.0,0.0,0.5487804878048781,0.0,0.0,76.92,33.33,0.0,33.33,0.0,36.36,0.0,100.0,0.0,0.0,0.0,0.0,0.0,0.0,0.0,0.0,0.0,0.0,LB/LCB,31,19,19,25,25,12,28,19,28,28,56,53,9,16,47,34,47,59,47,31,28,12,25,50,53,31,50,19,50,34,19,12,91,19,16,25,16,16,22,12,12,12,12,44,19,25,25,25,12,31,19,28,28,88,88,12,25,47,34,50,75,62,31,28,12,31,50,53,31,50,19,50,34,19,12,91,19,16,25,16,16,22,12,12,12,12,Prva HNL
Slaven Koprivnica,ahpwadw516qqa39whahl0o939,8io5efukjl6wx7315h3fuyx3o,L. Banovec,Lovro Banovec,24,Attacker,Croatia,Striker,16.0,1.0,45.0,1.0,60.0,5.0,0.0,6.0,6.0,0.0,9.0,10.0,18.0,9.0,0.0,303.0,2.0,8.0,4.0,4.0,0.0,1.0,0.0,4.0,0.0,0.0,77.92,25.0,20.0,44.44,33.33,42.86,35.71,80.0,0.6233283692433518,0.0,1.0,3.0,0.07809122,3.0,8.0,3.0,0.16346455,21.0,4.752475247524752,0.297029702970297,13.366336633663366,0.297029702970297,17.821782178217823,1.4851485148514851,0.0,1.7821782178217822,1.7821782178217822,0.0,2.6732673267326734,2.9702970297029703,5.346534653465347,2.6732673267326734,0.0,0.594059405940594,2.376237623762376,1.188118811881188,1.188118811881188,0.0,0.297029702970297,0.0,1.188118811881188,0.0,0.0,77.92,25.0,20.0,44.44,33.33,42.86,35.71,80.0,0.1851470403693124,0.0,0.297029702970297,0.8910891089108911,0.0231954118811881,0.8910891089108911,2.376237623762376,0.8910891089108911,0.0485538267326732,6.237623762376238,ST,59,70,84,46,71,73,11,46,62,18,79,79,66,96,21,39,41,45,68,36,50,18,89,52,50,71,36,71,41,43,38,57,64,54,12,34,46,39,73,93,43,46,68,43,64,75,43,54,64,11,46,50,18,68,68,57,96,21,25,32,32,57,36,43,18,86,52,50,71,36,71,41,43,38,57,64,46,12,21,36,29,71,93,32,36,50,Prva HNL
Slaven Koprivnica,ahpwadw516qqa39whahl0o939,9a1f1avsg4f7pa0sm6pkdm95h,D. Kovačić,Dominik Kovacic,32,Defender,Croatia,Defender,93.0,0.0,35.0,12.0,128.0,2.0,0.0,0.0,0.0,0.0,0.0,0.0,14.0,20.0,0.0,337.0,0.0,0.0,2.0,0.0,0.0,0.0,5.0,7.0,0.0,0.0,83.12,46.15,0.0,0.0,0.0,51.85,28.57,70.0,0.0,0.0,0.0,0.0,0.0,0.0,0.0,0.0,0.0,0.0,24.83679525222552,0.0,9.347181008902076,3.204747774480712,34.1839762611276,0.5341246290801187,0.0,0.0,0.0,0.0,0.0,0.0,3.738872403560831,5.341246290801187,0.0,0.0,0.0,0.5341246290801187,0.0,0.0,0.0,1.3353115727002969,1.869436201780416,0.0,0.0,83.12,46.15,0.0,0.0,0.0,51.85,28.57,70.0,0.0,0.0,0.0,0.0,0.0,0.0,0.0,0.0,0.0,0.0,CB,55,41,57,70,55,23,32,20,23,36,30,30,61,80,43,36,14,55,34,48,34,70,98,50,52,18,48,41,34,36,23,9,59,23,34,36,23,23,34,20,20,20,20,36,41,41,59,36,14,32,20,23,36,30,30,45,68,43,36,14,36,34,48,34,68,91,50,52,18,48,41,34,36,23,9,59,23,34,36,23,23,34,20,20,20,20,Prva HNL
Slaven Koprivnica,ahpwadw516qqa39whahl0o939,ai5cnyn9zjkdlzma3goj7m7yt,L. Crepulja,Ljuban Crepulja,32,Midfielder,Croatia,Midfielder,81.0,3.0,97.0,7.0,175.0,2.0,2.0,3.0,0.0,3.0,2.0,2.0,11.0,8.0,0.0,327.0,1.0,0.0,3.0,1.0,0.0,0.0,0.0,2.0,0.0,0.0,87.5,58.33,21.43,50.0,33.33,55.0,33.33,40.0,0.1574482963948041,0.2384419739660478,3.0,6.0,0.12626946,2.0,22.0,12.0,0.3447561499999999,89.0,22.29357798165137,0.8256880733944955,26.69724770642202,1.926605504587156,48.1651376146789,0.5504587155963303,0.5504587155963303,0.8256880733944955,0.0,0.8256880733944955,0.5504587155963303,0.5504587155963303,3.027522935779817,2.201834862385321,0.0,0.2752293577981651,0.0,0.8256880733944955,0.2752293577981651,0.0,0.0,0.0,0.5504587155963303,0.0,0.0,87.5,58.33,21.43,50.0,33.33,55.0,33.33,40.0,0.043334393503157,0.0656262313668021,0.8256880733944955,1.651376146788991,0.0347530623853211,0.5504587155963303,6.055045871559633,3.302752293577982,0.0948870137614678,24.495412844036696,DM/CM,89,98,91,68,86,59,57,75,27,89,41,34,57,95,43,70,14,52,45,41,20,11,59,48,52,68,55,64,55,68,68,48,55,55,86,89,73,68,61,93,75,77,82,68,95,73,50,73,41,41,50,27,77,27,18,27,86,43,59,14,23,27,41,20,11,50,48,52,68,55,64,55,68,68,48,55,41,59,77,41,36,50,77,59,55,68,Prva HNL
Slaven Koprivnica,ahpwadw516qqa39whahl0o939,bk71gdvfi4hxvktbqzqp6j47o,I. Cvetko,Ivan Cvetko,20,Defender,Croatia,Defender,78.0,1.0,28.0,9.0,105.0,7.0,0.0,0.0,0.0,0.0,1.0,1.0,17.0,12.0,0.0,360.0,0.0,0.0,0.0,0.0,0.0,0.0,6.0,6.0,0.0,0.0,76.09,34.62,100.0,0.0,0.0,51.52,46.67,60.0,0.0,0.0,0.0,0.0,0.0,0.0,0.0,0.0,0.0,0.0,19.5,0.25,7.0,2.25,26.25,1.75,0.0,0.0,0.0,0.0,0.25,0.25,4.25,3.0,0.0,0.0,0.0,0.0,0.0,0.0,0.0,1.5,1.5,0.0,0.0,76.09,34.62,100.0,0.0,0.0,51.52,46.67,60.0,0.0,0.0,0.0,0.0,0.0,0.0,0.0,0.0,0.0,0.0,CB,36,91,36,59,43,77,32,20,23,36,66,66,82,41,43,36,14,14,34,48,34,86,91,50,52,9,14,98,34,36,14,27,45,23,34,36,23,23,34,20,20,20,20,18,82,9,32,9,64,32,20,23,36,59,59,50,23,43,36,14,14,34,48,34,73,77,50,52,9,14,98,34,36,14,27,45,23,34,36,23,23,34,20,20,20,20,Prva HNL
Slaven Koprivnica,ahpwadw516qqa39whahl0o939,cheiwyrrrla3msdtkh82o9iad,M. Dabro,Marko Dabro,29,Attacker,Croatia,Striker,9.0,0.0,19.0,0.0,28.0,1.0,1.0,10.0,6.0,4.0,4.0,5.0,10.0,2.0,0.0,178.0,4.0,12.0,5.0,3.0,1.0,3.0,0.0,1.0,0.0,0.0,77.78,0.0,0.0,75.0,40.0,45.45,25.0,100.0,0.9084812524994564,0.1383741175041024,4.0,3.0,0.0775358999999999,0.0,4.0,1.0,0.03700904,12.0,4.550561797752809,0.0,9.606741573033707,0.0,14.157303370786517,0.5056179775280899,0.5056179775280899,5.056179775280898,3.033707865168539,2.02247191011236,2.02247191011236,2.528089887640449,5.056179775280898,1.0112359550561798,0.0,2.02247191011236,6.067415730337078,2.528089887640449,1.5168539325842696,0.5056179775280899,1.5168539325842696,0.0,0.5056179775280899,0.0,0.0,77.78,0.0,0.0,75.0,40.0,45.45,25.0,100.0,0.4593444535109611,0.0699644414346585,2.02247191011236,1.5168539325842696,0.0392035449438201,0.0,2.02247191011236,0.5056179775280899,0.0187124359550561,6.067415730337078,ST,25,32,27,16,25,27,27,77,62,89,41,48,38,54,21,79,64,61,57,79,82,18,36,52,50,68,16,32,79,50,43,43,86,61,54,84,46,36,16,71,20,21,43,29,32,39,16,32,29,29,89,82,93,54,61,50,71,21,86,82,93,68,89,93,18,36,52,50,68,16,32,79,50,43,43,86,79,54,96,61,61,16,79,18,21,43,Prva HNL
Slaven Koprivnica,ahpwadw516qqa39whahl0o939,dv5vvl5q1ll35ftysze6fozjd,J. Mitrović,Josip Mitrovic,26,Attacker,Croatia,Striker,20.0,2.0,45.0,1.0,63.0,2.0,6.0,5.0,4.0,1.0,11.0,11.0,20.0,2.0,1.0,323.0,4.0,7.0,6.0,7.0,0.0,0.0,4.0,3.0,0.0,0.0,75.0,50.0,10.0,63.64,80.0,47.62,33.33,60.0,0.3903732717173302,0.4492225606327877,3.0,14.0,0.37975472,4.0,3.0,5.0,0.2137154799999999,25.0,5.572755417956656,0.5572755417956656,12.538699690402476,0.2786377708978328,17.554179566563466,0.5572755417956656,1.671826625386997,1.393188854489164,1.1145510835913313,0.2786377708978328,3.065015479876161,3.065015479876161,5.572755417956656,0.5572755417956656,0.2786377708978328,1.1145510835913313,1.9504643962848296,1.671826625386997,1.9504643962848296,0.0,0.0,1.1145510835913313,0.8359133126934984,0.0,0.0,75.0,50.0,10.0,63.64,80.0,47.62,33.33,60.0,0.1087727382494108,0.1251703729317365,0.8359133126934984,3.900928792569659,0.1058140086687306,1.1145510835913313,0.8359133126934984,1.393188854489164,0.0595492049535603,6.96594427244582,ST,75,82,84,46,75,41,84,38,46,45,89,88,77,54,54,79,32,80,93,36,16,98,77,52,50,59,55,64,71,96,48,54,39,39,82,75,96,96,84,57,73,57,71,57,71,64,36,50,39,75,32,36,36,71,71,61,25,43,68,21,61,86,36,16,89,61,52,50,59,55,64,71,96,48,54,39,32,71,68,93,93,79,43,50,43,57,Prva HNL
Slaven Koprivnica,ahpwadw516qqa39whahl0o939,ewt8nxg2m27fj0n7dr9hbul05,I. Nestorovski,Ilija Nestorovski,36,Attacker,North Macedonia,Striker,25.0,0.0,42.0,9.0,67.0,18.0,5.0,5.0,4.0,1.0,1.0,1.0,25.0,2.0,2.0,291.0,3.0,7.0,5.0,1.0,0.0,0.0,2.0,1.0,0.0,0.0,68.37,90.0,0.0,100.0,60.0,54.35,66.67,100.0,0.5813549193802265,0.3903117429765861,1.0,4.0,0.08865011,2.0,5.0,10.0,0.3114758699999999,33.0,7.731958762886598,0.0,12.989690721649485,2.783505154639175,20.721649484536083,5.56701030927835,1.5463917525773196,1.5463917525773196,1.2371134020618555,0.3092783505154639,0.3092783505154639,0.3092783505154639,7.731958762886598,0.6185567010309279,0.6185567010309279,0.9278350515463918,2.164948453608248,1.5463917525773196,0.3092783505154639,0.0,0.0,0.6185567010309279,0.3092783505154639,0.0,0.0,68.37,90.0,0.0,100.0,60.0,54.35,66.67,100.0,0.1798004905299669,0.1207149720546142,0.3092783505154639,1.2371134020618555,0.0274175597938144,0.6185567010309279,1.5463917525773196,3.09278350515464,0.096332743298969,10.206185567010309,ST,82,32,79,100,79,100,75,38,46,45,14,14,96,54,77,57,32,61,32,36,16,75,36,52,50,29,82,32,95,89,71,93,86,46,75,34,64,54,61,82,89,75,79,64,32,68,96,71,96,71,43,39,43,11,11,89,29,68,62,29,50,21,36,16,75,25,52,50,29,82,32,95,89,71,93,86,43,68,25,46,36,46,71,93,71,79,Prva HNL
Slaven Koprivnica,ahpwadw516qqa39whahl0o939,f1wwsk64a72nbj4uygwrpoxsk,F. Krušelj,Filip Kruselj,21,Defender,Croatia,Defender,52.0,3.0,43.0,4.0,92.0,2.0,4.0,2.0,1.0,1.0,3.0,3.0,9.0,10.0,0.0,360.0,0.0,1.0,1.0,0.0,0.0,0.0,5.0,4.0,0.0,0.0,76.03,26.67,27.27,0.0,0.0,36.0,66.67,66.67,0.1189985867283955,0.3197370527703075,0.0,2.0,0.04282587,1.0,8.0,11.0,0.4833176599999998,49.0,13.0,0.75,10.75,1.0,23.0,0.5,1.0,0.5,0.25,0.25,0.75,0.75,2.25,2.5,0.0,0.0,0.25,0.25,0.0,0.0,0.0,1.25,1.0,0.0,0.0,76.03,26.67,27.27,0.0,0.0,36.0,66.67,66.67,0.0297496466820988,0.0799342631925768,0.0,0.5,0.0107064675,0.25,2.0,2.75,0.1208294149999999,12.25,RB/RCB,67,83,53,47,67,33,90,77,67,83,63,60,37,80,53,43,23,33,20,53,40,87,50,50,53,13,33,73,20,43,13,87,43,60,93,43,40,40,43,53,63,100,80,27,73,27,33,13,20,73,60,50,80,60,47,13,60,53,43,20,23,20,53,40,60,40,50,53,13,33,73,20,43,13,87,43,53,73,43,40,40,40,37,53,67,47,Prva HNL
Slaven Koprivnica,ahpwadw516qqa39whahl0o939,f2wo2ju2b28i5wkysd1j8k104,L. Bošnjak,Leon Bosnjak,20,Midfielder,Croatia,Midfielder,20.0,1.0,22.0,1.0,41.0,1.0,4.0,3.0,0.0,3.0,4.0,5.0,8.0,0.0,0.0,149.0,1.0,1.0,4.0,1.0,0.0,1.0,1.0,0.0,0.0,0.0,74.55,33.33,33.33,25.0,33.33,25.81,10.0,0.0,0.2721484161710436,0.2664249510200767,2.0,3.0,0.05776645,3.0,3.0,2.0,0.25477424,14.0,12.08053691275168,0.6040268456375839,13.288590604026847,0.6040268456375839,24.765100671140942,0.6040268456375839,2.416107382550336,1.812080536912752,0.0,1.812080536912752,2.416107382550336,3.02013422818792,4.832214765100671,0.0,0.0,0.6040268456375839,0.6040268456375839,2.416107382550336,0.6040268456375839,0.0,0.6040268456375839,0.6040268456375839,0.0,0.0,0.0,74.55,33.33,33.33,25.0,33.33,25.81,10.0,0.0,0.1643849493650598,0.1609278227638047,1.2080536912751678,1.812080536912752,0.0348924865771812,1.812080536912752,1.812080536912752,1.2080536912751678,0.1538904805369127,8.456375838926174,CM/AM,61,42,17,31,22,53,47,44,8,81,42,53,56,19,39,39,11,64,44,33,44,50,14,53,53,17,25,53,47,53,17,61,14,56,44,67,25,22,61,39,11,50,25,78,50,44,39,50,56,50,50,8,89,50,72,50,19,39,56,11,72,44,33,61,56,14,53,53,17,25,53,47,53,17,61,14,67,39,72,50,28,72,44,17,67,39,Prva HNL
Slaven Koprivnica,ahpwadw516qqa39whahl0o939,f3mrx66t9paf4u45o18sw1clw,D. Bosak,David Bosak,20,Midfielder,Croatia,Midfielder,13.0,0.0,18.0,1.0,31.0,6.0,3.0,2.0,0.0,2.0,2.0,2.0,11.0,1.0,0.0,172.0,1.0,3.0,2.0,1.0,1.0,1.0,3.0,2.0,0.0,0.0,62.0,25.0,0.0,50.0,50.0,50.0,66.67,100.0,0.0895074513467573,0.2079017475403515,2.0,2.0,0.08377727,0.0,4.0,4.0,0.0646168999999999,19.0,6.8023255813953485,0.0,9.41860465116279,0.5232558139534883,16.22093023255814,3.13953488372093,1.569767441860465,1.0465116279069766,0.0,1.0465116279069766,1.0465116279069766,1.0465116279069766,5.755813953488372,0.5232558139534883,0.0,0.5232558139534883,1.569767441860465,1.0465116279069766,0.5232558139534883,0.5232558139534883,0.5232558139534883,1.569767441860465,1.0465116279069766,0.0,0.0,62.0,25.0,0.0,50.0,50.0,50.0,66.67,100.0,0.0468352943093497,0.1087857981315792,1.0465116279069766,1.0465116279069766,0.0438369436046511,0.0,2.093023255813953,2.093023255813953,0.0338111686046511,9.941860465116278,DM/CM,5,32,5,9,5,95,82,50,27,80,41,34,57,27,43,70,75,32,45,91,64,64,59,48,52,5,5,32,55,82,57,89,93,36,77,77,25,41,18,25,32,18,23,5,32,9,14,5,95,91,68,27,86,50,41,68,32,43,82,91,36,59,95,82,82,68,48,52,5,5,32,55,82,57,89,93,45,95,86,32,64,18,45,27,18,23,Prva HNL
Varaždin,auws85cw488audeo1rdgbvs2z,21dndgvqsthrolwhugppy8c0l,G. Sikošek,Gregor Sikosek,32,Defender,Slovenia,Defender,74.0,0.0,48.0,10.0,122.0,4.0,2.0,0.0,0.0,0.0,3.0,3.0,16.0,12.0,0.0,335.0,0.0,2.0,4.0,1.0,2.0,0.0,3.0,5.0,0.0,0.0,79.74,55.56,0.0,33.33,0.0,61.54,80.0,71.43,0.0,0.1442125305225487,0.0,2.0,0.03343943,0.0,8.0,13.0,0.2914353499999999,72.0,19.88059701492537,0.0,12.8955223880597,2.686567164179104,32.776119402985074,1.0746268656716418,0.5373134328358209,0.0,0.0,0.0,0.8059701492537313,0.8059701492537313,4.298507462686567,3.2238805970149254,0.0,0.0,0.5373134328358209,1.0746268656716418,0.2686567164179104,0.5373134328358209,0.0,0.8059701492537313,1.343283582089552,0.0,0.0,79.74,55.56,0.0,33.33,0.0,61.54,80.0,71.43,0.0,0.0387436649165056,0.0,0.5373134328358209,0.0089837274626865,0.0,2.149253731343284,3.492537313432836,0.0782960641791044,19.34328358208955,LB/LCB,100,19,56,94,81,94,38,19,28,28,56,53,88,84,47,34,47,75,47,97,28,69,88,50,53,44,88,19,50,34,66,97,66,19,38,25,50,44,22,75,78,44,88,94,19,31,94,62,69,25,19,28,28,31,31,62,69,47,34,38,66,38,75,28,56,72,50,53,44,88,19,50,34,66,97,66,19,31,25,38,31,22,50,44,31,81,Prva HNL
Varaždin,auws85cw488audeo1rdgbvs2z,2yygrlriw07gb0grwhoxasn6y,L. Škaričić,Luka Skaricic,24,Defender,Croatia,Defender,38.0,0.0,12.0,6.0,50.0,0.0,0.0,0.0,0.0,0.0,0.0,0.0,5.0,10.0,0.0,134.0,0.0,0.0,2.0,0.0,0.0,0.0,1.0,1.0,0.0,0.0,80.65,40.0,0.0,0.0,0.0,71.43,0.0,33.33,0.0,0.0,0.0,0.0,0.0,0.0,0.0,0.0,0.0,0.0,25.52238805970149,0.0,8.059701492537313,4.029850746268656,33.582089552238806,0.0,0.0,0.0,0.0,0.0,0.0,0.0,3.3582089552238803,6.716417910447761,0.0,0.0,0.0,1.343283582089552,0.0,0.0,0.0,0.6716417910447761,0.6716417910447761,0.0,0.0,80.65,40.0,0.0,0.0,0.0,71.43,0.0,33.33,0.0,0.0,0.0,0.0,0.0,0.0,0.0,0.0,0.0,0.0,CB,23,41,14,36,18,5,32,20,23,36,30,30,11,32,43,36,14,55,34,48,34,27,18,50,52,14,30,41,34,36,89,5,18,23,34,36,23,23,34,20,20,20,20,41,41,23,77,23,5,32,20,23,36,30,30,32,82,43,36,14,86,34,48,34,36,27,50,52,14,30,41,34,36,89,5,18,23,34,36,23,23,34,20,20,20,20,Prva HNL
Varaždin,auws85cw488audeo1rdgbvs2z,4o6c9ub4tgi27tso5ahw1e1nt,I. Mamut,Ivan Mamut,29,Attacker,Croatia,Striker,34.0,0.0,25.0,6.0,59.0,11.0,5.0,9.0,7.0,2.0,1.0,1.0,16.0,7.0,2.0,315.0,4.0,11.0,5.0,0.0,1.0,1.0,1.0,0.0,0.0,0.0,71.08,60.0,0.0,0.0,44.44,59.26,64.71,0.0,1.2283824063470696,0.2652892843128868,2.0,6.0,0.12650454,3.0,4.0,4.0,0.10629319,14.0,9.714285714285714,0.0,7.142857142857143,1.7142857142857142,16.857142857142858,3.142857142857143,1.4285714285714286,2.571428571428572,2.0,0.5714285714285714,0.2857142857142857,0.2857142857142857,4.571428571428571,2.0,0.5714285714285714,1.1428571428571428,3.142857142857143,1.4285714285714286,0.0,0.2857142857142857,0.2857142857142857,0.2857142857142857,0.0,0.0,0.0,71.08,60.0,0.0,0.0,44.44,59.26,64.71,0.0,0.3509664018134484,0.0757969383751105,0.5714285714285714,1.7142857142857142,0.0361441542857142,0.8571428571428571,1.1428571428571428,1.1428571428571428,0.0303694828571428,4.0,ST,89,32,55,89,68,93,75,70,75,62,14,14,59,88,77,79,59,61,11,79,50,50,12,52,50,39,71,32,11,59,84,89,12,82,64,61,84,64,73,71,54,32,52,82,32,21,82,46,86,68,54,64,54,7,7,32,91,61,71,43,39,11,79,39,36,12,52,50,39,71,32,11,59,84,89,12,64,57,46,71,43,68,50,39,32,25,Prva HNL
Varaždin,auws85cw488audeo1rdgbvs2z,5jg7vbd98ggggt2c9st5muicq,A. Latković,Aleksa Latkovic,25,Midfielder,Montenegro,Midfielder,33.0,0.0,32.0,2.0,65.0,1.0,4.0,10.0,6.0,4.0,12.0,12.0,15.0,0.0,1.0,289.0,2.0,11.0,5.0,5.0,1.0,1.0,2.0,2.0,0.0,0.0,76.47,100.0,0.0,41.67,20.0,42.86,33.33,50.0,0.8562024255582266,0.2495904528714117,6.0,4.0,0.11609325,2.0,4.0,9.0,0.14456501,24.0,10.27681660899654,0.0,9.965397923875432,0.6228373702422145,20.242214532871973,0.3114186851211072,1.245674740484429,3.1141868512110724,1.868512110726644,1.245674740484429,3.737024221453287,3.737024221453287,4.671280276816609,0.0,0.3114186851211072,0.6228373702422145,3.42560553633218,1.5570934256055362,1.5570934256055362,0.3114186851211072,0.3114186851211072,0.6228373702422145,0.6228373702422145,0.0,0.0,76.47,100.0,0.0,41.67,20.0,42.86,33.33,50.0,0.2666374335648456,0.0777271306519967,1.868512110726644,1.245674740484429,0.0361536072664359,0.6228373702422145,1.245674740484429,2.8027681660899653,0.0450202453287197,7.474048442906574,CM/AM,94,17,36,56,61,53,47,83,83,89,100,100,69,19,83,69,78,75,89,78,44,75,61,53,53,28,92,17,67,28,58,78,47,83,33,100,47,56,47,50,69,39,50,61,17,28,44,33,33,28,78,78,72,94,89,44,19,78,61,61,44,89,67,17,61,44,53,53,28,92,17,67,28,58,78,47,83,33,89,28,39,39,28,61,22,28,Prva HNL
Varaždin,auws85cw488audeo1rdgbvs2z,5xd60sjwntdoxximf4byu20pg,L. Mamić,Luka Mamic,24,Attacker,Croatia,Striker,48.0,0.0,38.0,5.0,86.0,2.0,3.0,11.0,8.0,3.0,13.0,13.0,18.0,4.0,2.0,342.0,3.0,16.0,6.0,8.0,0.0,5.0,2.0,2.0,0.0,0.0,82.69,71.43,0.0,61.54,27.27,51.43,28.57,100.0,2.352182698511465,0.1255911178851425,4.0,3.0,0.0803497599999999,7.0,6.0,8.0,0.23421456,41.0,12.63157894736842,0.0,10.0,1.3157894736842106,22.63157894736842,0.5263157894736842,0.7894736842105263,2.894736842105264,2.1052631578947367,0.7894736842105263,3.421052631578948,3.421052631578948,4.736842105263158,1.0526315789473684,0.5263157894736842,0.7894736842105263,4.2105263157894735,1.5789473684210529,2.1052631578947367,0.0,1.3157894736842106,0.5263157894736842,0.5263157894736842,0.0,0.0,82.69,71.43,0.0,61.54,27.27,51.43,28.57,100.0,0.6189954469767014,0.0330502941803006,1.0526315789473684,0.7894736842105263,0.0211446736842105,1.842105263157895,1.5789473684210529,2.1052631578947367,0.0616354105263157,10.789473684210527,ST,93,32,75,80,91,41,64,84,82,77,96,96,66,82,77,57,77,80,100,36,95,75,59,52,50,82,75,32,68,30,61,50,86,96,46,84,46,43,100,86,86,64,96,89,32,50,71,86,36,50,61,68,75,79,75,39,75,57,50,50,54,89,36,89,64,39,52,50,82,75,32,68,30,61,50,86,96,36,75,29,25,93,75,79,46,86,Prva HNL
Varaždin,auws85cw488audeo1rdgbvs2z,61cd0gl2g5br1vwjcxd0ru8oa,M. Mladenovski,Mario Mladenovski,25,Defender,North Macedonia,Defender,80.0,0.0,25.0,17.0,105.0,7.0,2.0,4.0,3.0,1.0,1.0,1.0,13.0,20.0,2.0,315.0,2.0,5.0,0.0,1.0,0.0,2.0,4.0,3.0,0.0,0.0,83.33,51.52,0.0,100.0,50.0,76.47,87.5,60.0,0.3978285610358763,0.1898368412598148,1.0,0.0,0.0,0.0,8.0,9.0,0.26112083,58.0,22.857142857142858,0.0,7.142857142857143,4.857142857142857,30.0,2.0,0.5714285714285714,1.1428571428571428,0.8571428571428571,0.2857142857142857,0.2857142857142857,0.2857142857142857,3.7142857142857135,5.714285714285714,0.5714285714285714,0.5714285714285714,1.4285714285714286,0.0,0.2857142857142857,0.0,0.5714285714285714,1.1428571428571428,0.8571428571428571,0.0,0.0,83.33,51.52,0.0,100.0,50.0,76.47,87.5,60.0,0.1136653031531075,0.0542390975028042,0.2857142857142857,0.0,0.0,0.0,2.2857142857142856,2.571428571428572,0.0746059514285714,16.571428571428573,CB,41,41,27,91,43,77,82,91,93,84,66,66,50,80,100,98,86,14,75,48,93,64,45,50,52,23,68,41,95,91,95,100,45,91,91,84,23,23,34,59,61,73,59,23,41,14,91,14,73,77,89,80,80,64,64,41,77,100,95,77,14,77,48,86,64,36,50,52,23,68,41,95,91,95,100,45,82,86,80,23,23,34,55,59,68,41,Prva HNL
Varaždin,auws85cw488audeo1rdgbvs2z,6ggbuzuqo67ypsg3x4l0dvh05,M. Marina,Mario Marina,37,Midfielder,Bosnia and Herzegovina,Midfielder,56.0,1.0,27.0,4.0,82.0,1.0,0.0,0.0,0.0,0.0,1.0,1.0,9.0,4.0,0.0,278.0,0.0,0.0,2.0,1.0,0.0,0.0,9.0,4.0,0.0,0.0,84.54,33.33,100.0,100.0,0.0,40.91,33.33,80.0,0.0,0.0,0.0,0.0,0.0,0.0,0.0,0.0,0.0,0.0,18.1294964028777,0.3237410071942446,8.741007194244604,1.2949640287769784,26.546762589928058,0.3237410071942446,0.0,0.0,0.0,0.0,0.3237410071942446,0.3237410071942446,2.913669064748201,1.2949640287769784,0.0,0.0,0.0,0.6474820143884892,0.3237410071942446,0.0,0.0,2.913669064748201,1.2949640287769784,0.0,0.0,84.54,33.33,100.0,100.0,0.0,40.91,33.33,80.0,0.0,0.0,0.0,0.0,0.0,0.0,0.0,0.0,0.0,0.0,DM/CM,68,73,18,43,34,34,11,11,27,16,20,16,48,66,43,30,14,32,45,41,20,98,91,48,52,41,16,93,93,30,32,48,75,11,14,25,9,9,18,7,7,7,7,45,68,5,32,27,27,11,11,27,16,14,14,23,59,43,30,14,18,32,41,20,100,86,48,52,41,16,93,93,30,32,48,75,11,14,25,9,9,18,7,7,7,7,Prva HNL
Varaždin,auws85cw488audeo1rdgbvs2z,8xwrl6e5dru4974kdgj5la8yd,F. Maglica,Frane Maglica,29,Defender,Croatia,Defender,47.0,2.0,35.0,7.0,80.0,6.0,1.0,0.0,0.0,0.0,2.0,3.0,19.0,12.0,0.0,339.0,0.0,1.0,3.0,1.0,0.0,0.0,3.0,5.0,1.0,0.0,76.19,36.84,66.67,50.0,0.0,52.78,54.55,55.56,0.0,0.0780458337740347,0.0,8.0,0.17243832,4.0,7.0,4.0,0.22676492,40.0,12.47787610619469,0.5309734513274337,9.29203539823009,1.8584070796460177,21.238938053097343,1.592920353982301,0.2654867256637168,0.0,0.0,0.0,0.5309734513274337,0.7964601769911505,5.04424778761062,3.185840707964602,0.0,0.0,0.2654867256637168,0.7964601769911505,0.2654867256637168,0.0,0.0,0.7964601769911505,1.327433628318584,0.2654867256637168,0.0,76.19,36.84,66.67,50.0,0.0,52.78,54.55,55.56,0.0,0.0207201328603631,0.0,2.1238938053097347,0.0457800849557522,1.0619469026548674,1.8584070796460177,1.0619469026548674,0.0602030761061946,10.619469026548671,RB/RCB,53,67,27,73,47,90,40,23,23,40,47,60,87,93,53,43,23,80,53,53,40,47,77,100,53,20,73,100,67,43,60,67,33,23,33,43,90,73,83,40,40,40,53,20,47,13,67,7,80,40,23,23,40,40,53,73,80,53,43,27,67,47,53,40,37,53,100,53,20,73,100,67,43,60,67,33,23,40,43,73,53,80,27,27,33,33,Prva HNL
Varaždin,auws85cw488audeo1rdgbvs2z,aas9wlsr1lq236ppmnvgzp1ck,I. Canjuga,Ivan Canjuga,20,Attacker,Croatia,Striker,70.0,4.0,66.0,6.0,132.0,6.0,8.0,6.0,3.0,3.0,10.0,11.0,24.0,8.0,2.0,360.0,3.0,3.0,8.0,7.0,2.0,1.0,2.0,2.0,0.0,0.0,86.27,54.55,26.67,70.0,50.0,72.73,0.0,66.67,0.5468389720625209,0.8101295818003116,2.0,6.0,0.14890012,6.0,12.0,11.0,0.4490400199999998,69.0,17.5,1.0,16.5,1.5,33.0,1.5,2.0,1.5,0.75,0.75,2.5,2.75,6.0,2.0,0.5,0.75,0.75,2.0,1.75,0.5,0.25,0.5,0.5,0.0,0.0,86.27,54.55,26.67,70.0,50.0,72.73,0.0,66.67,0.1367097430156302,0.2025323954500779,0.5,1.5,0.03722503,1.5,3.0,2.75,0.1122600049999999,17.25,ST,100,96,96,89,100,80,89,46,38,77,86,88,93,93,77,57,18,98,93,93,50,75,59,52,50,89,64,75,75,77,100,16,48,43,93,61,84,89,93,100,93,96,100,100,91,79,79,100,68,79,39,25,68,64,64,75,91,54,43,7,79,79,86,32,59,32,52,50,89,64,75,75,77,100,16,48,39,82,39,55,54,86,96,86,79,100,Prva HNL
Varaždin,auws85cw488audeo1rdgbvs2z,crpkn4juf1s72y9c76t3o4k16,Iuri Tavares,Iuri António Teixeira Tavares,25,Attacker,Cabo Verde,Striker,42.0,1.0,35.0,7.0,76.0,3.0,6.0,5.0,3.0,2.0,20.0,21.0,26.0,6.0,0.0,326.0,1.0,14.0,7.0,9.0,1.0,2.0,2.0,5.0,0.0,0.0,75.25,63.64,8.33,45.0,20.0,46.43,42.86,71.43,0.3820349928523893,0.5786523924213766,1.0,13.0,0.37884339,3.0,7.0,12.0,0.5168635499999998,28.0,11.595092024539875,0.2760736196319018,9.662576687116564,1.9325153374233128,20.98159509202454,0.8282208588957055,1.656441717791411,1.3803680981595092,0.8282208588957055,0.5521472392638037,5.521472392638037,5.7975460122699385,7.177914110429448,1.656441717791411,0.0,0.2760736196319018,3.8650306748466257,1.9325153374233128,2.4846625766871164,0.2760736196319018,0.5521472392638037,0.5521472392638037,1.3803680981595092,0.0,0.0,75.25,63.64,8.33,45.0,20.0,46.43,42.86,71.43,0.1054697833028068,0.1597506604844291,0.2760736196319018,3.588957055214724,0.1045886659509202,0.8282208588957055,1.9325153374233128,3.312883435582822,0.1426923911042944,7.730061349693251,LW,100,70,60,100,100,70,100,30,60,40,100,100,100,100,30,30,80,90,100,70,80,100,100,60,60,80,80,40,60,40,40,80,80,20,100,20,60,60,50,100,100,100,100,100,60,40,100,80,60,100,40,40,40,80,80,100,100,30,20,60,40,80,60,60,100,100,60,60,80,80,40,60,40,40,80,80,20,100,20,40,60,40,100,100,100,100,Prva HNL
Varaždin,auws85cw488audeo1rdgbvs2z,dc8ijwgfbwjg7y85l94tbjcpg,N. Tepšić,Novak Tepsic,24,Defender,Croatia,Defender,81.0,0.0,12.0,7.0,93.0,1.0,2.0,1.0,1.0,0.0,1.0,1.0,14.0,14.0,0.0,249.0,0.0,1.0,4.0,0.0,0.0,0.0,5.0,7.0,0.0,0.0,86.11,53.85,0.0,0.0,0.0,56.0,50.0,77.78,0.1065871847771465,0.0905948936720163,0.0,1.0,0.01685596,0.0,3.0,3.0,0.0952735699999999,53.0,29.27710843373494,0.0,4.337349397590361,2.5301204819277108,33.6144578313253,0.3614457831325301,0.7228915662650602,0.3614457831325301,0.3614457831325301,0.0,0.3614457831325301,0.3614457831325301,5.0602409638554215,5.0602409638554215,0.0,0.0,0.3614457831325301,1.4457831325301205,0.0,0.0,0.0,1.8072289156626504,2.5301204819277108,0.0,0.0,86.11,53.85,0.0,0.0,0.0,56.0,50.0,77.78,0.0385254884736674,0.0327451422910902,0.0,0.3614457831325301,0.0060925156626506,0.0,1.0843373493975903,1.0843373493975903,0.0344362301204818,19.156626506024097,CB,45,41,14,45,27,11,82,48,52,36,66,66,61,50,43,36,41,91,34,48,34,70,98,50,52,45,73,41,34,36,45,39,73,55,82,36,48,45,34,48,45,45,55,55,41,5,45,27,9,82,50,50,36,73,73,68,59,43,36,36,91,34,48,34,86,100,50,52,45,73,41,34,36,45,39,73,55,82,36,45,45,34,45,41,41,59,Prva HNL
