Team,contestantId,playerId,Short Name,Player Name,Age,Position_x,Nationality,Position_y,total accurate back zone pass_Total,total accurate cross_Total,total accurate fwd zone pass_Total,total accurate long balls_Total,total accurate pass_Total,total aerial won_Total,total assists_Total,total att assist_Total,total attempt_Total,total attempts ibox_Total,total contest_Total,total dribbles attempted_Total,total duels won_Total,total effective clearance_Total,total interception_Total,total mins played,total touches in opposition box_Total,total was fouled_Total,total won contest_Total,total won tackle_Total,total attempts obox_Total,total ontarget attempt_Total,total blocked scoring att_Total,total goals_Total,total big chances saved_Total,total direct corner goals_Total,total direct setpiece goals_Total,pass_success_pct_Total,long_balls_success_pct_Total,cross_success_pct_Total,dribble_success_pct_Total,attempt_success_pct_Total,duel_success_pct_Total,aerial_success_pct_Total,tackle_success_pct_Total,xG_Total,xA_Total,CreatedOwnShot_Total,Total Carries_Total,Total Carry xT_Total,Total Final Third Carries_Total,passes_into_final_third_Total,progressive_passes_Total,xT_pass_Total,forward_passes_Total,total accurate back zone pass_p90,total accurate cross_p90,total accurate fwd zone pass_p90,total accurate long balls_p90,total accurate pass_p90,total aerial won_p90,total assists_p90,total att assist_p90,total attempt_p90,total attempts ibox_p90,total contest_p90,total dribbles attempted_p90,total duels won_p90,total effective clearance_p90,total interception_p90,total touches in opposition box_p90,total was fouled_p90,total won contest_p90,total won tackle_p90,total attempts obox_p90,total ontarget attempt_p90,total blocked scoring att_p90,total goals_p90,total big chances saved_p90,total direct corner goals_p90,total direct setpiece goals_p90,pass_success_pct_p90,long_balls_success_pct_p90,cross_success_pct_p90,dribble_success_pct_p90,attempt_success_pct_p90,duel_success_pct_p90,aerial_success_pct_p90,tackle_success_pct_p90,xG_p90,xA_p90,CreatedOwnShot_p90,Total Carries_p90,Total Carry xT_p90,Total Final Third Carries_p90,passes_into_final_third_p90,progressive_passes_p90,xT_pass_p90,forward_passes_p90,Pos.,total accurate back zone pass_TotalPR,total accurate cross_TotalPR,total accurate fwd zone pass_TotalPR,total accurate long balls_TotalPR,total accurate pass_TotalPR,total aerial won_TotalPR,total assists_TotalPR,total att assist_TotalPR,total attempt_TotalPR,total attempts ibox_TotalPR,total contest_TotalPR,total dribbles attempted_TotalPR,total duels won_TotalPR,total effective clearance_TotalPR,total interception_TotalPR,total touches in opposition box_TotalPR,total was fouled_TotalPR,total won contest_TotalPR,total won tackle_TotalPR,total attempts obox_TotalPR,total ontarget attempt_TotalPR,total blocked scoring att_TotalPR,total goals_TotalPR,total big chances saved_TotalPR,total direct corner goals_TotalPR,total direct setpiece goals_TotalPR,pass_success_pct_TotalPR,long_balls_success_pct_TotalPR,cross_success_pct_TotalPR,dribble_success_pct_TotalPR,attempt_success_pct_TotalPR,duel_success_pct_TotalPR,aerial_success_pct_TotalPR,tackle_success_pct_TotalPR,xG_TotalPR,xA_TotalPR,CreatedOwnShot_TotalPR,Total Carries_TotalPR,Total Carry xT_TotalPR,Total Final Third Carries_TotalPR,passes_into_final_third_TotalPR,progressive_passes_TotalPR,xT_pass_TotalPR,forward_passes_TotalPR,total accurate back zone pass_p90PR,total accurate cross_p90PR,total accurate fwd zone pass_p90PR,total accurate long balls_p90PR,total accurate pass_p90PR,total aerial won_p90PR,total assists_p90PR,total att assist_p90PR,total attempt_p90PR,total attempts ibox_p90PR,total contest_p90PR,total dribbles attempted_p90PR,total duels won_p90PR,total effective clearance_p90PR,total interception_p90PR,total touches in opposition box_p90PR,total was fouled_p90PR,total won contest_p90PR,total won tackle_p90PR,total attempts obox_p90PR,total ontarget attempt_p90PR,total blocked scoring att_p90PR,total goals_p90PR,total big chances saved_p90PR,total direct corner goals_p90PR,total direct setpiece goals_p90PR,pass_success_pct_p90PR,long_balls_success_pct_p90PR,cross_success_pct_p90PR,dribble_success_pct_p90PR,attempt_success_pct_p90PR,duel_success_pct_p90PR,aerial_success_pct_p90PR,tackle_success_pct_p90PR,xG_p90PR,xA_p90PR,CreatedOwnShot_p90PR,Total Carries_p90PR,Total Carry xT_p90PR,Total Final Third Carries_p90PR,passes_into_final_third_p90PR,progressive_passes_p90PR,xT_pass_p90PR,forward_passes_p90PR,League
Slovácko,bp5x8iw8pstucx6s4iqht6xqf,1ay3ef800f635ki7nks9w9re,A. Stojchevski,Andrej Stojchevski,23,Defender,North Macedonia,Defender,134.0,1.0,92.0,8.0,225.0,6.0,0.0,4.0,4.0,2.0,1.0,1.0,13.0,20.0,2.0,450.0,7.0,4.0,1.0,0.0,2.0,2.0,0.0,0.0,0.0,0.0,0.0,88.24,50.0,50.0,100.0,50.0,61.9,60.0,0.0,0.3305761070835225,0.2877795341917305,2.0,2.0,0.07578318,3.0,17.0,16.0,0.58915352,118.0,26.8,0.2,18.4,1.6,45.0,1.2,0.0,0.8,0.8,0.4,0.2,0.2,2.6,4.0,0.4,1.4,0.8,0.2,0.0,0.4,0.4,0.0,0.0,0.0,0.0,0.0,88.24,50.0,50.0,100.0,50.0,61.9,60.0,0.0,0.0661152214167044,0.0575559068383461,0.4,0.4,0.015156636,0.6,3.4,3.2,0.117830704,23.6,CB,80,82,95,57,86,57,43,96,91,73,49,49,44,69,32,87,68,67,9,95,95,39,42,48,51,51,65,59,92,88,80,65,66,9,75,90,96,67,75,92,88,81,94,88,65,75,82,32,67,34,43,85,73,56,35,35,12,41,18,73,36,57,9,86,86,39,42,48,51,51,65,59,92,88,80,65,66,9,63,73,90,60,63,86,75,67,86,67,Czech League
Slovácko,bp5x8iw8pstucx6s4iqht6xqf,1oqsye3np44f24kfne286k6ol,M. Trávník,Michal Trávník,32,Midfielder,Czechia,Midfielder,120.0,7.0,102.0,9.0,215.0,1.0,0.0,7.0,10.0,3.0,4.0,4.0,33.0,4.0,3.0,440.0,7.0,19.0,3.0,7.0,7.0,1.0,5.0,0.0,0.0,0.0,0.0,84.98,47.37,22.58,75.0,10.0,62.26,33.33,70.0,0.6625179752191506,0.6302282130907685,7.0,11.0,0.26087391,1.0,22.0,32.0,0.7565749000000003,121.0,24.545454545454543,1.4318181818181817,20.863636363636363,1.8409090909090908,43.97727272727273,0.2045454545454545,0.0,1.4318181818181817,2.0454545454545454,0.6136363636363635,0.8181818181818181,0.8181818181818181,6.749999999999999,0.8181818181818181,0.6136363636363635,1.4318181818181817,3.886363636363636,0.6136363636363635,1.4318181818181817,1.4318181818181817,0.2045454545454545,1.0227272727272727,0.0,0.0,0.0,0.0,84.98,47.37,22.58,75.0,10.0,62.26,33.33,70.0,0.1355150403857353,0.1289103163140208,1.4318181818181817,2.25,0.0533605724999999,0.2045454545454545,4.5,6.545454545454545,0.1547539568181818,24.75,CM/AM,100,93,94,88,100,41,37,79,89,65,48,42,100,83,83,67,100,71,96,97,42,98,26,50,50,49,78,52,50,82,26,90,56,68,72,78,98,91,90,37,98,100,92,100,98,78,80,82,96,26,37,58,64,42,26,24,90,52,62,34,96,46,80,80,26,86,26,50,50,49,78,52,50,82,26,90,56,68,46,62,84,68,68,24,94,94,80,98,Czech League
Slovácko,bp5x8iw8pstucx6s4iqht6xqf,3shgc6w2kq4bgpbswjgimycmi,A. Marinelli,Alan Marinelli,27,Attacker,Argentina,Striker,4.0,0.0,9.0,0.0,13.0,1.0,0.0,0.0,2.0,1.0,5.0,6.0,6.0,0.0,0.0,103.0,2.0,1.0,4.0,0.0,1.0,2.0,0.0,0.0,0.0,0.0,0.0,65.0,0.0,0.0,80.0,100.0,54.55,50.0,0.0,0.1098126960139324,0.0,2.0,2.0,0.0409104899999999,1.0,0.0,2.0,0.04631335,5.0,3.4951456310679614,0.0,7.864077669902913,0.0,11.359223300970877,0.8737864077669903,0.0,0.0,1.7475728155339807,0.8737864077669903,4.368932038834951,5.242718446601942,5.242718446601942,0.0,0.0,1.7475728155339807,0.8737864077669903,3.4951456310679614,0.0,0.8737864077669903,1.7475728155339807,0.0,0.0,0.0,0.0,0.0,65.0,0.0,0.0,80.0,100.0,54.55,50.0,0.0,0.0959528411772224,0.0,1.7475728155339807,1.7475728155339807,0.0357470300970872,0.8737864077669903,0.0,1.7475728155339807,0.0404679757281553,4.368932038834951,ST,14,34,11,24,8,30,42,12,16,12,63,74,27,9,32,7,17,90,21,58,61,20,26,51,51,50,27,24,34,93,99,89,73,21,9,13,74,58,49,58,12,52,24,18,36,34,44,24,42,44,42,12,38,27,96,98,64,9,32,9,40,100,21,89,93,20,26,51,51,50,27,24,34,93,99,89,73,21,9,13,93,78,67,76,12,80,51,49,Czech League
Slovácko,bp5x8iw8pstucx6s4iqht6xqf,3x89gzv0j50gqd044j62yxous,Š. Slončík,Simon Sloncík,19,Defender,Czechia,Defender,121.0,0.0,75.0,17.0,196.0,12.0,0.0,2.0,1.0,1.0,2.0,2.0,32.0,20.0,2.0,360.0,2.0,10.0,0.0,6.0,0.0,0.0,0.0,0.0,0.0,0.0,0.0,82.7,51.52,0.0,0.0,0.0,72.73,63.16,60.0,0.1226487938066299,0.2545544771895871,0.0,7.0,0.13502539,3.0,20.0,23.0,0.5447699999999999,117.0,30.25,0.0,18.75,4.25,49.0,3.0,0.0,0.5,0.25,0.25,0.5,0.5,8.0,5.0,0.5,0.5,2.5,0.0,1.5,0.0,0.0,0.0,0.0,0.0,0.0,0.0,82.7,51.52,0.0,0.0,0.0,72.73,63.16,60.0,0.0306621984516574,0.0636386192973967,0.0,1.75,0.0337563475,0.75,5.0,5.75,0.1361924999999999,29.25,RB/RCB,100,36,100,93,100,93,50,71,36,50,46,46,93,93,39,50,96,25,75,29,36,39,46,50,54,54,79,86,36,25,36,93,79,36,50,86,36,96,86,93,100,86,79,100,100,36,79,93,100,93,50,57,32,43,29,29,100,86,21,43,100,25,36,29,36,39,46,50,54,54,79,86,36,25,36,93,79,36,36,71,36,100,93,86,100,93,79,100,Czech League
Slovácko,bp5x8iw8pstucx6s4iqht6xqf,3zm27zj8masdyfu4n3tz0w0es,J. Behiratche,Jocelin Behiratche,26,Defender,Côte d'Ivoire,Defender,169.0,0.0,30.0,5.0,199.0,6.0,0.0,2.0,2.0,2.0,1.0,1.0,18.0,16.0,4.0,369.0,6.0,5.0,1.0,4.0,0.0,1.0,0.0,0.0,1.0,0.0,0.0,95.22,62.5,0.0,100.0,50.0,62.07,0.0,57.14,0.2261696361004832,0.2116525996680088,0.0,1.0,0.10805102,0.0,3.0,1.0,0.13504918,102.0,41.21951219512196,0.0,7.317073170731708,1.2195121951219514,48.53658536585366,1.4634146341463417,0.0,0.4878048780487805,0.4878048780487805,0.4878048780487805,0.2439024390243902,0.2439024390243902,4.390243902439025,3.902439024390244,0.9756097560975612,1.4634146341463417,1.2195121951219514,0.2439024390243902,0.9756097560975612,0.0,0.2439024390243902,0.0,0.0,0.2439024390243902,0.0,0.0,95.22,62.5,0.0,100.0,50.0,62.07,0.0,57.14,0.0551633258781666,0.0516225852848802,0.0,0.2439024390243902,0.0263539073170731,0.0,0.7317073170731708,0.2439024390243902,0.0329388243902439,24.87804878048781,CB,91,37,40,35,82,57,43,70,60,73,49,49,74,55,63,81,82,67,73,35,73,39,42,98,51,51,98,79,37,88,80,68,9,49,65,78,37,53,92,30,32,22,35,78,88,37,24,25,76,47,43,61,51,63,43,43,43,39,43,75,67,63,61,35,63,39,42,96,51,51,98,79,37,88,80,68,9,49,59,69,37,47,82,30,25,22,25,75,Czech League
Slovácko,bp5x8iw8pstucx6s4iqht6xqf,50i05npy0v93nfhir5xh0ooic,G. Niarchos,Giannis Niarchos,24,Attacker,Greece,Striker,20.0,0.0,14.0,0.0,34.0,9.0,0.0,1.0,4.0,2.0,2.0,3.0,20.0,2.0,3.0,237.0,2.0,8.0,1.0,1.0,2.0,0.0,2.0,0.0,0.0,0.0,0.0,72.34,0.0,0.0,50.0,0.0,48.78,47.37,50.0,0.2905130769853341,0.0439068291727973,3.0,0.0,0.0,0.0,1.0,1.0,0.01449547,9.0,7.59493670886076,0.0,5.316455696202532,0.0,12.91139240506329,3.4177215189873418,0.0,0.379746835443038,1.518987341772152,0.759493670886076,0.759493670886076,1.139240506329114,7.59493670886076,0.759493670886076,1.139240506329114,0.759493670886076,3.037974683544304,0.379746835443038,0.379746835443038,0.759493670886076,0.0,0.759493670886076,0.0,0.0,0.0,0.0,72.34,0.0,0.0,50.0,0.0,48.78,47.37,50.0,0.1103214216400002,0.0166734794327078,1.139240506329114,0.0,0.0,0.0,0.379746835443038,0.379746835443038,0.0055046088607594,3.4177215189873418,ST,91,34,34,24,71,87,42,38,41,29,29,38,89,57,98,7,98,41,56,80,8,74,26,51,51,50,49,24,34,73,8,71,62,60,22,27,88,11,11,22,37,28,11,51,89,34,16,24,51,89,42,29,31,18,24,36,93,49,96,4,93,38,49,78,8,73,26,51,51,50,49,24,34,73,8,71,62,60,11,29,84,11,11,22,31,24,11,31,Czech League
Slovácko,bp5x8iw8pstucx6s4iqht6xqf,5t6hvxsin1u46ir4x0e641vmy,A. Dolžnikov,Artur Dolznikov,26,Midfielder,Lithuania,Midfielder,10.0,0.0,16.0,0.0,26.0,1.0,0.0,2.0,4.0,2.0,6.0,6.0,9.0,0.0,0.0,195.0,4.0,3.0,1.0,2.0,2.0,1.0,1.0,0.0,0.0,0.0,0.0,72.22,0.0,0.0,16.67,25.0,28.12,16.67,50.0,0.2991870100249781,0.0800075902232637,3.0,5.0,0.20102326,2.0,4.0,4.0,0.0602138399999999,10.0,4.615384615384616,0.0,7.384615384615385,0.0,12.0,0.4615384615384615,0.0,0.9230769230769232,1.8461538461538465,0.9230769230769232,2.7692307692307696,2.7692307692307696,4.153846153846154,0.0,0.0,1.8461538461538465,1.3846153846153848,0.4615384615384615,0.9230769230769232,0.9230769230769232,0.4615384615384615,0.4615384615384615,0.0,0.0,0.0,0.0,72.22,0.0,0.0,16.67,25.0,28.12,16.67,50.0,0.1380863123192206,0.0369265801030447,1.3846153846153848,2.307692307692308,0.0927799661538461,0.9230769230769232,1.8461538461538465,1.8461538461538465,0.027791003076923,4.615384615384616,CM/AM,21,15,13,8,9,41,37,36,39,49,68,65,44,10,18,38,44,33,54,49,42,49,26,50,50,49,16,8,15,20,43,12,40,40,38,30,76,55,76,55,39,26,12,20,20,15,6,8,12,46,37,40,56,62,72,68,38,10,18,48,50,36,60,62,52,54,26,50,50,49,16,8,15,20,43,12,40,40,48,30,80,70,78,66,42,32,10,16,Czech League
Slovácko,bp5x8iw8pstucx6s4iqht6xqf,6ft0p23uh329gr0xc2cdni1ud,Gigli Ndefe,Gigli Nsungani Ndefe,32,Defender,Angola,Defender,45.0,1.0,61.0,2.0,105.0,0.0,0.0,2.0,4.0,3.0,2.0,2.0,20.0,16.0,5.0,408.0,7.0,11.0,0.0,3.0,1.0,1.0,2.0,1.0,0.0,0.0,0.0,85.37,33.33,14.29,0.0,25.0,50.0,0.0,33.33,0.5127235471247061,0.0,1.0,5.0,0.1154760699999999,0.0,8.0,10.0,0.2242813799999999,50.0,9.926470588235292,0.2205882352941176,13.455882352941178,0.4411764705882353,23.161764705882355,0.0,0.0,0.4411764705882353,0.8823529411764706,0.6617647058823529,0.4411764705882353,0.4411764705882353,4.411764705882353,3.5294117647058822,1.1029411764705883,1.5441176470588236,2.4264705882352944,0.0,0.6617647058823529,0.2205882352941176,0.2205882352941176,0.4411764705882353,0.2205882352941176,0.0,0.0,0.0,85.37,33.33,14.29,0.0,25.0,50.0,0.0,33.33,0.1131007824539793,0.0,0.2205882352941176,1.1029411764705883,0.0254726624999999,0.0,1.7647058823529411,2.2058823529411766,0.0494738338235293,11.029411764705882,CB,29,82,80,13,48,6,43,70,91,86,71,70,80,55,75,87,100,27,60,80,73,96,91,48,51,51,43,14,75,27,63,33,9,20,92,21,83,89,94,30,57,65,55,43,12,78,55,8,20,6,43,59,80,75,63,63,47,31,59,78,94,27,43,76,61,94,84,48,51,51,43,14,75,27,63,33,9,20,82,21,76,84,78,30,49,41,39,35,Czech League
Slovácko,bp5x8iw8pstucx6s4iqht6xqf,7rm486tjegylupfinowalv4lw,T. Král,Tomás Král,21,Defender,Czechia,Defender,25.0,0.0,4.0,3.0,29.0,0.0,0.0,0.0,0.0,0.0,1.0,1.0,5.0,6.0,1.0,90.0,0.0,2.0,0.0,3.0,0.0,0.0,0.0,0.0,1.0,0.0,0.0,78.38,37.5,0.0,0.0,0.0,71.43,0.0,100.0,0.0,0.0,0.0,0.0,0.0,0.0,0.0,0.0,0.0,0.0,25.0,0.0,4.0,3.0,29.0,0.0,0.0,0.0,0.0,0.0,1.0,1.0,5.0,6.0,1.0,0.0,2.0,0.0,3.0,0.0,0.0,0.0,0.0,1.0,0.0,0.0,78.38,37.5,0.0,0.0,0.0,71.43,0.0,100.0,0.0,0.0,0.0,0.0,0.0,0.0,0.0,0.0,0.0,0.0,RB/RCB,29,36,7,21,14,11,50,18,14,18,32,32,14,36,21,18,43,25,29,29,36,39,46,100,54,54,57,32,36,25,36,86,11,89,14,21,36,21,21,32,14,14,14,14,86,36,7,86,64,11,50,18,14,18,68,64,43,100,57,18,79,25,100,29,36,39,46,100,54,54,57,32,36,25,36,86,11,89,14,21,36,21,21,32,14,14,14,14,Czech League
Slovácko,bp5x8iw8pstucx6s4iqht6xqf,846noswumd4tahm2f7p9g6iac,P. Juroška,Pavel Juroska,25,Midfielder,Czechia,Midfielder,5.0,0.0,7.0,0.0,12.0,0.0,0.0,0.0,4.0,2.0,4.0,5.0,9.0,0.0,0.0,123.0,5.0,2.0,3.0,4.0,2.0,2.0,0.0,1.0,0.0,0.0,0.0,60.0,0.0,0.0,75.0,50.0,60.0,0.0,100.0,0.391677289593725,0.0,3.0,0.0,0.0,0.0,1.0,1.0,0.0517822899999999,5.0,3.658536585365854,0.0,5.121951219512195,0.0,8.78048780487805,0.0,0.0,0.0,2.926829268292683,1.4634146341463414,2.926829268292683,3.658536585365854,6.585365853658536,0.0,0.0,3.658536585365854,1.4634146341463414,2.1951219512195124,2.926829268292683,1.4634146341463414,1.4634146341463414,0.0,0.7317073170731707,0.0,0.0,0.0,60.0,0.0,0.0,75.0,50.0,60.0,0.0,100.0,0.2865931387271158,0.0,2.1951219512195124,0.0,0.0,0.0,0.7317073170731707,0.7317073170731707,0.0378894804878048,3.658536585365854,CM/AM,10,15,2,8,2,13,37,8,39,49,48,53,44,10,18,47,32,71,81,49,68,17,70,50,50,49,2,8,15,82,76,86,17,89,44,10,76,5,5,12,12,9,10,6,12,15,2,8,2,13,37,8,84,73,78,86,88,10,18,78,56,92,98,84,96,17,92,50,50,49,2,8,15,82,76,86,17,89,86,10,97,5,5,12,20,9,20,8,Czech League
Slovácko,bp5x8iw8pstucx6s4iqht6xqf,8zvsos5fsrrf9aizqmyhtt9m,M. Šviderský,Martin Svidersky,23,Midfielder,Slovakia,Midfielder,28.0,0.0,33.0,2.0,61.0,2.0,0.0,3.0,3.0,0.0,3.0,4.0,10.0,4.0,2.0,169.0,3.0,2.0,1.0,3.0,3.0,1.0,2.0,0.0,0.0,0.0,0.0,80.26,22.22,0.0,33.33,33.33,52.63,50.0,60.0,0.137881838940212,0.1034388997050619,3.0,1.0,0.04066992,0.0,6.0,6.0,0.15239233,29.0,14.911242603550296,0.0,17.57396449704142,1.0650887573964498,32.485207100591715,1.0650887573964498,0.0,1.5976331360946745,1.5976331360946745,0.0,1.5976331360946745,2.1301775147929,5.325443786982248,2.1301775147929,1.0650887573964498,1.5976331360946745,1.0650887573964498,0.5325443786982249,1.5976331360946745,1.5976331360946745,0.5325443786982249,1.0650887573964498,0.0,0.0,0.0,0.0,80.26,22.22,0.0,33.33,33.33,52.63,50.0,60.0,0.0734281982521839,0.0550858045766601,1.5976331360946745,0.5325443786982249,0.0216585372781065,0.0,3.195266272189349,3.195266272189349,0.0811556786982248,15.44378698224852,DM/CM,28,28,34,14,38,50,42,62,48,23,72,80,31,47,45,55,33,59,44,67,64,80,42,50,52,52,47,6,28,55,66,44,55,39,38,41,83,23,25,17,45,36,31,41,53,28,59,16,59,66,42,84,78,23,91,94,66,75,62,75,56,81,56,94,75,91,42,50,52,52,47,6,28,55,66,44,55,39,56,47,97,38,38,17,62,44,34,59,Czech League
Slovácko,bp5x8iw8pstucx6s4iqht6xqf,9hwxz4jig9tzvusschssz9r6d,T. Kostadinov,Tihomir Kostadinov,30,Midfielder,North Macedonia,Midfielder,68.0,1.0,76.0,3.0,143.0,2.0,0.0,6.0,5.0,3.0,3.0,3.0,18.0,6.0,3.0,354.0,5.0,9.0,1.0,4.0,2.0,1.0,2.0,0.0,0.0,0.0,0.0,85.12,30.0,50.0,33.33,20.0,46.15,28.57,66.67,0.4621842836012909,0.514694299905441,2.0,7.0,0.20250283,1.0,12.0,12.0,0.53327598,67.0,17.28813559322034,0.2542372881355932,19.322033898305087,0.7627118644067797,36.35593220338984,0.5084745762711864,0.0,1.5254237288135597,1.2711864406779665,0.7627118644067797,0.7627118644067797,0.7627118644067797,4.576271186440678,1.5254237288135597,0.7627118644067797,1.2711864406779665,2.288135593220339,0.2542372881355932,1.0169491525423728,0.5084745762711864,0.2542372881355932,0.5084745762711864,0.0,0.0,0.0,0.0,85.12,30.0,50.0,33.33,20.0,46.15,28.57,66.67,0.1175044788816841,0.130854483026807,0.5084745762711864,1.779661016949153,0.051483770338983,0.2542372881355932,3.050847457627119,3.050847457627119,0.1355786389830508,17.033898305084747,CM/AM,92,37,88,60,93,65,37,71,54,65,38,33,74,91,83,47,88,33,81,49,42,73,26,50,50,49,80,28,93,35,37,46,50,56,54,66,55,71,78,37,84,78,78,90,94,30,72,36,90,54,37,66,38,54,24,22,56,80,76,20,84,22,64,38,34,64,26,50,50,49,80,28,93,35,37,46,50,56,40,64,44,58,64,28,72,60,66,88,Czech League
Slovácko,bp5x8iw8pstucx6s4iqht6xqf,aprzekzw2al3nf4dglv6eicb9,M. Havlík,Marek Havlík,31,Midfielder,Czechia,Midfielder,32.0,2.0,71.0,12.0,101.0,3.0,1.0,8.0,2.0,1.0,0.0,0.0,7.0,1.0,0.0,324.0,9.0,3.0,0.0,2.0,1.0,1.0,1.0,0.0,0.0,0.0,0.0,80.8,70.59,20.0,0.0,50.0,33.33,60.0,100.0,0.1093968050928279,0.8683551491565686,1.0,5.0,0.12659141,1.0,13.0,14.0,0.7519147700000002,42.0,8.88888888888889,0.5555555555555556,19.72222222222222,3.333333333333333,28.05555555555556,0.8333333333333333,0.2777777777777778,2.2222222222222223,0.5555555555555556,0.2777777777777778,0.0,0.0,1.9444444444444444,0.2777777777777778,0.0,2.5,0.8333333333333333,0.0,0.5555555555555556,0.2777777777777778,0.2777777777777778,0.2777777777777778,0.0,0.0,0.0,0.0,80.8,70.59,20.0,0.0,50.0,33.33,60.0,100.0,0.0303880014146744,0.2412097636546024,0.2777777777777778,1.3888888888888888,0.0351642805555555,0.2777777777777778,3.611111111111111,3.888888888888889,0.2088652138888889,11.666666666666666,CM/AM,73,55,81,97,78,78,82,85,25,27,4,3,32,30,18,78,44,9,54,30,42,49,26,50,50,49,46,92,42,9,76,20,84,89,20,88,36,55,54,37,87,81,90,76,54,46,74,94,68,70,82,80,16,18,4,3,10,26,18,58,30,9,42,24,38,42,26,50,50,49,46,92,42,9,76,20,84,89,10,82,32,42,40,34,84,78,90,60,Czech League
Slovácko,bp5x8iw8pstucx6s4iqht6xqf,bnlal8kbqu3a6vbh1zfb1zoyc,F. Horský,Filip Horsky,23,Attacker,Czechia,Striker,10.0,0.0,15.0,2.0,25.0,3.0,0.0,1.0,5.0,4.0,1.0,1.0,12.0,0.0,0.0,126.0,10.0,5.0,0.0,2.0,1.0,2.0,0.0,0.0,0.0,0.0,0.0,71.43,66.67,0.0,0.0,40.0,60.0,0.0,50.0,0.6754803946709611,0.0833173969881501,1.0,0.0,0.0,0.0,1.0,1.0,0.08661831,7.0,7.142857142857143,0.0,10.714285714285715,1.4285714285714286,17.857142857142858,2.142857142857143,0.0,0.7142857142857143,3.571428571428572,2.857142857142857,0.7142857142857143,0.7142857142857143,8.571428571428571,0.0,0.0,7.142857142857143,3.571428571428572,0.0,1.4285714285714286,0.7142857142857143,1.4285714285714286,0.0,0.0,0.0,0.0,0.0,71.43,66.67,0.0,0.0,40.0,60.0,0.0,50.0,0.4824859961935436,0.0595124264201072,0.7142857142857143,0.0,0.0,0.0,0.7142857142857143,0.7142857142857143,0.0618702214285714,5.0,ST,67,34,40,78,42,54,42,38,53,54,16,11,66,9,32,54,82,14,79,58,61,20,26,51,51,50,44,82,34,14,62,97,12,60,64,44,52,11,11,22,37,28,47,32,82,34,76,89,82,67,42,47,89,84,20,18,98,9,32,91,98,14,89,73,84,20,26,51,51,50,44,82,34,14,62,97,12,60,96,58,67,11,11,22,53,38,62,60,Czech League
Slovácko,bp5x8iw8pstucx6s4iqht6xqf,d2ua4dqxer9zjh1ulsulmbz6x,P. Blahút,Patrik Blahút,28,Midfielder,Slovakia,Midfielder,30.0,2.0,49.0,5.0,77.0,0.0,0.0,4.0,3.0,1.0,6.0,6.0,4.0,3.0,1.0,328.0,5.0,3.0,1.0,0.0,2.0,1.0,1.0,0.0,0.0,0.0,0.0,85.56,71.43,28.57,16.67,33.33,22.22,0.0,0.0,0.1995117454461815,0.2835482143632443,2.0,5.0,0.16848811,1.0,4.0,7.0,0.2538407,35.0,8.231707317073171,0.5487804878048781,13.445121951219512,1.3719512195121952,21.12804878048781,0.0,0.0,1.0975609756097562,0.8231707317073171,0.274390243902439,1.6463414634146345,1.6463414634146345,1.0975609756097562,0.8231707317073171,0.274390243902439,1.3719512195121952,0.8231707317073171,0.274390243902439,0.0,0.5487804878048781,0.274390243902439,0.274390243902439,0.0,0.0,0.0,0.0,85.56,71.43,28.57,16.67,33.33,22.22,0.0,0.0,0.054744076494379,0.0778028636972316,0.5487804878048781,1.3719512195121952,0.0462314935975609,0.274390243902439,1.0975609756097562,1.920731707317073,0.0696514115853658,9.603658536585366,CM/AM,64,55,66,80,66,13,37,57,30,27,68,65,10,69,47,47,44,33,11,49,42,49,26,50,50,49,82,94,72,20,58,8,17,11,26,48,55,55,64,37,39,51,58,64,44,44,36,74,38,13,37,48,26,16,50,46,2,56,42,30,28,26,11,42,36,40,26,50,50,49,82,94,72,20,58,8,17,11,18,36,48,40,58,32,26,36,40,46,Czech League
Sparta Praha,5ocdn3a6s75u0d0dy0rbou0xc,1v62lh9e2cpqsaww3ggw5togk,G. Kuol,Garang Kuol,21,Midfielder,Australia,Midfielder,10.0,0.0,20.0,0.0,30.0,0.0,0.0,1.0,3.0,2.0,5.0,5.0,10.0,1.0,1.0,104.0,8.0,4.0,2.0,2.0,1.0,1.0,2.0,0.0,0.0,0.0,0.0,83.33,0.0,0.0,40.0,33.33,66.67,0.0,50.0,0.2014464274205561,0.0622579222125143,1.0,1.0,0.02401521,2.0,2.0,2.0,0.1422288299999999,5.0,8.653846153846155,0.0,17.30769230769231,0.0,25.961538461538463,0.0,0.0,0.8653846153846154,2.5961538461538463,1.7307692307692308,4.3269230769230775,4.3269230769230775,8.653846153846155,0.8653846153846154,0.8653846153846154,6.923076923076923,3.4615384615384617,1.7307692307692308,1.7307692307692308,0.8653846153846154,0.8653846153846154,1.7307692307692308,0.0,0.0,0.0,0.0,83.33,0.0,0.0,40.0,33.33,66.67,0.0,50.0,0.1743286391139428,0.0538770480685219,0.8653846153846154,0.8653846153846154,0.0207823932692307,1.7307692307692308,1.7307692307692308,1.7307692307692308,0.1230826413461537,4.3269230769230775,ST,67,34,60,24,57,10,42,38,29,29,63,61,52,32,76,36,73,68,79,58,34,74,26,51,51,50,88,24,34,62,48,100,12,60,13,31,52,34,33,79,61,52,67,18,96,34,93,24,98,10,42,54,71,51,93,91,100,59,93,89,96,90,98,87,56,91,26,51,51,50,88,24,34,62,48,100,12,60,33,47,82,54,40,96,87,78,82,47,Czech League
Sparta Praha,5ocdn3a6s75u0d0dy0rbou0xc,2we6yk2a54d89zp0kx0bs6u50,A. Ševínský,Adam Sevínsky,22,Defender,Czechia,Defender,159.0,0.0,71.0,13.0,230.0,6.0,0.0,0.0,1.0,1.0,1.0,1.0,9.0,13.0,2.0,270.0,1.0,1.0,1.0,0.0,0.0,1.0,0.0,0.0,0.0,0.0,0.0,91.63,61.9,0.0,100.0,100.0,52.94,54.55,0.0,0.1598528759680372,0.0,0.0,8.0,0.15759847,3.0,19.0,20.0,0.5010538299999999,163.0,53.0,0.0,23.666666666666668,4.333333333333333,76.66666666666667,2.0,0.0,0.0,0.3333333333333333,0.3333333333333333,0.3333333333333333,0.3333333333333333,3.0,4.333333333333333,0.6666666666666666,0.3333333333333333,0.3333333333333333,0.3333333333333333,0.0,0.0,0.3333333333333333,0.0,0.0,0.0,0.0,0.0,91.63,61.9,0.0,100.0,100.0,52.94,54.55,0.0,0.0532842919893457,0.0,0.0,2.6666666666666665,0.0525328233333333,1.0,6.333333333333333,6.666666666666667,0.1670179433333333,54.333333333333336,CB,88,37,87,79,88,57,43,18,41,49,49,49,23,45,32,23,19,67,9,35,73,39,42,48,51,51,82,76,37,88,96,38,52,9,53,21,37,99,96,92,94,88,88,94,98,37,94,85,96,56,43,18,37,46,53,53,18,49,28,16,18,72,9,35,75,39,42,48,51,51,82,76,37,88,96,38,52,9,55,21,37,99,98,94,94,94,98,96,Czech League
Sparta Praha,5ocdn3a6s75u0d0dy0rbou0xc,3uwnuj4kbsjiy88i1jrkzwqqy,J. Mercado,John Mercado,24,Attacker,Ecuador,Striker,35.0,2.0,55.0,5.0,88.0,3.0,1.0,3.0,8.0,7.0,13.0,16.0,22.0,7.0,3.0,361.0,16.0,1.0,9.0,7.0,1.0,4.0,2.0,2.0,0.0,0.0,0.0,75.21,41.67,13.33,69.23,50.0,52.38,30.0,77.78,0.825988238642701,0.4133549408143124,2.0,14.0,0.36499655,9.0,5.0,6.0,0.6066659,31.0,8.725761772853186,0.4986149584487535,13.71191135734072,1.2465373961218835,21.939058171745152,0.7479224376731302,0.2493074792243767,0.7479224376731302,1.994459833795014,1.745152354570637,3.2409972299168976,3.988919667590028,5.484764542936288,1.745152354570637,0.7479224376731302,3.988919667590028,0.2493074792243767,2.2437673130193905,1.745152354570637,0.2493074792243767,0.997229916897507,0.4986149584487535,0.4986149584487535,0.0,0.0,0.0,75.21,41.67,13.33,69.23,50.0,52.38,30.0,77.78,0.2059250456449947,0.1030524783193576,0.4986149584487535,3.490304709141274,0.0909963698060941,2.2437673130193905,1.2465373961218835,1.4958448753462603,0.1512463462603878,7.728531855955679,ST,98,90,98,98,98,54,91,68,73,79,98,98,96,97,98,84,17,100,100,58,88,74,87,51,51,50,60,58,71,87,74,82,38,80,71,87,74,98,98,99,88,84,96,100,98,80,84,80,91,33,87,51,47,53,82,87,69,89,89,49,11,96,100,47,69,53,69,51,51,50,60,58,71,87,74,82,38,80,44,69,53,98,91,98,76,69,89,89,Czech League
Sparta Praha,5ocdn3a6s75u0d0dy0rbou0xc,447xbdl414dk1mbi68hr37ris,H. Sochůrek,Hugo Sochurek,18,Midfielder,Czechia,Midfielder,34.0,0.0,44.0,3.0,78.0,1.0,0.0,2.0,0.0,0.0,9.0,9.0,15.0,0.0,1.0,217.0,1.0,5.0,4.0,4.0,0.0,0.0,0.0,0.0,0.0,0.0,0.0,95.12,100.0,0.0,44.44,0.0,53.57,25.0,80.0,0.0,0.1349876385859099,0.0,9.0,0.2029221999999999,6.0,6.0,8.0,0.3194187699999999,30.0,14.101382488479263,0.0,18.24884792626728,1.2442396313364057,32.35023041474655,0.4147465437788019,0.0,0.8294930875576038,0.0,0.0,3.7327188940092166,3.7327188940092166,6.221198156682028,0.0,0.4147465437788019,0.4147465437788019,2.0737327188940093,1.6589861751152075,1.6589861751152075,0.0,0.0,0.0,0.0,0.0,0.0,0.0,95.12,100.0,0.0,44.44,0.0,53.57,25.0,80.0,0.0,0.0559856565563681,0.0,3.7327188940092166,0.0841612811059907,2.4884792626728114,2.4884792626728114,3.317972350230415,0.132477830875576,12.442396313364055,DM/CM,47,28,58,27,50,28,42,50,6,23,97,97,62,5,23,19,77,95,58,12,23,17,42,50,52,52,100,98,28,62,23,50,25,77,6,50,14,91,88,92,45,47,50,44,47,28,62,22,56,28,42,50,6,23,100,100,78,5,19,22,84,100,59,12,23,17,42,50,52,52,100,98,28,62,23,50,25,77,6,50,14,97,97,100,50,47,66,41,Czech League
Sparta Praha,5ocdn3a6s75u0d0dy0rbou0xc,58dyik26pd4vb9biime1mw2y1,J. Braut Brunes,Jonatan Braut Brunes,26,Attacker,Norway,Striker,9.0,0.0,18.0,0.0,27.0,3.0,0.0,5.0,9.0,9.0,1.0,2.0,10.0,3.0,0.0,270.0,18.0,6.0,1.0,0.0,0.0,3.0,2.0,1.0,0.0,0.0,0.0,79.41,0.0,0.0,100.0,33.33,41.67,50.0,0.0,1.1044324814575366,0.3596127493008409,0.0,0.0,0.0,1.0,2.0,0.0,0.2051071799999999,7.0,3.0,0.0,6.0,0.0,9.0,1.0,0.0,1.6666666666666667,3.0,3.0,0.3333333333333333,0.6666666666666666,3.333333333333333,1.0,0.0,6.0,2.0,0.3333333333333333,0.0,0.0,1.0,0.6666666666666666,0.3333333333333333,0.0,0.0,0.0,79.41,0.0,0.0,100.0,33.33,41.67,50.0,0.0,0.3681441604858455,0.1198709164336136,0.0,0.0,0.0,0.3333333333333333,0.6666666666666666,0.0,0.0683690599999999,2.333333333333333,ST,54,34,50,24,46,54,42,88,82,89,16,24,52,72,32,89,90,41,21,22,74,74,66,51,51,50,80,24,34,98,48,56,73,21,82,80,21,11,11,58,61,8,76,32,31,34,22,24,27,53,42,89,80,87,9,13,28,67,32,76,73,33,21,22,71,64,56,51,51,50,80,24,34,98,48,56,73,21,76,78,21,11,11,56,47,8,69,18,Czech League
Sparta Praha,5ocdn3a6s75u0d0dy0rbou0xc,6ajl37s0de73x36nhufcoejje,M. Ryneš,Matej Rynes,25,Defender,Czechia,Defender,60.0,2.0,91.0,3.0,149.0,0.0,1.0,5.0,2.0,0.0,3.0,3.0,4.0,4.0,4.0,249.0,6.0,1.0,1.0,2.0,2.0,1.0,1.0,1.0,0.0,0.0,0.0,89.22,37.5,13.33,33.33,50.0,30.77,0.0,100.0,0.1588005085555276,0.5301175596994234,1.0,8.0,0.16956241,2.0,27.0,29.0,0.7803070199999997,76.0,21.686746987951807,0.7228915662650602,32.89156626506024,1.0843373493975903,53.855421686746986,0.0,0.3614457831325301,1.8072289156626504,0.7228915662650602,0.0,1.0843373493975903,1.0843373493975903,1.4457831325301205,1.4457831325301205,1.4457831325301205,2.1686746987951806,0.3614457831325301,0.3614457831325301,0.7228915662650602,0.7228915662650602,0.3614457831325301,0.3614457831325301,0.3614457831325301,0.0,0.0,0.0,89.22,37.5,13.33,33.33,50.0,30.77,0.0,100.0,0.0573977741766967,0.1916087565178638,0.3614457831325301,2.891566265060241,0.0612876180722891,0.7228915662650602,9.759036144578314,10.481927710843374,0.2820386819277107,27.46987951807229,LB/LCB,76,76,95,24,86,7,90,95,62,26,45,45,7,48,98,90,21,45,45,83,81,83,98,50,52,52,90,43,48,52,79,10,17,86,57,90,74,90,86,74,100,100,95,81,76,71,100,33,95,7,95,90,67,26,52,52,5,38,100,95,24,52,43,90,90,86,100,50,52,52,90,43,48,52,79,10,17,86,57,95,86,100,90,76,100,100,100,95,Czech League
Sparta Praha,5ocdn3a6s75u0d0dy0rbou0xc,7twrnp7os9wbiqsnwcbz9ju8l,J. Zelený,Jaroslav Zeleny,34,Defender,Czechia,Defender,119.0,1.0,43.0,15.0,161.0,7.0,1.0,1.0,2.0,2.0,4.0,4.0,12.0,2.0,2.0,257.0,7.0,2.0,2.0,1.0,0.0,0.0,0.0,0.0,0.0,0.0,0.0,89.44,68.18,100.0,50.0,0.0,66.67,70.0,100.0,0.2346961582073308,0.1721708495579456,0.0,3.0,0.06886521,3.0,17.0,13.0,0.3225129499999999,86.0,41.67315175097277,0.3501945525291828,15.058365758754864,5.252918287937743,56.38132295719844,2.45136186770428,0.3501945525291828,0.3501945525291828,0.7003891050583657,0.7003891050583657,1.4007782101167314,1.4007782101167314,4.202334630350195,0.7003891050583657,0.7003891050583657,2.45136186770428,0.7003891050583657,0.7003891050583657,0.3501945525291828,0.0,0.0,0.0,0.0,0.0,0.0,0.0,89.44,68.18,100.0,50.0,0.0,66.67,70.0,100.0,0.0821893161037345,0.060293293619514,0.0,1.050583657587549,0.0241162214007782,1.050583657587549,5.953307392996109,4.552529182879377,0.1129422782101167,30.116731517509727,LB/LCB,95,52,52,90,95,95,90,36,62,83,64,62,52,17,52,98,50,76,21,24,33,38,48,50,52,52,95,95,95,74,33,86,86,86,71,43,29,57,62,83,90,64,67,95,100,48,71,100,100,100,90,33,62,90,62,57,48,14,52,100,52,81,19,24,33,38,48,50,52,52,95,95,95,74,33,86,86,86,81,52,29,57,57,86,95,90,71,100,Czech League
Sparta Praha,5ocdn3a6s75u0d0dy0rbou0xc,8m5qqvo8ubfywp7esr9agf5nu,A. Karabec,Adam Karabec,23,Midfielder,Czechia,Midfielder,37.0,9.0,86.0,5.0,114.0,2.0,0.0,19.0,13.0,5.0,13.0,13.0,16.0,1.0,1.0,384.0,20.0,8.0,6.0,0.0,8.0,5.0,4.0,2.0,0.0,0.0,0.0,80.28,55.56,26.47,46.15,38.46,48.48,66.67,0.0,0.6897159250180365,1.9383146540629748,6.0,18.0,0.70215501,6.0,9.0,17.0,1.3855186799999992,51.0,8.671875,2.109375,20.15625,1.171875,26.71875,0.46875,0.0,4.453125,3.046875,1.171875,3.046875,3.046875,3.75,0.234375,0.234375,4.6875,1.875,1.40625,0.0,1.875,1.171875,0.9375,0.46875,0.0,0.0,0.0,80.28,55.56,26.47,46.15,38.46,48.48,66.67,0.0,0.1616521699261023,0.4542924970460097,1.40625,4.21875,0.16456758046875,1.40625,2.109375,3.984375,0.3247309406249998,11.953125,CM/AM,77,99,90,80,82,65,37,100,100,87,95,95,69,30,47,97,83,93,11,100,99,93,94,50,50,49,40,71,66,54,62,56,93,11,76,100,96,100,100,93,73,88,98,82,48,96,78,66,66,48,37,98,88,68,82,80,34,22,38,96,70,82,11,94,90,84,80,50,50,49,40,71,66,54,62,56,93,11,54,98,82,92,100,76,56,80,98,62,Czech League
Sparta Praha,5ocdn3a6s75u0d0dy0rbou0xc,9l89pnte9uhyc8jnads2lintg,T. Guddal,Tobias Guddal,24,Defender,Norway,Defender,156.0,0.0,80.0,19.0,236.0,3.0,0.0,1.0,3.0,3.0,5.0,5.0,11.0,15.0,4.0,270.0,5.0,3.0,4.0,1.0,0.0,1.0,0.0,1.0,0.0,0.0,0.0,91.83,67.86,0.0,80.0,33.33,61.11,50.0,50.0,0.3760008330447831,0.0562020453941104,0.0,5.0,0.09553932,0.0,22.0,30.0,0.3839894699999997,174.0,52.0,0.0,26.666666666666668,6.333333333333333,78.66666666666667,1.0,0.0,0.3333333333333333,1.0,1.0,1.6666666666666667,1.6666666666666667,3.6666666666666665,5.0,1.3333333333333333,1.6666666666666667,1.0,1.3333333333333333,0.3333333333333333,0.0,0.3333333333333333,0.0,0.3333333333333333,0.0,0.0,0.0,91.83,67.86,0.0,80.0,33.33,61.11,50.0,50.0,0.1253336110149277,0.0187340151313701,0.0,1.6666666666666667,0.03184644,0.0,7.333333333333333,10.0,0.1279964899999999,58.0,CB,85,37,92,92,90,29,43,46,75,86,95,95,38,50,63,74,47,96,28,35,73,39,91,48,51,51,85,94,37,75,72,61,37,33,80,53,37,89,84,30,98,100,82,96,96,37,98,96,98,25,43,45,86,95,94,94,25,60,74,88,53,95,24,35,75,39,91,48,51,51,85,94,37,75,72,61,37,33,90,51,37,94,90,30,98,98,88,98,Czech League
Sparta Praha,5ocdn3a6s75u0d0dy0rbou0xc,9z5py8a1jpdx5zl7a47sd34es,M. Suchomel,Martin Suchomel,23,Defender,Czechia,Defender,40.0,2.0,51.0,1.0,89.0,0.0,1.0,3.0,1.0,1.0,3.0,4.0,8.0,7.0,4.0,272.0,4.0,4.0,1.0,3.0,0.0,1.0,0.0,0.0,0.0,0.0,0.0,85.58,20.0,33.33,33.33,100.0,29.63,0.0,100.0,0.0655996215673821,0.3006711600726868,1.0,2.0,0.08377727,0.0,13.0,16.0,0.3171791399999999,44.0,13.23529411764706,0.6617647058823529,16.875,0.3308823529411764,29.448529411764707,0.0,0.3308823529411764,0.9926470588235294,0.3308823529411764,0.3308823529411764,0.9926470588235294,1.3235294117647058,2.647058823529412,2.3161764705882355,1.3235294117647058,1.3235294117647058,1.3235294117647058,0.3308823529411764,0.9926470588235294,0.0,0.3308823529411764,0.0,0.0,0.0,0.0,0.0,85.58,20.0,33.33,33.33,100.0,29.63,0.0,100.0,0.0217057571362661,0.0994867809064037,0.3308823529411764,0.6617647058823529,0.0277204202205882,0.0,4.301470588235294,5.294117647058823,0.1049489801470587,14.558823529411764,CB,23,95,72,7,33,6,92,86,41,49,80,89,17,25,63,65,68,67,60,35,73,39,42,48,51,51,45,6,85,59,96,6,9,91,35,92,83,67,78,30,76,81,73,39,20,96,75,6,31,6,92,88,35,43,78,90,16,16,71,67,69,67,63,35,71,39,42,48,51,51,45,6,85,59,96,6,9,91,35,92,84,67,86,30,88,92,76,45,Czech League
Sparta Praha,5ocdn3a6s75u0d0dy0rbou0xc,a0c7uephm9jijirsv7ho3hjze,J. Alcócer,Josimar Alcócer,22,Attacker,Costa Rica,Striker,17.0,4.0,85.0,2.0,98.0,2.0,1.0,5.0,10.0,7.0,18.0,19.0,16.0,5.0,0.0,348.0,26.0,3.0,7.0,1.0,3.0,5.0,2.0,3.0,0.0,0.0,0.0,83.76,66.67,25.0,38.89,50.0,37.21,33.33,25.0,0.8032652639092358,0.5422758978943831,7.0,21.0,0.7098202399999998,9.0,1.0,13.0,0.89190045,27.0,4.396551724137931,1.0344827586206895,21.98275862068965,0.5172413793103449,25.344827586206897,0.5172413793103449,0.2586206896551724,1.293103448275862,2.586206896551724,1.8103448275862069,4.655172413793103,4.913793103448276,4.137931034482759,1.293103448275862,0.0,6.724137931034483,0.7758620689655172,1.8103448275862069,0.2586206896551724,0.7758620689655172,1.293103448275862,0.5172413793103449,0.7758620689655172,0.0,0.0,0.0,83.76,66.67,25.0,38.89,50.0,37.21,33.33,25.0,0.2077410165282506,0.1402437666968232,1.8103448275862069,5.431034482758621,0.1835741999999999,2.327586206896552,0.2586206896551724,3.362068965517241,0.2306639094827586,6.982758620689655,ST,84,98,100,78,100,46,91,88,89,79,100,100,76,89,32,98,54,98,56,91,96,74,96,51,51,50,91,82,78,58,74,40,44,43,69,98,100,100,100,99,37,98,100,93,56,96,100,67,96,29,89,71,69,56,98,93,47,73,32,82,34,93,42,80,82,58,87,51,51,50,91,82,78,58,74,40,44,43,47,84,96,100,100,100,24,91,93,80,Czech League
Sparta Praha,5ocdn3a6s75u0d0dy0rbou0xc,bgh658opq2ua3erqg76tg9k6i,Santiago Eneme,Santiago Eneme,25,Midfielder,Equatorial Guinea,Midfielder,27.0,0.0,33.0,4.0,60.0,1.0,0.0,0.0,4.0,2.0,1.0,1.0,5.0,0.0,0.0,98.0,4.0,1.0,0.0,3.0,2.0,0.0,1.0,0.0,0.0,0.0,0.0,98.36,100.0,0.0,0.0,0.0,50.0,50.0,100.0,0.4615509101510203,0.0,2.0,2.0,0.03682666,0.0,4.0,7.0,0.0710527599999999,22.0,24.795918367346943,0.0,30.3061224489796,3.673469387755103,55.102040816326536,0.9183673469387756,0.0,0.0,3.673469387755103,1.8367346938775515,0.9183673469387756,0.9183673469387756,4.591836734693878,0.0,0.0,3.673469387755103,0.9183673469387756,0.0,2.7551020408163267,1.8367346938775515,0.0,0.9183673469387756,0.0,0.0,0.0,0.0,98.36,100.0,0.0,0.0,0.0,50.0,50.0,100.0,0.4238732848325697,0.0,1.8367346938775515,1.8367346938775515,0.0338204020408163,0.0,3.673469387755103,6.428571428571429,0.0652525346938774,20.204081632653065,CM/AM,58,15,40,71,52,41,37,8,39,49,14,12,16,10,18,38,15,9,71,49,13,49,26,50,50,49,100,98,15,9,13,61,75,89,52,10,55,23,12,12,39,51,20,42,100,15,96,98,98,74,37,8,98,86,34,30,58,10,18,80,36,9,94,92,13,82,26,50,50,49,100,98,15,9,13,61,75,89,96,10,90,60,38,12,88,92,38,92,Czech League
Sparta Praha,5ocdn3a6s75u0d0dy0rbou0xc,bxz335pd0yjui8s9juvf48q38,M. Vojta,Matyás Vojta,22,Attacker,Czechia,Striker,9.0,0.0,6.0,0.0,15.0,2.0,0.0,0.0,0.0,0.0,0.0,0.0,4.0,1.0,0.0,108.0,4.0,2.0,0.0,0.0,0.0,0.0,0.0,0.0,0.0,0.0,0.0,83.33,0.0,0.0,0.0,0.0,30.77,66.67,0.0,0.0,0.0,0.0,0.0,0.0,0.0,0.0,0.0,0.0,0.0,7.5,0.0,5.0,0.0,12.5,1.6666666666666667,0.0,0.0,0.0,0.0,0.0,0.0,3.333333333333333,0.8333333333333334,0.0,3.333333333333333,1.6666666666666667,0.0,0.0,0.0,0.0,0.0,0.0,0.0,0.0,0.0,83.33,0.0,0.0,0.0,0.0,30.77,66.67,0.0,0.0,0.0,0.0,0.0,0.0,0.0,0.0,0.0,0.0,0.0,ST,54,34,3,24,18,46,42,12,3,4,4,3,12,32,32,16,32,14,21,22,8,20,26,51,51,50,88,24,34,14,8,30,96,21,3,13,21,11,11,22,12,8,3,3,87,34,13,24,49,60,42,12,3,4,4,3,28,56,32,31,67,14,21,22,8,20,26,51,51,50,88,24,34,14,8,30,96,21,3,13,21,11,11,22,12,8,3,3,Czech League
Sparta Praha,5ocdn3a6s75u0d0dy0rbou0xc,eim006d42cbiap5op1a5qyd3p,R. Macek,Roman Macek,29,Midfielder,Czechia,Midfielder,148.0,0.0,117.0,21.0,265.0,5.0,0.0,1.0,3.0,1.0,2.0,2.0,17.0,3.0,4.0,335.0,1.0,5.0,1.0,5.0,2.0,1.0,1.0,0.0,0.0,0.0,0.0,91.07,67.74,0.0,50.0,33.33,53.12,71.43,83.33,0.1940518220393172,0.056635216682055,2.0,6.0,0.11993177,1.0,26.0,25.0,0.4975412599999999,114.0,39.76119402985074,0.0,31.432835820895523,5.641791044776119,71.19402985074626,1.343283582089552,0.0,0.2686567164179104,0.8059701492537313,0.2686567164179104,0.5373134328358209,0.5373134328358209,4.567164179104478,0.8059701492537313,1.0746268656716418,0.2686567164179104,1.343283582089552,0.2686567164179104,1.343283582089552,0.5373134328358209,0.2686567164179104,0.2686567164179104,0.0,0.0,0.0,0.0,91.07,67.74,0.0,50.0,33.33,53.12,71.43,83.33,0.0521333253239956,0.0152154313474177,0.5373134328358209,1.611940298507463,0.032220475522388,0.2686567164179104,6.985074626865671,6.716417910447761,0.1336678011940298,30.62686567164179,DM/CM,94,28,91,100,94,89,42,33,48,58,53,53,80,38,75,19,77,59,72,50,64,50,42,50,52,52,88,91,28,70,66,47,94,84,47,31,62,78,75,41,97,88,72,86,100,28,91,97,97,75,42,25,41,56,47,47,47,22,69,19,66,56,47,50,56,44,42,50,52,52,88,91,28,70,66,47,94,84,38,31,62,66,56,38,94,84,69,88,Czech League
Sparta Praha,5ocdn3a6s75u0d0dy0rbou0xc,jykf7m9lffcn8ezf8fcouv3d,A. Irving,Andy Irving,26,Midfielder,Scotland,Midfielder,79.0,1.0,138.0,10.0,216.0,2.0,1.0,3.0,5.0,0.0,4.0,4.0,14.0,5.0,3.0,322.0,3.0,5.0,2.0,1.0,5.0,2.0,1.0,2.0,0.0,0.0,0.0,91.91,58.82,12.5,50.0,40.0,53.85,50.0,20.0,0.3662260500024862,0.3068875916969416,3.0,9.0,0.2235765699999999,6.0,24.0,26.0,0.90209992,137.0,22.080745341614907,0.2795031055900621,38.57142857142857,2.795031055900621,60.37267080745341,0.5590062111801242,0.2795031055900621,0.8385093167701863,1.3975155279503104,0.0,1.1180124223602483,1.1180124223602483,3.913043478260869,1.3975155279503104,0.8385093167701863,0.8385093167701863,1.3975155279503104,0.5590062111801242,0.2795031055900621,1.3975155279503104,0.5590062111801242,0.2795031055900621,0.5590062111801242,0.0,0.0,0.0,91.91,58.82,12.5,50.0,40.0,53.85,50.0,20.0,0.1023613183236762,0.0857760349463501,0.8385093167701863,2.5155279503105588,0.0624903456521738,1.6770186335403725,6.70807453416149,7.267080745341614,0.2521397291925465,38.29192546583851,DM/CM,84,69,97,78,84,50,92,62,80,23,83,80,53,62,62,55,77,81,14,92,86,50,95,50,52,52,94,75,64,70,75,56,55,6,75,69,83,91,94,92,88,91,94,94,75,66,100,88,94,41,97,53,72,23,88,88,31,44,47,44,72,84,12,88,78,47,94,50,52,52,94,75,64,70,75,56,55,6,66,62,75,84,88,88,91,91,94,97,Czech League
Sparta Praha,5ocdn3a6s75u0d0dy0rbou0xc,shbxc528h0udd6rdf3ax2itx,P. Kadeřábek,Pavel Kaderábek,34,Defender,Czechia,Defender,46.0,0.0,37.0,4.0,83.0,3.0,0.0,3.0,1.0,1.0,1.0,1.0,6.0,5.0,0.0,173.0,1.0,1.0,0.0,1.0,0.0,0.0,0.0,0.0,0.0,0.0,0.0,91.21,50.0,0.0,0.0,0.0,46.15,60.0,50.0,0.1134804712965142,0.1984614253861136,0.0,1.0,0.01685596,0.0,2.0,2.0,0.17817082,32.0,23.930635838150287,0.0,19.2485549132948,2.0809248554913293,43.17919075144509,1.560693641618497,0.0,1.560693641618497,0.5202312138728323,0.5202312138728323,0.5202312138728323,0.5202312138728323,3.121387283236994,2.601156069364162,0.0,0.5202312138728323,0.5202312138728323,0.0,0.5202312138728323,0.0,0.0,0.0,0.0,0.0,0.0,0.0,91.21,50.0,0.0,0.0,0.0,46.15,60.0,50.0,0.0590360833334466,0.1032458282355504,0.0,0.5202312138728323,0.0087689965317919,0.0,1.0404624277456649,1.0404624277456649,0.0926900219653179,16.647398843930635,RB/RCB,57,36,57,39,50,57,50,82,36,50,32,32,21,25,11,36,18,25,14,29,36,39,46,50,54,54,100,75,36,25,36,29,68,25,43,71,36,43,43,32,29,29,36,43,79,36,93,36,93,64,50,100,50,57,43,43,14,29,11,50,43,25,14,29,36,39,46,50,54,54,100,75,36,25,36,29,68,25,64,86,36,64,50,32,29,29,50,71,Czech League
Bohemians 1905,bqcrqg0367eqzrt4vjb5apu6g,2gfrz7llszxg2i8ij1jqm8dlh,V. Pilař,Václav Pilar,37,Midfielder,Czechia,Midfielder,4.0,3.0,28.0,1.0,29.0,2.0,0.0,3.0,4.0,1.0,11.0,11.0,19.0,1.0,2.0,180.0,8.0,7.0,8.0,0.0,3.0,0.0,1.0,0.0,0.0,0.0,0.0,72.5,33.33,25.0,72.73,0.0,57.58,22.22,0.0,0.2596632791079997,0.396806653966266,4.0,8.0,0.2088343299999999,4.0,4.0,5.0,0.40689183,15.0,2.0,1.5,14.0,0.5,14.5,1.0,0.0,1.5,2.0,0.5,5.5,5.5,9.5,0.5,1.0,4.0,3.5,4.0,0.0,1.5,0.0,0.5,0.0,0.0,0.0,0.0,72.5,33.33,25.0,72.73,0.0,57.58,22.22,0.0,0.1298316395539998,0.198403326983133,2.0,4.0,0.1044171649999999,2.0,2.0,2.5,0.203445915,7.5,CM/AM,5,73,30,22,12,65,37,49,39,27,90,89,79,30,67,73,76,97,11,70,13,49,26,50,50,49,18,34,58,78,13,82,42,11,32,60,88,79,82,76,39,34,70,28,4,82,42,24,16,76,37,62,62,34,100,100,98,38,82,83,92,100,11,86,13,60,26,50,50,49,18,34,58,78,13,82,42,11,42,78,93,88,86,88,44,52,86,34,Czech League
Bohemians 1905,bqcrqg0367eqzrt4vjb5apu6g,4fj38zg3ize5yen3u5hli56hg,P. Mirvald,Petr Mirvald,23,Defender,Czechia,Defender,7.0,1.0,17.0,3.0,23.0,2.0,0.0,2.0,3.0,2.0,3.0,3.0,10.0,5.0,3.0,232.0,3.0,2.0,1.0,2.0,1.0,2.0,0.0,1.0,0.0,0.0,0.0,58.97,37.5,50.0,33.33,66.67,35.71,50.0,40.0,0.6550222890208892,0.2399329714617346,0.0,0.0,0.0,1.0,3.0,5.0,0.18688122,11.0,2.71551724137931,0.3879310344827586,6.594827586206896,1.1637931034482758,8.922413793103448,0.7758620689655172,0.0,0.7758620689655172,1.1637931034482758,0.7758620689655172,1.1637931034482758,1.1637931034482758,3.879310344827586,1.939655172413793,1.1637931034482758,1.1637931034482758,0.7758620689655172,0.3879310344827586,0.7758620689655172,0.3879310344827586,0.7758620689655172,0.0,0.3879310344827586,0.0,0.0,0.0,58.97,37.5,50.0,33.33,66.67,35.71,50.0,40.0,0.254103474189138,0.0930774458256729,0.0,0.0,0.0,0.3879310344827586,1.1637931034482758,1.939655172413793,0.0724970249999999,4.267241379310344,CB,6,82,16,21,6,18,43,70,75,73,80,78,31,17,48,54,31,67,46,80,95,39,91,48,51,51,4,31,92,59,88,12,37,24,98,82,37,24,24,70,32,33,45,27,2,84,20,22,2,14,43,82,90,84,86,84,31,12,61,59,33,76,51,84,100,39,96,48,51,51,4,31,92,59,88,12,37,24,100,88,37,24,24,73,31,35,61,24,Czech League
Bohemians 1905,bqcrqg0367eqzrt4vjb5apu6g,5ox853udgbhtmp40d1cgbx1ih,V. Smrž,Vojtech Smrz,29,Midfielder,Czechia,Midfielder,38.0,1.0,29.0,4.0,66.0,2.0,0.0,4.0,4.0,1.0,7.0,7.0,13.0,1.0,5.0,304.0,5.0,2.0,4.0,5.0,3.0,1.0,2.0,0.0,0.0,0.0,0.0,74.16,25.0,20.0,57.14,25.0,48.15,66.67,100.0,0.2803849076978323,0.3392622583442768,2.0,2.0,0.04797389,1.0,9.0,8.0,0.1400219999999999,24.0,11.25,0.2960526315789473,8.585526315789474,1.1842105263157894,19.539473684210527,0.5921052631578947,0.0,1.1842105263157894,1.1842105263157894,0.2960526315789473,2.0723684210526314,2.0723684210526314,3.848684210526316,0.2960526315789473,1.480263157894737,1.480263157894737,0.5921052631578947,1.1842105263157894,1.480263157894737,0.8881578947368421,0.2960526315789473,0.5921052631578947,0.0,0.0,0.0,0.0,74.16,25.0,20.0,57.14,25.0,48.15,66.67,100.0,0.0830086897789635,0.1004394843782398,0.5921052631578947,0.5921052631578947,0.0142027963815789,0.2960526315789473,2.664473684210526,2.3684210526315788,0.0414538815789473,7.105263157894737,CM/AM,80,37,32,71,57,65,37,57,39,27,80,76,63,30,96,47,32,81,90,70,42,73,26,50,50,49,22,23,42,68,43,54,93,89,34,56,55,23,18,37,73,62,30,45,68,32,16,68,28,58,37,52,36,20,56,54,36,28,94,36,16,72,84,60,40,68,26,50,50,49,22,23,42,68,43,54,93,89,32,44,52,18,14,36,68,46,22,28,Czech League
Bohemians 1905,bqcrqg0367eqzrt4vjb5apu6g,61vqg8nghobdb5fhr6kbmnyll,J. Matoušek,Jan Matousek,28,Attacker,Czechia,Striker,3.0,1.0,16.0,1.0,18.0,1.0,0.0,4.0,6.0,2.0,10.0,10.0,8.0,0.0,1.0,247.0,10.0,3.0,3.0,0.0,4.0,1.0,3.0,0.0,0.0,0.0,0.0,78.26,50.0,33.33,30.0,16.67,30.77,33.33,0.0,1.1455783760390197,0.2740092814781501,1.0,3.0,0.07209629,3.0,1.0,3.0,0.0761538399999999,10.0,1.0931174089068827,0.3643724696356275,5.82995951417004,0.3643724696356275,6.558704453441296,0.3643724696356275,0.0,1.45748987854251,2.1862348178137654,0.728744939271255,3.643724696356276,3.643724696356276,2.91497975708502,0.0,0.3643724696356275,3.643724696356276,1.0931174089068827,1.0931174089068827,0.0,1.45748987854251,0.3643724696356275,1.0931174089068827,0.0,0.0,0.0,0.0,78.26,50.0,33.33,30.0,16.67,30.77,33.33,0.0,0.4174172220385092,0.0998414385952773,0.3643724696356275,1.0931174089068827,0.0262699032388663,1.0931174089068827,0.3643724696356275,1.0931174089068827,0.0277483627530364,3.643724696356276,ST,6,76,46,58,28,30,42,79,62,29,96,94,36,9,76,54,54,84,21,96,34,91,26,51,51,50,74,68,87,49,21,30,44,21,87,71,52,73,58,88,37,70,40,56,2,76,20,59,9,21,42,78,60,14,89,84,24,9,77,39,47,76,21,96,23,82,26,51,51,50,74,68,87,49,21,30,44,21,89,67,49,69,58,82,29,57,31,33,Czech League
Bohemians 1905,bqcrqg0367eqzrt4vjb5apu6g,6za3yitvynb3riv1l8y4qup5h,M. Havel,Milan Havel,32,Defender,Czechia,Defender,51.0,2.0,31.0,8.0,80.0,5.0,2.0,3.0,0.0,0.0,5.0,5.0,16.0,16.0,3.0,355.0,5.0,1.0,1.0,5.0,0.0,0.0,0.0,0.0,0.0,0.0,0.0,77.67,50.0,18.18,20.0,0.0,55.17,62.5,55.56,0.0,0.4584209464016317,0.0,4.0,0.10398684,0.0,3.0,4.0,0.6075526799999998,39.0,12.929577464788732,0.5070422535211268,7.859154929577464,2.028169014084507,20.28169014084507,1.2676056338028168,0.5070422535211268,0.7605633802816901,0.0,0.0,1.2676056338028168,1.2676056338028168,4.056338028169014,4.056338028169014,0.7605633802816901,1.2676056338028168,0.2535211267605634,0.2535211267605634,1.2676056338028168,0.0,0.0,0.0,0.0,0.0,0.0,0.0,77.67,50.0,18.18,20.0,0.0,55.17,62.5,55.56,0.0,0.1162193948623855,0.0,1.0140845070422535,0.0263628608450704,0.0,0.7605633802816901,1.0140845070422535,0.1540274399999999,9.887323943661972,CB,37,95,43,57,29,45,100,86,15,18,95,95,57,55,48,74,19,67,79,35,28,39,42,48,51,51,24,59,80,55,28,43,71,44,15,100,37,80,90,30,32,29,98,33,18,92,25,45,14,41,98,80,15,18,90,88,39,43,33,65,14,65,73,35,28,39,42,48,51,51,24,59,80,55,28,43,71,44,15,96,37,82,84,30,27,27,94,33,Czech League
Bohemians 1905,bqcrqg0367eqzrt4vjb5apu6g,76nqspzculap4o1dvvhdwn2ll,D. Heidenreich,David Heidenreich,26,Defender,Czechia,Defender,40.0,0.0,22.0,6.0,62.0,6.0,1.0,1.0,0.0,0.0,0.0,0.0,10.0,8.0,5.0,167.0,1.0,0.0,0.0,4.0,0.0,0.0,0.0,0.0,0.0,0.0,0.0,72.94,40.0,0.0,0.0,0.0,62.5,85.71,100.0,0.0,0.1113720493034275,0.0,0.0,0.0,0.0,3.0,5.0,0.12129473,46.0,21.556886227544908,0.0,11.8562874251497,3.2335329341317363,33.41317365269461,3.2335329341317363,0.5389221556886228,0.5389221556886228,0.0,0.0,0.0,0.0,5.389221556886227,4.311377245508982,2.694610778443113,0.5389221556886228,0.0,0.0,2.155688622754491,0.0,0.0,0.0,0.0,0.0,0.0,0.0,72.94,40.0,0.0,0.0,0.0,62.5,85.71,100.0,0.0,0.0600208648940627,0.0,0.0,0.0,0.0,1.616766467065868,2.694610778443113,0.0653684173652694,24.790419161676645,CB,23,37,23,39,20,57,92,46,15,18,16,16,31,29,75,23,6,27,73,35,28,39,42,48,51,51,16,38,37,27,28,73,99,91,15,61,37,24,24,30,32,33,31,41,43,37,49,73,47,80,100,65,15,18,16,16,67,47,98,33,6,27,96,35,28,39,42,48,51,51,16,38,37,27,28,73,99,91,15,76,37,24,24,30,39,59,55,73,Czech League
Bohemians 1905,bqcrqg0367eqzrt4vjb5apu6g,8d66eij88wfg6nal7s9xe5vjd,L. Almási,Ladislav Almási,27,Attacker,Slovakia,Striker,9.0,0.0,19.0,0.0,28.0,18.0,0.0,0.0,11.0,11.0,5.0,5.0,24.0,7.0,0.0,359.0,15.0,6.0,1.0,0.0,0.0,4.0,2.0,2.0,0.0,0.0,0.0,47.46,0.0,0.0,20.0,36.36,40.68,50.0,0.0,1.4225408312946857,0.0,0.0,0.0,0.0,0.0,0.0,1.0,0.01612486,9.0,2.256267409470752,0.0,4.763231197771588,0.0,7.01949860724234,4.512534818941504,0.0,0.0,2.75766016713092,2.75766016713092,1.2534818941504178,1.2534818941504178,6.016713091922005,1.7548746518105849,0.0,3.7604456824512535,1.504178272980501,0.2506963788300835,0.0,0.0,1.0027855153203342,0.5013927576601671,0.5013927576601671,0.0,0.0,0.0,47.46,0.0,0.0,20.0,36.36,40.68,50.0,0.0,0.3566258351435145,0.0,0.0,0.0,0.0,0.0,0.0,0.2506963788300835,0.004042444011142,2.256267409470752,ST,54,34,54,24,51,100,42,12,93,98,63,61,99,97,32,78,90,41,21,22,88,74,87,51,51,50,7,24,34,38,59,51,73,21,96,13,21,11,11,22,12,28,13,51,22,34,11,24,11,96,42,12,76,82,42,40,76,91,32,44,60,29,21,22,73,56,71,51,51,50,7,24,34,38,59,51,73,21,69,13,21,11,11,22,12,16,9,16,Czech League
Bohemians 1905,bqcrqg0367eqzrt4vjb5apu6g,9ixkbogcqd6mpwu74jz7su99m,D. Javorček,Dominik Javorcek,23,Defender,Slovakia,Defender,14.0,2.0,20.0,4.0,32.0,1.0,0.0,4.0,2.0,2.0,1.0,1.0,11.0,3.0,1.0,180.0,2.0,2.0,0.0,7.0,0.0,0.0,0.0,0.0,0.0,0.0,0.0,71.11,44.44,20.0,0.0,0.0,68.75,50.0,87.5,0.2502985889042443,0.3875001725631104,0.0,0.0,0.0,1.0,2.0,3.0,0.1271071,17.0,7.0,1.0,10.0,2.0,16.0,0.5,0.0,2.0,1.0,1.0,0.5,0.5,5.5,1.5,0.5,1.0,1.0,0.0,3.5,0.0,0.0,0.0,0.0,0.0,0.0,0.0,71.11,44.44,20.0,0.0,0.0,68.75,50.0,87.5,0.1251492944521221,0.1937500862815552,0.0,0.0,0.0,0.5,1.0,1.5,0.06355355,8.5,LB/LCB,17,76,14,36,10,14,40,86,62,83,19,19,48,31,31,36,50,14,88,24,33,38,48,50,52,52,24,62,60,14,33,90,67,67,76,86,29,17,17,52,21,29,19,19,14,81,29,62,10,19,40,100,88,95,19,19,81,48,33,50,62,14,100,24,33,38,48,50,52,52,24,62,60,14,33,90,67,67,95,100,29,17,17,67,24,38,29,33,Czech League
Bohemians 1905,bqcrqg0367eqzrt4vjb5apu6g,adgdnh26ntaid4lweet3z0mi1,R. Květ,Roman Kvet,28,Midfielder,Czechia,Midfielder,20.0,1.0,42.0,6.0,61.0,3.0,0.0,3.0,5.0,3.0,7.0,7.0,18.0,4.0,0.0,262.0,3.0,9.0,3.0,2.0,2.0,3.0,2.0,1.0,0.0,0.0,0.0,66.3,50.0,33.33,42.86,60.0,54.55,60.0,50.0,0.8688020893445443,0.3302611881889453,0.0,3.0,0.05042469,1.0,6.0,9.0,0.2350281699999999,25.0,6.870229007633588,0.3435114503816794,14.427480916030534,2.0610687022900764,20.95419847328244,1.0305343511450382,0.0,1.0305343511450382,1.717557251908397,1.0305343511450382,2.404580152671756,2.404580152671756,6.183206106870229,1.3740458015267176,0.0,1.0305343511450382,3.0916030534351147,1.0305343511450382,0.6870229007633588,0.6870229007633588,1.0305343511450382,0.6870229007633588,0.3435114503816794,0.0,0.0,0.0,66.3,50.0,33.33,42.86,60.0,54.55,60.0,50.0,0.2984434658053778,0.1134484997595613,0.0,1.0305343511450382,0.0173214583969465,0.3435114503816794,2.0610687022900764,3.0916030534351147,0.0807348675572518,8.587786259541986,CM/AM,45,37,55,85,54,78,37,49,54,65,80,76,74,83,18,24,88,71,54,49,84,73,70,50,50,49,8,61,81,48,86,74,84,40,88,52,16,36,24,37,59,68,54,49,36,34,46,86,36,78,37,44,50,64,64,60,82,74,18,14,90,68,52,50,80,72,70,50,50,49,8,61,81,48,86,74,84,40,88,52,16,30,18,38,52,64,46,40,Czech League
Bohemians 1905,bqcrqg0367eqzrt4vjb5apu6g,babj40orc5toqwgircd8vmyac,M. Kadlec,Matej Kadlec,24,Defender,Czechia,Defender,37.0,1.0,23.0,5.0,59.0,6.0,0.0,1.0,1.0,0.0,1.0,1.0,14.0,12.0,1.0,256.0,0.0,2.0,1.0,3.0,1.0,0.0,0.0,0.0,0.0,0.0,0.0,62.77,17.24,25.0,100.0,0.0,77.78,75.0,60.0,0.0429535580080096,0.1180567626690844,1.0,2.0,0.06241384,0.0,5.0,2.0,0.22805935,34.0,13.0078125,0.3515625,8.0859375,1.7578125,20.7421875,2.109375,0.0,0.3515625,0.3515625,0.0,0.3515625,0.3515625,4.921875,4.21875,0.3515625,0.0,0.703125,0.3515625,1.0546875,0.3515625,0.0,0.0,0.0,0.0,0.0,0.0,62.77,17.24,25.0,100.0,0.0,77.78,75.0,60.0,0.0151008602371908,0.0415043306258499,0.3515625,0.703125,0.0219423656249999,0.0,1.7578125,0.703125,0.080177115234375,11.953125,LB/LCB,48,52,19,57,33,83,40,36,31,26,19,19,60,67,31,10,50,45,60,57,33,38,48,50,52,52,10,10,69,98,33,100,93,40,24,38,74,45,52,19,48,19,48,52,67,52,14,48,38,90,40,38,29,26,14,14,71,86,29,10,57,48,67,62,33,38,48,50,52,52,10,10,69,98,33,100,93,40,29,38,81,43,52,19,38,19,52,62,Czech League
Bohemians 1905,bqcrqg0367eqzrt4vjb5apu6g,bzx67izp5novcgm1zupcbieqc,P. Kareem,Peter Kareem,23,Defender,Nigeria,Defender,13.0,1.0,11.0,3.0,23.0,1.0,0.0,1.0,0.0,0.0,0.0,0.0,7.0,5.0,5.0,113.0,0.0,3.0,0.0,3.0,0.0,0.0,0.0,0.0,0.0,0.0,0.0,71.88,37.5,100.0,0.0,0.0,53.85,33.33,100.0,0.0,0.0,0.0,0.0,0.0,0.0,0.0,0.0,0.0,0.0,10.353982300884956,0.7964601769911505,8.761061946902656,2.3893805309734515,18.31858407079646,0.7964601769911505,0.0,0.7964601769911505,0.0,0.0,0.0,0.0,5.575221238938053,3.982300884955752,3.982300884955752,0.0,2.3893805309734515,0.0,2.3893805309734515,0.0,0.0,0.0,0.0,0.0,0.0,0.0,71.88,37.5,100.0,0.0,0.0,53.85,33.33,100.0,0.0,0.0,0.0,0.0,0.0,0.0,0.0,0.0,0.0,0.0,RB/RCB,14,75,14,21,7,29,50,50,14,18,14,14,29,25,79,18,71,25,29,29,36,39,46,50,54,54,21,32,100,25,36,57,32,89,14,21,36,21,21,32,14,14,14,14,21,93,21,50,7,57,50,79,14,18,14,14,57,64,100,18,86,25,86,29,36,39,46,50,54,54,21,32,100,25,36,57,32,89,14,21,36,21,21,32,14,14,14,14,Czech League
Bohemians 1905,bqcrqg0367eqzrt4vjb5apu6g,dlhk63jxjq2lylne8g928b9hx,A. Čermák,Ales Cermák,31,Midfielder,Czechia,Midfielder,20.0,2.0,40.0,1.0,58.0,0.0,0.0,2.0,1.0,1.0,2.0,2.0,11.0,0.0,5.0,204.0,3.0,5.0,2.0,0.0,0.0,1.0,0.0,1.0,0.0,0.0,0.0,81.69,20.0,22.22,100.0,100.0,40.74,0.0,0.0,0.0,0.249037385668739,0.0,2.0,0.04398591,3.0,6.0,7.0,0.16674142,26.0,8.823529411764707,0.8823529411764706,17.647058823529413,0.4411764705882353,25.58823529411765,0.0,0.0,0.8823529411764706,0.4411764705882353,0.4411764705882353,0.8823529411764706,0.8823529411764706,4.852941176470589,0.0,2.2058823529411766,1.3235294117647058,2.2058823529411766,0.8823529411764706,0.0,0.0,0.4411764705882353,0.0,0.4411764705882353,0.0,0.0,0.0,81.69,20.0,22.22,100.0,100.0,40.74,0.0,0.0,0.0,0.1098694348538554,0.0,0.8823529411764706,0.0194055485294117,1.3235294117647058,2.647058823529412,3.088235294117647,0.0735623911764705,11.470588235294118,CM/AM,45,55,52,22,47,13,37,36,14,27,27,24,53,10,96,24,62,57,11,11,42,17,70,50,50,49,50,20,48,95,97,35,17,11,5,44,16,23,16,63,59,51,34,52,52,64,60,20,58,13,37,38,8,28,30,26,64,10,100,24,82,62,11,11,50,17,78,50,50,49,50,20,48,95,97,35,17,11,5,50,16,26,24,74,66,62,44,58,Czech League
Bohemians 1905,bqcrqg0367eqzrt4vjb5apu6g,dy7cb7p6w222cxynpyu6jx1ih,B. Sakala,Benson Sakala,29,Midfielder,Zambia,Midfielder,24.0,1.0,30.0,2.0,53.0,4.0,0.0,1.0,3.0,0.0,1.0,1.0,15.0,5.0,2.0,269.0,0.0,2.0,0.0,6.0,3.0,0.0,1.0,0.0,0.0,0.0,0.0,72.6,25.0,50.0,0.0,0.0,60.0,57.14,66.67,0.1752835252721152,0.0378382097972754,2.0,4.0,0.08601991,2.0,6.0,5.0,0.1529741399999999,24.0,8.029739776951672,0.3345724907063197,10.03717472118959,0.6691449814126395,17.732342007434944,1.338289962825279,0.0,0.3345724907063197,1.003717472118959,0.0,0.3345724907063197,0.3345724907063197,5.018587360594795,1.6728624535315986,0.6691449814126395,0.0,0.6691449814126395,0.0,2.007434944237918,1.003717472118959,0.0,0.3345724907063197,0.0,0.0,0.0,0.0,72.6,25.0,50.0,0.0,0.0,60.0,57.14,66.67,0.0586450456300757,0.0126596240957427,0.6691449814126395,1.338289962825279,0.0287798955390334,0.6691449814126395,2.007434944237918,1.6728624535315986,0.0511809390334572,8.029739776951672,DM/CM,12,69,31,14,27,78,42,33,48,23,28,28,62,62,45,6,33,23,83,67,23,50,42,50,52,52,16,12,92,23,23,77,70,56,44,28,62,58,50,53,45,30,34,30,6,72,19,9,12,72,42,28,53,23,25,25,56,56,34,6,28,23,81,75,23,53,42,50,52,52,16,12,92,23,23,77,70,56,50,28,66,56,50,53,44,25,25,22,Czech League
Bohemians 1905,bqcrqg0367eqzrt4vjb5apu6g,qu18vd74g7279me6z0lcxmnd,D. Lischka,David Lischka,29,Defender,Czechia,Defender,70.0,1.0,29.0,8.0,98.0,11.0,0.0,2.0,4.0,4.0,1.0,1.0,17.0,26.0,6.0,270.0,6.0,3.0,1.0,1.0,0.0,1.0,1.0,0.0,0.0,0.0,0.0,86.73,72.73,100.0,100.0,25.0,73.91,78.57,50.0,0.5600939150050452,0.1793714748650371,0.0,0.0,0.0,1.0,2.0,8.0,0.19099365,58.0,23.33333333333333,0.3333333333333333,9.666666666666666,2.6666666666666665,32.666666666666664,3.6666666666666665,0.0,0.6666666666666666,1.3333333333333333,1.3333333333333333,0.3333333333333333,0.3333333333333333,5.666666666666667,8.666666666666666,2.0,2.0,1.0,0.3333333333333333,0.3333333333333333,0.0,0.3333333333333333,0.3333333333333333,0.0,0.0,0.0,0.0,86.73,72.73,100.0,100.0,25.0,73.91,78.57,50.0,0.1866979716683484,0.059790491621679,0.0,0.0,0.0,0.3333333333333333,0.6666666666666666,2.6666666666666665,0.06366455,19.33333333333333,CB,49,82,37,57,43,86,43,70,91,96,49,49,67,87,85,81,47,67,28,35,73,86,42,48,51,51,57,96,99,88,63,94,89,33,94,71,37,24,24,70,24,51,49,51,47,82,31,56,45,94,43,75,94,98,53,53,77,96,91,93,53,72,24,35,75,88,42,48,51,51,57,96,99,88,63,94,89,33,98,75,37,24,24,68,24,57,53,57,Czech League
Baník Ostrava,dfvvrv84skv23rsn1k6kt4slc,1swb8k67itlpalnjkyrv7quzu,M. Diachuk,Maksym Dyachuk,23,Defender,Ukraine,Defender,12.0,0.0,12.0,2.0,24.0,2.0,0.0,0.0,0.0,0.0,2.0,2.0,4.0,3.0,1.0,90.0,0.0,0.0,2.0,0.0,0.0,0.0,0.0,0.0,0.0,0.0,0.0,82.76,100.0,0.0,100.0,0.0,57.14,0.0,0.0,0.0,0.0,0.0,0.0,0.0,0.0,0.0,0.0,0.0,0.0,12.0,0.0,12.0,2.0,24.0,2.0,0.0,0.0,0.0,0.0,2.0,2.0,4.0,3.0,1.0,0.0,0.0,2.0,0.0,0.0,0.0,0.0,0.0,0.0,0.0,0.0,82.76,100.0,0.0,100.0,0.0,57.14,0.0,0.0,0.0,0.0,0.0,0.0,0.0,0.0,0.0,0.0,0.0,0.0,LB/LCB,5,19,5,19,5,31,40,14,10,26,33,33,7,31,31,10,7,76,5,24,33,38,48,50,52,52,52,100,19,98,33,48,17,5,10,14,29,17,17,19,10,10,10,10,48,19,43,62,57,83,40,14,10,26,86,83,38,62,81,10,7,100,5,24,33,38,48,50,52,52,52,100,19,98,33,48,17,5,10,14,29,17,17,19,10,10,10,10,Czech League
Baník Ostrava,dfvvrv84skv23rsn1k6kt4slc,3y1hr2kxzhzcmv1dllixjbo5w,A. Musák,Artúr Musák,20,Midfielder,Slovakia,Midfielder,12.0,2.0,37.0,2.0,47.0,0.0,1.0,1.0,4.0,1.0,5.0,6.0,3.0,1.0,1.0,135.0,2.0,1.0,2.0,0.0,3.0,0.0,2.0,0.0,0.0,0.0,0.0,83.93,100.0,25.0,40.0,0.0,21.43,0.0,0.0,0.3128122608175492,0.067928346472009,3.0,9.0,0.17831226,4.0,10.0,10.0,0.1807785,20.0,8.0,1.3333333333333333,24.666666666666668,1.3333333333333333,31.33333333333333,0.0,0.6666666666666666,0.6666666666666666,2.6666666666666665,0.6666666666666666,3.333333333333333,4.0,2.0,0.6666666666666666,0.6666666666666666,1.3333333333333333,0.6666666666666666,1.3333333333333333,0.0,2.0,0.0,1.3333333333333333,0.0,0.0,0.0,0.0,83.93,100.0,25.0,40.0,0.0,21.43,0.0,0.0,0.2085415072116994,0.0452855643146726,2.0,6.0,0.11887484,2.6666666666666665,6.666666666666667,6.666666666666667,0.120519,13.333333333333334,CM/AM,26,55,49,42,37,13,82,22,39,27,57,65,4,30,47,10,15,57,11,70,13,73,26,50,50,49,70,98,58,45,13,4,17,11,40,28,76,86,70,76,80,74,40,39,40,76,92,72,78,13,92,26,76,46,84,90,12,46,70,26,18,76,11,96,13,96,26,50,50,49,70,98,58,45,13,4,17,11,68,32,93,100,92,100,98,98,60,70,Czech League
Baník Ostrava,dfvvrv84skv23rsn1k6kt4slc,428kqbonea29aiv0drqpqh2hh,V. Jurečka,Václav Jurecka,32,Attacker,Czechia,Striker,6.0,0.0,13.0,2.0,19.0,0.0,0.0,0.0,2.0,1.0,4.0,4.0,4.0,2.0,0.0,139.0,5.0,2.0,1.0,1.0,1.0,1.0,0.0,1.0,0.0,0.0,0.0,95.0,100.0,0.0,25.0,50.0,23.53,0.0,100.0,0.2850853902298351,0.0,1.0,2.0,0.07578318,1.0,2.0,4.0,0.0540353299999999,8.0,3.884892086330935,0.0,8.417266187050359,1.2949640287769784,12.302158273381297,0.0,0.0,0.0,1.2949640287769784,0.6474820143884892,2.5899280575539567,2.5899280575539567,2.5899280575539567,1.2949640287769784,0.0,3.237410071942446,1.2949640287769784,0.6474820143884892,0.6474820143884892,0.6474820143884892,0.6474820143884892,0.0,0.6474820143884892,0.0,0.0,0.0,95.0,100.0,0.0,25.0,50.0,23.53,0.0,100.0,0.1845876627387421,0.0,0.6474820143884892,1.2949640287769784,0.0490682460431654,0.6474820143884892,1.2949640287769784,2.5899280575539567,0.0349869043165467,5.179856115107913,ST,29,34,30,78,33,10,42,12,16,12,49,49,12,57,32,24,32,41,56,58,34,20,66,51,51,50,100,96,34,43,74,9,12,93,20,13,52,58,62,58,61,78,29,42,47,34,53,82,44,10,42,12,16,9,69,69,16,76,32,27,53,56,62,69,42,20,80,51,51,50,100,96,34,43,74,9,12,93,36,13,62,71,71,67,78,89,44,62,Czech League
Baník Ostrava,dfvvrv84skv23rsn1k6kt4slc,4ydkw53jymlk7i5mhmse8akgk,R. Nogha,Roan Nogha,22,Midfielder,Cameroon,Midfielder,56.0,0.0,44.0,7.0,100.0,6.0,1.0,2.0,1.0,0.0,2.0,2.0,13.0,5.0,2.0,360.0,3.0,3.0,2.0,1.0,1.0,0.0,0.0,0.0,0.0,0.0,0.0,79.37,36.84,0.0,100.0,0.0,50.0,50.0,50.0,0.0588180486724744,0.2243478412719692,1.0,1.0,0.01935132,2.0,8.0,9.0,0.3814719199999999,54.0,14.0,0.0,11.0,1.75,25.0,1.5,0.25,0.5,0.25,0.0,0.5,0.5,3.25,1.25,0.5,0.75,0.75,0.5,0.25,0.25,0.0,0.0,0.0,0.0,0.0,0.0,79.37,36.84,0.0,100.0,0.0,50.0,50.0,50.0,0.0147045121681186,0.0560869603179923,0.25,0.25,0.00483783,0.5,2.0,2.25,0.0953679799999999,13.5,DM/CM,62,28,58,62,59,94,92,50,19,23,53,53,44,62,45,55,48,81,14,33,23,17,42,50,52,52,44,38,28,94,23,31,55,28,19,59,38,23,22,53,55,53,62,62,41,28,28,41,38,88,91,41,12,23,38,38,22,38,25,31,34,75,9,28,23,17,42,50,52,52,44,38,28,94,23,31,55,28,16,53,34,19,19,48,39,34,50,44,Czech League
Baník Ostrava,dfvvrv84skv23rsn1k6kt4slc,5t9iyv0nltknsabsxcjehqr4l,V. Sinyavskiy,Vlasiy Sinyavskiy,29,Defender,Estonia,Defender,15.0,0.0,51.0,4.0,66.0,5.0,0.0,3.0,3.0,1.0,7.0,7.0,17.0,3.0,1.0,317.0,7.0,2.0,5.0,3.0,2.0,0.0,1.0,0.0,0.0,0.0,0.0,75.86,44.44,0.0,71.43,0.0,53.12,55.56,60.0,0.2643820477862243,0.1779938292817205,1.0,7.0,0.1842272,4.0,10.0,16.0,0.2715886099999999,34.0,4.2586750788643535,0.0,14.479495268138802,1.135646687697161,18.738170347003155,1.4195583596214512,0.0,0.8517350157728707,0.8517350157728707,0.2839116719242902,1.987381703470032,1.987381703470032,4.826498422712934,0.8517350157728707,0.2839116719242902,1.987381703470032,0.5678233438485805,1.4195583596214512,0.8517350157728707,0.5678233438485805,0.0,0.2839116719242902,0.0,0.0,0.0,0.0,75.86,44.44,0.0,71.43,0.0,53.12,55.56,60.0,0.0750611492137545,0.0505345256635799,0.2839116719242902,1.987381703470032,0.0523042523659306,1.135646687697161,2.8391167192429023,4.542586750788644,0.0771071763406939,9.652996845425868,LB/LCB,24,19,76,36,43,60,40,69,86,60,88,88,71,31,31,98,50,98,60,83,33,83,48,50,52,52,38,62,19,90,33,33,71,40,81,48,74,86,90,93,57,88,57,52,5,19,67,38,24,52,40,62,71,57,81,76,62,29,24,86,43,95,57,86,33,81,48,50,52,52,38,62,19,90,33,33,71,40,71,48,67,86,86,90,62,86,48,43,Czech League
Baník Ostrava,dfvvrv84skv23rsn1k6kt4slc,5te1lqnohevdbo6yqbha4pc7o,A. Traoré,Aboubacar Traoré,22,Midfielder,Côte d'Ivoire,Midfielder,24.0,0.0,53.0,5.0,77.0,2.0,0.0,1.0,2.0,0.0,3.0,4.0,10.0,1.0,0.0,225.0,1.0,3.0,2.0,3.0,2.0,0.0,1.0,0.0,0.0,0.0,0.0,83.7,45.45,0.0,66.67,0.0,50.0,40.0,100.0,0.1631889400855397,0.0632792087569759,0.0,7.0,0.1395931,0.0,13.0,4.0,0.1434122,55.0,9.6,0.0,21.2,2.0,30.8,0.8,0.0,0.4,0.8,0.0,1.2,1.6,4.0,0.4,0.0,0.4,1.2,0.8,1.2,0.8,0.0,0.4,0.0,0.0,0.0,0.0,83.7,45.45,0.0,66.67,0.0,50.0,40.0,100.0,0.0652755760342158,0.0253116835027903,0.0,2.8,0.0558372399999999,0.0,5.2,1.6,0.0573648799999999,22.0,RM/RCM,44,28,78,83,44,67,39,33,56,33,39,44,50,11,22,44,50,61,67,83,33,67,50,56,56,56,78,89,28,100,33,89,72,94,56,33,17,67,56,22,89,44,22,89,56,28,78,89,67,78,39,33,56,33,22,33,44,11,22,56,56,67,67,100,33,89,50,56,56,56,78,89,28,100,33,89,72,94,67,33,17,78,44,22,89,56,22,89,Czech League
Baník Ostrava,dfvvrv84skv23rsn1k6kt4slc,5wgwd67f9n3qshemsag55cjdg,D. Gilbert,Dantaye Gilbert,21,Midfielder,Trinidad and Tobago,Midfielder,9.0,0.0,32.0,2.0,41.0,5.0,0.0,1.0,6.0,4.0,6.0,9.0,9.0,2.0,2.0,158.0,4.0,1.0,2.0,1.0,2.0,2.0,0.0,0.0,0.0,0.0,0.0,80.39,66.67,0.0,33.33,33.33,50.0,71.43,50.0,0.4761263515723448,0.0466141060893765,3.0,3.0,0.08023754,0.0,1.0,1.0,0.06389018,13.0,5.1265822784810124,0.0,18.227848101265824,1.139240506329114,23.35443037974684,2.848101265822785,0.0,0.569620253164557,3.4177215189873418,2.278481012658228,3.4177215189873418,5.1265822784810124,5.1265822784810124,1.139240506329114,1.139240506329114,2.278481012658228,0.569620253164557,1.139240506329114,0.569620253164557,1.139240506329114,1.139240506329114,0.0,0.0,0.0,0.0,0.0,80.39,66.67,0.0,33.33,33.33,50.0,71.43,50.0,0.2712112129209559,0.0265523389116701,1.7088607594936709,1.7088607594936709,0.0457049278481012,0.0,0.569620253164557,0.569620253164557,0.0363931405063291,7.405063291139241,CM/AM,17,15,36,42,33,92,37,22,69,76,68,84,44,50,67,38,15,57,31,49,68,17,26,50,50,49,43,85,15,35,58,61,96,40,56,22,76,36,40,12,12,9,18,24,22,15,66,62,50,100,37,22,94,98,86,96,70,68,86,54,14,70,44,70,86,17,26,50,50,49,43,85,15,35,58,61,96,40,84,26,88,50,56,12,10,6,18,30,Czech League
Baník Ostrava,dfvvrv84skv23rsn1k6kt4slc,7i50ep9riukrbrm9iywvy5nv8,A. Gning,Abdallah Gning,27,Attacker,Senegal,Striker,7.0,0.0,21.0,0.0,28.0,7.0,0.0,3.0,4.0,4.0,7.0,8.0,19.0,4.0,2.0,285.0,14.0,6.0,1.0,5.0,0.0,1.0,0.0,0.0,0.0,0.0,0.0,57.14,0.0,0.0,14.29,25.0,47.5,50.0,100.0,0.4201292459854967,0.1826005425697806,0.0,1.0,0.02385149,1.0,1.0,0.0,0.0818603199999999,8.0,2.210526315789474,0.0,6.631578947368421,0.0,8.842105263157896,2.210526315789474,0.0,0.9473684210526316,1.2631578947368425,1.2631578947368425,2.210526315789474,2.5263157894736845,6.0,1.2631578947368425,0.6315789473684211,4.421052631578948,1.8947368421052635,0.3157894736842105,1.5789473684210529,0.0,0.3157894736842105,0.0,0.0,0.0,0.0,0.0,57.14,0.0,0.0,14.29,25.0,47.5,50.0,100.0,0.1326723934691042,0.0576633292325622,0.0,0.3157894736842105,0.0075320494736842,0.3157894736842105,0.3157894736842105,0.0,0.025850627368421,2.5263157894736845,ST,34,34,66,24,51,78,42,68,41,54,84,86,83,82,91,70,90,41,98,22,34,20,26,51,51,50,16,24,34,31,31,69,73,93,44,60,21,34,28,58,37,8,42,42,20,34,33,24,20,69,42,63,13,38,62,67,73,71,87,53,71,31,93,22,18,20,26,51,51,50,16,24,34,31,31,69,73,93,27,51,21,27,27,53,27,8,29,20,Czech League
Baník Ostrava,dfvvrv84skv23rsn1k6kt4slc,8utfqkk9niq1xvdhsw0f4awut,M. Chaluš,Matej Chalus,28,Defender,Czechia,Defender,79.0,0.0,26.0,5.0,105.0,3.0,0.0,1.0,1.0,1.0,0.0,0.0,8.0,26.0,2.0,239.0,1.0,4.0,0.0,0.0,0.0,1.0,0.0,1.0,0.0,0.0,0.0,90.52,41.67,0.0,0.0,100.0,47.06,37.5,0.0,0.1298325519050603,0.0350592771577454,0.0,0.0,0.0,0.0,8.0,7.0,0.1611953099999999,64.0,29.7489539748954,0.0,9.790794979079498,1.882845188284519,39.5397489539749,1.1297071129707112,0.0,0.3765690376569038,0.3765690376569038,0.3765690376569038,0.0,0.0,3.0125523012552304,9.790794979079498,0.7531380753138076,0.3765690376569038,1.5062761506276152,0.0,0.0,0.0,0.3765690376569038,0.0,0.3765690376569038,0.0,0.0,0.0,90.52,41.67,0.0,0.0,100.0,47.06,37.5,0.0,0.0488909191274285,0.0132022382602388,0.0,0.0,0.0,0.0,3.0125523012552304,2.6359832635983267,0.0607011627615062,24.100418410041843,CB,59,37,29,35,48,29,43,46,41,49,16,16,17,87,32,23,68,27,9,35,73,39,91,48,51,51,76,43,37,27,96,27,23,9,49,41,37,24,24,30,57,43,37,60,67,37,39,37,63,31,43,49,41,52,16,16,20,98,31,22,83,27,9,35,82,39,94,48,51,51,76,43,37,27,96,27,23,9,51,45,37,24,24,30,69,55,45,69,Czech League
Baník Ostrava,dfvvrv84skv23rsn1k6kt4slc,9udih61a8rpolajfiwzfu0bmd,D. Holzer,Daniel Holzer,31,Midfielder,Czechia,Midfielder,5.0,1.0,16.0,0.0,20.0,0.0,0.0,1.0,1.0,1.0,2.0,3.0,3.0,1.0,1.0,90.0,2.0,1.0,0.0,0.0,0.0,0.0,0.0,0.0,0.0,0.0,0.0,64.52,0.0,16.67,0.0,0.0,25.0,0.0,0.0,0.1131776347095786,0.1090504243710605,0.0,1.0,0.01935132,1.0,5.0,4.0,0.0618552499999999,10.0,5.0,1.0,16.0,0.0,20.0,0.0,0.0,1.0,1.0,1.0,2.0,3.0,3.0,1.0,1.0,2.0,1.0,0.0,0.0,0.0,0.0,0.0,0.0,0.0,0.0,0.0,64.52,0.0,16.67,0.0,0.0,25.0,0.0,0.0,0.1131776347095786,0.1090504243710605,0.0,1.0,0.01935132,1.0,5.0,4.0,0.0618552499999999,10.0,LM/LCM,25,42,17,33,17,33,33,17,17,17,25,33,17,25,42,17,17,17,25,25,17,33,33,58,58,58,17,33,67,17,17,33,33,25,17,17,17,17,17,50,58,33,17,17,50,67,67,33,33,33,33,33,17,17,50,67,33,58,83,33,17,17,25,25,17,33,33,58,58,58,17,33,67,17,17,33,33,25,17,33,17,50,50,67,100,83,17,50,Czech League
Baník Ostrava,dfvvrv84skv23rsn1k6kt4slc,9vw2oyy2bom3l943iptf61v6c,A. Bewene,Abdullahi Bewene,21,Midfielder,Nigeria,Midfielder,34.0,1.0,59.0,3.0,92.0,1.0,0.0,4.0,4.0,2.0,12.0,12.0,27.0,5.0,4.0,359.0,11.0,10.0,4.0,6.0,2.0,1.0,1.0,0.0,0.0,0.0,0.0,80.0,27.27,12.5,33.33,25.0,52.94,25.0,50.0,0.2594322322647666,0.3886654675247338,3.0,9.0,0.3120259399999999,5.0,4.0,6.0,0.2782755,40.0,8.52367688022284,0.2506963788300835,14.79108635097493,0.7520891364902507,23.064066852367688,0.2506963788300835,0.0,1.0027855153203342,1.0027855153203342,0.5013927576601671,3.0083565459610027,3.0083565459610027,6.768802228412256,1.2534818941504178,1.0027855153203342,2.75766016713092,2.5069637883008355,1.0027855153203342,1.504178272980501,0.5013927576601671,0.2506963788300835,0.2506963788300835,0.0,0.0,0.0,0.0,80.0,27.27,12.5,33.33,25.0,52.94,25.0,50.0,0.0650387211805821,0.0974370252847522,0.7520891364902507,2.256267409470752,0.0782237732590529,1.2534818941504178,1.0027855153203342,1.504178272980501,0.0697626601671309,10.027855153203342,RM/RCM,56,72,89,67,67,28,39,89,72,72,100,100,100,72,89,83,100,89,100,83,72,67,50,56,56,56,56,56,72,61,67,100,22,50,67,89,94,78,78,100,44,56,67,44,33,56,56,67,44,11,39,78,67,67,89,89,100,56,78,78,100,89,89,56,67,44,50,56,56,56,56,56,72,61,67,100,22,50,56,78,89,67,78,78,33,44,56,44,Czech League
Baník Ostrava,dfvvrv84skv23rsn1k6kt4slc,ajjw65yizvdjj82h6oe15jpih,M. Kohút,Michal Kohút,26,Midfielder,Czechia,Midfielder,7.0,2.0,21.0,1.0,26.0,0.0,0.0,1.0,6.0,2.0,3.0,3.0,6.0,0.0,0.0,107.0,3.0,1.0,2.0,2.0,4.0,3.0,1.0,1.0,0.0,0.0,0.0,83.87,50.0,33.33,66.67,50.0,46.15,0.0,66.67,0.7993719121146403,0.1128392855598334,2.0,2.0,0.03867417,0.0,1.0,1.0,0.0392942099999999,9.0,5.88785046728972,1.6822429906542056,17.66355140186916,0.8411214953271028,21.86915887850468,0.0,0.0,0.8411214953271028,5.046728971962617,1.6822429906542056,2.5233644859813085,2.5233644859813085,5.046728971962617,0.0,0.0,2.5233644859813085,0.8411214953271028,1.6822429906542056,1.6822429906542056,3.364485981308411,2.5233644859813085,0.8411214953271028,0.8411214953271028,0.0,0.0,0.0,83.87,50.0,33.33,66.67,50.0,46.15,0.0,66.67,0.6723688980403517,0.094911548601729,1.6822429906542056,1.6822429906542056,0.0325296757009345,0.0,0.8411214953271028,0.8411214953271028,0.0330512046728971,7.570093457943925,CM/AM,14,55,21,22,9,13,37,22,69,49,38,33,24,10,18,24,15,57,54,85,84,49,70,50,50,49,68,61,81,75,76,46,17,56,86,32,55,23,14,12,12,9,6,15,26,92,62,50,44,13,37,36,100,82,68,64,68,10,18,60,32,86,88,100,100,80,98,50,50,49,68,61,81,75,76,46,17,56,100,42,86,48,36,12,22,14,12,36,Czech League
Baník Ostrava,dfvvrv84skv23rsn1k6kt4slc,bowlrae6ezghypthbq6zao55g,V. Škrkoň,Vít Skrkon,18,Attacker,Czechia,Striker,3.0,0.0,6.0,2.0,9.0,1.0,0.0,1.0,2.0,2.0,6.0,6.0,6.0,0.0,0.0,96.0,4.0,3.0,1.0,0.0,0.0,1.0,1.0,0.0,0.0,0.0,0.0,56.25,66.67,0.0,16.67,50.0,30.0,33.33,0.0,0.3470931995607255,0.1880962890765305,0.0,1.0,0.04066992,0.0,1.0,1.0,0.22531325,4.0,2.8125,0.0,5.625,1.875,8.4375,0.9375,0.0,0.9375,1.875,1.875,5.625,5.625,5.625,0.0,0.0,3.75,2.8125,0.9375,0.0,0.0,0.9375,0.9375,0.0,0.0,0.0,0.0,56.25,66.67,0.0,16.67,50.0,30.0,33.33,0.0,0.3253998745881801,0.1763402710092473,0.0,0.9375,0.03812805,0.0,0.9375,0.9375,0.2112311718749999,3.75,ST,6,34,3,78,2,30,42,38,16,29,77,74,27,9,32,16,54,41,21,22,34,50,26,51,51,50,13,82,34,33,74,26,44,21,31,62,21,34,46,22,37,28,78,13,29,34,18,96,16,49,42,60,40,60,100,100,71,9,32,42,91,69,21,22,64,80,26,51,51,50,13,82,34,33,74,26,44,21,67,96,21,60,69,22,62,49,91,36,Czech League
Baník Ostrava,dfvvrv84skv23rsn1k6kt4slc,cen47oljunpmotfb2bgomqfbo,D. Planka,David Planka,21,Midfielder,Czechia,Midfielder,18.0,3.0,42.0,1.0,57.0,0.0,0.0,6.0,1.0,0.0,7.0,7.0,3.0,3.0,0.0,168.0,1.0,1.0,0.0,2.0,1.0,0.0,0.0,0.0,1.0,0.0,0.0,83.82,25.0,27.27,0.0,0.0,15.79,0.0,100.0,0.0629349977908757,0.5416574194404069,1.0,6.0,0.17356867,2.0,4.0,5.0,0.25657273,31.0,9.642857142857142,1.6071428571428572,22.5,0.5357142857142857,30.535714285714285,0.0,0.0,3.2142857142857144,0.5357142857142857,0.0,3.75,3.75,1.6071428571428572,1.6071428571428572,0.0,0.5357142857142857,0.5357142857142857,0.0,1.0714285714285714,0.5357142857142857,0.0,0.0,0.0,0.5357142857142857,0.0,0.0,83.82,25.0,27.27,0.0,0.0,15.79,0.0,100.0,0.0337151773879691,0.2901736175573608,0.5357142857142857,3.2142857142857144,0.0929832160714285,1.0714285714285714,2.142857142857143,2.6785714285714284,0.1374496767857143,16.607142857142858,CM/AM,41,73,55,22,44,13,37,71,14,8,80,76,4,69,18,4,15,9,54,30,13,17,26,100,50,49,66,23,69,9,13,2,17,89,12,72,36,66,68,55,39,34,60,57,60,90,88,26,74,13,37,90,12,8,92,88,6,84,18,4,10,9,66,40,13,17,26,100,50,49,66,23,69,9,13,2,17,89,14,88,46,82,80,70,58,56,68,86,Czech League
Baník Ostrava,dfvvrv84skv23rsn1k6kt4slc,cu414j6tqk82k4yc7rzd4rysp,F. Kubala,Filip Kubala,26,Attacker,Czechia,Striker,9.0,0.0,18.0,3.0,27.0,2.0,0.0,2.0,4.0,4.0,4.0,4.0,9.0,1.0,2.0,114.0,6.0,3.0,2.0,0.0,0.0,0.0,2.0,0.0,0.0,0.0,0.0,84.38,100.0,0.0,50.0,0.0,60.0,66.67,0.0,0.4605714756303932,0.1805388535774431,0.0,4.0,0.13234744,0.0,5.0,1.0,0.1127341299999999,9.0,7.105263157894737,0.0,14.210526315789474,2.368421052631579,21.31578947368421,1.5789473684210529,0.0,1.5789473684210529,3.1578947368421053,3.1578947368421053,3.1578947368421053,3.1578947368421053,7.105263157894737,0.7894736842105263,1.5789473684210529,4.736842105263158,2.368421052631579,1.5789473684210529,0.0,0.0,0.0,1.5789473684210529,0.0,0.0,0.0,0.0,84.38,100.0,0.0,50.0,0.0,60.0,66.67,0.0,0.3636090597082052,0.1425306738769287,0.0,3.1578947368421053,0.1044848210526316,0.0,3.947368421052632,0.7894736842105263,0.0890006289473683,7.105263157894737,ST,54,34,50,91,46,46,42,57,41,54,49,49,42,32,91,30,54,68,21,22,8,74,26,51,51,50,93,96,34,73,8,97,96,21,47,58,21,82,76,22,88,28,51,51,80,34,87,98,89,58,42,84,84,91,80,78,91,53,100,68,80,87,21,22,8,89,26,51,51,50,93,96,34,73,8,97,96,21,73,87,21,91,96,22,98,40,73,82,Czech League
Baník Ostrava,dfvvrv84skv23rsn1k6kt4slc,eiivgqzqs34z74wjdprc4apzo,Y. Skyba,Yevhenii Skyba,23,Defender,Ukraine,Defender,49.0,1.0,45.0,7.0,93.0,4.0,0.0,0.0,1.0,1.0,6.0,7.0,16.0,11.0,3.0,223.0,2.0,3.0,4.0,3.0,0.0,0.0,0.0,0.0,0.0,0.0,0.0,81.58,35.0,16.67,66.67,0.0,48.48,44.44,60.0,0.1132669977176901,0.0,0.0,0.0,0.0,3.0,6.0,8.0,0.2915129099999999,61.0,19.77578475336323,0.4035874439461883,18.16143497757848,2.825112107623318,37.53363228699551,1.6143497757847534,0.0,0.0,0.4035874439461883,0.4035874439461883,2.42152466367713,2.825112107623318,6.457399103139013,4.439461883408072,1.210762331838565,0.8071748878923767,1.210762331838565,1.6143497757847534,1.210762331838565,0.0,0.0,0.0,0.0,0.0,0.0,0.0,81.58,35.0,16.67,66.67,0.0,48.48,44.44,60.0,0.0457131380923412,0.0,0.0,0.0,0.0,1.210762331838565,2.42152466367713,3.2286995515695067,0.1176509502242152,24.618834080717487,CB,35,82,58,46,41,38,43,18,41,49,98,98,57,40,48,40,47,96,60,35,28,39,42,48,51,51,29,19,77,69,28,29,27,57,45,21,37,24,24,92,47,51,67,57,33,86,80,59,59,51,43,18,43,59,96,98,86,53,63,47,65,98,71,35,28,39,42,48,51,51,29,19,77,69,28,29,27,57,47,21,37,24,24,98,55,69,84,71,Czech League
Baník Ostrava,dfvvrv84skv23rsn1k6kt4slc,nqq723jxgno3vkxe8gv6zbbo,J. Míček,Jirí Mícek,19,Defender,Czechia,Defender,31.0,0.0,45.0,8.0,76.0,6.0,0.0,0.0,3.0,2.0,3.0,3.0,20.0,13.0,3.0,311.0,4.0,7.0,1.0,4.0,1.0,2.0,0.0,0.0,1.0,0.0,0.0,75.25,40.0,0.0,33.33,66.67,60.61,40.0,57.14,0.2799733230866866,0.0,1.0,0.0,0.0,1.0,15.0,12.0,0.23239977,43.0,8.971061093247588,0.0,13.022508038585208,2.315112540192926,21.9935691318328,1.7363344051446945,0.0,0.0,0.8681672025723473,0.5787781350482315,0.8681672025723473,0.8681672025723473,5.787781350482315,3.762057877813505,0.8681672025723473,1.157556270096463,2.02572347266881,0.2893890675241157,1.157556270096463,0.2893890675241157,0.5787781350482315,0.0,0.0,0.2893890675241157,0.0,0.0,75.25,40.0,0.0,33.33,66.67,60.61,40.0,57.14,0.0810212188996842,0.0,0.2893890675241157,0.0,0.0,0.2893890675241157,4.340836012861736,3.472668810289389,0.0672539527331189,12.443729903536976,LB/LCB,43,19,57,74,52,83,40,14,86,83,45,45,88,76,76,62,90,45,71,57,100,38,48,100,52,52,33,52,19,52,90,76,55,31,86,14,74,17,17,52,86,57,52,71,33,19,52,71,52,67,40,14,76,71,43,43,86,67,62,57,86,33,71,52,100,38,48,100,52,52,33,52,19,52,90,76,55,31,76,14,71,17,17,43,81,67,38,67,Czech League
Hradec Králové,1v75g4bk8vzrvu0jmaro6lila,1j9ty6ncoes22t954ygd6mpsk,D. Ludvíček,David Ludvícek,25,Defender,Czechia,Defender,5.0,0.0,27.0,1.0,32.0,0.0,0.0,0.0,0.0,0.0,0.0,0.0,0.0,0.0,2.0,91.0,0.0,0.0,0.0,0.0,0.0,0.0,0.0,0.0,0.0,0.0,0.0,84.21,25.0,0.0,0.0,0.0,0.0,0.0,0.0,0.0,0.0,0.0,0.0,0.0,0.0,0.0,0.0,0.0,0.0,4.945054945054945,0.0,26.703296703296704,0.989010989010989,31.64835164835165,0.0,0.0,0.0,0.0,0.0,0.0,0.0,0.0,0.0,1.978021978021978,0.0,0.0,0.0,0.0,0.0,0.0,0.0,0.0,0.0,0.0,0.0,84.21,25.0,0.0,0.0,0.0,0.0,0.0,0.0,0.0,0.0,0.0,0.0,0.0,0.0,0.0,0.0,0.0,0.0,RB/RCB,7,36,36,7,21,11,50,18,14,18,14,14,7,11,39,18,7,25,7,29,36,39,46,50,54,54,86,7,36,25,36,7,11,7,14,21,36,21,21,32,14,14,14,14,7,36,100,7,71,11,50,18,14,18,14,14,7,11,93,18,7,25,7,29,36,39,46,50,54,54,86,7,36,25,36,7,11,7,14,21,36,21,21,32,14,14,14,14,Czech League
Hradec Králové,1v75g4bk8vzrvu0jmaro6lila,2bf28lr218vw4pxri6ovksa5m,M. Valenta,Matej Valenta,26,Midfielder,Czechia,Midfielder,17.0,1.0,25.0,1.0,41.0,0.0,0.0,2.0,0.0,0.0,0.0,0.0,6.0,4.0,1.0,113.0,2.0,0.0,0.0,4.0,0.0,0.0,0.0,0.0,0.0,0.0,0.0,80.39,16.67,100.0,0.0,0.0,54.55,0.0,66.67,0.0,0.1431994193132734,0.0,6.0,0.19085364,2.0,6.0,4.0,0.11185105,19.0,13.539823008849558,0.7964601769911505,19.91150442477876,0.7964601769911505,32.65486725663717,0.0,0.0,1.592920353982301,0.0,0.0,0.0,0.0,4.778761061946903,3.185840707964602,0.7964601769911505,1.592920353982301,0.0,0.0,3.185840707964602,0.0,0.0,0.0,0.0,0.0,0.0,0.0,80.39,16.67,100.0,0.0,0.0,54.55,0.0,66.67,0.0,0.1140526348512797,0.0,4.778761061946903,0.1520073238938053,1.592920353982301,4.778761061946903,3.185840707964602,0.089084907079646,15.132743362831858,CM/AM,36,37,26,22,33,13,37,36,4,8,4,3,24,83,47,10,3,9,81,11,13,17,26,50,50,49,43,16,99,9,13,74,17,56,5,34,16,66,74,55,59,26,28,36,82,62,76,40,80,13,37,70,4,8,4,3,60,100,78,42,3,9,100,11,13,17,26,50,50,49,43,16,99,9,13,74,17,56,5,54,16,98,98,80,96,66,50,80,Czech League
Hradec Králové,1v75g4bk8vzrvu0jmaro6lila,2enfunw56fyi0fdnjr9qv7696,J. Uhrinčať,Jakub Uhrincat,25,Defender,Slovakia,Defender,46.0,1.0,33.0,7.0,78.0,3.0,0.0,3.0,1.0,0.0,1.0,1.0,13.0,9.0,2.0,215.0,1.0,0.0,1.0,5.0,1.0,0.0,0.0,0.0,0.0,0.0,0.0,77.23,43.75,50.0,100.0,0.0,81.25,0.0,55.56,0.0679258103967254,0.1971211871389804,0.0,2.0,0.04282587,1.0,13.0,11.0,0.26713503,42.0,19.25581395348837,0.4186046511627907,13.813953488372093,2.9302325581395348,32.65116279069768,1.255813953488372,0.0,1.255813953488372,0.4186046511627907,0.0,0.4186046511627907,0.4186046511627907,5.441860465116279,3.767441860465116,0.8372093023255814,0.4186046511627907,0.0,0.4186046511627907,2.0930232558139537,0.4186046511627907,0.0,0.0,0.0,0.0,0.0,0.0,77.23,43.75,50.0,100.0,0.0,81.25,0.0,55.56,0.0284340601660711,0.082515845779108,0.0,0.8372093023255814,0.017927108372093,0.4186046511627907,5.441860465116279,4.604651162790698,0.1118239660465116,17.58139534883721,CB,32,82,45,46,25,29,43,86,41,18,49,49,44,31,32,23,6,67,79,80,28,39,42,48,51,51,22,51,92,88,28,98,9,44,37,76,37,67,61,70,76,70,63,37,29,90,61,61,43,39,43,92,47,18,59,59,73,37,37,24,6,78,92,90,28,39,42,48,51,51,22,51,92,88,28,98,9,44,39,84,37,71,65,80,92,88,82,51,Czech League
Hradec Králové,1v75g4bk8vzrvu0jmaro6lila,3bh2udfj5run303fagtx1s8vd,D. Horák,Daniel Horák,26,Defender,Czechia,Defender,39.0,4.0,45.0,2.0,80.0,3.0,1.0,4.0,5.0,4.0,2.0,2.0,14.0,3.0,0.0,270.0,10.0,4.0,1.0,3.0,1.0,1.0,0.0,0.0,0.0,0.0,0.0,77.67,66.67,26.67,50.0,20.0,56.0,42.86,50.0,0.5230032455692972,0.5399296677519388,1.0,2.0,0.04130209,0.0,5.0,6.0,0.5848094399999999,36.0,13.0,1.3333333333333333,15.0,0.6666666666666666,26.666666666666668,1.0,0.3333333333333333,1.3333333333333333,1.6666666666666667,1.3333333333333333,0.6666666666666666,0.6666666666666666,4.666666666666667,1.0,0.0,3.333333333333333,1.3333333333333333,0.3333333333333333,1.0,0.3333333333333333,0.3333333333333333,0.0,0.0,0.0,0.0,0.0,77.67,66.67,26.67,50.0,20.0,56.0,42.86,50.0,0.1743344151897657,0.1799765559173129,0.3333333333333333,0.6666666666666666,0.0137673633333333,0.0,1.6666666666666667,2.0,0.1949364799999999,12.0,LM/LCM,83,83,50,67,67,83,75,67,42,42,25,17,50,67,17,50,50,42,50,50,33,33,33,58,58,58,83,100,83,67,50,83,83,50,33,83,42,42,33,25,58,58,67,67,83,83,33,67,83,83,83,67,33,50,17,17,50,58,17,50,50,33,67,50,33,33,33,58,58,58,83,100,83,67,50,83,83,50,50,83,33,33,17,25,50,33,83,67,Czech League
Hradec Králové,1v75g4bk8vzrvu0jmaro6lila,4wbrkcm2bxeps49cjf747or2s,T. Slončík,Tom Sloncík,21,Midfielder,Czechia,Midfielder,26.0,0.0,32.0,3.0,58.0,1.0,0.0,1.0,7.0,6.0,11.0,12.0,13.0,3.0,1.0,258.0,12.0,2.0,5.0,4.0,1.0,2.0,1.0,2.0,0.0,0.0,0.0,84.06,60.0,0.0,45.45,28.57,39.39,33.33,80.0,0.669570556676036,0.0663120830846046,2.0,5.0,0.12223592,5.0,4.0,6.0,0.1671764,20.0,9.069767441860463,0.0,11.16279069767442,1.0465116279069768,20.232558139534884,0.3488372093023256,0.0,0.3488372093023256,2.441860465116279,2.0930232558139537,3.8372093023255816,4.186046511627907,4.534883720930233,1.0465116279069768,0.3488372093023256,4.186046511627907,0.6976744186046512,1.744186046511628,1.3953488372093024,0.3488372093023256,0.6976744186046512,0.3488372093023256,0.6976744186046512,0.0,0.0,0.0,84.06,60.0,0.0,45.45,28.57,39.39,33.33,80.0,0.233571124421873,0.0231321220062574,0.6976744186046512,1.744186046511628,0.0426404372093023,1.744186046511628,1.3953488372093024,2.0930232558139537,0.0583173488372093,6.976744186046512,CM/AM,56,15,36,60,47,41,37,22,80,94,90,92,63,69,47,82,32,88,81,30,68,49,94,50,50,49,72,75,15,51,51,32,56,76,74,26,55,55,48,88,39,40,36,39,56,15,28,58,32,36,37,16,74,92,94,94,50,62,46,90,24,88,76,28,66,44,90,50,50,49,72,75,15,51,51,32,56,76,76,24,60,52,48,82,34,40,36,26,Czech League
Hradec Králové,1v75g4bk8vzrvu0jmaro6lila,5ir834cntiq4qhlw8dqi6rowl,V. Darida,Vladimír Darida,36,Midfielder,Czechia,Midfielder,64.0,1.0,85.0,7.0,148.0,0.0,0.0,5.0,4.0,0.0,1.0,1.0,16.0,1.0,0.0,270.0,5.0,7.0,1.0,3.0,4.0,1.0,1.0,0.0,0.0,0.0,0.0,87.57,38.89,10.0,100.0,25.0,61.54,0.0,37.5,0.2370174352101612,0.4581022111389655,3.0,5.0,0.10724997,5.0,22.0,29.0,1.1487478000000004,85.0,21.33333333333333,0.3333333333333333,28.33333333333333,2.333333333333333,49.333333333333336,0.0,0.0,1.6666666666666667,1.3333333333333333,0.0,0.3333333333333333,0.3333333333333333,5.333333333333333,0.3333333333333333,0.0,1.6666666666666667,2.333333333333333,0.3333333333333333,1.0,1.3333333333333333,0.3333333333333333,0.3333333333333333,0.0,0.0,0.0,0.0,87.57,38.89,10.0,100.0,25.0,61.54,0.0,37.5,0.0790058117367204,0.1527007370463218,1.0,1.6666666666666667,0.03574999,1.6666666666666667,7.333333333333333,9.666666666666666,0.3829159333333334,28.33333333333333,DM/CM,78,69,75,62,78,8,42,81,64,23,28,28,72,12,8,84,92,59,44,83,64,50,42,50,52,52,78,41,59,94,55,81,9,16,56,84,83,69,62,81,84,94,100,78,72,69,84,66,75,8,42,88,66,23,22,22,69,12,8,78,88,59,39,81,59,50,42,50,52,52,78,41,59,94,55,81,9,16,59,91,81,69,62,84,100,100,97,84,Czech League
Hradec Králové,1v75g4bk8vzrvu0jmaro6lila,5noo2dp9txb8r6yz77s6pt34k,A. Umar,Abdullahi Umar,19,Attacker,Nigeria,Striker,9.0,0.0,10.0,0.0,19.0,1.0,0.0,0.0,3.0,2.0,5.0,6.0,6.0,0.0,0.0,106.0,9.0,2.0,1.0,2.0,1.0,1.0,0.0,0.0,0.0,0.0,0.0,65.52,0.0,0.0,20.0,33.33,30.0,16.67,100.0,0.3032337000609794,0.0,2.0,1.0,0.02401521,1.0,1.0,1.0,0.02859876,8.0,7.641509433962264,0.0,8.49056603773585,0.0,16.132075471698112,0.8490566037735848,0.0,0.0,2.547169811320755,1.6981132075471697,4.245283018867925,5.09433962264151,5.09433962264151,0.0,0.0,7.641509433962264,1.6981132075471697,0.8490566037735848,1.6981132075471697,0.8490566037735848,0.8490566037735848,0.0,0.0,0.0,0.0,0.0,65.52,0.0,0.0,20.0,33.33,30.0,16.67,100.0,0.257462575523473,0.0,1.6981132075471697,0.8490566037735848,0.0203902726415094,0.8490566037735848,0.8490566037735848,0.8490566037735848,0.0242819660377358,6.792452830188679,ST,54,34,20,24,33,30,42,12,29,29,63,74,27,9,32,44,32,41,79,58,34,20,26,51,51,50,31,24,34,38,48,26,27,93,29,13,74,34,33,58,37,28,20,42,91,34,56,24,69,40,42,12,64,49,91,96,60,9,32,96,69,67,96,84,53,20,26,51,51,50,31,24,34,38,48,26,27,93,58,13,89,51,38,73,58,47,24,78,Czech League
Hradec Králové,1v75g4bk8vzrvu0jmaro6lila,5rlyn13uzbrn3wevjkj8agzc9,J. Kučera,Jakub Kucera,29,Midfielder,Czechia,Midfielder,12.0,0.0,11.0,0.0,23.0,1.0,0.0,1.0,0.0,0.0,2.0,2.0,4.0,2.0,1.0,119.0,0.0,3.0,0.0,0.0,0.0,0.0,0.0,0.0,0.0,0.0,0.0,88.46,0.0,0.0,0.0,0.0,30.77,25.0,0.0,0.0,0.053414235529427,0.0,0.0,0.0,0.0,2.0,1.0,0.25863711,9.0,9.07563025210084,0.0,8.319327731092438,0.0,17.39495798319328,0.7563025210084033,0.0,0.7563025210084033,0.0,0.0,1.512605042016807,1.512605042016807,3.0252100840336134,1.512605042016807,0.7563025210084033,0.0,2.26890756302521,0.0,0.0,0.0,0.0,0.0,0.0,0.0,0.0,0.0,88.46,0.0,0.0,0.0,0.0,30.77,25.0,0.0,0.0,0.0403973209886422,0.0,0.0,0.0,0.0,1.512605042016807,0.7563025210084033,0.1956078983193277,6.80672268907563,RM/RCM,22,28,11,22,11,28,39,33,11,33,17,11,11,28,50,17,50,17,17,11,33,22,50,56,56,56,89,22,28,17,33,22,22,17,11,22,17,11,11,22,22,17,56,22,44,28,22,22,22,67,39,44,11,33,33,22,22,67,56,17,89,17,17,11,33,22,50,56,56,56,89,22,28,17,33,22,22,17,11,44,17,11,11,22,44,22,78,22,Czech League
Hradec Králové,1v75g4bk8vzrvu0jmaro6lila,77r4hf2uohwyjw93tfx6sk9gp,F. Čech,Frantisek Cech,28,Defender,Czechia,Defender,136.0,0.0,40.0,3.0,176.0,3.0,0.0,0.0,3.0,3.0,3.0,3.0,13.0,17.0,3.0,270.0,4.0,3.0,1.0,2.0,0.0,2.0,0.0,1.0,0.0,0.0,0.0,94.12,33.33,0.0,33.33,66.67,46.43,37.5,33.33,0.4133640921024775,0.0,0.0,1.0,0.0174506,0.0,8.0,9.0,0.19823352,88.0,45.333333333333336,0.0,13.333333333333334,1.0,58.66666666666666,1.0,0.0,0.0,1.0,1.0,1.0,1.0,4.333333333333333,5.666666666666667,1.0,1.3333333333333333,1.0,0.3333333333333333,0.6666666666666666,0.0,0.6666666666666666,0.0,0.3333333333333333,0.0,0.0,0.0,94.12,33.33,0.0,33.33,66.67,46.43,37.5,33.33,0.1377880307008258,0.0,0.0,0.3333333333333333,0.0058168666666666,0.0,2.6666666666666665,3.0,0.06607784,29.33333333333333,CB,82,37,53,21,79,29,43,18,75,86,80,78,44,60,48,65,47,67,46,35,95,39,91,48,51,51,95,14,37,59,88,25,23,20,84,21,37,53,47,30,57,59,51,73,92,37,53,16,90,25,43,18,86,95,82,79,41,69,48,70,53,72,46,35,98,39,91,48,51,51,95,14,37,59,88,25,23,20,92,21,37,55,49,30,61,65,57,80,Czech League
Hradec Králové,1v75g4bk8vzrvu0jmaro6lila,a39nidkjopd50d1gk58soo1cl,M. van Buren,Mick van Buren,34,Attacker,Netherlands,Striker,10.0,2.0,24.0,0.0,32.0,1.0,0.0,1.0,5.0,5.0,7.0,8.0,10.0,5.0,0.0,176.0,9.0,3.0,5.0,0.0,0.0,3.0,0.0,1.0,0.0,0.0,0.0,74.42,0.0,66.67,71.43,60.0,52.63,33.33,0.0,0.7296166593690339,0.0743848295274465,0.0,5.0,0.17294157,2.0,4.0,2.0,0.2289500599999999,16.0,5.113636363636364,1.0227272727272727,12.272727272727272,0.0,16.363636363636363,0.5113636363636364,0.0,0.5113636363636364,2.556818181818182,2.556818181818182,3.5795454545454546,4.090909090909091,5.113636363636364,2.556818181818182,0.0,4.602272727272728,1.5340909090909092,2.556818181818182,0.0,0.0,1.5340909090909092,0.0,0.5113636363636364,0.0,0.0,0.0,74.42,0.0,66.67,71.43,60.0,52.63,33.33,0.0,0.3730994280864377,0.0380376969174442,0.0,2.556818181818182,0.0884360301136363,1.0227272727272727,2.0454545454545454,1.0227272727272727,0.1170767352272726,8.181818181818182,ST,67,90,73,24,63,30,42,38,53,66,84,86,52,89,32,44,54,94,21,22,74,20,66,51,51,50,53,24,100,89,92,84,44,21,67,40,21,89,84,79,81,52,80,77,64,93,80,24,73,27,42,38,67,78,87,89,62,100,32,60,64,98,21,22,89,20,73,51,51,50,53,24,100,89,92,84,44,21,78,40,21,89,87,80,91,51,80,93,Czech League
Hradec Králové,1v75g4bk8vzrvu0jmaro6lila,bptjm5hzs0fiincv8xzwq4m0a,F. Čihák,Filip Cihák,27,Defender,Czechia,Defender,105.0,0.0,47.0,7.0,152.0,9.0,0.0,1.0,2.0,2.0,2.0,3.0,16.0,11.0,4.0,270.0,3.0,4.0,0.0,0.0,0.0,0.0,0.0,0.0,0.0,0.0,0.0,87.86,41.18,0.0,0.0,0.0,45.71,50.0,0.0,0.2888102947363595,0.0500990769650027,0.0,3.0,0.06252566,1.0,8.0,12.0,0.28771026,106.0,35.0,0.0,15.666666666666666,2.333333333333333,50.66666666666666,3.0,0.0,0.3333333333333333,0.6666666666666666,0.6666666666666666,0.6666666666666666,1.0,5.333333333333333,3.6666666666666665,1.3333333333333333,1.0,1.3333333333333333,0.0,0.0,0.0,0.0,0.0,0.0,0.0,0.0,0.0,87.86,41.18,0.0,0.0,0.0,45.71,50.0,0.0,0.0962700982454531,0.0166996923216675,0.0,1.0,0.0208418866666666,0.3333333333333333,2.6666666666666665,4.0,0.09590342,35.333333333333336,CB,71,37,63,46,76,77,43,46,60,73,71,78,57,40,63,54,68,27,9,35,28,39,42,48,51,51,61,41,37,27,28,24,37,9,71,47,37,75,69,70,57,73,65,83,80,37,67,47,78,78,43,45,60,78,75,79,65,35,74,53,72,27,9,35,28,39,42,48,51,51,61,41,37,27,28,24,37,9,78,49,37,76,75,68,61,75,71,89,Czech League
Hradec Králové,1v75g4bk8vzrvu0jmaro6lila,cg3fk0cm3r2edv5u9ng4ef4yd,O. Mihálik,Ondrej Mihálik,29,Attacker,Czechia,Striker,2.0,0.0,14.0,0.0,16.0,2.0,0.0,0.0,1.0,0.0,3.0,4.0,4.0,1.0,0.0,163.0,3.0,1.0,1.0,0.0,1.0,0.0,0.0,0.0,0.0,0.0,0.0,69.57,0.0,0.0,33.33,0.0,33.33,40.0,0.0,0.0570780614018882,0.0,1.0,2.0,0.04950342,1.0,0.0,1.0,0.0232550999999999,2.0,1.1042944785276074,0.0,7.730061349693251,0.0,8.83435582822086,1.1042944785276074,0.0,0.0,0.5521472392638037,0.0,1.656441717791411,2.208588957055215,2.208588957055215,0.5521472392638037,0.0,1.656441717791411,0.5521472392638037,0.5521472392638037,0.0,0.5521472392638037,0.0,0.0,0.0,0.0,0.0,0.0,69.57,0.0,0.0,33.33,0.0,33.33,40.0,0.0,0.0315154940255824,0.0,0.5521472392638037,1.1042944785276074,0.0273331766871165,0.5521472392638037,0.0,0.5521472392638037,0.0128402392638036,1.1042944785276074,CM/AM,2,15,5,8,4,65,37,8,14,8,38,42,10,30,18,24,15,33,11,30,13,17,26,50,50,49,12,8,15,35,13,20,69,11,10,10,36,23,22,37,4,9,4,4,2,15,10,8,4,82,37,8,14,8,52,56,20,42,18,44,12,44,11,44,13,17,26,50,50,49,12,8,15,35,13,20,69,11,12,10,50,34,30,46,4,4,4,4,Czech League
Hradec Králové,1v75g4bk8vzrvu0jmaro6lila,xbp16o2bijkl84w1lklyua51,S. Dancák,Samuel Dancák,28,Midfielder,Slovakia,Midfielder,32.0,0.0,34.0,3.0,66.0,2.0,0.0,3.0,1.0,0.0,0.0,0.0,8.0,2.0,2.0,128.0,0.0,0.0,0.0,4.0,1.0,1.0,0.0,0.0,0.0,0.0,0.0,82.5,75.0,0.0,0.0,100.0,57.14,50.0,66.67,0.0671473510440865,0.3169689678836643,1.0,4.0,0.11458552,3.0,6.0,7.0,0.6672813299999998,36.0,22.5,0.0,23.90625,2.109375,46.40625,1.40625,0.0,2.109375,0.703125,0.0,0.0,0.0,5.625,1.40625,1.40625,0.0,0.0,0.0,2.8125,0.703125,0.703125,0.0,0.0,0.0,0.0,0.0,82.5,75.0,0.0,0.0,100.0,57.14,50.0,66.67,0.0472129812028733,0.2228688055432014,0.703125,2.8125,0.08056794375,2.109375,4.21875,4.921875,0.4691821851562498,25.3125,DM/CM,41,28,39,27,41,50,42,62,19,23,9,9,19,23,45,6,8,23,58,33,64,17,42,50,52,52,56,94,28,23,97,67,55,56,22,72,38,58,72,62,45,41,84,50,78,28,78,56,72,81,42,94,28,23,9,9,75,47,84,6,8,23,97,56,84,17,42,50,52,52,56,94,28,23,97,67,55,56,31,97,69,88,94,97,75,78,100,81,Czech League
Slovan Liberec,2c4rs2vp0tyjiqa7y3gfttf24,20u1fl1nr2r79lqyonfpewoic,S. Afolabi,Soliu Afolabi,21,Midfielder,Nigeria,Midfielder,5.0,0.0,27.0,0.0,32.0,0.0,0.0,2.0,5.0,5.0,8.0,9.0,4.0,1.0,1.0,125.0,13.0,3.0,1.0,0.0,0.0,3.0,0.0,1.0,0.0,0.0,0.0,72.73,0.0,0.0,12.5,60.0,14.81,0.0,0.0,0.549718903426498,0.1577179385734138,1.0,4.0,0.11510942,0.0,1.0,6.0,0.12620503,12.0,3.6,0.0,19.44,0.0,23.04,0.0,0.0,1.44,3.6,3.6,5.76,6.48,2.88,0.72,0.72,9.36,2.16,0.72,0.0,0.0,2.16,0.0,0.72,0.0,0.0,0.0,72.73,0.0,0.0,12.5,60.0,14.81,0.0,0.0,0.3957976104670785,0.1135569157728579,0.72,2.88,0.0828787824,0.0,0.72,4.32,0.0908676216,8.64,LM/LCM,25,17,33,33,33,33,33,42,42,67,75,83,33,25,42,67,33,42,25,25,75,33,75,58,58,58,50,33,17,33,100,17,33,25,50,33,42,67,67,25,33,58,33,33,17,17,100,33,67,33,33,83,100,100,100,100,17,33,67,100,83,67,25,25,100,33,100,58,58,58,50,33,17,33,100,17,33,25,100,50,50,83,83,25,33,100,33,33,Czech League
Slovan Liberec,2c4rs2vp0tyjiqa7y3gfttf24,2ijin6mf3w7hbzuju1jpmoq8l,L. Masopust,Lukás Masopust,33,Midfielder,Czechia,Midfielder,57.0,2.0,66.0,10.0,121.0,1.0,0.0,7.0,4.0,2.0,11.0,12.0,31.0,9.0,8.0,424.0,4.0,5.0,6.0,9.0,2.0,0.0,2.0,0.0,0.0,0.0,0.0,76.1,35.71,22.22,54.55,0.0,59.62,14.29,47.37,0.2412071231317112,0.5164734520456253,1.0,2.0,0.04398591,1.0,15.0,20.0,0.5961746799999998,67.0,12.099056603773583,0.4245283018867924,14.00943396226415,2.1226415094339623,25.683962264150946,0.2122641509433962,0.0,1.4858490566037736,0.8490566037735848,0.4245283018867924,2.3349056603773586,2.547169811320755,6.580188679245283,1.910377358490566,1.6981132075471697,0.8490566037735848,1.0613207547169812,1.2735849056603774,1.910377358490566,0.4245283018867924,0.0,0.4245283018867924,0.0,0.0,0.0,0.0,76.1,35.71,22.22,54.55,0.0,59.62,14.29,47.37,0.0511996251930519,0.1096287987832695,0.2122641509433962,0.4245283018867924,0.0093366318396226,0.2122641509433962,3.1839622641509435,4.245283018867925,0.1265465122641509,14.221698113207546,DM/CM,67,88,69,78,69,28,42,97,64,75,100,100,97,91,100,72,77,100,95,50,23,80,42,50,52,52,31,33,77,78,23,72,19,20,59,94,38,39,28,41,75,81,81,69,31,75,47,59,41,19,42,81,44,62,97,97,88,72,97,47,53,94,69,34,23,56,42,50,52,52,31,33,77,78,23,72,19,20,34,78,28,25,25,34,59,62,59,50,Czech League
Slovan Liberec,2c4rs2vp0tyjiqa7y3gfttf24,6i65quse9pjdu8z2um61md8gk,M. Lexa,Milan Lexa,22,Midfielder,Czechia,Midfielder,11.0,9.0,45.0,2.0,47.0,1.0,0.0,13.0,2.0,1.0,5.0,5.0,5.0,0.0,1.0,223.0,8.0,1.0,1.0,1.0,1.0,1.0,1.0,0.0,0.0,0.0,0.0,65.28,18.18,37.5,20.0,50.0,21.74,12.5,50.0,0.193619656632569,1.2856734344265237,0.0,3.0,0.07570073,5.0,4.0,7.0,0.3759297399999999,24.0,4.439461883408072,3.632286995515695,18.16143497757848,0.8071748878923767,18.968609865470853,0.4035874439461883,0.0,5.246636771300448,0.8071748878923767,0.4035874439461883,2.0179372197309418,2.0179372197309418,2.0179372197309418,0.0,0.4035874439461883,3.2286995515695067,0.4035874439461883,0.4035874439461883,0.4035874439461883,0.4035874439461883,0.4035874439461883,0.4035874439461883,0.0,0.0,0.0,0.0,65.28,18.18,37.5,20.0,50.0,21.74,12.5,50.0,0.0781424623180771,0.5188816551497181,0.0,1.210762331838565,0.0305518641255605,2.0179372197309418,1.6143497757847534,2.825112107623318,0.1517205228699551,9.68609865470852,CM/AM,24,99,61,42,37,41,37,98,25,27,57,53,16,10,47,73,15,33,31,30,42,49,26,50,50,49,6,18,86,24,76,6,36,40,24,96,16,36,38,88,39,51,68,45,18,100,64,42,24,42,37,100,24,24,54,50,14,10,48,70,8,32,28,30,46,46,26,50,50,49,6,18,86,24,76,6,36,40,28,100,16,38,34,90,40,58,76,48,Czech League
Slovan Liberec,2c4rs2vp0tyjiqa7y3gfttf24,6marp4xhjkoal9ax2zx9kap78,L. Mašek,Lukás Masek,22,Attacker,Czechia,Striker,5.0,0.0,10.0,0.0,15.0,12.0,0.0,1.0,11.0,10.0,2.0,2.0,21.0,2.0,0.0,233.0,22.0,7.0,1.0,1.0,1.0,6.0,0.0,1.0,0.0,0.0,0.0,46.88,0.0,0.0,50.0,54.55,48.84,50.0,100.0,0.6239788837067024,0.0696094079599334,0.0,1.0,0.25745362,0.0,0.0,1.0,0.00526986,3.0,1.931330472103004,0.0,3.862660944206009,0.0,5.793991416309012,4.63519313304721,0.0,0.3862660944206008,4.24892703862661,3.862660944206009,0.7725321888412017,0.7725321888412017,8.111587982832617,0.7725321888412017,0.0,8.49785407725322,2.703862660944206,0.3862660944206008,0.3862660944206008,0.3862660944206008,2.317596566523605,0.0,0.3862660944206008,0.0,0.0,0.0,46.88,0.0,0.0,50.0,54.55,48.84,50.0,100.0,0.2410218864103142,0.0268877541476137,0.0,0.3862660944206008,0.0994456042918454,0.0,0.0,0.3862660944206008,0.0020355682403433,1.1587982832618025,ST,23,34,20,24,18,93,42,38,93,96,29,24,93,57,32,93,96,41,56,58,98,20,66,51,51,50,4,24,34,73,89,73,73,93,60,38,21,34,93,22,12,28,7,10,11,34,7,24,7,100,42,31,96,98,27,22,96,51,32,98,87,40,51,56,100,20,58,51,51,50,4,24,34,73,89,73,73,93,53,33,21,29,93,22,12,27,7,7,Czech League
Slovan Liberec,2c4rs2vp0tyjiqa7y3gfttf24,73akea5hi9ygl6lbnd5thp79w,P. Dulay,Patrik Dulay,21,Midfielder,Slovakia,Midfielder,8.0,0.0,16.0,1.0,24.0,1.0,1.0,1.0,5.0,4.0,7.0,7.0,10.0,5.0,1.0,255.0,11.0,2.0,1.0,4.0,1.0,3.0,2.0,2.0,0.0,0.0,0.0,63.16,50.0,0.0,14.29,60.0,34.48,25.0,66.67,0.650298767701451,0.1185980205967581,1.0,5.0,0.17155366,4.0,0.0,1.0,0.08116413,8.0,2.8235294117647056,0.0,5.647058823529411,0.3529411764705882,8.470588235294118,0.3529411764705882,0.3529411764705882,0.3529411764705882,1.7647058823529411,1.4117647058823528,2.4705882352941173,2.4705882352941173,3.5294117647058822,1.7647058823529411,0.3529411764705882,3.882352941176471,0.7058823529411764,0.3529411764705882,1.4117647058823528,0.3529411764705882,1.0588235294117647,0.7058823529411764,0.7058823529411764,0.0,0.0,0.0,63.16,50.0,0.0,14.29,60.0,34.48,25.0,66.67,0.2295172121299238,0.0418581249165028,0.3529411764705882,1.7647058823529411,0.0605483505882352,1.4117647058823528,0.0,0.3529411764705882,0.0286461635294117,2.8235294117647056,RM/RCM,11,28,22,50,22,28,83,33,94,100,67,67,50,72,50,83,11,39,89,39,100,100,100,56,56,56,11,100,28,33,89,33,22,78,100,56,50,44,67,78,11,17,11,11,11,28,11,56,11,22,89,22,100,100,67,67,33,78,44,89,11,33,78,44,100,100,100,56,56,56,11,100,28,33,89,33,22,78,100,56,56,56,56,100,11,11,11,11,Czech League
Slovan Liberec,2c4rs2vp0tyjiqa7y3gfttf24,7bdvpsz3j3cr38n0ltxqaj5jp,J. Mikula,Jan Mikula,34,Defender,Czechia,Defender,38.0,0.0,22.0,4.0,60.0,3.0,0.0,0.0,0.0,0.0,0.0,0.0,10.0,5.0,3.0,189.0,2.0,3.0,0.0,2.0,0.0,0.0,0.0,0.0,0.0,0.0,0.0,76.92,36.36,0.0,0.0,0.0,71.43,60.0,50.0,0.0,0.0,0.0,0.0,0.0,0.0,0.0,0.0,0.0,0.0,18.09523809523809,0.0,10.476190476190476,1.9047619047619049,28.57142857142857,1.4285714285714286,0.0,0.0,0.0,0.0,0.0,0.0,4.761904761904762,2.380952380952381,1.4285714285714286,0.9523809523809524,1.4285714285714286,0.0,0.9523809523809524,0.0,0.0,0.0,0.0,0.0,0.0,0.0,76.92,36.36,0.0,0.0,0.0,71.43,60.0,50.0,0.0,0.0,0.0,0.0,0.0,0.0,0.0,0.0,0.0,0.0,CB,18,37,23,28,18,29,43,18,15,18,16,16,31,17,48,40,47,27,46,35,28,39,42,48,51,51,20,26,37,27,28,92,66,33,15,21,37,24,24,30,11,11,11,11,27,37,43,39,25,43,43,18,15,18,16,16,57,20,76,51,75,27,59,35,28,39,42,48,51,51,20,26,37,27,28,92,66,33,15,21,37,24,24,30,11,11,11,11,Czech League
Slovan Liberec,2c4rs2vp0tyjiqa7y3gfttf24,7q8yzcaejglf2h1ho7iukqtxw,A. Kayondo,Aziz Kayondo,23,Defender,Uganda,Defender,45.0,6.0,70.0,5.0,109.0,2.0,0.0,9.0,5.0,3.0,21.0,21.0,41.0,10.0,3.0,450.0,4.0,17.0,5.0,12.0,2.0,1.0,2.0,0.0,0.0,0.0,0.0,85.83,33.33,25.0,23.81,20.0,53.95,20.0,70.59,0.4280160208993365,0.9214767561575088,2.0,14.0,0.3593428399999999,6.0,12.0,15.0,0.7859058999999998,54.0,9.0,1.2,14.0,1.0,21.8,0.4,0.0,1.8,1.0,0.6,4.2,4.2,8.2,2.0,0.6,0.8,3.4,1.0,2.4,0.4,0.2,0.4,0.0,0.0,0.0,0.0,85.83,33.33,25.0,23.81,20.0,53.95,20.0,70.59,0.0856032041798673,0.1842953512315017,0.4,2.8,0.0718685679999999,1.2,2.4,3.0,0.1571811799999999,10.8,LB/LCB,62,98,90,57,71,31,40,100,98,100,100,100,100,62,76,62,100,98,100,83,81,98,48,50,52,52,67,31,69,33,67,38,33,57,100,100,98,100,100,100,71,79,100,76,38,86,62,19,48,14,40,86,88,76,100,100,100,52,43,38,100,86,90,74,69,90,48,50,52,52,67,31,69,33,67,38,33,57,86,90,93,95,100,95,48,50,95,52,Czech League
Slovan Liberec,2c4rs2vp0tyjiqa7y3gfttf24,8uvwdn4qumwhi0pl5kx9dx3sa,V. Stránský,Vojtech Stránsky,23,Midfielder,Czechia,Midfielder,13.0,1.0,10.0,1.0,22.0,1.0,0.0,1.0,5.0,2.0,1.0,1.0,7.0,5.0,1.0,145.0,4.0,2.0,0.0,3.0,3.0,0.0,2.0,0.0,0.0,0.0,0.0,70.97,33.33,20.0,0.0,0.0,50.0,33.33,75.0,0.3579932522528667,0.1068755617947579,2.0,1.0,0.05491138,0.0,1.0,2.0,0.14525463,8.0,8.068965517241379,0.6206896551724138,6.206896551724138,0.6206896551724138,13.655172413793103,0.6206896551724138,0.0,0.6206896551724138,3.103448275862069,1.2413793103448276,0.6206896551724138,0.6206896551724138,4.344827586206897,3.103448275862069,0.6206896551724138,2.4827586206896552,1.2413793103448276,0.0,1.862068965517241,1.862068965517241,0.0,1.2413793103448276,0.0,0.0,0.0,0.0,70.97,33.33,20.0,0.0,0.0,50.0,33.33,75.0,0.2222027082948827,0.0663365555967462,1.2413793103448276,0.6206896551724138,0.0340829255172413,0.0,0.6206896551724138,1.2413793103448276,0.0901580462068965,4.965517241379311,DM/CM,9,69,6,6,6,28,42,33,80,75,28,28,12,62,23,72,33,23,44,67,23,80,42,50,52,52,6,27,70,23,23,31,31,72,72,44,62,23,39,17,16,11,28,14,9,84,9,6,9,44,42,47,94,94,50,50,44,97,31,94,59,23,66,97,23,94,42,50,52,52,6,27,70,23,23,31,31,72,91,59,84,41,59,17,16,12,44,16,Czech League
Slovan Liberec,2c4rs2vp0tyjiqa7y3gfttf24,8yw0no16xd4sgbpvwx95d7uac,F. Faye,Fallou Faye,20,Midfielder,Senegal,Midfielder,26.0,0.0,42.0,9.0,68.0,12.0,0.0,3.0,3.0,3.0,3.0,3.0,18.0,7.0,0.0,255.0,10.0,3.0,1.0,2.0,0.0,1.0,0.0,0.0,0.0,0.0,0.0,72.34,52.94,0.0,33.33,33.33,56.25,66.67,66.67,0.3199979662092569,0.3312126456892076,0.0,2.0,0.08827744,0.0,8.0,12.0,0.4324134799999999,43.0,9.176470588235292,0.0,14.823529411764705,3.176470588235294,24.0,4.235294117647059,0.0,1.0588235294117647,1.0588235294117647,1.0588235294117647,1.0588235294117647,1.0588235294117647,6.352941176470588,2.4705882352941173,0.0,3.5294117647058822,1.0588235294117647,0.3529411764705882,0.7058823529411764,0.0,0.3529411764705882,0.0,0.0,0.0,0.0,0.0,72.34,52.94,0.0,33.33,33.33,56.25,66.67,66.67,0.1129404586620906,0.116898580831485,0.0,0.7058823529411764,0.0311567435294117,0.0,2.8235294117647056,4.235294117647059,0.1526165223529411,15.176470588235292,DM/CM,22,28,53,70,44,100,42,62,48,88,72,70,84,84,8,100,48,59,30,12,64,17,42,50,52,52,12,69,28,55,66,62,86,56,69,75,14,39,53,17,55,61,69,53,16,28,50,94,31,100,42,72,56,91,78,78,84,91,8,97,50,62,31,12,62,17,42,50,52,52,12,69,28,55,66,62,86,56,72,84,14,44,53,17,56,59,75,56,Czech League
Slovan Liberec,2c4rs2vp0tyjiqa7y3gfttf24,9kjzskap2gy1pexzeeun8kq1h,L. Hůlka,Lukás Hulka,31,Defender,Czechia,Defender,124.0,1.0,53.0,15.0,176.0,19.0,0.0,0.0,3.0,2.0,1.0,1.0,31.0,27.0,4.0,450.0,8.0,2.0,1.0,8.0,1.0,2.0,0.0,0.0,0.0,0.0,0.0,83.02,46.88,50.0,100.0,66.67,59.62,52.78,88.89,0.3400741690846061,0.0,0.0,5.0,0.09346647,0.0,12.0,13.0,0.31309302,116.0,24.8,0.2,10.6,3.0,35.2,3.8,0.0,0.0,0.6,0.4,0.2,0.2,6.2,5.4,0.8,1.6,0.4,0.2,1.6,0.2,0.4,0.0,0.0,0.0,0.0,0.0,83.02,46.88,50.0,100.0,66.67,59.62,52.78,88.89,0.0680148338169212,0.0,0.0,1.0,0.018693294,0.0,2.4,2.6,0.062618604,23.2,CB,78,82,76,87,79,99,43,18,75,73,49,49,96,92,63,92,31,67,94,80,95,39,42,48,51,51,35,55,92,88,88,57,49,79,76,21,37,89,82,30,71,75,71,86,57,75,45,64,53,99,43,18,55,56,35,35,84,65,35,80,22,57,80,72,86,39,42,48,51,51,35,55,92,88,88,57,49,79,65,21,37,76,71,30,53,53,49,65,Czech League
Slovan Liberec,2c4rs2vp0tyjiqa7y3gfttf24,azph2f84zhlvg4wd8tleydkdm,R. Krollis,Raimonds Krollis,24,Attacker,Latvia,Striker,7.0,1.0,28.0,3.0,34.0,7.0,0.0,4.0,12.0,6.0,2.0,2.0,12.0,4.0,1.0,177.0,15.0,3.0,2.0,0.0,6.0,4.0,4.0,0.0,0.0,0.0,0.0,75.56,60.0,33.33,100.0,33.33,50.0,50.0,0.0,1.0674325046216224,0.2747076263135071,5.0,2.0,0.03932202,0.0,5.0,3.0,0.12192494,14.0,3.5593220338983054,0.5084745762711864,14.23728813559322,1.5254237288135597,17.28813559322034,3.5593220338983054,0.0,2.0338983050847457,6.101694915254238,3.050847457627119,1.0169491525423728,1.0169491525423728,6.101694915254238,2.0338983050847457,0.5084745762711864,7.627118644067797,1.5254237288135597,1.0169491525423728,0.0,3.050847457627119,2.0338983050847457,2.0338983050847457,0.0,0.0,0.0,0.0,75.56,60.0,33.33,100.0,33.33,50.0,50.0,0.0,0.5427622904855708,0.1396818438882239,2.5423728813559325,1.0169491525423728,0.0199942474576271,0.0,2.5423728813559325,1.5254237288135597,0.0619957322033898,7.118644067796611,ST,34,76,81,91,71,78,42,79,98,72,29,24,66,82,76,78,54,68,21,99,88,97,26,51,51,50,62,76,87,98,48,77,73,21,78,73,96,58,42,22,88,70,60,72,42,82,89,91,78,91,42,96,98,89,33,29,80,98,84,93,62,73,21,100,98,98,26,51,51,50,62,76,87,98,48,77,73,21,98,82,100,64,36,22,93,73,64,84,Czech League
Slovan Liberec,2c4rs2vp0tyjiqa7y3gfttf24,dn9eq343mhbkqe90tnsi4fhii,J. Koželuh,Josef Kozeluh,24,Defender,Czechia,Defender,46.0,4.0,64.0,9.0,106.0,7.0,0.0,3.0,10.0,3.0,15.0,15.0,32.0,11.0,1.0,417.0,8.0,7.0,8.0,8.0,7.0,2.0,3.0,0.0,0.0,0.0,0.0,72.11,36.0,22.22,53.33,20.0,60.38,58.33,80.0,0.7669336878125175,0.2837199188611254,4.0,6.0,0.1633121,4.0,15.0,21.0,0.45817939,55.0,9.928057553956831,0.8633093525179856,13.81294964028777,1.9424460431654675,22.87769784172661,1.5107913669064748,0.0,0.6474820143884892,2.158273381294964,0.6474820143884892,3.237410071942446,3.237410071942446,6.906474820143885,2.3741007194244603,0.2158273381294964,1.7266187050359711,1.5107913669064748,1.7266187050359711,1.7266187050359711,1.5107913669064748,0.4316546762589928,0.6474820143884892,0.0,0.0,0.0,0.0,72.11,36.0,22.22,53.33,20.0,60.38,58.33,80.0,0.1655252563624138,0.0612345148621133,0.8633093525179856,1.2949640287769784,0.0352472158273381,0.8633093525179856,3.237410071942446,4.532374100719424,0.0988876381294964,11.8705035971223,CB,32,100,82,65,51,66,43,86,100,86,100,100,99,40,17,92,94,100,94,100,95,99,42,48,51,51,10,24,82,65,57,59,61,75,100,88,100,96,98,96,82,91,86,45,14,98,59,41,18,49,43,71,100,73,100,100,92,18,10,90,86,100,84,100,92,98,42,48,51,51,10,24,82,65,57,59,61,75,94,78,98,88,92,92,73,84,75,41,Czech League
Slovan Liberec,2c4rs2vp0tyjiqa7y3gfttf24,eau0au7g5dqxc7zwp8ia40qju,P. Hodouš,Petr Hodous,22,Defender,Czechia,Defender,13.0,0.0,13.0,0.0,26.0,2.0,0.0,1.0,4.0,4.0,1.0,1.0,15.0,1.0,0.0,205.0,10.0,8.0,0.0,3.0,0.0,1.0,1.0,0.0,0.0,0.0,0.0,72.22,0.0,0.0,0.0,25.0,57.69,66.67,60.0,0.3976999254510469,0.0,2.0,2.0,0.041573,0.0,2.0,2.0,0.0246405199999999,7.0,5.707317073170732,0.0,5.707317073170732,0.0,11.414634146341465,0.8780487804878049,0.0,0.4390243902439024,1.7560975609756098,1.7560975609756098,0.4390243902439024,0.4390243902439024,6.585365853658537,0.4390243902439024,0.0,4.390243902439025,3.5121951219512195,0.0,1.3170731707317074,0.0,0.4390243902439024,0.4390243902439024,0.0,0.0,0.0,0.0,72.22,0.0,0.0,0.0,25.0,57.69,66.67,60.0,0.1745999672711913,0.0,0.8780487804878049,0.8780487804878049,0.0182515609756097,0.0,0.8780487804878049,0.8780487804878049,0.0108177892682926,3.073170731707317,CB,8,37,8,3,8,18,43,46,91,96,49,49,49,5,5,98,98,27,60,35,73,86,42,48,51,51,12,3,37,27,63,51,74,57,82,21,96,67,59,30,24,25,22,22,8,37,14,3,6,21,43,57,98,100,61,61,90,4,5,100,100,27,75,35,95,92,42,48,51,51,12,3,37,27,63,51,74,57,96,21,100,73,69,30,29,25,22,22,Czech League
Slovan Liberec,2c4rs2vp0tyjiqa7y3gfttf24,eqt598wenyzrxdl5y39ejab8q,A. Drakpe,Augustin Drakpe,24,Defender,Togo,Defender,109.0,0.0,28.0,7.0,137.0,16.0,0.0,3.0,1.0,1.0,3.0,3.0,32.0,36.0,6.0,414.0,2.0,4.0,3.0,8.0,0.0,0.0,0.0,0.0,0.0,0.0,0.0,85.09,38.89,0.0,100.0,0.0,74.42,72.73,80.0,0.169700574882331,0.2621048359344679,0.0,2.0,0.03371192,0.0,8.0,10.0,0.3804351699999998,88.0,23.695652173913047,0.0,6.086956521739131,1.5217391304347827,29.782608695652176,3.4782608695652177,0.0,0.6521739130434783,0.2173913043478261,0.2173913043478261,0.6521739130434783,0.6521739130434783,6.956521739130436,7.82608695652174,1.3043478260869563,0.4347826086956522,0.8695652173913044,0.6521739130434783,1.7391304347826089,0.0,0.0,0.0,0.0,0.0,0.0,0.0,85.09,38.89,0.0,100.0,0.0,74.42,72.73,80.0,0.0368914293222458,0.0569793121596669,0.0,0.4347826086956522,0.0073286782608695,0.0,1.7391304347826089,2.173913043478261,0.0827032978260869,19.1304347826087,CB,75,37,34,46,65,96,43,86,41,49,80,78,99,100,85,40,68,90,94,35,28,39,42,48,51,51,41,33,37,88,28,96,83,75,57,84,37,67,57,30,57,65,80,73,51,37,18,29,37,90,43,73,33,39,73,73,94,94,69,25,41,84,86,35,28,39,42,48,51,51,41,33,37,88,28,96,83,75,41,71,37,65,55,30,45,39,65,55,Czech League
Slovan Liberec,2c4rs2vp0tyjiqa7y3gfttf24,gq4abws0ogyk223tpkxy5ex,V. Kušej,Vasil Kusej,26,Attacker,Czechia,Striker,8.0,6.0,34.0,0.0,36.0,0.0,0.0,6.0,2.0,0.0,5.0,5.0,4.0,1.0,0.0,162.0,5.0,0.0,1.0,2.0,2.0,1.0,1.0,0.0,0.0,0.0,0.0,63.16,0.0,33.33,20.0,50.0,21.05,0.0,66.67,0.0745538897724503,0.6707490287060763,0.0,3.0,0.08850584,2.0,3.0,7.0,0.445065,17.0,4.444444444444445,3.333333333333333,18.88888888888889,0.0,20.0,0.0,0.0,3.333333333333333,1.1111111111111112,0.0,2.7777777777777777,2.7777777777777777,2.2222222222222223,0.5555555555555556,0.0,2.7777777777777777,0.0,0.5555555555555556,1.1111111111111112,1.1111111111111112,0.5555555555555556,0.5555555555555556,0.0,0.0,0.0,0.0,63.16,0.0,33.33,20.0,50.0,21.05,0.0,66.67,0.0414188276513612,0.3726383492811535,0.0,1.6666666666666663,0.0491699111111111,1.1111111111111112,1.6666666666666663,3.888888888888889,0.2472583333333333,9.444444444444445,ST,42,100,87,24,76,10,42,96,16,4,63,61,12,32,32,24,6,41,79,80,34,50,26,51,51,50,22,24,87,38,74,4,12,73,7,100,21,73,67,79,76,90,87,81,59,100,96,24,87,10,42,100,9,4,73,71,9,28,32,20,6,52,84,91,38,60,26,51,51,50,22,24,87,38,74,4,12,73,7,100,21,76,73,84,83,98,96,98,Czech League
Viktoria Plzeň,c6fx1460nlkawjgh67sp7a1hd,20aj0zcehiq6qz6kgxnlb24iy,D. Krčík,Dávid Krcík,27,Defender,Slovakia,Defender,77.0,0.0,56.0,19.0,133.0,2.0,0.0,0.0,1.0,1.0,0.0,0.0,6.0,10.0,0.0,205.0,1.0,2.0,0.0,1.0,0.0,1.0,0.0,1.0,0.0,0.0,0.0,92.36,79.17,0.0,0.0,100.0,35.29,40.0,50.0,0.0,0.0,0.0,0.0,0.0,0.0,0.0,0.0,0.0,0.0,33.80487804878049,0.0,24.585365853658537,8.341463414634147,58.39024390243903,0.8780487804878049,0.0,0.0,0.4390243902439024,0.4390243902439024,0.0,0.0,2.6341463414634148,4.390243902439025,0.0,0.4390243902439024,0.8780487804878049,0.0,0.4390243902439024,0.0,0.4390243902439024,0.0,0.4390243902439024,0.0,0.0,0.0,92.36,79.17,0.0,0.0,100.0,35.29,40.0,50.0,0.0,0.0,0.0,0.0,0.0,0.0,0.0,0.0,0.0,0.0,CB,57,37,78,92,63,18,43,18,41,49,16,16,10,34,5,23,31,27,28,35,73,39,91,48,51,51,88,98,37,27,96,10,25,33,15,21,37,24,24,30,11,11,11,11,76,37,96,100,88,21,43,18,49,61,16,16,14,51,5,27,45,27,35,35,95,39,100,48,51,51,88,98,37,27,96,10,25,33,15,21,37,24,24,30,11,11,11,11,Czech League
Viktoria Plzeň,c6fx1460nlkawjgh67sp7a1hd,41zdjk7mje36kpr8v2lndp2lm,F. Prebsl,Filip Prebsl,23,Defender,Czechia,Defender,61.0,1.0,30.0,2.0,90.0,2.0,0.0,0.0,0.0,0.0,1.0,1.0,10.0,1.0,2.0,169.0,0.0,4.0,0.0,4.0,0.0,0.0,0.0,0.0,0.0,0.0,0.0,89.11,33.33,100.0,0.0,0.0,58.82,50.0,80.0,0.0,0.0,0.0,0.0,0.0,0.0,0.0,0.0,0.0,0.0,32.485207100591715,0.5325443786982249,15.976331360946746,1.0650887573964498,47.92899408284024,1.0650887573964498,0.0,0.0,0.0,0.0,0.5325443786982249,0.5325443786982249,5.325443786982248,0.5325443786982249,1.0650887573964498,0.0,2.1301775147929,0.0,2.1301775147929,0.0,0.0,0.0,0.0,0.0,0.0,0.0,89.11,33.33,100.0,0.0,0.0,58.82,50.0,80.0,0.0,0.0,0.0,0.0,0.0,0.0,0.0,0.0,0.0,0.0,CB,43,82,40,13,36,18,43,18,15,18,49,49,31,5,32,7,68,27,73,35,28,39,42,48,51,51,69,14,99,27,28,55,37,75,15,21,37,24,24,30,11,11,11,11,73,94,71,20,73,27,43,18,15,18,65,65,63,6,57,7,92,27,94,35,28,39,42,48,51,51,69,14,99,27,28,55,37,75,15,21,37,24,24,30,11,11,11,11,Czech League
Viktoria Plzeň,c6fx1460nlkawjgh67sp7a1hd,42ybprj1rxbn2fz3ionthzbo,P. Adu,Prince Adu,22,Attacker,Ghana,Striker,8.0,0.0,10.0,0.0,18.0,1.0,0.0,1.0,9.0,9.0,4.0,4.0,4.0,1.0,0.0,104.0,12.0,0.0,2.0,1.0,0.0,2.0,3.0,1.0,0.0,0.0,0.0,78.26,0.0,0.0,50.0,22.22,26.67,20.0,100.0,1.186156759595456,0.0,2.0,1.0,0.04066992,0.0,0.0,0.0,0.02209335,2.0,6.923076923076923,0.0,8.653846153846155,0.0,15.576923076923078,0.8653846153846154,0.0,0.8653846153846154,7.788461538461539,7.788461538461539,3.4615384615384617,3.4615384615384617,3.4615384615384617,0.8653846153846154,0.0,10.384615384615383,0.0,1.7307692307692308,0.8653846153846154,0.0,1.7307692307692308,2.5961538461538463,0.8653846153846154,0.0,0.0,0.0,78.26,0.0,0.0,50.0,22.22,26.67,20.0,100.0,1.0264818111883756,0.0,1.7307692307692308,0.8653846153846154,0.035195123076923,0.0,0.0,0.0,0.0191192451923076,1.7307692307692308,ST,42,34,20,24,28,30,42,38,82,89,49,49,12,32,32,64,6,68,56,22,61,91,66,51,51,50,74,24,34,73,27,11,33,93,91,13,74,34,46,22,12,8,18,7,78,34,60,24,67,42,42,54,100,100,84,82,31,59,32,100,6,90,76,22,91,100,91,51,51,50,74,24,34,73,27,11,33,93,100,13,91,54,64,22,12,8,20,9,Czech League
Viktoria Plzeň,c6fx1460nlkawjgh67sp7a1hd,4riunfstr4l3lqrrd0lffv7fu,L. Červ,Lukás Cerv,25,Midfielder,Czechia,Midfielder,49.0,0.0,65.0,3.0,114.0,3.0,0.0,1.0,2.0,0.0,1.0,1.0,16.0,3.0,3.0,184.0,2.0,6.0,1.0,3.0,2.0,0.0,1.0,0.0,0.0,0.0,0.0,91.2,42.86,0.0,100.0,0.0,80.0,75.0,50.0,0.1152098527876428,0.0753680593390602,2.0,3.0,0.10789967,1.0,13.0,8.0,0.26034289,46.0,23.967391304347828,0.0,31.793478260869566,1.4673913043478262,55.7608695652174,1.4673913043478262,0.0,0.4891304347826087,0.9782608695652176,0.0,0.4891304347826087,0.4891304347826087,7.82608695652174,1.4673913043478262,1.4673913043478262,0.9782608695652176,2.9347826086956523,0.4891304347826087,1.4673913043478262,0.9782608695652176,0.0,0.4891304347826087,0.0,0.0,0.0,0.0,91.2,42.86,0.0,100.0,0.0,80.0,75.0,50.0,0.05635264538526,0.0368648116332359,0.9782608695652176,1.4673913043478262,0.0527770125,0.4891304347826087,6.358695652173914,3.91304347826087,0.1273416309782608,22.5,DM/CM,56,28,66,27,66,64,42,33,33,23,28,28,72,38,62,36,88,59,44,50,23,50,42,50,52,52,91,47,28,94,23,100,97,28,31,38,62,48,66,41,67,47,41,56,81,28,94,34,88,84,42,38,50,23,31,31,94,53,91,59,94,72,53,69,23,72,42,50,52,52,91,47,28,94,23,100,97,28,47,41,78,59,78,44,88,56,62,69,Czech League
Viktoria Plzeň,c6fx1460nlkawjgh67sp7a1hd,5nqonu6ea844ish2k3m5le3je,D. Višinský,Denis Visinsky,23,Midfielder,Czechia,Midfielder,9.0,1.0,23.0,0.0,31.0,1.0,0.0,3.0,1.0,1.0,3.0,4.0,6.0,1.0,0.0,122.0,6.0,5.0,1.0,0.0,0.0,1.0,0.0,1.0,0.0,0.0,0.0,86.11,0.0,25.0,33.33,100.0,42.86,33.33,0.0,0.0857856077573828,0.2637465215529558,0.0,4.0,0.13238363,0.0,0.0,1.0,0.15496659,6.0,6.639344262295082,0.7377049180327868,16.9672131147541,0.0,22.86885245901639,0.7377049180327868,0.0,2.2131147540983607,0.7377049180327868,0.7377049180327868,2.2131147540983607,2.950819672131148,4.426229508196721,0.7377049180327868,0.0,4.426229508196721,3.6885245901639343,0.7377049180327868,0.0,0.0,0.7377049180327868,0.0,0.7377049180327868,0.0,0.0,0.0,86.11,0.0,25.0,33.33,100.0,42.86,33.33,0.0,0.0632844647390528,0.1945671060636559,0.0,2.950819672131148,0.0976600549180327,0.0,0.0,0.7377049180327868,0.1143196155737704,4.426229508196721,CM/AM,17,37,24,8,18,41,37,49,14,27,38,42,24,30,18,58,62,33,11,11,42,17,70,50,50,49,84,8,58,35,97,39,56,11,14,46,16,44,56,12,4,9,32,8,34,56,54,8,48,66,37,78,22,52,58,74,48,50,18,92,94,54,11,11,70,17,94,50,50,49,84,8,58,35,97,39,56,11,20,76,16,78,82,12,4,12,56,12,Czech League
Viktoria Plzeň,c6fx1460nlkawjgh67sp7a1hd,7cgekcpn1trfydj4gqsj4yvx0,A. Sojka,Alexandr Sojka,23,Midfielder,Czechia,Midfielder,28.0,3.0,44.0,3.0,69.0,4.0,1.0,6.0,1.0,0.0,2.0,2.0,9.0,3.0,1.0,184.0,6.0,2.0,1.0,1.0,1.0,0.0,1.0,0.0,0.0,0.0,0.0,84.15,50.0,23.08,50.0,0.0,64.29,80.0,50.0,0.0878847034835508,0.6321261759600292,0.0,5.0,0.1145619199999999,5.0,2.0,10.0,0.22136376,28.0,13.695652173913045,1.4673913043478262,21.521739130434785,1.4673913043478262,33.75,1.956521739130435,0.4891304347826087,2.9347826086956523,0.4891304347826087,0.0,0.9782608695652176,0.9782608695652176,4.402173913043479,1.4673913043478262,0.4891304347826087,2.9347826086956523,0.9782608695652176,0.4891304347826087,0.4891304347826087,0.4891304347826087,0.0,0.4891304347826087,0.0,0.0,0.0,0.0,84.15,50.0,23.08,50.0,0.0,64.29,80.0,50.0,0.0429870832256498,0.3091921512847969,0.0,2.4456521739130435,0.0560357217391303,2.4456521739130435,0.9782608695652176,4.891304347826087,0.108275752173913,13.695652173913045,CM/AM,60,73,58,60,61,86,82,71,14,8,27,24,44,69,47,58,32,33,31,30,13,49,26,50,50,49,74,61,52,59,13,92,100,40,16,80,16,55,44,88,21,74,50,54,84,80,84,76,84,90,90,88,10,8,36,32,46,78,52,68,38,40,40,34,13,58,26,50,50,49,74,61,52,59,13,92,100,40,16,90,16,74,70,98,24,84,54,76,Czech League
Viktoria Plzeň,c6fx1460nlkawjgh67sp7a1hd,7jn5h7jsuo99i3pvnodqhhpuc,S. Pirgić,Stefan Pirgic,23,Midfielder,Serbia,Midfielder,31.0,0.0,20.0,5.0,51.0,1.0,0.0,0.0,0.0,0.0,0.0,0.0,5.0,2.0,2.0,177.0,2.0,3.0,0.0,1.0,0.0,0.0,0.0,0.0,0.0,0.0,0.0,86.44,55.56,0.0,0.0,0.0,50.0,20.0,100.0,0.0,0.0,0.0,0.0,0.0,0.0,0.0,0.0,0.0,0.0,15.76271186440678,0.0,10.16949152542373,2.5423728813559325,25.93220338983051,0.5084745762711864,0.0,0.0,0.0,0.0,0.0,0.0,2.5423728813559325,1.0169491525423728,1.0169491525423728,1.0169491525423728,1.5254237288135597,0.0,0.5084745762711864,0.0,0.0,0.0,0.0,0.0,0.0,0.0,86.44,55.56,0.0,0.0,0.0,50.0,20.0,100.0,0.0,0.0,0.0,0.0,0.0,0.0,0.0,0.0,0.0,0.0,DM/CM,36,28,12,47,19,28,42,11,6,23,9,9,9,23,45,36,48,23,14,12,23,17,42,50,52,52,66,72,28,23,23,31,22,95,6,11,14,8,8,17,8,5,5,5,62,28,22,72,44,38,42,11,6,23,9,9,12,31,59,62,75,23,25,12,23,17,42,50,52,52,66,72,28,23,23,31,22,95,6,11,14,8,8,17,8,5,5,5,Czech League
Viktoria Plzeň,c6fx1460nlkawjgh67sp7a1hd,7nw2ismkbgv3u53ua2glahbhm,Merchas Doski,Merchas Ghazi Salih Doski,26,Defender,Iraq,Defender,49.0,1.0,47.0,8.0,95.0,5.0,0.0,0.0,1.0,0.0,4.0,4.0,19.0,4.0,3.0,243.0,1.0,6.0,1.0,4.0,1.0,1.0,0.0,0.0,0.0,0.0,0.0,83.33,44.44,33.33,25.0,100.0,70.37,0.0,57.14,0.0753649507109339,0.0,0.0,4.0,0.06844354,1.0,12.0,7.0,0.1712936299999999,29.0,18.148148148148145,0.3703703703703703,17.407407407407405,2.962962962962963,35.18518518518518,1.851851851851852,0.0,0.0,0.3703703703703703,0.0,1.4814814814814814,1.4814814814814814,7.037037037037036,1.4814814814814814,1.111111111111111,0.3703703703703703,2.222222222222222,0.3703703703703703,1.4814814814814814,0.3703703703703703,0.3703703703703703,0.0,0.0,0.0,0.0,0.0,83.33,44.44,33.33,25.0,100.0,70.37,0.0,57.14,0.0279129447077532,0.0,0.0,1.4814814814814814,0.0253494592592592,0.3703703703703703,4.444444444444444,2.592592592592593,0.0634420851851851,10.74074074074074,LB/LCB,69,52,62,74,67,60,40,14,31,26,64,62,79,48,76,19,86,45,71,57,81,38,48,50,52,52,57,62,79,40,98,95,17,31,33,14,29,74,57,52,71,52,29,43,71,57,81,76,62,76,40,14,38,26,67,62,95,43,90,19,90,62,81,67,95,38,48,50,52,52,57,62,79,40,98,95,17,31,38,14,29,81,62,57,86,43,24,48,Czech League
Viktoria Plzeň,c6fx1460nlkawjgh67sp7a1hd,96deivn85excx5vovtoh758no,A. Memić,Amar Memic,25,Midfielder,Bosnia and Herzegovina,Midfielder,39.0,4.0,73.0,1.0,108.0,5.0,2.0,8.0,5.0,3.0,6.0,6.0,14.0,8.0,3.0,303.0,9.0,3.0,2.0,1.0,2.0,0.0,1.0,0.0,0.0,0.0,0.0,77.7,10.0,21.05,33.33,0.0,48.28,71.43,25.0,0.3873512033332913,0.7663240000184257,2.0,18.0,0.5606399599999999,3.0,8.0,9.0,0.6769902099999999,44.0,11.584158415841584,1.188118811881188,21.683168316831683,0.297029702970297,32.07920792079208,1.4851485148514851,0.594059405940594,2.376237623762376,1.4851485148514851,0.8910891089108911,1.7821782178217822,1.7821782178217822,4.158415841584159,2.376237623762376,0.8910891089108911,2.6732673267326734,0.8910891089108911,0.594059405940594,0.297029702970297,0.594059405940594,0.0,0.297029702970297,0.0,0.0,0.0,0.0,77.7,10.0,21.05,33.33,0.0,48.28,71.43,25.0,0.1150548128712746,0.2276209901044829,0.594059405940594,5.346534653465347,0.1665267207920792,0.8910891089108911,2.376237623762376,2.6732673267326734,0.201086200990099,13.069306930693068,RM/RCM,78,100,100,50,89,100,100,100,94,89,56,56,78,94,78,67,50,61,39,83,33,67,50,56,56,56,44,44,100,61,33,78,100,33,89,100,78,100,100,56,56,67,100,67,67,100,89,44,78,100,100,100,89,89,56,56,67,100,67,67,44,56,44,78,33,67,50,56,56,56,44,44,100,61,33,78,100,33,89,100,78,100,100,56,56,67,89,56,Czech League
Viktoria Plzeň,c6fx1460nlkawjgh67sp7a1hd,a145j0ygpazk4wq1qo8wiamz9,M. Vydra,Matej Vydra,34,Attacker,Czechia,Striker,13.0,0.0,15.0,0.0,28.0,6.0,0.0,1.0,4.0,4.0,4.0,4.0,9.0,3.0,0.0,175.0,6.0,1.0,1.0,0.0,0.0,1.0,0.0,1.0,0.0,0.0,0.0,75.68,0.0,0.0,25.0,25.0,39.13,46.15,0.0,0.416937604887532,0.0672758610067549,0.0,2.0,0.04753382,1.0,2.0,2.0,0.06480056,8.0,6.685714285714286,0.0,7.714285714285714,0.0,14.4,3.085714285714286,0.0,0.5142857142857143,2.0571428571428574,2.0571428571428574,2.0571428571428574,2.0571428571428574,4.628571428571429,1.542857142857143,0.0,3.085714285714286,0.5142857142857143,0.5142857142857143,0.0,0.0,0.5142857142857143,0.0,0.5142857142857143,0.0,0.0,0.0,75.68,0.0,0.0,25.0,25.0,39.13,46.15,0.0,0.2144250539421593,0.0345990142320453,0.0,1.0285714285714287,0.0244459645714285,0.5142857142857143,1.0285714285714287,1.0285714285714287,0.0333260022857142,4.114285714285715,ST,77,34,40,24,51,72,42,38,41,54,49,49,42,72,32,30,17,41,21,22,34,20,66,51,51,50,64,24,34,43,31,47,60,21,42,36,21,58,51,58,61,52,36,42,71,34,42,24,64,84,42,40,56,69,58,58,51,82,32,24,18,49,21,22,36,20,76,51,51,50,64,24,34,43,31,47,60,21,49,36,21,67,53,60,69,53,40,42,Czech League
Viktoria Plzeň,c6fx1460nlkawjgh67sp7a1hd,a3q75g4ni6a5w8ajin85rsacq,C. Kabongo,Christophe Kabongo,22,Attacker,Czechia,Striker,18.0,0.0,25.0,1.0,43.0,5.0,0.0,0.0,5.0,5.0,6.0,6.0,18.0,1.0,2.0,238.0,12.0,2.0,2.0,4.0,0.0,4.0,0.0,3.0,0.0,0.0,0.0,87.76,100.0,0.0,33.33,80.0,50.0,62.5,44.44,0.5004117928639971,0.0,1.0,9.0,0.2197320199999999,4.0,3.0,1.0,0.1006959199999999,19.0,6.80672268907563,0.0,9.453781512605042,0.3781512605042016,16.26050420168067,1.8907563025210083,0.0,0.0,1.8907563025210083,1.8907563025210083,2.26890756302521,2.26890756302521,6.80672268907563,0.3781512605042016,0.7563025210084033,4.53781512605042,0.7563025210084033,0.7563025210084033,1.512605042016807,0.0,1.512605042016807,0.0,1.134453781512605,0.0,0.0,0.0,87.76,100.0,0.0,33.33,80.0,50.0,62.5,44.44,0.1892313502426879,0.0,0.3781512605042016,3.403361344537815,0.0830919403361344,1.512605042016807,1.134453781512605,0.3781512605042016,0.0380782890756302,7.184873949579832,ST,87,34,78,58,84,68,42,12,53,66,77,74,79,32,91,64,32,68,93,22,88,20,96,51,51,50,96,96,34,53,96,77,91,49,51,13,52,93,89,92,76,28,49,84,76,34,71,62,71,64,42,12,42,62,64,62,84,20,91,58,31,62,91,22,87,20,100,51,51,50,96,96,34,53,96,77,91,49,40,13,51,93,82,91,71,22,47,87,Czech League
Viktoria Plzeň,c6fx1460nlkawjgh67sp7a1hd,a9l9kaebv2dlo434goqe0z33e,C. Souaré,Cheick Souaré,23,Midfielder,France,Midfielder,18.0,0.0,51.0,2.0,69.0,1.0,2.0,7.0,6.0,4.0,0.0,1.0,4.0,3.0,0.0,164.0,6.0,2.0,0.0,0.0,2.0,1.0,3.0,0.0,0.0,0.0,0.0,86.25,66.67,0.0,0.0,16.67,57.14,0.0,0.0,0.3938257715156276,0.663943963273331,4.0,8.0,0.2241858,4.0,6.0,7.0,0.50055182,37.0,9.878048780487806,0.0,27.98780487804878,1.0975609756097562,37.86585365853659,0.5487804878048781,1.0975609756097562,3.841463414634146,3.292682926829269,2.1951219512195124,0.0,0.5487804878048781,2.1951219512195124,1.6463414634146345,0.0,3.292682926829269,1.0975609756097562,0.0,0.0,1.0975609756097562,0.5487804878048781,1.6463414634146345,0.0,0.0,0.0,0.0,86.25,66.67,0.0,0.0,16.67,57.14,0.0,0.0,0.2161238990024785,0.3643594920402426,2.1951219512195124,4.390243902439025,0.1230287926829268,2.1951219512195124,3.292682926829269,3.841463414634146,0.2746930719512195,20.304878048780488,CM/AM,41,15,68,42,61,41,95,79,69,76,4,12,10,69,18,58,32,9,11,49,42,86,26,50,50,49,86,85,15,9,31,80,17,11,46,82,88,79,84,76,59,51,76,71,62,15,94,60,92,56,100,96,90,96,4,16,18,86,18,72,42,9,11,67,56,100,26,50,50,49,86,85,15,9,31,80,17,11,72,94,97,94,94,94,76,74,96,94,Czech League
Viktoria Plzeň,c6fx1460nlkawjgh67sp7a1hd,ab470admyu96ui8vuuybym2vo,K. Spáčil,Karel Spácil,23,Defender,Czechia,Defender,96.0,1.0,52.0,12.0,147.0,6.0,0.0,2.0,2.0,2.0,2.0,2.0,10.0,14.0,3.0,270.0,4.0,1.0,1.0,1.0,0.0,1.0,0.0,0.0,0.0,0.0,0.0,85.47,50.0,100.0,50.0,50.0,58.82,85.71,50.0,0.1707988545237475,0.2214160457426915,0.0,3.0,0.05968183,1.0,13.0,13.0,0.3147041599999999,82.0,32.0,0.3333333333333333,17.333333333333332,4.0,49.0,2.0,0.0,0.6666666666666666,0.6666666666666666,0.6666666666666666,0.6666666666666666,0.6666666666666666,3.333333333333333,4.666666666666667,1.0,1.3333333333333333,0.3333333333333333,0.3333333333333333,0.3333333333333333,0.0,0.3333333333333333,0.0,0.0,0.0,0.0,0.0,85.47,50.0,100.0,50.0,50.0,58.82,85.71,50.0,0.0569329515079158,0.0738053485808971,0.0,1.0,0.0198939433333333,0.3333333333333333,4.333333333333333,4.333333333333333,0.1049013866666666,27.33333333333333,LB/LCB,81,52,81,86,81,83,40,52,62,83,33,33,43,86,76,62,21,45,21,24,81,38,48,50,52,52,62,79,95,74,79,62,100,17,62,62,29,57,48,52,81,64,62,88,90,43,76,86,90,83,40,52,57,86,29,29,33,90,81,71,19,43,14,24,86,38,48,50,52,52,62,79,95,74,79,62,100,17,52,62,29,52,48,52,76,81,62,90,Czech League
Viktoria Plzeň,c6fx1460nlkawjgh67sp7a1hd,ama1ibpjcfu206icrfmkgfavp,P. Hrošovský,Patrik Hrosovsky,34,Midfielder,Slovakia,Midfielder,57.0,8.0,94.0,7.0,143.0,1.0,1.0,8.0,5.0,3.0,2.0,2.0,8.0,1.0,3.0,359.0,9.0,4.0,0.0,2.0,2.0,3.0,2.0,1.0,0.0,0.0,0.0,86.67,50.0,38.1,0.0,60.0,44.44,50.0,66.67,0.4255326777065357,0.8065465283008735,2.0,9.0,0.21694696,6.0,16.0,17.0,0.8034596399999997,79.0,14.289693593314762,2.0055710306406684,23.56545961002785,1.7548746518105849,35.84958217270195,0.2506963788300835,0.2506963788300835,2.0055710306406684,1.2534818941504178,0.7520891364902507,0.5013927576601671,0.5013927576601671,2.0055710306406684,0.2506963788300835,0.7520891364902507,2.256267409470752,1.0027855153203342,0.0,0.5013927576601671,0.5013927576601671,0.7520891364902507,0.5013927576601671,0.2506963788300835,0.0,0.0,0.0,86.67,50.0,38.1,0.0,60.0,44.44,50.0,66.67,0.1066795013748975,0.2021982940030045,0.5013927576601671,2.256267409470752,0.0543878172701949,1.504178272980501,4.011142061281337,4.26183844011142,0.2014244222841225,19.805013927576603,DM/CM,67,100,81,62,75,28,92,100,80,88,53,53,19,12,62,95,61,23,30,50,94,80,88,50,52,52,69,61,88,23,89,11,55,56,88,100,62,91,91,92,80,69,91,75,50,97,75,44,62,22,94,91,62,78,41,41,9,9,38,91,47,23,22,44,88,81,84,50,52,52,69,61,88,23,89,11,55,56,69,94,56,81,81,81,72,66,84,66,Czech League
Viktoria Plzeň,c6fx1460nlkawjgh67sp7a1hd,btl07lxy29q5k36jjicd4ht78,S. Dweh,Sampson Dweh,24,Defender,Liberia,Defender,189.0,0.0,92.0,20.0,281.0,13.0,0.0,0.0,3.0,3.0,4.0,4.0,30.0,26.0,8.0,360.0,5.0,1.0,4.0,7.0,0.0,1.0,1.0,1.0,0.0,0.0,0.0,91.83,66.67,0.0,100.0,33.33,66.67,72.22,58.33,0.4674787813832212,0.0,1.0,0.0,0.0,0.0,15.0,10.0,0.3847229499999995,182.0,47.25,0.0,23.0,5.0,70.25,3.25,0.0,0.0,0.75,0.75,1.0,1.0,7.5,6.5,2.0,1.25,0.25,1.0,1.75,0.0,0.25,0.25,0.25,0.0,0.0,0.0,91.83,66.67,0.0,100.0,33.33,66.67,72.22,58.33,0.1168696953458053,0.0,0.25,0.0,0.0,0.0,3.75,2.5,0.0961807374999998,45.5,CB,98,37,95,97,98,92,43,18,75,86,90,89,94,87,96,74,19,96,87,35,73,86,91,48,51,51,85,91,37,88,72,84,80,53,88,21,83,24,24,30,82,65,84,98,94,37,92,91,92,82,43,18,66,82,82,79,98,82,91,63,12,91,88,35,66,85,87,48,51,51,85,91,37,88,72,84,80,53,86,21,79,24,24,30,80,49,73,94,Czech League
Viktoria Plzeň,c6fx1460nlkawjgh67sp7a1hd,cx081k5lkivuv5esvs04s7r3d,T. Ladra,Tomás Ladra,29,Attacker,Czechia,Striker,4.0,2.0,43.0,10.0,45.0,0.0,0.0,3.0,8.0,2.0,3.0,3.0,5.0,0.0,1.0,183.0,5.0,1.0,2.0,1.0,6.0,1.0,4.0,0.0,0.0,0.0,0.0,75.0,71.43,16.67,66.67,12.5,29.41,0.0,50.0,0.5126924447721452,0.3279064782139258,5.0,4.0,0.14596704,2.0,13.0,16.0,0.73682175,27.0,1.9672131147540983,0.9836065573770492,21.14754098360656,4.918032786885246,22.13114754098361,0.0,0.0,1.475409836065574,3.934426229508197,0.9836065573770492,1.475409836065574,1.475409836065574,2.459016393442623,0.0,0.4918032786885246,2.459016393442623,0.4918032786885246,0.9836065573770492,0.4918032786885246,2.950819672131148,0.4918032786885246,1.9672131147540983,0.0,0.0,0.0,0.0,75.0,71.43,16.67,66.67,12.5,29.41,0.0,50.0,0.2521438252977763,0.161265481088816,2.459016393442623,1.9672131147540983,0.071787068852459,0.9836065573770492,6.39344262295082,7.868852459016394,0.3623713524590164,13.278688524590164,ST,14,90,91,100,87,10,42,68,73,29,39,38,21,9,76,24,17,68,56,99,34,97,26,51,51,50,58,89,73,83,18,20,12,60,53,78,96,82,80,79,100,100,98,93,13,91,98,100,93,10,42,80,93,31,49,49,11,9,82,18,16,71,58,98,32,96,26,51,51,50,58,89,73,83,18,20,12,60,56,89,98,82,80,78,100,100,98,100,Czech League
Zbrojovka Brno,6k350zwynsc23f0sxw9akgc6y,56rghk02z5qvuwesnawoswfhm,J. Klíma,Jakub Klíma,27,Defender,Czechia,Defender,57.0,0.0,36.0,4.0,93.0,3.0,0.0,1.0,1.0,0.0,4.0,5.0,14.0,13.0,6.0,360.0,0.0,3.0,2.0,4.0,1.0,0.0,0.0,0.0,0.0,0.0,0.0,77.5,28.57,0.0,50.0,0.0,45.16,75.0,66.67,0.0836570102496967,0.0672201585436752,0.0,6.0,0.14253946,2.0,10.0,11.0,0.28429033,50.0,14.25,0.0,9.0,1.0,23.25,0.75,0.0,0.25,0.25,0.0,1.0,1.25,3.5,3.25,1.5,0.0,0.75,0.5,1.0,0.25,0.0,0.0,0.0,0.0,0.0,0.0,77.5,28.57,0.0,50.0,0.0,45.16,75.0,66.67,0.0209142525624241,0.0168050396359188,0.0,1.5,0.035634865,0.5,2.5,2.75,0.0710725825,12.5,RB/RCB,64,36,46,39,64,57,50,50,36,18,79,89,54,61,93,18,71,79,50,68,36,39,46,50,54,54,43,14,36,79,36,21,100,43,29,43,36,86,93,79,61,50,57,57,50,36,29,14,36,50,50,43,32,18,68,79,21,36,86,18,50,71,29,64,36,39,46,50,54,54,43,14,36,79,36,21,100,43,29,43,36,93,100,71,50,36,29,50,Czech League
Zbrojovka Brno,6k350zwynsc23f0sxw9akgc6y,6xe9jlpa7tsm2jww8dxs28yxh,P. Čavoš,Patrik Cavos,31,Midfielder,Czechia,Midfielder,31.0,0.0,21.0,5.0,52.0,3.0,0.0,1.0,1.0,0.0,2.0,2.0,13.0,5.0,4.0,254.0,3.0,2.0,0.0,6.0,1.0,1.0,0.0,0.0,0.0,0.0,0.0,78.79,62.5,0.0,0.0,100.0,50.0,37.5,66.67,0.0312678869818643,0.06346612534079,0.0,1.0,0.01689528,0.0,3.0,4.0,0.08346735,27.0,10.984251968503935,0.0,7.440944881889763,1.7716535433070866,18.4251968503937,1.062992125984252,0.0,0.3543307086614173,0.3543307086614173,0.0,0.7086614173228346,0.7086614173228346,4.606299212598425,1.7716535433070866,1.4173228346456692,1.062992125984252,0.7086614173228346,0.0,2.125984251968504,0.3543307086614173,0.3543307086614173,0.0,0.0,0.0,0.0,0.0,78.79,62.5,0.0,0.0,100.0,50.0,37.5,66.67,0.011079172552629,0.0224879971679964,0.0,0.3543307086614173,0.005986516535433,0.0,1.062992125984252,1.4173228346456692,0.0295750452755905,9.566929133858268,DM/CM,36,28,17,47,22,64,42,33,19,23,53,53,44,62,75,55,33,23,83,33,64,17,42,50,52,52,41,84,28,23,97,31,38,56,12,34,14,23,16,17,20,23,19,38,22,28,12,47,16,62,42,31,16,23,56,56,50,66,88,69,31,23,88,31,66,17,42,50,52,52,41,84,28,23,97,31,38,56,12,34,14,22,22,17,22,16,19,31,Czech League
Zbrojovka Brno,6k350zwynsc23f0sxw9akgc6y,7mrry8ob9798f759i6qgx9c0k,T. Vachoušek,Tadeás Vachousek,22,Attacker,Czechia,Striker,12.0,0.0,22.0,1.0,34.0,1.0,2.0,4.0,4.0,2.0,6.0,6.0,10.0,1.0,0.0,220.0,8.0,2.0,3.0,1.0,2.0,2.0,0.0,1.0,0.0,0.0,0.0,70.83,33.33,0.0,50.0,50.0,58.82,0.0,25.0,0.4126682931555008,0.4065520547133087,2.0,1.0,0.0241224,4.0,3.0,2.0,0.06225568,13.0,4.909090909090908,0.0,9.0,0.409090909090909,13.909090909090908,0.409090909090909,0.8181818181818181,1.6363636363636362,1.6363636363636362,0.8181818181818181,2.454545454545454,2.454545454545454,4.090909090909091,0.409090909090909,0.0,3.2727272727272725,0.8181818181818181,1.227272727272727,0.409090909090909,0.8181818181818181,0.8181818181818181,0.0,0.409090909090909,0.0,0.0,0.0,70.83,33.33,0.0,50.0,50.0,58.82,0.0,25.0,0.1688188471999775,0.1663167496554444,0.8181818181818181,0.409090909090909,0.0098682545454545,1.6363636363636362,1.227272727272727,0.8181818181818181,0.0254682327272727,5.3181818181818175,ST,73,34,69,58,71,30,100,79,41,29,77,74,52,32,32,36,32,84,56,80,61,20,66,51,51,50,42,53,34,73,74,93,12,43,40,84,74,34,38,92,76,52,33,68,62,34,69,64,60,24,100,87,33,24,67,64,42,24,32,29,38,80,53,82,51,20,62,51,51,50,42,53,34,73,74,93,12,43,29,91,78,31,29,93,73,44,27,67,Czech League
Zbrojovka Brno,6k350zwynsc23f0sxw9akgc6y,8745dcpgyzxlfyx3z16xbtsk5,J. Janetzký,Jakub Janetzky,29,Midfielder,Czechia,Midfielder,45.0,0.0,36.0,6.0,81.0,2.0,0.0,0.0,0.0,0.0,0.0,0.0,4.0,3.0,4.0,194.0,2.0,1.0,0.0,1.0,0.0,0.0,0.0,0.0,0.0,0.0,0.0,81.0,66.67,0.0,0.0,0.0,44.44,66.67,100.0,0.0,0.0,0.0,0.0,0.0,0.0,0.0,0.0,0.0,0.0,20.87628865979381,0.0,16.701030927835053,2.783505154639176,37.57731958762887,0.9278350515463918,0.0,0.0,0.0,0.0,0.0,0.0,1.855670103092784,1.3917525773195878,1.855670103092784,0.9278350515463918,0.4639175257731959,0.0,0.4639175257731959,0.0,0.0,0.0,0.0,0.0,0.0,0.0,81.0,66.67,0.0,0.0,0.0,44.44,66.67,100.0,0.0,0.0,0.0,0.0,0.0,0.0,0.0,0.0,0.0,0.0,DM/CM,53,28,45,55,53,50,42,11,6,23,9,9,5,38,75,36,19,23,14,12,23,17,42,50,52,52,53,88,28,23,23,11,86,95,6,11,14,8,8,17,8,5,5,5,69,28,53,81,66,50,42,11,6,23,9,9,3,41,100,53,22,23,16,12,23,17,42,50,52,52,53,88,28,23,23,11,86,95,6,11,14,8,8,17,8,5,5,5,Czech League
Zbrojovka Brno,6k350zwynsc23f0sxw9akgc6y,8juh3g4obrxod9f2xq0q3kkq1,A. Vaníček,Antonín Vanícek,28,Midfielder,Czechia,Midfielder,13.0,2.0,21.0,2.0,32.0,1.0,0.0,2.0,6.0,4.0,6.0,6.0,11.0,3.0,0.0,191.0,6.0,4.0,2.0,3.0,2.0,4.0,1.0,2.0,0.0,0.0,0.0,66.67,33.33,33.33,33.33,66.67,40.74,50.0,75.0,0.5337342970647494,0.243400680326314,2.0,5.0,0.12451347,1.0,1.0,4.0,0.24502816,9.0,6.12565445026178,0.9424083769633508,9.895287958115183,0.9424083769633508,15.078534031413612,0.4712041884816754,0.0,0.9424083769633508,2.8272251308900525,1.8848167539267016,2.8272251308900525,2.8272251308900525,5.183246073298429,1.4136125654450262,0.0,2.8272251308900525,1.8848167539267016,0.9424083769633508,1.4136125654450262,0.9424083769633508,1.8848167539267016,0.4712041884816754,0.9424083769633508,0.0,0.0,0.0,66.67,33.33,33.33,33.33,66.67,40.74,50.0,75.0,0.2514978363132327,0.1146914200490484,0.9424083769633508,2.356020942408377,0.0586712685863874,0.4712041884816754,0.4712041884816754,1.8848167539267016,0.1154582952879581,4.240837696335079,CM/AM,28,55,21,42,21,41,37,36,69,76,68,65,53,69,18,58,53,57,71,49,94,49,94,50,50,49,10,34,81,35,91,35,75,74,64,42,55,55,52,37,12,26,56,15,30,66,18,54,18,50,37,42,80,88,74,70,72,76,18,62,72,64,78,64,98,56,100,50,50,49,10,34,81,35,91,35,75,74,80,56,72,72,72,44,8,34,58,10,Czech League
Zbrojovka Brno,6k350zwynsc23f0sxw9akgc6y,978jpis015nzqhoyrc8holh5g,Kaká,Kauan Carneiro da Silva,21,Defender,Brazil,Defender,106.0,0.0,49.0,20.0,155.0,9.0,0.0,2.0,1.0,1.0,4.0,4.0,19.0,32.0,4.0,360.0,5.0,2.0,2.0,5.0,0.0,1.0,0.0,0.0,0.0,0.0,0.0,77.11,50.0,0.0,50.0,100.0,59.38,60.0,83.33,0.1334870088157936,0.179857077506785,0.0,1.0,0.01473596,0.0,12.0,16.0,0.38835427,82.0,26.5,0.0,12.25,5.0,38.75,2.25,0.0,0.5,0.25,0.25,1.0,1.0,4.75,8.0,1.0,1.25,0.5,0.5,1.25,0.0,0.25,0.0,0.0,0.0,0.0,0.0,77.11,50.0,0.0,50.0,100.0,59.38,60.0,83.33,0.0333717522039484,0.0449642693766962,0.0,0.25,0.00368399,0.0,3.0,4.0,0.0970885675,20.5,LB/LCB,86,19,71,100,90,100,40,52,31,60,64,62,79,100,98,79,50,76,81,24,81,38,48,50,52,52,48,79,19,74,98,71,76,62,48,52,29,36,33,19,71,88,76,88,86,19,48,95,76,95,40,48,24,52,48,48,57,100,81,62,38,71,76,24,76,38,48,50,52,52,48,79,19,74,98,71,76,62,43,43,29,33,33,19,67,71,57,81,Czech League
Zbrojovka Brno,6k350zwynsc23f0sxw9akgc6y,9ctd54hlsaxfi1tsha385di7e,D. Vašulín,Daniel Vasulín,28,Attacker,Czechia,Striker,8.0,0.0,24.0,0.0,32.0,10.0,0.0,2.0,8.0,7.0,0.0,2.0,18.0,7.0,0.0,339.0,9.0,5.0,0.0,2.0,1.0,4.0,1.0,2.0,0.0,0.0,0.0,58.18,0.0,0.0,0.0,50.0,46.15,47.62,66.67,1.425645008027617,0.0829002871375226,2.0,1.0,0.02385149,1.0,2.0,3.0,0.11981383,17.0,2.1238938053097347,0.0,6.371681415929204,0.0,8.495575221238939,2.6548672566371683,0.0,0.5309734513274337,2.1238938053097347,1.8584070796460177,0.0,0.5309734513274337,4.778761061946903,1.8584070796460177,0.0,2.3893805309734515,1.327433628318584,0.0,0.5309734513274337,0.2654867256637168,1.0619469026548674,0.2654867256637168,0.5309734513274337,0.0,0.0,0.0,58.18,0.0,0.0,0.0,50.0,46.15,47.62,66.67,0.3784898251400753,0.0220089257887228,0.5309734513274337,0.2654867256637168,0.0063322539823008,0.2654867256637168,0.5309734513274337,0.7964601769911505,0.0318089814159292,4.513274336283186,ST,42,34,73,24,63,90,42,57,73,79,4,24,79,97,32,44,82,14,79,58,88,50,87,51,51,50,18,24,34,14,74,67,64,73,98,42,74,34,28,58,61,70,58,81,16,34,31,24,18,80,42,42,58,58,4,11,53,96,32,11,56,14,60,49,76,47,78,51,51,50,18,24,34,14,74,67,64,73,80,31,56,24,24,49,42,42,33,51,Czech League
Zbrojovka Brno,6k350zwynsc23f0sxw9akgc6y,9tjr2pq3er096jxb4vbgdfbpw,L. Saal,Lukás Saal,20,Midfielder,Czechia,Midfielder,26.0,2.0,25.0,4.0,49.0,0.0,0.0,1.0,1.0,0.0,0.0,0.0,4.0,2.0,0.0,190.0,0.0,0.0,0.0,2.0,1.0,0.0,1.0,0.0,0.0,0.0,0.0,75.38,40.0,100.0,0.0,0.0,36.36,0.0,50.0,0.0560736032193076,0.0090227070035402,1.0,4.0,0.0913404199999999,4.0,4.0,8.0,0.13170433,24.0,12.31578947368421,0.9473684210526316,11.842105263157894,1.894736842105263,23.21052631578948,0.0,0.0,0.4736842105263157,0.4736842105263157,0.0,0.0,0.0,1.894736842105263,0.9473684210526316,0.0,0.0,0.0,0.0,0.9473684210526316,0.4736842105263157,0.0,0.4736842105263157,0.0,0.0,0.0,0.0,75.38,40.0,100.0,0.0,0.0,36.36,0.0,50.0,0.0265611804723036,0.0042739138437822,0.4736842105263157,1.894736842105263,0.043266514736842,1.894736842105263,1.894736842105263,3.789473684210526,0.0623862615789473,11.36842105263158,DM/CM,22,88,25,38,12,8,42,33,19,23,9,9,5,23,8,6,8,23,30,33,23,50,42,50,52,52,28,44,98,23,23,3,9,28,16,22,38,58,56,72,30,47,25,30,34,94,38,50,22,8,42,34,19,23,9,9,6,25,8,6,8,23,34,41,23,67,42,50,52,52,28,44,98,23,23,3,9,28,22,22,52,72,72,94,34,50,31,38,Czech League
Zbrojovka Brno,6k350zwynsc23f0sxw9akgc6y,bcluo7om6nax75ogy916qv9xw,L. Penxa,Lukás Penxa,22,Defender,Czechia,Defender,13.0,0.0,28.0,1.0,41.0,5.0,0.0,1.0,1.0,1.0,2.0,2.0,7.0,6.0,2.0,247.0,5.0,0.0,1.0,1.0,0.0,0.0,0.0,0.0,0.0,0.0,0.0,65.08,33.33,0.0,50.0,0.0,35.0,35.71,100.0,0.1899582096979874,0.0522883171751452,0.0,4.0,0.11353002,0.0,3.0,4.0,0.13936506,20.0,4.7368421052631575,0.0,10.20242914979757,0.3643724696356275,14.939271255060728,1.8218623481781373,0.0,0.3643724696356275,0.3643724696356275,0.3643724696356275,0.728744939271255,0.728744939271255,2.5506072874493926,2.1862348178137654,0.728744939271255,1.8218623481781373,0.0,0.3643724696356275,0.3643724696356275,0.0,0.0,0.0,0.0,0.0,0.0,0.0,65.08,33.33,0.0,50.0,0.0,35.0,35.71,100.0,0.069215541995218,0.0190524232621986,0.0,1.45748987854251,0.0413672137651821,0.0,1.0931174089068827,1.45748987854251,0.0507807910931174,7.287449392712551,LB/LCB,10,19,29,12,19,60,40,36,31,60,33,33,26,57,52,79,7,45,21,24,33,38,48,50,52,52,14,31,19,74,33,14,43,86,67,29,29,74,81,19,29,38,24,29,10,19,33,10,5,71,40,43,33,62,33,33,19,57,57,76,7,57,24,24,33,38,48,50,52,52,14,31,19,74,33,14,43,86,62,29,29,76,81,19,33,33,19,24,Czech League
Zbrojovka Brno,6k350zwynsc23f0sxw9akgc6y,cy5vomqx7zkwmooy89tjcl250,L. Ezeh,Lucky Ezeh,22,Attacker,Nigeria,Striker,8.0,1.0,16.0,0.0,23.0,5.0,0.0,1.0,3.0,3.0,1.0,1.0,8.0,3.0,0.0,183.0,8.0,3.0,0.0,0.0,0.0,1.0,0.0,1.0,0.0,0.0,0.0,69.7,0.0,50.0,0.0,33.33,53.33,71.43,0.0,0.3823662140959863,0.1170250019082767,0.0,2.0,0.06064062,1.0,2.0,1.0,0.11371486,11.0,3.934426229508197,0.4918032786885246,7.868852459016394,0.0,11.311475409836069,2.459016393442623,0.0,0.4918032786885246,1.475409836065574,1.475409836065574,0.4918032786885246,0.4918032786885246,3.934426229508197,1.475409836065574,0.0,3.934426229508197,1.475409836065574,0.0,0.0,0.0,0.4918032786885246,0.0,0.4918032786885246,0.0,0.0,0.0,69.7,0.0,50.0,0.0,33.33,53.33,71.43,0.0,0.1880489577521244,0.0575532796270213,0.0,0.9836065573770492,0.0298232557377049,0.4918032786885246,0.9836065573770492,0.4918032786885246,0.0559253409836065,5.409836065573771,ST,42,76,46,24,39,68,42,38,29,44,16,11,36,72,32,36,54,14,21,22,34,20,66,51,51,50,38,24,97,14,48,87,100,21,36,51,21,58,53,58,61,28,53,60,49,78,47,24,40,78,42,36,27,42,13,9,40,80,32,47,58,14,21,22,32,20,67,51,51,50,38,24,97,14,48,87,100,21,38,49,21,62,62,58,64,33,60,71,Czech League
Zbrojovka Brno,6k350zwynsc23f0sxw9akgc6y,ebsazlpxhbm1pozbtj8g3scq2,F. Vedral,Filip Vedral,29,Defender,Czechia,Defender,106.0,0.0,37.0,13.0,143.0,8.0,1.0,4.0,3.0,2.0,1.0,1.0,16.0,17.0,4.0,360.0,10.0,4.0,0.0,3.0,1.0,0.0,1.0,0.0,0.0,0.0,0.0,78.14,35.14,0.0,0.0,0.0,55.17,47.06,75.0,0.2608479362307363,0.3466586434594553,1.0,1.0,0.01935132,0.0,7.0,9.0,0.60390329,82.0,26.5,0.0,9.25,3.25,35.75,2.0,0.25,1.0,0.75,0.5,0.25,0.25,4.0,4.25,1.0,2.5,1.0,0.0,0.75,0.25,0.0,0.25,0.0,0.0,0.0,0.0,78.14,35.14,0.0,0.0,0.0,55.17,47.06,75.0,0.065211984057684,0.0866646608648638,0.25,0.25,0.00483783,0.0,1.75,2.25,0.1509758225,20.5,CB,73,37,51,79,71,71,92,96,75,73,49,49,57,60,63,98,68,27,60,80,28,86,42,48,51,51,25,22,37,27,28,43,29,69,69,96,83,53,49,30,50,59,96,67,63,37,29,75,55,56,88,90,66,66,45,45,34,45,48,96,53,27,49,78,28,85,42,48,51,51,25,22,37,27,28,43,29,69,61,86,79,49,47,30,47,43,92,59,Czech League
Zbrojovka Brno,6k350zwynsc23f0sxw9akgc6y,vncfk6axwmcp7u1i75qrjhii,A. Dante,Amadou Dante,25,Defender,Mali,Defender,49.0,6.0,35.0,4.0,78.0,2.0,1.0,4.0,2.0,0.0,6.0,6.0,20.0,19.0,2.0,357.0,0.0,4.0,1.0,7.0,2.0,1.0,0.0,0.0,0.0,0.0,0.0,76.47,33.33,33.33,16.67,50.0,55.56,66.67,53.85,0.0424799498267474,0.5540316886284048,1.0,1.0,0.02401521,1.0,4.0,3.0,0.4228363,34.0,12.352941176470589,1.512605042016807,8.823529411764705,1.0084033613445378,19.663865546218485,0.5042016806722689,0.2521008403361344,1.0084033613445378,0.5042016806722689,0.0,1.512605042016807,1.512605042016807,5.042016806722689,4.7899159663865545,0.5042016806722689,0.0,1.0084033613445378,0.2521008403361344,1.7647058823529411,0.5042016806722689,0.2521008403361344,0.0,0.0,0.0,0.0,0.0,76.47,33.33,33.33,16.67,50.0,55.56,66.67,53.85,0.0107092310487598,0.1396718542760684,0.2521008403361344,0.2521008403361344,0.0060542546218487,0.2521008403361344,1.0084033613445378,0.7563025210084033,0.1065973865546218,8.571428571428571,LB/LCB,69,98,40,36,57,31,90,86,62,26,81,79,88,90,52,10,81,45,88,83,81,38,48,50,52,52,43,31,79,29,79,43,81,24,19,95,74,36,38,52,38,29,86,52,57,95,19,29,29,24,86,71,52,26,71,67,76,95,38,10,67,29,86,81,81,38,48,50,52,52,43,31,79,29,79,43,81,24,19,81,62,38,38,38,29,24,67,38,Czech League
Zlín,aj1nbeiatqrs6e47mnhjidn15,2xdnx2egg51d9cnec3h1lba3t,M. Pišoja,Marián Pisoja,26,Midfielder,Slovakia,Midfielder,46.0,1.0,48.0,5.0,93.0,4.0,0.0,3.0,1.0,0.0,9.0,9.0,15.0,4.0,0.0,309.0,1.0,3.0,3.0,3.0,1.0,0.0,1.0,0.0,0.0,0.0,0.0,77.5,33.33,10.0,33.33,0.0,35.71,40.0,60.0,0.0479726468700579,0.0824699190491436,1.0,3.0,0.0791194,4.0,11.0,13.0,0.23648135,46.0,13.398058252427186,0.2912621359223301,13.980582524271846,1.4563106796116505,27.087378640776706,1.1650485436893203,0.0,0.8737864077669903,0.2912621359223301,0.0,2.621359223300971,2.621359223300971,4.368932038834951,1.1650485436893203,0.0,0.2912621359223301,0.8737864077669903,0.8737864077669903,0.8737864077669903,0.2912621359223301,0.0,0.2912621359223301,0.0,0.0,0.0,0.0,77.5,33.33,10.0,33.33,0.0,35.71,40.0,60.0,0.0139726155932207,0.0240203647715952,0.2912621359223301,0.8737864077669903,0.0230444854368932,1.1650485436893203,3.2038834951456314,3.7864077669902914,0.0688780631067961,13.398058252427186,RM/RCM,89,72,44,83,78,89,39,72,33,33,78,78,89,56,22,44,50,78,67,39,33,67,50,56,56,56,33,67,56,61,33,44,72,67,22,44,50,28,22,78,72,78,44,78,78,78,44,78,56,89,39,56,33,33,78,78,89,33,22,44,33,78,56,33,33,56,50,56,56,56,33,67,56,61,33,44,72,67,22,22,44,22,22,67,78,78,44,67,Czech League
Zlín,aj1nbeiatqrs6e47mnhjidn15,5m8kpsvek9zb4778i3d5dylii,J. Kolář,Jakub Kolár,26,Defender,Czechia,Defender,56.0,0.0,28.0,10.0,84.0,8.0,0.0,0.0,0.0,0.0,0.0,0.0,16.0,18.0,1.0,258.0,2.0,7.0,0.0,1.0,0.0,0.0,0.0,0.0,1.0,0.0,0.0,82.35,55.56,0.0,0.0,0.0,66.67,72.73,100.0,0.0,0.0,0.0,0.0,0.0,0.0,0.0,0.0,0.0,0.0,19.53488372093023,0.0,9.767441860465116,3.488372093023256,29.302325581395348,2.7906976744186047,0.0,0.0,0.0,0.0,0.0,0.0,5.5813953488372094,6.27906976744186,0.3488372093023256,0.6976744186046512,2.441860465116279,0.0,0.3488372093023256,0.0,0.0,0.0,0.0,0.3488372093023256,0.0,0.0,82.35,55.56,0.0,0.0,0.0,66.67,72.73,100.0,0.0,0.0,0.0,0.0,0.0,0.0,0.0,0.0,0.0,0.0,CB,39,37,34,70,31,71,43,18,15,18,16,16,57,64,17,40,94,27,28,35,28,39,42,98,51,51,33,65,37,27,28,84,83,91,15,21,37,24,24,30,11,11,11,11,31,37,37,76,29,75,43,18,15,18,16,16,75,80,14,43,96,27,27,35,28,39,42,98,51,51,33,65,37,27,28,84,83,91,15,21,37,24,24,30,11,11,11,11,Czech League
Zlín,aj1nbeiatqrs6e47mnhjidn15,6wa3jbzqeourfoynxh6bsu6tw,C. Nombil,Cletus Nombil,26,Midfielder,Ghana,Midfielder,59.0,0.0,45.0,10.0,104.0,4.0,0.0,1.0,2.0,0.0,2.0,2.0,32.0,7.0,2.0,352.0,1.0,7.0,2.0,9.0,2.0,1.0,1.0,0.0,0.0,0.0,0.0,75.36,47.62,0.0,100.0,50.0,66.67,80.0,47.37,0.0921014640701096,0.0267536197521938,2.0,2.0,0.05267442,3.0,9.0,10.0,0.2342046099999999,59.0,15.085227272727272,0.0,11.505681818181818,2.556818181818182,26.590909090909093,1.0227272727272727,0.0,0.2556818181818182,0.5113636363636364,0.0,0.5113636363636364,0.5113636363636364,8.181818181818182,1.7897727272727273,0.5113636363636364,0.2556818181818182,1.7897727272727273,0.5113636363636364,2.301136363636364,0.5113636363636364,0.2556818181818182,0.2556818181818182,0.0,0.0,0.0,0.0,75.36,47.62,0.0,100.0,50.0,66.67,80.0,47.37,0.023548669790653,0.0068404141411859,0.5113636363636364,0.5113636363636364,0.0134678914772727,0.7670454545454546,2.301136363636364,2.556818181818182,0.0598818605113636,15.085227272727272,DM/CM,72,28,62,78,62,78,42,33,33,23,53,53,100,84,45,19,92,81,95,50,64,50,42,50,52,52,25,56,28,94,83,88,100,20,25,25,62,39,34,62,59,56,38,66,56,28,34,75,47,56,42,22,25,23,44,44,97,69,28,12,78,78,94,47,53,41,42,50,52,52,25,56,28,94,83,88,100,20,19,25,59,31,31,59,47,38,28,53,Czech League
Zlín,aj1nbeiatqrs6e47mnhjidn15,7ioiuweintm7xhy186s6m9m38,D. Grygera,David Grygera,21,Defender,Czechia,Defender,6.0,0.0,6.0,0.0,12.0,0.0,0.0,2.0,1.0,0.0,1.0,1.0,3.0,3.0,2.0,106.0,0.0,1.0,0.0,1.0,1.0,0.0,0.0,0.0,0.0,0.0,0.0,85.71,0.0,0.0,0.0,0.0,27.27,0.0,50.0,0.0275497920180778,0.155950423696951,1.0,0.0,0.0,0.0,2.0,3.0,0.05406058,9.0,5.09433962264151,0.0,5.09433962264151,0.0,10.18867924528302,0.0,0.0,1.6981132075471697,0.8490566037735848,0.0,0.8490566037735848,0.8490566037735848,2.547169811320755,2.547169811320755,1.6981132075471697,0.0,0.8490566037735848,0.0,0.8490566037735848,0.8490566037735848,0.0,0.0,0.0,0.0,0.0,0.0,85.71,0.0,0.0,0.0,0.0,27.27,0.0,50.0,0.0233913328455377,0.1324107371011848,0.8490566037735848,0.0,0.0,0.0,1.6981132075471697,2.547169811320755,0.0459004924528301,7.641509433962264,CB,4,37,4,3,2,6,43,70,41,18,49,49,6,11,32,7,19,27,28,80,28,39,42,48,51,51,47,3,37,27,28,4,9,33,31,67,83,24,24,30,24,27,24,25,6,37,4,3,4,6,43,98,78,18,76,75,8,22,80,7,39,27,57,96,28,39,42,48,51,51,47,3,37,27,28,4,9,33,37,98,96,24,24,30,43,51,33,29,Czech League
Zlín,aj1nbeiatqrs6e47mnhjidn15,7tc1glrem1sc2vev7j2we0pux,M. Fukala,Michal Fukala,25,Defender,Czechia,Defender,25.0,0.0,15.0,4.0,40.0,9.0,0.0,1.0,3.0,1.0,0.0,0.0,18.0,22.0,6.0,298.0,3.0,4.0,0.0,6.0,2.0,1.0,0.0,0.0,0.0,0.0,0.0,62.5,36.36,0.0,0.0,33.33,52.94,69.23,100.0,0.2317427227052574,0.0762095063644159,1.0,0.0,0.0,1.0,4.0,2.0,0.06665729,17.0,7.550335570469799,0.0,4.530201342281879,1.2080536912751678,12.08053691275168,2.718120805369128,0.0,0.3020134228187919,0.906040268456376,0.3020134228187919,0.0,0.0,5.436241610738255,6.644295302013424,1.812080536912752,0.906040268456376,1.2080536912751678,0.0,1.812080536912752,0.6040268456375839,0.3020134228187919,0.0,0.0,0.0,0.0,0.0,62.5,36.36,0.0,0.0,33.33,52.94,69.23,100.0,0.0699894128975609,0.0230162938684477,0.3020134228187919,0.0,0.0,0.3020134228187919,1.2080536912751678,0.6040268456375839,0.0201313963087248,5.134228187919463,CB,13,37,12,28,16,77,43,46,75,49,16,16,74,73,85,54,68,27,83,95,73,39,42,48,51,51,6,26,37,27,72,38,77,91,67,55,83,24,24,70,40,25,25,31,10,37,2,24,10,73,43,41,82,41,16,16,71,86,86,49,63,27,90,94,69,39,42,48,51,51,6,26,37,27,72,38,77,91,67,53,82,24,24,65,33,24,24,27,Czech League
Zlín,aj1nbeiatqrs6e47mnhjidn15,80cmrj6gc8fb953dr7h91ual0,T. Hellebrand,Tomás Hellebrand,18,Midfielder,Czechia,Midfielder,34.0,0.0,23.0,2.0,57.0,1.0,0.0,0.0,7.0,1.0,2.0,2.0,13.0,3.0,1.0,187.0,2.0,5.0,0.0,4.0,6.0,0.0,5.0,0.0,0.0,0.0,0.0,91.94,100.0,0.0,0.0,0.0,54.17,50.0,57.14,0.4989209771641529,0.0,4.0,4.0,0.07842462,1.0,3.0,3.0,0.0480713,18.0,16.363636363636363,0.0,11.06951871657754,0.962566844919786,27.4331550802139,0.481283422459893,0.0,0.0,3.368983957219251,0.481283422459893,0.962566844919786,0.962566844919786,6.256684491978609,1.443850267379679,0.481283422459893,0.962566844919786,2.406417112299465,0.0,1.925133689839572,2.887700534759358,0.0,2.406417112299465,0.0,0.0,0.0,0.0,91.94,100.0,0.0,0.0,0.0,54.17,50.0,57.14,0.2401223954265976,0.0,1.925133689839572,1.925133689839572,0.0377444695187165,0.481283422459893,1.443850267379679,1.443850267379679,0.0231359197860962,8.663101604278074,DM/CM,47,28,22,14,34,28,42,11,92,58,53,53,44,38,23,36,77,23,58,98,23,100,42,50,52,52,97,98,28,23,23,59,55,34,91,11,94,58,47,41,20,17,12,19,66,28,31,12,53,34,42,11,97,69,72,69,81,50,22,56,91,23,72,100,23,97,42,50,52,52,97,98,28,23,23,59,55,34,97,11,100,75,69,41,25,19,16,28,Czech League
Zlín,aj1nbeiatqrs6e47mnhjidn15,8mh53t7xicq7stqgqxqcer9ck,T. Ulbrich,Tom Ulbrich,28,Midfielder,Czechia,Midfielder,10.0,0.0,20.0,2.0,30.0,2.0,0.0,2.0,8.0,5.0,3.0,5.0,11.0,2.0,0.0,218.0,6.0,5.0,1.0,1.0,3.0,0.0,3.0,0.0,0.0,0.0,0.0,75.0,100.0,0.0,33.33,0.0,47.83,33.33,33.33,0.7269494671252879,0.0483521931577857,1.0,0.0,0.0,0.0,5.0,6.0,0.08489271,12.0,4.128440366972478,0.0,8.256880733944955,0.8256880733944955,12.385321100917432,0.8256880733944955,0.0,0.8256880733944955,3.302752293577982,2.064220183486239,1.2385321100917432,2.064220183486239,4.541284403669725,0.8256880733944955,0.0,2.4770642201834865,2.064220183486239,0.4128440366972477,0.4128440366972477,1.2385321100917432,0.0,1.2385321100917432,0.0,0.0,0.0,0.0,75.0,100.0,0.0,33.33,0.0,47.83,33.33,33.33,0.300116752482917,0.0199619146064252,0.4128440366972477,0.0,0.0,0.0,2.064220183486239,2.4770642201834865,0.0350474490825688,4.954128440366973,CM/AM,21,15,18,42,15,65,37,36,85,87,38,53,53,50,18,58,62,33,31,70,13,86,26,50,50,49,26,98,15,35,13,52,56,26,82,24,36,5,5,12,51,40,22,22,16,15,14,46,14,68,37,34,92,90,40,52,54,58,18,56,78,34,33,76,13,94,26,50,50,49,26,98,15,35,13,52,56,26,90,22,39,5,5,12,54,50,14,18,Czech League
Zlín,aj1nbeiatqrs6e47mnhjidn15,9jgpq53fiudlh6q210nvhtd5h,L. Bartošák,Lukás Bartosák,36,Defender,Czechia,Defender,5.0,2.0,18.0,1.0,21.0,2.0,0.0,4.0,3.0,1.0,1.0,1.0,9.0,2.0,1.0,165.0,3.0,5.0,0.0,2.0,2.0,0.0,1.0,0.0,0.0,0.0,0.0,56.76,25.0,16.67,0.0,0.0,42.86,66.67,100.0,0.1656392500300723,0.3364816380027536,0.0,0.0,0.0,0.0,3.0,5.0,0.0824394099999999,9.0,2.7272727272727275,1.090909090909091,9.818181818181818,0.5454545454545455,11.454545454545457,1.090909090909091,0.0,2.181818181818182,1.6363636363636365,0.5454545454545455,0.5454545454545455,0.5454545454545455,4.909090909090909,1.090909090909091,0.5454545454545455,1.6363636363636365,2.7272727272727275,0.0,1.090909090909091,1.090909090909091,0.0,0.5454545454545455,0.0,0.0,0.0,0.0,56.76,25.0,16.67,0.0,0.0,42.86,66.67,100.0,0.0903486818345848,0.1835354389105928,0.0,0.0,0.0,0.0,1.6363636363636365,2.7272727272727275,0.0449669509090908,4.909090909090909,CB,2,95,19,7,4,18,43,96,75,49,49,49,23,8,17,54,82,27,46,95,28,86,42,48,51,51,2,8,77,27,28,22,74,91,55,94,37,24,24,30,32,33,29,25,4,100,41,10,8,29,43,100,96,69,67,67,61,8,24,82,98,27,65,98,28,96,42,48,51,51,2,8,77,27,28,22,74,91,75,100,37,24,24,30,41,62,31,25,Czech League
Zlín,aj1nbeiatqrs6e47mnhjidn15,abm9chfqtlt7fwzwu00vx0e6t,T. Poznar,Tomás Poznar,37,Attacker,Czechia,Striker,2.0,0.0,9.0,0.0,11.0,6.0,0.0,0.0,0.0,0.0,1.0,1.0,10.0,1.0,0.0,130.0,2.0,4.0,0.0,0.0,0.0,0.0,0.0,0.0,0.0,0.0,0.0,44.0,0.0,0.0,0.0,0.0,45.45,60.0,0.0,0.0,0.0,0.0,0.0,0.0,0.0,0.0,0.0,0.0,0.0,1.3846153846153846,0.0,6.230769230769231,0.0,7.615384615384616,4.153846153846154,0.0,0.0,0.0,0.0,0.6923076923076923,0.6923076923076923,6.923076923076923,0.6923076923076923,0.0,1.3846153846153846,2.769230769230769,0.0,0.0,0.0,0.0,0.0,0.0,0.0,0.0,0.0,44.0,0.0,0.0,0.0,0.0,45.45,60.0,0.0,0.0,0.0,0.0,0.0,0.0,0.0,0.0,0.0,0.0,0.0,ST,2,34,11,24,4,72,42,12,3,4,16,11,52,32,32,7,73,14,21,22,8,20,26,51,51,50,2,24,34,14,8,64,89,21,3,13,21,11,11,22,12,8,3,3,7,34,27,24,13,93,42,12,3,4,18,16,87,31,32,7,89,14,21,22,8,20,26,51,51,50,2,24,34,14,8,64,89,21,3,13,21,11,11,22,12,8,3,3,Czech League
Zlín,aj1nbeiatqrs6e47mnhjidn15,bygzs11udr93gchudpxaqhk6i,J. Černín,Jakub Cernín,27,Defender,Czechia,Defender,97.0,0.0,47.0,19.0,144.0,11.0,0.0,2.0,4.0,4.0,1.0,1.0,23.0,23.0,6.0,437.0,8.0,5.0,1.0,4.0,0.0,0.0,0.0,0.0,0.0,0.0,0.0,72.36,37.25,0.0,100.0,0.0,69.7,78.57,57.14,0.4923648097086037,0.0535554162836758,0.0,2.0,0.04336653,2.0,17.0,22.0,0.32251985,87.0,19.977116704805493,0.0,9.67963386727689,3.91304347826087,29.656750572082384,2.265446224256293,0.0,0.4118993135011441,0.8237986270022883,0.8237986270022883,0.205949656750572,0.205949656750572,4.736842105263158,4.736842105263158,1.2356979405034323,1.647597254004577,1.0297482837528604,0.205949656750572,0.8237986270022883,0.0,0.0,0.0,0.0,0.0,0.0,0.0,72.36,37.25,0.0,100.0,0.0,69.7,78.57,57.14,0.1014023635555476,0.011029719600757,0.0,0.4118993135011441,0.0089313219679633,0.4118993135011441,3.501144164759725,4.530892448512586,0.066422852402746,17.91762013729977,CB,69,37,63,92,74,86,43,70,91,96,49,49,86,77,85,92,82,67,73,35,28,39,42,48,51,51,14,29,37,88,28,90,89,49,90,51,37,67,63,84,88,94,76,69,35,37,33,78,33,63,43,55,76,92,41,41,55,57,65,86,59,61,55,35,28,39,42,48,51,51,14,29,37,88,28,90,89,49,80,41,37,63,59,78,78,82,59,53,Czech League
Zlín,aj1nbeiatqrs6e47mnhjidn15,d8wsi1tx3s8xh4cqcn9d55lp0,S. Petruța,Stanislav Petruta,20,Midfielder,Moldova,Midfielder,24.0,2.0,26.0,2.0,48.0,1.0,0.0,2.0,7.0,3.0,6.0,6.0,11.0,4.0,5.0,231.0,4.0,5.0,1.0,1.0,4.0,2.0,3.0,1.0,0.0,0.0,0.0,78.69,33.33,40.0,16.67,28.57,36.67,50.0,25.0,0.613474256504825,0.193872743677454,1.0,2.0,0.04813761,2.0,3.0,4.0,0.09008433,17.0,9.35064935064935,0.7792207792207791,10.12987012987013,0.7792207792207791,18.7012987012987,0.3896103896103896,0.0,0.7792207792207791,2.727272727272727,1.1688311688311688,2.3376623376623376,2.3376623376623376,4.285714285714286,1.5584415584415583,1.948051948051948,1.5584415584415583,1.948051948051948,0.3896103896103896,0.3896103896103896,1.5584415584415583,0.7792207792207791,1.1688311688311688,0.3896103896103896,0.0,0.0,0.0,78.69,33.33,40.0,16.67,28.57,36.67,50.0,25.0,0.2390159440927889,0.075534835199008,0.3896103896103896,0.7792207792207791,0.0187549129870129,0.7792207792207791,1.1688311688311688,1.5584415584415583,0.0350977909090909,6.623376623376623,CM/AM,52,55,28,42,40,41,37,36,80,65,68,65,53,83,96,38,62,33,31,85,68,86,70,50,50,49,36,34,88,20,51,26,75,22,70,38,36,23,20,55,28,26,24,32,58,58,22,38,22,40,37,30,78,66,60,58,42,82,98,40,74,30,26,88,72,92,72,50,50,49,36,34,88,20,51,26,75,22,78,34,34,22,22,56,30,24,16,24,Czech League
Zlín,aj1nbeiatqrs6e47mnhjidn15,e9hgvxi5mkl4ug3f452sofytw,F. Appiah,Frank Appiah,24,Midfielder,Ghana,Midfielder,24.0,7.0,34.0,2.0,51.0,0.0,1.0,10.0,4.0,2.0,23.0,24.0,27.0,1.0,1.0,410.0,6.0,7.0,13.0,5.0,2.0,1.0,0.0,1.0,0.0,0.0,0.0,75.0,50.0,43.75,56.52,25.0,42.86,0.0,71.43,0.3524381884839085,0.9712701582715336,4.0,8.0,0.18887906,1.0,3.0,7.0,0.7027294199999998,25.0,5.2682926829268295,1.5365853658536586,7.463414634146342,0.4390243902439024,11.195121951219512,0.0,0.2195121951219512,2.1951219512195124,0.8780487804878049,0.4390243902439024,5.048780487804878,5.2682926829268295,5.926829268292683,0.2195121951219512,0.2195121951219512,1.3170731707317074,1.5365853658536586,2.853658536585366,1.0975609756097562,0.4390243902439024,0.2195121951219512,0.0,0.2195121951219512,0.0,0.0,0.0,75.0,50.0,43.75,56.52,25.0,42.86,0.0,71.43,0.0773644803989067,0.2132056444986293,0.8780487804878049,1.7560975609756098,0.0414612570731707,0.2195121951219512,0.6585365853658537,1.5365853658536586,0.1542576775609755,5.487804878048781,CM/AM,52,93,42,42,42,13,82,90,39,49,100,100,94,30,47,58,76,100,90,49,42,17,70,50,50,49,26,61,90,64,43,39,17,71,42,92,88,79,72,37,28,51,82,49,24,86,8,18,10,13,74,76,28,26,98,98,78,20,36,22,58,96,68,32,29,17,57,50,50,49,26,61,90,64,43,39,17,71,26,80,68,55,44,26,16,22,78,22,Czech League
Zlín,aj1nbeiatqrs6e47mnhjidn15,edv4vmda1c38t630v2epovh79,M. Kopečný,Milos Kopecny,32,Defender,Czechia,Defender,60.0,1.0,52.0,11.0,111.0,9.0,0.0,1.0,3.0,1.0,3.0,3.0,31.0,13.0,4.0,450.0,2.0,9.0,1.0,9.0,2.0,0.0,2.0,0.0,0.0,0.0,0.0,79.86,55.0,16.67,33.33,0.0,67.39,56.25,69.23,0.2148899846690867,0.1003306230924457,1.0,7.0,0.16869025,7.0,17.0,16.0,0.42547238,56.0,12.0,0.2,10.4,2.2,22.2,1.8,0.0,0.2,0.6,0.2,0.6,0.6,6.2,2.6,0.8,0.4,1.8,0.2,1.8,0.4,0.0,0.4,0.0,0.0,0.0,0.0,79.86,55.0,16.67,33.33,0.0,67.39,56.25,69.23,0.0429779969338173,0.0200661246184891,0.2,1.4,0.03373805,1.4,3.4,3.2,0.085094476,11.2,RB/RCB,71,75,75,75,79,82,50,50,71,50,61,61,86,61,68,50,86,54,89,86,36,100,46,50,54,54,71,100,71,61,36,79,57,50,64,50,75,96,100,100,89,71,64,71,43,71,36,43,21,71,50,36,57,36,50,50,79,21,36,36,71,50,57,79,36,93,46,50,54,54,71,100,71,61,36,79,57,50,43,50,71,86,86,100,64,50,36,29,Czech League
Zlín,aj1nbeiatqrs6e47mnhjidn15,ejoci42pug77q1jpcr27vpc5x,A. Křapka,Antonín Krapka,32,Defender,Czechia,Defender,26.0,0.0,6.0,3.0,32.0,0.0,0.0,0.0,0.0,0.0,0.0,0.0,0.0,3.0,0.0,90.0,0.0,0.0,0.0,0.0,0.0,0.0,0.0,0.0,0.0,0.0,0.0,82.05,42.86,0.0,0.0,0.0,0.0,0.0,0.0,0.0,0.0,0.0,0.0,0.0,0.0,0.0,0.0,0.0,0.0,26.0,0.0,6.0,3.0,32.0,0.0,0.0,0.0,0.0,0.0,0.0,0.0,0.0,3.0,0.0,0.0,0.0,0.0,0.0,0.0,0.0,0.0,0.0,0.0,0.0,0.0,82.05,42.86,0.0,0.0,0.0,0.0,0.0,0.0,0.0,0.0,0.0,0.0,0.0,0.0,0.0,0.0,0.0,0.0,CB,16,37,4,21,12,6,43,18,15,18,16,16,2,11,5,7,6,27,9,35,28,39,42,48,51,51,31,48,37,27,28,2,9,9,15,21,37,24,24,30,11,11,11,11,61,37,16,64,41,6,43,18,15,18,16,16,2,28,5,7,6,27,9,35,28,39,42,48,51,51,31,48,37,27,28,2,9,9,15,21,37,24,24,30,11,11,11,11,Czech League
Zlín,aj1nbeiatqrs6e47mnhjidn15,evl8feb4btmjfp6yz61syf0iy,M. Cupák,Michal Cupák,27,Midfielder,Czechia,Midfielder,17.0,0.0,16.0,2.0,33.0,1.0,0.0,1.0,2.0,1.0,1.0,2.0,13.0,1.0,1.0,179.0,2.0,4.0,1.0,4.0,1.0,0.0,1.0,0.0,0.0,0.0,0.0,71.74,66.67,0.0,100.0,0.0,59.09,25.0,57.14,0.1648998013678962,0.0379385231463478,0.0,0.0,0.0,0.0,4.0,2.0,0.0441279899999999,9.0,8.547486033519553,0.0,8.044692737430168,1.005586592178771,16.59217877094972,0.5027932960893855,0.0,0.5027932960893855,1.005586592178771,0.5027932960893855,0.5027932960893855,1.005586592178771,6.536312849162011,0.5027932960893855,0.5027932960893855,1.005586592178771,2.011173184357542,0.5027932960893855,2.011173184357542,0.5027932960893855,0.0,0.5027932960893855,0.0,0.0,0.0,0.0,71.74,66.67,0.0,100.0,0.0,59.09,25.0,57.14,0.0829105146542494,0.0190752351015156,0.0,0.0,0.0,0.0,2.011173184357542,1.005586592178771,0.0221872575418993,4.5251396648044695,CM/AM,36,15,13,42,24,41,37,22,25,27,14,24,63,30,47,10,53,33,81,30,13,49,26,50,50,49,14,85,15,95,13,84,46,48,22,20,16,5,5,12,39,16,8,15,46,15,12,56,20,52,37,20,30,36,18,34,86,40,54,12,76,42,92,36,13,62,26,50,50,49,14,85,15,95,13,84,46,48,30,20,16,5,5,12,48,16,8,14,Czech League
Zlín,aj1nbeiatqrs6e47mnhjidn15,f083847g81mziziz7yugnkmj8,O. Kukučka,Ondrej Kukucka,22,Defender,Czechia,Defender,64.0,0.0,14.0,5.0,78.0,6.0,0.0,0.0,0.0,0.0,0.0,0.0,10.0,18.0,1.0,225.0,0.0,0.0,0.0,3.0,0.0,0.0,0.0,0.0,0.0,0.0,0.0,86.67,62.5,0.0,0.0,0.0,62.5,85.71,75.0,0.0006343628696227,0.0,0.0,0.0,0.0,0.0,5.0,6.0,0.1235092,56.0,25.6,0.0,5.6,2.0,31.2,2.4,0.0,0.0,0.0,0.0,0.0,0.0,4.0,7.2,0.4,0.0,0.0,0.0,1.2,0.0,0.0,0.0,0.0,0.0,0.0,0.0,86.67,62.5,0.0,0.0,0.0,62.5,85.71,75.0,0.000253745147849,0.0,0.0,0.0,0.0,0.0,2.0,2.4,0.04940368,22.4,CB,45,37,10,35,25,57,43,18,15,18,16,16,31,64,17,7,6,27,60,35,28,39,42,48,51,51,55,79,37,27,28,73,99,69,29,21,37,24,24,30,44,38,33,48,59,37,10,43,39,68,43,18,15,18,16,16,34,92,18,7,6,27,68,35,28,39,42,48,51,51,55,79,37,27,28,73,99,69,29,21,37,24,24,30,51,47,37,61,Czech League
Zlín,aj1nbeiatqrs6e47mnhjidn15,r2qv824sfah5ofxkyd7e08pg,D. Šmiga,Daniel Smiga,22,Attacker,Czechia,Striker,4.0,1.0,13.0,0.0,16.0,3.0,0.0,3.0,9.0,7.0,9.0,9.0,13.0,0.0,0.0,285.0,15.0,3.0,4.0,1.0,2.0,3.0,2.0,1.0,0.0,0.0,0.0,64.0,0.0,50.0,44.44,33.33,27.66,18.75,33.33,1.0288872609365414,0.2517123210252184,5.0,2.0,0.07502923,0.0,0.0,1.0,0.17161684,6.0,1.2631578947368425,0.3157894736842105,4.105263157894737,0.0,5.052631578947369,0.9473684210526316,0.0,0.9473684210526316,2.8421052631578947,2.210526315789474,2.8421052631578947,2.8421052631578947,4.105263157894737,0.0,0.0,4.736842105263158,0.9473684210526316,1.2631578947368425,0.3157894736842105,0.6315789473684211,0.9473684210526316,0.6315789473684211,0.3157894736842105,0.0,0.0,0.0,64.0,0.0,50.0,44.44,33.33,27.66,18.75,33.33,0.3249117666115394,0.0794881013763847,1.5789473684210529,0.6315789473684211,0.0236934410526315,0.0,0.0,0.3157894736842105,0.0541947915789473,1.8947368421052635,ST,14,76,30,24,24,54,42,68,82,79,92,90,69,9,32,78,54,90,56,80,74,74,66,51,51,50,24,24,97,67,48,16,29,47,73,67,96,58,60,22,12,28,69,24,4,71,9,24,2,51,42,63,78,73,78,73,44,9,32,68,42,82,44,67,67,62,53,51,51,50,24,24,97,67,48,16,29,47,64,62,87,40,49,22,12,18,58,11,Czech League
Jablonec,bdz8tx20ekj1ryi2e2u13jdl,1jjin4rv03nnpbdgr7qr0gzys,D. Pavlović,Dusan Pavlovic,22,Defender,Serbia,Defender,70.0,0.0,51.0,7.0,121.0,5.0,0.0,0.0,1.0,1.0,0.0,0.0,7.0,20.0,3.0,264.0,1.0,1.0,0.0,0.0,0.0,1.0,0.0,0.0,0.0,0.0,0.0,86.43,35.0,0.0,0.0,100.0,50.0,50.0,0.0,0.1371034183531544,0.0,0.0,4.0,0.07430139,2.0,9.0,8.0,0.1741249,79.0,23.863636363636367,0.0,17.386363636363637,2.3863636363636367,41.25,1.7045454545454546,0.0,0.0,0.3409090909090909,0.3409090909090909,0.0,0.0,2.3863636363636367,6.818181818181818,1.0227272727272727,0.3409090909090909,0.3409090909090909,0.0,0.0,0.0,0.3409090909090909,0.0,0.0,0.0,0.0,0.0,86.43,35.0,0.0,0.0,100.0,50.0,50.0,0.0,0.0467398017113026,0.0,0.0,1.3636363636363638,0.0253300193181818,0.6818181818181819,3.0681818181818183,2.7272727272727275,0.0593607613636363,26.931818181818183,CB,49,37,72,46,57,45,43,18,41,49,16,16,13,69,48,23,19,27,9,35,73,39,42,48,51,51,53,19,37,27,96,33,37,9,51,21,37,80,73,84,64,51,43,65,55,37,76,49,65,53,43,18,39,49,16,16,6,90,55,18,20,27,9,35,80,39,42,48,51,51,53,19,37,27,96,33,37,9,49,21,37,90,76,90,71,62,43,78,Czech League
Jablonec,bdz8tx20ekj1ryi2e2u13jdl,2gli0393ixhifntjjmtq89olx,J. Chramosta,Jan Chramosta,35,Attacker,Czechia,Striker,4.0,0.0,10.0,2.0,14.0,0.0,0.0,0.0,1.0,1.0,1.0,1.0,1.0,1.0,0.0,102.0,4.0,0.0,0.0,1.0,0.0,1.0,0.0,1.0,0.0,0.0,0.0,93.33,100.0,0.0,0.0,100.0,11.11,0.0,100.0,0.467008027219965,0.0,0.0,1.0,0.02401521,0.0,1.0,2.0,0.04982509,3.0,3.5294117647058822,0.0,8.823529411764707,1.7647058823529411,12.352941176470589,0.0,0.0,0.0,0.8823529411764706,0.8823529411764706,0.8823529411764706,0.8823529411764706,0.8823529411764706,0.8823529411764706,0.0,3.5294117647058822,0.0,0.0,0.8823529411764706,0.0,0.8823529411764706,0.0,0.8823529411764706,0.0,0.0,0.0,93.33,100.0,0.0,0.0,100.0,11.11,0.0,100.0,0.4120659063705573,0.0,0.0,0.8823529411764706,0.0211898911764705,0.0,0.8823529411764706,1.7647058823529411,0.0439633147058823,2.647058823529412,ST,14,34,20,78,11,10,42,12,7,12,16,11,2,32,32,16,6,14,56,22,34,20,66,51,51,50,98,96,34,14,99,2,12,93,49,13,21,34,33,22,37,52,27,10,38,34,67,93,47,10,42,12,7,29,29,24,2,62,32,33,6,14,80,22,60,20,93,51,51,50,98,96,34,14,99,2,12,93,87,13,21,58,42,22,60,82,56,22,Czech League
Jablonec,bdz8tx20ekj1ryi2e2u13jdl,3p95pudljhqzrnegmko7z56uh,R. Sedláček,Richard Sedlácek,27,Midfielder,Czechia,Midfielder,62.0,1.0,68.0,13.0,129.0,1.0,1.0,5.0,2.0,1.0,2.0,2.0,9.0,5.0,2.0,205.0,2.0,2.0,1.0,5.0,1.0,0.0,1.0,0.0,0.0,0.0,0.0,87.76,59.09,50.0,50.0,0.0,47.37,0.0,100.0,0.1265831487349398,0.2601751264644288,1.0,5.0,0.10599938,4.0,12.0,12.0,0.3239069400000001,77.0,27.21951219512196,0.4390243902439024,29.853658536585368,5.707317073170732,56.63414634146342,0.4390243902439024,0.4390243902439024,2.1951219512195124,0.8780487804878049,0.4390243902439024,0.8780487804878049,0.8780487804878049,3.951219512195122,2.1951219512195124,0.8780487804878049,0.8780487804878049,0.8780487804878049,0.4390243902439024,2.1951219512195124,0.4390243902439024,0.0,0.4390243902439024,0.0,0.0,0.0,0.0,87.76,59.09,50.0,50.0,0.0,47.37,0.0,100.0,0.0555730896885101,0.114223226252676,0.4390243902439024,2.1951219512195124,0.0465363131707317,1.7560975609756098,5.2682926829268295,5.2682926829268295,0.1422030468292683,33.80487804878049,DM/CM,75,69,72,91,72,28,92,81,33,58,53,53,27,62,45,36,33,59,72,33,23,50,42,50,52,52,81,78,92,70,23,22,9,95,34,62,38,69,59,72,62,61,53,72,88,78,88,100,91,31,100,97,47,66,69,66,38,81,53,50,44,69,91,38,23,62,42,50,52,52,81,78,92,70,23,22,9,95,44,81,47,78,75,91,81,81,72,91,Czech League
Jablonec,bdz8tx20ekj1ryi2e2u13jdl,5ioykn5eaz0k05yczz2ce1uy1,A. Růsek,Antonín Rusek,27,Attacker,Czechia,Striker,19.0,1.0,19.0,2.0,37.0,1.0,0.0,0.0,2.0,1.0,3.0,3.0,4.0,1.0,0.0,128.0,1.0,0.0,1.0,1.0,1.0,0.0,1.0,0.0,0.0,0.0,0.0,80.43,50.0,33.33,33.33,0.0,28.57,20.0,50.0,0.1817032974917395,0.0,1.0,1.0,0.01685596,0.0,4.0,5.0,0.05416392,13.0,13.359375,0.703125,13.359375,1.40625,26.015625,0.703125,0.0,0.0,1.40625,0.703125,2.109375,2.109375,2.8125,0.703125,0.0,0.703125,0.0,0.703125,0.703125,0.703125,0.0,0.703125,0.0,0.0,0.0,0.0,80.43,50.0,33.33,33.33,0.0,28.57,20.0,50.0,0.1277601310488793,0.0,0.703125,0.703125,0.0118518468749999,0.0,2.8125,3.515625,0.0380840062499999,9.140625,ST,89,76,54,78,79,30,42,12,16,12,39,38,12,32,32,2,6,41,56,58,8,50,26,51,51,50,82,68,87,53,8,18,33,60,11,13,52,34,22,22,81,80,31,68,100,84,82,87,100,31,42,12,18,11,60,60,20,33,32,2,6,58,67,71,8,67,26,51,51,50,82,68,87,53,8,18,33,60,18,13,64,44,31,22,96,96,49,96,Czech League
Jablonec,bdz8tx20ekj1ryi2e2u13jdl,5m0z9znbaneiy3yj0xbuas9re,N. Tekijaški,Nemanja Tekijaski,29,Defender,Serbia,Defender,94.0,0.0,50.0,13.0,144.0,10.0,0.0,1.0,2.0,1.0,1.0,1.0,17.0,20.0,1.0,270.0,2.0,6.0,1.0,1.0,1.0,1.0,0.0,0.0,0.0,0.0,0.0,88.89,65.0,0.0,100.0,50.0,56.67,52.63,100.0,0.1290819054743873,0.0867789646476773,1.0,8.0,0.17790232,6.0,13.0,14.0,0.2437107599999999,106.0,31.33333333333333,0.0,16.666666666666668,4.333333333333333,48.0,3.333333333333333,0.0,0.3333333333333333,0.6666666666666666,0.3333333333333333,0.3333333333333333,0.3333333333333333,5.666666666666667,6.666666666666667,0.3333333333333333,0.6666666666666666,2.0,0.3333333333333333,0.3333333333333333,0.3333333333333333,0.3333333333333333,0.0,0.0,0.0,0.0,0.0,88.89,65.0,0.0,100.0,50.0,56.67,52.63,100.0,0.0430273018247957,0.0289263215492257,0.3333333333333333,2.6666666666666665,0.0593007733333333,2.0,4.333333333333333,4.666666666666667,0.0812369199999999,35.333333333333336,CB,65,37,67,79,74,82,43,46,60,49,49,49,67,69,17,40,89,67,28,80,73,39,42,48,51,51,67,85,37,88,80,49,47,91,47,57,83,99,100,99,76,78,57,83,71,37,73,85,75,86,43,45,60,46,53,53,77,88,12,41,90,72,24,80,75,39,42,48,51,51,67,85,37,88,80,49,47,91,43,59,86,99,100,100,90,90,63,89,Czech League
Jablonec,bdz8tx20ekj1ryi2e2u13jdl,5nb8n31f2vntmbe008uxee5ed,J. Suchan,Jan Suchan,30,Midfielder,Czechia,Midfielder,32.0,3.0,54.0,4.0,83.0,5.0,2.0,7.0,5.0,2.0,2.0,3.0,20.0,2.0,2.0,219.0,3.0,12.0,2.0,1.0,3.0,3.0,1.0,1.0,0.0,0.0,0.0,86.46,66.67,27.27,100.0,60.0,76.92,0.0,100.0,0.4578647826270683,0.7021912130782257,2.0,4.0,0.10726608,1.0,5.0,9.0,0.34739867,31.0,13.15068493150685,1.2328767123287672,22.19178082191781,1.6438356164383563,34.109589041095894,2.054794520547945,0.8219178082191781,2.876712328767124,2.054794520547945,0.8219178082191781,0.8219178082191781,1.2328767123287672,8.219178082191782,0.8219178082191781,0.8219178082191781,1.2328767123287672,4.931506849315069,0.8219178082191781,0.4109589041095891,1.2328767123287672,1.2328767123287672,0.4109589041095891,0.4109589041095891,0.0,0.0,0.0,86.46,66.67,27.27,100.0,60.0,76.92,0.0,100.0,0.1881636092987952,0.2885717314020106,0.8219178082191781,1.6438356164383563,0.0440819506849315,0.4109589041095891,2.054794520547945,3.6986301369863015,0.1427665767123287,12.73972602739726,CM/AM,73,73,70,71,70,92,95,79,54,49,27,33,83,50,67,24,96,57,31,70,84,49,70,50,50,49,88,85,69,95,86,100,17,89,50,86,55,44,42,37,51,68,62,57,78,72,86,78,86,94,96,86,66,56,28,38,96,54,80,18,100,56,30,74,94,48,74,50,50,49,88,85,69,95,86,100,17,89,62,86,66,46,52,42,50,70,72,68,Czech League
Jablonec,bdz8tx20ekj1ryi2e2u13jdl,713as8ulfv31hz6bahrctmimt,V. Tchanturishvili,Vakhtang Tchanturishvili,33,Midfielder,Georgia,Midfielder,34.0,2.0,40.0,4.0,72.0,3.0,0.0,3.0,5.0,1.0,2.0,2.0,14.0,5.0,4.0,260.0,3.0,4.0,2.0,4.0,4.0,0.0,2.0,0.0,0.0,0.0,0.0,73.47,25.0,22.22,100.0,0.0,66.67,50.0,80.0,0.3888140265390747,0.3475532555248548,4.0,3.0,0.05979938,2.0,5.0,6.0,0.2674459899999999,25.0,11.76923076923077,0.6923076923076923,13.846153846153848,1.3846153846153846,24.923076923076923,1.0384615384615383,0.0,1.0384615384615383,1.7307692307692308,0.3461538461538461,0.6923076923076923,0.6923076923076923,4.846153846153846,1.7307692307692308,1.3846153846153846,1.0384615384615383,1.3846153846153846,0.6923076923076923,1.3846153846153846,1.3846153846153846,0.0,0.6923076923076923,0.0,0.0,0.0,0.0,73.47,25.0,22.22,100.0,0.0,66.67,50.0,80.0,0.1345894707250643,0.1203068961432189,1.3846153846153846,1.0384615384615383,0.0206997853846153,0.6923076923076923,1.7307692307692308,2.076923076923077,0.092577458076923,8.653846153846153,DM/CM,47,88,50,38,47,64,42,62,80,58,53,53,53,62,75,55,61,81,58,83,23,80,42,50,52,52,19,12,77,94,23,88,55,77,78,78,94,48,44,53,38,36,47,34,28,88,44,28,34,59,42,69,81,59,53,53,53,62,78,66,69,88,50,84,23,88,42,50,52,52,19,12,77,94,23,88,55,77,81,88,91,50,34,56,28,28,47,25,Czech League
Jablonec,bdz8tx20ekj1ryi2e2u13jdl,7joketqhv90x0eyr2cuyxa25m,S. Nebyla,Sebastian Nebyla,24,Midfielder,Slovakia,Midfielder,30.0,1.0,37.0,2.0,66.0,1.0,1.0,3.0,0.0,0.0,1.0,1.0,7.0,3.0,3.0,251.0,2.0,3.0,0.0,2.0,0.0,0.0,0.0,0.0,0.0,0.0,0.0,90.41,50.0,16.67,0.0,0.0,35.0,25.0,66.67,0.0,0.2877092658826551,0.0,4.0,0.12230629,0.0,7.0,5.0,0.4450612300000001,34.0,10.756972111553786,0.3585657370517928,13.266932270916335,0.7171314741035857,23.665338645418327,0.3585657370517928,0.3585657370517928,1.0756972111553786,0.0,0.0,0.3585657370517928,0.3585657370517928,2.50996015936255,1.0756972111553786,1.0756972111553786,0.7171314741035857,1.0756972111553786,0.0,0.7171314741035857,0.0,0.0,0.0,0.0,0.0,0.0,0.0,90.41,50.0,16.67,0.0,0.0,35.0,25.0,66.67,0.0,0.1031626849778444,0.0,1.4342629482071714,0.0438548450199203,0.0,2.50996015936255,1.7928286852589643,0.1595837079681275,12.191235059760956,CM/AM,64,37,49,42,57,41,82,49,4,8,14,12,32,69,83,10,44,9,54,11,13,17,26,50,50,49,98,61,35,9,13,24,46,56,5,50,16,44,50,12,65,34,72,61,64,36,34,34,52,38,84,46,4,8,12,10,22,64,84,6,40,9,56,11,13,17,26,50,50,49,98,61,35,9,13,24,46,56,5,46,16,44,50,12,64,30,84,66,Czech League
Jablonec,bdz8tx20ekj1ryi2e2u13jdl,8fofcgnxsc650zuzlm6i2ryp6,M. Cedidla,Martin Cedidla,24,Defender,Czechia,Defender,42.0,0.0,39.0,6.0,81.0,4.0,0.0,0.0,3.0,3.0,0.0,0.0,14.0,8.0,2.0,187.0,3.0,2.0,0.0,4.0,0.0,2.0,0.0,2.0,0.0,0.0,0.0,88.04,50.0,0.0,0.0,66.67,73.68,66.67,50.0,0.3537864073194113,0.0,0.0,2.0,0.05157833,2.0,9.0,10.0,0.2340561,44.0,20.213903743315505,0.0,18.77005347593583,2.887700534759358,38.98395721925134,1.925133689839572,0.0,0.0,1.443850267379679,1.443850267379679,0.0,0.0,6.737967914438502,3.850267379679144,0.962566844919786,1.443850267379679,0.962566844919786,0.0,1.925133689839572,0.0,0.962566844919786,0.0,0.962566844919786,0.0,0.0,0.0,88.04,50.0,0.0,0.0,66.67,73.68,66.67,50.0,0.170271532934476,0.0,0.0,0.962566844919786,0.0248237951871657,0.962566844919786,4.331550802139037,4.81283422459893,0.1126473208556149,21.176470588235293,RB/RCB,50,36,64,54,43,71,50,18,71,86,14,14,54,50,39,64,43,25,50,29,96,39,100,50,54,54,93,75,36,25,100,100,93,25,79,21,36,61,57,79,50,43,50,50,71,36,86,79,79,79,50,18,86,100,14,14,86,57,50,71,57,25,64,29,100,39,100,50,54,54,93,75,36,25,100,100,93,25,93,21,36,79,79,93,93,71,64,79,Czech League
Jablonec,bdz8tx20ekj1ryi2e2u13jdl,auy58bckt1kkwg0get5g05pl,M. Polidar,Matej Polidar,26,Midfielder,Czechia,Midfielder,14.0,2.0,48.0,0.0,60.0,2.0,0.0,3.0,5.0,2.0,1.0,1.0,7.0,1.0,0.0,142.0,2.0,2.0,0.0,1.0,3.0,0.0,2.0,0.0,0.0,0.0,0.0,88.24,0.0,15.38,0.0,0.0,38.89,40.0,33.33,0.3284453958415476,0.2429844369942185,0.0,2.0,0.04255496,0.0,4.0,5.0,0.2208695099999999,23.0,8.873239436619718,1.267605633802817,30.422535211267608,0.0,38.02816901408451,1.267605633802817,0.0,1.9014084507042253,3.1690140845070425,1.267605633802817,0.6338028169014085,0.6338028169014085,4.436619718309859,0.6338028169014085,0.0,1.267605633802817,1.267605633802817,0.0,0.6338028169014085,1.9014084507042253,0.0,1.267605633802817,0.0,0.0,0.0,0.0,88.24,0.0,15.38,0.0,0.0,38.89,40.0,33.33,0.208169617082671,0.1540042206301385,0.0,1.267605633802817,0.0269714535211267,0.0,2.535211267605634,3.1690140845070425,0.1399877176056337,14.577464788732394,LB/LCB,17,76,67,5,38,31,40,69,98,83,19,19,26,7,10,36,50,14,21,100,33,98,48,50,52,52,76,5,52,14,33,24,55,10,95,67,29,45,43,19,38,45,38,33,29,90,95,5,71,43,40,95,100,100,24,24,52,5,10,67,76,14,33,100,33,100,48,50,52,52,76,5,52,14,33,24,55,10,100,86,29,71,67,19,52,57,86,71,Czech League
Jablonec,bdz8tx20ekj1ryi2e2u13jdl,bgjsocfbqa7vget1jf1n6o8dm,J. Sláma,Jirí Sláma,27,Defender,Czechia,Defender,19.0,1.0,35.0,5.0,53.0,2.0,0.0,2.0,2.0,0.0,4.0,4.0,9.0,1.0,1.0,135.0,3.0,3.0,2.0,1.0,2.0,0.0,1.0,0.0,0.0,0.0,0.0,68.83,29.41,7.69,50.0,0.0,64.29,0.0,50.0,0.104304811818568,0.1882183638294677,1.0,0.0,0.0,2.0,4.0,5.0,0.2263584,25.0,12.666666666666666,0.6666666666666666,23.33333333333333,3.333333333333333,35.333333333333336,1.3333333333333333,0.0,1.3333333333333333,1.3333333333333333,0.0,2.6666666666666665,2.6666666666666665,6.0,0.6666666666666666,0.6666666666666666,2.0,2.0,1.3333333333333333,0.6666666666666666,1.3333333333333333,0.0,0.6666666666666666,0.0,0.0,0.0,0.0,68.83,29.41,7.69,50.0,0.0,64.29,0.0,50.0,0.0695365412123786,0.1254789092196451,0.6666666666666666,0.0,0.0,1.3333333333333333,2.6666666666666665,3.333333333333333,0.1509056,16.666666666666668,LB/LCB,31,52,40,57,24,31,40,52,62,26,64,62,36,7,31,52,74,76,21,83,33,83,48,50,52,52,19,19,38,74,33,81,17,17,38,57,74,17,17,74,38,45,43,38,62,67,90,81,67,48,40,81,95,26,90,90,90,10,48,90,81,90,38,95,33,95,48,50,52,52,19,19,38,74,33,81,17,17,67,76,100,17,17,100,57,62,90,76,Czech League
Jablonec,bdz8tx20ekj1ryi2e2u13jdl,c8s2egmvso9z18fn76uw4kded,F. Novák,Filip Novák,36,Defender,Czechia,Defender,25.0,0.0,6.0,2.0,31.0,3.0,0.0,0.0,0.0,0.0,0.0,0.0,5.0,15.0,1.0,96.0,0.0,1.0,0.0,0.0,0.0,0.0,0.0,0.0,0.0,0.0,0.0,96.88,66.67,0.0,0.0,0.0,62.5,60.0,0.0,0.0,0.0,0.0,0.0,0.0,0.0,0.0,0.0,0.0,0.0,23.4375,0.0,5.625,1.875,29.0625,2.8125,0.0,0.0,0.0,0.0,0.0,0.0,4.6875,14.0625,0.9375,0.0,0.9375,0.0,0.0,0.0,0.0,0.0,0.0,0.0,0.0,0.0,96.88,66.67,0.0,0.0,0.0,62.5,60.0,0.0,0.0,0.0,0.0,0.0,0.0,0.0,0.0,0.0,0.0,0.0,CB,13,37,4,13,10,29,43,18,15,18,16,16,8,50,17,7,19,27,9,35,28,39,42,48,51,51,100,91,37,27,28,73,66,9,15,21,37,24,24,30,11,11,11,11,49,37,12,35,27,76,43,18,15,18,16,16,53,100,41,7,47,27,9,35,28,39,42,48,51,51,100,91,37,27,28,73,66,9,15,21,37,24,24,30,11,11,11,11,Czech League
Jablonec,bdz8tx20ekj1ryi2e2u13jdl,dcou83rgnu1d5q4p6q3ee8r1l,L. Jawo,Lamin Jawo,31,Attacker,Gambia,Striker,4.0,0.0,11.0,1.0,15.0,4.0,0.0,0.0,2.0,2.0,2.0,2.0,8.0,3.0,0.0,148.0,4.0,4.0,0.0,0.0,0.0,1.0,0.0,0.0,0.0,0.0,0.0,65.22,50.0,0.0,0.0,50.0,29.63,33.33,0.0,0.2024426752949119,0.0,1.0,1.0,0.02756312,1.0,1.0,2.0,0.03317315,5.0,2.4324324324324325,0.0,6.6891891891891895,0.6081081081081081,9.121621621621625,2.4324324324324325,0.0,0.0,1.2162162162162162,1.2162162162162162,1.2162162162162162,1.2162162162162162,4.864864864864865,1.8243243243243243,0.0,2.4324324324324325,2.4324324324324325,0.0,0.0,0.0,0.6081081081081081,0.0,0.0,0.0,0.0,0.0,65.22,50.0,0.0,0.0,50.0,29.63,33.33,0.0,0.1231070322739329,0.0,0.6081081081081081,0.6081081081081081,0.0167613567567567,0.6081081081081081,0.6081081081081081,1.2162162162162162,0.0201728614864864,3.040540540540541,ST,14,34,27,58,18,62,42,12,16,29,29,24,36,72,32,16,73,14,21,22,34,20,26,51,51,50,29,68,34,14,74,22,44,21,16,13,52,34,40,58,37,52,22,18,24,34,36,69,31,73,42,12,11,33,40,38,56,93,32,13,82,14,21,22,40,20,26,51,51,50,29,68,34,14,74,22,44,21,16,13,60,38,33,64,44,61,22,27,Czech League
Mladá Boleslav,2qui2adwsi022vu84b8gdw4z0,1mucgx7o7a3ee52u4p9bsa9ec,J. Kolářík,Josef Kolárík,19,Midfielder,Czechia,Midfielder,14.0,0.0,51.0,0.0,65.0,2.0,1.0,3.0,4.0,2.0,10.0,11.0,13.0,3.0,0.0,277.0,16.0,4.0,5.0,0.0,2.0,2.0,1.0,0.0,0.0,0.0,0.0,77.38,0.0,0.0,50.0,50.0,44.83,28.57,0.0,0.2749820918888934,0.221468330598673,3.0,12.0,0.3443899099999999,4.0,3.0,3.0,0.1850952499999999,29.0,4.548736462093863,0.0,16.570397111913355,0.0,21.11913357400722,0.6498194945848376,0.3249097472924188,0.9747292418772564,1.2996389891696751,0.6498194945848376,3.249097472924188,3.574007220216606,4.223826714801444,0.9747292418772564,0.0,5.1985559566787005,1.2996389891696751,1.624548736462094,0.0,0.6498194945848376,0.6498194945848376,0.3249097472924188,0.0,0.0,0.0,0.0,77.38,0.0,0.0,50.0,50.0,44.83,28.57,0.0,0.089344361985561,0.0719572193280887,0.9747292418772564,3.898916967509025,0.1118956386281588,1.2996389891696751,0.9747292418772564,0.9747292418772564,0.060139250902527,9.422382671480143,RM/RCM,33,28,67,22,33,67,83,72,72,72,89,89,67,44,22,100,89,100,17,83,89,67,50,56,56,56,22,22,28,89,78,67,50,17,78,67,94,89,89,78,33,33,33,33,22,28,67,22,33,56,78,67,78,78,100,100,78,22,22,100,67,100,17,89,89,78,50,56,56,56,22,22,28,89,78,67,50,17,78,67,100,89,89,89,22,33,33,33,Czech League
Mladá Boleslav,2qui2adwsi022vu84b8gdw4z0,2fl3li74wngmih4fl9joaq87o,J. Zíka,Jan Zíka,20,Midfielder,Czechia,Midfielder,124.0,0.0,93.0,6.0,217.0,0.0,0.0,4.0,5.0,1.0,3.0,3.0,22.0,12.0,5.0,380.0,3.0,18.0,0.0,1.0,4.0,1.0,2.0,0.0,0.0,0.0,0.0,87.5,50.0,0.0,0.0,20.0,53.66,0.0,25.0,0.30999240428789,0.2613647253929071,2.0,12.0,0.26506947,5.0,16.0,19.0,0.3513510999999999,96.0,29.36842105263158,0.0,22.026315789473685,1.4210526315789471,51.39473684210526,0.0,0.0,0.9473684210526316,1.1842105263157894,0.2368421052631578,0.7105263157894737,0.7105263157894737,5.2105263157894735,2.8421052631578947,1.1842105263157894,0.7105263157894737,4.263157894736842,0.0,0.2368421052631578,0.9473684210526316,0.2368421052631578,0.4736842105263157,0.0,0.0,0.0,0.0,87.5,50.0,0.0,0.0,20.0,53.66,0.0,25.0,0.0734192536471318,0.0619021718035832,0.4736842105263157,2.8421052631578947,0.0627796113157894,1.1842105263157894,3.789473684210526,4.5,0.0832147342105262,22.73684210526316,DM/CM,88,28,78,55,88,8,42,72,80,58,72,70,94,97,86,55,100,23,14,83,64,80,42,50,52,52,75,61,28,23,50,53,9,11,66,66,62,97,97,81,80,77,59,81,91,28,66,31,81,8,42,59,59,50,59,59,59,94,72,28,100,23,6,66,50,67,42,50,52,52,75,61,28,23,50,53,9,11,53,56,52,91,91,72,69,69,38,72,Czech League
Mladá Boleslav,2qui2adwsi022vu84b8gdw4z0,2rldoenow9fyw44hbvoujixg5,M. Hybš,Matej Hybs,33,Defender,Czechia,Defender,130.0,0.0,94.0,5.0,224.0,6.0,0.0,1.0,1.0,0.0,4.0,4.0,14.0,20.0,0.0,449.0,2.0,2.0,2.0,4.0,1.0,0.0,1.0,0.0,0.0,0.0,0.0,88.54,38.46,0.0,50.0,0.0,58.33,75.0,100.0,0.0553226793441435,0.1045479508502152,1.0,4.0,0.09134042,4.0,23.0,24.0,0.5961054300000004,122.0,26.057906458797326,0.0,18.84187082405345,1.0022271714922049,44.89977728285078,1.2026726057906458,0.0,0.2004454342984409,0.2004454342984409,0.0,0.8017817371937639,0.8017817371937639,2.8062360801781736,4.008908685968819,0.0,0.4008908685968819,0.4008908685968819,0.4008908685968819,0.8017817371937639,0.2004454342984409,0.0,0.2004454342984409,0.0,0.0,0.0,0.0,88.54,38.46,0.0,50.0,0.0,58.33,75.0,100.0,0.0110891784876902,0.0209561594131834,0.2004454342984409,0.8017817371937639,0.018308770155902,0.8017817371937639,4.610244988864142,4.810690423162583,0.1194866118040089,24.4543429844098,LB/LCB,100,19,100,57,100,83,40,36,31,26,64,62,60,95,10,36,50,76,71,57,33,83,48,50,52,52,86,48,19,74,33,55,93,86,29,33,74,74,71,93,95,95,90,100,81,19,86,24,86,38,40,29,19,26,38,38,29,81,10,24,29,67,52,48,33,76,48,50,52,52,86,48,19,74,33,55,93,86,24,33,57,48,43,81,90,95,76,86,Czech League
Mladá Boleslav,2qui2adwsi022vu84b8gdw4z0,4ff2cbr4mc7a6qcyvkaxqoyxh,M. Králik,Martin Králik,31,Defender,Slovakia,Defender,211.0,0.0,71.0,20.0,282.0,6.0,1.0,4.0,1.0,1.0,3.0,3.0,19.0,29.0,2.0,450.0,4.0,6.0,3.0,3.0,0.0,0.0,0.0,0.0,0.0,0.0,0.0,88.12,45.45,0.0,100.0,0.0,67.86,60.0,75.0,0.1046265398294607,0.3851580131095828,0.0,2.0,0.04347372,1.0,15.0,23.0,0.5395762799999999,190.0,42.2,0.0,14.2,4.0,56.4,1.2,0.2,0.8,0.2,0.2,0.6,0.6,3.8,5.8,0.4,0.8,1.2,0.6,0.6,0.0,0.0,0.0,0.0,0.0,0.0,0.0,88.12,45.45,0.0,100.0,0.0,67.86,60.0,75.0,0.0209253079658921,0.0770316026219165,0.0,0.4,0.008694744,0.2,3.0,4.6,0.1079152559999999,38.0,CB,100,37,87,97,100,57,92,96,41,49,80,78,78,96,32,65,89,90,60,35,28,39,42,48,51,51,63,53,37,88,28,88,66,69,41,98,37,67,65,70,82,97,92,100,90,37,63,80,86,34,86,85,30,35,71,71,29,75,18,45,61,82,41,35,28,39,42,48,51,51,63,53,37,88,28,88,66,69,33,80,37,60,57,61,66,86,80,92,Czech League
Mladá Boleslav,2qui2adwsi022vu84b8gdw4z0,4rzbjbim35vih13agoppb1iei,D. Langhamer,Daniel Langhamer,23,Midfielder,Czechia,Midfielder,56.0,2.0,73.0,3.0,127.0,1.0,0.0,5.0,8.0,2.0,2.0,3.0,19.0,2.0,3.0,377.0,8.0,11.0,0.0,5.0,6.0,4.0,1.0,1.0,0.0,0.0,0.0,83.55,33.33,33.33,0.0,50.0,52.78,50.0,71.43,0.7062739542943637,0.3354013201713643,4.0,5.0,0.1164081799999999,3.0,5.0,7.0,0.1842176599999997,47.0,13.368700265251988,0.4774535809018567,17.42705570291777,0.7161803713527851,30.318302387267902,0.2387267904509283,0.0,1.1936339522546418,1.909814323607427,0.4774535809018567,0.4774535809018567,0.7161803713527851,4.535809018567639,0.4774535809018567,0.7161803713527851,1.909814323607427,2.625994694960212,0.0,1.1936339522546418,1.4323607427055702,0.9549071618037136,0.2387267904509283,0.2387267904509283,0.0,0.0,0.0,83.55,33.33,33.33,0.0,50.0,52.78,50.0,71.43,0.1686065142877791,0.080069280677514,0.9549071618037136,1.1936339522546418,0.0277897511936339,0.7161803713527851,1.1936339522546418,1.6710875331564985,0.0439776907161802,11.220159151193632,CM/AM,86,55,85,60,84,41,37,63,85,49,27,33,79,50,83,73,94,9,90,92,94,49,70,50,50,49,60,34,81,9,76,70,75,71,78,54,88,55,46,63,51,51,42,80,80,40,58,32,72,28,37,56,58,32,16,18,52,36,74,50,86,9,74,82,76,36,62,50,50,49,60,34,81,9,76,70,75,71,56,38,74,36,32,50,32,26,24,56,Czech League
Mladá Boleslav,2qui2adwsi022vu84b8gdw4z0,59clzbjr79ql4nsqgoni54uwa,L. Letenay,Lukás Letenay,25,Attacker,Slovakia,Striker,8.0,0.0,7.0,0.0,15.0,1.0,0.0,1.0,3.0,3.0,0.0,0.0,4.0,1.0,0.0,100.0,4.0,3.0,0.0,0.0,0.0,1.0,2.0,1.0,0.0,0.0,0.0,78.95,0.0,0.0,0.0,33.33,33.33,50.0,0.0,0.4007621051588463,0.0655589893200076,0.0,0.0,0.0,0.0,0.0,0.0,0.0118049499999999,6.0,7.199999999999999,0.0,6.3,0.0,13.5,0.8999999999999999,0.0,0.8999999999999999,2.7,2.7,0.0,0.0,3.6,0.8999999999999999,0.0,3.6,2.7,0.0,0.0,0.0,0.8999999999999999,1.7999999999999998,0.8999999999999999,0.0,0.0,0.0,78.95,0.0,0.0,0.0,33.33,33.33,50.0,0.0,0.3606858946429616,0.0590030903880068,0.0,0.0,0.0,0.0,0.0,0.0,0.0106244549999999,5.4,ST,42,34,7,24,18,30,42,38,29,44,4,3,12,32,32,16,54,14,21,22,34,74,66,51,51,50,78,24,34,14,48,36,73,21,38,33,21,11,11,22,12,8,9,24,84,34,29,24,58,47,42,58,73,80,4,3,33,64,32,36,84,14,21,22,62,93,96,51,51,50,78,24,34,14,48,36,73,21,71,56,21,11,11,22,12,8,16,69,Czech League
Mladá Boleslav,2qui2adwsi022vu84b8gdw4z0,67m9ezodryiazzbtraaefbl04,M. Šubert,Martin Subert,24,Midfielder,Czechia,Midfielder,21.0,4.0,44.0,2.0,61.0,0.0,1.0,5.0,6.0,4.0,6.0,6.0,13.0,2.0,0.0,288.0,13.0,6.0,1.0,4.0,2.0,4.0,1.0,3.0,0.0,0.0,0.0,74.39,40.0,33.33,16.67,66.67,48.15,0.0,66.67,0.8494156704139764,0.594941273328007,1.0,6.0,0.1844878999999999,3.0,3.0,6.0,0.6392758199999998,23.0,6.5625,1.25,13.75,0.625,19.0625,0.0,0.3125,1.5625,1.875,1.25,1.875,1.875,4.0625,0.625,0.0,4.0625,1.875,0.3125,1.25,0.625,1.25,0.3125,0.9375,0.0,0.0,0.0,74.39,40.0,33.33,16.67,66.67,48.15,0.0,66.67,0.2654423970043676,0.1859191479150021,0.3125,1.875,0.0576524687499999,0.9375,0.9375,1.875,0.1997736937499999,7.1875,LW,100,100,100,50,100,50,50,50,75,50,50,50,50,75,50,50,50,50,75,100,100,75,100,75,75,75,100,100,100,50,100,50,50,100,100,100,75,50,50,50,50,50,100,100,100,100,100,50,100,50,50,100,100,100,50,50,50,100,50,100,100,50,100,100,100,100,100,75,75,75,100,100,100,50,100,50,50,100,100,100,100,100,100,50,50,50,100,100,Czech League
Mladá Boleslav,2qui2adwsi022vu84b8gdw4z0,9jsumsbwvyw6dgc1t1tz6zk2y,D. Donát,Denis Donát,24,Defender,Czechia,Defender,73.0,0.0,47.0,3.0,120.0,5.0,0.0,2.0,0.0,0.0,2.0,2.0,21.0,6.0,6.0,310.0,2.0,3.0,2.0,9.0,0.0,0.0,0.0,0.0,0.0,0.0,0.0,90.23,42.86,0.0,100.0,0.0,55.26,50.0,69.23,0.0,0.1247586665043675,0.0,1.0,0.02122129,2.0,12.0,13.0,0.2967607800000001,60.0,21.19354838709677,0.0,13.64516129032258,0.8709677419354839,34.83870967741935,1.4516129032258065,0.0,0.5806451612903225,0.0,0.0,0.5806451612903225,0.5806451612903225,6.096774193548387,1.7419354838709675,1.7419354838709675,0.5806451612903225,0.8709677419354839,0.5806451612903225,2.6129032258064515,0.0,0.0,0.0,0.0,0.0,0.0,0.0,90.23,42.86,0.0,100.0,0.0,55.26,50.0,69.23,0.0,0.036220258017397,0.0,0.2903225806451612,0.0061610196774193,0.5806451612903225,3.4838709677419355,3.774193548387097,0.0861563554838709,17.419354838709676,CB,53,37,63,21,55,45,43,70,15,18,71,70,82,21,85,40,47,83,100,35,28,39,42,48,51,51,71,48,37,88,28,47,37,61,15,63,37,53,51,84,71,75,69,54,39,37,57,12,51,45,43,69,15,18,69,69,82,10,84,37,43,80,98,35,28,39,42,48,51,51,71,48,37,88,28,47,37,61,15,63,37,53,51,84,76,73,67,49,Czech League
Mladá Boleslav,2qui2adwsi022vu84b8gdw4z0,9plpe5bisbfkrlgryzbzkvdhw,S. John,Solomon John,25,Midfielder,Nigeria,Midfielder,17.0,1.0,53.0,0.0,69.0,0.0,2.0,5.0,14.0,7.0,24.0,25.0,23.0,2.0,2.0,395.0,23.0,5.0,14.0,4.0,7.0,5.0,3.0,2.0,0.0,0.0,0.0,81.18,0.0,7.69,58.33,35.71,45.1,0.0,100.0,1.0812288047771426,0.5016033381091972,10.0,14.0,0.4917479199999999,6.0,0.0,2.0,0.49767105,25.0,3.873417721518987,0.2278481012658227,12.075949367088606,0.0,15.72151898734177,0.0,0.4556962025316455,1.1392405063291138,3.1898734177215187,1.5949367088607591,5.468354430379747,5.696202531645569,5.240506329113924,0.4556962025316455,0.4556962025316455,5.240506329113924,1.1392405063291138,3.1898734177215187,0.9113924050632912,1.5949367088607591,1.1392405063291138,0.6835443037974683,0.4556962025316455,0.0,0.0,0.0,81.18,0.0,7.69,58.33,35.71,45.1,0.0,100.0,0.2463559302023868,0.1142893681767791,2.278481012658228,3.1898734177215187,0.1120438298734176,1.3670886075949369,0.0,0.4556962025316455,0.1133934037974683,5.696202531645569,LM/LCM,50,42,67,33,50,33,100,83,100,83,100,100,92,50,75,100,67,100,75,100,100,83,100,58,58,58,100,33,33,83,83,50,33,100,100,67,100,100,100,100,17,17,50,50,33,33,17,33,17,33,100,50,83,67,83,83,67,17,33,83,33,100,50,100,83,83,83,58,58,58,100,33,33,83,83,50,33,100,67,67,100,100,100,100,17,17,50,17,Czech League
Mladá Boleslav,2qui2adwsi022vu84b8gdw4z0,dh934ddg4sxkbekgyph8or74l,J. Klíma,Jirí Klíma,29,Attacker,Czechia,Striker,16.0,0.0,31.0,1.0,47.0,8.0,1.0,4.0,11.0,9.0,7.0,7.0,14.0,2.0,1.0,324.0,17.0,4.0,2.0,0.0,2.0,4.0,5.0,3.0,0.0,0.0,0.0,73.44,50.0,0.0,28.57,36.36,37.84,53.33,0.0,1.0849461447919526,0.2616011480004447,3.0,3.0,0.0785869799999999,1.0,6.0,7.0,0.23619599,22.0,4.444444444444445,0.0,8.61111111111111,0.2777777777777778,13.055555555555555,2.2222222222222223,0.2777777777777778,1.1111111111111112,3.055555555555556,2.5,1.9444444444444444,1.9444444444444444,3.888888888888889,0.5555555555555556,0.2777777777777778,4.722222222222222,1.1111111111111112,0.5555555555555556,0.0,0.5555555555555556,1.1111111111111112,1.3888888888888888,0.8333333333333333,0.0,0.0,0.0,73.44,50.0,0.0,28.57,36.36,37.84,53.33,0.0,0.3013739291088757,0.072666985555679,0.8333333333333333,0.8333333333333333,0.0218297166666666,0.2777777777777778,1.6666666666666663,1.9444444444444444,0.0656099972222222,6.111111111111111,ST,82,34,84,58,89,83,91,79,93,89,84,82,71,57,76,87,73,68,21,80,88,100,96,51,51,50,51,68,34,47,59,42,84,21,80,69,88,73,64,58,96,90,82,89,59,34,58,53,53,71,91,67,82,76,53,53,38,28,69,64,49,52,21,62,78,87,89,51,51,50,51,68,34,47,59,42,84,21,62,60,80,49,44,51,83,84,67,76,Czech League
Mladá Boleslav,2qui2adwsi022vu84b8gdw4z0,dhxzg4r1an7bun05y1x43ctsl,O. Karafiát,Ondrej Karafiát,31,Defender,Czechia,Defender,180.0,2.0,76.0,15.0,254.0,6.0,0.0,2.0,2.0,1.0,0.0,0.0,16.0,29.0,5.0,445.0,5.0,3.0,0.0,8.0,1.0,1.0,1.0,0.0,0.0,0.0,0.0,90.71,65.22,33.33,0.0,50.0,55.17,54.55,88.89,0.2230686532850004,0.2183933066963482,0.0,5.0,0.08992922,2.0,19.0,21.0,0.7785336399999999,146.0,36.40449438202247,0.4044943820224719,15.370786516853933,3.033707865168539,51.37078651685393,1.2134831460674156,0.0,0.4044943820224719,0.4044943820224719,0.2022471910112359,0.0,0.0,3.235955056179775,5.865168539325842,1.0112359550561798,1.0112359550561798,0.6067415730337078,0.0,1.6179775280898876,0.2022471910112359,0.2022471910112359,0.2022471910112359,0.0,0.0,0.0,0.0,90.71,65.22,33.33,0.0,50.0,55.17,54.55,88.89,0.0451150085295506,0.0441694328149917,0.0,1.0112359550561798,0.0181879321348314,0.4044943820224719,3.842696629213483,4.247191011235955,0.1574562417977527,29.528089887640448,CB,96,95,90,87,92,57,43,70,60,49,16,16,57,96,75,74,47,27,94,80,73,86,42,48,51,51,78,88,85,27,80,43,52,79,63,80,37,89,80,84,94,91,100,90,82,88,65,69,80,37,43,53,45,37,16,16,22,78,53,55,27,27,82,75,59,82,42,48,51,51,78,88,85,27,80,43,52,79,45,67,37,80,67,75,86,80,96,82,Czech League
Mladá Boleslav,2qui2adwsi022vu84b8gdw4z0,f3f1ixb8dnk7nodu00a5awy22,D. Kozel,David Kozel,24,Midfielder,Czechia,Midfielder,63.0,3.0,68.0,5.0,128.0,0.0,1.0,6.0,6.0,3.0,16.0,17.0,23.0,1.0,2.0,371.0,8.0,9.0,6.0,4.0,3.0,2.0,3.0,1.0,0.0,0.0,0.0,83.66,41.67,21.43,37.5,33.33,51.11,0.0,50.0,0.5545480928571304,0.4893502937355993,2.0,8.0,0.17119899,3.0,9.0,16.0,0.3686768799999999,56.0,15.28301886792453,0.7277628032345014,16.495956873315365,1.2129380053908356,31.0512129380054,0.0,0.2425876010781671,1.4555256064690028,1.4555256064690028,0.7277628032345014,3.8814016172506745,4.123989218328841,5.579514824797844,0.2425876010781671,0.4851752021563343,1.9407008086253368,2.183288409703504,1.4555256064690028,0.9703504043126686,0.7277628032345014,0.4851752021563343,0.7277628032345014,0.2425876010781671,0.0,0.0,0.0,83.66,41.67,21.43,37.5,33.33,51.11,0.0,50.0,0.1345264915286839,0.1187103138442154,0.4851752021563343,1.9407008086253368,0.0415307522911051,0.7277628032345014,2.183288409703504,3.8814016172506745,0.0894364398921832,13.58490566037736,CM/AM,90,73,78,80,86,13,82,71,69,65,98,98,88,30,67,73,88,93,81,70,68,86,70,50,50,49,64,50,46,42,58,66,17,40,68,64,55,79,66,63,73,85,66,84,88,52,52,70,76,13,78,60,40,50,96,92,76,24,50,52,80,84,62,54,54,74,64,50,50,49,64,50,46,42,58,66,17,40,44,58,42,62,46,52,62,76,52,74,Czech League
Pardubice,4xbgquadoen1b303u4hi9nhg9,2q96bh24g7zn9eh6wfyel6mtw,M. Icha,Marek Icha,24,Defender,Czechia,Defender,86.0,1.0,42.0,11.0,127.0,2.0,0.0,0.0,1.0,0.0,2.0,3.0,7.0,8.0,6.0,316.0,1.0,3.0,0.0,1.0,1.0,1.0,0.0,0.0,0.0,0.0,0.0,81.41,40.74,12.5,0.0,100.0,25.93,28.57,50.0,0.0514084560005081,0.0,1.0,6.0,0.13158895,2.0,11.0,16.0,0.47373433,72.0,24.49367088607595,0.2848101265822785,11.962025316455696,3.132911392405063,36.17088607594937,0.569620253164557,0.0,0.0,0.2848101265822785,0.0,0.569620253164557,0.8544303797468354,1.993670886075949,2.278481012658228,1.7088607594936709,0.2848101265822785,0.8544303797468354,0.0,0.2848101265822785,0.2848101265822785,0.2848101265822785,0.0,0.0,0.0,0.0,0.0,81.41,40.74,12.5,0.0,100.0,25.93,28.57,50.0,0.0146416488609042,0.0,0.2848101265822785,1.7088607594936709,0.0374778655063291,0.569620253164557,3.132911392405063,4.556962025316456,0.1349243344936709,20.50632911392405,RM/RCM,100,72,33,100,100,67,39,11,33,33,17,28,28,94,100,44,50,17,39,39,72,22,50,56,56,56,67,78,72,17,100,11,50,50,33,11,50,56,44,44,72,100,89,100,100,67,33,100,89,33,39,11,22,33,11,11,11,89,100,33,22,17,33,22,78,22,50,56,56,56,67,78,72,17,100,11,50,50,33,11,33,33,33,44,67,89,67,78,Czech League
Pardubice,4xbgquadoen1b303u4hi9nhg9,4hwlycgbyl3s2jtqzc9dxuyuh,V. Drchal,Václav Drchal,27,Attacker,Czechia,Striker,9.0,2.0,24.0,1.0,31.0,1.0,0.0,1.0,4.0,2.0,3.0,3.0,7.0,2.0,1.0,247.0,10.0,2.0,2.0,1.0,2.0,1.0,1.0,0.0,0.0,0.0,0.0,70.45,50.0,40.0,66.67,25.0,41.18,14.29,50.0,0.3564659612565417,0.1061902050855256,2.0,5.0,0.23403132,2.0,2.0,3.0,0.11853868,11.0,3.279352226720648,0.728744939271255,8.744939271255062,0.3643724696356275,11.295546558704451,0.3643724696356275,0.0,0.3643724696356275,1.45748987854251,0.728744939271255,1.0931174089068827,1.0931174089068827,2.5506072874493926,0.728744939271255,0.3643724696356275,3.643724696356276,0.728744939271255,0.728744939271255,0.3643724696356275,0.728744939271255,0.3643724696356275,0.3643724696356275,0.0,0.0,0.0,0.0,70.45,50.0,40.0,66.67,25.0,41.18,14.29,50.0,0.129886382644084,0.0386927872781267,0.728744939271255,1.8218623481781373,0.0852745700404858,0.728744939271255,0.728744939271255,1.0931174089068827,0.0431922315789473,4.008097165991903,ST,54,90,73,58,60,30,42,38,41,29,39,38,31,57,76,54,32,68,56,80,34,50,26,51,51,50,40,68,93,83,31,53,24,60,33,49,74,89,91,79,61,70,56,60,33,87,64,59,38,21,42,27,22,14,38,33,13,40,77,39,27,60,47,76,23,49,26,51,51,50,40,68,93,83,31,53,24,60,24,42,69,80,84,69,56,57,53,38,Czech League
Pardubice,4xbgquadoen1b303u4hi9nhg9,6o1b2dp4do8gvxlhn41wlmhas,J. Noslin,Jason Noslin,26,Defender,Netherlands,Defender,73.0,3.0,58.0,12.0,128.0,19.0,0.0,3.0,7.0,4.0,3.0,3.0,33.0,19.0,6.0,409.0,9.0,2.0,1.0,4.0,3.0,1.0,0.0,0.0,0.0,0.0,0.0,77.58,40.0,60.0,33.33,14.29,62.26,65.52,36.36,0.6611853702024731,0.2240916445918845,3.0,2.0,0.0535479299999999,2.0,17.0,25.0,0.7507003700000002,98.0,16.06356968215159,0.6601466992665037,12.762836185819072,2.640586797066015,28.16625916870416,4.180929095354523,0.0,0.6601466992665037,1.5403422982885089,0.880195599022005,0.6601466992665037,0.6601466992665037,7.26161369193154,4.180929095354523,1.3202933985330074,1.9804400977995111,0.4400977995110025,0.2200488997555012,0.880195599022005,0.6601466992665037,0.2200488997555012,0.0,0.0,0.0,0.0,0.0,77.58,40.0,60.0,33.33,14.29,62.26,65.52,36.36,0.1454931132474879,0.049311119836845,0.6601466992665037,0.4400977995110025,0.0117831630806845,0.4400977995110025,3.740831295843521,5.501222493887531,0.1651907904645477,21.56479217603912,RB/RCB,86,89,86,86,86,100,50,82,100,100,61,61,100,86,93,93,43,54,50,96,79,39,46,50,54,54,50,43,93,61,71,64,86,14,100,79,100,61,64,79,89,100,86,93,64,79,57,64,57,100,50,71,93,86,57,57,93,79,64,86,14,57,21,93,71,39,46,50,54,54,50,43,93,61,71,64,86,14,86,64,93,43,57,64,79,79,86,86,Czech League
Pardubice,4xbgquadoen1b303u4hi9nhg9,6ylf2fimuffty7tjuqvdlx5d6,S. Šimek,Samuel Simek,24,Midfielder,Czechia,Midfielder,24.0,1.0,36.0,10.0,59.0,5.0,0.0,1.0,4.0,1.0,1.0,1.0,9.0,6.0,5.0,246.0,3.0,1.0,1.0,1.0,3.0,1.0,0.0,0.0,0.0,0.0,0.0,76.62,62.5,7.69,100.0,25.0,39.13,62.5,33.33,0.2539215712953296,0.0,2.0,3.0,0.07300644,1.0,10.0,14.0,0.19711055,37.0,8.78048780487805,0.3658536585365853,13.170731707317072,3.658536585365854,21.585365853658537,1.829268292682927,0.0,0.3658536585365853,1.4634146341463414,0.3658536585365853,0.3658536585365853,0.3658536585365853,3.292682926829268,2.1951219512195124,1.829268292682927,1.0975609756097562,0.3658536585365853,0.3658536585365853,0.3658536585365853,1.0975609756097562,0.3658536585365853,0.0,0.0,0.0,0.0,0.0,76.62,62.5,7.69,100.0,25.0,39.13,62.5,33.33,0.0928981358397547,0.0,0.7317073170731707,1.0975609756097562,0.0267096731707317,0.3658536585365853,3.658536585365854,5.121951219512195,0.0721136158536585,13.53658536585366,CM/AM,52,37,45,92,50,92,37,22,39,27,14,12,44,91,96,24,15,33,31,70,42,17,26,50,50,49,30,78,30,95,43,30,89,26,30,10,55,36,36,37,80,81,48,71,50,38,32,96,42,88,37,18,43,22,14,12,28,95,96,16,6,28,24,67,42,17,26,50,50,49,30,78,30,95,43,30,89,26,34,10,62,32,26,40,86,88,42,72,Czech League
Pardubice,4xbgquadoen1b303u4hi9nhg9,7d652ns7jnbtq16jpq06qml1w,D. Smékal,Daniel Smékal,24,Attacker,Czechia,Striker,10.0,0.0,20.0,1.0,30.0,13.0,0.0,2.0,9.0,9.0,3.0,3.0,19.0,2.0,1.0,254.0,15.0,2.0,0.0,2.0,0.0,1.0,2.0,0.0,0.0,0.0,0.0,66.67,33.33,0.0,0.0,11.11,44.19,56.52,50.0,1.2387528676883224,0.1314211697991052,1.0,4.0,0.174643,0.0,0.0,1.0,0.01736904,8.0,3.543307086614173,0.0,7.086614173228346,0.3543307086614173,10.62992125984252,4.606299212598425,0.0,0.7086614173228346,3.188976377952756,3.188976377952756,1.062992125984252,1.062992125984252,6.732283464566929,0.7086614173228346,0.3543307086614173,5.314960629921259,0.7086614173228346,0.0,0.7086614173228346,0.0,0.3543307086614173,0.7086614173228346,0.0,0.0,0.0,0.0,66.67,33.33,0.0,0.0,11.11,44.19,56.52,50.0,0.4389281814643662,0.0465665562280294,0.3543307086614173,1.4173228346456692,0.0618813779527558,0.0,0.0,0.3543307086614173,0.0061543842519685,2.8346456692913384,ST,67,34,60,58,57,96,42,57,82,89,39,38,83,57,76,78,32,14,79,22,34,74,26,51,51,50,33,53,34,14,16,60,87,60,93,53,52,82,87,22,12,28,16,42,40,34,40,56,36,98,42,44,87,93,36,31,82,37,73,72,24,14,69,22,20,69,26,51,51,50,33,53,34,14,16,60,87,60,91,44,46,73,76,22,12,20,13,24,Czech League
Pardubice,4xbgquadoen1b303u4hi9nhg9,8s6bagu8tr59o4y8udyw6h15g,E. Godwin,Emmanuel Godwin,21,Defender,Nigeria,Defender,41.0,3.0,52.0,9.0,90.0,3.0,0.0,4.0,4.0,3.0,5.0,5.0,19.0,15.0,6.0,401.0,8.0,2.0,3.0,9.0,1.0,0.0,1.0,0.0,0.0,0.0,0.0,70.31,47.37,21.43,60.0,0.0,43.18,60.0,81.82,0.2408223717773018,0.5089893995921866,2.0,2.0,0.03740694,0.0,10.0,19.0,0.76813578,52.0,9.201995012468828,0.6733167082294265,11.67082294264339,2.0199501246882794,20.1995012468828,0.6733167082294265,0.0,0.8977556109725685,0.8977556109725685,0.6733167082294265,1.1221945137157108,1.1221945137157108,4.2643391521197005,3.366583541147132,1.346633416458853,1.795511221945137,0.4488778054862842,0.6733167082294265,2.0199501246882794,0.2244389027431421,0.0,0.2244389027431421,0.0,0.0,0.0,0.0,70.31,47.37,21.43,60.0,0.0,43.18,60.0,81.82,0.0540499088776986,0.114237022352361,0.4488778054862842,0.4488778054862842,0.0083955725685785,0.0,2.244389027431421,4.2643391521197005,0.1723995516209476,11.67082294264339,RB/RCB,43,89,75,64,57,57,50,93,86,86,93,89,64,79,93,86,43,100,89,68,36,86,46,50,54,54,14,64,79,93,36,14,68,64,71,93,89,61,50,32,61,79,93,64,14,86,50,29,14,43,50,86,71,71,79,71,36,50,71,79,21,86,71,57,36,79,46,50,54,54,14,64,79,93,36,14,68,64,57,93,86,50,43,32,36,57,93,36,Czech League
Pardubice,4xbgquadoen1b303u4hi9nhg9,8zjkoe9nrb4yb6wxfty7ri1ux,M. Hlavatý,Michal Hlavaty,28,Midfielder,Czechia,Midfielder,69.0,0.0,73.0,10.0,142.0,3.0,1.0,5.0,5.0,2.0,5.0,5.0,18.0,2.0,5.0,381.0,6.0,7.0,2.0,2.0,3.0,1.0,1.0,0.0,0.0,0.0,0.0,81.14,55.56,0.0,40.0,20.0,46.15,37.5,33.33,0.4121314549658958,0.392195694614677,0.0,11.0,0.30137834,6.0,15.0,21.0,0.57182141,91.0,16.299212598425196,0.0,17.244094488188978,2.3622047244094486,33.54330708661417,0.7086614173228346,0.2362204724409448,1.1811023622047243,1.1811023622047243,0.4724409448818897,1.1811023622047243,1.1811023622047243,4.251968503937007,0.4724409448818897,1.1811023622047243,1.4173228346456692,1.653543307086614,0.4724409448818897,0.4724409448818897,0.7086614173228346,0.2362204724409448,0.2362204724409448,0.0,0.0,0.0,0.0,81.14,55.56,0.0,40.0,20.0,46.15,37.5,33.33,0.0973538869998179,0.0926446522711835,0.0,2.598425196850393,0.0711917338582677,1.4173228346456692,3.543307086614173,4.960629921259843,0.1350759236220472,21.496062992125985,CM/AM,94,15,85,92,90,78,82,63,54,49,57,53,74,50,96,58,76,57,54,70,42,49,26,50,50,49,48,71,15,45,37,46,65,26,48,58,16,91,92,93,94,92,80,96,92,15,56,88,82,62,76,50,34,30,38,36,40,34,88,32,62,38,38,52,32,34,26,50,50,49,48,71,15,45,37,46,65,26,36,40,16,76,74,78,82,86,64,96,Czech League
Pardubice,4xbgquadoen1b303u4hi9nhg9,967nbt67qy1hcw8mijqmkdt5,V. Patrák,Vojtech Patrák,26,Attacker,Czechia,Striker,13.0,0.0,20.0,2.0,33.0,2.0,0.0,5.0,5.0,2.0,5.0,5.0,15.0,4.0,1.0,222.0,11.0,9.0,2.0,2.0,3.0,3.0,2.0,1.0,0.0,0.0,0.0,76.74,66.67,0.0,40.0,60.0,51.72,40.0,100.0,0.3030066473176149,0.2800676387239788,2.0,0.0,0.0,3.0,1.0,3.0,0.08547469,12.0,5.27027027027027,0.0,8.108108108108107,0.8108108108108107,13.378378378378375,0.8108108108108107,0.0,2.0270270270270268,2.0270270270270268,0.8108108108108107,2.0270270270270268,2.0270270270270268,6.081081081081081,1.6216216216216215,0.4054054054054054,4.45945945945946,3.6486486486486487,0.8108108108108107,0.8108108108108107,1.2162162162162162,1.2162162162162162,0.8108108108108107,0.4054054054054054,0.0,0.0,0.0,76.74,66.67,0.0,40.0,60.0,51.72,40.0,100.0,0.1228405326963303,0.1135409346178292,0.8108108108108107,0.0,0.0,1.2162162162162162,0.4054054054054054,1.2162162162162162,0.0346519013513513,4.864864864864865,ST,77,34,60,78,67,46,42,88,53,29,63,61,73,82,76,60,100,68,79,91,74,74,66,51,51,50,71,82,34,62,92,80,51,93,27,76,74,11,11,88,37,70,44,64,67,34,49,73,56,36,42,93,49,20,56,56,78,87,80,56,100,64,73,93,80,76,60,51,51,50,71,82,34,62,92,80,51,93,13,73,73,11,11,87,36,61,42,58,Czech League
Pardubice,4xbgquadoen1b303u4hi9nhg9,9plkv3xyfpehai7ykea3mrxuc,T. Boledovič,Tobias Boledovic,19,Defender,Czechia,Defender,39.0,1.0,53.0,10.0,91.0,5.0,1.0,4.0,2.0,0.0,9.0,10.0,21.0,4.0,1.0,450.0,5.0,13.0,3.0,1.0,2.0,1.0,0.0,1.0,0.0,0.0,0.0,88.35,66.67,12.5,33.33,50.0,58.33,45.45,100.0,0.1083940046325418,0.3236225955412512,2.0,12.0,0.34765876,3.0,9.0,15.0,0.32542729,41.0,7.8,0.2,10.6,2.0,18.2,1.0,0.2,0.8,0.4,0.0,1.8,2.0,4.2,0.8,0.2,1.0,2.6,0.6,0.2,0.4,0.2,0.0,0.2,0.0,0.0,0.0,88.35,66.67,12.5,33.33,50.0,58.33,45.45,100.0,0.0216788009265083,0.0647245191082502,0.4,2.4,0.069531752,0.6,1.8,3.0,0.065085458,8.2,LB/LCB,52,52,86,81,62,60,90,86,62,26,95,95,95,48,31,79,95,90,21,83,81,38,98,50,52,52,81,90,43,52,79,55,62,86,43,76,98,95,95,83,52,79,71,67,19,38,38,62,19,33,81,57,48,26,76,83,43,24,19,50,95,76,10,74,69,38,95,50,52,52,81,90,43,52,79,55,62,86,33,57,93,90,95,71,43,50,33,29,Czech League
Pardubice,4xbgquadoen1b303u4hi9nhg9,a1ffsy9k2qv7kw1fxjacr7xm1,T. Solil,Tomás Solil,26,Midfielder,Czechia,Midfielder,11.0,0.0,4.0,0.0,15.0,2.0,0.0,0.0,1.0,1.0,0.0,0.0,9.0,3.0,1.0,114.0,1.0,0.0,0.0,5.0,0.0,1.0,0.0,1.0,0.0,0.0,0.0,75.0,0.0,0.0,0.0,100.0,75.0,66.67,71.43,0.1020737753557173,0.0,0.0,0.0,0.0,0.0,0.0,2.0,0.02379387,8.0,8.68421052631579,0.0,3.1578947368421053,0.0,11.842105263157896,1.5789473684210529,0.0,0.0,0.7894736842105263,0.7894736842105263,0.0,0.0,7.105263157894737,2.368421052631579,0.7894736842105263,0.7894736842105263,0.0,0.0,3.947368421052632,0.0,0.7894736842105263,0.0,0.7894736842105263,0.0,0.0,0.0,75.0,0.0,0.0,0.0,100.0,75.0,66.67,71.43,0.0805845594913557,0.0,0.0,0.0,0.0,0.0,0.0,1.5789473684210529,0.0187846342105263,6.315789473684211,DM/CM,3,28,3,3,3,50,42,11,19,58,9,9,27,38,23,19,8,23,72,12,64,17,88,50,52,52,22,3,28,23,97,97,86,66,28,11,14,8,8,17,8,11,9,14,12,28,3,3,3,91,42,11,31,81,9,9,91,88,41,34,8,23,100,12,91,17,100,50,52,52,22,3,28,23,97,97,86,66,62,11,14,8,8,17,8,22,12,19,Czech League
Pardubice,4xbgquadoen1b303u4hi9nhg9,av6j0sri3l8fon2wmbmxrei5m,S. Bammens,Simon Bammens,28,Defender,Belgium,Defender,70.0,0.0,34.0,11.0,104.0,8.0,0.0,1.0,0.0,0.0,1.0,1.0,13.0,23.0,3.0,315.0,1.0,1.0,0.0,2.0,0.0,0.0,0.0,0.0,0.0,0.0,0.0,78.79,42.31,0.0,0.0,0.0,50.0,57.14,50.0,0.0,0.0412191546117851,0.0,0.0,0.0,0.0,9.0,7.0,0.2133581199999999,60.0,20.0,0.0,9.714285714285714,3.142857142857143,29.714285714285715,2.2857142857142856,0.0,0.2857142857142857,0.0,0.0,0.2857142857142857,0.2857142857142857,3.7142857142857135,6.571428571428571,0.8571428571428571,0.2857142857142857,0.2857142857142857,0.0,0.5714285714285714,0.0,0.0,0.0,0.0,0.0,0.0,0.0,78.79,42.31,0.0,0.0,0.0,50.0,57.14,50.0,0.0,0.0117769013176528,0.0,0.0,0.0,0.0,2.571428571428572,2.0,0.0609594628571428,17.142857142857142,CB,49,37,47,73,45,71,43,46,15,18,49,49,44,77,48,23,19,27,46,35,28,39,42,48,51,51,27,45,37,27,28,33,57,33,15,43,37,24,24,30,64,43,53,54,37,37,35,71,35,65,43,39,15,18,47,47,27,84,39,14,16,27,39,35,28,39,42,48,51,51,27,45,37,27,28,33,57,33,15,43,37,24,24,30,57,37,47,47,Czech League
Pardubice,4xbgquadoen1b303u4hi9nhg9,demb824ov7b94i3wurdvsavis,J. Trédl,Jan Trédl,22,Defender,Czechia,Defender,44.0,0.0,25.0,9.0,69.0,3.0,1.0,2.0,2.0,2.0,1.0,1.0,9.0,7.0,6.0,314.0,2.0,5.0,0.0,1.0,0.0,0.0,0.0,0.0,0.0,0.0,0.0,71.88,39.13,0.0,0.0,0.0,37.5,33.33,100.0,0.1830207206621994,0.0509828753322754,0.0,1.0,0.0241224,1.0,5.0,8.0,0.16780334,40.0,12.611464968152866,0.0,7.165605095541401,2.579617834394905,19.777070063694268,0.8598726114649682,0.286624203821656,0.5732484076433121,0.5732484076433121,0.5732484076433121,0.286624203821656,0.286624203821656,2.579617834394905,2.006369426751592,1.7197452229299364,0.5732484076433121,1.4331210191082802,0.0,0.286624203821656,0.0,0.0,0.0,0.0,0.0,0.0,0.0,71.88,39.13,0.0,0.0,0.0,37.5,33.33,100.0,0.0524581683426686,0.0146129260506521,0.0,0.286624203821656,0.0069140636942675,0.286624203821656,1.4331210191082802,2.2929936305732483,0.0480964987261146,11.46496815286624,CB,27,37,25,65,22,29,92,70,60,73,49,49,23,25,85,40,82,27,28,35,28,39,42,48,51,51,8,35,37,27,28,16,20,91,59,49,37,53,54,70,44,51,39,35,16,37,22,51,12,18,90,67,53,71,49,49,10,14,82,35,76,27,20,35,28,39,42,48,51,51,8,35,37,27,28,16,20,91,53,47,37,51,53,63,37,45,35,39,Czech League
Pardubice,4xbgquadoen1b303u4hi9nhg9,dy5id5li7v8wb5wjromm1ug44,V. Samuel,Victor Samuel,20,Attacker,Nigeria,Striker,6.0,2.0,9.0,2.0,13.0,0.0,0.0,2.0,3.0,3.0,1.0,2.0,3.0,2.0,0.0,132.0,9.0,1.0,0.0,1.0,0.0,0.0,2.0,0.0,0.0,0.0,0.0,52.0,50.0,33.33,0.0,0.0,33.33,0.0,50.0,0.2840444039679701,0.2445309632572962,0.0,5.0,0.1333251899999999,0.0,1.0,2.0,0.1827243199999999,7.0,4.090909090909091,1.3636363636363638,6.136363636363637,1.3636363636363638,8.863636363636365,0.0,0.0,1.3636363636363638,2.0454545454545454,2.0454545454545454,0.6818181818181819,1.3636363636363638,2.0454545454545454,1.3636363636363638,0.0,6.136363636363637,0.6818181818181819,0.0,0.6818181818181819,0.0,0.0,1.3636363636363638,0.0,0.0,0.0,0.0,52.0,50.0,33.33,0.0,0.0,33.33,0.0,50.0,0.1936666390690705,0.1667256567663383,0.0,3.409090909090909,0.0909035386363635,0.0,0.6818181818181819,1.3636363636363638,0.1245847636363635,4.772727272727273,ST,29,90,11,78,8,10,42,57,29,44,16,24,4,57,32,44,17,14,56,22,8,74,26,51,51,50,9,68,87,14,8,36,12,60,18,64,21,89,78,22,37,52,73,32,53,98,24,84,22,10,42,73,51,64,16,44,7,78,32,78,22,14,64,22,8,84,26,51,51,50,9,68,87,14,8,36,12,60,42,93,21,96,89,22,49,64,84,56,Czech League
Pardubice,4xbgquadoen1b303u4hi9nhg9,egd0soczfzl4sfqjg1h1cd0yc,T. Jelínek,Tomás Jelínek,20,Midfielder,Czechia,Midfielder,25.0,5.0,34.0,4.0,54.0,0.0,0.0,6.0,5.0,2.0,4.0,4.0,8.0,1.0,0.0,180.0,4.0,4.0,3.0,1.0,3.0,3.0,1.0,0.0,0.0,0.0,0.0,77.14,28.57,29.41,75.0,60.0,57.14,0.0,100.0,0.4143758948340174,0.7617030579497379,3.0,6.0,0.11251348,1.0,4.0,14.0,0.41502669,32.0,12.5,2.5,17.0,2.0,27.0,0.0,0.0,3.0,2.5,1.0,2.0,2.0,4.0,0.5,0.0,2.0,2.0,1.5,0.5,1.5,1.5,0.5,0.0,0.0,0.0,0.0,77.14,28.57,29.41,75.0,60.0,57.14,0.0,100.0,0.2071879474170087,0.3808515289748689,1.5,3.0,0.05625674,0.5,2.0,7.0,0.207513345,16.0,DM/CM,16,97,39,38,31,8,42,92,80,75,83,80,19,12,8,72,61,91,14,67,94,50,42,50,52,52,34,19,81,81,89,67,9,95,84,97,83,78,69,41,30,66,66,47,38,100,56,53,50,8,42,100,91,88,94,91,41,16,8,84,81,97,19,91,100,78,42,50,52,52,34,19,81,81,89,67,9,95,88,100,94,94,84,48,39,88,88,62,Czech League
Pardubice,4xbgquadoen1b303u4hi9nhg9,eq790ntit6131xw3ag2x0siui,A. Tanko,Abdullahi Tanko,28,Attacker,Nigeria,Striker,4.0,2.0,21.0,0.0,23.0,4.0,0.0,1.0,5.0,4.0,4.0,4.0,11.0,1.0,3.0,232.0,12.0,2.0,3.0,0.0,1.0,1.0,1.0,0.0,0.0,0.0,0.0,67.65,0.0,25.0,75.0,20.0,55.0,66.67,0.0,1.0470810845818468,0.0905616944520963,2.0,2.0,0.06745862,0.0,1.0,1.0,0.18270798,11.0,1.5517241379310345,0.7758620689655172,8.14655172413793,0.0,8.922413793103448,1.5517241379310345,0.0,0.3879310344827586,1.939655172413793,1.5517241379310345,1.5517241379310345,1.5517241379310345,4.267241379310344,0.3879310344827586,1.1637931034482758,4.655172413793103,0.7758620689655172,1.1637931034482758,0.0,0.3879310344827586,0.3879310344827586,0.3879310344827586,0.0,0.0,0.0,0.0,67.65,0.0,25.0,75.0,20.0,55.0,66.67,0.0,0.4061952483291646,0.0351316918133132,0.7758620689655172,0.7758620689655172,0.0261692922413793,0.0,0.3879310344827586,0.3879310344827586,0.0708780956896551,4.267241379310344,ST,14,90,66,24,39,62,42,38,53,54,49,49,61,32,98,64,32,84,21,58,34,50,26,51,51,50,36,24,78,91,24,91,96,21,76,47,74,58,56,22,37,28,71,60,9,89,51,24,24,56,42,33,44,47,51,51,49,22,98,62,34,78,21,58,27,51,26,51,51,50,36,24,78,91,24,91,96,21,84,38,71,47,56,22,33,29,71,44,Czech League
Teplice,41eivtin75c5fu33x3zfx956b,3cfoswqxyk4xr6w4vf6vn7d2h,M. Čermák,Marcel Cermák,27,Midfielder,Czechia,Midfielder,31.0,5.0,61.0,2.0,87.0,2.0,0.0,7.0,10.0,4.0,4.0,4.0,13.0,5.0,3.0,404.0,13.0,5.0,1.0,2.0,6.0,3.0,5.0,1.0,0.0,0.0,0.0,75.0,40.0,26.32,25.0,30.0,46.43,33.33,40.0,0.878931907387141,0.5695182828859529,4.0,2.0,0.05338421,4.0,9.0,9.0,0.3646148899999999,36.0,6.905940594059406,1.113861386138614,13.589108910891088,0.4455445544554455,19.38118811881188,0.4455445544554455,0.0,1.5594059405940597,2.227722772277228,0.8910891089108911,0.8910891089108911,0.8910891089108911,2.896039603960396,1.113861386138614,0.6683168316831684,2.896039603960396,1.113861386138614,0.2227722772277227,0.4455445544554455,1.3366336633663367,0.6683168316831684,1.113861386138614,0.2227722772277227,0.0,0.0,0.0,75.0,40.0,26.32,25.0,30.0,46.43,33.33,40.0,0.1958016625367393,0.1268728848013261,0.8910891089108911,0.4455445544554455,0.0118925220297029,0.8910891089108911,2.004950495049505,2.004950495049505,0.0812260893564356,8.01980198019802,CM/AM,69,86,74,42,72,65,37,79,89,76,48,42,63,88,83,84,62,33,54,92,84,98,70,50,50,49,26,47,63,28,54,50,56,30,90,74,88,23,26,76,73,68,64,67,38,70,38,22,26,44,37,68,70,60,32,28,26,66,72,64,44,20,36,78,62,88,60,50,50,49,26,47,63,28,54,50,56,30,66,60,70,12,12,64,46,38,48,38,Czech League
Teplice,41eivtin75c5fu33x3zfx956b,4lx29wbwxbamo5go47tth9gtm,M. Radosta,Matej Radosta,25,Midfielder,Czechia,Midfielder,31.0,5.0,71.0,0.0,97.0,3.0,2.0,11.0,5.0,4.0,13.0,13.0,16.0,2.0,0.0,436.0,20.0,7.0,3.0,2.0,1.0,2.0,2.0,1.0,0.0,0.0,0.0,79.51,0.0,26.32,23.08,40.0,38.1,37.5,66.67,0.7126007154817379,0.941518156443744,2.0,15.0,0.54233826,4.0,3.0,7.0,0.72319238,36.0,6.39908256880734,1.0321100917431194,14.655963302752294,0.0,20.02293577981652,0.6192660550458716,0.4128440366972477,2.2706422018348627,1.0321100917431194,0.8256880733944955,2.6834862385321103,2.6834862385321103,3.302752293577982,0.4128440366972477,0.0,4.128440366972478,1.444954128440367,0.6192660550458716,0.4128440366972477,0.2064220183486238,0.4128440366972477,0.4128440366972477,0.2064220183486238,0.0,0.0,0.0,79.51,0.0,26.32,23.08,40.0,38.1,37.5,66.67,0.1470964779664137,0.194350078164993,0.4128440366972477,3.096330275229358,0.1119505582568807,0.8256880733944955,0.6192660550458716,1.444954128440367,0.1492828307339449,7.431192660550459,CM/AM,69,86,81,8,74,78,95,92,54,76,95,95,69,50,18,97,76,71,54,30,68,73,70,50,50,49,38,8,63,26,65,28,65,56,80,90,55,98,98,76,28,51,86,67,32,68,48,8,30,60,88,82,32,58,70,66,30,32,18,88,54,48,33,22,48,50,54,50,50,49,38,8,63,26,65,28,65,56,50,74,39,80,88,60,14,20,74,32,Czech League
Teplice,41eivtin75c5fu33x3zfx956b,6qlo3uoijwqc0ef5k23w83r9x,L. Krejčí,Ladislav Krejcí,34,Midfielder,Czechia,Midfielder,16.0,1.0,15.0,0.0,30.0,1.0,0.0,0.0,2.0,2.0,1.0,1.0,6.0,3.0,0.0,123.0,4.0,1.0,1.0,2.0,0.0,1.0,1.0,0.0,0.0,0.0,0.0,83.33,0.0,20.0,100.0,50.0,54.55,0.0,66.67,0.2853896799655769,0.0,0.0,1.0,0.06442595,1.0,2.0,1.0,0.06157964,15.0,11.707317073170731,0.7317073170731707,10.97560975609756,0.0,21.95121951219512,0.7317073170731707,0.0,0.0,1.4634146341463414,1.4634146341463414,0.7317073170731707,0.7317073170731707,4.390243902439025,2.1951219512195124,0.0,2.926829268292683,0.7317073170731707,0.7317073170731707,1.4634146341463414,0.0,0.7317073170731707,0.7317073170731707,0.0,0.0,0.0,0.0,83.33,0.0,20.0,100.0,50.0,54.55,0.0,66.67,0.2088217170479831,0.0,0.0,0.7317073170731707,0.0471409390243902,0.7317073170731707,1.4634146341463414,0.7317073170731707,0.0450582731707317,10.97560975609756,CM/AM,32,37,9,8,15,41,37,8,25,49,14,12,24,69,18,38,15,33,54,11,42,49,26,50,50,49,58,8,42,95,76,74,17,56,36,10,16,12,31,37,21,9,14,28,72,54,26,8,46,64,37,8,43,73,22,20,44,95,18,66,26,52,82,11,68,76,26,50,50,49,58,8,42,95,76,74,17,56,70,10,16,20,60,54,36,9,26,54,Czech League
Teplice,41eivtin75c5fu33x3zfx956b,73by8coqx38r9kfh2ns7n66s,J. Auta,John Auta,20,Midfielder,Nigeria,Midfielder,17.0,0.0,15.0,1.0,32.0,1.0,0.0,0.0,5.0,5.0,7.0,7.0,8.0,2.0,1.0,259.0,10.0,2.0,4.0,1.0,0.0,3.0,0.0,2.0,0.0,0.0,0.0,86.49,50.0,0.0,57.14,60.0,25.0,11.11,100.0,0.5362090924587156,0.0,0.0,1.0,0.02385149,0.0,2.0,3.0,0.06188374,7.0,5.907335907335908,0.0,5.212355212355212,0.3474903474903475,11.11969111969112,0.3474903474903475,0.0,0.0,1.7374517374517375,1.7374517374517375,2.4324324324324325,2.4324324324324325,2.77992277992278,0.694980694980695,0.3474903474903475,3.474903474903475,0.694980694980695,1.38996138996139,0.3474903474903475,0.0,1.0424710424710424,0.0,0.694980694980695,0.0,0.0,0.0,86.49,50.0,0.0,57.14,60.0,25.0,11.11,100.0,0.1863274838659629,0.0,0.0,0.3474903474903475,0.0082881625482625,0.0,0.694980694980695,1.0424710424710424,0.0215040023166023,2.4324324324324325,CM/AM,36,15,9,22,21,41,37,8,54,87,80,76,37,50,47,80,32,81,31,11,84,17,94,50,50,49,90,61,15,68,86,10,34,89,66,10,16,12,10,12,21,19,16,10,28,15,4,16,8,34,37,8,52,84,66,62,24,48,44,76,22,80,22,11,82,17,88,50,50,49,90,61,15,68,86,10,34,89,60,10,16,10,10,12,18,18,6,6,Czech League
Teplice,41eivtin75c5fu33x3zfx956b,76p9u8gc0hy1reym8qg2ac844,J. Švanda,Josef Svanda,24,Midfielder,Czechia,Midfielder,35.0,1.0,50.0,0.0,84.0,1.0,0.0,2.0,1.0,0.0,3.0,3.0,7.0,2.0,2.0,154.0,0.0,3.0,1.0,3.0,1.0,0.0,0.0,0.0,0.0,0.0,0.0,91.3,0.0,14.29,33.33,0.0,43.75,50.0,100.0,0.0879070869593311,0.2237290216514836,1.0,3.0,0.11667985,0.0,14.0,14.0,0.4686815199999999,43.0,20.454545454545457,0.5844155844155845,29.22077922077922,0.0,49.09090909090909,0.5844155844155845,0.0,1.168831168831169,0.5844155844155845,0.0,1.7532467532467533,1.7532467532467533,4.090909090909091,1.168831168831169,1.168831168831169,0.0,1.7532467532467533,0.5844155844155845,1.7532467532467533,0.5844155844155845,0.0,0.0,0.0,0.0,0.0,0.0,91.3,0.0,14.29,33.33,0.0,43.75,50.0,100.0,0.051374271599609,0.1307507269391787,0.5844155844155845,1.7532467532467533,0.0681895227272727,0.0,8.181818181818182,8.181818181818182,0.2739047844155843,25.12987012987013,RM/RCM,67,72,56,22,56,28,39,56,33,33,39,28,28,28,67,17,50,39,67,39,33,22,50,56,56,56,100,22,89,61,33,56,89,94,44,78,50,28,33,22,100,89,78,56,89,89,100,22,100,44,39,89,44,33,44,44,56,44,89,17,78,44,100,67,33,22,50,56,56,56,100,22,89,61,33,56,89,94,44,89,67,44,67,22,100,100,100,100,Czech League
Teplice,41eivtin75c5fu33x3zfx956b,95om33z10rzo9302j28pi6489,J. Fortelný,Jan Fortelny,27,Midfielder,Czechia,Midfielder,52.0,6.0,63.0,4.0,109.0,0.0,0.0,9.0,7.0,3.0,7.0,8.0,8.0,8.0,3.0,410.0,7.0,4.0,4.0,0.0,4.0,1.0,2.0,1.0,0.0,0.0,0.0,82.58,40.0,30.0,57.14,14.29,32.0,0.0,0.0,0.5060296798721373,0.6997901414172849,3.0,8.0,0.2049262,9.0,7.0,10.0,0.23399983,43.0,11.414634146341465,1.3170731707317074,13.829268292682928,0.8780487804878049,23.92682926829269,0.0,0.0,1.975609756097561,1.5365853658536586,0.6585365853658537,1.5365853658536586,1.7560975609756098,1.7560975609756098,1.7560975609756098,0.6585365853658537,1.5365853658536586,0.8780487804878049,0.8780487804878049,0.0,0.8780487804878049,0.2195121951219512,0.4390243902439024,0.2195121951219512,0.0,0.0,0.0,82.58,40.0,30.0,57.14,14.29,32.0,0.0,0.0,0.1110796858255911,0.1536124700672088,0.6585365853658537,1.7560975609756098,0.0449838,1.975609756097561,1.5365853658536586,2.1951219512195124,0.0513658163414634,9.439024390243905,CM/AM,84,90,76,71,80,13,37,88,80,65,80,82,37,95,83,67,53,81,11,85,42,73,70,50,50,49,54,47,74,68,28,16,17,11,60,84,76,79,80,100,65,74,52,78,70,74,40,52,54,13,37,72,46,44,48,48,8,88,68,38,34,60,11,58,29,52,57,50,50,49,54,47,74,68,28,16,17,11,38,68,58,55,54,86,38,44,30,44,Czech League
Teplice,41eivtin75c5fu33x3zfx956b,a0hxy44jzxrwm8k8h2idnm51,L. Mareček,Lukás Marecek,36,Midfielder,Czechia,Midfielder,73.0,0.0,120.0,13.0,193.0,5.0,1.0,5.0,9.0,3.0,5.0,5.0,15.0,10.0,5.0,420.0,6.0,2.0,2.0,5.0,6.0,3.0,2.0,3.0,0.0,0.0,0.0,87.33,52.0,0.0,40.0,33.33,51.72,62.5,83.33,0.6978446926594799,0.1668244176134312,6.0,7.0,0.1682148,6.0,25.0,41.0,0.5655939400000002,114.0,15.642857142857142,0.0,25.71428571428571,2.7857142857142856,41.35714285714285,1.0714285714285714,0.2142857142857142,1.0714285714285714,1.9285714285714284,0.6428571428571428,1.0714285714285714,1.0714285714285714,3.214285714285714,2.142857142857143,1.0714285714285714,1.2857142857142856,0.4285714285714285,0.4285714285714285,1.0714285714285714,1.2857142857142856,0.6428571428571428,0.4285714285714285,0.6428571428571428,0.0,0.0,0.0,87.33,52.0,0.0,40.0,33.33,51.72,62.5,83.33,0.1495381484270314,0.0357480894885924,1.2857142857142856,1.5,0.0360460285714285,1.2857142857142856,5.357142857142857,8.785714285714285,0.1211987014285714,24.428571428571427,DM/CM,81,28,94,91,81,89,92,81,98,88,92,91,62,94,86,91,33,81,72,98,94,80,100,50,52,52,72,66,28,59,66,41,75,84,97,53,100,84,84,92,92,98,78,86,59,28,81,84,69,69,88,75,88,75,84,84,19,78,66,72,19,66,44,78,81,59,97,50,52,52,72,66,28,59,66,41,75,84,84,38,88,62,66,75,84,97,56,78,Czech League
Teplice,41eivtin75c5fu33x3zfx956b,cfdo1h4sk3lgm6ifd42oicqtx,M. Pulkrab,Matej Pulkrab,29,Attacker,Czechia,Striker,37.0,0.0,38.0,1.0,75.0,14.0,0.0,5.0,9.0,9.0,6.0,6.0,24.0,7.0,0.0,394.0,19.0,5.0,2.0,2.0,0.0,3.0,0.0,2.0,0.0,0.0,0.0,72.12,33.33,0.0,33.33,33.33,44.44,51.85,66.67,1.1500729571166053,0.3731957739232346,0.0,3.0,0.10649845,1.0,2.0,2.0,0.1404381499999999,20.0,8.451776649746192,0.0,8.680203045685278,0.2284263959390862,17.131979695431472,3.197969543147208,0.0,1.1421319796954317,2.0558375634517763,2.0558375634517763,1.3705583756345177,1.3705583756345177,5.482233502538071,1.598984771573604,0.0,4.340101522842639,1.1421319796954317,0.4568527918781725,0.4568527918781725,0.0,0.6852791878172588,0.0,0.4568527918781725,0.0,0.0,0.0,72.12,33.33,0.0,33.33,33.33,44.44,51.85,66.67,0.2627070206611535,0.0852477656169825,0.0,0.6852791878172588,0.0243270571065989,0.2284263959390862,0.4568527918781725,0.4568527918781725,0.0320797804568527,4.568527918781726,ST,100,34,89,58,93,98,42,88,82,89,77,74,99,97,32,91,82,68,79,22,74,20,87,51,51,50,47,53,34,53,48,62,82,73,89,82,21,73,73,58,61,52,64,87,93,34,62,49,76,87,42,69,53,67,47,47,67,84,32,51,51,44,56,22,44,20,64,51,51,50,47,53,34,53,48,62,82,73,60,64,21,42,51,44,38,31,36,53,Czech League
Teplice,41eivtin75c5fu33x3zfx956b,d7qnv5jqvy89ptfbuavesrr4k,J. Jakubko,Jakub Jakubko,22,Defender,Slovakia,Defender,60.0,0.0,68.0,12.0,128.0,0.0,0.0,1.0,1.0,1.0,0.0,0.0,1.0,4.0,1.0,135.0,2.0,1.0,0.0,0.0,0.0,0.0,0.0,0.0,0.0,0.0,0.0,94.12,85.71,0.0,0.0,0.0,33.33,0.0,0.0,0.1092968179112513,0.049087062158733,0.0,3.0,0.06317351,0.0,23.0,23.0,0.3722935199999999,104.0,40.0,0.0,45.333333333333336,8.0,85.33333333333333,0.0,0.0,0.6666666666666666,0.6666666666666666,0.6666666666666666,0.0,0.0,0.6666666666666666,2.6666666666666665,0.6666666666666666,1.3333333333333333,0.6666666666666666,0.0,0.0,0.0,0.0,0.0,0.0,0.0,0.0,0.0,94.12,85.71,0.0,0.0,0.0,33.33,0.0,0.0,0.0728645452741675,0.032724708105822,0.0,2.0,0.0421156733333333,0.0,15.333333333333334,15.333333333333334,0.2481956799999999,69.33333333333333,CB,41,37,84,75,61,6,43,46,41,49,16,16,4,14,17,40,19,27,9,35,28,39,42,48,51,51,95,100,37,27,28,8,9,9,43,45,37,75,71,30,100,97,78,80,86,37,100,98,100,6,43,75,60,78,16,16,4,25,28,70,29,27,9,35,28,39,42,48,51,51,95,100,37,27,28,8,9,9,69,61,37,96,96,30,100,100,100,100,Czech League
Teplice,41eivtin75c5fu33x3zfx956b,dfjd4y5a331n9bm2ez6un02c,M. Riznič,Matej Riznic,22,Midfielder,Slovakia,Midfielder,60.0,2.0,70.0,3.0,128.0,2.0,0.0,2.0,9.0,4.0,5.0,5.0,23.0,15.0,10.0,357.0,5.0,11.0,3.0,6.0,5.0,3.0,2.0,0.0,0.0,0.0,0.0,74.85,14.29,10.53,60.0,33.33,63.89,40.0,85.71,0.5567185086351748,0.2911620666701054,4.0,2.0,0.05607201,4.0,7.0,9.0,0.73702491,64.0,15.126050420168069,0.5042016806722689,17.64705882352941,0.7563025210084033,32.26890756302521,0.5042016806722689,0.0,0.5042016806722689,2.26890756302521,1.0084033613445378,1.2605042016806722,1.2605042016806722,5.798319327731092,3.7815126050420167,2.5210084033613445,1.2605042016806722,2.773109243697479,0.7563025210084033,1.512605042016807,1.2605042016806722,0.7563025210084033,0.5042016806722689,0.0,0.0,0.0,0.0,74.85,14.29,10.53,60.0,33.33,63.89,40.0,85.71,0.1403492038576071,0.0734022016815391,1.0084033613445378,0.5042016806722689,0.0141358008403361,1.0084033613445378,1.7647058823529411,2.26890756302521,0.1858045991596638,16.134453781512605,LM/LCM,100,67,100,83,100,67,33,42,67,42,50,50,92,100,100,33,100,83,100,83,75,67,33,58,58,58,67,67,50,100,67,100,67,83,67,50,75,42,50,83,83,83,83,100,100,50,83,83,100,67,33,17,50,33,33,33,100,100,100,17,100,83,100,83,67,67,33,58,58,58,67,67,50,100,67,100,67,83,33,17,83,17,33,83,67,50,67,100,Czech League
Teplice,41eivtin75c5fu33x3zfx956b,dgugih9fue6fnth85f8nhecph,M. Bílek,Michal Bílek,28,Midfielder,Czechia,Midfielder,42.0,3.0,59.0,12.0,98.0,4.0,0.0,3.0,6.0,0.0,2.0,2.0,23.0,12.0,2.0,341.0,3.0,10.0,1.0,6.0,6.0,0.0,2.0,0.0,0.0,1.0,1.0,73.68,36.36,18.75,50.0,0.0,71.88,57.14,66.67,0.2439803784778899,0.415231475415416,5.0,3.0,0.06656498,4.0,14.0,23.0,0.7784822199999997,59.0,11.085043988269796,0.7917888563049854,15.57184750733138,3.1671554252199416,25.86510263929619,1.0557184750733135,0.0,0.7917888563049854,1.5835777126099708,0.0,0.5278592375366569,0.5278592375366569,6.070381231671554,3.1671554252199416,0.5278592375366569,0.7917888563049854,2.6392961876832843,0.2639296187683284,1.5835777126099708,1.5835777126099708,0.0,0.5278592375366569,0.0,0.0,0.2639296187683284,0.2639296187683284,73.68,36.36,18.75,50.0,0.0,71.88,57.14,66.67,0.0643936482786219,0.1095918850070012,1.3196480938416422,0.7917888563049854,0.0175684697947214,1.0557184750733135,3.6950146627566,6.070381231671554,0.2054645155425219,15.57184750733138,CM/AM,82,73,72,97,76,86,37,49,69,8,27,24,88,100,67,24,92,33,94,92,13,73,26,50,100,99,20,41,38,59,13,96,80,56,28,62,94,36,34,76,91,95,96,86,66,60,50,92,62,80,37,32,48,8,20,14,80,98,56,8,88,24,86,90,13,66,26,50,100,98,20,41,38,59,13,96,80,56,22,48,78,24,20,68,90,90,88,82,Czech League
Teplice,41eivtin75c5fu33x3zfx956b,dj91g7x3c6d31jkgegr8i9btg,D. Večerka,Dalibor Vecerka,23,Defender,Czechia,Defender,114.0,0.0,26.0,5.0,140.0,5.0,0.0,0.0,0.0,0.0,0.0,0.0,9.0,13.0,3.0,303.0,2.0,1.0,0.0,2.0,0.0,0.0,0.0,0.0,0.0,0.0,0.0,92.72,55.56,0.0,0.0,0.0,40.91,38.46,66.67,0.0,0.0,0.0,0.0,0.0,0.0,0.0,0.0,0.0,0.0,33.86138613861386,0.0,7.722772277227722,1.4851485148514851,41.58415841584159,1.4851485148514851,0.0,0.0,0.0,0.0,0.0,0.0,2.6732673267326734,3.861386138613861,0.8910891089108911,0.594059405940594,0.297029702970297,0.0,0.594059405940594,0.0,0.0,0.0,0.0,0.0,0.0,0.0,92.72,55.56,0.0,0.0,0.0,40.91,38.46,66.67,0.0,0.0,0.0,0.0,0.0,0.0,0.0,0.0,0.0,0.0,LB/LCB,90,19,24,57,76,60,40,14,10,26,7,7,36,76,76,36,21,14,45,24,33,38,48,50,52,52,100,86,19,14,33,29,48,50,10,14,29,17,17,19,10,10,10,10,95,19,10,43,81,57,40,14,10,26,7,7,24,71,67,29,14,14,29,24,33,38,48,50,52,52,100,86,19,14,33,29,48,50,10,14,29,17,17,19,10,10,10,10,Czech League
Teplice,41eivtin75c5fu33x3zfx956b,izxx5y2bgk42v0ibnta8swa2,O. Vientiess,Oskars Vientiess,23,Defender,Latvia,Defender,169.0,0.0,97.0,25.0,266.0,12.0,0.0,0.0,0.0,0.0,0.0,0.0,22.0,29.0,3.0,450.0,3.0,3.0,0.0,4.0,0.0,0.0,0.0,0.0,0.0,0.0,0.0,90.48,64.1,0.0,0.0,0.0,64.71,52.17,57.14,0.0,0.0,0.0,0.0,0.0,0.0,0.0,0.0,0.0,0.0,33.8,0.0,19.4,5.0,53.2,2.4,0.0,0.0,0.0,0.0,0.0,0.0,4.4,5.8,0.6,0.6,0.6,0.0,0.8,0.0,0.0,0.0,0.0,0.0,0.0,0.0,90.48,64.1,0.0,0.0,0.0,64.71,52.17,57.14,0.0,0.0,0.0,0.0,0.0,0.0,0.0,0.0,0.0,0.0,CB,91,37,100,100,95,90,43,18,15,18,16,16,84,96,48,54,47,27,73,35,28,39,42,48,51,51,75,82,37,27,28,78,45,49,15,21,37,24,24,30,11,11,11,11,75,37,88,91,83,68,43,18,15,18,16,16,45,75,25,39,25,27,53,35,28,39,42,48,51,51,75,82,37,27,28,78,45,49,15,21,37,24,24,30,11,11,11,11,Czech League
Artis Brno,6onh4wiqdb8r50qa6oyxlbafg,11n2y3idvspx0o5p0p61sw5xw,E. Fully,Emmanuel Fully,20,Defender,Liberia,Defender,19.0,1.0,16.0,4.0,34.0,2.0,0.0,0.0,0.0,0.0,0.0,0.0,5.0,3.0,3.0,188.0,2.0,1.0,0.0,2.0,0.0,0.0,0.0,0.0,0.0,0.0,0.0,72.34,28.57,100.0,0.0,0.0,35.71,33.33,100.0,0.0,0.0,0.0,0.0,0.0,0.0,0.0,0.0,0.0,0.0,9.095744680851062,0.4787234042553191,7.659574468085106,1.9148936170212765,16.27659574468085,0.9574468085106382,0.0,0.0,0.0,0.0,0.0,0.0,2.3936170212765955,1.4361702127659577,1.4361702127659577,0.9574468085106382,0.4787234042553191,0.0,0.9574468085106382,0.0,0.0,0.0,0.0,0.0,0.0,0.0,72.34,28.57,100.0,0.0,0.0,35.71,33.33,100.0,0.0,0.0,0.0,0.0,0.0,0.0,0.0,0.0,0.0,0.0,LB/LCB,31,52,10,36,14,31,40,14,10,26,7,7,14,31,76,36,21,14,45,24,33,38,48,50,52,52,29,14,95,14,33,19,38,86,10,14,29,17,17,19,10,10,10,10,43,62,5,52,14,29,40,14,10,26,7,7,14,33,95,43,33,14,62,24,33,38,48,50,52,52,29,14,95,14,33,19,38,86,10,14,29,17,17,19,10,10,10,10,Czech League
Artis Brno,6onh4wiqdb8r50qa6oyxlbafg,1eecexgki6vzi3b4g60tpfkyd,A. Alégué,Alexis Alégué,29,Attacker,Cameroon,Striker,33.0,10.0,46.0,2.0,69.0,1.0,0.0,9.0,7.0,5.0,11.0,12.0,17.0,4.0,2.0,396.0,14.0,8.0,5.0,1.0,2.0,2.0,4.0,0.0,0.0,0.0,0.0,82.14,100.0,50.0,45.45,28.57,54.84,0.0,33.33,0.5035280883786217,1.1419775207128142,3.0,16.0,0.4741477699999999,11.0,3.0,8.0,0.6832316599999999,32.0,7.499999999999999,2.2727272727272725,10.454545454545451,0.4545454545454545,15.68181818181818,0.2272727272727272,0.0,2.0454545454545454,1.5909090909090908,1.1363636363636362,2.5,2.727272727272727,3.8636363636363633,0.9090909090909092,0.4545454545454545,3.1818181818181817,1.818181818181818,1.1363636363636362,0.2272727272727272,0.4545454545454545,0.4545454545454545,0.9090909090909092,0.0,0.0,0.0,0.0,82.14,100.0,50.0,45.45,28.57,54.84,0.0,33.33,0.1144382019042322,0.2595403456165486,0.6818181818181818,3.636363636363636,0.1077608568181817,2.5,0.6818181818181818,1.818181818181818,0.1552799227272727,7.272727272727272,RW,100,100,100,100,100,100,100,100,100,100,100,100,100,100,100,100,100,100,100,100,100,100,100,100,100,100,100,100,100,100,100,100,100,100,100,100,100,100,100,100,100,100,100,100,100,100,100,100,100,100,100,100,100,100,100,100,100,100,100,100,100,100,100,100,100,100,100,100,100,100,100,100,100,100,100,100,100,100,100,100,100,100,100,100,100,100,100,100,Czech League
Artis Brno,6onh4wiqdb8r50qa6oyxlbafg,2vfhae70oyyzm0qttlckworqi,A. Carlén,Adam Carlén,26,Midfielder,Sweden,Midfielder,29.0,0.0,21.0,5.0,50.0,4.0,0.0,0.0,2.0,1.0,2.0,2.0,16.0,7.0,1.0,365.0,2.0,0.0,1.0,8.0,1.0,0.0,2.0,0.0,0.0,0.0,0.0,71.43,35.71,0.0,50.0,0.0,47.06,50.0,72.73,0.1587537409697289,0.0,1.0,1.0,0.01870347,0.0,4.0,4.0,0.05820166,20.0,7.1506849315068495,0.0,5.178082191780822,1.2328767123287672,12.328767123287673,0.9863013698630138,0.0,0.0,0.4931506849315069,0.2465753424657534,0.4931506849315069,0.4931506849315069,3.945205479452055,1.726027397260274,0.2465753424657534,0.4931506849315069,0.0,0.2465753424657534,1.9726027397260275,0.2465753424657534,0.0,0.4931506849315069,0.0,0.0,0.0,0.0,71.43,35.71,0.0,50.0,0.0,47.06,50.0,72.73,0.0391447580473304,0.0,0.2465753424657534,0.2465753424657534,0.0046118145205479,0.0,0.9863013698630138,0.9863013698630138,0.0143510942465753,4.931506849315069,DM/CM,31,28,17,47,16,78,42,11,33,58,53,53,72,84,23,36,8,59,89,33,23,80,42,50,52,52,9,33,28,70,23,19,55,69,41,11,38,23,19,17,30,23,16,22,3,28,6,19,6,53,42,11,22,53,34,34,34,59,16,25,8,50,75,25,23,75,42,50,52,52,9,33,28,70,23,19,55,69,25,11,31,16,16,17,19,9,9,12,Czech League
Artis Brno,6onh4wiqdb8r50qa6oyxlbafg,3r9l6aafy6rsty0329wzcdf6c,I. Fomba,Issa Fomba,25,Midfielder,Mali,Midfielder,4.0,4.0,17.0,0.0,17.0,0.0,0.0,2.0,1.0,1.0,4.0,5.0,6.0,2.0,0.0,151.0,3.0,2.0,2.0,2.0,0.0,1.0,0.0,1.0,0.0,0.0,0.0,62.96,0.0,50.0,50.0,100.0,50.0,0.0,100.0,0.5078602004818759,0.2426127748308648,0.0,8.0,0.24285719,3.0,1.0,4.0,0.4550748999999999,9.0,2.3841059602649004,2.3841059602649004,10.132450331125828,0.0,10.132450331125828,0.0,0.0,1.1920529801324502,0.5960264900662251,0.5960264900662251,2.3841059602649004,2.980132450331126,3.576158940397351,1.1920529801324502,0.0,1.7880794701986755,1.1920529801324502,1.1920529801324502,1.1920529801324502,0.0,0.5960264900662251,0.0,0.5960264900662251,0.0,0.0,0.0,62.96,0.0,50.0,50.0,100.0,50.0,0.0,100.0,0.3026981327375418,0.1446036406276677,0.0,4.768211920529801,0.1447493185430463,1.7880794701986755,0.5960264900662251,2.3841059602649004,0.2712366953642383,5.364238410596027,CM/AM,5,82,16,8,6,13,37,36,14,27,48,53,24,50,18,24,32,57,54,11,42,17,70,50,50,49,4,8,93,59,97,61,17,89,62,40,16,79,86,63,12,26,74,15,6,98,24,8,6,13,37,54,18,38,62,78,32,72,18,46,46,74,72,11,60,17,84,50,50,49,4,8,93,59,97,61,17,89,92,66,16,96,96,84,12,48,94,20,Czech League
Artis Brno,6onh4wiqdb8r50qa6oyxlbafg,3yskowb0w7b6ltgap7gl7zcpg,A. Labík,Albert Labík,22,Defender,Czechia,Defender,20.0,0.0,18.0,4.0,38.0,1.0,0.0,2.0,1.0,1.0,4.0,4.0,7.0,0.0,0.0,135.0,4.0,2.0,2.0,1.0,0.0,0.0,0.0,0.0,0.0,0.0,0.0,84.44,57.14,0.0,50.0,0.0,38.89,0.0,50.0,0.0822318465645785,0.1595415024476956,0.0,1.0,0.05491138,1.0,4.0,6.0,0.0798125399999999,13.0,13.333333333333334,0.0,12.0,2.6666666666666665,25.33333333333333,0.6666666666666666,0.0,1.3333333333333333,0.6666666666666666,0.6666666666666666,2.6666666666666665,2.6666666666666665,4.666666666666667,0.0,0.0,2.6666666666666665,1.3333333333333333,1.3333333333333333,0.6666666666666666,0.0,0.0,0.0,0.0,0.0,0.0,0.0,84.44,57.14,0.0,50.0,0.0,38.89,0.0,50.0,0.0548212310430523,0.106361001631797,0.0,0.6666666666666666,0.0366075866666666,0.6666666666666666,2.6666666666666665,4.0,0.0532083599999999,8.666666666666666,CB,10,37,19,28,14,12,43,70,41,49,90,89,13,2,5,65,31,83,28,35,28,39,42,48,51,51,39,69,37,63,28,18,9,33,39,69,37,53,67,70,40,38,27,29,22,37,51,56,22,12,43,94,60,78,98,96,51,2,5,98,72,95,46,35,28,39,42,48,51,51,39,69,37,63,28,18,9,33,57,94,37,69,94,88,61,75,41,31,Czech League
Artis Brno,6onh4wiqdb8r50qa6oyxlbafg,58gt3dybri38935kmgdlfxzh1,M. Pospíšil,Martin Pospísil,35,Midfielder,Czechia,Midfielder,53.0,1.0,36.0,9.0,88.0,1.0,0.0,2.0,3.0,0.0,4.0,4.0,20.0,2.0,6.0,339.0,1.0,5.0,1.0,8.0,3.0,0.0,0.0,0.0,0.0,0.0,0.0,77.88,45.0,7.69,25.0,0.0,66.67,33.33,61.54,0.1992860606555221,0.1812775900204445,1.0,2.0,0.04813761,3.0,14.0,18.0,0.33291241,52.0,14.070796460176991,0.2654867256637168,9.557522123893806,2.3893805309734515,23.36283185840708,0.2654867256637168,0.0,0.5309734513274337,0.7964601769911505,0.0,1.0619469026548674,1.0619469026548674,5.3097345132743365,0.5309734513274337,1.592920353982301,0.2654867256637168,1.327433628318584,0.2654867256637168,2.1238938053097347,0.7964601769911505,0.0,0.0,0.0,0.0,0.0,0.0,77.88,45.0,7.69,25.0,0.0,66.67,33.33,61.54,0.0529078037138554,0.0481267938107374,0.2654867256637168,0.5309734513274337,0.0127798964601769,0.7964601769911505,3.7168141592920354,4.778761061946903,0.0883838256637168,13.805309734513274,DM/CM,59,69,45,70,56,28,42,50,48,23,83,80,91,23,92,19,77,59,89,67,23,17,42,50,52,52,38,53,56,48,23,88,31,44,50,56,38,39,31,62,72,72,56,59,44,62,16,69,25,25,42,44,34,23,81,81,62,19,94,16,62,53,84,59,23,17,42,50,52,52,38,53,56,48,23,88,31,44,41,44,38,34,28,62,66,72,41,47,Czech League
Artis Brno,6onh4wiqdb8r50qa6oyxlbafg,5bf54g7vm8pfgaqeu4us06yvo,E. Ndiaye,El Hadji Ndiaye,27,Attacker,Senegal,Striker,22.0,0.0,15.0,1.0,37.0,10.0,0.0,3.0,6.0,5.0,2.0,2.0,20.0,3.0,1.0,369.0,10.0,3.0,2.0,4.0,1.0,1.0,1.0,0.0,0.0,0.0,0.0,62.71,16.67,0.0,100.0,16.67,43.48,41.67,80.0,0.5267023436663846,0.0610442349386516,1.0,1.0,0.0199707,0.0,6.0,6.0,0.07123982,14.0,5.365853658536586,0.0,3.658536585365854,0.2439024390243902,9.02439024390244,2.439024390243903,0.0,0.7317073170731708,1.4634146341463417,1.2195121951219514,0.4878048780487805,0.4878048780487805,4.878048780487806,0.7317073170731708,0.2439024390243902,2.439024390243903,0.7317073170731708,0.4878048780487805,0.9756097560975612,0.2439024390243902,0.2439024390243902,0.2439024390243902,0.0,0.0,0.0,0.0,62.71,16.67,0.0,100.0,16.67,43.48,41.67,80.0,0.1284639862600938,0.014888837789915,0.2439024390243902,0.2439024390243902,0.0048709024390243,0.0,1.4634146341463417,1.4634146341463417,0.0173755658536585,3.414634146341464,ST,93,34,40,58,79,90,42,68,62,66,29,24,89,72,76,54,54,68,93,58,34,50,26,51,51,50,20,49,34,98,21,58,53,83,56,29,52,34,24,22,96,84,38,72,69,34,4,51,29,76,42,49,24,36,11,7,58,42,64,16,29,47,82,44,16,42,26,51,51,50,20,49,34,98,21,58,53,83,20,27,42,22,22,22,80,67,18,29,Czech League
Artis Brno,6onh4wiqdb8r50qa6oyxlbafg,5hndhxoydfoz01r5o0nwmqot0,N. Glossoa,Neil Glossoa,21,Defender,France,Defender,66.0,5.0,36.0,11.0,97.0,2.0,1.0,5.0,3.0,3.0,8.0,8.0,25.0,14.0,4.0,376.0,4.0,10.0,2.0,11.0,0.0,0.0,1.0,0.0,0.0,0.0,0.0,76.98,40.74,50.0,25.0,0.0,62.5,50.0,100.0,0.3560210240614217,0.7236296249641606,0.0,3.0,0.08919589,0.0,11.0,12.0,1.2139655099999995,61.0,15.797872340425531,1.1968085106382975,8.617021276595745,2.632978723404255,23.218085106382976,0.4787234042553191,0.2393617021276595,1.1968085106382975,0.7180851063829787,0.7180851063829787,1.9148936170212765,1.9148936170212765,5.984042553191489,3.351063829787234,0.9574468085106382,0.9574468085106382,2.3936170212765955,0.4787234042553191,2.632978723404255,0.0,0.0,0.2393617021276595,0.0,0.0,0.0,0.0,76.98,40.74,50.0,25.0,0.0,62.5,50.0,100.0,0.0852177983125743,0.1732092187414214,0.0,0.7180851063829787,0.0213500800531914,0.0,2.632978723404255,2.872340425531915,0.2905768507978722,14.601063829787233,RB/RCB,79,100,46,75,71,43,100,100,71,86,100,100,79,71,68,71,96,79,100,29,36,86,46,50,54,54,36,50,86,50,36,71,43,89,86,100,36,79,79,32,71,61,100,79,57,100,14,57,29,29,100,93,64,79,93,93,71,43,43,57,93,64,93,29,36,86,46,50,54,54,36,50,86,50,36,71,43,89,79,100,36,71,71,32,57,43,100,64,Czech League
Artis Brno,6onh4wiqdb8r50qa6oyxlbafg,6mlztsk5pqy7kiagn593y6jh0,Q. Adediran,Quadri Adediran,25,Attacker,Nigeria,Striker,6.0,1.0,10.0,2.0,15.0,8.0,1.0,1.0,7.0,6.0,8.0,9.0,20.0,2.0,0.0,254.0,15.0,6.0,1.0,4.0,1.0,2.0,0.0,2.0,0.0,0.0,0.0,53.57,66.67,25.0,12.5,28.57,39.22,44.44,80.0,1.1172291777260082,0.1639587385273061,1.0,0.0,0.0,0.0,2.0,2.0,0.3203890399999999,6.0,2.125984251968504,0.3543307086614173,3.543307086614173,0.7086614173228346,5.314960629921259,2.8346456692913384,0.3543307086614173,0.3543307086614173,2.4803149606299213,2.125984251968504,2.8346456692913384,3.188976377952756,7.086614173228346,0.7086614173228346,0.0,5.314960629921259,2.125984251968504,0.3543307086614173,1.4173228346456692,0.3543307086614173,0.7086614173228346,0.0,0.7086614173228346,0.0,0.0,0.0,53.57,66.67,25.0,12.5,28.57,39.22,44.44,80.0,0.395868606280869,0.0580956160136124,0.3543307086614173,0.0,0.0,0.0,0.7086614173228346,0.7086614173228346,0.1135236755905511,2.125984251968504,ST,29,76,20,78,18,83,91,38,68,72,89,90,89,57,32,78,90,41,93,58,61,20,87,51,51,50,11,82,78,29,37,49,58,83,84,56,52,11,11,22,61,52,84,24,18,73,2,71,4,82,96,24,62,71,76,80,89,37,32,72,76,36,87,53,47,20,82,51,51,50,11,82,78,29,37,49,58,83,82,53,46,11,11,22,51,36,78,13,Czech League
Artis Brno,6onh4wiqdb8r50qa6oyxlbafg,7zy3nqjcujble4iy16c34p4dm,Papalélé,Hélio Alberto Delgado Silva,28,Attacker,Cabo Verde,Striker,12.0,2.0,28.0,3.0,38.0,7.0,2.0,6.0,6.0,5.0,14.0,15.0,24.0,2.0,4.0,373.0,16.0,7.0,3.0,4.0,1.0,1.0,1.0,0.0,0.0,0.0,0.0,70.37,33.33,28.57,21.43,16.67,52.17,70.0,57.14,0.5731126736342504,0.5868803003605916,1.0,7.0,0.2009779,5.0,6.0,8.0,0.4464702199999998,22.0,2.895442359249329,0.4825737265415549,6.756032171581769,0.7238605898123324,9.168900804289544,1.6890080428954422,0.4825737265415549,1.4477211796246647,1.4477211796246647,1.206434316353887,3.3780160857908843,3.619302949061662,5.790884718498659,0.4825737265415549,0.9651474530831098,3.860589812332439,1.6890080428954422,0.7238605898123324,0.9651474530831098,0.2412868632707774,0.2412868632707774,0.2412868632707774,0.0,0.0,0.0,0.0,70.37,33.33,28.57,21.43,16.67,52.17,70.0,57.14,0.1382845593219371,0.1416065067894188,0.2412868632707774,1.6890080428954422,0.0484933270777479,1.206434316353887,1.4477211796246647,1.93029490616622,0.1077273989276138,5.308310991957104,LW,50,50,50,100,50,100,100,100,75,100,100,100,100,75,100,100,100,100,75,50,50,75,50,75,75,75,50,50,50,100,50,100,100,50,50,50,75,100,100,100,100,100,50,50,50,50,50,100,50,100,100,50,50,50,100,100,100,50,100,50,50,100,50,50,50,50,50,75,75,75,50,50,50,100,50,100,100,50,50,50,50,50,50,100,100,100,50,50,Czech League
Artis Brno,6onh4wiqdb8r50qa6oyxlbafg,8icu793njta11rqfmnpeyi4q2,A. Petrák,Adam Petrák,27,Midfielder,Czechia,Midfielder,12.0,1.0,12.0,2.0,23.0,3.0,0.0,1.0,4.0,4.0,1.0,1.0,12.0,0.0,1.0,104.0,5.0,1.0,0.0,2.0,0.0,1.0,3.0,0.0,0.0,0.0,0.0,63.89,25.0,100.0,0.0,25.0,50.0,42.86,25.0,0.4039975169801366,0.1259090332516633,0.0,0.0,0.0,0.0,0.0,3.0,0.26139731,4.0,10.384615384615383,0.8653846153846154,10.384615384615383,1.7307692307692308,19.90384615384616,2.5961538461538463,0.0,0.8653846153846154,3.4615384615384617,3.4615384615384617,0.8653846153846154,0.8653846153846154,10.384615384615383,0.0,0.8653846153846154,4.3269230769230775,0.8653846153846154,0.0,1.7307692307692308,0.0,0.8653846153846154,2.5961538461538463,0.0,0.0,0.0,0.0,63.89,25.0,100.0,0.0,25.0,50.0,42.86,25.0,0.3496132358481951,0.1089597403139394,0.0,0.0,0.0,0.0,0.0,2.5961538461538463,0.2262092105769231,3.4615384615384617,DM/CM,6,69,9,14,9,64,42,33,64,98,28,28,36,5,23,84,19,23,30,12,64,95,42,50,52,52,3,12,98,23,55,31,41,11,81,47,14,8,8,17,8,17,44,9,19,91,25,38,19,97,42,56,100,100,66,62,100,5,50,100,41,23,62,12,97,100,42,50,52,52,3,12,98,23,55,31,41,11,100,75,14,8,8,17,8,41,91,9,Czech League
Artis Brno,6onh4wiqdb8r50qa6oyxlbafg,crvtv5nm7gxssmewu2kbs1my2,D. Šimek,David Simek,28,Defender,Czechia,Defender,85.0,0.0,26.0,7.0,111.0,19.0,0.0,2.0,4.0,4.0,1.0,1.0,24.0,23.0,5.0,450.0,10.0,3.0,0.0,2.0,0.0,1.0,0.0,0.0,0.0,0.0,0.0,83.46,53.85,0.0,0.0,25.0,63.16,79.17,100.0,0.4471667828978491,0.1961545070000583,0.0,0.0,0.0,0.0,3.0,8.0,0.1728739499999999,67.0,17.0,0.0,5.2,1.4,22.2,3.8,0.0,0.4,0.8,0.8,0.2,0.2,4.8,4.6,1.0,2.0,0.6,0.0,0.4,0.0,0.2,0.0,0.0,0.0,0.0,0.0,83.46,53.85,0.0,0.0,25.0,63.16,79.17,100.0,0.0894333565795698,0.0392309014000116,0.0,0.0,0.0,0.0,0.6,1.6,0.0345747899999999,13.4,CB,63,37,29,46,53,99,43,70,91,96,49,49,88,77,75,98,47,27,46,35,73,39,42,48,51,51,37,63,37,27,63,76,92,91,86,75,37,24,24,30,32,51,41,63,25,37,7,27,16,99,43,51,73,87,35,35,59,55,48,93,25,27,33,35,57,39,42,48,51,51,37,63,37,27,63,76,92,91,73,65,37,24,24,30,22,29,27,43,Czech League
Artis Brno,6onh4wiqdb8r50qa6oyxlbafg,cuzvy5d70w9zbxsu3po6clucp,D. Plechatý,Dominik Plechaty,27,Defender,Czechia,Defender,112.0,0.0,26.0,13.0,138.0,11.0,0.0,0.0,1.0,0.0,1.0,1.0,27.0,26.0,10.0,450.0,0.0,5.0,1.0,6.0,1.0,0.0,1.0,0.0,0.0,0.0,0.0,87.34,65.0,0.0,100.0,0.0,65.85,84.62,60.0,0.0495069983357991,0.0,1.0,0.0,0.0,0.0,7.0,9.0,0.1907342499999999,56.0,22.4,0.0,5.2,2.6,27.6,2.2,0.0,0.0,0.2,0.0,0.2,0.2,5.4,5.2,2.0,0.0,1.0,0.2,1.2,0.2,0.0,0.2,0.0,0.0,0.0,0.0,87.34,65.0,0.0,100.0,0.0,65.85,84.62,60.0,0.0099013996671598,0.0,0.2,0.0,0.0,0.0,1.4,1.8,0.0381468499999999,11.2,CB,76,37,29,79,67,86,43,18,41,18,49,49,92,87,99,7,82,67,83,80,28,86,42,48,51,51,59,85,37,88,28,80,96,57,33,21,83,24,24,30,50,59,47,48,45,37,7,53,24,61,43,18,30,18,35,35,69,63,91,7,53,57,68,72,28,79,42,48,51,51,59,85,37,88,28,80,96,57,31,21,75,24,24,30,35,33,29,37,Czech League
Artis Brno,6onh4wiqdb8r50qa6oyxlbafg,dbku5mn74cqjzu7o91vzrlbtg,S. Komljenović,Sacha Komljenovic,23,Midfielder,Netherlands,Midfielder,26.0,0.0,27.0,3.0,53.0,4.0,0.0,0.0,3.0,3.0,1.0,1.0,12.0,5.0,2.0,202.0,5.0,8.0,0.0,0.0,0.0,1.0,0.0,1.0,0.0,0.0,0.0,80.3,33.33,0.0,0.0,33.33,60.0,57.14,0.0,0.2701184455724492,0.0,0.0,1.0,0.05491138,0.0,4.0,5.0,0.10110054,23.0,11.584158415841584,0.0,12.029702970297029,1.3366336633663367,23.613861386138613,1.7821782178217822,0.0,0.0,1.3366336633663367,1.3366336633663367,0.4455445544554455,0.4455445544554455,5.346534653465347,2.227722772277228,0.8910891089108911,2.227722772277228,3.5643564356435644,0.0,0.0,0.0,0.4455445544554455,0.0,0.4455445544554455,0.0,0.0,0.0,80.3,33.33,0.0,0.0,33.33,60.0,57.14,0.0,0.1203498024827743,0.0,0.0,0.4455445544554455,0.0244654663366336,0.0,1.7821782178217822,2.227722772277228,0.0450447950495049,10.247524752475249,DM/CM,22,28,28,27,27,78,42,11,48,88,28,28,36,62,45,84,97,23,3,12,64,17,88,50,52,52,50,27,28,23,66,77,70,3,62,11,14,23,39,17,30,30,22,25,25,28,41,25,28,94,42,11,69,97,28,28,72,84,56,88,97,23,3,12,72,17,91,50,52,52,50,27,28,23,66,77,70,3,75,11,14,28,41,17,31,31,22,34,Czech League
Artis Brno,6onh4wiqdb8r50qa6oyxlbafg,jxrq5a63f8wjyonu0prz48ut,D. Preisler,Dominik Preisler,30,Defender,Czechia,Defender,40.0,3.0,32.0,16.0,69.0,5.0,0.0,3.0,3.0,2.0,4.0,6.0,16.0,13.0,3.0,294.0,2.0,2.0,1.0,8.0,1.0,0.0,0.0,0.0,0.0,0.0,0.0,62.73,47.06,20.0,25.0,0.0,59.26,0.0,100.0,0.2999289880896564,0.2916432184594525,1.0,4.0,0.0990631,1.0,11.0,14.0,0.4167104999999999,37.0,12.244897959183673,0.9183673469387756,9.79591836734694,4.8979591836734695,21.12244897959184,1.530612244897959,0.0,0.9183673469387756,0.9183673469387756,0.6122448979591837,1.2244897959183674,1.836734693877551,4.8979591836734695,3.979591836734694,0.9183673469387756,0.6122448979591837,0.6122448979591837,0.3061224489795918,2.4489795918367347,0.3061224489795918,0.0,0.0,0.0,0.0,0.0,0.0,62.73,47.06,20.0,25.0,0.0,59.26,0.0,100.0,0.0918149963539764,0.0892785362630977,0.3061224489795918,1.2244897959183674,0.0303254387755102,0.3061224489795918,3.36734693877551,4.285714285714286,0.1275644387755101,11.326530612244898,LB/LCB,57,86,33,95,48,60,40,69,86,83,64,79,67,76,76,36,50,45,95,57,33,38,48,50,52,52,5,71,60,40,33,67,17,86,90,71,74,74,76,52,62,71,81,62,52,76,24,90,43,62,40,67,81,81,57,71,67,76,71,33,48,38,95,57,33,38,48,50,52,52,5,71,60,40,33,67,17,86,90,67,76,67,71,48,71,76,81,57,Czech League
Sigma Olomouc,dchxm00ei80l8ljbcfpdill8k,24ag393ieajcfwhg66ui2zotm,A. Ghali,Ahmad Ghali,26,Midfielder,Nigeria,Midfielder,58.0,3.0,88.0,4.0,143.0,4.0,0.0,3.0,11.0,8.0,6.0,7.0,23.0,10.0,3.0,431.0,16.0,8.0,4.0,3.0,3.0,5.0,4.0,2.0,0.0,0.0,0.0,87.2,36.36,16.67,66.67,45.45,60.53,36.36,42.86,0.9070451138634128,0.1697889931123111,3.0,10.0,0.25317389,4.0,13.0,16.0,0.7594571099999997,71.0,12.11136890951276,0.6264501160092808,18.37587006960557,0.8352668213457077,29.86078886310905,0.8352668213457077,0.0,0.6264501160092808,2.296983758700696,1.6705336426914157,1.2529002320185616,1.4617169373549883,4.802784222737819,2.0881670533642693,0.6264501160092808,3.341067285382831,1.6705336426914157,0.8352668213457077,0.6264501160092808,0.6264501160092808,1.0440835266821349,0.8352668213457077,0.4176334106728538,0.0,0.0,0.0,87.2,36.36,16.67,66.67,45.45,60.53,36.36,42.86,0.189406172268462,0.035454778144102,0.6264501160092808,2.0881670533642693,0.0528669375870069,0.8352668213457077,2.71461716937355,3.341067285382831,0.1585873315545243,14.825986078886311,CM/AM,88,73,92,71,93,86,37,49,94,98,68,76,88,98,83,90,83,81,71,70,99,93,94,50,50,49,94,41,35,75,68,88,62,32,94,36,76,88,88,76,87,85,94,92,76,50,68,48,70,72,37,24,72,80,42,44,62,90,64,74,64,58,48,48,84,78,76,50,50,49,94,41,35,75,68,88,62,32,64,28,56,64,66,62,70,68,82,78,Czech League
Sigma Olomouc,dchxm00ei80l8ljbcfpdill8k,2ajvbnkl3znpich7x6k5a8w2y,D. Janošek,Dominik Janosek,28,Midfielder,Czechia,Midfielder,81.0,5.0,131.0,16.0,207.0,1.0,3.0,5.0,6.0,2.0,1.0,1.0,5.0,1.0,0.0,299.0,3.0,4.0,0.0,0.0,4.0,4.0,0.0,1.0,0.0,0.0,1.0,86.97,55.17,31.25,0.0,66.67,31.25,25.0,0.0,0.4934696274257906,0.5378062257308416,2.0,7.0,0.1656748999999999,4.0,26.0,26.0,0.7350300900000001,96.0,24.38127090301004,1.5050167224080266,39.431438127090296,4.816053511705685,62.30769230769231,0.3010033444816053,0.903010033444816,1.5050167224080266,1.806020066889632,0.6020066889632106,0.3010033444816053,0.3010033444816053,1.5050167224080266,0.3010033444816053,0.0,0.903010033444816,1.2040133779264213,0.0,0.0,1.2040133779264213,1.2040133779264213,0.0,0.3010033444816053,0.0,0.0,0.3010033444816053,86.97,55.17,31.25,0.0,66.67,31.25,25.0,0.0,0.1485360082552546,0.1618814726280125,0.6020066889632106,2.1070234113712374,0.0498686989966554,1.2040133779264213,7.826086956521738,7.826086956521738,0.2212465153846154,28.896321070234112,CM/AM,98,86,100,100,98,41,100,63,69,49,14,12,16,30,18,24,53,9,11,85,94,17,70,50,50,99,92,68,76,9,91,14,46,11,58,68,55,71,62,76,100,98,88,98,96,84,100,100,100,30,98,64,54,40,10,8,4,30,18,10,48,9,11,72,92,17,66,50,50,100,92,68,76,9,91,14,46,11,52,70,54,66,62,72,100,100,92,100,Czech League
Sigma Olomouc,dchxm00ei80l8ljbcfpdill8k,2jtsn4w1j0qp3hhw0oycnbnfu,M. Beran,Michal Beran,26,Midfielder,Czechia,Midfielder,188.0,1.0,156.0,13.0,343.0,1.0,0.0,6.0,7.0,3.0,5.0,5.0,14.0,6.0,4.0,433.0,4.0,4.0,4.0,3.0,4.0,1.0,3.0,0.0,0.0,0.0,0.0,90.26,44.83,12.5,80.0,14.29,46.67,33.33,60.0,0.587091544643928,0.490245430794804,2.0,22.0,0.49669716,7.0,34.0,41.0,0.7531389899999996,217.0,39.07621247113164,0.207852193995381,32.42494226327945,2.702078521939954,71.29330254041571,0.207852193995381,0.0,1.2471131639722863,1.4549653579676676,0.6235565819861432,1.039260969976905,1.039260969976905,2.909930715935335,1.2471131639722863,0.8314087759815243,0.8314087759815243,0.8314087759815243,0.8314087759815243,0.6235565819861432,0.8314087759815243,0.207852193995381,0.6235565819861432,0.0,0.0,0.0,0.0,90.26,44.83,12.5,80.0,14.29,46.67,33.33,60.0,0.1220282656303776,0.1018985883869107,0.4157043879907621,4.572748267898383,0.1032395944572748,1.4549653579676676,7.066974595842956,8.521939953810623,0.1565415914549653,45.10392609699769,DM/CM,100,69,100,91,100,28,42,92,92,88,92,91,53,78,75,72,61,95,44,83,64,95,42,50,52,52,84,50,64,84,47,16,31,39,94,88,62,100,100,100,100,98,88,100,97,59,97,78,100,16,42,78,75,72,75,75,16,34,44,41,38,91,28,62,47,84,42,50,52,52,84,50,64,84,47,16,31,39,78,69,44,100,100,78,97,94,78,100,Czech League
Sigma Olomouc,dchxm00ei80l8ljbcfpdill8k,41dpaf86yifqltfknko0ow9yi,M. Soldo,Marko Soldo,22,Midfielder,Croatia,Midfielder,21.0,0.0,14.0,1.0,35.0,3.0,0.0,1.0,0.0,0.0,5.0,5.0,7.0,0.0,2.0,127.0,0.0,0.0,3.0,1.0,0.0,0.0,0.0,0.0,0.0,0.0,0.0,87.5,33.33,0.0,60.0,0.0,43.75,75.0,100.0,0.0,0.0,0.0,0.0,0.0,0.0,0.0,0.0,0.0,0.0,14.881889763779526,0.0,9.921259842519683,0.7086614173228346,24.80314960629921,2.125984251968504,0.0,0.7086614173228346,0.0,0.0,3.543307086614173,3.543307086614173,4.960629921259843,0.0,1.4173228346456692,0.0,0.0,2.125984251968504,0.7086614173228346,0.0,0.0,0.0,0.0,0.0,0.0,0.0,87.5,33.33,0.0,60.0,0.0,43.75,75.0,100.0,0.0,0.0,0.0,0.0,0.0,0.0,0.0,0.0,0.0,0.0,CM/AM,48,15,5,22,26,78,37,22,4,8,57,53,32,10,67,2,3,71,31,11,13,17,26,50,50,49,96,34,15,72,13,42,98,89,5,10,16,5,5,12,4,2,2,2,86,15,20,30,56,96,37,28,4,8,90,84,66,10,92,2,3,90,54,11,13,17,26,50,50,49,96,34,15,72,13,42,98,89,5,10,16,5,5,12,4,2,2,2,Czech League
Sigma Olomouc,dchxm00ei80l8ljbcfpdill8k,4oubhd9ynqsn29p2mqwhw02ui,L. Lurvink,Louis Lurvink,24,Defender,Switzerland,Defender,172.0,0.0,94.0,8.0,266.0,4.0,0.0,1.0,4.0,4.0,1.0,1.0,17.0,25.0,10.0,450.0,6.0,4.0,0.0,7.0,0.0,2.0,1.0,2.0,0.0,0.0,0.0,91.1,61.54,0.0,0.0,50.0,42.5,22.22,70.0,0.5752407315129677,0.1370136151504261,0.0,5.0,0.10089394,6.0,19.0,17.0,0.5298520499999998,156.0,34.4,0.0,18.8,1.6,53.2,0.8,0.0,0.2,0.8,0.8,0.2,0.2,3.4,5.0,2.0,1.2,0.8,0.0,1.4,0.0,0.4,0.2,0.4,0.0,0.0,0.0,91.1,61.54,0.0,0.0,50.0,42.5,22.22,70.0,0.1150481463025935,0.0274027230300852,0.0,1.0,0.020178788,1.2,3.8,3.4,0.1059704099999999,31.2,CB,94,37,98,57,95,38,43,46,91,96,49,49,67,82,99,81,68,27,87,35,95,86,100,48,51,51,80,74,37,27,80,20,18,63,96,65,37,89,86,99,94,85,90,92,78,37,86,32,83,16,43,35,73,87,35,35,24,60,91,61,36,27,76,35,86,79,98,48,51,51,80,74,37,27,80,20,18,63,84,57,37,76,73,96,84,71,78,84,Czech League
Sigma Olomouc,dchxm00ei80l8ljbcfpdill8k,4rkl9bef513htcb8toe8lvkyx,J. Král,Jan Král,27,Defender,Czechia,Defender,76.0,0.0,16.0,2.0,92.0,5.0,0.0,1.0,0.0,0.0,0.0,0.0,9.0,11.0,1.0,180.0,1.0,3.0,0.0,1.0,0.0,0.0,0.0,0.0,0.0,0.0,0.0,92.93,28.57,0.0,0.0,0.0,90.0,83.33,100.0,0.0,0.0,0.0,0.0,0.0,0.0,0.0,0.0,0.0,0.0,38.0,0.0,8.0,1.0,46.0,2.5,0.0,0.5,0.0,0.0,0.0,0.0,4.5,5.5,0.5,0.5,1.5,0.0,0.5,0.0,0.0,0.0,0.0,0.0,0.0,0.0,92.93,28.57,0.0,0.0,0.0,90.0,83.33,100.0,0.0,0.0,0.0,0.0,0.0,0.0,0.0,0.0,0.0,0.0,CB,55,37,14,13,39,45,43,46,15,18,16,16,23,40,17,23,47,27,28,35,28,39,42,48,51,51,90,10,37,27,28,100,94,91,15,21,37,24,24,30,11,11,11,11,84,37,27,16,71,71,43,63,15,18,16,16,49,67,22,30,79,27,37,35,28,39,42,48,51,51,90,10,37,27,28,100,94,91,15,21,37,24,24,30,11,11,11,11,Czech League
Sigma Olomouc,dchxm00ei80l8ljbcfpdill8k,6po5zochya9bx4ofzhuvbcglw,D. Tkáč,David Tkác,24,Midfielder,Czechia,Midfielder,37.0,0.0,45.0,2.0,82.0,1.0,0.0,0.0,6.0,5.0,4.0,4.0,30.0,0.0,2.0,282.0,14.0,13.0,3.0,9.0,1.0,3.0,0.0,1.0,0.0,0.0,0.0,82.83,28.57,0.0,75.0,50.0,56.6,14.29,69.23,0.731670576592837,0.0,0.0,12.0,0.31577474,7.0,10.0,8.0,0.17413232,34.0,11.808510638297872,0.0,14.361702127659576,0.6382978723404256,26.170212765957448,0.3191489361702128,0.0,0.0,1.9148936170212767,1.5957446808510638,1.2765957446808511,1.2765957446808511,9.574468085106384,0.0,0.6382978723404256,4.468085106382979,4.148936170212766,0.9574468085106383,2.872340425531915,0.3191489361702128,0.9574468085106383,0.0,0.3191489361702128,0.0,0.0,0.0,82.83,28.57,0.0,75.0,50.0,56.6,14.29,69.23,0.2335118861466501,0.0,0.0,3.8297872340425534,0.1007791723404255,2.2340425531914896,3.191489361702128,2.5531914893617023,0.055574144680851,10.851063829787234,CM/AM,77,15,61,42,68,41,37,8,69,87,48,42,96,10,67,86,98,71,99,30,84,17,70,50,50,49,56,26,15,82,76,78,38,65,84,10,16,94,94,97,80,62,38,61,74,15,44,28,64,32,37,8,60,76,44,40,100,10,66,94,98,66,96,26,78,17,68,50,50,49,56,26,15,82,76,78,38,65,74,10,16,86,84,96,74,54,32,52,Czech League
Sigma Olomouc,dchxm00ei80l8ljbcfpdill8k,71wijkzueuulwshsw7z5cmb8q,M. Malý,Matús Maly,25,Defender,Slovakia,Defender,156.0,0.0,51.0,14.0,207.0,9.0,0.0,0.0,0.0,0.0,0.0,0.0,11.0,10.0,4.0,247.0,1.0,2.0,0.0,1.0,0.0,0.0,0.0,0.0,0.0,0.0,0.0,93.24,60.87,0.0,0.0,0.0,36.67,50.0,100.0,0.0,0.0,0.0,0.0,0.0,0.0,0.0,0.0,0.0,0.0,56.8421052631579,0.0,18.582995951417004,5.101214574898785,75.4251012145749,3.279352226720648,0.0,0.0,0.0,0.0,0.0,0.0,4.008097165991903,3.643724696356276,1.45748987854251,0.3643724696356275,0.728744939271255,0.0,0.3643724696356275,0.0,0.0,0.0,0.0,0.0,0.0,0.0,93.24,60.87,0.0,0.0,0.0,36.67,50.0,100.0,0.0,0.0,0.0,0.0,0.0,0.0,0.0,0.0,0.0,0.0,CB,85,37,72,84,84,77,43,18,15,18,16,16,38,34,63,23,31,27,28,35,28,39,42,48,51,51,92,71,37,27,28,14,37,91,15,21,37,24,24,30,11,11,11,11,100,37,84,94,94,84,43,18,15,18,16,16,37,33,78,20,31,27,29,35,28,39,42,48,51,51,92,71,37,27,28,14,37,91,15,21,37,24,24,30,11,11,11,11,Czech League
Sigma Olomouc,dchxm00ei80l8ljbcfpdill8k,af8gj4w5eg8rdl4iq7fi8aa96,A. Sylla,Abdoulaye Sylla,26,Defender,Guinea,Defender,161.0,3.0,115.0,11.0,273.0,4.0,1.0,5.0,4.0,1.0,1.0,1.0,19.0,27.0,6.0,450.0,4.0,3.0,0.0,10.0,3.0,2.0,1.0,0.0,1.0,0.0,0.0,85.05,32.35,30.0,0.0,50.0,73.08,66.67,83.33,0.2106077618754657,0.5140573866005322,2.0,6.0,0.13267966,5.0,25.0,24.0,0.9876114,172.0,32.2,0.6,23.0,2.2,54.6,0.8,0.2,1.0,0.8,0.2,0.2,0.2,3.8,5.4,1.2,0.8,0.6,0.0,2.0,0.6,0.4,0.2,0.0,0.2,0.0,0.0,85.05,32.35,30.0,0.0,50.0,73.08,66.67,83.33,0.0421215523750931,0.1028114773201064,0.4,1.2,0.026535932,1.0,5.0,4.8,0.19752228,34.4,DM/CM,97,94,84,84,97,78,92,81,64,58,28,28,88,100,92,72,48,23,100,67,86,50,42,100,52,52,62,22,84,23,83,94,86,84,53,91,62,78,81,81,92,84,97,97,94,81,69,62,84,47,84,64,38,47,19,19,28,100,75,38,25,23,78,53,69,36,42,100,52,52,62,22,84,23,83,94,86,84,28,72,41,53,47,69,78,75,81,94,Czech League
Sigma Olomouc,dchxm00ei80l8ljbcfpdill8k,al7bdbzd91zkuh6ilsvw3fsru,V. Sejk,Václav Sejk,24,Attacker,Czechia,Striker,33.0,0.0,54.0,4.0,87.0,4.0,1.0,7.0,7.0,4.0,5.0,5.0,9.0,5.0,0.0,443.0,14.0,3.0,2.0,0.0,3.0,2.0,1.0,1.0,0.0,0.0,1.0,82.86,100.0,0.0,40.0,28.57,21.43,20.0,0.0,0.6358812883592336,0.5377786752134729,4.0,12.0,0.32431321,7.0,5.0,8.0,0.5198934000000001,27.0,6.704288939051918,0.0,10.970654627539504,0.8126410835214446,17.67494356659142,0.8126410835214446,0.2031602708803611,1.4221218961625282,1.4221218961625282,0.8126410835214446,1.015801354401806,1.015801354401806,1.8284424379232505,1.015801354401806,0.0,2.8442437923250563,0.6094808126410834,0.4063205417607223,0.0,0.6094808126410834,0.4063205417607223,0.2031602708803611,0.2031602708803611,0.0,0.0,0.2031602708803611,82.86,100.0,0.0,40.0,28.57,21.43,20.0,0.0,0.1291858147908149,0.1092552613300509,0.8126410835214446,2.437923250564334,0.0658875595936794,1.4221218961625282,1.015801354401806,1.6252821670428892,0.1056216839729119,5.485327313769751,ST,96,34,96,96,96,62,91,100,68,54,63,61,42,89,32,70,54,68,21,91,61,50,66,51,51,100,84,96,34,62,37,7,33,21,62,96,91,96,96,96,88,93,93,93,73,34,78,76,80,38,84,76,20,22,31,27,4,69,32,22,20,42,21,64,29,40,51,51,51,100,84,96,34,62,37,7,33,21,22,71,76,87,78,89,67,76,76,73,Czech League
Sigma Olomouc,dchxm00ei80l8ljbcfpdill8k,brj06i09sbgce9dmhurjyktwq,P. Baráth,Péter Baráth,24,Midfielder,Hungary,Midfielder,136.0,1.0,116.0,14.0,251.0,7.0,0.0,5.0,9.0,4.0,4.0,5.0,17.0,5.0,7.0,450.0,9.0,1.0,1.0,5.0,5.0,4.0,1.0,2.0,0.0,0.0,0.0,84.8,60.87,20.0,25.0,44.44,38.64,63.64,62.5,1.1455819118838295,0.4357289359403612,4.0,5.0,0.132466,4.0,13.0,19.0,0.56075224,119.0,27.2,0.2,23.2,2.8,50.2,1.4,0.0,1.0,1.8,0.8,0.8,1.0,3.4,1.0,1.4,1.8,0.2,0.2,1.0,1.0,0.8,0.2,0.4,0.0,0.0,0.0,84.8,60.87,20.0,25.0,44.44,38.64,63.64,62.5,0.2291163823767659,0.0871457871880722,0.8,1.0,0.0264932,0.8,2.6,3.8,0.112150448,23.8,DM/CM,91,69,88,97,91,97,42,81,98,98,83,91,80,62,97,95,19,59,72,92,100,50,95,50,52,52,59,81,70,48,78,6,78,47,100,81,94,69,78,72,67,77,75,91,84,56,72,91,78,78,42,64,84,84,62,72,25,28,81,81,16,47,39,72,94,36,88,50,52,52,59,81,70,48,78,6,78,47,94,66,72,47,44,66,53,53,53,75,Czech League
Sigma Olomouc,dchxm00ei80l8ljbcfpdill8k,c1p51x3fg0dgss14z9vozfqc4,A. Ekeroth,Anton Ekeroth,24,Defender,Sweden,Defender,23.0,5.0,36.0,1.0,54.0,0.0,1.0,3.0,1.0,1.0,7.0,7.0,6.0,2.0,0.0,235.0,5.0,3.0,0.0,2.0,0.0,0.0,0.0,0.0,0.0,0.0,0.0,87.1,33.33,45.45,0.0,0.0,21.43,0.0,66.67,0.1430189008769144,0.3264329544160724,0.0,3.0,0.08590642,1.0,2.0,3.0,0.1922138799999999,18.0,8.808510638297872,1.9148936170212765,13.787234042553193,0.3829787234042553,20.680851063829788,0.0,0.3829787234042553,1.1489361702127658,0.3829787234042553,0.3829787234042553,2.680851063829788,2.680851063829788,2.297872340425532,0.7659574468085106,0.0,1.9148936170212765,1.1489361702127658,0.0,0.7659574468085106,0.0,0.0,0.0,0.0,0.0,0.0,0.0,87.1,33.33,45.45,0.0,0.0,21.43,0.0,66.67,0.0547731960805204,0.1250168761593468,0.0,1.1489361702127658,0.0329003310638297,0.3829787234042553,0.7659574468085106,1.1489361702127658,0.0736138263829786,6.893617021276596,LB/LCB,38,90,48,12,29,7,90,69,31,60,88,88,19,17,10,79,74,14,45,24,33,38,48,50,52,52,71,31,86,14,33,5,17,50,52,81,29,57,67,52,21,29,33,24,24,100,57,14,33,7,100,76,43,67,95,95,10,19,10,81,71,14,48,24,33,38,48,50,52,52,71,31,86,14,33,5,17,50,48,71,29,62,76,62,19,29,43,19,Czech League
Sigma Olomouc,dchxm00ei80l8ljbcfpdill8k,db4zz1wfrrkxgkl5mwce73q50,F. Krivak,Fabijan Krivak,21,Midfielder,Croatia,Midfielder,5.0,3.0,36.0,4.0,38.0,0.0,1.0,5.0,1.0,1.0,2.0,2.0,3.0,0.0,2.0,133.0,2.0,1.0,1.0,1.0,0.0,1.0,0.0,1.0,0.0,0.0,0.0,84.44,66.67,75.0,50.0,100.0,33.33,0.0,100.0,0.1079985794402414,0.5393486532153198,0.0,6.0,0.13617429,1.0,5.0,6.0,0.19059399,18.0,3.3834586466165413,2.0300751879699246,24.360902255639097,2.706766917293233,25.71428571428571,0.0,0.6766917293233082,3.3834586466165413,0.6766917293233082,0.6766917293233082,1.3533834586466165,1.3533834586466165,2.0300751879699246,0.0,1.3533834586466165,1.3533834586466165,0.6766917293233082,0.6766917293233082,0.6766917293233082,0.0,0.6766917293233082,0.0,0.6766917293233082,0.0,0.0,0.0,84.44,66.67,75.0,50.0,100.0,33.33,0.0,100.0,0.0730817454858776,0.364972772852472,0.0,4.060150375939849,0.0921480157894736,0.6766917293233082,3.3834586466165413,4.060150375939849,0.1289733766917293,12.180451127819548,CM/AM,10,73,45,71,30,13,82,63,14,27,27,24,4,10,67,10,15,33,31,11,42,17,70,50,50,49,76,85,96,59,97,20,17,89,18,70,16,66,60,37,51,40,46,34,10,94,90,90,60,13,94,92,20,48,46,42,16,10,90,28,20,50,50,11,64,17,86,50,50,49,76,85,96,59,97,20,17,89,24,96,16,90,76,48,78,82,62,64,Czech League
Slavia Praha,8kpapuorr6hf0vosnovbreqqd,1zu783m2glrryfivtnjninklw,S. Isife,Samuel Isife,22,Defender,Nigeria,Defender,18.0,0.0,23.0,3.0,41.0,1.0,0.0,1.0,2.0,1.0,4.0,4.0,10.0,7.0,0.0,154.0,2.0,3.0,2.0,3.0,1.0,1.0,0.0,0.0,0.0,0.0,0.0,74.55,30.0,0.0,50.0,50.0,50.0,33.33,75.0,0.1039403399477555,0.1605708626974692,0.0,0.0,0.0,1.0,4.0,8.0,0.17262369,24.0,10.51948051948052,0.0,13.441558441558442,1.7532467532467533,23.96103896103896,0.5844155844155845,0.0,0.5844155844155845,1.168831168831169,0.5844155844155845,2.337662337662338,2.337662337662338,5.8441558441558445,4.090909090909091,0.0,1.168831168831169,1.7532467532467533,1.168831168831169,1.7532467532467533,0.5844155844155845,0.5844155844155845,0.0,0.0,0.0,0.0,0.0,74.55,30.0,0.0,50.0,50.0,50.0,33.33,75.0,0.060744354514922,0.093840114563456,0.0,0.0,0.0,0.5844155844155845,2.337662337662338,4.675324675324676,0.1008839746753246,14.025974025974026,RB/RCB,21,36,21,21,29,29,50,50,54,50,79,75,43,43,11,50,71,79,29,68,79,39,46,50,54,54,29,21,36,79,89,46,32,57,36,64,36,21,21,64,36,36,29,29,29,36,64,21,50,36,50,64,79,64,100,100,64,71,11,64,64,100,50,86,86,39,46,50,54,54,29,21,36,79,89,46,32,57,71,79,36,21,21,79,43,64,57,57,Czech League
Slavia Praha,8kpapuorr6hf0vosnovbreqqd,5d5lq645qloercy4ihpy2xlp0,E. Piták,Eliás Piták,20,Defender,Czechia,Defender,26.0,0.0,25.0,6.0,51.0,1.0,0.0,0.0,5.0,2.0,4.0,4.0,9.0,0.0,3.0,196.0,5.0,1.0,2.0,5.0,3.0,2.0,1.0,0.0,0.0,0.0,0.0,65.38,54.55,0.0,50.0,40.0,47.37,20.0,100.0,0.4034434219905778,0.0,2.0,0.0,0.0,0.0,8.0,12.0,0.18964135,26.0,11.938775510204083,0.0,11.479591836734697,2.7551020408163267,23.418367346938776,0.4591836734693878,0.0,0.0,2.295918367346939,0.9183673469387756,1.8367346938775515,1.8367346938775515,4.13265306122449,0.0,1.3775510204081634,2.295918367346939,0.4591836734693878,0.9183673469387756,2.295918367346939,1.3775510204081634,0.9183673469387756,0.4591836734693878,0.0,0.0,0.0,0.0,65.38,54.55,0.0,50.0,40.0,47.37,20.0,100.0,0.1852546325466939,0.0,0.9183673469387756,0.0,0.0,0.0,3.673469387755103,5.510204081632653,0.0870802117346938,11.938775510204083,RB/RCB,36,36,29,54,36,29,50,18,93,71,79,75,36,11,57,79,18,79,64,96,96,86,46,50,54,54,7,93,36,79,79,36,21,89,93,21,89,21,21,32,43,61,43,36,36,36,43,71,43,21,50,18,100,93,86,86,29,11,79,93,29,93,79,100,93,100,46,50,54,54,7,93,36,79,79,36,21,89,100,21,100,21,21,32,71,86,43,43,Czech League
Slavia Praha,8kpapuorr6hf0vosnovbreqqd,5lwvt18g3d2qpuce2nqul4cet,L. Provod,Lukás Provod,29,Midfielder,Czechia,Midfielder,14.0,2.0,121.0,6.0,133.0,8.0,0.0,12.0,12.0,5.0,10.0,10.0,26.0,3.0,0.0,312.0,20.0,6.0,8.0,2.0,7.0,2.0,5.0,0.0,0.0,0.0,0.0,83.65,60.0,13.33,80.0,16.67,72.22,0.0,50.0,0.88469286750252,1.0871097429696113,8.0,13.0,0.3890767699999999,7.0,14.0,23.0,1.6244934400000004,64.0,4.038461538461538,0.5769230769230769,34.90384615384615,1.7307692307692306,38.36538461538461,2.3076923076923075,0.0,3.461538461538461,3.461538461538461,1.4423076923076923,2.8846153846153846,2.8846153846153846,7.5,0.8653846153846153,0.0,5.769230769230769,1.7307692307692306,2.3076923076923075,0.5769230769230769,2.019230769230769,0.5769230769230769,1.4423076923076923,0.0,0.0,0.0,0.0,83.65,60.0,13.33,80.0,16.67,72.22,0.0,50.0,0.2551998656257269,0.3135893489335417,2.3076923076923075,3.75,0.1122336836538461,2.019230769230769,4.038461538461538,6.634615384615384,0.468603876923077,18.46153846153846,CM/AM,30,55,98,85,88,98,37,95,98,87,86,86,92,69,18,97,69,97,54,97,68,98,26,50,50,49,62,75,32,86,31,98,17,40,92,94,100,96,96,97,91,95,100,88,14,48,98,80,94,98,37,94,96,70,76,72,94,60,18,98,66,94,46,98,58,98,26,50,50,49,62,75,32,86,31,98,17,40,82,92,100,84,90,92,92,96,100,90,Czech League
Slavia Praha,8kpapuorr6hf0vosnovbreqqd,5qmcavsj5qtswsjc2djmxn5sk,M. Konečný,Mikulás Konecny,20,Defender,Czechia,Defender,43.0,0.0,36.0,9.0,79.0,7.0,0.0,0.0,0.0,0.0,3.0,3.0,18.0,6.0,2.0,180.0,1.0,3.0,2.0,3.0,0.0,0.0,0.0,0.0,0.0,0.0,0.0,85.87,56.25,0.0,66.67,0.0,66.67,77.78,50.0,0.0,0.0,0.0,0.0,0.0,0.0,0.0,0.0,0.0,0.0,21.5,0.0,18.0,4.5,39.5,3.5,0.0,0.0,0.0,0.0,1.5,1.5,9.0,3.0,1.0,0.5,1.5,1.0,1.5,0.0,0.0,0.0,0.0,0.0,0.0,0.0,85.87,56.25,0.0,66.67,0.0,66.67,77.78,50.0,0.0,0.0,0.0,0.0,0.0,0.0,0.0,0.0,0.0,0.0,CB,25,37,49,65,27,66,43,18,15,18,80,78,74,21,32,23,47,83,60,35,28,39,42,48,51,51,51,67,37,69,28,84,86,33,15,21,37,24,24,30,11,11,11,11,41,37,78,88,61,92,43,18,15,18,92,92,100,28,48,30,79,91,78,35,28,39,42,48,51,51,51,67,37,69,28,84,86,33,15,21,37,24,24,30,11,11,11,11,Czech League
Slavia Praha,8kpapuorr6hf0vosnovbreqqd,6hv9tqpqwe60p2z34uzr91l3o,W. Nowak,Wiktor Nowak,21,Midfielder,Poland,Midfielder,30.0,2.0,48.0,3.0,76.0,6.0,1.0,8.0,11.0,8.0,11.0,11.0,20.0,8.0,1.0,333.0,15.0,6.0,5.0,3.0,3.0,3.0,1.0,3.0,0.0,0.0,0.0,78.35,37.5,100.0,45.45,27.27,52.63,60.0,100.0,1.4642652432024204,0.6067917943768556,3.0,2.0,0.0580847399999999,1.0,8.0,8.0,0.18444923,38.0,8.108108108108107,0.5405405405405405,12.972972972972972,0.8108108108108107,20.54054054054054,1.6216216216216215,0.2702702702702702,2.162162162162162,2.972972972972973,2.162162162162162,2.972972972972973,2.972972972972973,5.405405405405405,2.162162162162162,0.2702702702702702,4.0540540540540535,1.6216216216216215,1.351351351351351,0.8108108108108107,0.8108108108108107,0.8108108108108107,0.2702702702702702,0.8108108108108107,0.0,0.0,0.0,78.35,37.5,100.0,45.45,27.27,52.63,60.0,100.0,0.3957473630276811,0.163997782264015,0.8108108108108107,0.5405405405405405,0.0156985783783783,0.2702702702702702,2.162162162162162,2.162162162162162,0.0498511432432432,10.27027027027027,CM/AM,64,55,64,60,64,96,82,85,94,98,90,89,83,95,47,88,69,88,71,70,84,49,100,50,50,49,34,44,99,51,48,68,84,89,100,76,76,23,28,37,68,62,44,74,42,42,30,44,34,86,80,74,86,94,80,76,74,92,40,86,60,78,58,56,74,38,96,50,50,49,34,44,99,51,48,68,84,89,94,72,64,14,16,30,60,42,28,50,Czech League
Slavia Praha,8kpapuorr6hf0vosnovbreqqd,71bvjduiimaomxmjznjxwdfys,A. N'Guessan,Ange N'Guessan,22,Defender,France,Defender,80.0,0.0,42.0,8.0,122.0,9.0,1.0,2.0,2.0,1.0,1.0,1.0,16.0,7.0,7.0,239.0,3.0,4.0,0.0,1.0,1.0,0.0,0.0,0.0,0.0,0.0,0.0,90.37,61.54,0.0,0.0,0.0,61.54,69.23,33.33,0.2002977334809978,0.2624715112299887,1.0,1.0,0.0241224,1.0,10.0,11.0,0.2479314399999999,88.0,30.125523012552303,0.0,15.815899581589958,3.0125523012552304,45.94142259414226,3.389121338912134,0.3765690376569038,0.7531380753138076,0.7531380753138076,0.3765690376569038,0.3765690376569038,0.3765690376569038,6.025104602510461,2.6359832635983267,2.6359832635983267,1.1297071129707112,1.5062761506276152,0.0,0.3765690376569038,0.3765690376569038,0.0,0.0,0.0,0.0,0.0,0.0,90.37,61.54,0.0,0.0,0.0,61.54,69.23,33.33,0.0754259247417983,0.09883864439623,0.3765690376569038,0.3765690376569038,0.0090837489539748,0.3765690376569038,3.765690376569038,4.142259414225942,0.0933633037656903,33.13807531380753,CB,61,37,55,57,59,77,92,70,60,49,49,49,57,25,93,54,68,27,28,80,28,39,42,48,51,51,73,74,37,27,28,63,77,20,61,86,83,53,54,70,67,70,59,73,69,37,69,67,69,88,94,78,69,52,57,57,80,24,96,57,83,27,31,82,28,39,42,48,51,51,73,74,37,27,28,63,77,20,71,90,88,57,61,71,82,78,69,86,Czech League
Slavia Praha,8kpapuorr6hf0vosnovbreqqd,7l7sbjk9egj7qmtr9iuozxq8k,A. Ouanda,Adonija Ouanda,21,Attacker,Côte d'Ivoire,Striker,5.0,0.0,14.0,0.0,19.0,0.0,1.0,3.0,2.0,2.0,1.0,1.0,5.0,1.0,0.0,119.0,9.0,3.0,0.0,1.0,0.0,1.0,1.0,1.0,0.0,0.0,0.0,76.0,0.0,0.0,0.0,50.0,33.33,0.0,50.0,0.2930487457965475,0.4533270720886881,0.0,3.0,0.15007319,1.0,0.0,3.0,0.48662582,7.0,3.7815126050420167,0.0,10.588235294117649,0.0,14.369747899159664,0.0,0.7563025210084033,2.26890756302521,1.512605042016807,1.512605042016807,0.7563025210084033,0.7563025210084033,3.7815126050420167,0.7563025210084033,0.0,6.80672268907563,2.26890756302521,0.0,0.7563025210084033,0.0,0.7563025210084033,0.7563025210084033,0.7563025210084033,0.0,0.0,0.0,76.0,0.0,0.0,0.0,50.0,33.33,0.0,50.0,0.2216335052242796,0.342852407462033,0.0,2.26890756302521,0.1135007319327731,0.7563025210084033,0.0,2.26890756302521,0.3680363344537815,5.294117647058823,ST,23,34,34,24,33,10,91,68,16,29,16,11,21,32,32,44,54,14,56,22,34,50,66,51,51,50,69,24,34,14,74,36,12,60,24,91,21,73,82,58,12,70,89,32,44,34,73,24,62,10,98,98,29,44,22,20,36,46,32,86,78,14,71,22,49,71,84,51,51,50,69,24,34,14,74,36,12,60,51,98,21,84,98,71,12,87,100,64,Czech League
Slavia Praha,8kpapuorr6hf0vosnovbreqqd,7oz324ar8tp6nkd934y096q22,D. Zima,David Zima,25,Defender,Czechia,Defender,95.0,1.0,45.0,4.0,139.0,15.0,0.0,1.0,4.0,2.0,4.0,4.0,26.0,23.0,5.0,360.0,6.0,7.0,3.0,1.0,2.0,1.0,3.0,1.0,0.0,0.0,0.0,85.8,40.0,50.0,75.0,25.0,57.78,57.69,50.0,0.3745027615851285,0.1024352214342669,2.0,5.0,0.10281677,2.0,12.0,7.0,0.25354638,92.0,23.75,0.25,11.25,1.0,34.75,3.75,0.0,0.25,1.0,0.5,1.0,1.0,6.5,5.75,1.25,1.5,1.75,0.75,0.25,0.5,0.25,0.75,0.25,0.0,0.0,0.0,85.8,40.0,50.0,75.0,25.0,57.78,57.69,50.0,0.0936256903962821,0.0256088053585667,0.5,1.25,0.0257041925,0.5,3.0,1.75,0.063386595,23.0,CB,67,82,58,28,69,94,43,46,91,73,90,89,90,77,75,81,94,90,28,95,73,99,91,48,51,51,49,38,92,73,63,53,59,33,78,59,96,89,88,84,71,43,61,76,53,80,47,16,49,96,43,37,86,66,82,79,88,71,67,76,88,86,18,92,66,100,87,48,51,51,49,38,92,73,63,53,59,33,76,55,94,86,80,82,66,31,51,63,Czech League
Slavia Praha,8kpapuorr6hf0vosnovbreqqd,897kbab7cx7bnhxhaghpy3f11,T. Holeš,Tomás Holes,33,Defender,Czechia,Defender,103.0,0.0,66.0,22.0,169.0,9.0,0.0,1.0,2.0,1.0,2.0,2.0,20.0,21.0,2.0,355.0,13.0,2.0,2.0,6.0,1.0,1.0,0.0,1.0,0.0,0.0,0.0,79.72,44.9,0.0,100.0,50.0,50.0,52.94,85.71,0.1946455672979658,0.1173517798910554,1.0,2.0,0.0742627,0.0,16.0,24.0,0.47234485,89.0,26.112676056338028,0.0,16.732394366197184,5.577464788732394,42.84507042253521,2.2816901408450705,0.0,0.2535211267605634,0.5070422535211268,0.2535211267605634,0.5070422535211268,0.5070422535211268,5.070422535211267,5.323943661971831,0.5070422535211268,3.295774647887324,0.5070422535211268,0.5070422535211268,1.5211267605633805,0.2535211267605634,0.2535211267605634,0.0,0.2535211267605634,0.0,0.0,0.0,79.72,44.9,0.0,100.0,50.0,50.0,52.94,85.71,0.0493467635403293,0.0297511554653379,0.2535211267605634,0.5070422535211268,0.0188271633802816,0.0,4.056338028169014,6.084507042253521,0.1197493985915492,22.56338028169014,RB/RCB,93,36,93,100,93,82,50,50,54,50,46,46,71,100,39,100,43,79,75,68,79,39,93,50,54,54,64,57,36,100,89,46,50,71,57,57,75,61,71,32,79,93,71,86,93,36,71,100,86,86,50,50,43,50,36,36,50,93,29,100,36,79,43,71,79,39,93,50,54,54,64,57,36,100,89,46,50,71,50,57,79,57,64,32,86,100,71,93,Czech League
Slavia Praha,8kpapuorr6hf0vosnovbreqqd,9qoc020keotb4s72a09zm5pzp,M. Sadílek,Michal Sadílek,27,Midfielder,Czechia,Midfielder,79.0,8.0,105.0,10.0,176.0,10.0,2.0,12.0,11.0,8.0,1.0,1.0,31.0,3.0,3.0,450.0,20.0,7.0,1.0,9.0,3.0,2.0,3.0,1.0,0.0,0.0,0.0,77.88,47.62,24.24,100.0,18.18,65.96,62.5,69.23,0.9288181698532972,1.364099568908651,2.0,5.0,0.13389912,4.0,17.0,19.0,0.7109022500000002,81.0,15.8,1.6,21.0,2.0,35.2,2.0,0.4,2.4,2.2,1.6,0.2,0.2,6.2,0.6,0.6,4.0,1.4,0.2,1.8,0.6,0.4,0.6,0.2,0.0,0.0,0.0,77.88,47.62,24.24,100.0,18.18,65.96,62.5,69.23,0.1857636339706594,0.2728199137817302,0.4,1.0,0.026779824,0.8,3.4,3.8,0.14218045,16.2,CM/AM,96,96,96,92,96,100,95,95,94,98,14,12,98,69,83,97,76,33,99,70,68,86,70,50,50,49,32,54,54,95,34,94,89,65,96,98,55,55,58,76,96,90,84,94,90,88,82,84,88,92,86,84,68,78,8,6,84,44,60,83,52,18,90,46,44,70,52,50,50,49,32,54,54,95,34,94,89,65,58,84,36,28,28,58,80,72,70,84,Czech League
Slavia Praha,8kpapuorr6hf0vosnovbreqqd,bjpmvbkbhw7ynfyvtqehg68t0,E. Ayaosi,Emmanuel Ayaosi,21,Midfielder,Nigeria,Midfielder,5.0,0.0,32.0,2.0,37.0,2.0,0.0,0.0,5.0,5.0,6.0,6.0,12.0,2.0,1.0,155.0,18.0,3.0,5.0,2.0,0.0,2.0,2.0,1.0,0.0,0.0,0.0,82.22,66.67,0.0,83.33,40.0,50.0,40.0,100.0,0.9972087620063176,0.0,2.0,1.0,0.06442595,0.0,2.0,3.0,0.0991371,15.0,2.9032258064516125,0.0,18.58064516129032,1.161290322580645,21.483870967741936,1.161290322580645,0.0,0.0,2.9032258064516125,2.9032258064516125,3.4838709677419355,3.4838709677419355,6.967741935483871,1.161290322580645,0.5806451612903225,10.451612903225806,1.7419354838709675,2.9032258064516125,1.161290322580645,0.0,1.161290322580645,1.161290322580645,0.5806451612903225,0.0,0.0,0.0,82.22,66.67,0.0,83.33,40.0,50.0,40.0,100.0,0.5790244424552812,0.0,1.161290322580645,0.5806451612903225,0.0374086161290322,0.0,1.161290322580645,1.7419354838709675,0.0575634774193548,8.709677419354838,CM/AM,10,15,36,42,28,65,37,8,54,87,68,65,58,50,47,92,44,88,54,11,68,73,70,50,50,49,52,85,15,88,65,61,69,89,98,10,55,12,31,12,21,19,26,28,8,15,70,64,40,84,37,8,82,100,88,82,92,70,58,100,68,98,70,11,88,90,82,50,50,49,52,85,15,88,65,61,69,89,98,10,76,16,42,12,28,28,34,42,Czech League
Slavia Praha,8kpapuorr6hf0vosnovbreqqd,cr8xd43b3omkv85qgiwpiducp,D. Šturm,Danijel Sturm,27,Attacker,Slovenia,Striker,14.0,1.0,53.0,3.0,66.0,0.0,1.0,6.0,6.0,5.0,9.0,10.0,10.0,1.0,1.0,311.0,23.0,1.0,5.0,3.0,1.0,3.0,3.0,0.0,0.0,0.0,0.0,75.86,42.86,5.56,55.56,50.0,38.46,0.0,75.0,0.601929058312764,0.4708578449358335,2.0,2.0,0.09297797,2.0,6.0,12.0,0.4869693300000001,28.0,4.05144694533762,0.2893890675241157,15.337620578778134,0.8681672025723473,19.09967845659164,0.0,0.2893890675241157,1.7363344051446945,1.7363344051446945,1.4469453376205788,2.604501607717041,2.893890675241157,2.893890675241157,0.2893890675241157,0.2893890675241157,6.655948553054662,0.2893890675241157,1.4469453376205788,0.8681672025723473,0.2893890675241157,0.8681672025723473,0.8681672025723473,0.0,0.0,0.0,0.0,75.86,42.86,5.56,55.56,50.0,38.46,0.0,75.0,0.1741916889007998,0.1362611126823955,0.5787781350482315,0.5787781350482315,0.0269068080385852,0.5787781350482315,1.7363344051446945,3.472668810289389,0.1409236003215434,8.10289389067524,ST,80,76,93,91,91,10,91,96,62,66,92,94,52,32,76,96,17,94,89,58,74,91,26,51,51,50,67,60,69,80,74,44,12,78,58,93,74,58,71,79,96,96,91,98,51,69,91,78,84,10,93,91,36,40,71,76,22,18,71,80,13,84,78,51,58,78,26,51,51,50,67,60,69,80,74,44,12,78,31,80,58,36,60,62,89,93,87,91,Czech League
Slavia Praha,8kpapuorr6hf0vosnovbreqqd,cxnlzyy9fxaca1u53y4soqk89,M. Chytil,Mojmír Chytil,27,Attacker,Czechia,Striker,10.0,0.0,28.0,0.0,38.0,7.0,0.0,6.0,15.0,13.0,5.0,5.0,11.0,3.0,1.0,357.0,27.0,4.0,0.0,0.0,2.0,8.0,1.0,4.0,0.0,0.0,0.0,74.51,0.0,0.0,0.0,53.33,26.83,43.75,0.0,1.7615910933721677,0.4515953091646139,0.0,2.0,0.09002464,1.0,2.0,6.0,0.13003241,16.0,2.5210084033613445,0.0,7.0588235294117645,0.0,9.579831932773107,1.7647058823529411,0.0,1.512605042016807,3.7815126050420167,3.277310924369748,1.2605042016806722,1.2605042016806722,2.773109243697479,0.7563025210084033,0.2521008403361344,6.80672268907563,1.0084033613445378,0.0,0.0,0.5042016806722689,2.016806722689076,0.2521008403361344,1.0084033613445378,0.0,0.0,0.0,74.51,0.0,0.0,0.0,53.33,26.83,43.75,0.0,0.4440985949677734,0.1138475569322556,0.0,0.5042016806722689,0.0226952873949579,0.2521008403361344,0.5042016806722689,1.512605042016807,0.0327812798319327,4.033613445378151,ST,67,34,81,24,82,78,42,96,100,100,63,61,61,72,76,100,73,14,21,80,100,50,100,51,51,50,56,24,34,14,87,13,56,21,100,89,21,58,69,58,61,84,62,77,27,34,38,24,33,62,42,82,91,96,44,42,18,46,67,86,44,14,21,60,96,44,98,51,51,50,56,24,34,14,87,13,56,21,93,76,21,33,47,47,40,71,38,40,Czech League
Slavia Praha,8kpapuorr6hf0vosnovbreqqd,d2es8bsls5h79dhlqtpfrekgk,M. Suleiman,Mubarak Suleiman,19,Midfielder,Nigeria,Midfielder,36.0,7.0,60.0,5.0,89.0,6.0,1.0,10.0,11.0,8.0,8.0,8.0,22.0,11.0,2.0,359.0,16.0,7.0,2.0,4.0,3.0,2.0,6.0,1.0,0.0,0.0,0.0,70.63,27.78,53.85,25.0,18.18,50.0,54.55,57.14,1.0251560186598807,0.829451463550833,4.0,9.0,0.26031473,2.0,8.0,13.0,0.8321783,50.0,9.025069637883009,1.7548746518105849,15.041782729805014,1.2534818941504178,22.31197771587744,1.504178272980501,0.2506963788300835,2.5069637883008355,2.75766016713092,2.0055710306406684,2.0055710306406684,2.0055710306406684,5.515320334261839,2.75766016713092,0.5013927576601671,4.011142061281337,1.7548746518105849,0.5013927576601671,1.0027855153203342,0.7520891364902507,0.5013927576601671,1.504178272980501,0.2506963788300835,0.0,0.0,0.0,70.63,27.78,53.85,25.0,18.18,50.0,54.55,57.14,0.2570029016138976,0.2079404783275068,1.0027855153203342,2.256267409470752,0.0652599601671309,0.5013927576601671,2.0055710306406684,3.2590529247910864,0.2086240863509749,12.534818941504176,LM/LCM,67,100,83,100,83,100,75,100,83,100,75,67,67,83,75,83,83,67,75,67,50,100,75,58,58,58,33,83,100,50,33,67,100,67,83,100,75,83,83,67,100,100,100,83,67,100,50,100,50,100,67,100,67,83,67,50,83,83,50,67,67,50,83,67,50,100,67,58,58,58,33,83,100,50,33,67,100,67,83,100,67,67,67,50,83,67,100,83,Czech League
Slavia Praha,8kpapuorr6hf0vosnovbreqqd,driu8wojk2aig2t9yesy71vro,Š. Chaloupek,Stepán Chaloupek,23,Defender,Czechia,Defender,39.0,0.0,51.0,10.0,90.0,5.0,1.0,4.0,3.0,2.0,3.0,3.0,18.0,14.0,7.0,219.0,4.0,0.0,2.0,8.0,1.0,1.0,1.0,0.0,1.0,0.0,0.0,75.63,50.0,0.0,66.67,33.33,62.07,55.56,72.73,0.2892724617957524,0.1879598026191523,1.0,4.0,0.07648713,1.0,17.0,17.0,0.31826394,64.0,16.027397260273975,0.0,20.95890410958904,4.109589041095891,36.98630136986301,2.054794520547945,0.4109589041095891,1.6438356164383563,1.2328767123287672,0.8219178082191781,1.2328767123287672,1.2328767123287672,7.397260273972603,5.753424657534247,2.876712328767124,1.6438356164383563,0.0,0.8219178082191781,3.2876712328767126,0.4109589041095891,0.4109589041095891,0.4109589041095891,0.0,0.4109589041095891,0.0,0.0,75.63,50.0,0.0,66.67,33.33,62.07,55.56,72.73,0.1188790938886653,0.0772437545010215,0.4109589041095891,1.6438356164383563,0.0314330671232876,0.4109589041095891,6.986301369863014,6.986301369863014,0.1307934,26.3013698630137,CB,20,37,72,70,36,45,92,96,75,73,80,78,74,47,93,65,6,83,94,80,73,86,42,98,51,51,18,59,37,69,72,68,55,65,73,73,83,80,76,70,88,85,75,60,24,37,90,82,57,59,96,96,92,90,88,86,96,73,100,84,6,88,100,88,90,90,42,100,51,51,18,59,37,69,72,68,55,65,88,82,92,92,88,76,96,96,90,76,Czech League
