Team,contestantId,playerId,Short Name,Player Name,Age,Position_x,Nationality,Position_y,total accurate back zone pass_Total,total accurate cross_Total,total accurate fwd zone pass_Total,total accurate long balls_Total,total accurate pass_Total,total att assist_Total,total attempt_Total,total attempts ibox_Total,total attempts obox_Total,total blocked scoring att_Total,total duels won_Total,total mins played,total touches in opposition box_Total,total was fouled_Total,total won tackle_Total,total aerial won_Total,total effective clearance_Total,total interception_Total,total big chances saved_Total,total contest_Total,total dribbles attempted_Total,total goals_Total,total ontarget attempt_Total,total won contest_Total,total assists_Total,total direct setpiece goals_Total,total direct corner goals_Total,pass_success_pct_Total,long_balls_success_pct_Total,cross_success_pct_Total,dribble_success_pct_Total,attempt_success_pct_Total,duel_success_pct_Total,aerial_success_pct_Total,tackle_success_pct_Total,xG_Total,xA_Total,CreatedOwnShot_Total,Total Carries_Total,Total Carry xT_Total,Total Final Third Carries_Total,passes_into_final_third_Total,progressive_passes_Total,xT_pass_Total,forward_passes_Total,total accurate back zone pass_p90,total accurate cross_p90,total accurate fwd zone pass_p90,total accurate long balls_p90,total accurate pass_p90,total att assist_p90,total attempt_p90,total attempts ibox_p90,total attempts obox_p90,total blocked scoring att_p90,total duels won_p90,total touches in opposition box_p90,total was fouled_p90,total won tackle_p90,total aerial won_p90,total effective clearance_p90,total interception_p90,total big chances saved_p90,total contest_p90,total dribbles attempted_p90,total goals_p90,total ontarget attempt_p90,total won contest_p90,total assists_p90,total direct setpiece goals_p90,total direct corner goals_p90,pass_success_pct_p90,long_balls_success_pct_p90,cross_success_pct_p90,dribble_success_pct_p90,attempt_success_pct_p90,duel_success_pct_p90,aerial_success_pct_p90,tackle_success_pct_p90,xG_p90,xA_p90,CreatedOwnShot_p90,Total Carries_p90,Total Carry xT_p90,Total Final Third Carries_p90,passes_into_final_third_p90,progressive_passes_p90,xT_pass_p90,forward_passes_p90,Pos.,total accurate back zone pass_TotalPR,total accurate cross_TotalPR,total accurate fwd zone pass_TotalPR,total accurate long balls_TotalPR,total accurate pass_TotalPR,total att assist_TotalPR,total attempt_TotalPR,total attempts ibox_TotalPR,total attempts obox_TotalPR,total blocked scoring att_TotalPR,total duels won_TotalPR,total touches in opposition box_TotalPR,total was fouled_TotalPR,total won tackle_TotalPR,total aerial won_TotalPR,total effective clearance_TotalPR,total interception_TotalPR,total big chances saved_TotalPR,total contest_TotalPR,total dribbles attempted_TotalPR,total goals_TotalPR,total ontarget attempt_TotalPR,total won contest_TotalPR,total assists_TotalPR,total direct setpiece goals_TotalPR,total direct corner goals_TotalPR,pass_success_pct_TotalPR,long_balls_success_pct_TotalPR,cross_success_pct_TotalPR,dribble_success_pct_TotalPR,attempt_success_pct_TotalPR,duel_success_pct_TotalPR,aerial_success_pct_TotalPR,tackle_success_pct_TotalPR,xG_TotalPR,xA_TotalPR,CreatedOwnShot_TotalPR,Total Carries_TotalPR,Total Carry xT_TotalPR,Total Final Third Carries_TotalPR,passes_into_final_third_TotalPR,progressive_passes_TotalPR,xT_pass_TotalPR,forward_passes_TotalPR,total accurate back zone pass_p90PR,total accurate cross_p90PR,total accurate fwd zone pass_p90PR,total accurate long balls_p90PR,total accurate pass_p90PR,total att assist_p90PR,total attempt_p90PR,total attempts ibox_p90PR,total attempts obox_p90PR,total blocked scoring att_p90PR,total duels won_p90PR,total touches in opposition box_p90PR,total was fouled_p90PR,total won tackle_p90PR,total aerial won_p90PR,total effective clearance_p90PR,total interception_p90PR,total big chances saved_p90PR,total contest_p90PR,total dribbles attempted_p90PR,total goals_p90PR,total ontarget attempt_p90PR,total won contest_p90PR,total assists_p90PR,total direct setpiece goals_p90PR,total direct corner goals_p90PR,pass_success_pct_p90PR,long_balls_success_pct_p90PR,cross_success_pct_p90PR,dribble_success_pct_p90PR,attempt_success_pct_p90PR,duel_success_pct_p90PR,aerial_success_pct_p90PR,tackle_success_pct_p90PR,xG_p90PR,xA_p90PR,CreatedOwnShot_p90PR,Total Carries_p90PR,Total Carry xT_p90PR,Total Final Third Carries_p90PR,passes_into_final_third_p90PR,progressive_passes_p90PR,xT_pass_p90PR,forward_passes_p90PR,League
Horsens,a9vw7ikerpr4cuweeeka5aneg,14wqefw9b78oou3ocb1wrojys,J. Tauriainen,Jimi Tauriainen,22,Midfielder,Finland,Midfielder,9.0,1.0,13.0,4.0,21.0,3.0,2.0,0.0,2.0,0.0,9.0,112.0,2.0,4.0,1.0,1.0,1.0,1.0,0.0,4.0,4.0,0.0,1.0,1.0,1.0,0.0,0.0,72.41,66.67,100.0,25.0,50.0,40.91,14.29,33.33,0.0985868501629966,0.2690496006351333,1.0,3.0,0.09149093,0.0,4.0,6.0,0.1127351,11.0,7.232142857142857,0.8035714285714286,10.446428571428571,3.2142857142857144,16.875,2.4107142857142856,1.6071428571428572,0.0,1.6071428571428572,0.0,7.232142857142857,1.6071428571428572,3.2142857142857144,0.8035714285714286,0.8035714285714286,0.8035714285714286,0.8035714285714286,0.0,3.2142857142857144,3.2142857142857144,0.0,0.8035714285714286,0.8035714285714286,0.8035714285714286,0.0,0.0,72.41,66.67,100.0,25.0,50.0,40.91,14.29,33.33,0.0792215760238365,0.2162005719389463,0.8035714285714286,2.4107142857142856,0.0735194973214285,0.0,3.2142857142857144,4.821428571428571,0.0905907053571428,8.839285714285714,DM/CM,3,78,5,45,3,70,52,27,70,27,27,45,57,12,35,7,12,48,72,68,43,60,58,88,52,52,10,92,97,50,80,20,30,17,30,80,60,47,53,13,20,33,17,3,3,93,13,93,3,100,77,27,97,27,83,80,93,23,60,17,23,48,93,93,43,87,80,100,52,52,10,92,97,50,80,20,30,17,67,100,87,83,87,13,57,78,77,10,Danish Superliga
Horsens,a9vw7ikerpr4cuweeeka5aneg,2gsd0ocro9aqgqn4ql3rg8e8k,M. Kupijbida,Mikkel Kupijbida,18,Defender,Denmark,Defender,161.0,0.0,43.0,5.0,204.0,0.0,0.0,0.0,0.0,0.0,16.0,444.0,0.0,2.0,4.0,8.0,33.0,2.0,1.0,1.0,1.0,0.0,0.0,1.0,0.0,0.0,0.0,86.08,18.52,0.0,100.0,0.0,64.0,66.67,80.0,0.0005981850620907,0.0,0.0,2.0,0.0348216,0.0,9.0,6.0,0.27666732,147.0,32.63513513513514,0.0,8.716216216216216,1.0135135135135134,41.35135135135135,0.0,0.0,0.0,0.0,0.0,3.243243243243243,0.0,0.4054054054054054,0.8108108108108107,1.6216216216216215,6.689189189189189,0.4054054054054054,0.2027027027027027,0.2027027027027027,0.2027027027027027,0.0,0.0,0.2027027027027027,0.0,0.0,0.0,86.08,18.52,0.0,100.0,0.0,64.0,66.67,80.0,0.0001212537288021,0.0,0.0,0.4054054054054054,0.0070584324324324,0.0,1.8243243243243243,1.2162162162162162,0.0560812135135135,29.79729729729729,CB,71,38,24,31,53,16,13,13,35,37,63,7,41,62,62,84,28,96,56,56,41,31,72,46,51,51,32,9,38,91,31,76,84,75,24,18,41,32,29,22,47,37,41,62,56,38,12,24,29,16,13,13,35,37,25,7,25,35,53,74,18,94,47,47,41,31,71,46,51,51,32,9,38,91,31,76,84,75,24,18,41,26,24,22,29,26,26,47,Danish Superliga
Horsens,a9vw7ikerpr4cuweeeka5aneg,3ylgelxr6ssp42hidfnchqp2i,K. Kirkegaard,Kristian Kirkegaard,28,Midfielder,Denmark,Midfielder,24.0,1.0,39.0,3.0,62.0,2.0,3.0,1.0,2.0,0.0,14.0,338.0,12.0,7.0,3.0,1.0,2.0,3.0,0.0,5.0,6.0,1.0,2.0,0.0,1.0,0.0,0.0,69.66,25.0,33.33,0.0,66.67,29.79,20.0,50.0,0.2332935299775034,0.1743609339132001,1.0,2.0,0.07600993,3.0,8.0,9.0,0.24048064,27.0,6.390532544378698,0.2662721893491124,10.384615384615383,0.7988165680473372,16.50887573964497,0.5325443786982249,0.7988165680473372,0.2662721893491124,0.5325443786982249,0.0,3.727810650887574,3.195266272189349,1.863905325443787,0.7988165680473372,0.2662721893491124,0.5325443786982249,0.7988165680473372,0.0,1.331360946745562,1.5976331360946745,0.2662721893491124,0.5325443786982249,0.0,0.2662721893491124,0.0,0.0,69.66,25.0,33.33,0.0,66.67,29.79,20.0,50.0,0.0621195789880926,0.0464274676100236,0.2662721893491124,0.5325443786982249,0.0202393304733727,0.7988165680473372,2.1301775147929,2.396449704142012,0.0640333065088757,7.189349112426036,CM/AM,22,46,13,39,13,15,17,11,46,9,39,63,76,48,17,35,57,52,48,57,70,57,7,80,50,52,9,24,76,7,100,9,17,30,13,17,28,11,22,39,33,28,22,17,26,39,13,35,13,13,9,9,30,9,26,57,74,39,13,17,43,52,39,43,70,43,7,78,50,52,9,24,76,7,100,9,17,30,9,13,30,4,13,35,17,17,9,9,Danish Superliga
Horsens,a9vw7ikerpr4cuweeeka5aneg,4braldrfw3y7g030lctguuuol,V. Pálsson,Victor Pálsson,35,Defender,Iceland,Defender,68.0,0.0,67.0,15.0,135.0,1.0,3.0,3.0,0.0,1.0,23.0,449.0,10.0,1.0,6.0,11.0,27.0,8.0,1.0,3.0,3.0,0.0,0.0,2.0,0.0,0.0,0.0,75.84,44.12,0.0,66.67,0.0,54.76,47.83,66.67,0.3023675069967794,0.0,0.0,2.0,0.04347372,3.0,17.0,17.0,0.6286349400000002,73.0,13.630289532293986,0.0,13.429844097995543,3.0066815144766146,27.06013363028953,0.2004454342984409,0.6013363028953229,0.6013363028953229,0.0,0.2004454342984409,4.610244988864142,2.0044543429844097,0.2004454342984409,1.2026726057906458,2.2048997772828507,5.412026726057906,1.6035634743875278,0.2004454342984409,0.6013363028953229,0.6013363028953229,0.0,0.0,0.4008908685968819,0.0,0.0,0.0,75.84,44.12,0.0,66.67,0.0,54.76,47.83,66.67,0.0606081862577063,0.0,0.0,0.4008908685968819,0.0087141086859688,0.6013363028953229,3.4075723830734965,3.4075723830734965,0.1260070035634744,14.632516703786193,RB/RCB,54,19,62,100,54,38,77,96,31,73,85,96,31,73,100,92,88,100,42,38,54,42,69,50,54,54,8,69,19,85,42,38,54,54,92,15,35,35,38,54,77,62,69,62,38,19,38,92,31,23,54,85,31,69,62,85,15,46,85,85,54,100,38,23,54,42,46,50,54,54,8,69,19,85,42,38,54,54,62,15,35,31,31,38,62,62,62,54,Danish Superliga
Horsens,a9vw7ikerpr4cuweeeka5aneg,4lxxyqy78jkglhv2w6crzcnsa,O. Kolskogen,Ole Kolskogen,25,Defender,Norway,Defender,193.0,0.0,30.0,3.0,223.0,0.0,0.0,0.0,0.0,0.0,16.0,444.0,0.0,2.0,6.0,1.0,24.0,4.0,0.0,0.0,0.0,0.0,0.0,0.0,0.0,0.0,0.0,95.3,50.0,0.0,0.0,0.0,51.61,16.67,46.15,0.0,0.0,0.0,0.0,0.0,0.0,0.0,0.0,0.0,0.0,39.12162162162162,0.0,6.081081081081081,0.6081081081081081,45.2027027027027,0.0,0.0,0.0,0.0,0.0,3.243243243243243,0.0,0.4054054054054054,1.2162162162162162,0.2027027027027027,4.864864864864865,0.8108108108108107,0.0,0.0,0.0,0.0,0.0,0.0,0.0,0.0,0.0,95.3,50.0,0.0,0.0,0.0,51.61,16.67,46.15,0.0,0.0,0.0,0.0,0.0,0.0,0.0,0.0,0.0,0.0,CB,82,38,18,22,56,16,13,13,35,37,63,7,41,90,12,71,57,46,21,21,41,31,28,46,51,51,91,57,38,28,31,21,7,29,12,18,41,9,9,22,9,7,7,7,71,38,3,12,41,16,13,13,35,37,25,7,25,71,6,50,35,46,21,21,41,31,28,46,51,51,91,57,38,28,31,21,7,29,12,18,41,9,9,22,9,7,7,7,Danish Superliga
Horsens,a9vw7ikerpr4cuweeeka5aneg,51ymbnikkta369rn3exb1g7bo,A. Moro,Abdul Moro,20,Midfielder,Ghana,Midfielder,101.0,0.0,47.0,9.0,148.0,0.0,0.0,0.0,0.0,0.0,13.0,264.0,2.0,2.0,6.0,1.0,8.0,9.0,0.0,3.0,3.0,0.0,0.0,0.0,0.0,0.0,0.0,88.62,56.25,0.0,0.0,0.0,37.14,50.0,60.0,0.0006472205601742,0.0,0.0,1.0,0.02385149,1.0,9.0,10.0,0.20985284,74.0,34.43181818181819,0.0,16.022727272727273,3.0681818181818183,50.45454545454546,0.0,0.0,0.0,0.0,0.0,4.431818181818183,0.6818181818181819,0.6818181818181819,2.0454545454545454,0.3409090909090909,2.7272727272727275,3.0681818181818183,0.0,1.0227272727272727,1.0227272727272727,0.0,0.0,0.0,0.0,0.0,0.0,88.62,56.25,0.0,0.0,0.0,37.14,50.0,60.0,0.0002206433727866,0.0,0.0,0.3409090909090909,0.0081311897727272,0.3409090909090909,3.0681818181818183,3.409090909090909,0.0715407409090909,25.22727272727273,DM/CM,90,37,43,88,77,10,8,27,15,27,52,45,35,75,35,75,78,48,60,58,43,23,23,38,52,52,83,70,37,23,23,13,63,53,13,12,27,13,13,35,53,60,53,70,97,37,50,90,80,10,8,27,15,27,40,40,30,90,27,80,97,48,60,60,43,23,23,38,52,52,83,70,37,23,23,13,63,53,13,12,27,10,10,33,53,63,43,77,Danish Superliga
Horsens,a9vw7ikerpr4cuweeeka5aneg,7353ysa16qgg30b9z5qiagys4,A. Saine,Alagie Saine,23,Defender,Gambia,Defender,78.0,0.0,55.0,6.0,133.0,3.0,4.0,4.0,0.0,0.0,36.0,450.0,9.0,6.0,12.0,6.0,37.0,5.0,1.0,13.0,13.0,0.0,1.0,6.0,0.0,0.0,0.0,74.72,28.57,0.0,46.15,25.0,54.55,37.5,66.67,0.4745278370712218,0.2647099477135621,0.0,3.0,0.07235859,1.0,7.0,9.0,0.51442253,62.0,15.6,0.0,11.0,1.2,26.6,0.6,0.8,0.8,0.0,0.0,7.2,1.8,1.2,2.4,1.2,7.4,1.0,0.2,2.6,2.6,0.0,0.2,1.2,0.0,0.0,0.0,74.72,28.57,0.0,46.15,25.0,54.55,37.5,66.67,0.0949055674142443,0.0529419895427124,0.0,0.6,0.014471718,0.2,1.4,1.8,0.102884506,12.4,LB/LCB,73,27,47,50,73,77,80,100,27,33,93,80,80,100,87,100,90,97,100,100,47,80,97,37,53,53,40,33,27,40,80,53,53,63,100,73,27,47,47,43,47,47,80,73,40,27,27,30,40,67,67,87,27,33,87,53,60,87,73,100,60,93,100,100,47,67,87,37,53,53,40,33,27,40,80,53,53,63,93,60,27,33,27,40,40,33,53,53,Danish Superliga
Horsens,a9vw7ikerpr4cuweeeka5aneg,7hso2bszmf4qal560jhrg2904,Y. Ouorou,Yamirou Ouorou,20,Attacker,Benin,Striker,18.0,5.0,34.0,4.0,47.0,8.0,7.0,4.0,3.0,2.0,8.0,303.0,12.0,1.0,5.0,1.0,4.0,2.0,0.0,5.0,6.0,1.0,4.0,1.0,1.0,0.0,0.0,71.21,50.0,41.67,20.0,57.14,29.63,20.0,100.0,0.4793495104137751,1.0249554243670855,4.0,7.0,0.30482024,2.0,3.0,11.0,0.8734605599999998,23.0,5.346534653465347,1.4851485148514851,10.0990099009901,1.188118811881188,13.96039603960396,2.376237623762376,2.07920792079208,1.188118811881188,0.8910891089108911,0.594059405940594,2.376237623762376,3.5643564356435644,0.297029702970297,1.4851485148514851,0.297029702970297,1.188118811881188,0.594059405940594,0.0,1.4851485148514851,1.7821782178217822,0.297029702970297,1.188118811881188,0.297029702970297,0.297029702970297,0.0,0.0,71.21,50.0,41.67,20.0,57.14,29.63,20.0,100.0,0.1423810426971609,0.3044422052575501,1.188118811881188,2.07920792079208,0.0905406653465346,0.594059405940594,0.8910891089108911,3.267326732673267,0.2594437306930692,6.831683168316832,ST,89,100,82,95,84,98,73,61,89,84,34,71,14,98,27,80,93,52,61,61,68,84,30,93,48,50,25,59,93,25,82,11,23,84,57,100,93,89,93,73,73,96,100,89,75,100,75,86,57,96,64,39,82,71,11,50,11,93,21,68,89,52,50,50,57,75,21,93,48,50,25,59,93,25,82,11,23,84,39,100,89,89,89,61,54,93,100,86,Danish Superliga
Horsens,a9vw7ikerpr4cuweeeka5aneg,9dh7cnu4uzbraeck0t5iqlj4k,A. Herdonsson,Adam Herdonsson,22,Midfielder,Sweden,Midfielder,66.0,0.0,32.0,1.0,98.0,2.0,2.0,0.0,2.0,0.0,30.0,307.0,3.0,5.0,5.0,17.0,8.0,10.0,0.0,2.0,2.0,0.0,1.0,0.0,0.0,0.0,0.0,73.13,9.09,0.0,0.0,50.0,61.22,70.83,62.5,0.130042703713245,0.0478805328194468,2.0,2.0,0.04790334,0.0,6.0,7.0,0.1303878899999999,40.0,19.3485342019544,0.0,9.381107491856678,0.2931596091205212,28.729641693811075,0.5863192182410424,0.5863192182410424,0.0,0.5863192182410424,0.0,8.794788273615636,0.8794788273615636,1.4657980456026058,1.4657980456026058,4.98371335504886,2.345276872964169,2.931596091205212,0.0,0.5863192182410424,0.5863192182410424,0.0,0.2931596091205212,0.0,0.0,0.0,0.0,73.13,9.09,0.0,0.0,50.0,61.22,70.83,62.5,0.0381232681895506,0.0140366382858313,0.5863192182410424,0.5863192182410424,0.0140433244299674,0.0,1.7589576547231272,2.052117263843648,0.0382244628664494,11.726384364820849,DM/CM,70,37,27,12,43,47,52,27,70,27,97,60,67,58,100,75,87,48,47,47,43,60,23,38,52,52,13,7,37,23,80,90,87,60,47,30,78,28,32,13,38,38,27,40,60,37,10,7,27,33,47,27,60,27,97,50,57,63,100,73,93,48,43,43,43,60,23,38,52,52,13,7,37,23,80,90,87,60,37,27,77,20,27,13,27,30,20,23,Danish Superliga
Horsens,a9vw7ikerpr4cuweeeka5aneg,bcdrn5rkq3ig50nwr1vtbwfmc,K. Ehibhatiomhan,Kelvin Ehibhatiomhan,23,Attacker,England,Striker,10.0,0.0,16.0,1.0,26.0,1.0,8.0,8.0,0.0,1.0,16.0,261.0,14.0,3.0,1.0,10.0,5.0,0.0,0.0,7.0,7.0,2.0,6.0,2.0,0.0,0.0,0.0,66.67,100.0,0.0,28.57,75.0,36.36,50.0,100.0,0.810620165725822,0.1011314436429228,3.0,2.0,0.0834634,1.0,1.0,2.0,0.0867831099999999,5.0,3.4482758620689657,0.0,5.517241379310345,0.3448275862068966,8.965517241379311,0.3448275862068966,2.7586206896551726,2.7586206896551726,0.0,0.3448275862068966,5.517241379310345,4.827586206896552,1.0344827586206895,0.3448275862068966,3.4482758620689657,1.7241379310344829,0.0,0.0,2.413793103448276,2.413793103448276,0.6896551724137931,2.0689655172413794,0.6896551724137931,0.0,0.0,0.0,66.67,100.0,0.0,28.57,75.0,36.36,50.0,100.0,0.2795241950778696,0.0348729116010078,1.0344827586206895,0.6896551724137931,0.0287804827586206,0.3448275862068966,0.3448275862068966,0.6896551724137931,0.0299252103448275,1.7241379310344829,ST,61,43,32,61,39,25,82,88,23,52,82,84,61,48,93,89,32,52,82,70,96,98,62,43,48,50,21,89,43,36,100,32,70,84,75,36,84,39,46,54,34,38,57,16,36,43,11,50,11,14,71,82,23,43,71,71,46,43,89,89,32,52,71,61,93,93,50,43,48,50,21,89,43,36,100,32,70,84,71,18,86,29,39,50,29,32,50,4,Danish Superliga
Horsens,a9vw7ikerpr4cuweeeka5aneg,dfxs5u8rdcxhzp33aks3acdn8,K. Lusavec,Karlo Lusavec,22,Midfielder,Croatia,Midfielder,102.0,0.0,51.0,7.0,153.0,0.0,1.0,0.0,1.0,1.0,12.0,310.0,0.0,3.0,4.0,2.0,8.0,9.0,0.0,0.0,0.0,0.0,0.0,0.0,0.0,0.0,0.0,92.17,63.64,0.0,0.0,0.0,41.38,66.67,57.14,0.0939121916851022,0.0,0.0,3.0,0.04986937,0.0,6.0,5.0,0.1359341299999999,76.0,29.61290322580645,0.0,14.806451612903224,2.032258064516129,44.41935483870967,0.0,0.2903225806451612,0.0,0.2903225806451612,0.2903225806451612,3.4838709677419355,0.0,0.8709677419354839,1.161290322580645,0.5806451612903225,2.32258064516129,2.6129032258064515,0.0,0.0,0.0,0.0,0.0,0.0,0.0,0.0,0.0,92.17,63.64,0.0,0.0,0.0,41.38,66.67,57.14,0.0272648298440619,0.0,0.0,0.8709677419354839,0.0144782041935483,0.0,1.7419354838709675,1.4516129032258065,0.0394647474193548,22.064516129032256,DM/CM,93,37,53,77,80,10,27,27,43,67,43,8,47,50,55,75,78,48,12,10,43,23,23,38,52,52,93,87,37,23,23,23,80,48,27,12,27,47,37,13,38,28,33,73,80,37,43,63,67,10,20,27,40,63,23,8,40,40,43,70,90,48,12,10,43,23,23,38,52,52,93,87,37,23,23,23,80,48,20,12,27,40,30,13,23,13,23,63,Danish Superliga
Horsens,a9vw7ikerpr4cuweeeka5aneg,eso2tbbpnxu9qvx6zy07m5jx0,J. Madsen,Julius Madsen,23,Midfielder,Denmark,Midfielder,43.0,3.0,69.0,8.0,109.0,6.0,9.0,3.0,6.0,2.0,18.0,448.0,8.0,8.0,3.0,3.0,12.0,3.0,0.0,4.0,4.0,0.0,3.0,2.0,1.0,0.0,0.0,81.95,61.54,23.08,50.0,33.33,34.62,30.0,60.0,0.7392379296505394,0.5694915266534889,4.0,3.0,0.05352507,1.0,19.0,10.0,0.42049794,58.0,8.638392857142858,0.6026785714285714,13.861607142857142,1.6071428571428572,21.897321428571427,1.2053571428571428,1.8080357142857144,0.6026785714285714,1.2053571428571428,0.4017857142857143,3.616071428571429,1.6071428571428572,1.6071428571428572,0.6026785714285714,0.6026785714285714,2.4107142857142856,0.6026785714285714,0.0,0.8035714285714286,0.8035714285714286,0.0,0.6026785714285714,0.4017857142857143,0.2008928571428571,0.0,0.0,81.95,61.54,23.08,50.0,33.33,34.62,30.0,60.0,0.1485076197958672,0.1144067799080669,0.8035714285714286,0.6026785714285714,0.0107528042410714,0.2008928571428571,3.8169642857142856,2.008928571428571,0.0844750325892857,11.651785714285714,CM/AM,52,72,43,87,43,50,74,46,83,35,61,24,85,48,61,98,57,52,37,37,28,74,39,80,50,52,52,78,57,48,63,13,30,46,70,57,85,20,13,11,78,39,39,48,30,65,22,65,17,30,48,30,70,22,22,17,59,26,30,91,39,52,17,13,28,61,26,70,50,52,52,78,57,48,63,13,30,46,43,30,61,13,4,9,61,9,17,30,Danish Superliga
Horsens,a9vw7ikerpr4cuweeeka5aneg,uiyol728wan4mxco2foplknp,A. Justinussen,Adrian Justinussen,28,Attacker,Faroe Islands,Striker,24.0,0.0,23.0,1.0,47.0,4.0,4.0,1.0,3.0,0.0,17.0,277.0,4.0,4.0,4.0,5.0,3.0,0.0,0.0,4.0,4.0,2.0,2.0,2.0,0.0,1.0,0.0,85.45,100.0,0.0,50.0,50.0,39.53,26.32,66.67,0.1682230923649026,0.2776505783308428,1.0,3.0,0.1604545299999999,3.0,3.0,5.0,0.0656527299999999,20.0,7.79783393501805,0.0,7.472924187725631,0.3249097472924188,15.27075812274368,1.2996389891696751,1.2996389891696751,0.3249097472924188,0.9747292418772564,0.0,5.523465703971119,1.2996389891696751,1.2996389891696751,1.2996389891696751,1.624548736462094,0.9747292418772564,0.0,0.0,1.2996389891696751,1.2996389891696751,0.6498194945848376,0.6498194945848376,0.6498194945848376,0.0,0.3249097472924188,0.0,85.45,100.0,0.0,50.0,50.0,39.53,26.32,66.67,0.0546573224290297,0.090211379241068,0.3249097472924188,0.9747292418772564,0.0521332407942237,0.9747292418772564,0.9747292418772564,1.624548736462094,0.0213312119133573,6.498194945848375,ST,100,43,68,61,84,79,46,16,89,16,86,9,80,93,68,70,32,52,54,50,96,54,62,43,98,50,93,89,43,64,71,46,32,55,11,71,55,66,75,91,73,77,46,86,96,43,39,46,75,64,21,11,86,16,75,4,61,89,50,54,32,52,46,39,86,46,43,43,96,50,93,89,43,64,71,46,32,55,11,61,50,46,57,86,68,68,32,82,Danish Superliga
AGF,5rz9enoyknpg8ji78za5b82p0,1ax8roimt2kq507xi3xyutxqs,M. Camara,Mouhammade Camara,19,Defender,Mali,Defender,124.0,0.0,62.0,7.0,186.0,1.0,0.0,0.0,0.0,0.0,15.0,247.0,6.0,2.0,3.0,9.0,21.0,8.0,0.0,0.0,0.0,0.0,0.0,0.0,0.0,0.0,0.0,88.57,35.0,0.0,0.0,0.0,51.72,45.0,75.0,0.0,0.0942135454166039,0.0,0.0,0.0,0.0,9.0,7.0,0.25537622,129.0,45.18218623481781,0.0,22.591093117408903,2.5506072874493926,67.77327935222672,0.3643724696356275,0.0,0.0,0.0,0.0,5.465587044534413,2.1862348178137654,0.728744939271255,1.0931174089068827,3.279352226720648,7.651821862348178,2.91497975708502,0.0,0.0,0.0,0.0,0.0,0.0,0.0,0.0,0.0,88.57,35.0,0.0,0.0,0.0,51.72,45.0,75.0,0.0,0.0343288222165763,0.0,0.0,0.0,0.0,3.279352226720648,2.5506072874493926,0.0930520639676113,47.00404858299595,CB,53,38,49,46,50,46,13,13,35,37,51,62,41,49,69,65,90,46,21,21,41,31,28,46,51,51,50,26,38,28,31,24,32,63,12,53,41,9,9,22,47,43,29,57,79,38,62,50,79,50,13,13,35,37,79,62,53,62,88,91,100,46,21,21,41,31,28,46,51,51,50,26,38,28,31,24,32,63,12,56,41,9,9,22,50,41,41,94,Danish Superliga
AGF,5rz9enoyknpg8ji78za5b82p0,1sbqjod03ch1xm77et7fzn4lw,J. Bogere,James Bogere,18,Attacker,Uganda,Striker,14.0,0.0,18.0,1.0,32.0,3.0,7.0,7.0,0.0,2.0,7.0,209.0,10.0,1.0,3.0,0.0,1.0,0.0,0.0,3.0,3.0,1.0,2.0,2.0,0.0,0.0,0.0,80.0,100.0,0.0,66.67,28.57,38.89,0.0,75.0,0.7106946185886028,0.2268297569877078,0.0,1.0,0.0199707,0.0,2.0,4.0,0.05678087,14.0,6.028708133971292,0.0,7.751196172248803,0.4306220095693779,13.779904306220097,1.2918660287081338,3.014354066985646,3.014354066985646,0.0,0.8612440191387559,3.014354066985646,4.30622009569378,0.4306220095693779,1.2918660287081338,0.0,0.4306220095693779,0.0,0.0,1.2918660287081338,1.2918660287081338,0.4306220095693779,0.8612440191387559,0.8612440191387559,0.0,0.0,0.0,80.0,100.0,0.0,66.67,28.57,38.89,0.0,75.0,0.3060407448467667,0.0976778857841803,0.0,0.4306220095693779,0.0085998229665071,0.0,0.8612440191387559,1.7224880382775118,0.0244510923444976,6.028708133971292,ST,80,43,50,61,61,62,73,79,23,84,25,61,14,86,11,29,32,52,43,41,68,54,62,43,48,50,82,89,43,75,36,39,11,61,68,61,23,18,18,23,54,62,43,68,82,43,48,59,54,61,82,93,23,86,21,64,14,86,11,23,32,52,43,36,62,57,61,43,48,50,82,89,43,75,36,39,11,61,75,71,23,14,14,23,46,71,39,79,Danish Superliga
AGF,5rz9enoyknpg8ji78za5b82p0,2k1v6526ielemu1w3rayxdkkq,S. Jørgensen,Sebastian Jørgensen,26,Midfielder,Denmark,Midfielder,29.0,4.0,77.0,6.0,102.0,12.0,9.0,4.0,5.0,5.0,9.0,241.0,20.0,4.0,0.0,0.0,2.0,2.0,0.0,9.0,9.0,0.0,2.0,4.0,1.0,0.0,0.0,83.61,50.0,36.36,44.44,22.22,56.25,0.0,0.0,0.6393946397282257,1.136195716141002,4.0,7.0,0.25186816,1.0,15.0,16.0,0.6722336100000001,52.0,10.8298755186722,1.4937759336099583,28.755186721991706,2.240663900414938,38.09128630705394,4.481327800829876,3.3609958506224067,1.4937759336099583,1.867219917012448,1.867219917012448,3.3609958506224067,7.468879668049793,1.4937759336099583,0.0,0.0,0.7468879668049793,0.7468879668049793,0.0,3.3609958506224067,3.3609958506224067,0.0,0.7468879668049793,1.4937759336099583,0.3734439834024896,0.0,0.0,83.61,50.0,36.36,44.44,22.22,56.25,0.0,0.0,0.2387780812263084,0.4243054541605401,1.4937759336099583,2.6141078838174274,0.0940586489626556,0.3734439834024896,5.601659751037345,5.975103734439834,0.2510415970954358,19.419087136929463,RM/RCM,62,62,50,50,50,94,62,69,81,94,19,100,56,12,25,25,62,56,50,50,44,50,62,81,56,56,88,56,62,62,50,56,25,12,62,88,69,38,38,12,88,69,50,62,62,75,88,75,75,100,88,100,75,100,25,88,38,12,25,38,88,56,50,50,44,62,62,88,56,56,88,56,62,62,50,56,25,12,75,100,62,38,50,12,100,88,62,100,Danish Superliga
AGF,5rz9enoyknpg8ji78za5b82p0,3gemcjqban843su9c9y5l2sk4,J. Andersen,Jacob Andersen,22,Defender,Denmark,Defender,74.0,0.0,57.0,3.0,131.0,1.0,2.0,1.0,1.0,0.0,8.0,206.0,5.0,1.0,3.0,1.0,5.0,3.0,0.0,1.0,1.0,0.0,0.0,0.0,0.0,0.0,0.0,90.34,37.5,0.0,0.0,0.0,38.1,16.67,50.0,0.2030584425346907,0.0399509248372731,1.0,5.0,0.15180139,5.0,13.0,16.0,0.2645369099999999,58.0,32.33009708737864,0.0,24.902912621359224,1.3106796116504855,57.23300970873787,0.4368932038834952,0.8737864077669903,0.4368932038834952,0.4368932038834952,0.0,3.4951456310679614,2.184466019417476,0.4368932038834952,1.3106796116504855,0.4368932038834952,2.184466019417476,1.3106796116504855,0.0,0.4368932038834952,0.4368932038834952,0.0,0.0,0.0,0.0,0.0,0.0,90.34,37.5,0.0,0.0,0.0,38.1,16.67,50.0,0.0887148535345736,0.0174542875502649,0.4368932038834952,2.184466019417476,0.0663209956310679,2.184466019417476,5.6796116504854375,6.990291262135923,0.1155743781553397,25.33980582524272,CB,38,38,43,22,35,46,53,38,81,37,24,53,22,49,12,18,46,46,56,56,41,31,28,46,51,51,71,32,38,28,31,12,7,38,50,35,88,62,76,100,62,68,32,38,53,38,71,29,62,65,71,44,88,37,29,59,35,82,15,18,59,46,74,74,41,31,28,46,51,51,71,32,38,28,31,12,7,38,68,41,94,85,88,100,76,94,65,41,Danish Superliga
AGF,5rz9enoyknpg8ji78za5b82p0,3uytpqx0e0jr6zgbfl1znsm7e,T. Bech,Tobias Bech,24,Attacker,Denmark,Striker,10.0,0.0,36.0,5.0,46.0,3.0,4.0,1.0,3.0,2.0,6.0,263.0,9.0,5.0,0.0,0.0,0.0,0.0,0.0,1.0,2.0,0.0,0.0,1.0,0.0,0.0,0.0,80.7,71.43,0.0,100.0,0.0,37.5,0.0,0.0,0.3026760405377061,0.2655989344426293,2.0,1.0,0.01870347,2.0,8.0,7.0,0.28723861,28.0,3.422053231939164,0.0,12.31939163498099,1.711026615969582,15.741444866920151,1.0266159695817492,1.3688212927756656,0.3422053231939164,1.0266159695817492,0.6844106463878328,2.0532319391634983,3.0798479087452475,1.711026615969582,0.0,0.0,0.0,0.0,0.0,0.3422053231939164,0.6844106463878328,0.0,0.0,0.3422053231939164,0.0,0.0,0.0,80.7,71.43,0.0,100.0,0.0,37.5,0.0,0.0,0.1035773522752606,0.0908893692008997,0.6844106463878328,0.3422053231939164,0.0064004269961977,0.6844106463878328,2.737642585551331,2.3954372623574147,0.0982945813688213,9.58174904942966,ST,61,43,86,100,79,62,46,16,89,84,16,55,89,20,11,11,32,52,18,29,23,16,30,43,48,50,86,75,43,93,16,36,11,20,32,64,73,18,14,73,96,88,82,98,32,43,86,100,79,57,32,14,89,79,4,29,82,20,11,11,32,52,11,25,23,16,25,43,48,50,86,75,43,93,16,36,11,20,18,64,68,11,11,71,96,86,82,93,Danish Superliga
AGF,5rz9enoyknpg8ji78za5b82p0,45k3dwlmmi6e4dab34n6ivb9x,J. Jønsson,Jens Jønsson,33,Midfielder,Denmark,Midfielder,21.0,0.0,17.0,1.0,38.0,1.0,2.0,1.0,1.0,0.0,5.0,119.0,1.0,2.0,2.0,1.0,8.0,5.0,0.0,0.0,0.0,1.0,2.0,0.0,0.0,0.0,0.0,76.0,20.0,0.0,0.0,100.0,45.45,33.33,100.0,0.1315748453347563,0.059615460526234,0.0,0.0,0.0,0.0,4.0,2.0,0.0458082499999999,20.0,15.882352941176473,0.0,12.857142857142858,0.7563025210084033,28.73949579831933,0.7563025210084033,1.512605042016807,0.7563025210084033,0.7563025210084033,0.0,3.7815126050420167,0.7563025210084033,1.512605042016807,1.512605042016807,0.7563025210084033,6.050420168067227,3.7815126050420167,0.0,0.0,0.0,0.7563025210084033,1.512605042016807,0.0,0.0,0.0,0.0,76.0,20.0,0.0,0.0,100.0,45.45,33.33,100.0,0.0995103872279669,0.0450873230870677,0.0,0.0,0.0,0.0,3.0252100840336134,1.512605042016807,0.0346448949579831,15.126050420168069,DM/CM,10,37,10,12,10,27,52,68,43,27,8,25,35,25,35,75,63,48,12,10,90,87,23,38,52,52,23,12,37,23,95,33,48,97,50,33,27,5,5,13,20,10,7,13,33,37,30,27,30,40,73,87,70,27,27,47,63,67,53,100,100,48,12,10,97,100,23,38,52,52,23,12,37,23,95,33,48,97,77,47,27,5,5,13,50,17,13,40,Danish Superliga
AGF,5rz9enoyknpg8ji78za5b82p0,4vmgmzg2004twoc39sk7zkzqh,G. Links,Gift Links,27,Midfielder,South Africa,Midfielder,51.0,5.0,100.0,6.0,146.0,6.0,8.0,4.0,4.0,3.0,39.0,268.0,17.0,12.0,5.0,0.0,0.0,4.0,0.0,17.0,18.0,0.0,3.0,15.0,0.0,0.0,0.0,83.91,46.15,13.51,88.24,37.5,81.25,0.0,41.67,0.539590413959523,0.6074246450892702,5.0,29.0,0.93815603,9.0,5.0,12.0,0.85273423,45.0,17.12686567164179,1.67910447761194,33.582089552238806,2.014925373134328,49.02985074626866,2.014925373134328,2.686567164179104,1.343283582089552,1.343283582089552,1.007462686567164,13.097014925373134,5.708955223880597,4.029850746268656,1.67910447761194,0.0,0.0,1.343283582089552,0.0,5.708955223880597,6.044776119402985,0.0,1.007462686567164,5.037313432835821,0.0,0.0,0.0,83.91,46.15,13.51,88.24,37.5,81.25,0.0,41.67,0.1812057360311831,0.2039858882762474,1.67910447761194,9.738805970149253,0.3150523981343283,3.0223880597014925,1.67910447761194,4.029850746268656,0.286365972761194,15.111940298507465,RM/RCM,88,75,75,50,88,50,50,69,62,56,75,75,88,62,25,12,100,56,75,75,44,81,88,38,56,56,100,38,38,100,88,100,25,25,38,62,88,100,100,88,25,50,75,50,100,88,100,62,100,75,62,62,62,62,100,75,100,62,25,12,100,56,100,100,44,88,100,38,56,56,100,38,38,100,88,100,25,25,62,62,88,100,100,100,12,38,75,75,Danish Superliga
AGF,5rz9enoyknpg8ji78za5b82p0,61sojkdsmaz9hbwaskt4rws15,M. Anderson,Mikael Anderson,28,Midfielder,Iceland,Midfielder,11.0,1.0,25.0,0.0,35.0,2.0,8.0,5.0,3.0,5.0,15.0,223.0,12.0,6.0,2.0,2.0,4.0,0.0,0.0,8.0,8.0,0.0,0.0,4.0,0.0,0.0,0.0,71.43,0.0,8.33,50.0,0.0,40.54,25.0,66.67,0.7695921462112479,0.1161771780992731,2.0,5.0,0.11348461,5.0,3.0,5.0,0.1023977799999999,15.0,4.439461883408072,0.4035874439461883,10.089686098654708,0.0,14.125560538116591,0.8071748878923767,3.2286995515695067,2.0179372197309418,1.210762331838565,2.0179372197309418,6.053811659192825,4.84304932735426,2.42152466367713,0.8071748878923767,0.8071748878923767,1.6143497757847534,0.0,0.0,3.2286995515695067,3.2286995515695067,0.0,0.0,1.6143497757847534,0.0,0.0,0.0,71.43,0.0,8.33,50.0,0.0,40.54,25.0,66.67,0.3105977271704588,0.0468876503539667,0.8071748878923767,2.0179372197309418,0.04580096367713,2.0179372197309418,1.210762331838565,2.0179372197309418,0.041326458295964,6.053811659192825,CM/AM,9,46,9,7,9,15,63,78,72,93,43,63,67,26,37,59,11,52,72,72,28,13,74,35,50,52,13,7,35,48,13,26,22,57,78,9,59,33,26,67,7,9,4,7,9,52,9,7,9,22,87,83,74,100,74,74,83,43,52,74,11,52,83,78,28,13,87,35,50,52,13,7,35,48,13,26,22,57,78,17,65,43,35,74,9,13,4,4,Danish Superliga
AGF,5rz9enoyknpg8ji78za5b82p0,6my7s0ezr6jldotm1w6nk7b9x,F. Tingager,Frederik Tingager,33,Defender,Denmark,Defender,35.0,0.0,24.0,8.0,59.0,0.0,1.0,1.0,0.0,0.0,6.0,102.0,6.0,1.0,0.0,5.0,9.0,1.0,0.0,0.0,0.0,0.0,0.0,0.0,0.0,0.0,0.0,90.77,66.67,0.0,0.0,0.0,66.67,71.43,0.0,0.1382707665643593,0.0,0.0,1.0,0.01685596,0.0,8.0,8.0,0.2664951199999999,35.0,30.88235294117647,0.0,21.176470588235293,7.0588235294117645,52.05882352941177,0.0,0.8823529411764706,0.8823529411764706,0.0,0.0,5.294117647058823,5.294117647058823,0.8823529411764706,0.0,4.411764705882353,7.9411764705882355,0.8823529411764706,0.0,0.0,0.0,0.0,0.0,0.0,0.0,0.0,0.0,90.77,66.67,0.0,0.0,0.0,66.67,71.43,0.0,0.1220036175567876,0.0,0.0,0.8823529411764706,0.0148729058823529,0.0,7.0588235294117645,7.0588235294117645,0.2351427529411764,30.88235294117647,CB,15,38,10,53,12,16,34,38,35,37,10,62,22,9,50,32,15,46,21,21,41,31,28,46,51,51,76,88,38,28,31,85,97,9,44,18,41,22,19,22,41,47,38,24,47,38,47,100,50,16,74,82,35,37,76,97,66,9,97,100,41,46,21,21,41,31,28,46,51,51,76,88,38,28,31,85,97,9,76,18,41,47,44,22,91,97,97,50,Danish Superliga
AGF,5rz9enoyknpg8ji78za5b82p0,76av5tb8cxhmr0yh3pbmk8npw,F. Emmery,Frederik Emmery,19,Attacker,Denmark,Striker,14.0,5.0,44.0,0.0,53.0,4.0,12.0,9.0,3.0,4.0,25.0,320.0,29.0,8.0,4.0,1.0,3.0,0.0,0.0,20.0,21.0,1.0,3.0,9.0,1.0,0.0,0.0,81.54,0.0,29.41,45.0,25.0,53.19,50.0,57.14,0.8154914348169429,0.4274248799722197,4.0,12.0,0.3850514,4.0,3.0,5.0,0.5145371700000001,15.0,3.9375,1.40625,12.375,0.0,14.90625,1.125,3.375,2.53125,0.84375,1.125,7.03125,8.15625,2.25,1.125,0.28125,0.84375,0.0,0.0,5.625,5.90625,0.28125,0.84375,2.53125,0.28125,0.0,0.0,81.54,0.0,29.41,45.0,25.0,53.19,50.0,57.14,0.2293569660422652,0.1202132474921867,1.125,3.375,0.10829570625,1.125,0.84375,1.40625,0.1447135790625,4.21875,LW,43,100,43,14,43,36,71,64,71,50,100,71,100,93,50,79,29,57,57,57,64,64,64,79,57,57,100,14,71,71,64,100,93,50,29,43,64,86,86,79,29,36,57,21,43,86,29,14,29,29,86,71,71,43,100,86,86,100,43,86,29,57,71,86,71,71,86,71,57,57,100,14,71,71,64,100,93,50,43,43,43,86,86,86,43,43,71,14,Danish Superliga
AGF,5rz9enoyknpg8ji78za5b82p0,7je01bs3a4q6c2gd02ee6da3u,K. Arnstad,Kristian Arnstad,22,Midfielder,Norway,Midfielder,48.0,1.0,91.0,1.0,138.0,5.0,6.0,4.0,2.0,3.0,13.0,296.0,9.0,5.0,3.0,1.0,5.0,5.0,0.0,2.0,3.0,2.0,3.0,1.0,0.0,0.0,0.0,83.13,14.29,33.33,50.0,50.0,41.94,33.33,50.0,0.2441273991338091,0.4205626513040866,3.0,9.0,0.4452104,3.0,16.0,24.0,0.3848890899999998,82.0,14.594594594594597,0.304054054054054,27.66891891891892,0.304054054054054,41.95945945945946,1.5202702702702704,1.8243243243243243,1.2162162162162162,0.6081081081081081,0.9121621621621622,3.952702702702703,2.7364864864864864,1.5202702702702704,0.9121621621621622,0.304054054054054,1.5202702702702704,1.5202702702702704,0.0,0.6081081081081081,0.9121621621621622,0.6081081081081081,0.9121621621621622,0.304054054054054,0.0,0.0,0.0,83.13,14.29,33.33,50.0,50.0,41.94,33.33,50.0,0.0742279254123068,0.127873779112729,0.9121621621621622,2.7364864864864864,0.135368027027027,0.9121621621621622,4.864864864864865,7.297297297297297,0.1170270881756756,24.932432432432435,CM/AM,61,46,63,17,59,43,46,63,46,63,33,30,59,48,17,72,89,52,15,26,91,74,24,35,50,52,65,13,76,48,91,30,37,30,17,43,76,61,78,39,61,83,35,67,70,43,70,22,65,43,52,65,48,70,35,43,52,52,17,70,87,52,9,17,96,83,17,35,50,52,65,13,76,48,91,30,37,30,17,39,74,57,96,43,70,87,30,74,Danish Superliga
AGF,5rz9enoyknpg8ji78za5b82p0,7m68sk6x5j4izvmi83h2e6kbu,M. Knudsen,Magnus Knudsen,25,Midfielder,Norway,Midfielder,42.0,1.0,69.0,6.0,110.0,2.0,1.0,1.0,0.0,1.0,22.0,222.0,3.0,6.0,8.0,1.0,6.0,3.0,0.0,4.0,5.0,0.0,0.0,2.0,1.0,0.0,0.0,85.27,60.0,100.0,50.0,0.0,56.41,12.5,61.54,0.1705520097770731,0.2118110417005329,0.0,1.0,0.0241224,2.0,9.0,14.0,0.4678475299999999,59.0,17.027027027027025,0.4054054054054054,27.97297297297297,2.4324324324324325,44.59459459459459,0.8108108108108107,0.4054054054054054,0.4054054054054054,0.0,0.4054054054054054,8.91891891891892,1.2162162162162162,2.4324324324324325,3.243243243243243,0.4054054054054054,2.4324324324324325,1.2162162162162162,0.0,1.6216216216216215,2.0270270270270268,0.0,0.0,0.8108108108108107,0.4054054054054054,0.0,0.0,85.27,60.0,100.0,50.0,0.0,56.41,12.5,61.54,0.0691427066663809,0.0858693412299457,0.0,0.4054054054054054,0.0097793513513513,0.8108108108108107,3.6486486486486487,5.675675675675675,0.1896679175675675,23.91891891891892,DM/CM,28,78,77,67,53,47,27,68,15,67,75,60,78,97,35,55,48,48,72,82,43,23,77,88,52,52,57,78,97,70,23,77,27,57,60,73,27,13,17,60,53,75,87,63,43,80,83,77,70,47,33,70,15,70,100,63,83,100,33,77,47,48,77,77,43,23,83,83,52,52,57,78,97,70,23,77,27,57,60,67,27,13,17,67,67,90,93,73,Danish Superliga
AGF,5rz9enoyknpg8ji78za5b82p0,cgkvw4q8ddcjl0po181upzwx6,E. Kahl,Eric Kahl,24,Defender,Sweden,Defender,87.0,0.0,89.0,10.0,176.0,1.0,1.0,0.0,1.0,1.0,15.0,287.0,1.0,6.0,2.0,5.0,11.0,5.0,0.0,1.0,1.0,0.0,0.0,1.0,0.0,0.0,0.0,85.44,47.62,0.0,100.0,0.0,55.56,50.0,66.67,0.0489551015687574,0.0522797126524559,1.0,3.0,0.06152934,1.0,29.0,28.0,0.4713834899999999,101.0,27.28222996515679,0.0,27.909407665505224,3.1358885017421603,55.191637630662015,0.313588850174216,0.313588850174216,0.0,0.313588850174216,0.313588850174216,4.70383275261324,0.313588850174216,1.881533101045296,0.627177700348432,1.56794425087108,3.449477351916376,1.56794425087108,0.0,0.313588850174216,0.313588850174216,0.0,0.0,0.313588850174216,0.0,0.0,0.0,85.44,47.62,0.0,100.0,0.0,55.56,50.0,66.67,0.0153517740111085,0.016394334978122,0.313588850174216,0.940766550522648,0.0192949149825783,0.313588850174216,9.094076655052264,8.780487804878048,0.147820606620209,31.672473867595816,LB/LCB,87,27,93,80,87,47,33,20,67,73,57,27,80,40,80,70,90,47,40,37,47,33,57,37,53,53,80,73,27,90,33,60,77,63,33,33,70,47,40,43,100,100,73,100,80,27,93,87,87,33,27,20,60,73,53,20,80,40,87,67,73,47,27,27,47,33,47,37,53,53,80,73,27,90,33,60,77,63,27,33,67,47,40,47,100,100,73,100,Danish Superliga
AGF,5rz9enoyknpg8ji78za5b82p0,esasiq4j83g377zb8zi0bgpnt,J. Serra,Janni Serra,28,Attacker,Germany,Striker,5.0,0.0,10.0,0.0,15.0,3.0,3.0,3.0,0.0,0.0,4.0,90.0,8.0,0.0,0.0,2.0,0.0,0.0,0.0,2.0,2.0,0.0,0.0,2.0,0.0,0.0,0.0,78.95,0.0,0.0,100.0,0.0,66.67,66.67,0.0,0.3612017973388728,0.0799533063564394,0.0,1.0,0.01689528,0.0,0.0,0.0,0.00531519,4.0,5.0,0.0,10.0,0.0,15.0,3.0,3.0,3.0,0.0,0.0,4.0,8.0,0.0,0.0,2.0,0.0,0.0,0.0,2.0,2.0,0.0,0.0,2.0,0.0,0.0,0.0,78.95,0.0,0.0,100.0,0.0,66.67,66.67,0.0,0.3612017973388728,0.0799533063564394,0.0,1.0,0.01689528,0.0,0.0,0.0,0.00531519,4.0,ST,14,43,14,21,11,62,27,46,23,16,4,43,5,20,36,11,32,52,32,29,23,16,62,43,48,50,79,21,43,93,16,100,91,20,46,21,23,18,11,23,12,7,4,9,71,43,71,21,71,100,79,89,23,16,34,89,5,20,64,11,32,52,57,54,23,16,93,43,48,50,79,21,43,93,16,100,91,20,86,57,23,50,25,23,12,7,7,46,Danish Superliga
AGF,5rz9enoyknpg8ji78za5b82p0,eyq4y2syfou2qo5a795rmjhpm,M. Solbakken,Markus Solbakken,26,Midfielder,Norway,Midfielder,46.0,0.0,50.0,5.0,96.0,2.0,4.0,1.0,3.0,2.0,7.0,125.0,6.0,4.0,0.0,0.0,1.0,2.0,0.0,3.0,3.0,0.0,1.0,2.0,1.0,0.0,0.0,94.12,83.33,0.0,66.67,25.0,58.33,0.0,0.0,0.2354159024925948,0.1701352551215604,4.0,6.0,0.16399805,2.0,1.0,9.0,0.15614212,49.0,33.120000000000005,0.0,36.0,3.6,69.12,1.44,2.88,0.72,2.16,1.44,5.04,4.32,2.88,0.0,0.0,0.72,1.44,0.0,2.16,2.16,0.0,0.72,1.44,0.72,0.0,0.0,94.12,83.33,0.0,66.67,25.0,58.33,0.0,0.0,0.1694994497946682,0.1224973836875235,2.88,4.32,0.118078596,1.44,0.72,6.48,0.1124223264,35.28,DM/CM,47,37,48,55,40,47,75,68,85,87,22,83,57,3,12,7,28,48,60,58,43,60,77,88,52,52,100,100,37,87,57,83,13,3,70,53,97,77,83,60,5,48,43,53,90,37,97,97,97,90,100,83,100,100,53,100,90,3,12,10,60,48,80,80,43,83,87,97,52,52,100,100,37,87,57,83,13,3,90,90,100,93,100,93,7,97,83,97,Danish Superliga
Brøndby,9qsmopgutr7ut5g6workk8w4i,13z6jj0jpv4z3c3uh9t7bz9m2,M. Frøkjær-Jensen,Mads Frökjaer-Jensen,27,Midfielder,Denmark,Midfielder,25.0,6.0,119.0,6.0,138.0,11.0,12.0,2.0,10.0,3.0,22.0,411.0,10.0,4.0,2.0,2.0,1.0,7.0,0.0,16.0,16.0,2.0,5.0,9.0,0.0,0.0,0.0,73.8,46.15,24.0,56.25,41.67,51.16,66.67,28.57,0.8134546725712237,1.1440698085437493,6.0,19.0,0.4893229199999999,17.0,17.0,28.0,0.96181041,83.0,5.474452554744526,1.3138686131386863,26.058394160583944,1.3138686131386863,30.218978102189784,2.408759124087591,2.6277372262773726,0.437956204379562,2.18978102189781,0.6569343065693432,4.817518248175182,2.18978102189781,0.8759124087591241,0.437956204379562,0.437956204379562,0.218978102189781,1.5328467153284673,0.0,3.5036496350364965,3.5036496350364965,0.437956204379562,1.094890510948905,1.9708029197080288,0.0,0.0,0.0,73.8,46.15,24.0,56.25,41.67,51.16,66.67,28.57,0.1781287604170563,0.2505262354475363,1.3138686131386863,4.160583941605839,0.107151004379562,3.7226277372262775,3.7226277372262775,6.131386861313869,0.2106154182481752,18.175182481751825,CM/AM,26,89,83,72,59,91,89,26,100,63,78,41,48,26,37,20,98,52,96,93,91,96,96,35,50,52,22,48,61,78,78,70,91,17,83,91,96,87,91,100,67,91,100,74,17,91,65,48,43,78,74,22,100,39,48,30,30,17,26,13,91,52,87,87,91,91,96,35,50,52,22,48,61,78,78,70,91,17,61,78,96,74,65,100,52,74,91,57,Danish Superliga
Brøndby,9qsmopgutr7ut5g6workk8w4i,1thbt0dca4eqad81ldqa5iqz8,O. Fenger,Oskar Fenger,18,Attacker,Denmark,Striker,4.0,0.0,7.0,0.0,11.0,1.0,4.0,4.0,0.0,1.0,5.0,195.0,13.0,2.0,1.0,1.0,2.0,0.0,0.0,2.0,2.0,1.0,1.0,1.0,1.0,0.0,0.0,73.33,0.0,0.0,50.0,25.0,33.33,20.0,100.0,0.5535714483514808,0.1260115941699189,0.0,2.0,0.29256688,0.0,0.0,0.0,0.00551751,4.0,1.8461538461538465,0.0,3.230769230769231,0.0,5.0769230769230775,0.4615384615384615,1.8461538461538465,1.8461538461538465,0.0,0.4615384615384615,2.307692307692308,6.0,0.9230769230769232,0.4615384615384615,0.4615384615384615,0.9230769230769232,0.0,0.0,0.9230769230769232,0.9230769230769232,0.4615384615384615,0.4615384615384615,0.4615384615384615,0.4615384615384615,0.0,0.0,73.33,0.0,0.0,50.0,25.0,33.33,20.0,100.0,0.2554945146237604,0.0581591973091933,0.0,0.9230769230769232,0.1350308676923076,0.0,0.0,0.0,0.002546543076923,1.8461538461538465,ST,9,43,5,21,5,25,46,61,23,52,7,77,34,48,27,50,32,52,32,29,68,36,30,93,48,50,48,21,43,64,32,23,23,84,61,43,23,39,89,23,12,7,7,9,7,43,4,21,4,21,54,64,23,61,7,79,32,54,25,50,32,52,36,29,71,36,36,96,48,50,48,21,43,64,32,23,23,84,61,46,23,43,96,23,12,7,4,7,Danish Superliga
Brøndby,9qsmopgutr7ut5g6workk8w4i,2z8u8kyv91shp0la8alkn6kus,M. Ejdum,Max Ejdum,21,Midfielder,Denmark,Midfielder,51.0,1.0,108.0,1.0,158.0,9.0,6.0,4.0,2.0,2.0,18.0,374.0,14.0,7.0,2.0,4.0,9.0,4.0,0.0,5.0,5.0,0.0,0.0,3.0,2.0,0.0,0.0,82.29,16.67,50.0,60.0,0.0,46.15,50.0,50.0,0.5731944474237963,0.5462645904707273,1.0,7.0,0.17531786,2.0,15.0,18.0,0.5838783100000001,87.0,12.272727272727272,0.2406417112299465,25.989304812834224,0.2406417112299465,38.021390374331546,2.1657754010695185,1.443850267379679,0.962566844919786,0.481283422459893,0.481283422459893,4.331550802139037,3.368983957219251,1.6844919786096255,0.481283422459893,0.962566844919786,2.1657754010695185,0.962566844919786,0.0,1.2032085561497323,1.2032085561497323,0.0,0.0,0.7219251336898395,0.481283422459893,0.0,0.0,82.29,16.67,50.0,60.0,0.0,46.15,50.0,50.0,0.1379344926955659,0.1314540458352017,0.2406417112299465,1.6844919786096255,0.0421887898395721,0.481283422459893,3.6096256684491976,4.331550802139037,0.1405054756684492,20.935828877005346,CM/AM,65,46,74,17,74,72,46,63,46,35,61,83,76,26,80,83,76,52,48,46,28,13,54,98,50,52,61,17,89,83,13,50,54,30,48,52,28,48,39,24,57,61,70,78,57,35,61,17,57,70,30,48,26,26,39,65,70,22,61,83,70,52,35,35,28,13,48,91,50,52,61,17,89,83,13,50,54,30,39,43,26,35,26,17,48,57,52,70,Danish Superliga
Brøndby,9qsmopgutr7ut5g6workk8w4i,3luquna7mmn8rvooqevn0q0h5,B. Slisz,Bartosz Slisz,27,Midfielder,Poland,Midfielder,92.0,0.0,158.0,8.0,250.0,2.0,5.0,1.0,4.0,3.0,25.0,450.0,2.0,6.0,6.0,3.0,15.0,13.0,0.0,8.0,8.0,1.0,1.0,4.0,0.0,0.0,0.0,90.58,66.67,0.0,50.0,20.0,49.02,50.0,50.0,0.3748830219499938,0.1376551736793673,4.0,23.0,0.49994241,4.0,36.0,25.0,0.4301494799999999,151.0,18.4,0.0,31.6,1.6,50.0,0.4,1.0,0.2,0.8,0.6,5.0,0.4,1.2,1.2,0.6,3.0,2.6,0.0,1.6,1.6,0.2,0.2,0.8,0.0,0.0,0.0,90.58,66.67,0.0,50.0,20.0,49.02,50.0,50.0,0.0749766043899987,0.0275310347358734,0.8,4.6,0.099988482,0.8,7.2,5.0,0.0860298959999999,30.2,DM/CM,83,37,97,83,93,47,87,68,95,97,85,45,78,75,68,95,98,48,90,90,90,60,90,38,52,52,87,92,37,70,48,47,63,33,83,43,97,100,100,85,100,93,77,95,57,37,90,52,77,27,57,53,73,87,50,25,53,48,47,85,85,48,73,70,87,48,77,38,52,52,87,92,37,70,48,47,63,33,63,33,83,97,93,63,97,83,63,88,Danish Superliga
Brøndby,9qsmopgutr7ut5g6workk8w4i,3sadup8mjwu4dc96wz6lmixn9,P. Mortensen,Patrick Mortensen,37,Attacker,Denmark,Striker,9.0,0.0,18.0,0.0,27.0,0.0,6.0,5.0,1.0,3.0,14.0,210.0,8.0,4.0,1.0,9.0,10.0,1.0,0.0,0.0,0.0,0.0,0.0,0.0,0.0,0.0,0.0,75.0,0.0,0.0,0.0,0.0,63.64,75.0,100.0,0.6017024227581927,0.0,0.0,3.0,0.08461668,0.0,1.0,1.0,0.0299649,8.0,3.8571428571428568,0.0,7.7142857142857135,0.0,11.571428571428571,0.0,2.571428571428571,2.142857142857143,0.4285714285714285,1.2857142857142856,6.0,3.4285714285714284,1.7142857142857142,0.4285714285714285,3.8571428571428568,4.285714285714286,0.4285714285714285,0.0,0.0,0.0,0.0,0.0,0.0,0.0,0.0,0.0,75.0,0.0,0.0,0.0,0.0,63.64,75.0,100.0,0.2578724668963683,0.0,0.0,1.2857142857142856,0.0362642914285714,0.0,0.4285714285714285,0.4285714285714285,0.0128420999999999,3.4285714285714284,ST,46,43,50,21,48,7,66,71,57,98,73,43,80,48,86,100,73,52,5,5,23,16,11,43,48,50,61,21,43,11,16,96,98,84,64,7,23,66,50,23,34,20,21,39,46,43,43,21,36,7,68,75,50,96,79,39,86,46,93,100,68,52,5,5,23,16,11,43,48,50,61,21,43,11,16,96,98,84,64,7,23,64,50,23,32,14,18,25,Danish Superliga
Brøndby,9qsmopgutr7ut5g6workk8w4i,56sjqxlsf5iitgww0hogez8ph,J. Vanlerberghe,Jordi Vanlerberghe,30,Defender,Belgium,Defender,173.0,0.0,130.0,10.0,303.0,0.0,3.0,2.0,1.0,1.0,22.0,448.0,3.0,1.0,5.0,9.0,20.0,8.0,1.0,1.0,1.0,1.0,1.0,1.0,0.0,0.0,0.0,87.07,37.04,0.0,100.0,33.33,61.11,50.0,45.45,0.3361939869619386,0.0,1.0,7.0,0.12974154,2.0,36.0,24.0,0.5669392399999997,216.0,34.754464285714285,0.0,26.116071428571427,2.008928571428571,60.87053571428572,0.0,0.6026785714285714,0.4017857142857143,0.2008928571428571,0.2008928571428571,4.419642857142857,0.6026785714285714,0.2008928571428571,1.0044642857142856,1.8080357142857144,4.017857142857142,1.6071428571428572,0.2008928571428571,0.2008928571428571,0.2008928571428571,0.2008928571428571,0.2008928571428571,0.2008928571428571,0.0,0.0,0.0,87.07,37.04,0.0,100.0,33.33,61.11,50.0,45.45,0.0675389705950323,0.0,0.2008928571428571,1.40625,0.0260641486607142,0.4017857142857143,7.232142857142857,4.821428571428571,0.1138940437499999,43.39285714285714,CB,76,38,94,60,85,16,69,62,81,78,81,32,22,74,69,57,90,96,56,56,88,71,72,46,51,51,38,29,38,91,75,63,43,26,68,18,88,84,68,62,97,88,85,91,59,38,74,38,71,16,50,41,79,79,56,29,15,56,68,38,82,91,44,44,85,68,68,46,51,51,38,29,38,91,75,63,43,26,50,18,85,71,65,53,94,68,56,85,Danish Superliga
Brøndby,9qsmopgutr7ut5g6workk8w4i,8l12vx57ou6ho0vptjh22r5yh,L. Binks,Luis Binks,24,Defender,England,Defender,196.0,0.0,122.0,16.0,318.0,5.0,7.0,6.0,1.0,2.0,26.0,450.0,17.0,7.0,0.0,15.0,34.0,3.0,0.0,2.0,2.0,1.0,2.0,1.0,2.0,0.0,0.0,87.6,40.0,0.0,50.0,28.57,57.78,62.5,0.0,0.7733188011310672,0.4113007036661682,1.0,7.0,0.15226884,3.0,24.0,19.0,0.7477297199999998,208.0,39.2,0.0,24.4,3.2,63.6,1.0,1.4,1.2,0.2,0.4,5.2,3.4,1.4,0.0,3.0,6.8,0.6,0.0,0.4,0.4,0.2,0.4,0.2,0.4,0.0,0.0,87.6,40.0,0.0,50.0,28.57,57.78,62.5,0.0,0.1546637602262134,0.0822601407332336,0.2,1.4,0.030453768,0.6,4.8,3.8,0.1495459439999999,41.6,CB,85,38,91,84,91,93,97,97,81,90,94,97,100,9,97,91,46,46,76,76,88,88,72,100,51,51,44,35,38,65,71,50,68,9,97,94,88,84,79,75,84,78,97,88,74,38,68,62,76,84,82,91,72,87,74,88,85,9,84,76,26,46,65,65,82,79,60,100,51,51,44,35,38,65,71,50,68,9,85,85,82,68,71,62,68,56,82,76,Danish Superliga
Brøndby,9qsmopgutr7ut5g6workk8w4i,8wb6zb0imo0295asm428cur55,M. Köhlert,Mats Köhlert,28,Defender,Germany,Defender,96.0,7.0,111.0,9.0,200.0,6.0,2.0,1.0,1.0,0.0,12.0,387.0,8.0,3.0,8.0,1.0,10.0,1.0,0.0,1.0,1.0,0.0,1.0,0.0,1.0,0.0,0.0,90.09,69.23,25.0,0.0,50.0,35.29,16.67,100.0,0.222470696831582,0.659624419165287,1.0,6.0,0.14335838,3.0,13.0,22.0,0.7818962199999997,84.0,22.32558139534884,1.627906976744186,25.813953488372093,2.0930232558139537,46.51162790697675,1.3953488372093024,0.4651162790697674,0.2325581395348837,0.2325581395348837,0.0,2.7906976744186047,1.8604651162790693,0.6976744186046512,1.8604651162790693,0.2325581395348837,2.3255813953488373,0.2325581395348837,0.0,0.2325581395348837,0.2325581395348837,0.0,0.2325581395348837,0.0,0.2325581395348837,0.0,0.0,90.09,69.23,25.0,0.0,50.0,35.29,16.67,100.0,0.0517373713561818,0.1534010277128574,0.2325581395348837,1.3953488372093024,0.0333391581395348,0.6976744186046512,3.0232558139534884,5.116279069767442,0.181836330232558,19.53488372093023,LB/LCB,93,100,100,73,93,93,53,47,67,33,40,73,43,77,23,60,10,47,40,37,47,80,20,83,53,53,100,100,70,20,97,7,27,93,67,93,70,77,67,77,80,93,100,93,60,100,80,53,73,93,40,40,53,33,20,60,33,67,20,27,7,47,20,20,47,73,20,73,53,53,100,100,70,20,97,7,27,93,53,93,60,60,53,67,73,80,93,73,Danish Superliga
Brøndby,9qsmopgutr7ut5g6workk8w4i,94560hgwsjkx8qgz48f7gzitw,O. Hyseni,Olti Hyseni,19,Attacker,Denmark,Striker,19.0,4.0,32.0,1.0,47.0,4.0,12.0,9.0,3.0,5.0,13.0,225.0,18.0,6.0,2.0,1.0,1.0,2.0,0.0,10.0,12.0,2.0,4.0,4.0,2.0,0.0,0.0,68.12,25.0,33.33,40.0,33.33,38.24,50.0,66.67,1.2493858891784877,0.5355116740388338,3.0,5.0,0.10500306,0.0,2.0,5.0,0.8080517399999999,15.0,7.6,1.6,12.8,0.4,18.8,1.6,4.8,3.6,1.2,2.0,5.2,7.2,2.4,0.8,0.4,0.4,0.8,0.0,4.0,4.8,0.8,1.6,1.6,0.8,0.0,0.0,68.12,25.0,33.33,40.0,33.33,38.24,50.0,66.67,0.4997543556713951,0.2142046696155335,1.2,2.0,0.042001224,0.0,0.8,2.0,0.323220696,6.0,LW,71,86,14,43,14,36,71,64,71,86,21,29,71,57,50,43,86,57,43,43,93,86,14,100,57,57,29,50,100,36,86,57,93,79,86,57,43,14,14,14,14,36,100,21,86,100,43,57,57,57,100,100,86,100,86,57,100,71,57,43,86,57,43,43,100,86,43,100,57,57,29,50,100,36,86,57,93,79,100,100,57,43,14,14,14,57,100,43,Danish Superliga
Brøndby,9qsmopgutr7ut5g6workk8w4i,9auqrrixu34cgkpe8trlkaoh6,F. Bundgaard,Filip Bundgaard,22,Attacker,Denmark,Striker,18.0,1.0,44.0,1.0,61.0,3.0,9.0,5.0,4.0,4.0,14.0,284.0,15.0,6.0,1.0,2.0,2.0,3.0,0.0,9.0,9.0,0.0,1.0,5.0,0.0,0.0,0.0,76.25,33.33,12.5,55.56,11.11,41.18,28.57,100.0,0.6049419076061548,0.3032643040502783,4.0,6.0,0.1359921,1.0,5.0,4.0,0.43560306,23.0,5.704225352112676,0.3169014084507042,13.943661971830986,0.3169014084507042,19.33098591549296,0.9507042253521129,2.852112676056338,1.5845070422535212,1.267605633802817,1.267605633802817,4.436619718309859,4.753521126760564,1.9014084507042253,0.3169014084507042,0.6338028169014085,0.6338028169014085,0.9507042253521129,0.0,2.852112676056338,2.852112676056338,0.0,0.3169014084507042,1.5845070422535212,0.0,0.0,0.0,76.25,33.33,12.5,55.56,11.11,41.18,28.57,100.0,0.1917069425512462,0.0961048850863558,1.267605633802817,1.9014084507042253,0.043096088028169,0.3169014084507042,1.5845070422535212,1.267605633802817,0.1380432232394366,7.288732394366197,LW,57,29,43,43,57,14,29,14,100,50,50,14,71,21,86,57,100,57,29,21,29,29,36,36,57,57,71,79,29,86,29,71,57,100,14,14,64,29,29,36,64,14,43,43,71,29,57,43,71,14,43,14,100,57,29,14,71,14,100,71,100,57,29,29,29,29,29,36,57,57,71,79,29,86,29,71,57,100,14,14,86,29,29,43,71,14,57,71,Danish Superliga
Brøndby,9qsmopgutr7ut5g6workk8w4i,adra6wrtnrz7de6pmaf1ugm50,M. Younis,Marcus Younis,21,Attacker,Australia,Striker,11.0,3.0,36.0,1.0,44.0,6.0,7.0,6.0,1.0,1.0,16.0,340.0,17.0,6.0,3.0,2.0,0.0,0.0,0.0,10.0,10.0,1.0,3.0,3.0,1.0,0.0,0.0,89.8,100.0,30.0,30.0,42.86,34.04,33.33,60.0,0.6475325247511501,0.510400780646638,3.0,11.0,0.36922039,1.0,1.0,2.0,0.33086819,9.0,2.911764705882353,0.7941176470588236,9.529411764705882,0.2647058823529412,11.647058823529411,1.5882352941176472,1.8529411764705883,1.5882352941176472,0.2647058823529412,0.2647058823529412,4.235294117647059,4.5,1.5882352941176472,0.7941176470588236,0.5294117647058824,0.0,0.0,0.0,2.647058823529412,2.647058823529412,0.2647058823529412,0.7941176470588236,0.7941176470588236,0.2647058823529412,0.0,0.0,89.8,100.0,30.0,30.0,42.86,34.04,33.33,60.0,0.1714056683164809,0.1351060889946982,0.7941176470588236,2.911764705882353,0.097734809117647,0.2647058823529412,0.2647058823529412,0.5294117647058824,0.0875827561764705,2.3823529411764706,RW,88,100,100,88,100,100,100,100,88,88,100,88,100,75,100,38,62,62,75,75,100,100,62,100,62,62,100,100,75,50,75,25,88,25,75,100,100,100,100,50,88,62,75,50,50,100,50,75,25,75,50,75,75,75,25,25,75,25,100,38,62,62,50,50,100,75,50,100,62,62,100,100,75,50,75,25,88,25,50,75,100,75,75,25,75,50,75,25,Danish Superliga
Brøndby,9qsmopgutr7ut5g6workk8w4i,bxx5rebv553opcpvc2x70g6sq,O. Villadsen,Oliver Villadsen,24,Defender,Denmark,Defender,88.0,3.0,111.0,4.0,196.0,8.0,3.0,0.0,3.0,1.0,22.0,437.0,9.0,7.0,7.0,2.0,13.0,12.0,0.0,6.0,7.0,0.0,1.0,4.0,0.0,0.0,0.0,86.34,40.0,21.43,66.67,33.33,57.89,50.0,77.78,0.213576384776704,0.5413335200986166,0.0,10.0,0.28207034,6.0,25.0,32.0,0.8132859900000001,96.0,18.123569794050344,0.6178489702517163,22.860411899313505,0.8237986270022883,40.36613272311213,1.647597254004577,0.6178489702517163,0.0,0.6178489702517163,0.205949656750572,4.530892448512586,1.853546910755149,1.4416475972540046,1.4416475972540046,0.4118993135011441,2.677345537757437,2.471395881006865,0.0,1.2356979405034323,1.4416475972540046,0.0,0.205949656750572,0.8237986270022883,0.0,0.0,0.0,86.34,40.0,21.43,66.67,33.33,57.89,50.0,77.78,0.0439859831347902,0.111487452651889,0.0,2.059496567505721,0.0580922897025171,1.2356979405034323,5.148741418764303,6.590389016018307,0.1674959704805492,19.77116704805492,RB/RCB,77,92,100,54,92,100,77,23,100,73,77,85,92,88,31,65,100,50,88,92,54,85,96,50,54,54,77,50,54,85,85,54,62,77,54,100,35,96,100,92,92,100,100,69,62,77,85,38,77,100,62,23,92,77,54,77,92,69,15,54,92,50,69,69,54,85,85,50,54,54,77,50,54,85,85,54,62,77,38,92,35,77,85,77,85,85,77,62,Danish Superliga
Brøndby,9qsmopgutr7ut5g6workk8w4i,caoahimfnw46l1vnpsp6vf9qs,J. Ambæk,Jacob Ambæk,18,Attacker,Denmark,Striker,7.0,0.0,11.0,2.0,18.0,0.0,2.0,2.0,0.0,1.0,8.0,134.0,2.0,2.0,0.0,1.0,2.0,0.0,0.0,3.0,4.0,0.0,0.0,2.0,0.0,0.0,0.0,72.0,66.67,0.0,66.67,0.0,40.0,33.33,0.0,0.2026881633078777,0.0,0.0,3.0,0.0846558299999999,1.0,0.0,1.0,0.01908536,6.0,4.701492537313433,0.0,7.388059701492537,1.343283582089552,12.08955223880597,0.0,1.343283582089552,1.343283582089552,0.0,0.6716417910447761,5.3731343283582085,1.343283582089552,1.343283582089552,0.0,0.6716417910447761,1.343283582089552,0.0,0.0,2.014925373134328,2.686567164179104,0.0,0.0,1.343283582089552,0.0,0.0,0.0,72.0,66.67,0.0,66.67,0.0,40.0,33.33,0.0,0.136133841027679,0.0,0.0,2.014925373134328,0.056858393283582,0.6716417910447761,0.0,0.6716417910447761,0.0128185253731343,4.029850746268656,ST,23,43,18,84,18,7,14,32,23,52,34,4,34,20,27,50,32,52,43,50,23,16,62,43,48,50,39,70,43,75,16,52,43,20,18,7,23,66,54,54,12,20,14,23,61,43,36,96,46,7,29,46,23,75,64,7,64,20,29,75,32,52,61,68,23,16,86,43,48,50,39,70,43,75,16,52,43,20,36,7,23,82,64,68,12,29,14,50,Danish Superliga
København,b3r6d8ydtmtjckam6pku9y400,2ubad2kxha6n1c8c8sr2ogmad,B. Meling,Birger Meling,31,Defender,Norway,Defender,48.0,1.0,54.0,6.0,101.0,4.0,4.0,2.0,2.0,0.0,16.0,225.0,4.0,5.0,6.0,2.0,8.0,1.0,1.0,1.0,1.0,4.0,4.0,1.0,0.0,0.0,0.0,90.18,85.71,16.67,100.0,100.0,66.67,40.0,75.0,0.5470122416225,0.3328277231162998,1.0,6.0,0.1620214999999999,3.0,9.0,14.0,0.5205233199999999,53.0,19.2,0.4,21.6,2.4,40.4,1.6,1.6,0.8,0.8,0.0,6.4,1.6,2.0,2.4,0.8,3.2,0.4,0.4,0.4,0.4,1.6,1.6,0.4,0.0,0.0,0.0,90.18,85.71,16.67,100.0,100.0,66.67,40.0,75.0,0.218804896649,0.1331310892465199,0.4,2.4,0.0648085999999999,1.2,3.6,5.6,0.2082093279999999,21.2,CB,21,85,37,38,24,85,82,62,97,37,63,44,91,90,24,29,15,96,56,56,100,97,72,46,51,51,68,100,79,91,97,85,25,63,88,85,88,74,85,75,47,62,79,35,18,91,56,47,26,94,88,71,97,37,88,53,96,97,28,29,15,100,65,65,97,97,85,46,51,51,68,100,79,91,97,85,25,63,94,94,91,88,85,88,53,85,91,38,Danish Superliga
København,b3r6d8ydtmtjckam6pku9y400,43q9ytkbmtk5y3tgv77v7pmg9,M. Madsen,Mads Emil Madsen,28,Midfielder,Denmark,Midfielder,36.0,0.0,42.0,2.0,78.0,3.0,4.0,3.0,1.0,1.0,17.0,276.0,10.0,3.0,8.0,3.0,2.0,0.0,0.0,2.0,2.0,1.0,1.0,1.0,1.0,0.0,0.0,75.0,50.0,0.0,50.0,25.0,54.84,50.0,80.0,0.3584987167872204,0.2859649043116173,2.0,5.0,0.1838138799999999,2.0,7.0,9.0,0.2441752599999999,36.0,11.739130434782608,0.0,13.695652173913045,0.6521739130434783,25.43478260869565,0.9782608695652172,1.3043478260869563,0.9782608695652172,0.3260869565217391,0.3260869565217391,5.5434782608695645,3.260869565217391,0.9782608695652172,2.608695652173913,0.9782608695652172,0.6521739130434783,0.0,0.0,0.6521739130434783,0.6521739130434783,0.3260869565217391,0.3260869565217391,0.3260869565217391,0.3260869565217391,0.0,0.0,75.0,50.0,0.0,50.0,25.0,54.84,50.0,80.0,0.1169017554740936,0.0932494253190056,0.6521739130434783,1.6304347826086956,0.0599393086956521,0.6521739130434783,2.282608695652174,2.934782608695652,0.0796223673913043,11.739130434782608,CM/AM,43,17,17,28,17,30,24,46,15,20,52,41,33,89,61,35,11,52,15,13,70,37,24,80,50,52,30,54,17,48,43,83,54,76,30,35,59,33,48,24,26,28,26,30,52,17,17,30,30,26,22,52,17,17,65,61,39,96,65,35,11,52,13,9,78,35,22,83,50,52,30,54,17,48,43,83,54,76,30,26,48,30,48,22,26,30,13,35,Danish Superliga
København,b3r6d8ydtmtjckam6pku9y400,4cbaoo2irqtme9goxuz6s3ey2,Gabriel Pereira,Gabriel Pereira Magalhães dos Santos,26,Defender,Brazil,Defender,165.0,0.0,93.0,15.0,258.0,1.0,2.0,2.0,0.0,1.0,15.0,306.0,4.0,3.0,3.0,6.0,14.0,4.0,0.0,3.0,3.0,0.0,0.0,2.0,0.0,0.0,0.0,88.66,51.72,0.0,66.67,0.0,68.18,54.55,75.0,0.2416911670697928,0.0594006928971659,0.0,1.0,0.01870347,0.0,19.0,18.0,0.3252147500000001,129.0,48.52941176470589,0.0,27.35294117647059,4.411764705882353,75.88235294117648,0.2941176470588235,0.5882352941176471,0.5882352941176471,0.0,0.2941176470588235,4.411764705882353,1.1764705882352942,0.8823529411764706,0.8823529411764706,1.7647058823529411,4.11764705882353,1.1764705882352942,0.0,0.8823529411764706,0.8823529411764706,0.0,0.0,0.5882352941176471,0.0,0.0,0.0,88.66,51.72,0.0,66.67,0.0,68.18,54.55,75.0,0.0710856373734684,0.0174707920285782,0.0,0.2941176470588235,0.0055010205882352,0.0,5.588235294117648,5.294117647058823,0.0956513970588235,37.94117647058824,CB,74,38,68,78,74,46,53,62,35,78,51,44,62,49,57,38,57,46,88,88,41,31,94,46,51,51,53,68,38,74,31,93,56,63,53,41,41,22,24,22,74,72,44,57,85,38,82,85,94,44,44,50,35,82,53,41,66,44,59,41,50,46,85,85,41,31,94,46,51,51,53,68,38,74,31,93,56,63,53,44,41,18,18,22,74,76,44,68,Danish Superliga
København,b3r6d8ydtmtjckam6pku9y400,4gqnyyx3i92fayq6cxvekqwut,T. Delaney,Thomas Delaney,34,Midfielder,Denmark,Midfielder,65.0,0.0,54.0,5.0,119.0,3.0,1.0,1.0,0.0,1.0,22.0,246.0,4.0,6.0,8.0,5.0,4.0,3.0,0.0,2.0,2.0,0.0,0.0,0.0,0.0,0.0,0.0,85.61,35.71,0.0,0.0,0.0,66.67,71.43,72.73,0.1063132819350369,0.2752031608660001,0.0,2.0,0.06452141,2.0,11.0,14.0,0.3240288,58.0,23.78048780487805,0.0,19.756097560975608,1.829268292682927,43.53658536585366,1.0975609756097562,0.3658536585365853,0.3658536585365853,0.0,0.3658536585365853,8.048780487804878,1.4634146341463414,2.1951219512195124,2.926829268292683,1.829268292682927,1.4634146341463414,1.0975609756097562,0.0,0.7317073170731707,0.7317073170731707,0.0,0.0,0.0,0.0,0.0,0.0,85.61,35.71,0.0,0.0,0.0,66.67,71.43,72.73,0.0388951031469647,0.1006840832436585,0.0,0.7317073170731707,0.023605393902439,0.7317073170731707,4.024390243902439,5.121951219512195,0.1185471219512195,21.21951219512195,DM/CM,67,37,60,55,67,70,27,68,15,67,75,68,78,97,87,40,48,48,47,47,43,23,23,38,52,52,60,40,37,23,23,97,90,77,33,83,27,28,47,60,65,75,73,60,73,37,70,60,63,80,23,63,15,67,90,70,77,97,87,40,37,48,47,47,43,23,23,38,52,52,60,40,37,23,23,97,90,77,40,80,27,33,50,57,70,87,87,60,Danish Superliga
København,b3r6d8ydtmtjckam6pku9y400,6tckvu2rw7ns18dq7dim0sout,M. Elyounoussi,Mohamed Elyounoussi,32,Midfielder,Norway,Midfielder,37.0,7.0,65.0,4.0,95.0,11.0,14.0,10.0,4.0,3.0,19.0,360.0,21.0,2.0,3.0,3.0,3.0,1.0,0.0,19.0,20.0,4.0,6.0,10.0,0.0,0.0,0.0,78.51,57.14,31.82,52.63,42.86,42.22,60.0,75.0,1.421765803163266,1.079584154263047,4.0,12.0,0.3160431,9.0,5.0,6.0,0.4864854,46.0,9.25,1.75,16.25,1.0,23.75,2.75,3.5,2.5,1.0,0.75,4.75,5.25,0.5,0.75,0.75,0.75,0.25,0.0,4.75,5.0,1.0,1.5,2.5,0.0,0.0,0.0,78.51,57.14,31.82,52.63,42.86,42.22,60.0,75.0,0.3554414507908165,0.2698960385657618,1.0,3.0,0.079010775,2.25,1.25,1.5,0.12162135,11.5,CM/AM,48,96,35,52,39,91,100,96,78,63,72,96,17,48,61,48,26,52,100,100,100,100,100,35,50,52,35,67,70,70,83,35,72,65,96,87,85,67,65,87,17,13,52,39,35,96,26,39,26,87,96,87,65,48,43,78,13,30,43,43,26,52,100,100,100,100,100,35,50,52,35,67,70,70,83,35,72,65,87,91,78,61,61,83,13,4,43,26,Danish Superliga
København,b3r6d8ydtmtjckam6pku9y400,7hw1plnv7nvxnqpnfnxcxszpx,A. Cornelius,Andreas Cornelius,33,Attacker,Denmark,Striker,10.0,0.0,16.0,1.0,26.0,2.0,2.0,1.0,1.0,0.0,6.0,135.0,7.0,1.0,0.0,4.0,1.0,0.0,0.0,0.0,0.0,0.0,1.0,0.0,0.0,0.0,0.0,63.41,50.0,0.0,0.0,50.0,42.86,50.0,0.0,0.1937734076883078,0.1721587320469959,1.0,1.0,0.10805102,0.0,2.0,1.0,0.04078417,8.0,6.666666666666667,0.0,10.666666666666666,0.6666666666666666,17.333333333333332,1.3333333333333333,1.3333333333333333,0.6666666666666666,0.6666666666666666,0.0,4.0,4.666666666666667,0.6666666666666666,0.0,2.6666666666666665,0.6666666666666666,0.0,0.0,0.0,0.0,0.0,0.6666666666666666,0.0,0.0,0.0,0.0,63.41,50.0,0.0,0.0,50.0,42.86,50.0,0.0,0.1291822717922052,0.1147724880313306,0.6666666666666666,0.6666666666666666,0.0720340133333333,0.0,1.3333333333333333,0.6666666666666666,0.0271894466666666,5.333333333333333,ST,61,43,32,61,39,46,14,16,57,16,16,30,14,20,59,29,32,52,5,5,23,36,11,43,48,50,14,59,43,11,71,64,70,20,14,57,55,18,64,23,54,20,32,39,86,43,79,79,89,71,25,21,71,16,34,68,21,20,82,39,32,52,5,5,23,50,11,43,48,50,14,59,43,11,71,64,70,20,32,75,64,25,82,23,86,25,43,75,Danish Superliga
København,b3r6d8ydtmtjckam6pku9y400,9taxidttdt94nmvc3mqhqq0ut,A. Král,Alex Král,28,Midfielder,Czechia,Midfielder,38.0,0.0,33.0,2.0,71.0,1.0,1.0,0.0,1.0,0.0,5.0,213.0,1.0,0.0,1.0,3.0,5.0,0.0,0.0,3.0,4.0,0.0,0.0,0.0,1.0,0.0,0.0,83.53,40.0,0.0,0.0,0.0,31.25,75.0,50.0,0.089522099461973,0.0417468171273308,0.0,2.0,0.03620728,0.0,3.0,3.0,0.0614923999999999,26.0,16.056338028169012,0.0,13.943661971830986,0.8450704225352113,30.0,0.4225352112676056,0.4225352112676056,0.0,0.4225352112676056,0.0,2.112676056338028,0.4225352112676056,0.0,0.4225352112676056,1.267605633802817,2.112676056338028,0.0,0.0,1.267605633802817,1.6901408450704225,0.0,0.0,0.0,0.4225352112676056,0.0,0.0,83.53,40.0,0.0,0.0,0.0,31.25,75.0,50.0,0.0378262392092843,0.0176395001946468,0.0,0.8450704225352113,0.0152988507042253,0.0,1.267605633802817,1.267605633802817,0.025982704225352,10.985915492957746,DM/CM,20,37,30,25,23,27,27,27,43,27,8,25,5,12,68,48,3,48,60,68,43,23,23,88,52,52,53,50,37,23,23,3,93,33,23,27,27,28,20,13,12,17,13,20,37,37,33,30,40,30,37,27,50,27,7,30,5,10,83,60,3,48,70,73,43,23,23,87,52,52,53,50,37,23,23,3,93,33,33,30,27,37,33,13,13,10,3,20,Danish Superliga
København,b3r6d8ydtmtjckam6pku9y400,aswmi1pnkzkvkexp8ngief6j9,F. Beijmo,Felix Beijmo,28,Defender,Sweden,Defender,211.0,2.0,73.0,15.0,282.0,0.0,0.0,0.0,0.0,0.0,15.0,360.0,2.0,3.0,5.0,3.0,20.0,5.0,0.0,1.0,1.0,0.0,0.0,1.0,0.0,0.0,0.0,92.76,68.18,50.0,100.0,0.0,68.18,37.5,62.5,0.0,0.0,0.0,0.0,0.0,0.0,0.0,0.0,0.0,0.0,52.75,0.5,18.25,3.75,70.5,0.0,0.0,0.0,0.0,0.0,3.75,0.5,0.75,1.25,0.75,5.0,1.25,0.0,0.25,0.25,0.0,0.0,0.25,0.0,0.0,0.0,92.76,68.18,50.0,100.0,0.0,68.18,37.5,62.5,0.0,0.0,0.0,0.0,0.0,0.0,0.0,0.0,0.0,0.0,CB,88,97,59,78,76,16,13,13,35,37,51,24,62,74,31,57,62,46,56,56,41,31,72,46,51,51,82,94,94,91,31,93,18,49,12,18,41,9,9,22,9,7,7,7,88,94,38,74,85,16,13,13,35,37,41,21,57,78,21,53,56,46,51,51,41,31,78,46,51,51,82,94,94,91,31,93,18,49,12,18,41,9,9,22,9,7,7,7,Danish Superliga
København,b3r6d8ydtmtjckam6pku9y400,bbezbukg20q5b6kfnjuzhs55g,Robert Silva,Robert Vinicius Rodrigues Silva,21,Midfielder,Brazil,Midfielder,19.0,0.0,64.0,4.0,83.0,2.0,7.0,2.0,5.0,0.0,12.0,276.0,14.0,1.0,3.0,0.0,4.0,1.0,0.0,14.0,15.0,0.0,4.0,7.0,0.0,0.0,0.0,81.37,100.0,0.0,50.0,57.14,34.29,0.0,75.0,0.4246075238367586,0.1027444303277628,4.0,20.0,0.54443945,12.0,4.0,6.0,0.16257141,28.0,6.195652173913043,0.0,20.869565217391305,1.3043478260869563,27.065217391304348,0.6521739130434783,2.282608695652174,0.6521739130434783,1.6304347826086956,0.0,3.913043478260869,4.565217391304348,0.3260869565217391,0.9782608695652172,0.0,1.3043478260869563,0.3260869565217391,0.0,4.565217391304348,4.891304347826087,0.0,1.3043478260869563,2.282608695652174,0.0,0.0,0.0,81.37,100.0,0.0,50.0,57.14,34.29,0.0,75.0,0.1384589751641604,0.03350361858514,1.3043478260869563,6.521739130434782,0.1775346032608695,3.913043478260869,1.3043478260869563,1.9565217391304344,0.0530124163043478,9.130434782608695,LM/LCM,80,40,100,80,80,40,100,60,100,40,80,100,50,90,30,80,100,60,100,100,40,100,100,50,60,60,80,100,40,70,100,20,30,100,80,20,100,100,100,100,70,80,60,80,40,40,60,60,60,20,20,20,60,40,20,60,40,80,30,80,100,60,40,40,40,100,60,50,60,60,80,100,40,70,100,20,30,100,40,20,80,100,100,100,40,40,20,40,Danish Superliga
København,b3r6d8ydtmtjckam6pku9y400,bdcpptlf4dznvgwq5st8hxwyc,J. Suzuki,Junnosuke Suzuki,23,Defender,Japan,Defender,59.0,1.0,31.0,1.0,89.0,1.0,4.0,2.0,2.0,2.0,14.0,213.0,3.0,2.0,1.0,8.0,10.0,2.0,0.0,4.0,5.0,0.0,0.0,1.0,0.0,0.0,0.0,87.25,12.5,33.33,25.0,0.0,70.0,88.89,33.33,0.2772043676743986,0.1446413084977326,0.0,2.0,0.041573,3.0,3.0,5.0,0.18361852,31.0,24.92957746478873,0.4225352112676056,13.098591549295774,0.4225352112676056,37.6056338028169,0.4225352112676056,1.6901408450704225,0.8450704225352113,0.8450704225352113,0.8450704225352113,5.915492957746479,1.267605633802817,0.8450704225352113,0.4225352112676056,3.380281690140845,4.225352112676056,0.8450704225352113,0.0,1.6901408450704225,2.112676056338028,0.0,0.0,0.4225352112676056,0.0,0.0,0.0,87.25,12.5,33.33,25.0,0.0,70.0,88.89,33.33,0.117128606059605,0.0611160458441123,0.0,0.8450704225352113,0.0175660563380281,1.267605633802817,1.267605633802817,2.112676056338028,0.077585290140845,13.098591549295774,RB/RCB,46,50,31,27,38,38,92,73,85,92,65,46,62,19,88,50,31,50,62,69,54,42,42,50,54,54,85,23,85,38,42,85,100,15,85,69,35,35,31,54,27,31,31,31,85,46,31,23,62,38,100,92,100,100,77,46,54,15,100,77,31,50,85,92,54,42,54,50,54,54,85,23,85,38,42,85,100,15,92,85,35,46,38,85,23,38,31,38,Danish Superliga
København,b3r6d8ydtmtjckam6pku9y400,dux0skggr99ydjz3kn58p3wmh,M. López,Marcos López,26,Defender,Peru,Defender,79.0,2.0,74.0,14.0,151.0,1.0,2.0,1.0,1.0,0.0,14.0,246.0,6.0,8.0,1.0,3.0,7.0,5.0,1.0,2.0,2.0,1.0,1.0,1.0,1.0,0.0,0.0,88.82,60.87,40.0,50.0,50.0,58.33,60.0,50.0,0.0991961719295116,0.1757425986085454,1.0,6.0,0.1537533399999999,2.0,10.0,12.0,0.7670301900000003,77.0,28.902439024390244,0.7317073170731707,27.07317073170732,5.121951219512195,55.24390243902439,0.3658536585365853,0.7317073170731707,0.3658536585365853,0.3658536585365853,0.0,5.121951219512195,2.1951219512195124,2.926829268292683,0.3658536585365853,1.0975609756097562,2.5609756097560976,1.829268292682927,0.3658536585365853,0.7317073170731707,0.7317073170731707,0.3658536585365853,0.3658536585365853,0.3658536585365853,0.3658536585365853,0.0,0.0,88.82,60.87,40.0,50.0,50.0,58.33,60.0,50.0,0.0362912824132359,0.0642960726616629,0.3658536585365853,2.1951219512195124,0.0562512219512194,0.7317073170731707,3.658536585365854,4.390243902439025,0.2806208012195123,28.17073170731708,LB/LCB,80,77,87,100,80,47,53,47,67,33,47,50,93,23,60,20,90,97,70,67,97,80,57,83,53,53,87,87,90,50,97,80,93,27,40,60,70,77,73,60,60,53,93,87,87,73,87,100,93,53,60,53,67,33,67,73,93,27,67,33,87,100,67,67,100,93,60,87,53,53,87,87,90,50,97,80,93,27,40,73,73,87,80,73,80,73,100,93,Danish Superliga
København,b3r6d8ydtmtjckam6pku9y400,eguzzwxdm0fwocax6srpck48a,Y. Moukoko,Youssoufa Moukoko,21,Attacker,Germany,Striker,11.0,0.0,18.0,1.0,29.0,2.0,2.0,1.0,1.0,2.0,6.0,179.0,7.0,2.0,2.0,0.0,0.0,1.0,0.0,7.0,7.0,0.0,0.0,2.0,0.0,0.0,0.0,74.36,33.33,0.0,28.57,0.0,31.58,0.0,100.0,0.2053389716902957,0.1308810847058306,0.0,3.0,0.06684108,0.0,0.0,2.0,0.05476048,10.0,5.5307262569832405,0.0,9.05027932960894,0.5027932960893855,14.58100558659218,1.005586592178771,1.005586592178771,0.5027932960893855,0.5027932960893855,1.005586592178771,3.016759776536313,3.519553072625698,1.005586592178771,1.005586592178771,0.0,0.0,0.5027932960893855,0.0,3.519553072625698,3.519553072625698,0.0,0.0,1.005586592178771,0.0,0.0,0.0,74.36,33.33,0.0,28.57,0.0,31.58,0.0,100.0,0.1032430583917687,0.0658061319749986,0.0,1.5083798882681565,0.0336072469273743,0.0,0.0,1.005586592178771,0.0275332022346368,5.027932960893855,ST,71,43,50,61,54,46,14,16,57,84,16,30,34,70,11,11,73,52,82,70,23,16,62,43,48,50,57,46,43,36,16,18,11,84,21,46,23,66,39,23,12,38,39,50,79,43,68,68,68,54,11,18,64,93,25,46,39,71,11,11,82,52,86,86,23,16,75,43,48,50,57,46,43,36,16,18,11,84,14,50,23,71,46,23,12,39,46,71,Danish Superliga
København,b3r6d8ydtmtjckam6pku9y400,ftw3io63hk5vuoa3lyfgowes,W. Clem,William Clem,22,Midfielder,Denmark,Midfielder,58.0,0.0,58.0,5.0,116.0,2.0,1.0,0.0,1.0,1.0,6.0,168.0,2.0,3.0,3.0,0.0,4.0,3.0,0.0,0.0,0.0,0.0,0.0,0.0,1.0,0.0,0.0,87.22,41.67,0.0,0.0,0.0,31.58,0.0,100.0,0.0697590084612151,0.1777718296303911,0.0,4.0,0.10970368,4.0,10.0,9.0,0.1440458299999999,43.0,31.07142857142857,0.0,31.07142857142857,2.6785714285714284,62.14285714285714,1.0714285714285714,0.5357142857142857,0.0,0.5357142857142857,0.5357142857142857,3.2142857142857144,1.0714285714285714,1.6071428571428572,1.6071428571428572,0.0,2.142857142857143,1.6071428571428572,0.0,0.0,0.0,0.0,0.0,0.0,0.5357142857142857,0.0,0.0,87.22,41.67,0.0,0.0,0.0,31.58,0.0,100.0,0.0373708973899366,0.0952349087305666,0.0,2.142857142857143,0.0587698285714285,2.142857142857143,5.357142857142857,4.821428571428571,0.0771674089285713,23.035714285714285,DM/CM,58,37,67,55,63,47,27,27,43,67,15,45,47,40,12,40,48,48,12,10,43,23,23,88,52,52,73,53,37,23,23,7,13,97,20,57,27,57,63,85,60,48,37,45,83,37,87,83,90,77,43,27,57,77,20,53,67,73,12,63,67,48,12,10,43,23,23,93,52,52,73,53,37,23,23,7,13,97,27,73,27,80,83,100,90,78,50,67,Danish Superliga
København,b3r6d8ydtmtjckam6pku9y400,smdx2p6sb134e5pd1d9socno,G. Vianney Ndjee,Geovanni Vianney Ndjee,18,Attacker,Cameroon,Striker,8.0,0.0,27.0,0.0,35.0,4.0,1.0,0.0,1.0,1.0,10.0,185.0,6.0,3.0,2.0,3.0,0.0,1.0,0.0,6.0,6.0,0.0,0.0,2.0,0.0,0.0,0.0,76.09,0.0,0.0,33.33,0.0,33.33,75.0,100.0,0.0813018067702207,0.3192055202622791,0.0,1.0,0.02385149,0.0,2.0,1.0,0.0270198899999999,9.0,3.891891891891892,0.0,13.135135135135137,0.0,17.027027027027028,1.945945945945946,0.4864864864864865,0.0,0.4864864864864865,0.4864864864864865,4.864864864864865,2.91891891891892,1.4594594594594597,0.972972972972973,1.4594594594594597,0.0,0.4864864864864865,0.0,2.91891891891892,2.91891891891892,0.0,0.0,0.972972972972973,0.0,0.0,0.0,76.09,0.0,0.0,33.33,0.0,33.33,75.0,100.0,0.0395522303206479,0.1552891720194871,0.0,0.4864864864864865,0.0116034275675675,0.0,0.972972972972973,0.4864864864864865,0.0131448113513513,4.378378378378379,ST,34,43,75,21,64,79,7,5,57,52,48,21,61,70,46,11,73,52,68,61,23,16,62,43,48,50,68,21,43,50,16,23,98,84,7,82,23,18,21,23,54,20,18,46,50,43,89,21,86,86,7,5,61,64,50,25,71,68,46,11,79,52,75,71,23,16,71,43,48,50,68,21,43,50,16,23,98,84,7,86,23,18,18,23,64,18,21,54,Danish Superliga
Midtjylland,59as3grjvj19voay31j3yfgni,1sdsqfn743j5tqem8ra7sppn8,Franculino Djú,Franculino Gluda Djú,22,Attacker,Guinea-Bissau,Striker,10.0,0.0,16.0,1.0,26.0,4.0,3.0,2.0,1.0,1.0,8.0,208.0,9.0,2.0,2.0,3.0,2.0,0.0,0.0,7.0,8.0,1.0,1.0,1.0,0.0,0.0,0.0,72.22,50.0,0.0,14.29,33.33,26.67,27.27,100.0,0.2711594962529776,0.3044939534419545,2.0,3.0,0.08859816,0.0,3.0,4.0,0.43237005,8.0,4.3269230769230775,0.0,6.923076923076923,0.4326923076923077,11.250000000000002,1.7307692307692308,1.2980769230769231,0.8653846153846154,0.4326923076923077,0.4326923076923077,3.4615384615384617,3.8942307692307696,0.8653846153846154,0.8653846153846154,1.2980769230769231,0.8653846153846154,0.0,0.0,3.028846153846154,3.4615384615384617,0.4326923076923077,0.4326923076923077,0.4326923076923077,0.0,0.0,0.0,72.22,50.0,0.0,14.29,33.33,26.67,27.27,100.0,0.1173286281863845,0.1317521913931534,0.8653846153846154,1.2980769230769231,0.0383357423076923,0.0,1.2980769230769231,1.7307692307692308,0.1870831947115384,3.4615384615384617,ST,61,43,32,61,39,79,27,32,57,52,34,55,34,70,46,50,32,52,82,82,68,36,30,43,48,50,43,59,43,21,39,4,39,84,25,79,73,66,57,23,73,62,93,39,54,43,25,64,32,82,18,29,54,50,29,57,29,64,43,46,32,52,79,82,68,32,32,43,48,50,43,59,43,21,39,4,39,84,25,79,79,68,54,23,82,75,93,29,Danish Superliga
Midtjylland,59as3grjvj19voay31j3yfgni,33cny48k38nlo8pcx3i24ldqt,P. Billing,Philip Billing,30,Midfielder,Denmark,Midfielder,55.0,2.0,57.0,9.0,110.0,3.0,4.0,1.0,3.0,3.0,27.0,313.0,5.0,12.0,6.0,3.0,8.0,5.0,0.0,2.0,2.0,0.0,0.0,1.0,1.0,0.0,0.0,81.48,60.0,66.67,50.0,0.0,57.45,30.0,54.55,0.2806304601353682,0.1925202276044787,2.0,6.0,0.12676501,4.0,16.0,15.0,0.31218281,43.0,15.814696485623005,0.5750798722044729,16.389776357827476,2.587859424920128,31.62939297124601,0.8626198083067093,1.1501597444089458,0.2875399361022364,0.8626198083067093,0.8626198083067093,7.763578274760383,1.437699680511182,3.450479233226837,1.7252396166134183,0.8626198083067093,2.3003194888178915,1.437699680511182,0.0,0.5750798722044729,0.5750798722044729,0.0,0.0,0.2875399361022364,0.2875399361022364,0.0,0.0,81.48,60.0,66.67,50.0,0.0,57.45,30.0,54.55,0.0806924645756649,0.0553572539437798,0.5750798722044729,1.7252396166134183,0.0364500028753993,1.1501597444089458,4.600638977635783,4.313099041533547,0.0897650252396166,12.364217252396166,DM/CM,50,88,63,88,53,70,75,68,85,97,90,75,100,75,68,75,63,48,47,47,43,23,58,88,52,52,40,78,90,70,23,80,43,40,80,63,78,77,73,85,80,80,70,45,30,83,57,80,43,53,70,60,80,93,87,67,97,77,63,67,57,48,40,40,43,23,57,80,52,52,40,78,90,70,23,80,43,40,70,50,73,70,63,87,83,67,73,30,Danish Superliga
Midtjylland,59as3grjvj19voay31j3yfgni,6ul2nma4j0a7e2li6wyyrpal1,M. Jensen,Magnus Jensen,29,Defender,Denmark,Defender,109.0,1.0,54.0,16.0,162.0,1.0,3.0,3.0,0.0,0.0,28.0,330.0,12.0,6.0,4.0,18.0,20.0,8.0,0.0,0.0,0.0,1.0,2.0,0.0,0.0,0.0,0.0,81.41,51.61,100.0,0.0,66.67,59.57,64.29,100.0,0.3435948576666761,0.0900643495620813,0.0,5.0,0.08546812,1.0,14.0,20.0,0.4520539499999999,108.0,29.72727272727273,0.2727272727272727,14.727272727272728,4.363636363636364,44.18181818181819,0.2727272727272727,0.8181818181818182,0.8181818181818182,0.0,0.0,7.636363636363637,3.272727272727273,1.6363636363636365,1.090909090909091,4.909090909090909,5.454545454545455,2.181818181818182,0.0,0.0,0.0,0.2727272727272727,0.5454545454545455,0.0,0.0,0.0,0.0,81.41,51.61,100.0,0.0,66.67,59.57,64.29,100.0,0.093707688454548,0.0245630044260221,0.0,1.3636363636363638,0.0233094872727272,0.2727272727272727,3.8181818181818175,5.454545454545455,0.1232874409090909,29.454545454545457,CB,44,85,37,84,41,46,69,78,35,37,99,90,97,62,100,57,90,46,21,21,88,88,28,46,51,51,9,65,100,28,91,56,76,94,71,50,41,62,59,50,66,82,59,50,44,85,32,82,38,41,65,74,35,37,100,82,91,59,100,59,94,46,21,21,91,85,28,46,51,51,9,65,100,28,91,56,76,94,71,47,41,65,59,50,59,79,71,44,Danish Superliga
Midtjylland,59as3grjvj19voay31j3yfgni,7574bxep9nzun9uhbnhy01no4,S. Johannesen,Sofus Johannesen,19,Midfielder,Denmark,Midfielder,6.0,7.0,20.0,0.0,19.0,6.0,3.0,1.0,2.0,2.0,7.0,103.0,3.0,5.0,0.0,1.0,1.0,0.0,0.0,7.0,7.0,0.0,0.0,1.0,0.0,0.0,0.0,65.52,0.0,38.89,14.29,0.0,38.89,33.33,0.0,0.2532518309454931,0.6957673905350554,0.0,3.0,0.08693651,1.0,3.0,5.0,0.5925332299999999,13.0,5.242718446601942,6.116504854368932,17.475728155339805,0.0,16.601941747572816,5.242718446601942,2.621359223300971,0.8737864077669903,1.7475728155339807,1.7475728155339807,6.116504854368932,2.621359223300971,4.368932038834951,0.0,0.8737864077669903,0.8737864077669903,0.0,0.0,6.116504854368932,6.116504854368932,0.0,0.0,0.8737864077669903,0.0,0.0,0.0,65.52,0.0,38.89,14.29,0.0,38.89,33.33,0.0,0.2212880076222755,0.6079520888170388,0.0,2.621359223300971,0.075963940776699,0.8737864077669903,2.621359223300971,4.368932038834951,0.5177474825242718,11.359223300970877,LM/LCM,20,100,40,30,20,100,30,20,50,90,20,20,90,20,60,40,50,60,40,40,40,20,20,50,60,60,20,30,100,20,20,40,60,20,20,100,40,20,20,20,40,60,100,40,20,100,40,30,20,100,60,40,80,100,60,20,100,20,60,60,50,60,60,60,40,20,20,50,60,60,20,30,100,20,20,40,60,20,80,100,40,40,40,20,60,80,100,80,Danish Superliga
Midtjylland,59as3grjvj19voay31j3yfgni,78kzajya12k4sm0ebfl37d6ok,D. Castillo,Denil Castillo,22,Midfielder,Ecuador,Midfielder,23.0,0.0,21.0,0.0,44.0,2.0,3.0,1.0,2.0,1.0,14.0,153.0,7.0,6.0,2.0,2.0,1.0,1.0,0.0,5.0,5.0,0.0,0.0,3.0,0.0,0.0,0.0,72.13,0.0,0.0,60.0,0.0,51.85,22.22,66.67,0.149522574454663,0.1650552441411976,2.0,2.0,0.04790334,0.0,1.0,3.0,0.06023406,13.0,13.529411764705882,0.0,12.352941176470589,0.0,25.88235294117647,1.1764705882352942,1.7647058823529411,0.5882352941176471,1.1764705882352942,0.5882352941176471,8.23529411764706,4.11764705882353,3.5294117647058822,1.1764705882352942,1.1764705882352942,0.5882352941176471,0.5882352941176471,0.0,2.9411764705882355,2.9411764705882355,0.0,0.0,1.7647058823529411,0.0,0.0,0.0,72.13,0.0,0.0,60.0,0.0,51.85,22.22,66.67,0.0879544555615664,0.0970913200830574,1.1764705882352942,1.1764705882352942,0.0281784352941176,0.0,0.5882352941176471,1.7647058823529411,0.0354318,7.647058823529412,DM/CM,13,37,17,3,13,47,67,68,70,67,57,92,78,25,55,7,12,48,83,82,43,23,85,38,52,52,7,3,37,83,23,60,33,68,53,47,78,28,32,13,5,17,10,7,20,37,27,3,20,87,80,80,90,83,93,97,100,43,80,7,17,48,90,87,43,23,97,38,52,52,7,3,37,83,23,60,33,68,73,77,97,50,60,13,3,27,17,7,Danish Superliga
Midtjylland,59as3grjvj19voay31j3yfgni,7xx5qi8cq5tbmkppzp8y3abys,J. Emefile,Julius Emefile,19,Midfielder,Denmark,Midfielder,9.0,0.0,17.0,2.0,26.0,2.0,3.0,2.0,1.0,0.0,11.0,112.0,9.0,0.0,1.0,5.0,5.0,0.0,0.0,8.0,8.0,1.0,1.0,4.0,0.0,0.0,0.0,78.79,50.0,0.0,50.0,33.33,55.0,71.43,50.0,0.2631378246118339,0.1117076414358784,0.0,6.0,0.16389086,2.0,4.0,3.0,0.1069390299999999,7.0,7.232142857142857,0.0,13.660714285714285,1.6071428571428572,20.892857142857142,1.6071428571428572,2.4107142857142856,1.6071428571428572,0.8035714285714286,0.0,8.839285714285714,7.232142857142857,0.0,0.8035714285714286,4.017857142857142,4.017857142857142,0.0,0.0,6.428571428571429,6.428571428571429,0.8035714285714286,0.8035714285714286,3.2142857142857144,0.0,0.0,0.0,78.79,50.0,0.0,50.0,33.33,55.0,71.43,50.0,0.2114500376345093,0.0897650690109737,0.0,4.821428571428571,0.1316980125,1.6071428571428572,3.2142857142857144,2.4107142857142856,0.0859331491071427,5.625,LM/LCM,40,40,20,60,40,40,30,60,20,40,60,80,20,40,80,100,50,60,60,60,90,40,70,50,60,60,40,60,40,70,50,80,80,60,40,40,40,60,40,50,70,30,20,20,80,40,20,80,40,60,40,80,20,40,80,100,20,40,80,100,50,60,100,100,100,40,100,50,60,60,40,60,40,70,50,80,80,60,60,40,40,80,60,60,80,60,40,20,Danish Superliga
Midtjylland,59as3grjvj19voay31j3yfgni,8ilf7i6y4c9ezpgddh5h3ohlg,F. Etim,Friday Etim,24,Attacker,Nigeria,Striker,2.0,0.0,14.0,1.0,16.0,1.0,3.0,3.0,0.0,0.0,15.0,142.0,14.0,2.0,1.0,9.0,4.0,2.0,0.0,7.0,8.0,1.0,2.0,3.0,0.0,0.0,0.0,43.24,50.0,0.0,42.86,66.67,40.54,56.25,100.0,0.4081492268851461,0.0820019217530917,0.0,2.0,0.10138859,0.0,2.0,4.0,0.07852052,6.0,1.267605633802817,0.0,8.873239436619718,0.6338028169014085,10.140845070422536,0.6338028169014085,1.9014084507042253,1.9014084507042253,0.0,0.0,9.507042253521128,8.873239436619718,1.267605633802817,0.6338028169014085,5.704225352112676,2.535211267605634,1.267605633802817,0.0,4.436619718309859,5.070422535211268,0.6338028169014085,1.267605633802817,1.9014084507042253,0.0,0.0,0.0,43.24,50.0,0.0,42.86,66.67,40.54,56.25,100.0,0.2586861297159377,0.0519730489984384,0.0,1.267605633802817,0.0642603739436619,0.0,1.267605633802817,2.535211267605634,0.0497665267605633,3.802816901408451,ST,4,43,25,61,14,25,27,46,23,16,79,84,34,48,86,80,93,52,82,82,68,54,86,43,48,50,4,59,43,57,93,57,82,84,50,25,23,39,61,23,54,62,54,23,4,43,64,75,21,32,57,68,23,16,100,96,54,57,100,96,100,52,93,96,82,79,89,43,48,50,4,59,43,57,93,57,82,84,68,39,23,61,71,23,79,89,71,36,Danish Superliga
Midtjylland,59as3grjvj19voay31j3yfgni,a87w6l9zsbahdi4knm1347zs9,M. Bech,Mads Bech,27,Defender,Denmark,Defender,141.0,1.0,96.0,21.0,236.0,2.0,4.0,4.0,0.0,0.0,20.0,360.0,10.0,4.0,4.0,11.0,16.0,6.0,0.0,0.0,0.0,1.0,2.0,0.0,0.0,0.0,0.0,85.51,46.67,25.0,0.0,50.0,62.5,68.75,80.0,0.4565592100344202,0.1840577805861871,0.0,3.0,0.06738174,3.0,24.0,22.0,0.7534247000000003,150.0,35.25,0.25,24.0,5.25,59.0,0.5,1.0,1.0,0.0,0.0,5.0,2.5,1.0,1.0,2.75,4.0,1.5,0.0,0.0,0.0,0.25,0.5,0.0,0.0,0.0,0.0,85.51,46.67,25.0,0.0,50.0,62.5,68.75,80.0,0.114139802508605,0.0460144451465467,0.0,0.75,0.016845435,0.75,6.0,5.5,0.188356175,37.5,CB,62,85,72,94,62,65,82,90,35,37,76,79,81,62,81,49,69,46,21,21,88,88,28,46,51,51,29,44,82,28,82,68,91,75,82,62,41,44,50,75,84,85,100,66,62,81,65,94,65,68,76,87,35,37,71,71,75,50,79,35,71,46,21,21,88,82,28,46,51,51,29,44,82,28,82,68,91,75,74,62,41,40,47,74,79,82,88,65,Danish Superliga
Midtjylland,59as3grjvj19voay31j3yfgni,bsy8n8mst274cc8gkxslofrpw,B. Junior,Beni Junior,21,Defender,Côte d'Ivoire,Defender,23.0,1.0,16.0,2.0,38.0,1.0,0.0,0.0,0.0,0.0,7.0,119.0,1.0,4.0,0.0,0.0,4.0,3.0,0.0,1.0,1.0,0.0,0.0,1.0,1.0,0.0,0.0,82.61,66.67,25.0,100.0,0.0,53.85,0.0,0.0,0.0,0.0777760197734631,0.0,2.0,0.05170668,0.0,2.0,3.0,0.11784171,19.0,17.39495798319328,0.7563025210084033,12.100840336134452,1.512605042016807,28.73949579831933,0.7563025210084033,0.0,0.0,0.0,0.0,5.294117647058823,0.7563025210084033,3.0252100840336134,0.0,0.0,3.0252100840336134,2.26890756302521,0.0,0.7563025210084033,0.7563025210084033,0.0,0.0,0.7563025210084033,0.7563025210084033,0.0,0.0,82.61,66.67,25.0,100.0,0.0,53.85,0.0,0.0,0.0,0.0588221998286695,0.0,1.512605042016807,0.0391058924369747,0.0,1.512605042016807,2.26890756302521,0.0891239823529411,14.369747899159664,LB/LCB,13,60,13,17,10,47,13,20,27,33,27,27,60,7,10,10,53,47,40,37,47,33,57,83,53,53,67,93,70,90,33,47,13,7,13,40,27,33,33,20,30,27,27,27,47,87,40,40,47,80,13,20,27,33,73,33,100,7,10,53,100,47,73,73,47,33,73,100,53,53,67,93,70,90,33,47,13,7,13,67,27,73,67,20,47,40,33,60,Danish Superliga
Midtjylland,59as3grjvj19voay31j3yfgni,bwfg9frq2ecbzg7wlzqjtnv2s,P. Bravo,Pedro Bravo,21,Midfielder,Colombia,Midfielder,58.0,0.0,53.0,7.0,111.0,3.0,2.0,0.0,2.0,0.0,13.0,297.0,0.0,1.0,6.0,3.0,3.0,2.0,0.0,0.0,1.0,0.0,2.0,0.0,0.0,0.0,0.0,86.05,70.0,0.0,0.0,100.0,46.43,50.0,66.67,0.1237234128219603,0.1954339251777925,1.0,7.0,0.15396552,3.0,14.0,9.0,0.2220297,56.0,17.575757575757578,0.0,16.060606060606062,2.121212121212121,33.63636363636364,0.9090909090909092,0.6060606060606061,0.0,0.6060606060606061,0.0,3.939393939393939,0.0,0.303030303030303,1.8181818181818183,0.9090909090909092,0.9090909090909092,0.6060606060606061,0.0,0.0,0.303030303030303,0.0,0.6060606060606061,0.0,0.0,0.0,0.0,86.05,70.0,0.0,0.0,100.0,46.43,50.0,66.67,0.0374919432793819,0.059222401569028,0.303030303030303,2.121212121212121,0.0466562181818181,0.9090909090909092,4.242424242424242,2.7272727272727275,0.0672817272727272,16.96969696969697,DM/CM,58,37,57,77,60,70,52,27,70,27,52,8,18,75,68,30,28,48,12,28,43,87,23,38,52,52,63,97,37,23,95,37,63,68,43,67,60,87,80,77,77,48,57,57,53,37,53,67,50,60,50,27,63,27,30,8,17,80,67,23,20,48,12,27,43,77,23,38,52,52,63,97,37,23,95,37,63,68,30,57,60,77,73,70,73,43,40,47,Danish Superliga
Midtjylland,59as3grjvj19voay31j3yfgni,dhz1y5vtlo24r5s99p3tywu1g,S. Iheanacho,Stanley Iheanacho,21,Attacker,Nigeria,Striker,4.0,0.0,7.0,0.0,11.0,0.0,8.0,8.0,0.0,1.0,11.0,118.0,11.0,2.0,3.0,3.0,1.0,0.0,0.0,4.0,4.0,1.0,3.0,1.0,0.0,0.0,0.0,73.33,0.0,0.0,25.0,37.5,47.83,37.5,60.0,1.416271495960666,0.0,1.0,0.0,0.0,0.0,0.0,0.0,0.0081025999999999,3.0,3.0508474576271185,0.0,5.338983050847458,0.0,8.389830508474576,0.0,6.101694915254237,6.101694915254237,0.0,0.7627118644067796,8.389830508474576,8.389830508474576,1.5254237288135593,2.288135593220339,2.288135593220339,0.7627118644067796,0.0,0.0,3.0508474576271185,3.0508474576271185,0.7627118644067796,2.288135593220339,0.7627118644067796,0.0,0.0,0.0,73.33,0.0,0.0,25.0,37.5,47.83,37.5,60.0,1.0802070731903384,0.0,0.7627118644067796,0.0,0.0,0.0,0.0,0.0,0.0061799491525422,2.288135593220339,ST,9,43,5,21,5,7,82,88,23,52,57,66,34,86,46,29,32,52,54,50,68,71,30,43,48,50,48,21,43,29,52,75,50,50,96,7,55,5,5,23,12,7,11,4,21,43,7,21,7,7,96,100,23,82,93,93,75,100,71,43,32,52,82,75,96,96,54,43,48,50,48,21,43,29,52,75,50,50,100,7,71,5,5,23,12,7,11,11,Danish Superliga
Midtjylland,59as3grjvj19voay31j3yfgni,djlyi0ad4x1p0k4thn8n0axw4,D. Osorio,Darío Osorio,22,Midfielder,Chile,Midfielder,35.0,9.0,80.0,12.0,106.0,8.0,11.0,3.0,8.0,3.0,40.0,360.0,12.0,16.0,6.0,0.0,4.0,2.0,0.0,19.0,22.0,1.0,3.0,11.0,2.0,0.0,0.0,75.18,57.14,34.62,57.89,27.27,55.56,0.0,46.15,0.5786705075688752,0.8970171280192341,6.0,16.0,0.4506416899999999,4.0,8.0,25.0,1.6048073000000007,56.0,8.75,2.25,20.0,3.0,26.5,2.0,2.75,0.75,2.0,0.75,10.0,3.0,4.0,1.5,0.0,1.0,0.5,0.0,4.75,5.5,0.25,0.75,2.75,0.5,0.0,0.0,75.18,57.14,34.62,57.89,27.27,55.56,0.0,46.15,0.1446676268922188,0.2242542820048085,1.5,4.0,0.1126604224999999,1.0,2.0,6.25,0.4012018250000002,14.0,RM/RCM,75,100,62,100,62,69,100,50,100,56,88,38,100,81,25,69,62,56,88,94,94,81,75,100,56,56,12,75,50,75,62,38,25,50,50,75,100,75,75,62,62,100,88,75,38,100,38,88,38,62,75,25,88,38,88,38,88,50,25,62,50,56,88,88,100,75,75,100,56,56,12,75,50,75,62,38,25,50,38,75,75,62,62,25,25,100,100,62,Danish Superliga
Midtjylland,59as3grjvj19voay31j3yfgni,dn3llv8xjdbbndltfym5ar561,R. Kristensen,Rasmus Kristensen,29,Defender,Denmark,Defender,93.0,2.0,89.0,11.0,180.0,2.0,2.0,2.0,0.0,2.0,11.0,360.0,6.0,2.0,3.0,2.0,7.0,3.0,0.0,6.0,6.0,0.0,0.0,4.0,0.0,0.0,0.0,85.31,45.83,25.0,66.67,0.0,50.0,28.57,100.0,0.2368382828673439,0.0739378473292104,0.0,7.0,0.18752104,6.0,16.0,22.0,0.5002712399999998,108.0,23.25,0.5,22.25,2.75,45.0,0.5,0.5,0.5,0.0,0.5,2.75,1.5,0.5,0.75,0.5,1.75,0.75,0.0,1.5,1.5,0.0,0.0,1.0,0.0,0.0,0.0,85.31,45.83,25.0,66.67,0.0,50.0,28.57,100.0,0.0592095707168359,0.0184844618323026,0.0,1.75,0.04688026,1.5,4.0,5.5,0.1250678099999999,27.0,RB/RCB,85,73,69,77,77,77,50,73,31,92,38,69,62,54,31,38,54,50,88,85,54,42,96,50,54,54,62,77,69,85,42,19,31,92,69,46,35,73,77,92,69,85,62,92,77,62,77,85,92,69,46,69,31,92,8,69,46,38,38,23,23,50,77,77,54,42,92,50,54,54,62,77,69,85,42,19,31,92,54,31,35,62,62,100,77,77,54,92,Danish Superliga
Midtjylland,59as3grjvj19voay31j3yfgni,e5fnoxb8f2hycjx4gnmce2wvd,M. Erlić,Martin Erlic,28,Defender,Croatia,Defender,126.0,0.0,44.0,11.0,170.0,1.0,2.0,2.0,0.0,0.0,23.0,290.0,9.0,4.0,5.0,13.0,20.0,6.0,0.0,1.0,1.0,0.0,0.0,1.0,0.0,0.0,0.0,83.33,44.0,0.0,100.0,0.0,58.97,59.09,100.0,0.2577767451483914,0.1764661576233215,0.0,1.0,0.01935132,2.0,6.0,9.0,0.3699634100000001,112.0,39.10344827586207,0.0,13.655172413793103,3.413793103448276,52.75862068965517,0.3103448275862069,0.6206896551724138,0.6206896551724138,0.0,0.0,7.137931034482758,2.793103448275862,1.2413793103448276,1.5517241379310345,4.0344827586206895,6.206896551724138,1.862068965517241,0.0,0.3103448275862069,0.3103448275862069,0.0,0.0,0.3103448275862069,0.0,0.0,0.0,83.33,44.0,0.0,100.0,0.0,58.97,59.09,100.0,0.0799996795288111,0.0547653592624101,0.0,0.3103448275862069,0.0060055820689655,0.6206896551724138,1.862068965517241,2.793103448275862,0.1148162306896552,34.758620689655174,CB,56,38,26,66,44,46,53,62,35,37,85,76,81,74,94,57,69,46,56,56,41,31,72,46,51,51,18,38,38,91,31,53,59,94,56,59,41,22,26,62,34,51,50,53,68,38,26,68,53,47,53,59,35,37,94,76,82,91,91,68,85,46,59,59,41,31,82,46,51,51,18,38,38,91,31,53,59,94,56,74,41,21,21,68,32,47,59,59,Danish Superliga
Midtjylland,59as3grjvj19voay31j3yfgni,e73sexp7kse0wlykdi7xcbg2c,V. Byskov,Valdemar Byskov,21,Midfielder,Denmark,Midfielder,42.0,6.0,59.0,12.0,95.0,5.0,6.0,2.0,4.0,0.0,10.0,197.0,6.0,5.0,2.0,0.0,1.0,0.0,0.0,3.0,3.0,1.0,2.0,2.0,2.0,0.0,0.0,85.59,70.59,33.33,66.67,33.33,52.63,0.0,66.67,0.298982045141374,0.4751512944883275,3.0,5.0,0.1643198,5.0,8.0,10.0,0.38620361,47.0,19.187817258883246,2.741116751269036,26.95431472081218,5.482233502538071,43.40101522842639,2.284263959390863,2.741116751269036,0.9137055837563453,1.8274111675126905,0.0,4.568527918781726,2.741116751269036,2.284263959390863,0.9137055837563453,0.0,0.4568527918781725,0.0,0.0,1.3705583756345177,1.3705583756345177,0.4568527918781725,0.9137055837563453,0.9137055837563453,0.9137055837563453,0.0,0.0,85.59,70.59,33.33,66.67,33.33,52.63,0.0,66.67,0.1365907820442825,0.2170741954515201,1.3705583756345177,2.284263959390863,0.0750699593908629,2.284263959390863,3.654822335025381,4.568527918781726,0.1764381974619289,21.47208121827411,LM/LCM,100,80,80,100,100,80,80,60,80,40,40,40,90,60,30,40,50,60,20,20,90,70,40,100,60,60,100,80,80,100,50,60,30,80,60,80,80,40,60,80,100,100,80,100,100,80,80,100,100,80,80,60,100,40,40,40,80,60,30,20,50,60,20,20,80,60,40,100,60,60,100,80,80,100,50,60,30,80,20,80,100,20,20,80,100,100,80,100,Danish Superliga
Midtjylland,59as3grjvj19voay31j3yfgni,ou0gnms7vf5ff66o508nowoa,Cho Gue-Sung,Gue-Sung Cho,28,Attacker,Korea Republic,Striker,8.0,0.0,19.0,0.0,27.0,2.0,4.0,2.0,2.0,1.0,20.0,207.0,6.0,7.0,0.0,11.0,5.0,0.0,0.0,1.0,1.0,0.0,2.0,0.0,0.0,0.0,0.0,61.36,0.0,0.0,0.0,50.0,52.63,50.0,0.0,0.4142307560060419,0.1647626301199047,2.0,2.0,0.04565085,2.0,0.0,4.0,0.07143386,11.0,3.4782608695652177,0.0,8.260869565217392,0.0,11.73913043478261,0.8695652173913044,1.7391304347826089,0.8695652173913044,0.8695652173913044,0.4347826086956522,8.695652173913045,2.608695652173913,3.0434782608695654,0.0,4.782608695652175,2.173913043478261,0.0,0.0,0.4347826086956522,0.4347826086956522,0.0,0.8695652173913044,0.0,0.0,0.0,0.0,61.36,0.0,0.0,0.0,50.0,52.63,50.0,0.0,0.1801003286982791,0.071635926139089,0.8695652173913044,0.8695652173913044,0.0198481956521739,0.8695652173913044,0.0,1.7391304347826089,0.0310582,4.782608695652175,ST,34,43,61,21,48,46,46,32,77,52,95,21,96,20,96,89,32,52,18,14,23,54,11,43,48,50,7,21,43,11,71,86,70,20,54,54,73,39,29,73,12,62,50,55,39,43,57,21,43,50,50,32,79,54,96,18,96,20,96,93,32,52,18,14,23,64,11,43,48,50,7,21,43,11,71,86,70,20,46,54,82,39,32,79,12,79,54,64,Danish Superliga
Nordsjælland,77tfx9me4aaqhzv78bmgsy9bg,1ylzr03ex5mu3gs6mu8jjbvca,Ibrahim Adel,Ibrahim Adel Ali Mohamed Hassan,25,Attacker,Egypt,Striker,7.0,0.0,48.0,2.0,55.0,4.0,13.0,9.0,4.0,3.0,9.0,177.0,28.0,2.0,2.0,0.0,0.0,1.0,0.0,13.0,15.0,1.0,6.0,4.0,1.0,0.0,0.0,74.32,66.67,0.0,30.77,46.15,39.13,0.0,66.67,1.281657805740559,0.4061736780864487,4.0,11.0,0.43541694,7.0,4.0,8.0,0.31942223,27.0,3.5593220338983054,0.0,24.40677966101695,1.0169491525423728,27.966101694915256,2.0338983050847457,6.610169491525424,4.576271186440678,2.0338983050847457,1.5254237288135597,4.576271186440678,14.23728813559322,1.0169491525423728,1.0169491525423728,0.0,0.0,0.5084745762711864,0.0,6.610169491525424,7.627118644067797,0.5084745762711864,3.050847457627119,2.0338983050847457,0.5084745762711864,0.0,0.0,74.32,66.67,0.0,30.77,46.15,39.13,0.0,66.67,0.6516904096985894,0.2065289888575163,2.0338983050847457,5.593220338983051,0.2213984440677966,3.5593220338983054,2.0338983050847457,4.067796610169491,0.1624180830508474,13.728813559322036,ST,23,43,96,84,93,79,96,96,96,98,43,96,34,70,11,11,73,52,100,100,68,98,91,93,48,50,54,70,43,43,61,43,11,55,93,86,93,100,100,100,88,93,89,93,43,43,100,82,100,89,100,96,96,100,46,100,43,75,11,11,86,52,100,100,75,100,96,100,48,50,54,70,43,43,61,43,11,55,96,93,93,100,100,100,93,96,89,100,Danish Superliga
Nordsjælland,77tfx9me4aaqhzv78bmgsy9bg,2r8s61bmydlumhg62wd0y6fis,J. Janssen,Justin Janssen,20,Midfielder,Denmark,Midfielder,89.0,2.0,132.0,17.0,219.0,4.0,5.0,1.0,4.0,0.0,12.0,238.0,4.0,7.0,3.0,1.0,2.0,3.0,0.0,0.0,0.0,0.0,1.0,0.0,0.0,0.0,0.0,87.25,60.71,16.67,0.0,20.0,63.16,25.0,75.0,0.4373935956353531,0.3931940526922377,3.0,10.0,0.25470889,2.0,34.0,27.0,0.8390195499999996,119.0,33.65546218487395,0.7563025210084033,49.91596638655462,6.428571428571429,82.81512605042018,1.512605042016807,1.8907563025210083,0.3781512605042016,1.512605042016807,0.0,4.53781512605042,1.512605042016807,2.647058823529412,1.134453781512605,0.3781512605042016,0.7563025210084033,1.134453781512605,0.0,0.0,0.0,0.0,0.3781512605042016,0.0,0.0,0.0,0.0,87.25,60.71,16.67,0.0,20.0,63.16,25.0,75.0,0.1654009395259738,0.1486868266483252,1.134453781512605,3.7815126050420167,0.096318487815126,0.7563025210084033,12.857142857142858,10.210084033613446,0.3172763004201679,45.0,DM/CM,80,88,93,100,87,90,87,68,95,27,43,68,88,40,35,18,48,48,12,10,43,60,23,38,52,52,77,83,73,23,48,93,38,82,87,93,90,93,93,60,97,97,97,87,93,90,100,100,100,93,87,67,93,27,43,73,87,37,30,13,43,48,12,10,43,63,23,38,52,52,77,83,73,23,48,93,38,82,83,93,93,90,90,60,100,100,100,100,Danish Superliga
Nordsjælland,77tfx9me4aaqhzv78bmgsy9bg,35ku8nrvbs0s788bhtem2a904,M. Sadio,Mamadou Sadio,18,Midfielder,Senegal,Midfielder,17.0,1.0,47.0,2.0,63.0,2.0,7.0,2.0,5.0,2.0,11.0,154.0,14.0,3.0,3.0,3.0,3.0,0.0,0.0,6.0,6.0,0.0,3.0,2.0,0.0,0.0,0.0,77.78,40.0,50.0,33.33,42.86,52.38,75.0,100.0,0.7377151972291878,0.1649218731238703,3.0,9.0,0.3541947599999999,3.0,5.0,8.0,0.17230793,21.0,9.935064935064936,0.5844155844155845,27.467532467532468,1.168831168831169,36.81818181818182,1.168831168831169,4.090909090909091,1.168831168831169,2.9220779220779223,1.168831168831169,6.428571428571429,8.181818181818182,1.7532467532467533,1.7532467532467533,1.7532467532467533,1.7532467532467533,0.0,0.0,3.5064935064935066,3.5064935064935066,0.0,1.7532467532467533,1.168831168831169,0.0,0.0,0.0,77.78,40.0,50.0,33.33,42.86,52.38,75.0,100.0,0.4311322581209539,0.0963829128645995,1.7532467532467533,5.25974025974026,0.2069969376623376,1.7532467532467533,2.9220779220779223,4.675324675324676,0.1006994396103896,12.272727272727272,RM/RCM,12,31,38,25,38,25,38,31,81,38,38,50,25,38,81,44,12,56,38,38,44,81,38,38,56,56,50,25,94,38,100,25,100,94,88,25,44,50,50,44,25,38,25,25,50,38,75,25,62,25,100,50,100,88,50,100,50,75,88,75,12,56,62,62,44,100,50,38,56,56,50,25,94,38,100,25,100,94,100,25,100,88,88,75,75,62,25,38,Danish Superliga
Nordsjælland,77tfx9me4aaqhzv78bmgsy9bg,5r1v2w303bvj0vv1893qr5d5h,M. Brink,Mark Brink,28,Midfielder,Denmark,Midfielder,76.0,1.0,118.0,8.0,193.0,7.0,2.0,2.0,0.0,0.0,11.0,168.0,4.0,3.0,4.0,2.0,1.0,2.0,0.0,2.0,2.0,0.0,1.0,1.0,1.0,0.0,0.0,86.55,72.73,50.0,50.0,50.0,64.71,66.67,80.0,0.316838535860253,0.5209337525519223,0.0,7.0,0.1458335899999999,4.0,22.0,19.0,0.5712938000000001,93.0,40.71428571428572,0.5357142857142857,63.21428571428572,4.285714285714286,103.39285714285714,3.75,1.0714285714285714,1.0714285714285714,0.0,0.0,5.892857142857142,2.142857142857143,1.6071428571428572,2.142857142857143,1.0714285714285714,0.5357142857142857,1.0714285714285714,0.0,1.0714285714285714,1.0714285714285714,0.0,0.5357142857142857,0.5357142857142857,0.5357142857142857,0.0,0.0,86.55,72.73,50.0,50.0,50.0,64.71,66.67,80.0,0.1697349299251355,0.2790716531528155,0.0,3.75,0.0781251374999999,2.142857142857143,11.785714285714285,10.178571428571429,0.30605025,49.82142857142857,CM/AM,96,46,78,87,83,61,9,26,4,9,22,15,33,65,37,20,39,52,15,13,28,37,24,80,50,52,83,96,89,48,91,100,91,76,26,48,7,48,35,52,91,70,65,83,100,57,100,96,100,96,13,61,4,9,70,26,59,83,70,22,74,52,22,22,28,48,30,96,50,52,83,96,89,48,91,100,91,76,52,96,7,65,57,78,100,100,100,100,Danish Superliga
Nordsjælland,77tfx9me4aaqhzv78bmgsy9bg,5ucbttulfcdufwr751zj0zcic,J. Lähteenmäki,Juho Lähteenmäki,20,Defender,Finland,Defender,55.0,0.0,90.0,8.0,145.0,5.0,3.0,3.0,0.0,0.0,6.0,310.0,23.0,1.0,3.0,1.0,1.0,2.0,0.0,1.0,1.0,0.0,1.0,0.0,0.0,0.0,0.0,85.29,66.67,0.0,0.0,33.33,31.58,25.0,75.0,0.5361646133951633,0.3954980377163319,0.0,9.0,0.30135473,4.0,14.0,15.0,0.7402079600000001,71.0,15.96774193548387,0.0,26.12903225806452,2.32258064516129,42.096774193548384,1.4516129032258065,0.8709677419354839,0.8709677419354839,0.0,0.0,1.7419354838709675,6.677419354838709,0.2903225806451612,0.8709677419354839,0.2903225806451612,0.2903225806451612,0.5806451612903225,0.0,0.2903225806451612,0.2903225806451612,0.0,0.2903225806451612,0.0,0.0,0.0,0.0,85.29,66.67,0.0,0.0,33.33,31.58,25.0,75.0,0.155660694211499,0.1148220109499028,0.0,2.6129032258064515,0.0874900829032258,1.161290322580645,4.064516129032258,4.354838709677419,0.2148990851612903,20.61290322580645,CB,29,38,65,53,38,93,69,78,35,37,10,100,22,49,12,3,28,46,56,56,41,71,28,46,51,51,26,88,38,28,75,6,12,63,85,91,41,94,97,91,66,65,94,44,15,38,76,44,32,91,68,79,35,37,6,100,21,41,9,3,24,46,56,56,41,74,28,46,51,51,26,88,38,28,75,6,12,63,88,88,41,91,91,85,65,65,94,32,Danish Superliga
Nordsjælland,77tfx9me4aaqhzv78bmgsy9bg,766yz5r437tgwjkn0ey8j2wwk,R. Norheim,Runar Norheim,21,Defender,Norway,Defender,54.0,1.0,75.0,1.0,128.0,3.0,9.0,8.0,1.0,3.0,7.0,315.0,16.0,1.0,0.0,4.0,2.0,1.0,0.0,3.0,3.0,1.0,5.0,2.0,0.0,0.0,0.0,88.89,25.0,33.33,66.67,55.56,41.18,40.0,0.0,1.071389249099116,0.2101128842602933,0.0,6.0,0.13399396,0.0,4.0,2.0,0.16014977,47.0,15.428571428571429,0.2857142857142857,21.428571428571427,0.2857142857142857,36.57142857142857,0.8571428571428571,2.571428571428572,2.2857142857142856,0.2857142857142857,0.8571428571428571,2.0,4.571428571428571,0.2857142857142857,0.0,1.1428571428571428,0.5714285714285714,0.2857142857142857,0.0,0.8571428571428571,0.8571428571428571,0.2857142857142857,1.4285714285714286,0.5714285714285714,0.0,0.0,0.0,88.89,25.0,33.33,66.67,55.56,41.18,40.0,0.0,0.3061112140283188,0.060032252645798,0.0,1.7142857142857142,0.0382839885714285,0.0,1.1428571428571428,0.5714285714285714,0.0457570771428571,13.428571428571429,CB,26,85,62,9,32,75,100,100,81,99,18,94,22,9,40,10,15,46,88,88,88,100,94,46,51,51,59,12,85,74,88,15,25,9,100,68,41,74,74,22,24,18,21,29,12,88,53,9,21,79,100,100,85,97,13,94,18,9,35,6,12,46,82,82,94,94,91,46,51,51,59,12,85,74,88,15,25,9,100,76,41,79,76,22,24,15,18,24,Danish Superliga
Nordsjælland,77tfx9me4aaqhzv78bmgsy9bg,7cpkykvmy8ujrahzdz7ksk2c5,P. Ankersen,Peter Ankersen,35,Defender,Denmark,Defender,80.0,2.0,90.0,14.0,168.0,3.0,2.0,1.0,1.0,0.0,6.0,185.0,1.0,1.0,1.0,4.0,2.0,2.0,0.0,0.0,0.0,0.0,0.0,0.0,1.0,0.0,0.0,91.3,63.64,66.67,0.0,0.0,85.71,80.0,100.0,0.1989224503567278,0.3337054664457358,1.0,10.0,0.21703774,3.0,20.0,29.0,0.7708562200000004,102.0,38.91891891891892,0.972972972972973,43.78378378378379,6.810810810810811,81.72972972972974,1.4594594594594597,0.972972972972973,0.4864864864864865,0.4864864864864865,0.0,2.91891891891892,0.4864864864864865,0.4864864864864865,0.4864864864864865,1.945945945945946,0.972972972972973,0.972972972972973,0.0,0.0,0.0,0.0,0.0,0.0,0.4864864864864865,0.0,0.0,91.3,63.64,66.67,0.0,0.0,85.71,80.0,100.0,0.096773083957327,0.1623431998925201,0.4864864864864865,4.864864864864865,0.1055859275675675,1.4594594594594597,9.72972972972973,14.108108108108109,0.3750111340540543,49.62162162162163,RB/RCB,69,73,77,92,69,92,50,50,65,35,23,27,31,19,69,19,31,50,15,12,54,42,15,100,54,54,92,100,100,15,42,100,88,92,38,92,73,96,92,54,85,92,85,77,100,100,100,100,100,92,77,62,85,35,31,23,35,31,77,8,38,50,15,12,54,42,15,100,54,54,92,100,100,15,42,100,88,92,85,100,92,100,100,92,100,100,100,100,Danish Superliga
Nordsjælland,77tfx9me4aaqhzv78bmgsy9bg,8dqghahifyr8tjcndw9pip3x0,H. Rasmussen,Hjalte Boe Rasmussen,18,Midfielder,Denmark,Midfielder,6.0,0.0,15.0,3.0,21.0,3.0,5.0,4.0,1.0,3.0,3.0,142.0,13.0,0.0,0.0,1.0,1.0,0.0,0.0,5.0,5.0,0.0,0.0,1.0,1.0,0.0,0.0,67.74,75.0,0.0,20.0,0.0,20.0,33.33,0.0,0.5359982157798941,0.232206125511127,2.0,1.0,0.04647721,0.0,6.0,4.0,0.1894262,15.0,3.802816901408451,0.0,9.507042253521128,1.9014084507042253,13.309859154929578,1.9014084507042253,3.1690140845070425,2.535211267605634,0.6338028169014085,1.9014084507042253,1.9014084507042253,8.23943661971831,0.0,0.0,0.6338028169014085,0.6338028169014085,0.0,0.0,3.1690140845070425,3.1690140845070425,0.0,0.0,0.6338028169014085,0.6338028169014085,0.0,0.0,67.74,75.0,0.0,20.0,0.0,20.0,33.33,0.0,0.3397171790154258,0.1471728964507143,1.267605633802817,0.6338028169014085,0.0294573866197183,0.0,3.802816901408451,2.535211267605634,0.1200588591549295,9.507042253521128,CM/AM,4,17,4,39,4,30,35,63,15,63,4,76,7,7,17,20,11,52,48,46,28,13,24,80,50,52,4,100,17,13,13,4,37,7,39,30,59,4,9,4,22,4,17,7,4,17,4,78,4,52,83,91,52,96,4,96,7,7,39,30,11,52,78,74,28,13,35,100,50,52,4,100,17,13,13,4,37,7,83,52,87,17,17,4,57,26,35,13,Danish Superliga
Nordsjælland,77tfx9me4aaqhzv78bmgsy9bg,apspqh3shqfwobvh35x60q5g4,N. Markmann,Noah Markmann,19,Defender,Denmark,Defender,62.0,0.0,47.0,3.0,109.0,0.0,1.0,1.0,0.0,0.0,7.0,135.0,1.0,1.0,3.0,2.0,2.0,2.0,0.0,3.0,3.0,0.0,0.0,1.0,0.0,0.0,0.0,94.78,50.0,0.0,33.33,0.0,50.0,50.0,100.0,0.07291351625396,0.0,0.0,10.0,0.20748665,1.0,10.0,6.0,0.17624056,59.0,41.333333333333336,0.0,31.33333333333333,2.0,72.66666666666667,0.0,0.6666666666666666,0.6666666666666666,0.0,0.0,4.666666666666667,0.6666666666666666,0.6666666666666666,2.0,1.3333333333333333,1.3333333333333333,1.3333333333333333,0.0,2.0,2.0,0.0,0.0,0.6666666666666666,0.0,0.0,0.0,94.78,50.0,0.0,33.33,0.0,50.0,50.0,100.0,0.0486090108359733,0.0,0.0,6.666666666666667,0.1383244333333333,0.6666666666666666,6.666666666666667,4.0,0.1174937066666666,39.333333333333336,CB,35,38,29,22,26,16,34,38,35,37,18,18,22,49,24,10,28,46,88,88,41,31,72,46,51,51,85,57,38,59,31,18,43,94,26,18,41,97,91,50,53,37,24,41,76,38,94,35,91,16,57,63,35,37,60,32,50,94,46,10,62,46,100,99,41,31,97,46,51,51,85,57,38,59,31,18,43,94,38,18,41,100,100,71,85,62,68,74,Danish Superliga
Nordsjælland,77tfx9me4aaqhzv78bmgsy9bg,ayistjficdvpd0v10681qf578,V. Berthelsen,Villum Berthelsen,20,Midfielder,Denmark,Midfielder,26.0,1.0,57.0,4.0,82.0,10.0,9.0,7.0,2.0,2.0,13.0,228.0,20.0,6.0,2.0,2.0,0.0,1.0,0.0,3.0,3.0,1.0,3.0,3.0,0.0,0.0,0.0,82.0,57.14,100.0,100.0,33.33,54.17,66.67,100.0,1.3075281467693731,0.7229338019569783,2.0,13.0,0.32983975,2.0,9.0,13.0,0.4560992299999999,35.0,10.263157894736842,0.3947368421052631,22.5,1.5789473684210529,32.36842105263158,3.947368421052632,3.5526315789473686,2.763157894736842,0.7894736842105263,0.7894736842105263,5.131578947368421,7.894736842105264,2.368421052631579,0.7894736842105263,0.7894736842105263,0.0,0.3947368421052631,0.0,1.1842105263157896,1.1842105263157896,0.3947368421052631,1.1842105263157896,1.1842105263157896,0.0,0.0,0.0,82.0,57.14,100.0,100.0,33.33,54.17,66.67,100.0,0.5161295316194894,0.2853686060356493,0.7894736842105263,5.131578947368421,0.1301999013157894,0.7894736842105263,3.5526315789473686,5.131578947368421,0.1800391697368421,13.81578947368421,CM/AM,33,46,26,52,26,80,74,91,46,35,33,89,67,26,37,7,26,52,28,26,70,74,54,35,50,52,57,67,98,98,63,78,91,100,91,70,59,74,70,24,41,52,48,24,43,48,48,57,48,100,100,100,61,52,57,91,78,35,48,7,30,52,30,30,83,96,78,35,50,52,57,67,98,98,63,78,91,100,100,100,57,96,87,30,43,61,74,43,Danish Superliga
Nordsjælland,77tfx9me4aaqhzv78bmgsy9bg,b4ocx2ub0iwtzac72gd0voj6c,M. Walker,Markus Walker,19,Defender,Denmark,Defender,20.0,0.0,11.0,1.0,31.0,0.0,2.0,1.0,1.0,0.0,4.0,90.0,3.0,3.0,1.0,0.0,2.0,0.0,0.0,1.0,1.0,2.0,2.0,0.0,0.0,0.0,0.0,86.11,50.0,0.0,0.0,100.0,57.14,0.0,100.0,0.1474539503643514,0.0,0.0,2.0,0.04101768,1.0,0.0,1.0,0.018803,9.0,20.0,0.0,11.0,1.0,31.0,0.0,2.0,1.0,1.0,0.0,4.0,3.0,3.0,1.0,0.0,2.0,0.0,0.0,1.0,1.0,2.0,2.0,0.0,0.0,0.0,0.0,86.11,50.0,0.0,0.0,100.0,57.14,0.0,100.0,0.1474539503643514,0.0,0.0,2.0,0.04101768,1.0,0.0,1.0,0.018803,9.0,CB,9,38,3,9,3,16,53,38,81,37,6,32,62,21,3,10,6,46,56,56,97,88,28,46,51,51,35,57,38,28,97,44,3,94,47,18,41,32,35,50,9,15,15,15,24,38,18,21,12,16,96,87,100,37,50,79,100,50,3,15,6,46,90,90,100,100,28,46,51,51,35,57,38,28,97,44,3,94,82,18,41,82,79,82,9,21,15,18,Danish Superliga
Nordsjælland,77tfx9me4aaqhzv78bmgsy9bg,c1s6vw84nupd8c0mbj8gov5lg,S. Acquah,Stephen Acquah,20,Defender,Ghana,Defender,135.0,0.0,107.0,10.0,242.0,1.0,4.0,2.0,2.0,0.0,9.0,230.0,3.0,4.0,2.0,4.0,7.0,3.0,0.0,3.0,3.0,0.0,1.0,0.0,0.0,0.0,0.0,95.65,66.67,0.0,0.0,25.0,37.5,66.67,100.0,0.3273621224740892,0.0798705493080391,2.0,3.0,0.0626893799999999,4.0,23.0,13.0,0.4524094499999998,150.0,52.82608695652174,0.0,41.869565217391305,3.91304347826087,94.69565217391305,0.391304347826087,1.565217391304348,0.782608695652174,0.782608695652174,0.0,3.5217391304347827,1.173913043478261,1.565217391304348,0.782608695652174,1.565217391304348,2.739130434782609,1.173913043478261,0.0,1.173913043478261,1.173913043478261,0.0,0.391304347826087,0.0,0.0,0.0,0.0,95.65,66.67,0.0,0.0,25.0,37.5,66.67,100.0,0.128098221837687,0.0312536932074935,0.782608695652174,1.173913043478261,0.0245306269565217,1.565217391304348,9.0,5.086956521739131,0.1770297847826086,58.69565217391305,CB,59,38,78,60,68,46,82,62,97,37,28,32,81,32,40,25,46,46,88,88,41,71,28,46,51,51,100,88,38,28,66,9,84,94,62,44,99,44,44,91,79,57,62,66,91,38,100,79,100,53,85,68,94,37,35,38,88,32,50,24,47,46,94,94,41,76,28,46,51,51,100,88,38,28,66,9,84,94,79,53,100,56,62,94,100,74,85,97,Danish Superliga
Nordsjælland,77tfx9me4aaqhzv78bmgsy9bg,chjcbjc5nv8uyiusfafts5zv9,T. Salquist,Tobias Salquist,31,Defender,Denmark,Defender,231.0,0.0,114.0,1.0,345.0,1.0,0.0,0.0,0.0,0.0,14.0,360.0,4.0,2.0,6.0,5.0,15.0,3.0,0.0,0.0,0.0,0.0,0.0,0.0,1.0,0.0,0.0,95.57,11.11,0.0,0.0,0.0,66.67,50.0,85.71,0.0,0.2017135913613331,0.0,4.0,0.07614868,0.0,11.0,7.0,0.34934914,256.0,57.75,0.0,28.5,0.25,86.25,0.25,0.0,0.0,0.0,0.0,3.5,1.0,0.5,1.5,1.25,3.75,0.75,0.0,0.0,0.0,0.0,0.0,0.0,0.25,0.0,0.0,95.57,11.11,0.0,0.0,0.0,66.67,50.0,85.71,0.0,0.0504283978403332,0.0,1.0,0.01903717,0.0,2.75,1.75,0.087337285,64.0,CB,94,38,88,9,97,46,13,13,35,37,43,44,41,90,50,43,46,46,21,21,41,31,28,94,51,51,97,6,38,28,31,85,43,84,12,65,41,54,56,22,57,43,47,100,100,38,91,6,97,38,13,13,35,37,32,35,38,88,41,32,31,46,21,21,41,31,28,97,51,51,97,6,38,28,31,85,43,84,12,71,41,51,50,22,47,32,35,100,Danish Superliga
Nordsjælland,77tfx9me4aaqhzv78bmgsy9bg,drzdo6ouxi5n4jafhfajpor85,N. Røjkjær,Nicklas Røjkjær,28,Midfielder,Denmark,Midfielder,72.0,3.0,149.0,6.0,218.0,7.0,8.0,6.0,2.0,3.0,18.0,304.0,20.0,3.0,8.0,3.0,2.0,3.0,0.0,4.0,4.0,1.0,3.0,3.0,0.0,0.0,0.0,91.21,60.0,15.79,75.0,37.5,46.15,60.0,88.89,0.7133147136467761,0.7521006155341547,3.0,20.0,0.46828888,9.0,20.0,19.0,0.6599603799999999,100.0,21.31578947368421,0.8881578947368421,44.11184210526316,1.7763157894736843,64.53947368421052,2.0723684210526314,2.3684210526315788,1.7763157894736843,0.5921052631578947,0.8881578947368421,5.328947368421052,5.921052631578948,0.8881578947368421,2.3684210526315788,0.8881578947368421,0.5921052631578947,0.8881578947368421,0.0,1.1842105263157894,1.1842105263157894,0.2960526315789473,0.8881578947368421,0.8881578947368421,0.0,0.0,0.0,91.21,60.0,15.79,75.0,37.5,46.15,60.0,88.89,0.2111786981191113,0.2226613664410326,0.8881578947368421,5.921052631578948,0.1386381552631579,2.664473684210526,5.921052631578948,5.625,0.195383007236842,29.605263157894736,CM/AM,91,72,91,72,93,61,63,87,46,63,61,89,33,89,61,35,57,52,37,37,70,74,54,35,50,52,100,74,39,91,74,50,72,96,65,74,76,91,87,87,87,70,78,87,91,78,96,74,96,57,65,78,43,65,61,87,35,91,57,26,65,52,26,26,74,78,61,35,50,52,100,74,39,91,74,50,72,96,70,74,70,100,100,91,83,70,87,87,Danish Superliga
Nordsjælland,77tfx9me4aaqhzv78bmgsy9bg,tjwcwnzx8w0rv41nr6ebhxck,P. Amoako,Prince Amoako,19,Attacker,Ghana,Striker,6.0,3.0,69.0,2.0,72.0,7.0,8.0,7.0,1.0,4.0,13.0,255.0,30.0,2.0,1.0,0.0,0.0,1.0,0.0,31.0,35.0,0.0,0.0,9.0,0.0,0.0,0.0,64.86,18.18,30.0,29.03,0.0,30.23,0.0,50.0,0.9030327467425624,0.5664399017059565,0.0,11.0,0.3167004499999999,5.0,9.0,15.0,0.7092674700000002,46.0,2.117647058823529,1.0588235294117647,24.352941176470587,0.7058823529411764,25.41176470588235,2.4705882352941173,2.8235294117647056,2.4705882352941173,0.3529411764705882,1.4117647058823528,4.588235294117647,10.588235294117649,0.7058823529411764,0.3529411764705882,0.0,0.0,0.3529411764705882,0.0,10.941176470588236,12.352941176470589,0.0,0.0,3.176470588235294,0.0,0.0,0.0,64.86,18.18,30.0,29.03,0.0,30.23,0.0,50.0,0.3187174400267867,0.1999199653079846,0.0,3.882352941176471,0.1117766294117646,1.7647058823529411,3.176470588235294,5.294117647058823,0.2503296952941177,16.235294117647058,LW,14,57,86,79,71,71,14,29,29,50,21,86,14,21,21,21,64,57,100,100,29,14,64,36,57,57,14,29,86,14,14,14,21,29,43,71,14,71,71,100,100,100,86,100,29,71,100,86,100,100,29,57,29,71,43,100,14,29,21,21,71,57,100,100,29,14,100,36,57,57,14,29,86,14,14,14,21,29,57,86,14,100,100,100,100,100,86,100,Danish Superliga
Lyngby,anga7587r1zv4ey71ge9zxol3,4qqaok0kamm887gckta83gv6d,J. Thomasen,Jens Thomasen,30,Midfielder,Denmark,Midfielder,20.0,0.0,63.0,3.0,83.0,0.0,2.0,0.0,2.0,1.0,9.0,132.0,0.0,2.0,5.0,2.0,3.0,3.0,0.0,3.0,3.0,0.0,1.0,0.0,0.0,0.0,0.0,80.58,42.86,0.0,0.0,50.0,56.25,66.67,83.33,0.0970313408858598,0.0,2.0,3.0,0.07237421,1.0,9.0,8.0,0.1768607399999999,50.0,13.636363636363637,0.0,42.95454545454546,2.0454545454545454,56.59090909090909,0.0,1.3636363636363638,0.0,1.3636363636363638,0.6818181818181819,6.136363636363637,0.0,1.3636363636363638,3.409090909090909,1.3636363636363638,2.0454545454545454,2.0454545454545454,0.0,2.0454545454545454,2.0454545454545454,0.0,0.6818181818181819,0.0,0.0,0.0,0.0,80.58,42.86,0.0,0.0,50.0,56.25,66.67,83.33,0.0661577324221771,0.0,1.3636363636363638,2.0454545454545454,0.0493460522727272,0.6818181818181819,6.136363636363637,5.454545454545455,0.1205868681818181,34.09090909090909,CM/AM,17,17,30,39,33,4,9,4,46,20,11,4,17,76,37,48,57,52,28,26,28,37,7,35,50,52,48,39,17,7,91,91,91,87,4,4,59,20,17,11,41,17,13,43,65,17,91,83,87,4,26,4,78,43,78,4,48,100,87,78,100,52,65,65,28,65,7,35,50,52,48,39,17,7,91,91,91,87,13,4,100,48,39,26,87,65,39,91,Danish Superliga
Lyngby,anga7587r1zv4ey71ge9zxol3,5ezedgrsrflkr1gi8o6eu7j3e,M. Fischer,Mikkel Fischer,22,Defender,Denmark,Defender,99.0,0.0,138.0,8.0,237.0,3.0,2.0,2.0,0.0,1.0,24.0,450.0,11.0,5.0,5.0,11.0,23.0,7.0,0.0,0.0,0.0,0.0,0.0,0.0,0.0,0.0,0.0,83.75,26.67,0.0,0.0,0.0,63.16,61.11,62.5,0.2582093750074222,0.3152491641333939,0.0,6.0,0.10586484,1.0,34.0,25.0,0.51055144,159.0,19.8,0.0,27.6,1.6,47.4,0.6,0.4,0.4,0.0,0.2,4.8,2.2,1.0,1.0,2.2,4.6,1.4,0.0,0.0,0.0,0.0,0.0,0.0,0.0,0.0,0.0,83.75,26.67,0.0,0.0,0.0,63.16,61.11,62.5,0.0516418750014844,0.0630498328266787,0.0,1.2,0.021172968,0.2,6.8,5.0,0.102110288,31.8,CB,41,38,100,53,65,75,53,62,35,78,90,84,91,74,81,68,78,46,21,21,41,31,28,46,51,51,21,15,38,28,31,74,65,49,59,82,41,74,65,50,94,93,76,71,21,38,88,32,44,71,37,38,35,75,65,66,75,50,71,47,65,46,21,21,41,31,28,46,51,51,21,15,38,28,31,74,65,49,44,82,41,60,56,46,88,71,53,53,Danish Superliga
Lyngby,anga7587r1zv4ey71ge9zxol3,5k2hgogp2g5ivgdnq99ejp27e,Í. Þorvaldsson,Ísak Thorvaldsson,25,Attacker,Iceland,Striker,9.0,0.0,39.0,1.0,48.0,6.0,14.0,12.0,2.0,2.0,34.0,409.0,29.0,11.0,2.0,12.0,2.0,0.0,0.0,4.0,6.0,1.0,5.0,4.0,1.0,0.0,0.0,62.34,100.0,0.0,100.0,35.71,56.67,48.0,28.57,1.631108839484468,0.4267515127896392,3.0,7.0,0.30914869,3.0,4.0,5.0,0.17772472,18.0,1.9804400977995111,0.0,8.581907090464547,0.2200488997555012,10.56234718826406,1.3202933985330074,3.0806845965770173,2.640586797066015,0.4400977995110025,0.4400977995110025,7.481662591687042,6.381418092909536,2.4205378973105134,0.4400977995110025,2.640586797066015,0.4400977995110025,0.0,0.0,0.880195599022005,1.3202933985330074,0.2200488997555012,1.1002444987775062,0.880195599022005,0.2200488997555012,0.0,0.0,62.34,100.0,0.0,100.0,35.71,56.67,48.0,28.57,0.3589237055100296,0.0939062008583558,0.6601466992665037,1.5403422982885089,0.0680278290953545,0.6601466992665037,0.880195599022005,1.1002444987775062,0.0391081290953545,3.9608801955990223,ST,46,43,89,61,89,93,100,100,77,84,100,100,100,70,100,50,32,52,54,61,68,93,91,93,48,50,11,89,43,93,43,93,57,39,100,89,84,89,96,91,88,77,75,80,11,43,61,43,25,68,86,79,57,57,89,86,93,50,79,29,32,52,32,43,54,71,64,89,48,50,11,89,43,93,43,93,57,39,82,68,61,75,79,64,50,46,68,43,Danish Superliga
Lyngby,anga7587r1zv4ey71ge9zxol3,6d0lxiep13vdv32bdb0xwyrys,L. Sandgrav,Lauge Sandgrav,21,Midfielder,Denmark,Midfielder,45.0,0.0,173.0,8.0,218.0,2.0,7.0,5.0,2.0,3.0,31.0,428.0,13.0,8.0,5.0,12.0,12.0,4.0,0.0,8.0,8.0,0.0,1.0,5.0,0.0,0.0,0.0,78.99,38.1,0.0,62.5,14.29,50.0,57.14,83.33,0.6358905141547971,0.1784460835219271,1.0,22.0,0.54958916,11.0,31.0,33.0,0.9058948699999998,132.0,9.462616822429906,0.0,36.37850467289719,1.6822429906542056,45.8411214953271,0.4205607476635514,1.47196261682243,1.0514018691588785,0.4205607476635514,0.6308411214953271,6.518691588785047,2.733644859813084,1.6822429906542056,1.0514018691588785,2.5233644859813085,2.5233644859813085,0.8411214953271028,0.0,1.6822429906542056,1.6822429906542056,0.0,0.2102803738317757,1.0514018691588785,0.0,0.0,0.0,78.99,38.1,0.0,62.5,14.29,50.0,57.14,83.33,0.1337152950325508,0.0375237091518071,0.2102803738317757,4.626168224299065,0.1155678140186916,2.3130841121495327,6.518691588785047,6.939252336448599,0.1904919119158878,27.7570093457944,CM/AM,57,17,96,87,93,15,54,78,46,63,96,76,85,76,96,98,76,52,72,72,28,37,85,35,50,52,39,30,17,87,26,65,61,87,57,22,28,98,96,96,96,96,91,100,39,17,83,70,78,9,35,57,22,35,87,39,65,61,96,96,57,52,52,52,28,26,70,35,50,52,39,30,17,87,26,65,61,87,35,9,17,91,70,87,91,83,83,83,Danish Superliga
Lyngby,anga7587r1zv4ey71ge9zxol3,6zhj070huc77sl5o5bx6ey5g4,G. Fraulo,Gustav Fraulo,21,Midfielder,Denmark,Midfielder,22.0,6.0,126.0,9.0,142.0,12.0,10.0,7.0,3.0,4.0,14.0,424.0,19.0,3.0,4.0,1.0,3.0,2.0,0.0,11.0,11.0,1.0,3.0,2.0,0.0,0.0,0.0,75.53,50.0,40.0,18.18,30.0,27.45,12.5,44.44,0.7964331946492595,1.401696913025159,4.0,14.0,0.41164233,7.0,12.0,23.0,1.72868354,63.0,4.669811320754717,1.2735849056603774,26.745283018867923,1.910377358490566,30.141509433962263,2.547169811320755,2.1226415094339623,1.4858490566037736,0.6367924528301887,0.8490566037735848,2.971698113207548,4.033018867924528,0.6367924528301887,0.8490566037735848,0.2122641509433962,0.6367924528301887,0.4245283018867924,0.0,2.3349056603773586,2.3349056603773586,0.2122641509433962,0.6367924528301887,0.4245283018867924,0.0,0.0,0.0,75.53,50.0,40.0,18.18,30.0,27.45,12.5,44.44,0.1690542158453617,0.2975300051232649,0.8490566037735848,2.971698113207548,0.0873769096698113,1.4858490566037736,2.547169811320755,4.882075471698113,0.3669375438679245,13.37264150943396,RM/RCM,38,88,100,88,75,94,81,94,44,75,50,88,25,50,56,44,62,56,62,62,94,81,38,38,56,56,25,56,75,25,75,12,50,38,100,100,69,62,62,75,75,88,100,88,12,62,62,50,50,88,38,88,38,50,12,62,12,25,62,25,38,56,38,38,88,50,25,38,56,56,25,56,75,25,75,12,50,38,50,88,50,50,38,62,50,75,88,50,Danish Superliga
Lyngby,anga7587r1zv4ey71ge9zxol3,76ccxx0spulpjip53ecuhgb9w,D. Aronsson,Davíd Aronsson,19,Defender,Iceland,Defender,68.0,0.0,60.0,7.0,128.0,0.0,0.0,0.0,0.0,0.0,15.0,270.0,1.0,1.0,1.0,9.0,14.0,2.0,0.0,1.0,1.0,0.0,0.0,0.0,0.0,0.0,0.0,78.53,24.14,0.0,0.0,0.0,71.43,0.0,20.0,0.0,0.0,0.0,0.0,0.0,0.0,0.0,0.0,0.0,0.0,22.666666666666668,0.0,20.0,2.333333333333333,42.66666666666666,0.0,0.0,0.0,0.0,0.0,5.0,0.3333333333333333,0.3333333333333333,0.3333333333333333,3.0,4.666666666666667,0.6666666666666666,0.0,0.3333333333333333,0.3333333333333333,0.0,0.0,0.0,0.0,0.0,0.0,78.53,24.14,0.0,0.0,0.0,71.43,0.0,20.0,0.0,0.0,0.0,0.0,0.0,0.0,0.0,0.0,0.0,0.0,LB/LCB,53,27,67,63,67,17,13,20,27,33,57,27,13,23,93,87,30,47,40,37,47,33,20,37,53,53,53,13,27,20,33,100,13,13,13,17,27,13,13,20,13,13,10,10,67,27,73,67,67,17,13,20,27,33,60,27,7,13,100,93,33,47,33,33,47,33,20,37,53,53,53,13,27,20,33,100,13,13,13,17,27,13,13,20,13,13,10,10,Danish Superliga
Lyngby,anga7587r1zv4ey71ge9zxol3,8822s8ns7oyvjqade4oaxzg0l,O. Buur,Oskar Buur,28,Defender,Denmark,Defender,41.0,3.0,96.0,7.0,134.0,2.0,0.0,0.0,0.0,0.0,13.0,370.0,6.0,2.0,5.0,2.0,10.0,7.0,0.0,3.0,5.0,0.0,0.0,1.0,0.0,0.0,0.0,82.21,43.75,33.33,33.33,0.0,54.17,40.0,62.5,0.0,0.2154302680379202,0.0,8.0,0.21111604,4.0,5.0,12.0,0.7177574499999999,59.0,9.972972972972974,0.7297297297297298,23.351351351351354,1.7027027027027029,32.5945945945946,0.4864864864864865,0.0,0.0,0.0,0.0,3.1621621621621623,1.4594594594594597,0.4864864864864865,1.2162162162162162,0.4864864864864865,2.4324324324324325,1.7027027027027029,0.0,0.7297297297297298,1.2162162162162162,0.0,0.0,0.2432432432432432,0.0,0.0,0.0,82.21,43.75,33.33,33.33,0.0,54.17,40.0,62.5,0.0,0.0524019570903049,0.0,1.945945945945946,0.0513525502702702,0.972972972972973,1.2162162162162162,2.91891891891892,0.1745896499999999,14.351351351351353,RB/RCB,38,92,85,69,46,77,15,23,31,35,50,69,62,62,31,50,69,50,42,69,54,42,42,50,54,54,46,62,85,54,42,31,46,38,15,77,35,85,85,73,38,46,77,54,15,85,92,69,46,62,15,23,31,35,38,54,35,54,31,46,62,50,46,62,54,42,38,50,54,54,46,62,85,54,42,31,46,38,15,77,35,69,69,62,15,54,92,46,Danish Superliga
Lyngby,anga7587r1zv4ey71ge9zxol3,8jyfsal0lbf0ia92axymn2l1w,O. Højer,Oliver Højer,19,Midfielder,Denmark,Midfielder,11.0,0.0,49.0,0.0,60.0,2.0,5.0,3.0,2.0,2.0,21.0,142.0,8.0,1.0,3.0,7.0,1.0,0.0,0.0,10.0,10.0,0.0,2.0,4.0,0.0,0.0,0.0,81.08,0.0,0.0,40.0,40.0,61.76,87.5,33.33,0.4974757523291008,0.168177171507821,0.0,7.0,0.23652317,2.0,1.0,3.0,0.1625067399999999,17.0,6.971830985915493,0.0,31.056338028169016,0.0,38.02816901408451,1.267605633802817,3.1690140845070425,1.9014084507042253,1.267605633802817,1.267605633802817,13.309859154929578,5.070422535211268,0.6338028169014085,1.9014084507042253,4.436619718309859,0.6338028169014085,0.0,0.0,6.338028169014085,6.338028169014085,0.0,1.267605633802817,2.535211267605634,0.0,0.0,0.0,81.08,0.0,0.0,40.0,40.0,61.76,87.5,33.33,0.3153015331663315,0.1065911650401682,0.0,4.436619718309859,0.1499090514084507,1.267605633802817,0.6338028169014085,1.9014084507042253,0.1029972295774647,10.774647887323944,LM/LCM,60,40,60,30,60,40,60,100,50,90,100,60,50,90,100,40,50,60,80,80,40,70,70,50,60,60,60,30,40,40,80,100,100,40,100,60,40,80,80,50,20,30,40,60,60,40,100,30,80,40,100,100,40,80,100,80,60,100,100,40,50,60,80,80,40,80,80,50,60,60,60,30,40,40,80,100,100,40,100,60,40,60,80,40,20,20,60,60,Danish Superliga
Lyngby,anga7587r1zv4ey71ge9zxol3,8npu0cbqjrhwv5km1w29kh016,S. Colyn,Simon Colyn,24,Midfielder,Canada,Midfielder,26.0,4.0,90.0,1.0,112.0,11.0,13.0,12.0,1.0,4.0,50.0,392.0,37.0,17.0,10.0,18.0,5.0,1.0,0.0,6.0,7.0,1.0,4.0,3.0,1.0,0.0,0.0,72.26,25.0,28.57,50.0,30.77,60.98,58.06,76.92,1.6129524853762462,1.1656496027610015,1.0,7.0,0.3129579099999999,4.0,3.0,13.0,0.64605015,44.0,5.969387755102042,0.9183673469387756,20.66326530612245,0.2295918367346939,25.714285714285715,2.525510204081633,2.984693877551021,2.7551020408163267,0.2295918367346939,0.9183673469387756,11.479591836734697,8.494897959183675,3.903061224489796,2.295918367346939,4.13265306122449,1.1479591836734695,0.2295918367346939,0.0,1.3775510204081634,1.6071428571428572,0.2295918367346939,0.9183673469387756,0.6887755102040817,0.2295918367346939,0.0,0.0,72.26,25.0,28.57,50.0,30.77,60.98,58.06,76.92,0.3703207236833218,0.2676236332869646,0.2295918367346939,1.6071428571428572,0.071852581377551,0.9183673469387756,0.6887755102040817,2.984693877551021,0.1483278405612245,10.102040816326532,CM/AM,33,80,57,17,48,91,96,100,15,85,100,100,100,98,100,72,26,52,61,65,70,89,54,80,50,52,17,24,65,48,52,96,65,70,100,96,28,48,61,52,7,52,74,35,22,83,43,13,35,83,78,96,9,74,100,100,100,87,100,61,22,52,43,48,65,87,39,74,50,52,17,24,65,48,52,96,65,70,91,87,22,26,52,48,4,35,57,22,Danish Superliga
Lyngby,anga7587r1zv4ey71ge9zxol3,9jqox80arzpytv1b136jobhpm,A. Bøndergaard,Asbjørn Bøndergaard,22,Attacker,Denmark,Striker,6.0,0.0,17.0,0.0,23.0,1.0,6.0,6.0,0.0,2.0,11.0,194.0,13.0,3.0,0.0,6.0,1.0,1.0,0.0,2.0,2.0,0.0,4.0,2.0,0.0,0.0,0.0,71.88,0.0,0.0,100.0,66.67,55.0,50.0,0.0,1.0314422852056089,0.0618660921332093,1.0,0.0,0.0,1.0,2.0,3.0,0.0316573999999999,7.0,2.783505154639176,0.0,7.88659793814433,0.0,10.670103092783506,0.4639175257731959,2.783505154639176,2.783505154639176,0.0,0.9278350515463918,5.103092783505155,6.030927835051546,1.3917525773195878,0.0,2.783505154639176,0.4639175257731959,0.4639175257731959,0.0,0.9278350515463918,0.9278350515463918,0.0,1.855670103092784,0.9278350515463918,0.0,0.0,0.0,71.88,0.0,0.0,100.0,66.67,55.0,50.0,0.0,0.4785041529304371,0.028700764391695,0.4639175257731959,0.0,0.0,0.4639175257731959,0.9278350515463918,1.3917525773195878,0.0146864226804123,3.247422680412371,ST,18,43,39,21,29,25,66,75,23,84,57,77,61,20,77,29,73,52,32,29,23,84,62,43,48,50,36,21,43,93,93,89,70,20,82,14,55,5,5,54,54,50,25,30,14,43,54,21,29,25,75,86,23,89,54,82,68,20,86,32,75,52,39,32,23,86,68,43,48,50,36,21,43,93,93,89,70,20,93,14,54,5,5,57,57,57,25,18,Danish Superliga
Lyngby,anga7587r1zv4ey71ge9zxol3,9yvaqepplk8s4cjqjbtyb24gk,R. Tytens,Renzo Tytens,21,Defender,Belgium,Defender,27.0,3.0,69.0,2.0,93.0,2.0,5.0,3.0,2.0,2.0,19.0,369.0,6.0,6.0,8.0,2.0,9.0,4.0,0.0,2.0,2.0,1.0,1.0,1.0,0.0,0.0,0.0,69.4,11.76,20.0,50.0,20.0,50.0,40.0,80.0,0.3818909191637705,0.2761133920694085,2.0,3.0,0.09297124,3.0,9.0,15.0,0.4141375099999999,42.0,6.585365853658537,0.7317073170731708,16.82926829268293,0.4878048780487805,22.682926829268293,0.4878048780487805,1.2195121951219514,0.7317073170731708,0.4878048780487805,0.4878048780487805,4.634146341463415,1.4634146341463417,1.4634146341463417,1.951219512195122,0.4878048780487805,2.1951219512195124,0.9756097560975612,0.0,0.4878048780487805,0.4878048780487805,0.2439024390243902,0.2439024390243902,0.2439024390243902,0.0,0.0,0.0,69.4,11.76,20.0,50.0,20.0,50.0,40.0,80.0,0.0931441266253098,0.0673447297730264,0.4878048780487805,0.7317073170731708,0.0226759121951219,0.7317073170731708,2.1951219512195124,3.658536585365854,0.1010091487804877,10.24390243902439,LB/LCB,20,87,73,17,33,67,93,83,93,90,73,50,80,77,37,47,70,47,70,67,97,80,57,37,53,53,13,7,60,50,70,33,63,77,80,80,97,47,53,77,53,60,67,47,7,80,60,13,27,60,87,80,87,80,47,47,73,73,33,13,53,47,60,53,93,80,40,37,53,53,13,7,60,50,70,33,63,77,87,80,87,40,47,80,53,67,47,40,Danish Superliga
Lyngby,anga7587r1zv4ey71ge9zxol3,ajjw1ikceu3g39sy6dsf9kdg4,M. Garan'anga,Munashe Garan'anga,25,Defender,Zimbabwe,Defender,53.0,0.0,25.0,7.0,78.0,1.0,4.0,4.0,0.0,2.0,15.0,207.0,8.0,1.0,2.0,10.0,16.0,2.0,0.0,0.0,0.0,0.0,2.0,0.0,0.0,0.0,0.0,82.98,50.0,0.0,0.0,50.0,57.69,76.92,50.0,0.5647652245620651,0.0,0.0,1.0,0.01685596,0.0,5.0,5.0,0.13419379,43.0,23.043478260869566,0.0,10.869565217391305,3.0434782608695654,33.913043478260875,0.4347826086956522,1.7391304347826089,1.7391304347826089,0.0,0.8695652173913044,6.521739130434783,3.4782608695652177,0.4347826086956522,0.8695652173913044,4.347826086956522,6.956521739130436,0.8695652173913044,0.0,0.0,0.0,0.0,0.8695652173913044,0.0,0.0,0.0,0.0,82.98,50.0,0.0,0.0,50.0,57.69,76.92,50.0,0.2455500976356805,0.0,0.0,0.4347826086956522,0.0073286782608695,0.0,2.173913043478261,2.173913043478261,0.0583451260869565,18.695652173913047,CB,24,38,15,46,21,46,82,90,35,90,51,74,22,32,76,49,28,46,21,21,41,88,28,46,51,51,15,57,38,28,82,47,100,38,94,18,41,22,19,22,28,29,18,26,35,38,15,59,15,62,91,97,35,100,91,91,32,38,94,82,38,46,21,21,41,91,28,46,51,51,15,57,38,28,82,47,100,38,97,18,41,29,26,22,41,38,29,29,Danish Superliga
Lyngby,anga7587r1zv4ey71ge9zxol3,d854rlweyk5wq6d2veyviukq2,C. Winther,Casper Winther,23,Midfielder,Denmark,Midfielder,64.0,16.0,179.0,11.0,227.0,12.0,9.0,2.0,7.0,4.0,16.0,450.0,3.0,3.0,6.0,2.0,11.0,4.0,0.0,1.0,1.0,1.0,3.0,1.0,0.0,1.0,0.0,85.02,44.0,43.24,100.0,33.33,47.06,28.57,60.0,0.5180569689545721,1.27835392188981,1.0,12.0,0.2625648799999999,7.0,37.0,41.0,0.9380069799999998,128.0,12.8,3.2,35.8,2.2,45.4,2.4,1.8,0.4,1.4,0.8,3.2,0.6,0.6,1.2,0.4,2.2,0.8,0.0,0.2,0.2,0.2,0.6,0.2,0.0,0.2,0.0,85.02,44.0,43.24,100.0,33.33,47.06,28.57,60.0,0.1036113937909144,0.255670784377962,0.2,2.4,0.0525129759999999,1.4,7.4,8.2,0.1876013959999999,25.6,CM/AM,87,100,100,98,100,100,74,26,87,85,48,9,33,83,37,89,76,52,4,4,70,74,24,35,100,52,74,43,83,98,63,61,26,46,35,100,28,67,57,78,100,100,96,96,61,100,78,87,74,74,43,17,83,57,9,9,17,65,22,87,48,52,4,4,57,57,13,35,100,52,74,43,83,98,63,61,26,46,26,83,13,52,43,57,96,91,78,78,Danish Superliga
OB,dbl7ir1qugqz8nvp1vzn8im50,2mhcqwpftx46hwl2r7smhog6h,F. Arp,Fiete Arp,26,Attacker,Germany,Striker,12.0,1.0,45.0,3.0,56.0,5.0,11.0,4.0,7.0,0.0,18.0,219.0,8.0,4.0,5.0,0.0,3.0,0.0,0.0,11.0,11.0,2.0,4.0,8.0,0.0,1.0,1.0,71.79,33.33,10.0,72.73,36.36,43.9,0.0,83.33,0.9916979967538933,0.622118934566931,7.0,2.0,0.04320281,1.0,11.0,15.0,0.50546761,28.0,4.931506849315069,0.4109589041095891,18.493150684931507,1.2328767123287672,23.01369863013699,2.054794520547945,4.52054794520548,1.6438356164383563,2.876712328767124,0.0,7.397260273972603,3.2876712328767126,1.6438356164383563,2.054794520547945,0.0,1.2328767123287672,0.0,0.0,4.52054794520548,4.52054794520548,0.8219178082191781,1.6438356164383563,3.2876712328767126,0.0,0.4109589041095891,0.4109589041095891,71.79,33.33,10.0,72.73,36.36,43.9,0.0,83.33,0.4075471219536548,0.2556653155754511,2.876712328767124,0.8219178082191781,0.0177545794520547,0.4109589041095891,4.52054794520548,6.164383561643836,0.2077264150684931,11.506849315068497,ST,75,89,93,89,96,89,93,61,100,16,89,43,80,98,11,70,32,52,96,96,96,84,100,43,98,100,32,46,86,82,46,68,11,64,79,93,100,39,25,54,100,100,96,98,68,89,96,89,96,93,93,54,100,16,86,36,79,96,11,71,32,52,96,89,100,82,100,43,100,100,32,46,86,82,46,68,11,64,89,96,100,32,29,54,100,100,96,96,Danish Superliga
OB,dbl7ir1qugqz8nvp1vzn8im50,3leszpgxgiq8157tjrvi4fe21,P. Therkildsen,Peter Therkildsen,28,Defender,Denmark,Defender,39.0,1.0,47.0,2.0,85.0,1.0,1.0,1.0,0.0,0.0,14.0,208.0,6.0,1.0,6.0,4.0,13.0,7.0,0.0,1.0,2.0,0.0,0.0,1.0,0.0,0.0,0.0,81.73,25.0,14.29,100.0,0.0,60.87,80.0,75.0,0.2023756466356407,0.0757851303960121,0.0,5.0,0.13476617,1.0,8.0,19.0,0.39152905,47.0,16.875,0.4326923076923077,20.336538461538463,0.8653846153846154,36.77884615384616,0.4326923076923077,0.4326923076923077,0.4326923076923077,0.0,0.0,6.057692307692308,2.5961538461538463,0.4326923076923077,2.5961538461538463,1.7307692307692308,5.625000000000001,3.028846153846154,0.0,0.4326923076923077,0.8653846153846154,0.0,0.0,0.4326923076923077,0.0,0.0,0.0,81.73,25.0,14.29,100.0,0.0,60.87,80.0,75.0,0.0875663855634983,0.0327916429598129,0.0,2.1634615384615388,0.0583122850961538,0.4326923076923077,3.4615384615384617,8.221153846153847,0.1694116081730769,20.336538461538463,RB/RCB,31,50,46,42,31,38,31,50,31,35,65,69,31,73,69,65,69,50,31,31,54,42,42,50,54,54,23,31,42,100,42,62,88,69,46,54,35,62,62,35,46,69,46,38,54,54,62,46,54,46,31,46,31,35,85,100,23,92,69,92,100,50,31,31,54,42,62,50,54,54,23,31,42,100,42,62,88,69,77,46,35,85,92,31,69,92,85,69,Danish Superliga
OB,dbl7ir1qugqz8nvp1vzn8im50,3ukx6q0q54uzz78gl7k10o2dw,M. Andersen,Magnus Andersen,20,Defender,Denmark,Defender,9.0,1.0,57.0,0.0,65.0,3.0,1.0,1.0,0.0,0.0,11.0,135.0,5.0,3.0,6.0,1.0,2.0,0.0,0.0,1.0,1.0,0.0,1.0,0.0,0.0,0.0,0.0,89.04,0.0,14.29,0.0,100.0,61.11,50.0,85.71,0.0766537295390986,0.3801510630893058,0.0,6.0,0.16802862,3.0,3.0,5.0,0.50064823,25.0,6.0,0.6666666666666666,38.0,0.0,43.333333333333336,2.0,0.6666666666666666,0.6666666666666666,0.0,0.0,7.333333333333333,3.333333333333333,2.0,4.0,0.6666666666666666,1.3333333333333333,0.0,0.0,0.6666666666666666,0.6666666666666666,0.0,0.6666666666666666,0.0,0.0,0.0,0.0,89.04,0.0,14.29,0.0,100.0,61.11,50.0,85.71,0.051102486359399,0.2534340420595372,0.0,4.0,0.11201908,2.0,2.0,3.333333333333333,0.3337654866666666,16.666666666666668,CB,3,85,43,3,16,75,34,38,35,37,35,53,62,90,12,10,6,46,56,56,41,71,28,46,51,51,62,3,76,28,97,63,43,84,29,88,41,74,88,75,21,29,74,21,4,97,97,3,35,99,57,63,35,37,97,85,96,100,18,10,6,46,79,79,41,88,28,46,51,51,62,3,76,28,97,63,43,84,41,100,41,97,94,97,37,50,100,26,Danish Superliga
OB,dbl7ir1qugqz8nvp1vzn8im50,49m6v23y89mzt0tfccsamswoa,N. Ganaus,Noah Ganaus,25,Attacker,Germany,Striker,15.0,4.0,57.0,0.0,68.0,8.0,8.0,8.0,0.0,1.0,20.0,424.0,17.0,3.0,0.0,9.0,5.0,1.0,0.0,10.0,10.0,1.0,3.0,5.0,0.0,0.0,0.0,78.16,0.0,50.0,50.0,37.5,40.82,47.37,0.0,1.1389063926487522,0.6857615330834167,0.0,8.0,0.27949837,1.0,1.0,7.0,0.31274834,18.0,3.1839622641509435,0.8490566037735848,12.099056603773583,0.0,14.433962264150942,1.6981132075471697,1.6981132075471697,1.6981132075471697,0.0,0.2122641509433962,4.245283018867925,3.608490566037736,0.6367924528301887,0.0,1.910377358490566,1.0613207547169812,0.2122641509433962,0.0,2.1226415094339623,2.1226415094339623,0.2122641509433962,0.6367924528301887,1.0613207547169812,0.0,0.0,0.0,78.16,0.0,50.0,50.0,37.5,40.82,47.37,0.0,0.2417489984395936,0.1455625895695931,0.0,1.6981132075471697,0.0593274841981132,0.2122641509433962,0.2122641509433962,1.4858490566037736,0.0663852608490566,3.820754716981132,ST,86,96,100,21,100,98,82,88,23,52,95,93,61,20,86,89,73,52,93,93,68,71,96,43,48,50,71,21,96,64,52,61,54,20,89,96,23,96,86,54,34,88,86,80,29,96,82,21,64,75,43,57,23,32,43,54,18,20,57,57,64,52,64,57,46,39,79,43,48,50,71,21,96,64,52,61,54,20,57,82,23,79,68,46,25,61,79,39,Danish Superliga
OB,dbl7ir1qugqz8nvp1vzn8im50,4n002w0ii1wqwx8t5xc1bzf2s,J. Berthel Askou,Julius Berthel Askou,20,Defender,Denmark,Defender,117.0,1.0,108.0,14.0,224.0,4.0,2.0,2.0,0.0,0.0,22.0,360.0,5.0,3.0,5.0,12.0,31.0,3.0,1.0,1.0,1.0,0.0,0.0,1.0,0.0,0.0,0.0,91.06,53.85,50.0,100.0,0.0,62.86,63.16,83.33,0.3439001898556802,0.2502367500880215,0.0,3.0,0.05929272,2.0,15.0,25.0,0.5649211299999998,172.0,29.25,0.25,27.0,3.5,56.0,1.0,0.5,0.5,0.0,0.0,5.5,1.25,0.75,1.25,3.0,7.75,0.75,0.25,0.25,0.25,0.0,0.0,0.25,0.0,0.0,0.0,91.06,53.85,50.0,100.0,0.0,62.86,63.16,83.33,0.08597504746392,0.0625591875220053,0.0,0.75,0.01482318,0.5,3.75,6.25,0.1412302824999999,43.0,CB,50,85,82,72,59,85,53,62,35,37,81,53,62,74,88,79,46,96,56,56,41,31,72,46,51,51,79,74,94,91,31,71,72,79,74,79,41,44,38,62,71,93,82,76,41,81,79,71,56,84,41,47,35,37,82,44,57,78,84,94,31,97,51,51,41,31,78,46,51,51,79,74,94,91,31,71,72,79,65,79,41,40,41,56,56,88,76,82,Danish Superliga
OB,dbl7ir1qugqz8nvp1vzn8im50,6s3lkxgo7i5lktx7ultybs3ys,J. Niemiec,Jona Niemiec,24,Attacker,Germany,Striker,6.0,0.0,13.0,1.0,19.0,3.0,3.0,3.0,0.0,0.0,5.0,104.0,9.0,2.0,2.0,0.0,2.0,0.0,0.0,0.0,0.0,0.0,1.0,0.0,0.0,0.0,0.0,70.37,33.33,0.0,0.0,33.33,45.45,0.0,66.67,0.3287928562691578,0.0726355434366258,0.0,3.0,0.11710037,1.0,1.0,3.0,0.04491571,6.0,5.1923076923076925,0.0,11.250000000000002,0.8653846153846154,16.442307692307693,2.5961538461538463,2.5961538461538463,2.5961538461538463,0.0,0.0,4.3269230769230775,7.788461538461539,1.7307692307692308,1.7307692307692308,0.0,1.7307692307692308,0.0,0.0,0.0,0.0,0.0,0.8653846153846154,0.0,0.0,0.0,0.0,70.37,33.33,0.0,0.0,33.33,45.45,0.0,66.67,0.2845322794636942,0.0628576818201569,0.0,2.5961538461538463,0.1013368586538461,0.8653846153846154,0.8653846153846154,2.5961538461538463,0.0388693644230769,5.1923076923076925,RW,50,25,25,88,25,62,50,62,38,38,25,25,38,38,38,100,62,62,25,25,50,50,25,50,62,62,25,75,25,25,50,88,38,75,25,25,38,25,25,50,88,100,25,25,100,25,100,100,100,100,100,100,38,38,50,100,100,100,38,100,62,62,25,25,50,100,25,50,62,62,25,75,25,25,50,88,38,75,75,50,38,50,100,75,100,100,25,75,Danish Superliga
OB,dbl7ir1qugqz8nvp1vzn8im50,8f1mw21tbkct0slelpdznf7dg,M. McCoy,Marcus McCoy,21,Defender,Denmark,Defender,95.0,3.0,105.0,6.0,197.0,1.0,5.0,3.0,2.0,2.0,28.0,450.0,5.0,6.0,7.0,8.0,19.0,2.0,0.0,10.0,10.0,0.0,0.0,3.0,0.0,0.0,0.0,85.65,28.57,23.08,30.0,0.0,54.9,53.33,63.64,0.3795876786346288,0.142382434815127,2.0,4.0,0.10997153,6.0,28.0,21.0,0.7761462299999998,106.0,19.0,0.6,21.0,1.2,39.4,0.2,1.0,0.6,0.4,0.4,5.6,1.0,1.2,1.4,1.6,3.8,0.4,0.0,2.0,2.0,0.0,0.0,0.6,0.0,0.0,0.0,85.65,28.57,23.08,30.0,0.0,54.9,53.33,63.64,0.0759175357269257,0.0284764869630253,0.4,0.8,0.0219943059999999,1.2,5.6,4.2,0.1552292459999999,21.2,RB/RCB,92,92,92,62,100,38,100,96,85,92,92,54,85,88,88,85,31,50,100,100,54,42,85,50,54,54,69,38,62,46,42,46,69,46,100,62,92,54,54,92,100,77,92,85,69,69,69,62,69,15,85,77,69,85,69,35,85,62,62,62,8,50,92,85,54,42,77,50,54,54,69,38,62,46,42,46,69,46,69,38,69,38,46,69,92,69,69,77,Danish Superliga
OB,dbl7ir1qugqz8nvp1vzn8im50,8qn89v5q0gjb5q5imnhu8ztyi,T. Keskinen,Topi Keskinen,23,Attacker,Finland,Striker,20.0,3.0,70.0,2.0,87.0,8.0,12.0,12.0,0.0,7.0,23.0,441.0,36.0,4.0,4.0,2.0,3.0,0.0,0.0,24.0,24.0,0.0,3.0,10.0,0.0,0.0,0.0,72.5,25.0,15.0,41.67,25.0,33.82,22.22,57.14,1.0533702958934787,0.7358364668997255,6.0,14.0,0.41427438,4.0,4.0,10.0,0.6306463,31.0,4.081632653061225,0.6122448979591836,14.285714285714285,0.4081632653061224,17.755102040816325,1.6326530612244896,2.4489795918367343,2.4489795918367343,0.0,1.4285714285714284,4.693877551020408,7.346938775510203,0.8163265306122448,0.8163265306122448,0.4081632653061224,0.6122448979591836,0.0,0.0,4.897959183673469,4.897959183673469,0.0,0.6122448979591836,2.0408163265306123,0.0,0.0,0.0,72.5,25.0,15.0,41.67,25.0,33.82,22.22,57.14,0.2149735297741793,0.1501707075305562,1.2244897959183672,2.8571428571428568,0.0845457918367346,0.8163265306122448,0.8163265306122448,2.0408163265306123,0.1287033265306122,6.326530612244897,LW,86,57,100,79,100,86,71,100,14,100,86,100,36,93,86,79,29,57,71,71,29,64,93,36,57,57,57,50,43,57,64,29,43,50,57,100,86,100,100,79,43,86,71,71,57,43,86,71,43,71,14,43,14,86,57,71,29,86,71,57,29,57,57,57,29,57,57,36,57,57,57,50,43,57,64,29,43,50,29,57,71,71,71,71,29,71,43,57,Danish Superliga
OB,dbl7ir1qugqz8nvp1vzn8im50,aulhjgm35swnx4k3rexbds8ut,U. Yttergård Jenssen,Ulrik Yttergård Jenssen,30,Defender,Norway,Defender,40.0,0.0,73.0,7.0,113.0,0.0,3.0,2.0,1.0,2.0,7.0,206.0,7.0,1.0,1.0,3.0,8.0,4.0,0.0,1.0,1.0,0.0,0.0,1.0,0.0,0.0,0.0,84.33,43.75,0.0,100.0,0.0,38.89,33.33,50.0,0.2083502042808215,0.0,1.0,6.0,0.14304416,7.0,19.0,17.0,0.37312984,55.0,17.475728155339805,0.0,31.893203883495147,3.058252427184466,49.36893203883496,0.0,1.3106796116504855,0.8737864077669903,0.4368932038834952,0.8737864077669903,3.058252427184466,3.058252427184466,0.4368932038834952,0.4368932038834952,1.3106796116504855,3.4951456310679614,1.7475728155339807,0.0,0.4368932038834952,0.4368932038834952,0.0,0.0,0.4368932038834952,0.0,0.0,0.0,84.33,43.75,0.0,100.0,0.0,38.89,33.33,50.0,0.0910267882780288,0.0,0.4368932038834952,2.621359223300971,0.0624950213592233,3.058252427184466,8.300970873786408,7.427184466019418,0.1630178912621359,24.029126213592235,LB/LCB,40,27,80,63,47,17,70,63,67,90,27,63,13,23,60,30,70,47,40,37,47,33,57,37,53,53,73,67,27,90,33,13,47,27,60,17,70,77,60,93,87,70,40,60,53,27,100,80,80,17,93,93,80,87,27,100,13,33,80,73,80,47,53,47,47,33,67,37,53,53,73,67,27,90,33,13,47,27,80,17,80,93,87,100,93,93,87,87,Danish Superliga
OB,dbl7ir1qugqz8nvp1vzn8im50,b9etqcvi0eueu0bh49roth638,I. Ouédraogo,Ismahila Ouédraogo,26,Midfielder,Burkina Faso,Midfielder,87.0,0.0,166.0,12.0,253.0,0.0,2.0,0.0,2.0,1.0,20.0,450.0,0.0,5.0,7.0,0.0,7.0,8.0,0.0,2.0,2.0,0.0,0.0,1.0,0.0,0.0,0.0,91.01,52.17,0.0,50.0,0.0,54.05,0.0,50.0,0.1641758834051652,0.0,1.0,9.0,0.18776978,5.0,33.0,29.0,0.53292684,151.0,17.4,0.0,33.2,2.4,50.6,0.0,0.4,0.0,0.4,0.2,4.0,0.0,1.0,1.4,0.0,1.4,1.6,0.0,0.4,0.4,0.0,0.0,0.2,0.0,0.0,0.0,91.01,52.17,0.0,50.0,0.0,54.05,0.0,50.0,0.032835176681033,0.0,0.2,1.8,0.037553956,1.0,6.6,5.8,0.106585368,30.2,DM/CM,77,37,100,93,97,10,52,27,70,67,65,8,67,88,12,62,73,48,47,47,43,23,58,38,52,52,90,63,37,70,23,70,13,33,57,12,60,90,90,93,93,100,90,95,50,37,93,73,83,10,28,27,45,53,33,8,47,57,12,37,63,48,30,30,43,23,47,38,52,52,90,63,37,70,23,70,13,33,23,12,55,73,67,80,93,93,80,88,Danish Superliga
OB,dbl7ir1qugqz8nvp1vzn8im50,bxamae8lo647u6k3kruigir8q,A. Sørensen,Adam Sørensen,25,Defender,Denmark,Defender,18.0,5.0,52.0,2.0,65.0,6.0,6.0,4.0,2.0,2.0,14.0,270.0,6.0,3.0,1.0,4.0,7.0,6.0,0.0,5.0,6.0,0.0,0.0,4.0,0.0,0.0,0.0,81.25,28.57,45.45,80.0,0.0,56.0,66.67,33.33,0.5591284756078682,0.7288102293879242,2.0,11.0,0.34925498,4.0,6.0,4.0,0.4171526199999999,21.0,6.0,1.6666666666666667,17.333333333333332,0.6666666666666666,21.666666666666668,2.0,2.0,1.3333333333333333,0.6666666666666666,0.6666666666666666,4.666666666666667,2.0,1.0,0.3333333333333333,1.3333333333333333,2.333333333333333,2.0,0.0,1.6666666666666667,2.0,0.0,0.0,1.3333333333333333,0.0,0.0,0.0,81.25,28.57,45.45,80.0,0.0,56.0,66.67,33.33,0.186376158535956,0.242936743129308,0.6666666666666666,3.6666666666666665,0.1164183266666666,1.3333333333333333,2.0,1.3333333333333333,0.1390508733333333,7.0,CB,6,100,32,15,16,99,94,90,97,90,43,62,62,21,40,25,69,46,99,100,41,31,100,46,51,51,6,18,88,79,31,41,84,21,91,100,99,100,100,91,34,24,53,18,4,100,35,18,3,99,96,94,91,94,60,56,75,21,46,21,90,46,97,99,41,31,100,46,51,51,6,18,88,79,31,41,84,21,91,97,97,94,97,91,37,29,74,15,Danish Superliga
OB,dbl7ir1qugqz8nvp1vzn8im50,e9o7q10wnhex4e8eo47mobbvt,J. Bonde,Jakob Bonde,32,Midfielder,Denmark,Midfielder,54.0,0.0,83.0,5.0,137.0,2.0,7.0,5.0,2.0,2.0,11.0,307.0,12.0,4.0,0.0,4.0,11.0,2.0,0.0,6.0,6.0,0.0,2.0,3.0,0.0,0.0,0.0,83.54,55.56,0.0,50.0,28.57,55.0,0.0,0.0,0.6705703554881552,0.1621053343381201,1.0,2.0,0.04347372,3.0,17.0,13.0,0.3252483699999999,64.0,15.830618892508143,0.0,24.332247557003257,1.4657980456026058,40.162866449511405,0.5863192182410424,2.052117263843648,1.4657980456026058,0.5863192182410424,0.5863192182410424,3.224755700325733,3.5179153094462543,1.1726384364820848,0.0,1.1726384364820848,3.224755700325733,0.5863192182410424,0.0,1.7589576547231272,1.7589576547231272,0.0,0.5863192182410424,0.8794788273615636,0.0,0.0,0.0,83.54,55.56,0.0,50.0,28.57,55.0,0.0,0.0,0.1965841433027165,0.0475227364509146,0.2931596091205212,0.5863192182410424,0.0127447387622149,0.8794788273615636,4.98371335504886,3.811074918566776,0.0953496850162866,18.76221498371336,CM/AM,74,17,52,63,52,15,54,78,46,35,22,63,48,7,80,89,39,52,61,57,28,57,54,35,50,52,70,61,17,48,48,87,9,7,61,13,28,11,4,39,67,52,30,52,74,17,52,52,61,17,57,74,39,30,13,70,43,7,78,100,35,52,57,57,28,52,57,35,50,52,70,61,17,48,48,87,9,7,65,22,35,9,9,39,74,43,26,61,Danish Superliga
OB,dbl7ir1qugqz8nvp1vzn8im50,ev2s21ogvpjtata4fndi868ve,J. Gomez,James Gomez,24,Defender,Gambia,Defender,155.0,0.0,134.0,19.0,289.0,2.0,1.0,1.0,0.0,0.0,24.0,439.0,1.0,0.0,6.0,12.0,34.0,7.0,0.0,2.0,2.0,0.0,0.0,1.0,0.0,0.0,0.0,90.6,59.38,0.0,50.0,0.0,53.33,63.16,54.55,0.1108798891694449,0.1303011546683624,0.0,3.0,0.06022249,4.0,25.0,19.0,0.4688241099999997,206.0,31.77676537585421,0.0,27.47152619589977,3.895216400911161,59.24829157175398,0.4100227790432801,0.20501138952164,0.20501138952164,0.0,0.0,4.920273348519362,0.20501138952164,0.0,1.2300683371298404,2.460136674259681,6.970387243735763,1.4350797266514803,0.0,0.4100227790432801,0.4100227790432801,0.0,0.0,0.20501138952164,0.0,0.0,0.0,90.6,59.38,0.0,50.0,0.0,53.33,63.16,54.55,0.0227316401486333,0.0267132207748351,0.0,0.6150341685649202,0.012346296355353,0.8200455580865603,5.125284738041002,3.895216400911161,0.0961142822323461,42.232346241457854,CB,68,38,97,91,82,65,34,38,35,37,90,18,6,90,88,91,78,46,76,76,41,31,72,46,51,51,74,79,38,65,31,35,72,44,38,56,41,44,41,91,88,78,68,85,50,38,85,76,68,59,32,35,35,37,68,18,6,74,76,85,68,46,71,71,41,31,74,46,51,51,74,79,38,65,31,35,72,44,32,50,41,35,32,76,71,59,47,79,Danish Superliga
OB,dbl7ir1qugqz8nvp1vzn8im50,rq6npjy37kolscu8lrj4r2dx,R. Falk,Rasmus Falk,34,Midfielder,Denmark,Midfielder,60.0,2.0,138.0,4.0,196.0,4.0,2.0,1.0,1.0,0.0,11.0,292.0,4.0,2.0,4.0,0.0,3.0,5.0,0.0,6.0,6.0,0.0,0.0,3.0,0.0,0.0,0.0,91.16,66.67,22.22,50.0,0.0,36.67,0.0,66.67,0.1856627511439629,0.4095731176356815,0.0,4.0,0.1174370399999999,5.0,19.0,27.0,0.55711256,115.0,18.493150684931507,0.6164383561643836,42.53424657534247,1.2328767123287672,60.41095890410959,1.2328767123287672,0.6164383561643836,0.3082191780821918,0.3082191780821918,0.0,3.3904109589041096,1.2328767123287672,0.6164383561643836,1.2328767123287672,0.0,0.9246575342465754,1.5410958904109588,0.0,1.8493150684931507,1.8493150684931507,0.0,0.0,0.9246575342465754,0.0,0.0,0.0,91.16,66.67,22.22,50.0,0.0,36.67,0.0,66.67,0.0572248205580707,0.1262382896822306,0.0,1.2328767123287672,0.0361963479452054,1.5410958904109588,5.856164383561644,8.321917808219178,0.1717127753424657,35.445205479452056,CM/AM,83,63,87,52,87,39,9,11,15,9,22,15,17,65,7,48,89,52,61,57,28,13,54,35,50,52,96,91,52,48,13,17,9,57,9,39,7,26,30,67,78,87,61,91,83,70,87,43,91,35,4,13,13,9,17,13,22,70,7,52,96,52,61,61,28,13,65,35,50,52,96,91,52,48,13,17,9,57,4,35,7,22,22,61,78,96,70,96,Danish Superliga
Randers,9w3sjm5ml4sjr2v81oxzdrt8v,3cdo7b8vwb5kzeoaxzqm6esk4,S. Hansen,Sabil Hansen,20,Midfielder,Denmark,Midfielder,23.0,3.0,37.0,1.0,57.0,4.0,1.0,0.0,1.0,0.0,19.0,246.0,4.0,3.0,6.0,6.0,13.0,2.0,0.0,5.0,5.0,0.0,0.0,2.0,1.0,0.0,0.0,77.03,25.0,50.0,40.0,0.0,57.58,66.67,75.0,0.0340658269334272,0.4600195680697738,1.0,4.0,0.09934805,3.0,6.0,4.0,0.4969036299999999,22.0,8.414634146341463,1.0975609756097562,13.53658536585366,0.3658536585365853,20.853658536585364,1.4634146341463414,0.3658536585365853,0.0,0.3658536585365853,0.0,6.951219512195122,1.4634146341463414,1.0975609756097562,2.1951219512195124,2.1951219512195124,4.7560975609756095,0.7317073170731707,0.0,1.829268292682927,1.829268292682927,0.0,0.0,0.7317073170731707,0.3658536585365853,0.0,0.0,77.03,25.0,50.0,40.0,0.0,57.58,66.67,75.0,0.0124631074146684,0.1682998419767465,0.3658536585365853,1.4634146341463414,0.0363468475609756,1.0975609756097562,2.1951219512195124,1.4634146341463414,0.1817940109756097,8.048780487804878,RM/RCM,50,50,25,12,25,38,12,12,12,12,62,12,25,81,100,100,62,56,25,25,44,19,38,81,56,56,38,12,94,50,19,75,88,75,12,38,19,25,25,44,50,12,38,38,25,50,25,12,12,38,12,12,12,12,62,12,25,88,100,100,75,56,25,25,44,19,38,75,56,56,38,12,94,50,19,75,88,75,12,50,12,25,12,38,38,12,50,25,Danish Superliga
Randers,9w3sjm5ml4sjr2v81oxzdrt8v,4o4vrnjw7c3g7j5aw5utyw1cl,K. Junker,Kasper Junker,32,Attacker,Denmark,Striker,9.0,0.0,13.0,1.0,22.0,1.0,3.0,2.0,1.0,1.0,10.0,170.0,4.0,6.0,0.0,4.0,3.0,0.0,0.0,1.0,1.0,1.0,2.0,0.0,0.0,0.0,0.0,78.57,100.0,0.0,0.0,66.67,35.71,26.67,0.0,0.2946147530663157,0.0966350891990827,1.0,2.0,0.0482448,2.0,1.0,2.0,0.03695787,7.0,4.764705882352941,0.0,6.882352941176471,0.5294117647058824,11.647058823529411,0.5294117647058824,1.5882352941176472,1.0588235294117647,0.5294117647058824,0.5294117647058824,5.294117647058823,2.117647058823529,3.1764705882352944,0.0,2.117647058823529,1.5882352941176472,0.0,0.0,0.5294117647058824,0.5294117647058824,0.5294117647058824,1.0588235294117647,0.0,0.0,0.0,0.0,78.57,100.0,0.0,0.0,66.67,35.71,26.67,0.0,0.1559725163292259,0.0511597531053967,0.5294117647058824,1.0588235294117647,0.0255413647058823,1.0588235294117647,0.5294117647058824,1.0588235294117647,0.0195659311764705,3.7058823529411766,ST,46,43,21,61,25,25,27,32,57,52,48,9,93,20,59,70,32,52,18,14,68,54,11,43,48,50,75,89,43,11,93,29,36,20,29,32,55,39,32,73,34,38,29,30,64,43,21,71,39,29,39,36,68,68,61,14,100,20,68,86,32,52,21,18,79,68,11,43,48,50,75,89,43,11,93,29,36,20,43,36,57,54,36,89,39,43,29,32,Danish Superliga
Randers,9w3sjm5ml4sjr2v81oxzdrt8v,4vfbiav52mg5s9vnx53f0nhuc,M. Themsen,Mike Themsen,20,Midfielder,Denmark,Midfielder,52.0,6.0,95.0,2.0,141.0,7.0,11.0,3.0,8.0,6.0,19.0,440.0,12.0,0.0,10.0,3.0,5.0,7.0,0.0,14.0,16.0,1.0,2.0,4.0,0.0,0.0,0.0,79.66,50.0,21.43,28.57,18.18,38.78,37.5,83.33,0.7574986295252094,0.7555093345608545,6.0,22.0,0.60157789,9.0,14.0,20.0,0.4388346600000001,65.0,10.636363636363637,1.227272727272727,19.43181818181818,0.409090909090909,28.84090909090909,1.4318181818181817,2.25,0.6136363636363635,1.6363636363636362,1.227272727272727,3.886363636363636,2.454545454545454,0.0,2.0454545454545454,0.6136363636363635,1.0227272727272727,1.4318181818181817,0.0,2.863636363636364,3.2727272727272725,0.2045454545454545,0.409090909090909,0.8181818181818181,0.0,0.0,0.0,79.66,50.0,21.43,28.57,18.18,38.78,37.5,83.33,0.1549429014937928,0.1545360002510838,1.227272727272727,4.5,0.1230500229545454,1.8409090909090908,2.863636363636364,4.090909090909091,0.089761635,13.295454545454543,CM/AM,70,89,70,28,70,61,83,46,93,100,72,63,7,98,61,72,98,52,91,93,70,57,74,35,50,52,43,54,48,17,30,22,48,87,74,78,96,98,100,87,52,78,43,59,48,87,35,26,39,39,61,35,87,87,30,35,7,78,35,57,83,52,74,83,61,39,52,35,50,52,43,54,48,17,30,22,48,87,48,57,83,87,74,70,35,52,22,39,Danish Superliga
Randers,9w3sjm5ml4sjr2v81oxzdrt8v,5is9bcj143orulo4biogwxzl6,L. Lissens,Lucas Lissens,25,Defender,Belgium,Defender,15.0,0.0,21.0,0.0,36.0,1.0,2.0,2.0,0.0,0.0,9.0,121.0,2.0,0.0,2.0,2.0,3.0,1.0,0.0,4.0,4.0,0.0,2.0,2.0,0.0,0.0,0.0,92.31,0.0,0.0,50.0,100.0,69.23,0.0,40.0,0.2237552721199607,0.0692837141588645,1.0,3.0,0.07476922,1.0,3.0,2.0,0.06840949,16.0,11.157024793388429,0.0,15.6198347107438,0.0,26.77685950413223,0.743801652892562,1.487603305785124,1.487603305785124,0.0,0.0,6.694214876033057,1.487603305785124,0.0,1.487603305785124,1.487603305785124,2.2314049586776856,0.743801652892562,0.0,2.975206611570248,2.975206611570248,0.0,1.487603305785124,1.487603305785124,0.0,0.0,0.0,92.31,0.0,0.0,50.0,100.0,69.23,0.0,40.0,0.1664295412462517,0.0515333411098992,0.743801652892562,2.2314049586776856,0.0556134694214875,0.743801652892562,2.2314049586776856,1.487603305785124,0.0508830917355371,11.900826446280991,RB/RCB,23,19,23,12,23,38,50,73,31,35,31,38,8,38,31,31,8,50,62,50,54,96,69,50,54,54,100,12,19,65,100,77,15,27,62,38,73,46,46,35,27,23,15,23,31,19,54,12,23,77,92,100,31,35,92,62,8,77,54,38,15,50,100,100,54,100,100,50,54,54,100,12,19,65,100,77,15,27,100,62,100,92,77,46,46,23,15,23,Danish Superliga
Randers,9w3sjm5ml4sjr2v81oxzdrt8v,60z63hezwwosjnhvamcwxtre1,N. Dyhr,Nikolas Dyhr,25,Defender,Denmark,Defender,21.0,2.0,26.0,5.0,45.0,1.0,1.0,1.0,0.0,0.0,6.0,251.0,3.0,2.0,1.0,3.0,9.0,1.0,0.0,1.0,2.0,0.0,0.0,0.0,0.0,0.0,0.0,69.23,38.46,40.0,0.0,0.0,46.15,75.0,50.0,0.2024205911656446,0.1352938236098077,0.0,1.0,0.04647721,0.0,2.0,7.0,0.3906166199999999,26.0,7.52988047808765,0.7171314741035857,9.322709163346614,1.7928286852589643,16.13545816733068,0.3585657370517928,0.3585657370517928,0.3585657370517928,0.0,0.0,2.1513944223107573,1.0756972111553786,0.7171314741035857,0.3585657370517928,1.0756972111553786,3.227091633466136,0.3585657370517928,0.0,0.3585657370517928,0.7171314741035857,0.0,0.0,0.0,0.0,0.0,0.0,69.23,38.46,40.0,0.0,0.0,46.15,75.0,50.0,0.0725810884657689,0.0485117295812059,0.0,0.3585657370517928,0.0166651350597609,0.0,0.7171314741035857,2.50996015936255,0.14006173625498,9.322709163346614,LB/LCB,7,77,20,40,20,47,33,47,27,33,13,40,30,23,60,47,10,47,40,67,47,33,20,37,53,53,7,60,90,20,33,20,100,27,53,53,27,27,27,20,30,37,53,33,13,67,13,47,7,47,33,47,27,33,13,40,40,20,60,60,13,47,47,60,47,33,20,37,53,53,7,60,90,20,33,20,100,27,67,53,27,27,33,20,27,47,67,27,Danish Superliga
Randers,9w3sjm5ml4sjr2v81oxzdrt8v,6uj3c69lgu6boblkjiuhoy6eh,J. Björkengren,John Björkengren,27,Midfielder,Sweden,Midfielder,64.0,0.0,35.0,4.0,99.0,0.0,1.0,0.0,1.0,0.0,7.0,225.0,1.0,5.0,1.0,0.0,9.0,5.0,0.0,2.0,2.0,0.0,0.0,1.0,0.0,0.0,0.0,88.39,36.36,0.0,50.0,0.0,46.67,0.0,100.0,0.1064709235948242,0.0,0.0,3.0,0.05740611,1.0,6.0,4.0,0.12010316,34.0,25.6,0.0,14.0,1.6,39.6,0.0,0.4,0.0,0.4,0.0,2.8,0.4,2.0,0.4,0.0,3.6,2.0,0.0,0.8,0.8,0.0,0.0,0.4,0.0,0.0,0.0,88.39,36.36,0.0,50.0,0.0,46.67,0.0,100.0,0.0425883694379296,0.0,0.0,1.2,0.022962444,0.4,2.4,1.6,0.048041264,13.6,DM/CM,63,37,33,45,47,10,27,27,43,27,22,25,67,12,12,88,63,48,47,47,43,23,58,38,52,52,80,43,37,70,23,43,13,97,37,12,27,47,40,35,38,23,20,32,77,37,37,52,60,10,28,27,45,27,13,25,73,7,12,93,70,48,52,52,43,23,60,38,52,52,80,43,37,70,23,43,13,97,47,12,27,58,47,38,30,23,30,37,Danish Superliga
Randers,9w3sjm5ml4sjr2v81oxzdrt8v,7kp9oeo9n5pownqnvwvog3das,C. Edudzi,Cyril Edudzi,20,Attacker,Ghana,Striker,8.0,1.0,24.0,0.0,31.0,3.0,0.0,0.0,0.0,0.0,11.0,158.0,5.0,2.0,2.0,3.0,2.0,2.0,0.0,7.0,8.0,0.0,0.0,2.0,0.0,0.0,0.0,88.57,0.0,100.0,28.57,0.0,45.83,50.0,50.0,0.0,0.2900556297476591,0.0,5.0,0.15730874,2.0,3.0,4.0,0.27415024,16.0,4.556962025316456,0.569620253164557,13.670886075949369,0.0,17.658227848101266,1.7088607594936709,0.0,0.0,0.0,0.0,6.265822784810126,2.848101265822785,1.139240506329114,1.139240506329114,1.7088607594936709,1.139240506329114,1.139240506329114,0.0,3.987341772151898,4.556962025316456,0.0,0.0,1.139240506329114,0.0,0.0,0.0,88.57,0.0,100.0,28.57,0.0,45.83,50.0,50.0,0.0,0.1652215612486665,0.0,2.848101265822785,0.0896062443037974,1.139240506329114,1.7088607594936709,2.278481012658228,0.156161529113924,9.113924050632912,ST,34,89,71,21,57,62,4,5,23,16,57,14,34,70,46,50,93,52,82,82,23,16,62,43,48,50,100,21,100,36,16,71,70,46,4,75,23,82,71,73,73,62,79,75,57,93,93,21,93,79,4,5,23,16,82,21,50,79,54,61,96,52,89,93,23,16,82,43,48,50,100,21,100,36,16,71,70,46,4,89,23,96,86,93,89,82,86,89,Danish Superliga
Randers,9w3sjm5ml4sjr2v81oxzdrt8v,8cox96ikk1k4c24f0y5ef45x,W. Dammers,Wessel Dammers,31,Defender,Netherlands,Defender,187.0,0.0,96.0,23.0,283.0,0.0,3.0,3.0,0.0,2.0,18.0,450.0,7.0,4.0,0.0,12.0,38.0,8.0,0.0,2.0,2.0,0.0,0.0,1.0,0.0,0.0,0.0,88.16,48.94,0.0,50.0,0.0,60.0,66.67,0.0,0.3286777146362453,0.0,0.0,6.0,0.13093335,3.0,31.0,33.0,0.4863468799999997,192.0,37.4,0.0,19.2,4.6,56.6,0.0,0.6,0.6,0.0,0.4,3.6,1.4,0.8,0.0,2.4,7.6,1.6,0.0,0.4,0.4,0.0,0.0,0.2,0.0,0.0,0.0,88.16,48.94,0.0,50.0,0.0,60.0,66.67,0.0,0.065735542927249,0.0,0.0,1.2,0.02618667,0.6,6.2,6.6,0.0972693759999999,38.4,CB,79,38,72,97,79,16,69,78,35,90,71,69,81,9,88,97,90,46,76,76,41,31,72,46,51,51,47,50,38,65,31,59,84,9,65,18,41,74,71,75,91,97,71,82,65,38,44,91,59,16,47,53,35,87,38,47,62,9,74,88,76,46,65,65,41,31,60,46,51,51,47,50,38,65,31,59,84,9,47,18,41,60,68,62,82,91,50,71,Danish Superliga
Randers,9w3sjm5ml4sjr2v81oxzdrt8v,8domjmewnw5h6b19vef8w0afp,M. Greve,Mathias Greve,31,Midfielder,Denmark,Midfielder,43.0,1.0,68.0,2.0,110.0,3.0,2.0,2.0,0.0,1.0,21.0,337.0,6.0,3.0,7.0,8.0,6.0,1.0,0.0,1.0,1.0,0.0,1.0,1.0,0.0,0.0,0.0,80.29,28.57,25.0,100.0,50.0,50.0,88.89,77.78,0.2517554130487468,0.1289636868453312,0.0,6.0,0.18681453,2.0,11.0,11.0,0.24470925,66.0,11.483679525222552,0.2670623145400593,18.160237388724035,0.5341246290801187,29.376854599406528,0.8011869436201781,0.5341246290801187,0.5341246290801187,0.0,0.2670623145400593,5.608308605341247,1.602373887240356,0.8011869436201781,1.869436201780416,2.136498516320475,1.602373887240356,0.2670623145400593,0.0,0.2670623145400593,0.2670623145400593,0.0,0.2670623145400593,0.2670623145400593,0.0,0.0,0.0,80.29,28.57,25.0,100.0,50.0,50.0,88.89,77.78,0.0672343833067869,0.0344413407005335,0.0,1.602373887240356,0.0498911207715133,0.5341246290801187,2.9376854599406528,2.9376854599406528,0.065352618694362,17.626112759643917,DM/CM,33,78,73,25,53,70,52,87,15,67,70,83,47,88,93,55,12,48,30,28,43,60,58,38,52,52,33,23,78,97,80,52,100,87,73,40,27,77,87,60,65,67,60,67,10,73,63,13,37,43,40,77,15,60,67,77,37,83,93,43,7,48,27,23,43,57,53,38,52,52,33,23,78,97,80,52,100,87,57,40,27,63,77,50,47,53,33,53,Danish Superliga
Randers,9w3sjm5ml4sjr2v81oxzdrt8v,b2uznyb9b8fxsy57450mbmwru,M. Sankoh,Mohamed Sankoh,22,Attacker,Netherlands,Striker,19.0,0.0,18.0,1.0,37.0,1.0,4.0,2.0,2.0,1.0,12.0,209.0,8.0,3.0,0.0,6.0,1.0,0.0,0.0,1.0,1.0,1.0,2.0,0.0,0.0,0.0,0.0,86.05,100.0,0.0,0.0,50.0,50.0,66.67,0.0,0.7396369579660548,0.085018312248655,2.0,2.0,0.13190251,3.0,1.0,2.0,0.08997731,11.0,8.181818181818182,0.0,7.751196172248803,0.4306220095693779,15.933014354066984,0.4306220095693779,1.7224880382775118,0.8612440191387559,0.8612440191387559,0.4306220095693779,5.167464114832535,3.444976076555024,1.2918660287081338,0.0,2.583732057416268,0.4306220095693779,0.0,0.0,0.4306220095693779,0.4306220095693779,0.4306220095693779,0.8612440191387559,0.0,0.0,0.0,0.0,86.05,100.0,0.0,0.0,50.0,50.0,66.67,0.0,0.318503953191124,0.0366107564707126,0.8612440191387559,0.8612440191387559,0.0568001239234449,1.2918660287081338,0.4306220095693779,0.8612440191387559,0.0387462100478468,4.7368421052631575,ST,93,43,50,61,68,25,46,32,77,52,66,43,61,20,77,29,32,52,18,14,68,54,11,43,48,50,96,89,43,11,71,80,91,20,71,29,73,39,68,91,34,38,64,55,100,43,48,59,82,18,46,25,75,46,57,43,57,20,75,23,32,52,14,11,62,57,11,43,48,50,96,89,43,11,71,80,91,20,79,21,75,36,61,96,36,36,64,61,Danish Superliga
Randers,9w3sjm5ml4sjr2v81oxzdrt8v,brsecgiiou4wcogoimzawyhp0,L. Pedersen,Laurits Pedersen,20,Midfielder,Denmark,Midfielder,69.0,0.0,64.0,3.0,133.0,4.0,0.0,0.0,0.0,0.0,18.0,377.0,3.0,1.0,8.0,2.0,20.0,10.0,0.0,1.0,1.0,0.0,0.0,1.0,0.0,0.0,0.0,82.1,37.5,0.0,100.0,0.0,51.43,66.67,57.14,0.0,0.2334449483368593,0.0,5.0,0.10059481,4.0,12.0,9.0,0.18061731,80.0,16.47214854111406,0.0,15.278514588859416,0.7161803713527851,31.75066312997347,0.9549071618037136,0.0,0.0,0.0,0.0,4.297082228116711,0.7161803713527851,0.2387267904509283,1.909814323607427,0.4774535809018567,4.774535809018567,2.3872679045092835,0.0,0.2387267904509283,0.2387267904509283,0.0,0.0,0.2387267904509283,0.0,0.0,0.0,82.1,37.5,0.0,100.0,0.0,51.43,66.67,57.14,0.0,0.0557295632634412,0.0,1.1936339522546418,0.0240146761273209,0.9549071618037136,2.8647214854111405,2.1485411140583555,0.0431181907161803,19.098143236074268,DM/CM,73,37,70,37,73,90,8,27,15,27,60,60,18,97,55,100,87,48,30,28,43,23,58,38,52,52,47,47,37,97,23,57,80,48,7,77,27,63,60,85,70,48,50,78,40,37,47,23,47,70,8,27,15,27,37,43,13,87,37,97,80,48,23,20,43,23,50,38,52,52,47,47,37,97,23,57,80,48,7,53,27,53,53,77,43,37,27,57,Danish Superliga
Randers,9w3sjm5ml4sjr2v81oxzdrt8v,cszc9gru0hty21nad6sqxyzqi,M. Sjølstad,Martin Sjølstad,26,Defender,Norway,Defender,31.0,1.0,56.0,1.0,86.0,4.0,2.0,2.0,0.0,1.0,16.0,356.0,11.0,4.0,3.0,2.0,9.0,5.0,0.0,8.0,9.0,0.0,0.0,5.0,1.0,0.0,0.0,78.18,25.0,12.5,62.5,0.0,51.61,40.0,60.0,0.1380085091901392,0.3125784312605699,0.0,11.0,0.32277217,8.0,3.0,7.0,0.3589482599999999,37.0,7.837078651685393,0.2528089887640449,14.157303370786517,0.2528089887640449,21.741573033707866,1.0112359550561798,0.5056179775280899,0.5056179775280899,0.0,0.2528089887640449,4.044943820224719,2.7808988764044944,1.0112359550561798,0.7584269662921348,0.5056179775280899,2.2752808988764044,1.2640449438202246,0.0,2.02247191011236,2.2752808988764044,0.0,0.0,1.2640449438202246,0.2528089887640449,0.0,0.0,78.18,25.0,12.5,62.5,0.0,51.61,40.0,60.0,0.0348897916491924,0.0790226371164362,0.0,2.7808988764044944,0.0815997058988764,2.02247191011236,0.7584269662921348,1.7696629213483146,0.0907453466292134,9.353932584269662,LB/LCB,27,60,53,7,27,87,53,63,27,73,67,97,60,50,37,47,90,47,90,93,47,33,87,83,53,53,47,20,53,67,33,40,63,47,47,87,27,100,93,100,40,37,33,40,20,53,53,7,13,87,47,60,27,67,40,93,53,47,40,20,67,47,93,93,47,33,100,80,53,53,47,20,53,67,33,40,63,47,33,87,27,100,93,93,33,27,40,33,Danish Superliga
Randers,9w3sjm5ml4sjr2v81oxzdrt8v,d1j2a0az2datf1l2efdzne7vu,E. Mahmoud,Elies Mahmoud,25,Midfielder,France,Midfielder,66.0,1.0,125.0,8.0,190.0,8.0,10.0,7.0,3.0,5.0,48.0,436.0,16.0,10.0,11.0,1.0,4.0,2.0,0.0,22.0,22.0,0.0,1.0,16.0,0.0,0.0,0.0,82.25,61.54,6.67,72.73,10.0,64.0,25.0,52.38,0.699423454556027,0.5665786581998844,3.0,24.0,0.6636707899999998,12.0,21.0,16.0,0.6794566500000001,87.0,13.623853211009177,0.2064220183486238,25.802752293577985,1.651376146788991,39.22018348623853,1.651376146788991,2.064220183486239,1.444954128440367,0.6192660550458716,1.0321100917431194,9.908256880733946,3.302752293577982,2.064220183486239,2.2706422018348627,0.2064220183486238,0.8256880733944955,0.4128440366972477,0.0,4.541284403669725,4.541284403669725,0.0,0.2064220183486238,3.302752293577982,0.0,0.0,0.0,82.25,61.54,6.67,72.73,10.0,64.0,25.0,52.38,0.1443764011698221,0.1169543101788752,0.6192660550458716,4.954128440366973,0.1369962639908256,2.4770642201834865,4.3348623853211015,3.302752293577982,0.1402548130733945,17.958715596330276,RM/RCM,100,31,88,75,100,69,81,94,44,94,100,62,75,100,56,69,62,56,100,94,44,38,100,38,56,56,75,88,25,88,38,88,62,62,75,50,44,88,88,100,100,69,62,100,88,25,50,38,88,50,25,75,25,75,75,50,62,100,50,50,25,56,75,75,44,38,88,38,56,56,75,88,25,88,38,88,62,62,25,38,38,75,75,88,88,25,38,88,Danish Superliga
Randers,9w3sjm5ml4sjr2v81oxzdrt8v,effgiwtme6eu08o1ninlnqqqd,D. Høegh,Daniel Høegh,35,Defender,Denmark,Defender,145.0,0.0,107.0,17.0,252.0,1.0,1.0,1.0,0.0,0.0,19.0,450.0,3.0,5.0,6.0,6.0,39.0,10.0,0.0,0.0,0.0,0.0,0.0,0.0,0.0,0.0,0.0,88.73,48.57,0.0,0.0,0.0,55.88,40.0,75.0,0.0899268340189115,0.0812149112843605,0.0,3.0,0.06333723,1.0,20.0,18.0,0.4350537699999997,174.0,29.0,0.0,21.4,3.4,50.4,0.2,0.2,0.2,0.0,0.0,3.8,0.6,1.0,1.2,1.2,7.8,2.0,0.0,0.0,0.0,0.0,0.0,0.0,0.0,0.0,0.0,88.73,48.57,0.0,0.0,0.0,55.88,40.0,75.0,0.0179853668037823,0.0162429822568721,0.0,0.6,0.0126674459999999,0.2,4.0,3.6,0.0870107539999999,34.8,CB,65,38,78,88,71,46,34,38,35,37,74,32,91,90,57,100,100,46,21,21,41,31,28,46,51,51,56,47,38,28,31,38,25,63,35,47,41,44,47,50,76,72,56,79,38,38,50,65,47,34,28,29,35,37,44,25,75,68,38,97,90,46,21,21,41,31,28,46,51,51,56,47,38,28,31,38,25,63,29,38,41,32,35,46,62,53,32,62,Danish Superliga
Randers,9w3sjm5ml4sjr2v81oxzdrt8v,o7nooyu95nab78ys541e3uuh,F. Lauenborg,Frederik Lauenborg,29,Midfielder,Denmark,Midfielder,40.0,0.0,41.0,3.0,81.0,0.0,2.0,0.0,2.0,1.0,10.0,159.0,2.0,2.0,2.0,1.0,3.0,2.0,0.0,1.0,1.0,0.0,1.0,1.0,0.0,0.0,0.0,81.0,27.27,0.0,100.0,50.0,58.82,50.0,33.33,0.1118838757390095,0.0,1.0,0.0,0.0,2.0,6.0,5.0,0.1351256,45.0,22.641509433962263,0.0,23.20754716981132,1.69811320754717,45.84905660377358,0.0,1.1320754716981132,0.0,1.1320754716981132,0.5660377358490566,5.660377358490567,1.1320754716981132,1.1320754716981132,1.1320754716981132,0.5660377358490566,1.69811320754717,1.1320754716981132,0.0,0.5660377358490566,0.5660377358490566,0.0,0.5660377358490566,0.5660377358490566,0.0,0.0,0.0,81.0,27.27,0.0,100.0,50.0,58.82,50.0,33.33,0.0633304957013261,0.0,0.5660377358490566,0.0,0.0,1.1320754716981132,3.39622641509434,2.830188679245284,0.0764861886792453,25.471698113207548,DM/CM,23,37,40,37,32,10,52,27,70,67,32,45,35,25,35,30,28,48,30,28,43,60,58,38,52,52,37,20,37,97,80,87,63,17,40,12,60,5,5,60,38,28,30,50,67,37,77,57,73,10,67,27,87,80,70,60,50,33,40,47,40,48,37,37,43,70,70,38,52,52,37,20,37,97,80,87,63,17,53,12,70,5,5,83,60,47,47,83,Danish Superliga
Silkeborg,ahnt9ejgwj58ul8auzdvi3czf,1txj6px5loenmb9jayi95y1p0,W. Møller,William Møller,18,Defender,Denmark,Defender,166.0,0.0,49.0,4.0,215.0,0.0,0.0,0.0,0.0,0.0,7.0,333.0,0.0,2.0,4.0,1.0,8.0,3.0,0.0,0.0,0.0,0.0,0.0,0.0,0.0,0.0,0.0,89.21,30.77,0.0,0.0,0.0,46.67,20.0,100.0,0.0,0.0,0.0,0.0,0.0,0.0,0.0,0.0,0.0,0.0,44.86486486486486,0.0,13.243243243243242,1.081081081081081,58.108108108108105,0.0,0.0,0.0,0.0,0.0,1.891891891891892,0.0,0.5405405405405405,1.081081081081081,0.2702702702702702,2.162162162162162,0.8108108108108107,0.0,0.0,0.0,0.0,0.0,0.0,0.0,0.0,0.0,89.21,30.77,0.0,0.0,0.0,46.67,20.0,100.0,0.0,0.0,0.0,0.0,0.0,0.0,0.0,0.0,0.0,0.0,LB/LCB,100,27,27,33,100,17,13,20,27,33,27,10,30,60,23,30,53,47,10,10,47,33,20,37,53,53,93,40,27,20,33,27,33,93,13,17,27,13,13,20,13,13,10,10,100,27,47,20,100,17,13,20,27,33,7,10,20,53,27,7,47,47,10,10,47,33,20,37,53,53,93,40,27,20,33,27,33,93,13,17,27,13,13,20,13,13,10,10,Danish Superliga
Silkeborg,ahnt9ejgwj58ul8auzdvi3czf,2513579m13glsous1p82fbjzd,A. Poulsen,Andreas Poulsen,26,Defender,Denmark,Defender,34.0,0.0,4.0,3.0,38.0,0.0,1.0,0.0,1.0,1.0,4.0,90.0,0.0,1.0,3.0,0.0,4.0,2.0,0.0,0.0,0.0,0.0,0.0,0.0,0.0,0.0,0.0,80.85,50.0,0.0,0.0,0.0,66.67,0.0,100.0,0.0430492684325258,0.0,1.0,0.0,0.0,0.0,0.0,0.0,0.02011168,16.0,34.0,0.0,4.0,3.0,38.0,0.0,1.0,0.0,1.0,1.0,4.0,0.0,1.0,3.0,0.0,4.0,2.0,0.0,0.0,0.0,0.0,0.0,0.0,0.0,0.0,0.0,80.85,50.0,0.0,0.0,0.0,66.67,0.0,100.0,0.0430492684325258,0.0,1.0,0.0,0.0,0.0,0.0,0.0,0.02011168,16.0,LB/LCB,33,27,7,27,10,17,33,20,67,73,7,10,13,50,10,10,30,47,10,10,47,33,20,37,53,53,60,80,27,20,33,93,13,93,27,17,70,13,13,20,13,13,20,20,93,27,7,73,53,17,77,20,100,93,33,10,47,100,10,87,93,47,10,10,47,33,20,37,53,53,60,80,27,20,33,93,13,93,47,17,100,13,13,20,13,13,20,67,Danish Superliga
Silkeborg,ahnt9ejgwj58ul8auzdvi3czf,349g9rdismqpb1aarjp011bd,C. McCowatt,Callum McCowatt,27,Midfielder,New Zealand,Midfielder,82.0,4.0,91.0,11.0,169.0,10.0,12.0,4.0,8.0,5.0,23.0,421.0,10.0,4.0,4.0,7.0,4.0,4.0,0.0,11.0,13.0,2.0,4.0,5.0,2.0,0.0,0.0,74.45,39.29,21.05,45.45,33.33,43.4,63.64,57.14,1.1448915515486595,0.990744859596433,6.0,8.0,0.20775825,2.0,19.0,19.0,0.7321419899999999,82.0,17.529691211401424,0.8551068883610451,19.45368171021377,2.351543942992874,36.12826603325416,2.137767220902613,2.565320665083135,0.8551068883610451,1.7102137767220902,1.0688836104513064,4.9168646080760094,2.137767220902613,0.8551068883610451,0.8551068883610451,1.4964370546318289,0.8551068883610451,0.8551068883610451,0.0,2.351543942992874,2.7790973871733966,0.4275534441805225,0.8551068883610451,1.0688836104513064,0.4275534441805225,0.0,0.0,74.45,39.29,21.05,45.45,33.33,43.4,63.64,57.14,0.2447511630389058,0.2117981885123016,1.2826603325415675,1.7102137767220902,0.044413877672209,0.4275534441805225,4.061757719714964,4.061757719714964,0.1565149147268408,17.529691211401424,CM/AM,100,80,63,98,78,80,89,63,93,93,83,41,48,65,91,59,76,52,78,83,91,89,85,98,50,52,26,35,43,26,63,39,78,39,87,83,96,57,52,24,78,70,83,67,78,74,39,91,52,65,70,39,91,83,52,22,26,48,91,48,61,52,70,70,87,74,74,87,50,52,26,35,43,26,63,39,78,39,74,70,91,39,30,13,65,48,61,52,Danish Superliga
Silkeborg,ahnt9ejgwj58ul8auzdvi3czf,5lz41celw55rz3zh8pohclw5w,O. Ross,Oliver Ross,21,Attacker,Denmark,Striker,30.0,0.0,48.0,3.0,78.0,5.0,10.0,8.0,2.0,2.0,14.0,306.0,21.0,4.0,2.0,2.0,5.0,0.0,0.0,8.0,9.0,2.0,6.0,5.0,1.0,0.0,0.0,79.59,75.0,0.0,62.5,60.0,51.85,40.0,66.67,1.192279057115102,0.3821654981879221,2.0,7.0,0.21798726,1.0,6.0,8.0,0.2789812799999999,35.0,8.823529411764707,0.0,14.117647058823527,0.8823529411764706,22.94117647058824,1.4705882352941178,2.9411764705882355,2.3529411764705883,0.5882352941176471,0.5882352941176471,4.11764705882353,6.176470588235294,1.1764705882352942,0.5882352941176471,0.5882352941176471,1.4705882352941178,0.0,0.0,2.3529411764705883,2.647058823529412,0.5882352941176471,1.7647058823529411,1.4705882352941178,0.2941176470588235,0.0,0.0,79.59,75.0,0.0,62.5,60.0,51.85,40.0,66.67,0.3506703109162065,0.1124016171140947,0.5882352941176471,2.058823529411765,0.0641139,0.2941176470588235,1.7647058823529411,2.3529411764705883,0.0820533176470588,10.294117647058824,LW,100,14,71,100,86,57,43,43,43,14,50,43,36,57,86,100,29,57,14,21,93,100,36,79,57,57,86,100,14,100,100,86,71,79,71,29,29,43,43,36,86,71,29,86,100,14,71,100,86,43,57,29,43,14,14,43,43,57,86,100,29,57,14,14,86,100,14,86,57,57,86,100,14,100,100,86,71,79,71,29,29,57,43,29,86,86,29,86,Danish Superliga
Silkeborg,ahnt9ejgwj58ul8auzdvi3czf,6wrch4yhbs6utcc0doguj90q,M. Larsen,Mads Larsen,24,Midfielder,Denmark,Midfielder,201.0,0.0,120.0,3.0,321.0,3.0,0.0,0.0,0.0,0.0,23.0,450.0,1.0,4.0,5.0,4.0,9.0,11.0,1.0,4.0,4.0,0.0,0.0,3.0,0.0,0.0,0.0,92.77,50.0,0.0,75.0,0.0,71.88,66.67,41.67,0.0,0.1688891275482948,0.0,13.0,0.27496007,6.0,24.0,17.0,0.4374976199999998,173.0,40.2,0.0,24.0,0.6,64.2,0.6,0.0,0.0,0.0,0.0,4.6,0.2,0.8,1.0,0.8,1.8,2.2,0.2,0.8,0.8,0.0,0.0,0.6,0.0,0.0,0.0,92.77,50.0,0.0,75.0,0.0,71.88,66.67,41.67,0.0,0.0337778255096589,0.0,2.6,0.054992014,1.2,4.8,3.4,0.0874995239999999,34.6,DM/CM,100,37,90,37,100,70,8,27,15,27,80,25,57,58,78,88,93,98,72,68,43,23,85,38,52,52,97,58,37,90,23,100,80,23,7,50,27,97,97,98,90,83,83,100,100,37,80,20,93,37,8,27,15,27,47,18,33,27,57,53,77,97,52,52,43,23,73,38,52,52,97,58,37,90,23,100,80,23,7,37,27,87,80,90,87,60,70,93,Danish Superliga
Silkeborg,ahnt9ejgwj58ul8auzdvi3czf,7h39w16zvj1lbfb0rqr7kvt1x,J. Gammelby,Jens Gammelby,31,Defender,Denmark,Defender,57.0,0.0,62.0,3.0,119.0,3.0,5.0,4.0,1.0,3.0,9.0,431.0,12.0,2.0,2.0,2.0,15.0,2.0,0.0,3.0,3.0,0.0,1.0,2.0,0.0,0.0,0.0,81.51,33.33,0.0,66.67,20.0,52.94,50.0,66.67,0.410670443446966,0.2207570410870715,1.0,8.0,0.20944704,4.0,2.0,5.0,0.23535096,49.0,11.902552204176336,0.0,12.94663573085847,0.6264501160092808,24.8491879350348,0.6264501160092808,1.0440835266821349,0.8352668213457077,0.2088167053364269,0.6264501160092808,1.8793503480278424,2.505800464037123,0.4176334106728538,0.4176334106728538,0.4176334106728538,3.132250580046404,0.4176334106728538,0.0,0.6264501160092808,0.6264501160092808,0.0,0.2088167053364269,0.4176334106728538,0.0,0.0,0.0,81.51,33.33,0.0,66.67,20.0,52.94,50.0,66.67,0.0857548489796448,0.0460977579996205,0.2088167053364269,1.6705336426914157,0.0437360408352668,0.8352668213457077,0.4176334106728538,1.0440835266821349,0.0491452120649652,10.23201856148492,CB,32,38,49,22,29,75,91,90,81,99,28,90,41,32,24,43,28,46,88,88,41,71,94,46,51,51,12,24,38,74,62,32,43,53,76,71,88,90,94,91,18,29,26,32,9,38,21,15,6,74,79,76,82,91,9,74,29,26,12,26,21,46,76,76,41,71,88,46,51,51,12,24,38,74,62,32,43,53,59,65,88,76,82,79,18,24,21,21,Danish Superliga
Silkeborg,ahnt9ejgwj58ul8auzdvi3czf,7wiwi4mzr6ku2fremmsqs366s,W. Kirk,William Kirk,19,Midfielder,Denmark,Midfielder,45.0,1.0,29.0,1.0,73.0,1.0,6.0,4.0,2.0,0.0,10.0,290.0,7.0,2.0,5.0,2.0,3.0,3.0,0.0,4.0,4.0,0.0,2.0,0.0,0.0,0.0,0.0,79.35,20.0,100.0,0.0,33.33,35.71,25.0,83.33,0.58611141304613,0.0,2.0,2.0,0.04282587,2.0,5.0,1.0,0.2746073699999999,30.0,13.96551724137931,0.3103448275862069,9.0,0.3103448275862069,22.655172413793103,0.3103448275862069,1.862068965517241,1.2413793103448276,0.6206896551724138,0.0,3.103448275862069,2.1724137931034484,0.6206896551724138,1.5517241379310345,0.6206896551724138,0.9310344827586208,0.9310344827586208,0.0,1.2413793103448276,1.2413793103448276,0.0,0.6206896551724138,0.0,0.0,0.0,0.0,79.35,20.0,100.0,0.0,33.33,35.71,25.0,83.33,0.1818966454281093,0.0,0.6206896551724138,0.6206896551724138,0.0132907872413793,0.6206896551724138,1.5517241379310345,0.3103448275862069,0.0852229768965516,9.310344827586206,DM/CM,43,78,23,12,27,27,93,92,70,27,32,92,35,58,55,30,48,48,72,68,43,87,23,38,52,52,30,12,97,23,63,10,38,90,93,12,78,28,23,60,28,5,63,23,27,77,5,10,10,23,83,90,67,27,17,83,27,70,50,27,27,48,67,67,43,80,23,38,52,52,30,12,97,23,63,10,38,90,93,12,80,23,20,53,17,3,60,13,Danish Superliga
Silkeborg,ahnt9ejgwj58ul8auzdvi3czf,8h3cyhuw5049gcxrsld3rw1ec,V. Westh,Villads Westh,22,Midfielder,Denmark,Midfielder,150.0,5.0,100.0,6.0,245.0,4.0,5.0,1.0,4.0,2.0,25.0,411.0,5.0,8.0,3.0,1.0,8.0,10.0,0.0,15.0,15.0,0.0,2.0,7.0,0.0,0.0,0.0,86.88,30.0,41.67,46.67,40.0,54.35,33.33,33.33,0.2709188883275694,0.4856209921702797,2.0,3.0,0.07572189,2.0,13.0,12.0,0.5494989900000001,109.0,32.846715328467155,1.094890510948905,21.897810218978105,1.3138686131386863,53.64963503649636,0.8759124087591241,1.094890510948905,0.218978102189781,0.8759124087591241,0.437956204379562,5.474452554744526,1.094890510948905,1.7518248175182485,0.6569343065693432,0.218978102189781,1.7518248175182485,2.18978102189781,0.0,3.2846715328467155,3.2846715328467155,0.0,0.437956204379562,1.5328467153284673,0.0,0.0,0.0,86.88,30.0,41.67,46.67,40.0,54.35,33.33,33.33,0.0593253040133363,0.1063403632489663,0.437956204379562,0.6569343065693432,0.0165814357664233,0.437956204379562,2.8467153284671536,2.6277372262773726,0.1203282459854015,23.868613138686133,DM/CM,97,100,87,67,90,90,87,68,95,87,85,75,93,40,35,75,87,48,98,98,43,87,97,38,52,52,70,27,83,58,67,73,48,17,77,97,78,47,50,60,73,70,93,83,87,97,73,43,87,57,63,57,83,73,60,57,70,20,23,50,73,48,97,97,43,67,93,38,52,52,70,27,83,58,67,73,48,17,50,83,67,30,37,43,40,40,90,70,Danish Superliga
Silkeborg,ahnt9ejgwj58ul8auzdvi3czf,9pv2ame21kaydllf78eo1nqc4,A. Priesborg,Alexander Priesborg,21,Defender,Denmark,Defender,144.0,0.0,43.0,12.0,187.0,1.0,2.0,0.0,2.0,0.0,32.0,405.0,0.0,8.0,14.0,2.0,30.0,7.0,0.0,4.0,4.0,0.0,0.0,2.0,0.0,0.0,0.0,82.74,40.0,0.0,50.0,0.0,74.42,33.33,70.0,0.1081149744266433,0.0,2.0,1.0,0.01685596,0.0,13.0,13.0,0.34948091,113.0,32.0,0.0,9.555555555555555,2.6666666666666665,41.55555555555556,0.2222222222222222,0.4444444444444444,0.0,0.4444444444444444,0.0,7.111111111111111,0.0,1.7777777777777777,3.111111111111111,0.4444444444444444,6.666666666666667,1.5555555555555556,0.0,0.8888888888888888,0.8888888888888888,0.0,0.0,0.4444444444444444,0.0,0.0,0.0,82.74,40.0,0.0,50.0,0.0,74.42,33.33,70.0,0.0240255498725874,0.0,0.4444444444444444,0.2222222222222222,0.0037457688888888,0.0,2.888888888888889,2.888888888888889,0.0776624244444444,25.11111111111111,RB/RCB,100,19,38,85,85,38,50,23,85,35,100,12,100,100,31,100,69,50,62,50,54,42,69,50,54,54,54,50,19,65,42,92,38,62,31,15,92,23,23,15,62,54,38,100,92,19,8,77,85,31,38,23,77,35,100,12,100,100,23,100,46,50,54,38,54,42,69,50,54,54,54,50,19,65,42,92,38,62,31,15,85,23,23,15,54,46,38,85,Danish Superliga
Silkeborg,ahnt9ejgwj58ul8auzdvi3czf,9zhmwx3g0m6xi2oh57g4z35nu,R. Østrøm,Robin Østrøm,24,Defender,Norway,Defender,274.0,0.0,36.0,6.0,310.0,1.0,0.0,0.0,0.0,0.0,10.0,450.0,1.0,1.0,2.0,4.0,26.0,6.0,0.0,0.0,0.0,0.0,0.0,0.0,0.0,0.0,0.0,95.38,54.55,0.0,0.0,0.0,52.63,40.0,40.0,0.0,0.0573287190181778,0.0,2.0,0.0399414,0.0,5.0,3.0,0.2649262300000001,221.0,54.8,0.0,7.2,1.2,62.0,0.2,0.0,0.0,0.0,0.0,2.0,0.2,0.2,0.4,0.8,5.2,1.2,0.0,0.0,0.0,0.0,0.0,0.0,0.0,0.0,0.0,95.38,54.55,0.0,0.0,0.0,52.63,40.0,40.0,0.0,0.0114657438036355,0.0,0.4,0.00798828,0.0,1.0,0.6,0.052985246,44.2,CB,97,38,21,38,88,46,13,13,35,37,32,18,22,32,40,74,69,46,21,21,41,31,28,46,51,51,94,76,38,28,31,29,25,24,12,38,41,32,32,22,28,21,35,94,94,38,6,26,74,34,13,13,35,37,13,15,12,24,28,56,53,46,21,21,41,31,28,46,51,51,94,76,38,28,31,29,25,24,12,35,41,24,29,22,21,18,24,88,Danish Superliga
Silkeborg,ahnt9ejgwj58ul8auzdvi3czf,bb8q9cgqzw9n2tmkl8s3bth0q,Y. Bakiz,Younes Bakiz,27,Midfielder,Denmark,Midfielder,31.0,0.0,48.0,7.0,79.0,3.0,5.0,2.0,3.0,2.0,9.0,129.0,8.0,5.0,2.0,0.0,1.0,2.0,0.0,2.0,2.0,0.0,1.0,1.0,0.0,0.0,0.0,86.81,63.64,0.0,50.0,20.0,45.0,0.0,66.67,0.6115783183947909,0.1958140433825823,1.0,6.0,0.17932121,4.0,4.0,9.0,0.1764561999999999,23.0,21.627906976744185,0.0,33.48837209302326,4.883720930232558,55.11627906976744,2.0930232558139537,3.488372093023256,1.3953488372093024,2.0930232558139537,1.3953488372093024,6.27906976744186,5.5813953488372094,3.488372093023256,1.3953488372093024,0.0,0.6976744186046512,1.3953488372093024,0.0,1.3953488372093024,1.3953488372093024,0.0,0.6976744186046512,0.6976744186046512,0.0,0.0,0.0,86.81,63.64,0.0,50.0,20.0,45.0,0.0,66.67,0.4266825477172959,0.136614448871569,0.6976744186046512,4.186046511627907,0.1251078209302325,2.7906976744186047,2.7906976744186047,6.27906976744186,0.1231089767441859,16.046511627906977,CM/AM,39,17,22,78,22,30,35,26,72,35,11,24,59,26,7,20,39,52,15,13,28,37,24,35,50,52,87,87,17,48,37,43,9,57,52,26,28,39,43,52,13,28,9,13,96,17,74,100,83,61,91,70,96,91,83,83,96,74,7,39,78,52,48,39,28,70,43,35,50,52,87,87,17,48,37,43,9,57,96,48,52,78,78,96,30,78,48,48,Danish Superliga
Silkeborg,ahnt9ejgwj58ul8auzdvi3czf,btbcy3kby79fi3ulyi9is6j8,L. Riisgaard,Lucas Riisgaard,22,Attacker,Denmark,Striker,11.0,1.0,25.0,0.0,35.0,2.0,2.0,2.0,0.0,0.0,15.0,252.0,17.0,4.0,4.0,0.0,1.0,0.0,0.0,12.0,13.0,0.0,1.0,5.0,0.0,0.0,0.0,85.37,0.0,7.69,41.67,50.0,45.45,0.0,66.67,0.4298169816692669,0.1738655439249993,0.0,9.0,0.26964867,6.0,0.0,2.0,0.1721306,13.0,3.928571428571429,0.3571428571428571,8.928571428571429,0.0,12.5,0.7142857142857143,0.7142857142857143,0.7142857142857143,0.0,0.0,5.357142857142858,6.071428571428572,1.4285714285714286,1.4285714285714286,0.0,0.3571428571428571,0.0,0.0,4.285714285714286,4.642857142857143,0.0,0.3571428571428571,1.7857142857142858,0.0,0.0,0.0,85.37,0.0,7.69,41.67,50.0,45.45,0.0,66.67,0.153506064881881,0.0620948371160711,0.0,3.2142857142857144,0.0963030964285714,2.142857142857143,0.0,0.7142857142857143,0.0614752142857142,4.642857142857143,RW,88,62,75,38,75,25,25,25,38,38,75,88,75,100,38,75,62,62,100,100,50,50,100,50,62,62,75,38,50,75,100,88,38,75,50,50,38,75,75,100,38,62,50,100,75,50,25,38,75,25,25,25,38,38,100,50,50,75,38,75,62,62,100,100,50,25,100,50,62,62,75,38,50,75,100,88,38,75,25,25,38,100,50,100,38,75,50,50,Danish Superliga
Silkeborg,ahnt9ejgwj58ul8auzdvi3czf,ejv587h08dn1hgxhfgib3reqy,R. Al Hajj,Rami Al Hajj,24,Midfielder,Sweden,Midfielder,59.0,0.0,80.0,5.0,139.0,9.0,5.0,3.0,2.0,3.0,26.0,282.0,10.0,10.0,3.0,4.0,0.0,0.0,0.0,12.0,12.0,0.0,1.0,4.0,0.0,0.0,0.0,90.26,62.5,0.0,33.33,20.0,53.06,36.36,37.5,0.5529539447826953,0.614210693221155,1.0,14.0,0.41287587,5.0,11.0,11.0,0.53388369,65.0,18.829787234042552,0.0,25.53191489361702,1.5957446808510638,44.361702127659576,2.872340425531915,1.5957446808510638,0.9574468085106383,0.6382978723404256,0.9574468085106383,8.297872340425531,3.191489361702128,3.191489361702128,0.9574468085106383,1.2765957446808511,0.0,0.0,0.0,3.8297872340425534,3.8297872340425534,0.0,0.3191489361702128,1.2765957446808511,0.0,0.0,0.0,90.26,62.5,0.0,33.33,20.0,53.06,36.36,37.5,0.1764746632285198,0.1960246893259005,0.3191489361702128,4.468085106382979,0.131768894680851,1.5957446808510638,3.5106382978723403,3.5106382978723403,0.1703884117021276,20.74468085106383,CM/AM,78,17,48,63,65,72,35,46,46,63,89,41,96,48,80,7,11,52,83,78,28,37,74,35,50,52,91,83,17,22,37,74,43,22,43,65,28,78,74,67,48,43,57,59,87,17,57,61,70,91,39,43,57,78,96,52,91,57,83,7,11,52,96,91,28,30,83,35,50,52,91,83,17,22,37,74,43,22,57,65,39,83,91,65,39,39,65,65,Danish Superliga
Sønderjyske,aljua8crr0vkwit0j3m59jw9j,26lyiy5yb1jbhfmrdjcikl0mi,J. Christensen,Jacob Christensen,25,Midfielder,Denmark,Midfielder,44.0,4.0,27.0,2.0,67.0,3.0,2.0,1.0,1.0,0.0,4.0,172.0,1.0,1.0,2.0,0.0,2.0,2.0,0.0,1.0,1.0,0.0,2.0,0.0,0.0,0.0,0.0,82.72,25.0,44.44,0.0,100.0,40.0,0.0,66.67,0.2297558122428629,0.3814981285144059,0.0,1.0,0.01689528,0.0,5.0,3.0,0.1248990199999999,31.0,23.023255813953487,2.093023255813953,14.127906976744184,1.0465116279069766,35.05813953488372,1.569767441860465,1.0465116279069766,0.5232558139534883,0.5232558139534883,0.0,2.093023255813953,0.5232558139534883,0.5232558139534883,1.0465116279069766,0.0,1.0465116279069766,1.0465116279069766,0.0,0.5232558139534883,0.5232558139534883,0.0,1.0465116279069766,0.0,0.0,0.0,0.0,82.72,25.0,44.44,0.0,100.0,40.0,0.0,66.67,0.120221064545684,0.1996211137575379,0.0,0.5232558139534883,0.008840553488372,0.0,2.6162790697674416,1.569767441860465,0.0653541383720929,16.22093023255814,DM/CM,38,97,20,25,20,70,52,68,43,27,3,25,18,25,12,18,28,48,30,28,43,87,23,38,52,52,50,17,87,23,95,17,13,68,67,90,27,13,10,13,28,17,23,27,70,100,40,37,53,97,60,73,53,27,3,37,23,30,12,30,33,48,33,33,43,97,23,38,52,52,50,17,87,23,95,17,13,68,80,97,27,17,13,13,33,20,37,43,Danish Superliga
Sønderjyske,aljua8crr0vkwit0j3m59jw9j,5ram2md0ezy9gq621zaa22fpw,A. Hoeg,Anders Hoeg,20,Midfielder,Denmark,Midfielder,18.0,0.0,13.0,1.0,31.0,1.0,0.0,0.0,0.0,0.0,6.0,95.0,0.0,1.0,3.0,1.0,2.0,1.0,0.0,1.0,1.0,0.0,0.0,0.0,0.0,0.0,0.0,81.58,50.0,0.0,0.0,0.0,42.86,0.0,75.0,0.0,0.0776850760844904,0.0,5.0,0.12163528,1.0,3.0,1.0,0.0336453,14.0,17.052631578947366,0.0,12.31578947368421,0.9473684210526316,29.36842105263158,0.9473684210526316,0.0,0.0,0.0,0.0,5.684210526315789,0.0,0.9473684210526316,2.8421052631578947,0.9473684210526316,1.894736842105263,0.9473684210526316,0.0,0.9473684210526316,0.9473684210526316,0.0,0.0,0.0,0.0,0.0,0.0,81.58,50.0,0.0,0.0,0.0,42.86,0.0,75.0,0.0,0.0735963878695172,0.0,4.7368421052631575,0.1152334231578947,0.9473684210526316,2.8421052631578947,0.9473684210526316,0.0318744947368421,13.263157894736842,DM/CM,7,37,5,12,7,27,8,27,15,27,15,8,18,40,35,18,12,48,30,28,43,23,23,38,52,52,43,58,37,23,23,27,13,82,7,37,27,63,70,35,12,5,3,10,47,37,23,33,33,65,8,27,15,27,77,8,43,93,70,57,30,48,57,57,43,23,23,38,52,52,43,58,37,23,23,27,13,82,7,60,27,100,97,73,37,7,7,33,Danish Superliga
Sønderjyske,aljua8crr0vkwit0j3m59jw9j,5t2a8rmxvvps3k6hw7zdpm68k,I. Seydi,Ismaïl Seydi,25,Attacker,France,Striker,3.0,1.0,21.0,0.0,23.0,3.0,4.0,3.0,1.0,1.0,9.0,176.0,13.0,2.0,2.0,1.0,0.0,0.0,0.0,6.0,8.0,0.0,1.0,3.0,0.0,0.0,0.0,82.14,0.0,100.0,50.0,25.0,45.0,33.33,66.67,0.724922746755039,0.2913659033565086,1.0,4.0,0.18015146,1.0,0.0,1.0,0.3630078499999999,11.0,1.5340909090909092,0.5113636363636364,10.738636363636363,0.0,11.761363636363637,1.5340909090909092,2.0454545454545454,1.5340909090909092,0.5113636363636364,0.5113636363636364,4.602272727272728,6.647727272727273,1.0227272727272727,1.0227272727272727,0.5113636363636364,0.0,0.0,0.0,3.0681818181818183,4.090909090909091,0.0,0.5113636363636364,1.5340909090909092,0.0,0.0,0.0,82.14,0.0,100.0,50.0,25.0,45.0,33.33,66.67,0.3706991318633722,0.14899392785276,0.5113636363636364,2.0454545454545454,0.0921229056818181,0.5113636363636364,0.0,0.5113636363636364,0.1856290142045454,5.625,RW,25,62,50,38,50,62,75,62,88,88,50,50,38,38,75,38,62,62,50,50,50,50,62,50,62,62,50,38,100,100,25,50,88,75,100,75,75,50,50,50,38,25,100,75,25,75,75,38,50,50,75,50,100,100,75,75,25,50,75,38,62,62,75,75,50,50,75,50,62,62,50,38,100,100,25,50,88,75,100,100,75,25,25,50,38,25,100,100,Danish Superliga
Sønderjyske,aljua8crr0vkwit0j3m59jw9j,5x8064b3yr7txk0czddfjtffu,S. Emini,Sefer Emini,26,Midfielder,North Macedonia,Midfielder,57.0,3.0,78.0,13.0,132.0,5.0,4.0,0.0,4.0,0.0,12.0,421.0,2.0,1.0,6.0,0.0,4.0,6.0,0.0,5.0,5.0,0.0,1.0,2.0,1.0,0.0,0.0,70.59,33.33,25.0,40.0,25.0,52.17,0.0,66.67,0.1860210955166037,0.5142823214278582,4.0,5.0,0.10027108,1.0,20.0,22.0,1.23196004,80.0,12.185273159144892,0.6413301662707838,16.674584323040378,2.7790973871733966,28.21852731591449,1.0688836104513064,0.8551068883610451,0.0,0.8551068883610451,0.0,2.565320665083135,0.4275534441805225,0.2137767220902612,1.2826603325415675,0.0,0.8551068883610451,1.2826603325415675,0.0,1.0688836104513064,1.0688836104513064,0.0,0.2137767220902612,0.4275534441805225,0.2137767220902612,0.0,0.0,70.59,33.33,25.0,40.0,25.0,52.17,0.0,66.67,0.0397669800391789,0.1099415889038176,0.8551068883610451,1.0688836104513064,0.0214356228028503,0.2137767220902612,4.275534441805226,4.703087885985748,0.2633643790973871,17.102137767220903,DM/CM,53,93,80,97,70,100,75,27,95,27,43,45,18,75,12,40,70,48,83,82,43,60,77,88,52,52,3,35,78,53,57,63,13,68,63,100,97,63,57,35,87,88,100,78,17,87,60,87,23,73,53,27,77,27,10,33,10,53,12,20,50,48,63,63,43,53,63,77,52,52,3,35,78,53,57,63,13,68,43,87,90,47,40,28,80,73,97,50,Danish Superliga
Sønderjyske,aljua8crr0vkwit0j3m59jw9j,637840asun7f3wo16c5zkhi50,M. Cherif,Mohamed Cherif,20,Midfielder,Guinea,Midfielder,44.0,0.0,50.0,7.0,94.0,4.0,9.0,8.0,1.0,1.0,33.0,421.0,14.0,7.0,3.0,9.0,5.0,2.0,0.0,12.0,14.0,2.0,4.0,7.0,0.0,0.0,0.0,77.69,58.33,0.0,58.33,44.44,46.48,45.0,30.0,0.7819973954081526,0.200653724108036,2.0,3.0,0.06317351,1.0,8.0,10.0,0.15500472,35.0,9.406175771971496,0.0,10.688836104513063,1.4964370546318289,20.09501187648456,0.8551068883610451,1.9239904988123515,1.7102137767220902,0.2137767220902612,0.2137767220902612,7.054631828978622,2.9928741092636577,1.4964370546318289,0.6413301662707838,1.9239904988123515,1.0688836104513064,0.4275534441805225,0.0,2.565320665083135,2.9928741092636577,0.4275534441805225,0.8551068883610451,1.4964370546318289,0.0,0.0,0.0,77.69,58.33,0.0,58.33,44.44,46.48,45.0,30.0,0.1671728398734768,0.0428950954150195,0.4275534441805225,0.6413301662707838,0.0135050258907363,0.2137767220902612,1.7102137767220902,2.137767220902613,0.0331364009501187,7.482185273159144,DM/CM,38,37,48,77,37,90,100,100,43,67,100,98,88,40,97,48,28,48,93,93,98,100,97,38,52,52,27,73,37,80,70,40,53,10,97,70,78,47,43,35,47,60,40,37,7,37,17,47,7,50,93,93,33,57,80,90,60,17,90,33,10,48,87,90,93,90,90,38,52,52,27,73,37,80,70,40,53,10,87,43,63,27,23,28,20,33,10,3,Danish Superliga
Sønderjyske,aljua8crr0vkwit0j3m59jw9j,6rd849oap6uh93wdwjk8590q1,M. Soulas,Maxime Soulas,27,Defender,France,Defender,111.0,1.0,66.0,11.0,176.0,6.0,2.0,1.0,1.0,0.0,28.0,450.0,11.0,3.0,7.0,9.0,30.0,8.0,0.0,5.0,5.0,0.0,1.0,1.0,1.0,0.0,0.0,87.56,68.75,50.0,20.0,50.0,51.85,52.94,46.67,0.1327703159408194,0.6352170723434861,0.0,5.0,0.09826928,3.0,11.0,13.0,0.5773544200000003,104.0,22.2,0.2,13.2,2.2,35.2,1.2,0.4,0.2,0.2,0.0,5.6,2.2,0.6,1.4,1.8,6.0,1.6,0.0,1.0,1.0,0.0,0.2,0.2,0.2,0.0,0.0,87.56,68.75,50.0,20.0,50.0,51.85,52.94,46.67,0.0265540631881638,0.1270434144686972,0.0,1.0,0.019653856,0.6,2.2,2.6,0.115470884,20.8,CB,47,85,53,66,47,99,53,38,81,37,99,84,62,100,69,76,90,46,99,97,41,71,72,94,51,51,41,97,94,56,82,26,53,32,41,97,41,62,62,75,57,57,88,47,32,76,24,41,18,88,37,29,72,37,85,66,43,85,62,62,76,46,90,90,41,62,60,93,51,51,41,97,94,56,82,26,53,32,35,91,41,51,53,62,44,44,62,35,Danish Superliga
Sønderjyske,aljua8crr0vkwit0j3m59jw9j,7sbdudf1vycn8hinw0giakpyi,E. Duru,Ebube Duru,27,Defender,Nigeria,Defender,49.0,0.0,57.0,11.0,106.0,3.0,3.0,3.0,0.0,0.0,29.0,438.0,10.0,3.0,8.0,10.0,14.0,3.0,0.0,8.0,8.0,0.0,0.0,6.0,0.0,0.0,0.0,71.62,34.38,0.0,75.0,0.0,55.77,58.82,80.0,0.2970579202001051,0.2268325051226044,0.0,6.0,0.2128774,2.0,11.0,17.0,0.3887151300000001,44.0,10.068493150684931,0.0,11.712328767123289,2.26027397260274,21.780821917808225,0.6164383561643836,0.6164383561643836,0.6164383561643836,0.0,0.0,5.958904109589041,2.054794520547945,0.6164383561643836,1.6438356164383563,2.054794520547945,2.876712328767124,0.6164383561643836,0.0,1.6438356164383563,1.6438356164383563,0.0,0.0,1.2328767123287672,0.0,0.0,0.0,71.62,34.38,0.0,75.0,0.0,55.77,58.82,80.0,0.0610392986712544,0.0466094188608091,0.0,1.2328767123287672,0.0437419315068493,0.4109589041095891,2.26027397260274,3.493150684931507,0.0798729719178082,9.04109589041096,LB/LCB,47,27,60,90,40,77,70,83,27,33,87,87,43,77,100,87,53,47,90,83,47,33,97,37,53,53,20,53,27,73,33,67,87,77,73,67,27,77,87,60,67,70,47,53,27,27,33,60,20,73,53,73,27,33,80,67,27,60,93,47,27,47,87,87,47,33,93,37,53,53,20,53,27,73,33,67,87,77,60,47,27,53,73,53,60,53,27,20,Danish Superliga
Sønderjyske,aljua8crr0vkwit0j3m59jw9j,9ki0zmbky1zluxnz63008ozmy,M. Hoppe,Matthew Hoppe,25,Attacker,USA,Striker,22.0,0.0,22.0,4.0,44.0,2.0,4.0,4.0,0.0,1.0,8.0,278.0,6.0,3.0,0.0,3.0,2.0,0.0,0.0,6.0,8.0,0.0,2.0,2.0,0.0,0.0,0.0,81.48,100.0,0.0,33.33,50.0,27.59,60.0,0.0,0.3202510206538414,0.1507586845019008,0.0,7.0,0.19898275,3.0,3.0,2.0,0.1676411,15.0,7.122302158273381,0.0,7.122302158273381,1.2949640287769784,14.244604316546765,0.6474820143884892,1.2949640287769784,1.2949640287769784,0.0,0.3237410071942446,2.5899280575539567,1.9424460431654675,0.9712230215827338,0.0,0.9712230215827338,0.6474820143884892,0.0,0.0,1.9424460431654675,2.5899280575539567,0.0,0.6474820143884892,0.6474820143884892,0.0,0.0,0.0,81.48,100.0,0.0,33.33,50.0,27.59,60.0,0.0,0.1036783879814594,0.0488067683639247,0.0,2.2661870503597124,0.0644188758992805,0.9712230215827338,0.9712230215827338,0.6474820143884892,0.054272298561151,4.856115107913669,ST,96,43,64,95,75,46,46,61,23,52,34,21,61,20,46,50,32,52,68,82,23,54,62,43,48,50,89,89,43,50,71,7,86,20,39,50,23,89,82,91,73,38,71,71,93,43,32,93,61,36,14,43,23,39,18,11,36,20,36,36,32,52,54,64,23,43,39,43,48,50,89,89,43,50,71,7,86,20,21,29,23,93,75,82,61,21,75,68,Danish Superliga
Sønderjyske,aljua8crr0vkwit0j3m59jw9j,aa0mhubrs6jsmf19f5sost79w,D. Frimpong,David Frimpong,19,Attacker,Ghana,Striker,8.0,1.0,18.0,1.0,25.0,2.0,4.0,4.0,0.0,0.0,14.0,233.0,11.0,0.0,3.0,5.0,3.0,2.0,0.0,6.0,8.0,0.0,0.0,2.0,0.0,0.0,0.0,64.1,33.33,33.33,33.33,0.0,40.0,50.0,42.86,0.3105923391046959,0.111025468335407,0.0,3.0,0.08059468,2.0,3.0,4.0,0.08897189,12.0,3.0901287553648067,0.3862660944206008,6.952789699570815,0.3862660944206008,9.656652360515022,0.7725321888412017,1.5450643776824031,1.5450643776824031,0.0,0.0,5.407725321888412,4.24892703862661,0.0,1.1587982832618025,1.931330472103004,1.1587982832618025,0.7725321888412017,0.0,2.317596566523605,3.0901287553648067,0.0,0.0,0.7725321888412017,0.0,0.0,0.0,64.1,33.33,33.33,33.33,0.0,40.0,50.0,42.86,0.1199712897829297,0.0428853740351357,0.0,1.1587982832618025,0.0311309922746781,0.7725321888412017,1.1587982832618025,1.5450643776824031,0.0343668244635193,4.63519313304721,ST,34,89,50,61,32,46,46,61,23,16,73,66,5,86,68,70,93,52,68,82,23,16,62,43,48,50,18,46,89,50,16,52,70,43,36,39,23,66,43,73,73,62,61,61,25,86,29,54,18,43,36,50,23,16,68,61,5,82,61,64,93,52,68,79,23,16,57,43,48,50,18,46,89,50,16,52,70,43,29,25,23,57,43,75,75,64,57,57,Danish Superliga
Sønderjyske,aljua8crr0vkwit0j3m59jw9j,bel4b2exo7azkydmtbk6qc1sk,B. Tambedou,Bubacarr Tambedou,24,Attacker,Gambia,Striker,10.0,0.0,9.0,0.0,19.0,1.0,5.0,3.0,2.0,0.0,6.0,133.0,8.0,3.0,1.0,1.0,2.0,0.0,0.0,1.0,2.0,1.0,3.0,1.0,0.0,0.0,0.0,76.0,0.0,0.0,100.0,60.0,50.0,25.0,100.0,0.3464811344757122,0.0743548754336745,4.0,3.0,0.172697,0.0,1.0,2.0,0.0519257099999999,5.0,6.7669172932330826,0.0,6.090225563909774,0.0,12.857142857142856,0.6766917293233082,3.3834586466165413,2.0300751879699246,1.3533834586466165,0.0,4.060150375939849,5.413533834586466,2.0300751879699246,0.6766917293233082,0.6766917293233082,1.3533834586466165,0.0,0.0,0.6766917293233082,1.3533834586466165,0.6766917293233082,2.0300751879699246,0.6766917293233082,0.0,0.0,0.0,76.0,0.0,0.0,100.0,60.0,50.0,25.0,100.0,0.2344609180662714,0.0503153292408323,2.706766917293233,2.0300751879699246,0.1168626315789473,0.0,0.6766917293233082,1.3533834586466165,0.0351376984962405,3.3834586466165413,ST,61,43,11,21,21,25,61,46,77,16,16,43,61,48,27,50,32,52,18,29,68,71,30,43,48,50,64,21,43,93,86,80,29,84,43,18,93,66,79,23,34,38,36,16,89,43,14,21,50,39,89,71,93,16,39,75,89,61,32,79,32,52,29,46,89,89,46,43,48,50,64,21,43,93,86,80,29,84,54,32,96,86,93,23,43,54,61,21,Danish Superliga
Sønderjyske,aljua8crr0vkwit0j3m59jw9j,bocqh11yx20xyy11g8ej6z7x1,A. Munksgaard,Alexander Munksgaard,28,Defender,Denmark,Defender,7.0,0.0,11.0,0.0,18.0,0.0,0.0,0.0,0.0,0.0,4.0,90.0,1.0,1.0,0.0,3.0,1.0,2.0,0.0,0.0,0.0,0.0,0.0,0.0,0.0,0.0,0.0,81.82,0.0,0.0,0.0,0.0,66.67,0.0,0.0,0.0,0.0,0.0,0.0,0.0,0.0,0.0,0.0,0.0,0.0,7.0,0.0,11.0,0.0,18.0,0.0,0.0,0.0,0.0,0.0,4.0,1.0,1.0,0.0,3.0,1.0,2.0,0.0,0.0,0.0,0.0,0.0,0.0,0.0,0.0,0.0,81.82,0.0,0.0,0.0,0.0,66.67,0.0,0.0,0.0,0.0,0.0,0.0,0.0,0.0,0.0,0.0,0.0,0.0,RB/RCB,8,19,8,12,8,8,15,23,31,35,15,27,31,8,54,8,31,50,15,12,54,42,15,50,54,54,31,12,19,15,42,69,15,8,15,15,35,12,12,15,8,8,8,8,8,19,15,12,8,8,15,23,31,35,46,35,69,8,92,15,85,50,15,12,54,42,15,50,54,54,31,12,19,15,42,69,15,8,15,15,35,12,12,15,8,8,8,8,Danish Superliga
Sønderjyske,aljua8crr0vkwit0j3m59jw9j,czpstoiy12awqpasz573ckp91,D. Grétarsson,Daníel Grétarsson,30,Defender,Iceland,Defender,71.0,1.0,50.0,11.0,120.0,1.0,5.0,3.0,2.0,3.0,21.0,262.0,7.0,4.0,8.0,3.0,11.0,2.0,0.0,1.0,1.0,0.0,1.0,1.0,0.0,0.0,0.0,73.62,33.33,50.0,100.0,20.0,56.76,30.0,61.54,0.4733667838049842,0.1047254999378047,2.0,5.0,0.33824145,2.0,20.0,20.0,0.3968877199999999,63.0,24.38931297709924,0.3435114503816794,17.17557251908397,3.7786259541984735,41.221374045801525,0.3435114503816794,1.717557251908397,1.0305343511450382,0.6870229007633588,1.0305343511450382,7.213740458015267,2.404580152671756,1.3740458015267176,2.748091603053436,1.0305343511450382,3.7786259541984735,0.6870229007633588,0.0,0.3435114503816794,0.3435114503816794,0.0,0.3435114503816794,0.3435114503816794,0.0,0.0,0.0,73.62,33.33,50.0,100.0,20.0,56.76,30.0,61.54,0.162606910467361,0.0359744083755817,0.6870229007633588,1.717557251908397,0.1161898110687023,0.6870229007633588,6.870229007633588,6.870229007633588,0.1363354763358778,21.6412213740458,LB/LCB,60,60,33,90,53,47,93,83,93,100,80,63,60,77,60,70,30,47,40,37,47,80,57,37,53,53,33,47,100,90,70,73,40,53,93,47,97,60,100,60,93,87,60,80,73,60,67,93,60,40,100,100,93,100,93,87,67,93,53,80,40,47,40,40,47,87,53,37,53,53,33,47,100,90,70,73,40,53,100,40,93,80,100,60,87,87,60,80,Danish Superliga
Sønderjyske,aljua8crr0vkwit0j3m59jw9j,d88feog3dgv09oxbzn15xqesq,T. Klysner,Tobias Klysner,25,Defender,Denmark,Defender,11.0,1.0,12.0,1.0,22.0,1.0,0.0,0.0,0.0,0.0,3.0,98.0,0.0,1.0,2.0,0.0,2.0,2.0,0.0,0.0,1.0,0.0,0.0,0.0,0.0,0.0,0.0,81.48,50.0,33.33,0.0,0.0,30.0,0.0,100.0,0.0,0.042877900641371,0.0,0.0,0.0,0.0,2.0,1.0,0.07526894,7.0,10.102040816326532,0.9183673469387756,11.020408163265309,0.9183673469387756,20.204081632653065,0.9183673469387756,0.0,0.0,0.0,0.0,2.7551020408163267,0.0,0.9183673469387756,1.8367346938775515,0.0,1.8367346938775515,1.8367346938775515,0.0,0.0,0.9183673469387756,0.0,0.0,0.0,0.0,0.0,0.0,81.48,50.0,33.33,0.0,0.0,30.0,0.0,100.0,0.0,0.0393776638543203,0.0,0.0,0.0,0.0,1.8367346938775515,0.9183673469387756,0.0691245367346938,6.428571428571429,RB/RCB,15,50,15,27,15,38,15,23,31,35,8,12,31,38,8,19,31,50,15,23,54,42,15,50,54,54,15,88,85,15,42,8,15,92,15,31,35,12,12,15,15,15,23,15,23,92,23,54,15,85,15,23,31,35,15,12,62,85,8,31,77,50,15,46,54,42,15,50,54,54,15,88,85,15,42,8,15,92,15,54,35,12,12,15,31,15,23,15,Danish Superliga
Sønderjyske,aljua8crr0vkwit0j3m59jw9j,dd53d1radlkv7y24724vkol49,B. Bjarnason,Brynjar Ingi Bjarnason,26,Defender,Iceland,Defender,40.0,0.0,14.0,5.0,54.0,0.0,0.0,0.0,0.0,0.0,7.0,164.0,0.0,0.0,2.0,3.0,11.0,2.0,0.0,0.0,0.0,0.0,0.0,0.0,0.0,0.0,0.0,75.0,29.41,0.0,0.0,0.0,70.0,60.0,50.0,0.0,0.0,0.0,0.0,0.0,0.0,0.0,0.0,0.0,0.0,21.951219512195124,0.0,7.682926829268292,2.7439024390243905,29.634146341463413,0.0,0.0,0.0,0.0,0.0,3.841463414634146,0.0,0.0,1.0975609756097562,1.6463414634146345,6.036585365853659,1.0975609756097562,0.0,0.0,0.0,0.0,0.0,0.0,0.0,0.0,0.0,75.0,29.41,0.0,0.0,0.0,70.0,60.0,50.0,0.0,0.0,0.0,0.0,0.0,0.0,0.0,0.0,0.0,0.0,CB,18,38,6,31,9,16,13,13,35,37,18,7,6,32,31,35,28,46,21,21,41,31,28,46,51,51,3,21,38,28,31,97,62,38,12,18,41,9,9,22,9,7,7,7,29,38,9,53,9,16,13,13,35,37,47,7,6,65,56,65,44,46,21,21,41,31,28,46,51,51,3,21,38,28,31,97,62,38,12,18,41,9,9,22,9,7,7,7,Danish Superliga
Sønderjyske,aljua8crr0vkwit0j3m59jw9j,m9wipuvmznt3r8yie8en7i1g,G. Wagner,Gustav Wagner,21,Defender,Denmark,Defender,28.0,0.0,24.0,6.0,52.0,0.0,0.0,0.0,0.0,0.0,1.0,118.0,0.0,0.0,0.0,1.0,6.0,3.0,0.0,0.0,0.0,0.0,0.0,0.0,0.0,0.0,0.0,83.87,46.15,0.0,0.0,0.0,25.0,33.33,0.0,0.0,0.0,0.0,0.0,0.0,0.0,0.0,0.0,0.0,0.0,21.35593220338983,0.0,18.30508474576272,4.576271186440678,39.66101694915254,0.0,0.0,0.0,0.0,0.0,0.7627118644067796,0.0,0.0,0.0,0.7627118644067796,4.576271186440678,2.288135593220339,0.0,0.0,0.0,0.0,0.0,0.0,0.0,0.0,0.0,83.87,46.15,0.0,0.0,0.0,25.0,33.33,0.0,0.0,0.0,0.0,0.0,0.0,0.0,0.0,0.0,0.0,0.0,CB,12,38,10,38,6,16,13,13,35,37,3,7,6,9,12,21,46,46,21,21,41,31,28,46,51,51,24,41,38,28,31,3,15,9,12,18,41,9,9,22,9,7,7,7,26,38,41,88,24,16,13,13,35,37,3,7,6,9,24,44,97,46,21,21,41,31,28,46,51,51,24,41,38,28,31,3,15,9,12,18,41,9,9,22,9,7,7,7,Danish Superliga
Viborg,cftj6g399tknheudaxsdpfdgb,1gvxmoo1twyf8isqq9ekrj6ga,B. Brahimi,Bilal Brahimi,26,Midfielder,France,Midfielder,19.0,0.0,22.0,6.0,41.0,0.0,4.0,2.0,2.0,1.0,9.0,156.0,5.0,4.0,2.0,3.0,5.0,1.0,0.0,0.0,0.0,0.0,0.0,0.0,0.0,0.0,0.0,82.0,85.71,0.0,0.0,0.0,56.25,60.0,100.0,0.524395492995533,0.0,1.0,2.0,0.0646459799999999,2.0,5.0,7.0,0.08477451,12.0,10.961538461538462,0.0,12.692307692307692,3.461538461538461,23.65384615384616,0.0,2.3076923076923075,1.1538461538461535,1.1538461538461535,0.5769230769230769,5.1923076923076925,2.8846153846153846,2.3076923076923075,1.1538461538461535,1.7307692307692306,2.8846153846153846,0.5769230769230769,0.0,0.0,0.0,0.0,0.0,0.0,0.0,0.0,0.0,82.0,85.71,0.0,0.0,0.0,56.25,60.0,100.0,0.3025358613435767,0.0,0.5769230769230769,1.1538461538461535,0.0372957576923076,1.1538461538461535,2.8846153846153846,4.038461538461538,0.0489083711538461,6.9230769230769225,RM/RCM,25,12,12,50,12,12,25,31,25,25,19,25,56,25,81,88,25,56,12,12,44,19,12,38,56,56,62,100,12,12,19,56,75,94,25,12,19,12,12,25,25,25,12,12,75,12,12,100,25,12,50,38,50,25,38,25,75,38,75,88,62,56,12,12,44,19,12,38,56,56,62,100,12,12,19,56,75,94,88,12,25,12,25,50,62,50,12,12,Danish Superliga
Viborg,cftj6g399tknheudaxsdpfdgb,5f3wfx327z9hef9k9l37c90wl,J. Grønning,Jeppe Grønning,35,Midfielder,Denmark,Midfielder,99.0,0.0,95.0,6.0,194.0,1.0,1.0,0.0,1.0,0.0,28.0,450.0,1.0,11.0,6.0,5.0,15.0,13.0,0.0,0.0,0.0,0.0,1.0,0.0,0.0,0.0,0.0,86.61,31.58,0.0,0.0,100.0,44.44,62.5,46.15,0.0640050189636669,0.0081298355993734,1.0,6.0,0.12077624,2.0,17.0,22.0,0.4321847900000002,127.0,19.8,0.0,19.0,1.2,38.8,0.2,0.2,0.0,0.2,0.0,5.6,0.2,2.2,1.2,1.0,3.0,2.6,0.0,0.0,0.0,0.0,0.2,0.0,0.0,0.0,0.0,86.61,31.58,0.0,0.0,100.0,44.44,62.5,46.15,0.0128010037927333,0.0016259671198746,0.2,1.2,0.024155248,0.4,3.4,4.4,0.086436958,25.4,DM/CM,87,37,83,67,83,27,27,27,43,27,93,25,97,75,87,95,98,48,12,10,43,60,23,38,52,52,67,30,37,23,95,30,73,27,17,23,60,77,67,60,83,88,80,90,63,37,67,40,57,20,17,27,30,27,63,18,80,48,73,85,85,48,12,10,43,48,23,38,52,52,67,30,37,23,95,30,73,27,17,23,55,58,57,38,63,70,67,80,Danish Superliga
Viborg,cftj6g399tknheudaxsdpfdgb,6d8194j12jdzgqk5uwcemecr8,C. Nouck,Charly Nouck,22,Attacker,Denmark,Striker,7.0,3.0,44.0,1.0,48.0,9.0,14.0,11.0,3.0,4.0,22.0,387.0,26.0,6.0,2.0,0.0,0.0,1.0,0.0,25.0,25.0,1.0,2.0,10.0,0.0,0.0,0.0,69.57,33.33,23.08,40.0,14.29,34.92,0.0,33.33,1.8612425426268069,0.6581277541599646,8.0,8.0,0.30704528,3.0,5.0,6.0,0.19277405,24.0,1.627906976744186,0.6976744186046512,10.232558139534884,0.2325581395348837,11.16279069767442,2.0930232558139537,3.255813953488372,2.558139534883721,0.6976744186046512,0.9302325581395348,5.116279069767442,6.046511627906977,1.3953488372093024,0.4651162790697674,0.0,0.0,0.2325581395348837,0.0,5.813953488372094,5.813953488372094,0.2325581395348837,0.4651162790697674,2.3255813953488373,0.0,0.0,0.0,69.57,33.33,23.08,40.0,14.29,34.92,0.0,33.33,0.4328471029364667,0.1530529660837127,1.8604651162790693,1.8604651162790693,0.0714058790697674,0.6976744186046512,1.162790697674419,1.3953488372093024,0.0448311744186046,5.5813953488372094,LW,29,57,43,43,29,100,100,86,71,50,71,57,71,57,21,21,64,57,86,86,64,43,93,36,57,57,43,79,57,36,43,43,21,14,100,86,100,57,57,57,64,57,14,57,14,57,14,29,14,86,71,86,57,29,71,29,57,43,21,21,57,57,86,71,57,43,71,36,57,57,43,79,57,36,43,43,21,14,86,71,100,14,57,57,57,29,14,29,Danish Superliga
Viborg,cftj6g399tknheudaxsdpfdgb,6ja2xnbktah4mog04g3kmjgmh,Ž. Zaletel,Zan Zaletel,26,Defender,Slovenia,Defender,282.0,0.0,71.0,14.0,353.0,2.0,1.0,1.0,0.0,1.0,13.0,450.0,3.0,3.0,1.0,5.0,33.0,8.0,0.0,1.0,1.0,0.0,0.0,1.0,1.0,0.0,0.0,94.89,63.64,0.0,100.0,0.0,65.0,50.0,25.0,0.080529046445465,0.2390277979099887,0.0,4.0,0.07241456,0.0,7.0,9.0,0.4558630699999999,230.0,56.4,0.0,14.2,2.8,70.6,0.4,0.2,0.2,0.0,0.2,2.6,0.6,0.6,0.2,1.0,6.6,1.6,0.0,0.2,0.2,0.0,0.0,0.2,0.2,0.0,0.0,94.89,63.64,0.0,100.0,0.0,65.0,50.0,25.0,0.016105809289093,0.0478055595819977,0.0,0.8,0.014482912,0.0,1.4,1.8,0.0911726139999999,46.0,CB,100,38,56,72,100,65,34,38,35,78,38,32,62,21,50,84,90,46,56,56,41,31,72,94,51,51,88,82,38,91,31,79,43,18,32,76,41,54,53,22,38,51,65,97,97,38,29,56,88,56,28,29,35,75,18,25,43,18,32,71,76,46,41,41,41,31,60,93,51,51,88,82,38,91,31,79,43,18,26,68,41,44,38,22,26,35,38,91,Danish Superliga
Viborg,cftj6g399tknheudaxsdpfdgb,9w4k8gszipnfq1cgws1sllv6c,Dorian Junior,Dorian Junior Hanza Meha,25,Attacker,Equatorial Guinea,Striker,14.0,0.0,29.0,0.0,43.0,4.0,9.0,8.0,1.0,1.0,12.0,418.0,15.0,4.0,1.0,5.0,7.0,2.0,0.0,3.0,3.0,1.0,4.0,2.0,1.0,0.0,0.0,71.67,0.0,0.0,66.67,44.44,30.77,35.71,100.0,1.0697549650605098,0.2687672026121035,1.0,3.0,0.06317351,0.0,5.0,6.0,0.11333449,13.0,3.014354066985646,0.0,6.244019138755981,0.0,9.258373205741623,0.8612440191387559,1.9377990430622007,1.7224880382775118,0.2153110047846889,0.2153110047846889,2.583732057416268,3.229665071770335,0.8612440191387559,0.2153110047846889,1.076555023923445,1.507177033492823,0.4306220095693779,0.0,0.6459330143540669,0.6459330143540669,0.2153110047846889,0.8612440191387559,0.4306220095693779,0.2153110047846889,0.0,0.0,71.67,0.0,0.0,66.67,44.44,30.77,35.71,100.0,0.2303300164005882,0.057868536447582,0.2153110047846889,0.6459330143540669,0.0136019519138755,0.0,1.076555023923445,1.2918660287081338,0.0244021629186602,2.799043062200957,ST,80,43,79,21,71,79,89,88,57,52,66,89,80,48,68,96,93,52,43,41,68,84,62,93,48,50,29,21,43,75,57,14,46,84,86,68,55,66,36,23,93,82,68,64,18,43,18,21,14,46,61,61,46,36,14,32,25,39,39,82,71,52,25,21,50,57,29,86,48,50,29,21,43,75,57,14,46,84,50,43,46,21,21,23,71,50,36,14,Danish Superliga
Viborg,cftj6g399tknheudaxsdpfdgb,acp1ba2irpv5wfmxke7ucmaga,O. Bundgaard,Oliver Bundgaard,25,Defender,Denmark,Defender,77.0,5.0,54.0,6.0,126.0,8.0,5.0,3.0,2.0,0.0,37.0,450.0,11.0,10.0,11.0,3.0,14.0,2.0,0.0,7.0,8.0,0.0,2.0,4.0,2.0,0.0,0.0,72.83,27.27,33.33,57.14,40.0,63.79,50.0,55.0,0.4230456617088439,0.8593281147753951,1.0,7.0,0.1708687,5.0,12.0,18.0,0.7446462599999999,56.0,15.4,1.0,10.8,1.2,25.2,1.6,1.0,0.6,0.4,0.0,7.4,2.2,2.0,2.2,0.6,2.8,0.4,0.0,1.4,1.6,0.0,0.4,0.8,0.4,0.0,0.0,72.83,27.27,33.33,57.14,40.0,63.79,50.0,55.0,0.0846091323417687,0.171865622955079,0.2,1.4,0.03417374,1.0,2.4,3.6,0.1489292519999999,11.2,LB/LCB,67,93,40,50,60,100,93,83,93,33,100,97,100,93,60,87,30,47,80,83,47,100,80,100,53,53,27,27,80,60,87,87,77,40,87,100,70,93,80,87,73,80,87,67,33,93,20,30,33,100,77,67,73,33,100,80,87,80,47,40,20,47,80,80,47,100,80,93,53,53,27,27,80,60,87,87,77,40,73,100,53,67,60,87,67,60,80,47,Danish Superliga
Viborg,cftj6g399tknheudaxsdpfdgb,dyzzo6n83rg4fpvmqqa69moes,A. Beck,Asker Beck,23,Midfielder,Denmark,Midfielder,42.0,0.0,39.0,2.0,81.0,4.0,8.0,7.0,1.0,3.0,20.0,317.0,14.0,0.0,5.0,4.0,2.0,2.0,0.0,15.0,15.0,1.0,2.0,7.0,0.0,0.0,0.0,74.31,33.33,0.0,46.67,25.0,52.63,50.0,55.56,0.8221097627105025,0.289833046809711,0.0,6.0,0.13582964,6.0,4.0,10.0,0.2848801099999999,34.0,11.92429022082019,0.0,11.07255520504732,0.5678233438485805,22.99684542586751,1.135646687697161,2.271293375394322,1.987381703470032,0.2839116719242902,0.8517350157728707,5.678233438485805,3.9747634069400632,0.0,1.4195583596214512,1.135646687697161,0.5678233438485805,0.5678233438485805,0.0,4.2586750788643535,4.2586750788643535,0.2839116719242902,0.5678233438485805,1.987381703470032,0.0,0.0,0.0,74.31,33.33,0.0,46.67,25.0,52.63,50.0,55.56,0.2334065572364203,0.0822869848986561,0.0,1.7034700315457414,0.0385636201892744,1.7034700315457414,1.135646687697161,2.8391167192429023,0.0808807883280756,9.652996845425868,DM/CM,28,37,37,25,32,90,97,97,43,97,65,98,5,58,78,18,28,48,98,98,90,87,97,38,52,52,20,35,37,58,57,67,63,43,100,87,27,77,77,98,20,60,67,32,13,37,20,17,17,83,97,100,37,90,73,93,5,60,77,3,13,48,100,100,90,73,100,38,52,52,20,35,37,58,57,67,63,43,97,63,27,67,70,97,10,50,53,17,Danish Superliga
Viborg,cftj6g399tknheudaxsdpfdgb,ekx0wotp433tuaw4g93nybjmc,S. Jalal,Sami Jalal,22,Midfielder,Denmark,Midfielder,19.0,2.0,66.0,0.0,83.0,6.0,4.0,2.0,2.0,3.0,26.0,325.0,11.0,9.0,1.0,4.0,5.0,3.0,0.0,13.0,15.0,0.0,0.0,7.0,0.0,0.0,0.0,86.46,0.0,100.0,53.85,0.0,46.43,66.67,16.67,0.273460603154796,0.5979616608798135,2.0,15.0,0.4558681999999999,5.0,8.0,9.0,0.8217156200000001,35.0,5.2615384615384615,0.5538461538461539,18.27692307692308,0.0,22.984615384615385,1.6615384615384614,1.1076923076923078,0.5538461538461539,0.5538461538461539,0.8307692307692307,7.2,3.046153846153846,2.4923076923076923,0.2769230769230769,1.1076923076923078,1.3846153846153846,0.8307692307692307,0.0,3.6,4.153846153846154,0.0,0.0,1.9384615384615385,0.0,0.0,0.0,86.46,0.0,100.0,53.85,0.0,46.43,66.67,16.67,0.0757275516428665,0.1655893830128714,0.5538461538461539,4.153846153846154,0.1262404246153846,1.3846153846153846,2.2153846153846155,2.4923076923076923,0.2275520178461538,9.692307692307692,CM/AM,13,63,39,7,33,50,24,26,46,63,89,52,91,13,80,72,57,52,87,87,28,13,91,35,50,52,78,7,98,74,13,57,91,13,22,61,59,83,83,67,33,28,87,24,13,61,30,7,22,48,17,26,35,61,91,48,87,13,74,65,52,52,91,96,28,13,91,35,50,52,78,7,98,74,13,57,91,13,22,61,43,70,83,52,22,22,96,17,Danish Superliga
Viborg,cftj6g399tknheudaxsdpfdgb,eq7tnnzwq0g9q4eac0o9t9xey,S. Kuzmić,Srdjan Kuzmic,22,Defender,Slovenia,Defender,71.0,1.0,66.0,2.0,136.0,2.0,3.0,2.0,1.0,0.0,13.0,410.0,10.0,5.0,2.0,4.0,18.0,8.0,0.0,5.0,5.0,0.0,2.0,1.0,0.0,0.0,0.0,81.93,50.0,14.29,20.0,66.67,50.0,57.14,40.0,0.2399278585522319,0.2381790738744429,2.0,7.0,0.18141178,4.0,9.0,9.0,0.4502735099999998,57.0,15.585365853658535,0.2195121951219512,14.48780487804878,0.4390243902439024,29.853658536585368,0.4390243902439024,0.6585365853658537,0.4390243902439024,0.2195121951219512,0.0,2.853658536585366,2.1951219512195124,1.0975609756097562,0.4390243902439024,0.8780487804878049,3.951219512195122,1.7560975609756098,0.0,1.0975609756097562,1.0975609756097562,0.0,0.4390243902439024,0.2195121951219512,0.0,0.0,0.0,81.93,50.0,14.29,20.0,66.67,50.0,57.14,40.0,0.0526670909017094,0.0522832113382923,0.4390243902439024,1.5365853658536586,0.0398220980487804,0.8780487804878049,1.975609756097561,1.975609756097561,0.0988405265853658,12.51219512195122,RB/RCB,62,50,54,42,62,77,77,73,65,35,50,96,77,38,69,77,88,50,77,69,54,96,42,50,54,54,38,88,42,31,92,19,77,27,77,85,92,73,69,73,54,38,54,46,46,38,46,31,38,54,69,54,62,35,23,92,77,23,46,69,69,50,62,54,54,92,31,50,54,54,38,88,42,31,92,19,77,27,46,69,77,54,54,54,38,31,46,31,Danish Superliga
Viborg,cftj6g399tknheudaxsdpfdgb,wnin2353js3p5rh4d7e2ymwa,M. Søndergaard,Mads Søndergaard,23,Midfielder,Denmark,Midfielder,29.0,0.0,19.0,5.0,48.0,2.0,4.0,4.0,0.0,2.0,11.0,190.0,6.0,1.0,1.0,5.0,7.0,3.0,1.0,5.0,5.0,2.0,2.0,1.0,1.0,0.0,0.0,73.85,55.56,0.0,20.0,50.0,50.0,83.33,25.0,0.5330298276301231,0.1854351192359433,0.0,2.0,0.0478667,1.0,9.0,7.0,0.17172563,25.0,13.736842105263158,0.0,9.0,2.3684210526315788,22.73684210526316,0.9473684210526316,1.894736842105263,1.894736842105263,0.0,0.9473684210526316,5.2105263157894735,2.8421052631578947,0.4736842105263157,0.4736842105263157,2.3684210526315788,3.3157894736842106,1.4210526315789471,0.4736842105263157,2.3684210526315788,2.3684210526315788,0.9473684210526316,0.9473684210526316,0.4736842105263157,0.4736842105263157,0.0,0.0,73.85,55.56,0.0,20.0,50.0,50.0,83.33,25.0,0.252487813087953,0.087837688059131,0.0,0.9473684210526316,0.0226736999999999,0.4736842105263157,4.263157894736842,3.3157894736842106,0.0813437194736842,11.842105263157894,DM/CM,17,37,13,55,17,47,75,92,15,87,37,83,18,12,87,62,48,98,83,82,98,87,58,88,52,52,17,67,37,47,80,52,97,7,90,60,27,28,27,35,53,38,47,17,23,37,5,70,13,65,90,97,15,97,57,87,20,13,97,90,53,100,83,83,100,93,67,90,52,52,17,67,37,47,80,52,97,7,100,70,27,43,43,47,77,57,57,27,Danish Superliga
Viborg,cftj6g399tknheudaxsdpfdgb,xyt0wq20toh97811t65vu4no,L. Kirkegaard,Lukas Kirkegaard,20,Defender,Denmark,Defender,230.0,0.0,109.0,29.0,339.0,4.0,4.0,3.0,1.0,0.0,16.0,449.0,7.0,3.0,3.0,9.0,34.0,0.0,0.0,0.0,0.0,0.0,1.0,0.0,0.0,0.0,0.0,89.45,52.73,0.0,0.0,25.0,72.73,69.23,75.0,0.428573007894496,0.2231663646503615,0.0,8.0,0.15542969,0.0,40.0,36.0,0.7087243600000004,171.0,46.102449888641424,0.0,21.848552338530062,5.812917594654788,67.95100222717149,0.8017817371937639,0.8017817371937639,0.6013363028953229,0.2004454342984409,0.0,3.207126948775056,1.4031180400890868,0.6013363028953229,0.6013363028953229,1.8040089086859687,6.815144766146993,0.0,0.0,0.0,0.0,0.0,0.2004454342984409,0.0,0.0,0.0,0.0,89.45,52.73,0.0,0.0,25.0,72.73,69.23,75.0,0.0859055026960014,0.0447326788831459,0.0,1.6035634743875278,0.031155171714922,0.0,8.017817371937639,7.216035634743875,0.1420605621380847,34.27616926503341,CB,91,38,85,100,94,85,82,78,81,37,63,69,62,49,69,91,6,46,21,21,41,71,28,46,51,51,65,71,38,28,66,100,94,63,79,74,41,90,82,22,100,100,91,74,82,38,59,97,82,76,62,56,76,37,21,50,47,29,65,79,6,46,21,21,41,65,28,46,51,51,65,71,38,28,66,100,94,63,62,59,41,74,74,22,97,100,79,56,Danish Superliga
