Team,contestantId,playerId,Short Name,Player Name,Age,Position_x,Nationality,Position_y,total accurate back zone pass_Total,total accurate fwd zone pass_Total,total accurate long balls_Total,total accurate pass_Total,total att assist_Total,total dribbles attempted_Total,total duels won_Total,total effective clearance_Total,total interception_Total,total mins played,total was fouled_Total,total won tackle_Total,total aerial won_Total,total attempt_Total,total attempts obox_Total,total blocked scoring att_Total,total attempts ibox_Total,total contest_Total,total goals_Total,total ontarget attempt_Total,total touches in opposition box_Total,total won contest_Total,total accurate cross_Total,total assists_Total,total big chances saved_Total,total direct setpiece goals_Total,pass_success_pct_Total,long_balls_success_pct_Total,cross_success_pct_Total,dribble_success_pct_Total,attempt_success_pct_Total,duel_success_pct_Total,aerial_success_pct_Total,tackle_success_pct_Total,xG_Total,xA_Total,CreatedOwnShot_Total,Total Carries_Total,Total Carry xT_Total,Total Final Third Carries_Total,passes_into_final_third_Total,progressive_passes_Total,xT_pass_Total,forward_passes_Total,total accurate back zone pass_p90,total accurate fwd zone pass_p90,total accurate long balls_p90,total accurate pass_p90,total att assist_p90,total dribbles attempted_p90,total duels won_p90,total effective clearance_p90,total interception_p90,total was fouled_p90,total won tackle_p90,total aerial won_p90,total attempt_p90,total attempts obox_p90,total blocked scoring att_p90,total attempts ibox_p90,total contest_p90,total goals_p90,total ontarget attempt_p90,total touches in opposition box_p90,total won contest_p90,total accurate cross_p90,total assists_p90,total big chances saved_p90,total direct setpiece goals_p90,pass_success_pct_p90,long_balls_success_pct_p90,cross_success_pct_p90,dribble_success_pct_p90,attempt_success_pct_p90,duel_success_pct_p90,aerial_success_pct_p90,tackle_success_pct_p90,xG_p90,xA_p90,CreatedOwnShot_p90,Total Carries_p90,Total Carry xT_p90,Total Final Third Carries_p90,passes_into_final_third_p90,progressive_passes_p90,xT_pass_p90,forward_passes_p90,Pos.,total accurate back zone pass_TotalPR,total accurate fwd zone pass_TotalPR,total accurate long balls_TotalPR,total accurate pass_TotalPR,total att assist_TotalPR,total dribbles attempted_TotalPR,total duels won_TotalPR,total effective clearance_TotalPR,total interception_TotalPR,total was fouled_TotalPR,total won tackle_TotalPR,total aerial won_TotalPR,total attempt_TotalPR,total attempts obox_TotalPR,total blocked scoring att_TotalPR,total attempts ibox_TotalPR,total contest_TotalPR,total goals_TotalPR,total ontarget attempt_TotalPR,total touches in opposition box_TotalPR,total won contest_TotalPR,total accurate cross_TotalPR,total assists_TotalPR,total big chances saved_TotalPR,total direct setpiece goals_TotalPR,pass_success_pct_TotalPR,long_balls_success_pct_TotalPR,cross_success_pct_TotalPR,dribble_success_pct_TotalPR,attempt_success_pct_TotalPR,duel_success_pct_TotalPR,aerial_success_pct_TotalPR,tackle_success_pct_TotalPR,xG_TotalPR,xA_TotalPR,CreatedOwnShot_TotalPR,Total Carries_TotalPR,Total Carry xT_TotalPR,Total Final Third Carries_TotalPR,passes_into_final_third_TotalPR,progressive_passes_TotalPR,xT_pass_TotalPR,forward_passes_TotalPR,total accurate back zone pass_p90PR,total accurate fwd zone pass_p90PR,total accurate long balls_p90PR,total accurate pass_p90PR,total att assist_p90PR,total dribbles attempted_p90PR,total duels won_p90PR,total effective clearance_p90PR,total interception_p90PR,total was fouled_p90PR,total won tackle_p90PR,total aerial won_p90PR,total attempt_p90PR,total attempts obox_p90PR,total blocked scoring att_p90PR,total attempts ibox_p90PR,total contest_p90PR,total goals_p90PR,total ontarget attempt_p90PR,total touches in opposition box_p90PR,total won contest_p90PR,total accurate cross_p90PR,total assists_p90PR,total big chances saved_p90PR,total direct setpiece goals_p90PR,pass_success_pct_p90PR,long_balls_success_pct_p90PR,cross_success_pct_p90PR,dribble_success_pct_p90PR,attempt_success_pct_p90PR,duel_success_pct_p90PR,aerial_success_pct_p90PR,tackle_success_pct_p90PR,xG_p90PR,xA_p90PR,CreatedOwnShot_p90PR,Total Carries_p90PR,Total Carry xT_p90PR,Total Final Third Carries_p90PR,passes_into_final_third_p90PR,progressive_passes_p90PR,xT_pass_p90PR,forward_passes_p90PR,League
Birmingham City,8kreqtde5jdktcib0kg7dknac,2f1s166mgypfd94gce3k2cnx0,J. Solís,Jhon Solís,21,Midfielder,Colombia,Midfielder,41.0,45.0,3.0,86.0,1.0,4.0,13.0,0.0,0.0,180.0,4.0,0.0,3.0,1.0,1.0,0.0,0.0,4.0,0.0,0.0,1.0,4.0,0.0,0.0,0.0,0.0,82.69,42.86,0.0,100.0,0.0,56.52,37.5,0.0,0.0587817588463372,0.0492953556551624,1.0,4.0,0.09208685,0.0,10.0,8.0,0.1651415199999999,51.0,20.5,22.5,1.5,43.0,0.5,2.0,6.5,0.0,0.0,2.0,0.0,1.5,0.5,0.5,0.0,0.0,2.0,0.0,0.0,0.5,2.0,0.0,0.0,0.0,0.0,82.69,42.86,0.0,100.0,0.0,56.52,37.5,0.0,0.0293908794231686,0.0246476778275812,0.5,2.0,0.046043425,0.0,5.0,4.0,0.0825707599999999,25.5,DM/CM,80,74,59,80,43,94,97,6,13,89,9,76,43,67,31,27,94,49,39,43,99,39,47,51,51,43,54,39,84,39,60,69,9,37,46,81,80,77,29,86,79,71,89,66,66,44,66,33,87,86,6,13,76,9,69,30,51,31,27,91,49,39,30,97,39,47,51,51,43,54,39,84,39,60,69,9,29,46,69,74,74,29,74,67,57,83,Championship
Birmingham City,8kreqtde5jdktcib0kg7dknac,3bepi58wwope38a478y7jwlxw,A. Priske,August Priske,22,Attacker,Denmark,Striker,6.0,10.0,0.0,16.0,0.0,0.0,13.0,2.0,0.0,165.0,3.0,0.0,10.0,0.0,0.0,0.0,0.0,0.0,0.0,0.0,4.0,0.0,0.0,0.0,0.0,0.0,48.48,0.0,0.0,0.0,0.0,33.33,31.25,0.0,0.0,0.0,0.0,0.0,0.0,0.0,0.0,0.0,0.0,0.0,3.272727272727273,5.454545454545455,0.0,8.727272727272728,0.0,0.0,7.090909090909091,1.090909090909091,0.0,1.6363636363636365,0.0,5.454545454545455,0.0,0.0,0.0,0.0,0.0,0.0,0.0,2.181818181818182,0.0,0.0,0.0,0.0,0.0,48.48,0.0,0.0,0.0,0.0,33.33,31.25,0.0,0.0,0.0,0.0,0.0,0.0,0.0,0.0,0.0,0.0,0.0,ST,62,41,31,50,10,9,84,67,36,69,24,90,5,26,25,7,10,30,11,28,22,41,42,51,51,14,31,41,22,11,19,36,24,6,16,24,18,18,26,18,14,3,3,50,18,31,36,10,9,73,59,36,59,24,84,5,26,25,7,10,30,11,16,22,41,42,51,51,14,31,41,22,11,19,36,24,6,16,24,18,18,26,18,14,3,3,Championship
Birmingham City,8kreqtde5jdktcib0kg7dknac,4wah6i1aeytzatgkvfn7vakfd,B. Osayi-Samuel,Bright Osayi-Samuel,28,Defender,Nigeria,Defender,25.0,25.0,4.0,50.0,0.0,2.0,11.0,2.0,0.0,135.0,2.0,4.0,2.0,2.0,1.0,0.0,1.0,2.0,0.0,0.0,3.0,2.0,0.0,0.0,0.0,0.0,69.44,26.67,0.0,100.0,0.0,61.11,33.33,80.0,0.1191119224891201,0.0,2.0,0.0,0.0,0.0,3.0,2.0,0.07699148,28.0,16.666666666666668,16.666666666666668,2.6666666666666665,33.333333333333336,0.0,1.3333333333333333,7.333333333333333,1.3333333333333333,0.0,1.3333333333333333,2.6666666666666665,1.3333333333333333,1.3333333333333333,0.6666666666666666,0.0,0.6666666666666666,1.3333333333333333,0.0,0.0,2.0,1.3333333333333333,0.0,0.0,0.0,0.0,69.44,26.67,0.0,100.0,0.0,61.11,33.33,80.0,0.07940794832608,0.0,1.3333333333333333,0.0,0.0,0.0,2.0,1.3333333333333333,0.0513276533333333,18.666666666666668,RB/RCB,60,64,72,60,18,76,82,20,18,78,98,36,88,84,42,76,78,50,46,72,92,32,42,52,52,24,32,32,96,46,78,32,76,80,22,100,22,22,26,54,40,32,76,60,72,80,68,18,76,92,20,18,88,96,40,90,90,42,86,80,50,46,76,96,32,42,52,52,24,32,32,96,46,78,32,76,88,22,100,22,22,26,58,46,32,84,Championship
Birmingham City,8kreqtde5jdktcib0kg7dknac,5yo9doazzlnrrz27gtu27uqjt,C. Klarer,Christoph Klarer,26,Defender,Austria,Defender,41.0,38.0,5.0,78.0,0.0,0.0,21.0,14.0,4.0,180.0,4.0,2.0,15.0,0.0,0.0,0.0,0.0,0.0,0.0,0.0,1.0,0.0,1.0,0.0,0.0,0.0,82.98,41.67,50.0,0.0,0.0,63.64,62.5,66.67,0.0,0.0,0.0,0.0,0.0,0.0,0.0,0.0,0.0,0.0,20.5,19.0,2.5,39.0,0.0,0.0,10.5,7.0,2.0,2.0,1.0,7.5,0.0,0.0,0.0,0.0,0.0,0.0,0.0,0.5,0.0,0.5,0.0,0.0,0.0,82.98,41.67,50.0,0.0,0.0,63.64,62.5,66.67,0.0,0.0,0.0,0.0,0.0,0.0,0.0,0.0,0.0,0.0,CB,41,75,64,54,32,34,98,74,91,96,74,100,16,45,40,18,35,48,42,26,40,93,49,47,51,40,50,98,40,42,70,65,60,18,38,46,26,26,42,15,15,14,14,32,71,55,44,32,34,98,70,85,92,68,100,16,45,40,18,35,48,42,22,40,92,49,47,51,40,50,98,40,42,70,65,60,18,38,46,26,26,42,15,15,14,14,Championship
Birmingham City,8kreqtde5jdktcib0kg7dknac,9fk3a8f7bhmecbubtfuqs9jvt,A. Cochrane,Alex Cochrane,26,Defender,England,Defender,24.0,39.0,1.0,58.0,5.0,1.0,9.0,8.0,2.0,180.0,1.0,1.0,5.0,1.0,1.0,1.0,0.0,1.0,0.0,0.0,0.0,0.0,5.0,0.0,0.0,0.0,70.73,7.14,17.24,0.0,0.0,81.82,83.33,33.33,0.0473011658607177,0.654081438330003,1.0,4.0,0.10933579,0.0,6.0,7.0,1.03167767,26.0,12.0,19.5,0.5,29.0,2.5,0.5,4.5,4.0,1.0,0.5,0.5,2.5,0.5,0.5,0.5,0.0,0.5,0.0,0.0,0.0,0.0,2.5,0.0,0.0,0.0,70.73,7.14,17.24,0.0,0.0,81.82,83.33,33.33,0.0236505829303588,0.3270407191650015,0.5,2.0,0.054667895,0.0,3.0,3.5,0.515838835,13.0,LB/LCB,46,74,31,57,100,41,65,74,56,43,30,83,65,81,78,35,44,48,41,17,31,98,46,48,52,22,19,67,31,41,93,98,19,56,100,93,81,85,33,78,78,100,69,37,74,19,46,96,30,57,61,44,35,22,67,56,70,69,35,33,48,41,17,31,93,46,48,52,22,19,67,31,41,93,98,19,52,96,89,74,78,33,74,70,100,59,Championship
Birmingham City,8kreqtde5jdktcib0kg7dknac,adfgsbp3tv9wgatujcr9mfuju,J. Stansfield,Jay Stansfield,23,Attacker,England,Striker,8.0,17.0,3.0,24.0,0.0,6.0,7.0,1.0,2.0,158.0,1.0,3.0,2.0,3.0,1.0,1.0,2.0,5.0,0.0,2.0,8.0,0.0,1.0,0.0,0.0,0.0,70.59,60.0,100.0,0.0,66.67,35.0,66.67,75.0,0.2666322093432176,0.0,1.0,3.0,0.0887003399999999,1.0,4.0,5.0,0.1611370599999999,12.0,4.556962025316456,9.683544303797468,1.7088607594936709,13.670886075949369,0.0,3.4177215189873418,3.987341772151898,0.569620253164557,1.139240506329114,0.569620253164557,1.7088607594936709,1.139240506329114,1.7088607594936709,0.569620253164557,0.569620253164557,1.139240506329114,2.848101265822785,0.0,1.139240506329114,4.556962025316456,0.0,0.569620253164557,0.0,0.0,0.0,70.59,60.0,100.0,0.0,66.67,35.0,66.67,75.0,0.1518791065879087,0.0,0.569620253164557,1.7088607594936709,0.0505255101265822,0.569620253164557,2.278481012658228,2.848101265822785,0.0917869329113923,6.835443037974684,ST,75,74,94,74,10,94,39,42,92,28,92,45,41,65,61,39,88,30,68,70,22,89,42,51,51,41,77,98,22,81,23,89,72,36,16,59,73,70,66,92,94,80,85,66,68,91,66,10,89,27,36,89,27,91,43,36,55,55,34,77,30,61,55,22,86,42,51,51,41,77,98,22,81,23,89,72,32,16,52,70,70,64,89,95,75,84,Championship
Birmingham City,8kreqtde5jdktcib0kg7dknac,bb2v7p23g1w8kb3nhuuwnil4a,Carlos Vicente,Carlos Vicente,27,Attacker,Spain,Striker,11.0,24.0,1.0,35.0,0.0,2.0,2.0,0.0,0.0,149.0,0.0,1.0,0.0,3.0,0.0,2.0,3.0,2.0,0.0,0.0,6.0,1.0,0.0,0.0,0.0,0.0,77.78,100.0,0.0,50.0,0.0,12.5,0.0,100.0,0.3743394015871362,0.0,0.0,2.0,0.06468513,2.0,1.0,2.0,0.0847732,12.0,6.644295302013424,14.496644295302014,0.6040268456375839,21.14093959731544,0.0,1.2080536912751678,1.2080536912751678,0.0,0.0,0.0,0.6040268456375839,0.0,1.812080536912752,0.0,1.2080536912751678,1.812080536912752,1.2080536912751678,0.0,0.0,3.624161073825504,0.6040268456375839,0.0,0.0,0.0,0.0,77.78,100.0,0.0,50.0,0.0,12.5,0.0,100.0,0.2261110479385386,0.0,0.0,1.2080536912751678,0.039071555033557,1.2080536912751678,0.6040268456375839,1.2080536912751678,0.051205288590604,7.248322147651007,RW,89,56,50,67,11,33,17,22,28,17,44,28,72,33,89,89,33,44,22,72,56,22,44,56,56,33,89,22,78,22,11,39,78,89,11,28,22,33,56,39,33,11,50,89,56,56,78,11,33,11,22,28,17,44,28,78,33,89,89,33,44,22,78,67,22,44,56,56,33,89,22,78,22,11,39,78,89,11,28,11,11,56,33,33,22,56,Championship
Birmingham City,8kreqtde5jdktcib0kg7dknac,bu3iqwznwjvf7n05esj3hoet,P. Neumann,Phil Neumann,29,Defender,Germany,Defender,35.0,33.0,2.0,68.0,1.0,0.0,17.0,15.0,6.0,180.0,4.0,2.0,10.0,0.0,0.0,0.0,0.0,0.0,0.0,0.0,3.0,0.0,0.0,0.0,0.0,0.0,81.93,33.33,0.0,0.0,0.0,65.38,58.82,66.67,0.0,0.0,0.0,0.0,0.0,0.0,0.0,0.0,0.0,0.0,17.5,16.5,1.0,34.0,0.5,0.0,8.5,7.5,3.0,2.0,1.0,5.0,0.0,0.0,0.0,0.0,0.0,0.0,0.0,1.5,0.0,0.0,0.0,0.0,0.0,81.93,33.33,0.0,0.0,0.0,65.38,58.82,66.67,0.0,0.0,0.0,0.0,0.0,0.0,0.0,0.0,0.0,0.0,CB,31,71,19,46,76,34,96,80,99,96,74,88,16,45,40,18,35,48,42,64,40,45,49,47,51,33,26,45,40,42,73,58,60,18,38,46,26,26,42,15,15,14,14,23,67,14,40,73,34,96,76,97,92,68,88,16,45,40,18,35,48,42,59,40,45,49,47,51,33,26,45,40,42,73,58,60,18,38,46,26,26,42,15,15,14,14,Championship
Birmingham City,8kreqtde5jdktcib0kg7dknac,cc5c5mmpywxpgrb33oztcdgid,Paik Seung-Ho,Seung-Ho Paik,29,Midfielder,Korea Republic,Midfielder,16.0,34.0,1.0,50.0,2.0,0.0,2.0,1.0,0.0,142.0,0.0,1.0,1.0,3.0,1.0,0.0,2.0,0.0,0.0,0.0,3.0,0.0,0.0,0.0,0.0,0.0,84.75,33.33,0.0,0.0,0.0,25.0,14.29,100.0,0.313390084644108,0.1351420509659371,1.0,3.0,0.06721802,2.0,4.0,5.0,0.17274771,24.0,10.140845070422536,21.549295774647888,0.6338028169014085,31.690140845070424,1.267605633802817,0.0,1.267605633802817,0.6338028169014085,0.0,0.0,0.6338028169014085,0.6338028169014085,1.9014084507042253,0.6338028169014085,0.0,1.267605633802817,0.0,0.0,0.0,1.9014084507042253,0.0,0.0,0.0,0.0,0.0,84.75,33.33,0.0,0.0,0.0,25.0,14.29,100.0,0.1986275184364065,0.0856534125840446,0.6338028169014085,1.9014084507042253,0.0426029704225352,1.267605633802817,2.535211267605634,3.1690140845070425,0.1094879852112676,15.211267605633804,CM/AM,66,79,39,80,50,12,11,30,25,20,39,46,62,55,25,71,12,45,32,43,29,27,43,50,52,75,30,27,29,32,9,46,86,79,43,64,57,50,75,64,64,54,79,68,75,43,75,54,12,7,29,25,20,39,43,57,61,25,68,12,45,32,32,29,27,43,50,52,75,30,27,29,32,9,46,86,75,39,64,50,50,75,68,61,57,79,Championship
Birmingham City,8kreqtde5jdktcib0kg7dknac,v6ddixs4xh5qjb67smsht23t,T. Iwata,Tomoki Iwata,29,Midfielder,Japan,Midfielder,32.0,46.0,5.0,76.0,2.0,1.0,8.0,3.0,2.0,180.0,1.0,2.0,3.0,2.0,1.0,0.0,1.0,1.0,0.0,0.0,1.0,0.0,2.0,0.0,0.0,0.0,74.51,55.56,40.0,0.0,0.0,53.33,50.0,50.0,0.1504261421266705,0.177637303397744,1.0,1.0,0.01935132,0.0,15.0,9.0,0.4143717799999999,42.0,16.0,23.0,2.5,38.0,1.0,0.5,4.0,1.5,1.0,0.5,1.0,1.5,1.0,0.5,0.0,0.5,0.5,0.0,0.0,0.5,0.0,1.0,0.0,0.0,0.0,74.51,55.56,40.0,0.0,0.0,53.33,50.0,50.0,0.0752130710633352,0.088818651698872,0.5,0.5,0.00967566,0.0,7.5,4.5,0.2071858899999999,21.0,RM/RCM,96,83,83,92,46,21,58,83,88,54,50,79,38,42,21,42,25,38,25,17,21,67,46,54,54,50,75,75,21,25,67,71,29,42,58,50,38,25,25,100,75,100,100,88,75,83,83,38,17,42,75,79,42,46,79,33,33,21,25,17,38,25,17,21,67,46,54,54,50,75,75,21,25,67,71,29,33,50,29,25,25,25,100,58,83,92,Championship
Blackburn Rovers,ep3im6aygoatju4u3ws8v3mog,16rur8pbshrs9xypsq7mnxzhl,O. Afolayan,Oladapo Afolayan,28,Attacker,England,Striker,9.0,12.0,1.0,20.0,2.0,8.0,7.0,2.0,1.0,129.0,3.0,1.0,0.0,3.0,2.0,0.0,1.0,7.0,0.0,1.0,5.0,2.0,1.0,1.0,0.0,0.0,64.52,33.33,100.0,28.57,33.33,36.84,0.0,50.0,0.198287526925368,0.0852773870117767,2.0,2.0,0.06582853,0.0,2.0,3.0,0.12313807,11.0,6.27906976744186,8.372093023255815,0.6976744186046512,13.953488372093023,1.3953488372093024,5.5813953488372094,4.883720930232558,1.3953488372093024,0.6976744186046512,2.0930232558139537,0.6976744186046512,0.0,2.0930232558139537,1.3953488372093024,0.0,0.6976744186046512,4.883720930232558,0.0,0.6976744186046512,3.488372093023256,1.3953488372093024,0.6976744186046512,0.6976744186046512,0.0,0.0,64.52,33.33,100.0,28.57,33.33,36.84,0.0,50.0,0.1383401350642102,0.0594958514035651,1.3953488372093024,1.3953488372093024,0.0459268813953488,0.0,1.3953488372093024,2.0930232558139537,0.0859102813953488,7.674418604651163,LW,50,12,94,12,31,69,25,81,81,62,62,38,50,75,25,38,69,31,50,38,12,50,81,56,56,12,88,100,12,62,12,38,50,50,38,69,25,25,19,62,62,50,50,75,12,100,25,38,88,38,88,88,88,88,38,88,88,25,50,75,31,75,38,12,62,88,56,56,12,88,100,12,62,12,38,50,62,50,88,25,25,19,75,75,50,50,Championship
Blackburn Rovers,ep3im6aygoatju4u3ws8v3mog,2ytdtlvxm0ba22gsmk6vu4vhm,R. Alebiosu,Ryan Alebiosu,24,Defender,Nigeria,Defender,24.0,18.0,4.0,41.0,2.0,4.0,4.0,4.0,0.0,180.0,1.0,0.0,0.0,1.0,0.0,0.0,1.0,3.0,0.0,1.0,5.0,2.0,1.0,0.0,0.0,0.0,93.18,66.67,9.09,66.67,100.0,57.14,0.0,0.0,0.0926262533542659,0.1984569621626254,0.0,5.0,0.18520267,2.0,1.0,2.0,0.1603716199999998,18.0,12.0,9.0,2.0,20.5,1.0,2.0,2.0,2.0,0.0,0.5,0.0,0.0,0.5,0.0,0.0,0.5,1.5,0.0,0.5,2.5,1.0,0.5,0.0,0.0,0.0,93.18,66.67,9.09,66.67,100.0,57.14,0.0,0.0,0.0463131266771329,0.0992284810813127,0.0,2.5,0.092601335,1.0,0.5,1.0,0.0801858099999999,9.0,RB/RCB,56,46,72,56,86,86,18,46,18,50,10,10,60,36,42,76,84,50,94,90,92,76,42,52,52,92,80,64,84,98,72,16,10,64,88,36,90,96,76,38,40,52,58,44,30,62,40,82,84,14,32,18,42,10,10,52,36,42,64,84,50,92,86,88,68,42,52,52,92,80,64,84,98,72,16,10,56,76,36,90,96,72,36,30,52,46,Championship
Blackburn Rovers,ep3im6aygoatju4u3ws8v3mog,3cpoap17njgxl0qfuh65spn1l,H. Pickering,Harry Pickering,27,Defender,England,Defender,27.0,20.0,0.0,45.0,2.0,1.0,5.0,11.0,2.0,180.0,2.0,1.0,2.0,0.0,0.0,0.0,0.0,1.0,0.0,0.0,1.0,0.0,2.0,1.0,0.0,0.0,71.43,0.0,28.57,0.0,0.0,45.45,33.33,100.0,0.0,0.277743398905834,0.0,3.0,0.07010533,0.0,2.0,4.0,0.15651156,9.0,13.5,10.0,0.0,22.5,1.0,0.5,2.5,5.5,1.0,1.0,0.5,1.0,0.0,0.0,0.0,0.0,0.5,0.0,0.0,0.5,0.0,1.0,0.5,0.0,0.0,71.43,0.0,28.57,0.0,0.0,45.45,33.33,100.0,0.0,0.138871699452917,0.0,1.5,0.035052665,0.0,1.0,2.0,0.07825578,4.5,LB/LCB,59,37,9,39,61,41,19,96,56,69,30,39,26,33,31,35,44,48,41,48,31,78,96,48,52,26,9,85,31,41,24,35,83,26,78,43,70,70,33,50,57,59,41,48,20,9,30,56,30,4,81,44,59,22,30,26,33,31,35,33,48,41,37,31,70,94,48,52,26,9,85,31,41,24,35,83,26,70,43,65,67,33,44,54,59,37,Championship
Blackburn Rovers,ep3im6aygoatju4u3ws8v3mog,60gs7lod7de72ypcs6qfup8q2,A. Guðjohnsen,Andri Gudjohnsen,24,Attacker,Iceland,Striker,5.0,22.0,2.0,27.0,2.0,2.0,15.0,4.0,0.0,148.0,2.0,1.0,8.0,2.0,0.0,0.0,2.0,2.0,2.0,2.0,7.0,0.0,0.0,0.0,0.0,0.0,81.82,100.0,0.0,0.0,100.0,57.69,57.14,20.0,0.325889430227349,0.2036287619956266,0.0,1.0,0.02855202,1.0,2.0,3.0,0.1356077499999999,14.0,3.040540540540541,13.37837837837838,1.2162162162162162,16.41891891891892,1.2162162162162162,1.2162162162162162,9.121621621621625,2.4324324324324325,0.0,1.2162162162162162,0.6081081081081081,4.864864864864865,1.2162162162162162,0.0,0.0,1.2162162162162162,1.2162162162162162,1.2162162162162162,1.2162162162162162,4.256756756756757,0.0,0.0,0.0,0.0,0.0,81.82,100.0,0.0,0.0,100.0,57.69,57.14,20.0,0.1981760048679825,0.1238283012135567,0.0,0.6081081081081081,0.0173627148648648,0.6081081081081081,1.2162162162162162,1.8243243243243243,0.0824641722972972,8.513513513513514,ST,50,81,84,80,70,49,88,91,36,48,60,83,24,26,25,39,53,94,68,58,22,41,42,51,51,78,94,41,22,93,80,81,48,41,82,24,47,52,66,68,80,77,91,43,86,82,80,70,50,89,89,36,47,58,80,25,26,25,36,50,94,66,50,22,41,42,51,51,78,94,41,22,93,80,81,48,43,77,24,41,48,68,67,75,70,91,Championship
Blackburn Rovers,ep3im6aygoatju4u3ws8v3mog,7qzddbc1vk6kzwevpyae4v4t0,T. Atcheson,Tom Atcheson,19,Defender,Northern Ireland,Defender,41.0,11.0,3.0,52.0,0.0,0.0,5.0,15.0,0.0,180.0,0.0,0.0,4.0,0.0,0.0,0.0,0.0,0.0,0.0,0.0,0.0,0.0,0.0,0.0,0.0,0.0,75.36,23.08,0.0,0.0,0.0,55.56,57.14,0.0,0.0,0.0,0.0,0.0,0.0,0.0,0.0,0.0,0.0,0.0,20.5,5.5,1.5,26.0,0.0,0.0,2.5,7.5,0.0,0.0,0.0,2.0,0.0,0.0,0.0,0.0,0.0,0.0,0.0,0.0,0.0,0.0,0.0,0.0,0.0,75.36,23.08,0.0,0.0,0.0,55.56,57.14,0.0,0.0,0.0,0.0,0.0,0.0,0.0,0.0,0.0,0.0,0.0,RB/RCB,80,22,50,64,18,18,34,96,18,18,10,78,22,36,42,30,20,50,46,14,38,32,42,52,52,32,20,32,38,46,68,60,10,22,22,36,22,22,26,18,12,12,12,76,8,44,52,18,18,24,96,18,18,10,68,22,36,42,30,20,50,46,14,38,32,42,52,52,32,20,32,38,46,68,60,10,22,22,36,22,22,26,18,12,12,12,Championship
Blackburn Rovers,ep3im6aygoatju4u3ws8v3mog,8u07m36pydqgg68citu7pilii,R. Morishita,Ryoya Morishita,29,Midfielder,Japan,Midfielder,7.0,28.0,3.0,33.0,2.0,7.0,4.0,1.0,0.0,140.0,1.0,0.0,0.0,3.0,1.0,0.0,2.0,7.0,0.0,2.0,3.0,3.0,2.0,1.0,0.0,0.0,82.5,75.0,50.0,42.86,66.67,25.0,0.0,0.0,0.2552267342636029,0.1796646879339786,0.0,3.0,0.08018604,2.0,4.0,7.0,0.4295530099999999,16.0,4.5,18.0,1.9285714285714288,21.214285714285715,1.2857142857142856,4.5,2.571428571428571,0.6428571428571428,0.0,0.6428571428571428,0.0,0.0,1.9285714285714288,0.6428571428571428,0.0,1.2857142857142856,4.5,0.0,1.2857142857142856,1.9285714285714288,1.9285714285714288,1.2857142857142856,0.6428571428571428,0.0,0.0,82.5,75.0,50.0,42.86,66.67,25.0,0.0,0.0,0.164074329169459,0.1154987279575576,0.0,1.9285714285714288,0.0515481685714285,1.2857142857142856,2.571428571428571,4.5,0.2761412207142856,10.285714285714285,CM/AM,14,66,64,38,50,93,30,30,25,50,12,14,62,55,25,71,93,45,91,43,91,73,93,50,52,54,84,91,75,89,9,23,12,61,50,25,57,61,75,64,79,93,57,11,68,68,39,57,96,21,36,25,54,12,14,61,64,25,71,96,45,96,39,93,79,93,50,52,54,84,91,75,89,9,23,12,64,50,25,57,61,79,71,79,96,57,Championship
Blackburn Rovers,ep3im6aygoatju4u3ws8v3mog,9uptn5f9yy6vnsbj62iyj4sus,K. Montgomery,Kristi Montgomery,22,Midfielder,Scotland,Midfielder,25.0,25.0,1.0,50.0,0.0,4.0,10.0,2.0,6.0,180.0,0.0,4.0,4.0,1.0,0.0,0.0,1.0,3.0,0.0,1.0,3.0,1.0,0.0,0.0,0.0,0.0,90.91,50.0,0.0,33.33,100.0,43.48,44.44,80.0,0.1110025086413606,0.0,0.0,1.0,0.01935132,0.0,2.0,2.0,0.05095854,12.0,12.5,12.5,0.5,25.0,0.0,2.0,5.0,1.0,3.0,0.0,2.0,2.0,0.5,0.0,0.0,0.5,1.5,0.0,0.5,1.5,0.5,0.0,0.0,0.0,0.0,90.91,50.0,0.0,33.33,100.0,43.48,44.44,80.0,0.0555012543206803,0.0,0.0,0.5,0.00967566,0.0,1.0,1.0,0.02547927,6.0,CM/AM,86,54,39,80,9,75,88,57,100,20,96,95,27,21,25,43,66,45,73,43,66,27,43,50,52,93,52,27,66,98,64,71,66,29,9,25,25,21,16,32,21,11,29,79,32,29,61,9,62,80,46,96,20,89,91,14,21,25,27,61,45,64,25,59,27,43,50,52,93,52,27,66,98,64,71,66,14,9,25,23,21,16,20,18,11,16,Championship
Blackburn Rovers,ep3im6aygoatju4u3ws8v3mog,bzvr1umoce37zyxq8hvwu1lgp,T. Cantwell,Todd Cantwell,28,Midfielder,England,Midfielder,28.0,15.0,1.0,43.0,2.0,4.0,10.0,2.0,2.0,148.0,0.0,4.0,1.0,1.0,0.0,0.0,1.0,4.0,1.0,1.0,3.0,3.0,0.0,0.0,0.0,0.0,81.13,50.0,0.0,75.0,100.0,41.67,0.0,66.67,0.1275113701558613,0.0829966574514039,0.0,2.0,0.04977331,2.0,1.0,0.0,0.0241938799999998,8.0,17.027027027027028,9.121621621621625,0.6081081081081081,26.14864864864865,1.2162162162162162,2.4324324324324325,6.081081081081082,1.2162162162162162,1.2162162162162162,0.0,2.4324324324324325,0.6081081081081081,0.6081081081081081,0.0,0.0,0.6081081081081081,2.4324324324324325,0.6081081081081081,0.6081081081081081,1.8243243243243243,1.8243243243243243,0.0,0.0,0.0,0.0,81.13,50.0,0.0,75.0,100.0,41.67,0.0,66.67,0.0775406980677535,0.0504709403420699,0.0,1.2162162162162162,0.0302675533783783,1.2162162162162162,0.6081081081081081,0.0,0.0147124945945944,4.864864864864865,CM/AM,93,18,39,64,50,75,88,57,80,20,96,46,27,21,25,43,77,93,73,43,91,27,43,50,52,46,52,27,98,98,54,23,52,43,25,25,39,32,75,12,5,4,11,96,14,39,64,50,75,89,64,79,20,96,39,25,21,25,39,75,96,77,29,89,27,43,50,52,46,52,27,98,98,54,23,52,36,25,25,43,32,70,9,5,4,7,Championship
Blackburn Rovers,ep3im6aygoatju4u3ws8v3mog,c96r2deijlyvw3elwsphqnjvu,S. McLoughlin,Sean McLoughlin,29,Defender,Republic of Ireland,Defender,64.0,21.0,9.0,85.0,0.0,1.0,5.0,22.0,1.0,180.0,1.0,2.0,2.0,2.0,0.0,1.0,2.0,1.0,1.0,1.0,3.0,0.0,0.0,0.0,0.0,0.0,83.33,40.91,0.0,0.0,50.0,50.0,66.67,100.0,0.0,0.0,0.0,0.0,0.0,0.0,0.0,0.0,0.0,0.0,32.0,10.5,4.5,42.5,0.0,0.5,2.5,11.0,0.5,0.5,1.0,1.0,1.0,0.0,0.5,1.0,0.5,0.5,0.5,1.5,0.0,0.0,0.0,0.0,0.0,83.33,40.91,0.0,0.0,50.0,50.0,66.67,100.0,0.0,0.0,0.0,0.0,0.0,0.0,0.0,0.0,0.0,0.0,CB,66,45,95,60,32,80,22,96,43,48,74,19,79,45,89,81,81,97,90,64,40,45,49,47,51,46,48,45,40,92,28,74,89,18,38,46,26,26,42,15,15,14,14,55,35,95,50,32,75,17,95,38,42,68,16,77,45,86,79,77,97,90,59,40,45,49,47,51,46,48,45,40,92,28,74,89,18,38,46,26,26,42,15,15,14,14,Championship
Blackburn Rovers,ep3im6aygoatju4u3ws8v3mog,dgzuswl2pnk7t03ts7nguholx,Sam Morsy,Samy Sayed Mekawy Said Morsy,34,Midfielder,Egypt,Midfielder,14.0,19.0,3.0,33.0,2.0,1.0,3.0,8.0,2.0,104.0,1.0,2.0,0.0,0.0,0.0,0.0,0.0,0.0,0.0,0.0,0.0,0.0,0.0,0.0,0.0,0.0,86.84,60.0,0.0,0.0,0.0,37.5,0.0,100.0,0.0,0.0,0.0,0.0,0.0,0.0,0.0,0.0,0.0,0.0,12.115384615384617,16.442307692307693,2.5961538461538463,28.55769230769231,1.7307692307692308,0.8653846153846154,2.5961538461538463,6.923076923076923,1.7307692307692308,0.8653846153846154,1.7307692307692308,0.0,0.0,0.0,0.0,0.0,0.0,0.0,0.0,0.0,0.0,0.0,0.0,0.0,0.0,86.84,60.0,0.0,0.0,0.0,37.5,0.0,100.0,0.0,0.0,0.0,0.0,0.0,0.0,0.0,0.0,0.0,0.0,DM/CM,14,13,59,11,74,40,6,94,59,29,56,13,11,24,31,27,13,49,39,11,23,39,47,51,51,69,80,39,23,39,11,24,89,13,23,33,17,17,29,11,11,11,11,34,43,83,29,91,51,9,100,83,36,80,13,11,24,31,27,13,49,39,11,23,39,47,51,51,69,80,39,23,39,11,24,89,13,23,33,17,17,29,11,11,11,11,Championship
Bolton Wanderers,69t8imcdaqlgfbds2p58596my,28d418ajrp2wn77h3nqwee295,Gaizka Larrazabal,Gaizka Larrazabal,28,Defender,Spain,Defender,10.0,15.0,0.0,24.0,1.0,4.0,5.0,1.0,2.0,142.0,1.0,1.0,3.0,2.0,1.0,0.0,1.0,4.0,0.0,0.0,4.0,0.0,1.0,0.0,0.0,0.0,60.0,0.0,50.0,0.0,0.0,29.41,60.0,100.0,0.1178054944454639,0.0,1.0,1.0,0.02122129,1.0,0.0,2.0,0.06984136,8.0,6.338028169014085,9.507042253521128,0.0,15.211267605633804,0.6338028169014085,2.535211267605634,3.1690140845070425,0.6338028169014085,1.267605633802817,0.6338028169014085,0.6338028169014085,1.9014084507042253,1.267605633802817,0.6338028169014085,0.0,0.6338028169014085,2.535211267605634,0.0,0.0,2.535211267605634,0.0,0.6338028169014085,0.0,0.0,0.0,60.0,0.0,50.0,0.0,0.0,29.41,60.0,100.0,0.0746654542259982,0.0,0.6338028169014085,0.6338028169014085,0.0134501133802816,0.6338028169014085,0.0,1.267605633802817,0.0442656507042253,5.070422535211268,RB/RCB,16,32,8,24,54,86,34,10,64,50,40,60,88,84,42,76,88,50,46,82,38,76,42,52,52,16,8,96,38,46,8,70,90,76,22,84,52,48,58,18,40,28,36,16,40,8,24,64,88,40,12,72,52,48,60,84,84,42,80,88,50,46,92,38,80,42,52,52,16,8,96,38,46,8,70,90,76,22,84,52,48,60,18,40,28,32,Championship
Bolton Wanderers,69t8imcdaqlgfbds2p58596my,5bu39lajv2ie81ra0b48hp3vt,S. Dalby,Sam Dalby,26,Attacker,England,Striker,3.0,11.0,0.0,14.0,2.0,2.0,19.0,3.0,1.0,180.0,3.0,0.0,15.0,2.0,0.0,0.0,2.0,2.0,1.0,2.0,5.0,0.0,0.0,0.0,0.0,0.0,37.84,0.0,0.0,0.0,100.0,55.88,55.56,0.0,0.3864237669816711,0.1169624435521809,1.0,1.0,0.02401521,2.0,1.0,1.0,0.01810777,6.0,1.5,5.5,0.0,7.0,1.0,1.0,9.5,1.5,0.5,1.5,0.0,7.5,1.0,0.0,0.0,1.0,1.0,0.5,1.0,2.5,0.0,0.0,0.0,0.0,0.0,37.84,0.0,0.0,0.0,100.0,55.88,55.56,0.0,0.1932118834908355,0.0584812217760904,0.5,0.5,0.012007605,1.0,0.5,0.5,0.009053885,3.0,ST,19,49,31,38,70,49,97,83,80,69,24,100,24,26,25,39,53,73,68,40,22,41,42,51,51,7,31,41,22,93,73,76,24,59,55,59,47,43,88,47,39,27,55,11,20,31,16,53,38,91,69,74,55,24,98,20,26,25,32,39,60,53,26,22,41,42,51,51,7,31,41,22,93,73,76,24,39,45,48,36,36,83,39,30,18,39,Championship
Bolton Wanderers,69t8imcdaqlgfbds2p58596my,76tis9hdvmec3jcvgnsf6cdex,A. Famewo,Akin Famewo,27,Defender,England,Defender,69.0,19.0,7.0,88.0,0.0,1.0,6.0,4.0,3.0,135.0,0.0,2.0,4.0,0.0,0.0,0.0,0.0,1.0,0.0,0.0,0.0,0.0,0.0,0.0,0.0,0.0,92.63,77.78,0.0,0.0,0.0,54.55,57.14,100.0,0.0,0.0,0.0,0.0,0.0,0.0,0.0,0.0,0.0,0.0,46.0,12.666666666666666,4.666666666666667,58.66666666666666,0.0,0.6666666666666666,4.0,2.6666666666666665,2.0,0.0,1.3333333333333333,2.6666666666666665,0.0,0.0,0.0,0.0,0.6666666666666666,0.0,0.0,0.0,0.0,0.0,0.0,0.0,0.0,92.63,77.78,0.0,0.0,0.0,54.55,57.14,100.0,0.0,0.0,0.0,0.0,0.0,0.0,0.0,0.0,0.0,0.0,LB/LCB,100,31,89,93,22,41,31,39,83,17,61,74,26,33,31,35,44,48,41,17,31,30,46,48,52,100,96,30,31,41,48,69,83,26,24,43,24,24,33,19,19,19,19,100,44,96,96,22,56,39,44,85,17,70,74,26,33,31,35,56,48,41,17,31,30,46,48,52,100,96,30,31,41,48,69,83,26,24,43,24,24,33,19,19,19,19,Championship
Bolton Wanderers,69t8imcdaqlgfbds2p58596my,7iruezvsore21eboc96g7oqtx,J. Sheehan,Josh Sheehan,31,Midfielder,Wales,Midfielder,40.0,30.0,5.0,69.0,2.0,1.0,5.0,1.0,2.0,180.0,3.0,2.0,0.0,4.0,2.0,0.0,2.0,1.0,0.0,1.0,2.0,0.0,1.0,0.0,0.0,0.0,74.19,22.73,14.29,0.0,25.0,38.46,0.0,100.0,0.0,0.0,0.0,0.0,0.0,0.0,0.0,0.0,0.0,0.0,20.0,15.0,2.5,34.5,1.0,0.5,2.5,0.5,1.0,1.5,1.0,0.0,2.0,1.0,0.0,1.0,0.5,0.0,0.5,1.0,0.0,0.5,0.0,0.0,0.0,74.19,22.73,14.29,0.0,25.0,38.46,0.0,100.0,0.0,0.0,0.0,0.0,0.0,0.0,0.0,0.0,0.0,0.0,DM/CM,73,51,87,54,74,40,13,19,59,74,56,13,99,91,31,94,43,49,89,73,23,84,47,51,51,17,31,80,23,77,14,24,89,13,23,33,17,17,29,11,11,11,11,61,37,76,49,66,26,6,11,50,61,44,13,94,90,31,90,30,49,83,67,23,80,47,51,51,17,31,80,23,77,14,24,89,13,23,33,17,17,29,11,11,11,11,Championship
Bolton Wanderers,69t8imcdaqlgfbds2p58596my,a34py1ewvkzcai1daneg4ppex,J. McAtee,John McAtee,27,Attacker,England,Striker,12.0,6.0,2.0,18.0,1.0,2.0,5.0,0.0,1.0,134.0,2.0,2.0,0.0,3.0,3.0,0.0,0.0,2.0,0.0,1.0,2.0,1.0,0.0,1.0,0.0,0.0,72.0,50.0,0.0,50.0,33.33,41.67,0.0,100.0,0.0,0.0,0.0,0.0,0.0,0.0,0.0,0.0,0.0,0.0,8.059701492537313,4.029850746268656,1.343283582089552,12.08955223880597,0.6716417910447761,1.343283582089552,3.3582089552238803,0.0,0.6716417910447761,1.343283582089552,1.343283582089552,0.0,2.014925373134328,2.014925373134328,0.0,0.0,1.343283582089552,0.0,0.6716417910447761,1.343283582089552,0.6716417910447761,0.0,0.6716417910447761,0.0,0.0,72.0,50.0,0.0,50.0,33.33,41.67,0.0,100.0,0.0,0.0,0.0,0.0,0.0,0.0,0.0,0.0,0.0,0.0,ST,88,11,84,60,36,49,18,15,80,48,81,10,41,97,25,7,53,30,38,7,60,41,92,51,51,48,72,41,70,45,41,12,89,6,16,24,18,18,26,18,14,3,3,95,11,86,55,36,53,20,15,83,50,83,10,47,100,25,7,57,30,38,7,64,41,95,51,51,48,72,41,70,45,41,12,89,6,16,24,18,18,26,18,14,3,3,Championship
Bolton Wanderers,69t8imcdaqlgfbds2p58596my,bvcz4ordpkkppks5baflhz3oq,M. Conway,Max Conway,22,Defender,England,Defender,38.0,21.0,1.0,59.0,2.0,2.0,7.0,5.0,1.0,172.0,1.0,0.0,3.0,0.0,0.0,0.0,0.0,2.0,0.0,0.0,0.0,1.0,0.0,0.0,0.0,0.0,74.68,10.0,0.0,50.0,0.0,53.85,75.0,0.0,0.0,0.0,0.0,0.0,0.0,0.0,0.0,0.0,0.0,0.0,19.88372093023256,10.988372093023257,0.5232558139534883,30.87209302325581,1.0465116279069766,1.0465116279069766,3.6627906976744176,2.6162790697674416,0.5232558139534883,0.5232558139534883,0.0,1.569767441860465,0.0,0.0,0.0,0.0,1.0465116279069766,0.0,0.0,0.0,0.5232558139534883,0.0,0.0,0.0,0.0,74.68,10.0,0.0,50.0,0.0,53.85,75.0,0.0,0.0,0.0,0.0,0.0,0.0,0.0,0.0,0.0,0.0,0.0,LB/LCB,85,41,31,63,61,74,48,52,28,43,9,61,26,33,31,35,74,48,41,17,72,30,46,48,52,41,24,30,74,41,44,83,9,26,24,43,24,24,33,19,19,19,19,78,26,22,59,59,70,26,41,22,41,9,52,26,33,31,35,70,48,41,17,67,30,46,48,52,41,24,30,74,41,44,83,9,26,24,43,24,24,33,19,19,19,19,Championship
Bolton Wanderers,69t8imcdaqlgfbds2p58596my,cgf79jslwhdpgr5bjk77njxbe,T. Gale,Thierry Gale,24,Attacker,Barbados,Striker,7.0,20.0,0.0,26.0,2.0,8.0,8.0,1.0,0.0,144.0,2.0,2.0,0.0,3.0,2.0,0.0,1.0,7.0,1.0,1.0,4.0,4.0,1.0,0.0,0.0,0.0,78.79,0.0,25.0,57.14,33.33,53.33,0.0,100.0,0.0,0.0,0.0,0.0,0.0,0.0,0.0,0.0,0.0,0.0,4.375,12.5,0.0,16.25,1.25,5.0,5.0,0.625,0.0,1.25,1.25,0.0,1.875,1.25,0.0,0.625,4.375,0.625,0.625,2.5,2.5,0.625,0.0,0.0,0.0,78.79,0.0,25.0,57.14,33.33,53.33,0.0,100.0,0.0,0.0,0.0,0.0,0.0,0.0,0.0,0.0,0.0,0.0,LW,25,38,44,44,31,69,38,50,38,38,100,38,50,75,25,38,69,75,50,19,88,50,38,56,56,62,44,50,50,62,88,38,81,12,12,12,12,12,19,12,12,12,12,38,50,44,50,25,62,56,62,38,38,100,38,62,75,25,38,62,88,62,25,100,50,38,56,56,62,44,50,50,62,88,38,81,12,12,12,12,12,19,12,12,12,12,Championship
Bolton Wanderers,69t8imcdaqlgfbds2p58596my,cz9jf3ozld7o0hns2xmn54b56,E. Erhahon,Ethan Erhahon,25,Midfielder,Scotland,Midfielder,45.0,25.0,5.0,70.0,1.0,0.0,7.0,5.0,2.0,180.0,2.0,2.0,0.0,0.0,0.0,0.0,0.0,0.0,0.0,0.0,0.0,0.0,0.0,0.0,0.0,0.0,86.42,71.43,0.0,0.0,0.0,50.0,0.0,40.0,0.0,0.0,0.0,0.0,0.0,0.0,0.0,0.0,0.0,0.0,22.5,12.5,2.5,35.0,0.5,0.0,3.5,2.5,1.0,1.0,1.0,0.0,0.0,0.0,0.0,0.0,0.0,0.0,0.0,0.0,0.0,0.0,0.0,0.0,0.0,86.42,71.43,0.0,0.0,0.0,50.0,0.0,40.0,0.0,0.0,0.0,0.0,0.0,0.0,0.0,0.0,0.0,0.0,DM/CM,94,33,87,60,43,11,39,81,59,51,56,13,11,24,31,27,13,49,39,11,23,39,47,51,51,57,89,39,23,39,44,24,27,13,23,33,17,17,29,11,11,11,11,76,17,76,53,33,11,19,71,50,44,44,13,11,24,31,27,13,49,39,11,23,39,47,51,51,57,89,39,23,39,44,24,27,13,23,33,17,17,29,11,11,11,11,Championship
Bolton Wanderers,69t8imcdaqlgfbds2p58596my,dbvkpe7bc9clualadtx9rf1uc,C. Forino,Chris Forino,26,Defender,St. Lucia,Defender,79.0,11.0,6.0,90.0,1.0,1.0,13.0,16.0,6.0,180.0,2.0,2.0,4.0,1.0,0.0,0.0,1.0,1.0,0.0,1.0,1.0,1.0,0.0,0.0,0.0,0.0,93.75,66.67,0.0,100.0,100.0,72.22,80.0,33.33,0.1146168455199637,0.0864525340867495,0.0,0.0,0.0,0.0,3.0,3.0,0.1150308899999998,56.0,39.5,5.5,3.0,45.0,0.5,0.5,6.5,8.0,3.0,1.0,1.0,2.0,0.5,0.0,0.0,0.5,0.5,0.0,0.5,0.5,0.5,0.0,0.0,0.0,0.0,93.75,66.67,0.0,100.0,100.0,72.22,80.0,33.33,0.0573084227599818,0.0432262670433747,0.0,0.0,0.0,0.0,1.5,1.5,0.0575154449999999,28.0,CB,79,23,75,65,76,80,80,86,99,72,74,47,49,45,40,53,81,48,90,26,89,45,49,47,51,94,88,45,94,98,89,93,36,50,83,46,26,26,42,50,47,58,72,73,16,69,54,73,75,76,82,97,66,68,38,44,45,40,49,77,48,90,22,86,45,49,47,51,94,88,45,94,98,89,93,36,46,81,46,26,26,42,50,47,58,72,Championship
Bolton Wanderers,69t8imcdaqlgfbds2p58596my,dhx0lu8rw0jupzzmbvqe8txwp,L. Brunt,Lewis Brunt,25,Defender,England,Defender,26.0,11.0,6.0,37.0,0.0,1.0,7.0,4.0,3.0,95.0,1.0,2.0,3.0,0.0,0.0,0.0,0.0,1.0,0.0,0.0,0.0,0.0,0.0,0.0,0.0,0.0,86.05,60.0,0.0,0.0,0.0,70.0,0.0,66.67,0.0,0.0,0.0,0.0,0.0,0.0,0.0,0.0,0.0,0.0,24.63157894736842,10.421052631578949,5.684210526315789,35.05263157894737,0.0,0.9473684210526316,6.631578947368421,3.789473684210526,2.8421052631578947,0.9473684210526316,1.894736842105263,2.8421052631578947,0.0,0.0,0.0,0.0,0.9473684210526316,0.0,0.0,0.0,0.0,0.0,0.0,0.0,0.0,86.05,60.0,0.0,0.0,0.0,70.0,0.0,66.67,0.0,0.0,0.0,0.0,0.0,0.0,0.0,0.0,0.0,0.0,RB/RCB,64,22,92,52,18,52,64,46,88,50,72,60,22,36,42,30,56,50,46,14,38,32,42,52,52,72,66,32,38,46,96,16,66,22,22,36,22,22,26,18,12,12,12,88,44,100,72,18,64,84,72,100,64,88,76,22,36,42,30,72,50,46,14,38,32,42,52,52,72,66,32,38,46,96,16,66,22,22,36,22,22,26,18,12,12,12,Championship
Bristol City,c5485h5qulh4l0k0py5b9xug1,16ha4qskzhhjplhiwdrg2n3rp,J. Wallace,Jed Wallace,32,Midfielder,England,Midfielder,4.0,7.0,1.0,11.0,0.0,2.0,3.0,2.0,1.0,91.0,0.0,1.0,0.0,3.0,2.0,1.0,1.0,1.0,0.0,1.0,3.0,1.0,0.0,0.0,0.0,0.0,57.89,25.0,0.0,100.0,33.33,42.86,0.0,50.0,0.2074777412220555,0.0,1.0,1.0,0.02855202,0.0,1.0,3.0,0.0462792,8.0,3.956043956043956,6.923076923076923,0.989010989010989,10.87912087912088,0.0,1.978021978021978,2.967032967032967,1.978021978021978,0.989010989010989,0.0,0.989010989010989,0.0,2.967032967032967,1.978021978021978,0.989010989010989,0.989010989010989,0.989010989010989,0.0,0.989010989010989,2.967032967032967,0.989010989010989,0.0,0.0,0.0,0.0,57.89,25.0,0.0,100.0,33.33,42.86,0.0,50.0,0.2051977660437911,0.0,0.989010989010989,0.989010989010989,0.0282382615384615,0.0,0.989010989010989,2.967032967032967,0.0457706373626373,7.912087912087912,RM/RCM,17,8,29,8,12,46,17,71,46,21,21,17,54,71,67,42,25,38,67,33,58,29,46,54,54,8,25,29,92,67,29,21,29,50,12,50,38,42,25,12,29,8,29,33,8,42,8,12,67,17,83,67,21,25,17,75,100,83,50,25,38,83,58,67,29,46,54,54,8,25,29,92,67,29,21,29,67,12,75,42,50,25,17,42,8,42,Championship
Bristol City,c5485h5qulh4l0k0py5b9xug1,1la1hsnuheliwojwmcbxroy96,J. Knight,Jason Knight,25,Midfielder,Republic of Ireland,Midfielder,20.0,20.0,3.0,40.0,2.0,4.0,12.0,8.0,4.0,180.0,2.0,0.0,7.0,1.0,0.0,1.0,1.0,4.0,0.0,0.0,2.0,3.0,0.0,0.0,0.0,0.0,63.49,30.0,0.0,75.0,0.0,70.59,0.0,0.0,0.0945428378547969,0.210185717394035,0.0,1.0,0.0199707,1.0,6.0,4.0,0.34676428,19.0,10.0,10.0,1.5,20.0,1.0,2.0,6.0,4.0,2.0,1.0,0.0,3.5,0.5,0.0,0.5,0.5,2.0,0.0,0.0,1.0,1.5,0.0,0.0,0.0,0.0,63.49,30.0,0.0,75.0,0.0,70.59,0.0,0.0,0.0472714189273984,0.1050928586970175,0.0,0.5,0.00998535,0.5,3.0,2.0,0.17338214,9.5,DM/CM,36,20,59,29,74,94,89,94,96,51,9,100,43,24,79,70,94,49,39,73,91,39,47,51,51,6,37,39,64,39,89,24,9,54,89,33,43,39,66,50,36,97,30,16,6,44,9,66,87,70,91,87,44,9,100,30,24,69,60,91,49,39,67,87,39,47,51,51,6,37,39,64,39,89,24,9,49,83,33,34,34,60,44,31,89,26,Championship
Bristol City,c5485h5qulh4l0k0py5b9xug1,2nmgtqp0gk1u32n7wu1w3597t,J. Williams,Joe Williams,29,Midfielder,England,Midfielder,17.0,15.0,1.0,32.0,0.0,0.0,7.0,8.0,1.0,116.0,0.0,2.0,4.0,1.0,0.0,0.0,1.0,0.0,0.0,0.0,1.0,0.0,0.0,0.0,0.0,0.0,61.54,11.11,0.0,0.0,0.0,77.78,80.0,66.67,0.092742277461093,0.0,0.0,0.0,0.0,0.0,5.0,5.0,0.10341911,19.0,13.189655172413792,11.637931034482758,0.7758620689655172,24.82758620689655,0.0,0.0,5.43103448275862,6.206896551724138,0.7758620689655172,0.0,1.5517241379310345,3.103448275862069,0.7758620689655172,0.0,0.0,0.7758620689655172,0.0,0.0,0.0,0.7758620689655172,0.0,0.0,0.0,0.0,0.0,61.54,11.11,0.0,0.0,0.0,77.78,80.0,66.67,0.0719552152715376,0.0,0.0,0.0,0.0,0.0,3.879310344827586,3.879310344827586,0.0802389646551724,14.741379310344827,DM/CM,24,7,23,9,14,11,39,94,34,10,56,87,43,24,31,70,13,49,39,43,23,39,47,51,51,3,19,39,23,39,97,100,50,51,23,33,17,17,29,43,44,40,30,37,14,23,20,14,11,57,94,40,10,71,97,51,24,31,83,13,49,39,54,23,39,47,51,51,3,19,39,23,39,97,100,50,63,23,33,17,17,29,54,60,51,43,Championship
Bristol City,c5485h5qulh4l0k0py5b9xug1,2rkdzc5ecbbj67m4dr4go915g,R. Cardines,Rio Cardines,20,Defender,Trinidad and Tobago,Defender,7.0,17.0,1.0,20.0,4.0,0.0,7.0,9.0,3.0,124.0,2.0,2.0,2.0,0.0,0.0,0.0,0.0,0.0,0.0,0.0,0.0,0.0,4.0,1.0,0.0,0.0,60.61,16.67,50.0,0.0,0.0,70.0,40.0,66.67,0.0,0.575761286503562,0.0,0.0,0.0,0.0,2.0,5.0,0.22707987,12.0,5.080645161290323,12.338709677419354,0.7258064516129032,14.516129032258064,2.903225806451613,0.0,5.080645161290323,6.532258064516129,2.177419354838709,1.4516129032258065,1.4516129032258065,1.4516129032258065,0.0,0.0,0.0,0.0,0.0,0.0,0.0,0.0,0.0,2.903225806451613,0.7258064516129032,0.0,0.0,60.61,16.67,50.0,0.0,0.0,70.0,40.0,66.67,0.0,0.4178912563332304,0.0,0.0,0.0,0.0,1.4516129032258065,3.629032258064516,0.1648160346774193,8.709677419354838,LB/LCB,7,24,31,11,93,9,48,87,83,69,61,39,26,33,31,35,13,48,41,17,31,91,96,48,52,15,30,93,31,41,81,50,54,26,93,43,24,24,33,50,65,78,44,4,37,37,7,100,9,74,93,89,78,78,48,26,33,31,35,13,48,41,17,31,100,100,48,52,15,30,93,31,41,81,50,54,26,100,43,24,24,33,56,74,85,48,Championship
Bristol City,c5485h5qulh4l0k0py5b9xug1,4dqnk85x37sf5ef9kvk26j5k9,G. Tanner,George Tanner,26,Defender,England,Defender,18.0,18.0,5.0,35.0,1.0,1.0,6.0,10.0,4.0,180.0,0.0,0.0,5.0,1.0,1.0,1.0,0.0,1.0,0.0,0.0,0.0,0.0,1.0,0.0,0.0,0.0,76.09,62.5,33.33,0.0,0.0,42.86,55.56,0.0,0.0523560498441556,0.1560817278697975,1.0,0.0,0.0,0.0,6.0,5.0,0.35575506,24.0,9.0,9.0,2.5,17.5,0.5,0.5,3.0,5.0,2.0,0.0,0.0,2.5,0.5,0.5,0.5,0.0,0.5,0.0,0.0,0.0,0.0,0.5,0.0,0.0,0.0,76.09,62.5,33.33,0.0,0.0,42.86,55.56,0.0,0.0261780249220778,0.0780408639348987,0.5,0.0,0.0,0.0,3.0,2.5,0.17787753,12.0,RB/RCB,46,46,86,44,54,52,52,86,100,18,10,84,60,84,92,30,56,50,46,14,38,76,42,52,52,36,72,84,38,46,36,56,10,48,80,84,22,22,26,78,64,92,72,36,30,74,32,44,40,36,84,96,18,10,72,52,74,86,30,44,50,46,14,38,68,42,52,52,36,72,84,38,46,36,56,10,48,72,74,22,22,26,72,60,80,64,Championship
Bristol City,c5485h5qulh4l0k0py5b9xug1,5fi4sga66xcx4qtwlf187logk,Y. Hirakawa,Yu Hirakawa,25,Midfielder,Japan,Midfielder,3.0,12.0,3.0,15.0,4.0,2.0,11.0,0.0,0.0,134.0,4.0,4.0,1.0,1.0,1.0,0.0,0.0,2.0,0.0,0.0,3.0,1.0,0.0,0.0,0.0,0.0,83.33,75.0,0.0,50.0,0.0,55.0,33.33,80.0,0.0791763126307844,0.3106537763124801,0.0,1.0,0.0241224,1.0,3.0,4.0,0.09149717,8.0,2.014925373134328,8.059701492537313,2.014925373134328,10.07462686567164,2.686567164179104,1.343283582089552,7.388059701492537,0.0,0.0,2.686567164179104,2.686567164179104,0.6716417910447761,0.6716417910447761,0.6716417910447761,0.0,0.0,1.343283582089552,0.0,0.0,2.014925373134328,0.6716417910447761,0.0,0.0,0.0,0.0,83.33,75.0,0.0,50.0,0.0,55.0,33.33,80.0,0.0531781204236611,0.2086480587173373,0.0,0.6716417910447761,0.0162016119402985,0.6716417910447761,2.014925373134328,2.686567164179104,0.0614533231343283,5.3731343283582085,ST,19,53,94,44,93,49,76,15,36,86,99,28,14,65,25,7,53,30,11,16,60,41,42,51,51,86,86,41,70,11,70,47,75,11,91,24,47,47,66,83,91,64,69,19,61,95,41,95,53,77,15,36,89,100,24,12,61,25,7,57,30,11,14,64,41,42,51,51,86,86,41,70,11,70,47,75,11,89,24,49,43,77,86,93,64,70,Championship
Bristol City,c5485h5qulh4l0k0py5b9xug1,7qzddjwh7d06ke65umodu5lh,R. Dickie,Rob Dickie,30,Defender,England,Defender,28.0,7.0,2.0,35.0,1.0,1.0,22.0,23.0,2.0,180.0,8.0,0.0,11.0,1.0,0.0,0.0,1.0,1.0,0.0,0.0,6.0,1.0,0.0,0.0,0.0,0.0,57.38,11.11,0.0,100.0,0.0,62.86,52.38,0.0,0.1504720328249892,0.1209931248245406,0.0,0.0,0.0,0.0,0.0,1.0,0.09861951,31.0,14.0,3.5,1.0,17.5,0.5,0.5,11.0,11.5,1.0,4.0,0.0,5.5,0.5,0.0,0.0,0.5,0.5,0.0,0.0,3.0,0.5,0.0,0.0,0.0,0.0,57.38,11.11,0.0,100.0,0.0,62.86,52.38,0.0,0.0752360164124946,0.0604965624122703,0.0,0.0,0.0,0.0,0.0,0.5,0.049309755,15.5,CB,19,11,19,12,76,80,100,99,65,100,16,93,49,45,40,53,81,48,42,99,89,45,49,47,51,2,2,45,94,42,65,44,16,67,85,46,26,26,42,15,32,54,47,12,10,14,10,73,75,100,98,60,100,16,93,44,45,40,49,77,48,42,97,86,45,49,47,51,2,2,45,94,42,65,44,16,62,85,46,26,26,42,15,32,52,47,Championship
Bristol City,c5485h5qulh4l0k0py5b9xug1,aqajb3juen7k3mv3ji09skn6y,L. Tolaj,Lorent Tolaj,24,Attacker,Switzerland,Striker,4.0,8.0,0.0,12.0,2.0,0.0,4.0,3.0,0.0,129.0,3.0,0.0,1.0,4.0,2.0,0.0,2.0,0.0,0.0,0.0,5.0,0.0,0.0,0.0,0.0,0.0,75.0,0.0,0.0,0.0,0.0,23.53,11.11,0.0,0.3830671769806045,0.1529405141815842,2.0,0.0,0.0,0.0,2.0,1.0,0.0750651899999999,6.0,2.7906976744186047,5.5813953488372094,0.0,8.372093023255815,1.3953488372093024,0.0,2.7906976744186047,2.0930232558139537,0.0,2.0930232558139537,0.0,0.6976744186046512,2.7906976744186047,1.3953488372093024,0.0,1.3953488372093024,0.0,0.0,0.0,3.488372093023256,0.0,0.0,0.0,0.0,0.0,75.0,0.0,0.0,0.0,0.0,23.53,11.11,0.0,0.2672561699864682,0.1067026843127331,1.3953488372093024,0.0,0.0,0.0,1.3953488372093024,0.6976744186046512,0.0523710627906976,4.186046511627907,ST,36,26,31,25,70,9,15,83,36,69,24,28,61,85,25,39,10,30,11,40,22,41,42,51,51,64,31,41,22,11,11,25,24,57,68,83,18,18,26,68,39,57,55,36,27,31,32,84,9,16,84,36,73,24,27,61,86,25,39,10,30,11,36,22,41,42,51,51,64,31,41,22,11,11,25,24,61,75,89,18,18,26,73,43,59,59,Championship
Bristol City,c5485h5qulh4l0k0py5b9xug1,e3phph3rg0w1lurkfnljgsh9m,R. Atkinson,Rob Atkinson,28,Defender,England,Defender,12.0,6.0,0.0,18.0,0.0,0.0,5.0,8.0,2.0,91.0,1.0,1.0,3.0,0.0,0.0,0.0,0.0,0.0,0.0,0.0,0.0,0.0,0.0,0.0,0.0,0.0,72.0,0.0,0.0,0.0,0.0,45.45,33.33,100.0,0.0,0.0,0.0,0.0,0.0,0.0,0.0,0.0,0.0,0.0,11.868131868131869,5.934065934065934,0.0,17.802197802197803,0.0,0.0,4.945054945054945,7.912087912087912,1.978021978021978,0.989010989010989,0.989010989010989,2.967032967032967,0.0,0.0,0.0,0.0,0.0,0.0,0.0,0.0,0.0,0.0,0.0,0.0,0.0,72.0,0.0,0.0,0.0,0.0,45.45,33.33,100.0,0.0,0.0,0.0,0.0,0.0,0.0,0.0,0.0,0.0,0.0,LB/LCB,17,4,9,4,22,9,19,74,56,43,30,61,26,33,31,35,13,48,41,17,31,30,46,48,52,30,9,30,31,41,24,35,83,26,24,43,24,24,33,19,19,19,19,33,4,9,15,22,9,67,96,81,52,37,81,26,33,31,35,13,48,41,17,31,30,46,48,52,30,9,30,31,41,24,35,83,26,24,43,24,24,33,19,19,19,19,Championship
Bristol City,c5485h5qulh4l0k0py5b9xug1,e6g14ckye86ly6nybigtj2gb8,L. Eissat,Lisav Eissat,21,Defender,Romania,Defender,11.0,11.0,0.0,22.0,1.0,3.0,13.0,10.0,1.0,146.0,0.0,2.0,9.0,1.0,0.0,0.0,1.0,3.0,0.0,0.0,3.0,1.0,0.0,0.0,0.0,0.0,47.83,0.0,0.0,33.33,0.0,65.0,81.82,66.67,0.1536658204272389,0.0695954562887889,0.0,0.0,0.0,1.0,1.0,2.0,0.02121313,14.0,6.780821917808219,6.780821917808219,0.0,13.561643835616438,0.6164383561643836,1.8493150684931507,8.013698630136986,6.164383561643835,0.6164383561643836,0.0,1.2328767123287672,5.547945205479452,0.6164383561643836,0.0,0.0,0.6164383561643836,1.8493150684931507,0.0,0.0,1.8493150684931507,0.6164383561643836,0.0,0.0,0.0,0.0,47.83,0.0,0.0,33.33,0.0,65.0,81.82,66.67,0.0947255057428184,0.0429013086711712,0.0,0.0,0.0,0.6164383561643836,0.6164383561643836,1.2328767123287672,0.0130765869863013,8.63013698630137,LB/LCB,11,13,9,17,48,87,91,93,28,17,61,96,65,33,31,76,87,48,41,87,72,30,46,48,52,4,9,30,67,41,74,93,54,81,48,43,24,24,72,39,44,37,48,15,7,9,4,44,89,93,85,33,17,67,96,70,33,31,78,89,48,41,89,81,30,46,48,52,4,9,30,67,41,74,93,54,78,48,43,24,24,74,37,41,37,44,Championship
Burnley,64bxxwu2mv2qqlv0monbkj1om,20uzxhlbdk0tkehbz43gwb90q,A. Ramsey,Aaron Ramsey,23,Midfielder,England,Midfielder,13.0,25.0,1.0,38.0,0.0,3.0,5.0,1.0,0.0,166.0,0.0,3.0,0.0,7.0,4.0,3.0,3.0,2.0,0.0,1.0,6.0,1.0,0.0,0.0,0.0,0.0,82.61,100.0,0.0,50.0,14.29,50.0,0.0,75.0,0.5682409713648546,0.0,2.0,2.0,0.0646459799999999,0.0,3.0,5.0,0.0836604699999999,18.0,7.048192771084337,13.55421686746988,0.5421686746987951,20.602409638554217,0.0,1.6265060240963851,2.710843373493976,0.5421686746987951,0.0,0.0,1.6265060240963851,0.0,3.795180722891566,2.1686746987951806,1.6265060240963851,1.6265060240963851,1.0843373493975903,0.0,0.5421686746987951,3.2530120481927707,0.5421686746987951,0.0,0.0,0.0,0.0,82.61,100.0,0.0,50.0,14.29,50.0,0.0,75.0,0.3080824543544392,0.0,1.0843373493975903,1.0843373493975903,0.0350490253012047,0.0,1.6265060240963851,2.710843373493976,0.0453580861445782,9.759036144578312,CM/AM,48,54,39,57,9,61,46,30,25,20,82,14,96,100,98,86,50,45,73,79,66,27,43,50,52,57,96,27,82,64,80,23,61,93,9,88,39,46,16,52,64,14,66,32,46,32,36,9,54,25,21,25,20,82,14,96,100,96,79,43,45,68,71,64,27,43,50,52,57,96,27,82,64,80,23,61,93,9,86,36,36,16,50,54,14,54,Championship
Burnley,64bxxwu2mv2qqlv0monbkj1om,43n6lws8fguddvg3e4ukfrpw,M. Alleyne,Max Alleyne,21,Defender,England,Defender,113.0,29.0,6.0,142.0,1.0,0.0,2.0,9.0,1.0,180.0,0.0,1.0,1.0,0.0,0.0,0.0,0.0,0.0,0.0,0.0,2.0,0.0,0.0,1.0,0.0,0.0,90.45,42.86,0.0,0.0,0.0,25.0,20.0,100.0,0.0,0.0,0.0,0.0,0.0,0.0,0.0,0.0,0.0,0.0,56.5,14.5,3.0,71.0,0.5,0.0,1.0,4.5,0.5,0.0,0.5,0.5,0.0,0.0,0.0,0.0,0.0,0.0,0.0,1.0,0.0,0.0,0.5,0.0,0.0,90.45,42.86,0.0,0.0,0.0,25.0,20.0,100.0,0.0,0.0,0.0,0.0,0.0,0.0,0.0,0.0,0.0,0.0,CB,100,65,75,88,76,34,4,47,43,17,45,7,16,45,40,18,35,48,42,44,40,45,99,47,51,75,55,45,40,42,6,10,89,18,38,46,26,26,42,15,15,14,14,98,60,69,83,73,34,2,39,38,17,41,5,16,45,40,18,35,48,42,40,40,45,99,47,51,75,55,45,40,42,6,10,89,18,38,46,26,26,42,15,15,14,14,Championship
Burnley,64bxxwu2mv2qqlv0monbkj1om,50nv5gr7dsp0amdt59ous8vdh,J. Laurent,Josh Laurent,31,Midfielder,England,Midfielder,13.0,22.0,3.0,35.0,1.0,0.0,2.0,3.0,0.0,90.0,0.0,0.0,1.0,1.0,0.0,1.0,1.0,0.0,0.0,0.0,3.0,0.0,0.0,0.0,0.0,0.0,76.09,50.0,0.0,0.0,0.0,33.33,50.0,0.0,0.0819489634465868,0.0542629444532355,0.0,5.0,0.11049955,2.0,6.0,4.0,0.0966377199999999,18.0,13.0,22.0,3.0,35.0,1.0,0.0,2.0,3.0,0.0,0.0,0.0,1.0,1.0,0.0,1.0,1.0,0.0,0.0,0.0,3.0,0.0,0.0,0.0,0.0,0.0,76.09,50.0,0.0,0.0,0.0,33.33,50.0,0.0,0.0819489634465868,0.0542629444532355,0.0,5.0,0.11049955,2.0,6.0,4.0,0.0966377199999999,18.0,CM/AM,48,45,64,45,27,12,11,77,25,20,12,46,27,21,64,43,12,45,32,43,29,27,43,50,52,36,52,27,29,32,27,79,12,14,21,25,82,71,75,80,54,29,66,82,86,95,86,38,12,18,93,25,20,12,62,43,21,80,62,12,45,32,66,29,27,43,50,52,36,52,27,29,32,27,79,12,39,29,25,96,96,88,89,75,54,86,Championship
Burnley,64bxxwu2mv2qqlv0monbkj1om,55u45p7vwom7civ3xy3hdf71m,O. Sonne,Oliver Sonne,25,Defender,Peru,Defender,15.0,18.0,0.0,33.0,0.0,1.0,2.0,1.0,0.0,135.0,0.0,1.0,0.0,2.0,1.0,0.0,1.0,1.0,0.0,0.0,3.0,0.0,0.0,0.0,0.0,0.0,86.84,0.0,0.0,0.0,0.0,33.33,0.0,50.0,0.994691997577999,0.0,1.0,1.0,0.01870347,0.0,4.0,2.0,0.1696457999999999,14.0,10.0,12.0,0.0,22.0,0.0,0.6666666666666666,1.3333333333333333,0.6666666666666666,0.0,0.0,0.6666666666666666,0.0,1.3333333333333333,0.6666666666666666,0.0,0.6666666666666666,0.6666666666666666,0.0,0.0,2.0,0.0,0.0,0.0,0.0,0.0,86.84,0.0,0.0,0.0,0.0,33.33,0.0,50.0,0.6631279983853327,0.0,0.6666666666666666,0.6666666666666666,0.01246898,0.0,2.6666666666666665,1.3333333333333333,0.1130971999999999,9.333333333333334,RB/RCB,36,46,8,34,18,52,4,10,18,18,40,10,88,84,42,76,56,50,46,72,38,32,42,52,52,76,8,32,38,46,14,16,36,100,22,84,52,44,26,62,40,56,44,40,50,8,44,18,56,4,16,18,18,56,10,90,90,42,86,60,50,46,76,38,32,42,52,52,76,8,32,38,46,14,16,36,100,22,88,56,44,26,68,46,56,52,Championship
Burnley,64bxxwu2mv2qqlv0monbkj1om,6x3qvqsp90kjsps3e4wx0oxqt,M. Edwards,Marcus Edwards,27,Attacker,England,Striker,8.0,33.0,1.0,37.0,7.0,5.0,4.0,2.0,1.0,180.0,2.0,0.0,0.0,0.0,0.0,0.0,0.0,4.0,0.0,0.0,6.0,1.0,4.0,0.0,0.0,0.0,78.72,50.0,40.0,25.0,0.0,25.0,0.0,0.0,0.0,0.759943844694043,0.0,15.0,0.42574481,5.0,3.0,8.0,0.5919492099999999,17.0,4.0,16.5,0.5,18.5,3.5,2.5,2.0,1.0,0.5,1.0,0.0,0.0,0.0,0.0,0.0,0.0,2.0,0.0,0.0,3.0,0.5,2.0,0.0,0.0,0.0,78.72,50.0,40.0,25.0,0.0,25.0,0.0,0.0,0.0,0.3799719223470215,0.0,7.5,0.212872405,2.5,1.5,4.0,0.2959746049999999,8.5,RW,61,78,50,78,89,89,39,78,78,78,11,28,17,33,39,17,83,44,22,72,56,89,44,56,56,44,50,100,44,22,33,39,11,17,89,28,100,100,100,67,89,89,83,44,67,28,33,78,72,33,67,61,72,11,28,17,33,39,17,67,44,22,67,50,89,44,56,56,44,50,100,44,22,33,39,11,17,89,28,100,100,100,67,78,89,72,Championship
Burnley,64bxxwu2mv2qqlv0monbkj1om,7rs22vzcyiy7txf7tlcbwd7ca,B. Humphreys,Bashir Humphreys,23,Defender,England,Defender,41.0,25.0,1.0,66.0,0.0,2.0,7.0,1.0,1.0,154.0,3.0,1.0,1.0,0.0,0.0,0.0,0.0,2.0,0.0,0.0,1.0,1.0,0.0,0.0,1.0,0.0,82.5,20.0,0.0,50.0,0.0,50.0,33.33,50.0,0.0,0.0,0.0,0.0,0.0,0.0,0.0,0.0,0.0,0.0,23.96103896103896,14.61038961038961,0.5844155844155845,38.57142857142858,0.0,1.168831168831169,4.090909090909091,0.5844155844155845,0.5844155844155845,1.7532467532467533,0.5844155844155845,0.5844155844155845,0.0,0.0,0.0,0.0,1.168831168831169,0.0,0.0,0.5844155844155845,0.5844155844155845,0.0,0.0,0.5844155844155845,0.0,82.5,20.0,0.0,50.0,0.0,50.0,33.33,50.0,0.0,0.0,0.0,0.0,0.0,0.0,0.0,0.0,0.0,0.0,LB/LCB,89,52,31,67,22,74,48,9,28,89,30,13,26,33,31,35,74,48,41,48,72,30,46,98,52,67,37,30,74,41,31,35,37,26,24,43,24,24,33,19,19,19,19,89,56,33,70,22,81,46,11,30,89,33,19,26,33,31,35,81,48,41,56,78,30,46,100,52,67,37,30,74,41,31,35,37,26,24,43,24,24,33,19,19,19,19,Championship
Burnley,64bxxwu2mv2qqlv0monbkj1om,7s79un28qujnx64qwl49wy4tl,Z. Flemming,Zian Flemming,28,Attacker,Netherlands,Striker,4.0,6.0,0.0,10.0,1.0,1.0,6.0,2.0,0.0,90.0,2.0,0.0,3.0,9.0,2.0,0.0,7.0,1.0,2.0,4.0,8.0,1.0,0.0,0.0,0.0,0.0,71.43,0.0,0.0,100.0,44.44,66.67,60.0,0.0,1.00825368507467,0.0599019672825454,2.0,0.0,0.0,0.0,1.0,2.0,0.0967214499999999,6.0,4.0,6.0,0.0,10.0,1.0,1.0,6.0,2.0,0.0,2.0,0.0,3.0,9.0,2.0,0.0,7.0,1.0,2.0,4.0,8.0,1.0,0.0,0.0,0.0,0.0,71.43,0.0,0.0,100.0,44.44,66.67,60.0,0.0,1.00825368507467,0.0599019672825454,2.0,0.0,0.0,0.0,1.0,2.0,0.0967214499999999,6.0,ST,36,11,31,16,36,27,27,67,36,48,24,60,99,85,25,93,30,94,97,70,60,41,42,51,51,43,31,41,93,64,94,85,24,95,36,83,18,18,26,47,60,68,55,60,33,31,39,53,38,61,82,36,69,24,68,100,97,25,100,39,100,99,93,77,41,42,51,51,43,31,41,93,64,94,85,24,100,48,100,18,18,26,57,82,80,74,Championship
Burnley,64bxxwu2mv2qqlv0monbkj1om,9dnrpl2c7n769i8nbfnboq2tx,J. Bruun Larsen,Jacob Bruun Larsen,27,Attacker,Denmark,Striker,13.0,34.0,0.0,42.0,6.0,5.0,4.0,2.0,0.0,172.0,0.0,1.0,0.0,2.0,1.0,1.0,1.0,5.0,0.0,0.0,9.0,3.0,5.0,0.0,0.0,0.0,85.71,0.0,35.71,60.0,0.0,40.0,0.0,100.0,0.1894506085387814,0.5818070008646392,1.0,11.0,0.43882599,3.0,1.0,4.0,0.3203794399999999,17.0,6.8023255813953485,17.790697674418603,0.0,21.97674418604651,3.13953488372093,2.6162790697674416,2.093023255813953,1.0465116279069766,0.0,0.0,0.5232558139534883,0.0,1.0465116279069766,0.5232558139534883,0.5232558139534883,0.5232558139534883,2.6162790697674416,0.0,0.0,4.709302325581395,1.569767441860465,2.6162790697674416,0.0,0.0,0.0,85.71,0.0,35.71,60.0,0.0,40.0,0.0,100.0,0.0991311323749437,0.3044338958012647,0.5232558139534883,5.755813953488372,0.2296182505813953,1.569767441860465,0.5232558139534883,2.093023255813953,0.1676404046511627,8.895348837209301,LW,88,88,44,88,94,44,12,81,38,12,62,38,12,38,56,38,44,31,12,62,44,100,38,56,56,88,44,75,62,12,31,38,81,38,100,31,88,88,69,31,75,75,88,88,88,44,88,88,50,12,75,38,12,50,38,12,38,50,25,50,31,12,50,25,100,38,56,56,88,44,75,62,12,31,38,81,38,88,38,75,88,62,25,62,75,88,Championship
Burnley,64bxxwu2mv2qqlv0monbkj1om,artzh7xur73vi2kaso97fl756,H. Mejbri,Hannibal Mejbri,23,Midfielder,Tunisia,Midfielder,14.0,25.0,2.0,39.0,0.0,3.0,2.0,0.0,2.0,114.0,0.0,1.0,0.0,1.0,1.0,0.0,0.0,2.0,0.0,0.0,2.0,0.0,0.0,0.0,0.0,0.0,75.0,22.22,0.0,0.0,0.0,22.22,0.0,50.0,0.0409817184058494,0.0,1.0,0.0,0.0,0.0,3.0,7.0,0.1181928,25.0,11.052631578947368,19.73684210526316,1.5789473684210529,30.789473684210527,0.0,2.368421052631579,1.5789473684210529,0.0,1.5789473684210529,0.0,0.7894736842105263,0.0,0.7894736842105263,0.7894736842105263,0.0,0.0,1.5789473684210529,0.0,0.0,1.5789473684210529,0.0,0.0,0.0,0.0,0.0,75.0,22.22,0.0,0.0,0.0,22.22,0.0,50.0,0.0323539882151442,0.0,0.7894736842105263,0.0,0.0,0.0,2.368421052631579,5.526315789473684,0.0933101052631579,19.73684210526316,DM/CM,14,33,37,26,14,81,3,6,59,10,29,13,43,67,31,27,71,49,39,73,23,39,47,51,51,20,29,39,23,39,3,24,37,26,23,81,17,17,29,33,69,49,57,20,60,60,34,14,97,3,6,74,10,31,13,57,74,31,27,77,49,39,83,23,39,47,51,51,20,29,39,23,39,3,24,37,34,23,91,17,17,29,40,74,66,69,Championship
Burnley,64bxxwu2mv2qqlv0monbkj1om,dlxi9jrz36ge900qdsd9c0mlm,U. Raghouber,Ugo Raghouber,23,Midfielder,France,Midfielder,12.0,11.0,0.0,23.0,1.0,1.0,6.0,2.0,0.0,90.0,2.0,1.0,2.0,3.0,1.0,1.0,2.0,1.0,0.0,1.0,2.0,1.0,0.0,0.0,0.0,0.0,71.88,0.0,0.0,100.0,33.33,46.15,0.0,100.0,0.3697359743525178,0.0557225358474775,0.0,2.0,0.03620728,0.0,1.0,1.0,0.0216810199999999,9.0,12.0,11.0,0.0,23.0,1.0,1.0,6.0,2.0,0.0,2.0,1.0,2.0,3.0,1.0,1.0,2.0,1.0,0.0,1.0,2.0,1.0,0.0,0.0,0.0,0.0,71.88,0.0,0.0,100.0,33.33,46.15,0.0,100.0,0.3697359743525178,0.0557225358474775,0.0,2.0,0.03620728,0.0,1.0,1.0,0.0216810199999999,9.0,DM/CM,3,3,9,3,43,40,24,39,13,51,29,61,90,67,79,94,43,49,89,73,63,39,47,51,51,14,9,39,84,83,34,24,89,97,49,33,57,51,29,23,23,23,23,30,9,9,14,66,63,70,59,13,76,44,80,97,90,94,100,64,49,100,90,80,39,47,51,51,14,9,39,84,83,34,24,89,100,60,33,74,63,29,23,23,23,23,Championship
Burnley,64bxxwu2mv2qqlv0monbkj1om,e9wu8dcamrtj3ftbx3nmhusid,K. Walker,Kyle Walker,36,Defender,England,Defender,76.0,41.0,8.0,116.0,3.0,0.0,7.0,5.0,1.0,180.0,3.0,1.0,2.0,0.0,0.0,0.0,0.0,0.0,0.0,0.0,1.0,0.0,1.0,0.0,0.0,0.0,87.88,40.0,100.0,0.0,0.0,63.64,0.0,50.0,0.0,0.322457094616527,0.0,2.0,0.0482448,2.0,15.0,16.0,0.3147672299999999,65.0,38.0,20.5,4.0,58.0,1.5,0.0,3.5,2.5,0.5,1.5,0.5,1.0,0.0,0.0,0.0,0.0,0.0,0.0,0.0,0.5,0.0,0.5,0.0,0.0,0.0,87.88,40.0,100.0,0.0,0.0,63.64,0.0,50.0,0.0,0.1612285473082635,0.0,1.0,0.0241224,1.0,7.5,8.0,0.1573836149999999,32.5,CB,77,81,90,83,97,34,39,15,43,86,45,19,16,45,40,18,35,48,42,26,40,93,49,47,51,67,44,100,40,42,70,5,46,18,96,46,77,83,91,93,96,92,77,69,77,89,75,95,34,30,4,38,80,41,16,16,45,40,18,35,48,42,22,40,92,49,47,51,67,44,100,40,42,70,5,46,18,96,46,76,83,91,92,94,88,75,Championship
Cardiff City,3ash57c0q2tgok6gvzbsta93,2ez3wr6hm5xlj9jnuzql8f1pm,O. Tanner,Ollie Tanner,24,Attacker,England,Striker,6.0,26.0,3.0,31.0,2.0,2.0,10.0,0.0,0.0,133.0,1.0,2.0,1.0,2.0,0.0,0.0,2.0,2.0,0.0,2.0,4.0,2.0,1.0,0.0,0.0,0.0,93.94,100.0,9.09,100.0,100.0,71.43,25.0,33.33,0.2362624264561518,0.1570144114029067,0.0,3.0,0.0917137099999999,3.0,0.0,1.0,0.1169274699999999,10.0,4.060150375939849,17.593984962406015,2.0300751879699246,20.977443609022554,1.3533834586466165,1.3533834586466165,6.7669172932330826,0.0,0.0,0.6766917293233082,1.3533834586466165,0.6766917293233082,1.3533834586466165,0.0,0.0,1.3533834586466165,1.3533834586466165,0.0,1.3533834586466165,2.706766917293233,1.3533834586466165,0.6766917293233082,0.0,0.0,0.0,93.94,100.0,9.09,100.0,100.0,71.43,25.0,33.33,0.1598768299327343,0.1062503535809143,0.0,2.0300751879699246,0.0620619090225563,2.0300751879699246,0.0,0.6766917293233082,0.0791238518796991,6.7669172932330826,RW,33,67,100,44,61,33,89,22,28,50,89,67,44,33,39,61,33,44,94,44,83,56,44,56,56,100,89,44,94,94,100,89,22,56,56,28,50,44,78,11,17,33,28,56,78,100,67,56,44,100,22,28,56,89,67,44,33,39,67,44,44,89,44,89,56,44,56,56,100,89,44,94,94,100,89,22,67,44,28,56,44,78,11,11,33,22,Championship
Cardiff City,3ash57c0q2tgok6gvzbsta93,3ubbzhelrlm7kalianjj0zrl6,A. Robertson,Alex Robertson,23,Midfielder,Australia,Midfielder,51.0,81.0,3.0,131.0,2.0,1.0,9.0,4.0,1.0,170.0,2.0,2.0,3.0,3.0,3.0,2.0,0.0,1.0,0.0,0.0,0.0,1.0,1.0,0.0,0.0,0.0,90.97,42.86,10.0,100.0,0.0,75.0,60.0,66.67,0.175048795654117,0.1709297310585116,1.0,7.0,0.1345961,2.0,15.0,12.0,0.2620257800000001,74.0,27.0,42.88235294117647,1.5882352941176472,69.3529411764706,1.0588235294117647,0.5294117647058824,4.764705882352941,2.117647058823529,0.5294117647058824,1.0588235294117647,1.0588235294117647,1.5882352941176472,1.5882352941176472,1.5882352941176472,1.0588235294117647,0.0,0.5294117647058824,0.0,0.0,0.0,0.5294117647058824,0.5294117647058824,0.0,0.0,0.0,90.97,42.86,10.0,100.0,0.0,75.0,60.0,66.67,0.0926728918168854,0.0904922105603885,0.5294117647058824,3.7058823529411766,0.0712567588235294,1.0588235294117647,7.9411764705882355,6.352941176470589,0.1387195305882353,39.1764705882353,DM/CM,97,100,59,100,74,40,64,67,34,51,56,76,90,97,97,27,43,49,39,11,63,84,47,51,51,97,54,77,84,39,94,86,50,71,77,81,97,94,84,97,90,86,100,94,97,63,97,80,34,49,69,31,54,54,74,89,97,97,27,40,49,39,11,63,89,47,51,51,97,54,77,84,39,94,86,50,71,74,80,94,83,83,91,89,80,97,Championship
Cardiff City,3ash57c0q2tgok6gvzbsta93,57yj70l80ns8tf6290tgz0zdg,R. Kpakio,Ronan Kpakio,19,Defender,Wales,Defender,20.0,33.0,1.0,53.0,2.0,1.0,5.0,3.0,0.0,100.0,0.0,2.0,2.0,2.0,2.0,0.0,0.0,1.0,0.0,0.0,2.0,0.0,0.0,1.0,0.0,0.0,84.13,25.0,0.0,0.0,0.0,41.67,0.0,66.67,0.1264619518943152,0.245960300500226,1.0,2.0,0.04600262,2.0,5.0,9.0,0.3507898200000001,29.0,18.0,29.7,0.8999999999999999,47.7,1.7999999999999998,0.8999999999999999,4.5,2.7,0.0,0.0,1.7999999999999998,1.7999999999999998,1.7999999999999998,1.7999999999999998,0.0,0.0,0.8999999999999999,0.0,0.0,1.7999999999999998,0.0,0.0,0.8999999999999999,0.0,0.0,84.13,25.0,0.0,0.0,0.0,41.67,0.0,66.67,0.1138157567048836,0.2213642704502033,0.8999999999999999,1.7999999999999998,0.041402358,1.7999999999999998,4.5,8.1,0.315710838,26.1,RB/RCB,52,78,20,68,86,52,34,30,18,18,72,36,88,100,42,30,56,50,46,54,38,32,92,52,52,64,26,32,38,46,30,16,66,88,92,84,70,68,76,70,90,88,80,68,88,24,80,96,60,56,48,18,18,84,56,96,100,42,30,68,50,46,64,38,32,100,52,52,64,26,32,38,46,30,16,66,92,100,96,76,76,96,86,96,100,92,Championship
Cardiff City,3ash57c0q2tgok6gvzbsta93,60aejqxzvo5z8jgcu245r2l1w,Y. Salech,Yousef Salech,24,Attacker,Denmark,Striker,5.0,8.0,0.0,13.0,1.0,2.0,10.0,5.0,0.0,180.0,1.0,0.0,8.0,3.0,0.0,0.0,3.0,0.0,1.0,3.0,5.0,0.0,0.0,0.0,0.0,0.0,65.0,0.0,0.0,0.0,100.0,40.0,47.06,0.0,0.5959515509414054,0.0489074989720814,0.0,0.0,0.0,0.0,1.0,1.0,0.0212114099999999,2.0,2.5,4.0,0.0,6.5,0.5,1.0,5.0,2.5,0.0,0.5,0.0,4.0,1.5,0.0,0.0,1.5,0.0,0.5,1.5,2.5,0.0,0.0,0.0,0.0,0.0,65.0,0.0,0.0,0.0,100.0,40.0,47.06,0.0,0.2979757754707027,0.0244537494860407,0.0,0.0,0.0,0.0,0.5,0.5,0.0106057049999999,1.0,ST,50,26,31,30,36,49,68,98,36,28,24,83,41,26,25,59,10,73,88,40,22,41,42,51,51,32,31,41,22,93,34,61,24,82,32,24,18,18,26,47,39,30,14,31,9,31,11,22,38,41,94,36,22,24,77,31,26,25,42,10,60,85,26,22,41,42,51,51,32,31,41,22,93,34,61,24,73,32,24,18,18,26,39,30,25,9,Championship
Cardiff City,3ash57c0q2tgok6gvzbsta93,9l4r1jnqa7dq8mxi59jm8ld78,C. Scanlon,Calum Scanlon,21,Defender,England,Defender,32.0,55.0,4.0,85.0,3.0,1.0,7.0,3.0,3.0,170.0,2.0,1.0,4.0,0.0,0.0,0.0,0.0,1.0,0.0,0.0,1.0,0.0,2.0,0.0,0.0,0.0,92.39,50.0,66.67,0.0,0.0,41.18,50.0,100.0,0.0,0.2707587470965126,0.0,5.0,0.1204875899999999,3.0,16.0,16.0,0.48514531,50.0,16.941176470588236,29.11764705882353,2.117647058823529,45.0,1.5882352941176472,0.5294117647058824,3.7058823529411766,1.5882352941176472,1.5882352941176472,1.0588235294117647,0.5294117647058824,2.117647058823529,0.0,0.0,0.0,0.0,0.5294117647058824,0.0,0.0,0.5294117647058824,0.0,1.0588235294117647,0.0,0.0,0.0,92.39,50.0,66.67,0.0,0.0,41.18,50.0,100.0,0.0,0.1433428661099184,0.0,2.647058823529412,0.0637875476470587,1.5882352941176472,8.470588235294118,8.470588235294118,0.2568416347058823,26.47058823529412,LB/LCB,69,93,70,89,78,41,48,28,83,69,30,74,26,33,31,35,44,48,41,48,31,78,46,48,52,96,74,96,31,41,4,61,83,26,74,43,91,93,98,96,96,89,89,70,89,67,81,74,44,30,26,78,67,30,63,26,33,31,35,44,48,41,44,31,78,46,48,52,96,74,96,31,41,4,61,83,26,78,43,96,85,100,96,96,89,85,Championship
Cardiff City,3ash57c0q2tgok6gvzbsta93,aph6w0h4bexir8fcwaol5s222,J. Moylan,Jack Moylan,24,Midfielder,Republic of Ireland,Midfielder,6.0,25.0,1.0,29.0,1.0,8.0,6.0,2.0,0.0,161.0,2.0,2.0,0.0,4.0,1.0,0.0,3.0,8.0,0.0,1.0,13.0,1.0,2.0,0.0,0.0,0.0,63.04,100.0,28.57,12.5,25.0,31.58,0.0,66.67,0.2619360682535376,0.0988412567768588,2.0,4.0,0.13116638,4.0,2.0,7.0,0.38945392,11.0,3.354037267080745,13.975155279503104,0.5590062111801242,16.211180124223603,0.5590062111801242,4.472049689440993,3.354037267080745,1.1180124223602483,0.0,1.1180124223602483,1.1180124223602483,0.0,2.2360248447204967,0.5590062111801242,0.0,1.6770186335403725,4.472049689440993,0.0,0.5590062111801242,7.267080745341614,0.5590062111801242,1.1180124223602483,0.0,0.0,0.0,63.04,100.0,28.57,12.5,25.0,31.58,0.0,66.67,0.1464238890858284,0.0552528764591136,1.1180124223602483,2.2360248447204967,0.0733228211180124,2.2360248447204967,1.1180124223602483,3.913043478260869,0.2177071602484472,6.149068322981366,CM/AM,7,54,39,25,27,96,61,57,25,75,64,14,75,55,25,86,96,45,73,98,66,73,43,50,52,7,96,79,57,71,21,23,52,64,32,88,73,79,100,32,79,89,21,7,54,36,18,21,93,57,57,25,68,64,14,71,50,25,82,93,45,71,100,68,71,43,50,52,7,96,79,57,71,21,23,52,57,32,89,68,71,100,25,71,89,25,Championship
Cardiff City,3ash57c0q2tgok6gvzbsta93,b643qk5rx4mihg4riyq39trdh,P. Ng,Perry Ng,30,Defender,England,Defender,50.0,71.0,8.0,121.0,1.0,0.0,8.0,5.0,0.0,180.0,2.0,2.0,3.0,1.0,1.0,1.0,0.0,0.0,0.0,0.0,2.0,0.0,0.0,0.0,0.0,0.0,91.67,53.33,0.0,0.0,0.0,40.0,42.86,66.67,0.0467086859664317,0.1225361499360151,0.0,11.0,0.26052176,3.0,17.0,19.0,0.3741643099999999,71.0,25.0,35.5,4.0,60.5,0.5,0.0,4.0,2.5,0.0,1.0,1.0,1.5,0.5,0.5,0.5,0.0,0.0,0.0,0.0,1.0,0.0,0.0,0.0,0.0,0.0,91.67,53.33,0.0,0.0,0.0,40.0,42.86,66.67,0.0233543429832158,0.0612680749680075,0.0,5.5,0.13026088,1.5,8.5,9.5,0.1870821549999999,35.5,RB/RCB,96,100,100,96,54,18,68,58,18,78,72,60,60,84,92,30,20,50,46,54,38,32,42,52,52,88,52,32,38,46,22,40,66,44,56,36,100,100,92,100,100,100,96,92,100,96,96,44,18,52,36,18,70,68,46,52,74,86,30,20,50,46,46,38,32,42,52,52,88,52,32,38,46,22,40,66,44,56,36,100,100,88,100,100,84,96,Championship
Cardiff City,3ash57c0q2tgok6gvzbsta93,bkq6fzbfvbv09ks5818fw759m,J. Bagan,Joel Bagan,24,Defender,Republic of Ireland,Defender,108.0,65.0,6.0,169.0,3.0,0.0,10.0,8.0,0.0,180.0,0.0,3.0,6.0,0.0,0.0,0.0,0.0,0.0,0.0,0.0,0.0,0.0,4.0,0.0,0.0,0.0,91.85,50.0,26.67,0.0,0.0,58.82,60.0,75.0,0.0,0.4661805332292928,0.0,4.0,0.08602868,6.0,12.0,14.0,0.28333008,103.0,54.0,32.5,3.0,84.5,1.5,0.0,5.0,4.0,0.0,0.0,1.5,3.0,0.0,0.0,0.0,0.0,0.0,0.0,0.0,0.0,0.0,2.0,0.0,0.0,0.0,91.85,50.0,26.67,0.0,0.0,58.82,60.0,75.0,0.0,0.2330902666146464,0.0,2.0,0.04301434,3.0,6.0,7.0,0.14166504,51.5,CB,98,92,75,98,97,34,61,41,15,17,93,66,16,45,40,18,35,48,42,9,40,100,49,47,51,79,71,92,40,42,52,60,74,18,100,46,93,92,100,88,93,88,92,96,90,69,96,95,34,48,29,15,17,91,56,16,45,40,18,35,48,42,9,40,100,49,47,51,79,71,92,40,42,52,60,74,18,100,46,91,92,99,85,90,83,90,Championship
Cardiff City,3ash57c0q2tgok6gvzbsta93,bty8qu3hdcfdb3mlr9i70qga1,G. Osho,Gabriel Osho,28,Defender,Nigeria,Defender,32.0,27.0,3.0,59.0,0.0,0.0,3.0,5.0,0.0,90.0,1.0,1.0,1.0,0.0,0.0,0.0,0.0,0.0,0.0,0.0,1.0,0.0,0.0,0.0,0.0,0.0,95.16,75.0,0.0,0.0,0.0,42.86,50.0,100.0,0.0,0.0,0.0,0.0,0.0,0.0,0.0,0.0,0.0,0.0,32.0,27.0,3.0,59.0,0.0,0.0,3.0,5.0,0.0,1.0,1.0,1.0,0.0,0.0,0.0,0.0,0.0,0.0,0.0,1.0,0.0,0.0,0.0,0.0,0.0,95.16,75.0,0.0,0.0,0.0,42.86,50.0,100.0,0.0,0.0,0.0,0.0,0.0,0.0,0.0,0.0,0.0,0.0,CB,26,60,38,35,32,34,9,15,15,48,45,7,16,45,40,18,35,48,42,26,40,45,49,47,51,98,92,45,40,42,17,36,89,18,38,46,26,26,42,15,15,14,14,55,88,69,77,32,34,24,46,15,66,68,16,16,45,40,18,35,48,42,40,40,45,49,47,51,98,92,45,40,42,17,36,89,18,38,46,26,26,42,15,15,14,14,Championship
Cardiff City,3ash57c0q2tgok6gvzbsta93,cozz584rpfcg2otdd8eleuec4,C. Ashford,Cian Ashford,21,Attacker,Wales,Striker,12.0,24.0,0.0,36.0,0.0,5.0,9.0,2.0,0.0,139.0,4.0,1.0,0.0,4.0,0.0,2.0,4.0,5.0,1.0,2.0,7.0,4.0,0.0,0.0,0.0,0.0,94.74,0.0,0.0,80.0,50.0,60.0,0.0,100.0,0.4320757362299665,0.0,2.0,9.0,0.24150969,1.0,3.0,3.0,0.10121481,12.0,7.76978417266187,15.53956834532374,0.0,23.30935251798561,0.0,3.237410071942446,5.827338129496403,1.2949640287769784,0.0,2.5899280575539567,0.6474820143884892,0.0,2.5899280575539567,0.0,1.2949640287769784,2.5899280575539567,3.237410071942446,0.6474820143884892,1.2949640287769784,4.532374100719425,2.5899280575539567,0.0,0.0,0.0,0.0,94.74,0.0,0.0,80.0,50.0,60.0,0.0,100.0,0.2797612680625682,0.0,1.2949640287769784,5.827338129496403,0.1563731805755395,0.6474820143884892,1.9424460431654675,1.9424460431654675,0.0655347690647482,7.76978417266187,ST,88,86,31,89,10,86,60,67,36,86,60,10,61,26,83,78,88,73,68,58,97,41,42,51,51,100,31,41,84,70,85,12,89,66,16,83,99,98,66,83,80,70,85,91,91,31,91,10,81,57,64,36,80,61,10,57,26,86,77,83,68,73,52,95,41,42,51,51,100,31,41,84,70,85,12,89,64,16,78,100,98,75,82,77,66,86,Championship
Cardiff City,3ash57c0q2tgok6gvzbsta93,eghtme1anaclmuh6bxzpcmbpx,C. Willock,Chris Willock,28,Midfielder,England,Midfielder,4.0,22.0,1.0,26.0,2.0,4.0,9.0,1.0,0.0,94.0,4.0,0.0,1.0,0.0,0.0,0.0,0.0,4.0,0.0,0.0,4.0,3.0,0.0,0.0,0.0,0.0,83.87,100.0,0.0,75.0,0.0,90.0,0.0,0.0,0.0,0.1036815611806135,0.0,9.0,0.24671935,1.0,1.0,4.0,0.07802935,9.0,3.829787234042553,21.06382978723404,0.9574468085106382,24.8936170212766,1.9148936170212765,3.829787234042553,8.617021276595745,0.9574468085106382,0.0,3.829787234042553,0.0,0.9574468085106382,0.0,0.0,0.0,0.0,3.829787234042553,0.0,0.0,3.829787234042553,2.872340425531915,0.0,0.0,0.0,0.0,83.87,100.0,0.0,75.0,0.0,90.0,0.0,0.0,0.0,0.0992695798537788,0.0,8.617021276595745,0.2362206542553191,0.9574468085106382,0.9574468085106382,3.829787234042553,0.0747089521276595,8.617021276595745,LM/LCM,12,25,25,12,50,69,75,50,31,75,38,62,12,25,19,19,69,44,25,38,75,19,50,56,56,75,100,19,88,25,100,25,38,12,12,25,94,88,56,12,25,12,12,12,88,38,50,75,75,100,50,31,100,38,88,12,25,19,19,88,44,25,75,100,19,50,56,56,75,100,19,88,25,100,25,38,12,50,25,100,100,62,12,88,25,38,Championship
Charlton Athletic,2ezfenuwk3y65p8jdbj55xqt0,4hgji0bnqpsqezk5ctxq3ggh6,T. Campbell,Tyreece Campbell,22,Attacker,Jamaica,Striker,8.0,17.0,0.0,25.0,1.0,11.0,10.0,4.0,3.0,180.0,3.0,0.0,1.0,3.0,0.0,0.0,3.0,10.0,2.0,3.0,12.0,4.0,0.0,0.0,0.0,0.0,75.76,0.0,0.0,40.0,100.0,40.0,25.0,0.0,0.225321754877333,0.0613835078563708,2.0,4.0,0.13942458,1.0,2.0,1.0,0.0374368799999999,5.0,4.0,8.5,0.0,12.5,0.5,5.5,5.0,2.0,1.5,1.5,0.0,0.5,1.5,0.0,0.0,1.5,5.0,1.0,1.5,6.0,2.0,0.0,0.0,0.0,0.0,75.76,0.0,0.0,40.0,100.0,40.0,25.0,0.0,0.1126608774386665,0.0306917539281854,1.0,2.0,0.06971229,0.5,1.0,0.5,0.0187184399999999,2.5,LW,38,25,44,25,12,94,88,100,100,62,19,75,50,12,25,81,94,100,100,100,88,19,38,56,56,38,44,19,38,100,31,75,19,62,25,69,38,50,38,62,25,38,25,25,25,44,12,12,75,56,100,100,50,19,75,25,12,25,75,88,100,100,100,75,19,38,56,56,38,44,19,38,100,31,75,19,50,25,50,38,50,38,50,25,38,25,Championship
Charlton Athletic,2ezfenuwk3y65p8jdbj55xqt0,6x5749al9888agvdb1n3m06ei,D. McNamara,Dan McNamara,27,Defender,Republic of Ireland,Defender,16.0,18.0,4.0,34.0,1.0,0.0,13.0,7.0,1.0,175.0,5.0,1.0,6.0,1.0,0.0,1.0,1.0,0.0,0.0,0.0,1.0,0.0,0.0,0.0,0.0,0.0,77.27,57.14,0.0,0.0,0.0,72.22,60.0,50.0,0.0919274272542945,0.1341037264859126,0.0,2.0,0.0462665899999999,1.0,6.0,6.0,0.26764023,22.0,8.22857142857143,9.257142857142858,2.0571428571428574,17.485714285714288,0.5142857142857143,0.0,6.685714285714286,3.6,0.5142857142857143,2.571428571428572,0.5142857142857143,3.085714285714286,0.5142857142857143,0.0,0.5142857142857143,0.5142857142857143,0.0,0.0,0.0,0.5142857142857143,0.0,0.0,0.0,0.0,0.0,77.27,57.14,0.0,0.0,0.0,72.22,60.0,50.0,0.0472769625879228,0.0689676307641836,0.0,1.0285714285714287,0.0237942462857142,0.5142857142857143,3.085714285714286,3.085714285714286,0.1376435468571428,11.314285714285717,RB/RCB,40,46,72,40,54,18,96,72,42,100,40,92,60,36,92,76,20,50,46,34,38,32,42,52,52,40,58,32,38,46,100,70,36,60,72,36,70,72,58,78,74,72,66,28,36,68,28,56,18,88,68,36,100,36,88,64,36,92,72,20,50,46,32,38,32,42,52,52,40,58,32,38,46,100,70,36,60,68,36,72,64,52,76,72,72,60,Championship
Charlton Athletic,2ezfenuwk3y65p8jdbj55xqt0,8bky4refzk9ds940al5ts4ez9,K. Grant,Karlan Grant,28,Attacker,England,Striker,16.0,23.0,0.0,35.0,4.0,4.0,9.0,1.0,0.0,150.0,1.0,0.0,3.0,3.0,3.0,2.0,0.0,4.0,0.0,1.0,4.0,3.0,4.0,1.0,0.0,0.0,70.0,0.0,40.0,75.0,33.33,52.94,60.0,0.0,0.153213196351852,0.4742110872258339,2.0,10.0,0.28513641,8.0,1.0,2.0,0.4784028099999999,14.0,9.6,13.8,0.0,21.0,2.4,2.4,5.4,0.6,0.0,0.6,0.0,1.7999999999999998,1.7999999999999998,1.7999999999999998,1.2,0.0,2.4,0.0,0.6,2.4,1.7999999999999998,2.4,0.6,0.0,0.0,70.0,0.0,40.0,75.0,33.33,52.94,60.0,0.0,0.0919279178111111,0.2845266523355003,1.2,6.0,0.171081846,4.8,0.6,1.2,0.2870416859999999,8.4,LW,100,75,44,75,62,19,62,50,38,25,19,94,50,100,88,12,19,31,50,19,44,88,81,56,56,25,44,88,81,62,69,88,19,25,75,69,75,75,100,31,44,100,69,100,75,44,75,75,25,81,50,38,25,19,100,50,100,94,12,25,31,44,12,56,88,75,56,56,25,44,88,81,62,69,88,19,25,75,75,88,75,100,38,50,100,69,Championship
Charlton Athletic,2ezfenuwk3y65p8jdbj55xqt0,8u8he2dwkbgjf3yo8jsltq9qt,N. Chalobah,Nathaniel Chalobah,31,Midfielder,England,Midfielder,14.0,20.0,0.0,34.0,1.0,1.0,11.0,2.0,1.0,162.0,4.0,2.0,2.0,1.0,0.0,0.0,1.0,1.0,0.0,0.0,3.0,1.0,0.0,0.0,0.0,0.0,85.0,0.0,0.0,100.0,0.0,61.11,40.0,50.0,0.175595647879591,0.0687141809890115,0.0,1.0,0.0199707,0.0,3.0,3.0,0.0693357799999999,22.0,7.777777777777778,11.11111111111111,0.0,18.88888888888889,0.5555555555555556,0.5555555555555556,6.111111111111111,1.1111111111111112,0.5555555555555556,2.2222222222222223,1.1111111111111112,1.1111111111111112,0.5555555555555556,0.0,0.0,0.5555555555555556,0.5555555555555556,0.0,0.0,1.6666666666666663,0.5555555555555556,0.0,0.0,0.0,0.0,85.0,0.0,0.0,100.0,0.0,61.11,40.0,50.0,0.0975531377108838,0.0381745449938952,0.0,0.5555555555555556,0.0110948333333333,0.0,1.6666666666666663,1.6666666666666663,0.0385198777777777,12.22222222222222,DM/CM,14,20,9,14,43,40,79,39,34,89,56,61,43,24,31,70,43,49,39,86,63,39,47,51,51,54,9,39,84,39,77,71,37,74,51,33,43,39,29,33,30,26,39,6,11,9,6,40,37,83,37,34,83,57,63,43,24,31,71,43,49,39,86,66,39,47,51,51,54,9,39,84,39,77,71,37,74,49,33,37,37,29,26,26,26,37,Championship
Charlton Athletic,2ezfenuwk3y65p8jdbj55xqt0,94jio19h6b7dg11utni9hhcyx,S. Carey,Sonny Carey,25,Midfielder,England,Midfielder,11.0,30.0,0.0,40.0,4.0,6.0,4.0,3.0,0.0,125.0,0.0,0.0,1.0,4.0,3.0,2.0,1.0,6.0,0.0,1.0,5.0,3.0,1.0,1.0,0.0,0.0,95.24,0.0,12.5,50.0,25.0,36.36,33.33,0.0,0.2805966563081717,0.4298542497897228,3.0,4.0,0.1379985299999999,3.0,1.0,7.0,0.1251026,16.0,7.92,21.6,0.0,28.8,2.88,4.32,2.88,2.16,0.0,0.0,0.0,0.72,2.88,2.16,1.44,0.72,4.32,0.0,0.72,3.6,2.16,0.72,0.72,0.0,0.0,95.24,0.0,12.5,50.0,25.0,36.36,33.33,0.0,0.2020295925418836,0.3094950598486004,2.16,2.88,0.0993589415999999,2.16,0.72,5.04,0.090073872,11.52,CM/AM,34,73,14,61,84,89,30,77,25,20,12,46,75,93,88,43,89,45,73,64,91,57,93,50,52,100,14,54,82,71,38,55,12,75,82,98,73,82,95,12,79,39,57,39,79,14,71,86,89,32,82,25,20,12,54,79,96,89,54,89,45,82,75,96,54,96,50,52,100,14,54,82,71,38,55,12,79,93,100,75,89,96,14,86,46,68,Championship
Charlton Athletic,2ezfenuwk3y65p8jdbj55xqt0,97ql3pswnu7lmoawpvlx651t6,B. Koumetio,Billy Koumetio,23,Defender,France,Defender,30.0,12.0,1.0,42.0,0.0,0.0,13.0,15.0,0.0,180.0,1.0,0.0,12.0,2.0,0.0,0.0,2.0,0.0,0.0,0.0,5.0,0.0,0.0,0.0,0.0,0.0,71.19,16.67,0.0,0.0,0.0,72.22,70.59,0.0,0.2916474115109399,0.0,0.0,0.0,0.0,0.0,2.0,0.0,0.03555166,22.0,15.0,6.0,0.5,21.0,0.0,0.0,6.5,7.5,0.0,0.5,0.0,6.0,1.0,0.0,0.0,1.0,0.0,0.0,0.0,2.5,0.0,0.0,0.0,0.0,0.0,71.19,16.67,0.0,0.0,0.0,72.22,70.59,0.0,0.1458237057554699,0.0,0.0,0.0,0.0,0.0,1.0,0.0,0.01777583,11.0,CB,23,29,5,21,32,34,80,80,15,48,16,96,79,45,40,81,35,48,42,93,40,45,49,47,51,10,4,45,40,42,89,83,16,88,38,46,26,26,42,44,15,29,35,18,21,3,17,32,34,76,76,15,42,16,96,77,45,40,79,35,48,42,90,40,45,49,47,51,10,4,45,40,42,89,83,16,85,38,46,26,26,42,44,15,29,35,Championship
Charlton Athletic,2ezfenuwk3y65p8jdbj55xqt0,9c3iyi7y3hdraso115kxmd87p,L. Jones,Lloyd Jones,30,Defender,England,Defender,36.0,5.0,3.0,41.0,0.0,1.0,7.0,12.0,0.0,180.0,1.0,1.0,4.0,3.0,0.0,0.0,3.0,1.0,2.0,3.0,4.0,1.0,0.0,0.0,0.0,0.0,85.42,37.5,0.0,100.0,100.0,58.33,44.44,100.0,0.4333601648879462,0.0,1.0,0.0,0.0,0.0,1.0,1.0,0.0475784999999999,27.0,18.0,2.5,1.5,20.5,0.0,0.5,3.5,6.0,0.0,0.5,0.5,2.0,1.5,0.0,0.0,1.5,0.5,1.0,1.5,2.0,0.5,0.0,0.0,0.0,0.0,85.42,37.5,0.0,100.0,100.0,58.33,44.44,100.0,0.2166800824439731,0.0,0.5,0.0,0.0,0.0,0.5,0.5,0.0237892499999999,13.5,CB,33,4,38,19,32,80,39,61,15,48,45,47,94,45,40,96,81,100,100,81,89,45,49,47,51,56,35,45,94,98,49,29,89,100,38,95,26,26,42,33,32,35,39,25,4,30,15,32,75,30,57,15,42,41,38,91,45,40,92,77,100,100,79,86,45,49,47,51,56,35,45,94,98,49,29,89,96,38,95,26,26,42,32,32,35,39,Championship
Charlton Athletic,2ezfenuwk3y65p8jdbj55xqt0,c9fm58xo515iedprum1zmnp49,C. Coventry,Conor Coventry,26,Midfielder,Republic of Ireland,Midfielder,32.0,38.0,1.0,70.0,0.0,0.0,8.0,3.0,2.0,180.0,1.0,4.0,2.0,0.0,0.0,0.0,0.0,0.0,0.0,0.0,1.0,0.0,0.0,0.0,0.0,0.0,81.4,11.11,0.0,0.0,0.0,72.73,0.0,80.0,0.0,0.0,0.0,0.0,0.0,0.0,0.0,0.0,0.0,0.0,16.0,19.0,0.5,35.0,0.0,0.0,4.0,1.5,1.0,0.5,2.0,1.0,0.0,0.0,0.0,0.0,0.0,0.0,0.0,0.5,0.0,0.0,0.0,0.0,0.0,81.4,11.11,0.0,0.0,0.0,72.73,0.0,80.0,0.0,0.0,0.0,0.0,0.0,0.0,0.0,0.0,0.0,0.0,DM/CM,54,67,23,60,14,11,50,54,59,29,94,61,11,24,31,27,13,49,39,43,23,39,47,51,51,40,19,39,23,39,91,24,71,13,23,33,17,17,29,11,11,11,11,43,53,17,53,14,11,27,49,50,24,84,56,11,24,31,27,13,49,39,30,23,39,47,51,51,40,19,39,23,39,91,24,71,13,23,33,17,17,29,11,11,11,11,Championship
Charlton Athletic,2ezfenuwk3y65p8jdbj55xqt0,cd9o30ebm183hfyfp79flgixh,A. Bell,Amari'i Bell,32,Defender,Jamaica,Defender,21.0,17.0,2.0,38.0,0.0,1.0,9.0,5.0,2.0,180.0,2.0,2.0,2.0,0.0,0.0,0.0,0.0,0.0,0.0,0.0,0.0,0.0,0.0,0.0,0.0,0.0,73.08,28.57,0.0,0.0,0.0,64.29,40.0,40.0,0.0,0.0,0.0,0.0,0.0,0.0,0.0,0.0,0.0,0.0,10.5,8.5,1.0,19.0,0.0,0.5,4.5,2.5,1.0,1.0,1.0,1.0,0.0,0.0,0.0,0.0,0.0,0.0,0.0,0.0,0.0,0.0,0.0,0.0,0.0,73.08,28.57,0.0,0.0,0.0,64.29,40.0,40.0,0.0,0.0,0.0,0.0,0.0,0.0,0.0,0.0,0.0,0.0,LB/LCB,41,24,52,26,22,41,65,52,56,69,61,39,26,33,31,35,13,48,41,17,31,30,46,48,52,33,48,30,31,41,70,50,24,26,24,43,24,24,33,19,19,19,19,30,11,46,22,22,30,57,37,44,59,48,30,26,33,31,35,13,48,41,17,31,30,46,48,52,33,48,30,31,41,70,50,24,26,24,43,24,24,33,19,19,19,19,Championship
Charlton Athletic,2ezfenuwk3y65p8jdbj55xqt0,ebsl5dh99nsoun0lksywr31n8,M. Leaburn,Miles Leaburn,22,Attacker,England,Striker,3.0,2.0,0.0,5.0,0.0,1.0,19.0,2.0,0.0,101.0,3.0,1.0,13.0,1.0,0.0,0.0,1.0,1.0,0.0,0.0,4.0,0.0,0.0,0.0,0.0,0.0,25.0,0.0,0.0,0.0,0.0,63.33,68.42,33.33,0.0905757553761382,0.0,1.0,0.0,0.0,0.0,0.0,0.0,6.527999999999916e-05,2.0,2.6732673267326734,1.7821782178217822,0.0,4.455445544554456,0.0,0.8910891089108911,16.93069306930693,1.7821782178217822,0.0,2.6732673267326734,0.8910891089108911,11.584158415841584,0.8910891089108911,0.0,0.0,0.8910891089108911,0.8910891089108911,0.0,0.0,3.5643564356435644,0.0,0.0,0.0,0.0,0.0,25.0,0.0,0.0,0.0,0.0,63.33,68.42,33.33,0.0807110691470538,0.0,0.8910891089108911,0.0,0.0,0.0,0.0,0.0,5.817029702970222e-05,1.7821782178217822,ST,19,3,31,2,10,27,97,67,36,69,60,97,14,26,25,22,30,30,11,28,22,41,42,51,51,2,31,41,22,11,91,91,51,14,16,59,18,18,26,18,14,7,14,34,5,31,5,10,32,100,76,36,85,69,100,17,26,25,28,34,30,11,43,22,41,42,51,51,2,31,41,22,11,91,91,51,16,16,61,18,18,26,18,14,7,18,Championship
Derby County,3ptd7zlc5isrongig0wij2id4,1sq7flab4olx5b85rryme76xh,C. Morris,Carlton Morris,30,Attacker,England,Striker,14.0,26.0,1.0,40.0,2.0,2.0,17.0,2.0,0.0,178.0,1.0,2.0,13.0,5.0,0.0,2.0,5.0,2.0,1.0,2.0,14.0,1.0,0.0,1.0,0.0,0.0,66.67,50.0,0.0,50.0,40.0,41.46,50.0,100.0,0.8000798897417587,0.1874617829364174,1.0,3.0,0.15591772,0.0,2.0,1.0,0.04861845,7.0,7.078651685393258,13.146067415730336,0.5056179775280899,20.2247191011236,1.0112359550561798,1.0112359550561798,8.595505617977528,1.0112359550561798,0.0,0.5056179775280899,1.0112359550561798,6.573033707865168,2.528089887640449,0.0,1.0112359550561798,2.528089887640449,1.0112359550561798,0.5056179775280899,1.0112359550561798,7.078651685393258,0.5056179775280899,0.0,0.5056179775280899,0.0,0.0,66.67,50.0,0.0,50.0,40.0,41.46,50.0,100.0,0.4045347757121251,0.0947840475521211,0.5056179775280899,1.5168539325842696,0.078834802247191,0.0,1.0112359550561798,0.5056179775280899,0.0245823623595505,3.539325842696629,ST,95,92,68,93,70,49,91,67,36,28,81,97,75,26,83,86,53,73,68,97,60,41,92,51,51,36,72,41,70,60,39,67,89,89,75,59,73,82,26,68,39,50,62,89,82,66,86,59,45,86,57,36,25,75,93,55,26,80,75,45,64,59,91,48,41,89,51,51,36,72,41,70,60,39,67,89,84,64,50,68,75,26,59,34,45,48,Championship
Derby County,3ptd7zlc5isrongig0wij2id4,2bvdj3mlti92jyqvp4ux8j5yh,D. Sanderson,Dion Sanderson,26,Defender,England,Defender,48.0,17.0,2.0,65.0,0.0,0.0,15.0,6.0,0.0,180.0,2.0,2.0,10.0,1.0,0.0,0.0,1.0,0.0,0.0,0.0,4.0,0.0,0.0,0.0,0.0,0.0,82.28,33.33,0.0,0.0,0.0,55.56,55.56,66.67,0.1284546608817005,0.0,0.0,2.0,0.03620728,0.0,4.0,4.0,0.0810909,42.0,24.0,8.5,1.0,32.5,0.0,0.0,7.5,3.0,0.0,1.0,1.0,5.0,0.5,0.0,0.0,0.5,0.0,0.0,0.0,2.0,0.0,0.0,0.0,0.0,0.0,82.28,33.33,0.0,0.0,0.0,55.56,55.56,66.67,0.0642273304408502,0.0,0.0,1.0,0.01810364,0.0,2.0,2.0,0.04054545,21.0,CB,48,35,19,42,32,34,90,24,15,72,74,88,49,45,40,53,35,48,42,81,40,45,49,47,51,35,26,45,40,42,39,53,60,52,38,46,77,75,42,54,56,46,59,42,29,14,34,32,34,85,10,15,66,68,88,44,45,40,49,35,48,42,79,40,45,49,47,51,35,26,45,40,42,39,53,60,48,38,46,76,73,42,54,53,46,59,Championship
Derby County,3ptd7zlc5isrongig0wij2id4,31q177jwvtfisk6irzsu4eiqy,B. Clark,Bobby Clark,21,Midfielder,England,Midfielder,10.0,28.0,3.0,36.0,6.0,11.0,8.0,1.0,1.0,180.0,1.0,1.0,0.0,8.0,1.0,2.0,7.0,11.0,1.0,2.0,13.0,6.0,2.0,1.0,0.0,0.0,78.26,75.0,22.22,54.55,25.0,28.57,0.0,100.0,1.2012854784326523,0.5294221070567653,1.0,3.0,0.08640197,1.0,4.0,2.0,0.2984901399999999,19.0,5.0,14.0,1.5,18.0,3.0,5.5,4.0,0.5,0.5,0.5,0.5,0.0,4.0,0.5,1.0,3.5,5.5,0.5,1.0,6.5,3.0,1.0,0.5,0.0,0.0,78.26,75.0,22.22,54.55,25.0,28.57,0.0,100.0,0.6006427392163262,0.2647110535283826,0.5,1.5,0.043200985,0.5,2.0,1.0,0.1492450699999999,9.5,CM/AM,29,66,64,52,96,100,73,30,61,50,39,14,100,55,88,100,100,93,91,98,100,73,93,50,52,39,84,64,89,71,14,23,86,100,93,64,57,68,45,64,21,86,71,18,57,57,29,93,100,66,18,55,39,25,14,100,45,80,100,100,89,86,96,100,62,86,50,52,39,84,64,89,71,14,23,86,100,82,54,46,57,36,57,18,64,46,Championship
Derby County,3ptd7zlc5isrongig0wij2id4,3q56m7iodtqny26jeqvhwivo5,L. Travis,Lewis Travis,28,Midfielder,England,Midfielder,19.0,46.0,5.0,65.0,0.0,2.0,8.0,5.0,0.0,174.0,0.0,3.0,3.0,1.0,1.0,0.0,0.0,2.0,0.0,0.0,1.0,1.0,0.0,0.0,0.0,0.0,86.67,62.5,0.0,50.0,0.0,36.36,75.0,75.0,0.0563426652576931,0.0,1.0,5.0,0.14260633,2.0,10.0,11.0,0.20467493,39.0,9.827586206896552,23.79310344827586,2.586206896551724,33.62068965517241,0.0,1.0344827586206895,4.137931034482759,2.586206896551724,0.0,0.0,1.5517241379310345,1.5517241379310345,0.5172413793103449,0.5172413793103449,0.0,0.0,1.0344827586206895,0.0,0.0,0.5172413793103449,0.5172413793103449,0.0,0.0,0.0,0.0,86.67,62.5,0.0,50.0,0.0,36.36,75.0,75.0,0.0291427578919102,0.0,0.5172413793103449,2.586206896551724,0.0737618948275862,1.0344827586206895,5.172413793103448,5.689655172413793,0.1058663431034482,20.17241379310345,DM/CM,31,77,87,51,14,67,50,81,13,10,80,76,43,67,31,27,71,49,39,43,63,39,47,51,51,66,86,39,54,39,9,97,61,34,23,81,90,97,84,86,86,77,76,11,69,80,46,14,71,34,74,13,10,71,71,40,60,31,27,71,49,39,40,60,39,47,51,51,66,86,39,54,39,9,97,61,26,23,77,86,89,80,80,80,74,71,Championship
Derby County,3ptd7zlc5isrongig0wij2id4,7loss4i2tdaso5gejo7nxclhx,A. Mowatt,Alex Mowatt,31,Midfielder,England,Midfielder,29.0,49.0,3.0,71.0,4.0,1.0,8.0,5.0,3.0,126.0,0.0,3.0,4.0,0.0,0.0,0.0,0.0,1.0,0.0,0.0,1.0,0.0,7.0,0.0,0.0,0.0,87.65,60.0,53.85,0.0,0.0,57.14,66.67,75.0,0.0,0.58105999724244,0.0,5.0,0.10185955,3.0,7.0,4.0,0.3188265399999999,34.0,20.714285714285715,35.0,2.142857142857143,50.71428571428572,2.857142857142857,0.7142857142857143,5.714285714285714,3.571428571428572,2.142857142857143,0.0,2.142857142857143,2.857142857142857,0.0,0.0,0.0,0.0,0.7142857142857143,0.0,0.0,0.7142857142857143,0.0,5.0,0.0,0.0,0.0,87.65,60.0,53.85,0.0,0.0,57.14,66.67,75.0,0.0,0.4150428551731714,0.0,3.571428571428572,0.0727568214285714,2.142857142857143,5.0,2.857142857142857,0.2277332428571427,24.28571428571429,DM/CM,51,83,59,67,97,40,50,81,83,10,80,87,11,24,31,27,43,49,39,43,23,100,47,51,51,74,80,91,23,39,64,93,61,13,100,33,90,83,96,60,36,94,64,69,91,69,80,100,43,63,89,91,10,89,94,11,24,31,27,49,49,39,51,23,100,47,51,51,74,80,91,23,39,64,93,61,13,100,33,91,86,100,74,43,94,80,Championship
Derby County,3ptd7zlc5isrongig0wij2id4,87kc5hjp3ry2z624wty5h7g4q,O. Fraulo,Oscar Fraulo,22,Midfielder,Denmark,Midfielder,9.0,11.0,0.0,20.0,1.0,1.0,6.0,1.0,0.0,148.0,2.0,1.0,3.0,4.0,1.0,1.0,3.0,1.0,0.0,2.0,6.0,0.0,0.0,0.0,0.0,0.0,74.07,0.0,0.0,0.0,50.0,42.86,42.86,100.0,0.4146316341074417,0.1475163326066993,0.0,0.0,0.0,0.0,1.0,2.0,0.27035798,7.0,5.472972972972973,6.6891891891891895,0.0,12.162162162162163,0.6081081081081081,0.6081081081081081,3.6486486486486487,0.6081081081081081,0.0,1.2162162162162162,0.6081081081081081,1.8243243243243243,2.4324324324324325,0.6081081081081081,0.6081081081081081,1.8243243243243243,0.6081081081081081,0.0,1.2162162162162162,3.6486486486486487,0.0,0.0,0.0,0.0,0.0,74.07,0.0,0.0,0.0,50.0,42.86,42.86,100.0,0.2521408585788497,0.0897058779365063,0.0,0.0,0.0,0.0,0.6081081081081081,1.2162162162162162,0.1644068797297297,4.256756756756757,CM/AM,25,11,14,7,27,32,61,30,25,75,39,86,75,55,64,86,32,45,91,79,29,27,43,50,52,29,14,27,29,84,61,68,86,82,46,25,11,11,16,12,21,71,7,21,7,14,7,29,39,61,25,25,75,34,86,75,57,62,89,39,45,93,79,29,27,43,50,52,29,14,27,29,84,61,68,86,86,46,25,11,11,16,9,25,68,4,Championship
Derby County,3ptd7zlc5isrongig0wij2id4,8cpku3mo35wk9hkbhqgmydh7u,S. Langås,Sondre Langås,25,Defender,Norway,Defender,38.0,25.0,7.0,63.0,0.0,0.0,11.0,7.0,3.0,180.0,1.0,2.0,6.0,0.0,0.0,0.0,0.0,0.0,0.0,0.0,1.0,0.0,0.0,0.0,0.0,0.0,84.0,50.0,0.0,0.0,0.0,61.11,66.67,50.0,0.0,0.0,0.0,0.0,0.0,0.0,0.0,0.0,0.0,0.0,19.0,12.5,3.5,31.5,0.0,0.0,5.5,3.5,1.5,0.5,1.0,3.0,0.0,0.0,0.0,0.0,0.0,0.0,0.0,0.5,0.0,0.0,0.0,0.0,0.0,84.0,50.0,0.0,0.0,0.0,61.11,66.67,50.0,0.0,0.0,0.0,0.0,0.0,0.0,0.0,0.0,0.0,0.0,RB/RCB,76,64,96,76,18,18,82,72,88,50,72,92,22,36,42,30,20,50,46,34,38,32,42,52,52,56,42,32,38,46,78,88,36,22,22,36,22,22,26,18,12,12,12,72,56,92,64,18,18,72,64,82,42,68,82,22,36,42,30,20,50,46,28,38,32,42,52,52,56,42,32,38,46,78,88,36,22,22,36,22,22,26,18,12,12,12,Championship
Derby County,3ptd7zlc5isrongig0wij2id4,9niqvxfgy02wzphokpoh6u66t,C. Taylor,Charlie Taylor,32,Defender,England,Defender,29.0,32.0,6.0,61.0,0.0,0.0,6.0,11.0,3.0,180.0,0.0,1.0,5.0,1.0,1.0,1.0,0.0,0.0,0.0,0.0,3.0,0.0,0.0,0.0,1.0,0.0,81.33,54.55,0.0,0.0,0.0,66.67,62.5,100.0,0.0497234316533015,0.0,0.0,2.0,0.03805479,0.0,6.0,9.0,0.13074646,28.0,14.5,16.0,3.0,30.5,0.0,0.0,3.0,5.5,1.5,0.0,0.5,2.5,0.5,0.5,0.5,0.0,0.0,0.0,0.0,1.5,0.0,0.0,0.0,0.5,0.0,81.33,54.55,0.0,0.0,0.0,66.67,62.5,100.0,0.0248617158266507,0.0,0.0,1.0,0.019027395,0.0,3.0,4.5,0.06537323,14.0,CB,21,69,75,38,32,34,31,55,78,17,45,58,49,94,89,18,35,48,42,64,40,45,49,97,51,31,77,45,40,42,76,65,89,35,38,46,77,77,42,71,79,62,42,15,65,69,27,32,34,24,51,76,17,41,48,44,93,86,18,35,48,42,59,40,45,49,95,51,31,77,45,40,42,76,65,89,35,38,46,76,75,42,70,79,62,42,Championship
Derby County,3ptd7zlc5isrongig0wij2id4,a7p8w57m9ehh3wryxgd1oldzo,M. Johnston,Max Johnston,22,Defender,Scotland,Defender,7.0,8.0,2.0,14.0,1.0,0.0,2.0,6.0,0.0,94.0,0.0,1.0,0.0,1.0,1.0,0.0,0.0,0.0,0.0,0.0,0.0,0.0,1.0,0.0,0.0,0.0,87.5,50.0,25.0,0.0,0.0,33.33,0.0,50.0,0.0747857680222716,0.1258672862177577,0.0,1.0,0.02385149,0.0,1.0,4.0,0.16035787,8.0,6.702127659574468,7.659574468085106,1.9148936170212765,13.404255319148936,0.9574468085106382,0.0,1.9148936170212765,5.74468085106383,0.0,0.0,0.9574468085106382,0.0,0.9574468085106382,0.9574468085106382,0.0,0.0,0.0,0.0,0.0,0.0,0.0,0.9574468085106382,0.0,0.0,0.0,87.5,50.0,25.0,0.0,0.0,33.33,0.0,50.0,0.0716033949149408,0.1205112314850871,0.0,0.9574468085106382,0.0228365329787234,0.0,0.9574468085106382,3.829787234042553,0.1535341308510638,7.659574468085106,CB,4,15,19,4,76,34,4,24,15,17,45,2,49,94,40,18,35,48,42,9,40,93,49,47,51,65,71,90,40,42,9,5,46,38,90,46,60,64,42,33,56,71,27,4,27,40,8,85,34,6,54,15,17,52,2,65,98,40,18,35,48,42,9,40,96,49,47,51,65,71,90,40,42,9,5,46,56,94,46,69,79,42,38,71,85,31,Championship
Lincoln City,b3vbyitzi3nrw9ehj1eoko219,1lgxmhkrkllqcs780ifgpjw4q,D. Jefferies,Dom Jefferies,24,Midfielder,Wales,Midfielder,2.0,7.0,0.0,8.0,1.0,4.0,3.0,0.0,1.0,125.0,1.0,2.0,0.0,3.0,1.0,2.0,2.0,4.0,0.0,0.0,2.0,0.0,1.0,0.0,0.0,0.0,88.89,0.0,25.0,0.0,0.0,37.5,0.0,100.0,0.2519943836006757,0.150401390136508,2.0,0.0,0.0,0.0,1.0,1.0,0.23698006,4.0,1.44,5.04,0.0,5.76,0.72,2.88,2.16,0.0,0.72,0.72,1.44,0.0,2.16,0.72,1.44,1.44,2.88,0.0,0.0,1.44,0.0,0.72,0.0,0.0,0.0,88.89,0.0,25.0,0.0,0.0,37.5,0.0,100.0,0.1814359561924865,0.1082890008982857,1.44,0.0,0.0,0.0,0.72,0.72,0.1706256432,2.88,CM,50,50,75,50,50,50,50,50,100,50,100,50,50,50,50,50,50,50,50,50,50,50,75,75,50,100,75,50,50,50,50,50,75,50,50,75,50,50,75,100,75,100,50,50,50,75,50,50,100,50,50,100,50,100,50,50,50,50,50,100,50,50,50,50,50,75,75,50,100,75,50,50,50,50,50,75,50,50,100,50,50,75,100,100,100,100,Championship
Lincoln City,b3vbyitzi3nrw9ehj1eoko219,24g0rf7o960uai5a4h42d6rkk,D. Elerewe,Deji Elerewe,22,Defender,England,Defender,15.0,6.0,2.0,21.0,0.0,0.0,14.0,13.0,4.0,180.0,3.0,2.0,8.0,1.0,0.0,0.0,1.0,0.0,0.0,0.0,2.0,0.0,0.0,0.0,0.0,0.0,61.76,25.0,0.0,0.0,0.0,58.33,53.33,66.67,0.1542851002265194,0.0,0.0,0.0,0.0,0.0,2.0,2.0,0.10060282,13.0,7.5,3.0,1.0,10.5,0.0,0.0,7.0,6.5,2.0,1.5,1.0,4.0,0.5,0.0,0.0,0.5,0.0,0.0,0.0,1.0,0.0,0.0,0.0,0.0,0.0,61.76,25.0,0.0,0.0,0.0,58.33,53.33,66.67,0.0771425501132597,0.0,0.0,0.0,0.0,0.0,1.0,1.0,0.05030141,6.5,CB,6,7,19,6,32,34,84,68,91,86,74,79,49,45,40,53,35,48,42,44,40,45,49,47,51,4,11,45,40,42,49,47,60,69,38,46,26,26,42,44,40,56,31,6,7,14,4,32,34,81,64,85,80,68,75,44,45,40,49,35,48,42,40,40,45,49,47,51,4,11,45,40,42,49,47,60,65,38,46,26,26,42,44,40,56,29,Championship
Lincoln City,b3vbyitzi3nrw9ehj1eoko219,2iy84h1v8wt8l6prv701uohk9,R. Hackett,Reeco Hackett,28,Midfielder,St. Lucia,Midfielder,4.0,14.0,2.0,15.0,3.0,3.0,2.0,1.0,2.0,109.0,0.0,1.0,1.0,4.0,1.0,1.0,3.0,3.0,1.0,1.0,5.0,0.0,3.0,0.0,0.0,0.0,78.95,50.0,42.86,0.0,25.0,14.29,50.0,100.0,0.4008950321953121,0.3095966831890668,1.0,0.0,0.0,1.0,2.0,2.0,0.1082318999999999,6.0,3.302752293577982,11.559633027522937,1.651376146788991,12.385321100917432,2.4770642201834865,2.4770642201834865,1.651376146788991,0.8256880733944955,1.651376146788991,0.0,0.8256880733944955,0.8256880733944955,3.302752293577982,0.8256880733944955,0.8256880733944955,2.4770642201834865,2.4770642201834865,0.8256880733944955,0.8256880733944955,4.128440366972478,0.0,2.4770642201834865,0.0,0.0,0.0,78.95,50.0,42.86,0.0,25.0,14.29,50.0,100.0,0.3310142467667715,0.2556302888717065,0.8256880733944955,0.0,0.0,0.8256880733944955,1.651376146788991,1.651376146788991,0.0893657889908256,4.954128440366973,RM/RCM,17,25,58,17,79,71,8,46,88,21,21,50,75,42,67,83,79,83,67,71,21,88,46,54,54,67,62,83,21,54,8,71,92,75,83,50,12,12,58,29,12,33,8,17,33,67,33,92,83,8,58,100,21,17,67,92,50,75,92,92,92,75,83,21,92,46,54,54,67,62,83,21,54,8,71,92,100,83,67,12,12,67,33,17,42,17,Championship
Lincoln City,b3vbyitzi3nrw9ehj1eoko219,2v4fvq3mrdtsduf4wb2uag639,T. Darikwa,Tendayi Darikwa,34,Defender,Zimbabwe,Defender,9.0,6.0,3.0,14.0,1.0,1.0,4.0,10.0,2.0,144.0,0.0,1.0,2.0,1.0,0.0,1.0,1.0,1.0,0.0,0.0,2.0,0.0,1.0,1.0,0.0,0.0,60.87,60.0,33.33,0.0,0.0,28.57,40.0,50.0,0.1058042452018016,0.0903241607287402,0.0,0.0,0.0,1.0,2.0,2.0,0.10970064,6.0,5.625,3.75,1.875,8.75,0.625,0.625,2.5,6.25,1.25,0.0,0.625,1.25,0.625,0.0,0.625,0.625,0.625,0.0,0.0,1.25,0.0,0.625,0.625,0.0,0.0,60.87,60.0,33.33,0.0,0.0,28.57,40.0,50.0,0.0661276532511259,0.0564526004554626,0.0,0.0,0.0,0.625,1.25,1.25,0.0685629,3.75,RB/RCB,10,6,50,4,54,52,18,86,64,18,40,36,60,36,92,76,56,50,46,54,38,76,92,52,52,20,66,84,38,46,4,36,36,68,48,36,22,22,58,46,40,36,26,12,4,56,4,60,52,24,88,68,18,44,36,68,36,96,76,56,50,46,56,38,76,88,52,52,20,66,84,38,46,4,36,36,72,52,36,22,22,56,48,36,40,24,Championship
Lincoln City,b3vbyitzi3nrw9ehj1eoko219,43dtg3eg858i3agncnpq3p1wp,B. House,Ben House,27,Attacker,Scotland,Striker,4.0,9.0,2.0,13.0,0.0,3.0,22.0,4.0,2.0,146.0,7.0,4.0,6.0,4.0,0.0,0.0,4.0,3.0,0.0,2.0,8.0,1.0,0.0,0.0,0.0,0.0,72.22,66.67,0.0,33.33,50.0,59.46,46.15,50.0,0.473762154281535,0.0,1.0,0.0,0.0,1.0,0.0,1.0,0.01665471,1.0,2.4657534246575343,5.547945205479452,1.2328767123287672,8.013698630136986,0.0,1.8493150684931507,13.561643835616438,2.4657534246575343,1.2328767123287672,4.315068493150685,2.4657534246575343,3.6986301369863015,2.4657534246575343,0.0,0.0,2.4657534246575343,1.8493150684931507,0.0,1.2328767123287672,4.931506849315069,0.6164383561643836,0.0,0.0,0.0,0.0,72.22,66.67,0.0,33.33,50.0,59.46,46.15,50.0,0.2920451635982065,0.0,0.6164383561643836,0.0,0.0,0.6164383561643836,0.0,0.6164383561643836,0.0102666020547945,0.6164383561643836,ST,36,33,84,30,10,69,100,91,92,99,99,73,61,26,25,78,73,30,68,70,60,41,42,51,51,50,81,41,50,70,82,59,59,73,16,59,18,18,66,18,39,23,7,27,23,84,30,10,64,98,91,93,100,98,73,52,26,25,73,68,30,68,59,55,41,42,51,51,50,81,41,50,70,82,59,59,68,16,55,18,18,70,18,39,23,7,Championship
Lincoln City,b3vbyitzi3nrw9ehj1eoko219,6ru9t59kkjbpa3pwp3qbp6o5x,A. Reach,Adam Reach,33,Midfielder,England,Midfielder,14.0,17.0,6.0,30.0,2.0,1.0,4.0,9.0,2.0,179.0,1.0,0.0,3.0,4.0,2.0,2.0,2.0,1.0,1.0,1.0,2.0,0.0,1.0,0.0,0.0,0.0,71.43,54.55,14.29,0.0,25.0,40.0,75.0,0.0,0.263039781800826,0.1918061609833918,0.0,1.0,0.01870347,1.0,6.0,5.0,0.21337333,16.0,7.039106145251396,8.547486033519553,3.016759776536313,15.083798882681563,1.005586592178771,0.5027932960893855,2.011173184357542,4.5251396648044695,1.005586592178771,0.5027932960893855,0.0,1.5083798882681565,2.011173184357542,1.005586592178771,1.005586592178771,1.005586592178771,0.5027932960893855,0.5027932960893855,0.5027932960893855,1.005586592178771,0.0,0.5027932960893855,0.0,0.0,0.0,71.43,54.55,14.29,0.0,25.0,40.0,75.0,0.0,0.13225463889427,0.0964388518910908,0.0,0.5027932960893855,0.0094039793296089,0.5027932960893855,3.016759776536313,2.5139664804469275,0.1072826798882681,8.044692737430168,LM/LCM,50,12,88,44,50,19,12,100,94,25,38,100,81,94,88,56,19,88,69,12,25,50,50,56,56,31,75,50,25,56,31,100,38,62,50,25,25,25,56,81,44,50,38,50,12,88,25,31,25,12,100,100,19,38,100,75,100,88,56,25,88,75,12,25,38,50,56,56,31,75,50,25,56,31,100,38,62,38,25,25,25,50,88,25,38,25,Championship
Lincoln City,b3vbyitzi3nrw9ehj1eoko219,9kacd96xriqrc23e0a8vzov3e,R. Towler,Ryley Towler,24,Defender,England,Defender,2.0,1.0,1.0,3.0,0.0,0.0,5.0,5.0,3.0,90.0,2.0,0.0,3.0,1.0,0.0,1.0,1.0,0.0,0.0,0.0,2.0,0.0,0.0,0.0,0.0,0.0,75.0,100.0,0.0,0.0,0.0,71.43,75.0,0.0,0.0,0.0,0.0,0.0,0.0,0.0,0.0,0.0,0.0,0.0,2.0,1.0,1.0,3.0,0.0,0.0,5.0,5.0,3.0,2.0,0.0,3.0,1.0,0.0,1.0,1.0,0.0,0.0,0.0,2.0,0.0,0.0,0.0,0.0,0.0,75.0,100.0,0.0,0.0,0.0,71.43,75.0,0.0,0.0,0.0,0.0,0.0,0.0,0.0,0.0,0.0,0.0,0.0,CB,2,2,5,2,32,34,22,15,78,72,16,32,49,45,89,53,35,48,42,44,40,45,49,47,51,15,100,45,40,42,85,86,16,18,38,46,26,26,42,15,15,14,14,2,2,14,2,32,34,48,46,97,92,16,56,77,45,98,79,35,48,42,79,40,45,49,47,51,15,100,45,40,42,85,86,16,18,38,46,26,26,42,15,15,14,14,Championship
Lincoln City,b3vbyitzi3nrw9ehj1eoko219,a6sikfu3j1pp7mlfcdte2inoq,T. Hamer,Tom Hamer,26,Defender,England,Defender,9.0,12.0,2.0,21.0,1.0,0.0,18.0,20.0,2.0,180.0,3.0,1.0,14.0,1.0,0.0,0.0,1.0,0.0,0.0,0.0,4.0,0.0,0.0,0.0,0.0,0.0,58.33,66.67,0.0,0.0,0.0,66.67,66.67,100.0,0.1264380807098658,0.112297787638296,0.0,2.0,0.04347372,0.0,3.0,5.0,0.15491747,14.0,4.5,6.0,1.0,10.5,0.5,0.0,9.0,10.0,1.0,1.5,0.5,7.0,0.5,0.0,0.0,0.5,0.0,0.0,0.0,2.0,0.0,0.0,0.0,0.0,0.0,58.33,66.67,0.0,0.0,0.0,66.67,66.67,100.0,0.0632190403549329,0.056148893819148,0.0,1.0,0.02173686,0.0,1.5,2.5,0.077458735,7.0,RB/RCB,10,28,32,18,54,18,100,100,64,94,40,100,60,36,42,76,20,50,46,82,38,32,42,52,52,8,80,32,38,46,86,88,90,84,52,36,70,64,26,54,64,48,44,8,18,28,8,44,18,100,100,54,94,26,100,52,36,42,64,20,50,46,76,38,32,42,52,52,8,80,32,38,46,86,88,90,68,48,36,66,60,26,52,60,48,40,Championship
Lincoln City,b3vbyitzi3nrw9ehj1eoko219,b6ctnwazqrxkw1639gn3vbahh,C. McGrandles,Conor McGrandles,30,Midfielder,Scotland,Midfielder,16.0,15.0,3.0,30.0,1.0,4.0,12.0,2.0,3.0,180.0,2.0,3.0,1.0,0.0,0.0,0.0,0.0,4.0,0.0,0.0,3.0,3.0,1.0,0.0,0.0,0.0,68.18,50.0,50.0,75.0,0.0,60.0,33.33,50.0,0.0,0.0,0.0,0.0,0.0,0.0,0.0,0.0,0.0,0.0,8.0,7.5,1.5,15.0,0.5,2.0,6.0,1.0,1.5,1.0,1.5,0.5,0.0,0.0,0.0,0.0,2.0,0.0,0.0,1.5,1.5,0.5,0.0,0.0,0.0,68.18,50.0,50.0,75.0,0.0,60.0,33.33,50.0,0.0,0.0,0.0,0.0,0.0,0.0,0.0,0.0,0.0,0.0,DM/CM,20,7,59,6,43,94,89,39,83,51,80,39,11,24,31,27,94,49,39,86,91,84,47,51,51,11,67,89,64,39,71,63,37,13,23,33,17,17,29,11,11,11,11,9,3,44,3,33,87,70,31,66,44,64,29,11,24,31,27,91,49,39,77,87,80,47,51,51,11,67,89,64,39,71,63,37,13,23,33,17,17,29,11,11,11,11,Championship
Lincoln City,b3vbyitzi3nrw9ehj1eoko219,dbwxbxu6sah8hsb0fp1o0mlg4,I. Varfolomeev,Ivan Varfolomeev,22,Midfielder,Ukraine,Midfielder,17.0,15.0,4.0,30.0,2.0,1.0,5.0,5.0,3.0,156.0,1.0,2.0,2.0,1.0,1.0,0.0,0.0,1.0,0.0,0.0,0.0,0.0,2.0,0.0,0.0,0.0,73.17,57.14,25.0,0.0,0.0,41.67,0.0,100.0,0.0450799913830262,0.2292089522979848,1.0,0.0,0.0,0.0,2.0,3.0,0.0412333699999999,12.0,9.807692307692308,8.653846153846153,2.3076923076923075,17.307692307692307,1.1538461538461535,0.5769230769230769,2.8846153846153846,2.8846153846153846,1.7307692307692306,0.5769230769230769,1.1538461538461535,1.1538461538461535,0.5769230769230769,0.5769230769230769,0.0,0.0,0.5769230769230769,0.0,0.0,0.0,0.0,1.1538461538461535,0.0,0.0,0.0,73.17,57.14,25.0,0.0,0.0,41.67,0.0,100.0,0.0260076873363612,0.1322359340180681,0.5769230769230769,0.0,0.0,0.0,1.1538461538461535,1.7307692307692306,0.0237884826923076,6.9230769230769225,CM/AM,71,18,86,32,50,32,46,95,89,50,64,75,27,55,25,11,32,45,32,5,29,73,43,50,52,25,66,68,29,32,54,23,86,11,57,64,11,11,16,32,39,7,29,64,11,79,25,46,36,36,89,86,46,68,71,21,54,25,11,36,45,32,5,29,75,43,50,52,25,66,68,29,32,54,23,86,11,57,61,11,11,16,29,32,7,29,Championship
Lincoln City,b3vbyitzi3nrw9ehj1eoko219,eydnlstoc5zlgqj650v05oums,F. Draper,Freddie Draper,22,Attacker,England,Striker,0.0,10.0,1.0,10.0,2.0,3.0,6.0,1.0,1.0,134.0,0.0,1.0,3.0,3.0,2.0,0.0,1.0,2.0,0.0,2.0,6.0,1.0,0.0,0.0,0.0,0.0,55.56,33.33,0.0,50.0,66.67,23.08,27.27,50.0,0.1452630565895114,0.1579499801011397,2.0,1.0,0.0199707,0.0,1.0,0.0,0.0322097499999999,4.0,0.0,6.716417910447761,0.6716417910447761,6.716417910447761,1.343283582089552,2.014925373134328,4.029850746268656,0.6716417910447761,0.6716417910447761,0.0,0.6716417910447761,2.014925373134328,2.014925373134328,1.343283582089552,0.0,0.6716417910447761,1.343283582089552,0.0,1.343283582089552,4.029850746268656,0.6716417910447761,0.0,0.0,0.0,0.0,55.56,33.33,0.0,50.0,66.67,23.08,27.27,50.0,0.0975647395004181,0.1060858075306162,1.343283582089552,0.6716417910447761,0.0134131567164179,0.0,0.6716417910447761,0.0,0.0216334141791044,2.686567164179104,ST,3,41,68,16,70,69,27,42,80,10,60,60,41,85,25,22,53,30,68,48,60,41,42,51,51,16,64,41,70,81,9,34,59,20,73,83,47,40,26,47,14,39,34,3,41,73,14,81,68,33,48,83,10,66,59,47,84,25,22,57,30,80,45,64,41,42,51,51,16,64,41,70,81,9,34,59,18,73,86,49,41,26,50,14,41,32,Championship
Middlesbrough,cq0jd5ztepqjjeikk5trb15vr,33ci88veciqvd4w5y145dyooa,K. Joseph,Kyle Joseph,24,Attacker,Scotland,Striker,4.0,15.0,0.0,19.0,2.0,4.0,8.0,2.0,0.0,101.0,3.0,1.0,3.0,1.0,0.0,0.0,1.0,4.0,0.0,1.0,6.0,0.0,0.0,0.0,0.0,0.0,65.52,0.0,0.0,0.0,100.0,42.11,50.0,50.0,0.1417495488411396,0.1141277633231916,0.0,6.0,0.17582445,3.0,2.0,2.0,0.0392703,6.0,3.5643564356435644,13.366336633663366,0.0,16.93069306930693,1.7821782178217822,3.5643564356435644,7.128712871287129,1.7821782178217822,0.0,2.6732673267326734,0.8910891089108911,2.6732673267326734,0.8910891089108911,0.0,0.0,0.8910891089108911,3.5643564356435644,0.0,0.8910891089108911,5.346534653465347,0.0,0.0,0.0,0.0,0.0,65.52,0.0,0.0,0.0,100.0,42.11,50.0,50.0,0.1263114791653719,0.1016980069216558,0.0,5.346534653465347,0.1566752524752475,2.6732673267326734,1.7821782178217822,1.7821782178217822,0.0349933366336633,5.346534653465347,ST,36,66,31,65,70,80,49,67,36,69,60,60,14,26,25,22,80,30,38,48,22,41,42,51,51,34,31,41,22,93,43,67,59,18,52,24,91,89,97,68,60,43,55,55,84,31,82,86,91,75,76,36,85,69,66,17,26,25,28,91,30,45,64,22,41,42,51,51,34,31,41,22,93,43,67,59,25,68,24,98,100,98,77,70,50,68,Championship
Middlesbrough,cq0jd5ztepqjjeikk5trb15vr,48x7ll37uv2jck8ibaenqk3ro,M. Arfsten,Max Arfsten,25,Defender,USA,Defender,26.0,44.0,0.0,68.0,2.0,7.0,15.0,5.0,0.0,104.0,0.0,3.0,3.0,2.0,1.0,2.0,1.0,7.0,0.0,0.0,5.0,6.0,2.0,0.0,0.0,0.0,87.18,0.0,22.22,85.71,0.0,71.43,50.0,50.0,0.1228342833257754,0.1646673420563144,1.0,3.0,0.08579923,1.0,3.0,5.0,0.17048441,24.0,22.500000000000004,38.07692307692308,0.0,58.846153846153854,1.7307692307692308,6.057692307692308,12.980769230769232,4.3269230769230775,0.0,0.0,2.5961538461538463,2.5961538461538463,1.7307692307692308,0.8653846153846154,1.7307692307692308,0.8653846153846154,6.057692307692308,0.0,0.0,4.3269230769230775,5.1923076923076925,1.7307692307692308,0.0,0.0,0.0,87.18,0.0,22.22,85.71,0.0,71.43,50.0,50.0,0.106298899031921,0.1425005844718105,0.8653846153846154,2.5961538461538463,0.0742493336538461,0.8653846153846154,2.5961538461538463,4.3269230769230775,0.1475345855769231,20.76923076923077,LB/LCB,56,83,9,74,61,100,96,52,9,17,91,61,83,81,96,76,100,48,41,96,100,78,46,48,52,85,9,81,81,41,85,61,37,74,63,93,70,74,72,61,65,67,63,85,96,9,100,85,100,100,74,9,17,100,70,89,93,100,81,100,48,41,100,100,85,46,48,52,85,9,81,81,41,85,61,37,81,74,100,93,96,78,63,78,81,78,Championship
Middlesbrough,cq0jd5ztepqjjeikk5trb15vr,537yyv46hctf4ig8h7x63cokq,A. Malanda,Adilson Malanda,24,Defender,France,Defender,89.0,74.0,1.0,163.0,1.0,3.0,15.0,14.0,1.0,180.0,1.0,1.0,11.0,2.0,0.0,0.0,2.0,3.0,0.0,1.0,5.0,1.0,0.0,0.0,0.0,0.0,92.09,25.0,0.0,33.33,50.0,68.18,84.62,50.0,0.236717846404848,0.0,0.0,1.0,0.02385149,1.0,13.0,9.0,0.2366774199999999,110.0,44.5,37.0,0.5,81.5,0.5,1.5,7.5,7.0,0.5,0.5,0.5,5.5,1.0,0.0,0.0,1.0,1.5,0.0,0.5,2.5,0.5,0.0,0.0,0.0,0.0,92.09,25.0,0.0,33.33,50.0,68.18,84.62,50.0,0.118358923202424,0.0,0.0,0.5,0.011925745,0.5,6.5,4.5,0.1183387099999999,55.0,CB,92,96,5,96,76,97,90,74,43,48,45,93,79,45,40,81,98,48,90,93,89,45,49,47,51,85,11,45,80,92,79,98,46,83,38,46,60,64,85,90,79,83,94,85,92,3,94,73,97,85,70,38,42,41,93,77,45,40,79,98,48,90,90,86,45,49,47,51,85,11,45,80,92,79,98,46,81,38,46,58,62,84,90,79,77,92,Championship
Middlesbrough,cq0jd5ztepqjjeikk5trb15vr,54b4j04ondrq28e4eenma1rai,S. Berhalter,Sebastian Berhalter,25,Midfielder,USA,Midfielder,26.0,80.0,4.0,101.0,4.0,0.0,3.0,2.0,0.0,167.0,1.0,0.0,1.0,4.0,3.0,3.0,1.0,0.0,0.0,0.0,5.0,0.0,5.0,0.0,1.0,0.0,84.87,40.0,27.78,0.0,0.0,37.5,33.33,0.0,0.279983057559968,0.4059097475928018,3.0,7.0,0.1826282799999999,2.0,15.0,18.0,0.4451093199999999,64.0,14.011976047904191,43.113772455089816,2.155688622754491,54.431137724550894,2.155688622754491,0.0,1.616766467065868,1.0778443113772456,0.0,0.5389221556886228,0.0,0.5389221556886228,2.155688622754491,1.616766467065868,1.616766467065868,0.5389221556886228,0.0,0.0,0.0,2.694610778443113,0.0,2.694610778443113,0.0,0.5389221556886228,0.0,84.87,40.0,27.78,0.0,0.0,37.5,33.33,0.0,0.1508890729365097,0.2187537561877374,1.616766467065868,3.772455089820359,0.0984224263473053,1.0778443113772456,8.08383233532934,9.70059880239521,0.2398792742514969,34.49101796407186,CM/AM,89,100,86,100,84,12,20,57,25,50,12,46,75,93,98,43,12,45,32,64,29,100,43,100,52,79,36,75,29,32,45,55,12,71,75,98,91,96,75,98,100,96,100,89,96,75,96,75,12,14,54,25,43,12,36,68,86,93,36,12,45,32,61,29,100,43,100,52,79,36,75,29,32,45,55,12,61,71,96,89,86,64,96,96,93,100,Championship
Middlesbrough,cq0jd5ztepqjjeikk5trb15vr,5bdvton4u0cb8zryxg58oa221,C. Brittain,Callum Brittain,28,Defender,England,Defender,42.0,66.0,5.0,107.0,2.0,7.0,11.0,6.0,0.0,180.0,1.0,1.0,3.0,2.0,0.0,0.0,2.0,7.0,0.0,0.0,7.0,5.0,1.0,0.0,0.0,0.0,88.43,50.0,11.11,71.43,0.0,45.83,50.0,50.0,0.1552677491908834,0.1325194217879194,1.0,5.0,0.1023829,2.0,9.0,9.0,0.23721971,35.0,21.0,33.0,2.5,53.5,1.0,3.5,5.5,3.0,0.0,0.5,0.5,1.5,1.0,0.0,0.0,1.0,3.5,0.0,0.0,3.5,2.5,0.5,0.0,0.0,0.0,88.43,50.0,11.11,71.43,0.0,45.83,50.0,50.0,0.0776338745954417,0.0662597108939597,0.5,2.5,0.05119145,1.0,4.5,4.5,0.118609855,17.5,RB/RCB,86,92,86,88,86,98,82,64,18,50,40,60,88,36,42,96,100,50,46,96,100,76,42,52,52,80,42,68,88,46,48,48,36,92,68,84,90,84,76,92,90,64,84,82,92,74,88,82,94,72,54,18,42,26,46,78,36,42,96,96,50,46,96,100,68,42,52,52,80,42,68,88,46,48,48,36,84,64,74,90,84,72,86,88,60,76,Championship
Middlesbrough,cq0jd5ztepqjjeikk5trb15vr,983mn5yig2f4upkq9e97hx87p,L. Ayling,Luke Ayling,35,Defender,England,Defender,90.0,94.0,8.0,182.0,4.0,4.0,8.0,3.0,1.0,180.0,2.0,2.0,3.0,2.0,1.0,0.0,1.0,3.0,0.0,0.0,2.0,1.0,2.0,0.0,0.0,0.0,92.39,61.54,28.57,33.33,0.0,44.44,37.5,100.0,0.1916345913700756,0.4048908276080551,1.0,11.0,0.23890797,5.0,21.0,25.0,0.7870074199999997,140.0,45.0,47.0,4.0,91.0,2.0,2.0,4.0,1.5,0.5,1.0,1.0,1.5,1.0,0.5,0.0,0.5,1.5,0.0,0.0,1.0,0.5,1.0,0.0,0.0,0.0,92.39,61.54,28.57,33.33,0.0,44.44,37.5,100.0,0.0958172956850378,0.2024454138040275,0.5,5.5,0.119453985,2.5,10.5,12.5,0.3935037099999998,70.0,CB,94,100,90,100,100,100,48,4,43,72,74,32,79,94,40,53,98,48,42,44,89,98,49,47,51,90,85,94,80,42,19,25,89,73,98,95,100,100,98,98,98,100,100,88,100,89,100,99,100,36,2,38,66,68,25,77,93,40,49,98,48,42,40,86,98,49,47,51,90,85,94,80,42,19,25,89,73,98,95,100,100,96,94,96,100,100,Championship
Middlesbrough,cq0jd5ztepqjjeikk5trb15vr,a0tgok5roew54rmf6szq64fmc,W. Lankshear,Will Lankshear,21,Attacker,England,Striker,5.0,24.0,1.0,29.0,2.0,1.0,6.0,1.0,0.0,180.0,1.0,0.0,4.0,9.0,0.0,4.0,9.0,1.0,2.0,3.0,13.0,1.0,0.0,0.0,0.0,0.0,82.86,100.0,0.0,100.0,33.33,35.29,57.14,0.0,1.1550815468777675,0.0913211662783963,0.0,2.0,0.04790334,1.0,4.0,3.0,0.06104154,9.0,2.5,12.0,0.5,14.5,1.0,0.5,3.0,0.5,0.0,0.5,0.0,2.0,4.5,0.0,2.0,4.5,0.5,1.0,1.5,6.5,0.5,0.0,0.0,0.0,0.0,82.86,100.0,0.0,100.0,33.33,35.29,57.14,0.0,0.5775407734388838,0.0456605831391981,0.0,1.0,0.02395167,0.5,2.0,1.5,0.03052077,4.5,ST,50,86,68,82,70,27,27,42,36,28,24,68,99,26,97,100,30,94,88,90,60,41,42,51,51,84,94,41,93,45,26,81,24,98,48,24,64,61,66,92,80,52,76,31,75,61,73,53,20,18,30,36,22,24,57,91,26,93,95,23,86,85,83,44,41,42,51,51,84,94,41,93,45,26,81,24,95,39,24,60,57,55,84,62,48,64,Championship
Middlesbrough,cq0jd5ztepqjjeikk5trb15vr,a9qoqaop3g6wk5cxm9fwaevsa,A. Morris,Aidan Morris,24,Midfielder,USA,Midfielder,39.0,69.0,5.0,108.0,1.0,0.0,6.0,0.0,1.0,90.0,3.0,3.0,0.0,4.0,4.0,4.0,0.0,0.0,0.0,0.0,1.0,0.0,0.0,0.0,0.0,0.0,93.1,100.0,0.0,0.0,0.0,50.0,0.0,100.0,0.2766558211179526,0.0,3.0,4.0,0.07675743,2.0,13.0,15.0,0.2693688799999999,71.0,39.0,69.0,5.0,108.0,1.0,0.0,6.0,0.0,1.0,3.0,3.0,0.0,4.0,4.0,4.0,0.0,0.0,0.0,0.0,1.0,0.0,0.0,0.0,0.0,0.0,93.1,100.0,0.0,0.0,0.0,50.0,0.0,100.0,0.2766558211179526,0.0,3.0,4.0,0.07675743,2.0,13.0,15.0,0.2693688799999999,71.0,DM/CM,69,97,87,97,43,11,24,6,34,74,80,13,99,100,100,27,13,49,39,43,23,39,47,51,51,100,99,39,23,39,44,24,89,91,23,100,80,69,84,94,100,89,97,100,100,100,100,66,11,70,6,50,93,97,13,100,100,100,27,13,49,39,67,23,39,47,51,51,100,99,39,23,39,44,24,89,97,23,100,97,91,96,100,100,97,100,Championship
Middlesbrough,cq0jd5ztepqjjeikk5trb15vr,ady374prjuht3fs9va8n303jd,M. Whittaker,Morgan Whittaker,25,Attacker,England,Striker,13.0,59.0,1.0,69.0,8.0,2.0,11.0,1.0,0.0,179.0,2.0,3.0,1.0,6.0,3.0,2.0,3.0,2.0,0.0,2.0,11.0,2.0,3.0,1.0,0.0,0.0,88.46,100.0,30.0,100.0,33.33,61.11,0.0,50.0,0.4377683329875478,0.6990884833669608,3.0,9.0,0.24743128,2.0,1.0,5.0,0.27535564,24.0,6.536312849162011,29.664804469273744,0.5027932960893855,34.6927374301676,4.022346368715084,1.005586592178771,5.5307262569832405,0.5027932960893855,0.0,1.005586592178771,1.5083798882681565,0.5027932960893855,3.016759776536313,1.5083798882681565,1.005586592178771,1.5083798882681565,1.005586592178771,0.0,1.005586592178771,5.5307262569832405,1.005586592178771,1.5083798882681565,0.5027932960893855,0.0,0.0,88.46,100.0,30.0,100.0,33.33,61.11,0.0,50.0,0.2201069830663648,0.3514970028102037,1.5083798882681565,4.5251396648044695,0.1244067888268156,1.005586592178771,0.5027932960893855,2.5139664804469275,0.1384469698324022,12.067039106145252,ST,92,100,68,99,100,49,76,42,36,48,92,28,85,97,83,59,53,30,68,83,85,100,92,51,51,95,94,89,93,45,89,12,59,68,100,98,99,100,88,47,94,89,95,82,100,64,98,100,43,48,32,36,39,89,20,70,89,77,45,43,30,57,73,80,100,86,51,51,95,94,89,93,45,89,12,59,48,100,91,95,95,86,43,89,86,95,Championship
Millwall,40d2qd8lr1tgsvmg5l1fzaf4o,1w4wz4w7gbuxzjrwka5c6kjbp,J. Cooper,Jake Cooper,31,Defender,England,Defender,64.0,39.0,7.0,103.0,2.0,0.0,8.0,15.0,4.0,180.0,1.0,0.0,6.0,1.0,0.0,0.0,1.0,0.0,0.0,0.0,4.0,0.0,0.0,1.0,0.0,0.0,83.06,38.89,0.0,0.0,0.0,80.0,85.71,0.0,0.1054554149346182,0.2001069331477986,0.0,2.0,0.03371192,0.0,9.0,8.0,0.2576922699999999,72.0,32.0,19.5,3.5,51.5,1.0,0.0,4.0,7.5,2.0,0.5,0.0,3.0,0.5,0.0,0.0,0.5,0.0,0.0,0.0,2.0,0.0,0.0,0.5,0.0,0.0,83.06,38.89,0.0,0.0,0.0,80.0,85.71,0.0,0.0527277074673091,0.1000534665738993,0.0,1.0,0.01685596,0.0,4.5,4.0,0.1288461349999999,36.0,CB,66,78,84,75,92,34,48,80,91,48,16,66,49,45,40,53,35,48,42,81,40,45,99,47,51,42,40,45,40,42,98,100,16,44,94,46,77,71,42,79,74,85,84,55,74,82,65,90,34,36,76,85,42,16,56,44,45,40,49,35,48,42,79,40,45,99,47,51,42,40,45,40,42,98,100,16,42,92,46,76,69,42,79,74,81,81,Championship
Millwall,40d2qd8lr1tgsvmg5l1fzaf4o,4e1aqvw3hyaqccwxrec2rwe3u,Z. Sturge,Zak Sturge,22,Defender,England,Defender,19.0,30.0,7.0,47.0,0.0,3.0,10.0,4.0,3.0,172.0,3.0,3.0,2.0,0.0,0.0,0.0,0.0,3.0,0.0,0.0,2.0,0.0,2.0,0.0,0.0,0.0,74.6,53.85,18.18,0.0,0.0,66.67,0.0,60.0,0.0,0.0,0.0,0.0,0.0,0.0,0.0,0.0,0.0,0.0,9.941860465116278,15.69767441860465,3.6627906976744176,24.59302325581396,0.0,1.569767441860465,5.232558139534883,2.093023255813953,1.569767441860465,1.569767441860465,1.569767441860465,1.0465116279069766,0.0,0.0,0.0,0.0,1.569767441860465,0.0,0.0,1.0465116279069766,0.0,1.0465116279069766,0.0,0.0,0.0,74.6,53.85,18.18,0.0,0.0,66.67,0.0,60.0,0.0,0.0,0.0,0.0,0.0,0.0,0.0,0.0,0.0,0.0,LB/LCB,33,63,89,44,22,87,78,39,83,89,91,39,26,33,31,35,87,48,41,72,31,78,46,48,52,37,83,72,31,41,78,9,48,26,24,43,24,24,33,19,19,19,19,26,59,89,37,22,85,78,30,74,85,85,37,26,33,31,35,85,48,41,70,31,74,46,48,52,37,83,72,31,41,78,9,48,26,24,43,24,24,33,19,19,19,19,Championship
Millwall,40d2qd8lr1tgsvmg5l1fzaf4o,552cgdv8qya776at130r2d0mi,C. Taylor,Caleb Taylor,23,Defender,England,Defender,85.0,26.0,5.0,111.0,1.0,0.0,15.0,16.0,1.0,180.0,2.0,1.0,10.0,3.0,0.0,1.0,3.0,0.0,0.0,1.0,6.0,0.0,0.0,0.0,0.0,0.0,90.98,71.43,0.0,0.0,33.33,62.5,62.5,33.33,0.3498187936320277,0.0,0.0,0.0,0.0,0.0,5.0,5.0,0.1425342599999999,80.0,42.5,13.0,2.5,55.5,0.5,0.0,7.5,8.0,0.5,1.0,0.5,5.0,1.5,0.0,0.5,1.5,0.0,0.0,0.5,3.0,0.0,0.0,0.0,0.0,0.0,90.98,71.43,0.0,0.0,33.33,62.5,62.5,33.33,0.1749093968160138,0.0,0.0,0.0,0.0,0.0,2.5,2.5,0.0712671299999999,40.0,CB,88,58,64,81,76,34,90,86,43,72,45,88,94,45,89,96,35,48,90,99,40,45,49,47,51,77,90,45,40,85,61,65,36,92,38,46,26,26,42,64,66,67,88,83,56,55,71,73,34,85,82,38,66,41,88,91,45,86,92,35,48,90,97,40,45,49,47,51,77,90,45,40,85,61,65,36,90,38,46,26,26,42,62,62,65,83,Championship
Millwall,40d2qd8lr1tgsvmg5l1fzaf4o,5curv1gquatwkxsin86fghvkk,C. Neghli,Camiel Neghli,24,Midfielder,Algeria,Midfielder,27.0,44.0,5.0,69.0,7.0,1.0,4.0,5.0,0.0,180.0,0.0,1.0,2.0,6.0,2.0,2.0,4.0,1.0,0.0,1.0,7.0,1.0,2.0,1.0,0.0,0.0,85.19,71.43,25.0,100.0,16.67,28.57,33.33,100.0,0.5024446861123791,0.6204128901052097,2.0,6.0,0.19145853,1.0,8.0,12.0,0.3585965499999999,36.0,13.5,22.0,2.5,34.5,3.5,0.5,2.0,2.5,0.0,0.0,0.5,1.0,3.0,1.0,1.0,2.0,0.5,0.0,0.5,3.5,0.5,1.0,0.5,0.0,0.0,85.19,71.43,25.0,100.0,16.67,28.57,33.33,100.0,0.2512223430561895,0.3102064450526048,1.0,3.0,0.095729265,0.5,4.0,6.0,0.1792982749999999,18.0,ST,100,98,100,99,98,27,15,98,36,10,60,45,85,85,83,78,30,30,38,58,60,98,92,51,51,89,84,84,93,25,14,47,89,77,98,83,91,93,66,100,100,95,100,100,95,98,95,98,20,14,94,36,10,49,39,67,78,74,65,23,30,23,41,44,98,84,51,51,89,84,84,93,25,14,47,89,55,98,70,83,80,55,100,98,91,98,Championship
Millwall,40d2qd8lr1tgsvmg5l1fzaf4o,5pafzbbuucga9ut20l6ckj7u2,J. Coburn,Josh Coburn,23,Attacker,England,Striker,1.0,14.0,0.0,14.0,4.0,0.0,10.0,1.0,0.0,161.0,3.0,0.0,7.0,6.0,0.0,1.0,6.0,0.0,2.0,4.0,16.0,0.0,1.0,0.0,0.0,0.0,48.28,0.0,25.0,0.0,66.67,50.0,70.0,0.0,0.838890954345821,0.4008326349463956,0.0,0.0,0.0,1.0,2.0,3.0,0.24240211,8.0,0.5590062111801242,7.826086956521738,0.0,7.826086956521738,2.2360248447204967,0.0,5.590062111801242,0.5590062111801242,0.0,1.6770186335403725,0.0,3.913043478260869,3.354037267080745,0.0,0.5590062111801242,3.354037267080745,0.0,1.1180124223602483,2.2360248447204967,8.944099378881987,0.0,0.5590062111801242,0.0,0.0,0.0,48.28,0.0,25.0,0.0,66.67,50.0,70.0,0.0,0.4689452539821359,0.2240679325787304,0.0,0.0,0.0,0.5590062111801242,1.1180124223602483,1.6770186335403725,0.1355042850931677,4.472049689440993,ST,7,61,31,38,93,9,68,42,36,69,24,78,85,26,61,89,10,94,97,100,22,89,42,51,51,11,31,84,22,81,61,94,24,93,93,24,18,18,66,68,80,84,69,7,48,31,25,91,9,50,34,36,61,24,75,75,26,52,86,10,91,93,100,22,84,42,51,51,11,31,84,22,81,61,94,24,91,91,24,18,18,61,64,66,84,61,Championship
Millwall,40d2qd8lr1tgsvmg5l1fzaf4o,6cbmv64s014sx9nyc4gev61w4,K. Lisbie,Kyrell Lisbie,22,Attacker,England,Striker,6.0,16.0,0.0,22.0,1.0,5.0,8.0,1.0,2.0,139.0,1.0,2.0,2.0,7.0,0.0,5.0,7.0,5.0,0.0,1.0,13.0,2.0,0.0,0.0,0.0,0.0,73.33,0.0,0.0,40.0,14.29,44.44,50.0,66.67,0.6916355632094546,0.1459939930332384,2.0,4.0,0.15494278,0.0,2.0,2.0,0.26711566,7.0,3.884892086330935,10.359712230215829,0.0,14.244604316546765,0.6474820143884892,3.237410071942446,5.179856115107913,0.6474820143884892,1.2949640287769784,0.6474820143884892,1.2949640287769784,1.2949640287769784,4.532374100719425,0.0,3.237410071942446,4.532374100719425,3.237410071942446,0.0,0.6474820143884892,8.417266187050359,1.2949640287769784,0.0,0.0,0.0,0.0,73.33,0.0,0.0,40.0,14.29,44.44,50.0,66.67,0.4478215876895749,0.0945284846977802,1.2949640287769784,2.5899280575539567,0.1003226633093525,0.0,1.2949640287769784,1.2949640287769784,0.1729525856115107,4.532374100719425,ST,62,70,31,68,36,86,49,42,92,28,81,45,91,26,100,93,88,30,38,90,85,41,42,51,51,57,31,41,57,23,48,67,67,84,61,83,78,80,26,68,60,86,62,57,70,31,70,32,81,43,43,95,32,80,50,93,26,100,98,83,30,32,95,82,41,42,51,51,57,31,41,57,23,48,67,67,89,61,78,80,84,26,70,57,89,66,Championship
Millwall,40d2qd8lr1tgsvmg5l1fzaf4o,73z9v9oz73hlmnswrzp860yj9,C. De Norre,Casper De Norre,29,Midfielder,Belgium,Midfielder,44.0,47.0,9.0,90.0,0.0,1.0,6.0,4.0,2.0,176.0,0.0,2.0,0.0,2.0,1.0,1.0,1.0,1.0,0.0,0.0,3.0,1.0,1.0,0.0,0.0,0.0,86.54,60.0,100.0,100.0,0.0,42.86,0.0,40.0,0.1708559617522341,0.0,1.0,5.0,0.10203987,1.0,16.0,14.0,0.3056471299999999,45.0,22.5,24.03409090909091,4.602272727272728,46.02272727272727,0.0,0.5113636363636364,3.0681818181818183,2.0454545454545454,1.0227272727272727,0.0,1.0227272727272727,0.0,1.0227272727272727,0.5113636363636364,0.5113636363636364,0.5113636363636364,0.5113636363636364,0.0,0.0,1.5340909090909092,0.5113636363636364,0.5113636363636364,0.0,0.0,0.0,86.54,60.0,100.0,100.0,0.0,42.86,0.0,40.0,0.0873695258960288,0.0,0.5113636363636364,2.556818181818182,0.0521794789772727,0.5113636363636364,8.181818181818182,7.159090909090909,0.156296827840909,23.01136363636364,DM/CM,90,80,100,86,14,40,24,67,59,10,56,13,74,67,79,70,43,49,39,86,63,84,47,51,51,60,80,99,84,39,19,24,27,69,23,81,90,86,66,100,97,91,83,76,71,97,77,14,31,11,66,60,10,51,13,71,57,77,69,37,49,39,80,57,86,47,51,51,60,80,99,84,39,19,24,27,66,23,74,83,77,66,94,97,83,77,Championship
Millwall,40d2qd8lr1tgsvmg5l1fzaf4o,7nlijkywjl13h3ks132026iok,T. Arconte,Taïryk Arconte,22,Attacker,Guadeloupe,Striker,3.0,8.0,0.0,11.0,1.0,3.0,9.0,1.0,1.0,135.0,5.0,1.0,2.0,5.0,2.0,1.0,3.0,2.0,2.0,2.0,7.0,1.0,0.0,0.0,0.0,0.0,73.33,0.0,0.0,50.0,40.0,56.25,33.33,100.0,0.4792720098783054,0.1119242130223642,2.0,0.0,0.0,0.0,0.0,1.0,0.27680805,3.0,2.0,5.333333333333333,0.0,7.333333333333333,0.6666666666666666,2.0,6.0,0.6666666666666666,0.6666666666666666,3.333333333333333,0.6666666666666666,1.3333333333333333,3.333333333333333,1.3333333333333333,0.6666666666666666,2.0,1.3333333333333333,1.3333333333333333,1.3333333333333333,4.666666666666667,0.6666666666666666,0.0,0.0,0.0,0.0,73.33,0.0,0.0,50.0,40.0,56.25,33.33,100.0,0.3195146732522036,0.0746161420149094,1.3333333333333333,0.0,0.0,0.0,0.0,0.6666666666666666,0.1845387,2.0,ST,19,26,31,22,36,69,60,42,80,93,60,45,75,85,61,59,53,94,68,58,60,41,42,51,51,57,31,41,70,60,75,47,89,75,50,83,18,18,26,18,39,91,23,16,16,31,20,34,66,61,45,78,93,64,52,73,82,60,65,52,98,76,57,58,41,42,51,51,57,31,41,70,60,75,47,89,75,52,83,18,18,26,18,41,93,23,Championship
Millwall,40d2qd8lr1tgsvmg5l1fzaf4o,9l8ghxhcvlizjnbibnkg0549h,R. Leonard,Ryan Leonard,34,Defender,England,Defender,28.0,27.0,6.0,52.0,1.0,1.0,7.0,5.0,0.0,90.0,1.0,1.0,4.0,1.0,0.0,1.0,1.0,1.0,0.0,0.0,4.0,1.0,3.0,0.0,0.0,0.0,71.23,40.0,50.0,100.0,0.0,77.78,80.0,100.0,0.0793933478314598,0.1180239513675646,0.0,1.0,0.06442595,0.0,7.0,8.0,0.3200015,27.0,28.0,27.0,6.0,52.0,1.0,1.0,7.0,5.0,0.0,1.0,1.0,4.0,1.0,0.0,1.0,1.0,1.0,0.0,0.0,4.0,1.0,3.0,0.0,0.0,0.0,71.23,40.0,50.0,100.0,0.0,77.78,80.0,100.0,0.0793933478314598,0.1180239513675646,0.0,1.0,0.06442595,0.0,7.0,8.0,0.3200015,27.0,RM/RCM,79,58,96,67,25,21,42,92,12,54,21,92,17,17,67,42,25,38,25,50,58,88,46,54,54,25,46,92,92,25,100,100,92,17,33,12,38,67,25,67,67,75,67,100,100,100,100,38,29,100,100,12,67,46,100,33,17,92,62,38,38,25,71,75,100,46,54,54,25,46,92,92,25,100,100,92,42,67,12,54,83,25,92,100,100,100,Championship
Millwall,40d2qd8lr1tgsvmg5l1fzaf4o,acxwj28vkxzoyd0kuzizsmadw,J. Metcalfe,Jenson Metcalfe,21,Midfielder,England,Midfielder,21.0,18.0,3.0,36.0,4.0,2.0,7.0,1.0,0.0,141.0,0.0,2.0,2.0,5.0,2.0,2.0,3.0,2.0,0.0,0.0,3.0,0.0,3.0,1.0,0.0,0.0,70.59,75.0,27.27,0.0,0.0,35.0,40.0,40.0,0.4225689995589213,0.4398937446142535,1.0,3.0,0.06436293,1.0,2.0,3.0,0.28223722,14.0,13.404255319148936,11.48936170212766,1.9148936170212767,22.97872340425532,2.5531914893617023,1.2765957446808511,4.468085106382979,0.6382978723404256,0.0,0.0,1.2765957446808511,1.2765957446808511,3.191489361702128,1.2765957446808511,1.2765957446808511,1.9148936170212767,1.2765957446808511,0.0,0.0,1.9148936170212767,0.0,1.9148936170212767,0.6382978723404256,0.0,0.0,70.59,75.0,27.27,0.0,0.0,35.0,40.0,40.0,0.2697248933354816,0.2807832412431405,0.6382978723404256,1.9148936170212767,0.0410827212765957,0.6382978723404256,1.2765957446808511,1.9148936170212767,0.1801514170212766,8.936170212765958,CM/AM,79,29,64,52,84,46,68,30,25,20,64,75,86,79,88,86,50,45,32,43,29,89,93,50,52,18,84,71,29,32,32,64,29,86,86,64,57,43,45,32,39,79,41,86,29,64,46,82,43,71,32,25,20,71,79,89,79,86,93,46,45,32,36,29,89,89,50,52,18,84,71,29,32,32,64,29,89,86,68,54,46,43,32,36,75,43,Championship
Millwall,40d2qd8lr1tgsvmg5l1fzaf4o,e9j1r70xh3lz11vo7dz2ds3bp,M. Sykes,Mark Sykes,29,Midfielder,Republic of Ireland,Midfielder,16.0,26.0,3.0,39.0,3.0,4.0,5.0,1.0,1.0,116.0,0.0,3.0,1.0,1.0,1.0,0.0,0.0,3.0,0.0,0.0,6.0,1.0,3.0,0.0,0.0,0.0,79.59,60.0,60.0,33.33,0.0,50.0,50.0,100.0,0.0618866881359811,0.4001253885272493,1.0,3.0,0.11750672,0.0,6.0,6.0,0.3693655499999999,23.0,12.413793103448276,20.17241379310345,2.327586206896552,30.25862068965517,2.327586206896552,3.103448275862069,3.879310344827586,0.7758620689655172,0.7758620689655172,0.0,2.327586206896552,0.7758620689655172,0.7758620689655172,0.7758620689655172,0.0,0.0,2.327586206896552,0.0,0.0,4.655172413793103,0.7758620689655172,2.327586206896552,0.0,0.0,0.0,79.59,60.0,60.0,33.33,0.0,50.0,50.0,100.0,0.048015533898606,0.3104421117883831,0.7758620689655172,2.327586206896552,0.0911690068965517,0.0,4.655172413793103,4.655172413793103,0.2865767198275861,17.844827586206897,RM/RCM,50,46,75,42,79,88,25,46,46,21,75,50,17,42,21,12,79,38,25,83,58,88,46,54,54,75,83,100,42,25,54,71,92,8,92,50,75,92,25,58,50,92,58,67,67,75,58,83,100,33,50,58,21,92,58,17,42,21,12,83,38,25,92,58,83,46,54,54,75,83,100,42,25,54,71,92,8,92,58,83,92,25,75,67,92,67,Championship
Norwich City,suz80crpy3anixyzccmu6jzp,1329qhvvxpp6j4q5esh4n3hii,M. Touré,Mohamed Touré,22,Attacker,Australia,Striker,4.0,10.0,0.0,14.0,2.0,2.0,7.0,0.0,0.0,176.0,3.0,0.0,3.0,3.0,0.0,1.0,3.0,2.0,0.0,1.0,13.0,1.0,0.0,0.0,0.0,0.0,70.0,0.0,0.0,50.0,33.33,41.18,50.0,0.0,0.3564212167563257,0.1941126799426177,2.0,0.0,0.0,0.0,1.0,2.0,0.0260394399999999,5.0,2.0454545454545454,5.113636363636364,0.0,7.159090909090909,1.0227272727272727,1.0227272727272727,3.5795454545454546,0.0,0.0,1.5340909090909092,0.0,1.5340909090909092,1.5340909090909092,0.0,0.5113636363636364,1.5340909090909092,1.0227272727272727,0.0,0.5113636363636364,6.647727272727273,0.5113636363636364,0.0,0.0,0.0,0.0,70.0,0.0,0.0,50.0,33.33,41.18,50.0,0.0,0.1822608494776665,0.0992621658797476,1.0227272727272727,0.0,0.0,0.0,0.5113636363636364,1.0227272727272727,0.0133156227272726,2.556818181818182,ST,36,41,31,38,70,49,39,15,36,69,24,60,41,26,61,59,53,30,38,90,60,41,42,51,51,39,31,41,70,45,36,67,24,50,77,83,18,18,26,47,60,34,45,23,14,31,18,61,48,23,15,36,57,24,55,34,26,50,48,48,30,25,86,50,41,42,51,51,39,31,41,70,45,36,67,24,36,66,75,18,18,26,45,52,30,25,Championship
Norwich City,suz80crpy3anixyzccmu6jzp,1wmfn9bky6owvj3jc4iftsxnu,B. Chrisene,Ben Chrisene,22,Defender,England,Defender,31.0,27.0,3.0,58.0,0.0,1.0,9.0,8.0,2.0,180.0,2.0,2.0,2.0,0.0,0.0,0.0,0.0,1.0,0.0,0.0,1.0,0.0,0.0,0.0,0.0,0.0,76.32,50.0,0.0,0.0,0.0,60.0,40.0,40.0,0.0,0.0,0.0,0.0,0.0,0.0,0.0,0.0,0.0,0.0,15.5,13.5,1.5,29.0,0.0,0.5,4.5,4.0,1.0,1.0,1.0,1.0,0.0,0.0,0.0,0.0,0.5,0.0,0.0,0.5,0.0,0.0,0.0,0.0,0.0,76.32,50.0,0.0,0.0,0.0,60.0,40.0,40.0,0.0,0.0,0.0,0.0,0.0,0.0,0.0,0.0,0.0,0.0,LB/LCB,63,59,61,57,22,41,65,74,56,69,61,39,26,33,31,35,44,48,41,48,31,30,46,48,52,48,74,30,31,41,59,50,24,26,24,43,24,24,33,19,19,19,19,59,48,59,46,22,30,57,61,44,59,48,30,26,33,31,35,33,48,41,37,31,30,46,48,52,48,74,30,31,41,59,50,24,26,24,43,24,24,33,19,19,19,19,Championship
Norwich City,suz80crpy3anixyzccmu6jzp,4w81878nkgucue9xq5zt37yp6,J. Córdoba,José Córdoba,25,Defender,Panama,Defender,60.0,46.0,4.0,106.0,0.0,0.0,2.0,7.0,2.0,154.0,1.0,0.0,1.0,1.0,0.0,0.0,1.0,0.0,0.0,0.0,1.0,0.0,0.0,0.0,1.0,0.0,84.8,26.67,0.0,0.0,0.0,18.18,25.0,0.0,0.1110540101778869,0.0,0.0,0.0,0.0,0.0,11.0,11.0,0.2191774,72.0,35.064935064935064,26.883116883116884,2.337662337662338,61.94805194805195,0.0,0.0,1.168831168831169,4.090909090909091,1.168831168831169,0.5844155844155845,0.0,0.5844155844155845,0.5844155844155845,0.0,0.0,0.5844155844155845,0.0,0.0,0.0,0.5844155844155845,0.0,0.0,0.0,0.5844155844155845,0.0,84.8,26.67,0.0,0.0,0.0,18.18,25.0,0.0,0.064901694259804,0.0,0.0,0.0,0.0,0.0,6.428571428571429,6.428571428571429,0.1280906883116883,42.07792207792208,CB,60,88,53,77,32,34,4,33,65,48,16,7,49,45,40,53,35,48,42,26,40,45,49,97,51,50,15,45,40,42,4,14,16,48,38,46,26,26,42,85,84,79,84,65,85,50,79,32,34,4,35,71,54,16,8,62,45,40,69,35,48,42,27,40,45,49,98,51,50,15,45,40,42,4,14,16,50,38,46,26,26,42,88,88,79,85,Championship
Norwich City,suz80crpy3anixyzccmu6jzp,61mthil4f8vk7oo4uigi4uxre,A. Ben Slimane,Anis Ben Slimane,25,Midfielder,Tunisia,Midfielder,7.0,15.0,1.0,22.0,2.0,3.0,2.0,5.0,2.0,132.0,0.0,1.0,1.0,1.0,0.0,1.0,1.0,2.0,0.0,0.0,2.0,0.0,0.0,0.0,0.0,0.0,78.57,50.0,0.0,0.0,0.0,22.22,33.33,100.0,0.0853435665013114,0.1299666637777806,0.0,3.0,0.06309078,3.0,3.0,2.0,0.27329061,9.0,4.772727272727273,10.227272727272728,0.6818181818181819,15.000000000000002,1.3636363636363638,2.0454545454545454,1.3636363636363638,3.409090909090909,1.3636363636363638,0.0,0.6818181818181819,0.6818181818181819,0.6818181818181819,0.0,0.6818181818181819,0.6818181818181819,1.3636363636363638,0.0,0.0,1.3636363636363638,0.0,0.0,0.0,0.0,0.0,78.57,50.0,0.0,0.0,0.0,22.22,33.33,100.0,0.0581887953418032,0.0886136343939413,0.0,2.0454545454545454,0.0430164409090909,2.0454545454545454,2.0454545454545454,1.3636363636363638,0.1863345068181818,6.136363636363637,CM/AM,14,18,39,11,50,61,11,95,80,20,39,46,27,21,64,43,50,45,32,23,29,27,43,50,52,43,52,27,29,32,4,55,86,21,39,25,57,39,95,52,21,75,16,14,25,46,14,61,68,11,96,82,20,43,48,34,21,70,48,54,45,32,21,29,27,43,50,52,43,52,27,29,32,4,55,86,21,43,25,64,54,93,61,29,79,21,Championship
Norwich City,suz80crpy3anixyzccmu6jzp,6eeqjr5cqfksw9mgx1b3vvnpx,K. McLean,Kenny McLean,34,Midfielder,Scotland,Midfielder,53.0,54.0,8.0,103.0,5.0,0.0,9.0,2.0,1.0,180.0,6.0,3.0,0.0,3.0,2.0,0.0,1.0,0.0,0.0,1.0,1.0,0.0,4.0,0.0,0.0,0.0,83.06,50.0,33.33,0.0,33.33,60.0,0.0,100.0,0.1760835934691736,0.4990058146163874,1.0,5.0,0.11160189,4.0,9.0,13.0,0.6094211899999998,62.0,26.5,27.0,4.0,51.5,2.5,0.0,4.5,1.0,0.5,3.0,1.5,0.0,1.5,1.0,0.0,0.5,0.0,0.0,0.5,0.5,0.0,2.0,0.0,0.0,0.0,83.06,50.0,33.33,0.0,33.33,60.0,0.0,100.0,0.0880417967345868,0.2495029073081937,0.5,2.5,0.055800945,2.0,4.5,6.5,0.3047105949999999,31.0,DM/CM,100,89,97,93,100,11,64,39,34,100,80,13,90,91,31,70,13,49,89,43,23,97,47,51,51,46,67,84,23,83,71,24,89,77,97,81,90,91,100,76,94,100,94,91,80,94,84,97,11,43,31,27,93,64,13,81,90,31,60,13,49,83,30,23,97,47,51,51,46,67,84,23,83,71,24,89,69,97,69,80,80,96,61,91,100,91,Championship
Norwich City,suz80crpy3anixyzccmu6jzp,8h1n2t5gh4w25tb9sf1pn7p5g,K. Fisher,Kellen Fisher,22,Defender,England,Defender,25.0,19.0,2.0,44.0,0.0,1.0,14.0,6.0,4.0,150.0,4.0,5.0,3.0,5.0,2.0,2.0,3.0,0.0,0.0,2.0,3.0,0.0,0.0,0.0,1.0,0.0,74.58,33.33,0.0,0.0,40.0,56.0,37.5,71.43,0.41119913683729,0.0,2.0,5.0,0.1131225699999999,1.0,5.0,4.0,0.06514843,17.0,15.0,11.4,1.2,26.4,0.0,0.6,8.4,3.6,2.4,2.4,3.0,1.7999999999999998,3.0,1.2,1.2,1.7999999999999998,0.0,0.0,1.2,1.7999999999999998,0.0,0.0,0.0,0.6,0.0,74.58,33.33,0.0,0.0,40.0,56.0,37.5,71.43,0.246719482102374,0.0,1.2,3.0,0.0678735419999999,0.6,3.0,2.4,0.0390890579999999,10.2,CB,17,40,19,23,32,80,84,24,91,96,99,32,100,100,100,96,35,48,98,64,40,45,49,97,51,12,26,45,40,88,42,25,70,98,38,100,96,98,85,64,56,38,33,18,44,23,23,32,85,94,23,92,98,100,29,100,100,100,98,35,48,98,71,40,45,49,100,51,12,26,45,40,88,42,25,70,100,38,100,95,96,88,70,58,42,33,Championship
Norwich City,suz80crpy3anixyzccmu6jzp,bplpqy3ierwlm12d1f3prue7e,P. Mattsson,Pelle Mattsson,25,Midfielder,Denmark,Midfielder,22.0,19.0,2.0,41.0,3.0,1.0,9.0,1.0,3.0,116.0,5.0,2.0,1.0,2.0,0.0,0.0,2.0,1.0,0.0,1.0,5.0,1.0,0.0,0.0,0.0,0.0,75.93,50.0,0.0,100.0,50.0,42.86,25.0,100.0,0.2925855009698794,0.2547976957716816,0.0,1.0,0.10805102,1.0,3.0,3.0,0.09605756,23.0,17.068965517241377,14.741379310344827,1.5517241379310345,31.810344827586206,2.327586206896552,0.7758620689655172,6.982758620689655,0.7758620689655172,2.327586206896552,3.879310344827586,1.5517241379310345,0.7758620689655172,1.5517241379310345,0.0,0.0,1.5517241379310345,0.7758620689655172,0.0,0.7758620689655172,3.879310344827586,0.7758620689655172,0.0,0.0,0.0,0.0,75.93,50.0,0.0,100.0,50.0,42.86,25.0,100.0,0.2270059921318029,0.1976878674090633,0.0,0.7758620689655172,0.0838326879310344,0.7758620689655172,2.327586206896552,2.327586206896552,0.0745274172413793,17.844827586206897,DM/CM,40,13,37,31,93,40,64,19,83,96,56,39,74,24,31,94,43,49,89,100,63,39,47,51,51,23,67,39,84,90,19,51,89,94,94,33,43,89,66,33,30,31,47,49,34,57,40,94,46,91,20,94,100,71,43,86,24,31,97,51,49,94,100,77,39,47,51,51,23,67,39,84,90,19,51,89,94,94,33,46,97,71,37,34,49,54,Championship
Norwich City,suz80crpy3anixyzccmu6jzp,bzbs68yvjb8lsqs6qwserqicq,A. Brooks,Andre Brooks,23,Midfielder,Jamaica,Midfielder,4.0,16.0,2.0,20.0,2.0,5.0,10.0,0.0,1.0,152.0,1.0,4.0,0.0,4.0,2.0,1.0,2.0,5.0,0.0,0.0,4.0,3.0,0.0,0.0,0.0,0.0,71.43,100.0,0.0,60.0,0.0,45.45,0.0,66.67,0.4827348475408673,0.1197480922835345,1.0,1.0,0.02756312,0.0,3.0,5.0,0.08254722,7.0,2.3684210526315788,9.473684210526317,1.1842105263157894,11.842105263157896,1.1842105263157894,2.960526315789474,5.921052631578948,0.0,0.5921052631578947,0.5921052631578947,2.3684210526315788,0.0,2.3684210526315788,1.1842105263157894,0.5921052631578947,1.1842105263157894,2.960526315789474,0.0,0.0,2.3684210526315788,1.7763157894736843,0.0,0.0,0.0,0.0,71.43,100.0,0.0,60.0,0.0,45.45,0.0,66.67,0.2858298439386714,0.070903475694198,0.5921052631578947,0.5921052631578947,0.0163202684210526,0.0,1.7763157894736843,2.960526315789474,0.0488766434210526,4.144736842105263,RM/RCM,17,33,58,33,46,100,75,17,46,54,96,17,75,71,67,71,100,38,25,50,96,29,46,54,54,33,100,29,67,25,42,21,58,92,42,50,38,33,25,42,42,25,17,8,25,58,17,58,92,67,17,33,50,100,17,58,75,58,75,100,38,25,42,100,29,46,54,54,33,100,29,67,25,42,21,58,83,42,50,33,33,25,42,33,25,8,Championship
Norwich City,suz80crpy3anixyzccmu6jzp,z7zqjo07fa4i5o2k8ry7dskp,H. Darling,Harry Darling,27,Defender,England,Defender,70.0,24.0,5.0,94.0,0.0,1.0,8.0,13.0,0.0,180.0,0.0,0.0,8.0,2.0,1.0,1.0,1.0,1.0,0.0,0.0,3.0,0.0,0.0,0.0,0.0,0.0,85.45,38.46,0.0,0.0,0.0,47.06,80.0,0.0,0.1430496508769194,0.0,1.0,1.0,0.01689528,0.0,7.0,3.0,0.1150691899999999,56.0,35.0,12.0,2.5,47.0,0.0,0.5,4.0,6.5,0.0,0.0,0.0,4.0,1.0,0.5,0.5,0.5,0.5,0.0,0.0,1.5,0.0,0.0,0.0,0.0,0.0,85.45,38.46,0.0,0.0,0.0,47.06,80.0,0.0,0.0715248254384597,0.0,0.5,0.5,0.00844764,0.0,3.5,1.5,0.0575345949999999,28.0,CB,71,55,64,67,32,80,48,68,15,17,16,79,79,94,89,53,81,48,42,64,40,45,49,47,51,58,38,45,40,42,24,93,16,60,38,95,60,54,42,75,47,60,72,62,49,55,56,32,75,36,64,15,17,16,75,77,93,86,49,77,48,42,59,40,45,49,47,51,58,38,45,40,42,24,93,16,54,38,95,58,54,42,74,47,60,72,Championship
Portsmouth,80jtkz2echk6yyyb9e2595cxr,102xw59l2wg2jsd03w6vkgine,C. Shaughnessy,Conor Shaughnessy,30,Defender,Republic of Ireland,Defender,51.0,37.0,2.0,88.0,1.0,0.0,11.0,21.0,0.0,180.0,3.0,0.0,7.0,2.0,0.0,0.0,2.0,0.0,0.0,0.0,3.0,0.0,0.0,0.0,0.0,0.0,87.13,40.0,0.0,0.0,0.0,68.75,63.64,0.0,0.2725243127785989,0.0633924047184264,0.0,2.0,0.0478667,2.0,5.0,12.0,0.20691087,68.0,25.5,18.5,1.0,44.0,0.5,0.0,5.5,10.5,0.0,1.5,0.0,3.5,1.0,0.0,0.0,1.0,0.0,0.0,0.0,1.5,0.0,0.0,0.0,0.0,0.0,87.13,40.0,0.0,0.0,0.0,68.75,63.64,0.0,0.1362621563892994,0.0316962023592132,0.0,1.0,0.02393335,1.0,2.5,6.0,0.103455435,34.0,CB,53,73,19,62,76,34,69,94,15,86,16,72,79,45,40,81,35,48,42,64,40,45,49,47,51,62,44,45,40,42,81,69,16,85,79,46,77,81,91,64,88,77,79,44,69,14,52,73,34,54,92,15,80,16,68,77,45,40,79,35,48,42,59,40,45,49,47,51,62,44,45,40,42,81,69,16,83,77,46,76,81,91,62,85,75,77,Championship
Portsmouth,80jtkz2echk6yyyb9e2595cxr,1s6yn52hlqtmmz4lerscf457u,R. Shein,Rocco Shein,23,Midfielder,Estonia,Midfielder,19.0,36.0,5.0,55.0,0.0,3.0,5.0,4.0,0.0,148.0,1.0,1.0,2.0,2.0,2.0,1.0,0.0,3.0,0.0,1.0,0.0,0.0,0.0,0.0,0.0,0.0,85.94,71.43,0.0,0.0,50.0,31.25,0.0,33.33,0.1134535477361561,0.0,2.0,8.0,0.1747132699999999,2.0,7.0,10.0,0.1837340599999999,29.0,11.554054054054054,21.89189189189189,3.040540540540541,33.445945945945944,0.0,1.8243243243243243,3.040540540540541,2.4324324324324325,0.0,0.6081081081081081,0.6081081081081081,1.2162162162162162,1.2162162162162162,1.2162162162162162,0.6081081081081081,0.0,1.8243243243243243,0.0,0.6081081081081081,0.0,0.0,0.0,0.0,0.0,0.0,85.94,71.43,0.0,0.0,50.0,31.25,0.0,33.33,0.0689920222719868,0.0,1.2162162162162162,4.864864864864865,0.106244556081081,1.2162162162162162,4.256756756756757,6.081081081081082,0.1117301716216215,17.635135135135137,CM/AM,75,84,98,86,9,61,46,88,25,50,39,75,52,79,64,11,66,45,73,5,29,27,43,50,52,82,75,27,29,84,18,23,25,32,9,88,100,93,75,86,91,64,88,71,82,100,79,9,57,50,86,25,50,34,75,50,75,62,11,64,45,77,5,29,27,43,50,52,82,75,27,29,84,18,23,25,32,9,93,93,93,70,82,93,61,82,Championship
Portsmouth,80jtkz2echk6yyyb9e2595cxr,53g522ox4zpljnu57fcf4meei,A. Segečić,Adrian Segecic,22,Midfielder,Croatia,Midfielder,10.0,22.0,0.0,29.0,4.0,5.0,10.0,1.0,0.0,180.0,5.0,1.0,1.0,8.0,3.0,3.0,5.0,5.0,1.0,2.0,9.0,3.0,3.0,0.0,0.0,1.0,76.32,0.0,42.86,60.0,25.0,62.5,50.0,100.0,0.6757756027404159,0.5339548127201332,2.0,3.0,0.08363598,0.0,0.0,1.0,0.04196294,5.0,5.0,11.0,0.0,14.5,2.0,2.5,5.0,0.5,0.0,2.5,0.5,0.5,4.0,1.5,1.5,2.5,2.5,0.5,1.0,4.5,1.5,1.5,0.0,0.0,0.5,76.32,0.0,42.86,60.0,25.0,62.5,50.0,100.0,0.3378878013702079,0.2669774063600666,1.0,1.5,0.04181799,0.0,0.0,0.5,0.02098147,2.5,CM,100,100,75,100,100,100,100,100,50,100,50,100,100,100,100,100,100,100,100,100,100,100,75,75,100,50,75,100,100,100,100,100,75,100,100,75,100,100,75,50,75,50,100,100,100,75,100,100,50,100,100,50,100,50,100,100,100,100,100,50,100,100,100,100,100,75,75,100,50,75,100,100,100,100,100,75,100,100,50,100,100,75,50,50,50,50,Championship
Portsmouth,80jtkz2echk6yyyb9e2595cxr,6d9maq3oecwobp2t2220vf4r9,C. Bishop,Colby Bishop,29,Attacker,England,Striker,7.0,18.0,2.0,24.0,4.0,1.0,15.0,3.0,0.0,180.0,4.0,1.0,10.0,3.0,0.0,0.0,3.0,1.0,0.0,3.0,11.0,0.0,1.0,0.0,0.0,0.0,60.0,100.0,50.0,0.0,100.0,38.46,40.0,100.0,0.3555926008938461,0.5092971782035398,0.0,2.0,0.08564724,2.0,0.0,1.0,0.45629308,8.0,3.5,9.0,1.0,12.0,2.0,0.5,7.5,1.5,0.0,2.0,0.5,5.0,1.5,0.0,0.0,1.5,0.5,0.0,1.5,5.5,0.0,0.5,0.0,0.0,0.0,60.0,100.0,50.0,0.0,100.0,38.46,40.0,100.0,0.177796300446923,0.2546485891017699,0.0,1.0,0.04282362,1.0,0.0,0.5,0.22814654,4.0,ST,72,77,84,74,93,27,88,83,36,86,60,90,41,26,25,59,30,30,88,83,22,89,42,51,51,27,94,92,22,93,31,56,89,45,95,24,64,68,88,18,39,98,69,52,66,78,50,89,20,80,69,36,69,49,82,31,26,25,42,23,30,85,70,22,82,42,51,51,27,94,92,22,93,31,56,89,34,95,24,60,68,83,18,30,98,52,Championship
Portsmouth,80jtkz2echk6yyyb9e2595cxr,73mz7xafzid0mvbi59kb9u0dm,A. Kamara,Abu Kamara,23,Attacker,England,Striker,10.0,22.0,1.0,32.0,6.0,2.0,9.0,2.0,1.0,151.0,4.0,1.0,4.0,4.0,2.0,1.0,2.0,2.0,0.0,1.0,5.0,0.0,0.0,1.0,0.0,0.0,84.21,100.0,0.0,0.0,25.0,64.29,80.0,100.0,0.3076490809810827,0.5439607577349307,3.0,4.0,0.1880176499999999,3.0,1.0,3.0,0.34761406,12.0,5.960264900662252,13.112582781456954,0.5960264900662251,19.072847682119203,3.576158940397351,1.1920529801324502,5.364238410596027,1.1920529801324502,0.5960264900662251,2.3841059602649004,0.5960264900662251,2.3841059602649004,2.3841059602649004,1.1920529801324502,0.5960264900662251,1.1920529801324502,1.1920529801324502,0.0,0.5960264900662251,2.980132450331126,0.0,0.0,0.5960264900662251,0.0,0.0,84.21,100.0,0.0,0.0,25.0,64.29,80.0,100.0,0.1833670019092545,0.3242150211665149,1.7880794701986755,2.3841059602649004,0.1120634999999999,1.7880794701986755,0.5960264900662251,1.7880794701986755,0.2071871880794702,7.152317880794702,RW,78,44,50,56,78,33,78,78,78,94,44,94,89,100,78,61,33,44,61,56,22,22,94,56,56,67,89,22,22,56,89,100,78,78,78,89,67,67,78,39,44,78,50,78,22,44,56,89,22,78,78,78,100,33,100,89,100,78,56,22,44,67,56,22,22,100,56,56,67,89,22,22,56,89,100,78,78,78,89,67,67,67,22,44,78,44,Championship
Portsmouth,80jtkz2echk6yyyb9e2595cxr,7qy8by5ysig5af425m7tl4aac,R. Kavuma-McQueen,Ryan Kavuma-McQueen,17,Attacker,England,Striker,7.0,10.0,2.0,17.0,1.0,3.0,11.0,2.0,1.0,103.0,1.0,2.0,1.0,4.0,1.0,1.0,3.0,3.0,1.0,2.0,4.0,3.0,0.0,0.0,0.0,0.0,80.95,66.67,0.0,100.0,50.0,68.75,33.33,33.33,0.2211411809123653,0.0,2.0,2.0,0.04282587,2.0,1.0,3.0,0.04412846,4.0,6.116504854368932,8.737864077669903,1.7475728155339807,14.854368932038836,0.8737864077669903,2.621359223300971,9.611650485436892,1.7475728155339807,0.8737864077669903,0.8737864077669903,1.7475728155339807,0.8737864077669903,3.4951456310679614,0.8737864077669903,0.8737864077669903,2.621359223300971,2.621359223300971,0.8737864077669903,1.7475728155339807,3.4951456310679614,2.621359223300971,0.0,0.0,0.0,0.0,80.95,66.67,0.0,100.0,50.0,68.75,33.33,33.33,0.1932301580787657,0.0,1.7475728155339807,1.7475728155339807,0.0374206631067961,1.7475728155339807,0.8737864077669903,2.621359223300971,0.0385588485436893,3.4951456310679614,ST,72,41,84,56,36,69,76,67,80,28,81,28,61,65,61,59,73,73,68,28,93,41,42,51,51,75,81,41,93,70,98,47,51,30,16,83,64,57,88,47,80,45,34,80,64,93,75,41,73,93,73,86,36,93,30,77,70,68,80,75,80,91,39,98,41,42,51,51,75,81,41,93,70,98,47,51,41,16,93,73,61,93,55,91,52,45,Championship
Portsmouth,80jtkz2echk6yyyb9e2595cxr,8gm7yexdkebkw32rabbh2o55g,B. Arthur,Benjamin Arthur,20,Defender,England,Defender,24.0,15.0,4.0,39.0,0.0,0.0,8.0,11.0,1.0,108.0,1.0,2.0,4.0,0.0,0.0,0.0,0.0,0.0,0.0,0.0,1.0,0.0,0.0,0.0,0.0,0.0,78.0,44.44,0.0,0.0,0.0,61.54,50.0,66.67,0.0,0.0,0.0,0.0,0.0,0.0,0.0,0.0,0.0,0.0,20.0,12.5,3.333333333333333,32.5,0.0,0.0,6.666666666666667,9.166666666666668,0.8333333333333334,0.8333333333333334,1.6666666666666667,3.333333333333333,0.0,0.0,0.0,0.0,0.0,0.0,0.0,0.8333333333333334,0.0,0.0,0.0,0.0,0.0,78.0,44.44,0.0,0.0,0.0,61.54,50.0,66.67,0.0,0.0,0.0,0.0,0.0,0.0,0.0,0.0,0.0,0.0,CB,15,33,53,17,32,34,48,55,43,48,74,47,16,45,40,18,35,48,42,26,40,45,49,47,51,21,61,45,40,42,57,36,60,18,38,46,26,26,42,15,15,14,14,29,52,79,34,32,34,79,88,52,56,96,62,16,45,40,18,35,48,42,29,40,45,49,47,51,21,61,45,40,42,57,36,60,18,38,46,26,26,42,15,15,14,14,Championship
Portsmouth,80jtkz2echk6yyyb9e2595cxr,8m1ccd5sp0zpygjsunq7cmpgq,T. Devlin,Terry Devlin,22,Midfielder,Northern Ireland,Midfielder,28.0,36.0,6.0,63.0,2.0,2.0,13.0,8.0,2.0,180.0,3.0,4.0,5.0,2.0,2.0,1.0,0.0,2.0,1.0,1.0,0.0,0.0,1.0,0.0,0.0,0.0,79.75,66.67,33.33,0.0,50.0,72.22,0.0,66.67,0.0999247187670116,0.0511927991283925,2.0,2.0,0.05075401,2.0,9.0,11.0,0.3140460400000001,30.0,14.0,18.0,3.0,31.5,1.0,1.0,6.5,4.0,1.0,1.5,2.0,2.5,1.0,1.0,0.5,0.0,1.0,0.5,0.5,0.0,0.0,0.5,0.0,0.0,0.0,79.75,66.67,33.33,0.0,50.0,72.22,0.0,66.67,0.0499623593835058,0.0255963995641962,1.0,1.0,0.025377005,1.0,4.5,5.5,0.15702302,15.0,RM/RCM,79,75,96,75,46,46,100,100,88,88,96,100,38,71,67,12,50,83,67,8,21,58,46,54,54,83,92,67,21,83,83,21,58,25,25,88,62,50,79,79,92,67,75,75,58,92,67,38,29,83,92,79,88,75,92,33,58,46,12,38,75,50,8,21,58,46,54,54,83,92,67,21,83,83,21,58,17,25,88,54,42,75,62,83,58,58,Championship
Portsmouth,80jtkz2echk6yyyb9e2595cxr,ano65cbqb9vqdaa1v8oy5gid,E. Adams,Ebou Adams,30,Midfielder,Gambia,Midfielder,24.0,34.0,4.0,58.0,2.0,1.0,10.0,4.0,2.0,115.0,3.0,3.0,3.0,1.0,1.0,0.0,0.0,1.0,1.0,1.0,1.0,0.0,0.0,1.0,0.0,0.0,90.62,57.14,0.0,0.0,100.0,62.5,0.0,75.0,0.0442689466609632,0.1153763603749313,1.0,4.0,0.10184715,2.0,9.0,8.0,0.2336917499999999,22.0,18.782608695652176,26.60869565217392,3.130434782608696,45.39130434782609,1.565217391304348,0.782608695652174,7.82608695652174,3.130434782608696,1.565217391304348,2.347826086956522,2.347826086956522,2.347826086956522,0.782608695652174,0.782608695652174,0.0,0.0,0.782608695652174,0.782608695652174,0.782608695652174,0.782608695652174,0.0,0.0,0.782608695652174,0.0,0.0,90.62,57.14,0.0,0.0,100.0,62.5,0.0,75.0,0.034645262604232,0.0902945429021201,0.782608695652174,3.130434782608696,0.0797064652173913,1.565217391304348,7.043478260869565,6.260869565217392,0.1828891956521738,17.217391304347828,DM/CM,44,59,77,46,74,40,74,67,59,74,80,76,43,67,31,27,43,99,89,43,23,39,97,51,51,94,74,39,23,97,81,24,61,31,69,81,80,80,84,76,79,80,39,54,77,89,71,86,49,97,80,71,86,91,86,54,71,31,27,54,100,97,57,23,39,100,51,51,94,74,39,23,97,81,24,61,37,71,89,89,94,89,89,86,91,51,Championship
Portsmouth,80jtkz2echk6yyyb9e2595cxr,dfpogkmamlohb4ta3q5ehecq1,Z. Swanson,Zak Swanson,25,Defender,England,Defender,25.0,43.0,9.0,67.0,0.0,4.0,7.0,2.0,4.0,162.0,1.0,2.0,2.0,0.0,0.0,0.0,0.0,4.0,0.0,0.0,1.0,2.0,1.0,0.0,0.0,0.0,77.91,64.29,16.67,50.0,0.0,58.33,40.0,100.0,0.0,0.0,0.0,0.0,0.0,0.0,0.0,0.0,0.0,0.0,13.88888888888889,23.88888888888889,5.0,37.22222222222222,0.0,2.2222222222222223,3.888888888888889,1.1111111111111112,2.2222222222222223,0.5555555555555556,1.1111111111111112,1.1111111111111112,0.0,0.0,0.0,0.0,2.2222222222222223,0.0,0.0,0.5555555555555556,1.1111111111111112,0.5555555555555556,0.0,0.0,0.0,77.91,64.29,16.67,50.0,0.0,58.33,40.0,100.0,0.0,0.0,0.0,0.0,0.0,0.0,0.0,0.0,0.0,0.0,LB/LCB,52,78,100,70,22,94,48,19,96,43,61,39,26,33,31,35,94,48,41,48,91,63,46,48,52,52,89,63,74,41,56,50,83,26,24,43,24,24,33,19,19,19,19,56,85,100,63,22,96,33,19,93,44,63,41,26,33,31,35,96,48,41,52,96,63,46,48,52,52,89,63,74,41,56,50,83,26,24,43,24,24,33,19,19,19,19,Championship
Preston North End,5kq4izdz28qjaxoa6ujclwghj,230qvyk9dg4plwzobjj6thmqy,L. Leroy,Léo Leroy,26,Midfielder,France,Midfielder,18.0,21.0,2.0,38.0,1.0,4.0,7.0,1.0,0.0,104.0,1.0,0.0,0.0,1.0,1.0,1.0,0.0,4.0,0.0,0.0,0.0,4.0,1.0,0.0,0.0,0.0,77.55,20.0,100.0,100.0,0.0,53.85,0.0,0.0,0.0433683121322635,0.1491818325111615,1.0,0.0,0.0,0.0,2.0,2.0,0.12448121,17.0,15.576923076923078,18.173076923076923,1.7307692307692308,32.88461538461539,0.8653846153846154,3.4615384615384617,6.057692307692308,0.8653846153846154,0.0,0.8653846153846154,0.0,0.0,0.8653846153846154,0.8653846153846154,0.8653846153846154,0.0,3.4615384615384617,0.0,0.0,0.0,3.4615384615384617,0.8653846153846154,0.0,0.0,0.0,77.55,20.0,100.0,100.0,0.0,53.85,0.0,0.0,0.0375302701144588,0.1290996627500436,0.8653846153846154,0.0,0.0,0.0,1.7307692307692308,1.7307692307692308,0.1077241240384615,14.711538461538463,DM/CM,29,26,37,23,43,94,39,19,13,29,9,13,43,67,79,27,94,49,39,11,99,84,47,51,51,31,26,99,84,39,54,24,9,29,74,81,17,17,29,26,26,54,26,40,46,66,43,49,100,80,26,13,36,9,13,60,80,91,27,100,49,39,11,100,91,47,51,51,31,26,99,84,39,54,24,9,40,89,97,17,17,29,29,29,77,40,Championship
Preston North End,5kq4izdz28qjaxoa6ujclwghj,2wp3di1gnzpo1p9qh4f9fx33d,C. Lang,Callum Lang,27,Attacker,England,Striker,3.0,6.0,0.0,9.0,2.0,0.0,9.0,0.0,0.0,140.0,3.0,3.0,2.0,3.0,0.0,0.0,3.0,0.0,0.0,2.0,4.0,0.0,0.0,0.0,0.0,0.0,56.25,0.0,0.0,0.0,66.67,47.37,33.33,75.0,0.3776557796143905,0.0625318003390375,0.0,1.0,0.01935132,1.0,0.0,0.0,0.0021907399999999,4.0,1.9285714285714288,3.857142857142857,0.0,5.785714285714286,1.2857142857142856,0.0,5.785714285714286,0.0,0.0,1.9285714285714288,1.9285714285714288,1.2857142857142856,1.9285714285714288,0.0,0.0,1.9285714285714288,0.0,0.0,1.2857142857142856,2.571428571428571,0.0,0.0,0.0,0.0,0.0,56.25,0.0,0.0,0.0,66.67,47.37,33.33,75.0,0.2427787154663939,0.0401990145036669,0.0,0.6428571428571428,0.0124401342857142,0.6428571428571428,0.0,0.0,0.0014083328571427,2.571428571428571,ST,19,11,31,10,70,9,60,15,36,69,92,45,41,26,25,59,10,30,68,28,22,41,42,51,51,19,31,41,22,81,55,47,72,55,39,24,47,36,66,18,14,9,34,14,7,31,7,73,9,55,15,36,66,95,48,41,26,25,57,10,30,70,30,22,41,42,51,51,19,31,41,22,81,55,47,72,52,34,24,44,39,73,18,14,9,27,Championship
Preston North End,5kq4izdz28qjaxoa6ujclwghj,3n2imac1yp8jppsf36a4qg76y,D. Burgzorg,Delano Burgzorg,27,Attacker,Suriname,Striker,9.0,15.0,0.0,24.0,2.0,0.0,3.0,0.0,0.0,169.0,2.0,1.0,0.0,2.0,1.0,2.0,1.0,0.0,0.0,0.0,3.0,0.0,0.0,1.0,0.0,0.0,75.0,0.0,0.0,0.0,0.0,42.86,0.0,100.0,0.2574200806191383,0.1498628341327135,0.0,7.0,0.1941024399999999,1.0,2.0,0.0,0.01452575,3.0,4.792899408284024,7.988165680473373,0.0,12.781065088757396,1.0650887573964498,0.0,1.5976331360946745,0.0,0.0,1.0650887573964498,0.5325443786982249,0.0,1.0650887573964498,0.5325443786982249,1.0650887573964498,0.5325443786982249,0.0,0.0,0.0,1.5976331360946745,0.0,0.0,0.5325443786982249,0.0,0.0,75.0,0.0,0.0,0.0,0.0,42.86,0.0,100.0,0.1370876168977659,0.079808609893161,0.0,3.727810650887574,0.1033681633136094,0.5325443786982249,1.0650887573964498,0.0,0.0077356065088757,1.5976331360946745,ST,78,66,31,74,70,9,11,15,36,48,60,10,24,65,83,22,10,30,11,16,22,41,92,51,51,64,31,41,22,11,45,12,89,32,66,24,95,95,66,68,14,20,23,70,57,31,64,64,9,7,15,36,41,52,10,23,52,82,14,10,30,11,11,22,41,91,51,51,64,31,41,22,11,45,12,89,30,57,24,91,86,59,61,14,14,14,Championship
Preston North End,5kq4izdz28qjaxoa6ujclwghj,51jdbxx5zm2favg4psybexb6x,A. McCann,Ali McCann,26,Midfielder,Northern Ireland,Midfielder,40.0,38.0,0.0,77.0,2.0,2.0,8.0,3.0,0.0,180.0,1.0,4.0,1.0,1.0,1.0,1.0,0.0,2.0,0.0,0.0,0.0,1.0,1.0,0.0,0.0,0.0,83.7,0.0,33.33,50.0,0.0,44.44,25.0,80.0,0.0856056039693841,0.1981796726300875,0.0,2.0,0.04024053,1.0,9.0,7.0,0.1772512699999998,38.0,20.0,19.0,0.0,38.5,1.0,1.0,4.0,1.5,0.0,0.5,2.0,0.5,0.5,0.5,0.5,0.0,1.0,0.0,0.0,0.0,0.5,0.5,0.0,0.0,0.0,83.7,0.0,33.33,50.0,0.0,44.44,25.0,80.0,0.042802801984692,0.0990898363150437,0.0,1.0,0.020120265,0.5,4.5,3.5,0.0886256349999999,19.0,DM/CM,73,67,9,74,74,67,50,54,13,29,94,39,43,67,79,27,71,49,39,11,63,84,47,51,51,49,9,84,54,39,24,51,71,49,86,33,57,57,66,76,69,74,71,61,53,9,60,66,63,27,49,13,24,84,29,30,51,69,27,64,49,39,11,50,80,47,51,51,49,9,84,54,39,24,51,71,46,80,33,56,54,60,61,53,63,57,Championship
Preston North End,5kq4izdz28qjaxoa6ujclwghj,974u179078uk6zeamzlmb4d1,L. Lindsay,Liam Lindsay,30,Defender,Scotland,Defender,51.0,20.0,3.0,71.0,1.0,1.0,10.0,8.0,1.0,155.0,1.0,0.0,8.0,3.0,0.0,0.0,3.0,1.0,0.0,0.0,5.0,1.0,0.0,0.0,0.0,0.0,80.68,33.33,0.0,100.0,0.0,52.63,57.14,0.0,0.3729735655799894,0.125537224394454,0.0,2.0,0.03870264,0.0,7.0,4.0,0.1373289299999998,48.0,29.61290322580645,11.61290322580645,1.7419354838709675,41.2258064516129,0.5806451612903225,0.5806451612903225,5.806451612903225,4.64516129032258,0.5806451612903225,0.5806451612903225,0.0,4.64516129032258,1.7419354838709675,0.0,0.0,1.7419354838709675,0.5806451612903225,0.0,0.0,2.9032258064516125,0.5806451612903225,0.0,0.0,0.0,0.0,80.68,33.33,0.0,100.0,0.0,52.63,57.14,0.0,0.2165652961432196,0.0728925819064571,0.0,1.161290322580645,0.0224725006451612,0.0,4.064516129032258,2.32258064516129,0.0797393787096772,27.870967741935484,CB,53,42,38,48,76,80,61,41,43,48,16,79,94,45,40,96,81,48,42,93,89,45,49,47,51,29,26,45,94,42,31,56,16,94,88,46,77,79,42,75,56,65,65,48,46,38,46,83,83,60,42,50,52,16,83,94,45,40,96,85,48,42,94,96,45,49,47,51,29,26,45,94,42,31,56,16,94,88,46,83,77,42,77,56,69,69,Championship
Preston North End,5kq4izdz28qjaxoa6ujclwghj,au1cbzehllmo4yyt6s0d16rkk,J. Erabi,Jusef Erabi,23,Attacker,Sweden,Striker,6.0,8.0,0.0,14.0,1.0,3.0,2.0,1.0,0.0,92.0,0.0,0.0,1.0,5.0,1.0,2.0,4.0,2.0,1.0,1.0,7.0,1.0,0.0,0.0,0.0,0.0,87.5,0.0,0.0,50.0,20.0,18.18,16.67,0.0,0.2663514428518613,0.0,1.0,0.0,0.0,0.0,0.0,1.0,0.01694449,2.0,5.869565217391305,7.82608695652174,0.0,13.695652173913045,0.9782608695652176,2.9347826086956523,1.956521739130435,0.9782608695652176,0.0,0.0,0.0,0.9782608695652176,4.891304347826087,0.9782608695652176,1.956521739130435,3.91304347826087,1.956521739130435,0.9782608695652176,0.9782608695652176,6.847826086956522,0.9782608695652176,0.0,0.0,0.0,0.0,87.5,0.0,0.0,50.0,20.0,18.18,16.67,0.0,0.2605611940942121,0.0,0.9782608695652176,0.0,0.0,0.0,0.0,0.9782608695652176,0.0165761315217391,1.956521739130435,ST,62,26,31,38,36,69,7,42,36,10,24,28,75,65,83,78,53,73,38,58,60,41,42,51,51,93,31,41,70,30,7,27,24,34,16,59,18,18,26,18,39,25,14,77,50,31,68,48,75,11,55,36,10,24,34,98,75,91,89,70,82,50,89,75,41,42,51,51,93,31,41,70,30,7,27,24,59,16,66,18,18,26,18,48,32,20,Championship
Preston North End,5kq4izdz28qjaxoa6ujclwghj,b4e0nbqzrwklpje47mo0o5bd,J. Storey,Jordan Storey,28,Defender,England,Defender,62.0,22.0,2.0,84.0,0.0,0.0,11.0,6.0,3.0,180.0,3.0,1.0,4.0,1.0,0.0,0.0,1.0,0.0,0.0,0.0,5.0,0.0,0.0,0.0,0.0,0.0,80.0,22.22,0.0,0.0,0.0,78.57,80.0,25.0,0.14970557082891,0.0,0.0,1.0,0.01935132,0.0,5.0,5.0,0.08912672,32.0,31.0,11.0,1.0,42.0,0.0,0.0,5.5,3.0,1.5,1.5,0.5,2.0,0.5,0.0,0.0,0.5,0.0,0.0,0.0,2.5,0.0,0.0,0.0,0.0,0.0,80.0,22.22,0.0,0.0,0.0,78.57,80.0,25.0,0.074852785414455,0.0,0.0,0.5,0.00967566,0.0,2.5,2.5,0.04456336,16.0,CB,62,50,19,58,32,34,69,24,78,86,45,47,49,45,40,53,35,48,42,93,40,45,49,47,51,27,8,45,40,42,96,93,31,65,38,46,60,59,42,64,66,50,52,50,40,14,48,32,34,54,10,76,80,41,38,44,45,40,49,35,48,42,90,40,45,49,47,51,27,8,45,40,42,96,93,31,60,38,46,58,57,42,62,62,48,52,Championship
Preston North End,5kq4izdz28qjaxoa6ujclwghj,b7yfyzrvj7yjo48pu8faqnvft,H. Clarke,Harry Clarke,25,Defender,England,Defender,14.0,6.0,3.0,20.0,0.0,1.0,6.0,3.0,1.0,90.0,0.0,3.0,3.0,1.0,1.0,1.0,0.0,0.0,0.0,0.0,1.0,0.0,0.0,0.0,0.0,0.0,71.43,50.0,0.0,0.0,0.0,50.0,60.0,100.0,0.0773721862223134,0.0,0.0,0.0,0.0,0.0,0.0,1.0,0.02485896,6.0,14.0,6.0,3.0,20.0,0.0,1.0,6.0,3.0,1.0,0.0,3.0,3.0,1.0,1.0,1.0,0.0,0.0,0.0,0.0,1.0,0.0,0.0,0.0,0.0,0.0,71.43,50.0,0.0,0.0,0.0,50.0,60.0,100.0,0.0773721862223134,0.0,0.0,0.0,0.0,0.0,0.0,1.0,0.02485896,6.0,RB/RCB,32,6,50,12,18,52,52,30,42,18,88,60,60,84,92,30,20,50,46,34,38,32,42,52,52,28,42,32,38,46,54,70,90,56,22,36,22,22,26,18,26,24,26,48,18,88,36,18,68,80,54,54,18,100,82,78,96,100,30,20,50,46,46,38,32,42,52,52,28,42,32,38,46,54,70,90,80,22,36,22,22,26,18,30,24,36,Championship
Preston North End,5kq4izdz28qjaxoa6ujclwghj,b8pl56k1d1btqlucywp077vje,A. Devine,Alfie Devine,22,Midfielder,England,Midfielder,24.0,26.0,3.0,46.0,6.0,1.0,6.0,0.0,1.0,180.0,2.0,2.0,1.0,2.0,1.0,1.0,1.0,1.0,0.0,0.0,8.0,0.0,4.0,0.0,0.0,0.0,75.41,42.86,33.33,0.0,0.0,50.0,0.0,66.67,0.1338506919174031,0.7091427881716239,1.0,1.0,0.02855202,1.0,5.0,7.0,0.1795479699999997,16.0,12.0,13.0,1.5,23.0,3.0,0.5,3.0,0.0,0.5,1.0,1.0,0.5,1.0,0.5,0.5,0.5,0.5,0.0,0.0,4.0,0.0,2.0,0.0,0.0,0.0,75.41,42.86,33.33,0.0,0.0,50.0,0.0,66.67,0.0669253459587015,0.3545713940858119,0.5,0.5,0.01427601,0.5,2.5,3.5,0.0897739849999998,8.0,CM/AM,82,61,64,71,96,32,61,9,61,75,64,46,52,55,64,43,32,45,32,91,29,96,43,50,52,32,39,84,29,32,80,23,52,46,100,64,25,29,45,73,79,61,57,75,39,57,50,93,27,45,9,55,62,55,30,43,45,52,27,27,45,32,86,29,93,43,50,52,32,39,84,29,32,80,23,52,29,96,54,23,25,36,64,68,43,39,Championship
Preston North End,5kq4izdz28qjaxoa6ujclwghj,cfqumn4zil4u8l64dwoza3ro5,A. Hughes,Andrew Hughes,34,Defender,Wales,Defender,24.0,32.0,3.0,56.0,3.0,2.0,13.0,8.0,2.0,169.0,2.0,0.0,7.0,1.0,0.0,1.0,1.0,2.0,0.0,0.0,1.0,2.0,0.0,0.0,0.0,0.0,75.68,27.27,0.0,100.0,0.0,61.9,63.64,0.0,0.0800927110907981,0.2015730158927206,0.0,3.0,0.06738174,2.0,5.0,10.0,0.17016846,31.0,12.781065088757396,17.041420118343197,1.5976331360946745,29.82248520710059,1.5976331360946745,1.0650887573964498,6.923076923076923,4.260355029585799,1.0650887573964498,1.0650887573964498,0.0,3.727810650887574,0.5325443786982249,0.0,0.5325443786982249,0.5325443786982249,1.0650887573964498,0.0,0.0,0.5325443786982249,1.0650887573964498,0.0,0.0,0.0,0.0,75.68,27.27,0.0,100.0,0.0,61.9,63.64,0.0,0.0426529230661055,0.1073465765109163,0.0,1.5976331360946745,0.0358837668639053,1.0650887573964498,2.662721893491124,5.325443786982248,0.0906222568047337,16.50887573964497,LB/LCB,46,67,61,52,78,74,91,74,56,69,9,93,65,33,78,76,74,48,41,48,91,30,46,48,52,44,44,30,93,41,63,74,9,67,67,43,70,67,87,72,85,63,78,41,63,63,52,78,74,89,70,56,70,9,93,63,33,81,74,74,48,41,48,89,30,46,48,52,44,44,30,93,41,63,74,9,67,63,43,70,70,89,70,85,67,70,Championship
Queens Park Rangers,72nmbktwvcj3wizfp37yjf0dp,1hi0c0og111ahi6k09blm3alm,R. Burrell,Rumarn Burrell,25,Attacker,Jamaica,Striker,0.0,7.0,0.0,7.0,1.0,2.0,2.0,1.0,0.0,102.0,0.0,0.0,1.0,0.0,0.0,0.0,0.0,2.0,0.0,0.0,1.0,1.0,0.0,0.0,0.0,0.0,77.78,0.0,0.0,50.0,0.0,33.33,25.0,0.0,0.0,0.0799006480169825,0.0,0.0,0.0,0.0,2.0,2.0,0.0238594499999999,2.0,0.0,6.176470588235294,0.0,6.176470588235294,0.8823529411764706,1.7647058823529411,1.7647058823529411,0.8823529411764706,0.0,0.0,0.0,0.8823529411764706,0.0,0.0,0.0,0.0,1.7647058823529411,0.0,0.0,0.8823529411764706,0.8823529411764706,0.0,0.0,0.0,0.0,77.78,0.0,0.0,50.0,0.0,33.33,25.0,0.0,0.0,0.0705005717796904,0.0,0.0,0.0,0.0,1.7647058823529411,1.7647058823529411,0.0210524558823528,1.7647058823529411,ST,3,19,31,7,36,49,7,42,36,10,24,28,5,26,25,7,53,30,11,2,60,41,42,51,51,73,31,41,70,11,19,31,24,6,45,24,18,18,26,68,60,32,14,3,36,31,9,43,59,9,52,36,10,24,32,5,26,25,7,64,30,11,2,73,41,42,51,51,73,31,41,70,11,19,31,24,6,50,24,18,18,26,75,68,39,16,Championship
Queens Park Rangers,72nmbktwvcj3wizfp37yjf0dp,37ea7qzvbzt3zr4y2q4o5boq,K. Poku,Kwame Poku,25,Midfielder,Ghana,Midfielder,5.0,11.0,0.0,16.0,0.0,2.0,8.0,0.0,1.0,120.0,1.0,3.0,1.0,4.0,0.0,1.0,4.0,2.0,0.0,1.0,8.0,1.0,0.0,0.0,0.0,0.0,72.73,0.0,0.0,50.0,25.0,50.0,50.0,60.0,0.2484331208250357,0.0,3.0,2.0,0.05365512,1.0,1.0,2.0,0.0650522299999999,8.0,3.75,8.25,0.0,12.0,0.0,1.5,6.0,0.0,0.75,0.75,2.25,0.75,3.0,0.0,0.75,3.0,1.5,0.0,0.75,6.0,0.75,0.0,0.0,0.0,0.0,72.73,0.0,0.0,50.0,25.0,50.0,50.0,60.0,0.1863248406187768,0.0,2.25,1.5,0.04024134,0.75,0.75,1.5,0.0487891724999999,6.0,RM/RCM,33,17,8,25,12,46,58,17,46,54,75,50,75,17,67,96,50,38,67,96,58,29,46,54,54,42,8,29,54,54,54,71,42,67,12,100,62,58,58,12,12,17,29,25,17,8,25,12,50,75,17,50,58,83,50,83,17,67,100,62,38,67,100,50,29,46,54,54,42,8,29,54,54,54,71,42,58,12,100,67,58,58,8,8,17,25,Championship
Queens Park Rangers,72nmbktwvcj3wizfp37yjf0dp,3odx6ohq49pi71ln8vuierppl,J. Dunne,Jimmy Dunne,28,Defender,Republic of Ireland,Defender,67.0,31.0,5.0,98.0,0.0,1.0,12.0,10.0,1.0,180.0,1.0,2.0,8.0,1.0,0.0,0.0,1.0,1.0,0.0,0.0,3.0,1.0,0.0,0.0,0.0,0.0,84.48,33.33,0.0,100.0,0.0,50.0,53.33,100.0,0.0955402103561209,0.0,0.0,0.0,0.0,0.0,5.0,5.0,0.1686180599999999,50.0,33.5,15.5,2.5,49.0,0.0,0.5,6.0,5.0,0.5,0.5,1.0,4.0,0.5,0.0,0.0,0.5,0.5,0.0,0.0,1.5,0.5,0.0,0.0,0.0,0.0,84.48,33.33,0.0,100.0,0.0,50.0,53.33,100.0,0.0477701051780604,0.0,0.0,0.0,0.0,0.0,2.5,2.5,0.0843090299999999,25.0,CB,69,67,64,73,32,80,75,50,43,48,74,79,49,45,40,53,81,48,42,64,89,45,49,47,51,48,26,45,94,42,28,47,89,42,38,46,26,26,42,64,66,73,69,60,62,55,62,32,75,68,46,38,42,68,75,44,45,40,49,77,48,42,59,86,45,49,47,51,48,26,45,94,42,28,47,89,40,38,46,26,26,42,62,62,71,65,Championship
Queens Park Rangers,72nmbktwvcj3wizfp37yjf0dp,5m92dtsjzdu3ouuua0dec4u8k,A. Mbengue,Amadou Mbengue,24,Defender,Senegal,Defender,12.0,25.0,2.0,36.0,3.0,2.0,6.0,7.0,2.0,136.0,2.0,1.0,3.0,0.0,0.0,0.0,0.0,2.0,0.0,0.0,3.0,0.0,1.0,1.0,0.0,0.0,78.26,100.0,25.0,0.0,0.0,50.0,0.0,100.0,0.0,0.2868018451068322,0.0,3.0,0.13462859,2.0,7.0,6.0,0.37280866,22.0,7.9411764705882355,16.544117647058822,1.3235294117647058,23.823529411764707,1.9852941176470589,1.3235294117647058,3.9705882352941178,4.632352941176471,1.3235294117647058,1.3235294117647058,0.6617647058823529,1.9852941176470589,0.0,0.0,0.0,0.0,1.3235294117647058,0.0,0.0,1.9852941176470589,0.0,0.6617647058823529,0.6617647058823529,0.0,0.0,78.26,100.0,25.0,0.0,0.0,50.0,0.0,100.0,0.0,0.1897953386736389,0.0,1.9852941176470589,0.0890924492647058,1.3235294117647058,4.632352941176471,3.9705882352941178,0.2467116132352941,14.558823529411764,RB/RCB,24,64,32,48,100,76,52,72,64,78,40,60,22,36,42,30,78,50,46,72,38,76,92,52,52,48,94,72,38,46,54,16,90,22,100,36,80,88,76,86,74,96,66,24,68,36,48,100,72,48,80,76,84,52,64,22,36,42,30,76,50,46,68,38,84,92,52,52,48,94,72,38,46,54,16,90,22,96,36,80,88,80,92,84,92,72,Championship
Queens Park Rangers,72nmbktwvcj3wizfp37yjf0dp,5r5i2cbecv1046hj6omacsvyt,J. Clarke-Salter,Jake Clarke-Salter,28,Defender,England,Defender,73.0,22.0,3.0,95.0,0.0,0.0,4.0,7.0,2.0,180.0,0.0,1.0,2.0,0.0,0.0,0.0,0.0,0.0,0.0,0.0,0.0,0.0,0.0,0.0,0.0,0.0,89.62,33.33,0.0,0.0,0.0,33.33,25.0,50.0,0.0,0.0,0.0,0.0,0.0,0.0,0.0,0.0,0.0,0.0,36.5,11.0,1.5,47.5,0.0,0.0,2.0,3.5,1.0,0.0,0.5,1.0,0.0,0.0,0.0,0.0,0.0,0.0,0.0,0.0,0.0,0.0,0.0,0.0,0.0,89.62,33.33,0.0,0.0,0.0,33.33,25.0,50.0,0.0,0.0,0.0,0.0,0.0,0.0,0.0,0.0,0.0,0.0,CB,74,50,38,70,32,34,15,33,65,17,45,19,16,45,40,18,35,48,42,9,40,45,49,47,51,69,26,45,40,42,9,14,46,18,38,46,26,26,42,15,15,14,14,67,40,30,58,32,34,10,20,60,17,41,16,16,45,40,18,35,48,42,9,40,45,49,47,51,69,26,45,40,42,9,14,46,18,38,46,26,26,42,15,15,14,14,Championship
Queens Park Rangers,72nmbktwvcj3wizfp37yjf0dp,6mshneopidq0hmx1c4ef7qj2s,K. Adamson,Kealey Adamson,23,Defender,Australia,Defender,20.0,25.0,4.0,45.0,1.0,1.0,6.0,2.0,2.0,132.0,2.0,2.0,2.0,1.0,1.0,1.0,0.0,1.0,0.0,0.0,0.0,0.0,0.0,0.0,0.0,0.0,81.82,66.67,0.0,0.0,0.0,42.86,28.57,100.0,0.0893924036332258,0.1056647374317384,0.0,3.0,0.10002514,0.0,2.0,4.0,0.18952114,22.0,13.636363636363637,17.045454545454547,2.7272727272727275,30.681818181818183,0.6818181818181819,0.6818181818181819,4.090909090909091,1.3636363636363638,1.3636363636363638,1.3636363636363638,1.3636363636363638,1.3636363636363638,0.6818181818181819,0.6818181818181819,0.6818181818181819,0.0,0.6818181818181819,0.0,0.0,0.0,0.0,0.0,0.0,0.0,0.0,81.82,66.67,0.0,0.0,0.0,42.86,28.57,100.0,0.060949366113563,0.0720441391580034,0.0,2.0454545454545454,0.068198959090909,0.0,1.3636363636363638,2.7272727272727275,0.1292189590909091,15.000000000000002,LB/LCB,37,52,70,39,48,41,31,19,56,69,61,39,65,81,78,35,44,48,41,17,31,30,46,48,52,56,93,30,31,41,11,26,83,70,52,43,70,81,33,50,57,74,56,52,67,78,56,48,59,46,22,67,74,74,44,74,89,89,35,59,48,41,17,31,30,46,48,52,56,93,30,31,41,11,26,83,70,52,43,78,89,33,52,59,70,67,Championship
Queens Park Rangers,72nmbktwvcj3wizfp37yjf0dp,9i1gqo2wugpaygigl5knhdjsa,H. Vale,Harvey Vale,22,Midfielder,Republic of Ireland,Midfielder,16.0,33.0,1.0,46.0,5.0,0.0,6.0,1.0,1.0,180.0,0.0,2.0,3.0,7.0,3.0,1.0,4.0,0.0,0.0,4.0,8.0,0.0,3.0,1.0,0.0,0.0,67.65,14.29,23.08,0.0,57.14,42.86,50.0,66.67,0.5734683999720929,0.6457285581444068,2.0,0.0,0.0,1.0,4.0,11.0,0.3524581,21.0,8.0,16.5,0.5,23.0,2.5,0.0,3.0,0.5,0.5,0.0,1.0,1.5,3.5,1.5,0.5,2.0,0.0,0.0,2.0,4.0,0.0,1.5,0.5,0.0,0.0,67.65,14.29,23.08,0.0,57.14,42.86,50.0,66.67,0.2867341999860464,0.3228642790722034,1.0,0.0,0.0,0.5,2.0,5.5,0.17622905,10.5,RM/RCM,50,67,29,58,100,8,33,46,46,21,50,79,100,96,67,96,8,38,100,96,21,88,96,54,54,17,17,58,21,92,29,71,58,100,100,88,12,12,58,50,92,83,50,42,50,17,42,100,8,25,33,25,21,46,79,100,88,46,83,8,38,100,71,21,75,96,54,54,17,17,58,21,92,29,71,58,92,100,88,12,12,50,50,83,75,50,Championship
Queens Park Rangers,72nmbktwvcj3wizfp37yjf0dp,em0i6q0h6q80melaxwx2nvz3e,R. Edwards,Ronnie Edwards,23,Defender,England,Defender,33.0,39.0,6.0,72.0,1.0,0.0,8.0,6.0,2.0,180.0,0.0,2.0,5.0,1.0,0.0,1.0,1.0,0.0,0.0,0.0,3.0,0.0,0.0,0.0,0.0,0.0,82.76,85.71,0.0,0.0,0.0,47.06,55.56,66.67,0.1107497719136123,0.0436912972516408,0.0,3.0,0.07645536,0.0,10.0,9.0,0.48615283,42.0,16.5,19.5,3.0,36.0,0.5,0.0,4.0,3.0,1.0,0.0,1.0,2.5,0.5,0.0,0.5,0.5,0.0,0.0,0.0,1.5,0.0,0.0,0.0,0.0,0.0,82.76,85.71,0.0,0.0,0.0,47.06,55.56,66.67,0.0553748859568061,0.0218456486258204,0.0,1.5,0.03822768,0.0,5.0,4.5,0.243076415,21.0,CB,29,78,75,50,76,34,48,24,65,17,74,58,49,45,89,53,35,48,42,64,40,45,49,47,51,38,98,45,40,42,24,53,60,46,75,46,88,90,42,82,79,98,59,21,74,69,42,73,34,36,10,60,17,68,48,44,45,86,49,35,48,42,59,40,45,49,47,51,38,98,45,40,42,24,53,60,44,75,46,86,90,42,81,79,98,59,Championship
Queens Park Rangers,72nmbktwvcj3wizfp37yjf0dp,f1a6mxwx48ea8qfvfyuxjg15,I. Chair,Ilias Chair,28,Midfielder,Morocco,Midfielder,20.0,48.0,7.0,64.0,6.0,2.0,5.0,0.0,0.0,180.0,3.0,0.0,1.0,7.0,1.0,2.0,6.0,2.0,2.0,3.0,13.0,0.0,4.0,1.0,0.0,0.0,86.49,70.0,30.77,0.0,42.86,41.67,33.33,0.0,0.7570926219881526,0.5003580735185756,1.0,4.0,0.15054987,0.0,9.0,7.0,0.41636776,30.0,10.0,24.0,3.5,32.0,3.0,1.0,2.5,0.0,0.0,1.5,0.0,0.5,3.5,0.5,1.0,3.0,1.0,1.0,1.5,6.5,0.0,2.0,0.5,0.0,0.0,86.49,70.0,30.77,0.0,42.86,41.67,33.33,0.0,0.3785463109940763,0.2501790367592878,0.5,2.0,0.075274935,0.0,4.5,3.5,0.20818388,15.0,LM/LCM,88,100,100,88,94,38,25,25,31,56,38,62,100,62,88,100,38,100,100,100,25,88,100,56,56,100,88,75,25,88,50,75,38,100,88,69,38,50,25,100,88,88,88,88,100,100,88,94,38,25,25,31,56,38,44,100,50,75,100,38,100,100,100,25,88,100,56,56,100,88,75,25,88,50,75,38,100,88,56,38,50,25,100,75,88,88,Championship
Queens Park Rangers,72nmbktwvcj3wizfp37yjf0dp,tgu7kztdu9azmvirwu8rrip6,K. Saito,Koki Saito,25,Attacker,Japan,Striker,3.0,17.0,0.0,19.0,2.0,5.0,6.0,0.0,0.0,134.0,1.0,2.0,1.0,1.0,0.0,0.0,1.0,5.0,1.0,1.0,8.0,2.0,1.0,0.0,0.0,0.0,76.0,0.0,50.0,40.0,100.0,60.0,0.0,100.0,0.1852948692408384,0.2739109043447232,1.0,5.0,0.183413,4.0,0.0,3.0,0.3261647699999999,9.0,2.014925373134328,11.417910447761194,0.0,12.761194029850746,1.343283582089552,3.3582089552238803,4.029850746268656,0.0,0.0,0.6716417910447761,1.343283582089552,0.6716417910447761,0.6716417910447761,0.0,0.0,0.6716417910447761,3.3582089552238803,0.6716417910447761,0.6716417910447761,5.3731343283582085,1.343283582089552,0.6716417910447761,0.0,0.0,0.0,76.0,0.0,50.0,40.0,100.0,60.0,0.0,100.0,0.1244517778483243,0.1839700103807842,0.6716417910447761,3.3582089552238803,0.1231878358208955,2.686567164179104,0.0,2.014925373134328,0.2190658902985073,6.044776119402985,ST,19,74,31,65,70,86,27,15,36,28,81,28,14,26,25,22,88,73,38,70,85,89,42,51,51,68,31,92,57,93,85,12,89,25,86,59,84,91,100,18,80,93,76,19,73,31,61,81,86,33,15,36,34,83,24,12,26,25,22,89,73,38,68,86,93,42,51,51,68,31,92,57,93,85,12,89,23,86,59,86,93,100,18,86,95,77,Championship
Sheffield United,bws31egwjda253q9lvykgnivo,17bkqk555bqa8e923cvnt9iw9,C. O'Hare,Callum O'Hare,28,Midfielder,England,Midfielder,14.0,19.0,3.0,33.0,1.0,4.0,14.0,3.0,1.0,180.0,4.0,3.0,4.0,1.0,0.0,0.0,1.0,4.0,0.0,0.0,5.0,3.0,0.0,0.0,0.0,0.0,70.21,75.0,0.0,75.0,0.0,51.85,57.14,100.0,0.1174842386702606,0.0934056390153446,1.0,2.0,0.08159047,0.0,3.0,5.0,0.1538169499999999,14.0,7.0,9.5,1.5,16.5,0.5,2.0,7.0,1.5,0.5,2.0,1.5,2.0,0.5,0.0,0.0,0.5,2.0,0.0,0.0,2.5,1.5,0.0,0.0,0.0,0.0,70.21,75.0,0.0,75.0,0.0,51.85,57.14,100.0,0.0587421193351303,0.0467028195076723,0.5,1.0,0.040795235,0.0,1.5,2.5,0.0769084749999999,7.0,CM/AM,59,34,64,38,27,75,100,77,61,96,82,95,27,21,25,43,77,45,32,64,91,27,43,50,52,14,84,27,98,32,89,88,86,36,29,64,39,64,16,52,64,43,41,29,18,57,21,18,62,96,68,55,93,77,91,14,21,25,27,68,45,32,57,82,27,43,50,52,14,84,27,98,32,89,88,86,25,21,54,30,39,16,41,46,32,32,Championship
Sheffield United,bws31egwjda253q9lvykgnivo,2u0613a3yx2fk1pefmb722rbp,J. Rothwell,Joe Rothwell,31,Midfielder,England,Midfielder,13.0,19.0,4.0,29.0,3.0,0.0,1.0,3.0,0.0,132.0,0.0,0.0,1.0,1.0,0.0,1.0,1.0,0.0,0.0,0.0,1.0,0.0,3.0,0.0,0.0,0.0,82.86,57.14,60.0,0.0,0.0,33.33,50.0,0.0,0.0849585286179925,0.42734273771354,0.0,0.0,0.0,0.0,6.0,3.0,0.0919612599999999,14.0,8.863636363636365,12.954545454545457,2.7272727272727275,19.77272727272728,2.0454545454545454,0.0,0.6818181818181819,2.0454545454545454,0.0,0.0,0.0,0.6818181818181819,0.6818181818181819,0.0,0.6818181818181819,0.6818181818181819,0.0,0.0,0.0,0.6818181818181819,0.0,2.0454545454545454,0.0,0.0,0.0,82.86,57.14,60.0,0.0,0.0,33.33,50.0,0.0,0.0579262695122676,0.29137004844105,0.0,0.0,0.0,0.0,4.090909090909091,2.0454545454545454,0.062700859090909,9.545454545454549,CM/AM,48,34,86,25,70,12,4,77,25,20,12,46,27,21,64,43,12,45,32,12,29,89,43,50,52,64,66,96,29,32,27,79,12,18,79,25,11,11,16,80,39,21,41,50,36,86,32,71,12,4,79,25,20,12,48,34,21,70,48,12,45,32,11,29,96,43,50,52,64,66,96,29,32,27,79,12,18,89,25,11,11,16,79,39,21,50,Championship
Sheffield United,bws31egwjda253q9lvykgnivo,4wiondmvhv7loiwvu76iqzwq2,S. McCallum,Sam McCallum,25,Defender,England,Defender,12.0,22.0,5.0,34.0,0.0,2.0,19.0,15.0,2.0,167.0,5.0,2.0,11.0,3.0,1.0,1.0,2.0,2.0,0.0,1.0,3.0,2.0,0.0,0.0,0.0,0.0,56.67,35.71,0.0,100.0,33.33,86.36,78.57,100.0,0.3669469687716215,0.0,0.0,1.0,0.02122129,1.0,3.0,6.0,0.06988864,23.0,6.4670658682634725,11.8562874251497,2.694610778443113,18.323353293413174,0.0,1.0778443113772456,10.239520958083832,8.08383233532934,1.0778443113772456,2.694610778443113,1.0778443113772456,5.92814371257485,1.616766467065868,0.5389221556886228,0.5389221556886228,1.0778443113772456,1.0778443113772456,0.0,0.5389221556886228,1.616766467065868,1.0778443113772456,0.0,0.0,0.0,0.0,56.67,35.71,0.0,100.0,33.33,86.36,78.57,100.0,0.1977558514338079,0.0,0.0,0.5389221556886228,0.0114366233532934,0.5389221556886228,1.616766467065868,3.2335329341317363,0.0376645365269461,12.395209580838324,LB/LCB,17,44,80,22,22,74,100,100,56,100,61,100,91,81,78,91,74,48,89,87,91,30,46,48,52,11,67,30,93,87,100,89,83,96,24,43,54,52,72,61,72,48,59,11,33,74,19,22,78,96,100,59,100,59,100,85,81,85,93,78,48,89,81,93,30,46,48,52,11,67,30,93,87,100,89,83,93,24,43,52,52,67,59,67,41,56,Championship
Sheffield United,bws31egwjda253q9lvykgnivo,5gb7v3m0qisn24c7h49xn250p,J. Tanganga,Japhet Tanganga,27,Defender,England,Defender,19.0,18.0,3.0,37.0,0.0,0.0,16.0,15.0,4.0,180.0,3.0,0.0,14.0,2.0,0.0,0.0,2.0,0.0,0.0,0.0,2.0,0.0,0.0,0.0,0.0,0.0,66.07,33.33,0.0,0.0,0.0,69.57,70.0,0.0,0.216814527936036,0.0,0.0,1.0,0.02401521,1.0,1.0,3.0,0.08076822,27.0,9.5,9.0,1.5,18.5,0.0,0.0,8.0,7.5,2.0,1.5,0.0,7.0,1.0,0.0,0.0,1.0,0.0,0.0,0.0,1.0,0.0,0.0,0.0,0.0,0.0,66.07,33.33,0.0,0.0,0.0,69.57,70.0,0.0,0.108407263968018,0.0,0.0,0.5,0.012007605,0.5,0.5,1.5,0.04038411,13.5,CB,10,38,38,15,32,34,94,80,91,86,16,98,79,45,40,81,35,48,42,44,40,45,49,47,51,6,26,45,40,42,83,80,16,77,38,46,60,67,85,33,47,44,39,10,32,30,12,32,34,91,76,85,80,16,98,77,45,40,79,35,48,42,40,40,45,49,47,51,6,26,45,40,42,83,80,16,77,38,46,58,65,84,32,47,44,39,Championship
Sheffield United,bws31egwjda253q9lvykgnivo,5wbpdr8hezdpypdiit8flbj10,O. Arblaster,Oliver Arblaster,22,Midfielder,England,Midfielder,7.0,22.0,0.0,29.0,1.0,3.0,4.0,0.0,4.0,112.0,2.0,0.0,1.0,0.0,0.0,0.0,0.0,3.0,0.0,0.0,1.0,1.0,0.0,0.0,0.0,0.0,70.73,0.0,0.0,33.33,0.0,66.67,0.0,0.0,0.0,0.0477469280073065,0.0,0.0,0.0,1.0,2.0,3.0,0.10737416,14.0,5.625,17.678571428571427,0.0,23.303571428571427,0.8035714285714286,2.4107142857142856,3.2142857142857144,0.0,3.2142857142857144,1.6071428571428572,0.0,0.8035714285714286,0.0,0.0,0.0,0.0,2.4107142857142856,0.0,0.0,0.8035714285714286,0.8035714285714286,0.0,0.0,0.0,0.0,70.73,0.0,0.0,33.33,0.0,66.67,0.0,0.0,0.0,0.0383680671487284,0.0,0.0,0.0,0.8035714285714286,1.6071428571428572,2.4107142857142856,0.0862828071428571,11.25,CM/AM,14,45,14,25,27,61,30,9,95,75,12,46,5,21,25,11,66,45,32,12,66,27,43,50,52,21,14,27,66,32,96,23,12,5,18,25,11,11,45,32,39,32,41,25,64,14,57,32,71,54,9,100,86,12,57,5,21,25,11,71,45,32,14,75,27,43,50,52,21,14,27,66,32,96,23,12,5,18,25,11,11,50,46,43,39,61,Championship
Sheffield United,bws31egwjda253q9lvykgnivo,6q6i9x4w4vcdwwmiwq8k6sixh,P. Bamford,Patrick Bamford,32,Attacker,England,Striker,2.0,11.0,0.0,13.0,1.0,1.0,9.0,0.0,0.0,155.0,2.0,0.0,6.0,3.0,0.0,0.0,3.0,1.0,0.0,1.0,4.0,0.0,0.0,0.0,0.0,0.0,43.33,0.0,0.0,0.0,33.33,31.03,31.58,0.0,0.3556815291458196,0.0754676584654375,0.0,1.0,0.02953272,0.0,1.0,1.0,0.03500888,5.0,1.161290322580645,6.387096774193548,0.0,7.548387096774193,0.5806451612903225,0.5806451612903225,5.225806451612903,0.0,0.0,1.161290322580645,0.0,3.4838709677419355,1.7419354838709675,0.0,0.0,1.7419354838709675,0.5806451612903225,0.0,0.5806451612903225,2.32258064516129,0.0,0.0,0.0,0.0,0.0,43.33,0.0,0.0,0.0,33.33,31.03,31.58,0.0,0.2065247588588629,0.0438199307218669,0.0,0.5806451612903225,0.0171480309677419,0.0,0.5806451612903225,0.5806451612903225,0.0203277367741935,2.9032258064516125,ST,9,49,31,30,36,27,60,15,36,48,24,73,41,26,25,59,30,30,38,28,22,41,42,51,51,9,31,41,22,45,16,39,24,48,41,24,47,55,26,47,39,41,45,9,39,31,23,25,25,45,15,36,43,24,70,39,26,25,50,27,30,27,18,22,41,42,51,51,9,31,41,22,45,16,39,24,45,36,24,39,45,26,48,36,36,36,Championship
Sheffield United,bws31egwjda253q9lvykgnivo,c211o2dh2p85auu0008zjxgix,M. McGuinness,Mark McGuinness,25,Defender,Republic of Ireland,Defender,18.0,6.0,3.0,24.0,0.0,0.0,12.0,13.0,3.0,180.0,1.0,3.0,7.0,1.0,0.0,0.0,1.0,0.0,0.0,0.0,4.0,0.0,0.0,0.0,0.0,0.0,68.57,60.0,0.0,0.0,0.0,60.0,70.0,75.0,0.1309090670411886,0.0,0.0,0.0,0.0,0.0,2.0,3.0,0.0294551,12.0,9.0,3.0,1.5,12.0,0.0,0.0,6.0,6.5,1.5,0.5,1.5,3.5,0.5,0.0,0.0,0.5,0.0,0.0,0.0,2.0,0.0,0.0,0.0,0.0,0.0,68.57,60.0,0.0,0.0,0.0,60.0,70.0,75.0,0.0654545335205943,0.0,0.0,0.0,0.0,0.0,1.0,1.5,0.01472755,6.0,CB,8,7,38,8,32,34,75,68,78,48,93,72,49,45,40,53,35,48,42,81,40,45,49,47,51,8,82,45,40,42,54,80,74,54,38,46,26,26,42,44,47,27,29,8,7,30,6,32,34,68,64,76,42,91,68,44,45,40,49,35,48,42,79,40,45,49,47,51,8,82,45,40,42,54,80,74,52,38,46,26,26,42,44,47,27,27,Championship
Sheffield United,bws31egwjda253q9lvykgnivo,cn99mhxce1ujxfdqqb6guwrqi,F. Seriki,Femi Seriki,24,Defender,England,Defender,4.0,24.0,1.0,28.0,1.0,7.0,11.0,8.0,2.0,180.0,3.0,3.0,2.0,0.0,0.0,0.0,0.0,6.0,0.0,0.0,5.0,1.0,0.0,0.0,0.0,0.0,59.57,11.11,0.0,16.67,0.0,52.38,66.67,60.0,0.0,0.0488348663256816,0.0,1.0,0.02855202,3.0,4.0,7.0,0.13320763,18.0,2.0,12.0,0.5,14.0,0.5,3.5,5.5,4.0,1.0,1.5,1.5,1.0,0.0,0.0,0.0,0.0,3.0,0.0,0.0,2.5,0.5,0.0,0.0,0.0,0.0,59.57,11.11,0.0,16.67,0.0,52.38,66.67,60.0,0.0,0.0244174331628408,0.0,0.5,0.01427601,1.5,2.0,3.5,0.066603815,9.0,RB/RCB,4,56,20,28,54,98,82,80,64,94,88,36,22,36,42,30,94,50,46,90,80,32,42,52,52,12,16,32,76,46,64,88,54,22,44,36,52,52,92,62,82,40,58,4,50,16,16,44,94,72,76,54,94,76,28,22,36,42,30,92,50,46,86,78,32,42,52,52,12,16,32,76,46,64,88,54,22,44,36,44,52,88,58,78,36,46,Championship
Sheffield United,bws31egwjda253q9lvykgnivo,czsjz7u9u01z5a4pyue7tu5wq,H. Burrows,Harrison Burrows,24,Defender,England,Defender,6.0,14.0,4.0,19.0,1.0,0.0,4.0,7.0,3.0,102.0,2.0,0.0,1.0,1.0,1.0,1.0,0.0,0.0,0.0,0.0,1.0,0.0,1.0,0.0,0.0,0.0,52.78,30.77,100.0,0.0,0.0,44.44,25.0,0.0,0.0407425804035066,0.1230047930822597,0.0,1.0,0.02953272,0.0,1.0,2.0,0.0460478299999999,6.0,5.294117647058823,12.352941176470589,3.5294117647058822,16.764705882352942,0.8823529411764706,0.0,3.5294117647058822,6.176470588235294,2.647058823529412,1.7647058823529411,0.0,0.8823529411764706,0.8823529411764706,0.8823529411764706,0.8823529411764706,0.0,0.0,0.0,0.0,0.8823529411764706,0.0,0.8823529411764706,0.0,0.0,0.0,52.78,30.77,100.0,0.0,0.0,44.44,25.0,0.0,0.0359493356501528,0.108533640954935,0.0,0.8823529411764706,0.0260582823529411,0.0,0.8823529411764706,1.7647058823529411,0.040630438235294,5.294117647058823,LB/LCB,4,19,70,7,48,9,9,61,83,69,9,13,65,81,78,35,13,48,41,48,31,63,46,48,52,7,52,100,31,41,19,22,9,52,56,43,54,59,33,39,44,41,37,7,41,85,11,52,9,22,89,100,93,9,22,78,96,93,35,13,48,41,59,31,67,46,48,52,7,52,100,31,41,19,22,9,63,67,43,59,59,33,41,48,44,41,Championship
Sheffield United,bws31egwjda253q9lvykgnivo,tdopjymjnzgac7bwum9oxrmc,S. Peck,Sydie Peck,21,Midfielder,England,Midfielder,13.0,29.0,2.0,42.0,2.0,2.0,9.0,7.0,1.0,180.0,2.0,1.0,5.0,3.0,2.0,1.0,1.0,2.0,0.0,1.0,1.0,0.0,0.0,0.0,0.0,0.0,63.64,33.33,0.0,0.0,33.33,45.0,62.5,50.0,0.2194811836509832,0.0796196263772734,1.0,0.0,0.0,0.0,6.0,6.0,0.10750755,24.0,6.5,14.5,1.0,21.0,1.0,1.0,4.5,3.5,0.5,1.0,0.5,2.5,1.5,1.0,0.5,0.5,1.0,0.0,0.5,0.5,0.0,0.0,0.0,0.0,0.0,63.64,33.33,0.0,0.0,33.33,45.0,62.5,50.0,0.1097405918254916,0.0398098131886367,0.5,0.0,0.0,0.0,3.0,3.0,0.053753775,12.0,DM/CM,7,46,37,34,74,67,64,89,34,51,29,96,90,91,79,70,71,49,89,43,23,39,47,51,51,9,41,39,23,83,30,89,37,83,54,81,17,17,29,50,56,43,53,3,30,33,11,66,63,43,83,27,44,21,89,81,90,69,60,64,49,83,30,23,39,47,51,51,9,41,39,23,83,30,89,37,83,51,69,17,17,29,44,46,31,33,Championship
Southampton,d5ydtvt96bv7fq04yqm2w2632,3rrges782prcprsn207dk4zit,C. Larin,Cyle Larin,31,Attacker,Canada,Striker,4.0,13.0,0.0,17.0,1.0,3.0,6.0,1.0,0.0,148.0,2.0,1.0,2.0,8.0,1.0,2.0,7.0,3.0,2.0,4.0,14.0,1.0,0.0,0.0,0.0,0.0,77.27,0.0,0.0,33.33,50.0,35.29,40.0,100.0,1.2499096954565216,0.0793156868366728,0.0,4.0,0.17122453,2.0,2.0,0.0,0.0285313999999999,10.0,2.4324324324324325,7.905405405405406,0.0,10.33783783783784,0.6081081081081081,1.8243243243243243,3.6486486486486487,0.6081081081081081,0.0,1.2162162162162162,0.6081081081081081,1.2162162162162162,4.864864864864865,0.6081081081081081,1.2162162162162162,4.256756756756757,1.8243243243243243,1.2162162162162162,2.4324324324324325,8.513513513513514,0.6081081081081081,0.0,0.0,0.0,0.0,77.27,0.0,0.0,33.33,50.0,35.29,40.0,100.0,0.760080220210047,0.0482325122655442,0.0,2.4324324324324325,0.104123025,1.2162162162162162,1.2162162162162162,0.0,0.0173501756756756,6.081081081081082,ST,36,58,31,56,36,69,27,42,36,48,60,45,94,65,83,93,73,94,97,97,60,41,42,51,51,70,31,41,50,70,26,56,89,100,43,24,78,86,88,68,14,36,81,25,52,31,43,27,61,25,41,36,47,58,45,95,57,84,93,66,94,95,98,52,41,42,51,51,70,31,41,50,70,26,56,89,98,43,24,77,89,91,67,14,34,80,Championship
Southampton,d5ydtvt96bv7fq04yqm2w2632,3zw39xix3plzadostqy8z06ol,R. Manning,Ryan Manning,30,Defender,Republic of Ireland,Defender,37.0,71.0,7.0,107.0,3.0,1.0,9.0,0.0,0.0,180.0,4.0,3.0,1.0,6.0,4.0,3.0,2.0,1.0,1.0,1.0,3.0,1.0,1.0,0.0,0.0,0.0,86.29,53.85,6.67,100.0,16.67,52.94,16.67,100.0,0.2444222745944174,0.3093284618262434,0.0,5.0,0.08783163,0.0,23.0,19.0,0.5324757400000001,62.0,18.5,35.5,3.5,53.5,1.5,0.5,4.5,0.0,0.0,2.0,1.5,0.5,3.0,2.0,1.5,1.0,0.5,0.5,0.5,1.5,0.5,0.5,0.0,0.0,0.0,86.29,53.85,6.67,100.0,16.67,52.94,16.67,100.0,0.1222111372972087,0.1546642309131217,0.0,2.5,0.043915815,0.0,11.5,9.5,0.26623787,31.0,LB/LCB,81,100,89,100,78,41,65,4,9,96,91,13,100,100,100,91,44,98,89,87,72,63,46,48,52,81,83,59,93,81,41,19,83,89,81,43,91,78,33,100,100,93,96,74,93,81,93,69,30,57,4,9,96,81,6,100,100,96,85,33,96,81,78,63,59,46,48,52,81,83,59,93,81,41,19,83,85,81,43,85,74,33,100,100,93,96,Championship
Southampton,d5ydtvt96bv7fq04yqm2w2632,44zyk38a8ffdjr5bmj355bt2h,F. Downes,Flynn Downes,27,Midfielder,England,Midfielder,44.0,59.0,2.0,103.0,2.0,1.0,15.0,4.0,2.0,180.0,4.0,1.0,1.0,1.0,1.0,1.0,0.0,1.0,0.0,0.0,1.0,1.0,0.0,1.0,0.0,0.0,90.35,28.57,0.0,100.0,0.0,62.5,25.0,11.11,0.0641125708147117,0.1322953797037735,0.0,2.0,0.0399414,2.0,8.0,12.0,0.11935475,45.0,22.0,29.5,1.0,51.5,1.0,0.5,7.5,2.0,1.0,2.0,0.5,0.5,0.5,0.5,0.5,0.0,0.5,0.0,0.0,0.5,0.5,0.0,0.5,0.0,0.0,90.35,28.57,0.0,100.0,0.0,62.5,25.0,11.11,0.0320562854073558,0.0661476898518867,0.0,1.0,0.0199707,1.0,4.0,6.0,0.059677375,22.5,DM/CM,90,91,37,93,74,40,100,67,59,89,29,39,43,67,79,27,43,49,39,43,63,39,97,51,51,91,34,39,84,39,81,51,17,46,71,33,57,54,84,67,90,51,83,71,86,33,84,66,26,94,59,50,76,21,29,30,51,69,27,30,49,39,30,50,39,94,51,51,91,34,39,84,39,81,51,17,31,66,33,56,51,77,57,83,37,74,Championship
Southampton,d5ydtvt96bv7fq04yqm2w2632,45pygbjknhl8zym8wzu5o46ad,J. Bree,James Bree,28,Defender,England,Defender,35.0,38.0,3.0,71.0,2.0,0.0,4.0,1.0,2.0,180.0,1.0,1.0,1.0,0.0,0.0,0.0,0.0,0.0,0.0,0.0,0.0,0.0,2.0,0.0,0.0,0.0,94.67,100.0,28.57,0.0,0.0,44.44,50.0,50.0,0.0,0.2715712022675072,0.0,4.0,0.09993661,3.0,7.0,7.0,0.26993856,36.0,17.5,19.0,1.5,35.5,1.0,0.0,2.0,0.5,1.0,0.5,0.5,0.5,0.0,0.0,0.0,0.0,0.0,0.0,0.0,0.0,0.0,1.0,0.0,0.0,0.0,94.67,100.0,28.57,0.0,0.0,44.44,50.0,50.0,0.0,0.1357856011337536,0.0,2.0,0.049968305,1.5,3.5,3.5,0.13496928,18.0,RB/RCB,72,84,50,80,86,18,18,10,64,50,40,22,22,36,42,30,20,50,46,14,38,94,42,52,52,100,94,76,38,46,42,48,36,22,96,36,84,80,92,86,82,76,88,64,76,44,76,82,18,14,6,54,42,26,20,22,36,42,30,20,50,46,14,38,92,42,52,52,100,94,76,38,46,42,48,36,22,92,36,84,80,88,80,78,68,80,Championship
Southampton,d5ydtvt96bv7fq04yqm2w2632,49sw57x0az8atzz5aqujtulpm,T. Harwood-Bellis,Taylor Harwood-Bellis,24,Defender,England,Defender,32.0,43.0,11.0,75.0,1.0,0.0,6.0,4.0,0.0,90.0,2.0,0.0,3.0,2.0,0.0,0.0,2.0,0.0,0.0,0.0,4.0,0.0,0.0,0.0,0.0,0.0,90.36,84.62,0.0,0.0,0.0,46.15,33.33,0.0,0.2302953706798807,0.0508196758495645,0.0,3.0,0.08853662,3.0,15.0,13.0,0.22444217,58.0,32.0,43.0,11.0,75.0,1.0,0.0,6.0,4.0,0.0,2.0,0.0,3.0,2.0,0.0,0.0,2.0,0.0,0.0,0.0,4.0,0.0,0.0,0.0,0.0,0.0,90.36,84.62,0.0,0.0,0.0,46.15,33.33,0.0,0.2302953706798807,0.0508196758495645,0.0,3.0,0.08853662,3.0,15.0,13.0,0.22444217,58.0,CB,26,83,98,52,76,34,31,9,15,72,16,32,79,45,40,81,35,48,42,81,40,45,49,47,51,73,96,45,40,42,21,21,16,81,77,46,88,94,94,93,90,81,75,55,98,100,85,90,34,68,29,15,92,16,56,97,45,40,100,35,48,42,100,40,45,49,47,51,73,96,45,40,42,21,21,16,98,83,46,95,98,99,100,98,96,95,Championship
Southampton,d5ydtvt96bv7fq04yqm2w2632,4mjzjj2p0pzyw0hcq4no9y0o9,F. Azaz,Finn Azaz,25,Midfielder,Republic of Ireland,Midfielder,12.0,36.0,4.0,46.0,6.0,2.0,4.0,0.0,1.0,122.0,1.0,3.0,0.0,4.0,2.0,0.0,2.0,2.0,0.0,0.0,6.0,0.0,2.0,1.0,0.0,0.0,86.79,50.0,33.33,0.0,0.0,36.36,0.0,100.0,0.2631886483761189,0.5819717509411362,0.0,7.0,0.19710195,2.0,8.0,7.0,0.4885537999999999,27.0,8.852459016393443,26.557377049180328,2.950819672131148,33.9344262295082,4.426229508196721,1.4754098360655736,2.950819672131148,0.0,0.7377049180327868,0.7377049180327868,2.2131147540983607,0.0,2.950819672131148,1.4754098360655736,0.0,1.4754098360655736,1.4754098360655736,0.0,0.0,4.426229508196721,0.0,1.4754098360655736,0.7377049180327868,0.0,0.0,86.79,50.0,33.33,0.0,0.0,36.36,0.0,100.0,0.1941555602774647,0.4293234228254283,0.0,5.163934426229508,0.1454030778688524,1.4754098360655736,5.901639344262295,5.163934426229508,0.3604085409836065,19.918032786885245,CM/AM,39,84,86,71,96,46,30,9,61,50,82,14,75,79,25,71,50,45,32,79,29,73,93,50,52,86,52,84,29,32,38,23,86,68,96,25,91,100,75,89,79,100,82,46,89,89,82,100,50,39,9,64,57,93,14,82,82,25,75,57,45,32,89,29,82,100,50,52,86,52,84,29,32,38,23,86,71,100,25,100,100,82,86,89,100,89,Championship
Southampton,d5ydtvt96bv7fq04yqm2w2632,63245yg2ywq2p2s85w4vdokd0,K. Matsuki,Kuryu Matsuki,23,Midfielder,Japan,Midfielder,20.0,50.0,1.0,70.0,3.0,2.0,8.0,1.0,2.0,178.0,2.0,3.0,1.0,3.0,2.0,2.0,1.0,2.0,0.0,0.0,5.0,1.0,0.0,0.0,0.0,0.0,86.42,50.0,0.0,50.0,0.0,42.11,25.0,75.0,0.245642643956678,0.1312793749851779,1.0,4.0,0.09621008,3.0,11.0,7.0,0.13860163,37.0,10.112359550561797,25.280898876404493,0.5056179775280899,35.39325842696629,1.5168539325842696,1.0112359550561798,4.044943820224719,0.5056179775280899,1.0112359550561798,1.0112359550561798,1.5168539325842696,0.5056179775280899,1.5168539325842696,1.0112359550561798,1.0112359550561798,0.5056179775280899,1.0112359550561798,0.0,0.0,2.528089887640449,0.5056179775280899,0.0,0.0,0.0,0.0,86.42,50.0,0.0,50.0,0.0,42.11,25.0,75.0,0.1242013368320282,0.0663772120711573,0.5056179775280899,2.02247191011236,0.0486455460674157,1.5168539325842696,5.561797752808989,3.539325842696629,0.0700794758426966,18.707865168539325,RM/RCM,67,92,29,83,79,46,58,46,88,75,75,50,54,71,100,42,50,38,25,71,58,29,46,54,54,92,62,29,54,25,17,42,75,58,50,50,88,83,92,92,58,42,92,58,83,25,75,67,42,50,42,92,75,67,33,50,67,100,33,50,38,25,50,42,29,46,54,54,92,62,29,54,25,17,42,75,50,33,42,75,67,92,83,50,33,83,Championship
Southampton,d5ydtvt96bv7fq04yqm2w2632,aw0rj02265vpzna0vci2mzkve,N. Wood,Nathan Wood,24,Defender,England,Defender,39.0,9.0,4.0,48.0,0.0,0.0,6.0,3.0,0.0,90.0,1.0,1.0,4.0,0.0,0.0,0.0,0.0,0.0,0.0,0.0,0.0,0.0,0.0,0.0,0.0,0.0,85.71,80.0,0.0,0.0,0.0,75.0,66.67,100.0,0.0,0.0,0.0,0.0,0.0,0.0,0.0,0.0,0.0,0.0,39.0,9.0,4.0,48.0,0.0,0.0,6.0,3.0,0.0,1.0,1.0,4.0,0.0,0.0,0.0,0.0,0.0,0.0,0.0,0.0,0.0,0.0,0.0,0.0,0.0,85.71,80.0,0.0,0.0,0.0,75.0,66.67,100.0,0.0,0.0,0.0,0.0,0.0,0.0,0.0,0.0,0.0,0.0,CB,36,18,53,25,32,34,31,4,15,48,45,47,16,45,40,18,35,48,42,9,40,45,49,47,51,60,94,45,40,42,93,74,89,18,38,46,26,26,42,15,15,14,14,71,32,89,60,32,34,68,10,15,66,68,75,16,45,40,18,35,48,42,9,40,45,49,47,51,60,94,45,40,42,93,74,89,18,38,46,26,26,42,15,15,14,14,Championship
Southampton,d5ydtvt96bv7fq04yqm2w2632,e6la6wx7o6x7k4srpq8tdsafp,J. Stephens,Jack Stephens,32,Defender,England,Defender,82.0,44.0,6.0,126.0,0.0,0.0,4.0,8.0,2.0,180.0,1.0,0.0,3.0,4.0,1.0,1.0,3.0,0.0,0.0,1.0,4.0,0.0,0.0,0.0,0.0,0.0,90.0,42.86,0.0,0.0,25.0,40.0,37.5,0.0,0.3804312253220269,0.0,1.0,4.0,0.0716482599999999,0.0,7.0,11.0,0.15905703,88.0,41.0,22.0,3.0,63.0,0.0,0.0,2.0,4.0,1.0,0.5,0.0,1.5,2.0,0.5,0.5,1.5,0.0,0.0,0.5,2.0,0.0,0.0,0.0,0.0,0.0,90.0,42.86,0.0,0.0,25.0,40.0,37.5,0.0,0.1902156126610134,0.0,0.5,2.0,0.0358241299999999,0.0,3.5,5.5,0.079528515,44.0,CB,84,85,75,85,32,34,15,41,65,48,16,32,98,94,89,96,35,48,90,81,40,45,49,47,51,71,55,45,40,83,14,25,16,96,38,95,93,88,42,75,84,69,90,78,81,69,81,32,34,10,29,60,42,16,25,97,93,86,92,35,48,90,79,40,45,49,47,51,71,55,45,40,83,14,25,16,92,38,95,91,88,42,74,83,67,88,Championship
Southampton,d5ydtvt96bv7fq04yqm2w2632,f46s4bfeipn0k33s0brsu4yl0,Léo Scienza,Leonardo Weschenfelder Scienza,27,Midfielder,Brazil,Midfielder,18.0,34.0,2.0,51.0,2.0,10.0,12.0,0.0,0.0,168.0,6.0,0.0,0.0,4.0,1.0,2.0,3.0,9.0,0.0,1.0,11.0,5.0,1.0,0.0,0.0,0.0,83.61,50.0,10.0,55.56,25.0,66.67,0.0,0.0,0.3633406572671692,0.2175769084337956,2.0,9.0,0.27108717,2.0,4.0,5.0,0.13917477,17.0,9.642857142857142,18.214285714285715,1.0714285714285714,27.32142857142857,1.0714285714285714,5.357142857142857,6.428571428571429,0.0,0.0,3.2142857142857144,0.0,0.0,2.142857142857143,0.5357142857142857,1.0714285714285714,1.6071428571428572,4.821428571428571,0.0,0.5357142857142857,5.892857142857142,2.6785714285714284,0.5357142857142857,0.0,0.0,0.0,83.61,50.0,10.0,55.56,25.0,66.67,0.0,0.0,0.1946467806788406,0.1165590580895333,1.0714285714285714,4.821428571428571,0.1452252696428571,1.0714285714285714,2.142857142857143,2.6785714285714284,0.0745579125,9.107142857142858,LM/LCM,62,62,50,62,50,100,100,25,31,100,38,19,81,62,88,81,100,44,69,88,100,50,50,56,56,62,56,38,62,56,88,25,38,75,62,100,94,100,75,62,44,25,50,75,50,50,62,50,100,88,25,31,88,38,19,88,75,100,88,100,44,88,88,88,50,50,56,56,62,56,38,62,56,88,25,38,75,62,100,88,88,75,62,38,12,50,Championship
Stoke City,4qioq44vcv619vnyy2rpovk4e,4d8b8xuzx7zz2si2rumuxz4k,L. Graham,Luke Graham,22,Defender,Scotland,Defender,21.0,11.0,1.0,32.0,0.0,1.0,6.0,11.0,1.0,90.0,2.0,0.0,2.0,0.0,0.0,0.0,0.0,1.0,0.0,0.0,1.0,0.0,0.0,0.0,0.0,0.0,78.05,20.0,0.0,0.0,0.0,54.55,50.0,0.0,0.0,0.0,0.0,0.0,0.0,0.0,0.0,0.0,0.0,0.0,21.0,11.0,1.0,32.0,0.0,1.0,6.0,11.0,1.0,2.0,0.0,2.0,0.0,0.0,0.0,0.0,1.0,0.0,0.0,1.0,0.0,0.0,0.0,0.0,0.0,78.05,20.0,0.0,0.0,0.0,54.55,50.0,0.0,0.0,0.0,0.0,0.0,0.0,0.0,0.0,0.0,0.0,0.0,CB,12,23,5,10,32,80,31,55,43,72,16,19,16,45,40,18,81,48,42,26,40,45,49,47,51,23,6,45,40,42,35,36,16,18,38,46,26,26,42,15,15,14,14,35,40,14,30,32,91,68,95,60,92,16,38,16,45,40,18,91,48,42,40,40,45,49,47,51,23,6,45,40,42,35,36,16,18,38,46,26,26,42,15,15,14,14,Championship
Stoke City,4qioq44vcv619vnyy2rpovk4e,4st9b47hj4z24nnb92avpcmax,E. Galbraith,Ethan Galbraith,25,Midfielder,Northern Ireland,Midfielder,20.0,28.0,3.0,48.0,2.0,1.0,7.0,2.0,3.0,180.0,3.0,1.0,2.0,1.0,0.0,0.0,1.0,1.0,1.0,1.0,1.0,0.0,0.0,0.0,0.0,0.0,80.0,37.5,0.0,0.0,100.0,31.82,28.57,50.0,0.1042910527639623,0.1869151635210075,0.0,3.0,0.07847979,3.0,4.0,5.0,0.13014216,22.0,10.0,14.0,1.5,24.0,1.0,0.5,3.5,1.0,1.5,1.5,0.5,1.0,0.5,0.0,0.0,0.5,0.5,0.5,0.5,0.5,0.0,0.0,0.0,0.0,0.0,80.0,37.5,0.0,0.0,100.0,31.82,28.57,50.0,0.0521455263819811,0.0934575817605037,0.0,1.5,0.039239895,1.5,2.0,2.5,0.06507108,11.0,DM/CM,36,39,59,37,74,40,39,39,83,74,29,61,43,24,31,70,43,99,89,43,23,39,47,51,51,37,46,39,23,97,6,57,37,57,83,33,69,71,96,40,44,57,39,16,21,44,17,66,26,19,31,66,61,21,56,30,24,31,60,30,97,83,30,23,39,47,51,51,37,46,39,23,97,6,57,37,51,77,33,63,66,86,31,39,43,29,Championship
Stoke City,4qioq44vcv619vnyy2rpovk4e,68fb1zzxa7931hulvp37dlwix,S. Thomas,Sorba Thomas,27,Attacker,Wales,Striker,9.0,28.0,1.0,30.0,6.0,8.0,10.0,0.0,2.0,180.0,5.0,0.0,0.0,3.0,0.0,1.0,3.0,7.0,0.0,1.0,5.0,4.0,7.0,0.0,0.0,0.0,71.43,14.29,28.0,57.14,33.33,50.0,0.0,0.0,0.4757470353295734,0.7222840272703273,1.0,6.0,0.2060936,0.0,3.0,8.0,0.6884887199999999,19.0,4.5,14.0,0.5,15.0,3.0,4.0,5.0,0.0,1.0,2.5,0.0,0.0,1.5,0.0,0.5,1.5,3.5,0.0,0.5,2.5,2.0,3.5,0.0,0.0,0.0,71.43,14.29,28.0,57.14,33.33,50.0,0.0,0.0,0.2378735176647867,0.3611420136351636,0.5,3.0,0.1030468,0.0,1.5,4.0,0.3442443599999999,9.5,LM/LCM,38,50,25,44,94,88,88,25,94,88,38,19,56,25,50,81,88,44,69,62,88,100,50,56,56,31,12,62,75,75,62,25,38,88,100,69,75,75,25,50,100,100,62,25,25,19,12,94,88,62,25,88,75,38,19,50,25,44,75,75,44,56,38,75,100,50,56,56,31,12,62,75,75,62,25,38,88,100,56,62,62,25,50,100,100,62,Championship
Stoke City,4qioq44vcv619vnyy2rpovk4e,6gq38x5xbyz0moa1sk0aw082x,B. Johnson,Ben Johnson,26,Defender,England,Defender,13.0,9.0,1.0,22.0,0.0,1.0,3.0,3.0,0.0,90.0,0.0,0.0,2.0,0.0,0.0,0.0,0.0,1.0,0.0,0.0,1.0,0.0,0.0,0.0,0.0,0.0,84.62,33.33,0.0,0.0,0.0,42.86,66.67,0.0,0.0,0.0,0.0,0.0,0.0,0.0,0.0,0.0,0.0,0.0,13.0,9.0,1.0,22.0,0.0,1.0,3.0,3.0,0.0,0.0,0.0,2.0,0.0,0.0,0.0,0.0,1.0,0.0,0.0,1.0,0.0,0.0,0.0,0.0,0.0,84.62,33.33,0.0,0.0,0.0,42.86,66.67,0.0,0.0,0.0,0.0,0.0,0.0,0.0,0.0,0.0,0.0,0.0,LB/LCB,22,7,31,17,22,41,4,28,9,17,9,39,26,33,31,35,44,48,41,48,31,30,46,48,52,74,61,30,31,41,11,78,9,26,24,43,24,24,33,19,19,19,19,44,15,46,26,22,65,13,48,9,17,9,57,26,33,31,35,65,48,41,65,31,30,46,48,52,74,61,30,31,41,11,78,9,26,24,43,24,24,33,19,19,19,19,Championship
Stoke City,4qioq44vcv619vnyy2rpovk4e,6jo9v8a0t6fwgawl5cl1avndg,D. Soumaré,Djibril Soumaré,23,Midfielder,Senegal,Midfielder,13.0,22.0,0.0,35.0,1.0,1.0,5.0,4.0,0.0,101.0,3.0,0.0,1.0,1.0,1.0,0.0,0.0,1.0,0.0,0.0,0.0,0.0,0.0,0.0,0.0,0.0,76.09,0.0,0.0,0.0,0.0,55.56,50.0,0.0,0.0623166560499099,0.0930698928135635,0.0,1.0,0.0199707,2.0,6.0,6.0,0.0964105099999999,22.0,11.584158415841584,19.603960396039604,0.0,31.18811881188119,0.8910891089108911,0.8910891089108911,4.455445544554456,3.5643564356435644,0.0,2.6732673267326734,0.0,0.8910891089108911,0.8910891089108911,0.8910891089108911,0.0,0.0,0.8910891089108911,0.0,0.0,0.0,0.0,0.0,0.0,0.0,0.0,76.09,0.0,0.0,0.0,0.0,55.56,50.0,0.0,0.0555296935098207,0.0829335678536704,0.0,0.8910891089108911,0.0177956732673267,1.7821782178217822,5.346534653465347,5.346534653465347,0.0859103554455444,19.603960396039604,DM/CM,7,29,9,17,43,40,13,67,13,74,9,39,43,67,31,27,43,49,39,11,23,39,47,51,51,26,9,39,23,39,57,79,9,43,60,33,43,39,84,50,56,37,39,23,57,9,37,51,54,37,86,13,89,9,51,63,83,31,27,57,49,39,11,23,39,47,51,51,26,9,39,23,39,57,79,9,54,69,33,51,46,91,83,71,60,66,Championship
Stoke City,4qioq44vcv619vnyy2rpovk4e,6rp92ygg80tsb2jo1tqlrhoet,B. Gibson,Ben Gibson,33,Defender,England,Defender,33.0,11.0,1.0,44.0,0.0,0.0,4.0,4.0,1.0,90.0,0.0,1.0,3.0,2.0,0.0,0.0,2.0,0.0,0.0,1.0,2.0,0.0,0.0,0.0,0.0,0.0,91.67,33.33,0.0,0.0,50.0,50.0,0.0,100.0,0.2524543692398844,0.0,0.0,0.0,0.0,0.0,4.0,2.0,0.0589987199999999,30.0,33.0,11.0,1.0,44.0,0.0,0.0,4.0,4.0,1.0,0.0,1.0,3.0,2.0,0.0,0.0,2.0,0.0,0.0,1.0,2.0,0.0,0.0,0.0,0.0,0.0,91.67,33.33,0.0,0.0,50.0,50.0,0.0,100.0,0.2524543692398844,0.0,0.0,0.0,0.0,0.0,4.0,2.0,0.0589987199999999,30.0,LB/LCB,76,13,31,33,22,9,9,39,28,17,30,61,83,33,31,91,13,48,89,72,31,30,46,48,52,93,61,30,31,96,31,9,83,93,24,43,24,24,33,67,44,44,74,96,30,46,78,22,9,39,61,44,17,48,87,93,33,31,98,13,48,98,93,31,30,46,48,52,93,61,30,31,96,31,9,83,96,24,43,24,24,33,81,54,52,93,Championship
Stoke City,4qioq44vcv619vnyy2rpovk4e,9niphkn6fjc581t88l6mv561h,S. Gallagher,Sam Gallagher,30,Attacker,England,Striker,5.0,2.0,0.0,6.0,1.0,1.0,10.0,2.0,3.0,140.0,0.0,0.0,10.0,1.0,0.0,0.0,1.0,1.0,0.0,0.0,2.0,0.0,1.0,1.0,0.0,0.0,30.0,0.0,25.0,0.0,0.0,38.46,55.56,0.0,0.1103258944165705,0.1188600331653942,0.0,1.0,0.02756312,0.0,0.0,0.0,0.08508999,2.0,3.2142857142857144,1.2857142857142856,0.0,3.857142857142857,0.6428571428571428,0.6428571428571428,6.428571428571429,1.2857142857142856,1.9285714285714288,0.0,0.0,6.428571428571429,0.6428571428571428,0.0,0.0,0.6428571428571428,0.6428571428571428,0.0,0.0,1.2857142857142856,0.0,0.6428571428571428,0.6428571428571428,0.0,0.0,30.0,0.0,25.0,0.0,0.0,38.46,55.56,0.0,0.0709237892677953,0.0764100213206105,0.0,0.6428571428571428,0.0177191485714285,0.0,0.0,0.0,0.0547007078571428,1.2857142857142856,ST,50,3,31,5,36,27,68,67,99,10,24,90,14,26,25,22,30,30,11,7,22,89,92,51,51,5,31,84,22,11,31,76,24,16,57,24,47,50,26,18,14,61,14,48,2,31,2,30,27,68,61,100,10,24,91,9,26,25,18,30,30,11,5,22,91,93,51,51,5,31,84,22,11,31,76,24,14,55,24,44,50,26,18,14,61,11,Championship
Stoke City,4qioq44vcv619vnyy2rpovk4e,cio2vcp99kow5ypeeend5rd91,S. Ingelsson,Svante Ingelsson,28,Midfielder,Sweden,Midfielder,2.0,10.0,1.0,11.0,0.0,0.0,3.0,1.0,2.0,90.0,1.0,1.0,0.0,1.0,0.0,0.0,1.0,0.0,0.0,0.0,2.0,0.0,1.0,0.0,0.0,0.0,55.0,33.33,100.0,0.0,0.0,37.5,0.0,50.0,0.1064666581866721,0.0,1.0,2.0,0.0619411099999999,2.0,1.0,3.0,0.17435719,6.0,2.0,10.0,1.0,11.0,0.0,0.0,3.0,1.0,2.0,1.0,1.0,0.0,1.0,0.0,0.0,1.0,0.0,0.0,0.0,2.0,0.0,1.0,0.0,0.0,0.0,55.0,33.33,100.0,0.0,0.0,37.5,0.0,50.0,0.1064666581866721,0.0,1.0,2.0,0.0619411099999999,2.0,1.0,3.0,0.17435719,6.0,CM/AM,4,5,39,4,9,12,20,30,80,50,39,14,27,21,25,43,12,45,32,23,29,57,43,50,52,4,30,100,29,32,45,23,36,25,9,64,39,36,75,12,39,57,4,4,21,50,4,9,12,45,46,91,62,55,14,43,21,25,62,12,45,32,45,29,62,43,50,52,4,30,100,29,32,45,23,36,50,9,79,61,64,88,20,57,71,16,Championship
Stoke City,4qioq44vcv619vnyy2rpovk4e,cktiijy988jhwjoiavbh7p889,B. Wilmot,Ben Wilmot,26,Defender,England,Defender,39.0,12.0,4.0,51.0,0.0,2.0,5.0,8.0,0.0,180.0,0.0,3.0,1.0,1.0,0.0,1.0,1.0,2.0,0.0,0.0,2.0,1.0,0.0,0.0,0.0,0.0,76.12,44.44,0.0,50.0,0.0,62.5,50.0,100.0,0.160074731024819,0.0,0.0,1.0,0.02953272,0.0,2.0,7.0,0.07345015,31.0,19.5,6.0,2.0,25.5,0.0,1.0,2.5,4.0,0.0,0.0,1.5,0.5,0.5,0.0,0.5,0.5,1.0,0.0,0.0,1.0,0.5,0.0,0.0,0.0,0.0,76.12,44.44,0.0,50.0,0.0,62.5,50.0,100.0,0.0800373655124095,0.0,0.0,0.5,0.01476636,0.0,1.0,3.5,0.036725075,15.5,CB,36,29,53,29,32,94,22,41,15,17,93,7,49,45,89,53,94,48,42,44,89,45,49,47,51,17,61,45,83,42,61,36,89,71,38,46,60,69,42,44,71,40,47,27,21,44,21,32,91,17,29,15,17,91,5,44,45,86,49,91,48,42,40,86,45,49,47,51,17,61,45,83,42,61,36,89,71,38,46,58,67,42,44,69,38,47,Championship
Stoke City,4qioq44vcv619vnyy2rpovk4e,cyt00eh5qk5dkzfshamy992j8,Bae Jun-Ho,Jun-Ho Bae,23,Midfielder,Korea Republic,Midfielder,11.0,16.0,0.0,27.0,3.0,3.0,11.0,1.0,1.0,110.0,4.0,1.0,4.0,2.0,1.0,1.0,1.0,3.0,0.0,0.0,3.0,2.0,0.0,0.0,0.0,0.0,81.82,0.0,0.0,66.67,0.0,68.75,80.0,100.0,0.2250523190279849,0.2356757625141612,1.0,4.0,0.07672668,1.0,2.0,4.0,0.08530761,15.0,9.0,13.09090909090909,0.0,22.09090909090909,2.454545454545454,2.454545454545454,9.0,0.8181818181818181,0.8181818181818181,3.2727272727272725,0.8181818181818181,3.2727272727272725,1.6363636363636362,0.8181818181818181,0.8181818181818181,0.8181818181818181,2.454545454545454,0.0,0.0,2.454545454545454,1.6363636363636362,0.0,0.0,0.0,0.0,81.82,0.0,0.0,66.67,0.0,68.75,80.0,100.0,0.1841337155683512,0.1928256238752227,0.8181818181818181,3.2727272727272725,0.0627763745454545,0.8181818181818181,1.6363636363636362,3.2727272727272725,0.0697971354545454,12.272727272727272,CM/AM,34,25,14,18,70,61,96,30,61,96,39,95,52,55,64,43,66,45,32,43,80,27,43,50,52,50,14,27,93,32,100,100,86,57,61,64,73,57,45,32,54,18,50,54,43,14,43,79,79,100,39,68,100,46,100,54,68,75,57,79,45,32,54,86,27,43,50,52,50,14,27,93,32,100,100,86,68,64,71,79,68,54,54,64,29,71,Championship
Stoke City,4qioq44vcv619vnyy2rpovk4e,czh4r9efdbw4fvdux0enl127e,M. Manhoef,Million Manhoef,24,Attacker,Netherlands,Striker,2.0,7.0,1.0,8.0,1.0,5.0,4.0,0.0,1.0,90.0,1.0,2.0,1.0,0.0,0.0,0.0,0.0,4.0,0.0,0.0,1.0,0.0,1.0,0.0,0.0,0.0,72.73,50.0,14.29,0.0,0.0,30.77,0.0,100.0,0.0,0.1172258304323166,0.0,2.0,0.04398591,0.0,1.0,1.0,0.1560633899999999,3.0,2.0,7.0,1.0,8.0,1.0,5.0,4.0,0.0,1.0,1.0,2.0,1.0,0.0,0.0,0.0,0.0,4.0,0.0,0.0,1.0,0.0,1.0,0.0,0.0,0.0,72.73,50.0,14.29,0.0,0.0,30.77,0.0,100.0,0.0,0.1172258304323166,0.0,2.0,0.04398591,0.0,1.0,1.0,0.1560633899999999,3.0,RW,11,11,50,11,33,89,39,22,78,50,89,67,17,33,39,17,83,44,22,11,22,56,44,56,56,11,50,56,22,22,44,39,78,17,44,28,22,11,17,39,17,44,11,11,11,83,11,44,100,67,22,100,72,100,78,17,33,39,17,100,44,22,11,22,67,44,56,56,11,50,56,22,22,44,39,78,17,56,28,33,33,17,56,22,67,11,Championship
Stoke City,4qioq44vcv619vnyy2rpovk4e,eakj3xa0pa88pajbvasbwqwdm,E. Bocat,Eric Bocat,27,Defender,France,Defender,32.0,19.0,1.0,51.0,2.0,4.0,6.0,9.0,5.0,171.0,0.0,3.0,1.0,3.0,1.0,1.0,2.0,4.0,1.0,1.0,2.0,1.0,0.0,0.0,0.0,0.0,85.0,25.0,0.0,25.0,33.33,42.86,33.33,75.0,0.2403667141316453,0.1509272404538141,1.0,1.0,0.01611813,0.0,5.0,6.0,0.0835768099999999,26.0,16.842105263157894,10.0,0.5263157894736842,26.842105263157897,1.0526315789473684,2.1052631578947367,3.1578947368421053,4.736842105263158,2.631578947368421,0.0,1.5789473684210529,0.5263157894736842,1.5789473684210529,0.5263157894736842,0.5263157894736842,1.0526315789473684,2.1052631578947367,0.5263157894736842,0.5263157894736842,1.0526315789473684,0.5263157894736842,0.0,0.0,0.0,0.0,85.0,25.0,0.0,25.0,33.33,42.86,33.33,75.0,0.1265087969113922,0.0794353897125337,0.5263157894736842,0.5263157894736842,0.0084832263157894,0.0,2.631578947368421,3.1578947368421053,0.043987794736842,13.68421052631579,LB/LCB,69,31,31,48,61,94,31,87,100,17,91,13,91,81,78,91,94,98,89,72,72,30,46,48,52,78,41,30,63,87,11,35,61,85,59,93,54,48,33,72,72,52,69,67,20,26,41,63,93,19,78,96,17,89,11,81,78,78,89,93,100,85,74,70,30,46,48,52,78,41,30,63,87,11,35,61,89,56,96,48,48,33,67,63,48,63,Championship
Swansea City,410jti6axb01yhvbc0axsp8li,1y8al9ijg80ls3ne4jafn4o44,M. Yeo,Moussa Yeo,22,Midfielder,Mali,Midfielder,7.0,23.0,3.0,29.0,2.0,4.0,8.0,2.0,0.0,126.0,1.0,3.0,1.0,1.0,0.0,0.0,1.0,4.0,0.0,0.0,5.0,2.0,1.0,0.0,0.0,0.0,61.7,50.0,50.0,50.0,0.0,40.0,20.0,75.0,0.1107168751148325,0.2504894436126431,1.0,5.0,0.17310678,3.0,2.0,3.0,0.18444827,10.0,5.0,16.42857142857143,2.142857142857143,20.714285714285715,1.4285714285714286,2.857142857142857,5.714285714285714,1.4285714285714286,0.0,0.7142857142857143,2.142857142857143,0.7142857142857143,0.7142857142857143,0.0,0.0,0.7142857142857143,2.857142857142857,0.0,0.0,3.571428571428572,1.4285714285714286,0.7142857142857143,0.0,0.0,0.0,61.7,50.0,50.0,50.0,0.0,40.0,20.0,75.0,0.0790834822248803,0.1789210311518879,0.7142857142857143,3.571428571428572,0.1236477,2.142857142857143,1.4285714285714286,2.142857142857143,0.1317487642857143,7.142857142857143,LM/LCM,25,38,62,25,50,69,62,62,31,25,88,62,25,25,19,38,69,44,25,62,62,50,50,56,56,12,56,88,50,25,31,50,75,25,75,69,56,62,88,31,12,38,25,38,38,75,38,62,62,75,62,31,38,100,75,25,25,19,38,62,44,25,62,62,62,50,56,56,12,56,88,50,25,31,50,75,38,75,88,75,75,100,38,12,50,12,Championship
Swansea City,410jti6axb01yhvbc0axsp8li,28nwcftua787pzd6y0iu8vch5,B. Cabango,Ben Cabango,26,Defender,Wales,Defender,73.0,22.0,4.0,95.0,0.0,0.0,10.0,23.0,1.0,157.0,0.0,2.0,8.0,1.0,0.0,1.0,1.0,0.0,0.0,0.0,2.0,0.0,0.0,0.0,0.0,0.0,84.82,30.77,0.0,0.0,0.0,83.33,80.0,100.0,0.1382803279597554,0.0,0.0,1.0,0.01870347,0.0,10.0,5.0,0.0861004499999999,47.0,41.847133757961785,12.611464968152866,2.2929936305732483,54.45859872611465,0.0,0.0,5.732484076433121,13.18471337579618,0.5732484076433121,0.0,1.1464968152866242,4.585987261146497,0.5732484076433121,0.0,0.5732484076433121,0.5732484076433121,0.0,0.0,0.0,1.1464968152866242,0.0,0.0,0.0,0.0,0.0,84.82,30.77,0.0,0.0,0.0,83.33,80.0,100.0,0.0792689778113247,0.0,0.0,0.5732484076433121,0.0107217343949044,0.0,5.732484076433121,2.8662420382165603,0.0493569458598725,26.94267515923567,CB,74,50,53,70,32,34,61,99,43,17,74,79,49,45,89,53,35,48,42,44,40,45,49,47,51,52,17,45,40,42,100,93,89,58,38,46,60,56,42,82,66,48,62,81,54,48,67,32,34,58,100,48,17,85,81,60,45,96,67,35,48,42,50,40,45,49,47,51,52,17,45,40,42,100,93,89,69,38,46,67,60,42,83,67,54,67,Championship
Swansea City,410jti6axb01yhvbc0axsp8li,3ubrnz9zh0n86wur5rug0p53o,F. Lissah,Filip Lissah,21,Defender,Czechia,Defender,46.0,33.0,2.0,79.0,0.0,1.0,12.0,3.0,3.0,145.0,2.0,4.0,6.0,0.0,0.0,0.0,0.0,1.0,0.0,0.0,0.0,0.0,0.0,0.0,0.0,0.0,84.04,25.0,0.0,0.0,0.0,52.17,66.67,100.0,0.0,0.0,0.0,0.0,0.0,0.0,0.0,0.0,0.0,0.0,28.551724137931032,20.48275862068965,1.2413793103448276,49.03448275862069,0.0,0.6206896551724138,7.448275862068965,1.862068965517241,1.862068965517241,1.2413793103448276,2.4827586206896552,3.724137931034482,0.0,0.0,0.0,0.0,0.6206896551724138,0.0,0.0,0.0,0.0,0.0,0.0,0.0,0.0,84.04,25.0,0.0,0.0,0.0,52.17,66.67,100.0,0.0,0.0,0.0,0.0,0.0,0.0,0.0,0.0,0.0,0.0,RB/RCB,92,78,32,84,18,52,92,30,88,78,98,92,22,36,42,30,56,50,46,14,38,32,42,52,52,60,26,32,38,46,60,88,90,22,22,36,22,22,26,18,12,12,12,96,80,32,84,18,48,96,28,92,80,92,96,22,36,42,30,52,50,46,14,38,32,42,52,52,60,26,32,38,46,60,88,90,22,22,36,22,22,26,18,12,12,12,Championship
Swansea City,410jti6axb01yhvbc0axsp8li,488wl4pmgfxo4f7kgfm7sps2y,Ž. Vipotnik,Zan Vipotnik,24,Attacker,Slovenia,Striker,3.0,6.0,0.0,9.0,1.0,0.0,8.0,2.0,0.0,94.0,2.0,0.0,6.0,3.0,1.0,1.0,2.0,0.0,0.0,1.0,3.0,0.0,0.0,1.0,0.0,0.0,56.25,0.0,0.0,0.0,33.33,57.14,75.0,0.0,0.267927533225875,0.0,1.0,0.0,0.0,0.0,0.0,0.0,0.00966683,3.0,2.872340425531915,5.74468085106383,0.0,8.617021276595745,0.9574468085106382,0.0,7.659574468085106,1.9148936170212765,0.0,1.9148936170212765,0.0,5.74468085106383,2.872340425531915,0.9574468085106382,0.9574468085106382,1.9148936170212765,0.0,0.0,0.9574468085106382,2.872340425531915,0.0,0.0,0.9574468085106382,0.0,0.0,56.25,0.0,0.0,0.0,33.33,57.14,75.0,0.0,0.2565263615992419,0.0,0.9574468085106382,0.0,0.0,0.0,0.0,0.0,0.0092554755319148,2.872340425531915,ST,19,11,31,10,36,9,49,67,36,48,24,73,41,65,61,39,10,30,38,16,22,41,92,51,51,19,31,41,22,45,77,99,24,39,16,59,18,18,26,18,14,14,23,39,30,31,34,45,9,82,80,36,64,24,89,64,73,70,55,10,30,48,32,22,41,100,51,51,19,31,41,22,45,77,99,24,57,16,64,18,18,26,18,14,20,34,Championship
Swansea City,410jti6axb01yhvbc0axsp8li,7xvf4wf0nsphx6e08ijfc2lex,J. Tymon,Josh Tymon,27,Defender,England,Defender,33.0,46.0,2.0,75.0,4.0,1.0,6.0,2.0,0.0,180.0,1.0,2.0,1.0,1.0,1.0,1.0,0.0,0.0,0.0,0.0,2.0,0.0,4.0,1.0,0.0,0.0,89.29,50.0,20.0,0.0,0.0,85.71,0.0,50.0,0.0704104243388406,0.5815410365796048,1.0,3.0,0.06279657,2.0,7.0,3.0,0.2643257699999999,41.0,16.5,23.0,1.0,37.5,2.0,0.5,3.0,1.0,0.0,0.5,1.0,0.5,0.5,0.5,0.5,0.0,0.0,0.0,0.0,1.0,0.0,2.0,0.5,0.0,0.0,89.29,50.0,20.0,0.0,0.0,85.71,0.0,50.0,0.0352052121694203,0.2907705182898024,0.5,1.5,0.031398285,1.0,3.5,1.5,0.1321628849999999,20.5,LB/LCB,76,89,52,78,93,41,31,19,9,43,61,13,65,81,78,35,13,48,41,72,31,91,96,48,52,89,74,78,31,41,96,9,37,63,96,93,70,63,87,81,52,81,85,63,81,46,67,89,30,13,15,9,35,48,6,56,70,69,35,13,48,41,65,31,89,94,48,52,89,74,78,31,41,96,9,37,59,93,89,65,63,83,78,44,74,74,Championship
Swansea City,410jti6axb01yhvbc0axsp8li,83tm94lm2yguh2eri5gnqv8fe,M. Stamenić,Marko Stamenic,24,Midfielder,New Zealand,Midfielder,24.0,29.0,3.0,53.0,1.0,2.0,9.0,3.0,3.0,180.0,1.0,2.0,4.0,1.0,0.0,0.0,1.0,1.0,0.0,1.0,2.0,1.0,0.0,0.0,0.0,0.0,86.89,75.0,0.0,100.0,100.0,60.0,50.0,66.67,0.1427313352719451,0.1126108571401071,0.0,3.0,0.07934409,0.0,10.0,7.0,0.1085833099999999,24.0,12.0,14.5,1.5,26.5,0.5,1.0,4.5,1.5,1.5,0.5,1.0,2.0,0.5,0.0,0.0,0.5,0.5,0.0,0.5,1.0,0.5,0.0,0.0,0.0,0.0,86.89,75.0,0.0,100.0,100.0,60.0,50.0,66.67,0.0713656676359725,0.0563054285700535,0.0,1.5,0.039672045,0.0,5.0,3.5,0.0542916549999999,12.0,DM/CM,44,46,59,40,43,67,64,54,83,29,56,87,43,24,31,70,43,49,89,73,63,39,47,51,51,71,91,39,84,97,71,79,50,63,66,33,69,74,29,86,69,46,53,30,30,44,26,33,63,43,49,66,24,44,80,30,24,31,60,30,49,83,67,50,39,47,51,51,71,91,39,84,97,71,79,50,60,63,33,63,69,29,74,53,34,33,Championship
Swansea City,410jti6axb01yhvbc0axsp8li,9z5mgvlru0x1bl4lhwe1irw15,S. Welsh,Stephen Welsh,26,Defender,Scotland,Defender,49.0,44.0,5.0,93.0,0.0,1.0,11.0,8.0,1.0,180.0,3.0,1.0,6.0,1.0,0.0,1.0,1.0,1.0,0.0,0.0,1.0,0.0,0.0,0.0,0.0,0.0,82.3,31.25,0.0,0.0,0.0,78.57,75.0,50.0,0.1335691880437325,0.0,0.0,5.0,0.11082699,3.0,12.0,10.0,0.1769291599999999,67.0,24.5,22.0,2.5,46.5,0.0,0.5,5.5,4.0,0.5,1.5,0.5,3.0,0.5,0.0,0.5,0.5,0.5,0.0,0.0,0.5,0.0,0.0,0.0,0.0,0.0,82.3,31.25,0.0,0.0,0.0,78.57,75.0,50.0,0.0667845940218662,0.0,0.0,2.5,0.055413495,1.5,6.0,5.0,0.0884645799999999,33.5,LB/LCB,96,83,80,96,22,41,85,74,28,89,30,89,65,33,78,76,44,48,41,48,31,30,46,48,52,59,56,30,31,41,89,83,37,78,24,43,91,89,98,91,85,70,100,93,78,70,89,22,30,81,61,19,81,22,87,56,33,69,70,33,48,41,37,31,30,46,48,52,59,56,30,31,41,89,83,37,74,24,43,85,81,96,91,81,63,100,Championship
Swansea City,410jti6axb01yhvbc0axsp8li,a4a4f09ue90nufjf16nrf766s,J. Opoku,Joseph Opoku,21,Attacker,Ghana,Striker,7.0,43.0,1.0,49.0,1.0,3.0,6.0,4.0,0.0,180.0,1.0,2.0,1.0,3.0,1.0,0.0,2.0,3.0,1.0,1.0,10.0,1.0,1.0,0.0,0.0,0.0,80.33,33.33,20.0,33.33,33.33,33.33,20.0,66.67,0.2795146331856923,0.0605484365353296,1.0,12.0,0.36808152,1.0,8.0,4.0,0.09356627,17.0,3.5,21.5,0.5,24.5,0.5,1.5,3.0,2.0,0.0,0.5,1.0,0.5,1.5,0.5,0.0,1.0,1.5,0.5,0.5,5.0,0.5,0.5,0.0,0.0,0.0,80.33,33.33,20.0,33.33,33.33,33.33,20.0,66.67,0.1397573165928461,0.0302742182676648,0.5,6.0,0.18404076,0.5,4.0,2.0,0.046783135,8.5,RW,44,100,50,100,33,56,67,100,28,50,89,67,72,78,39,61,61,94,61,89,56,56,44,56,56,56,28,67,56,67,56,78,44,67,22,67,89,89,39,100,56,22,83,33,100,28,100,22,56,44,100,28,33,78,56,67,72,39,44,56,89,50,89,50,44,44,56,56,56,28,67,56,67,56,78,44,56,22,56,89,89,39,100,56,11,72,Championship
Swansea City,410jti6axb01yhvbc0axsp8li,a6akbulf3p1ot4oze503w0u6t,J. Fulton,Jay Fulton,32,Midfielder,Scotland,Midfielder,43.0,40.0,4.0,83.0,0.0,3.0,12.0,5.0,3.0,165.0,2.0,0.0,5.0,0.0,0.0,0.0,0.0,3.0,0.0,0.0,1.0,3.0,0.0,0.0,0.0,0.0,83.84,40.0,0.0,100.0,0.0,50.0,45.45,0.0,0.0,0.0,0.0,0.0,0.0,0.0,0.0,0.0,0.0,0.0,23.454545454545457,21.81818181818182,2.181818181818182,45.27272727272727,0.0,1.6363636363636365,6.545454545454546,2.7272727272727275,1.6363636363636365,1.090909090909091,0.0,2.7272727272727275,0.0,0.0,0.0,0.0,1.6363636363636365,0.0,0.0,0.5454545454545455,1.6363636363636365,0.0,0.0,0.0,0.0,83.84,40.0,0.0,100.0,0.0,50.0,45.45,0.0,0.0,0.0,0.0,0.0,0.0,0.0,0.0,0.0,0.0,0.0,DM/CM,86,71,77,77,14,81,89,81,83,51,9,96,11,24,31,27,84,49,39,43,91,39,47,51,51,51,49,39,84,39,44,74,9,13,23,33,17,17,29,11,11,11,11,89,63,71,69,14,77,89,77,80,57,9,91,11,24,31,27,83,49,39,43,94,39,47,51,51,51,49,39,84,39,44,74,9,13,23,33,17,17,29,11,11,11,11,Championship
Swansea City,410jti6axb01yhvbc0axsp8li,b9g3gwxlao9u6y4elz1sdukmh,E. Just,Elijah Just,26,Attacker,New Zealand,Striker,15.0,38.0,4.0,53.0,0.0,2.0,6.0,2.0,0.0,132.0,2.0,0.0,3.0,2.0,1.0,1.0,1.0,2.0,0.0,0.0,2.0,0.0,0.0,0.0,0.0,0.0,71.62,36.36,0.0,0.0,0.0,50.0,60.0,0.0,0.1717736381987336,0.0,0.0,5.0,0.14121104,1.0,4.0,10.0,0.17572026,28.0,10.227272727272728,25.90909090909091,2.7272727272727275,36.13636363636364,0.0,1.3636363636363638,4.090909090909091,1.3636363636363638,0.0,1.3636363636363638,0.0,2.0454545454545454,1.3636363636363638,0.6818181818181819,0.6818181818181819,0.6818181818181819,1.3636363636363638,0.0,0.0,1.3636363636363638,0.0,0.0,0.0,0.0,0.0,71.62,36.36,0.0,0.0,0.0,50.0,60.0,0.0,0.1171183896809547,0.0,0.0,3.409090909090909,0.0962802545454545,0.6818181818181819,2.7272727272727275,6.818181818181818,0.1198092681818181,19.090909090909093,ST,98,95,98,95,10,49,27,67,36,48,24,60,24,65,61,22,53,30,11,7,22,41,42,51,51,45,66,41,22,11,61,85,24,23,16,24,84,75,66,92,98,82,98,98,98,100,100,10,57,36,66,36,52,24,61,27,64,64,25,61,30,11,9,22,41,42,51,51,45,66,41,22,11,61,85,24,20,16,24,89,82,80,93,100,82,100,Championship
Watford,4t83rqbdbekinxl5fz2ygsyta,1plfjycmhwcdjrrgpqa7w1gk4,A. Nabizada,Amin Nabizada,19,Attacker,Afghanistan,Striker,3.0,19.0,1.0,20.0,2.0,1.0,2.0,2.0,0.0,128.0,0.0,1.0,0.0,2.0,0.0,0.0,2.0,1.0,1.0,2.0,3.0,0.0,2.0,0.0,0.0,0.0,74.07,33.33,33.33,0.0,100.0,22.22,0.0,50.0,0.1365192635537468,0.2069576719273737,1.0,2.0,0.05897312,3.0,1.0,6.0,0.1738796399999999,10.0,2.109375,13.359375,0.703125,14.0625,1.40625,0.703125,1.40625,1.40625,0.0,0.0,0.703125,0.0,1.40625,0.0,0.0,1.40625,0.703125,0.703125,1.40625,2.109375,0.0,1.40625,0.0,0.0,0.0,74.07,33.33,33.33,0.0,100.0,22.22,0.0,50.0,0.0959901071862282,0.1455171130739346,0.703125,1.40625,0.0414654749999999,2.109375,0.703125,4.21875,0.1222591218749999,7.03125,RW,22,22,50,22,61,11,17,78,28,17,44,28,44,33,39,61,11,94,94,33,22,78,44,56,56,22,28,78,22,94,22,39,33,33,67,67,22,22,78,39,78,56,28,22,33,67,22,67,11,22,89,28,17,67,28,56,33,39,78,11,100,100,33,22,78,44,56,56,22,28,78,22,94,22,39,33,33,67,78,22,22,89,44,89,44,33,Championship
Watford,4t83rqbdbekinxl5fz2ygsyta,4cu8rbv55v6f6jiq50c4xatqs,E. Bove,Edoardo Bove,24,Midfielder,Italy,Midfielder,17.0,20.0,0.0,37.0,1.0,1.0,12.0,2.0,4.0,128.0,5.0,4.0,1.0,1.0,1.0,0.0,0.0,1.0,0.0,0.0,4.0,1.0,0.0,0.0,0.0,0.0,77.08,0.0,0.0,100.0,0.0,57.14,33.33,80.0,0.0604803708434228,0.0,0.0,1.0,0.0199707,0.0,3.0,5.0,0.0880718399999999,23.0,11.953125,14.0625,0.0,26.015625,0.703125,0.703125,8.4375,1.40625,2.8125,3.515625,2.8125,0.703125,0.703125,0.703125,0.0,0.0,0.703125,0.0,0.0,2.8125,0.703125,0.0,0.0,0.0,0.0,77.08,0.0,0.0,100.0,0.0,57.14,33.33,80.0,0.0425252607492816,0.0,0.0,0.703125,0.0140418984375,0.0,2.109375,3.515625,0.0619255124999999,16.171875,DM/CM,24,20,9,20,43,40,89,39,96,96,94,39,43,67,31,27,43,49,39,94,63,39,47,51,51,29,9,39,84,39,64,63,71,40,23,33,43,39,29,33,44,29,47,26,26,9,23,46,40,100,43,97,97,94,40,49,69,31,27,46,49,39,97,74,39,47,51,51,29,9,39,84,39,64,63,71,43,23,33,43,43,29,34,57,40,46,Championship
Watford,4t83rqbdbekinxl5fz2ygsyta,6dg2ztkkig9alktiq5zakbm5l,O. Traoré,Omar Haktab Traoré,28,Defender,Germany,Defender,13.0,9.0,4.0,21.0,1.0,0.0,4.0,4.0,1.0,134.0,1.0,1.0,1.0,1.0,0.0,0.0,1.0,0.0,0.0,1.0,1.0,0.0,1.0,1.0,0.0,0.0,77.78,66.67,50.0,0.0,100.0,44.44,50.0,33.33,0.0672855906854204,0.1551327109981618,1.0,0.0,0.0,0.0,1.0,4.0,0.30610198,14.0,8.73134328358209,6.044776119402985,2.686567164179104,14.1044776119403,0.6716417910447761,0.0,2.686567164179104,2.686567164179104,0.6716417910447761,0.6716417910447761,0.6716417910447761,0.6716417910447761,0.6716417910447761,0.0,0.0,0.6716417910447761,0.0,0.0,0.6716417910447761,0.6716417910447761,0.0,0.6716417910447761,0.6716417910447761,0.0,0.0,77.78,66.67,50.0,0.0,100.0,44.44,50.0,33.33,0.0451918146394614,0.104193611864437,0.6716417910447761,0.0,0.0,0.0,0.6716417910447761,2.686567164179104,0.2055908820895522,9.402985074626866,RB/RCB,28,12,72,18,54,18,18,46,42,50,40,22,60,36,42,76,20,50,94,34,38,76,92,52,52,44,80,96,38,98,42,48,20,52,76,84,22,22,26,38,56,80,44,32,24,84,20,68,18,32,44,40,56,60,24,72,36,42,92,20,50,96,36,38,88,96,52,52,44,80,96,38,98,42,48,20,52,84,92,22,22,26,40,68,88,56,Championship
Watford,4t83rqbdbekinxl5fz2ygsyta,6ffcfr6a1l2p5crr71rb5szys,Iker Bravo,Iker Bravo,21,Attacker,Spain,Striker,11.0,22.0,0.0,33.0,2.0,6.0,11.0,1.0,3.0,151.0,4.0,1.0,0.0,6.0,3.0,4.0,3.0,6.0,1.0,2.0,9.0,6.0,0.0,0.0,0.0,0.0,86.84,0.0,0.0,100.0,33.33,78.57,0.0,100.0,0.704958507950908,0.1380679847733396,3.0,3.0,0.06472266,2.0,5.0,3.0,0.07591984,18.0,6.556291390728477,13.112582781456954,0.0,19.66887417218543,1.1920529801324502,3.576158940397351,6.556291390728477,0.5960264900662251,1.7880794701986755,2.3841059602649004,0.5960264900662251,0.0,3.576158940397351,1.7880794701986755,2.3841059602649004,1.7880794701986755,3.576158940397351,0.5960264900662251,1.1920529801324502,5.364238410596027,3.576158940397351,0.0,0.0,0.0,0.0,86.84,0.0,0.0,100.0,33.33,78.57,0.0,100.0,0.4201739451363027,0.0822921763549706,1.7880794701986755,1.7880794701986755,0.0385764198675496,1.1920529801324502,2.980132450331126,1.7880794701986755,0.0452502357615894,10.728476821192054,ST,84,81,31,84,70,94,76,42,99,86,60,10,85,97,97,59,95,73,68,78,100,41,42,51,51,91,31,41,93,45,100,12,89,86,59,98,73,66,88,98,80,59,93,84,80,31,84,66,93,70,39,98,75,55,10,80,91,95,52,93,66,64,66,100,41,42,51,51,91,31,41,93,45,100,12,89,86,59,95,75,66,89,95,73,55,93,Championship
Watford,4t83rqbdbekinxl5fz2ygsyta,73xp84wcireskxy001lvsm42c,O. Maamma,Othmane Maamma,20,Attacker,Morocco,Striker,10.0,26.0,1.0,36.0,2.0,8.0,6.0,4.0,1.0,135.0,4.0,0.0,0.0,3.0,0.0,2.0,3.0,7.0,0.0,1.0,9.0,2.0,0.0,0.0,0.0,0.0,75.0,20.0,0.0,28.57,33.33,46.15,0.0,0.0,0.1943697548554578,0.1545507168646941,2.0,6.0,0.16610347,3.0,4.0,3.0,0.11133939,10.0,6.666666666666667,17.333333333333332,0.6666666666666666,24.0,1.3333333333333333,5.333333333333333,4.0,2.6666666666666665,0.6666666666666666,2.6666666666666665,0.0,0.0,2.0,0.0,1.3333333333333333,2.0,4.666666666666667,0.0,0.6666666666666666,6.0,1.3333333333333333,0.0,0.0,0.0,0.0,75.0,20.0,0.0,28.57,33.33,46.15,0.0,0.0,0.1295798365703052,0.1030338112431294,1.3333333333333333,4.0,0.1107356466666666,2.0,2.6666666666666665,2.0,0.07422626,6.666666666666667,ST,82,92,68,89,70,98,27,91,80,86,24,10,41,26,83,59,98,30,38,78,85,41,42,51,51,64,61,41,45,45,50,12,24,27,70,83,91,84,97,92,80,75,81,86,93,70,93,76,98,30,98,78,82,24,10,43,26,89,65,98,30,34,78,84,41,42,51,51,64,61,41,45,45,50,12,24,27,70,83,93,91,95,91,82,68,82,Championship
Watford,4t83rqbdbekinxl5fz2ygsyta,918sxflcvngsy0xvc9dh3jaei,J. Zemura,Jordan Zemura,26,Defender,Zimbabwe,Defender,17.0,25.0,1.0,40.0,4.0,1.0,10.0,4.0,1.0,156.0,1.0,3.0,5.0,1.0,1.0,0.0,0.0,1.0,0.0,1.0,0.0,0.0,2.0,0.0,0.0,0.0,67.8,10.0,18.18,0.0,100.0,52.63,83.33,75.0,0.0513638763963267,0.4322452362022054,0.0,1.0,0.02401521,2.0,2.0,1.0,0.1236494299999999,16.0,9.807692307692308,14.423076923076923,0.5769230769230769,23.07692307692308,2.3076923076923075,0.5769230769230769,5.769230769230769,2.3076923076923075,0.5769230769230769,0.5769230769230769,1.7307692307692306,2.8846153846153846,0.5769230769230769,0.5769230769230769,0.0,0.0,0.5769230769230769,0.0,0.5769230769230769,0.0,0.0,1.1538461538461535,0.0,0.0,0.0,67.8,10.0,18.18,0.0,100.0,52.63,83.33,75.0,0.0296330056132654,0.2493722516551184,0.0,0.5769230769230769,0.0138549288461538,1.1538461538461535,1.1538461538461535,0.5769230769230769,0.0713362096153845,9.23076923076923,LB/LCB,30,52,31,30,93,41,78,39,28,43,91,83,65,81,31,35,44,48,89,17,31,78,46,48,52,19,24,72,31,100,37,98,61,59,89,43,54,56,87,50,37,56,52,22,52,30,33,93,52,85,33,26,48,96,78,67,85,31,35,52,48,93,17,31,81,46,48,52,19,24,72,31,100,37,98,61,56,89,43,56,56,93,48,37,56,52,Championship
Watford,4t83rqbdbekinxl5fz2ygsyta,bos0z54lr710ov1ppq0rahje2,M. Pollock,Mattie Pollock,24,Defender,England,Defender,46.0,12.0,6.0,58.0,0.0,0.0,11.0,17.0,4.0,180.0,0.0,3.0,6.0,2.0,0.0,0.0,2.0,0.0,0.0,1.0,2.0,0.0,0.0,0.0,0.0,0.0,79.45,40.0,0.0,0.0,50.0,57.89,75.0,60.0,0.2919226407221913,0.0,0.0,0.0,0.0,0.0,4.0,4.0,0.0765007899999999,31.0,23.0,6.0,3.0,29.0,0.0,0.0,5.5,8.5,2.0,0.0,1.5,3.0,1.0,0.0,0.0,1.0,0.0,0.0,0.5,1.0,0.0,0.0,0.0,0.0,0.0,79.45,40.0,0.0,0.0,50.0,57.89,75.0,60.0,0.1459613203610956,0.0,0.0,0.0,0.0,0.0,2.0,2.0,0.0382503949999999,15.5,CB,46,29,75,33,32,34,69,90,91,17,93,66,79,45,40,81,35,48,90,44,40,45,49,47,51,25,44,45,40,92,46,86,52,90,38,46,26,26,42,54,56,42,47,40,21,69,25,32,34,54,85,85,17,91,56,77,45,40,79,35,48,90,40,40,45,49,47,51,25,44,45,40,92,46,86,52,88,38,46,26,26,42,54,53,40,47,Championship
Watford,4t83rqbdbekinxl5fz2ygsyta,cur8gln3iugoe67ju15o1tses,M. Doumbia,Mamadou Doumbia,20,Attacker,Mali,Striker,4.0,7.0,1.0,10.0,1.0,3.0,8.0,3.0,0.0,113.0,0.0,0.0,7.0,0.0,0.0,0.0,0.0,3.0,0.0,0.0,3.0,1.0,1.0,0.0,0.0,0.0,58.82,100.0,100.0,33.33,0.0,47.06,70.0,0.0,0.0,0.0589431003798235,0.0,0.0,0.0,0.0,1.0,0.0,0.0099774399999999,4.0,3.185840707964602,5.575221238938053,0.7964601769911505,7.964601769911504,0.7964601769911505,2.3893805309734515,6.371681415929204,2.3893805309734515,0.0,0.0,0.0,5.575221238938053,0.0,0.0,0.0,0.0,2.3893805309734515,0.0,0.0,2.3893805309734515,0.7964601769911505,0.7964601769911505,0.0,0.0,0.0,58.82,100.0,100.0,33.33,0.0,47.06,70.0,0.0,0.0,0.0469458321609213,0.0,0.0,0.0,0.0,0.7964601769911505,0.0,0.0079466336283185,3.185840707964602,ST,36,19,68,16,36,69,49,83,36,10,24,78,5,26,25,7,73,30,11,16,60,89,42,51,51,25,94,98,50,11,52,94,24,6,34,24,18,18,26,47,14,16,34,45,25,75,27,39,70,66,86,36,10,24,86,5,26,25,7,73,30,11,20,68,95,42,51,51,25,94,98,50,11,52,94,24,6,41,24,18,18,26,52,14,16,42,Championship
Watford,4t83rqbdbekinxl5fz2ygsyta,eu71261se8nv26xcd39nrdous,K. Keben,Kévin Keben,22,Defender,Cameroon,Defender,53.0,11.0,7.0,64.0,1.0,3.0,12.0,13.0,1.0,180.0,1.0,5.0,2.0,0.0,0.0,0.0,0.0,3.0,0.0,0.0,0.0,2.0,0.0,0.0,0.0,0.0,83.12,46.67,0.0,66.67,0.0,63.16,28.57,71.43,0.0,0.0742893525090194,0.0,0.0,0.0,0.0,1.0,2.0,0.0934776299999999,31.0,26.5,5.5,3.5,32.0,0.5,1.5,6.0,6.5,0.5,0.5,2.5,1.0,0.0,0.0,0.0,0.0,1.5,0.0,0.0,0.0,1.0,0.0,0.0,0.0,0.0,83.12,46.67,0.0,66.67,0.0,63.16,28.57,71.43,0.0,0.0371446762545097,0.0,0.0,0.0,0.0,0.5,1.0,0.0467388149999999,15.5,CB,56,23,84,40,76,97,75,68,43,48,99,19,16,45,40,18,98,48,42,9,100,45,49,47,51,44,65,45,85,42,67,17,70,18,81,46,26,26,42,33,40,52,47,46,16,82,30,73,97,68,64,38,42,98,16,16,45,40,18,98,48,42,9,99,45,49,47,51,44,65,45,85,42,67,17,70,18,79,46,26,26,42,32,40,50,47,Championship
Watford,4t83rqbdbekinxl5fz2ygsyta,ewtroels9b5fc9hv9c2laj90q,H. Kyprianou,Hector Kyprianou,25,Midfielder,Cyprus,Midfielder,33.0,28.0,3.0,61.0,2.0,2.0,11.0,13.0,2.0,180.0,1.0,1.0,4.0,2.0,0.0,1.0,2.0,2.0,0.0,0.0,4.0,1.0,0.0,0.0,0.0,0.0,78.21,42.86,0.0,50.0,0.0,47.83,57.14,20.0,0.2001924006965136,0.1030551511508184,0.0,3.0,0.05994032,1.0,7.0,5.0,0.0961438499999999,39.0,16.5,14.0,1.5,30.5,1.0,1.0,5.5,6.5,1.0,0.5,0.5,2.0,1.0,0.0,0.5,1.0,1.0,0.0,0.0,2.0,0.5,0.0,0.0,0.0,0.0,78.21,42.86,0.0,50.0,0.0,47.83,57.14,20.0,0.1000962003482568,0.0515275755754092,0.0,1.5,0.02997016,0.5,3.5,2.5,0.0480719249999999,19.5,DM/CM,57,39,59,49,74,67,79,100,59,29,29,87,74,24,79,94,71,49,39,94,63,39,47,51,51,34,54,39,54,39,37,83,20,80,63,33,69,63,66,60,44,34,76,46,21,44,31,66,63,60,97,50,24,21,80,66,24,69,90,64,49,39,90,50,39,47,51,51,34,54,39,54,39,37,83,20,80,54,33,63,60,60,51,39,29,63,Championship
West Bromwich Albion,d1lhefp805y0rcbjqkpu4fq0n,195m3d6cnwm71j1d2rjo25sdl,F. Myhre,Felix Myhre,27,Midfielder,Norway,Midfielder,16.0,30.0,0.0,46.0,1.0,1.0,5.0,2.0,0.0,158.0,0.0,3.0,2.0,0.0,0.0,0.0,0.0,1.0,0.0,0.0,4.0,0.0,0.0,0.0,0.0,0.0,83.64,0.0,0.0,0.0,0.0,41.67,66.67,100.0,0.0,0.1150050878911814,0.0,2.0,0.07180666,0.0,5.0,1.0,0.1140986899999999,20.0,9.113924050632912,17.088607594936708,0.0,26.20253164556962,0.569620253164557,0.569620253164557,2.848101265822785,1.139240506329114,0.0,0.0,1.7088607594936709,1.139240506329114,0.0,0.0,0.0,0.0,0.569620253164557,0.0,0.0,2.278481012658228,0.0,0.0,0.0,0.0,0.0,83.64,0.0,0.0,0.0,0.0,41.67,66.67,100.0,0.0,0.0655092272797868,0.0,1.139240506329114,0.0409025278481012,0.0,2.848101265822785,0.569620253164557,0.0649929246835442,11.39240506329114,CM/AM,66,73,14,71,27,32,46,57,25,20,82,75,5,21,25,11,32,45,32,57,29,27,43,50,52,71,14,27,29,32,54,95,86,5,36,25,39,54,16,73,11,36,75,57,61,14,68,25,32,29,61,25,20,86,68,5,21,25,11,32,45,32,50,29,27,43,50,52,71,14,27,29,32,54,95,86,5,36,25,39,43,16,75,11,25,64,Championship
West Bromwich Albion,d1lhefp805y0rcbjqkpu4fq0n,3mvocoie04y5ipvojiozy41yh,O. Diakité,Ousmane Diakité,26,Midfielder,Mali,Midfielder,34.0,37.0,3.0,71.0,0.0,4.0,12.0,4.0,6.0,179.0,2.0,6.0,2.0,2.0,0.0,0.0,2.0,4.0,0.0,1.0,2.0,2.0,0.0,0.0,0.0,0.0,86.59,100.0,0.0,50.0,50.0,52.17,66.67,100.0,0.3697695033109794,0.0,0.0,3.0,0.05553013,0.0,6.0,6.0,0.13256172,33.0,17.094972067039105,18.60335195530726,1.5083798882681565,35.69832402234637,0.0,2.011173184357542,6.033519553072626,2.011173184357542,3.016759776536313,1.005586592178771,3.016759776536313,1.005586592178771,1.005586592178771,0.0,0.0,1.005586592178771,2.011173184357542,0.0,0.5027932960893855,1.005586592178771,1.005586592178771,0.0,0.0,0.0,0.0,86.59,100.0,0.0,50.0,50.0,52.17,66.67,100.0,0.1859176273630622,0.0,0.0,1.5083798882681565,0.027920177094972,0.0,3.016759776536313,3.016759776536313,0.0666511441340782,16.59217877094972,DM/CM,61,63,59,67,14,94,89,67,100,51,100,61,74,24,31,94,94,49,89,73,84,39,47,51,51,63,99,39,54,90,51,93,89,100,23,33,69,60,29,50,56,63,60,51,49,54,57,14,94,77,63,100,51,100,60,69,24,31,94,97,49,91,74,83,39,47,51,51,63,99,39,54,90,51,93,89,91,23,33,69,57,29,49,49,46,49,Championship
West Bromwich Albion,d1lhefp805y0rcbjqkpu4fq0n,3xyph8o33xq0j1xcqjct945bd,C. Styles,Callum Styles,26,Defender,Hungary,Defender,38.0,38.0,1.0,73.0,1.0,1.0,7.0,6.0,1.0,180.0,3.0,2.0,1.0,2.0,2.0,1.0,0.0,1.0,0.0,1.0,3.0,1.0,3.0,0.0,0.0,0.0,84.88,20.0,75.0,100.0,50.0,53.85,33.33,100.0,0.1137196935551129,0.135827893485997,0.0,5.0,0.12635575,4.0,6.0,6.0,0.27514136,38.0,19.0,19.0,0.5,36.5,0.5,0.5,3.5,3.0,0.5,1.5,1.0,0.5,1.0,1.0,0.5,0.0,0.5,0.0,0.5,1.5,0.5,1.5,0.0,0.0,0.0,84.88,20.0,75.0,100.0,50.0,53.85,33.33,100.0,0.0568598467775564,0.0679139467429985,0.0,2.5,0.063177875,2.0,3.0,3.0,0.13757068,19.0,LM/LCM,100,88,25,100,12,19,50,81,69,56,75,62,38,94,50,19,19,44,69,25,50,75,50,56,56,88,25,100,100,100,75,75,94,38,25,25,56,38,100,81,69,62,100,100,75,19,100,12,12,50,75,62,56,75,44,38,88,44,19,12,44,56,25,50,75,50,56,56,88,25,100,100,100,75,75,94,25,12,25,50,38,88,75,50,62,100,Championship
West Bromwich Albion,d1lhefp805y0rcbjqkpu4fq0n,5c1wh9blcw96fkblothh6drf8,J. Morgan,Jimmy-Jay Morgan,20,Attacker,England,Striker,5.0,21.0,0.0,26.0,4.0,4.0,13.0,1.0,0.0,167.0,3.0,1.0,3.0,3.0,1.0,1.0,2.0,4.0,1.0,2.0,9.0,3.0,0.0,2.0,0.0,0.0,83.87,0.0,0.0,75.0,66.67,59.09,75.0,25.0,0.3722746116222891,0.1027553440842717,2.0,6.0,0.12728496,3.0,2.0,2.0,0.0246215199999999,6.0,2.694610778443113,11.317365269461078,0.0,14.011976047904191,2.155688622754491,2.155688622754491,7.005988023952096,0.5389221556886228,0.0,1.616766467065868,0.5389221556886228,1.616766467065868,1.616766467065868,0.5389221556886228,0.5389221556886228,1.0778443113772456,2.155688622754491,0.5389221556886228,1.0778443113772456,4.850299401197605,1.616766467065868,0.0,1.0778443113772456,0.0,0.0,83.87,0.0,0.0,75.0,66.67,59.09,75.0,25.0,0.2006270362036288,0.0553771315424218,1.0778443113772456,3.2335329341317363,0.0685966850299401,1.616766467065868,1.0778443113772456,1.0778443113772456,0.0132690826347304,3.2335329341317363,LW,12,50,44,44,62,19,100,50,38,62,62,94,50,38,56,62,19,75,88,62,44,19,100,56,56,75,44,19,81,88,100,100,38,75,50,69,50,38,69,62,44,25,38,12,38,44,38,62,12,100,38,38,62,62,88,38,50,62,62,12,75,88,62,38,19,100,56,56,75,44,19,81,88,100,100,38,75,38,62,50,38,75,62,38,25,38,Championship
West Bromwich Albion,d1lhefp805y0rcbjqkpu4fq0n,8ckml3ywxcyv3w7978rki88vd,N. Phillips,Nathaniel Phillips,29,Defender,England,Defender,82.0,28.0,4.0,110.0,0.0,1.0,9.0,9.0,2.0,180.0,0.0,2.0,5.0,2.0,0.0,0.0,2.0,1.0,0.0,0.0,2.0,1.0,0.0,0.0,1.0,0.0,85.27,33.33,0.0,100.0,0.0,56.25,50.0,66.67,0.2243112607645075,0.0,0.0,1.0,0.01685596,0.0,4.0,1.0,0.17237725,70.0,41.0,14.0,2.0,55.0,0.0,0.5,4.5,4.5,1.0,0.0,1.0,2.5,1.0,0.0,0.0,1.0,0.5,0.0,0.0,1.0,0.5,0.0,0.0,0.5,0.0,85.27,33.33,0.0,100.0,0.0,56.25,50.0,66.67,0.1121556303822537,0.0,0.0,0.5,0.00842798,0.0,2.0,0.5,0.086188625,35.0,CB,84,62,53,79,32,80,56,47,65,17,74,58,79,45,40,81,81,48,42,44,89,45,49,97,51,54,26,45,94,42,44,36,60,79,38,46,60,52,42,54,32,75,81,78,58,44,69,32,75,43,39,60,17,68,48,77,45,40,79,77,48,42,40,86,45,49,95,51,54,26,45,94,42,44,36,60,79,38,46,58,52,42,54,32,73,79,Championship
West Bromwich Albion,d1lhefp805y0rcbjqkpu4fq0n,8v8c3iwgajawy736g8r7od2lm,I. Price,Isaac Price,22,Midfielder,Northern Ireland,Midfielder,32.0,42.0,5.0,72.0,2.0,5.0,8.0,2.0,1.0,180.0,4.0,2.0,0.0,6.0,2.0,1.0,4.0,5.0,2.0,5.0,6.0,1.0,2.0,0.0,0.0,0.0,82.76,50.0,50.0,20.0,83.33,44.44,0.0,66.67,0.42966726230323,0.3059746648245277,2.0,7.0,0.15880088,1.0,3.0,2.0,0.09472011,29.0,16.0,21.0,2.5,36.0,1.0,2.5,4.0,1.0,0.5,2.0,1.0,0.0,3.0,1.0,0.5,2.0,2.5,1.0,2.5,3.0,0.5,1.0,0.0,0.0,0.0,82.76,50.0,50.0,20.0,83.33,44.44,0.0,66.67,0.214833631151615,0.1529873324122638,1.0,3.5,0.07940044,0.5,1.5,1.0,0.047360055,14.5,CM/AM,96,89,98,93,50,84,73,57,61,96,64,14,91,79,64,96,84,100,100,79,66,73,43,50,52,61,52,91,61,93,68,23,52,89,68,88,91,86,45,52,21,25,88,93,71,82,89,38,82,66,46,55,93,55,14,86,71,52,96,82,100,100,66,59,62,43,50,52,61,52,91,61,93,68,23,52,82,61,79,84,79,36,41,18,18,75,Championship
West Bromwich Albion,d1lhefp805y0rcbjqkpu4fq0n,bgusiylccuvwz4um0osox1990,N. Galves,Nolan Galves,23,Defender,France,Defender,32.0,28.0,0.0,60.0,0.0,0.0,9.0,5.0,3.0,179.0,2.0,3.0,2.0,0.0,0.0,0.0,0.0,0.0,0.0,0.0,0.0,0.0,0.0,0.0,0.0,0.0,85.71,0.0,0.0,0.0,0.0,69.23,66.67,60.0,0.0,0.0,0.0,0.0,0.0,0.0,0.0,0.0,0.0,0.0,16.089385474860336,14.078212290502792,0.0,30.167597765363126,0.0,0.0,4.5251396648044695,2.5139664804469275,1.5083798882681565,1.005586592178771,1.5083798882681565,1.005586592178771,0.0,0.0,0.0,0.0,0.0,0.0,0.0,0.0,0.0,0.0,0.0,0.0,0.0,85.71,0.0,0.0,0.0,0.0,69.23,66.67,60.0,0.0,0.0,0.0,0.0,0.0,0.0,0.0,0.0,0.0,0.0,RB/RCB,68,72,8,72,18,18,72,58,88,78,88,36,22,36,42,30,20,50,46,14,38,32,42,52,52,68,8,32,38,46,92,88,54,22,22,36,22,22,26,18,12,12,12,56,64,8,60,18,18,60,40,88,76,80,32,22,36,42,30,20,50,46,14,38,32,42,52,52,68,8,32,38,46,92,88,54,22,22,36,22,22,26,18,12,12,12,Championship
West Bromwich Albion,d1lhefp805y0rcbjqkpu4fq0n,d4ye48utus6dfrp5jxhipjo8a,A. Heggebø,Aune Heggebø,25,Attacker,Norway,Striker,5.0,6.0,0.0,11.0,0.0,3.0,8.0,0.0,0.0,90.0,3.0,1.0,1.0,3.0,1.0,1.0,2.0,3.0,1.0,1.0,3.0,2.0,0.0,0.0,0.0,0.0,73.33,0.0,0.0,66.67,33.33,66.67,33.33,50.0,0.3602157575844207,0.0,1.0,0.0,0.0,0.0,0.0,1.0,0.00307542,4.0,5.0,6.0,0.0,11.0,0.0,3.0,8.0,0.0,0.0,3.0,1.0,1.0,3.0,1.0,1.0,2.0,3.0,1.0,1.0,3.0,2.0,0.0,0.0,0.0,0.0,73.33,0.0,0.0,66.67,33.33,66.67,33.33,50.0,0.3602157575844207,0.0,1.0,0.0,0.0,0.0,0.0,1.0,0.00307542,4.0,ST,50,11,31,22,10,69,49,15,36,69,60,28,41,65,61,39,73,73,38,16,85,41,42,51,51,57,31,41,82,45,94,47,59,52,16,59,18,18,26,18,39,11,34,75,33,31,45,10,77,84,15,36,91,73,39,67,78,74,65,80,86,53,34,91,41,42,51,51,57,31,41,82,45,94,47,59,77,16,70,18,18,26,18,50,11,52,Championship
West Bromwich Albion,d1lhefp805y0rcbjqkpu4fq0n,ebhq4fl7e2p1zwhwpeu65a4iy,G. Campbell,George Campbell,25,Defender,USA,Defender,79.0,47.0,4.0,126.0,1.0,1.0,3.0,14.0,3.0,180.0,0.0,2.0,0.0,1.0,0.0,0.0,1.0,1.0,0.0,0.0,2.0,0.0,0.0,0.0,0.0,0.0,91.3,57.14,0.0,0.0,0.0,33.33,0.0,66.67,0.1154353241633179,0.0,0.0,2.0,0.03620728,2.0,5.0,5.0,0.14574401,78.0,39.5,23.5,2.0,63.0,0.5,0.5,1.5,7.0,1.5,0.0,1.0,0.0,0.5,0.0,0.0,0.5,0.5,0.0,0.0,1.0,0.0,0.0,0.0,0.0,0.0,91.3,57.14,0.0,0.0,0.0,33.33,0.0,66.67,0.0577176620816589,0.0,0.0,1.0,0.01810364,1.0,2.5,2.5,0.072872005,39.0,RB/RCB,100,88,72,100,54,52,8,92,88,18,72,10,60,36,42,76,56,50,46,54,38,32,42,52,52,84,58,32,38,46,14,16,66,72,22,36,70,56,76,70,64,44,100,100,84,62,100,44,40,8,92,82,18,68,10,52,36,42,64,44,50,46,46,38,32,42,52,52,84,58,32,38,46,14,16,66,64,22,36,66,56,72,64,60,44,100,Championship
West Bromwich Albion,d1lhefp805y0rcbjqkpu4fq0n,eghagvkvw6ct2blen644a04ix,J. Molumby,Jayson Molumby,27,Midfielder,Republic of Ireland,Midfielder,41.0,34.0,1.0,75.0,0.0,2.0,6.0,1.0,0.0,111.0,2.0,1.0,1.0,0.0,0.0,0.0,0.0,2.0,0.0,0.0,0.0,2.0,0.0,0.0,0.0,0.0,89.29,50.0,0.0,100.0,0.0,85.71,0.0,100.0,0.0,0.0,0.0,0.0,0.0,0.0,0.0,0.0,0.0,0.0,33.24324324324324,27.567567567567565,0.8108108108108107,60.81081081081081,0.0,1.6216216216216215,4.864864864864865,0.8108108108108107,0.0,1.6216216216216215,0.8108108108108107,0.8108108108108107,0.0,0.0,0.0,0.0,1.6216216216216215,0.0,0.0,0.0,1.6216216216216215,0.0,0.0,0.0,0.0,89.29,50.0,0.0,100.0,0.0,85.71,0.0,100.0,0.0,0.0,0.0,0.0,0.0,0.0,0.0,0.0,0.0,0.0,DM/CM,80,59,23,71,14,67,24,19,13,51,29,39,11,24,31,27,71,49,39,11,84,39,47,51,51,89,67,39,84,39,100,24,89,13,23,33,17,17,29,11,11,11,11,97,83,29,91,14,74,51,23,13,66,37,49,11,24,31,27,80,49,39,11,91,39,47,51,51,89,67,39,84,39,100,24,89,13,23,33,17,17,29,11,11,11,11,Championship
West Bromwich Albion,d1lhefp805y0rcbjqkpu4fq0n,erw7v69vfrzcsd51tnel3ds0k,H. Whitwell,Harry Whitwell,20,Midfielder,England,Midfielder,16.0,26.0,1.0,42.0,3.0,3.0,11.0,2.0,1.0,149.0,5.0,1.0,1.0,1.0,0.0,0.0,1.0,3.0,1.0,1.0,2.0,2.0,0.0,0.0,0.0,0.0,75.0,33.33,0.0,66.67,100.0,61.11,50.0,33.33,0.1057084381392522,0.2703920143119034,0.0,4.0,0.0891466799999999,2.0,2.0,3.0,0.2805210499999999,13.0,9.664429530201344,15.704697986577182,0.6040268456375839,25.369127516778526,1.812080536912752,1.812080536912752,6.644295302013424,1.2080536912751678,0.6040268456375839,3.02013422818792,0.6040268456375839,0.6040268456375839,0.6040268456375839,0.0,0.0,0.6040268456375839,1.812080536912752,0.6040268456375839,0.6040268456375839,1.2080536912751678,1.2080536912751678,0.0,0.0,0.0,0.0,75.0,33.33,0.0,66.67,100.0,61.11,50.0,33.33,0.0638507344465281,0.1633240354904114,0.0,2.416107382550336,0.053846987919463,1.2080536912751678,1.2080536912751678,1.812080536912752,0.1694422449664429,7.852348993288591,RM/RCM,50,46,29,50,79,71,88,71,46,100,21,50,17,17,21,42,79,83,67,25,83,29,46,54,54,58,33,29,75,100,75,71,8,33,75,12,88,75,79,29,29,58,42,50,42,33,50,75,58,92,67,42,100,8,42,8,17,21,42,75,83,58,25,83,29,46,54,54,58,33,29,75,100,75,71,8,25,75,12,92,75,83,25,25,67,33,Championship
West Ham United,4txjdaqveermfryvbfrr4taf7,27hwtukeqxh91ch1f3qr1it49,V. Castellanos,Valentín Castellanos,27,Attacker,Argentina,Striker,9.0,15.0,2.0,24.0,1.0,0.0,12.0,0.0,1.0,180.0,7.0,3.0,2.0,8.0,0.0,0.0,8.0,0.0,0.0,3.0,13.0,0.0,0.0,0.0,0.0,0.0,82.76,50.0,0.0,0.0,37.5,54.55,25.0,100.0,0.8067501075277806,0.0,0.0,2.0,0.05256723,1.0,1.0,3.0,0.04850674,8.0,4.5,7.5,1.0,12.0,0.5,0.0,6.0,0.0,0.5,3.5,1.5,1.0,4.0,0.0,0.0,4.0,0.0,0.0,1.5,6.5,0.0,0.0,0.0,0.0,0.0,82.76,50.0,0.0,0.0,37.5,54.55,25.0,100.0,0.4033750537638903,0.0,0.0,1.0,0.026283615,0.5,0.5,1.5,0.02425337,4.0,ST,78,66,84,74,36,9,82,15,80,99,92,45,94,26,25,98,10,30,88,90,22,41,42,51,51,82,72,41,22,57,68,31,89,91,16,24,64,64,66,47,80,48,69,64,45,78,50,22,9,61,15,74,95,86,39,85,26,25,91,10,30,85,83,22,41,42,51,51,82,72,41,22,57,68,31,89,82,16,24,60,59,55,39,62,43,52,Championship
West Ham United,4txjdaqveermfryvbfrr4taf7,2nz313c0ot91untg011l3pc6h,M. Kilman,Maximilian Kilman,29,Defender,England,Defender,81.0,79.0,3.0,160.0,0.0,0.0,5.0,11.0,0.0,180.0,0.0,2.0,3.0,1.0,0.0,0.0,1.0,0.0,1.0,1.0,3.0,0.0,0.0,0.0,0.0,0.0,96.97,50.0,0.0,0.0,100.0,55.56,50.0,100.0,0.1483433783100648,0.0,0.0,3.0,0.06027647,4.0,26.0,29.0,0.3797544599999999,116.0,40.5,39.5,1.5,80.0,0.0,0.0,2.5,5.5,0.0,0.0,1.0,1.5,0.5,0.0,0.0,0.5,0.0,0.5,0.5,1.5,0.0,0.0,0.0,0.0,0.0,96.97,50.0,0.0,0.0,100.0,55.56,50.0,100.0,0.0741716891550324,0.0,0.0,1.5,0.030138235,2.0,13.0,14.5,0.1898772299999999,58.0,CB,81,98,38,94,32,34,22,55,15,17,74,32,49,45,40,53,35,97,90,64,40,45,49,47,51,100,71,45,40,98,39,36,89,62,38,46,88,85,96,100,100,94,98,75,94,30,92,32,34,17,51,15,17,68,25,44,45,40,49,35,97,90,59,40,45,49,47,51,100,71,45,40,98,39,36,89,58,38,46,86,85,94,98,100,92,95,Championship
West Ham United,4txjdaqveermfryvbfrr4taf7,2uiza5b6fbum38chxtvmnkzqh,K. Walker-Peters,Kyle Walker-Peters,29,Defender,England,Defender,42.0,69.0,3.0,111.0,2.0,1.0,5.0,1.0,0.0,180.0,2.0,1.0,0.0,0.0,0.0,0.0,0.0,1.0,0.0,0.0,2.0,1.0,0.0,0.0,0.0,0.0,94.07,100.0,0.0,100.0,0.0,41.67,0.0,50.0,0.0,0.1297905895913512,0.0,7.0,0.18273856,4.0,13.0,16.0,0.2624056900000001,51.0,21.0,34.5,1.5,55.5,1.0,0.5,2.5,0.5,0.0,1.0,0.5,0.0,0.0,0.0,0.0,0.0,0.5,0.0,0.0,1.0,0.5,0.0,0.0,0.0,0.0,94.07,100.0,0.0,100.0,0.0,41.67,0.0,50.0,0.0,0.0648952947956756,0.0,3.5,0.09136928,2.0,6.5,8.0,0.131202845,25.5,RB/RCB,86,96,50,92,86,52,34,10,18,78,40,10,22,36,42,30,56,50,46,54,80,32,42,52,52,96,94,32,96,46,30,16,36,22,64,36,96,92,100,96,96,68,92,82,96,44,92,82,40,24,6,18,70,26,10,22,36,42,30,44,50,46,46,78,32,42,52,52,96,94,32,96,46,30,16,36,22,60,36,96,92,100,96,92,64,88,Championship
West Ham United,4txjdaqveermfryvbfrr4taf7,5l8wtw156meo2vrtrgasif6jt,K. Mavropanos,Konstantinos Mavropanos,28,Defender,Greece,Defender,86.0,71.0,12.0,157.0,0.0,0.0,8.0,6.0,2.0,160.0,0.0,2.0,6.0,1.0,0.0,0.0,1.0,0.0,0.0,0.0,3.0,0.0,0.0,0.0,0.0,0.0,92.35,57.14,0.0,0.0,0.0,53.33,54.55,100.0,0.1381927444132805,0.0,0.0,6.0,0.10993924,0.0,19.0,14.0,0.3050391799999999,115.0,48.375,39.9375,6.75,88.3125,0.0,0.0,4.5,3.375,1.125,0.0,1.125,3.375,0.5625,0.0,0.0,0.5625,0.0,0.0,0.0,1.6875,0.0,0.0,0.0,0.0,0.0,92.35,57.14,0.0,0.0,0.0,53.33,54.55,100.0,0.0777334187324702,0.0,0.0,3.375,0.0618408224999999,0.0,10.6875,7.875,0.1715845387499999,64.6875,CB,90,94,100,92,32,34,48,24,65,17,74,66,49,45,40,53,35,48,42,64,40,45,49,47,51,88,79,45,40,42,33,50,89,56,38,46,98,96,42,96,93,90,96,90,96,98,98,32,34,43,17,69,17,83,65,58,45,40,65,35,48,42,69,40,45,49,47,51,88,79,45,40,42,33,50,89,67,38,46,98,94,42,96,92,90,98,Championship
West Ham United,4txjdaqveermfryvbfrr4taf7,6ka58mn83rknx80e4y2jk3949,J. Piroe,Joël Piroe,27,Attacker,Suriname,Striker,3.0,13.0,0.0,16.0,1.0,1.0,0.0,0.0,0.0,90.0,0.0,0.0,0.0,4.0,2.0,0.0,2.0,1.0,1.0,4.0,6.0,0.0,0.0,0.0,0.0,0.0,72.73,0.0,0.0,0.0,100.0,0.0,0.0,0.0,0.3989207391142053,0.1467379709646841,1.0,1.0,0.0199707,0.0,3.0,2.0,0.09551579,6.0,3.0,13.0,0.0,16.0,1.0,1.0,0.0,0.0,0.0,0.0,0.0,0.0,4.0,2.0,0.0,2.0,1.0,1.0,4.0,6.0,0.0,0.0,0.0,0.0,0.0,72.73,0.0,0.0,0.0,100.0,0.0,0.0,0.0,0.3989207391142053,0.1467379709646841,1.0,1.0,0.0199707,0.0,3.0,2.0,0.09551579,6.0,ST,19,58,31,50,36,27,2,15,36,10,24,10,61,85,25,39,30,73,97,48,22,41,42,51,51,52,31,41,22,93,2,12,24,64,64,59,47,40,26,83,60,66,55,41,77,31,77,53,38,2,15,36,10,24,10,85,97,25,65,39,86,99,78,22,41,42,51,51,52,31,41,22,93,2,12,24,80,84,70,60,55,26,98,82,77,74,Championship
West Ham United,4txjdaqveermfryvbfrr4taf7,6xzgcexqk70l1ps75vs22c9p0,M. Kanté,Mohamadou Kanté,20,Midfielder,France,Midfielder,35.0,52.0,1.0,87.0,1.0,3.0,6.0,1.0,0.0,135.0,1.0,2.0,1.0,2.0,1.0,1.0,1.0,2.0,0.0,0.0,4.0,1.0,0.0,0.0,0.0,0.0,88.78,33.33,0.0,50.0,0.0,50.0,0.0,66.67,0.2208089258771558,0.0810241732595336,1.0,10.0,0.22343337,1.0,9.0,6.0,0.14290977,45.0,23.33333333333333,34.666666666666664,0.6666666666666666,58.0,0.6666666666666666,2.0,4.0,0.6666666666666666,0.0,0.6666666666666666,1.3333333333333333,0.6666666666666666,1.3333333333333333,0.6666666666666666,0.6666666666666666,0.6666666666666666,1.3333333333333333,0.0,0.0,2.6666666666666665,0.6666666666666666,0.0,0.0,0.0,0.0,88.78,33.33,0.0,50.0,0.0,50.0,0.0,66.67,0.1472059505847705,0.0540161155063557,0.6666666666666666,6.666666666666667,0.14895558,0.6666666666666666,6.0,4.0,0.09527318,30.0,DM/CM,66,86,23,83,43,81,24,19,13,29,56,39,74,67,79,70,71,49,39,94,63,39,47,51,51,86,41,39,54,39,44,24,50,86,57,81,100,100,66,76,56,69,83,86,89,20,89,43,87,27,16,13,31,60,37,76,64,84,79,74,49,39,94,71,39,47,51,51,86,41,39,54,39,44,24,50,86,57,86,100,100,69,86,67,69,89,Championship
West Ham United,4txjdaqveermfryvbfrr4taf7,b6woton2db3w4rm67vu69buy2,A. Engels,Arne Engels,22,Midfielder,Belgium,Midfielder,8.0,49.0,3.0,56.0,3.0,0.0,5.0,2.0,1.0,90.0,2.0,1.0,1.0,2.0,2.0,2.0,0.0,0.0,0.0,0.0,2.0,0.0,1.0,0.0,0.0,0.0,90.32,100.0,14.29,0.0,0.0,55.56,50.0,50.0,0.1264062593754926,0.2467812734922004,1.0,1.0,0.02122129,1.0,15.0,11.0,0.1906229499999999,34.0,8.0,49.0,3.0,56.0,3.0,0.0,5.0,2.0,1.0,2.0,1.0,1.0,2.0,2.0,2.0,0.0,0.0,0.0,0.0,2.0,0.0,1.0,0.0,0.0,0.0,90.32,100.0,14.29,0.0,0.0,55.56,50.0,50.0,0.1264062593754926,0.2467812734922004,1.0,1.0,0.02122129,1.0,15.0,11.0,0.1906229499999999,34.0,CM/AM,21,93,64,89,70,12,46,57,61,75,39,46,52,79,88,11,12,45,32,23,29,57,43,50,52,89,96,57,29,32,93,79,36,39,64,64,25,25,45,98,96,68,93,43,100,95,100,93,12,80,73,71,93,55,62,64,93,100,11,12,45,32,45,29,62,43,50,52,89,96,57,29,32,93,79,36,54,75,79,30,29,59,100,100,86,96,Championship
West Ham United,4txjdaqveermfryvbfrr4taf7,cewu4eas8t4vqw2ade2o5apsk,O. Scarles,Ollie Scarles,20,Defender,England,Defender,15.0,70.0,2.0,80.0,3.0,1.0,5.0,1.0,2.0,157.0,0.0,3.0,1.0,0.0,0.0,0.0,0.0,1.0,0.0,0.0,3.0,1.0,5.0,0.0,1.0,0.0,84.21,18.18,45.45,100.0,0.0,55.56,0.0,100.0,0.0,0.33106230768482,0.0,6.0,0.1697889699999999,1.0,9.0,10.0,0.6446495099999997,37.0,8.598726114649681,40.12738853503185,1.1464968152866242,45.859872611464965,1.7197452229299364,0.5732484076433121,2.8662420382165603,0.5732484076433121,1.1464968152866242,0.0,1.7197452229299364,0.5732484076433121,0.0,0.0,0.0,0.0,0.5732484076433121,0.0,0.0,1.7197452229299364,0.5732484076433121,2.8662420382165603,0.0,0.5732484076433121,0.0,84.21,18.18,45.45,100.0,0.0,55.56,0.0,100.0,0.0,0.1897809407110433,0.0,3.4394904458598727,0.097331256687898,0.5732484076433121,5.159235668789809,5.732484076433121,0.3695443050955412,21.21019108280255,LB/LCB,26,96,52,83,78,41,19,9,56,17,91,13,26,33,31,35,44,48,41,87,72,98,46,98,52,70,33,89,93,41,52,9,83,26,85,43,100,100,72,85,85,96,81,19,100,56,85,81,48,7,7,63,17,93,15,26,33,31,35,48,48,41,85,74,96,46,96,52,70,33,89,93,41,52,9,83,26,85,43,100,100,70,85,89,96,81,Championship
West Ham United,4txjdaqveermfryvbfrr4taf7,d0sidropcctyrxa1u47xwe590,L. Orford,Lewis Orford,20,Midfielder,England,Midfielder,34.0,62.0,4.0,94.0,2.0,0.0,6.0,1.0,3.0,135.0,3.0,1.0,2.0,2.0,1.0,1.0,1.0,0.0,0.0,0.0,1.0,0.0,2.0,0.0,0.0,0.0,88.68,44.44,66.67,0.0,0.0,66.67,0.0,100.0,0.1474258374751338,0.1789904818641067,0.0,3.0,0.06725466,0.0,7.0,10.0,0.2527179699999999,55.0,22.666666666666668,41.333333333333336,2.6666666666666665,62.66666666666666,1.3333333333333333,0.0,4.0,0.6666666666666666,2.0,2.0,0.6666666666666666,1.3333333333333333,1.3333333333333333,0.6666666666666666,0.6666666666666666,0.6666666666666666,0.0,0.0,0.0,0.6666666666666666,0.0,1.3333333333333333,0.0,0.0,0.0,88.68,44.44,66.67,0.0,0.0,66.67,0.0,100.0,0.0982838916500892,0.1193269879094044,0.0,2.0,0.04483644,0.0,4.666666666666667,6.666666666666667,0.1684786466666666,36.66666666666666,DM/CM,61,94,77,89,74,11,24,19,83,74,29,61,74,67,79,70,13,49,39,43,23,94,47,51,51,83,60,94,23,39,86,24,89,66,80,33,69,66,29,60,83,83,91,80,94,86,94,83,11,27,16,87,76,29,66,76,64,84,79,13,49,39,49,23,94,47,51,51,83,60,94,23,39,86,24,89,77,86,33,74,71,29,69,94,86,94,Championship
West Ham United,4txjdaqveermfryvbfrr4taf7,d542ijpf3j9hdrtt1mfe6vwlx,J. Bowen,Jarrod Bowen,29,Attacker,England,Striker,15.0,40.0,2.0,48.0,9.0,5.0,11.0,1.0,1.0,180.0,4.0,1.0,4.0,9.0,1.0,6.0,8.0,5.0,0.0,1.0,14.0,2.0,7.0,1.0,0.0,0.0,85.71,66.67,35.0,40.0,11.11,55.0,0.0,100.0,0.8236219090891743,1.243174730229017,4.0,8.0,0.22581931,1.0,4.0,9.0,0.8410098899999999,22.0,7.5,20.0,1.0,24.0,4.5,2.5,5.5,0.5,0.5,2.0,0.5,2.0,4.5,0.5,3.0,4.0,2.5,0.0,0.5,7.0,1.0,3.5,0.5,0.0,0.0,85.71,66.67,35.0,40.0,11.11,55.0,0.0,100.0,0.4118109545445871,0.6215873651145085,2.0,4.0,0.112909655,0.5,2.0,4.5,0.4205049449999999,11.0,RW,100,89,89,89,100,89,100,50,78,94,44,94,100,78,100,100,100,44,61,100,83,100,94,56,56,89,67,89,67,44,78,39,78,100,100,100,78,78,39,83,100,100,100,100,89,83,89,100,72,89,44,61,89,22,89,100,72,100,100,89,44,50,100,78,100,89,56,56,89,67,89,67,44,78,39,78,100,100,100,78,78,39,78,100,100,100,Championship
West Ham United,4txjdaqveermfryvbfrr4taf7,f0drogjsrwqv3hyjxuqcnk8vd,M. Solomon,Manor Solomon,27,Attacker,Israel,Striker,11.0,66.0,0.0,76.0,4.0,5.0,9.0,0.0,0.0,179.0,4.0,1.0,0.0,4.0,1.0,2.0,3.0,5.0,1.0,1.0,10.0,4.0,1.0,0.0,0.0,0.0,92.68,0.0,8.33,80.0,25.0,52.94,0.0,100.0,0.4712894315865851,0.3476259107626989,1.0,24.0,0.67733244,4.0,7.0,14.0,0.4132625,29.0,5.5307262569832405,33.18435754189944,0.0,38.212290502793294,2.011173184357542,2.5139664804469275,4.5251396648044695,0.0,0.0,2.011173184357542,0.5027932960893855,0.0,2.011173184357542,0.5027932960893855,1.005586592178771,1.5083798882681565,2.5139664804469275,0.5027932960893855,0.5027932960893855,5.027932960893855,2.011173184357542,0.5027932960893855,0.0,0.0,0.0,92.68,0.0,8.33,80.0,25.0,52.94,0.0,100.0,0.236961166719512,0.1747839774784519,0.5027932960893855,12.067039106145252,0.3405582100558659,2.011173184357542,3.519553072625698,7.039106145251396,0.2077856145251396,14.58100558659218,LW,75,100,44,100,62,44,62,19,38,88,62,38,88,38,88,81,44,75,50,88,88,50,38,56,56,100,44,38,100,38,69,38,81,100,62,31,100,100,88,100,100,88,100,50,100,44,100,50,38,25,19,38,75,38,38,75,25,75,88,38,62,25,75,88,38,38,56,56,100,44,38,100,38,69,38,81,100,62,25,100,100,88,100,100,88,100,Championship
Wolverhampton Wanderers,b9si1jn1lfxfund69e9ogcu2n,29f3jvukalzylzr19t9phgxgq,Toti Gomes,Tote António Gomes,27,Defender,Portugal,Defender,102.0,52.0,9.0,154.0,0.0,0.0,6.0,12.0,1.0,180.0,2.0,0.0,4.0,2.0,0.0,0.0,2.0,0.0,0.0,0.0,4.0,0.0,0.0,0.0,0.0,0.0,93.9,60.0,0.0,0.0,0.0,75.0,66.67,0.0,0.2064020142770375,0.0,0.0,2.0,0.03546945,0.0,1.0,1.0,0.04303003,40.0,51.0,26.0,4.5,77.0,0.0,0.0,3.0,6.0,0.5,1.0,0.0,2.0,1.0,0.0,0.0,1.0,0.0,0.0,0.0,2.0,0.0,0.0,0.0,0.0,0.0,93.9,60.0,0.0,0.0,0.0,75.0,66.67,0.0,0.1032010071385187,0.0,0.0,1.0,0.017734725,0.0,0.5,0.5,0.021515015,20.0,CB,96,90,95,90,32,34,31,61,43,72,16,47,79,45,40,81,35,48,42,81,40,45,49,47,51,96,82,45,40,42,93,74,16,75,38,46,77,73,42,33,32,33,56,94,83,95,88,32,34,24,57,38,66,16,38,77,45,40,79,35,48,42,79,40,45,49,47,51,96,82,45,40,42,93,74,16,75,38,46,76,71,42,32,32,33,56,Championship
Wolverhampton Wanderers,b9si1jn1lfxfund69e9ogcu2n,2apqk2zobhs8ypnaw0bzkch9m,Rodrigo Gomes,Rodrigo Martins Gomes,23,Attacker,Portugal,Striker,8.0,20.0,0.0,28.0,1.0,4.0,5.0,1.0,1.0,134.0,1.0,1.0,0.0,2.0,1.0,0.0,1.0,3.0,0.0,1.0,2.0,3.0,0.0,0.0,0.0,0.0,84.85,0.0,0.0,100.0,50.0,50.0,0.0,100.0,0.1508838941016691,0.1048744828965317,1.0,3.0,0.1164531,0.0,4.0,5.0,0.2215094999999999,16.0,5.3731343283582085,13.43283582089552,0.0,18.80597014925373,0.6716417910447761,2.686567164179104,3.3582089552238803,0.6716417910447761,0.6716417910447761,0.6716417910447761,0.6716417910447761,0.0,1.343283582089552,0.6716417910447761,0.0,0.6716417910447761,2.014925373134328,0.0,0.6716417910447761,1.343283582089552,2.014925373134328,0.0,0.0,0.0,0.0,84.85,0.0,0.0,100.0,50.0,50.0,0.0,100.0,0.1013399288742553,0.0704380855275212,0.6716417910447761,2.014925373134328,0.0782147686567164,0.0,2.686567164179104,3.3582089552238803,0.1487750373134327,10.746268656716415,RW,61,33,11,33,33,67,56,50,78,50,44,28,44,78,39,33,61,44,61,22,100,22,44,56,56,78,11,22,94,78,67,39,78,44,33,67,50,56,17,83,67,67,67,67,44,11,44,33,89,56,56,89,44,56,28,33,89,39,33,78,44,78,22,100,22,44,56,56,78,11,22,94,78,67,39,78,44,33,67,44,56,17,89,67,56,89,Championship
Wolverhampton Wanderers,b9si1jn1lfxfund69e9ogcu2n,39bcswfqnpa07b4afevezejo4,J. Tchatchoua,Jackson Tchatchoua,24,Defender,Cameroon,Defender,18.0,17.0,1.0,33.0,1.0,2.0,6.0,4.0,1.0,112.0,1.0,0.0,4.0,0.0,0.0,0.0,0.0,1.0,0.0,0.0,2.0,1.0,2.0,0.0,0.0,0.0,82.5,100.0,33.33,100.0,0.0,66.67,80.0,0.0,0.0,0.1250343134742225,0.0,1.0,0.04066992,1.0,0.0,1.0,0.32990515,17.0,14.464285714285714,13.660714285714285,0.8035714285714286,26.517857142857142,0.8035714285714286,1.6071428571428572,4.821428571428571,3.2142857142857144,0.8035714285714286,0.8035714285714286,0.0,3.2142857142857144,0.0,0.0,0.0,0.0,0.8035714285714286,0.0,0.0,1.6071428571428572,0.8035714285714286,1.6071428571428572,0.0,0.0,0.0,82.5,100.0,33.33,100.0,0.0,66.67,80.0,0.0,0.0,0.1004740018989288,0.0,0.8035714285714286,0.0326811857142857,0.8035714285714286,0.0,0.8035714285714286,0.2651023526785714,13.660714285714285,RB/RCB,46,36,20,34,54,76,52,46,42,50,10,78,22,36,42,30,56,50,46,54,80,94,42,52,52,52,94,84,96,46,86,100,10,22,60,36,52,60,58,18,26,84,52,52,60,20,56,72,80,64,60,44,60,10,92,22,36,42,30,64,50,46,60,84,96,42,52,52,52,94,84,96,46,86,100,10,22,80,36,60,68,64,18,24,96,68,Championship
Wolverhampton Wanderers,b9si1jn1lfxfund69e9ogcu2n,5wa8lzp50ccfhxg3j4f65gt79,R. Jiménez,Raúl Jiménez,35,Attacker,Mexico,Striker,6.0,9.0,2.0,15.0,3.0,1.0,7.0,1.0,0.0,109.0,3.0,0.0,3.0,5.0,1.0,1.0,4.0,1.0,1.0,1.0,5.0,1.0,0.0,1.0,0.0,0.0,62.5,50.0,0.0,100.0,20.0,53.85,75.0,0.0,0.3519186944177133,0.3047795340127186,0.0,1.0,0.04647721,0.0,0.0,1.0,0.1074576499999998,5.0,4.954128440366973,7.431192660550459,1.651376146788991,12.385321100917432,2.4770642201834865,0.8256880733944955,5.779816513761468,0.8256880733944955,0.0,2.4770642201834865,0.0,2.4770642201834865,4.128440366972478,0.8256880733944955,0.8256880733944955,3.302752293577982,0.8256880733944955,0.8256880733944955,0.8256880733944955,4.128440366972478,0.8256880733944955,0.0,0.8256880733944955,0.0,0.0,62.5,50.0,0.0,100.0,20.0,53.85,75.0,0.0,0.2905750687852678,0.2516528262490337,0.0,0.8256880733944955,0.0383756779816513,0.0,0.0,0.8256880733944955,0.0887264999999998,4.128440366972478,ST,62,33,84,44,89,27,39,42,36,69,24,60,75,65,61,78,30,73,38,40,60,41,92,51,51,30,72,41,93,30,66,99,24,43,89,24,47,59,26,18,39,73,45,73,43,89,57,93,30,52,50,36,77,24,64,89,68,66,84,32,77,43,48,70,41,98,51,51,30,72,41,93,30,66,99,24,66,93,24,55,64,26,18,45,73,57,Championship
Wolverhampton Wanderers,b9si1jn1lfxfund69e9ogcu2n,8i3y6fo1y3gizq05j2im17c6i,Y. Mosquera,Yerson Mosquera,25,Defender,Colombia,Defender,58.0,21.0,3.0,79.0,2.0,1.0,8.0,4.0,3.0,90.0,1.0,1.0,4.0,0.0,0.0,0.0,0.0,1.0,0.0,0.0,0.0,0.0,0.0,0.0,0.0,0.0,91.86,42.86,0.0,0.0,0.0,61.54,66.67,33.33,0.0,0.0,0.0,0.0,0.0,0.0,0.0,0.0,0.0,0.0,58.0,21.0,3.0,79.0,2.0,1.0,8.0,4.0,3.0,1.0,1.0,4.0,0.0,0.0,0.0,0.0,1.0,0.0,0.0,0.0,0.0,0.0,0.0,0.0,0.0,91.86,42.86,0.0,0.0,0.0,61.54,66.67,33.33,0.0,0.0,0.0,0.0,0.0,0.0,0.0,0.0,0.0,0.0,CB,58,45,38,56,92,80,48,9,78,48,45,47,16,45,40,18,81,48,42,9,40,45,49,47,51,81,55,45,40,42,57,74,36,18,38,46,26,26,42,15,15,14,14,100,79,69,90,99,91,91,29,97,66,68,75,16,45,40,18,91,48,42,9,40,45,49,47,51,81,55,45,40,42,57,74,36,18,38,46,26,26,42,15,15,14,14,Championship
Wolverhampton Wanderers,b9si1jn1lfxfund69e9ogcu2n,8qmm84tue6kuz8e5nhhdhmz8p,M. Munetsi,Marshall Munetsi,30,Midfielder,Zimbabwe,Midfielder,13.0,10.0,0.0,23.0,2.0,5.0,10.0,7.0,2.0,157.0,2.0,1.0,4.0,6.0,3.0,1.0,3.0,5.0,1.0,2.0,8.0,2.0,0.0,0.0,0.0,0.0,63.89,0.0,0.0,40.0,33.33,50.0,57.14,50.0,0.9460075116401732,0.2242858167918902,0.0,0.0,0.0,0.0,0.0,0.0,0.1620905399999999,9.0,7.452229299363057,5.732484076433121,0.0,13.18471337579618,1.1464968152866242,2.8662420382165603,5.732484076433121,4.012738853503184,1.1464968152866242,1.1464968152866242,0.5732484076433121,2.2929936305732483,3.4394904458598727,1.7197452229299364,0.5732484076433121,1.7197452229299364,2.8662420382165603,0.5732484076433121,1.1464968152866242,4.585987261146497,1.1464968152866242,0.0,0.0,0.0,0.0,63.89,0.0,0.0,40.0,33.33,50.0,57.14,50.0,0.5422972996663413,0.1285714873329307,0.0,0.0,0.0,0.0,0.0,0.0,0.0929181439490445,5.159235668789809,CM/AM,48,5,14,14,50,84,88,100,80,75,39,95,91,93,64,86,84,93,91,91,80,27,43,50,52,11,14,27,71,79,80,88,36,96,54,25,11,11,16,4,5,50,16,36,4,14,11,43,86,86,100,75,71,29,96,93,89,57,86,86,93,89,93,79,27,43,50,52,11,14,27,71,79,80,88,36,96,54,25,11,11,16,4,5,50,11,Championship
Wolverhampton Wanderers,b9si1jn1lfxfund69e9ogcu2n,970owquiv1ukwfm4fn89gc7pw,Mateus Mané,Mateus Mané,18,Attacker,Portugal,Striker,10.0,22.0,1.0,29.0,6.0,11.0,9.0,0.0,1.0,150.0,5.0,1.0,0.0,6.0,2.0,2.0,4.0,10.0,0.0,1.0,9.0,3.0,3.0,0.0,0.0,0.0,76.32,50.0,27.27,30.0,16.67,42.86,0.0,100.0,0.3822425070235881,0.5787026219803477,4.0,8.0,0.22360575,2.0,3.0,5.0,0.26627079,14.0,6.0,13.2,0.6,17.4,3.6,6.6,5.4,0.0,0.6,3.0,0.6,0.0,3.6,1.2,1.2,2.4,6.0,0.0,0.6,5.4,1.7999999999999998,1.7999999999999998,0.0,0.0,0.0,76.32,50.0,27.27,30.0,16.67,42.86,0.0,100.0,0.2293455042141528,0.3472215731882086,2.4,4.8,0.13416345,1.2,1.7999999999999998,3.0,0.159762474,8.4,LW,62,62,94,62,94,94,62,19,81,100,62,38,100,75,88,100,94,31,50,62,44,75,38,56,56,50,100,62,25,25,50,38,81,88,88,100,62,62,50,88,88,62,69,62,62,88,62,100,100,81,19,75,100,75,38,100,62,94,100,100,31,44,88,56,75,38,56,56,50,100,62,25,25,50,38,81,88,100,100,62,62,50,88,88,62,69,Championship
Wolverhampton Wanderers,b9si1jn1lfxfund69e9ogcu2n,9g4ojrys88awchyj6zgmd6oes,Fer López,Fer López,22,Midfielder,Spain,Midfielder,32.0,53.0,2.0,85.0,2.0,4.0,11.0,0.0,0.0,180.0,3.0,2.0,0.0,5.0,3.0,0.0,2.0,3.0,2.0,2.0,4.0,3.0,0.0,1.0,0.0,0.0,90.43,40.0,0.0,100.0,40.0,73.33,0.0,40.0,0.4510490209382707,0.1895587715024899,1.0,12.0,0.2571282699999999,6.0,9.0,11.0,0.2131096499999998,36.0,16.0,26.5,1.0,42.5,1.0,2.0,5.5,0.0,0.0,1.5,1.0,0.0,2.5,1.5,0.0,1.0,1.5,1.0,1.0,2.0,1.5,0.0,0.5,0.0,0.0,90.43,40.0,0.0,100.0,40.0,73.33,0.0,40.0,0.2255245104691353,0.0947793857512449,0.5,6.0,0.1285641349999999,3.0,4.5,5.5,0.1065548249999999,18.0,RM/RCM,96,100,58,100,46,88,88,17,12,88,50,17,92,96,21,71,79,100,92,50,96,29,96,54,54,100,46,29,92,75,92,21,17,83,67,50,100,100,100,79,92,50,83,88,92,50,92,38,75,58,17,12,88,46,17,67,88,21,62,62,100,92,33,92,29,96,54,54,100,46,29,92,75,92,21,17,75,58,29,100,100,100,62,83,50,75,Championship
Wolverhampton Wanderers,b9si1jn1lfxfund69e9ogcu2n,bgsz3d0fmlaw8003dn66i4m0a,André,André Trindade da Costa Neto,25,Midfielder,Brazil,Midfielder,41.0,29.0,7.0,70.0,3.0,3.0,9.0,2.0,1.0,159.0,3.0,3.0,1.0,1.0,0.0,1.0,1.0,3.0,0.0,0.0,1.0,1.0,0.0,1.0,0.0,0.0,88.61,77.78,0.0,33.33,0.0,45.0,33.33,75.0,0.1243358125049117,0.2446630279518662,1.0,1.0,0.02385149,0.0,8.0,7.0,0.1428099599999999,34.0,23.20754716981132,16.41509433962264,3.962264150943396,39.62264150943396,1.69811320754717,1.69811320754717,5.09433962264151,1.1320754716981132,0.5660377358490566,1.69811320754717,1.69811320754717,0.5660377358490566,0.5660377358490566,0.0,0.5660377358490566,0.5660377358490566,1.69811320754717,0.0,0.0,0.5660377358490566,0.5660377358490566,0.0,0.5660377358490566,0.0,0.0,88.61,77.78,0.0,33.33,0.0,45.0,33.33,75.0,0.070378761795233,0.1384885063878488,0.5660377358490566,0.5660377358490566,0.0135008433962264,0.0,4.528301886792453,3.962264150943396,0.0808358264150942,19.245283018867926,DM/CM,80,46,94,60,93,81,64,39,34,74,80,39,43,24,79,70,84,49,39,43,63,39,97,51,51,80,94,39,46,39,30,63,61,60,91,81,43,47,29,67,69,66,64,83,40,91,63,89,80,54,40,37,69,77,34,46,24,80,74,86,49,39,46,69,39,97,51,51,80,94,39,46,39,30,63,61,57,91,83,40,40,29,66,63,54,60,Championship
Wolverhampton Wanderers,b9si1jn1lfxfund69e9ogcu2n,dusjrdiyxfadenwx4pjr7catx,A. Armstrong,Adam Armstrong,29,Attacker,England,Striker,6.0,10.0,0.0,16.0,0.0,5.0,2.0,0.0,0.0,113.0,0.0,0.0,0.0,5.0,1.0,3.0,4.0,5.0,1.0,1.0,7.0,2.0,0.0,0.0,0.0,0.0,88.89,0.0,0.0,40.0,20.0,16.67,0.0,0.0,0.5932334235774605,0.0,0.0,1.0,0.0241224,0.0,0.0,0.0,0.0142729899999998,4.0,4.778761061946903,7.964601769911504,0.0,12.743362831858407,0.0,3.982300884955752,1.592920353982301,0.0,0.0,0.0,0.0,0.0,3.982300884955752,0.7964601769911505,2.3893805309734515,3.185840707964602,3.982300884955752,0.7964601769911505,0.7964601769911505,5.575221238938053,1.592920353982301,0.0,0.0,0.0,0.0,88.89,0.0,0.0,40.0,20.0,16.67,0.0,0.0,0.4724867975395703,0.0,0.0,0.7964601769911505,0.0192125309734513,0.0,0.0,0.0,0.0113678681415927,3.185840707964602,ST,62,41,31,50,10,86,7,15,36,10,24,10,75,65,93,78,88,73,38,58,85,41,42,51,51,98,31,41,57,30,5,12,24,80,16,24,47,47,26,18,14,18,34,68,55,31,59,10,95,5,15,36,10,24,10,82,66,98,82,95,75,41,75,89,41,42,51,51,98,31,41,57,30,5,12,24,93,16,24,52,52,26,18,14,27,42,Championship
Wolverhampton Wanderers,b9si1jn1lfxfund69e9ogcu2n,ecowfx5iwg3lw9pn3x7tn1gr8,N. Djiga,Nasser Djiga,23,Defender,Burkina Faso,Defender,50.0,7.0,2.0,57.0,0.0,1.0,3.0,3.0,1.0,90.0,0.0,0.0,2.0,0.0,0.0,0.0,0.0,1.0,0.0,0.0,0.0,1.0,0.0,0.0,0.0,0.0,91.94,50.0,0.0,100.0,0.0,0.0,0.0,0.0,0.0,0.0,0.0,0.0,0.0,0.0,0.0,0.0,0.0,0.0,50.0,7.0,2.0,57.0,0.0,1.0,3.0,3.0,1.0,0.0,0.0,2.0,0.0,0.0,0.0,0.0,1.0,0.0,0.0,0.0,1.0,0.0,0.0,0.0,0.0,91.94,50.0,0.0,100.0,0.0,0.0,0.0,0.0,0.0,0.0,0.0,0.0,0.0,0.0,0.0,0.0,0.0,0.0,CB,50,11,19,31,32,80,9,4,43,17,16,19,16,45,40,18,81,48,42,9,89,45,49,47,51,83,71,45,94,42,2,5,16,18,38,46,26,26,42,15,15,14,14,92,25,44,73,32,91,24,10,60,17,16,38,16,45,40,18,91,48,42,9,99,45,49,47,51,83,71,45,94,42,2,5,16,18,38,46,26,26,42,15,15,14,14,Championship
Wrexham,206vnsjv8ho5kpf88y0u2gaic,5qg6b0sveb6kntieerdyhjgt1,B. Whiteman,Benjamin Whiteman,30,Midfielder,England,Midfielder,25.0,32.0,1.0,57.0,0.0,0.0,4.0,2.0,2.0,113.0,0.0,1.0,1.0,2.0,1.0,1.0,1.0,0.0,0.0,0.0,1.0,0.0,0.0,0.0,0.0,0.0,87.69,16.67,0.0,0.0,0.0,44.44,0.0,33.33,0.2320892717426432,0.0,1.0,1.0,0.02385149,1.0,11.0,7.0,0.13213515,36.0,19.91150442477876,25.48672566371681,0.7964601769911505,45.39823008849557,0.0,0.0,3.185840707964602,1.592920353982301,1.592920353982301,0.0,0.7964601769911505,0.7964601769911505,1.592920353982301,0.7964601769911505,0.7964601769911505,0.7964601769911505,0.0,0.0,0.0,0.7964601769911505,0.0,0.0,0.0,0.0,0.0,87.69,16.67,0.0,0.0,0.0,44.44,0.0,33.33,0.1848498624498928,0.0,0.7964601769911505,0.7964601769911505,0.0189967619469026,0.7964601769911505,8.761061946902656,5.575221238938053,0.1052403849557522,28.672566371681416,DM/CM,49,54,23,43,14,11,9,39,59,10,29,39,74,67,79,70,13,49,39,43,23,39,47,51,51,77,23,39,23,39,24,24,23,89,23,81,43,47,66,91,69,60,69,57,74,26,74,14,11,14,54,77,10,34,46,91,77,89,86,13,49,39,60,23,39,47,51,51,77,23,39,23,39,24,24,23,89,23,94,49,49,74,97,77,71,86,Championship
Wrexham,206vnsjv8ho5kpf88y0u2gaic,6kcz7wxabmd0c0se921y5tm5m,D. Imray,Danny Imray,23,Defender,England,Defender,11.0,10.0,3.0,18.0,2.0,6.0,6.0,3.0,2.0,153.0,0.0,1.0,3.0,4.0,1.0,0.0,3.0,6.0,1.0,2.0,15.0,2.0,3.0,1.0,0.0,0.0,58.06,50.0,50.0,33.33,50.0,40.0,60.0,100.0,0.5837237554960745,0.1860454117278327,1.0,1.0,0.06442595,0.0,2.0,3.0,0.2369064299999999,7.0,6.470588235294118,5.882352941176471,1.7647058823529411,10.588235294117649,1.1764705882352942,3.5294117647058822,3.5294117647058822,1.7647058823529411,1.1764705882352942,0.0,0.5882352941176471,1.7647058823529411,2.3529411764705883,0.5882352941176471,0.0,1.7647058823529411,3.5294117647058822,0.5882352941176471,1.1764705882352942,8.823529411764707,1.1764705882352942,1.7647058823529411,0.5882352941176471,0.0,0.0,58.06,50.0,50.0,33.33,50.0,40.0,60.0,100.0,0.3433669149976909,0.1094384774869604,0.5882352941176471,0.5882352941176471,0.0378976176470588,0.0,1.1764705882352942,1.7647058823529411,0.1393567235294117,4.11764705882353,RB/RCB,20,16,50,8,86,92,52,30,64,18,40,60,100,84,42,100,94,100,100,100,92,100,92,52,52,4,42,96,80,92,22,70,90,96,84,84,52,76,26,46,52,60,32,20,12,52,12,92,100,44,24,64,18,40,52,100,80,42,100,100,100,100,100,92,100,84,52,52,4,42,96,80,92,22,70,90,96,88,80,48,72,26,44,52,76,28,Championship
Wrexham,206vnsjv8ho5kpf88y0u2gaic,7fpcipp26a9fqes841ad7lh3p,N. Broadhead,Nathan Broadhead,28,Attacker,Wales,Striker,13.0,24.0,1.0,36.0,2.0,9.0,8.0,0.0,2.0,150.0,1.0,2.0,0.0,4.0,3.0,1.0,1.0,8.0,0.0,1.0,4.0,4.0,1.0,0.0,0.0,0.0,81.82,100.0,100.0,50.0,25.0,50.0,0.0,66.67,0.3874104220050536,0.2355055086483256,3.0,5.0,0.15038408,1.0,3.0,2.0,0.48117475,13.0,7.8,14.4,0.6,21.6,1.2,5.4,4.8,0.0,1.2,0.6,1.2,0.0,2.4,1.7999999999999998,0.6,0.6,4.8,0.0,0.6,2.4,2.4,0.6,0.0,0.0,0.0,81.82,100.0,100.0,50.0,25.0,50.0,0.0,66.67,0.2324462532030321,0.1413033051889953,1.7999999999999998,3.0,0.090230448,0.6,1.7999999999999998,1.2,0.2887048499999999,7.8,ST,92,86,68,89,70,100,49,15,92,28,81,10,61,97,61,22,100,30,38,28,97,89,42,51,51,78,94,98,70,34,61,12,67,61,84,98,84,77,66,83,60,100,89,93,89,68,89,68,100,39,15,91,30,77,10,50,93,57,16,100,30,30,23,93,89,42,51,51,78,94,98,70,34,61,12,67,50,82,98,83,77,66,80,55,100,89,Championship
Wrexham,206vnsjv8ho5kpf88y0u2gaic,7ybjr8x5s8j4zj17p544h6rmy,G. Thomason,George Thomason,25,Midfielder,England,Midfielder,19.0,37.0,4.0,56.0,2.0,3.0,6.0,6.0,1.0,179.0,1.0,4.0,1.0,3.0,1.0,1.0,2.0,3.0,0.0,0.0,5.0,0.0,0.0,0.0,0.0,0.0,81.16,40.0,0.0,0.0,0.0,37.5,33.33,100.0,0.2451415362978954,0.1871553155504808,1.0,0.0,0.0,0.0,2.0,6.0,0.2765061599999999,23.0,9.553072625698324,18.60335195530726,2.011173184357542,28.156424581005584,1.005586592178771,1.5083798882681565,3.016759776536313,3.016759776536313,0.5027932960893855,0.5027932960893855,2.011173184357542,0.5027932960893855,1.5083798882681565,0.5027932960893855,0.5027932960893855,1.005586592178771,1.5083798882681565,0.0,0.0,2.5139664804469275,0.0,0.0,0.0,0.0,0.0,81.16,40.0,0.0,0.0,0.0,37.5,33.33,100.0,0.1232555210436345,0.0941004379862752,0.5027932960893855,0.0,0.0,0.0,1.005586592178771,3.016759776536313,0.1390254435754189,11.564245810055866,LM/LCM,75,75,75,75,50,50,38,81,69,25,100,62,56,62,50,56,50,44,25,62,25,19,50,56,56,50,38,19,25,25,12,75,94,50,38,69,12,12,25,31,69,75,75,62,62,62,75,31,50,38,88,75,19,88,62,62,62,62,56,50,44,25,50,25,19,50,56,56,50,38,19,25,25,12,75,94,50,25,75,12,12,25,25,62,75,75,Championship
Wrexham,206vnsjv8ho5kpf88y0u2gaic,8aykdj591lych7ifwry8pqxg5,D. Hyam,Dominic Hyam,30,Defender,Scotland,Defender,41.0,9.0,3.0,50.0,0.0,0.0,10.0,19.0,3.0,180.0,3.0,1.0,4.0,1.0,0.0,1.0,1.0,0.0,0.0,0.0,1.0,0.0,0.0,0.0,0.0,0.0,92.59,42.86,0.0,0.0,0.0,40.0,30.77,33.33,0.0897304672305859,0.0,0.0,0.0,0.0,0.0,2.0,2.0,0.03592789,36.0,20.5,4.5,1.5,25.0,0.0,0.0,5.0,9.5,1.5,1.5,0.5,2.0,0.5,0.0,0.5,0.5,0.0,0.0,0.0,0.5,0.0,0.0,0.0,0.0,0.0,92.59,42.86,0.0,0.0,0.0,40.0,30.77,33.33,0.0448652336152929,0.0,0.0,0.0,0.0,0.0,1.0,1.0,0.017963945,18.0,CB,41,18,38,27,32,34,61,92,78,86,45,47,49,45,89,53,35,48,42,26,40,45,49,47,51,92,55,45,40,42,14,19,36,40,38,46,26,26,42,44,40,31,54,32,12,30,19,32,34,48,90,76,80,41,38,44,45,86,49,35,48,42,22,40,45,49,47,51,92,55,45,40,42,14,19,36,38,38,46,26,26,42,44,40,31,54,Championship
Wrexham,206vnsjv8ho5kpf88y0u2gaic,dcq0nu7mmecab5djjwg0n8ktm,L. O'Brien,Lewis O'Brien,27,Midfielder,England,Midfielder,41.0,54.0,4.0,92.0,4.0,1.0,9.0,4.0,4.0,180.0,3.0,3.0,1.0,1.0,0.0,0.0,1.0,1.0,0.0,0.0,2.0,0.0,3.0,0.0,0.0,0.0,94.85,66.67,21.43,0.0,0.0,50.0,33.33,60.0,0.1650686604157338,0.4973020829872152,0.0,7.0,0.16875519,2.0,13.0,10.0,0.1545788699999999,47.0,20.5,27.0,2.0,46.0,2.0,0.5,4.5,2.0,2.0,1.5,1.5,0.5,0.5,0.0,0.0,0.5,0.5,0.0,0.0,1.0,0.0,1.5,0.0,0.0,0.0,94.85,66.67,21.43,0.0,0.0,50.0,33.33,60.0,0.0825343302078669,0.2486510414936076,0.0,3.5,0.084377595,1.0,6.5,5.0,0.0772894349999999,23.5,CM/AM,100,96,86,96,84,32,79,88,95,89,82,46,27,21,25,43,32,45,32,23,29,89,43,50,52,96,71,61,29,32,80,55,43,54,89,25,91,89,75,93,91,46,96,100,93,71,93,68,27,75,73,91,82,77,30,14,21,25,27,27,45,32,18,29,86,43,50,52,96,71,61,29,32,80,55,43,43,79,25,84,82,59,93,82,36,93,Championship
Wrexham,206vnsjv8ho5kpf88y0u2gaic,dunnmxbormx1n48wfcm4o6jmx,Z. Vyner,Zak Vyner,29,Defender,Kenya,Defender,44.0,24.0,8.0,67.0,2.0,0.0,4.0,7.0,0.0,180.0,0.0,1.0,2.0,0.0,0.0,0.0,0.0,0.0,0.0,0.0,0.0,0.0,1.0,0.0,0.0,0.0,77.01,50.0,33.33,0.0,0.0,66.67,0.0,50.0,0.0,0.1654497320869243,0.0,1.0,0.01935132,0.0,5.0,8.0,0.3959726099999999,49.0,22.0,12.0,4.0,33.5,1.0,0.0,2.0,3.5,0.0,0.0,0.5,1.0,0.0,0.0,0.0,0.0,0.0,0.0,0.0,0.0,0.0,0.5,0.0,0.0,0.0,77.01,50.0,33.33,0.0,0.0,66.67,0.0,50.0,0.0,0.0827248660434621,0.0,0.5,0.00967566,0.0,2.5,4.0,0.1979863049999999,24.5,CB,44,55,90,44,92,34,15,33,15,17,45,19,16,45,40,18,35,48,42,9,40,93,49,47,51,19,71,96,40,42,76,5,46,18,92,46,60,59,42,64,74,96,67,38,49,89,38,90,34,10,20,15,17,41,16,16,45,40,18,35,48,42,9,40,92,49,47,51,19,71,96,40,42,76,5,46,18,90,46,58,57,42,62,74,94,62,Championship
Wrexham,206vnsjv8ho5kpf88y0u2gaic,efq6i6kz6ca3u91snwmptef2t,K. Moore,Kieffer Moore,34,Attacker,Wales,Striker,6.0,12.0,0.0,18.0,2.0,5.0,18.0,5.0,0.0,135.0,6.0,0.0,10.0,4.0,1.0,1.0,3.0,5.0,1.0,2.0,8.0,1.0,0.0,0.0,0.0,0.0,58.06,0.0,0.0,20.0,50.0,48.65,52.63,0.0,0.4411933152400431,0.1944193755805798,1.0,2.0,0.09297797,0.0,0.0,2.0,0.07078244,4.0,4.0,8.0,0.0,12.0,1.3333333333333333,3.333333333333333,12.0,3.333333333333333,0.0,4.0,0.0,6.666666666666667,2.6666666666666665,0.6666666666666666,0.6666666666666666,2.0,3.333333333333333,0.6666666666666666,1.3333333333333333,5.333333333333333,0.6666666666666666,0.0,0.0,0.0,0.0,58.06,0.0,0.0,20.0,50.0,48.65,52.63,0.0,0.2941288768266954,0.1296129170537198,0.6666666666666666,1.3333333333333333,0.0619853133333333,0.0,0.0,1.3333333333333333,0.0471882933333333,2.6666666666666665,ST,62,53,31,60,70,86,93,98,36,95,24,90,61,65,61,59,88,73,68,70,60,41,42,51,51,23,31,41,43,70,57,73,24,70,80,59,64,73,26,18,60,55,34,60,59,31,50,76,84,95,100,36,98,24,95,59,59,60,65,86,70,76,61,58,41,42,51,51,23,31,41,43,70,57,73,24,70,80,57,66,73,26,18,59,57,30,Championship
Wrexham,206vnsjv8ho5kpf88y0u2gaic,egmffc9b6n37w1w8e6iydpfqh,O. Rathbone,Oliver Rathbone,29,Midfielder,England,Midfielder,14.0,21.0,0.0,35.0,3.0,2.0,10.0,0.0,0.0,136.0,2.0,4.0,2.0,1.0,0.0,0.0,1.0,2.0,0.0,0.0,6.0,1.0,0.0,0.0,0.0,0.0,83.33,0.0,0.0,50.0,0.0,47.62,66.67,80.0,0.1580305251626256,0.3096635284306948,0.0,4.0,0.11773642,1.0,2.0,4.0,0.28625402,12.0,9.264705882352942,13.897058823529411,0.0,23.161764705882355,1.9852941176470589,1.3235294117647058,6.61764705882353,0.0,0.0,1.3235294117647058,2.647058823529412,1.3235294117647058,0.6617647058823529,0.0,0.0,0.6617647058823529,1.3235294117647058,0.0,0.0,3.9705882352941178,0.6617647058823529,0.0,0.0,0.0,0.0,83.33,0.0,0.0,50.0,0.0,47.62,66.67,80.0,0.1045790240046787,0.2049243938144303,0.0,2.647058823529412,0.0779138073529411,0.6617647058823529,1.3235294117647058,2.647058823529412,0.1894328073529411,7.9411764705882355,CM/AM,59,39,14,45,70,46,88,9,25,75,96,75,27,21,25,43,50,45,32,79,66,27,43,50,52,68,14,27,82,32,71,95,66,50,71,25,73,75,45,32,54,82,29,61,50,14,54,64,46,93,9,25,79,100,82,29,21,25,43,50,45,32,82,71,27,43,50,52,68,14,27,82,32,71,95,66,46,68,25,71,75,46,36,50,82,36,Championship
Wrexham,206vnsjv8ho5kpf88y0u2gaic,u4p0xblzwysukkqdenv2j9qs,C. Doyle,Callum Doyle,22,Defender,England,Defender,43.0,37.0,8.0,80.0,3.0,2.0,10.0,7.0,3.0,180.0,0.0,2.0,4.0,5.0,1.0,1.0,4.0,2.0,0.0,2.0,7.0,2.0,0.0,0.0,0.0,0.0,82.47,80.0,0.0,100.0,40.0,62.5,57.14,50.0,0.5658755081104234,0.2042585280131756,1.0,5.0,0.14144706,2.0,12.0,13.0,0.29466669,54.0,21.5,18.5,4.0,40.0,1.5,1.0,5.0,3.5,1.5,0.0,1.0,2.0,2.5,0.5,0.5,2.0,1.0,0.0,1.0,3.5,1.0,0.0,0.0,0.0,0.0,82.47,80.0,0.0,100.0,40.0,62.5,57.14,50.0,0.2829377540552117,0.1021292640065878,0.5,2.5,0.07072353,1.0,6.0,6.5,0.147333345,27.0,LB/LCB,93,70,96,83,78,74,78,61,83,17,61,74,96,81,78,100,74,48,100,100,91,30,46,48,52,63,100,30,93,93,67,69,37,100,70,93,91,96,87,91,93,85,93,81,70,93,74,69,65,70,52,70,17,48,57,96,70,69,98,65,48,98,96,85,30,46,48,52,63,100,30,93,93,67,69,37,100,59,89,85,93,83,91,93,78,89,Championship
