Team,contestantId,playerId,Short Name,Player Name,Age,Position_x,Nationality,Position_y,total accurate back zone pass_Total,total accurate cross_Total,total accurate fwd zone pass_Total,total accurate long balls_Total,total accurate pass_Total,total aerial won_Total,total assists_Total,total att assist_Total,total attempt_Total,total attempts ibox_Total,total attempts obox_Total,total blocked scoring att_Total,total contest_Total,total dribbles attempted_Total,total duels won_Total,total effective clearance_Total,total goals_Total,total interception_Total,total mins played,total ontarget attempt_Total,total touches in opposition box_Total,total was fouled_Total,total won contest_Total,total won tackle_Total,total big chances saved_Total,total direct setpiece goals_Total,total direct corner goals_Total,pass_success_pct_Total,long_balls_success_pct_Total,cross_success_pct_Total,dribble_success_pct_Total,attempt_success_pct_Total,duel_success_pct_Total,aerial_success_pct_Total,tackle_success_pct_Total,xG_Total,xA_Total,CreatedOwnShot_Total,Total Carries_Total,Total Carry xT_Total,Total Final Third Carries_Total,passes_into_final_third_Total,progressive_passes_Total,xT_pass_Total,forward_passes_Total,total accurate back zone pass_p90,total accurate cross_p90,total accurate fwd zone pass_p90,total accurate long balls_p90,total accurate pass_p90,total aerial won_p90,total assists_p90,total att assist_p90,total attempt_p90,total attempts ibox_p90,total attempts obox_p90,total blocked scoring att_p90,total contest_p90,total dribbles attempted_p90,total duels won_p90,total effective clearance_p90,total goals_p90,total interception_p90,total ontarget attempt_p90,total touches in opposition box_p90,total was fouled_p90,total won contest_p90,total won tackle_p90,total big chances saved_p90,total direct setpiece goals_p90,total direct corner goals_p90,pass_success_pct_p90,long_balls_success_pct_p90,cross_success_pct_p90,dribble_success_pct_p90,attempt_success_pct_p90,duel_success_pct_p90,aerial_success_pct_p90,tackle_success_pct_p90,xG_p90,xA_p90,CreatedOwnShot_p90,Total Carries_p90,Total Carry xT_p90,Total Final Third Carries_p90,passes_into_final_third_p90,progressive_passes_p90,xT_pass_p90,forward_passes_p90,Pos.,total accurate back zone pass_TotalPR,total accurate cross_TotalPR,total accurate fwd zone pass_TotalPR,total accurate long balls_TotalPR,total accurate pass_TotalPR,total aerial won_TotalPR,total assists_TotalPR,total att assist_TotalPR,total attempt_TotalPR,total attempts ibox_TotalPR,total attempts obox_TotalPR,total blocked scoring att_TotalPR,total contest_TotalPR,total dribbles attempted_TotalPR,total duels won_TotalPR,total effective clearance_TotalPR,total goals_TotalPR,total interception_TotalPR,total ontarget attempt_TotalPR,total touches in opposition box_TotalPR,total was fouled_TotalPR,total won contest_TotalPR,total won tackle_TotalPR,total big chances saved_TotalPR,total direct setpiece goals_TotalPR,total direct corner goals_TotalPR,pass_success_pct_TotalPR,long_balls_success_pct_TotalPR,cross_success_pct_TotalPR,dribble_success_pct_TotalPR,attempt_success_pct_TotalPR,duel_success_pct_TotalPR,aerial_success_pct_TotalPR,tackle_success_pct_TotalPR,xG_TotalPR,xA_TotalPR,CreatedOwnShot_TotalPR,Total Carries_TotalPR,Total Carry xT_TotalPR,Total Final Third Carries_TotalPR,passes_into_final_third_TotalPR,progressive_passes_TotalPR,xT_pass_TotalPR,forward_passes_TotalPR,total accurate back zone pass_p90PR,total accurate cross_p90PR,total accurate fwd zone pass_p90PR,total accurate long balls_p90PR,total accurate pass_p90PR,total aerial won_p90PR,total assists_p90PR,total att assist_p90PR,total attempt_p90PR,total attempts ibox_p90PR,total attempts obox_p90PR,total blocked scoring att_p90PR,total contest_p90PR,total dribbles attempted_p90PR,total duels won_p90PR,total effective clearance_p90PR,total goals_p90PR,total interception_p90PR,total ontarget attempt_p90PR,total touches in opposition box_p90PR,total was fouled_p90PR,total won contest_p90PR,total won tackle_p90PR,total big chances saved_p90PR,total direct setpiece goals_p90PR,total direct corner goals_p90PR,pass_success_pct_p90PR,long_balls_success_pct_p90PR,cross_success_pct_p90PR,dribble_success_pct_p90PR,attempt_success_pct_p90PR,duel_success_pct_p90PR,aerial_success_pct_p90PR,tackle_success_pct_p90PR,xG_p90PR,xA_p90PR,CreatedOwnShot_p90PR,Total Carries_p90PR,Total Carry xT_p90PR,Total Final Third Carries_p90PR,passes_into_final_third_p90PR,progressive_passes_p90PR,xT_pass_p90PR,forward_passes_p90PR,League
Oulu,cy6zs39z79dcfbr4xzkp38z7q,18xd5tutfsezwq4bxdbuc4b9w,I. Mendolin,Iiro Mendolin,20.0,Midfielder,Finland,Midfielder,239.0,1.0,280.0,39.0,518.0,25.0,1.0,12.0,18.0,8.0,10.0,8.0,22.0,24.0,110.0,36.0,1.0,31.0,1587.0,5.0,25.0,29.0,12.0,21.0,0.0,0.0,0.0,78.72,60.0,12.5,54.55,27.78,52.63,53.19,46.67,1.2335755787670792,0.8653604760785615,5.0,20.0,0.517441,5.0,55.0,57.0,1.1359245500000006,235.0,13.553875236294896,0.0567107750472589,15.879017013232517,2.2117202268431004,29.376181474480152,1.4177693761814745,0.0567107750472589,0.6805293005671078,1.0207939508506616,0.4536862003780718,0.5671077504725898,0.4536862003780718,1.2476370510396977,1.3610586011342156,6.238185255198488,2.041587901701323,0.0567107750472589,1.7580340264650285,0.2835538752362949,1.4177693761814745,1.6446124763705103,0.6805293005671078,1.1909262759924386,0.0,0.0,0.0,78.72,60.0,12.5,54.55,27.78,52.63,53.19,46.67,0.0699570271512521,0.0490752632936802,0.2835538752362949,1.1342155009451795,0.0293444801512287,0.2835538752362949,3.119092627599244,3.232514177693762,0.0644191616257089,13.32703213610586,DM/CM,52,39,55,73,52,94,71,62,80,83,74,82,88,88,100,88,67,95,79,82,97,88,79,45,52,52,12,88,41,73,59,62,76,15,70,61,59,58,64,38,55,55,45,52,12,39,24,55,15,85,67,39,64,67,64,76,67,70,88,79,61,91,64,55,76,79,55,45,52,52,12,88,41,73,59,62,76,15,55,36,33,30,36,24,39,36,9,15,Veikkausliiga
Oulu,cy6zs39z79dcfbr4xzkp38z7q,33va022bhya45v496wz8usn6y,O. Kemppainen,Otto Kemppainen,22.0,Defender,Finland,Defender,151.0,3.0,131.0,16.0,279.0,6.0,1.0,5.0,2.0,1.0,1.0,1.0,20.0,21.0,43.0,40.0,0.0,11.0,922.0,1.0,5.0,9.0,10.0,12.0,0.0,0.0,0.0,82.3,41.03,16.67,50.0,50.0,46.74,33.33,66.67,0.1476451221223742,0.45966920362684,1.0,24.0,0.629915,14.0,18.0,23.0,0.7969225900000004,130.0,14.739696312364426,0.2928416485900217,12.787418655097614,1.5618221258134493,27.23427331887202,0.5856832971800434,0.0976138828633405,0.4880694143167028,0.1952277657266811,0.0976138828633405,0.0976138828633405,0.0976138828633405,1.952277657266812,2.049891540130152,4.197396963123644,3.904555314533623,0.0,1.0737527114967462,0.0976138828633405,0.4880694143167028,0.8785249457700651,0.9761388286334056,1.1713665943600868,0.0,0.0,0.0,82.3,41.03,16.67,50.0,50.0,46.74,33.33,66.67,0.014412213656197,0.0448700957987154,0.0976138828633405,2.3427331887201737,0.0614884490238611,1.366594360086768,1.7570498915401302,2.245119305856833,0.07779070835141,12.689804772234275,RB/RCB,48,43,48,55,43,50,64,50,24,29,40,62,76,76,52,76,38,67,40,21,48,81,50,48,52,52,67,71,24,55,69,24,14,76,19,52,43,83,86,86,43,45,48,52,38,33,29,48,38,24,62,52,24,24,38,67,76,76,48,86,38,67,43,10,48,81,43,48,52,52,67,71,24,55,69,24,14,76,19,52,38,86,86,90,29,24,24,38,Veikkausliiga
Oulu,cy6zs39z79dcfbr4xzkp38z7q,3ajk1fh1r7rxjmsljdm5zs639,M. Pitkänen,Mikko Pitkänen,29.0,Defender,Finland,Defender,274.0,0.0,121.0,28.0,395.0,16.0,0.0,1.0,1.0,1.0,0.0,0.0,6.0,6.0,45.0,47.0,0.0,4.0,905.0,1.0,3.0,6.0,4.0,13.0,0.0,0.0,0.0,81.95,40.0,0.0,66.67,100.0,55.56,44.44,68.42,0.1378752255490449,0.0536128491227603,0.0,3.0,0.06738174,1.0,23.0,24.0,0.5154741299999999,241.0,27.248618784530382,0.0,12.033149171270718,2.7845303867403315,39.28176795580111,1.591160220994475,0.0,0.0994475138121546,0.0994475138121546,0.0994475138121546,0.0,0.0,0.5966850828729282,0.5966850828729282,4.475138121546961,4.674033149171271,0.0,0.3977900552486187,0.0994475138121546,0.2983425414364641,0.5966850828729282,0.3977900552486187,1.292817679558011,0.0,0.0,0.0,81.95,40.0,0.0,66.67,100.0,55.56,44.44,68.42,0.0137113483971425,0.0053316645536446,0.0,0.2983425414364641,0.006700946519337,0.0994475138121546,2.287292817679558,2.386740331491713,0.0512626206629834,23.96685082872928,CB,45,31,36,61,45,41,38,32,12,13,24,14,64,64,55,57,35,19,40,12,49,70,80,43,50,51,31,38,31,79,100,41,16,61,18,29,26,27,27,36,37,34,27,45,43,31,22,53,35,37,38,27,12,16,24,14,63,63,57,39,35,8,37,10,43,76,86,43,50,51,31,38,31,79,100,41,16,61,14,27,26,20,27,31,29,22,12,43,Veikkausliiga
Oulu,cy6zs39z79dcfbr4xzkp38z7q,3tpjeq8mn2sy9v6a8hcesp9wq,T. Kaukua,Tuomas Kaukua,25.0,Attacker,Finland,Striker,264.0,9.0,301.0,26.0,556.0,14.0,1.0,18.0,11.0,5.0,6.0,4.0,80.0,84.0,132.0,60.0,1.0,16.0,1781.0,4.0,38.0,28.0,47.0,30.0,0.0,0.0,0.0,71.1,20.31,24.32,58.75,36.36,57.64,50.0,68.18,0.6902933113370782,1.5111158475282511,4.0,62.0,1.923838209999999,32.0,55.0,79.0,2.801737230000002,281.0,13.340819764177429,0.454800673778776,15.210555867490177,1.3138686131386863,28.096574957888823,0.7074677147669849,0.0505334081976417,0.909601347557552,0.5558674901740596,0.2526670409882088,0.3032004491858506,0.2021336327905671,4.042672655811342,4.244806288601909,6.670409882088714,3.0320044918585065,0.0505334081976417,0.8085345311622685,0.2021336327905671,1.920269511510388,1.4149354295339698,2.375070185289164,1.5160022459292533,0.0,0.0,0.0,71.1,20.31,24.32,58.75,36.36,57.64,50.0,68.18,0.0348828736778983,0.0763618339570705,0.2021336327905671,3.13307130825379,0.0972181015721504,1.617069062324537,2.779337450870298,3.992139247613701,0.1415813311061202,14.19988770353734,LW,100,85,100,100,100,100,54,77,62,46,77,58,100,100,100,100,62,100,62,69,96,100,100,50,54,54,23,31,62,85,69,100,85,69,46,77,62,92,92,100,100,100,92,100,100,62,62,100,85,62,38,31,15,15,15,15,69,69,85,92,54,77,23,15,62,85,100,50,54,54,23,31,62,85,69,100,85,69,15,31,23,62,62,85,92,92,62,100,Veikkausliiga
Oulu,cy6zs39z79dcfbr4xzkp38z7q,4votdnyh0srvboatz6a20d5p0,J. Paananen,Julius Paananen,19.0,Midfielder,Finland,Midfielder,251.0,0.0,293.0,29.0,544.0,9.0,0.0,10.0,18.0,6.0,12.0,3.0,14.0,16.0,63.0,37.0,0.0,27.0,1480.0,5.0,15.0,13.0,3.0,16.0,0.0,0.0,0.0,79.65,37.18,0.0,21.43,27.78,47.73,45.0,42.11,1.3179289615678709,0.8387871743802104,8.0,21.0,0.48691432,4.0,61.0,69.0,1.5729556700000005,270.0,15.263513513513516,0.0,17.81756756756757,1.7635135135135136,33.08108108108109,0.5472972972972974,0.0,0.6081081081081081,1.0945945945945947,0.3648648648648649,0.7297297297297298,0.1824324324324324,0.8513513513513514,0.972972972972973,3.8310810810810816,2.25,0.0,1.641891891891892,0.304054054054054,0.9121621621621624,0.7905405405405406,0.1824324324324324,0.972972972972973,0.0,0.0,0.0,79.65,37.18,0.0,21.43,27.78,47.73,45.0,42.11,0.0801443287439921,0.0510073281717695,0.4864864864864865,1.2770270270270272,0.0296096545945946,0.2432432432432432,3.70945945945946,4.1959459459459465,0.0956527096621622,16.41891891891892,DM/CM,61,17,58,55,55,62,29,52,80,67,85,56,73,76,64,91,24,86,79,62,47,36,52,45,52,52,15,33,17,9,59,30,52,9,76,58,77,64,58,27,61,73,58,55,33,17,33,45,30,42,29,21,67,48,82,36,52,52,36,85,24,82,67,39,27,18,27,45,52,52,15,33,17,9,59,30,52,9,61,42,67,39,39,21,52,58,39,36,Veikkausliiga
Oulu,cy6zs39z79dcfbr4xzkp38z7q,4z8cc7bkslzkdckyv4k4ruvis,M. Ajoung,Macar Ajoung,20.0,Defender,Finland,Defender,47.0,0.0,6.0,0.0,53.0,2.0,0.0,0.0,0.0,0.0,0.0,0.0,0.0,0.0,9.0,8.0,0.0,1.0,90.0,0.0,0.0,3.0,0.0,2.0,0.0,0.0,0.0,96.36,0.0,0.0,0.0,0.0,90.0,66.67,50.0,0.0,0.0,0.0,0.0,0.0,0.0,0.0,0.0,0.0,0.0,47.0,0.0,6.0,0.0,53.0,2.0,0.0,0.0,0.0,0.0,0.0,0.0,0.0,0.0,9.0,8.0,0.0,1.0,0.0,0.0,3.0,0.0,2.0,0.0,0.0,0.0,96.36,0.0,0.0,0.0,0.0,90.0,66.67,50.0,0.0,0.0,0.0,0.0,0.0,0.0,0.0,0.0,0.0,0.0,CB,8,31,3,2,4,7,38,11,4,4,24,14,10,10,8,9,35,4,15,3,26,15,14,43,50,51,100,2,31,15,15,100,77,19,4,12,26,6,6,14,3,3,3,3,90,31,3,2,61,48,38,11,4,4,24,14,10,10,100,97,35,46,15,3,100,15,100,43,50,51,100,2,31,15,15,100,77,19,4,12,26,6,6,14,3,3,3,3,Veikkausliiga
Oulu,cy6zs39z79dcfbr4xzkp38z7q,6yreepfqr0qh9o2mlglzkri6t,R. Riski,Roope Riski,35.0,Attacker,Finland,Striker,15.0,0.0,33.0,0.0,48.0,0.0,0.0,1.0,7.0,6.0,1.0,3.0,3.0,3.0,4.0,1.0,2.0,0.0,348.0,3.0,15.0,2.0,0.0,2.0,0.0,0.0,0.0,87.27,0.0,0.0,0.0,42.86,25.0,0.0,100.0,0.5124123150518014,0.0461167270691317,2.0,1.0,0.10805102,0.0,0.0,3.0,0.07748735,12.0,3.8793103448275854,0.0,8.53448275862069,0.0,12.413793103448276,0.0,0.0,0.2586206896551724,1.8103448275862069,1.5517241379310345,0.2586206896551724,0.7758620689655172,0.7758620689655172,0.7758620689655172,1.0344827586206895,0.2586206896551724,0.5172413793103449,0.0,0.7758620689655172,3.8793103448275854,0.5172413793103449,0.0,0.5172413793103449,0.0,0.0,0.0,87.27,0.0,0.0,0.0,42.86,25.0,0.0,100.0,0.1325204263065003,0.0119267397592581,0.5172413793103449,0.2586206896551724,0.0279442293103448,0.0,0.0,0.7758620689655172,0.0200398318965517,3.103448275862069,ST,32,25,26,5,26,3,20,8,23,29,17,39,12,12,3,9,54,17,27,29,16,8,23,51,50,51,100,5,25,8,64,7,3,92,20,7,28,10,27,10,3,20,13,18,37,25,41,5,39,3,20,7,26,33,15,76,13,13,2,11,80,17,35,37,24,8,48,51,50,51,100,5,25,8,64,7,3,92,24,9,46,9,26,10,3,24,13,15,Veikkausliiga
Oulu,cy6zs39z79dcfbr4xzkp38z7q,7glr1eur910fj5b5fg743job9,R. Karjalainen,Rasmus Karjalainen,30.0,Attacker,Finland,Striker,87.0,22.0,204.0,13.0,269.0,23.0,3.0,31.0,52.0,39.0,13.0,15.0,17.0,19.0,50.0,17.0,10.0,1.0,1817.0,22.0,78.0,9.0,6.0,8.0,0.0,0.0,0.0,64.98,27.66,21.78,35.29,42.31,40.32,42.59,61.54,6.200041597190758,3.481921013903931,14.0,18.0,0.58212194,8.0,25.0,37.0,1.4801528699999995,108.0,4.309301045679692,1.089708310401761,10.104567969179966,0.643918547055586,13.324160704457896,1.1392405063291138,0.1485965877820583,1.535498073747936,2.575674188222344,1.9317556411667585,0.643918547055586,0.7429829389102917,0.8420473307649972,0.9411117226197028,2.476609796367639,0.8420473307649972,0.4953219592735278,0.0495321959273527,1.089708310401761,3.863511282333517,0.445789763346175,0.2971931755641167,0.3962575674188222,0.0,0.0,0.0,64.98,27.66,21.78,35.29,42.31,40.32,42.59,61.54,0.3071016751497898,0.1724671938642563,0.6934507429829389,0.89157952669235,0.0288337779856906,0.3962575674188222,1.2383048981838194,1.8326912493120529,0.0733152219592735,5.3494771601541,ST,89,98,98,96,98,83,93,98,92,90,93,96,71,71,73,93,95,46,95,87,54,63,79,51,50,51,20,22,72,49,59,59,61,41,91,100,98,83,76,79,95,96,87,93,48,87,57,78,46,48,61,83,48,52,63,72,17,20,11,59,78,35,57,35,20,30,22,51,50,51,20,22,72,49,59,59,61,41,63,91,63,28,30,46,74,76,61,67,Veikkausliiga
Oulu,cy6zs39z79dcfbr4xzkp38z7q,7ljghcaztuhry0jka0gx0x72s,A. Lietsa,Johan Lietsa,21.0,Defender,Finland,Defender,300.0,1.0,87.0,27.0,386.0,26.0,0.0,2.0,2.0,2.0,0.0,1.0,0.0,0.0,42.0,47.0,0.0,4.0,823.0,0.0,11.0,6.0,0.0,7.0,0.0,0.0,0.0,80.25,36.99,100.0,0.0,0.0,53.16,56.52,70.0,0.2630024822428607,0.1216025102943307,0.0,2.0,0.04087117,1.0,8.0,20.0,0.5570583600000001,240.0,32.806804374240585,0.1093560145808019,9.513973268529767,2.952612393681653,42.21142162818956,2.8432563791008505,0.0,0.2187120291616039,0.2187120291616039,0.2187120291616039,0.0,0.1093560145808019,0.0,0.0,4.592952612393682,5.139732685297692,0.0,0.4374240583232078,0.0,1.2029161603888214,0.6561360874848117,0.0,0.7654921020656137,0.0,0.0,0.0,80.25,36.99,100.0,0.0,0.0,53.16,56.52,70.0,0.0287609032829373,0.0132979658888089,0.0,0.2187120291616039,0.0044695082624544,0.1093560145808019,0.8748481166464156,2.187120291616039,0.0609176821385176,26.24544349939247,CB,53,65,29,58,43,72,38,49,22,26,24,41,10,10,49,57,35,19,15,52,49,15,41,43,50,51,24,29,99,15,15,29,44,65,27,39,26,20,20,36,12,30,31,43,53,69,14,55,41,86,38,53,20,27,24,47,10,10,61,51,35,12,15,55,53,15,49,43,50,51,24,29,99,15,15,29,44,65,29,49,26,16,16,33,8,18,20,47,Veikkausliiga
Oulu,cy6zs39z79dcfbr4xzkp38z7q,7os7jcq9ok9jco9kqtscubpp1,J. Pirinen,Juha Pirinen,34.0,Defender,Finland,Defender,593.0,1.0,347.0,76.0,939.0,51.0,0.0,0.0,6.0,6.0,0.0,0.0,1.0,2.0,101.0,110.0,1.0,18.0,1800.0,4.0,16.0,27.0,1.0,16.0,0.0,0.0,0.0,77.16,33.04,33.33,100.0,66.67,70.14,68.0,72.73,0.8534065808640598,0.0,0.0,13.0,0.25031031,0.0,92.0,101.0,2.0681180900000005,581.0,29.65,0.05,17.35,3.8,46.95,2.55,0.0,0.0,0.3,0.3,0.0,0.0,0.05,0.1,5.05,5.5,0.05,0.9,0.2,0.8,1.35,0.05,0.8,0.0,0.0,0.0,77.16,33.04,33.33,100.0,66.67,70.14,68.0,72.73,0.0426703290432029,0.0,0.0,0.65,0.0125155155,0.0,4.6,5.05,0.1034059045,29.05,CB,86,65,94,96,90,98,38,11,58,69,24,14,29,42,98,94,82,85,89,77,100,40,83,43,50,51,12,18,84,95,98,98,85,70,71,12,26,67,63,14,95,96,98,90,47,61,55,84,53,69,38,11,29,33,24,14,20,29,71,58,72,36,67,39,92,31,51,43,50,51,12,18,84,95,98,98,85,70,37,12,26,40,39,14,69,67,47,51,Veikkausliiga
Oulu,cy6zs39z79dcfbr4xzkp38z7q,80whrqt5ch885cdrzpzlez85w,Adramane Cassamá,Adramane Cassamá,22.0,Defender,Guinea-Bissau,Defender,68.0,3.0,63.0,8.0,128.0,5.0,0.0,2.0,2.0,0.0,2.0,0.0,17.0,19.0,32.0,16.0,0.0,6.0,469.0,1.0,4.0,7.0,10.0,8.0,0.0,0.0,0.0,77.11,25.0,33.33,58.82,50.0,68.09,71.43,80.0,0.1305161648161383,0.2248213784025777,2.0,8.0,0.18915188,5.0,11.0,13.0,0.4327996100000001,51.0,13.049040511727078,0.5756929637526652,12.08955223880597,1.535181236673774,24.562899786780385,0.9594882729211088,0.0,0.3837953091684435,0.3837953091684435,0.0,0.3837953091684435,0.0,3.2622601279317696,3.646055437100213,6.140724946695096,3.070362473347548,0.0,1.1513859275053304,0.1918976545842217,0.767590618336887,1.343283582089552,1.9189765458422168,1.535181236673774,0.0,0.0,0.0,77.11,25.0,33.33,58.82,50.0,68.09,71.43,80.0,0.0250457459135446,0.0431426952158464,0.3837953091684435,1.535181236673774,0.0362978021321961,0.9594882729211088,2.11087420042644,2.4946695095948828,0.0830532300639659,9.786780383795309,LB/LCB,33,43,29,33,29,40,29,29,21,10,62,14,67,67,38,38,40,38,48,36,45,62,33,45,52,52,43,7,76,67,93,95,81,90,19,29,57,33,33,43,33,29,29,29,57,48,33,38,48,57,29,19,24,10,57,14,100,100,81,48,40,57,71,29,76,100,81,45,52,52,43,7,76,67,93,95,81,90,24,33,67,67,67,67,24,24,33,29,Veikkausliiga
Oulu,cy6zs39z79dcfbr4xzkp38z7q,94890ji7pkj7c723u1n69c1zo,J. Mäkeläinen,Juuso Mäkeläinen,17.0,Midfielder,Finland,Midfielder,31.0,3.0,46.0,6.0,74.0,2.0,0.0,2.0,4.0,1.0,3.0,2.0,5.0,5.0,22.0,1.0,0.0,1.0,307.0,1.0,5.0,15.0,1.0,2.0,0.0,0.0,0.0,77.89,66.67,60.0,20.0,25.0,47.83,20.0,40.0,0.2716409252356822,0.1787591641900441,2.0,2.0,0.04336653,0.0,7.0,10.0,0.36381765,38.0,9.087947882736156,0.8794788273615636,13.485342019543976,1.7589576547231272,21.693811074918568,0.5863192182410424,0.0,0.5863192182410424,1.1726384364820848,0.2931596091205212,0.8794788273615636,0.5863192182410424,1.4657980456026058,1.4657980456026058,6.449511400651466,0.2931596091205212,0.0,0.2931596091205212,0.2931596091205212,1.4657980456026058,4.397394136807818,0.2931596091205212,0.5863192182410424,0.0,0.0,0.0,77.89,66.67,60.0,20.0,25.0,47.83,20.0,40.0,0.0796341474632293,0.0524049667006643,0.5863192182410424,0.5863192182410424,0.0127133149837133,0.0,2.052117263843648,2.931596091205212,0.1066566400651465,11.140065146579804,CM/AM,21,44,10,31,13,21,23,4,12,12,47,28,23,22,33,8,17,14,13,13,63,15,14,51,47,50,31,86,97,19,22,51,17,12,13,13,42,5,5,5,14,21,18,21,38,69,18,67,23,51,23,15,38,13,79,72,54,54,85,8,17,23,28,23,100,23,23,51,47,50,31,86,97,19,22,51,17,12,31,18,67,5,5,5,28,31,44,33,Veikkausliiga
Oulu,cy6zs39z79dcfbr4xzkp38z7q,9rle4eqj5q7d4y7hgu570vgfd,N. Jokelainen,Niklas Jokelainen,26.0,Midfielder,Finland,Midfielder,76.0,4.0,107.0,8.0,179.0,5.0,0.0,7.0,5.0,3.0,2.0,2.0,5.0,6.0,34.0,6.0,1.0,10.0,570.0,2.0,15.0,10.0,2.0,14.0,0.0,0.0,0.0,81.0,50.0,14.29,40.0,40.0,53.12,55.56,82.35,0.4095268804487718,0.6156861757305441,1.0,11.0,0.23185529,3.0,13.0,17.0,0.6518329100000001,82.0,12.0,0.6315789473684211,16.894736842105264,1.2631578947368425,28.26315789473684,0.7894736842105263,0.0,1.105263157894737,0.7894736842105263,0.4736842105263158,0.3157894736842105,0.3157894736842105,0.7894736842105263,0.9473684210526316,5.368421052631579,0.9473684210526316,0.1578947368421052,1.5789473684210529,0.3157894736842105,2.368421052631579,1.5789473684210529,0.3157894736842105,2.210526315789474,0.0,0.0,0.0,81.0,50.0,14.29,40.0,40.0,53.12,55.56,82.35,0.0646621390182271,0.0972136066942964,0.1578947368421052,1.736842105263158,0.03660873,0.4736842105263158,2.0526315789473686,2.6842105263157894,0.1029209857894737,12.947368421052632,CM/AM,44,54,33,46,36,51,23,38,21,24,32,28,23,26,51,38,53,82,28,31,45,27,83,51,47,50,54,45,28,49,74,72,77,95,26,36,23,29,23,23,31,31,26,36,53,56,38,44,44,64,23,31,15,36,33,38,15,23,74,54,69,97,38,51,64,28,97,51,47,50,54,45,28,49,74,72,77,95,23,41,26,38,28,23,31,28,38,46,Veikkausliiga
Oulu,cy6zs39z79dcfbr4xzkp38z7q,ayynbk5csj9uwle6ta26xq238,E. Kallio,Elias Kallio,22.0,Attacker,Finland,Striker,113.0,0.0,196.0,12.0,309.0,3.0,2.0,14.0,34.0,23.0,11.0,16.0,31.0,34.0,47.0,8.0,2.0,10.0,1421.0,9.0,64.0,6.0,11.0,16.0,0.0,0.0,0.0,71.69,27.27,0.0,35.48,26.47,41.23,17.65,59.26,2.6424129875034263,0.951671487534548,18.0,12.0,0.56963789,10.0,26.0,34.0,1.2713707699999997,109.0,7.156931738212526,0.0,12.413793103448276,0.7600281491907107,19.5707248416608,0.1900070372976776,0.1266713581984518,0.8866995073891625,2.1534130893736805,1.4567206192821955,0.6966924700914848,1.0133708655876144,1.9634060520760028,2.1534130893736805,2.976776917663617,0.5066854327938072,0.1266713581984518,0.633356790992259,0.5700211118930331,4.053483462350457,0.3800140745953553,0.6966924700914848,1.0133708655876144,0.0,0.0,0.0,71.69,27.27,0.0,35.48,26.47,41.23,17.65,59.26,0.1673590210241438,0.060274759942371,1.140042223786066,0.7600281491907107,0.0360784026038001,0.633356790992259,1.6467276565798732,2.1534130893736805,0.0805231311048557,6.903589021815622,LW,85,19,77,85,77,54,88,69,100,100,92,100,77,77,73,54,88,92,96,100,46,69,92,50,54,54,31,46,19,46,38,54,31,62,100,62,100,54,62,69,85,77,62,85,62,19,38,62,62,31,54,23,69,69,46,77,23,23,8,23,69,62,54,38,8,31,69,50,54,54,31,46,19,46,38,54,31,62,54,23,69,8,8,23,62,62,23,54,Veikkausliiga
Oulu,cy6zs39z79dcfbr4xzkp38z7q,c9987xq26uc7bq68l76clyxud,M. Ojala,Matias Ojala,31.0,Midfielder,Finland,Midfielder,35.0,2.0,67.0,6.0,100.0,5.0,0.0,2.0,0.0,0.0,0.0,0.0,2.0,2.0,19.0,5.0,0.0,5.0,199.0,0.0,2.0,9.0,1.0,3.0,0.0,0.0,0.0,79.37,40.0,22.22,50.0,0.0,48.72,41.67,60.0,0.0,0.2936680961634329,0.0,4.0,0.0962393699999999,3.0,15.0,22.0,0.3868388000000001,59.0,15.829145728643216,0.9045226130653266,30.30150753768844,2.71356783919598,45.22613065326633,2.2613065326633164,0.0,0.9045226130653266,0.0,0.0,0.0,0.0,0.9045226130653266,0.9045226130653266,8.592964824120603,2.2613065326633164,0.0,2.2613065326633164,0.0,0.9045226130653266,4.0703517587939695,0.4522613065326633,1.3567839195979898,0.0,0.0,0.0,79.37,40.0,22.22,50.0,0.0,48.72,41.67,60.0,0.0,0.1328147168578339,0.0,1.809045226130653,0.0435253432160803,1.3567839195979898,6.783919597989949,9.949748743718592,0.1749522211055276,26.68341708542713,CM/AM,23,32,21,31,21,51,23,4,3,5,5,5,3,3,23,29,17,59,5,6,38,15,23,51,47,50,36,18,53,72,5,54,41,62,3,21,5,12,8,23,33,33,21,28,77,74,90,92,87,97,23,23,3,5,5,5,21,15,97,97,17,100,5,13,97,44,85,51,47,50,36,18,53,72,5,54,41,62,3,51,5,46,38,79,92,97,67,92,Veikkausliiga
Oulu,cy6zs39z79dcfbr4xzkp38z7q,cn6gncw8nbyds83xx6cxbzrpw,S. Silander,Santeri Silander,22.0,Defender,Finland,Defender,97.0,3.0,78.0,12.0,172.0,4.0,1.0,2.0,3.0,1.0,2.0,0.0,2.0,2.0,29.0,20.0,0.0,4.0,517.0,2.0,8.0,11.0,1.0,8.0,0.0,0.0,0.0,77.48,41.38,25.0,50.0,66.67,63.04,33.33,61.54,0.4885746312011666,0.250685932856827,1.0,1.0,0.04066992,2.0,18.0,18.0,0.4647583999999998,100.0,16.88588007736944,0.5222437137330754,13.57833655705996,2.0889748549323017,29.94197292069633,0.6963249516441006,0.1740812379110251,0.3481624758220503,0.5222437137330754,0.1740812379110251,0.3481624758220503,0.0,0.3481624758220503,0.3481624758220503,5.048355899419729,3.481624758220503,0.0,0.6963249516441006,0.3481624758220503,1.3926499032882012,1.9148936170212767,0.1740812379110251,1.3926499032882012,0.0,0.0,0.0,77.48,41.38,25.0,50.0,66.67,63.04,33.33,61.54,0.0850516766114216,0.0436397175185965,0.1740812379110251,0.1740812379110251,0.0070798700193423,0.3481624758220503,3.133462282398453,3.133462282398453,0.0809057176015473,17.408123791102515,RB/RCB,33,43,26,36,29,33,64,14,36,29,71,24,17,17,38,48,38,33,62,38,67,21,33,48,52,52,38,76,74,55,93,90,14,38,71,33,43,10,14,19,43,33,24,33,48,62,38,62,43,29,76,29,48,33,76,24,19,19,76,71,38,38,81,62,95,33,71,48,52,52,38,76,74,55,93,90,14,38,86,48,62,10,10,29,76,48,33,62,Veikkausliiga
Oulu,cy6zs39z79dcfbr4xzkp38z7q,cx12jrm86he1jy4love855g5w,A. Koné,Abdoulaye Kone,20.0,Attacker,Côte d'Ivoire,Striker,9.0,0.0,24.0,2.0,33.0,22.0,1.0,2.0,14.0,10.0,4.0,1.0,4.0,4.0,33.0,3.0,2.0,0.0,298.0,5.0,13.0,6.0,3.0,0.0,0.0,0.0,0.0,62.26,66.67,0.0,75.0,35.71,45.83,53.66,0.0,1.9638102023147013,0.1892624891395133,4.0,3.0,0.05893908,1.0,3.0,4.0,0.1024463499999999,15.0,2.718120805369128,0.0,7.248322147651007,0.6040268456375839,9.966442953020136,6.644295302013424,0.3020134228187919,0.6040268456375839,4.228187919463087,3.02013422818792,1.2080536912751678,0.3020134228187919,1.2080536912751678,1.2080536912751678,9.966442953020136,0.906040268456376,0.6040268456375839,0.0,1.51006711409396,3.926174496644296,1.812080536912752,0.906040268456376,0.0,0.0,0.0,0.0,62.26,66.67,0.0,75.0,35.71,45.83,53.66,0.0,0.5930970409675272,0.0571598121562288,1.2080536912751678,0.906040268456376,0.0178003932885906,0.3020134228187919,0.906040268456376,1.2080536912751678,0.0309401728187919,4.530201342281879,ST,16,25,16,39,17,80,54,21,40,42,49,16,16,16,57,33,54,17,38,24,45,46,3,51,50,51,17,86,25,96,33,74,89,3,57,28,43,21,11,24,25,27,20,25,15,25,28,70,20,100,91,17,91,85,93,17,37,28,98,63,87,17,80,39,83,76,3,51,50,51,17,86,25,96,33,74,89,3,100,39,89,33,15,35,43,46,24,48,Veikkausliiga
Oulu,cy6zs39z79dcfbr4xzkp38z7q,d34pugygez0vtpx1t8p5bnq0a,S. Sipola,Sami Sipola,24.0,Defender,Finland,Defender,133.0,1.0,79.0,14.0,211.0,5.0,0.0,3.0,1.0,0.0,1.0,0.0,3.0,4.0,28.0,17.0,0.0,3.0,560.0,0.0,2.0,10.0,2.0,7.0,0.0,0.0,0.0,78.15,32.56,10.0,66.67,0.0,60.87,38.46,63.64,0.0446786874323983,0.2386978007212081,1.0,4.0,0.10161898,4.0,18.0,20.0,0.4209926,109.0,21.375,0.1607142857142857,12.696428571428571,2.25,33.910714285714285,0.8035714285714286,0.0,0.4821428571428571,0.1607142857142857,0.0,0.1607142857142857,0.0,0.4821428571428571,0.6428571428571428,4.5,2.732142857142857,0.0,0.4821428571428571,0.0,0.3214285714285714,1.6071428571428572,0.3214285714285714,1.125,0.0,0.0,0.0,78.15,32.56,10.0,66.67,0.0,60.87,38.46,63.64,0.0071805033373497,0.0383621465444798,0.1607142857142857,0.6428571428571428,0.0163316217857142,0.6428571428571428,2.892857142857143,3.2142857142857144,0.067659525,17.517857142857142,RB/RCB,43,14,33,45,38,40,26,33,14,10,40,24,24,26,33,38,38,21,14,7,60,36,29,48,52,52,43,24,12,83,14,71,33,57,14,29,43,24,24,45,43,38,19,38,81,19,24,76,62,43,26,48,14,10,52,24,29,38,60,48,38,14,14,5,81,38,38,48,52,52,43,24,12,83,14,71,33,57,14,33,52,19,19,52,71,52,19,67,Veikkausliiga
Oulu,cy6zs39z79dcfbr4xzkp38z7q,ey1ubi8kr4pvf1xfv1vq61ca2,C. Triana,Camilo Triana,29.0,Attacker,Colombia,Striker,8.0,0.0,7.0,0.0,15.0,1.0,0.0,2.0,2.0,1.0,1.0,0.0,4.0,4.0,7.0,1.0,0.0,1.0,199.0,0.0,4.0,2.0,2.0,1.0,0.0,0.0,0.0,71.43,0.0,0.0,50.0,0.0,25.0,12.5,50.0,0.1357067497263969,0.255411179824398,1.0,3.0,0.1236616099999999,1.0,1.0,1.0,0.09230858,5.0,3.618090452261306,0.0,3.165829145728643,0.0,6.783919597989949,0.4522613065326633,0.0,0.9045226130653266,0.9045226130653266,0.4522613065326633,0.4522613065326633,0.0,1.809045226130653,1.809045226130653,3.165829145728643,0.4522613065326633,0.0,0.4522613065326633,0.0,1.809045226130653,0.9045226130653266,0.9045226130653266,0.4522613065326633,0.0,0.0,0.0,71.43,0.0,0.0,50.0,0.0,25.0,12.5,50.0,0.0613749119365614,0.1155125938904312,0.4522613065326633,1.3567839195979898,0.0559273613065326,0.4522613065326633,0.4522613065326633,0.4522613065326633,0.0417475989949748,2.2613065326633164,ST,13,25,5,5,9,10,20,21,7,5,17,5,16,16,9,9,14,46,5,2,16,37,11,51,50,51,51,5,25,80,5,7,7,17,7,35,20,21,30,24,11,7,17,5,30,25,7,5,9,24,20,39,9,4,41,5,57,54,33,26,14,78,5,2,33,74,37,51,50,51,51,5,25,80,5,7,7,17,4,74,33,63,72,52,20,4,37,7,Veikkausliiga
Oulu,cy6zs39z79dcfbr4xzkp38z7q,f2qohaex1g5tvz10leo2ia6s,M. Arsalo,Markus Arsalo,23.0,Midfielder,Finland,Midfielder,279.0,9.0,321.0,51.0,591.0,5.0,0.0,8.0,15.0,4.0,11.0,8.0,13.0,14.0,55.0,14.0,0.0,13.0,1416.0,1.0,7.0,17.0,7.0,20.0,0.0,0.0,0.0,77.56,39.84,18.75,53.85,6.67,45.83,33.33,76.92,0.9439417646895149,0.6850861141656961,9.0,17.0,0.3640269499999999,7.0,94.0,97.0,2.39311043,358.0,17.73305084745763,0.5720338983050848,20.40254237288136,3.2415254237288136,37.5635593220339,0.3177966101694915,0.0,0.5084745762711864,0.9533898305084746,0.2542372881355932,0.6991525423728814,0.5084745762711864,0.826271186440678,0.8898305084745763,3.495762711864407,0.8898305084745763,0.0,0.826271186440678,0.0635593220338983,0.4449152542372881,1.0805084745762712,0.4449152542372881,1.2711864406779665,0.0,0.0,0.0,77.56,39.84,18.75,53.85,6.67,45.83,33.33,76.92,0.0599962986031471,0.0435436089512095,0.5720338983050848,1.0805084745762712,0.0231373061440677,0.4449152542372881,5.974576271186441,6.165254237288136,0.1521044764830508,22.754237288135595,DM/CM,70,94,70,86,76,33,29,39,67,48,80,82,65,67,52,39,24,55,18,27,64,67,74,45,52,52,9,36,48,67,15,21,24,88,55,39,82,39,36,53,91,91,91,82,45,91,55,88,48,24,29,18,61,27,79,85,48,48,24,18,24,33,18,9,48,58,70,45,52,52,9,36,48,67,15,21,24,88,42,21,73,27,27,33,91,85,82,64,Veikkausliiga
Oulu,cy6zs39z79dcfbr4xzkp38z7q,ftfs3oyk34lr29mhodspsil0,K. Jatta,Kalifa Jatta,20.0,Attacker,Gambia,Striker,31.0,2.0,35.0,3.0,64.0,2.0,0.0,4.0,8.0,8.0,0.0,3.0,15.0,17.0,29.0,2.0,1.0,4.0,420.0,1.0,15.0,14.0,6.0,1.0,0.0,0.0,0.0,75.29,42.86,25.0,40.0,12.5,40.28,28.57,14.29,0.7937135695009723,0.4195073784836811,3.0,8.0,0.22871603,4.0,9.0,9.0,0.5745164800000001,29.0,6.642857142857142,0.4285714285714285,7.499999999999999,0.6428571428571428,13.714285714285714,0.4285714285714285,0.0,0.8571428571428571,1.7142857142857142,1.7142857142857142,0.0,0.6428571428571428,3.214285714285714,3.642857142857143,6.2142857142857135,0.4285714285714285,0.2142857142857142,0.8571428571428571,0.2142857142857142,3.214285714285714,3.0,1.2857142857142856,0.2142857142857142,0.0,0.0,0.0,75.29,42.86,25.0,40.0,12.5,40.28,28.57,14.29,0.1700814791787797,0.089894438246503,0.6428571428571428,1.7142857142857142,0.0490105778571428,0.8571428571428571,1.9285714285714284,1.9285714285714284,0.1231106742857143,6.2142857142857135,RW,40,25,10,40,20,20,30,20,35,50,20,50,40,40,40,15,35,50,10,10,80,40,20,45,55,55,60,60,70,50,10,30,20,20,30,20,50,10,10,30,30,20,20,25,60,50,10,70,10,20,30,20,70,80,20,70,60,60,80,20,50,90,20,20,100,70,20,45,55,55,60,60,70,50,10,30,20,20,80,30,90,30,30,40,60,20,20,20,Veikkausliiga
Oulu,cy6zs39z79dcfbr4xzkp38z7q,mnk5k2dwqsm4btenlggwpdk9,L. Ghezali,Lamine Ghezali,27.0,Attacker,France,Striker,92.0,4.0,203.0,7.0,291.0,8.0,2.0,19.0,14.0,7.0,7.0,7.0,41.0,44.0,58.0,6.0,1.0,2.0,1270.0,4.0,31.0,16.0,14.0,16.0,1.0,0.0,0.0,70.98,33.33,11.76,34.15,28.57,39.46,36.36,80.0,1.070091182749704,1.48947293989368,7.0,35.0,1.1028489099999994,13.0,27.0,46.0,1.7918127900000005,135.0,6.519685039370079,0.2834645669291338,14.385826771653544,0.4960629921259842,20.62204724409449,0.5669291338582677,0.1417322834645669,1.346456692913386,0.9921259842519684,0.4960629921259842,0.4960629921259842,0.4960629921259842,2.905511811023622,3.1181102362204727,4.110236220472441,0.4251968503937008,0.0708661417322834,0.1417322834645669,0.2834645669291338,2.1968503937007875,1.1338582677165354,0.9921259842519684,1.1338582677165354,0.0708661417322834,0.0,0.0,70.98,33.33,11.76,34.15,28.57,39.46,36.36,80.0,0.0758332334232073,0.1055532004649064,0.4960629921259842,2.4803149606299213,0.0781546471653543,0.9212598425196852,1.9133858267716537,3.25984251968504,0.1269788591338583,9.566929133858268,RW,60,60,80,50,60,65,80,75,70,30,90,85,95,90,75,55,35,35,60,40,90,80,95,95,55,55,10,15,20,20,30,20,40,90,50,70,80,90,80,80,90,100,90,80,50,10,50,20,60,40,80,40,20,10,80,40,50,50,40,10,20,10,30,10,60,40,80,90,55,55,10,15,20,20,30,20,40,90,10,40,70,40,40,60,50,80,40,60,Veikkausliiga
Inter Turku,8eab5wbcnttsiosd1o8c71gmk,2fw3pz0v22kdbiognam8zsvoq,L. Kuittinen,Luka Kuittinen,23.0,Defender,Finland,Defender,700.0,0.0,292.0,41.0,992.0,26.0,0.0,4.0,13.0,12.0,1.0,6.0,3.0,3.0,44.0,60.0,0.0,16.0,1399.0,2.0,18.0,5.0,1.0,7.0,0.0,0.0,0.0,90.84,48.24,0.0,33.33,15.38,47.83,56.52,58.33,1.4611526810029918,0.2265370977218802,1.0,12.0,0.24474151,7.0,53.0,57.0,1.4896671,649.0,45.03216583273767,0.0,18.784846318799143,2.6375982844889205,63.817012151536815,1.6726233023588275,0.0,0.2573266619013581,0.8363116511794139,0.7719799857040743,0.0643316654753395,0.3859899928520371,0.1929949964260185,0.1929949964260185,2.8305932809149392,3.859899928520372,0.0,1.0293066476054324,0.128663330950679,1.1579699785561115,0.3216583273766976,0.0643316654753395,0.4503216583273767,0.0,0.0,0.0,90.84,48.24,0.0,33.33,15.38,47.83,56.52,58.33,0.0939983854826799,0.0145735087883982,0.0643316654753395,0.7719799857040743,0.0157446289492494,0.4503216583273767,3.409578270192995,3.666904932094353,0.0958327655468191,41.75125089349535,CB,96,31,82,68,96,72,38,74,84,90,60,94,51,50,53,67,35,76,64,82,40,40,41,43,50,51,84,73,31,35,40,14,44,38,88,63,58,60,59,78,73,68,63,96,88,31,63,47,84,39,38,63,67,73,59,86,45,45,8,27,35,55,55,53,16,35,16,43,50,51,84,73,31,35,40,14,44,38,71,51,55,45,43,63,47,45,39,86,Veikkausliiga
Inter Turku,8eab5wbcnttsiosd1o8c71gmk,3w17p9bq9tagjph173q9jaicq,J. Laine,Janne-Pekka Laine,25.0,Midfielder,Finland,Midfielder,266.0,15.0,331.0,38.0,582.0,4.0,1.0,16.0,7.0,2.0,5.0,1.0,17.0,18.0,50.0,7.0,1.0,15.0,950.0,4.0,11.0,8.0,8.0,17.0,1.0,0.0,0.0,83.5,47.5,31.91,47.06,57.14,52.63,57.14,56.67,0.5672739837072895,2.1771787243957097,5.0,22.0,0.4840887,6.0,89.0,84.0,2.8004905000000018,308.0,25.2,1.4210526315789471,31.357894736842105,3.6,55.13684210526316,0.3789473684210526,0.0947368421052631,1.5157894736842106,0.6631578947368422,0.1894736842105263,0.4736842105263158,0.0947368421052631,1.6105263157894738,1.7052631578947368,4.736842105263158,0.6631578947368422,0.0947368421052631,1.4210526315789471,0.3789473684210526,1.0421052631578946,0.7578947368421053,0.7578947368421053,1.6105263157894738,0.0947368421052631,0.0,0.0,83.5,47.5,31.91,47.06,57.14,52.63,57.14,56.67,0.0537417458249011,0.2062590370480146,0.4736842105263158,2.0842105263157893,0.0458610347368421,0.5684210526315789,8.431578947368422,7.957894736842105,0.2653096263157896,29.178947368421053,DM/CM,67,97,76,70,64,30,71,80,32,23,50,23,82,82,45,21,67,65,67,44,29,76,59,94,52,52,33,42,70,45,94,62,83,39,30,97,59,70,55,44,85,85,97,73,73,100,94,94,91,30,79,91,36,21,48,18,88,88,61,9,67,79,73,45,21,85,88,94,52,52,33,42,70,45,94,62,83,39,30,97,64,82,73,48,97,100,97,88,Veikkausliiga
Inter Turku,8eab5wbcnttsiosd1o8c71gmk,4v4apt20bba429lme218ksiui,Y. Amankwah,Yeboah Amankwah,25.0,Defender,Ghana,Defender,356.0,2.0,231.0,30.0,585.0,28.0,1.0,4.0,1.0,1.0,0.0,0.0,16.0,17.0,73.0,70.0,0.0,17.0,1494.0,0.0,16.0,9.0,10.0,12.0,0.0,0.0,0.0,79.59,41.1,9.09,62.5,0.0,55.3,52.83,46.15,0.1070865504532936,0.337916342359769,0.0,21.0,0.50564621,6.0,48.0,52.0,1.5445403300000016,353.0,21.44578313253012,0.1204819277108433,13.915662650602409,1.8072289156626504,35.24096385542168,1.686746987951807,0.0602409638554216,0.2409638554216867,0.0602409638554216,0.0602409638554216,0.0,0.0,0.9638554216867468,1.0240963855421683,4.397590361445783,4.216867469879518,0.0,1.0240963855421683,0.0,0.9638554216867468,0.5421686746987951,0.6024096385542168,0.7228915662650601,0.0,0.0,0.0,79.59,41.1,9.09,62.5,0.0,55.3,52.83,46.15,0.0064509970152586,0.0203564061662511,0.0,1.2650602409638554,0.0304606150602409,0.36144578313253,2.8915662650602405,3.132530120481928,0.0930445981927711,21.26506024096385,CB,61,74,63,63,63,76,85,74,12,13,24,14,90,88,85,78,35,82,15,77,64,93,77,43,50,51,18,43,61,73,15,37,29,14,8,73,26,84,84,73,65,65,71,65,24,71,29,24,27,41,82,57,8,8,24,14,82,80,55,33,35,53,15,45,39,84,47,43,50,51,18,43,61,73,15,37,29,14,8,61,26,63,65,59,41,31,37,35,Veikkausliiga
Inter Turku,8eab5wbcnttsiosd1o8c71gmk,50pntfz4g78co2q68kno332z9,J. Tuominen,Jasse Tuominen,30.0,Midfielder,Finland,Midfielder,91.0,2.0,208.0,8.0,297.0,14.0,2.0,11.0,23.0,16.0,7.0,4.0,25.0,26.0,88.0,7.0,3.0,2.0,930.0,8.0,54.0,32.0,14.0,16.0,0.0,0.0,0.0,80.49,40.0,15.38,56.0,34.78,58.67,56.0,57.14,2.1735246410615554,0.9267318067616864,7.0,30.0,0.7989831599999997,14.0,30.0,53.0,1.7080487700000004,143.0,8.806451612903226,0.1935483870967742,20.12903225806452,0.7741935483870968,28.741935483870964,1.3548387096774193,0.1935483870967742,1.064516129032258,2.225806451612903,1.5483870967741935,0.6774193548387096,0.3870967741935484,2.419354838709677,2.5161290322580645,8.516129032258064,0.6774193548387096,0.2903225806451612,0.1935483870967742,0.7741935483870968,5.225806451612903,3.096774193548387,1.3548387096774193,1.5483870967741935,0.0,0.0,0.0,80.49,40.0,15.38,56.0,34.78,58.67,56.0,57.14,0.2103410942962795,0.0896837232350019,0.6774193548387096,2.9032258064516125,0.0773209509677419,1.3548387096774193,2.9032258064516125,5.129032258064516,0.1652950422580645,13.838709677419354,CM/AM,49,32,69,46,67,92,77,51,81,88,79,62,85,85,94,49,86,27,78,95,95,88,97,51,47,50,46,18,33,82,59,91,79,54,87,49,83,79,74,74,65,74,74,69,33,28,54,23,46,82,74,26,92,95,72,46,87,82,95,28,87,18,79,92,87,90,92,51,47,50,46,18,33,82,59,91,79,54,95,31,82,72,69,77,49,72,62,54,Veikkausliiga
Inter Turku,8eab5wbcnttsiosd1o8c71gmk,53kd57a8pwjno3l6cou3nexn9,J. Hämäläinen,Juuso Hämäläinen,32.0,Defender,Finland,Defender,359.0,0.0,126.0,16.0,485.0,29.0,0.0,2.0,6.0,6.0,0.0,3.0,1.0,1.0,38.0,45.0,0.0,11.0,720.0,0.0,10.0,1.0,0.0,3.0,0.0,0.0,0.0,88.83,30.77,0.0,0.0,0.0,55.88,63.04,37.5,0.7395309622585342,0.2051354552718288,1.0,5.0,0.09954451,1.0,30.0,30.0,0.73471253,247.0,44.875,0.0,15.75,2.0,60.625,3.625,0.0,0.25,0.75,0.75,0.0,0.375,0.125,0.125,4.75,5.625,0.0,1.375,0.0,1.25,0.125,0.0,0.375,0.0,0.0,0.0,88.83,30.77,0.0,0.0,0.0,55.88,63.04,37.5,0.0924413702823167,0.0256419319089786,0.125,0.625,0.01244306375,0.125,3.75,3.75,0.09183906625,30.875,CB,63,31,39,36,51,82,38,49,58,69,24,82,29,28,47,51,35,54,15,47,9,15,20,43,50,51,65,10,31,15,15,45,63,7,65,59,58,34,35,36,49,42,35,47,86,31,45,34,73,96,38,59,59,71,24,84,35,35,67,61,35,82,15,61,6,15,10,43,50,51,65,10,31,15,15,45,63,7,67,71,67,35,37,39,55,47,35,61,Veikkausliiga
Inter Turku,8eab5wbcnttsiosd1o8c71gmk,568l8kl9ejau7hiaos3xwh0tm,J. Tauriainen,Julius Tauriainen,25.0,Defender,Finland,Defender,180.0,8.0,198.0,16.0,370.0,5.0,1.0,12.0,13.0,7.0,6.0,4.0,13.0,13.0,35.0,15.0,1.0,2.0,750.0,4.0,15.0,4.0,8.0,11.0,0.0,0.0,0.0,84.28,45.71,20.0,61.54,30.77,60.34,41.67,61.11,1.0207806585587198,1.559164575717577,5.0,24.0,0.5233250600000001,9.0,38.0,51.0,1.8103313400000005,167.0,21.6,0.96,23.76,1.92,44.4,0.6,0.12,1.44,1.5599999999999998,0.84,0.72,0.48,1.5599999999999998,1.5599999999999998,4.199999999999999,1.7999999999999998,0.12,0.24,0.48,1.7999999999999998,0.48,0.96,1.3199999999999998,0.0,0.0,0.0,84.28,45.71,20.0,61.54,30.77,60.34,41.67,61.11,0.1224936790270463,0.1870997490861092,0.6,2.88,0.0627990072,1.0799999999999998,4.56,6.119999999999999,0.2172397608,20.04,CB,35,98,51,36,41,11,85,94,84,77,93,88,83,82,38,18,82,9,89,69,34,87,71,43,50,51,51,61,67,71,65,69,14,43,78,98,90,88,86,87,55,63,84,37,27,96,86,29,47,12,92,96,88,80,98,94,92,92,49,8,92,4,90,76,22,90,88,43,50,51,51,61,67,71,65,69,14,43,86,98,96,98,96,96,67,86,96,27,Veikkausliiga
Inter Turku,8eab5wbcnttsiosd1o8c71gmk,5fvzbq3mstt7eatkjpodbvpm2,J. Botué,Jean Botué,24.0,Attacker,Burkina Faso,Striker,26.0,0.0,73.0,3.0,99.0,18.0,0.0,7.0,20.0,18.0,2.0,2.0,18.0,18.0,50.0,4.0,0.0,1.0,663.0,5.0,47.0,17.0,8.0,5.0,0.0,0.0,0.0,75.57,60.0,0.0,44.44,25.0,47.62,45.0,71.43,1.719883144267508,0.3604136616597819,4.0,10.0,0.3507348,1.0,6.0,10.0,0.4416595099999999,31.0,3.5294117647058827,0.0,9.90950226244344,0.4072398190045249,13.43891402714932,2.443438914027149,0.0,0.9502262443438916,2.7149321266968327,2.443438914027149,0.2714932126696833,0.2714932126696833,2.443438914027149,2.443438914027149,6.787330316742082,0.5429864253393666,0.0,0.1357466063348416,0.6787330316742082,6.380090497737557,2.307692307692308,1.0859728506787332,0.6787330316742082,0.0,0.0,0.0,75.57,60.0,0.0,44.44,25.0,47.62,45.0,71.43,0.233468300126811,0.0489249314470292,0.5429864253393666,1.3574660633484164,0.0476110588235294,0.1357466063348416,0.8144796380090498,1.3574660633484164,0.059953779638009,4.208144796380091,ST,45,25,50,54,46,74,20,46,57,65,32,29,74,67,73,43,14,46,38,64,85,77,61,51,50,51,67,74,25,74,17,83,65,62,48,43,43,48,54,24,53,60,52,47,26,25,52,46,50,72,20,41,50,72,17,13,78,76,87,33,14,41,26,85,96,87,59,51,50,51,67,74,25,74,17,83,65,62,39,28,48,65,63,20,41,50,48,39,Veikkausliiga
Inter Turku,8eab5wbcnttsiosd1o8c71gmk,5h537xsqxhri0a9e38oexyhhw,A. Conteh,Alie Conteh,21.0,Attacker,Sierra Leone,Striker,60.0,0.0,117.0,10.0,177.0,39.0,2.0,15.0,54.0,47.0,7.0,12.0,26.0,29.0,70.0,5.0,10.0,3.0,1092.0,21.0,111.0,13.0,11.0,4.0,0.0,0.0,0.0,74.06,66.67,0.0,42.31,38.89,43.75,52.7,57.14,6.707284341395986,1.0824648626438649,8.0,13.0,0.4539919699999999,4.0,15.0,17.0,0.7096345199999996,59.0,4.945054945054945,0.0,9.642857142857142,0.8241758241758242,14.587912087912088,3.2142857142857144,0.1648351648351648,1.2362637362637363,4.450549450549451,3.8736263736263736,0.576923076923077,0.989010989010989,2.142857142857143,2.39010989010989,5.769230769230769,0.4120879120879121,0.8241758241758242,0.2472527472527472,1.7307692307692308,9.148351648351648,1.0714285714285714,0.9065934065934066,0.3296703296703296,0.0,0.0,0.0,74.06,66.67,0.0,42.31,38.89,43.75,52.7,57.14,0.5527981600051637,0.0892141370310877,0.6593406593406593,1.0714285714285714,0.0374169206043955,0.3296703296703296,1.2362637362637363,1.4010989010989012,0.0584863615384615,4.862637362637363,ST,77,25,76,89,76,96,80,78,96,96,74,92,89,91,91,55,95,66,91,100,70,86,48,51,50,51,59,86,25,61,37,67,85,34,100,70,73,61,65,52,84,67,65,73,63,25,48,83,54,87,78,67,98,100,59,87,67,70,74,22,98,59,91,98,48,78,20,51,50,51,59,86,25,61,37,67,85,34,93,61,59,46,50,39,72,54,46,57,Veikkausliiga
Inter Turku,8eab5wbcnttsiosd1o8c71gmk,5ynhzqvpks5u5bjgno6snhyzu,P. Ahiabu,Prosper Ahiabu,27.0,Midfielder,Ghana,Midfielder,413.0,4.0,345.0,42.0,754.0,20.0,0.0,20.0,28.0,20.0,8.0,11.0,14.0,15.0,73.0,26.0,1.0,19.0,1645.0,7.0,50.0,14.0,9.0,19.0,0.0,0.0,0.0,86.47,50.0,36.36,64.29,25.0,48.99,51.28,61.29,2.6942026417107456,1.5797454809947875,8.0,21.0,0.4635758499999999,15.0,68.0,83.0,2.34301078,354.0,22.595744680851062,0.2188449848024316,18.87537993920973,2.297872340425532,41.252279635258354,1.094224924012158,0.0,1.094224924012158,1.5319148936170213,1.094224924012158,0.4376899696048632,0.601823708206687,0.7659574468085106,0.8206686930091185,3.9939209726443767,1.4224924012158051,0.0547112462006079,1.03951367781155,0.3829787234042553,2.735562310030395,0.7659574468085106,0.4924012158054711,1.03951367781155,0.0,0.0,0.0,86.47,50.0,36.36,64.29,25.0,48.99,51.28,61.29,0.1474031840449648,0.0864298439450035,0.4376899696048632,1.1489361702127658,0.025362812462006,0.8206686930091185,3.720364741641337,4.541033434650456,0.1281890396352583,19.3677811550152,DM/CM,88,77,80,76,82,88,29,95,97,100,67,95,73,71,77,70,67,70,97,100,53,82,70,45,52,52,61,53,79,91,47,36,67,48,100,94,77,64,48,92,73,79,85,79,61,61,48,58,52,79,29,79,91,94,42,91,42,39,45,48,52,48,76,97,24,64,39,45,52,52,61,53,79,91,47,36,67,48,91,82,61,33,30,79,55,64,64,52,Veikkausliiga
Inter Turku,8eab5wbcnttsiosd1o8c71gmk,6aoswcs32ubpn2g50tqcopg5w,V. Ulundu,Vincent Ulundu,21.0,Midfielder,Finland,Midfielder,42.0,3.0,100.0,0.0,139.0,3.0,0.0,10.0,11.0,11.0,0.0,2.0,18.0,21.0,22.0,9.0,1.0,3.0,708.0,6.0,44.0,4.0,6.0,5.0,0.0,0.0,0.0,83.23,0.0,16.67,33.33,54.55,38.6,30.0,55.56,1.189050011381879,0.7894438788377378,3.0,28.0,1.0130657500000002,6.0,6.0,8.0,0.92342777,36.0,5.338983050847458,0.3813559322033898,12.71186440677966,0.0,17.66949152542373,0.3813559322033898,0.0,1.2711864406779665,1.3983050847457628,1.3983050847457628,0.0,0.2542372881355932,2.288135593220339,2.669491525423729,2.796610169491525,1.1440677966101696,0.1271186440677966,0.3813559322033898,0.7627118644067797,5.593220338983051,0.5084745762711864,0.7627118644067797,0.6355932203389831,0.0,0.0,0.0,83.23,0.0,16.67,33.33,54.55,38.6,30.0,55.56,0.1511504251756625,0.1003530354454751,0.3813559322033898,3.5593220338983054,0.1287795444915254,0.7627118644067797,0.7627118644067797,1.0169491525423728,0.1173848860169491,4.576271186440678,CM/AM,27,44,28,3,28,36,23,46,59,73,5,28,79,79,33,59,53,38,71,87,23,68,35,51,47,50,72,3,37,38,87,21,33,47,64,46,56,76,85,42,9,17,41,18,13,36,10,3,10,36,23,41,46,82,5,18,79,90,15,72,59,38,74,97,21,69,31,51,47,50,72,3,37,38,87,21,33,47,69,44,54,87,95,44,5,8,46,8,Veikkausliiga
Inter Turku,8eab5wbcnttsiosd1o8c71gmk,75ytiwe9qrzu2pin9giz1gahg,A. Sandler,Axel Sandler,19.0,Defender,Finland,Defender,36.0,0.0,30.0,7.0,66.0,1.0,0.0,0.0,2.0,2.0,0.0,1.0,0.0,0.0,4.0,8.0,0.0,0.0,90.0,1.0,2.0,1.0,0.0,1.0,0.0,0.0,0.0,91.67,87.5,0.0,0.0,50.0,66.67,33.33,50.0,0.2747445439023419,0.0,0.0,2.0,0.03932202,0.0,9.0,10.0,0.1369075199999999,42.0,36.0,0.0,30.0,7.0,66.0,1.0,0.0,0.0,2.0,2.0,0.0,1.0,0.0,0.0,4.0,8.0,0.0,0.0,1.0,2.0,1.0,0.0,1.0,0.0,0.0,0.0,91.67,87.5,0.0,0.0,50.0,66.67,33.33,50.0,0.2747445439023419,0.0,0.0,2.0,0.03932202,0.0,9.0,10.0,0.1369075199999999,42.0,CB,6,31,6,15,6,4,38,11,22,26,24,41,10,10,3,9,35,2,40,8,9,15,7,43,50,51,88,100,31,15,90,91,11,19,29,12,26,20,18,14,15,10,6,8,69,31,98,100,90,14,38,11,96,99,24,100,10,10,43,97,35,2,99,81,81,15,68,43,50,51,88,100,31,15,90,91,11,19,100,12,26,83,80,14,100,100,84,88,Veikkausliiga
Inter Turku,8eab5wbcnttsiosd1o8c71gmk,770q23ysiuqnypd1r8pzqzqc4,E. Kiiskilä,Eeli Kiiskilä,18.0,Midfielder,Finland,Midfielder,233.0,18.0,308.0,34.0,523.0,7.0,1.0,20.0,12.0,5.0,7.0,5.0,14.0,14.0,33.0,10.0,1.0,16.0,956.0,3.0,23.0,4.0,8.0,6.0,0.0,1.0,0.0,88.64,60.71,23.08,57.14,25.0,45.83,58.33,42.86,0.939495678359143,2.078699834117039,3.0,24.0,0.55186711,8.0,54.0,59.0,1.3727614700000008,219.0,21.935146443514647,1.694560669456067,28.99581589958159,3.200836820083682,49.23640167364017,0.6589958158995817,0.0941422594142259,1.882845188284519,1.1297071129707112,0.4707112970711297,0.6589958158995817,0.4707112970711297,1.3179916317991631,1.3179916317991631,3.1066945606694563,0.9414225941422596,0.0941422594142259,1.5062761506276152,0.2824267782426778,2.1652719665271967,0.3765690376569038,0.7531380753138076,0.5648535564853556,0.0,0.0941422594142259,0.0,88.64,60.71,23.08,57.14,25.0,45.83,58.33,42.86,0.0884462458706306,0.1956934990277547,0.2824267782426778,2.2594142259414225,0.0519540166317991,0.7531380753138076,5.083682008368201,5.554393305439331,0.1292348664225942,20.617154811715483,CM/AM,90,95,82,87,85,71,56,77,64,45,79,74,68,64,47,67,53,97,47,59,23,78,44,51,96,50,90,77,59,90,22,44,85,15,54,82,56,68,59,58,82,77,67,79,97,92,85,97,90,56,49,74,33,33,64,54,46,44,18,49,46,95,21,41,13,64,21,51,95,50,90,77,59,90,22,44,85,15,33,85,44,56,46,41,85,79,49,79,Veikkausliiga
Inter Turku,8eab5wbcnttsiosd1o8c71gmk,8jgmczwi73hrjvnwtxitiiyok,V. Huovila,Vilho Huovila,20.0,Attacker,Finland,Striker,6.0,1.0,22.0,0.0,27.0,2.0,0.0,1.0,3.0,2.0,1.0,1.0,4.0,4.0,6.0,1.0,0.0,2.0,129.0,1.0,8.0,2.0,2.0,0.0,0.0,0.0,0.0,87.1,0.0,25.0,50.0,33.33,42.86,50.0,0.0,0.2424649841329523,0.0796349745933432,1.0,5.0,0.15115817,1.0,2.0,2.0,0.1931027599999999,9.0,4.186046511627907,0.6976744186046512,15.348837209302326,0.0,18.837209302325583,1.3953488372093024,0.0,0.6976744186046512,2.0930232558139537,1.3953488372093024,0.6976744186046512,0.6976744186046512,2.7906976744186047,2.7906976744186047,4.186046511627907,0.6976744186046512,0.0,1.3953488372093024,0.6976744186046512,5.5813953488372094,1.3953488372093024,1.3953488372093024,0.0,0.0,0.0,0.0,87.1,0.0,25.0,50.0,33.33,42.86,50.0,0.0,0.1691616168369434,0.0555592846000068,0.6976744186046512,3.488372093023256,0.105459188372093,0.6976744186046512,1.3953488372093024,1.3953488372093024,0.1347228558139534,6.27906976744186,LW,8,46,23,15,12,38,19,12,15,15,19,15,8,8,12,19,27,46,27,15,15,19,12,50,54,54,100,15,69,69,54,62,85,12,15,15,15,15,15,8,27,19,15,8,15,85,77,15,54,92,19,15,62,62,54,54,38,38,38,31,27,85,77,85,54,62,12,50,54,54,100,15,69,69,54,62,85,12,62,15,62,69,77,31,54,23,54,31,Veikkausliiga
Inter Turku,8eab5wbcnttsiosd1o8c71gmk,9tz8pzof2v3ktjwsyt3gl18gk,L. Laine,Lauri Laine,21.0,Attacker,Finland,Striker,7.0,0.0,20.0,0.0,27.0,2.0,1.0,3.0,10.0,7.0,3.0,5.0,17.0,18.0,17.0,1.0,0.0,0.0,217.0,1.0,20.0,7.0,6.0,1.0,0.0,0.0,0.0,71.05,0.0,0.0,35.29,10.0,45.95,40.0,50.0,0.8090130048075912,0.2962877210604395,5.0,7.0,0.18530739,3.0,0.0,2.0,0.27310763,14.0,2.903225806451613,0.0,8.294930875576037,0.0,11.198156682027651,0.8294930875576038,0.4147465437788019,1.2442396313364057,4.147465437788019,2.903225806451613,1.2442396313364057,2.0737327188940093,7.050691244239632,7.465437788018433,7.050691244239632,0.4147465437788019,0.0,0.0,0.4147465437788019,8.294930875576037,2.903225806451613,2.4884792626728114,0.4147465437788019,0.0,0.0,0.0,71.05,0.0,0.0,35.29,10.0,45.95,40.0,50.0,0.3355353476160517,0.122884308273915,2.0737327188940093,2.903225806451613,0.0768555995391705,1.2442396313364057,0.0,0.8294930875576038,0.1132704456221198,5.806451612903226,LW,15,19,12,15,12,38,54,31,50,62,42,73,54,54,35,19,27,8,27,58,54,50,27,50,54,54,15,15,19,38,23,69,69,46,54,31,69,23,23,35,8,19,31,23,8,19,8,15,8,69,100,54,100,100,100,100,92,92,92,15,27,8,38,100,100,92,38,50,54,54,15,15,19,38,23,69,69,46,92,77,100,54,46,54,8,15,31,23,Veikkausliiga
Inter Turku,8eab5wbcnttsiosd1o8c71gmk,a9234jafv17dcvbu54expih91,A. Granlund,Albin Granlund,36.0,Defender,Finland,Defender,232.0,6.0,192.0,23.0,418.0,8.0,0.0,2.0,8.0,5.0,3.0,5.0,11.0,12.0,45.0,19.0,0.0,6.0,993.0,0.0,19.0,15.0,6.0,10.0,0.0,0.0,0.0,84.44,48.94,54.55,54.55,0.0,59.21,50.0,62.5,0.6264332809333245,0.1694733848514056,2.0,11.0,0.25297203,4.0,25.0,37.0,0.99836743,196.0,21.027190332326285,0.5438066465256798,17.401812688821753,2.084592145015106,37.88519637462236,0.7250755287009063,0.0,0.1812688821752265,0.7250755287009063,0.4531722054380664,0.2719033232628399,0.4531722054380664,0.9969788519637462,1.0876132930513596,4.078549848942599,1.7220543806646529,0.0,0.5438066465256798,0.0,1.7220543806646529,1.3595166163141994,0.5438066465256798,0.9063444108761328,0.0,0.0,0.0,84.44,48.94,54.55,54.55,0.0,59.21,50.0,62.5,0.0567764302960717,0.0153601255152331,0.1812688821752265,0.9969788519637462,0.0229279785498489,0.3625377643504531,2.2658610271903323,3.353474320241692,0.0904864740181268,17.764350453172206,RB/RCB,71,83,71,81,71,57,26,14,79,88,86,100,69,69,57,43,38,48,14,81,76,64,43,48,52,52,81,90,100,69,14,62,55,48,81,14,76,45,43,45,60,62,52,71,76,67,71,57,81,38,26,14,71,71,67,100,62,57,38,19,38,24,14,71,57,67,14,48,52,52,81,90,100,69,14,62,55,48,67,14,71,29,33,33,52,62,48,71,Veikkausliiga
Inter Turku,8eab5wbcnttsiosd1o8c71gmk,arxu3yjspsjmmobkj92c79ze2,J. Niska,Jussi Niska,24.0,Defender,Finland,Defender,339.0,10.0,338.0,18.0,667.0,4.0,1.0,15.0,19.0,6.0,13.0,7.0,48.0,53.0,89.0,24.0,1.0,20.0,1434.0,3.0,44.0,28.0,29.0,24.0,0.0,0.0,0.0,87.3,47.37,26.32,60.42,15.79,60.14,36.36,85.71,1.2845047057498111,0.9057863140933,12.0,54.0,1.3728140099999997,29.0,75.0,96.0,2.553711310000001,330.0,21.276150627615063,0.6276150627615062,21.21338912133892,1.1297071129707112,41.86192468619247,0.2510460251046025,0.0627615062761506,0.9414225941422594,1.192468619246862,0.3765690376569037,0.8158995815899581,0.4393305439330544,3.01255230125523,3.326359832635984,5.585774058577406,1.506276150627615,0.0627615062761506,1.2552301255230125,0.1882845188284518,2.7615062761506275,1.7573221757322175,1.820083682008368,1.506276150627615,0.0,0.0,0.0,87.3,47.37,26.32,60.42,15.79,60.14,36.36,85.71,0.0806174501516617,0.0568485134368179,0.7531380753138075,3.3891213389121337,0.0861598751046024,1.820083682008368,4.707112970711297,6.02510460251046,0.1602747684100419,20.711297071129707,LB/LCB,86,57,76,48,81,31,60,76,90,79,95,90,100,100,90,43,88,90,83,95,95,100,95,45,52,52,86,76,52,71,52,57,24,100,95,57,95,100,100,90,86,86,67,76,90,57,76,29,86,10,62,62,81,52,90,81,90,95,71,10,90,67,67,100,95,95,76,45,52,52,86,76,52,71,52,57,24,100,86,48,90,100,100,95,90,81,62,81,Veikkausliiga
Inter Turku,8eab5wbcnttsiosd1o8c71gmk,bav07h3g8ygnek9u9jhedplh,I. Järvinen,Iiro Järvinen,29.0,Midfielder,Finland,Midfielder,26.0,0.0,52.0,2.0,78.0,5.0,0.0,4.0,5.0,3.0,2.0,3.0,5.0,5.0,12.0,0.0,0.0,3.0,267.0,0.0,10.0,2.0,2.0,2.0,0.0,0.0,0.0,82.98,50.0,0.0,40.0,0.0,36.36,45.45,66.67,0.3628666652101638,0.2831594277514309,2.0,4.0,0.18571924,2.0,7.0,5.0,0.15288267,29.0,8.764044943820224,0.0,17.528089887640448,0.6741573033707865,26.29213483146067,1.6853932584269662,0.0,1.348314606741573,1.6853932584269662,1.0112359550561798,0.6741573033707865,1.0112359550561798,1.6853932584269662,1.6853932584269662,4.044943820224719,0.0,0.0,1.0112359550561798,0.0,3.3707865168539324,0.6741573033707865,0.6741573033707865,0.6741573033707865,0.0,0.0,0.0,82.98,50.0,0.0,40.0,0.0,36.36,45.45,66.67,0.122314606250617,0.0954469981184598,0.6741573033707865,1.348314606741573,0.0626019910112359,0.6741573033707865,2.359550561797753,1.6853932584269662,0.0515334842696629,9.775280898876405,CM/AM,10,13,15,9,15,51,23,18,21,24,32,47,23,22,8,4,17,38,5,23,12,27,14,51,47,50,69,45,13,49,5,15,51,76,21,18,42,12,18,18,14,5,8,8,31,13,44,18,36,95,23,46,77,64,69,95,62,62,41,4,17,85,5,67,26,56,33,51,47,50,69,45,13,49,5,15,51,76,49,36,79,28,59,33,36,10,5,18,Veikkausliiga
Inter Turku,8eab5wbcnttsiosd1o8c71gmk,bwn0e8pjrikjcpold20o2os2c,A. Essomba,Antoin Essomba,22.0,Attacker,Cameroon,Striker,75.0,34.0,253.0,8.0,294.0,10.0,2.0,30.0,21.0,20.0,1.0,5.0,41.0,46.0,67.0,11.0,1.0,6.0,1405.0,8.0,105.0,11.0,20.0,16.0,0.0,0.0,0.0,75.19,42.11,29.82,48.78,38.1,48.2,47.62,59.26,2.3086918345022736,3.594093724806898,6.0,69.0,2.30779475,16.0,9.0,37.0,5.0029006099999975,144.0,4.804270462633452,2.1779359430604983,16.206405693950177,0.5124555160142349,18.83274021352313,0.6405693950177936,0.1281138790035587,1.9217081850533808,1.3451957295373669,1.2811387900355873,0.0640569395017793,0.3202846975088968,2.626334519572954,2.946619217081851,4.291814946619217,0.704626334519573,0.0640569395017793,0.3843416370106761,0.5124555160142349,6.725978647686833,0.704626334519573,1.2811387900355873,1.0249110320284698,0.0,0.0,0.0,75.19,42.11,29.82,48.78,38.1,48.2,47.62,59.26,0.1478877331709641,0.2302266442936803,0.3843416370106761,4.419928825622776,0.147830268683274,1.0249110320284698,0.5765124555160143,2.3701067615658364,0.3204705017081849,9.224199288256228,RW,50,100,100,60,70,80,80,100,90,90,45,70,95,100,90,70,35,70,90,100,55,100,95,45,55,55,50,40,80,60,60,80,70,60,90,100,70,100,100,100,30,80,100,100,20,100,60,40,40,60,70,80,30,60,40,30,40,40,60,50,10,40,40,80,30,60,70,45,55,55,50,40,80,60,60,80,70,60,60,100,50,90,90,70,10,40,100,50,Veikkausliiga
Inter Turku,8eab5wbcnttsiosd1o8c71gmk,c0ijcsbmjfnl0ldvkzqthz0iy,S. Saarinen,Seth Saarinen,25.0,Defender,Finland,Defender,153.0,5.0,172.0,16.0,320.0,5.0,0.0,5.0,6.0,4.0,2.0,0.0,8.0,8.0,25.0,7.0,0.0,7.0,536.0,4.0,13.0,2.0,6.0,9.0,0.0,0.0,0.0,83.12,36.36,22.73,75.0,66.67,59.52,50.0,75.0,0.8248615873573772,0.4537445162434785,0.0,8.0,0.2291909,3.0,39.0,52.0,1.6513327600000005,157.0,25.69029850746269,0.8395522388059701,28.88059701492537,2.686567164179104,53.731343283582085,0.8395522388059701,0.0,0.8395522388059701,1.007462686567164,0.6716417910447761,0.335820895522388,0.0,1.343283582089552,1.343283582089552,4.197761194029851,1.1753731343283582,0.0,1.1753731343283582,0.6716417910447761,2.1828358208955225,0.335820895522388,1.007462686567164,1.5111940298507462,0.0,0.0,0.0,83.12,36.36,22.73,75.0,66.67,59.52,50.0,75.0,0.1385028784741864,0.0761884448916288,0.0,1.343283582089552,0.038483546641791,0.503731343283582,6.548507462686567,8.73134328358209,0.2772760231343284,26.361940298507463,RB/RCB,52,76,67,55,67,40,26,50,71,76,71,24,57,57,29,10,38,52,88,57,19,64,38,48,52,52,76,55,67,93,93,67,55,90,90,48,12,33,38,31,76,76,71,67,95,90,100,90,95,48,26,71,100,90,71,24,67,67,52,5,38,76,95,81,14,86,81,48,52,52,76,55,67,93,93,67,55,90,100,76,12,43,52,43,100,100,95,95,Veikkausliiga
Inter Turku,8eab5wbcnttsiosd1o8c71gmk,c90jak72lerrxc3kpo73cupsk,B. Ampofo,Bismark Ampofo,24.0,Midfielder,Ghana,Midfielder,42.0,0.0,43.0,1.0,85.0,0.0,0.0,3.0,1.0,1.0,0.0,0.0,4.0,4.0,5.0,1.0,0.0,2.0,144.0,0.0,6.0,1.0,1.0,1.0,0.0,0.0,0.0,81.73,25.0,0.0,25.0,0.0,41.67,0.0,33.33,0.1222086216137708,0.3860648265384651,0.0,1.0,0.02855202,0.0,4.0,11.0,0.65843753,40.0,26.25,0.0,26.875,0.625,53.125,0.0,0.0,1.875,0.625,0.625,0.0,0.0,2.5,2.5,3.125,0.625,0.0,1.25,0.0,3.75,0.625,0.625,0.625,0.0,0.0,0.0,81.73,25.0,0.0,25.0,0.0,41.67,0.0,33.33,0.0763803885086067,0.2412905165865406,0.0,0.625,0.0178450125,0.0,2.5,6.875,0.41152345625,25.0,DM/CM,3,17,3,3,3,5,29,15,3,14,6,8,18,18,3,3,24,5,8,18,3,14,3,45,52,52,24,6,17,14,8,9,5,6,6,30,5,3,3,6,3,9,24,3,82,17,82,9,88,5,29,100,27,79,6,8,94,94,15,6,24,64,8,100,18,76,6,45,52,52,24,6,17,14,8,9,5,6,58,100,5,9,15,6,24,91,100,76,Veikkausliiga
Inter Turku,8eab5wbcnttsiosd1o8c71gmk,cfau8uo27rct8ixlkyowbirdg,L. Prokop,Lukás Prokop,21.0,Attacker,Slovakia,Striker,7.0,0.0,14.0,1.0,21.0,4.0,0.0,2.0,5.0,4.0,1.0,1.0,6.0,6.0,7.0,2.0,0.0,0.0,204.0,1.0,7.0,1.0,0.0,1.0,0.0,0.0,0.0,67.74,50.0,0.0,0.0,20.0,24.14,36.36,50.0,0.5021594605587499,0.1150320319282281,0.0,0.0,0.0,0.0,3.0,3.0,0.03481551,8.0,3.088235294117647,0.0,6.176470588235294,0.4411764705882353,9.264705882352942,1.7647058823529411,0.0,0.8823529411764706,2.2058823529411766,1.7647058823529411,0.4411764705882353,0.4411764705882353,2.647058823529412,2.647058823529412,3.088235294117647,0.8823529411764706,0.0,0.0,0.4411764705882353,3.088235294117647,0.4411764705882353,0.0,0.4411764705882353,0.0,0.0,0.0,67.74,50.0,0.0,0.0,20.0,24.14,36.36,50.0,0.2215409384818014,0.0507494258506888,0.0,0.0,0.0,0.0,1.3235294117647058,1.3235294117647058,0.0153597838235294,3.5294117647058822,ST,11,25,11,20,11,34,20,21,16,18,17,16,34,30,9,21,14,17,14,10,10,8,11,51,50,51,28,57,25,8,15,2,40,17,15,20,8,3,3,10,25,20,7,13,20,25,17,48,17,63,20,37,37,46,35,35,85,83,28,61,14,17,15,17,17,8,35,51,50,51,28,57,25,8,15,2,40,17,35,33,8,3,3,10,80,48,7,23,Veikkausliiga
Inter Turku,8eab5wbcnttsiosd1o8c71gmk,csln6jgn8b4iowwma4pmoial0,C. Jephta,Clinton Jephta,19.0,Attacker,Nigeria,Striker,63.0,15.0,185.0,6.0,233.0,3.0,3.0,25.0,22.0,17.0,5.0,7.0,27.0,28.0,58.0,4.0,2.0,5.0,998.0,6.0,77.0,22.0,14.0,12.0,0.0,0.0,0.0,82.04,66.67,38.46,51.85,27.27,53.21,37.5,63.16,2.2740918416225813,2.639443943769917,8.0,43.0,1.3755517899999996,9.0,13.0,34.0,3.2943232999999994,112.0,5.681362725450902,1.3527054108216434,16.683366733466933,0.5410821643286573,21.0120240480962,0.2705410821643286,0.2705410821643286,2.2545090180360723,1.983967935871744,1.5330661322645291,0.4509018036072144,0.6312625250501002,2.434869739478958,2.5250501002004007,5.230460921843688,0.3607214428857715,0.1803607214428857,0.4509018036072144,0.5410821643286573,6.943887775551103,1.983967935871744,1.2625250501002003,1.0821643286573146,0.0,0.0,0.0,82.04,66.67,38.46,51.85,27.27,53.21,37.5,63.16,0.2050784225912147,0.2380260069531989,0.7214428857715431,3.877755511022044,0.1240477566132264,0.811623246492986,1.1723446893787577,3.0661322645290583,0.297083263527054,10.100200400801604,ST,80,91,93,74,87,27,93,96,60,62,58,75,91,89,85,43,54,87,46,85,92,96,92,51,50,51,96,86,96,85,20,91,46,43,65,96,73,100,100,86,74,91,100,96,76,93,93,59,91,13,85,96,30,30,39,65,76,78,70,17,41,76,17,87,93,89,78,51,50,51,96,86,96,85,20,91,46,43,30,93,67,96,96,78,63,96,98,98,Veikkausliiga
Inter Turku,8eab5wbcnttsiosd1o8c71gmk,d3ctxii8mgrmzgn3qrlp8arkk,I. Kangasniemi,Ilari Kangasniemi,19.0,Defender,Finland,Defender,627.0,0.0,321.0,54.0,948.0,29.0,0.0,3.0,10.0,5.0,5.0,2.0,20.0,20.0,79.0,75.0,1.0,26.0,1170.0,2.0,15.0,7.0,14.0,16.0,0.0,0.0,0.0,89.69,48.21,0.0,70.0,20.0,60.31,58.0,55.17,0.6428112020728199,0.2326010718475977,5.0,37.0,0.7999636299999999,9.0,72.0,88.0,1.9031733700000004,542.0,48.23076923076923,0.0,24.692307692307693,4.153846153846154,72.92307692307692,2.230769230769231,0.0,0.2307692307692307,0.7692307692307693,0.3846153846153846,0.3846153846153846,0.1538461538461538,1.5384615384615383,1.5384615384615383,6.076923076923077,5.769230769230769,0.0769230769230769,2.0,0.1538461538461538,1.1538461538461535,0.5384615384615384,1.0769230769230769,1.2307692307692308,0.0,0.0,0.0,89.69,48.21,0.0,70.0,20.0,60.31,58.0,55.17,0.049447015544063,0.0178923901421229,0.3846153846153846,2.8461538461538463,0.0615356638461538,0.6923076923076923,5.538461538461538,6.769230769230769,0.1463979515384615,41.69230769230769,CB,90,31,88,80,94,82,38,62,79,59,88,66,96,96,90,80,82,100,64,69,56,98,83,43,50,51,78,71,31,86,46,67,51,31,61,65,90,96,96,87,88,92,90,86,94,31,90,90,96,57,38,55,61,45,84,57,90,90,88,65,80,97,59,51,37,96,80,43,50,51,78,71,31,86,46,67,51,31,43,55,84,96,94,78,86,96,92,84,Veikkausliiga
Inter Turku,8eab5wbcnttsiosd1o8c71gmk,dlxtr9p8d7k733qhpq9qyydey,J. Yli-Kokko,Johannes Yli-Kokko,25.0,Midfielder,Finland,Midfielder,132.0,4.0,153.0,9.0,281.0,7.0,2.0,14.0,13.0,9.0,4.0,5.0,7.0,7.0,33.0,11.0,2.0,4.0,734.0,4.0,30.0,10.0,4.0,8.0,0.0,2.0,0.0,84.89,31.03,16.67,57.14,30.77,53.23,46.67,66.67,1.1886532493910895,1.2223082439980166,1.0,11.0,0.2471041,6.0,27.0,34.0,0.7929547299999995,108.0,16.185286103542236,0.4904632152588556,18.760217983651227,1.103542234332425,34.45504087193461,0.8583106267029973,0.2452316076294278,1.7166212534059946,1.5940054495912808,1.103542234332425,0.4904632152588556,0.6130790190735695,0.8583106267029973,0.8583106267029973,4.046321525885559,1.348773841961853,0.2452316076294278,0.4904632152588556,0.4904632152588556,3.678474114441417,1.226158038147139,0.4904632152588556,0.9809264305177112,0.0,0.2452316076294278,0.0,84.89,31.03,16.67,57.14,30.77,53.23,46.67,66.67,0.14574767363106,0.1498743078471682,0.1226158038147139,1.348773841961853,0.0302988678474114,0.7356948228882835,3.310626702997276,4.168937329700273,0.0972287816076293,13.242506811989102,CM/AM,68,54,47,54,62,71,77,68,67,67,60,74,31,29,47,74,78,50,59,68,45,54,51,51,100,50,74,8,37,90,46,74,56,76,62,64,23,29,26,42,60,60,33,46,82,46,49,38,64,69,77,64,54,69,49,74,18,13,44,82,77,51,59,74,41,49,59,51,100,50,74,8,37,90,46,74,56,76,64,67,15,31,18,38,54,54,33,51,Veikkausliiga
Lahti,8hrhwh8rty0eoykwj44ew04ng,1fleq677w5l7ohk01zqldrhii,O. Koskinen,Otso Koskinen,23.0,Midfielder,Finland,Midfielder,66.0,4.0,157.0,5.0,219.0,2.0,0.0,12.0,17.0,12.0,5.0,2.0,30.0,31.0,50.0,5.0,4.0,4.0,865.0,10.0,38.0,16.0,12.0,10.0,0.0,0.0,0.0,78.78,45.45,33.33,40.0,58.82,45.87,20.0,50.0,1.7958385422103496,0.9810377708262312,6.0,16.0,0.40035642,8.0,16.0,29.0,0.9356081700000008,103.0,6.867052023121388,0.4161849710982659,16.335260115606935,0.5202312138728324,22.78612716763006,0.2080924855491329,0.0,1.2485549132947975,1.7687861271676302,1.2485549132947975,0.5202312138728324,0.2080924855491329,3.121387283236994,3.2254335260115607,5.202312138728324,0.5202312138728324,0.4161849710982659,0.4161849710982659,1.0404624277456649,3.953757225433526,1.6647398843930636,1.2485549132947975,1.0404624277456649,0.0,0.0,0.0,78.78,45.45,33.33,40.0,58.82,45.87,20.0,50.0,0.1868502529467415,0.1020732940744055,0.6242774566473989,1.6647398843930636,0.0416555812716763,0.8323699421965318,1.6647398843930636,3.017341040462428,0.0973465147976879,10.716763005780347,CM/AM,37,54,51,24,41,21,23,56,72,79,72,28,87,87,73,29,91,50,87,82,67,83,63,51,47,50,33,31,72,49,90,46,17,31,77,51,77,58,51,58,36,46,44,44,21,41,36,13,26,13,23,38,79,77,54,15,92,95,72,15,92,41,95,82,69,82,64,51,47,50,33,31,72,49,90,46,17,31,87,46,74,33,36,49,18,36,36,28,Veikkausliiga
Lahti,8hrhwh8rty0eoykwj44ew04ng,1prixhye9mvoojo82afh4rztg,A. Belabid,Amir Belabid,20.0,Attacker,Finland,Midfielder,36.0,0.0,72.0,2.0,108.0,17.0,2.0,10.0,15.0,10.0,5.0,4.0,19.0,21.0,53.0,6.0,2.0,8.0,594.0,6.0,40.0,12.0,5.0,11.0,0.0,0.0,0.0,66.26,28.57,0.0,26.32,40.0,60.23,62.96,55.0,2.086565189806863,0.6891325972733139,6.0,17.0,0.9297497299999998,6.0,4.0,7.0,0.32370113,35.0,5.454545454545455,0.0,10.90909090909091,0.303030303030303,16.363636363636363,2.575757575757576,0.303030303030303,1.5151515151515151,2.272727272727273,1.5151515151515151,0.7575757575757576,0.6060606060606061,2.878787878787879,3.181818181818182,8.030303030303031,0.9090909090909092,0.303030303030303,1.2121212121212122,0.9090909090909092,6.0606060606060606,1.8181818181818183,0.7575757575757576,1.6666666666666667,0.0,0.0,0.0,66.26,28.57,0.0,26.32,40.0,60.23,62.96,55.0,0.3161462408798277,0.104414029889896,0.9090909090909092,2.575757575757576,0.1408711712121212,0.9090909090909092,0.6060606060606061,1.0606060606060606,0.0490456257575757,5.303030303030304,ST,52,25,48,39,48,72,80,59,45,42,58,52,78,79,78,64,54,95,46,55,64,53,89,51,50,51,22,25,25,33,46,98,96,26,59,57,59,80,93,70,35,46,41,54,72,25,67,30,67,76,93,80,41,28,70,61,87,91,93,65,57,100,46,76,85,65,93,51,50,51,22,25,25,33,46,98,96,26,65,70,83,85,100,80,24,37,41,63,Veikkausliiga
Lahti,8hrhwh8rty0eoykwj44ew04ng,1txv3b9y7h3du9d5bbblg0vai,R. Yapi,Romaric Yapi,26.0,Defender,France,Defender,353.0,10.0,296.0,60.0,639.0,18.0,3.0,6.0,13.0,4.0,9.0,3.0,34.0,36.0,97.0,49.0,0.0,29.0,1530.0,3.0,12.0,26.0,16.0,24.0,1.0,0.0,0.0,81.09,51.28,34.48,47.06,23.08,59.15,66.67,64.86,0.7316568691178259,0.6415840009491431,8.0,24.0,0.54591062,12.0,80.0,92.0,2.7680378400000007,318.0,20.764705882352946,0.5882352941176471,17.41176470588235,3.5294117647058822,37.588235294117645,1.0588235294117647,0.1764705882352941,0.3529411764705882,0.7647058823529411,0.2352941176470588,0.5294117647058824,0.1764705882352941,2.0,2.117647058823529,5.705882352941177,2.8823529411764706,0.0,1.7058823529411764,0.1764705882352941,0.7058823529411765,1.5294117647058822,0.9411764705882352,1.411764705882353,0.0588235294117647,0.0,0.0,81.09,51.28,34.48,47.06,23.08,59.15,66.67,64.86,0.0430386393598721,0.0377402353499495,0.4705882352941176,1.411764705882353,0.0321123894117647,0.7058823529411765,4.705882352941177,5.411764705882353,0.1628257552941177,18.705882352941178,RB/RCB,95,100,86,100,95,86,98,60,95,76,100,86,90,90,90,86,38,95,76,48,100,90,90,98,52,52,57,100,90,43,38,57,93,62,86,62,100,83,81,76,100,100,100,90,71,71,76,100,71,71,81,33,81,52,100,76,83,86,81,57,38,95,52,24,71,76,76,95,52,52,57,100,90,43,38,57,93,62,62,29,95,52,48,57,95,90,76,86,Veikkausliiga
Lahti,8hrhwh8rty0eoykwj44ew04ng,2f3r5ixt5perdejbiwxhk7d3o,Neemias Barbosa,Neemias Benavenuto Barbosa,26.0,Attacker,Brazil,Striker,53.0,0.0,113.0,5.0,166.0,40.0,1.0,9.0,31.0,23.0,8.0,7.0,35.0,36.0,87.0,16.0,4.0,4.0,1254.0,14.0,65.0,27.0,13.0,4.0,0.0,0.0,0.0,67.76,50.0,0.0,37.14,45.16,48.33,53.33,57.14,3.1767191993342285,0.6255881461551722,10.0,15.0,0.6133820299999999,5.0,14.0,20.0,0.5022873800000001,53.0,3.803827751196172,0.0,8.110047846889952,0.3588516746411483,11.913875598086124,2.8708133971291865,0.0717703349282296,0.645933014354067,2.22488038277512,1.6507177033492824,0.5741626794258373,0.5023923444976076,2.511961722488038,2.583732057416268,6.244019138755981,1.1483253588516746,0.2870813397129186,0.2870813397129186,1.0047846889952152,4.6650717703349285,1.937799043062201,0.9330143540669856,0.2870813397129186,0.0,0.0,0.0,67.76,50.0,0.0,37.14,45.16,48.33,53.33,57.14,0.2279942009091551,0.044898670776687,0.7177033492822966,1.076555023923445,0.0440226337320574,0.3588516746411483,1.0047846889952152,1.4354066985645932,0.0360493334928229,3.803827751196172,ST,65,25,74,68,74,99,54,55,75,75,79,75,96,95,98,91,76,77,75,74,98,91,48,51,50,51,30,57,25,52,68,87,87,34,72,54,86,73,83,61,79,76,57,67,33,25,37,37,37,83,48,24,39,39,57,46,80,80,80,80,52,63,52,48,91,80,15,51,50,51,30,57,25,52,68,87,87,34,37,24,65,48,61,41,48,59,28,30,Veikkausliiga
Lahti,8hrhwh8rty0eoykwj44ew04ng,3unyhs3one1p4wgh3c6mlo0lw,José Müller,José Claro Müller,23.0,Defender,Portugal,Defender,824.0,0.0,343.0,80.0,1167.0,29.0,0.0,0.0,8.0,7.0,1.0,2.0,1.0,1.0,50.0,105.0,0.0,22.0,1721.0,1.0,10.0,12.0,0.0,5.0,0.0,0.0,0.0,90.68,54.05,0.0,0.0,12.5,54.35,56.86,55.56,0.9589449358790952,0.0,1.0,30.0,0.5860580099999999,6.0,89.0,109.0,1.8608031300000007,732.0,43.091226031377104,0.0,17.937245787332945,4.1836141778036025,61.028471818710045,1.5165601394538055,0.0,0.0,0.4183614177803602,0.3660662405578152,0.052295177222545,0.10459035444509,0.052295177222545,0.052295177222545,2.6147588611272514,5.490993608367228,0.0,1.1504938988959903,0.052295177222545,0.5229517722254503,0.6275421266705403,0.0,0.2614758861127251,0.0,0.0,0.0,90.68,54.05,0.0,0.0,12.5,54.35,56.86,55.56,0.0501481953684593,0.0,0.052295177222545,1.5688553166763508,0.030648007495642,0.3137710633352701,4.654270772806507,5.700174317257408,0.0973110294596165,38.28006972690296,CB,100,31,92,98,98,82,38,11,68,77,60,66,29,28,62,92,35,91,40,47,81,15,29,43,50,51,82,94,31,15,34,31,48,33,73,12,58,92,90,73,92,100,88,98,80,31,57,92,76,31,38,11,43,43,51,39,22,20,4,55,35,67,33,18,47,15,6,43,50,51,82,94,31,15,34,31,48,33,45,12,51,78,67,51,71,78,41,73,Veikkausliiga
Lahti,8hrhwh8rty0eoykwj44ew04ng,5koivmyqvsi9yrsyis1oas1k9,R. Sans,Romain Sans,27.0,Defender,France,Defender,369.0,37.0,452.0,42.0,784.0,24.0,3.0,49.0,12.0,3.0,9.0,3.0,27.0,27.0,88.0,60.0,0.0,19.0,1713.0,4.0,32.0,29.0,12.0,13.0,0.0,0.0,0.0,84.12,52.5,30.83,44.44,33.33,61.54,66.67,56.52,0.5734296692720328,5.60448660237773,3.0,41.0,1.2086379099999995,36.0,77.0,102.0,4.441347619999995,382.0,19.387040280210154,1.943957968476357,23.747810858143605,2.206654991243433,41.190893169877405,1.2609457092819614,0.1576182136602451,2.574430823117338,0.6304728546409807,0.1576182136602451,0.4728546409807355,0.1576182136602451,1.4185639229422065,1.4185639229422065,4.623467600700525,3.1523642732049035,0.0,0.998248686514886,0.2101576182136602,1.6812609457092818,1.5236427320490369,0.6304728546409807,0.6830122591943958,0.0,0.0,0.0,84.12,52.5,30.83,44.44,33.33,61.54,66.67,56.52,0.0301276533768143,0.2944563889165182,0.1576182136602451,2.154115586690017,0.063501116112084,1.891418563922942,4.045534150612959,5.359019264448336,0.2333457593695268,20.07005253940455,LB/LCB,90,95,95,95,90,86,86,100,76,45,81,64,86,86,86,86,40,81,90,86,100,76,50,45,52,52,76,95,67,36,76,64,71,38,57,100,71,90,90,100,90,90,95,90,76,90,86,71,81,67,81,100,48,19,67,43,52,52,57,52,40,48,81,71,86,48,29,45,52,52,76,95,67,36,76,64,71,38,29,100,52,90,90,100,71,71,81,71,Veikkausliiga
Lahti,8hrhwh8rty0eoykwj44ew04ng,5lx97p0c2ja9g4vjofjr2o5pl,J. Lehtonen,Joel Lehtonen,26.0,Defender,Finland,Defender,43.0,2.0,29.0,4.0,70.0,3.0,0.0,3.0,0.0,0.0,0.0,0.0,0.0,0.0,6.0,11.0,0.0,1.0,162.0,0.0,5.0,0.0,0.0,2.0,0.0,0.0,0.0,67.96,30.77,22.22,0.0,0.0,31.58,42.86,66.67,0.0,0.259424731512863,0.0,3.0,0.09432504,0.0,8.0,11.0,0.1849791699999999,37.0,23.88888888888889,1.1111111111111112,16.11111111111111,2.2222222222222223,38.888888888888886,1.6666666666666663,0.0,1.6666666666666663,0.0,0.0,0.0,0.0,0.0,0.0,3.333333333333333,6.111111111111111,0.0,0.5555555555555556,0.0,2.7777777777777777,0.0,0.0,1.1111111111111112,0.0,0.0,0.0,67.96,30.77,22.22,0.0,0.0,31.58,42.86,66.67,0.0,0.1441248508404794,0.0,1.6666666666666663,0.0524028,0.0,4.444444444444445,6.111111111111111,0.1027662055555554,20.55555555555556,RB/RCB,14,29,10,19,14,24,26,33,7,10,12,24,5,5,5,29,38,10,14,21,5,10,10,48,52,52,10,19,60,10,14,5,38,76,7,38,12,19,19,10,24,29,10,14,90,100,57,71,86,90,26,100,7,10,12,24,5,5,14,100,38,33,14,90,5,10,33,48,52,52,10,19,60,10,14,5,38,76,7,86,12,71,71,10,90,95,52,90,Veikkausliiga
Lahti,8hrhwh8rty0eoykwj44ew04ng,7o6ktiqjswcftkuh6xa6us2ne,Tòfol Montiel,Cristóbal Montiel,26.0,Midfielder,Spain,Striker,259.0,9.0,407.0,38.0,657.0,3.0,3.0,29.0,29.0,11.0,18.0,9.0,40.0,43.0,74.0,16.0,2.0,11.0,1561.0,8.0,35.0,20.0,23.0,15.0,0.0,0.0,0.0,80.51,50.67,32.14,57.5,27.59,50.0,42.86,53.57,2.2581707733936605,2.3591863046068413,15.0,41.0,1.02779075,22.0,79.0,93.0,3.497455729999996,355.0,14.932735426008968,0.5188981422165279,23.46572709801409,2.190903267136451,37.87956438180653,0.1729660474055092,0.1729660474055092,1.672005124919923,1.672005124919923,0.6342088404868673,1.0377962844330555,0.5188981422165279,2.3062139654067906,2.4791800128123,4.266495836002562,0.922485586162716,0.1153106982703395,0.6342088404868673,0.461242793081358,2.0179372197309418,1.1531069827033953,1.3260730301089043,0.8648302370275465,0.0,0.0,0.0,80.51,50.67,32.14,57.5,27.59,50.0,42.86,53.57,0.1301956243468478,0.1360197100670184,0.8648302370275465,2.3638693145419603,0.0592576345291479,1.2684176809737346,4.554772581678411,5.361947469570787,0.2016470311979498,20.467648942985264,CM/AM,95,67,95,91,95,36,90,88,90,73,92,88,92,92,90,87,78,88,78,77,77,96,92,51,47,50,49,51,69,95,33,58,46,38,90,85,90,87,87,95,95,92,95,95,74,51,74,85,74,10,69,62,74,44,85,62,82,79,51,46,56,64,56,36,36,87,49,51,47,50,49,51,69,95,33,58,46,38,54,56,85,62,51,72,74,74,74,77,Veikkausliiga
Lahti,8hrhwh8rty0eoykwj44ew04ng,9618hk1lq7i6see347k7plkyy,M. Sarr,Momodou Sarr,26.0,Attacker,Finland,Striker,95.0,7.0,245.0,9.0,333.0,30.0,2.0,21.0,32.0,26.0,6.0,10.0,36.0,39.0,92.0,20.0,3.0,11.0,1628.0,10.0,80.0,31.0,13.0,15.0,0.0,0.0,0.0,75.0,33.33,18.42,36.11,31.25,40.89,46.88,78.95,2.643847413227117,1.5984402408664995,9.0,29.0,0.8629812200000001,12.0,17.0,27.0,1.6594472300000005,109.0,5.251842751842752,0.386977886977887,13.544226044226043,0.4975429975429976,18.40909090909091,1.6584766584766586,0.1105651105651105,1.160933660933661,1.769041769041769,1.4373464373464373,0.3316953316953317,0.5528255528255528,1.9901719901719903,2.156019656019656,5.085995085995086,1.1056511056511056,0.1658476658476658,0.6081081081081081,0.5528255528255528,4.422604422604422,1.7137592137592137,0.7186732186732187,0.8292383292383293,0.0,0.0,0.0,75.0,33.33,18.42,36.11,31.25,40.89,46.88,78.95,0.1461586407803689,0.0883658609815632,0.4975429975429976,1.6031941031941033,0.047707807002457,0.6633906633906634,0.9398034398034398,1.4926289926289926,0.0917384832309582,6.025798525798526,RW,70,90,90,70,100,100,80,90,100,100,80,100,65,75,100,90,90,90,100,90,100,65,75,45,55,55,35,15,40,40,40,40,60,80,100,80,90,60,60,70,60,60,70,60,30,40,30,30,30,90,60,30,80,70,70,50,30,30,70,80,40,70,60,50,90,20,50,45,55,55,35,15,40,40,40,40,60,80,50,20,80,10,20,20,30,10,10,10,Veikkausliiga
Lahti,8hrhwh8rty0eoykwj44ew04ng,97hjnf61dy1t9lb9l9rpt0tg4,D. Heikkinen,Daniel Heikkinen,23.0,Midfielder,Finland,Midfielder,112.0,11.0,148.0,10.0,249.0,8.0,1.0,11.0,10.0,7.0,3.0,5.0,10.0,10.0,50.0,13.0,1.0,9.0,628.0,3.0,26.0,23.0,5.0,10.0,0.0,0.0,0.0,81.37,47.62,42.31,50.0,30.0,63.29,72.73,71.43,0.7885901374913556,1.427848910791757,3.0,15.0,0.46811273,4.0,30.0,32.0,1.4959858999999998,125.0,16.050955414012737,1.5764331210191085,21.21019108280255,1.4331210191082802,35.68471337579618,1.1464968152866242,0.143312101910828,1.5764331210191085,1.4331210191082802,1.003184713375796,0.4299363057324841,0.7165605095541401,1.4331210191082802,1.4331210191082802,7.165605095541401,1.8630573248407645,0.143312101910828,1.2898089171974525,0.4299363057324841,3.726114649681529,3.2961783439490446,0.7165605095541401,1.4331210191082802,0.0,0.0,0.0,81.37,47.62,42.31,50.0,30.0,63.29,72.73,71.43,0.113014510150035,0.204628028616653,0.4299363057324841,2.14968152866242,0.0670862192675159,0.5732484076433121,4.2993630573248405,4.585987261146497,0.2143928837579617,17.914012738853504,CM/AM,60,74,44,56,51,77,56,51,53,60,47,74,41,40,73,77,53,76,47,63,85,63,63,51,47,50,62,36,85,72,42,100,100,86,46,69,56,51,54,31,65,56,69,55,79,90,59,51,72,74,64,56,49,62,46,87,51,51,90,95,62,92,46,77,92,59,90,51,47,50,62,36,85,72,42,100,100,86,44,92,59,54,64,28,69,63,77,69,Veikkausliiga
Lahti,8hrhwh8rty0eoykwj44ew04ng,a9j0100pvmkgkmszpl3tuyoh6,Y. Cassubie,Yohan Cassubie,25.0,Midfielder,France,Midfielder,372.0,5.0,415.0,57.0,782.0,17.0,3.0,18.0,23.0,7.0,16.0,9.0,29.0,30.0,90.0,13.0,2.0,33.0,1657.0,5.0,19.0,16.0,17.0,25.0,0.0,0.0,0.0,86.5,76.0,55.56,58.62,21.74,51.43,50.0,62.5,1.736951838311371,1.262702769757445,11.0,45.0,1.0293953399999995,22.0,96.0,84.0,1.9584626400000007,378.0,20.20519010259505,0.2715751357875678,22.540736270368136,3.095956547978274,42.47435123717562,0.9233554616777307,0.1629450814725407,0.9776704888352444,1.2492456246228123,0.380205190102595,0.8690404345202173,0.4888352444176222,1.5751357875678935,1.6294508147254074,4.888352444176222,0.7060953530476766,0.1086300543150271,1.792395896197948,0.2715751357875678,1.031985515992758,0.8690404345202173,0.9233554616777307,1.3578756789378394,0.0,0.0,0.0,86.5,76.0,55.56,58.62,21.74,51.43,50.0,62.5,0.0943425862691752,0.0685837352312432,0.5974652987326493,2.444176222088111,0.0559116358479179,1.1949305974652986,5.214242607121303,4.562462281231141,0.1063739514785757,20.531080265540133,DM/CM,82,83,88,91,85,85,100,91,88,77,94,89,94,94,91,32,94,100,79,68,58,95,91,45,52,52,64,100,89,85,36,58,59,58,82,85,88,97,97,100,94,85,73,85,55,70,67,82,55,73,100,70,79,52,85,82,85,82,70,12,79,97,58,42,33,94,85,45,52,52,64,100,89,85,36,58,59,58,70,64,82,94,85,91,73,67,52,61,Veikkausliiga
Lahti,8hrhwh8rty0eoykwj44ew04ng,b3kzxaegfvw2k1gxjiei8f7ys,T. Inkinen,Topias Inkinen,23.0,Defender,Finland,Defender,29.0,0.0,26.0,4.0,55.0,2.0,0.0,1.0,3.0,1.0,2.0,0.0,0.0,0.0,4.0,11.0,0.0,4.0,202.0,0.0,3.0,0.0,0.0,0.0,0.0,0.0,0.0,70.51,33.33,0.0,0.0,0.0,36.36,66.67,0.0,0.1815677682776155,0.1475163326066993,2.0,0.0,0.0,2.0,6.0,7.0,0.14940799,15.0,12.92079207920792,0.0,11.584158415841584,1.7821782178217822,24.504950495049503,0.8910891089108911,0.0,0.4455445544554455,1.3366336633663367,0.4455445544554455,0.8910891089108911,0.0,0.0,0.0,1.7821782178217822,4.900990099009901,0.0,1.7821782178217822,0.0,1.3366336633663367,0.0,0.0,0.0,0.0,0.0,0.0,70.51,33.33,0.0,0.0,0.0,36.36,66.67,0.0,0.0808965304207197,0.0657250986861531,0.8910891089108911,0.0,0.0,0.8910891089108911,2.6732673267326734,3.118811881188119,0.0665679163366336,6.683168316831683,LB/LCB,24,14,19,21,24,10,29,21,38,26,62,14,10,10,10,31,40,33,21,26,10,10,7,45,52,52,19,33,14,10,21,10,71,7,33,24,57,7,7,19,19,19,19,19,52,14,29,48,38,52,29,33,95,71,100,14,10,10,5,90,40,95,21,62,10,10,7,45,52,52,19,33,14,10,21,10,71,7,90,52,100,7,7,62,38,33,24,14,Veikkausliiga
Lahti,8hrhwh8rty0eoykwj44ew04ng,bbdoe533sbua0ikwxa8ldo91x,A. Kabashi,Armend Kabashi,30.0,Midfielder,Finland,Midfielder,61.0,0.0,52.0,3.0,113.0,1.0,0.0,2.0,2.0,0.0,2.0,1.0,1.0,1.0,9.0,3.0,0.0,4.0,290.0,0.0,1.0,3.0,0.0,4.0,0.0,0.0,0.0,83.7,33.33,0.0,0.0,0.0,36.0,20.0,80.0,0.0794234257656445,0.1414379118642769,2.0,3.0,0.0609883799999999,0.0,5.0,10.0,0.21812642,54.0,18.93103448275862,0.0,16.137931034482758,0.9310344827586208,35.06896551724138,0.3103448275862069,0.0,0.6206896551724138,0.6206896551724138,0.0,0.6206896551724138,0.3103448275862069,0.3103448275862069,0.3103448275862069,2.793103448275862,0.9310344827586208,0.0,1.2413793103448276,0.0,0.3103448275862069,0.9310344827586208,0.0,1.2413793103448276,0.0,0.0,0.0,83.7,33.33,0.0,0.0,0.0,36.0,20.0,80.0,0.0246486493755448,0.0438945243716721,0.6206896551724138,0.9310344827586208,0.018927428275862,0.0,1.5517241379310345,3.103448275862069,0.0676944062068965,16.75862068965517,DM/CM,8,17,9,9,6,12,29,11,6,5,18,23,3,3,6,9,24,12,8,3,9,5,11,45,52,52,36,23,17,5,8,3,11,91,3,12,26,9,9,6,6,6,6,12,48,17,30,24,39,21,29,27,24,5,67,67,12,12,6,21,24,61,8,6,39,5,64,45,52,52,36,23,17,5,8,3,11,91,3,24,85,24,21,6,3,21,15,39,Veikkausliiga
Lahti,8hrhwh8rty0eoykwj44ew04ng,d2tr2mopsk225739f7xlc12ei,V. Vehkonen,Väinö Vehkonen,25.0,Defender,Finland,Defender,201.0,0.0,77.0,21.0,278.0,14.0,0.0,1.0,4.0,3.0,1.0,1.0,1.0,1.0,20.0,35.0,0.0,5.0,506.0,2.0,6.0,3.0,0.0,2.0,0.0,0.0,0.0,86.34,51.22,0.0,0.0,50.0,51.28,51.85,66.67,0.4833503039070072,0.0345038694458254,0.0,0.0,0.0,4.0,15.0,14.0,0.3978388099999997,136.0,35.75098814229249,0.0,13.695652173913045,3.735177865612648,49.44664031620554,2.490118577075099,0.0,0.1778656126482213,0.7114624505928854,0.5335968379446641,0.1778656126482213,0.1778656126482213,0.1778656126482213,0.1778656126482213,3.557312252964427,6.225296442687748,0.0,0.8893280632411068,0.3557312252964427,1.067193675889328,0.5335968379446641,0.0,0.3557312252964427,0.0,0.0,0.0,86.34,51.22,0.0,0.0,50.0,51.28,51.85,66.67,0.0859713979281238,0.0061370518777159,0.0,0.0,0.0,0.7114624505928854,2.6679841897233203,2.490118577075099,0.0707618436758892,24.189723320158105,CB,37,31,22,47,31,33,38,32,40,37,60,41,29,28,16,35,35,27,64,30,26,15,14,43,50,51,55,84,31,15,90,22,26,58,41,24,26,6,6,57,24,22,20,33,67,31,24,82,59,65,38,43,57,55,71,63,41,41,24,76,35,33,84,47,35,15,8,43,50,51,55,84,31,15,90,22,26,58,61,29,26,6,6,80,33,27,24,45,Veikkausliiga
Lahti,8hrhwh8rty0eoykwj44ew04ng,dsn7m5pm574argz1d7ofgjmj9,E. Andersson,Erik Andersson,29.0,Midfielder,Sweden,Midfielder,112.0,1.0,169.0,15.0,280.0,11.0,1.0,5.0,20.0,16.0,4.0,5.0,10.0,10.0,43.0,10.0,1.0,9.0,951.0,6.0,32.0,10.0,3.0,12.0,0.0,0.0,0.0,74.87,48.39,6.25,30.0,30.0,45.26,45.83,63.16,1.846209007651217,0.3585572655198814,3.0,11.0,0.35703944,3.0,25.0,34.0,0.9149895499999998,129.0,10.5993690851735,0.0946372239747634,15.993690851735016,1.4195583596214512,26.49842271293376,1.0410094637223974,0.0946372239747634,0.473186119873817,1.892744479495268,1.5141955835962146,0.3785488958990536,0.473186119873817,0.946372239747634,0.946372239747634,4.069400630914827,0.946372239747634,0.0946372239747634,0.8517350157728707,0.5678233438485805,3.0283911671924293,0.946372239747634,0.2839116719242902,1.135646687697161,0.0,0.0,0.0,74.87,48.39,6.25,30.0,30.0,45.26,45.83,63.16,0.1747200953613139,0.0339328642447837,0.2839116719242902,1.0410094637223974,0.0337892214511041,0.2839116719242902,2.365930599369085,3.217665615141956,0.0865920709779179,12.20820189274448,CM/AM,60,26,59,69,59,87,56,23,77,88,60,74,41,40,59,67,53,76,71,72,45,40,73,51,47,50,18,38,26,31,42,38,54,72,79,26,56,29,44,23,50,60,38,62,46,26,33,49,38,72,51,8,85,90,38,56,23,21,46,51,49,72,62,62,33,21,69,51,47,50,18,38,26,31,42,38,54,72,82,8,46,10,21,15,38,38,23,41,Veikkausliiga
Lahti,8hrhwh8rty0eoykwj44ew04ng,dvkjpwli5u19t5563fiphsd1w,A. Lindholm,Aaron Lindholm,22.0,Midfielder,Finland,Midfielder,25.0,0.0,38.0,2.0,63.0,10.0,0.0,3.0,10.0,9.0,1.0,3.0,11.0,11.0,22.0,6.0,3.0,0.0,555.0,5.0,18.0,8.0,3.0,0.0,0.0,0.0,0.0,70.79,66.67,0.0,27.27,50.0,33.33,27.78,0.0,1.6836379044370735,0.1328520066756361,0.0,7.0,0.21845092,1.0,1.0,4.0,0.1412386,16.0,4.0540540540540535,0.0,6.162162162162162,0.3243243243243243,10.216216216216216,1.6216216216216215,0.0,0.4864864864864864,1.6216216216216215,1.4594594594594594,0.1621621621621621,0.4864864864864864,1.7837837837837838,1.7837837837837838,3.5675675675675675,0.9729729729729728,0.4864864864864864,0.0,0.8108108108108107,2.918918918918919,1.2972972972972971,0.4864864864864864,0.0,0.0,0.0,0.0,70.79,66.67,0.0,27.27,50.0,33.33,27.78,0.0,0.2730223628816876,0.0215435686501031,0.0,1.135135135135135,0.0354244735135135,0.1621621621621621,0.1621621621621621,0.6486486486486486,0.0229035567567567,2.5945945945945943,CM/AM,8,13,5,9,8,82,23,12,53,67,15,47,50,46,33,38,86,5,65,42,36,40,5,51,47,50,3,86,13,28,83,10,26,5,72,3,5,17,21,13,3,3,3,5,5,13,3,8,3,90,23,10,59,85,18,59,67,64,31,56,95,5,87,59,49,46,5,51,47,50,3,86,13,28,83,10,26,5,100,5,5,18,23,13,3,3,3,3,Veikkausliiga
Lahti,8hrhwh8rty0eoykwj44ew04ng,e7cov36din7hwsjxovwr5smlm,Nícolas,Nícolas Gianini Dantas,28.0,Defender,Brazil,Defender,611.0,0.0,241.0,52.0,852.0,47.0,0.0,6.0,16.0,15.0,1.0,4.0,11.0,12.0,89.0,94.0,0.0,25.0,1561.0,2.0,26.0,9.0,6.0,20.0,0.0,0.0,0.0,89.31,53.61,0.0,54.55,12.5,59.73,63.51,74.07,1.9414454914415724,0.4397747192563109,2.0,6.0,0.10605716,0.0,50.0,58.0,1.167793290000002,526.0,35.22741832158872,0.0,13.894939141575913,2.998078155028828,49.12235746316464,2.7098014093529788,0.0,0.3459320948110185,0.922485586162716,0.8648302370275465,0.0576553491351697,0.230621396540679,0.6342088404868673,0.6918641896220371,5.131326073030109,5.4196028187059575,0.0,1.441383728379244,0.1153106982703395,1.4990390775144138,0.5188981422165279,0.3459320948110185,1.1531069827033953,0.0,0.0,0.0,89.31,53.61,0.0,54.55,12.5,59.73,63.51,74.07,0.111934717635965,0.0253553649795438,0.1153106982703395,0.3459320948110185,0.0061147625880845,0.0,2.882767456758488,3.344010249839846,0.0673295298526586,30.326713645099293,CB,88,31,70,78,82,96,38,85,91,96,60,88,79,80,94,87,35,97,64,86,64,81,93,43,50,51,73,92,31,67,34,61,65,76,96,86,72,39,37,14,69,71,57,82,65,31,27,57,55,73,38,73,73,84,57,71,67,67,76,53,35,86,47,65,31,71,73,43,50,51,73,92,31,67,34,61,65,76,80,69,65,24,22,14,39,37,22,57,Veikkausliiga
Lahti,8hrhwh8rty0eoykwj44ew04ng,el1pcuz4yf25cphmndtbqtxqs,Martim Ferreira,Martim Augusto Ferreira,22.0,Attacker,Portugal,Defender,67.0,7.0,173.0,4.0,233.0,4.0,1.0,20.0,28.0,18.0,10.0,6.0,20.0,23.0,47.0,11.0,2.0,4.0,1204.0,7.0,46.0,17.0,4.0,11.0,0.0,0.0,0.0,78.72,28.57,43.75,20.0,25.0,40.52,26.67,50.0,2.093216418328874,1.6256779430821022,7.0,23.0,0.7503330699999998,6.0,9.0,28.0,1.97866987,86.0,5.0083056478405314,0.5232558139534883,12.93189368770764,0.2990033222591362,17.416943521594686,0.2990033222591362,0.074750830564784,1.495016611295681,2.093023255813953,1.345514950166113,0.7475083056478405,0.4485049833887043,1.495016611295681,1.719269102990033,3.5132890365448506,0.8222591362126246,0.1495016611295681,0.2990033222591362,0.5232558139534883,3.438538205980066,1.2707641196013288,0.2990033222591362,0.8222591362126246,0.0,0.0,0.0,78.72,28.57,43.75,20.0,25.0,40.52,26.67,50.0,0.1564696658219258,0.1215207764762368,0.5232558139534883,1.719269102990033,0.0560880201827242,0.4485049833887043,0.6727574750830565,2.093023255813953,0.1479072161960133,6.428571428571428,LW,69,77,69,62,69,62,54,85,92,92,85,85,62,69,73,69,88,54,81,77,77,35,85,50,54,54,46,54,100,15,31,38,46,46,85,85,81,69,77,62,62,69,69,69,38,69,46,31,23,46,46,77,54,54,62,31,15,15,23,38,77,31,46,23,46,15,54,50,54,54,46,54,100,15,31,38,46,46,46,69,38,23,15,15,23,54,69,46,Veikkausliiga
Lahti,8hrhwh8rty0eoykwj44ew04ng,lk9d5o3phq1ioqhs0rn3dams,J. Ojanen,Justus Ojanen,21.0,Attacker,Finland,Striker,13.0,0.0,46.0,2.0,59.0,1.0,0.0,2.0,8.0,7.0,1.0,5.0,12.0,13.0,13.0,4.0,1.0,1.0,245.0,1.0,14.0,4.0,2.0,5.0,0.0,0.0,0.0,78.67,66.67,0.0,16.67,12.5,39.39,16.67,83.33,0.743274356113825,0.1506357973044224,1.0,9.0,0.2272728899999999,4.0,3.0,5.0,0.15647008,18.0,4.775510204081632,0.0,16.897959183673468,0.7346938775510203,21.6734693877551,0.3673469387755101,0.0,0.7346938775510203,2.9387755102040813,2.571428571428571,0.3673469387755101,1.836734693877551,4.408163265306122,4.775510204081632,4.775510204081632,1.469387755102041,0.3673469387755101,0.3673469387755101,0.3673469387755101,5.142857142857142,1.469387755102041,0.7346938775510203,1.836734693877551,0.0,0.0,0.0,78.67,66.67,0.0,16.67,12.5,39.39,16.67,83.33,0.273039559388752,0.0553355990097878,0.3673469387755101,3.3061224489795915,0.0834880004081632,1.469387755102041,1.1020408163265305,1.836734693877551,0.0574788048979591,6.612244897959183,ST,26,25,35,39,33,10,20,21,29,34,17,65,51,53,25,43,37,46,14,26,33,37,61,51,50,51,80,86,25,22,12,49,18,83,30,24,20,41,39,52,25,36,28,35,59,25,96,80,93,17,20,28,65,76,22,100,100,100,59,89,63,74,13,57,63,63,98,51,50,51,80,86,25,22,12,49,18,83,50,35,17,89,83,93,59,80,43,78,Veikkausliiga
Jaro,7efqk7uh63928il0yffxijnv7,18d805p5mzo29ens4z1yufluy,J. Skau,Jesper Skau,23.0,Midfielder,Norway,Midfielder,500.0,0.0,475.0,62.0,975.0,16.0,0.0,16.0,15.0,8.0,7.0,4.0,14.0,17.0,62.0,77.0,0.0,21.0,1800.0,3.0,13.0,9.0,8.0,23.0,2.0,0.0,0.0,83.83,41.06,0.0,57.14,20.0,53.91,50.0,76.67,1.179868596590492,0.9277558705837022,5.0,27.0,0.61376317,11.0,108.0,116.0,2.7934068799999965,615.0,25.0,0.0,23.75,3.1,48.75,0.8,0.0,0.8,0.75,0.4,0.35,0.2,0.7,0.85,3.1,3.85,0.0,1.05,0.15,0.65,0.45,0.4,1.15,0.1,0.0,0.0,83.83,41.06,0.0,57.14,20.0,53.91,50.0,76.67,0.0589934298295246,0.0463877935291851,0.25,1.35,0.0306881585,0.55,5.4,5.8,0.1396703439999998,30.75,DM/CM,97,17,94,97,97,80,29,80,67,83,64,71,73,79,61,97,24,77,55,48,35,76,82,100,52,52,39,39,17,77,33,73,59,85,67,70,59,82,79,74,100,97,94,97,70,17,70,85,64,67,29,55,39,58,30,42,30,45,12,97,24,52,27,24,12,48,48,97,52,52,39,39,17,77,33,73,59,85,39,30,27,42,42,42,79,79,76,94,Veikkausliiga
Jaro,7efqk7uh63928il0yffxijnv7,39qyf115ddrp57u3p5kwp4aac,A. Sabriye,Abdi Sabriye,24.0,Attacker,Sweden,Striker,21.0,0.0,30.0,2.0,51.0,0.0,0.0,5.0,0.0,0.0,0.0,0.0,21.0,22.0,19.0,0.0,0.0,1.0,177.0,0.0,10.0,5.0,13.0,1.0,0.0,0.0,0.0,83.61,100.0,0.0,61.9,0.0,54.29,0.0,100.0,0.0,0.3853346744970005,0.0,11.0,0.30717375,3.0,1.0,4.0,0.3176690899999999,15.0,10.677966101694915,0.0,15.254237288135592,1.0169491525423728,25.93220338983051,0.0,0.0,2.5423728813559325,0.0,0.0,0.0,0.0,10.677966101694915,11.186440677966102,9.661016949152543,0.0,0.0,0.5084745762711864,0.0,5.084745762711865,2.5423728813559325,6.610169491525424,0.5084745762711864,0.0,0.0,0.0,83.61,100.0,0.0,61.9,0.0,54.29,0.0,100.0,0.0,0.1959328853374579,0.0,5.593220338983051,0.1561900423728813,1.5254237288135597,0.5084745762711864,2.0338983050847457,0.1615266559322033,7.627118644067797,LW,46,19,31,46,31,12,19,42,8,8,8,8,69,62,46,8,27,27,12,23,38,77,27,50,54,54,85,96,19,92,12,92,12,96,8,38,8,46,38,35,15,35,46,31,77,19,69,77,69,12,19,100,8,8,8,8,100,100,100,8,27,38,12,69,92,100,46,50,54,54,85,96,19,92,12,92,12,96,8,92,8,85,85,69,15,38,77,62,Veikkausliiga
Jaro,7efqk7uh63928il0yffxijnv7,3cmp95fpjtqoc5njb5p7c9g8a,E. Gunnarsson,Erik Gunnarsson,27.0,Defender,Sweden,Defender,425.0,2.0,206.0,38.0,629.0,21.0,0.0,5.0,3.0,2.0,1.0,0.0,8.0,8.0,61.0,56.0,0.0,16.0,1131.0,0.0,7.0,7.0,6.0,18.0,1.0,0.0,0.0,88.97,52.05,40.0,75.0,0.0,66.3,56.76,64.29,0.2645014196914143,0.4140380903318685,1.0,12.0,0.24045539,4.0,54.0,57.0,1.5392975400000015,355.0,33.819628647214856,0.1591511936339522,16.392572944297083,3.023872679045093,50.05305039787798,1.6710875331564987,0.0,0.3978779840848806,0.2387267904509284,0.1591511936339522,0.0795755968169761,0.0,0.636604774535809,0.636604774535809,4.854111405835544,4.456233421750663,0.0,1.273209549071618,0.0,0.5570291777188329,0.5570291777188329,0.4774535809018568,1.4323607427055702,0.0795755968169761,0.0,0.0,88.97,52.05,40.0,75.0,0.0,66.3,56.76,64.29,0.0210478583308817,0.0329473281431195,0.0795755968169761,0.9549071618037136,0.0191343811671087,0.3183023872679045,4.297082228116711,4.535809018567639,0.1224905204244033,28.249336870026525,LB/LCB,95,36,57,76,76,81,29,38,38,38,40,14,43,43,64,81,40,64,21,43,45,52,81,93,52,52,100,90,81,100,21,90,52,67,43,38,38,57,43,36,69,52,52,86,100,33,52,100,90,71,29,29,10,24,38,14,38,29,62,81,40,71,21,19,43,38,71,95,52,52,100,90,81,100,21,90,52,67,14,29,38,33,24,19,76,57,48,95,Veikkausliiga
Jaro,7efqk7uh63928il0yffxijnv7,3vezn38wnyk5dtstopwbl0dn8,A. Hellemaa,Altti Hellemaa,22.0,Midfielder,Finland,Midfielder,49.0,1.0,61.0,7.0,109.0,0.0,0.0,2.0,0.0,0.0,0.0,0.0,3.0,4.0,4.0,0.0,0.0,1.0,239.0,0.0,0.0,1.0,1.0,1.0,0.0,0.0,0.0,88.62,53.85,20.0,33.33,0.0,50.0,0.0,50.0,0.0,0.1558895547315893,0.0,10.0,0.24304936,4.0,16.0,19.0,0.3681728999999998,52.0,18.451882845188287,0.3765690376569038,22.97071129707113,2.6359832635983267,41.04602510460251,0.0,0.0,0.7531380753138076,0.0,0.0,0.0,0.0,1.1297071129707112,1.5062761506276152,1.5062761506276152,0.0,0.0,0.3765690376569038,0.0,0.0,0.3765690376569038,0.3765690376569038,0.3765690376569038,0.0,0.0,0.0,88.62,53.85,20.0,33.33,0.0,50.0,0.0,50.0,0.0,0.0587031796060378,0.0,3.765690376569038,0.0915248635983263,1.5062761506276152,6.025104602510461,7.154811715481172,0.1386425146443514,19.581589958159,LM/LCM,67,50,67,67,67,33,50,33,33,33,50,33,33,33,33,50,50,33,50,33,33,50,33,67,67,67,100,67,50,67,50,100,33,33,33,67,50,50,33,67,67,67,67,67,100,67,100,100,100,33,50,33,33,33,50,33,33,33,33,50,50,33,50,33,33,33,33,67,67,67,100,67,50,67,50,100,33,33,33,67,50,67,67,67,100,100,67,100,Veikkausliiga
Jaro,7efqk7uh63928il0yffxijnv7,44gqeji9twbkdtrcr2ias4efo,M. Pedersen,Mats Pedersen,21.0,Midfielder,Norway,Midfielder,80.0,6.0,139.0,13.0,213.0,11.0,1.0,13.0,7.0,6.0,1.0,3.0,13.0,15.0,37.0,4.0,0.0,4.0,600.0,2.0,19.0,12.0,7.0,6.0,0.0,0.0,0.0,82.56,68.42,46.15,53.85,28.57,52.86,57.89,85.71,0.7094721615279749,1.285628087039666,1.0,14.0,0.6647408100000001,7.0,26.0,28.0,0.9579507600000002,85.0,12.0,0.8999999999999999,20.85,1.95,31.95,1.65,0.15,1.95,1.05,0.8999999999999999,0.15,0.4499999999999999,1.95,2.25,5.55,0.6,0.0,0.6,0.3,2.85,1.7999999999999998,1.05,0.8999999999999999,0.0,0.0,0.0,82.56,68.42,46.15,53.85,28.57,52.86,57.89,85.71,0.1064208242291962,0.1928442130559498,0.15,2.1,0.0997111215,1.05,3.9,4.2,0.143692614,12.75,CM/AM,46,60,41,63,38,87,56,60,36,54,15,47,63,72,54,22,17,50,28,47,56,73,44,51,47,50,67,90,95,78,38,67,82,99,36,67,23,45,69,50,55,44,46,38,53,72,56,77,51,92,67,77,31,54,15,51,74,74,77,23,17,59,31,56,72,77,54,51,47,50,67,90,95,78,38,67,82,99,38,82,21,49,85,56,64,56,51,44,Veikkausliiga
Jaro,7efqk7uh63928il0yffxijnv7,4nddgv2nlro0poda1w6yan3rp,L. Zetterström,Henrik Zetterström,29.0,Attacker,Sweden,Striker,20.0,0.0,34.0,2.0,54.0,14.0,0.0,4.0,6.0,2.0,4.0,2.0,6.0,6.0,22.0,3.0,0.0,1.0,371.0,3.0,12.0,2.0,1.0,2.0,0.0,0.0,0.0,69.23,50.0,0.0,16.67,50.0,31.43,42.42,40.0,0.3500941154156501,0.1300123686269795,2.0,4.0,0.14899776,3.0,3.0,4.0,0.1623851099999999,18.0,4.851752021563343,0.0,8.247978436657682,0.4851752021563343,13.099730458221025,3.39622641509434,0.0,0.9703504043126686,1.4555256064690028,0.4851752021563343,0.9703504043126686,0.4851752021563343,1.4555256064690028,1.4555256064690028,5.336927223719677,0.7277628032345014,0.0,0.2425876010781671,0.7277628032345014,2.911051212938005,0.4851752021563343,0.2425876010781671,0.4851752021563343,0.0,0.0,0.0,69.23,50.0,0.0,16.67,50.0,31.43,42.42,40.0,0.0849284916102655,0.0315393886157093,0.4851752021563343,0.9703504043126686,0.0361450091644204,0.7277628032345014,0.7277628032345014,0.9703504043126686,0.0393926142857142,4.366576819407008,ST,35,25,28,39,30,65,20,39,20,11,49,29,34,30,37,33,14,46,27,20,16,23,23,51,50,51,37,57,25,22,84,22,59,11,13,22,28,30,33,42,25,27,30,35,61,25,39,52,43,89,20,48,20,7,80,41,43,37,72,46,14,57,33,13,22,24,43,51,50,51,37,57,25,22,84,22,59,11,11,17,37,39,43,74,28,33,35,41,Veikkausliiga
Jaro,7efqk7uh63928il0yffxijnv7,4q9qes9db1l7plfu2re8q3v8,V. Vuorinen,Ville Vuorinen,21.0,Midfielder,Finland,Midfielder,28.0,2.0,86.0,4.0,112.0,3.0,1.0,14.0,14.0,12.0,2.0,3.0,11.0,12.0,27.0,6.0,1.0,2.0,924.0,9.0,35.0,14.0,1.0,5.0,0.0,0.0,0.0,77.24,57.14,18.18,9.09,64.29,36.49,14.29,55.56,1.4670819976187364,0.9977421779848752,3.0,13.0,0.36995565,4.0,10.0,8.0,0.7873571899999999,31.0,2.727272727272727,0.1948051948051948,8.376623376623376,0.3896103896103896,10.909090909090908,0.2922077922077922,0.0974025974025974,1.3636363636363635,1.3636363636363635,1.1688311688311688,0.1948051948051948,0.2922077922077922,1.0714285714285714,1.1688311688311688,2.6298701298701297,0.5844155844155844,0.0974025974025974,0.1948051948051948,0.8766233766233765,3.4090909090909087,1.3636363636363635,0.0974025974025974,0.4870129870129869,0.0,0.0,0.0,77.24,57.14,18.18,9.09,64.29,36.49,14.29,55.56,0.1428975971706561,0.0971826796738514,0.2922077922077922,1.2662337662337662,0.0360346412337662,0.3896103896103896,0.974025974025974,0.7792207792207791,0.0766906353896103,3.019480519480519,CM/AM,15,32,24,21,23,36,56,68,69,79,32,47,50,53,38,38,53,27,82,77,59,15,35,51,47,50,23,67,44,10,92,18,13,47,69,54,56,40,46,31,26,17,31,10,3,31,5,10,5,21,54,51,44,74,23,28,28,33,13,21,51,21,90,69,54,13,18,51,47,50,23,67,44,10,92,18,13,47,62,38,49,23,26,21,8,5,21,5,Veikkausliiga
Jaro,7efqk7uh63928il0yffxijnv7,6iaszy97sphbfkhfxdwd93g15,M. Ogungbaro,Michael Ogungbaro,30.0,Midfielder,Nigeria,Midfielder,680.0,0.0,257.0,51.0,937.0,43.0,1.0,6.0,8.0,6.0,2.0,3.0,2.0,2.0,65.0,123.0,0.0,21.0,1598.0,1.0,15.0,3.0,1.0,16.0,0.0,0.0,0.0,90.01,49.04,0.0,50.0,12.5,58.56,61.43,88.89,0.726431559877113,0.3253533813107837,1.0,6.0,0.10928054,1.0,32.0,46.0,1.4126661700000005,635.0,38.29787234042553,0.0,14.474342928660825,2.872340425531915,52.77221526908635,2.4217772215269084,0.0563204005006257,0.3379224030037547,0.4505632040050062,0.3379224030037547,0.1126408010012515,0.1689612015018773,0.1126408010012515,0.1126408010012515,3.660826032540676,6.927409261576971,0.0,1.1827284105131413,0.0563204005006257,0.8448060075093867,0.1689612015018773,0.0563204005006257,0.9011264080100124,0.0,0.0,0.0,90.01,49.04,0.0,50.0,12.5,58.56,61.43,88.89,0.0409129163885733,0.0183240327396561,0.0563204005006257,0.3379224030037547,0.0061547237797246,0.0563204005006257,1.8022528160200249,2.5907384230287858,0.0795619244680851,35.76345431789737,DM/CM,100,17,52,86,94,100,71,30,39,67,18,56,11,11,70,100,24,77,18,62,9,14,52,45,52,52,88,48,17,55,18,91,94,97,42,21,12,17,12,14,39,47,52,100,100,17,6,79,85,97,64,9,9,42,12,30,3,3,33,100,24,58,15,33,3,9,12,45,52,52,88,48,17,55,18,91,94,97,15,9,9,3,3,12,6,12,30,100,Veikkausliiga
Jaro,7efqk7uh63928il0yffxijnv7,72qulyqarfxjwzbrcqa7tkys4,K. Hardén,Kaius Hardén,22.0,Midfielder,Finland,Midfielder,154.0,4.0,189.0,14.0,339.0,3.0,1.0,15.0,26.0,19.0,7.0,11.0,32.0,34.0,39.0,5.0,2.0,9.0,1221.0,9.0,49.0,11.0,11.0,11.0,0.0,0.0,0.0,87.37,66.67,40.0,34.38,34.62,36.45,25.0,78.57,2.4933512131067106,1.0625165733541502,9.0,38.0,0.9952579599999998,19.0,18.0,31.0,1.04289617,97.0,11.35135135135135,0.2948402948402948,13.931203931203932,1.031941031941032,24.987714987714988,0.2211302211302211,0.0737100737100737,1.1056511056511056,1.9164619164619163,1.4004914004914004,0.515970515970516,0.8108108108108109,2.3587223587223587,2.506142506142506,2.8746928746928746,0.3685503685503685,0.1474201474201474,0.6633906633906634,0.6633906633906634,3.611793611793612,0.8108108108108109,0.8108108108108109,0.8108108108108109,0.0,0.0,0.0,87.37,66.67,40.0,34.38,34.62,36.45,25.0,78.57,0.1837851017031973,0.0783181749401093,0.6633906633906634,2.800982800982801,0.0733605375921375,1.4004914004914004,1.3267813267813269,2.285012285012285,0.0768719535626535,7.14987714987715,LM/LCM,100,100,100,100,100,100,100,100,100,100,100,100,100,100,100,100,100,100,100,100,100,100,100,67,67,67,33,100,100,100,100,33,67,67,100,100,100,100,100,100,100,100,100,100,67,33,33,33,67,67,100,67,100,100,100,67,67,67,67,100,100,67,100,67,67,100,67,67,67,67,33,100,100,100,100,33,67,67,100,100,100,33,33,33,33,33,33,33,Veikkausliiga
Jaro,7efqk7uh63928il0yffxijnv7,7dvn6m2z49c2n1ev0o9rvk93o,L. Weckström,Luca Weckström,23.0,Attacker,Finland,Striker,13.0,0.0,20.0,1.0,33.0,5.0,0.0,1.0,5.0,3.0,2.0,2.0,6.0,6.0,11.0,3.0,1.0,1.0,170.0,2.0,7.0,2.0,0.0,2.0,0.0,0.0,0.0,84.62,100.0,0.0,0.0,40.0,40.74,62.5,50.0,0.4457551390320354,0.0528412706530146,3.0,3.0,0.10632599,3.0,2.0,1.0,0.0477917299999999,12.0,6.882352941176471,0.0,10.588235294117649,0.5294117647058824,17.47058823529412,2.647058823529412,0.0,0.5294117647058824,2.647058823529412,1.5882352941176472,1.0588235294117647,1.0588235294117647,3.1764705882352944,3.1764705882352944,5.823529411764706,1.5882352941176472,0.5294117647058824,0.5294117647058824,1.0588235294117647,3.7058823529411766,1.0588235294117647,0.0,1.0588235294117647,0.0,0.0,0.0,84.62,100.0,0.0,0.0,40.0,40.74,62.5,50.0,0.2359880147816658,0.0279747903457136,1.5882352941176472,1.5882352941176472,0.05629023,1.5882352941176472,1.0588235294117647,0.5294117647058824,0.025301504117647,6.352941176470589,LW,23,19,12,31,23,69,19,12,23,27,31,27,15,15,23,38,62,27,38,8,15,8,42,50,54,54,92,96,19,8,77,46,100,46,31,8,46,8,8,35,27,8,8,15,54,19,23,54,31,100,19,8,77,77,85,85,62,46,77,69,100,46,85,31,23,8,77,50,54,54,92,96,19,8,77,46,100,46,77,8,85,15,23,77,38,8,8,38,Veikkausliiga
Jaro,7efqk7uh63928il0yffxijnv7,7e8irrii6ddjjaex00kq8cand,A. Vidjeskog,Adam Vidjeskog,28.0,Midfielder,Finland,Midfielder,217.0,0.0,182.0,9.0,399.0,7.0,0.0,2.0,8.0,4.0,4.0,2.0,2.0,2.0,45.0,16.0,0.0,7.0,845.0,2.0,6.0,19.0,1.0,9.0,0.0,0.0,0.0,84.53,28.12,0.0,50.0,25.0,50.0,50.0,50.0,1.1375912502369985,0.1214958961428638,4.0,17.0,0.3811935899999999,7.0,30.0,30.0,0.5040321199999999,150.0,23.11242603550296,0.0,19.384615384615383,0.9585798816568049,42.49704142011834,0.7455621301775147,0.0,0.2130177514792899,0.8520710059171597,0.4260355029585798,0.4260355029585798,0.2130177514792899,0.2130177514792899,0.2130177514792899,4.792899408284024,1.7041420118343191,0.0,0.7455621301775147,0.2130177514792899,0.6390532544378698,2.0236686390532546,0.1065088757396449,0.9585798816568049,0.0,0.0,0.0,84.53,28.12,0.0,50.0,25.0,50.0,50.0,50.0,0.1211635651139998,0.012940391305157,0.4260355029585798,1.8106508875739644,0.0406005007100591,0.7455621301775147,3.195266272189349,3.195266272189349,0.0536838944378698,15.976331360946745,DM/CM,48,17,35,30,44,50,29,11,39,48,38,38,11,11,35,50,24,24,35,18,76,14,30,45,52,52,42,9,17,55,47,44,59,24,64,6,44,39,39,53,33,32,12,30,64,17,52,27,58,58,29,6,52,64,39,48,6,6,64,67,24,24,42,18,88,12,21,45,52,52,42,9,17,55,47,44,59,24,82,6,58,64,67,67,42,27,3,33,Veikkausliiga
Jaro,7efqk7uh63928il0yffxijnv7,9whnr91qn3xy9qd01t8lv1ic4,Oliver Kass Kawo,Oliver Isak Ferial Kass Kawo,24.0,Midfielder,Syria,Midfielder,484.0,2.0,421.0,67.0,903.0,11.0,2.0,16.0,26.0,3.0,23.0,11.0,8.0,8.0,64.0,25.0,1.0,31.0,1594.0,7.0,8.0,10.0,4.0,24.0,0.0,0.0,0.0,88.36,62.62,11.11,50.0,26.92,49.61,35.48,61.54,1.8102578092567527,0.8266764506305067,16.0,40.0,0.8828885699999995,11.0,93.0,106.0,2.35849051,430.0,27.327478042659973,0.1129234629861982,23.77038895859473,3.782936010037641,50.9849435382685,0.6210790464240903,0.1129234629861982,0.903387703889586,1.468005018820577,0.1693851944792973,1.2986198243412796,0.6210790464240903,0.4516938519447929,0.4516938519447929,3.613550815558344,1.411543287327478,0.0564617314930991,1.7503136762860727,0.3952321204516938,0.4516938519447929,0.5646173149309912,0.2258469259723964,1.355081555834379,0.0,0.0,0.0,88.36,62.62,11.11,50.0,26.92,49.61,35.48,61.54,0.1022102903595406,0.0466755837871678,0.903387703889586,2.258469259723965,0.0498494173776662,0.6210790464240903,5.250941028858218,5.984943538268507,0.1331644579046424,24.27854454203262,DM/CM,94,56,91,100,91,71,92,80,94,35,100,95,39,35,67,67,67,95,97,33,41,50,85,45,52,52,82,91,36,55,55,39,30,52,85,55,100,94,94,74,88,94,88,91,88,45,73,97,82,45,88,64,88,18,97,94,15,15,27,45,58,88,79,12,15,27,82,45,52,52,82,91,36,55,55,39,30,52,73,33,94,85,76,55,76,82,70,70,Veikkausliiga
Jaro,7efqk7uh63928il0yffxijnv7,bhrb4rhb2fhniowp3kh2uodwq,F. Østigård Ness,Fabian Østigård Ness,27.0,Defender,Norway,Defender,326.0,35.0,406.0,20.0,697.0,12.0,3.0,43.0,20.0,11.0,9.0,5.0,34.0,36.0,61.0,65.0,1.0,18.0,1849.0,5.0,45.0,6.0,15.0,20.0,0.0,0.0,0.0,80.76,27.03,26.92,44.12,25.0,44.53,41.38,68.97,1.333197967358566,3.845415218776101,10.0,45.0,1.3124188599999993,32.0,51.0,74.0,3.2691685200000022,332.0,15.86803677663602,1.703623580313683,19.762033531638725,0.973499188750676,33.92644672796106,0.5840995132504057,0.1460248783126014,2.0930232558139537,0.973499188750676,0.5354245538128718,0.4380746349378042,0.243374797187669,1.6549486208761492,1.752298539751217,2.969172525689562,3.163872363439697,0.0486749594375338,0.8761492698756085,0.243374797187669,2.190373174689021,0.2920497566252028,0.730124391563007,0.973499188750676,0.0,0.0,0.0,80.76,27.03,26.92,44.12,25.0,44.53,41.38,68.97,0.0648933569833807,0.1871754297944018,0.486749594375338,2.190373174689021,0.0638819347755543,1.5575987020010815,2.482422931314224,3.601946998377501,0.1591266451054625,16.16008653326122,LB/LCB,76,90,81,57,86,64,86,93,98,100,81,83,90,90,64,90,88,76,98,100,36,83,86,45,52,52,62,14,57,29,67,14,29,76,100,90,88,95,95,95,62,69,81,81,71,76,71,19,67,24,76,86,67,81,62,57,62,62,19,57,81,33,86,90,24,52,43,45,52,52,62,14,57,29,67,14,29,76,62,81,71,95,95,90,33,38,57,57,Veikkausliiga
Jaro,7efqk7uh63928il0yffxijnv7,dcv2hunon4wgijgt4kljtqxg5,J. Brunell,Johan Brunell,35.0,Defender,Finland,Defender,336.0,0.0,214.0,32.0,550.0,16.0,0.0,0.0,1.0,1.0,0.0,0.0,0.0,0.0,32.0,49.0,0.0,12.0,906.0,0.0,2.0,5.0,0.0,6.0,0.0,0.0,0.0,87.16,46.38,0.0,0.0,0.0,61.54,66.67,54.55,0.1353545156182505,0.0,0.0,9.0,0.17600317,0.0,44.0,45.0,1.1044995600000005,393.0,33.37748344370861,0.0,21.258278145695364,3.178807947019868,54.63576158940398,1.589403973509934,0.0,0.0,0.0993377483443708,0.0993377483443708,0.0,0.0,0.0,0.0,3.178807947019868,4.867549668874172,0.0,1.1920529801324504,0.0,0.1986754966887417,0.4966887417218543,0.0,0.5960264900662252,0.0,0.0,0.0,87.16,46.38,0.0,0.0,0.0,61.54,66.67,54.55,0.0134458128097599,0.0,0.0,0.8940397350993378,0.0174837586092715,0.0,4.370860927152318,4.470198675496689,0.1097184993377484,39.03973509933775,CB,59,31,59,65,59,41,38,11,12,13,24,14,10,10,33,61,35,59,15,8,40,15,34,43,50,51,63,67,31,15,15,73,77,27,16,12,26,51,45,14,60,51,47,69,55,31,73,69,65,35,38,11,10,14,24,14,10,10,14,43,35,73,15,6,24,15,33,43,50,51,63,67,31,15,15,73,77,27,12,12,26,55,53,14,63,57,61,76,Veikkausliiga
Jaro,7efqk7uh63928il0yffxijnv7,dtdqh03syykiv1cjstn2lhkvd,J. Myrevik,Jim Myrevik,30.0,Defender,Finland,Defender,175.0,4.0,130.0,18.0,301.0,0.0,0.0,3.0,5.0,4.0,1.0,1.0,6.0,6.0,32.0,21.0,0.0,5.0,822.0,3.0,5.0,9.0,4.0,12.0,0.0,0.0,0.0,84.55,46.15,36.36,66.67,60.0,49.23,0.0,63.16,0.2574521731084702,0.2384783521785111,1.0,19.0,0.5145400600000001,13.0,17.0,23.0,0.7202863699999998,119.0,19.16058394160584,0.437956204379562,14.233576642335768,1.9708029197080288,32.956204379562045,0.0,0.0,0.3284671532846716,0.5474452554744526,0.437956204379562,0.1094890510948905,0.1094890510948905,0.6569343065693432,0.6569343065693432,3.5036496350364965,2.2992700729927007,0.0,0.5474452554744526,0.3284671532846716,0.5474452554744526,0.9854014598540146,0.437956204379562,1.3138686131386863,0.0,0.0,0.0,84.55,46.15,36.36,66.67,60.0,49.23,0.0,63.16,0.0281881941359638,0.0261107684866982,0.1094890510948905,2.08029197080292,0.056336502919708,1.4233576642335768,1.8613138686131387,2.5182481751824817,0.0788634711678832,13.029197080291972,RB/RCB,67,62,43,64,52,5,26,33,62,76,40,62,40,40,43,52,38,43,76,21,48,52,50,48,52,52,86,83,95,83,86,33,5,52,43,24,43,74,71,81,33,45,33,48,67,52,43,52,57,5,26,19,52,67,43,71,43,43,24,29,38,29,71,14,52,48,57,48,52,52,86,83,95,83,86,33,5,52,38,19,43,81,76,95,33,38,29,43,Veikkausliiga
Jaro,7efqk7uh63928il0yffxijnv7,gkyakbpfwhi9ura3y4zz0tuc,H. Sjögrell,Herman Sjögrell,25.0,Midfielder,Sweden,Midfielder,147.0,10.0,259.0,38.0,396.0,9.0,2.0,25.0,76.0,17.0,59.0,22.0,44.0,47.0,95.0,16.0,7.0,3.0,1808.0,30.0,47.0,51.0,18.0,12.0,0.0,0.0,0.0,72.53,59.38,14.93,40.91,39.47,45.67,27.27,70.59,4.055889313528032,2.7663362919969705,48.0,36.0,0.8985180099999998,16.0,39.0,66.0,3.3011897500000003,163.0,7.317477876106195,0.497787610619469,12.892699115044248,1.8915929203539823,19.71238938053097,0.4480088495575221,0.0995575221238938,1.2444690265486726,3.7831858407079646,0.8462389380530974,2.936946902654867,1.095132743362832,2.190265486725664,2.3396017699115044,4.728982300884955,0.7964601769911505,0.3484513274336283,0.1493362831858407,1.4933628318584071,2.3396017699115044,2.538716814159292,0.8960176991150443,0.5973451327433629,0.0,0.0,0.0,72.53,59.38,14.93,40.91,39.47,45.67,27.27,70.59,0.2018971450318157,0.1377047932963093,2.3893805309734515,1.7920353982300885,0.044727113329646,0.7964601769911505,1.9413716814159288,3.285398230088496,0.1643291357853982,8.113938053097344,CM/AM,73,71,74,91,74,79,77,85,100,92,100,100,95,95,97,87,96,38,100,90,100,92,73,51,47,50,10,72,31,54,69,41,23,82,100,92,100,85,82,79,74,82,90,74,23,49,13,74,15,38,59,36,100,51,100,100,77,77,64,38,90,10,100,49,82,72,26,51,47,50,10,72,31,54,69,41,23,82,92,59,100,44,41,46,23,41,59,15,Veikkausliiga
Jaro,7efqk7uh63928il0yffxijnv7,npha09mhy3755go8t6lg3ey2,A. Bjonbäck,Aron Bjonbäck,24.0,Defender,Finland,Defender,170.0,4.0,148.0,12.0,314.0,6.0,0.0,11.0,5.0,3.0,2.0,4.0,23.0,25.0,42.0,33.0,1.0,9.0,1093.0,1.0,15.0,3.0,6.0,21.0,0.0,0.0,0.0,79.49,33.33,33.33,26.09,20.0,38.53,35.29,77.78,0.5024301709363589,0.7641899612337113,2.0,19.0,0.49686597,10.0,21.0,29.0,1.0033414400000007,118.0,13.998170173833486,0.3293687099725526,12.186642268984446,0.988106129917658,25.85544373284538,0.4940530649588289,0.0,0.9057639524245196,0.4117108874656908,0.2470265324794144,0.1646843549862763,0.3293687099725526,1.8938700823421768,2.058554437328454,3.4583714547118025,2.717291857273559,0.0823421774931381,0.7410795974382434,0.0823421774931381,1.2351326623970724,0.2470265324794144,0.4940530649588289,1.7291857273559013,0.0,0.0,0.0,79.49,33.33,33.33,26.09,20.0,38.53,35.29,77.78,0.0413711943131494,0.0629250654263806,0.1646843549862763,1.564501372369625,0.0409130258920402,0.8234217749313816,1.7291857273559013,2.3879231473010063,0.0826173189387008,9.716376944190303,RB/RCB,62,62,52,36,57,50,26,95,62,60,71,95,81,81,48,67,86,62,40,76,29,64,86,48,52,52,52,36,86,29,29,10,24,95,76,71,76,74,67,71,52,57,57,43,33,38,19,29,29,14,26,81,43,57,57,95,71,81,19,43,86,43,33,48,10,57,86,48,52,52,52,36,86,29,29,10,24,95,57,67,57,62,62,67,24,33,38,14,Veikkausliiga
Jaro,7efqk7uh63928il0yffxijnv7,nzn28sstmz9x65xhwsrhgwlw,J. Vikström,Joas Vikström,18.0,Attacker,Finland,Midfielder,22.0,0.0,39.0,1.0,61.0,2.0,1.0,3.0,3.0,3.0,0.0,2.0,5.0,6.0,10.0,1.0,0.0,2.0,326.0,0.0,12.0,4.0,2.0,2.0,0.0,0.0,0.0,77.22,25.0,0.0,40.0,0.0,25.64,22.22,100.0,0.2495021738868774,0.2992557472987145,0.0,4.0,0.10063004,1.0,1.0,1.0,0.2308456499999999,13.0,6.07361963190184,0.0,10.766871165644172,0.2760736196319018,16.84049079754601,0.5521472392638037,0.2760736196319018,0.8282208588957055,0.8282208588957055,0.8282208588957055,0.0,0.5521472392638037,1.3803680981595092,1.656441717791411,2.7607361963190185,0.2760736196319018,0.0,0.5521472392638037,0.0,3.312883435582822,1.1042944785276074,0.5521472392638037,0.5521472392638037,0.0,0.0,0.0,77.22,25.0,0.0,40.0,0.0,25.64,22.22,100.0,0.0688809682509784,0.0826166173524058,0.0,1.1042944785276074,0.027781299386503,0.2760736196319018,0.2760736196319018,0.2760736196319018,0.0637303941717791,3.588957055214724,ST,37,25,30,20,36,20,54,34,11,14,3,29,24,30,17,9,14,60,5,20,33,37,23,51,50,51,76,15,25,59,5,11,24,92,11,39,8,30,24,24,11,7,35,22,80,25,61,28,72,30,87,33,4,20,3,52,39,48,20,13,14,85,5,24,52,50,50,51,50,51,76,15,25,59,5,11,24,92,7,54,8,52,24,30,9,2,52,26,Veikkausliiga
HJK,303582z192rnbr2x28o2t7u38,18p445rm69t2xc13vggv5oueh,V. Tikkanen,Ville Tikkanen,27.0,Defender,Finland,Defender,781.0,0.0,544.0,62.0,1325.0,20.0,0.0,2.0,5.0,5.0,0.0,2.0,2.0,2.0,48.0,66.0,2.0,12.0,1452.0,2.0,12.0,13.0,2.0,8.0,0.0,0.0,0.0,92.53,52.99,0.0,100.0,40.0,62.34,62.5,61.54,0.4236885142826028,0.1482194640134917,0.0,35.0,0.6955732599999997,8.0,94.0,82.0,1.7252854700000009,776.0,48.409090909090914,0.0,33.71900826446281,3.8429752066115705,82.12809917355372,1.2396694214876034,0.0,0.1239669421487603,0.3099173553719008,0.3099173553719008,0.0,0.1239669421487603,0.1239669421487603,0.1239669421487603,2.975206611570248,4.090909090909091,0.1239669421487603,0.7438016528925621,0.1239669421487603,0.7438016528925621,0.8057851239669421,0.1239669421487603,0.4958677685950413,0.0,0.0,0.0,92.53,52.99,0.0,100.0,40.0,62.34,62.5,61.54,0.0262616847695828,0.0091871568603403,0.0,2.169421487603306,0.0431140450413222,0.4958677685950413,5.826446280991736,5.082644628099174,0.1069391820247934,48.09917355371901,CB,98,31,100,88,100,52,38,49,51,59,24,66,43,42,59,72,97,59,64,57,86,56,51,43,50,51,94,88,31,95,79,80,61,46,37,49,26,94,92,82,98,88,80,100,96,31,100,86,98,18,38,37,31,35,24,53,33,33,10,31,94,24,51,37,63,47,20,43,50,51,94,88,31,95,79,80,61,46,24,41,26,90,84,69,92,69,53,96,Veikkausliiga
HJK,303582z192rnbr2x28o2t7u38,19xsgxk4g4gf1ickmbc92uzu,M. Ylitolva,Miska Ylitolva,22.0,Defender,Finland,Defender,310.0,9.0,305.0,22.0,606.0,14.0,1.0,7.0,8.0,2.0,6.0,1.0,7.0,7.0,65.0,43.0,1.0,3.0,1274.0,4.0,21.0,20.0,2.0,17.0,0.0,0.0,0.0,87.19,40.74,27.27,28.57,50.0,62.5,56.0,58.62,0.4657108583791892,0.8424450151154441,5.0,35.0,0.8206485299999997,17.0,49.0,68.0,2.379145709999999,261.0,21.899529042386185,0.6357927786499216,21.54631083202512,1.554160125588697,42.81004709576138,0.989010989010989,0.0706436420722135,0.4945054945054945,0.565149136577708,0.141287284144427,0.423861852433281,0.0706436420722135,0.4945054945054945,0.4945054945054945,4.591836734693878,3.037676609105181,0.0706436420722135,0.2119309262166405,0.282574568288854,1.4835164835164836,1.4128728414442702,0.141287284144427,1.2009419152276295,0.0,0.0,0.0,87.19,40.74,27.27,28.57,50.0,62.5,56.0,58.62,0.0328995111884827,0.0595133841133359,0.3532182103610675,2.4725274725274726,0.0579736010204081,1.2009419152276295,3.4615384615384617,4.803767660910518,0.1680715179748822,18.437990580847725,RB/RCB,86,93,90,76,86,71,64,71,79,45,90,62,50,50,76,81,86,21,88,88,81,36,71,48,52,52,95,67,81,33,69,86,71,29,67,81,90,95,95,98,86,95,90,81,86,76,95,43,90,57,57,57,57,29,81,57,33,29,67,67,81,10,67,67,62,29,48,48,52,52,95,67,81,33,69,86,71,29,52,57,86,95,81,86,81,86,81,81,Veikkausliiga
HJK,303582z192rnbr2x28o2t7u38,1se7wkenvs4elrapvdw9mdnje,L. Montano,Leonel Montano,26.0,Defender,Denmark,Defender,266.0,14.0,314.0,31.0,566.0,18.0,2.0,18.0,11.0,10.0,1.0,4.0,9.0,11.0,54.0,36.0,0.0,16.0,1535.0,2.0,38.0,12.0,3.0,14.0,1.0,0.0,0.0,77.53,31.0,42.42,33.33,18.18,56.25,78.26,66.67,0.9849296841269376,1.986914984376332,1.0,17.0,0.5121470899999999,12.0,54.0,66.0,2.99023383,283.0,15.596091205211724,0.8208469055374592,18.41042345276873,1.8175895765472312,33.185667752442995,1.055374592833876,0.1172638436482084,1.055374592833876,0.6449511400651465,0.5863192182410423,0.0586319218241042,0.2345276872964169,0.527687296416938,0.6449511400651465,3.1661237785016283,2.110749185667752,0.0,0.9381107491856676,0.1172638436482084,2.228013029315961,0.7035830618892508,0.1758957654723127,0.8208469055374592,0.0586319218241042,0.0,0.0,77.53,31.0,42.42,33.33,18.18,56.25,78.26,66.67,0.0577483202419702,0.1164966440350943,0.0586319218241042,0.996742671009772,0.0300281681433224,0.7035830618892508,3.1661237785016283,3.869706840390879,0.1753231561563518,16.592833876221498,LB/LCB,71,81,71,64,71,76,71,81,71,95,40,74,50,52,52,67,40,64,67,90,74,33,60,93,52,52,48,24,86,19,57,48,95,71,76,81,38,69,67,69,69,62,76,67,67,71,67,52,62,62,67,71,52,86,29,52,24,33,29,24,40,43,48,95,52,19,38,90,52,52,48,24,86,19,57,48,95,71,52,71,33,38,52,43,43,43,67,62,Veikkausliiga
HJK,303582z192rnbr2x28o2t7u38,4aoegh7yokqb5ix45ruvqjalm,J. Kallinen,Jere Kallinen,24.0,Midfielder,Finland,Midfielder,152.0,3.0,182.0,7.0,331.0,3.0,1.0,9.0,5.0,3.0,2.0,0.0,7.0,7.0,45.0,10.0,0.0,8.0,894.0,2.0,19.0,18.0,4.0,13.0,0.0,0.0,0.0,91.18,53.85,75.0,57.14,40.0,54.88,33.33,65.0,0.4058439240525506,0.7330109203714847,2.0,19.0,0.7024198799999999,7.0,23.0,25.0,0.7886044400000006,110.0,15.302013422818792,0.3020134228187919,18.32214765100672,0.7046979865771812,33.32214765100671,0.3020134228187919,0.1006711409395973,0.906040268456376,0.5033557046979865,0.3020134228187919,0.2013422818791946,0.0,0.7046979865771812,0.7046979865771812,4.530201342281879,1.006711409395973,0.0,0.8053691275167785,0.2013422818791946,1.912751677852349,1.812080536912752,0.4026845637583892,1.308724832214765,0.0,0.0,0.0,91.18,53.85,75.0,57.14,40.0,54.88,33.33,65.0,0.0408567708777735,0.0737930456749816,0.2013422818791946,1.912751677852349,0.070713410738255,0.7046979865771812,2.315436241610738,2.5167785234899327,0.0793897087248322,11.073825503355703,DM/CM,27,70,35,24,30,24,71,45,21,35,18,8,30,26,35,24,24,33,35,68,70,50,44,45,52,52,98,61,94,77,82,82,24,61,24,45,26,50,82,53,18,23,30,21,36,73,39,15,33,18,82,67,15,39,15,8,33,30,58,24,24,27,36,79,82,52,76,45,52,52,98,61,94,77,82,82,24,61,12,73,18,70,100,64,9,9,27,6,Veikkausliiga
HJK,303582z192rnbr2x28o2t7u38,5j2hy92q8f17nppznxrp8kxxx,A. Ring,Alexander Ring,35.0,Midfielder,Finland,Midfielder,248.0,3.0,345.0,33.0,590.0,9.0,1.0,12.0,31.0,14.0,17.0,15.0,8.0,8.0,49.0,17.0,2.0,15.0,1042.0,6.0,28.0,17.0,2.0,13.0,0.0,0.0,0.0,85.63,53.23,21.43,25.0,19.35,47.57,39.13,61.9,2.369962041224208,0.9115764777158484,13.0,24.0,0.59148586,4.0,67.0,59.0,2.07477357,291.0,21.420345489443378,0.2591170825335893,29.798464491362765,2.850287907869482,50.95969289827256,0.7773512476007678,0.0863723608445297,1.0364683301343571,2.677543186180422,1.2092130518234163,1.468330134357006,1.2955854126679462,0.690978886756238,0.690978886756238,4.232245681381958,1.468330134357006,0.1727447216890595,1.2955854126679462,0.5182341650671786,2.418426103646833,1.468330134357006,0.1727447216890595,1.1228406909788868,0.0,0.0,0.0,85.63,53.23,21.43,25.0,19.35,47.57,39.13,61.9,0.2046992166124556,0.0787350124706586,1.1228406909788868,2.0729366602687143,0.051088030134357,0.345489443378119,5.786948176583493,5.095969289827256,0.1792030914587332,25.13435700575816,DM/CM,58,70,80,64,73,62,71,62,100,97,97,100,39,35,41,55,94,65,89,91,64,24,44,45,52,52,52,58,52,14,30,27,39,55,97,64,95,74,76,27,70,61,82,67,58,67,85,76,79,64,73,76,97,97,100,100,27,24,48,55,91,70,91,85,67,15,45,45,52,52,52,58,52,14,30,27,39,55,97,76,100,79,79,27,85,73,88,79,Veikkausliiga
HJK,303582z192rnbr2x28o2t7u38,6w5dcnb562uioxwkwui8u1mhg,M. Kirilov,Martin Kirilov,19.0,Midfielder,Finland,Midfielder,49.0,0.0,127.0,7.0,176.0,17.0,3.0,9.0,11.0,9.0,2.0,2.0,11.0,11.0,52.0,7.0,1.0,2.0,595.0,3.0,35.0,26.0,2.0,4.0,0.0,0.0,0.0,77.88,46.67,0.0,18.18,27.27,52.0,60.71,44.44,1.0456879846770637,1.0214778351421174,4.0,20.0,0.56798527,4.0,11.0,26.0,1.5364023999999998,70.0,7.411764705882353,0.0,19.210084033613448,1.0588235294117647,26.6218487394958,2.571428571428572,0.453781512605042,1.361344537815126,1.6638655462184877,1.361344537815126,0.3025210084033614,0.3025210084033614,1.6638655462184877,1.6638655462184877,7.865546218487395,1.0588235294117647,0.1512605042016807,0.3025210084033614,0.453781512605042,5.294117647058824,3.9327731092436977,0.3025210084033614,0.6050420168067228,0.0,0.0,0.0,77.88,46.67,0.0,18.18,27.27,52.0,60.71,44.44,0.158171291799892,0.1545092523744379,0.6050420168067228,3.025210084033614,0.0859137383193277,0.6050420168067228,1.6638655462184877,3.9327731092436977,0.2323970016806722,10.588235294117649,CM/AM,33,13,37,37,33,97,90,44,59,67,32,28,50,46,77,49,53,27,47,77,87,27,29,51,47,50,28,33,13,15,31,64,87,18,56,56,69,62,64,31,28,40,72,31,26,13,51,33,41,100,100,49,67,79,28,31,59,59,92,69,64,26,54,95,95,26,28,51,47,50,28,33,13,15,31,64,87,18,74,69,69,79,74,31,15,49,87,23,Veikkausliiga
HJK,303582z192rnbr2x28o2t7u38,6zp2un1mqgnx97pvme3lbovtg,M. Bogićević,Mihailo Bogicevic,28.0,Defender,Serbia,Defender,381.0,0.0,213.0,20.0,594.0,25.0,0.0,1.0,4.0,4.0,0.0,1.0,0.0,0.0,33.0,54.0,1.0,10.0,773.0,1.0,5.0,6.0,0.0,1.0,1.0,0.0,0.0,90.96,43.48,0.0,0.0,25.0,62.26,71.43,33.33,0.5505341966331978,0.0595757928050377,0.0,6.0,0.12715012,1.0,49.0,57.0,1.0787547300000009,460.0,44.35963777490298,0.0,24.79948253557568,2.3285899094437257,69.15912031047866,2.9107373868046573,0.0,0.1164294954721863,0.4657179818887452,0.4657179818887452,0.0,0.1164294954721863,0.0,0.0,3.842173350582148,6.28719275549806,0.1164294954721863,1.1642949547218628,0.1164294954721863,0.5821474773609314,0.6985769728331177,0.0,0.1164294954721863,0.1164294954721863,0.0,0.0,90.96,43.48,0.0,0.0,25.0,62.26,71.43,33.33,0.0640984187541886,0.006936379498646,0.0,0.6985769728331177,0.0148040243208279,0.1164294954721863,5.705045278137129,6.636481241914619,0.1255988689521346,53.557567917205695,CB,69,31,57,43,65,67,38,32,40,47,24,41,10,10,35,63,82,51,40,23,49,15,7,93,50,51,86,51,31,15,55,78,88,4,51,31,26,39,39,36,67,68,41,78,84,31,92,41,94,88,38,33,47,51,24,51,10,10,37,78,90,71,49,24,55,15,4,96,50,51,86,51,31,15,55,78,88,4,53,33,26,43,41,35,88,92,80,98,Veikkausliiga
HJK,303582z192rnbr2x28o2t7u38,6zw6j1zpm7vs8zkx5z6enqpgq,M. Borchers,Mads Borchers,24.0,Attacker,Denmark,Striker,55.0,5.0,131.0,3.0,181.0,30.0,2.0,12.0,39.0,33.0,6.0,4.0,14.0,14.0,74.0,24.0,8.0,3.0,1128.0,18.0,71.0,20.0,8.0,9.0,0.0,0.0,0.0,66.3,17.65,27.78,57.14,46.15,51.03,44.78,56.25,4.135957781277373,1.236180399308794,8.0,12.0,0.4802046200000001,7.0,7.0,23.0,1.5115924300000003,79.0,4.388297872340425,0.3989361702127659,10.452127659574469,0.2393617021276596,14.441489361702128,2.393617021276596,0.1595744680851064,0.9574468085106383,3.1117021276595747,2.632978723404255,0.4787234042553192,0.3191489361702128,1.1170212765957448,1.1170212765957448,5.904255319148937,1.9148936170212767,0.6382978723404256,0.2393617021276596,1.4361702127659577,5.664893617021277,1.5957446808510638,0.6382978723404256,0.7180851063829787,0.0,0.0,0.0,66.3,17.65,27.78,57.14,46.15,51.03,44.78,56.25,0.3299966314848968,0.0986314148384676,0.6382978723404256,0.9574468085106383,0.0383141984042553,0.5585106382978724,0.5585106382978724,1.8351063829787235,0.1206057789893617,6.303191489361702,ST,70,85,80,54,79,89,80,67,83,85,66,52,61,57,93,96,88,66,87,80,87,77,86,51,50,51,24,11,85,90,75,89,63,30,83,78,73,57,72,76,59,83,91,83,50,74,59,22,52,67,76,43,72,78,46,24,28,24,76,96,91,54,76,70,72,57,61,51,50,51,24,11,85,90,75,89,63,30,72,67,54,37,52,54,22,78,87,74,Veikkausliiga
HJK,303582z192rnbr2x28o2t7u38,7hxyx431t8h01hahqtqqx8zxl,T. Cissokho,Till Cissokho,26.0,Defender,France,Defender,362.0,0.0,212.0,27.0,574.0,25.0,0.0,1.0,3.0,3.0,0.0,1.0,7.0,7.0,37.0,62.0,0.0,6.0,806.0,0.0,8.0,2.0,2.0,5.0,0.0,0.0,0.0,89.27,43.55,0.0,28.57,0.0,61.67,73.53,62.5,0.3967656187942233,0.1557446248914717,0.0,12.0,0.24839823,3.0,42.0,49.0,1.1054805699999997,403.0,40.42183622828784,0.0,23.672456575682386,3.0148883374689825,64.09429280397022,2.791563275434243,0.0,0.1116625310173697,0.3349875930521092,0.3349875930521092,0.0,0.1116625310173697,0.781637717121588,0.781637717121588,4.13151364764268,6.923076923076923,0.0,0.6699751861042184,0.0,0.8933002481389578,0.2233250620347394,0.2233250620347394,0.5583126550868486,0.0,0.0,0.0,89.27,43.55,0.0,28.57,0.0,61.67,73.53,62.5,0.0443038532152358,0.0173908390077325,0.0,1.3399503722084367,0.0277367750620347,0.3349875930521092,4.689826302729529,5.471464019851116,0.1234407584367245,45.0,CB,65,31,55,58,61,67,38,32,31,37,24,41,68,68,45,69,35,33,15,42,16,56,29,43,50,51,71,53,31,33,15,76,95,49,35,51,26,60,61,49,57,60,49,73,76,31,84,63,86,78,38,31,37,39,24,49,76,73,47,90,35,20,15,41,10,59,27,43,50,51,71,53,31,33,15,76,95,49,41,53,26,65,63,55,76,76,78,94,Veikkausliiga
HJK,303582z192rnbr2x28o2t7u38,7jv2mo9fes84761ebn6437axg,D. Ezeh,David Ezeh,20.0,Attacker,Finland,Striker,15.0,3.0,51.0,2.0,63.0,2.0,2.0,9.0,8.0,8.0,0.0,3.0,15.0,18.0,28.0,4.0,1.0,1.0,393.0,3.0,32.0,6.0,9.0,6.0,0.0,0.0,0.0,72.41,40.0,50.0,60.0,37.5,43.75,33.33,54.55,0.7990135427668339,0.8974777232295409,1.0,17.0,0.5732066,3.0,10.0,12.0,1.01695583,29.0,3.435114503816794,0.6870229007633588,11.6793893129771,0.4580152671755725,14.427480916030536,0.4580152671755725,0.4580152671755725,2.0610687022900764,1.8320610687022905,1.8320610687022905,0.0,0.6870229007633588,3.435114503816794,4.122137404580153,6.412213740458016,0.9160305343511452,0.2290076335877862,0.2290076335877862,0.6870229007633588,7.328244274809161,1.3740458015267176,2.0610687022900764,1.3740458015267176,0.0,0.0,0.0,72.41,40.0,50.0,60.0,37.5,43.75,33.33,54.55,0.1829802006336261,0.2055292495945513,0.2290076335877862,3.893129770992367,0.1312686870229008,0.6870229007633588,2.290076335877863,2.748091603053436,0.232890648091603,6.641221374045802,RW,10,45,30,20,10,20,80,40,35,50,20,50,40,50,30,40,35,15,40,55,30,50,40,45,55,55,20,30,95,95,50,60,30,40,40,40,25,35,40,10,50,35,40,25,10,90,20,10,20,30,100,90,90,90,20,90,70,90,100,60,70,20,80,100,70,90,90,45,55,55,20,30,95,95,50,60,30,40,90,90,30,80,80,30,70,70,90,30,Veikkausliiga
HJK,303582z192rnbr2x28o2t7u38,7mn880d3dieg0qb49tlzx1mfp,L. Lingman,Lucas Lingman,28.0,Midfielder,Finland,Midfielder,466.0,21.0,582.0,60.0,1027.0,1.0,2.0,30.0,14.0,5.0,9.0,8.0,10.0,12.0,57.0,20.0,0.0,29.0,1535.0,2.0,25.0,19.0,4.0,20.0,0.0,0.0,0.0,87.18,55.56,26.25,40.0,14.29,59.38,20.0,60.61,0.991715299160808,3.0586807658591875,6.0,52.0,1.1456561599999997,21.0,103.0,130.0,3.25985336,505.0,27.32247557003257,1.2312703583061888,34.123778501628664,3.517915309446254,60.214983713355046,0.0586319218241042,0.1172638436482084,1.758957654723127,0.8208469055374592,0.2931596091205211,0.527687296416938,0.4690553745928338,0.5863192182410423,0.7035830618892508,3.342019543973941,1.1726384364820843,0.0,1.700325732899023,0.1172638436482084,1.4657980456026056,1.1140065146579805,0.2345276872964169,1.1726384364820843,0.0,0.0,0.0,87.18,55.56,26.25,40.0,14.29,59.38,20.0,60.61,0.0581461738921646,0.1793363315487471,0.3517915309446254,3.04885993485342,0.0671720224104234,1.2312703583061888,6.039087947882735,7.622149837133549,0.1911314673615635,29.609120521172635,DM/CM,91,100,100,94,100,12,92,100,61,56,70,82,47,55,55,61,24,91,35,82,76,50,74,45,52,52,67,73,61,29,24,94,11,45,61,100,71,100,100,97,97,100,100,94,85,97,97,91,97,9,91,97,45,33,58,79,21,27,18,33,24,85,21,61,55,30,52,45,52,52,67,73,61,29,24,94,11,45,36,94,45,100,97,94,94,97,94,91,Veikkausliiga
HJK,303582z192rnbr2x28o2t7u38,7pcn6i4j0hfmtfet2isnsieax,L. Lappalainen,Lassi Lappalainen,28.0,Attacker,Finland,Striker,22.0,1.0,45.0,2.0,66.0,2.0,0.0,2.0,6.0,6.0,0.0,2.0,5.0,5.0,12.0,3.0,3.0,1.0,290.0,3.0,16.0,3.0,3.0,3.0,0.0,0.0,0.0,75.0,50.0,11.11,60.0,50.0,42.86,50.0,75.0,0.6554532508301094,0.1848799871909431,0.0,12.0,0.35694822,4.0,2.0,7.0,0.40091075,26.0,6.827586206896552,0.3103448275862069,13.96551724137931,0.6206896551724138,20.48275862068965,0.6206896551724138,0.0,0.6206896551724138,1.862068965517241,1.862068965517241,0.0,0.6206896551724138,1.5517241379310345,1.5517241379310345,3.724137931034482,0.9310344827586208,0.9310344827586208,0.3103448275862069,0.9310344827586208,4.965517241379311,0.9310344827586208,0.9310344827586208,0.9310344827586208,0.0,0.0,0.0,75.0,50.0,11.11,60.0,50.0,42.86,50.0,75.0,0.2034165261196891,0.0573765477489133,0.0,3.724137931034482,0.1107770337931034,1.2413793103448276,0.6206896551724138,2.1724137931034484,0.1244205775862068,8.068965517241379,RW,30,10,20,20,30,20,30,10,15,20,20,30,20,20,20,30,90,15,40,20,20,20,30,45,55,55,35,80,10,95,95,50,80,70,20,10,10,20,20,30,10,10,10,10,70,20,40,60,50,50,30,10,100,100,20,60,20,20,20,70,100,30,100,70,40,30,60,45,55,55,35,80,10,95,95,50,80,70,100,10,10,70,60,80,20,30,30,40,Veikkausliiga
HJK,303582z192rnbr2x28o2t7u38,8jb026oewf17pg61vdstcgj4l,T. Pukki,Teemu Pukki,36.0,Attacker,Finland,Striker,50.0,1.0,85.0,6.0,134.0,6.0,5.0,17.0,44.0,38.0,6.0,16.0,21.0,24.0,26.0,2.0,5.0,2.0,1061.0,18.0,96.0,4.0,7.0,5.0,0.0,0.0,0.0,70.16,54.55,33.33,33.33,40.91,26.53,27.27,55.56,4.507706710036732,1.6931690470552538,9.0,14.0,0.5872194099999999,5.0,12.0,18.0,1.5111794200000004,59.0,4.241281809613572,0.0848256361922714,7.210179076343072,0.5089538171536286,11.366635249764371,0.5089538171536286,0.4241281809613572,1.4420358152686144,3.7323279924599433,3.2233741753063145,0.5089538171536286,1.357210179076343,1.7813383600377002,2.0358152686145146,2.205466540999057,0.1696512723845428,0.4241281809613572,0.1696512723845428,1.5268614514608858,8.143261074458058,0.3393025447690857,0.5937794533459001,0.4241281809613572,0.0,0.0,0.0,70.16,54.55,33.33,33.33,40.91,26.53,27.27,55.56,0.3823690894470366,0.1436241415975238,0.7634307257304429,1.1875589066918002,0.0498112600377002,0.4241281809613572,1.0179076343072573,1.5268614514608858,0.1281867557021677,5.004712535344015,ST,63,58,59,74,63,46,99,85,87,87,66,98,84,85,40,21,83,60,87,93,33,73,61,51,50,51,41,70,87,43,52,15,28,28,85,87,80,66,78,61,70,71,89,73,46,57,26,54,33,26,98,74,85,91,50,96,54,61,9,7,72,48,83,96,9,52,26,51,50,51,41,70,87,43,52,15,28,28,76,80,74,57,65,48,50,61,91,59,Veikkausliiga
HJK,303582z192rnbr2x28o2t7u38,9fpgvc2avj64hiii3wd6w74k,K. Simojoki,Kaius Simojoki,20.0,Defender,Finland,Defender,93.0,4.0,91.0,4.0,180.0,0.0,0.0,2.0,2.0,2.0,0.0,0.0,8.0,8.0,14.0,16.0,0.0,2.0,369.0,1.0,7.0,3.0,3.0,6.0,0.0,0.0,0.0,83.72,26.67,50.0,37.5,50.0,51.85,0.0,75.0,0.2423117484636945,0.2743238425064171,0.0,6.0,0.18786316,2.0,16.0,16.0,0.91703496,89.0,22.682926829268293,0.9756097560975612,22.195121951219512,0.9756097560975612,43.90243902439025,0.0,0.0,0.4878048780487805,0.4878048780487805,0.4878048780487805,0.0,0.0,1.951219512195122,1.951219512195122,3.414634146341464,3.902439024390244,0.0,0.4878048780487805,0.2439024390243902,1.707317073170732,0.7317073170731708,0.7317073170731708,1.4634146341463417,0.0,0.0,0.0,83.72,26.67,50.0,37.5,50.0,51.85,0.0,75.0,0.0591004264545596,0.0669082542698578,0.0,1.4634146341463417,0.0458202829268292,0.4878048780487805,3.902439024390244,3.902439024390244,0.2236670634146341,21.70731707317073,CB,18,85,31,10,18,2,38,49,22,26,24,14,71,71,12,20,35,9,40,37,26,65,34,43,50,51,41,4,92,39,90,24,2,79,20,71,26,39,51,45,27,24,37,18,31,98,78,10,45,2,38,84,49,53,24,14,94,94,18,29,35,14,71,73,59,86,92,43,50,51,41,4,92,39,90,24,2,79,49,92,26,71,86,67,59,51,98,37,Veikkausliiga
HJK,303582z192rnbr2x28o2t7u38,9jmh0pjjecyisiovvqfr1zoyc,A. Nallo,Amara Nallo,19.0,Defender,England,Defender,114.0,0.0,58.0,4.0,172.0,7.0,0.0,1.0,4.0,4.0,0.0,0.0,0.0,0.0,8.0,7.0,0.0,2.0,180.0,0.0,7.0,0.0,0.0,1.0,0.0,0.0,0.0,96.09,57.14,0.0,0.0,0.0,66.67,77.78,100.0,0.5239130917983462,0.0,0.0,5.0,0.09777271,0.0,10.0,13.0,0.2270018999999999,129.0,57.0,0.0,29.0,2.0,86.0,3.5,0.0,0.5,2.0,2.0,0.0,0.0,0.0,0.0,4.0,3.5,0.0,1.0,0.0,3.5,0.0,0.0,0.5,0.0,0.0,0.0,96.09,57.14,0.0,0.0,0.0,66.67,77.78,100.0,0.2619565458991731,0.0,0.0,2.5,0.048886355,0.0,5.0,6.5,0.1135009499999999,64.5,CB,24,31,18,10,16,20,38,32,40,47,24,14,10,10,6,5,35,9,15,37,3,15,7,43,50,51,98,98,31,15,15,91,98,97,49,12,26,34,33,14,18,18,10,29,100,31,96,34,100,92,38,86,96,99,24,14,10,10,43,24,35,46,15,98,3,15,23,43,50,51,98,98,31,15,15,91,98,97,98,12,26,94,88,14,79,90,63,100,Veikkausliiga
HJK,303582z192rnbr2x28o2t7u38,a0andlmoe41kqbc3i99xpgzro,E. Leveälahti,Emil Leveälahti,20.0,Defender,Finland,Defender,109.0,0.0,50.0,4.0,159.0,9.0,0.0,0.0,1.0,1.0,0.0,1.0,2.0,2.0,15.0,20.0,0.0,6.0,290.0,0.0,2.0,3.0,1.0,2.0,0.0,0.0,0.0,92.44,44.44,0.0,50.0,0.0,57.69,64.29,100.0,0.1162907658639982,0.0,0.0,1.0,0.01935132,0.0,7.0,13.0,0.26233103,109.0,33.82758620689655,0.0,15.517241379310343,1.2413793103448276,49.3448275862069,2.793103448275862,0.0,0.0,0.3103448275862069,0.3103448275862069,0.0,0.3103448275862069,0.6206896551724138,0.6206896551724138,4.655172413793103,6.206896551724138,0.0,1.862068965517241,0.0,0.6206896551724138,0.9310344827586208,0.3103448275862069,0.6206896551724138,0.0,0.0,0.0,92.44,44.44,0.0,50.0,0.0,57.69,64.29,100.0,0.0360902376819304,0.0,0.0,0.3103448275862069,0.0060055820689655,0.0,2.1724137931034484,4.0344827586206895,0.081413078275862,33.82758620689655,CB,22,31,14,10,14,24,38,11,12,13,24,41,43,42,14,22,35,33,15,8,26,40,14,43,50,51,92,59,31,61,15,50,67,97,10,12,26,13,13,14,9,18,14,22,57,31,43,16,57,80,38,11,33,37,24,80,65,65,63,73,35,94,15,29,76,65,37,43,50,51,92,59,31,61,15,50,67,97,35,12,26,22,20,14,27,55,29,67,Veikkausliiga
HJK,303582z192rnbr2x28o2t7u38,a3jetivxcnpp4z36nhboz5ysq,S. Haarala,Santeri Haarala,26.0,Attacker,Finland,Striker,46.0,0.0,81.0,7.0,127.0,0.0,0.0,6.0,12.0,11.0,1.0,3.0,6.0,7.0,7.0,3.0,3.0,1.0,467.0,7.0,29.0,2.0,1.0,4.0,0.0,0.0,0.0,81.41,77.78,0.0,16.67,58.33,26.92,0.0,100.0,1.7288207233468569,0.4521431710676924,0.0,9.0,0.34771301,3.0,10.0,10.0,0.3909767999999999,39.0,8.86509635974304,0.0,15.610278372591006,1.3490364025695931,24.475374732334046,0.0,0.0,1.1563169164882223,2.312633832976445,2.119914346895075,0.1927194860813704,0.5781584582441113,1.1563169164882223,1.3490364025695931,1.3490364025695931,0.5781584582441113,0.5781584582441113,0.1927194860813704,1.3490364025695931,5.588865096359743,0.3854389721627408,0.1927194860813704,0.7708779443254817,0.0,0.0,0.0,81.41,77.78,0.0,16.67,58.33,26.92,0.0,100.0,0.3331774413302293,0.0871367995633668,0.0,1.734475374732334,0.0670110725910064,0.5781584582441113,1.9271948608137044,1.9271948608137044,0.0753488479657387,7.516059957173447,ST,61,25,54,78,57,3,20,43,37,46,17,39,34,38,9,33,67,46,52,46,16,23,48,51,50,51,91,96,25,22,93,17,3,92,50,46,8,41,52,42,67,60,48,59,96,25,91,98,96,3,20,59,43,59,9,57,33,35,4,35,85,50,70,67,11,22,65,51,50,51,91,96,25,22,93,17,3,92,74,57,8,74,76,57,93,85,63,87,Veikkausliiga
HJK,303582z192rnbr2x28o2t7u38,bas4d4drvf8kefls9tszu0oic,P. Mentu,Pyry Mentu,19.0,Midfielder,Finland,Midfielder,222.0,15.0,383.0,30.0,590.0,7.0,2.0,22.0,8.0,4.0,4.0,4.0,17.0,17.0,55.0,7.0,0.0,2.0,972.0,3.0,21.0,22.0,8.0,9.0,0.0,0.0,0.0,88.19,56.6,39.47,47.06,37.5,59.78,63.64,50.0,0.6768959734904645,1.9767964547931047,3.0,53.0,1.5426472599999992,18.0,67.0,94.0,2.47885307,276.0,20.55555555555556,1.3888888888888888,35.46296296296296,2.7777777777777777,54.629629629629626,0.6481481481481481,0.1851851851851851,2.0370370370370368,0.7407407407407407,0.3703703703703703,0.3703703703703703,0.3703703703703703,1.574074074074074,1.574074074074074,5.092592592592593,0.6481481481481481,0.0,0.1851851851851851,0.2777777777777777,1.9444444444444444,2.0370370370370368,0.7407407407407407,0.8333333333333333,0.0,0.0,0.0,88.19,56.6,39.47,47.06,37.5,59.78,63.64,50.0,0.0626755531009689,0.1830367087771393,0.2777777777777777,4.907407407407407,0.1428377092592591,1.6666666666666663,6.203703703703703,8.703703703703702,0.2295234324074073,25.55555555555556,CM/AM,87,85,90,85,90,71,77,82,40,35,60,62,77,77,81,49,17,27,47,54,82,78,55,51,47,50,82,62,82,67,67,97,94,31,33,79,56,92,95,87,92,95,79,90,92,87,95,95,95,54,72,85,10,21,36,44,56,56,69,26,17,15,18,33,79,62,46,51,47,50,82,62,82,67,67,97,94,31,18,77,41,97,97,90,90,92,85,90,Veikkausliiga
HJK,303582z192rnbr2x28o2t7u38,bl6vj48jfq2s09w7sezntwgt0,L. Möller,Liam Möller,21.0,Midfielder,Finland,Midfielder,102.0,2.0,237.0,13.0,337.0,1.0,2.0,19.0,24.0,12.0,12.0,7.0,26.0,28.0,45.0,5.0,2.0,13.0,1069.0,6.0,54.0,14.0,12.0,11.0,0.0,0.0,0.0,80.05,46.43,33.33,46.15,25.0,40.54,10.0,61.11,2.1850480247493738,1.8049350165157128,13.0,62.0,2.3577832,15.0,18.0,34.0,1.1146925399999998,118.0,8.587464920486436,0.1683816651075771,19.953227315247894,1.0944808231992516,28.37231057062675,0.0841908325537885,0.1683816651075771,1.5996258185219832,2.020579981290926,1.010289990645463,1.010289990645463,0.5893358278765201,2.188961646398503,2.35734331150608,3.7885874649204863,0.4209541627689429,0.1683816651075771,1.0944808231992516,0.5051449953227315,4.546304957904583,1.17867165575304,1.010289990645463,0.9260991580916744,0.0,0.0,0.0,80.05,46.43,33.33,46.15,25.0,40.54,10.0,61.11,0.183961012373661,0.151958981745944,1.0944808231992516,5.219831618334892,0.1985037305893358,1.262862488306829,1.5154349859681946,2.862488306828812,0.0938468929840972,9.934518241347051,RM/RCM,67,33,83,83,83,33,83,100,100,75,100,67,83,83,67,42,75,100,83,100,67,83,83,58,58,58,67,83,50,100,67,33,17,50,100,83,100,100,100,83,67,67,67,67,50,17,100,33,67,33,67,83,100,100,100,83,67,67,67,17,67,67,67,100,67,83,50,58,58,58,67,83,50,100,67,33,17,50,100,83,100,100,100,83,17,50,67,67,Veikkausliiga
HJK,303582z192rnbr2x28o2t7u38,dha1vsr7zyz3flnuu92qtol5g,M. Guèye,Mouhamed Guèye,22.0,Midfielder,Senegal,Midfielder,69.0,1.0,50.0,6.0,118.0,6.0,0.0,1.0,8.0,5.0,3.0,3.0,2.0,2.0,16.0,2.0,1.0,6.0,219.0,3.0,6.0,4.0,1.0,3.0,0.0,0.0,0.0,87.41,54.55,100.0,50.0,37.5,53.33,66.67,60.0,0.8385475910118947,0.1408130556154066,2.0,2.0,0.03686598,0.0,6.0,6.0,0.1748951499999999,44.0,28.356164383561648,0.4109589041095891,20.54794520547945,2.4657534246575343,48.49315068493152,2.4657534246575343,0.0,0.4109589041095891,3.2876712328767126,2.054794520547945,1.2328767123287672,1.2328767123287672,0.8219178082191781,0.8219178082191781,6.575342465753425,0.8219178082191781,0.4109589041095891,2.4657534246575343,1.2328767123287672,2.4657534246575343,1.6438356164383563,0.4109589041095891,1.2328767123287672,0.0,0.0,0.0,87.41,54.55,100.0,50.0,37.5,53.33,66.67,60.0,0.3446085990459841,0.0578683790200301,0.8219178082191781,0.8219178082191781,0.015150402739726,0.0,2.4657534246575343,2.4657534246575343,0.0718747191780821,18.08219178082192,DM/CM,12,39,6,17,9,38,29,5,39,56,27,56,11,11,9,6,67,18,55,18,17,14,6,45,52,52,76,64,98,55,79,68,97,42,48,9,26,6,6,6,9,3,3,6,94,85,58,70,61,100,29,12,100,100,94,97,45,42,94,15,100,100,100,88,73,55,58,45,52,52,76,64,98,55,79,68,97,42,100,48,91,21,12,6,15,6,18,45,Veikkausliiga
HJK,303582z192rnbr2x28o2t7u38,eaa9sktij53071abummj4pkwk,A. Cicale,Alfie Cicale,24.0,Attacker,England,Striker,94.0,21.0,238.0,11.0,311.0,7.0,2.0,22.0,17.0,13.0,4.0,5.0,35.0,40.0,48.0,14.0,2.0,7.0,999.0,7.0,49.0,18.0,14.0,4.0,0.0,0.0,0.0,82.28,50.0,42.86,40.0,41.18,40.0,31.82,44.44,1.611330073452487,1.9176597340864687,7.0,66.0,2.056359849999999,22.0,20.0,41.0,2.320987759999998,105.0,8.468468468468469,1.891891891891892,21.44144144144144,0.990990990990991,28.01801801801802,0.6306306306306306,0.1801801801801802,1.981981981981982,1.5315315315315317,1.1711711711711712,0.3603603603603604,0.4504504504504504,3.1531531531531534,3.603603603603604,4.324324324324325,1.2612612612612613,0.1801801801801802,0.6306306306306306,0.6306306306306306,4.414414414414415,1.6216216216216215,1.2612612612612613,0.3603603603603604,0.0,0.0,0.0,82.28,50.0,42.86,40.0,41.18,40.0,31.82,44.44,0.145164871482206,0.1727621382059881,0.6306306306306306,5.9459459459459465,0.185257644144144,1.981981981981982,1.8018018018018016,3.6936936936936937,0.2090979963963962,9.45945945945946,LW,77,92,92,77,85,85,88,92,77,81,54,73,85,85,85,81,88,77,81,85,85,85,54,50,54,54,69,77,92,62,85,31,54,31,77,92,81,100,100,92,77,85,85,77,69,92,92,69,77,54,69,85,31,46,23,38,54,62,46,62,85,54,62,54,69,54,23,50,54,54,69,77,92,62,85,31,54,31,38,85,46,100,100,100,85,85,92,77,Veikkausliiga
Gnistan,3cbke8cbou2ms925872vk6dwx,2nn3lis9cmmx2b07f8odcitjo,A. Jouhi,Adam Jouhi,19.0,Midfielder,Finland,Midfielder,182.0,2.0,210.0,30.0,390.0,7.0,0.0,20.0,9.0,3.0,6.0,3.0,10.0,10.0,100.0,14.0,0.0,10.0,1228.0,3.0,23.0,43.0,7.0,30.0,0.0,0.0,0.0,85.9,58.82,22.22,70.0,33.33,60.98,36.84,69.77,0.6086743202302011,1.2793053704700628,5.0,19.0,0.5015173599999999,11.0,34.0,43.0,1.3580811699999993,190.0,13.338762214983714,0.1465798045602606,15.390879478827362,2.198697068403909,28.58306188925081,0.5130293159609121,0.0,1.4657980456026058,0.6596091205211727,0.2198697068403909,0.4397394136807818,0.2198697068403909,0.7328990228013029,0.7328990228013029,7.32899022801303,1.026058631921824,0.0,0.7328990228013029,0.2198697068403909,1.6856677524429968,3.151465798045603,0.5130293159609121,2.198697068403909,0.0,0.0,0.0,85.9,58.82,22.22,70.0,33.33,60.98,36.84,69.77,0.0446096814500961,0.0937601655881967,0.3664495114006514,1.3925081433224755,0.0367561583061889,0.8061889250814332,2.49185667752443,3.151465798045603,0.0995336362377849,13.925081433224756,DM/CM,42,56,42,59,39,50,29,95,47,35,58,56,47,45,94,39,24,44,55,76,100,67,100,45,52,52,55,85,55,97,70,100,33,73,33,88,59,50,61,74,45,42,48,39,9,48,15,52,6,39,29,88,33,24,45,52,36,33,100,27,24,18,45,70,100,67,94,45,52,52,55,85,55,97,70,100,33,73,21,85,52,45,55,73,21,24,45,18,Veikkausliiga
Gnistan,3cbke8cbou2ms925872vk6dwx,33brlh4khnmo4dqsggx4gxtzo,M. Bjurstrøm,Max Bjurstrøm,20.0,Defender,Norway,Defender,17.0,0.0,24.0,1.0,41.0,3.0,0.0,0.0,0.0,0.0,0.0,0.0,2.0,2.0,10.0,9.0,0.0,4.0,272.0,0.0,2.0,2.0,0.0,2.0,0.0,0.0,0.0,64.06,33.33,0.0,0.0,0.0,45.45,33.33,40.0,0.0,0.0,0.0,0.0,0.0,0.0,0.0,0.0,0.0,0.0,5.625,0.0,7.9411764705882355,0.3308823529411764,13.566176470588236,0.9926470588235294,0.0,0.0,0.0,0.0,0.0,0.0,0.6617647058823529,0.6617647058823529,3.308823529411765,2.9779411764705883,0.0,1.3235294117647058,0.0,0.6617647058823529,0.6617647058823529,0.0,0.6617647058823529,0.0,0.0,0.0,64.06,33.33,0.0,0.0,0.0,45.45,33.33,40.0,0.0,0.0,0.0,0.0,0.0,0.0,0.0,0.0,0.0,0.0,RB/RCB,10,5,5,5,5,24,26,5,7,10,12,24,17,17,14,19,38,33,14,7,19,10,10,48,52,52,5,36,5,10,14,19,14,5,7,5,12,5,5,10,5,5,5,5,5,5,5,5,5,62,26,5,7,10,12,24,48,48,10,62,38,86,14,19,38,10,10,48,52,52,5,36,5,10,14,19,14,5,7,5,12,5,5,10,5,5,5,5,Veikkausliiga
Gnistan,3cbke8cbou2ms925872vk6dwx,3m695xuxs4o8lnc6jeav9xw5w,Marcelo Costa,Marcelo Costa Amaral,24.0,Defender,Brazil,Defender,186.0,2.0,167.0,31.0,351.0,41.0,0.0,9.0,7.0,6.0,1.0,1.0,15.0,16.0,112.0,74.0,2.0,20.0,1338.0,3.0,21.0,10.0,11.0,30.0,2.0,0.0,0.0,73.12,36.05,16.67,73.33,42.86,68.71,73.21,60.0,1.0280156389664723,0.6768771309813688,2.0,13.0,0.34741689,8.0,49.0,58.0,1.3348559599999996,233.0,12.51121076233184,0.1345291479820627,11.233183856502242,2.085201793721973,23.60986547085201,2.7578475336322867,0.0,0.6053811659192825,0.4708520179372197,0.4035874439461883,0.0672645739910313,0.0672645739910313,1.0089686098654709,1.0762331838565022,7.533632286995515,4.977578475336323,0.1345291479820627,1.3452914798206277,0.2017937219730941,1.412556053811659,0.6726457399103138,0.7399103139013453,2.0179372197309418,0.1345291479820627,0.0,0.0,73.12,36.05,16.67,73.33,42.86,68.71,73.21,60.0,0.0691490340111976,0.0455298518597333,0.1345291479820627,0.874439461883408,0.023368849103139,0.5381165919282511,3.295964125560538,3.90134529147982,0.0897885174887892,15.672645739910314,LB/LCB,62,36,52,64,57,95,29,52,62,79,40,40,57,60,100,100,100,90,83,67,67,69,100,100,52,52,24,48,29,95,86,100,90,50,81,48,57,62,62,57,52,57,43,57,48,29,14,62,29,86,29,43,33,57,33,33,48,48,95,95,95,81,76,67,48,57,100,100,52,52,24,48,29,95,86,100,90,50,76,38,43,24,38,33,52,48,38,52,Veikkausliiga
Gnistan,3cbke8cbou2ms925872vk6dwx,3nrf0fvktniv392ytt09npp1w,A. Atarah,Artur Atarah,21.0,Attacker,Finland,Striker,13.0,0.0,48.0,2.0,61.0,16.0,1.0,8.0,17.0,12.0,5.0,5.0,12.0,12.0,31.0,7.0,0.0,0.0,344.0,6.0,30.0,6.0,6.0,3.0,0.0,0.0,0.0,68.54,66.67,0.0,50.0,35.29,45.59,55.17,100.0,1.519298867711553,0.5741588142038289,7.0,4.0,0.19143962,0.0,5.0,6.0,0.3525943099999999,29.0,3.4011627906976742,0.0,12.55813953488372,0.5232558139534883,15.959302325581394,4.186046511627906,0.2616279069767441,2.093023255813953,4.447674418604651,3.13953488372093,1.3081395348837208,1.3081395348837208,3.13953488372093,3.13953488372093,8.11046511627907,1.8313953488372088,0.0,0.0,1.569767441860465,7.848837209302325,1.569767441860465,1.569767441860465,0.7848837209302325,0.0,0.0,0.0,68.54,66.67,0.0,50.0,35.29,45.59,55.17,100.0,0.3974909828315109,0.150215968832397,1.8313953488372088,1.0465116279069766,0.0500859470930232,0.0,1.3081395348837208,1.569767441860465,0.0922485113372092,7.587209302325581,ST,26,25,38,39,36,68,54,50,49,50,58,65,51,50,49,72,14,17,46,48,45,63,35,51,50,51,35,86,25,80,30,70,91,92,39,50,64,30,35,10,45,41,43,41,22,25,72,57,65,93,83,93,96,87,96,93,91,89,96,93,14,17,85,93,70,98,67,51,50,51,35,86,25,80,30,70,91,92,80,85,100,43,67,10,78,63,74,89,Veikkausliiga
Gnistan,3cbke8cbou2ms925872vk6dwx,4y7niu1b8drpeccb84s2e9wwl,S. Eremenko,Sergey Eremenko,27.0,Midfielder,Finland,Midfielder,96.0,0.0,92.0,11.0,188.0,16.0,0.0,6.0,12.0,6.0,6.0,1.0,2.0,2.0,32.0,29.0,1.0,13.0,839.0,5.0,14.0,4.0,2.0,9.0,0.0,0.0,0.0,71.21,30.56,0.0,100.0,41.67,45.07,57.14,90.0,1.4905497494765674,0.366636474539974,6.0,7.0,0.13771084,2.0,25.0,22.0,0.52178175,91.0,10.297973778307508,0.0,9.868891537544696,1.1799761620977354,20.166865315852203,1.7163289630512513,0.0,0.6436233611442193,1.2872467222884385,0.6436233611442193,0.6436233611442193,0.1072705601907032,0.2145411203814064,0.2145411203814064,3.4326579261025025,3.110846245530393,0.1072705601907032,1.3945172824791416,0.536352800953516,1.501787842669845,0.4290822407628128,0.2145411203814064,0.9654350417163288,0.0,0.0,0.0,71.21,30.56,0.0,100.0,41.67,45.07,57.14,90.0,0.1598921066184637,0.0393293000102475,0.6436233611442193,0.7508939213349225,0.0147723189511323,0.2145411203814064,2.6817640047675804,2.3599523241954707,0.0559718206197854,9.761620977353992,DM/CM,17,17,15,33,15,80,29,30,58,67,58,23,11,11,30,76,67,55,79,55,17,24,30,45,52,52,3,12,17,100,85,18,83,100,79,24,71,24,18,18,21,15,15,15,3,17,3,33,3,94,29,33,82,82,73,21,9,9,21,94,76,76,94,67,9,24,24,45,52,52,3,12,17,100,85,18,83,100,94,15,88,15,9,18,30,3,6,3,Veikkausliiga
Gnistan,3cbke8cbou2ms925872vk6dwx,54oea7q0kaa11f9m1r7gyw4ix,Ruxi,Roger Bonet Badía,31.0,Defender,Spain,Defender,18.0,0.0,30.0,4.0,48.0,6.0,0.0,0.0,3.0,3.0,0.0,1.0,0.0,0.0,9.0,8.0,0.0,1.0,176.0,0.0,4.0,1.0,0.0,1.0,0.0,0.0,0.0,78.69,40.0,0.0,0.0,0.0,64.29,85.71,50.0,0.2527929110415493,0.0,0.0,2.0,0.03805479,3.0,9.0,11.0,0.1610467,35.0,9.204545454545457,0.0,15.340909090909092,2.0454545454545454,24.545454545454547,3.0681818181818183,0.0,0.0,1.5340909090909092,1.5340909090909092,0.0,0.5113636363636364,0.0,0.0,4.602272727272728,4.090909090909091,0.0,0.5113636363636364,0.0,2.0454545454545454,0.5113636363636364,0.0,0.5113636363636364,0.0,0.0,0.0,78.69,40.0,0.0,0.0,0.0,64.29,85.71,50.0,0.1292691022371558,0.0,0.0,1.0227272727272727,0.0194598357954545,1.5340909090909092,4.602272727272728,5.625,0.0823534261363636,17.897727272727273,LB/LCB,19,14,24,21,19,50,29,10,38,45,14,40,10,10,19,24,40,10,21,36,19,10,19,45,52,52,52,60,14,10,21,76,100,29,38,10,17,21,24,26,26,24,24,24,24,14,48,57,43,95,29,10,100,100,14,90,10,10,48,71,40,14,21,81,38,10,19,45,52,52,52,60,14,10,21,76,100,29,95,10,17,48,29,86,86,76,29,67,Veikkausliiga
Gnistan,3cbke8cbou2ms925872vk6dwx,5l991oj3vxvz34ntdzcw06pec,O. Hannula,Otto Hannula,20.0,Midfielder,Finland,Midfielder,105.0,8.0,160.0,38.0,257.0,4.0,0.0,12.0,22.0,12.0,10.0,9.0,17.0,18.0,52.0,31.0,0.0,11.0,1465.0,5.0,35.0,25.0,4.0,14.0,0.0,0.0,0.0,69.27,45.24,22.22,23.53,22.73,41.94,23.53,73.68,1.7119676952882974,1.0769893915123103,9.0,14.0,0.41811932,5.0,29.0,48.0,1.1949184700000002,126.0,6.450511945392491,0.4914675767918088,9.829351535836176,2.334470989761092,15.78839590443686,0.2457337883959044,0.0,0.7372013651877133,1.3515358361774743,0.7372013651877133,0.614334470989761,0.552901023890785,1.044368600682594,1.10580204778157,3.1945392491467577,1.9044368600682595,0.0,0.6757679180887372,0.3071672354948805,2.150170648464164,1.5358361774744027,0.2457337883959044,0.8600682593856654,0.0,0.0,0.0,69.27,45.24,22.22,23.53,22.73,41.94,23.53,73.68,0.1051720768436496,0.0661631708096299,0.552901023890785,0.8600682593856654,0.0256865111262798,0.3071672354948805,1.781569965870307,2.948805460750853,0.0734079606143344,7.740614334470989,RM/RCM,100,83,67,100,67,67,33,67,67,75,75,83,67,67,100,100,33,83,67,83,92,67,100,58,58,58,17,67,33,50,50,50,50,67,67,67,67,67,67,67,100,100,83,83,17,50,17,83,17,50,33,50,67,67,67,67,33,33,17,83,33,50,50,67,83,33,33,58,58,58,17,67,33,50,50,50,50,67,67,50,67,50,50,50,50,67,33,17,Veikkausliiga
Gnistan,3cbke8cbou2ms925872vk6dwx,6q0g98fnbdx5sg52lazo2sqac,R. Gnanou,Pakwo Gnanou,21.0,Defender,Burkina Faso,Defender,349.0,2.0,198.0,48.0,545.0,45.0,2.0,3.0,15.0,14.0,1.0,1.0,6.0,6.0,102.0,123.0,1.0,36.0,1834.0,5.0,28.0,14.0,2.0,27.0,0.0,0.0,0.0,76.98,36.36,25.0,33.33,33.33,61.45,56.25,65.85,2.025959279647507,0.1425214640345226,1.0,9.0,0.18548938,3.0,50.0,56.0,1.242247749999999,333.0,17.12649945474373,0.0981461286804798,9.716466739367505,2.355507088331516,26.744820065430755,2.208287895310796,0.0981461286804798,0.1472191930207197,0.7360959651035988,0.6870229007633588,0.0490730643402399,0.0490730643402399,0.2944383860414395,0.2944383860414395,5.005452562704472,6.035986913849509,0.0490730643402399,1.766630316248637,0.2453653217011995,1.3740458015267176,0.6870229007633588,0.0981461286804798,1.3249727371864777,0.0,0.0,0.0,76.98,36.36,25.0,33.33,33.33,61.45,56.25,65.85,0.0994200300808482,0.0069939649744313,0.0490730643402399,0.4416575790621592,0.0091025322791712,0.1472191930207197,2.453653217011996,2.748091603053436,0.0609609037622682,16.34133042529989,RB/RCB,90,29,76,95,81,100,86,33,100,100,40,62,40,40,98,100,86,100,95,95,71,36,95,48,52,52,33,55,74,38,50,81,76,67,100,10,43,38,33,31,90,81,67,95,52,14,10,86,33,100,67,10,76,95,24,48,14,14,71,95,76,100,62,57,43,19,62,48,52,52,33,55,74,38,50,81,76,67,90,10,24,14,14,19,57,43,14,57,Veikkausliiga
Gnistan,3cbke8cbou2ms925872vk6dwx,9ykuo0c905u48vd44wxgb6jth,A. Obileye,Ayo Obileye,31.0,Defender,England,Defender,481.0,1.0,144.0,57.0,624.0,46.0,0.0,4.0,13.0,12.0,1.0,2.0,5.0,5.0,61.0,123.0,2.0,22.0,1710.0,2.0,36.0,3.0,2.0,9.0,0.0,0.0,0.0,84.1,48.72,100.0,40.0,15.38,58.1,67.65,81.82,1.668069711013491,0.3567284764560178,1.0,2.0,0.04320281,1.0,25.0,30.0,1.0842898899999998,383.0,25.31578947368421,0.0526315789473684,7.578947368421052,3.0,32.8421052631579,2.421052631578948,0.0,0.2105263157894736,0.6842105263157895,0.631578947368421,0.0526315789473684,0.1052631578947368,0.2631578947368421,0.2631578947368421,3.210526315789474,6.473684210526316,0.1052631578947368,1.1578947368421053,0.1052631578947368,1.894736842105263,0.1578947368421052,0.1052631578947368,0.4736842105263157,0.0,0.0,0.0,84.1,48.72,100.0,40.0,15.38,58.1,67.65,81.82,0.0877931426849205,0.0187751829713693,0.0526315789473684,0.1052631578947368,0.0022738321052631,0.0526315789473684,1.3157894736842106,1.5789473684210529,0.0570678889473684,20.157894736842103,CB,76,65,43,84,69,94,38,74,84,90,60,66,59,59,76,100,97,91,64,94,26,56,60,43,50,51,47,76,99,44,40,55,82,88,92,76,58,20,22,36,42,42,43,67,35,63,12,60,20,63,38,51,53,59,53,41,51,49,16,84,88,69,43,78,8,45,18,43,50,51,47,76,99,44,40,55,82,88,65,59,53,14,14,29,12,12,14,29,Veikkausliiga
Gnistan,3cbke8cbou2ms925872vk6dwx,b0wmozayt7xbjz6ihhdiczq0a,J. Latonen,Joakim Latonen,28.0,Attacker,Finland,Striker,71.0,23.0,168.0,11.0,216.0,11.0,5.0,32.0,22.0,9.0,13.0,1.0,14.0,16.0,55.0,12.0,5.0,11.0,1179.0,11.0,45.0,16.0,6.0,14.0,0.0,1.0,0.0,72.97,50.0,38.33,42.86,50.0,42.97,36.67,63.64,1.6388900434173317,3.4670873375160225,10.0,16.0,0.46927595,9.0,24.0,28.0,2.2115551700000005,96.0,5.419847328244275,1.7557251908396947,12.82442748091603,0.8396946564885497,16.48854961832061,0.8396946564885497,0.3816793893129771,2.442748091603053,1.6793893129770994,0.6870229007633588,0.9923664122137404,0.0763358778625954,1.068702290076336,1.2213740458015268,4.198473282442748,0.916030534351145,0.3816793893129771,0.8396946564885497,0.8396946564885497,3.435114503816794,1.2213740458015268,0.4580152671755725,1.068702290076336,0.0,0.0763358778625954,0.0,72.97,50.0,38.33,42.86,50.0,42.97,36.67,63.64,0.1251061101845291,0.2646631555355742,0.7633587786259542,1.2213740458015268,0.0358225916030534,0.6870229007633588,1.83206106870229,2.137404580152672,0.1688210053435115,7.32824427480916,ST,85,100,90,91,85,59,99,100,60,39,93,16,61,64,80,85,83,98,67,61,80,63,98,51,100,51,54,57,93,64,84,61,43,46,46,98,86,77,70,86,91,87,96,87,70,98,74,87,70,39,96,100,24,13,83,11,26,30,50,67,65,98,39,26,59,41,76,51,100,51,54,57,93,64,84,61,43,46,22,100,72,59,39,70,91,89,93,83,Veikkausliiga
Gnistan,3cbke8cbou2ms925872vk6dwx,b7x9fczqecsf267ewzcvccmhh,R. Eremenko,Roman Eremenko,39.0,Midfielder,Finland,Midfielder,147.0,26.0,293.0,51.0,414.0,6.0,4.0,44.0,27.0,13.0,14.0,9.0,3.0,3.0,31.0,10.0,1.0,6.0,1143.0,10.0,26.0,11.0,0.0,10.0,0.0,0.0,0.0,80.39,56.67,34.21,0.0,37.04,41.33,42.86,71.43,1.6859876273632708,4.540304848304819,12.0,27.0,0.7186458399999999,13.0,62.0,81.0,4.275836130000001,204.0,11.5748031496063,2.047244094488189,23.070866141732285,4.015748031496063,32.59842519685039,0.4724409448818898,0.3149606299212598,3.4645669291338583,2.125984251968504,1.0236220472440944,1.1023622047244095,0.7086614173228347,0.2362204724409449,0.2362204724409449,2.440944881889764,0.7874015748031497,0.0787401574803149,0.4724409448818898,0.7874015748031497,2.047244094488189,0.8661417322834646,0.0,0.7874015748031497,0.0,0.0,0.0,80.39,56.67,34.21,0.0,37.04,41.33,42.86,71.43,0.1327549312884465,0.357504318764159,0.9448818897637796,2.125984251968504,0.0565862866141732,1.0236220472440944,4.881889763779528,6.377952755905512,0.3366800102362206,16.062992125984252,CM/AM,73,100,79,100,77,62,95,100,87,85,86,88,8,8,44,67,53,62,87,63,53,5,63,51,47,50,44,64,79,5,64,23,46,86,74,100,87,72,72,68,87,85,100,77,49,95,72,100,59,44,85,100,87,67,87,85,3,3,10,36,35,46,85,38,31,5,42,51,47,50,44,64,79,5,64,23,46,86,59,100,90,51,49,54,82,82,100,67,Veikkausliiga
Gnistan,3cbke8cbou2ms925872vk6dwx,bdgqvvkpadpthmlm40wa6dcyx,B. Milovanov,Bohdan Milovanov,28.0,Defender,Ukraine,Defender,15.0,1.0,30.0,6.0,44.0,2.0,1.0,3.0,2.0,1.0,1.0,0.0,4.0,4.0,9.0,7.0,1.0,1.0,180.0,1.0,5.0,1.0,1.0,4.0,0.0,0.0,0.0,75.86,46.15,16.67,25.0,50.0,42.86,50.0,80.0,0.2119216004410911,0.3109139241493402,1.0,2.0,0.03620728,0.0,4.0,9.0,0.36236318,23.0,7.5,0.5,15.0,3.0,22.0,1.0,0.5,1.5,1.0,0.5,0.5,0.0,2.0,2.0,4.5,3.5,0.5,0.5,0.5,2.5,0.5,0.5,2.0,0.0,0.0,0.0,75.86,46.15,16.67,25.0,50.0,42.86,50.0,80.0,0.1059608002205455,0.1554569620746701,0.5,1.0,0.01810364,0.0,2.0,4.5,0.18118159,11.5,RB/RCB,5,14,14,29,10,12,64,33,24,29,40,24,31,26,10,10,86,10,40,21,10,21,19,48,52,52,29,83,24,24,69,14,55,100,29,43,43,14,10,10,10,14,14,10,10,57,48,95,14,67,100,86,95,81,90,24,83,71,60,76,100,19,90,86,29,62,90,48,52,52,29,83,24,24,69,14,55,100,95,95,100,33,24,10,43,81,90,33,Veikkausliiga
Gnistan,3cbke8cbou2ms925872vk6dwx,bl43lr9kdb35de8gxvuk4xgk4,G. Europaeus,Gabriel Europaeus,21.0,Midfielder,Finland,Midfielder,286.0,7.0,306.0,47.0,585.0,21.0,1.0,16.0,17.0,6.0,11.0,4.0,12.0,13.0,88.0,42.0,2.0,27.0,1822.0,3.0,14.0,23.0,7.0,25.0,0.0,0.0,0.0,84.91,54.65,53.85,58.33,17.65,53.33,41.18,67.57,1.2933023912529191,1.1886852750600962,12.0,24.0,0.5369321300000001,14.0,75.0,84.0,2.00438954,304.0,14.127332601536772,0.3457738748627881,15.115257958287597,2.321624588364435,28.896816684961586,1.0373216245883643,0.0493962678375411,0.7903402854006587,0.8397365532381998,0.296377607025247,0.5433589462129528,0.1975850713501646,0.592755214050494,0.6421514818880352,4.346871569703622,2.074643249176729,0.0987925356750823,1.3336992316136114,0.1481888035126235,0.6915477497255763,1.1361141602634468,0.3457738748627881,1.234906695938529,0.0,0.0,0.0,84.91,54.65,53.85,58.33,17.65,53.33,41.18,67.57,0.0638843113132616,0.0587166162214098,0.592755214050494,1.185510428100988,0.0265224433040614,0.6915477497255763,3.7047200878155873,4.149286498353458,0.0990093625686059,15.016465422612514,DM/CM,73,91,67,82,67,91,71,80,74,67,80,71,58,62,85,94,94,86,55,55,88,67,91,45,52,52,48,67,85,82,27,68,42,64,73,82,91,74,67,86,76,85,76,70,18,79,12,61,12,76,58,52,48,36,61,39,24,21,52,82,70,73,24,27,61,36,61,45,52,52,48,67,85,82,27,68,42,64,45,52,79,36,33,58,48,55,42,30,Veikkausliiga
Gnistan,3cbke8cbou2ms925872vk6dwx,bpjmwp030jnapyjfii8nyqdhx,J. Ojala,Juhani Ojala,37.0,Defender,Finland,Defender,52.0,0.0,31.0,12.0,83.0,20.0,0.0,1.0,1.0,1.0,0.0,0.0,0.0,0.0,30.0,34.0,0.0,4.0,442.0,0.0,6.0,2.0,0.0,3.0,0.0,0.0,0.0,68.03,31.58,0.0,0.0,0.0,57.69,60.61,37.5,0.1204181159146489,0.145572968124222,0.0,0.0,0.0,0.0,7.0,10.0,0.14421675,44.0,10.588235294117649,0.0,6.312217194570136,2.443438914027149,16.900452488687783,4.072398190045249,0.0,0.2036199095022624,0.2036199095022624,0.2036199095022624,0.0,0.0,0.0,0.0,6.108597285067873,6.9230769230769225,0.0,0.8144796380090498,0.0,1.2217194570135743,0.4072398190045249,0.0,0.6108597285067873,0.0,0.0,0.0,68.03,31.58,0.0,0.0,0.0,57.69,60.61,37.5,0.0245195258649737,0.0296415545954298,0.0,0.0,0.0,0.0,1.425339366515837,2.0361990950226243,0.0293654015837104,8.959276018099548,CB,10,31,8,26,10,52,38,32,12,13,24,14,10,10,23,33,35,19,15,30,16,15,20,43,50,51,4,12,31,15,15,50,57,7,14,47,26,6,6,14,9,10,8,10,10,31,6,43,4,100,38,49,18,22,24,14,10,10,90,88,35,29,15,57,18,15,35,43,50,51,4,12,31,15,15,50,57,7,22,76,26,6,6,14,18,14,6,10,Veikkausliiga
Gnistan,3cbke8cbou2ms925872vk6dwx,d6muts0aeup4vfihqd9sr7310,B. Dahlström,Benjamin Dahlström,23.0,Defender,Finland,Defender,8.0,0.0,5.0,1.0,13.0,3.0,0.0,0.0,0.0,0.0,0.0,0.0,0.0,0.0,3.0,4.0,0.0,2.0,122.0,0.0,0.0,0.0,0.0,0.0,0.0,0.0,0.0,68.42,33.33,0.0,0.0,0.0,25.0,60.0,0.0,0.0,0.0,0.0,0.0,0.0,0.0,0.0,0.0,0.0,0.0,5.901639344262295,0.0,3.6885245901639343,0.7377049180327868,9.59016393442623,2.2131147540983607,0.0,0.0,0.0,0.0,0.0,0.0,0.0,0.0,2.2131147540983607,2.950819672131148,0.0,1.4754098360655736,0.0,0.0,0.0,0.0,0.0,0.0,0.0,0.0,68.42,33.33,0.0,0.0,0.0,25.0,60.0,0.0,0.0,0.0,0.0,0.0,0.0,0.0,0.0,0.0,0.0,0.0,LB/LCB,7,14,10,10,10,19,29,10,5,10,14,14,10,10,5,7,40,17,21,5,10,10,7,45,52,52,10,33,14,10,21,5,60,7,5,10,17,7,7,10,5,5,5,5,5,14,10,14,5,81,29,10,5,10,14,14,10,10,10,43,40,90,21,5,10,10,7,45,52,52,10,33,14,10,21,5,60,7,5,10,17,7,7,10,5,5,5,5,Veikkausliiga
Gnistan,3cbke8cbou2ms925872vk6dwx,dlpw0ifxzwotsw2ttopgispka,E. Arko-Mensah,Edmund Arko-Mensah,24.0,Defender,Ghana,Defender,138.0,12.0,222.0,42.0,348.0,12.0,3.0,14.0,17.0,8.0,9.0,5.0,35.0,39.0,96.0,35.0,0.0,20.0,1394.0,2.0,27.0,27.0,20.0,17.0,0.0,0.0,0.0,69.6,42.42,20.34,57.14,11.76,61.54,50.0,45.95,1.0605118404743163,1.532237705448647,13.0,17.0,0.5251613499999999,12.0,50.0,74.0,2.982680729999996,195.0,8.90961262553802,0.7747489239598279,14.332855093256814,2.711621233859397,22.467718794835008,0.7747489239598279,0.1936872309899569,0.9038737446197992,1.0975609756097562,0.5164992826398852,0.5810616929698709,0.3228120516499282,2.259684361549498,2.5179340028694406,6.197991391678623,2.259684361549498,0.0,1.291248206599713,0.1291248206599713,1.7431850789096126,1.7431850789096126,1.291248206599713,1.0975609756097562,0.0,0.0,0.0,69.6,42.42,20.34,57.14,11.76,61.54,50.0,45.95,0.0684692006045111,0.0989249594622512,0.8393113342898135,1.0975609756097562,0.0339056825681492,0.7747489239598279,3.2281205164992826,4.777618364418938,0.1925690571736008,12.589670014347202,LB/LCB,48,74,67,95,52,64,86,71,83,90,81,83,95,95,95,62,40,90,67,81,90,95,74,45,52,52,14,71,33,62,48,64,38,14,86,76,100,69,71,69,57,69,71,52,19,67,43,90,24,38,86,57,76,76,76,71,86,86,86,29,40,76,57,76,90,90,57,45,52,52,14,71,33,62,48,64,38,14,71,67,95,52,57,57,48,62,71,38,Veikkausliiga
Gnistan,3cbke8cbou2ms925872vk6dwx,dprt62xpys5habrdk1kg6sbu1,A. Akinyemi,Adeleke Akinyemi,28.0,Attacker,Nigeria,Striker,27.0,2.0,90.0,6.0,115.0,24.0,1.0,16.0,52.0,39.0,13.0,8.0,32.0,36.0,57.0,5.0,13.0,1.0,1480.0,22.0,87.0,16.0,14.0,2.0,0.0,0.0,0.0,58.67,42.86,25.0,43.75,42.31,38.26,38.1,66.67,6.671164020235952,0.9339983257963544,20.0,14.0,0.373552,6.0,13.0,8.0,0.53974357,44.0,1.641891891891892,0.1216216216216216,5.472972972972974,0.3648648648648649,6.993243243243244,1.4594594594594597,0.0608108108108108,0.972972972972973,3.1621621621621623,2.371621621621622,0.7905405405405406,0.4864864864864865,1.945945945945946,2.189189189189189,3.4662162162162167,0.304054054054054,0.7905405405405406,0.0608108108108108,1.337837837837838,5.290540540540541,0.972972972972973,0.8513513513513514,0.1216216216216216,0.0,0.0,0.0,58.67,42.86,25.0,43.75,42.31,38.26,38.1,66.67,0.4056788931224566,0.0567971954876161,1.2162162162162162,0.8513513513513514,0.022716,0.3648648648648649,0.7905405405405406,0.4864864864864865,0.0328222441216216,2.675675675675676,ST,48,70,61,74,50,85,54,82,92,90,93,82,93,95,83,55,100,46,95,91,80,96,23,51,50,51,11,37,77,68,59,43,50,54,98,65,100,66,57,70,74,52,61,62,4,61,13,41,11,54,43,50,78,67,74,43,61,65,35,15,96,37,67,63,41,70,7,51,50,51,11,37,77,68,59,43,50,54,83,37,91,26,20,43,39,7,26,13,Veikkausliiga
Gnistan,3cbke8cbou2ms925872vk6dwx,e35lm9dtyk20pgja81zbvb3d,D. Pérez,Danny Pérez,26.0,Attacker,Venezuela,Striker,26.0,1.0,64.0,3.0,89.0,40.0,1.0,8.0,27.0,22.0,5.0,5.0,16.0,16.0,85.0,5.0,3.0,5.0,601.0,10.0,52.0,16.0,7.0,12.0,0.0,0.0,0.0,71.2,50.0,6.25,43.75,37.04,45.95,45.45,54.55,3.895502352651517,0.5847706753240995,8.0,6.0,0.24881478,2.0,5.0,7.0,0.51103679,31.0,3.89351081530782,0.1497504159733777,9.584026622296172,0.4492512479201331,13.327787021630614,5.990016638935108,0.1497504159733777,1.1980033277870217,4.043261231281198,3.294509151414309,0.7487520798668885,0.7487520798668885,2.396006655574044,2.396006655574044,12.728785357737104,0.7487520798668885,0.4492512479201331,0.7487520798668885,1.497504159733777,7.78702163061564,2.396006655574044,1.048252911813644,1.7970049916805324,0.0,0.0,0.0,71.2,50.0,6.25,43.75,37.04,45.95,45.45,54.55,0.5833530977348361,0.0875696518788169,1.1980033277870217,0.8985024958402662,0.0372601168053244,0.2995008319467554,0.7487520798668885,1.048252911813644,0.0765279718801996,4.642262895174708,ST,45,58,46,54,43,99,54,50,71,72,58,65,66,64,96,55,67,87,62,68,80,73,92,51,50,51,48,57,50,68,35,76,68,24,80,52,73,37,43,34,45,46,59,47,39,63,46,50,48,98,64,63,87,93,67,74,74,72,100,50,74,96,78,91,98,85,96,51,50,51,48,57,50,68,35,76,68,24,98,59,87,30,48,33,30,35,67,50,Veikkausliiga
Gnistan,3cbke8cbou2ms925872vk6dwx,ersburboye1ic6pxc36ytm4et,S. Ylätupa,Saku Ylätupa,27.0,Attacker,Finland,Striker,94.0,17.0,168.0,14.0,245.0,2.0,2.0,18.0,15.0,12.0,3.0,4.0,13.0,15.0,32.0,13.0,2.0,4.0,1151.0,9.0,33.0,8.0,4.0,13.0,0.0,0.0,0.0,79.29,48.28,34.0,30.77,60.0,35.16,13.33,72.22,1.3774810150021386,1.9890157488376825,5.0,15.0,0.461982,12.0,18.0,33.0,0.84911333,95.0,7.3501303214596,1.3292788879235446,13.13640312771503,1.094700260642919,19.157254561251086,0.156385751520417,0.156385751520417,1.4074717636837533,1.1728931364031276,0.938314509122502,0.2345786272806255,0.312771503040834,1.0165073848827106,1.1728931364031276,2.5021720243266725,1.0165073848827106,0.156385751520417,0.312771503040834,0.7037358818418766,2.580364900086881,0.6255430060816681,0.312771503040834,1.0165073848827106,0.0,0.0,0.0,79.29,48.28,34.0,30.77,60.0,35.16,13.33,72.22,0.1077092018681081,0.155526861333963,0.3909643788010425,1.1728931364031276,0.0361237011294526,0.938314509122502,1.4074717636837533,2.580364900086881,0.0663946131190269,7.428323197219808,ST,96,95,90,98,93,20,80,87,45,50,39,52,55,60,53,87,54,77,57,51,52,50,96,51,50,51,87,43,89,37,96,33,9,65,37,91,51,73,67,93,89,89,70,85,93,91,80,93,78,7,70,72,15,22,11,20,24,26,15,70,37,65,28,11,28,33,74,51,50,51,87,43,89,37,96,33,9,65,20,87,22,54,41,83,83,93,57,85,Veikkausliiga
Mariehamn,3ptum5fjcgw51mqui0gu6uuf4,14qiwbaa44dy3quxn0by90wlw,A. Soiniemi,Aaro Soiniemi,21.0,Defender,Finland,Defender,98.0,4.0,111.0,7.0,205.0,5.0,0.0,5.0,5.0,4.0,1.0,4.0,21.0,22.0,51.0,33.0,0.0,9.0,884.0,0.0,12.0,8.0,11.0,17.0,0.0,0.0,0.0,75.93,25.0,22.22,52.38,0.0,50.0,29.41,62.96,0.3927207052973372,0.4946258460612222,2.0,10.0,0.26883625,6.0,9.0,17.0,0.5841587300000001,72.0,9.97737556561086,0.4072398190045249,11.300904977375565,0.7126696832579185,20.8710407239819,0.5090497737556561,0.0,0.5090497737556561,0.5090497737556561,0.4072398190045249,0.1018099547511312,0.4072398190045249,2.138009049773756,2.239819004524887,5.192307692307692,3.35972850678733,0.0,0.916289592760181,0.0,1.2217194570135743,0.8144796380090498,1.1199095022624437,1.7307692307692306,0.0,0.0,0.0,75.93,25.0,22.22,52.38,0.0,50.0,29.41,62.96,0.0399828772361542,0.050357835006233,0.2036199095022624,1.0180995475113122,0.0273702064479638,0.6108597285067873,0.916289592760181,1.7307692307692306,0.0594731738687782,7.330316742081448,LB/LCB,43,48,38,29,43,40,29,38,52,55,40,74,74,71,48,57,40,43,21,48,57,69,74,45,52,52,33,7,48,52,21,29,14,62,48,43,57,45,48,50,26,33,33,33,33,38,19,10,19,19,29,38,43,62,43,76,81,81,67,62,40,38,21,52,62,71,90,45,52,52,33,7,48,52,21,29,14,62,38,43,57,43,43,38,14,14,19,24,Veikkausliiga
Mariehamn,3ptum5fjcgw51mqui0gu6uuf4,1nysj6xb60fhhjhtle8pakbo4,A. Lundberg,Arvid Lundberg,20.0,Attacker,Finland,Striker,4.0,0.0,5.0,1.0,9.0,1.0,0.0,0.0,1.0,1.0,0.0,0.0,1.0,1.0,4.0,1.0,0.0,0.0,144.0,1.0,5.0,0.0,1.0,1.0,0.0,0.0,0.0,50.0,100.0,0.0,100.0,100.0,25.0,14.29,50.0,0.122597871852488,0.0,0.0,0.0,0.0,0.0,0.0,1.0,0.02185477,2.0,2.5,0.0,3.125,0.625,5.625,0.625,0.0,0.0,0.625,0.625,0.0,0.0,0.625,0.625,2.5,0.625,0.0,0.0,0.625,3.125,0.0,0.625,0.625,0.0,0.0,0.0,50.0,100.0,0.0,100.0,100.0,25.0,14.29,50.0,0.0766236699078049,0.0,0.0,0.0,0.0,0.0,0.0,0.625,0.0136592312499999,1.25,ST,4,25,2,20,2,10,20,3,2,5,3,5,3,3,3,9,14,17,14,4,4,23,11,51,50,51,7,99,25,99,100,7,11,17,4,3,8,3,3,10,3,7,4,2,13,25,4,73,4,35,20,3,2,11,3,5,11,11,13,39,14,17,22,20,4,54,52,51,50,51,7,99,25,99,100,7,11,17,9,3,8,3,3,10,3,12,4,2,Veikkausliiga
Mariehamn,3ptum5fjcgw51mqui0gu6uuf4,23ngtx061omtotnlvbzlgd3bo,T. Koivisto,Tuomas Koivisto,22.0,Defender,Finland,Defender,227.0,2.0,121.0,23.0,346.0,18.0,1.0,3.0,8.0,7.0,1.0,2.0,4.0,4.0,53.0,66.0,0.0,16.0,929.0,2.0,14.0,11.0,2.0,12.0,0.0,0.0,0.0,81.99,37.7,50.0,50.0,25.0,63.1,72.0,52.17,0.9626970522392176,0.2717454346825534,1.0,8.0,0.16690611,3.0,34.0,35.0,1.1294476199999997,226.0,21.99138858988159,0.193756727664155,11.722282023681377,2.2282023681377825,33.519913885898816,1.743810548977395,0.0968783638320775,0.2906350914962325,0.77502691065662,0.6781485468245425,0.0968783638320775,0.193756727664155,0.38751345532831,0.38751345532831,5.134553283100107,6.393972012917115,0.0,1.55005382131324,0.193756727664155,1.356297093649085,1.0656620021528525,0.193756727664155,1.16254036598493,0.0,0.0,0.0,81.99,37.7,50.0,50.0,25.0,63.1,72.0,52.17,0.0932645152868994,0.0263262530908824,0.0968783638320775,0.77502691065662,0.0161695908503767,0.2906350914962325,3.2938643702906347,3.3907427341227123,0.1094190374596339,21.894510226049515,CB,41,74,36,49,35,47,85,62,68,77,60,66,55,54,67,72,35,76,64,63,73,56,77,43,50,51,33,31,92,61,55,82,90,22,76,69,58,46,43,49,51,45,55,41,29,76,20,39,22,43,88,67,63,63,65,67,55,55,78,82,35,92,65,63,86,57,76,43,50,51,33,31,92,61,55,82,90,22,69,73,59,47,47,49,45,39,59,39,Veikkausliiga
Mariehamn,3ptum5fjcgw51mqui0gu6uuf4,36gi7l0qvkbru5w6v2nym00ve,E. Patut,Emmanuel Patut,23.0,Midfielder,Finland,Midfielder,314.0,1.0,330.0,45.0,643.0,7.0,1.0,11.0,11.0,7.0,4.0,1.0,48.0,51.0,89.0,33.0,1.0,13.0,1618.0,4.0,20.0,20.0,26.0,18.0,1.0,0.0,0.0,81.7,55.56,7.69,54.17,36.36,51.15,31.82,50.0,0.9504337603266828,0.7171734967193069,4.0,35.0,0.7769553499999999,15.0,80.0,59.0,1.4338484000000005,332.0,17.46600741656366,0.0556242274412855,18.355995055624227,2.503090234857849,35.7663782447466,0.3893695920889987,0.0556242274412855,0.6118665018541409,0.6118665018541409,0.3893695920889987,0.2224969097651421,0.0556242274412855,2.6699629171817056,2.8368355995055623,4.950556242274413,1.8355995055624228,0.0556242274412855,0.723114956736712,0.2224969097651421,1.112484548825711,1.112484548825711,1.446229913473424,1.0012360939431395,0.0556242274412855,0.0,0.0,81.7,55.56,7.69,54.17,36.36,51.15,31.82,50.0,0.0528671436522876,0.0398922216963767,0.2224969097651421,1.9468479604449933,0.0432175411001236,0.8343634116192831,4.449938195302843,3.2818294190358466,0.0797567095179234,18.4672435105068,DM/CM,76,39,73,79,79,50,71,55,55,77,38,23,100,100,88,85,67,55,67,73,82,100,65,94,52,52,21,73,33,70,76,55,18,24,58,42,44,88,88,92,79,61,55,76,42,36,45,73,45,33,61,24,21,55,18,15,97,97,73,73,55,15,48,48,52,100,33,91,52,52,21,73,33,70,76,55,18,24,27,18,21,73,70,85,67,39,33,48,Veikkausliiga
Mariehamn,3ptum5fjcgw51mqui0gu6uuf4,4b7bubqmagki7cvuqfuqgafpw,A. Stroud,Adam Stroud,21.0,Defender,Sweden,Defender,30.0,5.0,53.0,2.0,78.0,10.0,0.0,2.0,7.0,5.0,2.0,2.0,18.0,19.0,31.0,6.0,1.0,4.0,705.0,4.0,27.0,5.0,8.0,7.0,0.0,0.0,0.0,65.0,40.0,31.25,44.44,57.14,43.06,50.0,87.5,1.0769340834483077,0.232717069210853,3.0,11.0,0.27619833,6.0,3.0,5.0,0.46861586,33.0,3.8297872340425534,0.6382978723404256,6.765957446808511,0.2553191489361702,9.95744680851064,1.2765957446808511,0.0,0.2553191489361702,0.8936170212765958,0.6382978723404256,0.2553191489361702,0.2553191489361702,2.297872340425532,2.425531914893617,3.9574468085106393,0.7659574468085106,0.1276595744680851,0.5106382978723405,0.5106382978723405,3.446808510638298,0.6382978723404256,1.021276595744681,0.8936170212765958,0.0,0.0,0.0,65.0,40.0,31.25,44.44,57.14,43.06,50.0,87.5,0.1374809468231882,0.0297085620269174,0.3829787234042553,1.4042553191489362,0.0352593612765957,0.7659574468085106,0.3829787234042553,0.6382978723404256,0.0598233012765957,4.212765957446809,CB,4,90,16,4,8,27,38,49,62,59,76,66,94,94,29,2,82,19,89,88,40,87,41,43,50,51,2,38,81,52,96,6,22,90,80,67,81,57,67,73,6,6,24,6,2,94,8,4,2,20,38,61,71,61,80,76,96,96,39,4,96,16,92,96,49,94,59,43,50,51,2,38,81,52,96,6,22,90,90,78,82,69,73,84,6,6,18,6,Veikkausliiga
Mariehamn,3ptum5fjcgw51mqui0gu6uuf4,4zizd9804wk2k5v0l7ph0u0kq,A. Huttunen,Anttoni Huttunen,24.0,Midfielder,Finland,Midfielder,117.0,14.0,165.0,8.0,268.0,1.0,0.0,14.0,19.0,5.0,14.0,6.0,15.0,15.0,15.0,10.0,1.0,4.0,1035.0,5.0,19.0,5.0,4.0,2.0,0.0,0.0,0.0,73.63,25.0,19.72,26.67,26.32,31.25,12.5,40.0,1.2940729309696424,1.0854011170129774,7.0,13.0,0.30845382,8.0,22.0,30.0,1.0776647300000002,122.0,10.173913043478262,1.2173913043478262,14.347826086956522,0.6956521739130435,23.30434782608696,0.0869565217391304,0.0,1.2173913043478262,1.6521739130434785,0.4347826086956521,1.2173913043478262,0.5217391304347826,1.3043478260869563,1.3043478260869563,1.3043478260869563,0.8695652173913043,0.0869565217391304,0.3478260869565217,0.4347826086956521,1.6521739130434785,0.4347826086956521,0.3478260869565217,0.1739130434782608,0.0,0.0,0.0,73.63,25.0,19.72,26.67,26.32,31.25,12.5,40.0,0.1125280809538819,0.0943827058272154,0.6086956521739131,1.1304347826086956,0.0268220713043478,0.6956521739130435,1.9130434782608696,2.608695652173913,0.0937099765217391,10.608695652173912,CM/AM,64,79,56,46,56,9,23,68,74,45,86,83,73,72,18,67,53,50,65,47,28,54,14,51,47,50,13,5,46,26,28,5,8,12,67,62,83,40,31,58,44,51,54,51,41,79,23,21,28,8,23,33,64,31,92,64,44,41,5,44,44,33,49,26,15,33,10,51,47,50,13,5,46,26,28,5,8,12,41,33,72,15,13,36,21,26,28,26,Veikkausliiga
Mariehamn,3ptum5fjcgw51mqui0gu6uuf4,5kgu7z697mnyizf6pbaf5j5zo,L. Richtnér,Ludvig Richtnér,21.0,Midfielder,Sweden,Midfielder,54.0,4.0,58.0,4.0,108.0,6.0,0.0,6.0,2.0,1.0,1.0,0.0,5.0,5.0,21.0,5.0,2.0,2.0,315.0,2.0,6.0,2.0,1.0,7.0,0.0,0.0,0.0,80.0,44.44,44.44,20.0,100.0,51.22,75.0,58.33,0.1793846363228471,0.6404064944223486,1.0,7.0,0.2223816699999999,4.0,8.0,14.0,0.81008653,47.0,15.428571428571429,1.1428571428571428,16.571428571428573,1.1428571428571428,30.857142857142858,1.7142857142857142,0.0,1.7142857142857142,0.5714285714285714,0.2857142857142857,0.2857142857142857,0.0,1.4285714285714286,1.4285714285714286,6.0,1.4285714285714286,0.5714285714285714,0.5714285714285714,0.5714285714285714,1.7142857142857142,0.5714285714285714,0.2857142857142857,2.0,0.0,0.0,0.0,80.0,44.44,44.44,20.0,100.0,51.22,75.0,58.33,0.0512527532350991,0.182973284120671,0.2857142857142857,2.0,0.0635376199999999,1.1428571428571428,2.2857142857142856,4.0,0.2314532942857143,13.428571428571429,RM/RCM,33,67,33,25,33,83,33,50,42,33,42,25,33,33,33,42,75,25,50,33,33,33,58,58,58,58,50,50,83,33,100,83,100,33,50,50,42,50,50,50,25,33,50,33,83,100,50,50,83,83,33,100,33,33,33,25,50,50,83,67,100,33,100,33,33,50,83,58,58,58,50,50,83,33,100,83,100,33,33,100,33,67,67,67,67,83,100,83,Veikkausliiga
Mariehamn,3ptum5fjcgw51mqui0gu6uuf4,61mrkguqs2ixbvyqfqdydiyvo,A. Bergvik,Arvid Bergvik,17.0,Midfielder,Finland,Midfielder,12.0,0.0,50.0,3.0,62.0,1.0,1.0,6.0,8.0,6.0,2.0,3.0,13.0,14.0,20.0,3.0,0.0,1.0,260.0,2.0,15.0,1.0,7.0,6.0,0.0,0.0,0.0,77.5,60.0,0.0,53.85,25.0,50.0,50.0,54.55,0.77433808506188,0.5249997747792483,4.0,11.0,0.31127518,6.0,8.0,13.0,0.6909820400000001,33.0,4.153846153846154,0.0,17.307692307692307,1.0384615384615383,21.461538461538463,0.3461538461538461,0.3461538461538461,2.076923076923077,2.769230769230769,2.076923076923077,0.6923076923076923,1.0384615384615383,4.5,4.846153846153846,6.923076923076923,1.0384615384615383,0.0,0.3461538461538461,0.6923076923076923,5.1923076923076925,0.3461538461538461,2.423076923076923,2.076923076923077,0.0,0.0,0.0,77.5,60.0,0.0,53.85,25.0,50.0,50.0,54.55,0.2680401063675738,0.1817306912697398,1.3846153846153846,3.807692307692308,0.1077491007692307,2.076923076923077,2.769230769230769,4.5,0.2391860907692308,11.423076923076923,CM/AM,5,13,13,17,5,9,56,31,40,54,32,47,63,64,26,17,17,14,28,31,6,73,44,51,47,50,26,74,13,78,22,58,65,44,41,31,69,29,33,42,19,24,28,13,8,13,41,31,21,31,95,87,97,100,74,97,100,100,87,67,17,31,72,90,10,100,95,51,47,50,26,74,13,78,22,58,65,44,97,74,97,90,90,95,46,59,90,38,Veikkausliiga
Mariehamn,3ptum5fjcgw51mqui0gu6uuf4,6m754ilbjdtpjz3dpkutb7l78,S. Ngulube,Samson Ngulube,20.0,Defender,Zambia,Defender,141.0,7.0,165.0,19.0,299.0,4.0,0.0,5.0,10.0,4.0,6.0,2.0,21.0,24.0,58.0,31.0,0.0,17.0,1132.0,2.0,15.0,19.0,15.0,15.0,0.0,0.0,0.0,75.89,30.16,21.88,71.43,20.0,56.86,30.77,75.0,0.5908460518419745,0.3383921902939516,7.0,11.0,0.26942227,9.0,29.0,32.0,1.1893571900000004,138.0,11.21024734982332,0.5565371024734982,13.118374558303888,1.510600706713781,23.772084805653712,0.3180212014134275,0.0,0.3975265017667844,0.7950530035335689,0.3180212014134275,0.4770318021201413,0.1590106007067137,1.6696113074204948,1.9081272084805647,4.6113074204947,2.464664310954064,0.0,1.3515901060070672,0.1590106007067137,1.1925795053003534,1.510600706713781,1.1925795053003534,1.1925795053003534,0.0,0.0,0.0,75.89,30.16,21.88,71.43,20.0,56.86,30.77,75.0,0.0469753928142912,0.0269039727265509,0.5565371024734982,0.8745583038869258,0.0214204984982332,0.715547703180212,2.3056537102473498,2.5441696113074204,0.0945602006183746,10.97173144876325,LB/LCB,52,52,48,52,48,31,29,38,67,55,71,57,74,76,57,50,40,71,67,52,86,83,67,45,52,52,29,19,43,86,62,52,19,83,62,33,81,52,52,62,48,48,38,48,38,43,38,33,33,14,29,24,57,38,71,48,67,71,52,38,40,86,62,48,81,76,62,45,52,52,29,19,43,86,62,52,19,83,43,24,81,29,33,48,29,29,43,33,Veikkausliiga
Mariehamn,3ptum5fjcgw51mqui0gu6uuf4,7089po2kvwvx2r6bh3ht72s5w,M. Hyvönen,Marlo Hyvönen,21.0,Midfielder,Finland,Midfielder,42.0,2.0,86.0,2.0,126.0,3.0,0.0,3.0,6.0,4.0,2.0,2.0,12.0,12.0,14.0,5.0,1.0,1.0,580.0,2.0,15.0,3.0,4.0,2.0,0.0,0.0,0.0,76.36,40.0,22.22,33.33,33.33,32.56,30.0,50.0,1.1036346047563912,0.3062373932475958,1.0,11.0,0.25838042,7.0,8.0,13.0,0.33623893,44.0,6.517241379310344,0.3103448275862069,13.344827586206897,0.3103448275862069,19.55172413793104,0.4655172413793103,0.0,0.4655172413793103,0.9310344827586208,0.6206896551724138,0.3103448275862069,0.3103448275862069,1.862068965517241,1.862068965517241,2.1724137931034484,0.7758620689655172,0.1551724137931034,0.1551724137931034,0.3103448275862069,2.327586206896552,0.4655172413793103,0.6206896551724138,0.3103448275862069,0.0,0.0,0.0,76.36,40.0,22.22,33.33,33.33,32.56,30.0,50.0,0.1712536455656469,0.0475195955039372,0.1551724137931034,1.706896551724138,0.0400935134482758,1.0862068965517242,1.2413793103448276,2.0172413793103448,0.0521750063793103,6.827586206896552,CM/AM,27,32,24,9,26,36,23,12,31,35,32,28,58,53,15,29,53,14,28,31,17,54,14,51,47,50,21,18,53,38,53,8,33,31,59,23,23,29,28,50,19,24,15,26,18,33,15,5,13,41,23,5,26,41,31,33,69,67,8,33,67,13,33,44,18,54,13,51,47,50,21,18,53,38,53,8,33,31,79,13,23,36,31,59,10,13,8,10,Veikkausliiga
Mariehamn,3ptum5fjcgw51mqui0gu6uuf4,7d326gljgym4qtmxvx5t5poq2,A. Larsson,Adam Larsson,26.0,Attacker,Sweden,Striker,60.0,1.0,76.0,5.0,135.0,5.0,1.0,9.0,27.0,20.0,7.0,6.0,6.0,6.0,34.0,8.0,3.0,1.0,1137.0,11.0,47.0,24.0,2.0,3.0,0.0,0.0,0.0,74.59,62.5,14.29,33.33,40.74,35.79,16.13,100.0,2.5590539714986016,0.3055533139556311,5.0,12.0,0.39320639,2.0,5.0,9.0,0.25545687,31.0,4.74934036939314,0.079155672823219,6.015831134564644,0.395778364116095,10.686015831134563,0.395778364116095,0.079155672823219,0.712401055408971,2.137203166226913,1.58311345646438,0.554089709762533,0.474934036939314,0.474934036939314,0.474934036939314,2.691292875989446,0.633245382585752,0.237467018469657,0.079155672823219,0.870712401055409,3.720316622691293,1.899736147757256,0.158311345646438,0.237467018469657,0.0,0.0,0.0,74.59,62.5,14.29,33.33,40.74,35.79,16.13,100.0,0.2025636389049025,0.0241862781495222,0.395778364116095,0.949868073878628,0.031124516358839,0.158311345646438,0.395778364116095,0.712401055408971,0.0202208604221635,2.453825857519789,ST,77,58,52,68,65,40,54,55,71,67,74,70,34,30,59,79,67,46,67,64,96,37,35,51,50,51,63,78,58,43,50,41,15,92,67,41,51,57,59,34,45,57,39,47,57,54,15,43,28,20,50,26,35,37,54,37,7,7,17,41,43,39,41,30,89,20,13,51,50,51,63,78,58,43,50,41,15,92,28,13,24,35,33,24,15,20,15,11,Veikkausliiga
Mariehamn,3ptum5fjcgw51mqui0gu6uuf4,7mtrb2q1po3bwtkfp1w4w2qxh,J. van der Heyden,Jelle van der Heyden,30.0,Midfielder,Netherlands,Midfielder,339.0,6.0,239.0,18.0,572.0,1.0,1.0,9.0,6.0,0.0,6.0,3.0,13.0,13.0,31.0,15.0,0.0,12.0,1040.0,0.0,2.0,3.0,6.0,11.0,0.0,0.0,0.0,87.33,48.65,33.33,46.15,0.0,50.82,50.0,52.38,0.4287975189512917,0.9685032151223116,3.0,17.0,0.38966304,9.0,43.0,46.0,0.8811320500000001,233.0,29.336538461538463,0.5192307692307693,20.682692307692307,1.5576923076923077,49.5,0.0865384615384615,0.0865384615384615,0.7788461538461539,0.5192307692307693,0.0,0.5192307692307693,0.2596153846153846,1.125,1.125,2.682692307692308,1.2980769230769231,0.0,1.0384615384615383,0.0,0.173076923076923,0.2596153846153846,0.5192307692307693,0.951923076923077,0.0,0.0,0.0,87.33,48.65,33.33,46.15,0.0,50.82,50.0,52.38,0.037107477601554,0.0838127782317385,0.2596153846153846,1.4711538461538465,0.03372084,0.7788461538461539,3.7211538461538463,3.980769230769231,0.0762518120192307,20.16346153846154,DM/CM,79,88,45,45,61,12,71,45,26,5,58,56,65,62,26,45,24,48,8,6,9,59,39,45,52,52,70,45,74,42,8,52,59,33,27,76,36,39,45,62,48,47,33,48,97,88,61,42,70,12,76,48,18,5,55,58,64,64,3,39,24,45,8,3,6,70,18,45,52,52,70,45,74,42,8,52,59,33,9,79,30,48,45,70,58,48,21,58,Veikkausliiga
Mariehamn,3ptum5fjcgw51mqui0gu6uuf4,8tzmahdp1kkbot7nulpirqhh,J. Nissinen,Jiri Nissinen,29.0,Defender,Finland,Defender,127.0,9.0,169.0,24.0,287.0,15.0,0.0,10.0,4.0,3.0,1.0,1.0,39.0,39.0,88.0,32.0,0.0,12.0,1007.0,1.0,14.0,23.0,24.0,15.0,1.0,0.0,0.0,71.04,33.33,18.75,61.54,25.0,53.33,50.0,55.56,0.2525974347478418,0.9645768838830816,2.0,18.0,0.44516829,8.0,31.0,41.0,1.7099953200000009,153.0,11.350546176762665,0.804369414101291,15.104270109235353,2.1449851042701096,25.65044687189673,1.3406156901688184,0.0,0.893743793445879,0.3574975173783515,0.2681231380337637,0.0893743793445878,0.0893743793445878,3.485600794438928,3.485600794438928,7.864945382323734,2.8599801390268125,0.0,1.0724925521350548,0.0893743793445878,1.2512413108242304,2.055610724925521,2.1449851042701096,1.3406156901688184,0.0893743793445878,0.0,0.0,71.04,33.33,18.75,61.54,25.0,53.33,50.0,55.56,0.0225757389546234,0.086208460327187,0.1787487586891757,1.608738828202582,0.0397866396226415,0.7149950347567031,2.7706057596822244,3.664349553128104,0.15282977040715,13.674280039721948,RB/RCB,38,93,62,86,48,79,26,88,48,60,40,62,95,95,81,62,38,74,40,69,88,95,67,98,52,52,14,36,33,76,43,43,55,17,38,95,76,67,62,62,67,67,76,62,19,86,52,67,24,76,26,76,33,62,33,62,90,90,95,52,38,62,38,52,100,100,67,100,52,52,14,36,33,76,43,43,55,17,29,81,67,67,57,62,67,71,71,48,Veikkausliiga
Mariehamn,3ptum5fjcgw51mqui0gu6uuf4,8v9ms04dm6d99xb9lt5qdk74k,L. Andersson,Leo Andersson,22.0,Attacker,Finland,Striker,57.0,0.0,63.0,1.0,120.0,10.0,0.0,2.0,10.0,7.0,3.0,2.0,11.0,11.0,31.0,3.0,0.0,3.0,574.0,4.0,19.0,12.0,3.0,4.0,0.0,0.0,0.0,76.43,50.0,0.0,27.27,40.0,35.63,28.57,66.67,0.9189662567427488,0.0565112513376952,3.0,9.0,0.22152962,5.0,5.0,5.0,0.1044498599999999,31.0,8.937282229965156,0.0,9.878048780487804,0.156794425087108,18.81533101045296,1.56794425087108,0.0,0.313588850174216,1.56794425087108,1.097560975609756,0.470383275261324,0.313588850174216,1.724738675958188,1.724738675958188,4.860627177700348,0.470383275261324,0.0,0.470383275261324,0.627177700348432,2.979094076655052,1.881533101045296,0.470383275261324,0.627177700348432,0.0,0.0,0.0,76.43,50.0,0.0,27.27,40.0,35.63,28.57,66.67,0.1440887859004309,0.0088606491644469,0.470383275261324,1.411149825783972,0.0347346094076655,0.7839721254355401,0.7839721254355401,0.7839721254355401,0.0163771557491289,4.860627177700348,ST,72,25,43,20,52,54,20,21,35,34,39,29,48,48,49,33,14,66,33,37,64,46,48,51,50,51,72,57,25,35,46,37,34,54,33,9,36,41,37,61,45,36,22,47,98,25,50,11,76,57,20,11,22,24,43,22,52,52,61,28,14,80,24,15,87,46,57,51,50,51,72,57,25,35,46,37,34,54,26,7,35,67,37,76,35,26,9,54,Veikkausliiga
Mariehamn,3ptum5fjcgw51mqui0gu6uuf4,9184a77akqe3pinkdqdkbzuy2,N. Nurmi,Noah Nurmi,25.0,Defender,Finland,Defender,510.0,2.0,266.0,82.0,774.0,24.0,0.0,2.0,5.0,4.0,1.0,2.0,1.0,1.0,68.0,117.0,1.0,24.0,1656.0,2.0,5.0,12.0,1.0,17.0,1.0,0.0,0.0,81.56,44.09,50.0,100.0,40.0,59.65,58.54,54.84,0.4884244455893856,0.1971942710753722,0.0,15.0,0.2907305,3.0,55.0,74.0,1.9843600200000016,540.0,27.717391304347828,0.108695652173913,14.456521739130435,4.456521739130436,42.06521739130435,1.3043478260869563,0.0,0.108695652173913,0.2717391304347826,0.2173913043478261,0.0543478260869565,0.108695652173913,0.0543478260869565,0.0543478260869565,3.695652173913044,6.358695652173914,0.0543478260869565,1.3043478260869563,0.108695652173913,0.2717391304347826,0.6521739130434783,0.0543478260869565,0.923913043478261,0.0543478260869565,0.0,0.0,81.56,44.09,50.0,100.0,40.0,59.65,58.54,54.84,0.02654480682551,0.0107170799497484,0.0,0.8152173913043479,0.0158005706521739,0.1630434782608695,2.989130434782609,4.021739130434783,0.1078456532608696,29.347826086956523,CB,80,74,78,100,80,61,38,49,51,47,60,66,29,28,80,98,82,94,64,23,81,40,86,93,50,51,29,57,92,95,79,59,53,29,43,57,26,76,69,49,76,82,94,84,45,67,35,94,39,22,38,29,27,24,55,45,24,22,29,80,76,80,45,8,51,33,61,88,50,51,29,57,92,95,79,59,53,29,27,45,26,51,45,43,43,53,55,53,Veikkausliiga
Mariehamn,3ptum5fjcgw51mqui0gu6uuf4,9j6wrg04o32zuepsj675m104p,J. Svedberg,Jonathan Svedberg,27.0,Midfielder,Sweden,Striker,95.0,13.0,153.0,8.0,235.0,7.0,2.0,14.0,9.0,5.0,4.0,3.0,3.0,3.0,21.0,4.0,1.0,2.0,495.0,2.0,7.0,7.0,0.0,6.0,0.0,0.0,0.0,82.46,33.33,30.23,0.0,22.22,58.33,63.64,85.71,0.910230707577634,1.8452630126070384,1.0,14.0,0.3390436,6.0,26.0,37.0,1.0613684700000003,128.0,17.272727272727273,2.363636363636364,27.818181818181817,1.4545454545454546,42.72727272727273,1.2727272727272727,0.3636363636363636,2.5454545454545454,1.6363636363636365,0.9090909090909092,0.7272727272727273,0.5454545454545454,0.5454545454545454,0.5454545454545454,3.8181818181818175,0.7272727272727273,0.1818181818181818,0.3636363636363636,0.3636363636363636,1.2727272727272727,1.2727272727272727,0.0,1.0909090909090908,0.0,0.0,0.0,82.46,33.33,30.23,0.0,22.22,58.33,63.64,85.71,0.1654964922868425,0.3355023659285524,0.1818181818181818,2.5454545454545454,0.0616442909090909,1.0909090909090908,4.727272727272728,6.727272727272728,0.1929760854545455,23.27272727272728,CM/AM,54,77,47,46,49,71,77,68,46,45,60,47,8,8,28,22,53,27,28,17,33,5,44,51,47,50,64,10,67,5,15,87,94,99,51,74,23,45,38,42,55,64,51,59,87,100,82,54,85,77,97,97,62,56,77,69,5,5,33,31,74,36,44,18,46,5,67,51,47,50,64,10,67,5,15,87,94,99,77,97,31,64,56,62,77,87,72,85,Veikkausliiga
Mariehamn,3ptum5fjcgw51mqui0gu6uuf4,aipi6decyxanooe0jwf129qtw,F. Gyamfi,Foster Gyamfi,22.0,Defender,Ghana,Defender,128.0,1.0,75.0,20.0,202.0,14.0,1.0,4.0,8.0,5.0,3.0,2.0,7.0,7.0,35.0,46.0,0.0,12.0,450.0,2.0,12.0,4.0,5.0,8.0,1.0,0.0,0.0,82.11,51.28,50.0,71.43,25.0,54.69,51.85,66.67,0.6045294120576011,0.1969067231282775,2.0,9.0,0.18241669,4.0,20.0,26.0,0.6776592200000002,132.0,25.6,0.2,15.0,4.0,40.4,2.8,0.2,0.8,1.6,1.0,0.6,0.4,1.4,1.4,7.0,9.2,0.0,2.4,0.4,2.4,0.8,1.0,1.6,0.2,0.0,0.0,82.11,51.28,50.0,71.43,25.0,54.69,51.85,66.67,0.1209058824115202,0.0393813446256555,0.4,1.8,0.036483338,0.8,4.0,5.2,0.135531844,26.4,CB,29,65,20,43,22,33,85,74,68,59,82,66,68,68,38,53,35,59,64,57,34,74,51,93,50,51,37,86,92,88,55,33,26,58,55,55,72,51,47,57,31,38,33,31,37,78,39,88,37,82,94,92,90,92,92,88,88,88,98,100,35,100,86,86,61,92,96,100,50,51,37,86,92,88,55,33,26,58,84,82,86,80,78,86,61,71,82,49,Veikkausliiga
Mariehamn,3ptum5fjcgw51mqui0gu6uuf4,cnf3yzk0zcrlrfejwd2iebbpw,W. Nuñez,Wille Nuñez,19.0,Attacker,Finland,Striker,9.0,0.0,16.0,1.0,25.0,5.0,0.0,1.0,5.0,4.0,1.0,2.0,5.0,5.0,10.0,0.0,1.0,0.0,144.0,2.0,10.0,1.0,0.0,3.0,0.0,0.0,0.0,71.43,100.0,0.0,0.0,40.0,35.71,45.45,60.0,0.5061505090326959,0.0668646791179117,1.0,4.0,0.09675074,2.0,2.0,1.0,0.03717472,7.0,5.625,0.0,10.0,0.625,15.625,3.125,0.0,0.625,3.125,2.5,0.625,1.25,3.125,3.125,6.25,0.0,0.625,0.0,1.25,6.25,0.625,0.0,1.875,0.0,0.0,0.0,71.43,100.0,0.0,0.0,40.0,35.71,45.45,60.0,0.3163440681454349,0.0417904244486948,0.625,2.5,0.0604692125,1.25,1.25,0.625,0.0232342,4.375,ST,16,25,13,20,13,40,20,8,16,18,17,29,24,22,17,2,37,17,22,15,10,8,35,51,50,51,51,99,25,8,46,39,68,38,17,11,20,30,20,34,17,7,9,11,74,25,54,73,61,85,20,20,74,74,61,91,89,87,83,2,89,17,65,83,26,8,100,51,50,51,51,99,25,8,46,39,68,38,67,20,52,83,74,87,76,12,17,43,Veikkausliiga
Mariehamn,3ptum5fjcgw51mqui0gu6uuf4,djrkg0gezih1ptm9dglenxgtm,T. Jakobsen,Thomas Jakobsen,27.0,Attacker,Norway,Striker,6.0,0.0,7.0,0.0,13.0,6.0,0.0,0.0,7.0,6.0,1.0,1.0,5.0,5.0,18.0,2.0,0.0,0.0,225.0,2.0,8.0,6.0,1.0,4.0,0.0,0.0,0.0,41.94,0.0,0.0,20.0,28.57,56.25,66.67,80.0,0.6982289940985472,0.0,0.0,1.0,0.01935132,0.0,3.0,3.0,0.05902307,6.0,2.4,0.0,2.8,0.0,5.2,2.4,0.0,0.0,2.8,2.4,0.4,0.4,2.0,2.0,7.2,0.8,0.0,0.0,0.8,3.2,2.4,0.4,1.6,0.0,0.0,0.0,41.94,0.0,0.0,20.0,28.57,56.25,66.67,80.0,0.2792915976394189,0.0,0.0,0.4,0.007740528,0.0,1.2,1.2,0.023609228,2.4,ST,9,25,5,5,7,46,20,3,23,29,17,16,24,22,34,21,14,17,22,13,45,23,48,51,50,51,2,5,25,27,23,95,99,77,28,3,8,10,7,10,25,20,11,9,11,25,2,5,2,70,20,3,52,70,26,28,63,59,91,54,14,17,37,22,100,39,91,51,50,51,2,5,25,27,23,95,99,77,52,3,8,13,9,10,65,43,20,9,Veikkausliiga
Mariehamn,3ptum5fjcgw51mqui0gu6uuf4,dx4ozcnl5ulrteevsakktp8us,Rui Monteiro,Rui Barbosa Monteiro,23.0,Attacker,Portugal,Striker,20.0,2.0,90.0,2.0,108.0,3.0,0.0,8.0,6.0,4.0,2.0,3.0,15.0,16.0,11.0,2.0,1.0,2.0,318.0,3.0,24.0,2.0,5.0,0.0,0.0,0.0,0.0,81.82,66.67,50.0,33.33,50.0,36.67,0.0,0.0,0.5365857706140924,0.5829128811288878,1.0,22.0,0.7920444699999999,5.0,9.0,12.0,0.68610038,43.0,5.660377358490567,0.5660377358490566,25.471698113207548,0.5660377358490566,30.56603773584905,0.8490566037735849,0.0,2.2641509433962264,1.69811320754717,1.1320754716981132,0.5660377358490566,0.8490566037735849,4.245283018867925,4.528301886792453,3.113207547169812,0.5660377358490566,0.2830188679245283,0.5660377358490566,0.8490566037735849,6.79245283018868,0.5660377358490566,1.4150943396226416,0.0,0.0,0.0,0.0,81.82,66.67,50.0,33.33,50.0,36.67,0.0,0.0,0.151863897343611,0.1649753437157229,0.2830188679245283,6.226415094339623,0.224163529245283,1.4150943396226416,2.547169811320755,3.39622641509434,0.1941793528301886,12.169811320754718,RW,20,25,40,20,40,45,30,30,15,10,60,50,40,30,10,15,35,35,40,30,10,30,10,45,55,55,100,90,95,10,95,10,10,10,10,30,25,50,50,50,30,35,30,40,40,70,100,50,80,70,30,100,50,50,90,100,100,100,10,30,80,60,90,90,10,80,10,45,55,55,100,90,95,10,95,10,10,10,70,70,40,100,100,90,90,90,80,80,Veikkausliiga
Mariehamn,3ptum5fjcgw51mqui0gu6uuf4,f4s0ivvfhlpuugt6prrasobv8,V. Widlund,Viktor Widlund,24.0,Midfielder,Sweden,Midfielder,27.0,0.0,43.0,3.0,70.0,2.0,1.0,5.0,5.0,3.0,2.0,2.0,4.0,4.0,13.0,7.0,0.0,1.0,270.0,2.0,7.0,2.0,1.0,4.0,0.0,0.0,0.0,74.47,50.0,0.0,25.0,40.0,43.33,50.0,50.0,0.3742799028215666,0.1423049534653075,1.0,8.0,0.18345591,1.0,6.0,7.0,0.16547423,34.0,9.0,0.0,14.333333333333334,1.0,23.33333333333333,0.6666666666666666,0.3333333333333333,1.6666666666666667,1.6666666666666667,1.0,0.6666666666666666,0.6666666666666666,1.3333333333333333,1.3333333333333333,4.333333333333333,2.333333333333333,0.0,0.3333333333333333,0.6666666666666666,2.333333333333333,0.6666666666666666,0.3333333333333333,1.3333333333333333,0.0,0.0,0.0,74.47,50.0,0.0,25.0,40.0,43.33,50.0,50.0,0.1247599676071888,0.0474349844884358,0.3333333333333333,2.6666666666666665,0.06115197,0.3333333333333333,2.0,2.333333333333333,0.0551580766666666,11.333333333333334,CM/AM,13,13,8,17,10,21,56,23,21,24,32,28,15,15,12,49,17,14,28,17,12,15,29,51,47,50,15,45,13,23,74,28,65,31,23,5,23,21,15,13,9,12,10,15,36,13,21,26,31,59,92,59,69,59,67,79,49,46,54,100,17,28,69,46,23,31,82,51,47,50,15,45,13,23,74,28,65,31,51,10,51,67,54,18,26,21,10,36,Veikkausliiga
Mariehamn,3ptum5fjcgw51mqui0gu6uuf4,u8remrfu8ug41xu71brhukmh,S. Dahlström,Sebastian Dahlström,29.0,Midfielder,Finland,Midfielder,153.0,2.0,161.0,13.0,312.0,7.0,0.0,17.0,10.0,6.0,4.0,3.0,12.0,12.0,49.0,14.0,2.0,9.0,980.0,5.0,28.0,22.0,4.0,8.0,0.0,0.0,0.0,72.9,50.0,33.33,33.33,50.0,43.75,26.92,47.06,0.8809657614317253,1.3104537319655267,4.0,7.0,0.20075322,4.0,32.0,37.0,1.7068604699999996,153.0,14.051020408163264,0.183673469387755,14.785714285714285,1.193877551020408,28.6530612244898,0.6428571428571428,0.0,1.5612244897959182,0.9183673469387756,0.5510204081632653,0.3673469387755101,0.2755102040816326,1.1020408163265305,1.1020408163265305,4.5,1.2857142857142856,0.183673469387755,0.8265306122448979,0.4591836734693877,2.571428571428571,2.020408163265306,0.3673469387755101,0.7346938775510203,0.0,0.0,0.0,72.9,50.0,33.33,33.33,50.0,43.75,26.92,47.06,0.0809050189069951,0.1203477917111198,0.3673469387755101,0.6428571428571428,0.0184365202040816,0.3673469387755101,2.9387755102040813,3.397959183673469,0.1567524921428571,14.051020408163264,DM/CM,30,56,27,38,27,50,29,88,52,67,38,56,58,55,41,39,94,39,79,91,85,50,23,45,52,52,6,53,74,21,91,15,15,18,52,91,44,24,27,27,39,36,67,33,15,55,9,36,9,55,29,94,55,73,36,61,61,61,55,36,94,36,85,94,85,39,9,45,52,52,6,53,74,21,91,15,15,18,64,91,55,12,18,30,36,45,85,21,Veikkausliiga
KuPS,1c7dv8ays675v9kp6a04sd8pq,10qxrh1rh7uyhtm3scj8glqs,N. Kujasalo,Niilo Kujasalo,22.0,Midfielder,Finland,Midfielder,154.0,2.0,247.0,7.0,399.0,7.0,0.0,4.0,3.0,1.0,2.0,3.0,7.0,8.0,31.0,19.0,0.0,7.0,727.0,0.0,6.0,10.0,3.0,8.0,0.0,0.0,0.0,86.36,31.82,28.57,42.86,0.0,50.0,38.89,72.73,0.2154554174115533,0.2312715240244119,2.0,21.0,0.47431606,14.0,47.0,54.0,1.09246745,214.0,19.0646492434663,0.2475928473177441,30.577716643741404,0.8665749656121046,49.39477303988996,0.8665749656121046,0.0,0.4951856946354883,0.3713892709766162,0.123796423658872,0.2475928473177441,0.3713892709766162,0.8665749656121046,0.9903713892709768,3.837689133425034,2.3521320495185694,0.0,0.8665749656121046,0.0,0.7427785419532325,1.237964236588721,0.3713892709766162,0.9903713892709768,0.0,0.0,0.0,86.36,31.82,28.57,42.86,0.0,50.0,38.89,72.73,0.0266726101334797,0.0286305875683591,0.2475928473177441,2.599724896836314,0.0587186319119669,1.7331499312242091,5.818431911966988,6.6850068775790925,0.1352435632737276,26.492434662998622,DM/CM,33,56,48,24,44,50,29,20,14,14,18,56,30,35,26,58,24,24,8,18,41,36,23,45,52,52,58,18,65,38,8,44,36,79,9,15,26,64,52,86,52,52,42,44,52,64,88,21,67,70,29,15,6,12,21,73,55,55,39,88,24,39,8,30,64,42,30,45,52,52,58,18,65,38,8,44,36,79,6,12,24,97,91,97,88,88,73,85,Veikkausliiga
KuPS,1c7dv8ays675v9kp6a04sd8pq,1g4jvou273uzqsu72llflpu6s,B. Magassa,Brahima Magassa,29.0,Defender,France,Defender,368.0,0.0,238.0,20.0,606.0,25.0,0.0,1.0,10.0,9.0,1.0,2.0,5.0,5.0,60.0,47.0,1.0,8.0,943.0,3.0,10.0,20.0,3.0,7.0,1.0,0.0,0.0,93.23,48.78,0.0,60.0,30.0,67.42,73.53,46.67,1.1358146372194813,0.0947177223914643,1.0,16.0,0.32552454,8.0,56.0,64.0,1.1942922400000002,351.0,35.1219512195122,0.0,22.71474019088017,1.90880169671262,57.83669141039236,2.3860021208907742,0.0,0.0954400848356309,0.9544008483563096,0.8589607635206786,0.0954400848356309,0.1908801696712619,0.4772004241781548,0.4772004241781548,5.726405090137858,4.485683987274656,0.0954400848356309,0.7635206786850477,0.2863202545068929,0.9544008483563096,1.90880169671262,0.2863202545068929,0.6680805938494168,0.0954400848356309,0.0,0.0,93.23,48.78,0.0,60.0,30.0,67.42,73.53,46.67,0.1084022453337787,0.009039867460479,0.0954400848356309,1.5270413573700954,0.0310680897136797,0.7635206786850477,5.344644750795334,6.1081654294803815,0.1139833527041357,33.499469777306466,CB,67,31,67,43,67,67,38,32,79,83,60,66,59,59,73,57,82,43,82,47,96,65,41,93,50,51,96,78,31,69,63,94,95,16,82,37,58,81,76,82,78,73,59,61,63,31,80,27,71,61,38,24,78,82,63,65,57,57,84,37,86,27,78,43,98,63,39,92,50,51,96,78,31,69,63,94,95,16,76,39,57,73,69,82,82,84,65,65,Veikkausliiga
KuPS,1c7dv8ays675v9kp6a04sd8pq,2eibwkyep3uk1zbe1u1lyo4fe,T. Hämäläinen,Taneli Hämäläinen,25.0,Defender,Finland,Defender,557.0,4.0,316.0,34.0,869.0,23.0,1.0,6.0,4.0,3.0,1.0,3.0,7.0,7.0,62.0,65.0,0.0,12.0,1333.0,0.0,13.0,9.0,7.0,14.0,0.0,0.0,0.0,90.43,50.75,21.05,100.0,0.0,67.39,63.89,60.87,0.2280497845864579,0.6432607725562525,1.0,17.0,0.38437854,6.0,56.0,60.0,2.5276151600000007,464.0,37.60690172543136,0.2700675168792198,21.335333833458364,2.2955738934733683,58.6721680420105,1.5528882220555138,0.0675168792198049,0.4051012753188296,0.2700675168792198,0.2025506376594148,0.0675168792198049,0.2025506376594148,0.4726181545386346,0.4726181545386346,4.186046511627906,4.388597149287322,0.0,0.8102025506376593,0.0,0.8777194298574643,0.6076519129782445,0.4726181545386346,0.9452363090772692,0.0,0.0,0.0,90.43,50.75,21.05,100.0,0.0,67.39,63.89,60.87,0.0153972097620264,0.0434309598875189,0.0675168792198049,1.147786946736684,0.0259520394598649,0.4051012753188296,3.780945236309077,4.051012753188297,0.170656687471868,31.32783195798949,RB/RCB,100,62,98,90,100,90,64,60,48,60,40,86,50,50,67,95,38,74,14,57,48,76,62,48,52,52,100,95,52,100,14,95,86,33,33,67,43,62,52,57,95,90,95,100,100,29,90,81,100,86,52,38,29,48,29,90,24,24,43,90,38,48,14,38,33,52,19,48,52,52,100,95,52,100,14,95,86,33,24,43,33,38,38,38,86,76,86,100,Veikkausliiga
KuPS,1c7dv8ays675v9kp6a04sd8pq,2vvnbkdgeje34aivohozzvm5l,A. Heinonen,Arttu Heinonen,27.0,Midfielder,Finland,Midfielder,61.0,0.0,70.0,2.0,131.0,6.0,0.0,4.0,3.0,3.0,0.0,0.0,6.0,8.0,24.0,6.0,1.0,2.0,348.0,2.0,8.0,9.0,0.0,7.0,0.0,0.0,0.0,81.88,20.0,0.0,0.0,66.67,46.15,60.0,70.0,0.3544131951106047,0.2698497999721113,0.0,6.0,0.14550562,4.0,9.0,13.0,0.43253858,49.0,15.775862068965518,0.0,18.103448275862068,0.5172413793103449,33.87931034482759,1.5517241379310345,0.0,1.0344827586206895,0.7758620689655172,0.7758620689655172,0.0,0.0,1.5517241379310345,2.0689655172413794,6.206896551724138,1.5517241379310345,0.2586206896551724,0.5172413793103449,0.5172413793103449,2.0689655172413794,2.327586206896552,0.0,1.8103448275862069,0.0,0.0,0.0,81.88,20.0,0.0,0.0,66.67,46.15,60.0,70.0,0.0916585849423977,0.0697887413720977,0.0,1.5517241379310345,0.0376307637931034,1.0344827586206895,2.327586206896552,3.362068965517241,0.1118634258620689,12.672413793103448,DM/CM,8,17,12,6,12,38,29,20,14,35,6,8,24,35,15,18,67,5,35,33,35,5,18,45,52,52,27,3,17,5,98,24,91,76,15,18,5,17,21,27,12,12,9,9,39,17,36,3,36,88,29,73,42,85,6,8,82,91,85,61,97,3,88,82,91,5,91,45,52,52,27,3,17,5,98,24,91,76,67,67,5,52,61,88,12,42,58,9,Veikkausliiga
KuPS,1c7dv8ays675v9kp6a04sd8pq,2yyodldan4gscxb0jjrpkygyy,J. Luyeye-Lutumba,Joslyn Luyeye-Lutumba,23.0,Attacker,Finland,Striker,54.0,4.0,142.0,3.0,192.0,13.0,2.0,20.0,31.0,27.0,4.0,7.0,19.0,20.0,49.0,5.0,5.0,4.0,1150.0,14.0,68.0,15.0,6.0,8.0,0.0,0.0,0.0,79.34,27.27,40.0,31.58,45.16,35.25,27.66,53.33,3.573320751334006,1.7285866726890045,3.0,31.0,0.9362385599999996,14.0,14.0,18.0,1.18987493,71.0,4.226086956521739,0.3130434782608695,11.113043478260868,0.2347826086956521,15.026086956521738,1.017391304347826,0.1565217391304347,1.5652173913043477,2.426086956521739,2.1130434782608694,0.3130434782608695,0.5478260869565217,1.4869565217391305,1.5652173913043477,3.834782608695652,0.3913043478260869,0.3913043478260869,0.3130434782608695,1.0956521739130434,5.321739130434782,1.1739130434782608,0.4695652173913043,0.6260869565217391,0.0,0.0,0.0,79.34,27.27,40.0,31.58,45.16,35.25,27.66,53.33,0.2796511892348352,0.1352806961234873,0.2347826086956521,2.426086956521739,0.0732708438260869,1.0956521739130434,1.0956521739130434,1.408695652173913,0.0931206466956521,5.556521739130434,ST,67,80,83,54,83,63,80,90,75,80,49,75,78,74,70,55,83,77,75,76,76,63,79,51,50,51,89,20,99,39,68,35,30,22,78,89,36,97,96,99,79,71,80,78,43,72,70,20,57,43,72,85,46,57,20,50,46,43,39,20,70,67,59,65,57,43,54,51,50,51,89,20,99,39,68,35,30,22,54,78,15,80,80,85,57,57,76,70,Veikkausliiga
KuPS,1c7dv8ays675v9kp6a04sd8pq,3ani6i6zvyyz715jalqfbcvoq,A. Lötjönen,Arttu Lötjönen,22.0,Defender,Finland,Defender,519.0,0.0,352.0,46.0,871.0,21.0,0.0,4.0,2.0,2.0,0.0,1.0,2.0,2.0,43.0,79.0,0.0,5.0,1248.0,0.0,8.0,8.0,1.0,10.0,1.0,0.0,0.0,91.68,50.0,0.0,50.0,0.0,48.86,47.73,76.92,0.2425056407095785,0.1732438042118101,0.0,16.0,0.33367017,5.0,92.0,98.0,1.698201320000002,560.0,37.42788461538461,0.0,25.384615384615383,3.317307692307692,62.8125,1.5144230769230769,0.0,0.2884615384615384,0.1442307692307692,0.1442307692307692,0.0,0.0721153846153846,0.1442307692307692,0.1442307692307692,3.1009615384615383,5.697115384615384,0.0,0.3605769230769231,0.0,0.5769230769230769,0.5769230769230769,0.0721153846153846,0.7211538461538461,0.0721153846153846,0.0,0.0,91.68,50.0,0.0,50.0,0.0,48.86,47.73,76.92,0.0174883875511715,0.012493543572967,0.0,1.1538461538461535,0.0240627526442307,0.3605769230769231,6.634615384615384,7.067307692307692,0.1224664413461539,40.38461538461538,CB,82,31,96,76,84,56,38,74,22,26,24,41,43,42,51,82,35,27,15,42,60,40,66,93,50,51,90,81,31,61,15,16,18,82,22,53,26,81,78,66,95,94,76,88,71,31,94,73,78,29,38,65,14,18,24,31,37,37,12,63,35,6,15,22,41,39,45,90,50,51,90,81,31,61,15,16,18,82,16,47,26,59,57,57,96,98,76,78,Veikkausliiga
KuPS,1c7dv8ays675v9kp6a04sd8pq,495xdhu4x5bvngu75pel55ko9,T. Jyry,Tommi Jyry,27.0,Midfielder,Finland,Midfielder,48.0,3.0,102.0,6.0,147.0,0.0,1.0,7.0,4.0,0.0,4.0,1.0,4.0,4.0,2.0,2.0,1.0,2.0,314.0,1.0,3.0,1.0,0.0,0.0,0.0,0.0,0.0,93.04,100.0,42.86,0.0,25.0,10.53,0.0,0.0,0.1956564834575018,0.6836048985620492,2.0,11.0,0.33250362,5.0,17.0,16.0,0.97723386,74.0,13.757961783439493,0.8598726114649682,29.23566878980892,1.7197452229299364,42.13375796178344,0.0,0.286624203821656,2.006369426751592,1.1464968152866242,0.0,1.1464968152866242,0.286624203821656,1.1464968152866242,1.1464968152866242,0.5732484076433121,0.5732484076433121,0.286624203821656,0.5732484076433121,0.286624203821656,0.8598726114649682,0.286624203821656,0.0,0.0,0.0,0.0,0.0,93.04,100.0,42.86,0.0,25.0,10.53,0.0,0.0,0.0560798837935514,0.1959377097789313,0.5732484076433121,3.1528662420382165,0.0953035853503184,1.4331210191082802,4.872611464968153,4.585987261146497,0.2800988770700637,21.21019108280255,CM/AM,31,44,31,31,31,4,56,38,12,5,60,13,15,15,3,12,53,27,13,10,6,5,5,51,47,50,100,100,91,5,22,3,4,5,8,38,42,29,36,36,38,28,49,33,64,67,87,62,82,4,79,82,36,5,90,23,31,28,3,18,85,56,23,8,8,5,5,51,47,50,100,100,91,5,22,3,4,5,10,87,64,82,79,85,79,63,92,82,Veikkausliiga
KuPS,1c7dv8ays675v9kp6a04sd8pq,4fg01i3o0o1dtfzeq5shyvlsk,A. Puukko,Akseli Puukko,20.0,Defender,Finland,Defender,54.0,4.0,77.0,3.0,127.0,2.0,2.0,7.0,4.0,2.0,2.0,0.0,4.0,5.0,15.0,7.0,0.0,4.0,380.0,3.0,14.0,7.0,3.0,2.0,0.0,0.0,0.0,82.47,33.33,22.22,75.0,75.0,68.18,66.67,66.67,0.3477491982161493,0.9238329898260648,1.0,12.0,0.39534783,5.0,8.0,10.0,1.2077914900000006,45.0,12.789473684210526,0.9473684210526316,18.23684210526316,0.7105263157894737,30.07894736842105,0.4736842105263157,0.4736842105263157,1.6578947368421053,0.9473684210526316,0.4736842105263157,0.4736842105263157,0.0,0.9473684210526316,1.1842105263157894,3.552631578947368,1.6578947368421053,0.0,0.9473684210526316,0.7105263157894737,3.3157894736842106,1.6578947368421053,0.7105263157894737,0.4736842105263157,0.0,0.0,0.0,82.47,33.33,22.22,75.0,75.0,68.18,66.67,66.67,0.0823616522090879,0.2188025502219627,0.2368421052631578,2.8421052631578947,0.093635012368421,1.1842105263157894,1.894736842105263,2.3684210526315788,0.2860558792105264,10.657894736842104,RB/RCB,19,62,19,10,19,12,86,71,48,45,71,24,31,33,24,10,38,33,76,69,38,48,10,48,52,52,71,36,60,93,100,100,93,76,48,86,43,52,57,52,24,21,62,19,29,95,81,14,48,10,95,95,90,76,86,24,57,62,29,10,38,52,100,95,86,71,5,48,52,52,71,36,60,93,100,100,93,76,81,100,76,100,100,81,38,29,100,24,Veikkausliiga
KuPS,1c7dv8ays675v9kp6a04sd8pq,59d5otjevb4zussjofufdg4ph,P. Pennanen,Petteri Pennanen,35.0,Midfielder,Finland,Midfielder,451.0,17.0,589.0,40.0,1023.0,5.0,2.0,29.0,36.0,12.0,24.0,14.0,10.0,11.0,49.0,18.0,4.0,14.0,1401.0,10.0,40.0,19.0,1.0,14.0,0.0,0.0,0.0,91.58,65.57,22.97,10.0,27.78,55.06,62.5,58.33,2.3432594905690816,2.978267644325841,16.0,46.0,1.071302839999999,20.0,106.0,145.0,3.4824984499999934,546.0,28.97216274089936,1.0920770877944326,37.8372591006424,2.569593147751606,65.71734475374733,0.3211991434689507,0.1284796573875803,1.8629550321199144,2.312633832976445,0.7708779443254818,1.5417558886509637,0.8993576017130621,0.6423982869379015,0.7066381156316917,3.1477516059957176,1.1563169164882228,0.2569593147751606,0.8993576017130621,0.6423982869379015,2.569593147751606,1.220556745182013,0.0642398286937901,0.8993576017130621,0.0,0.0,0.0,91.58,65.57,22.97,10.0,27.78,55.06,62.5,58.33,0.1505305882592557,0.1913234032757499,1.0278372591006424,2.955032119914347,0.0688203109207708,1.284796573875803,6.809421841541756,9.314775160599572,0.2237151038543893,35.07494646680942,CM/AM,100,91,100,95,100,51,77,88,96,79,95,97,41,46,69,94,91,95,87,85,73,15,83,51,47,50,97,82,56,13,36,79,90,56,92,95,92,90,90,92,97,97,92,100,100,77,97,90,100,28,62,72,95,49,97,92,10,8,21,74,82,77,67,54,38,10,51,51,47,50,97,82,56,13,36,79,90,56,67,79,92,77,67,74,95,95,82,100,Veikkausliiga
KuPS,1c7dv8ays675v9kp6a04sd8pq,5gzobg231vp6fnjrrh6k49qz9,G. Engvall,Gustav Engvall,30.0,Attacker,Sweden,Striker,73.0,1.0,165.0,4.0,237.0,2.0,3.0,14.0,33.0,25.0,8.0,9.0,44.0,44.0,41.0,2.0,3.0,8.0,1040.0,16.0,71.0,11.0,17.0,5.0,0.0,0.0,0.0,76.21,50.0,20.0,38.64,48.48,39.81,25.0,45.45,3.249194636454726,1.1094112312159712,8.0,23.0,0.6075132599999998,8.0,17.0,22.0,1.2219737100000003,98.0,6.3173076923076925,0.0865384615384615,14.278846153846152,0.3461538461538461,20.509615384615383,0.173076923076923,0.2596153846153846,1.2115384615384617,2.855769230769231,2.1634615384615383,0.6923076923076923,0.7788461538461539,3.807692307692308,3.807692307692308,3.548076923076924,0.173076923076923,0.2596153846153846,0.6923076923076923,1.3846153846153846,6.144230769230769,0.951923076923077,1.4711538461538465,0.4326923076923077,0.0,0.0,0.0,76.21,50.0,20.0,38.64,48.48,39.81,25.0,45.45,0.2811803050778128,0.0960067411629205,0.6923076923076923,1.990384615384616,0.0525732628846153,0.6923076923076923,1.4711538461538465,1.903846153846154,0.1057477249038461,8.480769230769232,ST,87,58,87,63,91,20,93,74,78,78,79,85,100,99,67,21,67,95,82,80,61,100,61,51,50,51,70,57,70,57,78,52,26,13,74,72,73,87,80,79,87,79,83,89,85,59,87,35,89,9,80,65,59,61,65,78,96,96,37,9,48,93,74,78,37,93,33,51,50,51,70,57,70,57,78,52,26,13,57,65,61,76,70,72,85,83,83,93,Veikkausliiga
KuPS,1c7dv8ays675v9kp6a04sd8pq,5irotktf4k5ynobf0zugdom0a,C. Antwi,Clinton Antwi,26.0,Defender,Ghana,Defender,331.0,32.0,563.0,41.0,862.0,10.0,2.0,35.0,20.0,6.0,14.0,11.0,26.0,26.0,47.0,40.0,0.0,14.0,1493.0,2.0,18.0,8.0,17.0,9.0,0.0,0.0,0.0,87.69,54.67,30.19,65.38,10.0,48.45,45.45,75.0,1.1195132250949138,3.3021045115730745,10.0,28.0,0.66639574,19.0,112.0,156.0,4.82808641,445.0,19.953114534494308,1.9290020093770928,33.93837910247823,2.4715338245144007,51.96249162759545,0.6028131279303416,0.1205626255860683,2.109845947756196,1.2056262558606832,0.3616878767582049,0.8439383791024783,0.6630944407233758,1.5673141326188882,1.5673141326188882,2.8332217012726058,2.4112525117213663,0.0,0.8439383791024783,0.1205626255860683,1.0850636302746148,0.4822505023442733,1.0247823174815809,0.5425318151373074,0.0,0.0,0.0,87.69,54.67,30.19,65.38,10.0,48.45,45.45,75.0,0.0674857268978849,0.1990551949374258,0.6028131279303416,1.6878767582049563,0.0401712100468854,1.145344943067649,6.751507032819826,9.40388479571333,0.2910433870730073,26.825184192900203,LB/LCB,81,86,100,86,95,57,71,86,98,79,100,100,81,81,43,71,40,55,67,62,57,90,38,45,52,52,90,100,62,76,43,19,33,83,90,86,88,81,81,81,100,100,100,95,81,86,100,86,95,29,71,90,86,48,95,100,57,57,14,33,40,29,52,43,29,67,24,45,52,52,90,100,62,76,43,19,33,83,67,86,86,71,71,76,100,100,95,90,Veikkausliiga
KuPS,1c7dv8ays675v9kp6a04sd8pq,5ojtb45gyd00i0chyku6btuxh,J. Moreno,Jaime Moreno,31.0,Attacker,Nicaragua,Striker,58.0,0.0,104.0,8.0,162.0,36.0,2.0,14.0,68.0,52.0,16.0,20.0,16.0,21.0,69.0,30.0,10.0,0.0,1248.0,27.0,100.0,14.0,9.0,6.0,0.0,0.0,0.0,67.5,47.06,0.0,56.25,39.71,46.31,49.32,60.0,6.579507503338773,1.2655283790271945,11.0,11.0,0.31397821,6.0,15.0,24.0,0.97294476,74.0,4.182692307692308,0.0,7.5,0.5769230769230769,11.682692307692308,2.5961538461538463,0.1442307692307692,1.0096153846153846,4.903846153846153,3.75,1.1538461538461535,1.4423076923076923,1.1538461538461535,1.5144230769230769,4.975961538461538,2.1634615384615383,0.7211538461538461,0.0,1.9471153846153848,7.211538461538462,1.0096153846153846,0.6490384615384616,0.4326923076923076,0.0,0.0,0.0,67.5,47.06,0.0,56.25,39.71,46.31,49.32,60.0,0.4744837141830845,0.0912640657952303,0.7932692307692307,0.7932692307692307,0.022642659375,0.4326923076923076,1.0817307692307692,1.7307692307692306,0.070164285576923,5.336538461538462,ST,74,25,72,82,70,93,80,74,100,100,100,100,66,79,89,100,95,17,100,98,74,82,71,51,50,51,26,41,25,87,41,78,76,38,96,80,92,52,48,70,84,85,78,80,41,25,33,63,35,80,57,54,100,98,91,98,30,39,63,98,93,17,96,89,43,59,30,51,50,51,26,41,25,87,41,78,76,38,89,63,78,20,17,50,54,74,59,65,Veikkausliiga
KuPS,1c7dv8ays675v9kp6a04sd8pq,5skki9qedwo05d1scee0obu1h,S. Savolainen,Saku Savolainen,30.0,Attacker,Finland,Striker,147.0,5.0,188.0,14.0,330.0,23.0,2.0,15.0,9.0,8.0,1.0,1.0,2.0,2.0,43.0,25.0,1.0,8.0,927.0,2.0,39.0,7.0,1.0,7.0,1.0,0.0,0.0,79.33,42.42,23.81,50.0,22.22,53.09,58.97,58.33,1.1787075324423515,1.4370785654247311,2.0,17.0,0.4761584,9.0,18.0,25.0,1.5523998300000017,128.0,14.271844660194176,0.4854368932038834,18.25242718446602,1.3592233009708736,32.03883495145631,2.233009708737864,0.1941747572815534,1.4563106796116505,0.8737864077669902,0.7766990291262136,0.0970873786407767,0.0970873786407767,0.1941747572815534,0.1941747572815534,4.174757281553398,2.4271844660194173,0.0970873786407767,0.7766990291262136,0.1941747572815534,3.786407766990291,0.6796116504854368,0.0970873786407767,0.6796116504854368,0.0970873786407767,0.0,0.0,79.33,42.42,23.81,50.0,22.22,53.09,58.97,58.33,0.1144376245089661,0.139522190817935,0.1941747572815534,1.6504854368932038,0.0462289708737864,0.8737864077669902,1.7475728155339805,2.4271844660194173,0.1507184300970875,12.427184466019416,RW,100,70,50,100,90,90,80,50,50,50,45,15,10,10,55,100,35,80,20,70,40,10,50,95,55,55,70,50,60,70,20,100,90,50,70,60,40,35,30,60,70,50,60,70,100,60,80,100,90,100,90,50,10,20,50,10,10,10,50,100,30,80,10,40,20,10,30,100,55,55,70,50,60,70,20,100,90,50,20,50,20,20,10,50,40,50,60,90,Veikkausliiga
KuPS,1c7dv8ays675v9kp6a04sd8pq,6zxmiojkikr9no952g862h3is,B. Armah,Bob Armah,22.0,Defender,Ghana,Defender,155.0,2.0,296.0,15.0,449.0,6.0,3.0,19.0,37.0,24.0,13.0,10.0,65.0,69.0,85.0,10.0,5.0,13.0,1160.0,12.0,78.0,22.0,28.0,23.0,0.0,0.0,0.0,83.93,46.88,18.18,43.08,32.43,43.81,26.09,79.31,3.330246431181992,1.4668121173050417,15.0,55.0,1.850901799999999,24.0,37.0,42.0,1.50752979,166.0,12.025862068965516,0.1551724137931034,22.96551724137931,1.1637931034482758,34.83620689655172,0.4655172413793103,0.2327586206896551,1.4741379310344829,2.8706896551724137,1.862068965517241,1.0086206896551724,0.7758620689655172,5.043103448275862,5.3534482758620685,6.594827586206896,0.7758620689655172,0.3879310344827586,1.0086206896551724,0.9310344827586208,6.051724137931035,1.706896551724138,2.1724137931034484,1.7844827586206895,0.0,0.0,0.0,83.93,46.88,18.18,43.08,32.43,43.81,26.09,79.31,0.258381188626189,0.113804388411598,1.1637931034482758,4.267241379310344,0.1436044499999999,1.862068965517241,2.8706896551724137,3.258620689655172,0.1169635181896551,12.879310344827584,CB,33,74,85,32,49,16,99,98,100,100,100,100,100,100,92,14,100,64,100,100,98,100,96,43,50,51,43,69,65,49,67,8,6,84,100,96,100,100,100,100,53,48,67,35,12,73,82,14,24,8,98,98,100,96,100,98,100,100,96,6,100,51,96,100,96,100,98,43,50,51,43,69,65,49,67,8,6,84,96,96,100,100,100,100,37,35,67,18,Veikkausliiga
KuPS,1c7dv8ays675v9kp6a04sd8pq,73h2980bizllhxfk8ic8uketw,C. Kabuye,Calvin Kabuye,23.0,Attacker,Uganda,Striker,20.0,1.0,40.0,2.0,59.0,0.0,0.0,2.0,6.0,5.0,1.0,2.0,7.0,8.0,6.0,2.0,0.0,5.0,155.0,3.0,13.0,2.0,2.0,2.0,0.0,0.0,0.0,81.94,66.67,33.33,28.57,50.0,27.27,0.0,100.0,0.4327133041480102,0.1668727675863704,3.0,10.0,0.28215954,3.0,3.0,4.0,0.20980351,20.0,11.61290322580645,0.5806451612903225,23.2258064516129,1.161290322580645,34.25806451612903,0.0,0.0,1.161290322580645,3.4838709677419355,2.9032258064516125,0.5806451612903225,1.161290322580645,4.064516129032258,4.64516129032258,3.4838709677419355,1.161290322580645,0.0,2.9032258064516125,1.7419354838709675,7.548387096774193,1.161290322580645,1.161290322580645,1.161290322580645,0.0,0.0,0.0,81.94,66.67,33.33,28.57,50.0,27.27,0.0,100.0,0.2512528862794898,0.0968938650501505,1.7419354838709675,5.806451612903225,0.1638345716129032,1.7419354838709675,1.7419354838709675,2.32258064516129,0.1218213929032258,11.61290322580645,LW,38,46,38,46,38,12,19,23,31,46,19,27,23,23,12,31,27,62,50,31,15,19,42,50,54,54,62,85,85,23,100,8,12,96,23,23,46,35,31,35,38,35,23,38,85,77,100,85,100,12,19,46,92,92,38,92,77,77,15,54,27,100,100,92,38,46,92,50,54,54,62,85,85,23,100,8,12,96,85,46,92,92,92,92,69,69,38,85,Veikkausliiga
KuPS,1c7dv8ays675v9kp6a04sd8pq,7ied0n6vz7y6owt4c96apsafp,P. Parzyszek,Piotr Parzyszek,32.0,Attacker,Poland,Striker,15.0,1.0,26.0,1.0,40.0,10.0,0.0,3.0,17.0,13.0,4.0,4.0,2.0,2.0,18.0,5.0,1.0,1.0,349.0,9.0,22.0,4.0,1.0,2.0,0.0,0.0,0.0,59.7,50.0,25.0,50.0,52.94,56.25,62.5,66.67,2.192952159533647,0.2493833426152721,3.0,1.0,0.0199707,0.0,8.0,8.0,0.41798419,16.0,3.8681948424068766,0.2578796561604584,6.70487106017192,0.2578796561604584,10.31518624641834,2.5787965616045847,0.0,0.7736389684813754,4.383954154727793,3.35243553008596,1.0315186246418335,1.0315186246418335,0.5157593123209169,0.5157593123209169,4.641833810888252,1.2893982808022924,0.2578796561604584,0.2578796561604584,2.320916905444126,5.673352435530086,1.0315186246418335,0.2578796561604584,0.5157593123209169,0.0,0.0,0.0,59.7,50.0,25.0,50.0,52.94,56.25,62.5,66.67,0.5655177488768718,0.0643108906457721,0.7736389684813754,0.2578796561604584,0.0051500372492836,0.0,2.0630372492836675,2.0630372492836675,0.1077896191977077,4.126074498567335,ST,32,58,21,20,22,54,20,34,49,55,49,52,8,8,34,55,37,46,57,41,33,23,23,51,50,51,13,57,77,80,89,95,93,54,61,33,36,10,9,10,64,52,50,29,35,70,20,26,24,78,20,30,93,96,85,89,9,9,54,85,46,61,100,72,46,28,46,51,50,51,13,57,77,80,89,95,93,54,96,43,76,7,7,10,96,87,85,37,Veikkausliiga
KuPS,1c7dv8ays675v9kp6a04sd8pq,a8020on6xt35x63gdi0l0kj8q,S. Touray,Saikou Touray,26.0,Midfielder,Gambia,Midfielder,96.0,2.0,123.0,13.0,217.0,0.0,0.0,5.0,6.0,2.0,4.0,1.0,5.0,5.0,21.0,4.0,0.0,4.0,309.0,2.0,6.0,8.0,2.0,9.0,0.0,0.0,0.0,91.18,56.52,40.0,40.0,33.33,56.76,0.0,81.82,0.3861495040501485,0.3807163361907034,2.0,8.0,0.20709367,6.0,29.0,25.0,0.6285361399999999,108.0,27.96116504854369,0.5825242718446603,35.8252427184466,3.7864077669902914,63.20388349514563,0.0,0.0,1.4563106796116505,1.7475728155339807,0.5825242718446603,1.1650485436893203,0.2912621359223301,1.4563106796116505,1.4563106796116505,6.116504854368932,1.1650485436893203,0.0,1.1650485436893203,0.5825242718446603,1.7475728155339807,2.330097087378641,0.5825242718446603,2.621359223300971,0.0,0.0,0.0,91.18,56.52,40.0,40.0,33.33,56.76,0.0,81.82,0.1124707293349947,0.1108882532594281,0.5825242718446603,2.330097087378641,0.0603185446601941,1.7475728155339807,8.446601941747574,7.281553398058253,0.1830687786407767,31.45631067961165,DM/CM,17,56,18,38,18,5,29,24,26,23,38,23,21,21,12,12,24,12,35,18,29,24,30,45,52,52,98,80,82,29,70,88,5,94,18,27,26,30,30,44,29,23,18,18,91,94,100,100,100,5,29,85,94,76,91,64,79,76,82,30,24,55,97,76,94,73,100,45,52,52,98,80,82,29,70,88,5,94,79,88,76,88,94,100,100,94,91,97,Veikkausliiga
KuPS,1c7dv8ays675v9kp6a04sd8pq,bmbdwons7wudqebn3o3flm19l,V. Gasc,Valentín Gasc,25.0,Midfielder,Finland,Midfielder,412.0,5.0,491.0,30.0,898.0,10.0,1.0,14.0,23.0,13.0,10.0,9.0,12.0,12.0,76.0,21.0,2.0,20.0,1422.0,7.0,39.0,27.0,6.0,17.0,0.0,0.0,0.0,90.52,55.56,55.56,50.0,30.43,50.67,43.48,51.52,2.183103781514123,1.007232787947007,5.0,37.0,0.8085636399999996,13.0,88.0,78.0,2.03630486,393.0,26.075949367088608,0.3164556962025316,31.075949367088604,1.8987341772151896,56.83544303797469,0.6329113924050632,0.0632911392405063,0.8860759493670886,1.4556962025316456,0.8227848101265822,0.6329113924050632,0.5696202531645569,0.7594936708860759,0.7594936708860759,4.810126582278481,1.3291139240506329,0.1265822784810126,1.2658227848101264,0.4430379746835443,2.4683544303797467,1.7088607594936709,0.3797468354430379,1.0759493670886076,0.0,0.0,0.0,90.52,55.56,55.56,50.0,30.43,50.67,43.48,51.52,0.1381711254122862,0.0637489106295574,0.3164556962025316,2.3417721518987342,0.0511749139240506,0.8227848101265822,5.5696202531645564,4.936708860759493,0.1288800544303797,24.873417721518987,DM/CM,85,83,97,59,88,67,71,71,88,92,74,89,58,55,82,64,94,73,97,97,94,59,59,45,52,52,94,73,89,55,64,48,48,30,94,79,59,91,91,82,82,76,79,88,79,76,91,48,94,52,70,61,85,88,70,88,39,36,67,42,85,67,82,91,79,45,42,45,52,52,94,73,89,55,64,48,48,30,88,55,39,91,82,82,82,70,67,73,Veikkausliiga
KuPS,1c7dv8ays675v9kp6a04sd8pq,dpqm3menp3xy0tq2gm76bo5hx,K. Adams,Kasim Adams,31.0,Defender,Ghana,Defender,315.0,0.0,190.0,24.0,505.0,21.0,0.0,3.0,3.0,2.0,1.0,1.0,9.0,9.0,30.0,39.0,0.0,8.0,716.0,1.0,4.0,0.0,6.0,3.0,0.0,0.0,0.0,87.07,41.38,0.0,66.67,33.33,68.18,72.41,100.0,0.2501309676374043,0.1442447234232787,1.0,4.0,0.07799619,0.0,44.0,46.0,1.0915572399999998,326.0,39.59497206703911,0.0,23.88268156424581,3.016759776536313,63.47765363128492,2.6396648044692737,0.0,0.3770949720670391,0.3770949720670391,0.2513966480446927,0.1256983240223463,0.1256983240223463,1.1312849162011174,1.1312849162011174,3.770949720670391,4.902234636871508,0.0,1.005586592178771,0.1256983240223463,0.5027932960893855,0.0,0.7541899441340782,0.3770949720670391,0.0,0.0,0.0,87.07,41.38,0.0,66.67,33.33,68.18,72.41,100.0,0.0314410434181094,0.018131319983373,0.1256983240223463,0.5027932960893855,0.0098039903631284,0.0,5.5307262569832405,5.782122905027933,0.137206915642458,40.97765363128492,CB,57,31,49,51,55,56,38,62,31,26,60,41,74,73,23,38,35,43,40,17,3,81,20,43,50,51,57,45,31,79,70,96,92,97,24,45,58,30,29,14,60,54,45,57,73,31,88,65,80,71,38,78,41,31,69,55,84,84,35,47,35,49,53,16,3,88,12,43,50,51,57,45,31,79,70,96,92,97,33,57,69,29,29,14,84,80,88,80,Veikkausliiga
KuPS,1c7dv8ays675v9kp6a04sd8pq,nxt066bqaqw7grehjw514d7t,S. Heiskanen,Saku Heiskanen,24.0,Midfielder,Finland,Midfielder,132.0,22.0,230.0,14.0,340.0,2.0,3.0,20.0,9.0,4.0,5.0,5.0,12.0,13.0,44.0,15.0,0.0,4.0,859.0,3.0,30.0,19.0,4.0,13.0,0.0,0.0,0.0,81.15,41.18,33.85,33.33,33.33,47.31,13.33,68.42,0.5806533486109541,1.9384067812859485,6.0,28.0,0.8640370299999995,17.0,23.0,44.0,2.7508159099999974,141.0,13.830034924330617,2.3050058207217696,24.09778812572759,1.466821885913853,35.62281722933644,0.209545983701979,0.3143189755529685,2.0954598370197903,0.9429569266589056,0.4190919674039581,0.5238649592549476,0.5238649592549476,1.2572759022118742,1.362048894062864,4.610011641443539,1.571594877764843,0.0,0.4190919674039581,0.3143189755529685,3.143189755529686,1.990686845168801,0.4190919674039581,1.362048894062864,0.0,0.0,0.0,81.15,41.18,33.85,33.33,33.33,47.31,13.33,68.42,0.0608367885622652,0.2030926778995755,0.6286379511059371,2.933643771827706,0.0905277447031431,1.7811408614668218,2.409778812572759,4.610011641443539,0.2882112129220021,14.772991850989523,CM/AM,68,97,72,67,69,21,90,77,46,35,72,74,58,58,62,82,17,50,47,68,73,54,77,51,47,50,59,23,74,38,53,49,10,79,31,77,77,76,79,83,46,69,87,65,69,97,77,56,69,15,82,90,28,23,56,67,38,49,59,90,17,44,36,64,77,38,87,51,47,50,59,23,74,38,53,49,10,79,15,90,77,74,77,92,41,67,95,62,Veikkausliiga
SJK,ea3yd0dgq6uy6pupkpn17j5xg,17p2jqe16w5j9qh5f8yr80g7o,O. Väistö,Oskari Väistö,20.0,Defender,Finland,Defender,309.0,0.0,206.0,26.0,515.0,15.0,0.0,3.0,9.0,7.0,2.0,4.0,2.0,2.0,36.0,31.0,0.0,5.0,866.0,2.0,15.0,7.0,1.0,8.0,1.0,0.0,0.0,89.1,53.06,0.0,50.0,22.22,58.06,53.57,61.54,0.7961119045225598,0.42334516445063,3.0,15.0,0.34453214,8.0,45.0,46.0,1.0506831500000002,333.0,32.11316397228637,0.0,21.40877598152425,2.702078521939954,53.52193995381062,1.558891454965358,0.0,0.3117782909930716,0.9353348729792148,0.7274826789838338,0.207852193995381,0.4157043879907621,0.207852193995381,0.207852193995381,3.741339491916859,3.2217090069284064,0.0,0.5196304849884527,0.207852193995381,1.558891454965358,0.7274826789838338,0.1039260969976905,0.8314087759815243,0.1039260969976905,0.0,0.0,89.1,53.06,0.0,50.0,22.22,58.06,53.57,61.54,0.0827368030104277,0.0439966106241994,0.3117782909930716,1.558891454965358,0.0358058806004618,0.8314087759815243,4.6766743648960745,4.780600461893765,0.109193398960739,34.607390300230946,CB,55,31,53,54,57,37,38,62,74,77,76,88,43,42,42,30,35,27,64,69,56,40,51,93,50,51,69,90,31,61,49,53,31,46,67,82,81,76,80,82,63,54,39,59,51,31,76,49,63,33,38,69,76,69,76,90,49,47,31,16,35,18,69,67,57,43,57,94,50,51,69,90,31,61,49,53,31,46,57,84,78,76,76,88,73,61,57,69,Veikkausliiga
SJK,ea3yd0dgq6uy6pupkpn17j5xg,3h900ulsj68bktnzbti1jvr6y,J. Moisio,Jaakko Moisio,21.0,Defender,Finland,Defender,96.0,2.0,90.0,4.0,184.0,3.0,1.0,8.0,2.0,1.0,1.0,1.0,1.0,1.0,14.0,13.0,0.0,1.0,467.0,1.0,6.0,2.0,0.0,5.0,0.0,0.0,0.0,78.97,19.05,20.0,0.0,50.0,48.28,37.5,55.56,0.1571210868207924,0.7870801311278327,0.0,7.0,0.15585741,3.0,6.0,5.0,0.7494578299999999,56.0,18.50107066381156,0.3854389721627408,17.344753747323338,0.7708779443254817,35.46038543897216,0.5781584582441113,0.1927194860813704,1.5417558886509637,0.3854389721627408,0.1927194860813704,0.1927194860813704,0.1927194860813704,0.1927194860813704,0.1927194860813704,2.6980728051391862,2.505353319057816,0.0,0.1927194860813704,0.1927194860813704,1.1563169164882223,0.3854389721627408,0.0,0.9635974304068522,0.0,0.0,0.0,78.97,19.05,20.0,0.0,50.0,48.28,37.5,55.56,0.0302802951046494,0.1516856783758135,0.0,1.3490364025695931,0.0300367599571734,0.5781584582441113,1.1563169164882223,0.9635974304068522,0.144435127837259,10.792291220556743,RB/RCB,29,29,38,19,33,24,64,81,24,29,40,62,10,10,19,33,38,10,40,33,19,10,24,48,52,52,48,5,43,10,69,29,29,17,24,76,12,29,29,31,14,10,38,24,62,43,67,19,67,19,90,90,38,38,62,81,10,10,5,38,38,5,57,43,24,10,24,48,52,52,48,5,43,10,69,29,29,17,48,90,12,48,43,48,10,10,67,29,Veikkausliiga
SJK,ea3yd0dgq6uy6pupkpn17j5xg,3zfwycbtlksz95tsqcog03yp6,Kelvin Pires,Kelvin Spencer Pires,26.0,Defender,Cabo Verde,Defender,406.0,0.0,245.0,71.0,651.0,36.0,0.0,1.0,16.0,11.0,5.0,3.0,9.0,11.0,62.0,41.0,1.0,13.0,1071.0,3.0,25.0,11.0,4.0,7.0,0.0,0.0,0.0,85.77,56.35,0.0,44.44,18.75,55.36,56.25,58.33,1.9402230907255744,0.0609666083469059,5.0,15.0,0.30592216,5.0,68.0,73.0,1.3963699300000003,440.0,34.11764705882353,0.0,20.588235294117645,5.966386554621849,54.70588235294117,3.0252100840336134,0.0,0.0840336134453781,1.3445378151260503,0.9243697478991596,0.4201680672268907,0.2521008403361344,0.7563025210084033,0.9243697478991596,5.2100840336134455,3.445378151260504,0.0840336134453781,1.092436974789916,0.2521008403361344,2.100840336134454,0.9243697478991596,0.3361344537815126,0.5882352941176471,0.0,0.0,0.0,85.77,56.35,0.0,44.44,18.75,55.36,56.25,58.33,0.1630439572038297,0.0051232443988996,0.4201680672268907,1.2605042016806722,0.0257077445378151,0.4201680672268907,5.714285714285714,6.134453781512605,0.1173420109243697,36.97478991596638,CB,71,31,73,94,73,90,38,32,91,86,88,82,74,77,78,44,82,64,82,84,73,70,41,43,50,51,53,96,31,52,43,39,41,38,94,33,90,76,73,66,86,79,61,76,61,31,69,98,67,90,38,22,82,86,86,73,73,78,80,22,82,63,73,84,73,69,29,43,50,51,53,96,31,52,43,39,41,38,92,24,88,61,59,61,90,88,69,71,Veikkausliiga
SJK,ea3yd0dgq6uy6pupkpn17j5xg,45qku8wdg1zb39amv4marb95g,Kelwin,Kelwin Souza do Nascimento,20.0,Attacker,Brazil,Striker,13.0,1.0,29.0,1.0,41.0,12.0,0.0,2.0,18.0,12.0,6.0,3.0,14.0,15.0,32.0,1.0,3.0,1.0,558.0,10.0,28.0,10.0,6.0,3.0,0.0,0.0,0.0,69.49,50.0,14.29,42.86,55.56,38.55,38.71,75.0,1.7538956604811642,0.1045713779109231,5.0,2.0,0.08133984,2.0,1.0,4.0,0.12108911,12.0,2.096774193548387,0.1612903225806451,4.67741935483871,0.1612903225806451,6.612903225806451,1.935483870967741,0.0,0.3225806451612903,2.903225806451613,1.935483870967741,0.9677419354838708,0.4838709677419354,2.258064516129032,2.419354838709677,5.161290322580645,0.1612903225806451,0.4838709677419354,0.1612903225806451,1.6129032258064515,4.516129032258064,1.6129032258064515,0.9677419354838708,0.4838709677419354,0.0,0.0,0.0,69.49,50.0,14.29,42.86,55.56,38.55,38.71,75.0,0.2828863968518006,0.0168663512759553,0.8064516129032258,0.3225806451612903,0.013119329032258,0.3225806451612903,0.1612903225806451,0.6451612903225806,0.0195305016129032,1.935483870967741,ST,26,58,24,20,24,61,20,21,52,50,66,39,61,60,53,9,67,46,62,43,58,63,35,51,50,51,39,57,58,64,91,46,52,72,52,17,51,15,15,34,11,27,24,18,9,67,9,17,7,65,20,13,61,54,76,39,70,74,67,4,76,46,89,46,76,83,41,51,50,51,39,57,58,64,91,46,52,72,59,11,80,11,13,37,7,17,11,4,Veikkausliiga
SJK,ea3yd0dgq6uy6pupkpn17j5xg,4a8qjfagq2xr6wqsv875jth0q,V. Hänninen,Vertti Hänninen,24.0,Midfielder,Finland,Midfielder,35.0,3.0,41.0,4.0,73.0,1.0,1.0,2.0,2.0,2.0,0.0,1.0,7.0,8.0,11.0,2.0,0.0,4.0,273.0,0.0,8.0,1.0,3.0,5.0,0.0,0.0,0.0,75.26,40.0,17.65,42.86,0.0,37.93,50.0,83.33,0.1673352325681172,0.1170326770022196,0.0,2.0,0.03682666,0.0,8.0,7.0,0.15215504,25.0,11.538461538461538,0.989010989010989,13.516483516483516,1.3186813186813189,24.065934065934066,0.3296703296703296,0.3296703296703296,0.6593406593406593,0.6593406593406593,0.6593406593406593,0.0,0.3296703296703296,2.307692307692308,2.6373626373626373,3.6263736263736255,0.6593406593406593,0.0,1.3186813186813189,0.0,2.6373626373626373,0.3296703296703296,0.989010989010989,1.6483516483516485,0.0,0.0,0.0,75.26,40.0,17.65,42.86,0.0,37.93,50.0,83.33,0.0551654612861924,0.0385822012095229,0.0,0.6593406593406593,0.0121406571428571,0.0,2.6373626373626373,2.307692307692308,0.0501610021978021,8.241758241758243,RM/RCM,17,50,17,25,17,33,67,33,42,50,17,50,50,50,17,17,33,50,25,50,17,50,33,58,58,58,33,33,17,83,25,17,67,100,33,33,17,33,33,25,25,17,17,17,67,67,33,67,33,67,100,33,50,50,17,50,83,83,50,50,33,83,25,83,17,67,67,58,58,58,33,33,17,83,25,17,67,100,50,33,17,33,33,25,83,17,17,33,Veikkausliiga
SJK,ea3yd0dgq6uy6pupkpn17j5xg,56br2o6z080833h8g2kz70a38,M. Suso,Muhammed Suso,20.0,Attacker,Gambia,Striker,41.0,4.0,121.0,9.0,158.0,4.0,1.0,11.0,26.0,17.0,9.0,4.0,21.0,21.0,39.0,5.0,1.0,5.0,835.0,11.0,44.0,13.0,12.0,8.0,0.0,0.0,0.0,77.83,69.23,11.43,57.14,42.31,40.21,21.05,80.0,2.260124566879614,1.1394393738367157,13.0,31.0,1.0031822899999998,6.0,6.0,15.0,0.9091657000000004,49.0,4.419161676646707,0.4311377245508981,13.04191616766467,0.9700598802395208,17.02994011976048,0.4311377245508981,0.1077844311377245,1.18562874251497,2.802395209580838,1.8323353293413167,0.9700598802395208,0.4311377245508981,2.2634730538922154,2.2634730538922154,4.203592814371257,0.5389221556886227,0.1077844311377245,0.5389221556886227,1.18562874251497,4.742514970059879,1.401197604790419,1.2934131736526946,0.8622754491017963,0.0,0.0,0.0,77.83,69.23,11.43,57.14,42.31,40.21,21.05,80.0,0.2436062407415152,0.1228138247249154,1.401197604790419,3.341317365269461,0.1081274324550898,0.6467065868263473,0.6467065868263473,1.616766467065868,0.0979939077844311,5.281437125748503,ST,57,80,78,86,67,34,54,62,66,62,83,52,84,79,62,55,37,87,67,59,70,89,79,51,50,51,78,93,52,90,59,55,22,77,63,76,96,97,98,70,53,65,74,65,52,78,76,89,74,22,54,61,54,50,78,33,72,67,52,30,30,83,63,50,61,91,70,51,50,51,78,93,52,90,59,55,22,77,41,76,93,91,91,65,26,65,78,61,Veikkausliiga
SJK,ea3yd0dgq6uy6pupkpn17j5xg,6579suybbobyazw9em1ztg844,Caio Araújo,Caio de Oliveira Araújo,21.0,Midfielder,Brazil,Midfielder,98.0,3.0,127.0,16.0,222.0,2.0,0.0,6.0,6.0,2.0,4.0,2.0,7.0,7.0,28.0,7.0,0.0,7.0,618.0,2.0,9.0,11.0,3.0,9.0,0.0,1.0,1.0,86.38,76.19,20.0,42.86,33.33,44.44,28.57,75.0,0.3095991501728145,0.5154140315898228,1.0,7.0,0.18223824,1.0,25.0,23.0,0.48442197,100.0,14.271844660194176,0.4368932038834952,18.495145631067963,2.330097087378641,32.33009708737864,0.2912621359223301,0.0,0.8737864077669903,0.8737864077669903,0.2912621359223301,0.5825242718446603,0.2912621359223301,1.019417475728155,1.019417475728155,4.077669902912621,1.019417475728155,0.0,1.019417475728155,0.2912621359223301,1.3106796116504855,1.6019417475728157,0.4368932038834952,1.3106796116504855,0.0,0.145631067961165,0.145631067961165,86.38,76.19,20.0,42.86,33.33,44.44,28.57,75.0,0.045087254879536,0.0750602958625955,0.145631067961165,1.019417475728155,0.0265395495145631,0.145631067961165,3.6407766990291264,3.3495145631067964,0.0705468888349514,14.563106796116504,CM/AM,56,44,37,73,44,21,23,31,31,17,60,28,31,29,41,49,17,65,28,21,53,40,55,51,96,100,77,97,49,58,53,33,28,92,18,28,23,17,13,13,50,36,23,41,72,44,46,87,54,18,23,21,23,10,62,26,26,26,49,64,17,87,26,21,67,41,79,51,97,100,77,97,49,58,53,33,28,92,8,26,18,8,10,10,56,44,15,56,Veikkausliiga
SJK,ea3yd0dgq6uy6pupkpn17j5xg,7ddd7xvczzdgiy94c0uqh4ve1,Murilo Henrique,Murilo Henrique de Araujo Santos,30.0,Defender,Brazil,Midfielder,54.0,11.0,100.0,9.0,143.0,3.0,0.0,8.0,2.0,1.0,1.0,1.0,7.0,7.0,12.0,4.0,1.0,3.0,356.0,1.0,1.0,2.0,5.0,1.0,0.0,0.0,0.0,83.14,40.91,20.75,71.43,50.0,50.0,60.0,50.0,0.1199900788116351,0.9816456809496694,2.0,8.0,0.22905687,6.0,16.0,24.0,1.339884740000001,80.0,13.651685393258427,2.7808988764044944,25.280898876404493,2.2752808988764044,36.151685393258425,0.7584269662921348,0.0,2.02247191011236,0.5056179775280899,0.2528089887640449,0.2528089887640449,0.2528089887640449,1.7696629213483146,1.7696629213483146,3.033707865168539,1.0112359550561798,0.2528089887640449,0.7584269662921348,0.2528089887640449,0.2528089887640449,0.5056179775280899,1.2640449438202246,0.2528089887640449,0.0,0.0,0.0,83.14,40.91,20.75,71.43,50.0,50.0,60.0,50.0,0.0303345704860875,0.2481688519254782,0.5056179775280899,2.02247191011236,0.0579076356741573,1.5168539325842696,4.044943820224719,6.067415730337078,0.3387349061797755,20.2247191011236,LB/LCB,29,64,33,38,33,19,29,48,21,26,40,40,36,36,24,7,88,26,48,14,24,45,19,45,52,52,71,67,38,86,93,29,60,29,14,62,57,33,38,50,38,38,48,38,62,100,95,76,71,33,29,81,38,29,48,67,71,67,24,5,100,19,90,10,33,81,14,45,52,52,71,67,38,86,93,29,60,29,33,90,76,86,86,81,67,86,100,76,Veikkausliiga
SJK,ea3yd0dgq6uy6pupkpn17j5xg,9kw6w7xecw08ixwux0q17i4iy,Facundo Costantini,Facundo Costantini,26.0,Defender,Brazil,Defender,95.0,0.0,42.0,7.0,137.0,8.0,0.0,0.0,4.0,3.0,1.0,0.0,0.0,0.0,10.0,11.0,0.0,3.0,180.0,2.0,4.0,1.0,0.0,1.0,0.0,0.0,0.0,84.05,31.82,0.0,0.0,50.0,58.82,66.67,100.0,0.4248383283372946,0.0,1.0,4.0,0.07903315,1.0,17.0,12.0,0.31177846,82.0,47.5,0.0,21.0,3.5,68.5,4.0,0.0,0.0,2.0,1.5,0.5,0.0,0.0,0.0,5.0,5.5,0.0,1.5,1.0,2.0,0.5,0.0,0.5,0.0,0.0,0.0,84.05,31.82,0.0,0.0,50.0,58.82,66.67,100.0,0.2124191641686473,0.0,0.5,2.0,0.039516575,0.5,8.5,6.0,0.15588923,41.0,CB,20,31,10,15,12,22,38,11,40,37,60,14,10,10,10,16,35,14,64,17,9,15,7,43,50,51,45,14,31,15,90,57,77,97,39,12,58,30,31,36,29,14,16,12,92,31,71,76,92,98,38,11,96,94,88,14,10,10,69,58,35,88,99,81,28,15,23,43,50,51,45,14,31,15,90,57,77,97,94,12,92,83,82,71,98,82,94,82,Veikkausliiga
SJK,ea3yd0dgq6uy6pupkpn17j5xg,9zarnui5mw164tuv52fql4vmc,E. Onuoha,Eze Onuoha,17.0,Midfielder,Finland,Midfielder,164.0,7.0,187.0,16.0,344.0,0.0,1.0,13.0,6.0,5.0,1.0,1.0,23.0,23.0,55.0,5.0,2.0,10.0,1068.0,4.0,21.0,15.0,14.0,14.0,0.0,0.0,0.0,91.01,69.57,77.78,60.87,66.67,43.65,0.0,53.85,0.7892350728029652,1.0533318118982806,1.0,21.0,0.5631841599999999,17.0,27.0,26.0,1.23103633,154.0,13.820224719101123,0.5898876404494382,15.758426966292134,1.348314606741573,28.988764044943817,0.0,0.0842696629213483,1.095505617977528,0.5056179775280899,0.4213483146067415,0.0842696629213483,0.0842696629213483,1.9382022471910112,1.9382022471910112,4.634831460674157,0.4213483146067415,0.1685393258426966,0.8426966292134831,0.3370786516853932,1.7696629213483146,1.2640449438202246,1.1797752808988764,1.1797752808988764,0.0,0.0,0.0,91.01,69.57,77.78,60.87,66.67,43.65,0.0,53.85,0.0665085735508116,0.0887639167330011,0.0842696629213483,1.7696629213483146,0.0474593393258426,1.4325842696629212,2.2752808988764044,2.191011235955056,0.1037390165730337,12.97752808988764,CM/AM,78,64,64,73,72,4,56,60,31,45,15,13,82,82,81,29,78,82,59,54,63,88,83,51,47,50,95,92,100,97,95,31,4,41,49,59,23,64,62,83,60,40,59,72,67,54,28,46,49,4,46,28,8,26,13,13,72,69,62,10,72,69,41,31,44,79,74,51,47,50,95,92,100,97,95,31,4,41,28,28,13,41,44,82,33,18,41,49,Veikkausliiga
SJK,ea3yd0dgq6uy6pupkpn17j5xg,ag78l8kpc7icq4payr6mgyej8,S. Yussif,Salim Yussif,24.0,Defender,Ghana,Defender,237.0,6.0,266.0,14.0,497.0,11.0,2.0,10.0,9.0,1.0,8.0,3.0,58.0,61.0,102.0,29.0,0.0,16.0,1395.0,2.0,13.0,23.0,31.0,19.0,0.0,0.0,0.0,86.14,37.84,20.69,53.45,22.22,54.55,68.75,51.35,0.4488560479951103,0.956869548388564,7.0,38.0,0.9880308999999996,15.0,35.0,50.0,1.8249094100000016,213.0,15.290322580645162,0.3870967741935484,17.161290322580644,0.9032258064516128,32.064516129032256,0.7096774193548387,0.1290322580645161,0.6451612903225806,0.5806451612903226,0.064516129032258,0.5161290322580645,0.1935483870967742,3.741935483870968,3.935483870967742,6.580645161290323,1.870967741935484,0.0,1.032258064516129,0.1290322580645161,0.8387096774193549,1.4838709677419355,2.0,1.2258064516129032,0.0,0.0,0.0,86.14,37.84,20.69,53.45,22.22,54.55,68.75,51.35,0.0289584547093619,0.061733519250875,0.4516129032258064,2.4516129032258065,0.063743929032258,0.967741935483871,2.2580645161290325,3.225806451612903,0.117736090967742,13.741935483870968,RB/RCB,76,83,81,45,76,67,86,88,86,29,95,86,100,100,98,57,38,81,62,57,88,100,81,48,52,52,90,62,48,62,33,52,100,10,62,90,95,100,100,90,71,71,81,76,43,48,62,24,52,33,71,62,62,19,95,86,95,95,90,24,38,57,48,33,67,90,52,48,52,52,90,62,48,62,33,52,100,10,43,62,90,90,90,71,48,57,57,52,Veikkausliiga
SJK,ea3yd0dgq6uy6pupkpn17j5xg,amdo0gvq5yaascwon92mhyaga,E. Mömmö,Eetu Mömmö,24.0,Attacker,Finland,Striker,142.0,29.0,199.0,14.0,312.0,12.0,2.0,24.0,10.0,5.0,5.0,4.0,11.0,11.0,43.0,35.0,1.0,7.0,984.0,3.0,15.0,12.0,7.0,9.0,1.0,0.0,0.0,83.42,46.67,27.1,63.64,30.0,49.43,32.43,75.0,1.2255826843121262,3.210769571257708,2.0,28.0,0.74241804,16.0,32.0,51.0,3.3156125299999992,134.0,12.98780487804878,2.652439024390244,18.20121951219512,1.2804878048780488,28.536585365853657,1.0975609756097562,0.1829268292682926,2.1951219512195124,0.9146341463414634,0.4573170731707317,0.4573170731707317,0.3658536585365853,1.0060975609756098,1.0060975609756098,3.932926829268293,3.201219512195122,0.0914634146341463,0.6402439024390244,0.274390243902439,1.371951219512195,1.0975609756097562,0.6402439024390244,0.823170731707317,0.0914634146341463,0.0,0.0,83.42,46.67,27.1,63.64,30.0,49.43,32.43,75.0,0.11209597722367,0.293667948590644,0.1829268292682926,2.5609756097560976,0.0679040890243902,1.4634146341463414,2.926829268292683,4.664634146341463,0.3032572435975609,12.25609756097561,LW,92,100,85,92,92,92,88,100,50,46,65,58,38,31,62,92,62,77,50,38,69,62,77,100,54,54,77,69,77,100,46,85,62,85,62,100,27,77,69,85,92,92,100,92,92,100,85,92,92,77,77,92,23,23,31,23,8,8,31,100,62,69,31,8,31,23,62,100,54,54,77,69,77,100,46,85,62,85,23,100,15,38,31,62,100,100,100,92,Veikkausliiga
SJK,ea3yd0dgq6uy6pupkpn17j5xg,atuux3o3j8eidgijk0799p5p0,S. Bagayogo,Souleimane Bagayogo,19.0,Defender,Mali,Striker,13.0,0.0,6.0,3.0,19.0,2.0,0.0,0.0,0.0,0.0,0.0,0.0,0.0,0.0,4.0,7.0,0.0,2.0,90.0,0.0,0.0,1.0,0.0,0.0,0.0,0.0,0.0,79.17,42.86,0.0,0.0,0.0,40.0,33.33,0.0,0.0,0.0,0.0,0.0,0.0,0.0,0.0,0.0,0.0,0.0,13.0,0.0,6.0,3.0,19.0,2.0,0.0,0.0,0.0,0.0,0.0,0.0,0.0,0.0,4.0,7.0,0.0,2.0,0.0,0.0,1.0,0.0,0.0,0.0,0.0,0.0,79.17,42.86,0.0,0.0,0.0,40.0,33.33,0.0,0.0,0.0,0.0,0.0,0.0,0.0,0.0,0.0,0.0,0.0,CB,2,31,3,6,2,7,38,11,4,4,24,14,10,10,3,5,35,9,15,3,9,15,2,43,50,51,16,49,31,15,15,2,11,2,4,12,26,6,6,14,3,3,3,3,14,31,3,60,6,48,38,11,4,4,24,14,10,10,43,92,35,97,15,3,81,15,2,43,50,51,16,49,31,15,15,2,11,2,4,12,26,6,6,14,3,3,3,3,Veikkausliiga
SJK,ea3yd0dgq6uy6pupkpn17j5xg,ayl3txfejfa46xvwnzzd76vze,K. Paananen,Kasper Paananen,23.0,Attacker,Finland,Striker,88.0,17.0,189.0,23.0,260.0,3.0,2.0,20.0,38.0,23.0,15.0,12.0,25.0,25.0,40.0,6.0,4.0,3.0,1215.0,16.0,52.0,13.0,11.0,4.0,0.0,0.0,0.0,78.79,60.53,37.78,44.0,42.11,33.33,15.79,30.77,3.557640447458759,2.250708307463468,10.0,21.0,0.5800143499999999,9.0,41.0,56.0,1.6609207899999998,129.0,6.518518518518518,1.2592592592592593,14.0,1.7037037037037035,19.25925925925926,0.2222222222222222,0.1481481481481481,1.4814814814814814,2.814814814814815,1.7037037037037035,1.1111111111111112,0.8888888888888888,1.851851851851852,1.851851851851852,2.962962962962963,0.4444444444444444,0.2962962962962963,0.2222222222222222,1.1851851851851851,3.851851851851852,0.9629629629629628,0.8148148148148148,0.2962962962962963,0.0,0.0,0.0,78.79,60.53,37.78,44.0,42.11,33.33,15.79,30.77,0.2635289220339821,0.1667191338861828,0.7407407407407407,1.5555555555555556,0.0429640259259259,0.6666666666666666,3.037037037037037,4.148148148148148,0.1230311696296296,9.555555555555555,ST,91,95,96,100,96,27,80,90,80,75,98,92,87,87,65,64,76,66,82,68,70,86,48,51,50,51,83,76,91,72,54,26,13,7,76,93,86,85,74,86,100,100,93,98,89,89,85,100,80,11,59,78,57,43,89,83,59,57,26,24,54,52,61,33,39,67,17,51,50,51,83,76,91,72,54,26,13,7,48,89,70,70,59,67,98,98,89,96,Veikkausliiga
SJK,ea3yd0dgq6uy6pupkpn17j5xg,c7jcfzshrka86x5q2hoqo0duc,A. Boström,Aapo Boström,20.0,Midfielder,Finland,Midfielder,260.0,4.0,297.0,26.0,553.0,7.0,0.0,14.0,7.0,3.0,4.0,2.0,15.0,15.0,73.0,16.0,0.0,7.0,997.0,3.0,10.0,17.0,8.0,28.0,0.0,0.0,0.0,88.2,56.52,18.18,53.33,42.86,60.33,53.85,68.29,0.620296900521633,0.7993460617453154,4.0,19.0,0.38141239,9.0,56.0,59.0,1.6775017900000009,282.0,23.470411233701103,0.3610832497492477,26.81043129388165,2.3470411233701105,49.9197592778335,0.6318956870611836,0.0,1.2637913741223672,0.6318956870611836,0.2708124373119358,0.3610832497492477,0.1805416248746238,1.3540621865596791,1.3540621865596791,6.589769307923771,1.444332998996991,0.0,0.6318956870611836,0.2708124373119358,0.9027081243731194,1.534603811434303,0.7221664994984955,2.5275827482447344,0.0,0.0,0.0,88.2,56.52,18.18,53.33,42.86,60.33,53.85,68.29,0.0559947051624342,0.0721576184123153,0.3610832497492477,1.715145436308927,0.0344304063189568,0.8124373119358075,5.055165496489469,5.325977933801404,0.1514294494483451,25.456369107321965,DM/CM,64,77,61,52,58,50,29,71,32,35,38,38,79,71,77,50,24,24,55,39,64,76,97,45,52,52,79,80,45,64,88,97,79,67,36,48,44,50,42,62,58,61,64,64,67,82,79,64,73,48,29,82,30,30,33,33,70,67,97,52,24,9,55,36,70,82,97,45,52,52,79,80,45,64,88,97,79,67,33,70,48,61,48,76,70,76,79,82,Veikkausliiga
SJK,ea3yd0dgq6uy6pupkpn17j5xg,ciursygt8i2deeszjdebb28yx,E. Mastokangas,Elias Mastokangas,25.0,Attacker,Finland,Striker,98.0,14.0,152.0,9.0,236.0,2.0,2.0,16.0,8.0,5.0,3.0,4.0,8.0,9.0,14.0,7.0,1.0,4.0,617.0,1.0,15.0,3.0,1.0,6.0,0.0,0.0,0.0,84.29,40.91,25.93,12.5,12.5,31.82,28.57,75.0,0.6435890897666503,1.6810335168827748,4.0,28.0,0.6881497799999998,14.0,28.0,44.0,2.3003712500000004,106.0,14.294975688816857,2.0421393841166937,22.17179902755268,1.312803889789303,34.42463533225284,0.2917341977309562,0.2917341977309562,2.33387358184765,1.166936790923825,0.7293354943273906,0.4376012965964344,0.5834683954619125,1.166936790923825,1.312803889789303,2.0421393841166937,1.0210696920583469,0.1458670988654781,0.5834683954619125,0.1458670988654781,2.188006482982172,0.4376012965964344,0.1458670988654781,0.8752025931928687,0.0,0.0,0.0,84.29,40.91,25.93,12.5,12.5,31.82,28.57,75.0,0.093878473385735,0.2452074822033221,0.5834683954619125,4.084278768233387,0.1003784119935169,2.0421393841166937,4.084278768233387,6.418152350081038,0.3355484805510536,15.46191247974068,ST,100,89,85,86,89,20,80,82,29,24,39,52,41,41,28,72,37,77,14,29,24,23,71,51,50,51,98,35,80,15,12,24,34,72,24,85,43,93,85,99,98,98,98,91,100,100,100,96,100,15,89,98,13,15,33,59,35,33,7,72,33,87,11,4,15,17,72,51,50,51,98,35,80,15,12,24,34,72,15,96,50,98,89,98,100,100,100,100,Veikkausliiga
SJK,ea3yd0dgq6uy6pupkpn17j5xg,d7fbq3piag375ujo9q9njqq6s,D. Bulgakov,Danila Bulgakov,21.0,Attacker,Finland,Striker,10.0,3.0,42.0,2.0,49.0,1.0,0.0,4.0,2.0,1.0,1.0,0.0,3.0,3.0,10.0,2.0,0.0,0.0,175.0,0.0,7.0,3.0,3.0,3.0,0.0,0.0,0.0,75.38,50.0,18.75,100.0,0.0,76.92,50.0,100.0,0.1724523226707761,0.4798237313969716,1.0,10.0,0.24242299,4.0,3.0,5.0,0.37036251,15.0,5.142857142857143,1.542857142857143,21.6,1.0285714285714287,25.2,0.5142857142857143,0.0,2.0571428571428574,1.0285714285714287,0.5142857142857143,0.5142857142857143,0.0,1.542857142857143,1.542857142857143,5.142857142857143,1.0285714285714287,0.0,0.0,0.0,3.6,1.542857142857143,1.542857142857143,1.542857142857143,0.0,0.0,0.0,75.38,50.0,18.75,100.0,0.0,76.92,50.0,100.0,0.0886897659449705,0.2467664904327282,0.5142857142857143,5.142857142857143,0.1246746805714285,2.0571428571428574,1.542857142857143,2.571428571428572,0.1904721479999999,7.714285714285714,ST,20,75,33,39,28,10,20,39,7,5,17,5,12,12,17,21,14,17,5,10,24,46,35,51,50,51,65,57,67,99,5,100,79,92,9,48,20,48,41,52,25,36,46,25,67,96,98,91,98,28,20,91,11,9,52,5,48,41,65,74,14,17,5,28,65,96,89,51,50,51,65,57,67,99,5,100,79,92,13,98,43,100,98,100,87,91,96,91,Veikkausliiga
SJK,ea3yd0dgq6uy6pupkpn17j5xg,dytql3b2co1cst72z5qf879pl,J. Streng,Jeremiah Streng,24.0,Attacker,Finland,Striker,89.0,6.0,98.0,8.0,181.0,20.0,1.0,14.0,47.0,41.0,6.0,10.0,13.0,13.0,39.0,11.0,4.0,0.0,1255.0,15.0,71.0,6.0,5.0,6.0,0.0,0.0,0.0,73.88,66.67,26.09,38.46,31.91,40.21,52.63,66.67,5.718832144749002,1.127858916180687,6.0,14.0,0.39930095,3.0,13.0,19.0,0.8897142899999999,55.0,6.382470119521912,0.4302788844621514,7.027888446215139,0.5737051792828686,12.9800796812749,1.4342629482071714,0.0717131474103585,1.00398406374502,3.3705179282868527,2.940239043824701,0.4302788844621514,0.7171314741035857,0.9322709163346612,0.9322709163346612,2.796812749003984,0.7888446215139442,0.2868525896414343,0.0,1.0756972111553784,5.091633466135458,0.4302788844621514,0.3585657370517928,0.4302788844621514,0.0,0.0,0.0,73.88,66.67,26.09,38.46,31.91,40.21,52.63,66.67,0.4101154526114822,0.0808823127141528,0.4302788844621514,1.00398406374502,0.0286351278884462,0.2151394422310757,0.9322709163346612,1.3625498007968126,0.0638042120318725,3.944223107569721,ST,93,87,68,82,79,77,54,74,89,93,66,88,55,53,62,83,76,17,78,80,45,53,71,51,50,51,57,86,83,54,28,55,83,54,89,74,59,66,61,42,74,74,72,70,87,76,22,61,41,52,46,52,80,83,30,70,20,17,22,52,50,17,54,54,13,37,28,51,50,51,57,86,83,54,28,55,83,54,87,52,28,41,28,26,46,52,54,33,Veikkausliiga
SJK,ea3yd0dgq6uy6pupkpn17j5xg,f2hzgos2s0wri26qn11hcial0,L. Vesterbacka,Leon Vesterbacka,18.0,Midfielder,Finland,Midfielder,9.0,1.0,36.0,3.0,44.0,1.0,0.0,3.0,2.0,2.0,0.0,2.0,5.0,8.0,9.0,0.0,0.0,3.0,159.0,0.0,8.0,2.0,1.0,4.0,0.0,0.0,0.0,88.0,50.0,20.0,20.0,0.0,40.91,50.0,80.0,0.2143189713701494,0.0769663661214931,0.0,10.0,0.2729022799999999,3.0,4.0,5.0,0.33718394,16.0,5.09433962264151,0.5660377358490566,20.37735849056604,1.69811320754717,24.90566037735849,0.5660377358490566,0.0,1.69811320754717,1.1320754716981132,1.1320754716981132,0.0,1.1320754716981132,2.830188679245284,4.528301886792453,5.09433962264151,0.0,0.0,1.69811320754717,0.0,4.528301886792453,1.1320754716981132,0.5660377358490566,2.2641509433962264,0.0,0.0,0.0,88.0,50.0,20.0,20.0,0.0,40.91,50.0,80.0,0.1213126253038581,0.0435658676159394,0.0,5.660377358490567,0.1544729886792452,1.69811320754717,2.2641509433962264,2.830188679245284,0.1908588339622641,9.056603773584904,LM/LCM,33,50,33,33,33,67,50,67,67,67,50,67,67,67,67,50,50,67,50,67,67,50,67,67,67,67,67,33,50,33,50,67,100,100,67,33,50,50,67,33,33,33,33,33,33,100,67,67,33,100,50,100,67,67,50,100,100,100,100,50,50,100,50,100,100,67,100,67,67,67,67,33,50,33,50,67,100,100,67,33,50,100,100,100,67,67,100,67,Veikkausliiga
SJK,ea3yd0dgq6uy6pupkpn17j5xg,ro21tqqaeslyebto6ukon5zo,A. Wilson,Armaan Wilson,24.0,Midfielder,Canada,Midfielder,207.0,3.0,303.0,35.0,507.0,11.0,2.0,12.0,17.0,13.0,4.0,2.0,7.0,7.0,52.0,27.0,0.0,10.0,1288.0,4.0,25.0,13.0,3.0,18.0,0.0,0.0,0.0,90.37,66.04,25.0,42.86,23.53,54.74,57.89,69.23,1.9179576279232025,0.9248862384460508,5.0,26.0,0.55635594,10.0,62.0,63.0,1.6260704099999992,278.0,14.464285714285714,0.2096273291925465,21.172360248447205,2.4456521739130435,35.42701863354037,0.7686335403726707,0.139751552795031,0.8385093167701863,1.187888198757764,0.9083850931677018,0.2795031055900621,0.139751552795031,0.4891304347826086,0.4891304347826086,3.633540372670807,1.886645962732919,0.0,0.6987577639751552,0.2795031055900621,1.746894409937888,0.9083850931677018,0.2096273291925465,1.2577639751552794,0.0,0.0,0.0,90.37,66.04,25.0,42.86,23.53,54.74,57.89,69.23,0.1340187783486709,0.0646271439907954,0.3493788819875776,1.8167701863354035,0.0388758032608695,0.6987577639751552,4.332298136645963,4.402173913043479,0.1136229323757763,19.425465838509314,DM/CM,45,70,64,67,48,71,92,62,74,92,38,38,30,26,48,73,24,44,67,82,47,36,65,45,52,52,91,94,58,38,42,79,88,70,88,67,59,79,73,67,64,70,61,61,27,58,64,67,42,61,94,58,70,91,24,24,18,18,30,76,24,12,61,73,36,21,67,45,52,52,91,94,58,38,42,79,88,70,85,58,42,67,64,61,61,61,61,55,Veikkausliiga
Ilves,2rdnn9p03qrmmv34tyx1nahpa,1vt9w739g9cui1qrjhld5jgt1,S. Väisänen,Sauli Väisänen,32.0,Defender,Finland,Defender,284.0,0.0,79.0,12.0,363.0,16.0,0.0,0.0,4.0,4.0,0.0,1.0,1.0,1.0,31.0,42.0,0.0,6.0,509.0,1.0,7.0,6.0,1.0,4.0,0.0,0.0,0.0,88.97,30.0,0.0,100.0,25.0,63.27,61.54,44.44,0.4942628134295283,0.0,0.0,2.0,0.03608883,0.0,21.0,20.0,0.4573828299999998,249.0,50.216110019646365,0.0,13.968565815324164,2.1218074656188604,64.18467583497052,2.829076620825147,0.0,0.0,0.7072691552062867,0.7072691552062867,0.0,0.1768172888015717,0.1768172888015717,0.1768172888015717,5.481335952848723,7.426326129666012,0.0,1.0609037328094302,0.1768172888015717,1.237721021611002,1.0609037328094302,0.1768172888015717,0.7072691552062867,0.0,0.0,0.0,88.97,30.0,0.0,100.0,25.0,63.27,61.54,44.44,0.0873942106260462,0.0,0.0,0.3536345776031434,0.0063811290766208,0.0,3.713163064833006,3.536345776031434,0.0808731919449901,44.02750491159135,CB,47,31,24,26,37,41,38,11,40,47,24,41,29,28,29,47,35,33,40,37,49,40,24,43,50,51,67,8,31,95,55,84,59,10,45,12,26,20,16,14,33,30,22,51,98,31,31,37,88,84,38,11,55,65,24,61,39,39,82,94,35,59,63,59,84,53,43,43,50,51,67,8,31,95,55,84,59,10,63,12,26,27,24,14,53,41,27,92,Veikkausliiga
Ilves,2rdnn9p03qrmmv34tyx1nahpa,20bqqlems9oasr1azr7ss72tw,Y. Raap,Yiandro Raap,20.0,Midfielder,Venezuela,Midfielder,142.0,1.0,151.0,7.0,292.0,2.0,1.0,7.0,9.0,4.0,5.0,2.0,31.0,31.0,61.0,5.0,1.0,8.0,872.0,2.0,14.0,26.0,13.0,10.0,0.0,0.0,0.0,88.48,70.0,100.0,41.94,22.22,48.41,33.33,50.0,0.6611960084119668,0.5164833759209528,1.0,19.0,0.55284807,5.0,28.0,30.0,0.6491050700000002,142.0,14.655963302752294,0.1032110091743119,15.584862385321102,0.7224770642201835,30.137614678899084,0.2064220183486238,0.1032110091743119,0.7224770642201835,0.9288990825688074,0.4128440366972477,0.5160550458715597,0.2064220183486238,3.19954128440367,3.19954128440367,6.295871559633028,0.5160550458715597,0.1032110091743119,0.8256880733944955,0.2064220183486238,1.444954128440367,2.6834862385321103,1.3417431192660552,1.0321100917431194,0.0,0.0,0.0,88.48,70.0,100.0,41.94,22.22,48.41,33.33,50.0,0.0682427072902259,0.053306770450557,0.1032110091743119,1.961009174311927,0.0570600072247706,0.5160550458715597,2.889908256880734,3.096330275229358,0.0669947893348624,14.655963302752294,DM/CM,24,39,24,24,24,18,71,36,47,48,50,38,97,97,58,15,67,33,35,55,91,91,36,45,52,52,85,97,98,33,39,33,24,24,39,36,12,50,70,38,24,32,21,27,30,42,18,18,21,15,85,42,58,61,52,45,100,100,91,3,73,30,39,58,97,97,36,45,52,52,85,97,98,33,39,33,24,24,52,45,12,76,88,39,33,18,12,27,Veikkausliiga
Ilves,2rdnn9p03qrmmv34tyx1nahpa,2ds2jprriwxkden7xw0pvhe51,T. Miettunen,Tatu Miettunen,31.0,Defender,Finland,Defender,644.0,0.0,296.0,55.0,940.0,29.0,0.0,0.0,5.0,5.0,0.0,0.0,3.0,4.0,75.0,86.0,0.0,16.0,1331.0,2.0,6.0,16.0,2.0,18.0,0.0,0.0,0.0,89.44,46.22,0.0,66.67,40.0,64.1,56.86,64.29,0.6394794237218036,0.0,0.0,13.0,0.25307586,0.0,67.0,71.0,1.538780390000001,645.0,43.54620586025545,0.0,20.015026296018032,3.7190082644628095,63.56123215627348,1.960931630353118,0.0,0.0,0.33809166040571,0.33809166040571,0.0,0.0,0.2028549962434259,0.270473328324568,5.07137490608565,5.815176558978211,0.0,1.081893313298272,0.135236664162284,0.4057099924868519,1.081893313298272,0.135236664162284,1.217129977460556,0.0,0.0,0.0,89.44,46.22,0.0,66.67,40.0,64.1,56.86,64.29,0.0432405320322782,0.0,0.0,0.8790383170548459,0.0171125675432005,0.0,4.530428249436514,4.800901577761081,0.1040497634109692,43.61382419233659,CB,92,31,85,82,92,82,38,11,51,59,24,14,51,54,88,84,35,76,64,30,90,56,88,43,50,51,76,65,31,79,79,88,48,53,59,12,26,67,65,14,84,76,69,94,82,31,67,80,82,45,38,11,39,41,24,14,47,51,73,69,35,61,57,14,88,49,78,43,50,51,76,65,31,79,79,88,48,53,39,12,26,53,51,14,65,63,49,90,Veikkausliiga
Ilves,2rdnn9p03qrmmv34tyx1nahpa,5msckfem6wvr8h2egmxqgn5zo,J. Kanga,Jardell Kanga,20.0,Midfielder,Sweden,Midfielder,164.0,6.0,349.0,19.0,507.0,5.0,5.0,31.0,26.0,23.0,3.0,4.0,49.0,53.0,88.0,8.0,10.0,8.0,1402.0,19.0,70.0,30.0,23.0,15.0,0.0,0.0,0.0,80.6,45.24,17.65,46.94,73.08,58.67,50.0,50.0,2.044289459249901,2.609980625809391,4.0,54.0,1.5423947999999994,23.0,48.0,64.0,2.5254636999999995,229.0,10.527817403708989,0.3851640513552068,22.4037089871612,1.2196861626248217,32.54636233951498,0.3209700427960057,0.3209700427960057,1.9900142653352355,1.6690442225392297,1.4764621968616265,0.1925820256776034,0.2567760342368045,3.145506419400856,3.4022824536376604,5.6490727532097,0.5135520684736091,0.6419400855920114,0.5135520684736091,1.2196861626248217,4.49358059914408,1.9258202567760343,1.4764621968616265,0.9629101283880172,0.0,0.0,0.0,80.6,45.24,17.65,46.94,73.08,58.67,50.0,50.0,0.1312311350445728,0.1675451186325572,0.2567760342368045,3.466476462196862,0.0990125049928672,1.4764621968616265,3.081312410841655,4.108416547788873,0.1621196383737517,14.70042796005706,CM/AM,78,60,87,77,82,51,99,92,85,100,47,62,97,99,94,56,100,71,97,100,90,96,92,51,47,50,51,28,41,64,97,91,65,31,85,87,69,95,92,97,77,79,82,85,44,38,64,41,56,26,90,79,72,87,21,21,97,97,82,13,100,54,97,87,74,95,56,51,47,50,51,28,41,64,97,91,65,31,56,72,38,85,82,87,51,51,56,59,Veikkausliiga
Ilves,2rdnn9p03qrmmv34tyx1nahpa,6j8sbzewfzr0kjs2acm6r7tw4,O. Tiitinen,Otto Tiitinen,18.0,Midfielder,Finland,Midfielder,170.0,0.0,163.0,4.0,333.0,3.0,0.0,1.0,3.0,1.0,2.0,1.0,11.0,11.0,26.0,12.0,1.0,4.0,597.0,1.0,3.0,7.0,3.0,6.0,1.0,0.0,0.0,87.4,30.77,0.0,27.27,33.33,41.94,75.0,46.15,0.3096524068444791,0.0828692961218372,2.0,11.0,0.23900232,1.0,29.0,27.0,0.7262705,158.0,25.628140703517587,0.0,24.57286432160804,0.6030150753768844,50.201005025125625,0.4522613065326633,0.0,0.1507537688442211,0.4522613065326633,0.1507537688442211,0.3015075376884422,0.1507537688442211,1.658291457286432,1.658291457286432,3.919597989949749,1.809045226130653,0.1507537688442211,0.6030150753768844,0.1507537688442211,0.4522613065326633,1.0552763819095476,0.4522613065326633,0.9045226130653266,0.1507537688442211,0.0,0.0,87.4,30.77,0.0,27.27,33.33,41.94,75.0,46.15,0.0466812673634893,0.0124928587118347,0.3015075376884422,1.658291457286432,0.0360305005025125,0.1507537688442211,4.371859296482412,4.0703517587939695,0.1094880150753768,23.81909547738693,DM/CM,36,17,30,12,33,24,29,5,14,14,18,23,52,48,20,27,67,12,18,9,23,36,15,94,52,52,73,15,17,18,70,12,100,12,12,3,26,33,33,14,29,27,27,36,76,17,76,6,76,36,29,3,12,15,27,27,91,85,42,70,88,6,30,15,45,61,15,100,52,52,73,15,17,18,70,12,100,12,24,3,36,58,52,15,64,52,55,67,Veikkausliiga
Ilves,2rdnn9p03qrmmv34tyx1nahpa,72oiz92rfd5sxtpxxnqb7kpre,O. Pettersson,Oliver Pettersson,23.0,Defender,Finland,Defender,296.0,1.0,316.0,21.0,611.0,25.0,3.0,12.0,11.0,9.0,2.0,0.0,10.0,10.0,64.0,63.0,2.0,20.0,1459.0,6.0,29.0,6.0,2.0,18.0,0.0,0.0,0.0,81.9,29.17,10.0,20.0,54.55,50.0,59.52,58.06,1.118824575999067,1.025007012537086,1.0,25.0,0.69740403,17.0,43.0,57.0,2.0841839400000013,292.0,18.259081562714183,0.0616860863605209,19.49280328992461,1.2954078135709388,37.69019876627827,1.5421521590130225,0.1850582590815627,0.7402330363262508,0.67854694996573,0.5551747772446881,0.1233721727210418,0.0,0.616860863605209,0.616860863605209,3.9479095270733375,3.8862234407128167,0.1233721727210418,1.233721727210418,0.3701165181631254,1.7888965044551062,0.3701165181631254,0.1233721727210418,1.1103495544893762,0.0,0.0,0.0,81.9,29.17,10.0,20.0,54.55,50.0,59.52,58.06,0.0690159094173516,0.0632286710955022,0.0616860863605209,1.5421521590130225,0.0430201252227553,1.0486634681288554,2.652501713502399,3.5161069225496915,0.1285651505140508,18.012337217272105,RB/RCB,81,14,98,71,90,95,98,100,90,95,71,24,62,62,71,90,100,90,100,100,33,36,76,48,52,52,62,14,12,19,81,38,81,24,95,100,43,90,90,98,81,86,86,86,57,10,86,38,76,81,86,67,67,86,48,24,38,33,33,81,90,81,86,76,19,24,29,48,52,52,62,14,12,19,81,38,81,24,76,71,29,57,67,76,62,67,62,76,Veikkausliiga
Ilves,2rdnn9p03qrmmv34tyx1nahpa,74od0bd25ox7cv2sfmebf72s5,A. Popovitš,Anton Popovitch,30.0,Midfielder,Finland,Midfielder,271.0,17.0,387.0,23.0,641.0,4.0,0.0,20.0,11.0,4.0,7.0,4.0,8.0,9.0,40.0,20.0,1.0,11.0,1143.0,2.0,16.0,18.0,3.0,10.0,0.0,0.0,0.0,88.54,63.89,42.5,37.5,18.18,51.28,25.0,62.5,0.713737758743739,1.8173425012040887,6.0,34.0,0.8333827799999998,12.0,66.0,83.0,1.8882662599999984,339.0,21.33858267716536,1.3385826771653544,30.47244094488189,1.811023622047244,50.472440944881896,0.3149606299212598,0.0,1.5748031496062993,0.8661417322834646,0.3149606299212598,0.5511811023622047,0.3149606299212598,0.6299212598425197,0.7086614173228347,3.1496062992125986,1.5748031496062993,0.0787401574803149,0.8661417322834646,0.1574803149606299,1.2598425196850394,1.4173228346456694,0.2362204724409449,0.7874015748031497,0.0,0.0,0.0,88.54,63.89,42.5,37.5,18.18,51.28,25.0,62.5,0.056199823523129,0.1430978347404794,0.4724409448818898,2.677165354330709,0.0656206913385826,0.9448818897637796,5.196850393700788,6.535433070866142,0.1486823826771652,26.69291338582677,CM/AM,97,91,92,79,92,44,23,77,59,35,79,62,36,35,56,97,53,88,28,36,69,40,63,51,47,50,87,79,87,44,10,62,21,68,38,72,77,82,77,64,90,87,77,92,95,85,92,72,92,23,23,54,21,15,59,36,8,10,23,92,35,74,10,15,56,15,42,51,47,50,87,79,87,44,10,62,21,68,13,62,62,69,62,51,87,85,54,95,Veikkausliiga
Ilves,2rdnn9p03qrmmv34tyx1nahpa,7orfbi07ytn14ir63ji93h79w,S. Baranov,Stanislav Baranov,21.0,Attacker,Finland,Striker,30.0,2.0,54.0,2.0,82.0,6.0,1.0,6.0,8.0,3.0,5.0,3.0,11.0,12.0,20.0,10.0,0.0,7.0,403.0,0.0,19.0,3.0,4.0,5.0,0.0,0.0,0.0,67.77,25.0,20.0,36.36,0.0,47.62,50.0,71.43,0.573350443938084,0.5249562043978477,3.0,10.0,0.34361316,2.0,8.0,12.0,0.5518395300000001,36.0,6.699751861042183,0.4466501240694789,12.05955334987593,0.4466501240694789,18.31265508684864,1.3399503722084367,0.2233250620347394,1.3399503722084367,1.7866004962779156,0.6699751861042184,1.1166253101736971,0.6699751861042184,2.456575682382134,2.679900744416873,4.466501240694789,2.2332506203473943,0.0,1.563275434243176,0.0,4.2431761786600495,0.6699751861042184,0.8933002481389578,1.1166253101736971,0.0,0.0,0.0,67.77,25.0,20.0,36.36,0.0,47.62,50.0,71.43,0.128043523460118,0.1172358769126707,0.6699751861042184,2.2332506203473943,0.0767374302729528,0.4466501240694789,1.7866004962779156,2.679900744416873,0.1232395972704714,8.03970223325062,LW,54,62,54,46,54,77,54,54,38,27,65,42,38,38,54,62,27,77,12,46,31,35,65,50,54,54,8,38,54,54,12,77,85,77,38,54,46,35,46,15,54,54,54,54,46,54,31,46,46,85,85,69,38,31,92,46,31,31,62,85,27,92,12,46,15,38,85,50,54,54,8,38,54,54,12,77,85,77,31,62,54,31,38,8,77,77,46,69,Veikkausliiga
Ilves,2rdnn9p03qrmmv34tyx1nahpa,7wysiv77u3wt6pk31uzzl7dre,T. Hytönen,Teemu Hytönen,24.0,Attacker,Finland,Striker,66.0,1.0,98.0,3.0,163.0,26.0,1.0,12.0,57.0,50.0,7.0,10.0,19.0,21.0,60.0,14.0,10.0,6.0,1707.0,26.0,99.0,21.0,9.0,4.0,0.0,0.0,0.0,70.26,25.0,16.67,47.37,45.61,43.17,38.81,66.67,6.22118328539418,0.950374092070704,7.0,16.0,0.7322799900000001,11.0,8.0,22.0,0.8406367799999999,60.0,3.4797891036906856,0.0527240773286467,5.166959578207382,0.1581722319859402,8.594024604569421,1.3708260105448156,0.0527240773286467,0.6326889279437611,3.005272407732865,2.636203866432337,0.3690685413005273,0.5272407732864676,1.0017574692442883,1.1072056239015815,3.163444639718805,0.7381370826010546,0.5272407732864676,0.3163444639718805,1.3708260105448156,5.219683655536029,1.1072056239015815,0.4745166959578207,0.210896309314587,0.0,0.0,0.0,70.26,25.0,16.67,47.37,45.61,43.17,38.81,66.67,0.3280061486148074,0.0501075971214782,0.3690685413005273,0.843585237258348,0.0386087868189806,0.5799648506151143,0.421792618629174,1.1599297012302283,0.0443217985940246,3.163444639718805,ST,83,58,68,54,72,87,54,67,98,98,74,88,78,79,87,89,95,91,98,96,89,82,48,51,50,51,43,15,63,76,72,63,54,54,93,67,64,77,87,91,64,79,67,76,24,52,11,13,13,50,41,22,70,80,24,48,22,22,30,48,83,70,72,61,54,48,11,51,50,51,43,15,63,76,72,63,54,54,70,30,20,24,54,59,17,41,39,17,Veikkausliiga
Ilves,2rdnn9p03qrmmv34tyx1nahpa,7xlompudsiva9wg1sq70ykavo,S. Suvanne,Sebastian Suvanne,19.0,Defender,Finland,Defender,13.0,1.0,18.0,1.0,30.0,0.0,0.0,1.0,2.0,1.0,1.0,1.0,5.0,5.0,13.0,7.0,0.0,0.0,141.0,0.0,1.0,6.0,2.0,3.0,0.0,0.0,0.0,88.24,33.33,50.0,40.0,0.0,50.0,0.0,60.0,0.1192938824166176,0.0335136841784952,0.0,1.0,0.02385149,0.0,1.0,2.0,0.05654536,8.0,8.297872340425531,0.6382978723404256,11.48936170212766,0.6382978723404256,19.148936170212767,0.0,0.0,0.6382978723404256,1.2765957446808511,0.6382978723404256,0.6382978723404256,0.6382978723404256,3.191489361702128,3.191489361702128,8.297872340425531,4.468085106382979,0.0,0.0,0.0,0.6382978723404256,3.8297872340425534,1.2765957446808511,1.9148936170212767,0.0,0.0,0.0,88.24,33.33,50.0,40.0,0.0,50.0,0.0,60.0,0.0761450313297559,0.0213917133054224,0.0,0.6382978723404256,0.0152243553191489,0.0,0.6382978723404256,1.2765957446808511,0.0360927829787234,5.1063829787234045,LB/LCB,14,29,14,10,14,5,29,21,21,26,40,40,29,26,29,19,40,5,21,14,36,26,29,45,52,52,95,33,95,24,21,29,7,50,10,19,17,14,14,10,10,12,14,14,14,62,24,5,14,5,29,48,90,90,86,95,95,90,100,86,40,5,21,24,100,86,95,45,52,52,95,33,95,24,21,29,7,50,81,19,17,14,19,10,10,10,14,10,Veikkausliiga
Ilves,2rdnn9p03qrmmv34tyx1nahpa,8r3xgvgtysw3a026rrhebyxre,M. Stjopin,Maksim Stjopin,23.0,Attacker,Finland,Striker,100.0,6.0,192.0,13.0,286.0,3.0,0.0,19.0,18.0,9.0,9.0,7.0,37.0,39.0,43.0,6.0,3.0,5.0,953.0,7.0,48.0,11.0,13.0,8.0,0.0,0.0,0.0,80.34,68.42,19.35,35.14,38.89,47.25,60.0,50.0,1.2416127207392769,1.83202122603751,11.0,33.0,1.3437085999999996,4.0,25.0,28.0,1.3496578900000005,104.0,9.44386149003148,0.5666316894018888,18.13221406086044,1.2277019937040925,27.00944386149003,0.2833158447009444,0.0,1.794333683105981,1.6998950682056664,0.8499475341028332,0.8499475341028332,0.6610703043022036,3.494228751311648,3.683105981112277,4.060860440713537,0.5666316894018888,0.2833158447009444,0.472193074501574,0.6610703043022036,4.53305351521511,1.038824763903463,1.2277019937040925,0.7555089192025184,0.0,0.0,0.0,80.34,68.42,19.35,35.14,38.89,47.25,60.0,50.0,0.1172561855892286,0.1730135470549589,1.038824763903463,3.1164742917103885,0.1268979790136411,0.3777544596012592,2.36096537250787,2.6442812172088144,0.1274598217208814,9.821615949632738,RW,80,80,60,90,50,45,30,75,80,70,100,85,80,75,55,55,90,60,80,80,55,65,60,45,55,55,80,100,50,30,80,70,100,30,80,90,100,70,90,30,80,70,50,50,80,80,70,80,70,10,30,70,60,30,100,80,80,70,30,40,90,50,70,60,50,50,40,45,55,55,80,100,50,30,80,70,100,30,30,80,100,50,70,10,80,60,50,70,Veikkausliiga
Ilves,2rdnn9p03qrmmv34tyx1nahpa,9z20bahis006f6sxfq50515as,G. Bamba,Goudouss Bamba,20.0,Defender,Côte d'Ivoire,Defender,67.0,4.0,78.0,4.0,141.0,10.0,0.0,2.0,5.0,5.0,0.0,0.0,25.0,30.0,52.0,10.0,1.0,8.0,531.0,2.0,21.0,10.0,12.0,13.0,0.0,0.0,0.0,72.31,26.67,19.05,48.0,40.0,53.61,47.62,61.9,0.4014662800586032,0.1793083574580219,2.0,11.0,0.52898135,9.0,8.0,10.0,0.4974731699999999,61.0,11.35593220338983,0.6779661016949152,13.220338983050846,0.6779661016949152,23.89830508474576,1.694915254237288,0.0,0.3389830508474576,0.847457627118644,0.847457627118644,0.0,0.0,4.23728813559322,5.084745762711864,8.813559322033898,1.694915254237288,0.1694915254237288,1.3559322033898304,0.3389830508474576,3.559322033898305,1.694915254237288,2.0338983050847457,2.2033898305084745,0.0,0.0,0.0,72.31,26.67,19.05,48.0,40.0,53.61,47.62,61.9,0.0680451322133225,0.0303912470267833,0.3389830508474576,1.8644067796610169,0.0896578559322033,1.5254237288135593,1.3559322033898304,1.694915254237288,0.0843174864406779,10.338983050847457,RB/RCB,24,62,26,19,24,62,26,14,62,88,12,24,86,86,62,24,86,57,62,88,60,86,57,48,52,52,19,10,38,48,57,48,43,43,57,19,76,45,76,67,24,21,29,29,24,81,33,10,19,95,26,24,86,100,12,24,100,100,100,14,95,90,76,100,90,95,100,48,52,52,19,10,38,48,57,48,43,43,71,24,81,76,95,100,14,14,43,19,Veikkausliiga
Ilves,2rdnn9p03qrmmv34tyx1nahpa,a30y638aa4uo6vudqgrcjvpat,J. Veteli,Joona Veteli,31.0,Midfielder,Finland,Midfielder,69.0,3.0,186.0,7.0,252.0,3.0,0.0,7.0,5.0,3.0,2.0,0.0,7.0,9.0,18.0,0.0,1.0,4.0,364.0,4.0,17.0,6.0,4.0,3.0,0.0,0.0,0.0,90.32,58.33,42.86,57.14,80.0,58.06,42.86,60.0,0.4679627730820462,0.5947111799092233,1.0,24.0,0.5951673699999999,13.0,34.0,49.0,1.2408026500000005,141.0,17.060439560439562,0.7417582417582418,45.98901098901099,1.7307692307692308,62.30769230769231,0.7417582417582418,0.0,1.7307692307692308,1.2362637362637363,0.7417582417582418,0.4945054945054945,0.0,1.7307692307692308,2.2252747252747254,4.450549450549451,0.0,0.2472527472527472,0.989010989010989,0.989010989010989,4.203296703296704,1.4835164835164836,0.989010989010989,0.7417582417582418,0.0,0.0,0.0,90.32,58.33,42.86,57.14,80.0,58.06,42.86,60.0,0.1157050812565499,0.1470439730544782,0.2472527472527472,5.934065934065934,0.1471567673076922,3.2142857142857144,8.406593406593407,12.115384615384617,0.3067918640109891,34.862637362637365,CM/AM,41,44,62,37,54,36,23,38,21,24,32,5,31,35,21,4,53,50,59,38,31,54,23,51,47,50,92,69,91,90,100,85,46,62,28,33,23,68,67,68,72,72,62,65,85,64,100,64,97,62,23,67,41,46,51,5,64,72,56,4,79,82,92,85,59,74,38,51,47,50,92,69,91,90,100,85,46,62,46,64,33,100,100,100,100,100,97,97,Veikkausliiga
Ilves,2rdnn9p03qrmmv34tyx1nahpa,afacx0e14xrz11u9dnbry92ei,K. Wallius,Kalle Wallius,23.0,Defender,Finland,Defender,245.0,6.0,261.0,26.0,500.0,5.0,1.0,8.0,23.0,12.0,11.0,8.0,16.0,18.0,46.0,39.0,0.0,7.0,1523.0,6.0,44.0,5.0,6.0,19.0,0.0,0.0,0.0,80.13,36.11,15.79,37.5,26.09,45.1,25.0,63.33,1.4060620251807734,0.6359229386257965,8.0,39.0,1.2545131399999998,23.0,28.0,49.0,1.6784139100000015,184.0,14.47800393959291,0.3545633617859488,15.423506237688771,1.5364412344057785,29.546946815495733,0.2954694681549573,0.0590938936309914,0.4727511490479317,1.3591595535128038,0.7091267235718977,0.6500328299409062,0.4727511490479317,0.9455022980958636,1.0636900853578464,2.718319107025608,2.3046618516086674,0.0,0.4136572554169402,0.3545633617859488,2.6001313197636247,0.2954694681549573,0.3545633617859488,1.122783978988838,0.0,0.0,0.0,80.13,36.11,15.79,37.5,26.09,45.1,25.0,63.33,0.083089679754609,0.0375791624926603,0.4727511490479317,2.3046618516086674,0.0741340660538411,1.3591595535128038,1.654629021667761,2.895600787918582,0.0991840130663165,10.87327642810243,CB,43,95,76,54,53,11,85,90,98,90,98,98,90,91,57,38,35,38,96,97,40,81,90,43,50,51,20,27,63,39,61,10,4,51,86,90,96,98,98,98,45,60,73,39,18,86,41,18,14,4,80,80,84,67,94,92,80,82,6,12,35,10,82,90,14,73,71,43,50,51,20,27,63,39,61,10,4,51,59,80,90,92,98,98,22,29,43,16,Veikkausliiga
Ilves,2rdnn9p03qrmmv34tyx1nahpa,auivgwfbffghtuzi2i5e9mxw4,V. Kumpu,Ville Kumpu,18.0,Defender,Finland,Defender,658.0,1.0,272.0,42.0,929.0,41.0,0.0,6.0,4.0,4.0,0.0,0.0,3.0,3.0,73.0,94.0,0.0,16.0,1459.0,1.0,12.0,14.0,3.0,11.0,0.0,0.0,0.0,87.15,37.84,50.0,100.0,25.0,64.04,80.39,73.33,0.3392804311044218,0.3679700125884145,0.0,9.0,0.18403591,4.0,59.0,73.0,1.7162090400000016,492.0,40.58944482522276,0.0616860863605209,16.778615490061686,2.5908156271418776,57.30637422892392,2.5291295407813568,0.0,0.3701165181631254,0.2467443454420836,0.2467443454420836,0.0,0.0,0.1850582590815627,0.1850582590815627,4.503084304318026,5.798492117888965,0.0,0.9869773817683344,0.0616860863605209,0.7402330363262508,0.8636052090472927,0.1850582590815627,0.67854694996573,0.0,0.0,0.0,87.15,37.84,50.0,100.0,25.0,64.04,80.39,73.33,0.0209288819735421,0.0226986299746109,0.0,0.5551747772446881,0.011352455037697,0.2467443454420836,3.639479095270733,4.503084304318026,0.1058662190541467,30.349554489376285,CB,94,65,80,71,88,92,38,85,40,47,24,14,51,50,85,87,35,76,40,57,88,65,71,43,50,51,61,33,92,95,55,86,100,73,31,80,26,51,49,57,82,79,78,80,78,65,51,45,69,67,38,76,22,29,24,14,43,43,59,67,35,43,35,35,67,55,41,43,50,51,61,33,92,95,55,86,100,73,18,65,26,33,33,47,51,59,51,59,Veikkausliiga
Ilves,2rdnn9p03qrmmv34tyx1nahpa,cmik2be7ztkdteqx8y4wjr7my,J. Kilo,Jesse Kilo,22.0,Midfielder,Finland,Midfielder,200.0,10.0,345.0,28.0,535.0,6.0,5.0,35.0,34.0,18.0,16.0,11.0,38.0,40.0,63.0,16.0,0.0,10.0,1424.0,7.0,61.0,21.0,12.0,11.0,0.0,0.0,0.0,81.06,54.9,24.39,31.58,20.59,44.68,30.0,45.83,2.4071647447456286,3.4048909830362515,17.0,73.0,1.84853123,19.0,58.0,87.0,2.735486030000001,237.0,12.640449438202246,0.6320224719101123,21.80477528089888,1.7696629213483146,33.81320224719101,0.3792134831460674,0.3160112359550561,2.212078651685393,2.148876404494382,1.1376404494382022,1.0112359550561798,0.6952247191011236,2.401685393258427,2.528089887640449,3.981741573033708,1.0112359550561798,0.0,0.6320224719101123,0.4424157303370786,3.855337078651685,1.327247191011236,0.7584269662921348,0.6952247191011236,0.0,0.0,0.0,81.06,54.9,24.39,31.58,20.59,44.68,30.0,45.83,0.1521382212269006,0.2151967615683024,1.074438202247191,4.61376404494382,0.116831327738764,1.2008426966292134,3.665730337078652,5.498595505617978,0.172888864255618,14.978932584269662,CM/AM,82,71,85,82,87,62,99,95,92,95,90,92,90,90,85,87,17,82,74,97,79,83,69,51,47,50,56,59,62,33,13,36,33,21,95,97,95,97,97,90,85,90,85,87,59,59,62,69,62,33,87,92,90,72,82,82,85,85,38,62,17,62,51,79,51,67,36,51,47,50,56,59,62,33,13,36,33,21,72,95,95,95,92,69,59,77,64,64,Veikkausliiga
Ilves,2rdnn9p03qrmmv34tyx1nahpa,cpxcd9wihjrac0ttpvfzv5kkq,M. Rale,Matias Rale,25.0,Defender,Finland,Defender,604.0,11.0,441.0,39.0,1034.0,36.0,1.0,13.0,5.0,5.0,0.0,1.0,9.0,10.0,75.0,67.0,0.0,14.0,1646.0,2.0,17.0,5.0,4.0,14.0,0.0,0.0,0.0,86.45,33.91,44.0,44.44,40.0,63.56,66.67,46.67,0.4482401009160819,1.3651383367685364,0.0,24.0,0.54816756,14.0,84.0,127.0,4.283783979999999,617.0,33.025516403402186,0.6014580801944107,24.11300121506683,2.132442284325638,56.53705953827461,1.968408262454435,0.0546780072904009,0.7108140947752126,0.2733900364520049,0.2733900364520049,0.0,0.0546780072904009,0.4921020656136087,0.5467800729040098,4.100850546780073,3.6634264884568655,0.0,0.7654921020656137,0.1093560145808019,0.9295261239368166,0.2733900364520049,0.2187120291616039,0.7654921020656137,0.0,0.0,0.0,86.45,33.91,44.0,44.44,40.0,63.56,66.67,46.67,0.0245088755057395,0.0746430439302359,0.0,1.3122721749696231,0.0299727098420413,0.7654921020656137,4.592952612393682,6.944106925880924,0.2342287716889428,33.7363304981774,LB/LCB,100,64,90,81,100,90,60,67,52,64,14,40,50,48,76,95,40,55,67,57,29,38,60,45,52,52,81,43,90,36,81,71,71,19,52,71,17,76,76,76,95,95,90,100,95,52,90,67,100,76,57,52,14,33,14,29,19,19,38,67,40,24,43,33,19,24,33,45,52,52,81,43,90,36,81,71,71,19,19,62,17,57,48,52,81,90,86,100,Veikkausliiga
Ilves,2rdnn9p03qrmmv34tyx1nahpa,dwykh0u3d3shtklz3yfrev8d0,O. Multala,Oskari Multala,19.0,Midfielder,Finland,Midfielder,127.0,0.0,139.0,6.0,266.0,3.0,0.0,6.0,3.0,3.0,0.0,0.0,8.0,9.0,26.0,13.0,1.0,8.0,795.0,2.0,11.0,7.0,3.0,4.0,0.0,0.0,0.0,84.71,35.29,0.0,37.5,66.67,40.0,42.86,30.77,0.3867378794964631,0.3953542859925161,1.0,7.0,0.19608587,4.0,22.0,23.0,0.93726562,116.0,14.377358490566037,0.0,15.735849056603772,0.6792452830188679,30.11320754716981,0.3396226415094339,0.0,0.6792452830188679,0.3396226415094339,0.3396226415094339,0.0,0.0,0.9056603773584904,1.018867924528302,2.943396226415094,1.471698113207547,0.1132075471698113,0.9056603773584904,0.2264150943396226,1.2452830188679245,0.7924528301886792,0.3396226415094339,0.4528301886792452,0.0,0.0,0.0,84.71,35.29,0.0,37.5,66.67,40.0,42.86,30.77,0.0437816467354486,0.0447570889802848,0.1132075471698113,0.7924528301886792,0.0221984003773584,0.4528301886792452,2.490566037735849,2.60377358490566,0.1061055418867924,13.132075471698112,DM/CM,21,17,21,17,21,24,29,30,14,35,6,8,39,42,20,32,67,33,35,44,23,36,11,45,52,52,45,27,17,24,98,6,45,3,21,33,12,24,24,27,15,18,36,24,24,17,21,12,18,27,29,36,3,45,6,8,58,58,9,58,82,42,52,52,30,33,3,45,52,52,45,27,17,24,98,6,45,3,18,27,15,18,24,36,18,15,48,12,Veikkausliiga
TPS,bzi3odajl7kfbut8jbi7wioa8,18r82tlqmziv1einyrx0hptxx,A. Sihvonen,Atte Sihvonen,30.0,Defender,Finland,Defender,285.0,0.0,83.0,15.0,368.0,19.0,0.0,1.0,0.0,0.0,0.0,0.0,1.0,1.0,31.0,41.0,0.0,8.0,758.0,0.0,6.0,2.0,0.0,8.0,0.0,0.0,0.0,89.98,35.71,0.0,0.0,0.0,49.21,54.29,80.0,0.0,0.0716985555482516,0.0,2.0,0.04382219,1.0,12.0,13.0,0.3690169300000001,248.0,33.83905013192612,0.0,9.854881266490764,1.7810026385224274,43.693931398416886,2.2559366754617414,0.0,0.1187335092348284,0.0,0.0,0.0,0.0,0.1187335092348284,0.1187335092348284,3.680738786279683,4.8680738786279685,0.0,0.949868073878628,0.0,0.7124010554089709,0.2374670184696569,0.0,0.949868073878628,0.0,0.0,0.0,89.98,35.71,0.0,0.0,0.0,49.21,54.29,80.0,0.0,0.0085130211073121,0.0,0.2374670184696569,0.0052031624010554,0.1187335092348284,1.4248021108179418,1.5435356200527703,0.043814675065963,29.445910290237467,CB,49,31,27,32,39,49,38,32,4,4,24,14,29,28,29,44,35,43,15,30,16,15,51,43,50,51,80,24,31,15,15,18,33,86,4,35,26,20,24,36,22,18,18,49,59,31,18,22,43,59,38,35,4,4,24,14,31,31,27,45,35,39,15,33,12,15,63,43,50,51,80,24,31,15,15,18,33,86,4,37,26,18,18,37,16,8,10,55,Veikkausliiga
TPS,bzi3odajl7kfbut8jbi7wioa8,1oma5zkiwrbss9kaoy5uvbl04,K. Visser,Kian Visser,24.0,Attacker,Netherlands,Striker,23.0,0.0,48.0,2.0,71.0,16.0,1.0,11.0,19.0,8.0,11.0,4.0,1.0,1.0,27.0,4.0,2.0,0.0,580.0,6.0,40.0,10.0,0.0,1.0,0.0,0.0,0.0,61.21,40.0,0.0,0.0,31.58,45.76,48.48,100.0,1.6330640854067355,0.9330624268508438,6.0,3.0,0.0637928899999999,1.0,5.0,7.0,0.24821863,24.0,3.568965517241379,0.0,7.448275862068965,0.3103448275862069,11.017241379310343,2.4827586206896552,0.1551724137931034,1.706896551724138,2.9482758620689653,1.2413793103448276,1.706896551724138,0.6206896551724138,0.1551724137931034,0.1551724137931034,4.189655172413793,0.6206896551724138,0.3103448275862069,0.0,0.9310344827586208,6.206896551724138,1.5517241379310345,0.0,0.1551724137931034,0.0,0.0,0.0,61.21,40.0,0.0,0.0,31.58,45.76,48.48,100.0,0.25340649601139,0.1447855489940964,0.9310344827586208,0.4655172413793103,0.0098988967241379,0.1551724137931034,0.7758620689655172,1.0862068965517242,0.0385166839655172,3.724137931034482,ST,39,25,38,39,39,68,54,62,54,37,88,52,3,3,45,43,54,17,46,55,58,8,11,51,50,51,15,32,25,8,26,72,74,92,43,63,59,21,13,24,45,46,37,39,28,25,30,33,30,74,67,89,67,26,98,63,2,2,48,37,59,17,48,80,67,8,9,51,50,51,15,32,25,8,26,72,74,92,46,83,85,15,11,22,33,39,33,28,Veikkausliiga
TPS,bzi3odajl7kfbut8jbi7wioa8,2h5u151i11d49on3k9cdtfqqc,E. Vauhkonen,Elmer Vauhkonen,20.0,Attacker,Finland,Striker,63.0,5.0,138.0,5.0,196.0,2.0,2.0,13.0,26.0,13.0,13.0,10.0,60.0,64.0,65.0,14.0,0.0,1.0,1230.0,9.0,63.0,28.0,21.0,5.0,0.0,0.0,0.0,74.81,33.33,12.2,35.0,34.62,39.16,14.29,35.71,2.3786331800050857,1.3098400590001789,16.0,37.0,1.3519793499999997,11.0,14.0,22.0,2.3167342900000003,59.0,4.609756097560976,0.3658536585365853,10.097560975609756,0.3658536585365853,14.341463414634148,0.1463414634146341,0.1463414634146341,0.951219512195122,1.902439024390244,0.951219512195122,0.951219512195122,0.7317073170731707,4.390243902439025,4.682926829268293,4.7560975609756095,1.024390243902439,0.0,0.073170731707317,0.6585365853658537,4.609756097560976,2.048780487804878,1.5365853658536586,0.3658536585365853,0.0,0.0,0.0,74.81,33.33,12.2,35.0,34.62,39.16,14.29,35.71,0.1740463302442745,0.0958419555365984,1.170731707317073,2.707317073170732,0.0989253182926829,0.8048780487804879,1.024390243902439,1.6097560975609757,0.1695171431707317,4.317073170731708,LW,62,69,62,69,62,38,88,62,85,81,100,92,92,92,92,81,27,27,96,92,96,92,65,50,54,54,38,62,38,31,62,15,23,23,92,69,92,85,85,77,69,62,77,62,23,46,15,38,15,23,62,38,46,38,77,62,85,85,69,46,27,15,69,62,77,69,31,50,54,54,38,62,38,31,62,15,23,23,69,38,77,46,69,38,31,31,85,8,Veikkausliiga
TPS,bzi3odajl7kfbut8jbi7wioa8,2tnl1pjxxg2n4564fz9hcdsoa,M. Könkkölä,Marius Könkkölä,22.0,Midfielder,Finland,Striker,103.0,17.0,280.0,9.0,366.0,1.0,3.0,18.0,23.0,13.0,10.0,10.0,51.0,56.0,51.0,8.0,3.0,2.0,1368.0,8.0,29.0,25.0,21.0,2.0,0.0,0.0,0.0,87.35,64.29,35.42,41.18,34.78,45.95,14.29,50.0,2.097974740136498,1.9507040398490088,10.0,49.0,1.2478161599999995,24.0,27.0,39.0,2.12511828,130.0,6.776315789473685,1.118421052631579,18.42105263157895,0.5921052631578948,24.07894736842105,0.0657894736842105,0.1973684210526315,1.1842105263157896,1.5131578947368425,0.8552631578947368,0.6578947368421053,0.6578947368421053,3.355263157894737,3.68421052631579,3.355263157894737,0.5263157894736842,0.1973684210526315,0.131578947368421,0.5263157894736842,1.9078947368421053,1.6447368421052633,1.381578947368421,0.131578947368421,0.0,0.0,0.0,87.35,64.29,35.42,41.18,34.78,45.95,14.29,50.0,0.1380246539563485,0.1283357920953295,0.6578947368421053,3.223684210526316,0.0820931684210526,1.5789473684210529,1.7763157894736843,2.5657894736842106,0.1398104131578947,8.552631578947368,RM/RCM,83,100,100,50,100,33,100,83,83,100,75,100,100,100,83,67,100,25,100,67,92,100,17,58,58,58,100,100,67,67,83,67,33,17,83,100,83,83,83,100,83,83,100,100,33,83,83,17,50,17,83,67,83,83,83,100,100,100,33,33,83,17,83,50,100,100,17,58,58,58,100,100,67,67,83,67,33,17,83,67,83,83,83,100,33,33,83,50,Veikkausliiga
TPS,bzi3odajl7kfbut8jbi7wioa8,3ng6q6ppqixbe98y68dup307p,A. Muzaci,Albijon Muzaci,30.0,Attacker,Kosovo,Striker,96.0,1.0,221.0,12.0,316.0,35.0,1.0,23.0,42.0,32.0,10.0,8.0,42.0,44.0,127.0,25.0,8.0,12.0,1844.0,18.0,84.0,33.0,14.0,30.0,0.0,0.0,0.0,70.38,46.15,12.5,33.33,42.86,43.64,38.04,63.83,5.101017519629777,1.571945763678391,10.0,26.0,0.75558732,13.0,25.0,35.0,1.2965352299999997,135.0,4.685466377440347,0.0488069414316702,10.786334056399133,0.5856832971800434,15.42299349240781,1.70824295010846,0.0488069414316702,1.1225596529284163,2.049891540130152,1.5618221258134493,0.4880694143167028,0.3904555314533623,2.049891540130152,2.1475054229934925,6.198481561822127,1.2201735357917571,0.3904555314533623,0.5856832971800434,0.8785249457700651,4.099783080260304,1.6106290672451191,0.683297180043384,1.4642082429501089,0.0,0.0,0.0,70.38,46.15,12.5,33.33,42.86,43.64,38.04,63.83,0.2489650633224945,0.0767218648216134,0.4880694143167028,1.2689804772234274,0.0368779060737527,0.6344902386117137,1.2201735357917571,1.70824295010846,0.0632799190347071,6.588937093275488,ST,98,58,100,93,100,91,54,93,85,83,85,82,98,99,100,98,88,100,87,89,100,96,100,51,50,51,46,39,54,43,64,65,48,48,87,83,86,91,91,96,95,93,85,100,54,50,63,65,59,61,39,57,33,35,48,26,65,63,78,83,67,89,43,41,74,61,87,51,50,51,46,39,54,43,64,65,48,48,43,50,39,61,46,63,67,72,50,76,Veikkausliiga
TPS,bzi3odajl7kfbut8jbi7wioa8,3o6woe2uh6754hw803v86l1t6,T. Zaal,Timo Zaal,22.0,Midfielder,Netherlands,Midfielder,251.0,15.0,536.0,43.0,772.0,11.0,2.0,36.0,36.0,7.0,29.0,13.0,51.0,53.0,98.0,26.0,2.0,19.0,1828.0,13.0,18.0,31.0,29.0,20.0,0.0,0.0,0.0,80.0,53.75,26.79,56.86,36.11,52.97,50.0,74.07,1.994936286658079,2.7263303766049307,18.0,93.0,2.1207795699999985,51.0,141.0,165.0,3.8832033200000016,493.0,12.357768052516413,0.738512035010941,26.38949671772429,2.11706783369803,38.00875273522976,0.5415754923413567,0.0984682713347921,1.7724288840262583,1.7724288840262583,0.3446389496717724,1.4277899343544858,0.6400437636761488,2.5109409190371994,2.609409190371992,4.824945295404814,1.2800875273522976,0.0984682713347921,0.9354485776805253,0.6400437636761488,0.8862144420131292,1.526258205689278,1.4277899343544858,0.9846827133479212,0.0,0.0,0.0,80.0,53.75,26.79,56.86,36.11,52.97,50.0,74.07,0.0982189637851351,0.1342285196359101,0.8862144420131292,4.578774617067834,0.1044147490700218,2.5109409190371994,6.942013129102845,8.12363238512035,0.1911861590809629,24.27242888402625,CM/AM,92,85,97,97,97,87,77,97,96,60,97,95,100,99,100,100,78,100,95,42,92,100,100,51,47,50,38,54,64,85,62,69,65,90,82,90,97,100,100,100,100,100,97,97,56,62,79,79,77,49,56,69,82,18,95,77,90,87,67,79,54,79,64,10,62,92,62,51,47,50,38,54,64,85,62,69,65,90,36,54,87,92,87,97,97,90,69,87,Veikkausliiga
TPS,bzi3odajl7kfbut8jbi7wioa8,4147llewjlwzb4os4mhdz3qzu,L. Ikonen,Lasse Ikonen,23.0,Midfielder,Finland,Midfielder,210.0,15.0,272.0,13.0,467.0,6.0,0.0,6.0,5.0,0.0,5.0,1.0,14.0,14.0,68.0,18.0,1.0,13.0,1087.0,2.0,2.0,33.0,6.0,15.0,0.0,0.0,0.0,87.29,44.83,34.09,42.86,40.0,56.67,50.0,62.5,0.2794382508785299,0.7234321616038397,2.0,15.0,0.3485058,14.0,53.0,41.0,1.1690746499999998,222.0,17.38730450781969,1.2419503219871206,22.52069917203312,1.076356945722171,38.666053357865685,0.4967801287948482,0.0,0.4967801287948482,0.4139834406623735,0.0,0.4139834406623735,0.0827966881324747,1.1591536338546458,1.1591536338546458,5.63017479300828,1.4903403863845446,0.0827966881324747,1.076356945722171,0.1655933762649494,0.1655933762649494,2.732290708371665,0.4967801287948482,1.2419503219871206,0.0,0.0,0.0,87.29,44.83,34.09,42.86,40.0,56.67,50.0,62.5,0.0231365617102738,0.0598977870693151,0.1655933762649494,1.2419503219871206,0.0288551260349586,1.1591536338546458,4.388224471021159,3.394664213431463,0.096795509199632,18.380864765409385,CM/AM,85,85,77,63,79,62,23,31,21,5,72,13,68,64,87,94,53,92,28,6,97,68,92,51,47,50,79,26,77,58,74,82,65,68,15,44,42,51,41,74,79,67,56,82,90,82,69,36,79,46,23,13,5,5,41,10,33,31,79,85,38,90,13,3,85,51,77,51,47,50,79,26,77,58,74,82,65,68,5,21,28,21,15,64,72,46,31,74,Veikkausliiga
TPS,bzi3odajl7kfbut8jbi7wioa8,52of31tczdfsth725bchex4b8,T. Karkulowski,Tobias Karkulowski,21.0,Defender,Finland,Defender,83.0,3.0,137.0,8.0,217.0,14.0,1.0,6.0,8.0,5.0,3.0,1.0,26.0,26.0,57.0,31.0,0.0,14.0,838.0,3.0,15.0,12.0,11.0,9.0,0.0,0.0,0.0,73.06,29.63,27.27,42.31,37.5,52.29,66.67,45.0,0.6786937543347049,0.433153612364641,5.0,13.0,0.29305459,10.0,22.0,19.0,1.12600235,86.0,8.914081145584724,0.3221957040572792,14.71360381861575,0.8591885441527446,23.3054892601432,1.503579952267303,0.107398568019093,0.6443914081145584,0.8591885441527446,0.5369928400954653,0.3221957040572792,0.107398568019093,2.79236276849642,2.79236276849642,6.121718377088305,3.3293556085918854,0.0,1.503579952267303,0.3221957040572792,1.610978520286396,1.2887828162291168,1.181384248210024,0.9665871121718376,0.0,0.0,0.0,73.06,29.63,27.27,42.31,37.5,52.29,66.67,45.0,0.0728907373390494,0.0465200777002597,0.5369928400954653,1.39618138424821,0.0314736433174224,1.0739856801909309,2.362768496420048,2.0405727923627683,0.1209310399761336,9.236276849642003,CB,16,81,41,19,24,33,85,85,68,59,82,41,98,98,71,30,35,68,82,69,81,96,60,43,50,51,8,6,73,47,73,27,77,12,63,84,90,67,71,90,35,27,53,16,8,84,37,8,12,27,90,90,69,57,82,43,98,98,92,20,35,90,80,71,90,98,65,43,50,51,8,6,73,47,73,27,77,12,55,88,94,67,71,94,31,16,71,12,Veikkausliiga
TPS,bzi3odajl7kfbut8jbi7wioa8,8fmkkulhl4y14n7a13z0kbbe2,Pau Juvanteny,Pau Juvanteny,26.0,Midfielder,Spain,Midfielder,178.0,2.0,200.0,17.0,376.0,15.0,2.0,9.0,15.0,1.0,14.0,3.0,18.0,20.0,68.0,30.0,1.0,22.0,1120.0,2.0,8.0,14.0,11.0,16.0,0.0,0.0,0.0,82.1,36.96,28.57,61.11,13.33,53.97,51.72,53.33,0.8205119011278763,0.8128245237017607,13.0,5.0,0.1241583399999999,7.0,32.0,40.0,0.9796729500000002,214.0,14.303571428571429,0.1607142857142857,16.07142857142857,1.3660714285714286,30.214285714285715,1.2053571428571428,0.1607142857142857,0.7232142857142857,1.2053571428571428,0.0803571428571428,1.125,0.2410714285714285,1.4464285714285714,1.6071428571428572,5.464285714285714,2.4107142857142856,0.0803571428571428,1.7678571428571428,0.1607142857142857,0.6428571428571428,1.125,0.8839285714285714,1.2857142857142856,0.0,0.0,0.0,82.1,36.96,28.57,61.11,13.33,53.97,51.72,53.33,0.0659339920549186,0.0653162563688914,1.0446428571428572,0.4017857142857143,0.0099770094642857,0.5625,2.571428571428571,3.2142857142857144,0.0787237191964286,17.19642857142857,DM/CM,39,56,39,42,36,76,92,45,67,14,91,56,85,85,73,80,67,82,35,33,53,85,52,45,52,52,30,30,65,88,21,76,70,36,45,52,95,12,15,53,39,39,39,44,21,52,27,39,24,82,97,45,73,9,88,55,76,79,79,91,64,94,33,21,58,88,73,45,52,52,30,30,65,88,21,76,70,36,48,61,97,6,6,45,27,30,24,42,Veikkausliiga
TPS,bzi3odajl7kfbut8jbi7wioa8,8z52sh6ltrcp1fqzld7wad250,A. Tamba,Abdoulie Tamba,20.0,Defender,Gambia,Defender,8.0,0.0,3.0,1.0,11.0,3.0,0.0,0.0,1.0,1.0,0.0,0.0,2.0,2.0,6.0,6.0,0.0,3.0,90.0,1.0,1.0,0.0,1.0,1.0,0.0,0.0,0.0,55.0,50.0,0.0,50.0,100.0,54.55,0.0,50.0,0.1374180914141304,0.0,0.0,2.0,0.03555943,0.0,2.0,2.0,0.0234503599999999,7.0,8.0,0.0,3.0,1.0,11.0,3.0,0.0,0.0,1.0,1.0,0.0,0.0,2.0,2.0,6.0,6.0,0.0,3.0,1.0,1.0,0.0,1.0,1.0,0.0,0.0,0.0,55.0,50.0,0.0,50.0,100.0,54.55,0.0,50.0,0.1374180914141304,0.0,0.0,2.0,0.03555943,0.0,2.0,2.0,0.0234503599999999,7.0,LB/LCB,7,14,5,10,5,19,29,10,10,26,14,14,19,19,14,14,40,26,48,14,10,19,19,45,52,52,5,86,14,45,100,43,7,29,29,10,17,21,19,10,14,12,10,10,10,14,5,24,10,90,29,10,71,95,14,14,76,76,76,100,40,100,100,38,10,62,48,45,52,52,5,86,14,45,100,43,7,29,100,10,17,81,62,10,19,19,10,19,Veikkausliiga
TPS,bzi3odajl7kfbut8jbi7wioa8,9nkfxqpx8vahlapoqpehag3ys,E. Turkki,Eetu Turkki,19.0,Defender,Finland,Defender,250.0,0.0,211.0,36.0,461.0,46.0,5.0,12.0,5.0,5.0,0.0,3.0,7.0,7.0,83.0,49.0,0.0,13.0,1072.0,0.0,26.0,12.0,5.0,13.0,0.0,0.0,0.0,82.91,48.65,0.0,71.43,0.0,64.34,73.02,59.09,0.737005933435482,0.8833001390409498,0.0,8.0,0.16607819,4.0,62.0,86.0,1.6666210900000011,312.0,20.98880597014925,0.0,17.714552238805968,3.0223880597014925,38.70335820895522,3.8619402985074633,0.419776119402985,1.007462686567164,0.419776119402985,0.419776119402985,0.0,0.251865671641791,0.5876865671641791,0.5876865671641791,6.968283582089552,4.1138059701492535,0.0,1.0914179104477613,0.0,2.1828358208955225,1.007462686567164,0.419776119402985,1.0914179104477613,0.0,0.0,0.0,82.91,48.65,0.0,71.43,0.0,64.34,73.02,59.09,0.0618754981429042,0.0741576609269454,0.0,0.6716417910447761,0.0139431316231343,0.335820895522388,5.205223880597015,7.220149253731343,0.1399215467350747,26.19402985074627,LB/LCB,67,14,62,71,62,100,98,62,52,64,14,64,36,36,81,76,40,48,21,76,74,45,50,45,52,52,67,81,14,86,21,81,86,43,67,52,17,33,29,36,76,76,57,71,86,14,62,95,76,100,100,67,29,67,14,62,33,24,90,76,40,52,21,86,67,33,52,45,52,52,67,81,14,86,21,81,86,43,57,57,17,19,14,24,95,95,52,86,Veikkausliiga
TPS,bzi3odajl7kfbut8jbi7wioa8,a3gmn3pacpve8i9nso24nj4t0,N. Veinbergs,Nils Veinbergs,19.0,Attacker,Latvia,Striker,2.0,0.0,9.0,0.0,11.0,6.0,0.0,2.0,4.0,3.0,1.0,1.0,5.0,6.0,8.0,3.0,2.0,0.0,114.0,2.0,12.0,0.0,0.0,0.0,0.0,0.0,0.0,47.83,0.0,0.0,0.0,50.0,25.81,50.0,0.0,0.633376304126912,0.0917815764200494,0.0,1.0,0.10805102,0.0,1.0,1.0,0.0146417599999999,5.0,1.5789473684210529,0.0,7.105263157894737,0.0,8.68421052631579,4.736842105263158,0.0,1.5789473684210529,3.1578947368421053,2.368421052631579,0.7894736842105263,0.7894736842105263,3.947368421052632,4.736842105263158,6.315789473684211,2.368421052631579,1.5789473684210529,0.0,1.5789473684210529,9.473684210526317,0.0,0.0,0.0,0.0,0.0,0.0,47.83,0.0,0.0,0.0,50.0,25.81,50.0,0.0,0.50003392431072,0.0724591392789863,0.0,0.7894736842105263,0.0853034368421052,0.0,0.7894736842105263,0.7894736842105263,0.0115592842105262,3.947368421052632,ST,2,25,9,5,4,46,20,21,13,14,17,16,24,30,13,33,54,17,22,20,4,8,3,51,50,51,4,5,25,8,84,13,79,3,22,15,8,10,27,10,11,7,2,5,2,25,24,5,15,96,20,87,76,64,72,80,98,98,85,100,100,17,87,100,4,8,3,51,50,51,4,5,25,8,84,13,79,3,91,46,8,17,87,10,37,29,2,35,Veikkausliiga
TPS,bzi3odajl7kfbut8jbi7wioa8,a8bnllzr6rufovka7x3ccurfu,M. Kauppila,Miika Kauppila,26.0,Attacker,Finland,Defender,39.0,4.0,96.0,4.0,131.0,4.0,1.0,2.0,8.0,5.0,3.0,2.0,17.0,19.0,27.0,7.0,1.0,4.0,601.0,4.0,17.0,6.0,6.0,9.0,0.0,0.0,0.0,76.61,25.0,16.67,35.29,50.0,48.21,66.67,81.82,0.6698000261313338,0.2968322370103706,3.0,24.0,0.7349936699999998,9.0,7.0,11.0,0.6975206599999999,32.0,5.840266222961731,0.5990016638935108,14.37603993344426,0.5990016638935108,19.61730449251248,0.5990016638935108,0.1497504159733777,0.2995008319467554,1.1980033277870217,0.7487520798668885,0.4492512479201331,0.2995008319467554,2.545757071547421,2.845257903494176,4.043261231281198,1.048252911813644,0.1497504159733777,0.5990016638935108,0.5990016638935108,2.545757071547421,0.8985024958402662,0.8985024958402662,1.3477537437603992,0.0,0.0,0.0,76.61,25.0,16.67,35.29,50.0,48.21,66.67,81.82,0.1003028325321464,0.0444507509666112,0.4492512479201331,3.594009983361065,0.1100656078202994,1.3477537437603992,1.048252911813644,1.6472545757071546,0.1044540089850249,4.792013311148087,ST,54,80,65,63,61,34,54,21,29,24,39,29,71,71,45,72,37,77,33,35,45,63,86,51,50,51,74,15,63,49,84,85,99,80,26,37,36,89,89,86,59,63,63,52,78,85,89,67,87,33,64,9,17,17,37,15,83,85,41,76,35,91,20,9,30,72,85,51,50,51,74,15,63,49,84,85,99,80,17,22,30,93,93,89,52,67,80,52,Veikkausliiga
TPS,bzi3odajl7kfbut8jbi7wioa8,b9u97px7eymxxd2h71odna5n8,C. Azongnitode,Charlemagne Azongnitode,25.0,Defender,Benin,Defender,151.0,0.0,48.0,11.0,199.0,13.0,0.0,1.0,3.0,3.0,0.0,1.0,2.0,2.0,28.0,43.0,0.0,9.0,582.0,0.0,4.0,3.0,1.0,10.0,1.0,0.0,0.0,83.61,35.48,0.0,50.0,0.0,57.14,59.09,90.91,0.3877722588417568,0.0502419035811302,0.0,0.0,0.0,1.0,9.0,10.0,0.2466407099999999,122.0,23.350515463917525,0.0,7.422680412371134,1.7010309278350515,30.77319587628866,2.0103092783505154,0.0,0.1546391752577319,0.4639175257731959,0.4639175257731959,0.0,0.1546391752577319,0.3092783505154639,0.3092783505154639,4.329896907216495,6.649484536082474,0.0,1.3917525773195876,0.0,0.6185567010309279,0.4639175257731959,0.1546391752577319,1.5463917525773196,0.1546391752577319,0.0,0.0,83.61,35.48,0.0,50.0,0.0,57.14,59.09,90.91,0.059964782295117,0.0077693665331644,0.0,0.0,0.0,0.1546391752577319,1.3917525773195876,1.5463917525773196,0.0381403159793814,18.8659793814433,CB,31,31,12,22,20,29,38,32,31,37,24,41,43,42,20,49,35,48,15,17,26,40,66,93,50,51,39,22,31,61,15,47,55,92,33,27,26,6,6,36,15,10,12,24,33,31,10,20,18,51,38,41,45,49,24,59,53,53,51,86,35,84,15,27,20,51,94,98,50,51,39,22,31,61,15,47,55,92,51,35,26,6,6,41,14,10,8,24,Veikkausliiga
TPS,bzi3odajl7kfbut8jbi7wioa8,brasq8mvv87b8jtba2vnuvxn8,T. Väkiparta,Tomi Väkiparta,18.0,Midfielder,Finland,Midfielder,30.0,0.0,53.0,5.0,83.0,2.0,0.0,3.0,2.0,1.0,1.0,2.0,3.0,3.0,8.0,3.0,0.0,0.0,212.0,0.0,1.0,0.0,3.0,0.0,0.0,0.0,0.0,88.3,71.43,0.0,100.0,0.0,53.33,66.67,0.0,0.1507204166583104,0.1688026802232757,1.0,0.0,0.0,0.0,9.0,7.0,0.14418908,43.0,12.735849056603774,0.0,22.5,2.1226415094339623,35.235849056603776,0.8490566037735848,0.0,1.2735849056603774,0.8490566037735848,0.4245283018867924,0.4245283018867924,0.8490566037735848,1.2735849056603774,1.2735849056603774,3.39622641509434,1.2735849056603774,0.0,0.0,0.0,0.4245283018867924,0.0,1.2735849056603774,0.0,0.0,0.0,0.0,88.3,71.43,0.0,100.0,0.0,53.33,66.67,0.0,0.0639850825436223,0.0716615151891264,0.4245283018867924,0.0,0.0,0.0,3.820754716981132,2.971698113207548,0.0612123452830188,18.25471698113208,CM/AM,18,13,18,24,18,21,23,12,6,12,15,28,8,8,5,17,17,5,5,3,3,40,5,51,47,50,85,95,13,100,5,77,97,5,5,10,23,3,3,5,23,12,5,23,62,13,67,82,67,67,23,44,18,28,44,90,41,38,28,77,17,5,5,5,3,85,5,51,47,50,85,95,13,100,5,77,97,5,21,23,56,3,3,5,62,33,13,72,Veikkausliiga
TPS,bzi3odajl7kfbut8jbi7wioa8,djz5cm1g7ouen2y4o7w35jbl6,L. Ivanovic,Luke Ivanovic,26.0,Attacker,Australia,Striker,42.0,3.0,83.0,4.0,122.0,7.0,1.0,8.0,26.0,15.0,11.0,4.0,9.0,10.0,26.0,7.0,1.0,1.0,570.0,12.0,33.0,6.0,2.0,8.0,0.0,0.0,0.0,79.22,57.14,23.08,22.22,46.15,39.39,46.67,72.73,1.8627573427483577,0.6946650904658975,11.0,14.0,0.4433910199999999,4.0,7.0,5.0,0.4898633400000001,36.0,6.631578947368421,0.4736842105263158,13.105263157894738,0.6315789473684211,19.26315789473684,1.105263157894737,0.1578947368421052,1.2631578947368425,4.105263157894737,2.368421052631579,1.736842105263158,0.6315789473684211,1.4210526315789471,1.5789473684210529,4.105263157894737,1.105263157894737,0.1578947368421052,0.1578947368421052,1.8947368421052635,5.210526315789474,0.9473684210526316,0.3157894736842105,1.2631578947368425,0.0,0.0,0.0,79.22,57.14,23.08,22.22,46.15,39.39,46.67,72.73,0.2941195804339512,0.1096839616525101,1.736842105263158,2.210526315789474,0.0700091084210526,0.6315789473684211,1.105263157894737,0.7894736842105263,0.0773468431578947,5.684210526315789,ST,59,75,57,63,54,50,54,50,66,59,88,52,45,45,40,72,37,46,72,51,45,37,79,51,50,51,85,72,74,30,75,49,72,67,54,59,92,66,63,52,59,36,54,57,91,80,78,76,83,46,74,70,89,64,100,67,41,46,46,78,39,43,93,59,35,35,83,51,50,51,85,72,74,30,75,49,72,67,61,72,96,78,78,61,61,29,70,72,Veikkausliiga
TPS,bzi3odajl7kfbut8jbi7wioa8,e1f3xgzwo1455el37dgh9z2tw,O. Häggström,Oscar Häggström,22.0,Defender,Finland,Defender,158.0,3.0,163.0,18.0,318.0,15.0,0.0,7.0,3.0,3.0,0.0,1.0,11.0,12.0,92.0,37.0,0.0,18.0,1387.0,1.0,11.0,24.0,6.0,33.0,0.0,0.0,0.0,75.18,34.62,16.67,54.55,33.33,61.33,53.57,70.21,0.3938473878971393,0.5982973295833623,2.0,14.0,0.33921918,3.0,25.0,27.0,0.7847886299999998,139.0,10.252343186733958,0.1946647440519106,10.576784426820476,1.1679884643114635,20.634462869502524,0.9733237202595528,0.0,0.4542177361211247,0.1946647440519106,0.1946647440519106,0.0,0.0648882480173035,0.7137707281903388,0.7786589762076424,5.969718817591925,2.4008651766402305,0.0,1.1679884643114635,0.0648882480173035,0.7137707281903388,1.5573179524152847,0.3893294881038212,2.1413121845710164,0.0,0.0,0.0,75.18,34.62,16.67,54.55,33.33,61.33,53.57,70.21,0.0255560669868367,0.0388224655100956,0.129776496034607,0.9084354722422494,0.0220113382840663,0.1946647440519106,1.6222062004325883,1.7519826964671954,0.0509235592645998,9.01946647440519,RB/RCB,57,43,57,64,62,79,26,71,36,60,12,62,69,69,86,71,38,86,40,43,95,64,100,48,52,52,24,48,24,69,50,76,67,86,52,57,76,57,48,31,60,52,43,57,14,24,14,33,10,52,26,43,19,43,12,52,52,52,86,33,38,71,29,29,76,43,95,48,52,52,24,48,24,69,50,76,67,86,33,38,48,24,29,24,19,19,10,10,Veikkausliiga
TPS,bzi3odajl7kfbut8jbi7wioa8,eic5aqr8l99rhm9udams7dlg5,M. Hrádecký,Matej Hrádecky,31.0,Defender,Finland,Defender,541.0,0.0,365.0,64.0,906.0,24.0,1.0,4.0,5.0,3.0,2.0,2.0,15.0,15.0,71.0,99.0,1.0,18.0,1800.0,2.0,13.0,10.0,10.0,20.0,1.0,0.0,0.0,87.12,50.0,0.0,66.67,40.0,61.21,64.86,68.97,0.5920712602788087,0.2106036775688713,2.0,13.0,0.24341567,4.0,100.0,105.0,2.0202067100000005,619.0,27.05,0.0,18.25,3.2,45.3,1.2,0.05,0.2,0.25,0.15,0.1,0.1,0.75,0.75,3.55,4.95,0.05,0.9,0.1,0.65,0.5,0.5,1.0,0.05,0.0,0.0,87.12,50.0,0.0,66.67,40.0,61.21,64.86,68.97,0.0296035630139404,0.0105301838784435,0.1,0.65,0.0121707835,0.2,5.0,5.25,0.1010103355,30.95,CB,84,31,98,90,86,61,85,74,51,37,76,66,86,86,82,90,82,85,64,61,68,93,93,93,50,51,59,81,31,79,79,71,71,63,53,61,72,67,57,57,100,98,96,92,41,31,61,71,49,16,78,47,24,20,67,37,71,71,22,49,72,36,39,31,28,82,68,86,50,51,59,81,31,79,79,71,71,63,31,43,61,40,35,45,79,73,45,63,Veikkausliiga
TPS,bzi3odajl7kfbut8jbi7wioa8,emdm2ibw4b2ctav7n19d92hka,S. Anini,Samuel Anini,23.0,Attacker,Finland,Striker,19.0,1.0,51.0,0.0,69.0,1.0,1.0,5.0,12.0,9.0,3.0,3.0,11.0,14.0,17.0,7.0,2.0,1.0,350.0,5.0,20.0,8.0,6.0,0.0,0.0,0.0,0.0,81.18,0.0,12.5,54.55,41.67,39.53,25.0,0.0,1.3525464365425852,0.3876145824212425,2.0,14.0,0.37722727,4.0,5.0,8.0,0.28682269,21.0,4.885714285714286,0.2571428571428572,13.114285714285714,0.0,17.742857142857144,0.2571428571428572,0.2571428571428572,1.2857142857142858,3.085714285714286,2.3142857142857145,0.7714285714285715,0.7714285714285715,2.8285714285714287,3.6,4.371428571428572,1.8,0.5142857142857143,0.2571428571428572,1.2857142857142858,5.142857142857143,2.0571428571428574,1.542857142857143,0.0,0.0,0.0,0.0,81.18,0.0,12.5,54.55,41.67,39.53,25.0,0.0,0.3477976551109505,0.0996723211940338,0.5142857142857143,3.6,0.097001298,1.0285714285714287,1.2857142857142858,2.0571428571428574,0.073754406,5.4,LW,31,46,46,15,46,23,54,42,69,69,42,42,38,46,35,46,88,27,69,58,62,50,12,50,54,54,54,15,46,77,92,23,38,12,69,46,27,62,54,54,46,46,38,46,31,38,54,15,38,38,92,62,85,85,69,69,46,54,54,77,92,23,92,77,85,77,12,50,54,54,54,15,46,77,92,23,38,12,100,54,31,77,54,46,46,46,15,15,Veikkausliiga
TPS,bzi3odajl7kfbut8jbi7wioa8,f2ab1zbzm717i2z80l869obqi,N. Talo,Nikolas Talo,23.0,Defender,Finland,Defender,79.0,12.0,119.0,12.0,186.0,6.0,2.0,10.0,2.0,0.0,2.0,1.0,4.0,5.0,29.0,11.0,0.0,2.0,613.0,0.0,3.0,8.0,2.0,11.0,0.0,0.0,0.0,78.81,40.0,54.55,50.0,0.0,65.91,54.55,84.62,0.1340736149658273,1.2583635902896055,1.0,10.0,0.32363937,3.0,23.0,27.0,1.95423242,87.0,11.598694942903752,1.7618270799347473,17.471451876019575,1.7618270799347473,27.308319738988583,0.8809135399673736,0.2936378466557912,1.468189233278956,0.2936378466557912,0.0,0.2936378466557912,0.1468189233278956,0.5872756933115824,0.734094616639478,4.257748776508972,1.6150081566068517,0.0,0.2936378466557912,0.0,0.4404567699836868,1.1745513866231647,0.2936378466557912,1.6150081566068517,0.0,0.0,0.0,78.81,40.0,54.55,50.0,0.0,65.91,54.55,84.62,0.0196845437959615,0.184751587481345,0.1468189233278956,1.468189233278956,0.0475163838499184,0.4404567699836868,3.376835236541599,3.964110929853181,0.2869182998368679,12.773246329526918,LB/LCB,38,74,43,43,38,50,71,57,21,10,62,40,24,26,33,31,40,17,21,26,57,26,43,45,52,52,57,60,100,45,21,86,48,95,24,67,38,45,57,26,43,43,62,43,43,81,57,43,52,48,95,76,19,10,52,38,29,38,43,14,40,10,21,14,71,29,86,45,52,52,57,60,100,45,21,86,48,95,10,76,48,62,76,29,57,52,90,43,Veikkausliiga
VPS,duspptyvnr5kpx2iko5gerhnz,1o833wo2hbq0j83flgf2pkpux,Paulo Lima,Paulo Jorge Barros Pimentel Lima,28.0,Midfielder,São Tomé e Príncipe,Midfielder,241.0,1.0,348.0,22.0,588.0,32.0,0.0,12.0,23.0,10.0,13.0,6.0,26.0,27.0,102.0,30.0,1.0,14.0,1707.0,6.0,28.0,19.0,17.0,25.0,0.0,0.0,0.0,79.78,33.33,12.5,65.38,26.09,55.43,52.46,73.53,2.044297078399504,0.9400250293935188,10.0,30.0,0.7124328399999998,11.0,64.0,61.0,1.81064685,272.0,12.706502636203869,0.0527240773286467,18.34797891036907,1.1599297012302283,31.00175746924429,1.687170474516696,0.0,0.6326889279437611,1.2126537785588754,0.5272407732864676,0.6854130052724078,0.3163444639718805,1.3708260105448156,1.4235500878734624,5.377855887521969,1.5817223198594026,0.0527240773286467,0.7381370826010546,0.3163444639718805,1.4762741652021092,1.0017574692442883,0.8963093145869948,1.3181019332161688,0.0,0.0,0.0,79.78,33.33,12.5,65.38,26.09,55.43,52.46,73.53,0.107783677244262,0.0495619523406073,0.5272407732864676,1.5817223198594026,0.0375623641476274,0.5799648506151143,3.374340949033392,3.216168717047452,0.0954646845342706,14.340949033391915,DM/CM,55,39,85,48,70,97,29,62,88,88,88,76,91,91,97,80,67,61,89,91,76,95,91,45,52,52,18,23,41,94,52,85,73,82,91,73,85,85,85,74,67,67,70,58,6,33,42,30,27,91,29,30,76,70,76,70,73,73,76,64,48,21,70,64,42,91,79,45,52,52,18,23,41,94,52,85,73,82,76,39,70,55,58,52,45,33,36,24,Veikkausliiga
VPS,duspptyvnr5kpx2iko5gerhnz,1wg15zg0fffyoag6owdh35vkk,V. Rönnberg,Vilmer Rönnberg,24.0,Defender,Sweden,Defender,115.0,3.0,112.0,17.0,224.0,17.0,2.0,2.0,5.0,5.0,0.0,2.0,5.0,5.0,36.0,29.0,1.0,7.0,557.0,1.0,15.0,6.0,2.0,8.0,0.0,0.0,0.0,78.87,34.69,23.08,40.0,20.0,60.0,68.0,72.73,0.6259840470683073,0.1394440407427223,0.0,13.0,0.36788627,4.0,24.0,24.0,0.5367821199999999,102.0,18.581687612208256,0.4847396768402154,18.096947935368043,2.746858168761221,36.193895870736085,2.746858168761221,0.3231597845601436,0.3231597845601436,0.8078994614003591,0.8078994614003591,0.0,0.3231597845601436,0.8078994614003591,0.8078994614003591,5.816876122082585,4.685816876122082,0.1615798922800718,1.131059245960503,0.1615798922800718,2.423698384201077,0.9694793536804308,0.3231597845601436,1.2926391382405744,0.0,0.0,0.0,78.87,34.69,23.08,40.0,20.0,60.0,68.0,72.73,0.1011464348943405,0.022531353082307,0.0,2.1005385996409336,0.0594430238779174,0.6463195691202872,3.8779174147217232,3.8779174147217232,0.0867331971274685,16.481149012567325,CB,27,81,33,39,27,45,96,49,51,59,24,66,59,59,42,27,82,38,40,69,49,56,51,43,50,51,14,20,69,44,46,65,85,70,57,43,26,67,82,57,39,34,29,20,22,90,59,51,33,76,100,71,65,76,24,82,78,76,86,41,98,65,61,88,78,67,84,43,50,51,14,20,69,44,46,65,85,70,73,63,26,88,90,76,57,49,31,22,Veikkausliiga
VPS,duspptyvnr5kpx2iko5gerhnz,1zdrpi7b401hv9w9mtykzyor9,J. Vahtera,Joonas Vahtera,30.0,Midfielder,Finland,Midfielder,8.0,0.0,19.0,2.0,27.0,2.0,0.0,3.0,2.0,2.0,0.0,0.0,4.0,4.0,13.0,2.0,0.0,0.0,115.0,1.0,12.0,4.0,2.0,3.0,0.0,0.0,0.0,71.05,50.0,0.0,50.0,50.0,59.09,50.0,60.0,0.2449278870469328,0.1458958925134987,0.0,3.0,0.1090960999999999,0.0,5.0,6.0,0.28035259,14.0,6.260869565217392,0.0,14.869565217391305,1.565217391304348,21.1304347826087,1.565217391304348,0.0,2.347826086956522,1.565217391304348,1.565217391304348,0.0,0.0,3.130434782608696,3.130434782608696,10.173913043478262,1.565217391304348,0.0,0.0,0.782608695652174,9.391304347826088,3.130434782608696,1.565217391304348,2.347826086956522,0.0,0.0,0.0,71.05,50.0,0.0,50.0,50.0,59.09,50.0,60.0,0.191682694210643,0.1141793941409989,0.0,2.347826086956522,0.085379556521739,0.0,3.91304347826087,4.695652173913044,0.2194063747826087,10.956521739130435,CM/AM,3,13,3,9,3,21,23,12,6,17,5,5,15,15,12,12,17,5,13,26,23,27,23,51,47,50,5,45,13,72,83,95,65,62,10,8,5,8,10,5,5,8,13,3,15,13,26,59,18,87,23,95,51,97,5,5,95,92,100,87,17,5,82,100,90,97,100,51,47,50,5,45,13,72,83,95,65,62,90,49,5,59,72,5,67,69,79,31,Veikkausliiga
VPS,duspptyvnr5kpx2iko5gerhnz,1zud0qdtf6c6wzkgqhz6b94a1,M. Haukioja,Martti Haukioja,26.0,Defender,Finland,Defender,469.0,4.0,241.0,69.0,706.0,31.0,1.0,3.0,9.0,6.0,3.0,1.0,1.0,1.0,54.0,68.0,1.0,16.0,1371.0,4.0,17.0,8.0,1.0,9.0,0.0,1.0,0.0,84.15,43.95,44.44,100.0,44.44,55.1,54.39,60.0,0.8129317094664522,0.3581577542263697,2.0,8.0,0.16046532,5.0,52.0,76.0,1.849760530000002,352.0,30.78774617067834,0.262582056892779,15.820568927789935,4.529540481400438,46.34573304157549,2.035010940919037,0.0656455142231947,0.1969365426695842,0.5908096280087528,0.3938730853391685,0.1969365426695842,0.0656455142231947,0.0656455142231947,0.0656455142231947,3.5448577680525166,4.463894967177243,0.0656455142231947,1.050328227571116,0.262582056892779,1.1159737417943107,0.525164113785558,0.0656455142231947,0.5908096280087528,0.0,0.0656455142231947,0.0,84.15,43.95,44.44,100.0,44.44,55.1,54.39,60.0,0.053365320096266,0.0235114499492146,0.1312910284463895,0.525164113785558,0.0105338284463894,0.3282275711159738,3.413566739606127,4.989059080962801,0.1214284811816193,23.107221006564554,CB,73,85,70,92,78,88,85,62,74,69,82,41,29,28,69,76,82,76,89,80,60,40,60,43,100,51,49,55,86,95,84,35,35,41,69,78,72,46,41,66,71,85,86,63,49,82,47,96,51,53,84,45,51,47,73,29,27,24,20,35,78,57,76,49,33,37,31,43,100,51,49,55,86,95,84,35,35,41,47,67,71,31,31,53,49,65,73,41,Veikkausliiga
VPS,duspptyvnr5kpx2iko5gerhnz,2shgmz0kct6m0wphe28gq04ix,S. Lindholm,Simon Lindholm,24.0,Midfielder,Finland,Midfielder,66.0,0.0,164.0,8.0,230.0,20.0,0.0,11.0,23.0,22.0,1.0,6.0,11.0,13.0,48.0,14.0,7.0,7.0,1289.0,11.0,51.0,10.0,5.0,6.0,0.0,0.0,0.0,71.88,38.1,0.0,45.45,47.83,33.57,38.46,46.15,2.599180384911905,0.718810968385089,1.0,15.0,0.37227428,8.0,18.0,30.0,1.31264087,114.0,4.60822342901474,0.0,11.450737005430566,0.5585725368502715,16.058960434445307,1.3964313421256789,0.0,0.7680372381691233,1.6058960434445306,1.5360744763382466,0.0698215671062839,0.4189294026377036,0.7680372381691233,0.9076803723816912,3.351435221101629,0.9775019394879751,0.4887509697439876,0.4887509697439876,0.7680372381691233,3.560899922420481,0.6982156710628393,0.3491078355314196,0.4189294026377036,0.0,0.0,0.0,71.88,38.1,0.0,45.45,47.83,33.57,38.46,46.15,0.1814788476664635,0.0501885082658324,0.0698215671062839,1.047323506594259,0.0259927736229635,0.5585725368502715,1.256788207913111,2.094647013188518,0.0916506425911559,7.959658650116369,CM/AM,37,13,54,46,46,100,23,51,81,97,15,83,50,58,67,79,96,65,92,92,45,63,44,51,47,50,8,13,13,62,79,13,38,23,97,41,23,51,49,58,41,51,64,49,10,13,8,15,8,85,23,18,56,92,10,49,13,18,26,59,97,49,77,72,28,36,15,51,47,50,8,13,13,62,79,13,38,23,85,15,10,13,8,26,13,15,26,13,Veikkausliiga
VPS,duspptyvnr5kpx2iko5gerhnz,3ax5796zogpcbett7l1i4vhg4,R. Simpson,Razak Simpson,28.0,Midfielder,Ghana,Midfielder,84.0,1.0,60.0,11.0,143.0,10.0,0.0,0.0,1.0,0.0,1.0,0.0,1.0,1.0,22.0,11.0,0.0,5.0,306.0,0.0,3.0,3.0,0.0,7.0,0.0,0.0,0.0,81.71,34.38,50.0,0.0,0.0,66.67,71.43,77.78,0.0350922514886367,0.0,1.0,1.0,0.01935132,0.0,16.0,19.0,0.3039563799999999,91.0,24.705882352941178,0.2941176470588235,17.647058823529413,3.235294117647059,42.05882352941177,2.9411764705882355,0.0,0.0,0.2941176470588235,0.0,0.2941176470588235,0.0,0.2941176470588235,0.2941176470588235,6.470588235294118,3.235294117647059,0.0,1.4705882352941178,0.0,0.8823529411764706,0.8823529411764706,0.0,2.058823529411765,0.0,0.0,0.0,81.71,34.38,50.0,0.0,0.0,66.67,71.43,77.78,0.0103212504378343,0.0,0.2941176470588235,0.2941176470588235,0.0056915647058823,0.0,4.705882352941177,5.588235294117648,0.0893989352941176,26.764705882352946,RM/RCM,50,17,50,67,50,100,33,17,17,17,42,25,17,17,50,83,33,67,25,17,50,17,58,58,58,58,83,17,100,17,25,100,83,83,17,17,42,17,17,25,50,50,33,50,100,33,67,100,100,100,33,17,17,17,50,25,17,17,100,100,33,100,25,17,50,17,100,58,58,58,83,17,100,17,25,100,83,83,17,17,50,17,17,25,100,100,50,100,Veikkausliiga
VPS,duspptyvnr5kpx2iko5gerhnz,3h8gqv4l0lrls9day28t1sw0k,J. Turfkruier,Jayden Turfkruier,23.0,Defender,Suriname,Defender,173.0,50.0,418.0,42.0,541.0,15.0,5.0,43.0,17.0,6.0,11.0,8.0,16.0,16.0,72.0,31.0,1.0,21.0,1619.0,5.0,24.0,13.0,9.0,22.0,0.0,0.0,0.0,76.3,38.18,32.68,56.25,29.41,51.06,51.72,62.86,0.9840265005372628,5.0660093667576085,5.0,32.0,0.8552681699999996,20.0,64.0,90.0,3.719353349999999,244.0,9.61704756022236,2.779493514515133,23.23656578134652,2.334774552192712,30.07411982705374,0.8338480543545399,0.2779493514515133,2.3903644224830143,0.9450277949351452,0.333539221741816,0.6114885731933293,0.4447189623224213,0.8894379246448426,0.8894379246448426,4.002470660901792,1.7232859789993824,0.0555898702903026,1.167387276096356,0.2779493514515133,1.334156886967264,0.7226683137739346,0.500308832612724,1.2229771463866586,0.0,0.0,0.0,76.3,38.18,32.68,56.25,29.41,51.06,51.72,62.86,0.0547019055270868,0.2816188035875138,0.2779493514515133,1.7788758492896852,0.0475442466337245,1.1117974058060531,3.5577516985793705,5.00308832612724,0.2067583702903026,13.56392835083385,LB/LCB,57,100,86,95,67,71,98,93,83,79,90,95,62,60,71,50,88,100,98,71,81,57,90,45,52,52,38,52,71,57,71,38,43,57,71,95,76,86,86,86,81,81,86,62,29,95,81,81,57,43,90,95,62,43,81,86,43,43,33,19,86,62,95,57,57,43,67,45,52,52,38,52,71,57,71,38,43,57,48,95,62,76,81,71,62,67,76,48,Veikkausliiga
VPS,duspptyvnr5kpx2iko5gerhnz,45vh3c99keqayr9hj0r6x0ei2,S. van Duivenbooden,Simon van Duivenbooden,24.0,Attacker,Netherlands,Striker,12.0,0.0,26.0,2.0,38.0,10.0,0.0,2.0,2.0,1.0,1.0,1.0,2.0,2.0,17.0,2.0,0.0,0.0,216.0,0.0,6.0,4.0,0.0,1.0,0.0,0.0,0.0,58.46,40.0,0.0,0.0,0.0,34.69,32.26,33.33,0.0907721157895895,0.0702799412897856,1.0,4.0,0.0999366099999999,4.0,4.0,4.0,0.19824867,16.0,5.0,0.0,10.833333333333334,0.8333333333333334,15.833333333333334,4.166666666666667,0.0,0.8333333333333334,0.8333333333333334,0.4166666666666667,0.4166666666666667,0.4166666666666667,0.8333333333333334,0.8333333333333334,7.083333333333334,0.8333333333333334,0.0,0.0,0.0,2.5,1.6666666666666667,0.0,0.4166666666666667,0.0,0.0,0.0,58.46,40.0,0.0,0.0,0.0,34.69,32.26,33.33,0.0378217149123289,0.029283308870744,0.4166666666666667,1.6666666666666667,0.0416402541666666,1.6666666666666667,1.6666666666666667,1.6666666666666667,0.0826036124999999,6.666666666666667,ST,22,25,21,39,20,54,20,21,7,5,17,16,8,8,30,21,14,17,5,7,33,8,11,51,50,51,9,32,25,8,5,30,37,9,2,13,20,30,22,52,35,27,33,29,65,25,65,85,63,91,20,35,7,2,28,30,15,15,89,57,14,17,5,7,78,8,24,51,50,51,9,32,25,8,5,30,37,9,2,15,26,72,57,96,89,70,72,80,Veikkausliiga
VPS,duspptyvnr5kpx2iko5gerhnz,4lv7kvbtfspy378pqcye9w1uy,J. Muzinga,Jonathan Muzinga,23.0,Attacker,Finland,Striker,35.0,2.0,95.0,2.0,128.0,20.0,1.0,12.0,23.0,21.0,2.0,7.0,5.0,5.0,51.0,8.0,1.0,4.0,1122.0,9.0,53.0,22.0,1.0,6.0,0.0,0.0,0.0,68.45,28.57,40.0,20.0,39.13,46.36,40.82,75.0,2.5821973922659,0.7275864082200344,8.0,10.0,0.30082048,3.0,4.0,8.0,0.9407795100000002,44.0,2.807486631016043,0.160427807486631,7.620320855614973,0.160427807486631,10.267379679144383,1.60427807486631,0.0802139037433155,0.962566844919786,1.8449197860962567,1.6844919786096255,0.160427807486631,0.5614973262032086,0.4010695187165775,0.4010695187165775,4.090909090909091,0.6417112299465241,0.0802139037433155,0.320855614973262,0.7219251336898396,4.251336898395722,1.7647058823529411,0.0802139037433155,0.481283422459893,0.0,0.0,0.0,68.45,28.57,40.0,20.0,39.13,46.36,40.82,75.0,0.2071281330694572,0.0583625461139065,0.6417112299465241,0.8021390374331551,0.0241299850267379,0.2406417112299465,0.320855614973262,0.6417112299465241,0.0754635970588235,3.5294117647058822,ST,50,70,63,39,59,77,54,67,63,70,32,75,24,22,76,79,37,77,57,72,92,23,71,51,50,51,33,25,99,27,39,80,57,72,70,61,73,48,46,42,35,52,76,62,17,65,35,15,22,59,52,46,28,41,7,54,4,4,43,43,28,72,30,43,80,15,39,51,50,51,33,25,99,27,39,80,57,72,33,41,57,22,22,28,11,15,65,23,Veikkausliiga
VPS,duspptyvnr5kpx2iko5gerhnz,7cfvfo7j1hdln0ef4skv57my1,K. Kouassivi-Benissan,Kevin Kouassivi-Benissan,27.0,Defender,Finland,Defender,81.0,20.0,228.0,13.0,289.0,6.0,3.0,31.0,22.0,13.0,9.0,3.0,16.0,18.0,50.0,9.0,0.0,11.0,1196.0,11.0,44.0,19.0,6.0,11.0,0.0,0.0,0.0,73.54,38.24,28.17,37.5,50.0,47.62,27.27,57.89,1.5302371533421142,3.453921292935211,12.0,27.0,0.79117903,12.0,25.0,42.0,3.105894660000001,126.0,6.095317725752508,1.5050167224080266,17.157190635451503,0.9782608695652172,21.747491638795985,0.451505016722408,0.225752508361204,2.332775919732441,1.6555183946488294,0.9782608695652172,0.677257525083612,0.225752508361204,1.2040133779264213,1.354515050167224,3.762541806020067,0.677257525083612,0.0,0.8277591973244147,0.8277591973244147,3.311036789297659,1.4297658862876252,0.451505016722408,0.8277591973244147,0.0,0.0,0.0,73.54,38.24,28.17,37.5,50.0,47.62,27.27,57.89,0.1151516252514968,0.2599104651874322,0.903010033444816,2.031772575250836,0.059536883528428,0.903010033444816,1.8812709030100327,3.160535117056856,0.2337211700668897,9.481605351170568,CB,13,100,61,29,33,16,99,100,96,94,96,82,90,91,62,12,35,54,98,97,94,81,71,43,50,51,10,35,76,39,90,12,8,35,90,100,98,90,94,95,42,48,100,27,4,100,53,12,10,6,96,100,92,90,96,69,86,86,33,2,35,31,94,94,94,78,55,43,50,51,10,35,76,39,90,12,8,35,82,100,98,86,92,92,24,33,100,14,Veikkausliiga
VPS,duspptyvnr5kpx2iko5gerhnz,7zztpnbw4cfyw6q231nqy8nv9,M. Niemi,Miika Niemi,32.0,Defender,Finland,Defender,214.0,5.0,236.0,45.0,445.0,6.0,0.0,6.0,2.0,1.0,1.0,1.0,1.0,1.0,24.0,40.0,0.0,9.0,1114.0,0.0,4.0,11.0,0.0,5.0,0.0,0.0,0.0,80.18,45.92,31.25,0.0,0.0,51.06,54.55,71.43,0.1203623866678686,0.5677862427773864,2.0,10.0,0.21070835,11.0,75.0,83.0,1.7873936799999997,259.0,17.289048473967682,0.4039497307001795,19.06642728904848,3.635547576301616,35.951526032315975,0.4847396768402154,0.0,0.4847396768402154,0.1615798922800718,0.0807899461400359,0.0807899461400359,0.0807899461400359,0.0807899461400359,0.0807899461400359,1.9389587073608616,3.2315978456014363,0.0,0.7271095152603231,0.0,0.3231597845601436,0.8886894075403949,0.0,0.4039497307001795,0.0,0.0,0.0,80.18,45.92,31.25,0.0,0.0,51.06,54.55,71.43,0.0097240707361832,0.0458714199730383,0.1615798922800718,0.8078994614003591,0.0170231162477558,0.8886894075403949,6.059245960502693,6.70556552962298,0.1444034391382405,20.924596050269297,CB,39,90,65,73,47,16,38,85,22,13,60,41,29,28,18,41,35,48,15,17,73,15,29,43,50,51,22,63,81,15,15,20,37,67,12,88,72,55,55,92,90,90,82,53,20,88,65,78,31,10,38,82,16,10,61,33,29,27,2,18,35,22,15,12,69,15,14,43,50,51,22,63,81,15,15,20,37,67,10,86,73,49,49,90,94,94,90,33,Veikkausliiga
VPS,duspptyvnr5kpx2iko5gerhnz,9iqrojw1zas7uwcubiwbzmns9,Y. Daoussi,Yassin Daoussi,26.0,Defender,Finland,Defender,81.0,6.0,157.0,8.0,232.0,24.0,1.0,10.0,15.0,9.0,6.0,6.0,6.0,6.0,52.0,22.0,1.0,14.0,987.0,5.0,33.0,10.0,1.0,9.0,0.0,0.0,0.0,70.3,32.0,28.57,16.67,33.33,40.94,48.0,52.94,1.211214356183424,1.123609524865751,4.0,7.0,0.20570752,5.0,11.0,26.0,1.50168722,84.0,7.386018237082067,0.547112462006079,14.3161094224924,0.729483282674772,21.15501519756839,2.188449848024316,0.0911854103343465,0.9118541033434652,1.3677811550151977,0.8206686930091185,0.547112462006079,0.547112462006079,0.547112462006079,0.547112462006079,4.741641337386018,2.006079027355624,0.0911854103343465,1.2765957446808511,0.4559270516717325,3.0091185410334345,0.9118541033434652,0.0911854103343465,0.8206686930091185,0.0,0.0,0.0,70.3,32.0,28.57,16.67,33.33,40.94,48.0,52.94,0.1104450780714368,0.1024567955804636,0.364741641337386,0.6382978723404256,0.0187575246200607,0.4559270516717325,1.0030395136778116,2.370820668693009,0.136931965349544,7.659574468085106,CB,13,95,45,19,29,61,85,92,88,83,93,94,64,64,65,24,82,68,94,92,68,40,60,43,50,51,6,16,78,31,70,4,20,24,84,92,84,43,53,66,20,38,65,14,6,92,33,6,8,55,86,94,86,78,90,96,61,61,65,10,84,76,88,92,71,41,53,43,50,51,6,16,78,31,70,4,20,24,78,94,80,37,55,65,10,20,86,8,Veikkausliiga
VPS,duspptyvnr5kpx2iko5gerhnz,9ka422rjynvrx4kofh5q8ivop,A. Räisänen,Antti-Ville Räisänen,28.0,Midfielder,Finland,Midfielder,92.0,0.0,191.0,12.0,283.0,16.0,0.0,5.0,9.0,6.0,3.0,4.0,15.0,15.0,47.0,10.0,1.0,8.0,1076.0,3.0,21.0,3.0,3.0,14.0,0.0,0.0,0.0,80.17,54.55,0.0,20.0,33.33,42.73,53.33,56.0,0.7852848435738723,0.2267669512306379,3.0,16.0,0.48841873,14.0,31.0,30.0,0.8960927699999999,125.0,7.695167286245353,0.0,15.975836431226766,1.003717472118959,23.67100371747212,1.338289962825279,0.0,0.4182156133828996,0.7527881040892194,0.5018587360594795,0.2509293680297397,0.3345724907063197,1.2546468401486988,1.2546468401486988,3.931226765799257,0.8364312267657993,0.0836431226765799,0.6691449814126395,0.2509293680297397,1.7565055762081785,0.2509293680297397,0.2509293680297397,1.1710037174721188,0.0,0.0,0.0,80.17,54.55,0.0,20.0,33.33,42.73,53.33,56.0,0.0656836765071082,0.0189674959207782,0.2509293680297397,1.338289962825279,0.0408528677509293,1.1710037174721188,2.592936802973977,2.509293680297397,0.0749519974907063,10.45539033457249,CM/AM,51,13,67,59,64,95,23,23,46,54,47,62,73,72,64,67,53,71,47,54,17,40,83,51,47,50,41,56,13,19,53,26,74,51,44,15,56,58,56,74,69,51,36,55,28,13,31,28,33,79,23,3,13,38,26,41,36,36,36,41,41,67,15,28,5,18,72,51,47,50,41,56,13,19,53,26,74,51,26,3,36,26,33,67,44,23,18,21,Veikkausliiga
VPS,duspptyvnr5kpx2iko5gerhnz,b7594v117himyndjrpkval8us,E. Okereke,Emmanuel Okereke,23.0,Defender,Nigeria,Defender,503.0,0.0,188.0,61.0,691.0,69.0,0.0,3.0,19.0,18.0,1.0,6.0,13.0,14.0,126.0,114.0,0.0,25.0,1752.0,2.0,31.0,12.0,9.0,27.0,0.0,0.0,0.0,80.82,42.07,0.0,69.23,10.53,55.75,64.49,75.0,2.511643551284752,0.1237146102645978,2.0,1.0,0.01935132,0.0,29.0,47.0,1.1254028000000011,402.0,25.83904109589041,0.0,9.657534246575343,3.1335616438356166,35.49657534246575,3.544520547945206,0.0,0.1541095890410959,0.976027397260274,0.9246575342465754,0.0513698630136986,0.3082191780821918,0.6678082191780822,0.7191780821917809,6.472602739726028,5.856164383561644,0.0,1.284246575342466,0.1027397260273972,1.5924657534246576,0.6164383561643836,0.4623287671232877,1.3869863013698631,0.0,0.0,0.0,80.82,42.07,0.0,69.23,10.53,55.75,64.49,75.0,0.1290227851687372,0.0063552025820855,0.1027397260273972,0.0513698630136986,0.0009940746575342,0.0,1.4897260273972603,2.414383561643836,0.0578117876712329,20.65068493150685,CB,78,31,47,86,76,100,38,62,94,98,60,94,83,84,100,96,35,97,64,90,81,90,100,43,50,51,27,47,31,84,31,43,69,79,98,41,72,13,13,14,47,57,51,71,39,31,16,67,29,94,38,39,80,88,49,78,69,69,94,71,35,78,41,69,45,80,90,43,50,51,27,47,31,84,31,43,69,79,88,31,63,12,12,14,20,24,16,31,Veikkausliiga
VPS,duspptyvnr5kpx2iko5gerhnz,b936xgwgyt2zr6730pvx3q2hg,Lassana Mané,Lassana Mané,26.0,Defender,Guinea-Bissau,Defender,299.0,5.0,340.0,41.0,634.0,29.0,1.0,13.0,7.0,2.0,5.0,2.0,11.0,11.0,92.0,57.0,1.0,20.0,1890.0,1.0,11.0,18.0,5.0,26.0,0.0,0.0,0.0,82.02,40.59,25.0,45.45,14.29,59.74,54.72,65.0,0.5103684236478241,1.1371096733788308,5.0,23.0,0.54174747,12.0,57.0,76.0,1.91109507,311.0,14.238095238095235,0.238095238095238,16.19047619047619,1.9523809523809523,30.19047619047619,1.380952380952381,0.0476190476190476,0.6190476190476191,0.3333333333333333,0.0952380952380952,0.238095238095238,0.0952380952380952,0.5238095238095238,0.5238095238095238,4.380952380952381,2.7142857142857144,0.0476190476190476,0.9523809523809524,0.0476190476190476,0.5238095238095238,0.8571428571428571,0.238095238095238,1.238095238095238,0.0,0.0,0.0,82.02,40.59,25.0,45.45,14.29,59.74,54.72,65.0,0.024303258268944,0.0541480796847062,0.238095238095238,1.0952380952380951,0.0257974985714285,0.5714285714285714,2.7142857142857144,3.619047619047619,0.0910045271428571,14.80952380952381,CB,51,90,90,68,71,82,85,96,62,26,88,66,79,77,96,65,82,88,40,52,92,74,98,43,50,51,35,41,71,55,37,63,39,55,47,94,90,86,88,95,80,85,92,55,16,80,49,31,16,24,76,88,35,12,78,35,59,59,53,14,69,41,31,20,65,61,82,43,50,51,35,41,71,55,37,63,39,55,20,90,76,57,61,73,35,43,33,20,Veikkausliiga
VPS,duspptyvnr5kpx2iko5gerhnz,bmbqxxppt49l7d7glv3eg9k44,O. Ogunniyi,Oluwaseyi Ogunniyi,19.0,Attacker,Nigeria,Striker,111.0,3.0,202.0,12.0,310.0,8.0,0.0,16.0,13.0,10.0,3.0,1.0,36.0,37.0,58.0,15.0,2.0,15.0,829.0,5.0,32.0,13.0,19.0,15.0,0.0,0.0,0.0,81.36,46.15,12.0,52.78,38.46,51.33,38.1,83.33,1.1423010916968623,1.345149843898919,4.0,34.0,0.9460696599999996,15.0,33.0,39.0,1.7714581500000008,137.0,12.050663449939687,0.3256936067551267,21.93003618817853,1.3027744270205068,33.655006031363094,0.8685162846803378,0.0,1.7370325693606756,1.411338962605549,1.0856453558504222,0.3256936067551267,0.1085645355850422,3.90832328106152,4.0168878166465625,6.296743063932449,1.6284680337756334,0.2171290711700844,1.6284680337756334,0.5428226779252111,3.474065138721352,1.411338962605549,2.0627261761158024,1.6284680337756334,0.0,0.0,0.0,81.36,46.15,12.0,52.78,38.46,51.33,38.1,83.33,0.1240133875183566,0.1460355680951781,0.4342581423401689,3.691194209891436,0.1027096132689987,1.6284680337756334,3.5826296743063937,4.234016887816647,0.1923175313630881,14.873341375150783,RW,90,45,70,80,80,65,30,60,60,80,70,15,65,60,75,80,70,100,70,55,70,90,75,45,55,55,90,70,30,80,70,90,50,100,60,50,60,80,70,90,100,90,80,90,90,30,90,90,100,80,30,60,40,40,60,20,90,80,90,90,60,100,50,30,80,100,100,45,55,55,90,70,30,80,70,90,50,100,40,60,60,60,50,100,100,100,70,100,Veikkausliiga
VPS,duspptyvnr5kpx2iko5gerhnz,d2faddqz3ulinxt2idj79z3oq,H. Salomaa,Henri Salomaa,23.0,Attacker,Finland,Striker,25.0,2.0,57.0,1.0,80.0,4.0,2.0,2.0,14.0,13.0,1.0,4.0,7.0,7.0,12.0,7.0,0.0,0.0,368.0,4.0,20.0,0.0,1.0,5.0,0.0,0.0,0.0,81.63,33.33,16.67,14.29,28.57,30.77,36.36,71.43,1.5857753367423972,0.187685786753667,2.0,12.0,0.3435927099999999,6.0,5.0,2.0,0.1556008099999999,18.0,6.114130434782609,0.4891304347826087,13.94021739130435,0.2445652173913043,19.565217391304348,0.9782608695652176,0.4891304347826087,0.4891304347826087,3.423913043478261,3.179347826086957,0.2445652173913043,0.9782608695652176,1.7119565217391306,1.7119565217391306,2.9347826086956523,1.7119565217391306,0.0,0.0,0.9782608695652176,4.891304347826087,0.0,0.2445652173913043,1.2228260869565215,0.0,0.0,0.0,81.63,33.33,16.67,14.29,28.57,30.77,36.36,71.43,0.3878254899641732,0.0459014152386685,0.4891304347826087,2.9347826086956523,0.0840308258152173,1.4673913043478262,1.2228260869565215,0.4891304347826087,0.038054545923913,4.402173913043479,ST,41,70,41,20,41,34,80,21,40,55,17,52,39,38,22,72,14,17,33,39,4,23,61,51,50,51,93,28,63,17,23,20,40,62,41,26,28,57,50,70,45,14,26,35,83,83,83,24,85,41,100,15,83,89,13,85,50,50,24,91,14,17,50,52,4,26,80,51,50,51,93,28,63,17,23,20,40,62,78,26,41,87,85,91,70,9,30,46,Veikkausliiga
VPS,duspptyvnr5kpx2iko5gerhnz,d9ix4ojatsb0l7hon5e7ykrh0,X. Odhiambo,Xavier Odhiambo,21.0,Attacker,Kenya,Striker,5.0,0.0,24.0,1.0,29.0,2.0,0.0,4.0,8.0,5.0,3.0,0.0,9.0,10.0,13.0,4.0,1.0,0.0,247.0,6.0,16.0,3.0,6.0,2.0,0.0,0.0,0.0,74.36,50.0,0.0,66.67,75.0,34.21,16.67,100.0,1.1139692101055183,0.2039248989948862,5.0,3.0,0.0917426299999999,0.0,1.0,2.0,0.08167818,9.0,1.8218623481781373,0.0,8.744939271255062,0.3643724696356275,10.566801619433198,0.728744939271255,0.0,1.45748987854251,2.91497975708502,1.8218623481781373,1.0931174089068827,0.0,3.279352226720648,3.643724696356276,4.7368421052631575,1.45748987854251,0.3643724696356275,0.0,2.1862348178137654,5.82995951417004,1.0931174089068827,2.1862348178137654,0.728744939271255,0.0,0.0,0.0,74.36,50.0,0.0,66.67,75.0,34.21,16.67,100.0,0.4058997121841969,0.0743046190669625,1.8218623481781373,1.0931174089068827,0.0334284886639675,0.0,0.3643724696356275,0.728744939271255,0.0297612801619433,3.279352226720648,ST,7,25,16,20,15,20,20,39,29,24,39,5,45,45,25,43,37,17,46,33,24,63,23,51,50,51,61,57,25,93,98,28,18,92,35,30,51,21,17,10,11,14,15,15,7,25,43,39,26,37,20,76,63,48,87,5,93,93,57,87,61,17,98,74,50,100,63,51,50,51,61,57,25,93,98,28,18,92,85,48,98,50,35,10,13,22,22,20,Veikkausliiga
