Team,contestantId,playerId,Short Name,Player Name,Age,Position_x,Nationality,Position_y,total accurate back zone pass_Total,total accurate fwd zone pass_Total,total accurate long balls_Total,total accurate pass_Total,total aerial won_Total,total att assist_Total,total attempt_Total,total attempts ibox_Total,total attempts obox_Total,total duels won_Total,total effective clearance_Total,total goals_Total,total interception_Total,total mins played,total ontarget attempt_Total,total touches in opposition box_Total,total was fouled_Total,total won tackle_Total,total contest_Total,total dribbles attempted_Total,total won contest_Total,total accurate cross_Total,total blocked scoring att_Total,total assists_Total,total big chances saved_Total,total direct setpiece goals_Total,pass_success_pct_Total,long_balls_success_pct_Total,cross_success_pct_Total,dribble_success_pct_Total,attempt_success_pct_Total,duel_success_pct_Total,aerial_success_pct_Total,tackle_success_pct_Total,xG_Total,xA_Total,CreatedOwnShot_Total,Total Carries_Total,Total Carry xT_Total,Total Final Third Carries_Total,passes_into_final_third_Total,progressive_passes_Total,xT_pass_Total,forward_passes_Total,total accurate back zone pass_p90,total accurate fwd zone pass_p90,total accurate long balls_p90,total accurate pass_p90,total aerial won_p90,total att assist_p90,total attempt_p90,total attempts ibox_p90,total attempts obox_p90,total duels won_p90,total effective clearance_p90,total goals_p90,total interception_p90,total ontarget attempt_p90,total touches in opposition box_p90,total was fouled_p90,total won tackle_p90,total contest_p90,total dribbles attempted_p90,total won contest_p90,total accurate cross_p90,total blocked scoring att_p90,total assists_p90,total big chances saved_p90,total direct setpiece goals_p90,pass_success_pct_p90,long_balls_success_pct_p90,cross_success_pct_p90,dribble_success_pct_p90,attempt_success_pct_p90,duel_success_pct_p90,aerial_success_pct_p90,tackle_success_pct_p90,xG_p90,xA_p90,CreatedOwnShot_p90,Total Carries_p90,Total Carry xT_p90,Total Final Third Carries_p90,passes_into_final_third_p90,progressive_passes_p90,xT_pass_p90,forward_passes_p90,Pos.,total accurate back zone pass_TotalPR,total accurate fwd zone pass_TotalPR,total accurate long balls_TotalPR,total accurate pass_TotalPR,total aerial won_TotalPR,total att assist_TotalPR,total attempt_TotalPR,total attempts ibox_TotalPR,total attempts obox_TotalPR,total duels won_TotalPR,total effective clearance_TotalPR,total goals_TotalPR,total interception_TotalPR,total ontarget attempt_TotalPR,total touches in opposition box_TotalPR,total was fouled_TotalPR,total won tackle_TotalPR,total contest_TotalPR,total dribbles attempted_TotalPR,total won contest_TotalPR,total accurate cross_TotalPR,total blocked scoring att_TotalPR,total assists_TotalPR,total big chances saved_TotalPR,total direct setpiece goals_TotalPR,pass_success_pct_TotalPR,long_balls_success_pct_TotalPR,cross_success_pct_TotalPR,dribble_success_pct_TotalPR,attempt_success_pct_TotalPR,duel_success_pct_TotalPR,aerial_success_pct_TotalPR,tackle_success_pct_TotalPR,xG_TotalPR,xA_TotalPR,CreatedOwnShot_TotalPR,Total Carries_TotalPR,Total Carry xT_TotalPR,Total Final Third Carries_TotalPR,passes_into_final_third_TotalPR,progressive_passes_TotalPR,xT_pass_TotalPR,forward_passes_TotalPR,total accurate back zone pass_p90PR,total accurate fwd zone pass_p90PR,total accurate long balls_p90PR,total accurate pass_p90PR,total aerial won_p90PR,total att assist_p90PR,total attempt_p90PR,total attempts ibox_p90PR,total attempts obox_p90PR,total duels won_p90PR,total effective clearance_p90PR,total goals_p90PR,total interception_p90PR,total ontarget attempt_p90PR,total touches in opposition box_p90PR,total was fouled_p90PR,total won tackle_p90PR,total contest_p90PR,total dribbles attempted_p90PR,total won contest_p90PR,total accurate cross_p90PR,total blocked scoring att_p90PR,total assists_p90PR,total big chances saved_p90PR,total direct setpiece goals_p90PR,pass_success_pct_p90PR,long_balls_success_pct_p90PR,cross_success_pct_p90PR,dribble_success_pct_p90PR,attempt_success_pct_p90PR,duel_success_pct_p90PR,aerial_success_pct_p90PR,tackle_success_pct_p90PR,xG_p90PR,xA_p90PR,CreatedOwnShot_p90PR,Total Carries_p90PR,Total Carry xT_p90PR,Total Final Third Carries_p90PR,passes_into_final_third_p90PR,progressive_passes_p90PR,xT_pass_p90PR,forward_passes_p90PR,League
Heidenheim,3xcg7xikgrn2x8oa65sopb2is,1jp5ure85qhx8kkzgivt86t3p,M. Costly,Marcel Costly,30,Attacker,Germany,Striker,10.0,28.0,0.0,35.0,3.0,7.0,4.0,2.0,2.0,7.0,3.0,1.0,1.0,180.0,2.0,8.0,1.0,1.0,5.0,5.0,2.0,3.0,0.0,2.0,0.0,0.0,81.4,0.0,23.08,40.0,50.0,41.18,60.0,100.0,0.3712818687048302,0.7390786080111239,3.0,8.0,0.17069439,5.0,5.0,6.0,0.52791434,11.0,5.0,14.0,0.0,17.5,1.5,3.5,2.0,1.0,1.0,3.5,1.5,0.5,0.5,1.0,4.0,0.5,0.5,2.5,2.5,1.0,1.5,0.0,1.0,0.0,0.0,81.4,0.0,23.08,40.0,50.0,41.18,60.0,100.0,0.1856409343524151,0.3695393040055619,1.5,4.0,0.085347195,2.5,2.5,3.0,0.26395717,5.5,ST,68,88,27,83,73,100,52,38,83,53,87,62,80,58,62,37,67,77,77,65,97,25,98,52,52,83,27,87,50,63,50,92,90,50,100,88,98,87,100,97,85,100,70,53,82,27,70,63,100,45,30,75,35,87,53,75,52,52,30,55,67,67,58,93,25,98,52,52,83,27,87,50,63,50,92,90,47,100,88,98,73,100,93,83,100,57,2. Bundesliga
Heidenheim,3xcg7xikgrn2x8oa65sopb2is,2o570lgb5c364c395zp1ccqqy,T. Siersleben,Tim Siersleben,26,Defender,Germany,Defender,53.0,38.0,10.0,91.0,8.0,0.0,1.0,1.0,0.0,10.0,12.0,0.0,4.0,180.0,0.0,2.0,1.0,1.0,1.0,1.0,1.0,0.0,1.0,0.0,0.0,0.0,80.53,52.63,0.0,100.0,0.0,55.56,72.73,100.0,0.1027425282540882,0.0,0.0,0.0,0.0,0.0,9.0,13.0,0.2323374899999999,67.0,26.5,19.0,5.0,45.5,4.0,0.0,0.5,0.5,0.0,5.0,6.0,0.0,2.0,0.0,1.0,0.5,0.5,0.5,0.5,0.5,0.0,0.5,0.0,0.0,0.0,80.53,52.63,0.0,100.0,0.0,55.56,72.73,100.0,0.0513712641270441,0.0,0.0,0.0,0.0,0.0,4.5,6.5,0.1161687449999999,33.5,CB,45,90,97,68,97,27,52,66,39,84,68,45,84,34,61,58,40,77,76,89,44,92,48,47,52,10,71,44,94,34,55,97,82,58,29,42,26,26,35,87,98,84,90,35,71,90,48,92,27,47,63,39,74,66,45,81,34,58,53,31,73,71,85,44,90,48,47,52,10,71,44,94,34,55,97,82,55,29,42,26,26,35,82,98,81,77,2. Bundesliga
Heidenheim,3xcg7xikgrn2x8oa65sopb2is,5dcemmjwbguvnz7sz0m8uomad,J. Föhrenbach,Jonas Föhrenbach,30,Defender,Germany,Defender,42.0,37.0,11.0,75.0,0.0,4.0,0.0,0.0,0.0,1.0,3.0,0.0,1.0,180.0,0.0,0.0,0.0,0.0,3.0,3.0,1.0,4.0,0.0,1.0,0.0,0.0,82.42,57.89,40.0,33.33,0.0,12.5,0.0,0.0,0.0,0.5683155590248355,0.0,4.0,0.08547703,2.0,8.0,9.0,0.29055955,35.0,21.0,18.5,5.5,37.5,0.0,2.0,0.0,0.0,0.0,0.5,1.5,0.0,0.5,0.0,0.0,0.0,0.0,1.5,1.5,0.5,2.0,0.0,0.5,0.0,0.0,82.42,57.89,40.0,33.33,0.0,12.5,0.0,0.0,0.0,0.2841577795124178,0.0,2.0,0.042738515,1.0,4.0,4.5,0.145279775,17.5,LB/LCB,68,61,100,74,8,95,26,37,32,5,29,50,39,42,11,18,8,76,76,55,95,37,97,53,53,47,79,74,45,42,5,16,8,26,100,37,74,74,76,74,76,79,63,58,55,95,58,8,92,26,37,32,5,29,50,39,42,11,18,8,66,66,47,95,37,97,53,53,47,79,74,45,42,5,16,8,26,100,37,74,74,68,74,66,74,58,2. Bundesliga
Heidenheim,3xcg7xikgrn2x8oa65sopb2is,6hotzhpidcjljm3u0ud1uqsid,B. Zivzivadze,Budu Zivzivadze,32,Attacker,Georgia,Striker,10.0,14.0,2.0,24.0,2.0,3.0,4.0,3.0,1.0,3.0,2.0,1.0,0.0,166.0,1.0,8.0,0.0,0.0,1.0,1.0,1.0,0.0,0.0,0.0,0.0,0.0,70.59,66.67,0.0,100.0,25.0,25.0,28.57,0.0,0.2773379960682893,0.1980984265660256,1.0,1.0,0.25745362,0.0,0.0,2.0,0.0446266999999999,8.0,5.421686746987952,7.590361445783132,1.0843373493975903,13.012048192771084,1.0843373493975903,1.6265060240963851,2.1686746987951806,1.6265060240963851,0.5421686746987951,1.6265060240963851,1.0843373493975903,0.5421686746987951,0.0,0.5421686746987951,4.337349397590361,0.0,0.0,0.5421686746987951,0.5421686746987951,0.5421686746987951,0.0,0.0,0.0,0.0,0.0,70.59,66.67,0.0,100.0,25.0,25.0,28.57,0.0,0.150363973771964,0.1074027613912187,0.5421686746987951,0.5421686746987951,0.1395832879518072,0.0,0.0,1.0843373493975903,0.0241951987951806,4.337349397590361,ST,68,50,87,57,58,80,52,53,52,13,77,62,37,35,62,15,25,35,35,47,42,25,38,52,52,37,75,42,95,27,15,43,25,40,70,48,35,100,27,12,57,47,55,57,43,90,47,52,77,50,53,47,10,80,73,37,35,60,15,25,33,33,42,42,25,38,52,52,37,75,42,95,27,15,43,25,37,67,48,30,97,27,12,57,37,43,2. Bundesliga
Heidenheim,3xcg7xikgrn2x8oa65sopb2is,9heh3f6hvyp4sgbu0ft4xfh05,P. Mainka,Patrick Mainka,31,Defender,Germany,Defender,60.0,19.0,5.0,79.0,7.0,0.0,0.0,0.0,0.0,10.0,20.0,0.0,1.0,135.0,0.0,1.0,0.0,1.0,0.0,0.0,0.0,0.0,0.0,0.0,0.0,0.0,88.76,71.43,0.0,0.0,0.0,55.56,63.64,33.33,0.0,0.0,0.0,0.0,0.0,0.0,0.0,0.0,0.0,0.0,40.0,12.666666666666666,3.333333333333333,52.66666666666666,4.666666666666667,0.0,0.0,0.0,0.0,6.666666666666667,13.333333333333334,0.0,0.6666666666666666,0.0,0.6666666666666666,0.0,0.6666666666666666,0.0,0.0,0.0,0.0,0.0,0.0,0.0,0.0,88.76,71.43,0.0,0.0,0.0,55.56,63.64,33.33,0.0,0.0,0.0,0.0,0.0,0.0,0.0,0.0,0.0,0.0,CB,73,13,56,42,89,27,19,27,39,84,97,45,29,34,35,23,40,32,32,40,44,42,48,47,52,74,90,44,40,34,55,76,29,21,29,42,26,26,35,13,13,13,13,89,29,68,71,100,27,19,27,39,95,100,45,32,34,39,23,50,32,32,40,44,42,48,47,52,74,90,44,40,34,55,76,29,21,29,42,26,26,35,13,13,13,13,2. Bundesliga
Heidenheim,3xcg7xikgrn2x8oa65sopb2is,bqjrib66m08p1qw8315ljc38q,J. Schöppner,Jan Schöppner,27,Midfielder,Germany,Midfielder,33.0,32.0,7.0,65.0,6.0,0.0,2.0,2.0,0.0,11.0,7.0,2.0,2.0,180.0,2.0,5.0,1.0,3.0,2.0,2.0,1.0,0.0,0.0,0.0,0.0,0.0,75.58,58.33,0.0,50.0,100.0,42.31,60.0,100.0,0.5871168567981786,0.0,0.0,1.0,0.01870347,2.0,7.0,8.0,0.16993331,35.0,16.5,16.0,3.5,32.5,3.0,0.0,1.0,1.0,0.0,5.5,3.5,1.0,1.0,1.0,2.5,0.5,1.5,1.0,1.0,0.5,0.0,0.0,0.0,0.0,0.0,75.58,58.33,0.0,50.0,100.0,42.31,60.0,100.0,0.2935584283990893,0.0,0.0,0.5,0.009351735,1.0,3.5,4.0,0.084966655,17.5,DM/CM,47,50,82,40,90,10,54,76,26,69,85,100,68,94,91,22,72,63,62,60,37,31,47,51,51,18,74,37,63,99,35,75,85,100,16,31,41,34,84,60,72,65,53,38,40,78,29,82,10,50,71,26,62,84,100,63,93,82,16,65,54,51,51,37,31,47,51,51,18,74,37,63,99,35,75,85,100,16,31,32,32,81,59,68,59,47,2. Bundesliga
Heidenheim,3xcg7xikgrn2x8oa65sopb2is,csdd9p7ai8i0s4b2akm9is8yy,O. Mhamdi,Oualid Mhamdi,23,Defender,Morocco,Defender,32.0,16.0,3.0,48.0,1.0,0.0,5.0,1.0,4.0,5.0,1.0,0.0,1.0,104.0,0.0,1.0,1.0,0.0,2.0,2.0,1.0,0.0,3.0,0.0,0.0,0.0,84.21,60.0,0.0,50.0,0.0,41.67,50.0,0.0,0.2735680730300474,0.0,2.0,2.0,0.041573,1.0,6.0,8.0,0.21794759,22.0,27.692307692307693,13.846153846153848,2.5961538461538463,41.53846153846154,0.8653846153846154,0.0,4.3269230769230775,0.8653846153846154,3.4615384615384617,4.3269230769230775,0.8653846153846154,0.0,0.8653846153846154,0.0,0.8653846153846154,0.8653846153846154,0.0,1.7307692307692308,1.7307692307692308,0.8653846153846154,0.0,2.5961538461538463,0.0,0.0,0.0,84.21,60.0,0.0,50.0,0.0,41.67,50.0,0.0,0.2367416016606179,0.0,1.7307692307692308,1.7307692307692308,0.0359766346153846,0.8653846153846154,5.1923076923076925,6.923076923076923,0.1886084913461538,19.03846153846154,RB/RCB,67,14,60,57,26,10,100,62,100,29,14,50,43,38,29,43,12,67,64,64,31,100,43,50,52,48,88,31,60,38,33,64,12,86,14,86,67,67,43,71,76,57,57,81,38,76,76,43,10,100,86,100,43,24,50,57,38,38,62,12,81,76,81,31,100,43,50,52,48,88,31,60,38,33,64,12,95,14,100,81,76,57,90,100,76,71,2. Bundesliga
Heidenheim,3xcg7xikgrn2x8oa65sopb2is,dgubl900t52nssngev6atayju,M. Pieringer,Marvin Pieringer,26,Attacker,Germany,Striker,15.0,28.0,2.0,43.0,3.0,2.0,5.0,4.0,1.0,9.0,2.0,1.0,2.0,180.0,2.0,6.0,4.0,1.0,1.0,1.0,0.0,0.0,1.0,0.0,0.0,0.0,79.63,50.0,0.0,0.0,40.0,45.0,60.0,50.0,0.5047669139757232,0.0991455981460026,2.0,2.0,0.05710404,1.0,4.0,3.0,0.10522907,14.0,7.5,14.0,1.0,21.5,1.5,1.0,2.5,2.0,0.5,4.5,1.0,0.5,1.0,1.0,3.0,2.0,0.5,0.5,0.5,0.0,0.0,0.5,0.0,0.0,0.0,79.63,50.0,0.0,0.0,40.0,45.0,60.0,50.0,0.2523834569878616,0.0495727990730013,1.0,1.0,0.02855202,0.5,2.0,1.5,0.052614535,7.0,ST,83,88,87,93,73,62,60,63,52,70,77,62,93,58,45,88,67,35,35,20,42,62,38,52,52,73,65,42,20,52,63,92,67,57,40,77,55,50,62,83,73,57,80,83,82,82,90,63,50,53,58,33,53,72,53,90,52,30,83,55,27,27,20,42,50,38,52,52,73,65,42,20,52,63,92,67,57,33,68,48,47,55,77,68,57,73,2. Bundesliga
Heidenheim,3xcg7xikgrn2x8oa65sopb2is,euywniqwcq40dqoo55xni961h,M. Honsak,Mathias Honsak,29,Attacker,Austria,Striker,8.0,10.0,0.0,18.0,0.0,2.0,2.0,2.0,0.0,4.0,1.0,0.0,1.0,104.0,0.0,5.0,3.0,1.0,1.0,1.0,0.0,0.0,0.0,1.0,0.0,0.0,85.71,0.0,0.0,0.0,0.0,40.0,0.0,100.0,0.1823559194891675,0.0644654252266684,0.0,0.0,0.0,0.0,1.0,1.0,0.0156722999999999,5.0,6.923076923076923,8.653846153846155,0.0,15.576923076923078,0.0,1.7307692307692308,1.7307692307692308,1.7307692307692308,0.0,3.4615384615384617,0.8653846153846154,0.0,0.8653846153846154,0.0,4.3269230769230775,2.5961538461538463,0.8653846153846154,0.8653846153846154,0.8653846153846154,0.0,0.0,0.0,0.8653846153846154,0.0,0.0,85.71,0.0,0.0,0.0,0.0,40.0,0.0,100.0,0.1578080072502411,0.0557873872153861,0.0,0.0,0.0,0.0,0.8653846153846154,0.8653846153846154,0.0135625673076922,4.3269230769230775,LW,25,12,19,12,25,44,56,69,44,19,31,44,56,19,69,75,38,25,25,19,25,50,81,56,56,62,19,25,19,19,38,31,88,62,38,38,12,12,19,25,19,12,12,25,12,19,12,25,50,75,75,44,38,50,44,88,19,75,100,50,25,25,19,25,50,88,56,56,62,19,25,19,19,38,31,88,75,38,38,12,12,19,25,12,12,12,2. Bundesliga
Kaiserslautern,dmw05a03pgt48fnf9ikxs6i1o,3b2w1t6fsuazgtp4trwfyt9be,N. Skyttä,Naatan Skyttä,24,Midfielder,Finland,Midfielder,7.0,23.0,0.0,30.0,0.0,3.0,5.0,4.0,1.0,9.0,0.0,0.0,1.0,133.0,3.0,10.0,6.0,0.0,5.0,6.0,3.0,0.0,1.0,0.0,0.0,0.0,73.17,0.0,0.0,60.0,60.0,64.29,0.0,0.0,0.4772299261255528,0.2527459252232827,1.0,3.0,0.0685808,2.0,3.0,6.0,0.3334343599999999,16.0,4.7368421052631575,15.56390977443609,0.0,20.30075187969925,0.0,2.0300751879699246,3.3834586466165413,2.706766917293233,0.6766917293233082,6.090225563909774,0.0,0.0,0.6766917293233082,2.0300751879699246,6.7669172932330826,4.060150375939849,0.0,3.3834586466165413,4.060150375939849,2.0300751879699246,0.0,0.6766917293233082,0.0,0.0,0.0,73.17,0.0,0.0,60.0,60.0,64.29,0.0,0.0,0.3229375439947349,0.1710310772187627,0.6766917293233082,2.0300751879699246,0.0464080601503759,1.3533834586466165,2.0300751879699246,4.060150375939849,0.2256322736842104,10.827067669172932,CM/AM,22,25,12,30,32,70,85,100,45,82,25,42,52,100,100,98,18,88,92,88,28,50,40,52,50,35,12,28,70,95,85,32,18,95,70,55,35,35,68,20,40,80,32,25,25,12,25,32,75,95,100,55,90,25,42,60,100,100,100,18,95,95,95,28,50,40,52,50,35,12,28,70,95,85,32,18,100,75,60,35,35,80,20,50,90,40,2. Bundesliga
Kaiserslautern,dmw05a03pgt48fnf9ikxs6i1o,7ar1ei23cs1bli4v1rg5iegru,S. Şahin,Semih Sahin,26,Midfielder,Germany,Midfielder,23.0,33.0,4.0,56.0,0.0,1.0,1.0,0.0,1.0,11.0,4.0,0.0,4.0,174.0,0.0,0.0,1.0,3.0,5.0,5.0,4.0,0.0,0.0,0.0,0.0,0.0,70.89,40.0,0.0,80.0,0.0,55.0,0.0,50.0,0.0718520760970989,0.0399105061419314,1.0,0.0,0.0,0.0,4.0,2.0,0.0479256699999999,15.0,11.89655172413793,17.06896551724138,2.0689655172413794,28.96551724137931,0.0,0.5172413793103449,0.5172413793103449,0.0,0.5172413793103449,5.689655172413793,2.0689655172413794,0.0,2.0689655172413794,0.0,0.0,0.5172413793103449,1.5517241379310345,2.586206896551724,2.586206896551724,2.0689655172413794,0.0,0.0,0.0,0.0,0.0,70.89,40.0,0.0,80.0,0.0,55.0,0.0,50.0,0.0371648669467752,0.0206433652458265,0.5172413793103449,0.0,0.0,0.0,2.0689655172413794,1.0344827586206895,0.0247891396551723,7.758620689655173,CM/AM,95,62,85,78,32,22,28,22,45,95,100,42,100,38,8,25,92,88,85,100,28,20,40,52,50,22,55,28,80,38,70,32,45,35,10,55,10,10,15,25,10,10,25,80,40,85,65,32,15,15,22,35,85,90,42,95,38,8,25,75,85,85,100,28,20,40,52,50,22,55,28,80,38,70,32,45,25,10,45,10,10,15,25,10,5,10,2. Bundesliga
Kaiserslautern,dmw05a03pgt48fnf9ikxs6i1o,9o83lsxfn8bdtljxekx42xq6t,M. Ritter,Marlon Ritter,31,Midfielder,Germany,Midfielder,1.0,27.0,6.0,27.0,0.0,2.0,1.0,0.0,1.0,9.0,1.0,0.0,0.0,150.0,0.0,0.0,6.0,1.0,2.0,2.0,1.0,1.0,0.0,0.0,0.0,0.0,64.29,66.67,12.5,50.0,0.0,52.94,0.0,50.0,0.0495935568855345,0.2600049324823698,0.0,1.0,0.01870347,1.0,7.0,8.0,0.1816938299999999,14.0,0.6,16.2,3.6,16.2,0.0,1.2,0.6,0.0,0.6,5.4,0.6,0.0,0.0,0.0,0.0,3.6,0.6,1.2,1.2,0.6,0.6,0.0,0.0,0.0,0.0,64.29,66.67,12.5,50.0,0.0,52.94,0.0,50.0,0.0297561341313206,0.1560029594894218,0.0,0.6,0.011222082,0.6,4.2,4.8,0.1090162979999999,8.4,CM/AM,5,32,98,25,32,52,28,22,45,82,62,42,22,38,8,98,45,45,45,50,68,20,40,52,50,5,75,55,57,38,57,32,45,20,75,18,20,20,38,68,70,50,20,5,30,95,10,32,55,30,22,45,80,70,42,22,38,8,95,50,45,45,45,70,20,40,52,50,5,75,55,57,38,57,32,45,10,65,18,20,20,40,65,65,55,20,2. Bundesliga
Kaiserslautern,dmw05a03pgt48fnf9ikxs6i1o,bnar4f48vnx4oaz2lzch48es5,J. Rasmussen,Jacob Rasmussen,29,Defender,Denmark,Defender,58.0,28.0,10.0,85.0,7.0,3.0,1.0,1.0,0.0,8.0,21.0,0.0,2.0,180.0,0.0,2.0,0.0,0.0,1.0,1.0,0.0,1.0,0.0,0.0,0.0,0.0,80.95,58.82,50.0,0.0,0.0,53.33,63.64,0.0,0.1576634662397067,0.275951268657457,0.0,1.0,0.01611813,1.0,7.0,8.0,0.2922610999999999,48.0,29.0,14.0,5.0,42.5,3.5,1.5,0.5,0.5,0.0,4.0,10.5,0.0,1.0,0.0,1.0,0.0,0.0,0.5,0.5,0.0,0.5,0.0,0.0,0.0,0.0,80.95,58.82,50.0,0.0,0.0,53.33,63.64,0.0,0.0788317331198533,0.1379756343287285,0.0,0.5,0.008059065,0.5,3.5,4.0,0.1461305499999999,24.0,CB,58,44,97,52,89,90,52,66,39,53,100,45,53,34,61,23,13,77,76,40,90,42,48,47,52,13,77,94,40,34,31,76,13,71,94,42,58,52,79,74,77,87,56,47,35,90,37,84,89,47,63,39,45,97,45,48,34,58,23,13,73,71,40,89,42,48,47,52,13,77,94,40,34,31,76,13,68,94,42,55,52,76,68,66,87,53,2. Bundesliga
Kaiserslautern,dmw05a03pgt48fnf9ikxs6i1o,bydicw8aoqtybqxs9vxes7a0a,M. Gyamfi,Maxwell Gyamfi,26,Defender,Germany,Defender,46.0,10.0,0.0,56.0,2.0,0.0,0.0,0.0,0.0,10.0,11.0,0.0,0.0,180.0,0.0,0.0,4.0,2.0,0.0,0.0,0.0,0.0,0.0,0.0,1.0,0.0,86.15,0.0,0.0,0.0,0.0,71.43,40.0,50.0,0.0,0.0,0.0,0.0,0.0,0.0,0.0,0.0,0.0,0.0,23.0,5.0,0.0,28.0,1.0,0.0,0.0,0.0,0.0,5.0,5.5,0.0,0.0,0.0,0.0,2.0,1.0,0.0,0.0,0.0,0.0,0.0,0.0,0.5,0.0,86.15,0.0,0.0,0.0,0.0,71.43,40.0,50.0,0.0,0.0,0.0,0.0,0.0,0.0,0.0,0.0,0.0,0.0,CB,32,3,3,16,27,27,19,27,39,84,61,45,11,34,10,97,66,32,32,40,44,42,48,97,52,48,3,44,40,34,94,32,40,21,29,42,26,26,35,13,13,13,13,23,3,3,10,24,27,19,27,39,74,58,45,11,34,10,92,63,32,32,40,44,42,48,97,52,48,3,44,40,34,94,32,40,21,29,42,26,26,35,13,13,13,13,2. Bundesliga
Kaiserslautern,dmw05a03pgt48fnf9ikxs6i1o,cx771rvpay5m6ltl3gk0u3g4q,S. Asta,Simon Asta,25,Defender,Germany,Defender,8.0,19.0,2.0,27.0,1.0,3.0,1.0,1.0,0.0,6.0,3.0,0.0,1.0,156.0,0.0,3.0,3.0,2.0,3.0,3.0,0.0,0.0,0.0,0.0,0.0,0.0,65.85,66.67,0.0,0.0,0.0,31.58,25.0,100.0,0.1133852072767974,0.2465359520301548,0.0,0.0,0.0,0.0,2.0,3.0,0.0427673199999999,8.0,4.615384615384615,10.961538461538462,1.1538461538461535,15.576923076923077,0.5769230769230769,1.7307692307692306,0.5769230769230769,0.5769230769230769,0.0,3.461538461538461,1.7307692307692306,0.0,0.5769230769230769,0.0,1.7307692307692306,1.7307692307692306,1.1538461538461535,1.7307692307692306,1.7307692307692306,0.0,0.0,0.0,0.0,0.0,0.0,65.85,66.67,0.0,0.0,0.0,31.58,25.0,100.0,0.0654145426596908,0.142232280017397,0.0,0.0,0.0,0.0,1.1538461538461535,1.7307692307692306,0.0246734538461537,4.615384615384615,RB/RCB,10,26,45,5,26,88,36,62,26,38,48,50,43,38,79,86,45,81,79,24,31,33,43,50,52,5,98,31,24,38,14,10,83,43,86,29,12,12,14,24,21,14,12,10,24,38,14,24,90,38,76,26,33,43,50,48,38,86,86,52,76,71,24,31,33,43,50,52,5,98,31,24,38,14,10,83,52,86,29,12,12,14,29,19,14,14,2. Bundesliga
Kaiserslautern,dmw05a03pgt48fnf9ikxs6i1o,cz1x6wxet4gw70j9p2t7991hx,J. Elvedi,Jan Elvedi,29,Defender,Switzerland,Defender,28.0,34.0,4.0,61.0,3.0,1.0,2.0,1.0,1.0,8.0,7.0,0.0,2.0,180.0,1.0,1.0,2.0,3.0,0.0,0.0,0.0,1.0,0.0,0.0,0.0,0.0,88.41,44.44,100.0,0.0,50.0,57.14,60.0,100.0,0.2022334838241084,0.1490751187075962,1.0,1.0,0.01870347,0.0,6.0,6.0,0.18644143,28.0,14.0,17.0,2.0,30.5,1.5,0.5,1.0,0.5,0.5,4.0,3.5,0.0,1.0,0.5,0.5,1.0,1.5,0.0,0.0,0.0,0.5,0.0,0.0,0.0,0.0,88.41,44.44,100.0,0.0,50.0,57.14,60.0,100.0,0.1011167419120542,0.0745375593537981,0.5,0.5,0.009351735,0.0,3.0,3.0,0.093220715,14.0,CB,13,71,40,19,42,65,81,66,85,53,37,45,53,82,35,76,84,32,32,40,90,42,48,47,52,68,48,100,40,77,65,65,82,74,81,89,58,56,35,68,58,81,35,13,60,35,16,34,60,73,63,84,45,31,45,48,79,26,76,79,32,32,40,89,42,48,47,52,68,48,100,40,77,65,65,82,71,81,87,55,56,35,56,50,68,32,2. Bundesliga
Kaiserslautern,dmw05a03pgt48fnf9ikxs6i1o,d7rzuhjvst3evprsco50069lg,M. Haas,Mika Haas,21,Defender,Germany,Defender,28.0,23.0,0.0,49.0,2.0,2.0,0.0,0.0,0.0,10.0,9.0,0.0,0.0,180.0,0.0,2.0,2.0,2.0,1.0,1.0,0.0,2.0,0.0,0.0,0.0,0.0,83.05,0.0,66.67,0.0,0.0,47.62,66.67,33.33,0.0,0.2009433825927667,0.0,1.0,0.02953272,2.0,2.0,2.0,0.1738861099999999,25.0,14.0,11.5,0.0,24.5,1.0,1.0,0.0,0.0,0.0,5.0,4.5,0.0,0.0,0.0,1.0,1.0,1.0,0.5,0.5,0.0,1.0,0.0,0.0,0.0,0.0,83.05,0.0,66.67,0.0,0.0,47.62,66.67,33.33,0.0,0.1004716912963833,0.0,0.5,0.01476636,1.0,1.0,1.0,0.0869430549999999,12.5,LB/LCB,32,34,5,16,50,63,26,37,32,76,89,50,16,42,58,61,61,32,32,21,74,37,47,53,53,53,5,95,21,42,32,87,21,26,63,37,37,47,76,13,11,47,37,21,21,5,11,42,58,26,37,32,74,76,50,16,42,55,55,53,26,26,21,68,37,47,53,53,53,5,95,21,42,32,87,21,26,58,37,29,42,68,11,11,42,26,2. Bundesliga
Kaiserslautern,dmw05a03pgt48fnf9ikxs6i1o,d9jj0525pm3nu9vqewtpo2rpx,M. Berisha,Mërgim Berisha,28,Attacker,Germany,Striker,9.0,12.0,0.0,21.0,2.0,0.0,2.0,2.0,0.0,7.0,4.0,0.0,0.0,145.0,0.0,3.0,2.0,1.0,1.0,1.0,1.0,0.0,0.0,0.0,0.0,0.0,80.77,0.0,0.0,100.0,0.0,43.75,50.0,50.0,0.2325907069389021,0.0,0.0,0.0,0.0,0.0,1.0,1.0,0.0153924199999998,6.0,5.586206896551724,7.448275862068965,0.0,13.034482758620689,1.2413793103448276,0.0,1.2413793103448276,1.2413793103448276,0.0,4.344827586206897,2.4827586206896552,0.0,0.0,0.0,1.862068965517241,1.2413793103448276,0.6206896551724138,0.6206896551724138,0.6206896551724138,0.6206896551724138,0.0,0.0,0.0,0.0,0.0,80.77,0.0,0.0,100.0,0.0,43.75,50.0,50.0,0.1443666456862151,0.0,0.0,0.0,0.0,0.0,0.6206896551724138,0.6206896551724138,0.0095539158620688,3.724137931034482,ST,60,33,27,40,58,8,22,38,15,53,93,23,37,12,18,60,67,35,35,47,42,25,38,52,52,77,27,42,95,12,55,75,67,37,12,15,13,13,27,38,32,13,28,63,37,27,50,57,8,20,37,15,50,93,23,37,12,17,63,73,40,40,50,42,25,38,52,52,77,27,42,95,12,55,75,67,33,12,15,13,13,27,43,37,13,30,2. Bundesliga
Kaiserslautern,dmw05a03pgt48fnf9ikxs6i1o,o5vd32oa837a8vttimjoaw2d,F. Kunze,Fabian Kunze,28,Midfielder,Germany,Midfielder,24.0,23.0,1.0,47.0,6.0,0.0,1.0,0.0,1.0,17.0,4.0,0.0,4.0,168.0,0.0,0.0,5.0,4.0,4.0,5.0,2.0,0.0,1.0,0.0,0.0,0.0,85.45,100.0,0.0,50.0,0.0,60.71,66.67,100.0,0.1224894839637414,0.0,1.0,0.0,0.0,0.0,4.0,2.0,0.04310214,18.0,12.857142857142858,12.321428571428571,0.5357142857142857,25.178571428571427,3.2142857142857144,0.0,0.5357142857142857,0.0,0.5357142857142857,9.107142857142858,2.142857142857143,0.0,2.142857142857143,0.0,0.0,2.6785714285714284,2.142857142857143,2.142857142857143,2.6785714285714284,1.0714285714285714,0.0,0.5357142857142857,0.0,0.0,0.0,85.45,100.0,0.0,50.0,0.0,60.71,66.67,100.0,0.0656193664091471,0.0,0.5357142857142857,0.0,0.0,0.0,2.142857142857143,1.0714285714285714,0.0230904321428571,9.642857142857142,DM/CM,19,26,16,21,90,10,37,21,66,94,59,46,97,40,13,93,88,93,96,84,37,74,47,51,51,54,97,37,63,40,71,85,85,41,16,72,16,16,28,38,24,24,26,21,21,10,15,91,10,41,21,71,94,62,46,97,40,13,91,88,91,97,85,37,76,47,51,51,54,97,37,63,40,71,85,85,41,16,74,16,16,28,35,26,26,26,2. Bundesliga
Magdeburg,7tsc39uwtnq238hrx6d9zi3xy,2nrkoyk72b7zd62cknp8ytln9,T. Müller,Tobias Müller,32,Defender,Germany,Defender,65.0,25.0,8.0,90.0,0.0,1.0,0.0,0.0,0.0,7.0,6.0,0.0,0.0,114.0,0.0,1.0,1.0,3.0,1.0,1.0,1.0,0.0,0.0,1.0,0.0,0.0,92.78,80.0,0.0,100.0,0.0,53.85,0.0,60.0,0.0,0.0513327805572748,0.0,2.0,0.04255496,1.0,5.0,4.0,0.15386044,58.0,51.31578947368421,19.73684210526316,6.315789473684211,71.05263157894737,0.0,0.7894736842105263,0.0,0.0,0.0,5.526315789473684,4.736842105263158,0.0,0.0,0.0,0.7894736842105263,0.7894736842105263,2.368421052631579,0.7894736842105263,0.7894736842105263,0.7894736842105263,0.0,0.0,0.7894736842105263,0.0,0.0,92.78,80.0,0.0,100.0,0.0,53.85,0.0,60.0,0.0,0.0405258793873222,0.0,1.5789473684210529,0.0335960210526315,0.7894736842105263,3.947368421052632,3.1578947368421053,0.1214687684210526,45.78947368421053,CB,81,32,82,63,6,65,19,27,39,34,31,45,11,34,35,58,84,77,76,89,44,42,98,47,52,100,95,44,94,34,37,13,48,21,61,42,74,77,79,60,42,61,76,100,77,100,100,6,68,19,27,39,87,42,45,11,34,42,71,94,87,84,94,44,42,100,47,52,100,95,44,94,34,37,13,48,21,65,42,84,84,87,71,58,84,97,2. Bundesliga
Magdeburg,7tsc39uwtnq238hrx6d9zi3xy,3dan3e5ozdggj3rkg65jir2ay,P. Nadjombe,Pierre Nadjombe,23,Defender,Togo,Defender,21.0,28.0,0.0,47.0,1.0,1.0,0.0,0.0,0.0,2.0,2.0,0.0,0.0,116.0,0.0,1.0,0.0,0.0,2.0,3.0,1.0,2.0,0.0,0.0,0.0,0.0,85.45,0.0,66.67,50.0,0.0,28.57,50.0,0.0,0.0,0.1449933164719802,0.0,8.0,0.17411351,4.0,4.0,7.0,0.4181197900000001,22.0,16.29310344827586,21.72413793103448,0.0,36.46551724137931,0.7758620689655172,0.7758620689655172,0.0,0.0,0.0,1.5517241379310345,1.5517241379310345,0.0,0.0,0.0,0.7758620689655172,0.0,0.0,1.5517241379310345,2.327586206896552,0.7758620689655172,1.5517241379310345,0.0,0.0,0.0,0.0,85.45,0.0,66.67,50.0,0.0,28.57,50.0,0.0,0.0,0.1124948145041225,0.0,6.206896551724138,0.1350880681034482,3.103448275862069,3.103448275862069,5.43103448275862,0.3244032853448276,17.068965517241377,RB/RCB,45,55,14,50,26,48,10,19,26,10,33,50,14,38,29,12,12,67,79,64,86,33,43,50,52,67,14,100,60,38,10,64,12,12,76,29,100,100,95,57,64,86,57,62,76,14,62,33,71,10,19,26,10,38,50,14,38,29,12,12,71,95,76,90,33,43,50,52,67,14,100,60,38,10,64,12,12,81,29,100,100,100,62,86,95,67,2. Bundesliga
Magdeburg,7tsc39uwtnq238hrx6d9zi3xy,3fhqq4991etzowo979yey5ega,F. Michel,Falko Michel,25,Midfielder,Germany,Midfielder,55.0,25.0,8.0,80.0,2.0,1.0,4.0,3.0,1.0,4.0,6.0,0.0,0.0,156.0,0.0,3.0,2.0,0.0,1.0,1.0,0.0,0.0,0.0,0.0,0.0,0.0,93.02,72.73,0.0,0.0,0.0,44.44,66.67,0.0,0.2978868234308286,0.0336515526352348,1.0,2.0,0.04797389,1.0,6.0,7.0,0.10135589,41.0,31.73076923076923,14.423076923076923,4.615384615384615,46.15384615384615,1.1538461538461535,0.5769230769230769,2.3076923076923075,1.7307692307692306,0.5769230769230769,2.3076923076923075,3.461538461538461,0.0,0.0,0.0,1.7307692307692306,1.1538461538461535,0.0,0.5769230769230769,0.5769230769230769,0.0,0.0,0.0,0.0,0.0,0.0,93.02,72.73,0.0,0.0,0.0,44.44,66.67,0.0,0.1718577827485549,0.0194143572895585,0.5769230769230769,1.1538461538461535,0.0276772442307692,0.5769230769230769,3.461538461538461,4.038461538461538,0.0584745519230769,23.65384615384616,DM/CM,90,35,91,65,57,41,90,93,66,15,75,46,15,40,63,51,10,40,38,24,37,31,47,51,51,94,85,37,24,40,38,85,10,79,32,72,57,54,66,54,65,35,69,97,35,94,76,59,54,97,100,76,12,79,46,15,40,65,54,10,46,43,24,37,31,47,51,51,94,85,37,24,40,38,85,10,82,32,79,62,65,76,56,74,38,74,2. Bundesliga
Magdeburg,7tsc39uwtnq238hrx6d9zi3xy,3ocslgciv1qp18qr028ip0qac,L. Mergner,Leon Mergner,20,Midfielder,Germany,Midfielder,9.0,11.0,1.0,20.0,2.0,0.0,1.0,1.0,0.0,5.0,1.0,0.0,2.0,107.0,0.0,4.0,2.0,0.0,2.0,2.0,0.0,0.0,0.0,0.0,0.0,0.0,62.5,50.0,0.0,0.0,0.0,33.33,33.33,0.0,0.1263227573089796,0.0,0.0,1.0,0.02756312,0.0,2.0,3.0,0.0261291999999999,10.0,7.570093457943925,9.25233644859813,0.8411214953271028,16.822429906542055,1.6822429906542056,0.0,0.8411214953271028,0.8411214953271028,0.0,4.205607476635514,0.8411214953271028,0.0,1.6822429906542056,0.0,3.364485981308411,1.6822429906542056,0.0,1.6822429906542056,1.6822429906542056,0.0,0.0,0.0,0.0,0.0,0.0,62.5,50.0,0.0,0.0,0.0,33.33,33.33,0.0,0.1062527865215716,0.0,0.0,0.8411214953271028,0.0231839327102803,0.0,1.6822429906542056,2.5233644859813085,0.0219778317757008,8.411214953271028,DM/CM,3,6,16,4,57,10,37,54,26,24,16,46,68,40,78,51,10,63,62,24,37,31,47,51,51,6,54,37,24,40,12,43,10,44,16,31,41,44,28,19,32,15,18,3,6,26,6,68,10,47,65,26,50,24,46,88,40,94,76,10,85,82,24,37,31,47,51,51,6,54,37,24,40,12,43,10,59,16,31,50,50,28,29,38,21,24,2. Bundesliga
Magdeburg,7tsc39uwtnq238hrx6d9zi3xy,8j19g553xmh4lr4kz6r0mqi8l,B. Atik,Baris Atik,31,Attacker,Türkiye,Striker,23.0,39.0,12.0,60.0,1.0,10.0,2.0,0.0,2.0,4.0,1.0,0.0,1.0,179.0,1.0,3.0,0.0,1.0,4.0,4.0,2.0,2.0,0.0,2.0,0.0,0.0,81.08,70.59,18.18,50.0,50.0,21.05,25.0,100.0,0.0795829691758465,0.9136689589599586,2.0,9.0,0.26741391,2.0,8.0,11.0,0.7898595100000001,20.0,11.564245810055866,19.60893854748604,6.033519553072626,30.167597765363126,0.5027932960893855,5.027932960893855,1.005586592178771,0.0,1.005586592178771,2.011173184357542,0.5027932960893855,0.0,0.5027932960893855,0.5027932960893855,1.5083798882681565,0.0,0.5027932960893855,2.011173184357542,2.011173184357542,1.005586592178771,1.005586592178771,0.0,1.005586592178771,0.0,0.0,81.08,70.59,18.18,50.0,50.0,21.05,25.0,100.0,0.0400137833845038,0.459386627410035,1.005586592178771,4.5251396648044695,0.1344539212290502,1.005586592178771,4.022346368715084,5.5307262569832405,0.3971360664804469,10.05586592178771,LW,88,100,100,94,62,100,56,12,100,19,31,44,56,56,25,19,38,38,38,56,75,50,100,56,56,50,88,62,75,56,12,69,88,25,100,94,81,88,56,100,100,100,100,75,75,100,75,56,100,38,12,100,12,19,44,31,38,12,19,31,38,38,50,75,50,100,56,56,50,88,62,75,56,12,69,88,12,100,88,62,75,50,100,100,100,88,2. Bundesliga
Magdeburg,7tsc39uwtnq238hrx6d9zi3xy,aeks1yjg9e1a07zdtor0yvluy,M. Żukowski,Mateusz Zukowski,24,Attacker,Poland,Striker,11.0,11.0,1.0,21.0,0.0,2.0,10.0,8.0,2.0,4.0,0.0,1.0,0.0,171.0,4.0,12.0,2.0,2.0,1.0,1.0,0.0,1.0,1.0,0.0,0.0,0.0,75.0,100.0,100.0,0.0,40.0,23.53,0.0,100.0,1.36189550376459,0.179018541998409,4.0,0.0,0.0,0.0,2.0,2.0,0.1832985399999999,7.0,5.789473684210527,5.789473684210527,0.5263157894736842,11.052631578947368,0.0,1.0526315789473684,5.2631578947368425,4.2105263157894735,1.0526315789473684,2.1052631578947367,0.0,0.5263157894736842,0.0,2.1052631578947367,6.315789473684211,1.0526315789473684,1.0526315789473684,0.5263157894736842,0.5263157894736842,0.0,0.5263157894736842,0.5263157894736842,0.0,0.0,0.0,75.0,100.0,100.0,0.0,40.0,23.53,0.0,100.0,0.716787107244521,0.0942202852623205,2.1052631578947367,0.0,0.0,0.0,1.0526315789473684,1.0526315789473684,0.0964729157894736,3.68421052631579,ST,77,25,67,40,13,62,97,93,83,25,20,62,37,80,90,60,93,35,35,20,85,62,38,52,52,52,92,100,20,52,10,17,90,100,63,97,13,13,27,62,57,77,43,70,17,65,27,13,57,93,93,80,13,20,68,37,83,83,53,93,30,30,20,83,60,38,52,52,52,92,100,20,52,10,17,90,97,63,97,13,13,27,57,53,70,27,2. Bundesliga
Magdeburg,7tsc39uwtnq238hrx6d9zi3xy,bnbxzr09vcjvl6uxh2zpafb9x,E. Iyoha,Emmanuel Iyoha,28,Attacker,Germany,Striker,21.0,29.0,1.0,50.0,1.0,1.0,3.0,3.0,0.0,12.0,2.0,1.0,0.0,171.0,1.0,4.0,5.0,0.0,7.0,8.0,5.0,0.0,0.0,0.0,0.0,0.0,78.12,20.0,0.0,71.43,33.33,63.16,50.0,0.0,0.1823288377695777,0.0470927966316376,1.0,6.0,0.16353438,0.0,4.0,6.0,0.31745548,15.0,11.052631578947368,15.263157894736842,0.5263157894736842,26.31578947368421,0.5263157894736842,0.5263157894736842,1.5789473684210529,1.5789473684210529,0.0,6.315789473684211,1.0526315789473684,0.5263157894736842,0.0,0.5263157894736842,2.1052631578947367,2.631578947368421,0.0,3.68421052631579,4.2105263157894735,2.631578947368421,0.0,0.0,0.0,0.0,0.0,78.12,20.0,0.0,71.43,33.33,63.16,50.0,0.0,0.0959625461945145,0.024785682437704,0.5263157894736842,3.1578947368421053,0.0860707263157894,0.0,2.1052631578947367,3.1578947368421053,0.1670818315789473,7.894736842105264,ST,100,93,67,97,37,32,37,53,15,85,77,62,37,35,28,97,25,87,88,93,42,25,38,52,52,63,53,42,83,40,87,75,25,30,27,48,90,83,27,83,85,90,87,97,90,65,97,33,30,23,50,15,83,77,68,37,27,20,93,25,83,87,93,42,25,38,52,52,63,53,42,83,40,87,75,25,20,27,40,90,77,27,83,87,90,83,2. Bundesliga
Magdeburg,7tsc39uwtnq238hrx6d9zi3xy,bv5f7oter2ppn71ti2434vlyh,A. Nollenberger,Alexander Nollenberger,29,Attacker,Germany,Striker,36.0,25.0,5.0,60.0,3.0,0.0,4.0,4.0,0.0,14.0,2.0,2.0,1.0,173.0,3.0,5.0,2.0,4.0,5.0,6.0,4.0,1.0,0.0,0.0,0.0,0.0,90.91,83.33,10.0,80.0,75.0,82.35,0.0,80.0,0.3641836484212491,0.0,1.0,5.0,0.13823874,4.0,2.0,3.0,0.5217326999999999,18.0,18.728323699421964,13.005780346820808,2.601156069364162,31.21387283236994,1.560693641618497,0.0,2.0809248554913293,2.0809248554913293,0.0,7.283236994219653,1.0404624277456649,1.0404624277456649,0.5202312138728323,1.560693641618497,2.601156069364162,1.0404624277456649,2.0809248554913293,2.601156069364162,3.121387283236994,2.0809248554913293,0.5202312138728323,0.0,0.0,0.0,0.0,90.91,83.33,10.0,80.0,75.0,82.35,0.0,80.0,0.1894597014908232,0.0,0.5202312138728323,2.601156069364162,0.0719161075144508,2.0809248554913293,1.0404624277456649,1.560693641618497,0.2714216358381502,9.364161849710982,LW,100,38,88,94,100,12,100,100,44,88,81,100,56,100,69,44,100,56,69,88,56,50,38,56,56,88,100,50,100,75,100,31,62,100,12,75,56,62,94,44,38,88,69,100,25,88,100,100,12,100,100,44,75,62,100,62,100,50,38,100,62,62,75,62,50,38,56,56,88,100,50,100,75,100,31,62,88,12,75,50,38,100,50,38,88,62,2. Bundesliga
Magdeburg,7tsc39uwtnq238hrx6d9zi3xy,d5g7rl9a83vu3cyyzvu5yveqy,A. MacNulty,Anselmo MacNulty,23,Defender,Republic of Ireland,Defender,101.0,26.0,7.0,127.0,1.0,0.0,1.0,1.0,0.0,6.0,8.0,0.0,1.0,180.0,0.0,1.0,0.0,1.0,3.0,3.0,2.0,0.0,0.0,0.0,0.0,0.0,87.59,43.75,0.0,66.67,0.0,42.86,20.0,33.33,0.0849541347055829,0.0,0.0,0.0,0.0,1.0,4.0,7.0,0.1535531599999999,55.0,50.5,13.0,3.5,63.5,0.5,0.0,0.5,0.5,0.0,3.0,4.0,0.0,0.5,0.0,0.5,0.0,0.5,1.5,1.5,1.0,0.0,0.0,0.0,0.0,0.0,87.59,43.75,0.0,66.67,0.0,42.86,20.0,33.33,0.0424770673527914,0.0,0.0,0.0,0.0,0.5,2.0,3.5,0.0767765799999999,27.5,LB/LCB,100,50,84,95,24,11,63,87,32,34,76,50,39,42,34,18,26,76,76,82,21,37,47,53,53,89,47,21,79,42,21,32,21,68,11,37,13,13,42,45,53,37,95,100,42,79,95,18,11,58,82,32,24,63,50,39,42,24,18,18,66,66,79,21,37,47,53,53,89,47,21,79,42,21,32,21,68,11,37,13,13,34,37,47,26,89,2. Bundesliga
Magdeburg,7tsc39uwtnq238hrx6d9zi3xy,ex263044s3lw0qei74nb5e904,L. Hyryläinen,Luka Hyryläinen,22,Midfielder,Finland,Midfielder,55.0,35.0,4.0,89.0,6.0,2.0,2.0,1.0,1.0,19.0,7.0,0.0,1.0,179.0,0.0,4.0,6.0,5.0,3.0,4.0,2.0,1.0,2.0,1.0,0.0,0.0,86.41,50.0,100.0,66.67,0.0,50.0,54.55,100.0,0.1812578657074663,0.1537636697193383,0.0,1.0,0.05491138,1.0,5.0,8.0,0.4255972899999999,36.0,27.6536312849162,17.59776536312849,2.011173184357542,44.7486033519553,3.016759776536313,1.005586592178771,1.005586592178771,0.5027932960893855,0.5027932960893855,9.553072625698324,3.519553072625698,0.0,0.5027932960893855,0.0,2.011173184357542,3.016759776536313,2.5139664804469275,1.5083798882681565,2.011173184357542,1.005586592178771,0.5027932960893855,1.005586592178771,0.5027932960893855,0.0,0.0,86.41,50.0,100.0,66.67,0.0,50.0,54.55,100.0,0.0911352397411841,0.0773113423169857,0.0,0.5027932960893855,0.0276090737430167,0.5027932960893855,2.5139664804469275,4.022346368715084,0.21398746424581,18.10055865921788,DM/CM,90,62,57,76,90,71,54,54,66,99,85,46,43,40,78,97,97,82,90,84,84,91,96,51,51,68,54,99,75,40,56,65,85,56,79,31,41,65,66,47,72,97,62,88,56,56,68,87,71,53,53,63,100,88,46,37,40,74,97,99,79,88,81,82,91,94,51,51,68,54,99,75,40,56,65,85,50,74,31,35,62,63,46,71,97,53,2. Bundesliga
Nürnberg,c8rdmlwqz77xe8yzv3r881dz3,1el5jabd8ax82groqut6z9a1g,T. Janisch,Tim Janisch,21,Defender,Germany,Defender,13.0,20.0,2.0,33.0,1.0,1.0,1.0,0.0,1.0,1.0,1.0,0.0,0.0,127.0,1.0,0.0,0.0,0.0,2.0,2.0,0.0,0.0,0.0,0.0,0.0,0.0,84.62,66.67,0.0,0.0,100.0,14.29,33.33,0.0,0.0683474182184943,0.0848719040594968,1.0,4.0,0.0783853,2.0,3.0,8.0,0.12249402,18.0,9.21259842519685,14.173228346456693,1.4173228346456692,23.38582677165354,0.7086614173228346,0.7086614173228346,0.7086614173228346,0.0,0.7086614173228346,0.7086614173228346,0.7086614173228346,0.0,0.0,0.7086614173228346,0.0,0.0,0.0,1.4173228346456692,1.4173228346456692,0.0,0.0,0.0,0.0,0.0,0.0,84.62,66.67,0.0,0.0,100.0,14.29,33.33,0.0,0.0484351782650746,0.0601454438216906,0.7086614173228346,2.8346456692913384,0.0555486377952755,1.4173228346456692,2.125984251968504,5.669291338582677,0.0868067858267716,12.755905511811022,RB/RCB,14,33,45,19,26,48,36,19,62,5,14,50,14,88,7,12,12,67,64,24,31,33,43,50,52,52,98,31,24,95,5,21,12,29,52,64,93,81,71,40,76,33,36,19,43,48,33,29,67,48,19,67,5,14,50,14,100,7,12,12,67,67,24,31,33,43,50,52,52,98,31,24,95,5,21,12,29,57,71,95,86,76,52,90,48,52,2. Bundesliga
Nürnberg,c8rdmlwqz77xe8yzv3r881dz3,1qw1mczntkei5rdhqb5mdspp0,P. Scobel,Piet Scobel,21,Attacker,Germany,Striker,11.0,12.0,0.0,23.0,6.0,4.0,6.0,5.0,1.0,7.0,1.0,2.0,3.0,173.0,4.0,8.0,0.0,1.0,0.0,0.0,0.0,0.0,0.0,1.0,0.0,0.0,79.31,0.0,0.0,0.0,66.67,43.75,42.86,100.0,0.676359464181991,0.3192222169703884,1.0,1.0,0.01685596,0.0,1.0,1.0,0.0082466,6.0,5.722543352601156,6.242774566473988,0.0,11.965317919075144,3.121387283236994,2.0809248554913293,3.121387283236994,2.601156069364162,0.5202312138728323,3.6416184971098255,0.5202312138728323,1.0404624277456649,1.560693641618497,2.0809248554913293,4.161849710982659,0.0,0.5202312138728323,0.0,0.0,0.0,0.0,0.0,0.5202312138728323,0.0,0.0,79.31,0.0,0.0,0.0,66.67,43.75,42.86,100.0,0.3518633050657757,0.1660693614296818,0.5202312138728323,0.5202312138728323,0.0087689965317919,0.0,0.5202312138728323,0.5202312138728323,0.0042901387283236,3.121387283236994,ST,77,33,27,50,88,88,65,70,52,53,53,87,100,80,62,15,67,13,13,20,42,25,85,52,52,70,27,42,20,87,55,63,90,67,87,48,35,27,27,38,32,7,28,67,23,27,33,87,87,60,67,43,40,53,83,100,80,57,15,63,13,13,20,42,25,77,52,52,70,27,42,20,87,55,63,90,60,80,37,27,27,27,30,27,7,23,2. Bundesliga
Nürnberg,c8rdmlwqz77xe8yzv3r881dz3,2eaelm8qn6rvw1tm7p7hyq54a,A. Markhiyev,Adam Markhiyev,24,Midfielder,Finland,Midfielder,38.0,73.0,6.0,110.0,1.0,2.0,1.0,0.0,1.0,14.0,6.0,0.0,1.0,180.0,0.0,2.0,3.0,3.0,3.0,3.0,2.0,1.0,0.0,0.0,0.0,0.0,90.16,54.55,50.0,66.67,0.0,63.64,50.0,37.5,0.0385095071464858,0.1938111918248992,1.0,7.0,0.13735069,2.0,17.0,16.0,0.5256518200000001,71.0,19.0,36.5,3.0,55.0,0.5,1.0,0.5,0.0,0.5,7.0,3.0,0.0,0.5,0.0,1.0,1.5,1.5,1.5,1.5,1.0,0.5,0.0,0.0,0.0,0.0,90.16,54.55,50.0,66.67,0.0,63.64,50.0,37.5,0.0192547535732429,0.0969055959124496,0.5,3.5,0.068675345,1.0,8.5,8.0,0.26282591,35.5,DM/CM,60,97,74,91,34,71,37,21,66,81,75,46,43,40,46,76,72,82,81,84,84,31,47,51,51,79,65,88,75,40,76,56,26,29,85,72,91,91,84,100,97,100,94,53,96,68,88,21,66,31,21,56,74,74,46,31,40,38,63,65,75,75,76,76,31,47,51,51,79,65,88,75,40,76,56,26,29,82,65,88,88,81,100,97,100,94,2. Bundesliga
Nürnberg,c8rdmlwqz77xe8yzv3r881dz3,2pkpc9z2xk2bnkqtop5plgq21,J. Justvan,Julian Justvan,28,Midfielder,Germany,Midfielder,9.0,32.0,3.0,40.0,0.0,1.0,6.0,1.0,5.0,4.0,2.0,2.0,1.0,160.0,2.0,2.0,3.0,1.0,1.0,1.0,0.0,1.0,3.0,1.0,0.0,0.0,72.73,37.5,50.0,0.0,33.33,57.14,0.0,100.0,0.4732688523616546,0.1452909118632246,4.0,8.0,0.19754185,0.0,5.0,8.0,0.3928949,18.0,5.0625,18.0,1.6875,22.5,0.0,0.5625,3.375,0.5625,2.8125,2.25,1.125,1.125,0.5625,1.125,1.125,1.6875,0.5625,0.5625,0.5625,0.0,0.5625,1.6875,0.5625,0.0,0.0,72.73,37.5,50.0,0.0,33.33,57.14,0.0,100.0,0.2662137294534307,0.0817261379230638,2.25,4.5,0.111117290625,0.0,2.8125,4.5,0.22100338125,10.125,CM/AM,38,52,72,40,32,22,92,57,95,20,82,98,52,88,32,65,45,22,22,20,68,98,90,52,50,30,48,90,20,82,80,32,85,90,45,98,100,100,15,32,70,95,42,35,52,75,35,32,25,90,65,95,20,85,100,55,90,30,60,40,15,15,20,65,100,90,52,50,30,48,90,20,82,80,32,85,90,45,100,95,95,15,35,55,85,35,2. Bundesliga
Nürnberg,c8rdmlwqz77xe8yzv3r881dz3,2tbgv05xm6th4t7ejcww3y978,M. Zoma,Mohamed Alì Zoma,22,Attacker,Italy,Striker,7.0,21.0,1.0,28.0,1.0,1.0,9.0,9.0,0.0,15.0,1.0,3.0,0.0,175.0,6.0,20.0,2.0,2.0,14.0,16.0,7.0,0.0,1.0,0.0,0.0,0.0,70.0,50.0,0.0,50.0,66.67,45.45,25.0,40.0,0.8344886127996057,0.0,2.0,2.0,0.08133984,3.0,1.0,2.0,0.1164544199999999,4.0,3.6,10.8,0.5142857142857143,14.4,0.5142857142857143,0.5142857142857143,4.628571428571429,4.628571428571429,0.0,7.714285714285714,0.5142857142857143,1.542857142857143,0.0,3.085714285714286,10.285714285714286,1.0285714285714287,1.0285714285714287,7.2,8.22857142857143,3.6,0.0,0.5142857142857143,0.0,0.0,0.0,70.0,50.0,0.0,50.0,66.67,45.45,25.0,40.0,0.4291655722969401,0.0,1.0285714285714287,1.0285714285714287,0.0418319177142857,1.542857142857143,0.5142857142857143,1.0285714285714287,0.0598908445714285,2.0571428571428574,ST,43,70,67,63,37,32,92,98,15,93,53,98,37,97,100,60,93,100,100,100,42,62,38,52,52,32,65,42,63,87,67,40,55,73,12,77,55,53,93,38,57,60,17,32,63,60,60,30,25,87,100,15,90,48,100,37,92,100,50,90,100,100,100,42,55,38,52,52,32,65,42,63,87,67,40,55,70,12,73,53,53,93,27,50,60,17,2. Bundesliga
Nürnberg,c8rdmlwqz77xe8yzv3r881dz3,3enp6k1qxfs1wa05zrukiqga,F. Otto,Fynn Otto,24,Defender,Germany,Defender,78.0,67.0,5.0,145.0,3.0,1.0,0.0,0.0,0.0,10.0,9.0,0.0,2.0,180.0,0.0,0.0,3.0,1.0,3.0,3.0,3.0,0.0,0.0,1.0,0.0,0.0,91.19,45.45,0.0,100.0,0.0,66.67,50.0,100.0,0.0,0.0800486653186058,0.0,9.0,0.17449405,2.0,22.0,18.0,0.33090927,89.0,39.0,33.5,2.5,72.5,1.5,0.5,0.0,0.0,0.0,5.0,4.5,0.0,1.0,0.0,0.0,1.5,0.5,1.5,1.5,1.5,0.0,0.0,0.5,0.0,0.0,91.19,45.45,0.0,100.0,0.0,66.67,50.0,100.0,0.0,0.0400243326593029,0.0,4.5,0.087247025,1.0,11.0,9.0,0.165454635,44.5,LB/LCB,95,100,58,100,76,34,26,37,32,76,89,50,63,42,11,76,26,76,76,97,21,37,97,53,53,100,58,21,95,42,89,68,92,26,26,37,100,89,76,100,100,84,100,89,100,55,100,68,24,26,37,32,74,76,50,58,42,11,68,18,66,66,95,21,37,97,53,53,100,58,21,95,42,89,68,92,26,26,37,100,89,68,100,100,84,100,2. Bundesliga
Nürnberg,c8rdmlwqz77xe8yzv3r881dz3,5ixg2xf9iw9t6io8w6e1jxfys,Javier Fernández,Javier Fernández,19,Midfielder,Spain,Midfielder,46.0,60.0,6.0,106.0,4.0,1.0,4.0,2.0,2.0,15.0,2.0,0.0,0.0,167.0,3.0,3.0,2.0,3.0,4.0,4.0,3.0,0.0,0.0,0.0,0.0,0.0,87.6,60.0,0.0,75.0,75.0,71.43,66.67,50.0,0.3130124406554068,0.0714531245335785,2.0,3.0,0.0744352799999999,3.0,15.0,6.0,0.1676570299999999,52.0,24.790419161676645,32.33532934131736,3.2335329341317363,57.12574850299401,2.155688622754491,0.5389221556886228,2.155688622754491,1.0778443113772456,1.0778443113772456,8.08383233532934,1.0778443113772456,0.0,0.0,1.616766467065868,1.616766467065868,1.0778443113772456,1.616766467065868,2.155688622754491,2.155688622754491,1.616766467065868,0.0,0.0,0.0,0.0,0.0,87.6,60.0,0.0,75.0,75.0,71.43,66.67,50.0,0.1686893392753689,0.0385076719043237,1.0778443113772456,1.616766467065868,0.0401148215568861,1.616766467065868,8.08383233532934,3.2335329341317363,0.090354088023952,28.023952095808383,DM/CM,81,90,74,88,74,41,90,76,85,87,32,46,15,100,63,51,72,93,90,97,37,31,47,51,51,71,76,37,79,94,96,85,40,82,50,93,69,71,91,94,51,62,82,79,91,74,94,74,43,91,79,88,85,31,46,15,100,62,47,75,94,91,100,37,31,47,51,51,71,76,37,79,94,96,85,40,79,50,97,74,74,91,97,53,62,85,2. Bundesliga
Nürnberg,c8rdmlwqz77xe8yzv3r881dz3,8um4xh0ekvr4q6uti3ksld8q2,F. Becker,Finn Becker,26,Midfielder,Germany,Midfielder,9.0,48.0,1.0,55.0,0.0,4.0,1.0,1.0,0.0,4.0,0.0,0.0,0.0,165.0,0.0,5.0,2.0,0.0,2.0,2.0,2.0,2.0,0.0,1.0,0.0,0.0,85.94,25.0,25.0,100.0,0.0,50.0,0.0,0.0,0.0921102230069284,0.321840432448273,0.0,4.0,0.1158997599999999,2.0,7.0,14.0,0.21219415,29.0,4.909090909090909,26.181818181818183,0.5454545454545455,30.0,0.0,2.181818181818182,0.5454545454545455,0.5454545454545455,0.0,2.181818181818182,0.0,0.0,0.0,0.0,2.7272727272727275,1.090909090909091,0.0,1.090909090909091,1.090909090909091,1.090909090909091,1.090909090909091,0.0,0.5454545454545455,0.0,0.0,85.94,25.0,25.0,100.0,0.0,50.0,0.0,0.0,0.0502419398219609,0.1755493267899671,0.0,2.181818181818182,0.0632180509090908,1.090909090909091,3.8181818181818175,7.636363636363637,0.1157422636363636,15.818181818181818,CM/AM,38,85,38,70,32,85,28,57,8,20,25,42,22,38,80,48,18,45,45,70,85,20,90,52,50,100,30,62,92,38,45,32,18,40,85,18,52,60,68,68,100,60,82,30,85,35,70,32,90,25,55,8,15,25,42,22,38,70,45,18,40,40,65,85,20,85,52,50,100,30,62,92,38,45,32,18,50,80,18,50,60,55,60,100,60,70,2. Bundesliga
Nürnberg,c8rdmlwqz77xe8yzv3r881dz3,bxqr7spu9y20ij0r2fy4gd0yc,A. Kalogeropoulos,Alexis Kalogeropoulos,22,Defender,Greece,Defender,68.0,31.0,4.0,99.0,3.0,0.0,0.0,0.0,0.0,4.0,14.0,0.0,3.0,180.0,0.0,0.0,0.0,1.0,0.0,0.0,0.0,0.0,0.0,0.0,0.0,0.0,90.83,40.0,0.0,0.0,0.0,33.33,42.86,100.0,0.0,0.0,0.0,0.0,0.0,0.0,0.0,0.0,0.0,0.0,34.0,15.5,2.0,49.5,1.5,0.0,0.0,0.0,0.0,2.0,7.0,0.0,1.5,0.0,0.0,0.0,0.5,0.0,0.0,0.0,0.0,0.0,0.0,0.0,0.0,90.83,40.0,0.0,0.0,0.0,33.33,42.86,100.0,0.0,0.0,0.0,0.0,0.0,0.0,0.0,0.0,0.0,0.0,CB,90,53,40,87,42,27,19,27,39,13,79,45,73,34,10,23,40,32,32,40,44,42,48,47,52,84,35,44,40,34,6,39,82,21,29,42,26,26,35,13,13,13,13,71,45,35,65,34,27,19,27,39,11,77,45,71,34,10,23,31,32,32,40,44,42,48,47,52,84,35,44,40,34,6,39,82,21,29,42,26,26,35,13,13,13,13,2. Bundesliga
Nürnberg,c8rdmlwqz77xe8yzv3r881dz3,d0ooaz36uwlf026uf07kmyoes,E. Porstner,Eric Porstner,19,Defender,Germany,Defender,27.0,41.0,4.0,66.0,0.0,2.0,0.0,0.0,0.0,5.0,1.0,0.0,3.0,156.0,0.0,1.0,1.0,2.0,2.0,2.0,1.0,2.0,0.0,0.0,0.0,0.0,90.41,50.0,28.57,50.0,0.0,50.0,0.0,66.67,0.0,0.2503246106520237,0.0,2.0,0.05075401,2.0,3.0,8.0,0.27445291,19.0,15.576923076923077,23.65384615384616,2.3076923076923075,38.07692307692307,0.0,1.1538461538461535,0.0,0.0,0.0,2.8846153846153846,0.5769230769230769,0.0,1.7307692307692306,0.0,0.5769230769230769,0.5769230769230769,1.1538461538461535,1.1538461538461535,1.1538461538461535,0.5769230769230769,1.1538461538461535,0.0,0.0,0.0,0.0,90.41,50.0,28.57,50.0,0.0,50.0,0.0,66.67,0.0,0.1444180446069367,0.0,1.1538461538461535,0.0292811596153846,1.1538461538461535,1.7307692307692306,4.615384615384615,0.1583382173076923,10.961538461538462,LB/LCB,26,74,42,50,8,63,26,37,32,21,11,50,84,42,34,42,61,53,53,55,74,37,47,53,53,95,68,58,61,42,37,16,63,26,68,37,58,53,76,26,63,74,26,32,84,47,63,8,74,26,37,32,16,16,50,84,42,32,47,68,53,53,68,79,37,47,53,53,95,68,58,61,42,37,16,63,26,74,37,63,58,95,32,74,79,21,2. Bundesliga
Eintracht Braunschweig,kxpw3rqn4ukt7nqmtjj62lbn,13za9epvzsczbjs3jtqgf4il0,S. Di Benedetto,Samuele Di Benedetto,21,Midfielder,Germany,Midfielder,12.0,29.0,6.0,41.0,2.0,4.0,2.0,1.0,1.0,8.0,3.0,1.0,0.0,110.0,1.0,4.0,2.0,2.0,1.0,1.0,1.0,0.0,1.0,1.0,0.0,0.0,78.85,54.55,0.0,100.0,50.0,53.33,66.67,66.67,0.1429298343442563,0.2724405272376233,1.0,2.0,0.04770298,3.0,9.0,6.0,0.10888517,23.0,9.818181818181817,23.727272727272727,4.909090909090908,33.54545454545454,1.6363636363636362,3.2727272727272725,1.6363636363636362,0.8181818181818181,0.8181818181818181,6.545454545454545,2.454545454545454,0.8181818181818181,0.0,0.8181818181818181,3.2727272727272725,1.6363636363636362,1.6363636363636362,0.8181818181818181,0.8181818181818181,0.8181818181818181,0.0,0.8181818181818181,0.8181818181818181,0.0,0.0,78.85,54.55,0.0,100.0,50.0,53.33,66.67,66.67,0.1169425917362096,0.2229058859216917,0.8181818181818181,1.6363636363636362,0.0390297109090909,2.454545454545454,7.363636363636363,4.909090909090908,0.0890878663636363,18.818181818181817,CM/AM,48,40,98,45,95,85,55,57,45,65,92,88,22,75,65,48,72,22,22,50,28,50,90,52,50,55,65,28,92,90,65,100,60,55,80,55,28,30,95,88,40,25,55,55,75,100,80,100,95,65,70,60,95,95,85,22,75,85,55,80,25,25,55,28,55,100,52,50,55,65,28,92,90,65,100,60,65,85,65,30,30,95,100,70,40,90,2. Bundesliga
Eintracht Braunschweig,kxpw3rqn4ukt7nqmtjj62lbn,1falkoydwxoiazskcoalwll62,F. Di Michele Sánchez,Fabio Di Michele Sánchez,23,Defender,Germany,Defender,26.0,40.0,2.0,66.0,1.0,1.0,0.0,0.0,0.0,8.0,1.0,0.0,0.0,168.0,0.0,5.0,3.0,1.0,3.0,3.0,1.0,0.0,0.0,0.0,0.0,0.0,81.48,33.33,0.0,33.33,0.0,66.67,33.33,33.33,0.0,0.0421305347020546,0.0,2.0,0.05607201,5.0,5.0,3.0,0.2259774,30.0,13.928571428571429,21.428571428571427,1.0714285714285714,35.357142857142854,0.5357142857142857,0.5357142857142857,0.0,0.0,0.0,4.285714285714286,0.5357142857142857,0.0,0.0,0.0,2.6785714285714284,1.6071428571428572,0.5357142857142857,1.6071428571428572,1.6071428571428572,0.5357142857142857,0.0,0.0,0.0,0.0,0.0,81.48,33.33,0.0,33.33,0.0,66.67,33.33,33.33,0.0,0.0225699293046721,0.0,1.0714285714285714,0.0300385767857142,2.6785714285714284,2.6785714285714284,1.6071428571428572,0.1210593214285714,16.07142857142857,LB/LCB,21,68,18,50,24,34,26,37,32,53,11,50,16,42,100,76,26,76,76,55,21,37,47,53,53,42,21,21,45,42,89,42,21,26,21,37,58,68,100,61,21,58,47,16,63,21,37,32,37,26,37,32,47,11,50,16,42,100,74,37,84,84,63,21,37,47,53,53,42,21,21,45,42,89,42,21,26,21,37,58,63,100,53,21,58,37,2. Bundesliga
Eintracht Braunschweig,kxpw3rqn4ukt7nqmtjj62lbn,2rsdnuf5kuu8kxybsjq7ogbje,M. Aydın,Mehmet Can Aydin,24,Midfielder,Türkiye,Midfielder,36.0,43.0,7.0,78.0,5.0,1.0,4.0,1.0,3.0,19.0,8.0,1.0,2.0,180.0,2.0,2.0,7.0,3.0,3.0,3.0,3.0,1.0,0.0,0.0,0.0,0.0,79.59,46.67,12.5,100.0,50.0,73.08,71.43,75.0,0.1415510901720159,0.0,2.0,2.0,0.04534369,5.0,11.0,13.0,0.30287338,36.0,18.0,21.5,3.5,39.0,2.5,0.5,2.0,0.5,1.5,9.5,4.0,0.5,1.0,1.0,1.0,3.5,1.5,1.5,1.5,1.5,0.5,0.0,0.0,0.0,0.0,79.59,46.67,12.5,100.0,50.0,73.08,71.43,75.0,0.0707755450860079,0.0,1.0,1.0,0.022671845,2.5,5.5,6.5,0.15143669,18.0,DM/CM,54,76,82,59,81,41,90,54,96,99,91,94,68,94,46,100,72,82,81,97,84,31,47,51,51,26,44,74,91,88,100,94,60,47,16,93,57,50,97,79,91,85,62,44,71,78,47,78,24,82,46,93,97,91,91,63,93,38,100,65,75,75,94,76,31,47,51,51,26,44,74,91,88,100,94,60,44,16,87,54,47,97,76,88,85,50,2. Bundesliga
Eintracht Braunschweig,kxpw3rqn4ukt7nqmtjj62lbn,4rbwu9j1hucsm95jertjbju38,M. Marie,Max Marie,21,Midfielder,Germany,Midfielder,25.0,54.0,7.0,79.0,1.0,7.0,3.0,3.0,0.0,9.0,1.0,0.0,0.0,179.0,0.0,10.0,2.0,5.0,10.0,10.0,2.0,0.0,1.0,2.0,0.0,0.0,85.87,100.0,0.0,20.0,0.0,31.03,16.67,100.0,0.2176772192923323,0.6232493866100395,0.0,11.0,0.2421682,6.0,10.0,13.0,0.3983178699999999,41.0,12.569832402234637,27.15083798882681,3.519553072625698,39.720670391061454,0.5027932960893855,3.519553072625698,1.5083798882681565,1.5083798882681565,0.0,4.5251396648044695,0.5027932960893855,0.0,0.0,0.0,5.027932960893855,1.005586592178771,2.5139664804469275,5.027932960893855,5.027932960893855,1.005586592178771,0.0,0.5027932960893855,1.005586592178771,0.0,0.0,85.87,100.0,0.0,20.0,0.0,31.03,16.67,100.0,0.1094466465715637,0.3133656133793494,0.0,5.5307262569832405,0.1217605474860335,3.016759776536313,5.027932960893855,6.536312849162011,0.2002715547486033,20.614525139664803,DM/CM,24,79,82,62,34,100,71,93,26,53,16,46,15,40,100,51,97,100,100,84,37,74,100,51,51,62,97,37,49,40,6,29,85,71,100,31,100,100,100,75,91,91,69,18,79,82,50,24,100,60,88,26,53,12,46,15,40,100,38,99,100,100,81,37,66,100,51,51,62,97,37,49,40,6,29,85,68,100,31,100,100,100,74,91,91,68,2. Bundesliga
Eintracht Braunschweig,kxpw3rqn4ukt7nqmtjj62lbn,58jjd14yvf4d6tvqcz4xo3a7e,F. Flick,Florian Flick,26,Midfielder,Germany,Midfielder,45.0,73.0,13.0,118.0,1.0,1.0,3.0,3.0,0.0,3.0,3.0,1.0,1.0,177.0,2.0,3.0,0.0,2.0,0.0,0.0,0.0,0.0,0.0,0.0,0.0,0.0,92.19,81.25,0.0,0.0,66.67,37.5,0.0,100.0,0.4601803667172751,0.0449145319320889,0.0,8.0,0.16947227,4.0,12.0,6.0,0.1613868499999999,76.0,22.88135593220339,37.11864406779661,6.610169491525424,60.0,0.5084745762711864,0.5084745762711864,1.5254237288135597,1.5254237288135597,0.0,1.5254237288135597,1.5254237288135597,0.5084745762711864,0.5084745762711864,1.0169491525423728,1.5254237288135597,0.0,1.0169491525423728,0.0,0.0,0.0,0.0,0.0,0.0,0.0,0.0,92.19,81.25,0.0,0.0,66.67,37.5,0.0,100.0,0.2339900169748856,0.0228378975925875,0.0,4.067796610169491,0.0861723406779661,2.0338983050847457,6.101694915254238,3.050847457627119,0.0820611101694914,38.64406779661017,DM/CM,76,97,100,97,34,41,71,93,26,10,44,94,43,94,63,6,49,15,15,24,37,31,47,51,51,88,91,37,24,91,21,15,85,94,38,31,94,94,94,84,51,59,100,71,100,100,97,26,29,65,91,26,9,38,94,41,97,59,6,44,15,15,24,37,31,47,51,51,88,91,37,24,91,21,15,85,94,35,31,94,94,94,82,44,53,100,2. Bundesliga
Eintracht Braunschweig,kxpw3rqn4ukt7nqmtjj62lbn,6las8etwx9c9kdkcip8gz26wa,K. Ehlers,Kevin Ehlers,25,Defender,Germany,Defender,66.0,51.0,5.0,117.0,5.0,0.0,1.0,1.0,0.0,10.0,12.0,0.0,2.0,180.0,0.0,1.0,1.0,3.0,1.0,1.0,1.0,0.0,0.0,0.0,0.0,0.0,86.67,45.45,0.0,100.0,0.0,62.5,55.56,100.0,0.1306835005040393,0.0,0.0,3.0,0.05731012,1.0,13.0,10.0,0.23077288,77.0,33.0,25.5,2.5,58.5,2.5,0.0,0.5,0.5,0.0,5.0,6.0,0.0,1.0,0.0,0.5,0.5,1.5,0.5,0.5,0.5,0.0,0.0,0.0,0.0,0.0,86.67,45.45,0.0,100.0,0.0,62.5,55.56,100.0,0.0653417502520196,0.0,0.0,1.5,0.02865506,0.5,6.5,5.0,0.11538644,38.5,RB/RCB,95,95,79,95,90,10,36,62,26,69,98,50,74,38,29,43,71,38,38,64,31,33,43,50,52,76,50,31,90,38,64,81,83,52,14,29,81,71,43,100,90,62,100,95,95,69,95,90,10,24,45,26,64,95,50,69,38,14,31,67,31,31,55,31,33,43,50,52,76,50,31,90,38,64,81,83,48,14,29,74,67,33,100,76,57,100,2. Bundesliga
Eintracht Braunschweig,kxpw3rqn4ukt7nqmtjj62lbn,aw83l7afhw2lhkg8qm7mbnms4,J. Urbich,Jan Urbich,22,Attacker,Germany,Striker,6.0,9.0,0.0,15.0,1.0,1.0,8.0,6.0,2.0,4.0,0.0,2.0,0.0,153.0,6.0,12.0,2.0,0.0,2.0,2.0,1.0,0.0,1.0,0.0,0.0,0.0,75.0,0.0,0.0,50.0,75.0,28.57,16.67,0.0,1.2717334472527255,0.0,2.0,1.0,0.01935132,0.0,1.0,1.0,0.02663498,3.0,3.5294117647058822,5.294117647058823,0.0,8.823529411764707,0.5882352941176471,0.5882352941176471,4.705882352941177,3.5294117647058822,1.1764705882352942,2.3529411764705883,0.0,1.1764705882352942,0.0,3.5294117647058822,7.0588235294117645,1.1764705882352942,0.0,1.1764705882352942,1.1764705882352942,0.5882352941176471,0.0,0.5882352941176471,0.0,0.0,0.0,75.0,0.0,0.0,50.0,75.0,28.57,16.67,0.0,0.7480784983839562,0.0,1.1764705882352942,0.5882352941176471,0.0113831294117647,0.0,0.5882352941176471,0.5882352941176471,0.0156676352941176,1.7647058823529411,ST,32,15,27,18,37,32,80,77,83,25,20,87,37,97,90,60,25,48,48,47,42,62,38,52,52,52,27,42,63,95,28,35,25,97,12,77,35,30,27,38,32,30,13,23,13,27,13,40,33,90,83,87,17,20,87,37,100,90,60,25,47,47,47,42,63,38,52,52,52,27,42,63,95,28,35,25,100,12,77,37,30,27,37,33,30,10,2. Bundesliga
Eintracht Braunschweig,kxpw3rqn4ukt7nqmtjj62lbn,cyvk6luj08lo8hpgimx518yl0,Y. Sturm,Yann Sturm,21,Midfielder,Germany,Midfielder,7.0,24.0,0.0,31.0,0.0,6.0,6.0,5.0,1.0,10.0,0.0,0.0,1.0,155.0,1.0,8.0,2.0,1.0,10.0,13.0,6.0,0.0,2.0,1.0,0.0,0.0,88.57,0.0,0.0,60.0,16.67,66.67,0.0,50.0,0.505409578689833,0.4453725421542954,4.0,10.0,0.28252471,3.0,2.0,6.0,0.29034318,17.0,4.064516129032258,13.935483870967742,0.0,18.0,0.0,3.4838709677419355,3.4838709677419355,2.9032258064516125,0.5806451612903225,5.806451612903225,0.0,0.0,0.5806451612903225,0.5806451612903225,4.64516129032258,1.161290322580645,0.5806451612903225,5.806451612903225,7.548387096774193,3.4838709677419355,0.0,1.161290322580645,0.5806451612903225,0.0,0.0,88.57,0.0,0.0,60.0,16.67,66.67,0.0,50.0,0.293463626336032,0.2586034115734618,2.32258064516129,5.806451612903225,0.1640466058064516,1.7419354838709675,1.161290322580645,3.4838709677419355,0.1685863625806451,9.870967741935484,LM/LCM,15,45,15,25,25,90,70,90,40,80,15,55,60,60,70,50,60,100,100,100,35,70,90,55,55,70,15,35,75,50,100,30,55,70,70,85,100,100,80,35,55,70,50,10,30,15,20,25,90,70,90,40,80,15,55,50,60,70,50,50,100,100,100,35,70,90,55,55,70,15,35,75,50,100,30,55,90,70,90,100,100,80,30,60,70,40,2. Bundesliga
Eintracht Braunschweig,kxpw3rqn4ukt7nqmtjj62lbn,dfvji53ap80gfup5k0ise57ca,L. Frenkert,Lukas Frenkert,26,Defender,Germany,Defender,43.0,35.0,2.0,78.0,2.0,0.0,1.0,1.0,0.0,4.0,2.0,0.0,0.0,101.0,0.0,1.0,0.0,1.0,0.0,0.0,0.0,0.0,0.0,0.0,0.0,0.0,90.7,50.0,0.0,0.0,0.0,40.0,40.0,50.0,0.0685538207097849,0.0,0.0,3.0,0.0678373999999999,3.0,8.0,3.0,0.10720601,51.0,38.31683168316832,31.18811881188119,1.7821782178217822,69.5049504950495,1.7821782178217822,0.0,0.8910891089108911,0.8910891089108911,0.0,3.5643564356435644,1.7821782178217822,0.0,0.0,0.0,0.8910891089108911,0.0,0.8910891089108911,0.0,0.0,0.0,0.0,0.0,0.0,0.0,0.0,90.7,50.0,0.0,0.0,0.0,40.0,40.0,50.0,0.0610875630087192,0.0,0.0,2.6732673267326734,0.0604491683168315,2.6732673267326734,7.128712871287129,2.6732673267326734,0.095530107920792,45.445544554455445,CB,26,81,16,39,27,27,52,66,39,13,6,45,11,34,35,23,40,32,32,40,44,42,48,47,52,81,60,44,40,34,10,32,40,45,29,42,89,94,100,79,32,42,63,84,94,26,97,42,27,58,74,39,32,16,45,11,34,45,23,55,32,32,40,44,42,48,47,52,81,60,44,40,34,10,32,40,58,29,42,94,97,100,94,45,71,94,2. Bundesliga
Eintracht Braunschweig,kxpw3rqn4ukt7nqmtjj62lbn,esb5jfhw65o0dgbs6gwvibyeh,A. Opoku,Aaron Opoku,27,Attacker,Germany,Striker,9.0,27.0,0.0,35.0,1.0,5.0,4.0,2.0,2.0,2.0,4.0,1.0,1.0,141.0,1.0,6.0,0.0,0.0,4.0,4.0,1.0,1.0,1.0,0.0,0.0,0.0,68.63,0.0,25.0,25.0,25.0,20.0,33.33,0.0,0.243227879377202,0.4434649961190872,1.0,5.0,0.1202152599999999,1.0,4.0,4.0,0.14004818,19.0,5.74468085106383,17.23404255319149,0.0,22.34042553191489,0.6382978723404256,3.191489361702128,2.5531914893617023,1.2765957446808511,1.2765957446808511,1.2765957446808511,2.5531914893617023,0.6382978723404256,0.6382978723404256,0.6382978723404256,3.8297872340425534,0.0,0.0,2.5531914893617023,2.5531914893617023,0.6382978723404256,0.6382978723404256,0.6382978723404256,0.0,0.0,0.0,68.63,0.0,25.0,25.0,25.0,20.0,33.33,0.0,0.1552518379003417,0.2830627634802684,0.6382978723404256,3.191489361702128,0.0767331446808509,0.6382978723404256,2.5531914893617023,2.5531914893617023,0.0893924553191489,12.127659574468083,RW,75,88,50,100,62,100,75,50,88,25,100,100,62,75,50,25,38,50,50,50,75,88,62,62,62,50,50,75,50,75,25,100,38,50,100,75,62,50,62,100,100,50,100,75,88,50,75,62,100,75,50,88,25,100,100,50,62,50,25,38,50,50,50,62,75,62,62,62,50,50,75,50,75,25,100,38,50,100,62,38,25,50,100,100,50,100,2. Bundesliga
Arminia Bielefeld,bdlavlqj0dshxnepyfanzwu47,2pr5dhz0lfsy86ka37xoeub8q,J. Grodowski,Joel Grodowski,28,Attacker,Germany,Striker,4.0,13.0,3.0,17.0,3.0,1.0,8.0,7.0,1.0,11.0,2.0,3.0,1.0,180.0,5.0,9.0,5.0,0.0,4.0,4.0,2.0,0.0,3.0,0.0,0.0,0.0,70.83,75.0,0.0,50.0,62.5,44.0,37.5,0.0,1.1859808918600616,0.1659884803541601,3.0,3.0,0.11239984,2.0,0.0,2.0,0.21007254,9.0,2.0,6.5,1.5,8.5,1.5,0.5,4.0,3.5,0.5,5.5,1.0,1.5,0.5,2.5,4.5,2.5,0.0,2.0,2.0,1.0,0.0,1.5,0.0,0.0,0.0,70.83,75.0,0.0,50.0,62.5,44.0,37.5,0.0,0.5929904459300308,0.08299424017708,1.5,1.5,0.05619992,1.0,0.0,1.0,0.10503627,4.5,ST,15,43,95,25,73,32,80,87,52,78,77,98,80,88,72,97,25,67,65,65,42,93,38,52,52,40,80,42,63,78,60,57,25,90,53,88,70,63,82,12,57,83,65,7,27,93,10,63,18,72,78,33,75,72,97,75,87,65,90,25,58,58,58,42,93,38,52,52,40,80,42,63,78,60,57,25,87,50,88,60,57,75,12,47,80,47,2. Bundesliga
Arminia Bielefeld,bdlavlqj0dshxnepyfanzwu47,38e1vhlbuwztsud75adfexs0k,M. Wörl,Marius Wörl,22,Midfielder,Germany,Midfielder,16.0,18.0,3.0,34.0,0.0,1.0,3.0,1.0,2.0,2.0,2.0,0.0,1.0,124.0,0.0,6.0,1.0,1.0,2.0,2.0,0.0,0.0,2.0,0.0,0.0,0.0,80.95,75.0,0.0,0.0,0.0,18.18,0.0,100.0,0.30027358797793,0.0591406109963844,2.0,2.0,0.05365512,1.0,5.0,6.0,0.07402426,16.0,11.612903225806452,13.064516129032258,2.177419354838709,24.677419354838708,0.0,0.7258064516129032,2.177419354838709,0.7258064516129032,1.4516129032258065,1.4516129032258065,1.4516129032258065,0.0,0.7258064516129032,0.0,4.354838709677419,0.7258064516129032,0.7258064516129032,1.4516129032258065,1.4516129032258065,0.0,0.0,1.4516129032258065,0.0,0.0,0.0,80.95,75.0,0.0,0.0,0.0,18.18,0.0,100.0,0.2179405074033363,0.0429246370135048,1.4516129032258065,1.4516129032258065,0.0389432322580645,0.7258064516129032,3.629032258064516,4.354838709677419,0.0537272854838709,11.612903225806452,LM/LCM,45,10,75,40,25,35,55,50,75,20,70,55,60,25,60,35,60,30,30,20,35,70,45,55,55,40,70,35,20,25,20,30,90,60,40,60,35,30,45,80,55,30,40,60,10,80,60,25,40,60,60,80,20,80,55,80,25,60,40,70,30,30,20,35,80,45,55,55,40,70,35,20,25,20,30,90,60,40,60,40,30,60,90,80,30,70,2. Bundesliga
Arminia Bielefeld,bdlavlqj0dshxnepyfanzwu47,63mjx2t3943wpqiomzdwg0mlm,M. Großer,Maximilian Großer,25,Defender,Germany,Defender,60.0,11.0,2.0,71.0,8.0,0.0,3.0,3.0,0.0,9.0,10.0,0.0,2.0,180.0,0.0,5.0,1.0,0.0,0.0,0.0,0.0,0.0,1.0,0.0,0.0,0.0,85.54,33.33,0.0,0.0,0.0,56.25,66.67,0.0,0.3971532816869421,0.0,0.0,0.0,0.0,0.0,1.0,1.0,0.0498895799999999,51.0,30.0,5.5,1.0,35.5,4.0,0.0,1.5,1.5,0.0,4.5,5.0,0.0,1.0,0.0,2.5,0.5,0.0,0.0,0.0,0.0,0.0,0.5,0.0,0.0,0.0,85.54,33.33,0.0,0.0,0.0,56.25,66.67,0.0,0.198576640843471,0.0,0.0,0.0,0.0,0.0,0.5,0.5,0.0249447899999999,25.5,CB,73,6,16,26,97,27,97,98,39,71,52,45,53,34,94,58,13,32,32,40,44,92,48,47,52,45,23,44,40,34,61,87,13,94,29,42,26,26,35,27,26,26,63,60,6,11,19,92,27,97,98,39,63,48,45,48,34,94,53,13,32,32,40,44,90,48,47,52,45,23,44,40,34,61,87,13,94,29,42,26,26,35,27,26,26,58,2. Bundesliga
Arminia Bielefeld,bdlavlqj0dshxnepyfanzwu47,6tuxx5z4yoa95m83g9t9oyne,M. Momuluh,Monju Momuluh,24,Attacker,Germany,Striker,3.0,11.0,1.0,13.0,2.0,1.0,3.0,3.0,0.0,15.0,3.0,0.0,1.0,138.0,1.0,8.0,4.0,3.0,6.0,6.0,4.0,1.0,0.0,0.0,0.0,0.0,56.52,50.0,33.33,66.67,33.33,75.0,0.0,60.0,0.4467612600931101,0.1511374734592934,1.0,5.0,0.13744069,2.0,0.0,1.0,0.32367092,6.0,1.9565217391304344,7.173913043478261,0.6521739130434783,8.478260869565217,1.3043478260869563,0.6521739130434783,1.9565217391304344,1.9565217391304344,0.0,9.782608695652174,1.9565217391304344,0.0,0.6521739130434783,0.6521739130434783,5.217391304347826,2.608695652173913,1.9565217391304344,3.913043478260869,3.913043478260869,2.608695652173913,0.6521739130434783,0.0,0.0,0.0,0.0,56.52,50.0,33.33,66.67,33.33,75.0,0.0,60.0,0.2913660391911588,0.0985679174734522,0.6521739130434783,3.260869565217391,0.0896352326086956,1.3043478260869563,0.0,0.6521739130434783,0.2110897304347825,3.913043478260869,RW,25,25,100,25,100,38,50,88,38,100,75,50,62,75,75,100,100,88,88,75,75,38,62,62,62,25,100,100,75,100,100,50,75,75,75,75,62,75,100,25,25,75,38,25,25,100,25,100,50,50,100,38,100,75,50,75,100,75,100,100,100,100,75,100,38,62,62,62,25,100,100,75,100,100,50,75,75,50,100,75,50,100,25,25,100,25,2. Bundesliga
Arminia Bielefeld,bdlavlqj0dshxnepyfanzwu47,8bu0qcj7offuotc82kr2vhafo,H. Koudossou,Henri Koudossou,26,Defender,Germany,Defender,35.0,17.0,4.0,49.0,2.0,3.0,1.0,1.0,0.0,9.0,11.0,0.0,2.0,180.0,1.0,2.0,1.0,4.0,2.0,2.0,1.0,3.0,0.0,1.0,0.0,0.0,75.38,57.14,42.86,50.0,100.0,52.94,40.0,80.0,0.135901634229283,0.4748964887774006,0.0,1.0,0.03485072,1.0,4.0,5.0,0.7134450200000002,32.0,17.5,8.5,2.0,24.5,1.0,1.5,0.5,0.5,0.0,4.5,5.5,0.0,1.0,0.5,1.0,0.5,2.0,1.0,1.0,0.5,1.5,0.0,0.5,0.0,0.0,75.38,57.14,42.86,50.0,100.0,52.94,40.0,80.0,0.0679508171146415,0.2374482443887003,0.0,0.5,0.01742536,0.5,2.0,2.5,0.3567225100000001,16.0,RB/RCB,71,19,67,64,62,88,36,62,26,55,90,50,74,88,57,43,86,67,64,64,93,33,90,50,52,24,81,90,60,95,45,38,57,57,90,29,40,57,43,57,45,100,71,67,14,62,38,55,86,24,45,26,52,90,50,69,81,48,31,83,57,57,55,86,33,86,50,52,24,81,90,60,95,45,38,57,57,90,29,33,52,33,45,38,100,62,2. Bundesliga
Arminia Bielefeld,bdlavlqj0dshxnepyfanzwu47,8jildds7zfj7uk3iohmmkj3kl,A. Sicker,Arne Sicker,29,Defender,Germany,Defender,19.0,20.0,7.0,38.0,2.0,1.0,0.0,0.0,0.0,4.0,7.0,0.0,2.0,108.0,0.0,3.0,0.0,2.0,1.0,1.0,0.0,1.0,0.0,0.0,0.0,0.0,77.55,77.78,25.0,0.0,0.0,66.67,0.0,100.0,0.0,0.142976319851011,0.0,1.0,0.0174506,1.0,4.0,8.0,0.102865,18.0,15.833333333333334,16.666666666666668,5.833333333333334,31.666666666666668,1.6666666666666667,0.8333333333333334,0.0,0.0,0.0,3.333333333333333,5.833333333333334,0.0,1.6666666666666667,0.0,2.5,0.0,1.6666666666666667,0.8333333333333334,0.8333333333333334,0.0,0.8333333333333334,0.0,0.0,0.0,0.0,77.55,77.78,25.0,0.0,0.0,66.67,0.0,100.0,0.0,0.1191469332091758,0.0,0.8333333333333334,0.0145421666666666,0.8333333333333334,3.333333333333333,6.666666666666667,0.0857208333333333,15.0,LB/LCB,13,21,84,8,50,34,26,37,32,11,66,50,63,42,79,18,61,32,32,21,53,37,47,53,53,21,100,53,21,42,89,16,92,26,47,37,37,26,42,45,63,26,18,37,47,100,32,79,47,26,37,32,32,95,50,79,42,95,18,89,42,42,21,63,37,47,53,53,21,100,53,21,42,89,16,92,26,63,37,42,37,47,58,89,32,32,2. Bundesliga
Arminia Bielefeld,bdlavlqj0dshxnepyfanzwu47,9aqzi05rzxjcberb53718z5xx,M. Mehlem,Marvin Mehlem,28,Midfielder,Germany,Midfielder,15.0,7.0,1.0,22.0,1.0,2.0,3.0,2.0,1.0,5.0,3.0,1.0,3.0,95.0,2.0,4.0,2.0,2.0,0.0,0.0,0.0,0.0,0.0,0.0,0.0,0.0,75.86,25.0,0.0,0.0,66.67,55.56,50.0,100.0,0.313496856569587,0.0983165166575435,1.0,0.0,0.0,0.0,2.0,1.0,0.04182524,10.0,14.210526315789473,6.631578947368421,0.9473684210526316,20.84210526315789,0.9473684210526316,1.894736842105263,2.8421052631578947,1.894736842105263,0.9473684210526316,4.7368421052631575,2.8421052631578947,0.9473684210526316,2.8421052631578947,1.894736842105263,3.789473684210526,1.894736842105263,1.894736842105263,0.0,0.0,0.0,0.0,0.0,0.0,0.0,0.0,75.86,25.0,0.0,0.0,66.67,55.56,50.0,100.0,0.2969970220132929,0.0931419631492517,0.9473684210526316,0.0,0.0,0.0,1.894736842105263,0.9473684210526316,0.0396239115789473,9.473684210526317,CM/AM,55,5,38,5,78,52,68,82,45,35,92,88,92,88,65,48,72,5,5,20,28,20,40,52,50,40,30,28,20,100,75,85,85,75,40,55,10,10,15,12,5,5,8,90,5,50,30,85,60,80,95,65,60,100,90,100,95,95,65,85,5,5,20,28,20,40,52,50,40,30,28,20,100,75,85,85,95,50,70,10,10,15,15,5,10,25,2. Bundesliga
Arminia Bielefeld,bdlavlqj0dshxnepyfanzwu47,av5y7xqlp9hw9cw0hupvsl4kq,S. Russo,Stefano Russo,26,Midfielder,Germany,Midfielder,38.0,22.0,5.0,60.0,2.0,1.0,3.0,2.0,1.0,10.0,10.0,0.0,2.0,165.0,0.0,2.0,3.0,4.0,0.0,0.0,0.0,0.0,1.0,0.0,0.0,0.0,80.0,41.67,0.0,0.0,0.0,47.62,40.0,80.0,0.2465407067252894,0.063132303592481,0.0,1.0,0.0241224,1.0,9.0,6.0,0.1507154,25.0,20.727272727272727,12.0,2.7272727272727275,32.72727272727273,1.090909090909091,0.5454545454545455,1.6363636363636365,1.090909090909091,0.5454545454545455,5.454545454545455,5.454545454545455,0.0,1.090909090909091,0.0,1.090909090909091,1.6363636363636365,2.181818181818182,0.0,0.0,0.0,0.0,0.5454545454545455,0.0,0.0,0.0,80.0,41.67,0.0,0.0,0.0,47.62,40.0,80.0,0.1344767491228851,0.034435801959535,0.0,0.5454545454545455,0.0131576727272727,0.5454545454545455,4.909090909090909,3.272727272727273,0.0822084,13.636363636363637,DM/CM,60,19,65,34,57,41,71,76,66,60,97,46,68,40,46,76,88,15,15,24,37,74,47,51,51,31,35,37,24,40,50,47,65,76,44,31,41,41,66,71,51,53,32,59,18,65,32,53,47,71,82,74,59,97,46,74,40,50,74,91,15,15,24,37,79,47,51,51,31,35,37,24,40,50,47,65,74,47,31,41,41,71,71,56,56,35,2. Bundesliga
Arminia Bielefeld,bdlavlqj0dshxnepyfanzwu47,bs6f5ag1f47ropxefrybtaktl,M. Bauer,Maximilian Bauer,26,Defender,Germany,Defender,66.0,20.0,5.0,86.0,6.0,1.0,0.0,0.0,0.0,13.0,8.0,0.0,2.0,180.0,0.0,3.0,2.0,5.0,0.0,0.0,0.0,0.0,0.0,0.0,0.0,0.0,81.9,31.25,0.0,0.0,0.0,54.17,54.55,100.0,0.0,0.1281143901551839,0.0,0.0,0.0,0.0,2.0,5.0,0.09343255,47.0,33.0,10.0,2.5,43.0,3.0,0.5,0.0,0.0,0.0,6.5,4.0,0.0,1.0,0.0,1.5,1.0,2.5,0.0,0.0,0.0,0.0,0.0,0.0,0.0,0.0,81.9,31.25,0.0,0.0,0.0,54.17,54.55,100.0,0.0,0.0640571950775919,0.0,0.0,0.0,0.0,1.0,2.5,0.046716275,23.5,CB,84,18,56,58,79,65,19,27,39,100,42,45,53,34,79,76,97,32,32,40,44,42,48,47,52,23,16,44,40,34,42,52,82,21,74,42,26,26,35,37,50,35,52,65,11,52,42,77,60,19,27,39,90,35,45,48,34,76,76,97,32,32,40,44,42,48,47,52,23,16,44,40,34,42,52,82,21,74,42,26,26,35,35,42,35,48,2. Bundesliga
Arminia Bielefeld,bdlavlqj0dshxnepyfanzwu47,ei2ws86d1webny8zgrmyw7s6i,J. Rochelt,Jannik Rochelt,27,Midfielder,Germany,Midfielder,19.0,31.0,5.0,45.0,1.0,5.0,2.0,1.0,1.0,9.0,2.0,0.0,0.0,172.0,0.0,2.0,3.0,2.0,4.0,4.0,3.0,5.0,0.0,0.0,0.0,0.0,80.36,83.33,45.45,75.0,0.0,64.29,0.0,100.0,0.2713006341063175,0.6436743606512508,1.0,5.0,0.11505914,3.0,6.0,9.0,0.46396087,20.0,9.941860465116278,16.22093023255814,2.6162790697674416,23.546511627906977,0.5232558139534883,2.6162790697674416,1.0465116279069766,0.5232558139534883,0.5232558139534883,4.709302325581395,1.0465116279069766,0.0,0.0,0.0,1.0465116279069766,1.569767441860465,1.0465116279069766,2.093023255813953,2.093023255813953,1.569767441860465,2.6162790697674416,0.0,0.0,0.0,0.0,80.36,83.33,45.45,75.0,0.0,64.29,0.0,100.0,0.1419596341253987,0.3368063515035615,0.5232558139534883,2.6162790697674416,0.0602053639534883,1.569767441860465,3.13953488372093,4.709302325581395,0.2427702226744186,10.465116279069766,LM/LCM,60,70,100,55,55,75,40,50,40,60,70,55,20,25,40,70,90,55,55,70,90,25,45,55,55,30,80,80,95,25,90,30,90,50,90,40,80,80,80,90,100,100,65,50,60,90,50,50,70,40,40,30,50,70,55,20,25,30,70,90,60,60,70,90,25,45,55,55,30,80,80,95,25,90,30,90,50,90,40,70,70,70,80,90,90,60,2. Bundesliga
Energie Cottbus,9oqny7is99a388pcuflckc9fa,1s5pzvw1u9ssdfmgre567exnt,E. Engelhardt,Erik Engelhardt,28,Attacker,Germany,Striker,6.0,6.0,1.0,12.0,0.0,0.0,0.0,0.0,0.0,3.0,0.0,0.0,1.0,90.0,0.0,1.0,3.0,0.0,0.0,0.0,0.0,0.0,0.0,0.0,0.0,0.0,75.0,100.0,0.0,0.0,0.0,27.27,0.0,0.0,0.0,0.0,0.0,0.0,0.0,0.0,0.0,0.0,0.0,0.0,6.0,6.0,1.0,12.0,0.0,0.0,0.0,0.0,0.0,3.0,0.0,0.0,1.0,0.0,1.0,3.0,0.0,0.0,0.0,0.0,0.0,0.0,0.0,0.0,0.0,75.0,100.0,0.0,0.0,0.0,27.27,0.0,0.0,0.0,0.0,0.0,0.0,0.0,0.0,0.0,0.0,0.0,0.0,ST,32,8,67,8,13,8,3,5,15,13,20,23,80,12,3,80,25,13,13,20,42,25,38,52,52,52,92,42,20,12,22,17,25,3,12,15,13,13,27,12,10,3,3,73,20,82,37,13,8,3,5,15,30,20,23,90,12,3,100,25,13,13,20,42,25,38,52,52,52,92,42,20,12,22,17,25,3,12,15,13,13,27,12,10,3,3,2. Bundesliga
Energie Cottbus,9oqny7is99a388pcuflckc9fa,26nfmfc8p2doisd9p8vtd33dh,L. Bittencourt,Leonardo Bittencourt,32,Midfielder,Germany,Midfielder,29.0,57.0,3.0,85.0,2.0,1.0,3.0,3.0,0.0,11.0,2.0,0.0,0.0,167.0,0.0,5.0,3.0,3.0,2.0,2.0,1.0,1.0,2.0,0.0,0.0,0.0,79.44,21.43,33.33,50.0,0.0,45.83,50.0,60.0,0.326850685744123,0.1402206882233796,0.0,10.0,0.20173064,2.0,12.0,7.0,0.14424441,46.0,15.62874251497006,30.718562874251496,1.616766467065868,45.80838323353293,1.0778443113772456,0.5389221556886228,1.616766467065868,1.616766467065868,0.0,5.92814371257485,1.0778443113772456,0.0,0.0,0.0,2.694610778443113,1.616766467065868,1.616766467065868,1.0778443113772456,1.0778443113772456,0.5389221556886228,0.5389221556886228,1.0778443113772456,0.0,0.0,0.0,79.44,21.43,33.33,50.0,0.0,45.83,50.0,60.0,0.1761470761495273,0.075568035569486,0.0,5.389221556886227,0.1087171113772455,1.0778443113772456,6.4670658682634725,3.772455089820359,0.0777365083832335,24.790419161676645,DM/CM,37,85,49,68,57,41,71,93,26,69,32,46,15,40,91,76,72,63,62,60,84,91,47,51,51,24,12,79,63,40,44,56,50,85,74,31,97,97,84,84,65,47,76,32,82,50,71,50,43,68,97,26,65,31,46,15,40,91,71,75,65,65,68,91,94,47,51,51,24,12,79,63,40,44,56,50,88,71,31,97,97,85,85,65,47,76,2. Bundesliga
Energie Cottbus,9oqny7is99a388pcuflckc9fa,2lcgxuccmasurysc8r1yi40lw,L. Erlein,Luca Erlein,19,Defender,Germany,Defender,54.0,30.0,7.0,84.0,1.0,1.0,0.0,0.0,0.0,4.0,9.0,0.0,2.0,180.0,0.0,1.0,0.0,3.0,1.0,1.0,0.0,0.0,0.0,1.0,0.0,0.0,83.17,38.89,0.0,0.0,0.0,66.67,0.0,100.0,0.0,0.0705771787440639,0.0,2.0,0.04024053,1.0,2.0,6.0,0.0928376699999999,42.0,27.0,15.0,3.5,42.0,0.5,0.5,0.0,0.0,0.0,2.0,4.5,0.0,1.0,0.0,0.5,0.0,1.5,0.5,0.5,0.0,0.0,0.0,0.5,0.0,0.0,83.17,38.89,0.0,0.0,0.0,66.67,0.0,100.0,0.0,0.0352885893720319,0.0,1.0,0.020120265,0.5,1.0,3.0,0.0464188349999999,21.0,CB,50,48,76,45,16,65,19,27,39,13,45,45,53,34,35,23,84,77,76,40,44,42,98,47,52,32,32,44,40,34,85,13,82,21,68,42,74,71,79,37,58,32,45,39,42,73,32,13,60,19,27,39,11,39,45,48,34,26,23,79,73,71,40,44,42,97,47,52,32,32,44,40,34,85,13,82,21,61,42,73,71,76,35,50,32,42,2. Bundesliga
Energie Cottbus,9oqny7is99a388pcuflckc9fa,42sjindqvk1d8vukuifebhdd5,M. Hannemann,Moritz Hannemann,28,Attacker,Germany,Striker,3.0,5.0,0.0,8.0,2.0,1.0,1.0,0.0,1.0,6.0,0.0,0.0,0.0,90.0,0.0,4.0,1.0,0.0,4.0,4.0,2.0,0.0,0.0,0.0,0.0,0.0,47.06,0.0,0.0,50.0,0.0,37.5,33.33,0.0,0.051203249166803,0.0639075934003187,1.0,0.0,0.0,0.0,0.0,0.0,0.03053231,2.0,3.0,5.0,0.0,8.0,2.0,1.0,1.0,0.0,1.0,6.0,0.0,0.0,0.0,0.0,4.0,1.0,0.0,4.0,4.0,2.0,0.0,0.0,0.0,0.0,0.0,47.06,0.0,0.0,50.0,0.0,37.5,33.33,0.0,0.051203249166803,0.0639075934003187,1.0,0.0,0.0,0.0,0.0,0.0,0.03053231,2.0,ST,7,3,27,3,58,32,10,5,52,40,20,23,37,12,28,37,25,67,65,65,42,25,38,52,52,3,27,42,63,12,40,50,25,7,33,48,13,13,27,12,10,33,8,18,10,27,7,77,50,13,5,75,80,20,23,37,12,52,45,25,87,83,83,42,25,38,52,52,3,27,42,63,12,40,50,25,13,40,68,13,13,27,12,10,43,13,2. Bundesliga
Energie Cottbus,9oqny7is99a388pcuflckc9fa,4ajp37qriye173bbam9rtjmne,H. Rorig,Henry Rorig,26,Defender,Germany,Defender,23.0,19.0,5.0,41.0,3.0,1.0,3.0,1.0,2.0,4.0,2.0,0.0,3.0,165.0,0.0,1.0,0.0,1.0,1.0,1.0,0.0,1.0,2.0,0.0,1.0,0.0,73.21,55.56,33.33,0.0,0.0,33.33,75.0,100.0,0.1788342659320415,0.0781868921469326,2.0,1.0,0.01935132,1.0,7.0,6.0,0.1130983599999999,21.0,12.545454545454549,10.363636363636363,2.7272727272727275,22.363636363636363,1.6363636363636365,0.5454545454545455,1.6363636363636365,0.5454545454545455,1.090909090909091,2.181818181818182,1.090909090909091,0.0,1.6363636363636365,0.0,0.5454545454545455,0.0,0.5454545454545455,0.5454545454545455,0.5454545454545455,0.0,0.5454545454545455,1.090909090909091,0.0,0.5454545454545455,0.0,73.21,55.56,33.33,0.0,0.0,33.33,75.0,100.0,0.097545963235659,0.0426473957165086,1.090909090909091,0.5454545454545455,0.0105552654545454,0.5454545454545455,3.8181818181818175,3.272727272727273,0.0616900145454544,11.454545454545457,RB/RCB,52,26,79,36,79,48,79,62,83,17,33,50,90,38,29,12,24,38,38,24,71,90,43,100,52,19,76,81,24,38,19,98,83,71,43,86,40,33,43,81,57,29,48,43,19,81,24,76,48,86,67,90,14,33,50,90,38,24,12,24,43,43,24,76,95,43,100,52,19,76,81,24,38,19,98,83,71,43,90,52,38,52,71,57,29,43,2. Bundesliga
Energie Cottbus,9oqny7is99a388pcuflckc9fa,57fmc5cx71td15f6y12b8d3bo,L. Michelbrink,Lukas Michelbrink,21,Midfielder,Lithuania,Midfielder,28.0,20.0,2.0,48.0,1.0,0.0,0.0,0.0,0.0,5.0,5.0,0.0,1.0,165.0,0.0,0.0,1.0,2.0,1.0,1.0,0.0,0.0,0.0,0.0,0.0,0.0,81.36,25.0,0.0,0.0,0.0,41.67,25.0,66.67,0.0,0.0,0.0,0.0,0.0,0.0,0.0,0.0,0.0,0.0,15.272727272727272,10.90909090909091,1.090909090909091,26.181818181818183,0.5454545454545455,0.0,0.0,0.0,0.0,2.7272727272727275,2.7272727272727275,0.0,0.5454545454545455,0.0,0.0,0.5454545454545455,1.090909090909091,0.5454545454545455,0.5454545454545455,0.0,0.0,0.0,0.0,0.0,0.0,81.36,25.0,0.0,0.0,0.0,41.67,25.0,66.67,0.0,0.0,0.0,0.0,0.0,0.0,0.0,0.0,0.0,0.0,DM/CM,32,10,35,24,34,10,13,21,26,24,68,46,43,40,13,22,49,40,38,24,37,31,47,51,51,38,18,37,24,40,31,34,54,13,16,31,16,16,28,7,9,7,7,26,9,38,18,35,10,13,21,26,21,65,46,50,40,13,29,59,41,38,24,37,31,47,51,51,38,18,37,24,40,31,34,54,13,16,31,16,16,28,7,9,7,7,2. Bundesliga
Energie Cottbus,9oqny7is99a388pcuflckc9fa,5zlfbrphymfs7ixs6z26i2lsl,T. Ciğerci,Tolcay Cigerci,31,Midfielder,Türkiye,Midfielder,20.0,32.0,3.0,49.0,0.0,4.0,6.0,3.0,3.0,9.0,1.0,2.0,1.0,173.0,2.0,7.0,5.0,0.0,4.0,4.0,3.0,3.0,3.0,0.0,0.0,1.0,80.33,75.0,27.27,75.0,33.33,47.37,0.0,0.0,0.314990813811796,0.4698353610734251,2.0,4.0,0.17149544,1.0,5.0,7.0,0.1237258099999999,21.0,10.404624277456648,16.647398843930635,1.560693641618497,25.491329479768787,0.0,2.0809248554913293,3.121387283236994,1.560693641618497,1.560693641618497,4.682080924855491,0.5202312138728323,1.0404624277456649,0.5202312138728323,1.0404624277456649,3.6416184971098255,2.601156069364162,0.0,2.0809248554913293,2.0809248554913293,1.560693641618497,1.560693641618497,1.560693641618497,0.0,0.0,0.5202312138728323,80.33,75.0,27.27,75.0,33.33,47.37,0.0,0.0,0.1638680534281019,0.2444230202116084,1.0404624277456649,2.0809248554913293,0.0892172809248555,0.5202312138728323,2.601156069364162,3.6416184971098255,0.0643660283236993,10.92485549132948,CM/AM,80,52,72,60,32,85,92,95,90,82,62,98,52,88,95,82,18,75,75,88,90,98,40,52,100,60,85,70,75,82,35,32,18,80,90,85,52,85,38,32,55,35,50,75,35,65,45,32,85,85,90,90,55,65,95,45,80,90,75,18,70,70,90,90,95,40,52,100,60,85,70,75,82,35,32,18,70,95,80,40,80,35,30,35,20,45,2. Bundesliga
Energie Cottbus,9oqny7is99a388pcuflckc9fa,7b9473p0ben0elquj3wjq7q50,F. Doumbia,Fousseny Doumbia,21,Defender,Mali,Defender,32.0,26.0,2.0,58.0,3.0,0.0,2.0,1.0,1.0,5.0,7.0,0.0,2.0,100.0,0.0,1.0,2.0,0.0,2.0,2.0,0.0,0.0,1.0,0.0,0.0,0.0,84.06,40.0,0.0,0.0,0.0,38.46,75.0,0.0,0.1649016021365993,0.0,1.0,1.0,0.01870347,1.0,4.0,4.0,0.1024629599999999,24.0,28.8,23.4,1.7999999999999998,52.2,2.7,0.0,1.7999999999999998,0.8999999999999999,0.8999999999999999,4.5,6.3,0.0,1.7999999999999998,0.0,0.8999999999999999,1.7999999999999998,0.0,1.7999999999999998,1.7999999999999998,0.0,0.0,0.8999999999999999,0.0,0.0,0.0,84.06,40.0,0.0,0.0,0.0,38.46,75.0,0.0,0.1484114419229393,0.0,0.8999999999999999,0.8999999999999999,0.016833123,0.8999999999999999,3.6,3.6,0.0922166639999999,21.6,LB/LCB,50,50,18,37,76,11,87,87,76,21,66,50,63,42,34,61,8,53,53,21,21,82,47,53,53,79,37,21,21,42,11,95,8,95,11,84,37,32,42,45,32,21,32,84,79,32,84,95,11,95,100,89,55,100,50,89,42,47,79,8,89,89,21,21,89,47,53,53,79,37,21,21,42,11,95,8,100,11,95,47,47,53,63,53,47,68,2. Bundesliga
Energie Cottbus,9oqny7is99a388pcuflckc9fa,a1eb9qftpii46ao5c84vbzvqi,J. Butler,Justin Butler,25,Attacker,USA,Striker,7.0,20.0,1.0,27.0,1.0,1.0,2.0,2.0,0.0,9.0,2.0,1.0,0.0,90.0,1.0,4.0,2.0,2.0,7.0,7.0,3.0,0.0,0.0,0.0,0.0,0.0,79.41,50.0,0.0,42.86,50.0,45.0,50.0,66.67,0.1910096143492469,0.0496725040705981,0.0,5.0,0.1372826899999999,2.0,0.0,1.0,0.04957191,6.0,7.0,20.0,1.0,27.0,1.0,1.0,2.0,2.0,0.0,9.0,2.0,1.0,0.0,1.0,4.0,2.0,2.0,7.0,7.0,3.0,0.0,0.0,0.0,0.0,0.0,79.41,50.0,0.0,42.86,50.0,45.0,50.0,66.67,0.1910096143492469,0.0496725040705981,0.0,5.0,0.1372826899999999,2.0,0.0,1.0,0.04957191,6.0,LW,12,25,44,25,62,25,56,69,44,69,81,88,12,56,44,44,75,88,88,75,25,50,38,56,56,25,69,25,62,56,62,100,50,75,25,38,56,50,56,12,19,25,25,38,88,50,50,75,25,88,88,44,100,100,88,12,75,62,75,88,100,100,88,25,50,38,56,56,25,69,25,62,56,62,100,50,100,25,38,88,88,75,12,25,25,25,2. Bundesliga
Energie Cottbus,9oqny7is99a388pcuflckc9fa,c6fcafjqn8xth1r5a47vt0c2c,K. Manu,King Manu,22,Defender,Germany,Defender,37.0,17.0,6.0,54.0,2.0,1.0,1.0,1.0,0.0,8.0,6.0,0.0,0.0,90.0,0.0,1.0,3.0,2.0,1.0,1.0,1.0,0.0,0.0,0.0,0.0,0.0,91.53,60.0,0.0,100.0,0.0,80.0,66.67,100.0,0.1248392364019777,0.0555757667783157,0.0,3.0,0.0599121,0.0,4.0,5.0,0.10681569,29.0,37.0,17.0,6.0,54.0,2.0,1.0,1.0,1.0,0.0,8.0,6.0,0.0,0.0,0.0,1.0,3.0,2.0,1.0,1.0,1.0,0.0,0.0,0.0,0.0,0.0,91.53,60.0,0.0,100.0,0.0,80.0,66.67,100.0,0.1248392364019777,0.0555757667783157,0.0,3.0,0.0599121,0.0,4.0,5.0,0.10681569,29.0,CB,23,10,68,10,27,65,52,66,39,53,31,45,11,34,35,87,66,77,76,89,44,42,48,47,52,94,81,44,94,34,100,87,82,65,65,42,89,84,35,50,50,39,39,81,60,97,74,55,76,73,82,39,100,66,45,11,34,58,100,89,94,92,97,44,42,48,47,52,94,81,44,94,34,100,87,82,81,71,42,97,94,35,76,87,77,66,2. Bundesliga
Energie Cottbus,9oqny7is99a388pcuflckc9fa,dk8dkykpno2tl80wmurr05qp6,L. Copado,Lucas Copado,22,Attacker,Germany,Striker,16.0,13.0,0.0,29.0,1.0,1.0,3.0,2.0,1.0,4.0,0.0,0.0,0.0,135.0,1.0,5.0,1.0,0.0,5.0,5.0,2.0,0.0,2.0,0.0,0.0,0.0,82.86,0.0,0.0,40.0,33.33,28.57,33.33,0.0,0.1622354596587941,0.1067876520820617,2.0,3.0,0.09233268,1.0,2.0,0.0,0.07255508,9.0,10.666666666666666,8.666666666666666,0.0,19.33333333333333,0.6666666666666666,0.6666666666666666,2.0,1.3333333333333333,0.6666666666666666,2.6666666666666665,0.0,0.0,0.0,0.6666666666666666,3.333333333333333,0.6666666666666666,0.0,3.333333333333333,3.333333333333333,1.3333333333333333,0.0,1.3333333333333333,0.0,0.0,0.0,82.86,0.0,0.0,40.0,33.33,28.57,33.33,0.0,0.1081569731058627,0.0711917680547078,1.3333333333333333,2.0,0.06155512,0.6666666666666666,1.3333333333333333,0.0,0.0483700533333333,6.0,ST,88,43,27,67,37,32,37,38,52,25,20,23,37,35,37,37,25,77,77,65,42,83,38,52,52,90,27,42,50,40,28,50,25,23,43,77,70,57,62,62,10,53,65,93,47,27,83,43,37,45,43,60,23,20,23,37,43,43,37,25,77,73,63,42,87,38,52,52,90,27,42,50,40,28,50,25,27,47,80,73,63,67,63,10,53,70,2. Bundesliga
Energie Cottbus,9oqny7is99a388pcuflckc9fa,sm2ibccdn0ij8aft1417sl3p,D. Pelivan,Dominik Pelivan,30,Midfielder,Germany,Midfielder,59.0,24.0,1.0,83.0,1.0,0.0,0.0,0.0,0.0,1.0,4.0,0.0,3.0,103.0,0.0,1.0,0.0,0.0,1.0,1.0,0.0,0.0,0.0,0.0,0.0,0.0,90.22,50.0,0.0,0.0,0.0,16.67,50.0,0.0,0.0,0.0,0.0,0.0,0.0,0.0,0.0,0.0,0.0,0.0,51.553398058252434,20.97087378640777,0.8737864077669903,72.5242718446602,0.8737864077669903,0.0,0.0,0.0,0.0,0.8737864077669903,3.4951456310679614,0.0,2.621359223300971,0.0,0.8737864077669903,0.0,0.0,0.8737864077669903,0.8737864077669903,0.0,0.0,0.0,0.0,0.0,0.0,90.22,50.0,0.0,0.0,0.0,16.67,50.0,0.0,0.0,0.0,0.0,0.0,0.0,0.0,0.0,0.0,0.0,0.0,LM/LCM,90,45,35,90,55,15,10,20,10,10,100,55,95,25,15,15,25,20,20,20,35,25,45,55,55,80,45,35,20,25,10,75,25,10,15,15,15,15,15,10,15,10,10,90,80,40,90,60,15,10,20,10,10,100,55,100,25,20,15,25,20,20,20,35,25,45,55,55,80,45,35,20,25,10,75,25,10,15,15,15,15,15,10,15,10,10,2. Bundesliga
St. Pauli,85jtaw5dcxxx1yp8te6axh3p8,277xa3ka9se9p5nzga0sunavp,B. Hrgota,Branimir Hrgota,33,Attacker,Sweden,Striker,8.0,25.0,2.0,30.0,0.0,5.0,3.0,1.0,2.0,10.0,0.0,0.0,0.0,170.0,1.0,6.0,2.0,2.0,8.0,8.0,3.0,3.0,2.0,1.0,0.0,0.0,58.82,40.0,20.0,37.5,33.33,38.46,0.0,40.0,0.1814371114519112,0.6462942655768905,1.0,7.0,0.2080180299999999,2.0,4.0,8.0,0.19507202,14.0,4.235294117647059,13.23529411764706,1.0588235294117647,15.882352941176473,0.0,2.647058823529412,1.5882352941176472,0.5294117647058824,1.0588235294117647,5.294117647058823,0.0,0.0,0.0,0.5294117647058824,3.1764705882352944,1.0588235294117647,1.0588235294117647,4.235294117647059,4.235294117647059,1.5882352941176472,1.5882352941176472,1.0588235294117647,0.5294117647058824,0.0,0.0,58.82,40.0,20.0,37.5,33.33,38.46,0.0,40.0,0.0960549413568941,0.3421557876583538,0.5294117647058824,3.7058823529411766,0.1101271923529411,1.0588235294117647,2.117647058823529,4.235294117647059,0.1032734223529411,7.411764705882353,ST,52,82,87,72,13,93,37,18,83,73,20,23,37,35,45,60,93,90,88,82,97,83,85,52,52,13,57,83,43,40,43,17,55,27,97,48,93,93,82,83,100,80,80,43,73,87,63,13,93,27,10,83,67,20,23,37,30,33,57,97,90,90,77,97,83,80,52,52,13,57,83,43,40,43,17,55,23,97,43,93,93,80,87,100,77,80,2. Bundesliga
St. Pauli,85jtaw5dcxxx1yp8te6axh3p8,2n808wa0h841cn8xi78n21v8q,T. Hara,Taichi Hara,27,Attacker,Japan,Striker,2.0,10.0,1.0,12.0,6.0,0.0,3.0,2.0,1.0,7.0,0.0,1.0,0.0,137.0,2.0,2.0,0.0,1.0,0.0,0.0,0.0,0.0,1.0,0.0,0.0,0.0,50.0,50.0,0.0,0.0,66.67,77.78,0.0,100.0,0.3828810495962749,0.0,1.0,0.0,0.0,1.0,2.0,2.0,0.0218734399999999,6.0,1.3138686131386863,6.569343065693431,0.6569343065693432,7.883211678832117,3.9416058394160585,0.0,1.9708029197080288,1.3138686131386863,0.6569343065693432,4.598540145985401,0.0,0.6569343065693432,0.0,1.3138686131386863,1.3138686131386863,0.0,0.6569343065693432,0.0,0.0,0.0,0.0,0.6569343065693432,0.0,0.0,0.0,50.0,50.0,0.0,0.0,66.67,77.78,0.0,100.0,0.2515276968150711,0.0,0.6569343065693432,0.0,0.0,0.6569343065693432,1.3138686131386863,1.3138686131386863,0.014369413138686,3.9416058394160585,ST,3,20,67,8,88,8,37,38,52,53,20,62,37,58,10,15,67,13,13,20,42,62,38,52,52,7,65,42,20,87,100,17,90,53,12,48,13,13,62,62,57,27,28,3,30,73,3,90,8,37,40,57,57,20,77,37,57,10,15,77,13,13,20,42,67,38,52,52,7,65,42,20,87,100,17,90,53,12,57,13,13,63,60,63,27,33,2. Bundesliga
St. Pauli,85jtaw5dcxxx1yp8te6axh3p8,3v695dpbm6bdgifkyhlie6kbu,J. Fujita,Joel Chima Fujita,24,Midfielder,Japan,Midfielder,21.0,38.0,0.0,59.0,1.0,2.0,0.0,0.0,0.0,4.0,0.0,0.0,2.0,154.0,0.0,1.0,1.0,1.0,1.0,1.0,0.0,0.0,0.0,0.0,0.0,0.0,80.82,0.0,0.0,0.0,0.0,26.67,50.0,50.0,0.0,0.0958997737952467,0.0,4.0,0.08637715,2.0,9.0,8.0,0.1104374799999999,26.0,12.272727272727272,22.20779220779221,0.0,34.48051948051948,0.5844155844155845,1.168831168831169,0.0,0.0,0.0,2.337662337662338,0.0,0.0,1.168831168831169,0.0,0.5844155844155845,0.5844155844155845,0.5844155844155845,0.5844155844155845,0.5844155844155845,0.0,0.0,0.0,0.0,0.0,0.0,80.82,0.0,0.0,0.0,0.0,26.67,50.0,50.0,0.0,0.0560453223478714,0.0,2.337662337662338,0.0504801525974026,1.168831168831169,5.25974025974026,4.675324675324676,0.0645413844155843,15.194805194805197,CM/AM,90,75,12,85,78,52,5,22,8,20,25,42,75,38,20,25,45,22,22,20,28,20,40,52,50,65,12,28,20,38,10,85,45,5,30,18,52,45,68,88,70,30,68,85,65,12,85,70,50,5,22,8,25,25,42,80,38,15,30,45,20,20,20,28,20,40,52,50,65,12,28,20,38,10,85,45,5,30,18,60,45,65,85,60,25,60,2. Bundesliga
St. Pauli,85jtaw5dcxxx1yp8te6axh3p8,7wsv4h6o1ps1vxxvs6dnt6az8,T. Andō,Tomoya Ando,27,Defender,Japan,Defender,34.0,51.0,3.0,85.0,3.0,0.0,2.0,2.0,0.0,7.0,7.0,0.0,2.0,180.0,1.0,3.0,5.0,0.0,0.0,0.0,0.0,0.0,1.0,0.0,0.0,0.0,85.0,30.0,0.0,0.0,50.0,70.0,0.0,0.0,0.276511073236808,0.0,0.0,7.0,0.1393935399999999,0.0,16.0,13.0,0.1782032999999999,58.0,17.0,25.5,1.5,42.5,1.5,0.0,1.0,1.0,0.0,3.5,3.5,0.0,1.0,0.5,1.5,2.5,0.0,0.0,0.0,0.0,0.0,0.5,0.0,0.0,0.0,85.0,30.0,0.0,0.0,50.0,70.0,0.0,0.0,0.138255536618404,0.0,0.0,3.5,0.0696967699999999,0.0,8.0,6.5,0.0891016499999999,29.0,CB,19,94,26,52,42,27,81,87,39,34,37,45,53,82,79,100,13,32,32,40,44,92,48,47,52,42,13,44,40,77,90,13,13,87,29,42,100,100,35,97,98,77,76,16,87,21,37,34,27,73,82,39,26,31,45,48,79,76,97,13,32,32,40,44,90,48,47,52,42,13,44,40,77,90,13,13,87,29,42,100,100,35,97,98,61,66,2. Bundesliga
St. Pauli,85jtaw5dcxxx1yp8te6axh3p8,8bllf54c5zh74je3guhk6u3ca,D. Nemeth,David Nemeth,25,Defender,Austria,Defender,38.0,61.0,5.0,99.0,8.0,1.0,4.0,3.0,1.0,14.0,7.0,0.0,1.0,180.0,0.0,4.0,2.0,3.0,0.0,0.0,0.0,0.0,0.0,0.0,0.0,0.0,86.84,45.45,0.0,0.0,0.0,63.64,72.73,75.0,0.5115327741557756,0.0,1.0,3.0,0.06207,4.0,10.0,10.0,0.2361004,55.0,19.0,30.5,2.5,49.5,4.0,0.5,2.0,1.5,0.5,7.0,3.5,0.0,0.5,0.0,2.0,1.0,1.5,0.0,0.0,0.0,0.0,0.0,0.0,0.0,0.0,86.84,45.45,0.0,0.0,0.0,63.64,72.73,75.0,0.2557663870778878,0.0,0.5,1.5,0.031035,2.0,5.0,5.0,0.1180502,27.5,RB/RCB,76,100,79,90,100,48,93,98,62,90,64,50,43,38,93,71,71,12,12,24,31,33,43,50,52,81,50,31,24,38,71,90,52,100,14,64,81,76,95,88,90,67,86,71,100,69,86,100,24,90,98,52,86,64,50,31,38,93,69,67,12,12,24,31,33,43,50,52,81,50,31,24,38,71,90,52,100,14,60,74,71,90,83,76,62,81,2. Bundesliga
St. Pauli,85jtaw5dcxxx1yp8te6axh3p8,8im7pgnph2au11blma5pewe09,M. Kaars,Martijn Kaars,27,Attacker,Netherlands,Striker,7.0,17.0,0.0,24.0,0.0,1.0,8.0,7.0,1.0,1.0,1.0,1.0,0.0,175.0,6.0,11.0,1.0,0.0,0.0,0.0,0.0,0.0,1.0,0.0,0.0,0.0,92.31,0.0,0.0,0.0,75.0,12.5,0.0,0.0,0.922056174332082,0.1139736092426861,1.0,3.0,0.11857666,0.0,0.0,1.0,0.02168562,6.0,3.6,8.742857142857144,0.0,12.342857142857143,0.0,0.5142857142857143,4.114285714285715,3.6,0.5142857142857143,0.5142857142857143,0.5142857142857143,0.5142857142857143,0.0,3.085714285714286,5.6571428571428575,0.5142857142857143,0.0,0.0,0.0,0.0,0.0,0.5142857142857143,0.0,0.0,0.0,92.31,0.0,0.0,0.0,75.0,12.5,0.0,0.0,0.4742003182279279,0.0586149990390957,0.5142857142857143,1.542857142857143,0.0609822822857142,0.0,0.0,0.5142857142857143,0.0111526045714285,3.085714285714286,ST,43,60,27,57,13,32,80,87,52,3,53,62,37,97,83,37,25,13,13,20,42,62,38,52,52,100,27,42,20,95,3,17,25,77,47,48,70,67,27,12,32,23,28,32,53,27,40,13,25,77,87,40,3,48,63,37,92,80,33,25,13,13,20,42,55,38,52,52,100,27,42,20,95,3,17,25,77,37,33,63,60,27,12,23,23,20,2. Bundesliga
St. Pauli,85jtaw5dcxxx1yp8te6axh3p8,9z8zmq5mh3nzaxtvpf5ox3snp,M. Mathisen,Marcus Mathisen,30,Defender,Denmark,Defender,44.0,77.0,10.0,121.0,5.0,2.0,1.0,1.0,0.0,9.0,10.0,1.0,2.0,180.0,1.0,1.0,0.0,2.0,1.0,1.0,1.0,0.0,0.0,0.0,0.0,0.0,84.03,55.56,0.0,100.0,100.0,52.94,45.45,66.67,0.1535725016780387,0.2029103451396978,0.0,5.0,0.10338582,2.0,22.0,12.0,0.3888594399999999,99.0,22.0,38.5,5.0,60.5,2.5,1.0,0.5,0.5,0.0,4.5,5.0,0.5,1.0,0.5,0.5,0.0,1.0,0.5,0.5,0.5,0.0,0.0,0.0,0.0,0.0,84.03,55.56,0.0,100.0,100.0,52.94,45.45,66.67,0.0767862508390193,0.1014551725698489,0.0,2.5,0.05169291,1.0,11.0,6.0,0.1944297199999999,49.5,CB,29,100,97,97,69,81,52,66,39,71,52,95,53,82,35,23,66,77,76,89,44,42,48,47,52,35,74,44,94,95,26,45,53,68,90,42,97,97,94,100,94,94,100,19,100,90,84,69,76,47,63,39,63,48,92,48,79,26,23,63,73,71,85,44,42,48,47,52,35,74,44,94,95,26,45,53,65,87,42,90,90,92,100,94,94,100,2. Bundesliga
St. Pauli,85jtaw5dcxxx1yp8te6axh3p8,eg5haueyvosx3euq9e0ogdj6y,L. Oppie,Louis Oppie,24,Defender,Germany,Defender,17.0,23.0,4.0,38.0,2.0,2.0,4.0,1.0,3.0,5.0,9.0,0.0,0.0,175.0,1.0,3.0,2.0,1.0,0.0,0.0,0.0,2.0,2.0,0.0,0.0,0.0,69.09,28.57,22.22,0.0,25.0,83.33,0.0,50.0,0.2449652524476306,0.3141453994410363,3.0,1.0,0.02122129,1.0,2.0,5.0,0.3988544,16.0,8.742857142857144,11.82857142857143,2.0571428571428574,19.542857142857144,1.0285714285714287,1.0285714285714287,2.0571428571428574,0.5142857142857143,1.542857142857143,2.571428571428572,4.628571428571429,0.0,0.0,0.5142857142857143,1.542857142857143,1.0285714285714287,0.5142857142857143,0.0,0.0,0.0,1.0285714285714287,1.0285714285714287,0.0,0.0,0.0,69.09,28.57,22.22,0.0,25.0,83.33,0.0,50.0,0.12598212983021,0.1615604911411043,1.542857142857143,0.5142857142857143,0.0109138062857142,0.5142857142857143,1.0285714285714287,2.571428571428572,0.20512512,8.22857142857143,LB/LCB,5,34,42,8,50,63,100,87,100,21,89,50,16,92,79,61,26,11,11,21,74,97,47,53,53,5,11,47,21,84,100,16,45,100,84,100,37,42,42,13,37,89,11,5,26,42,5,53,68,100,95,100,11,84,50,16,100,79,63,26,11,11,21,74,100,47,53,53,5,11,47,21,84,100,16,45,95,84,100,37,32,42,16,32,89,11,2. Bundesliga
St. Pauli,85jtaw5dcxxx1yp8te6axh3p8,payije8nojdfrbkuq9hj2sph,M. Rasmussen,Mathias Rasmussen,28,Midfielder,Norway,Midfielder,20.0,51.0,3.0,70.0,3.0,1.0,2.0,1.0,1.0,16.0,1.0,0.0,2.0,175.0,0.0,4.0,1.0,5.0,3.0,3.0,3.0,1.0,2.0,0.0,0.0,0.0,81.4,60.0,50.0,100.0,0.0,72.73,50.0,55.56,0.2035130261600595,0.1488990127569929,0.0,6.0,0.13866646,2.0,7.0,11.0,0.38799629,28.0,10.285714285714286,26.228571428571428,1.542857142857143,36.0,1.542857142857143,0.5142857142857143,1.0285714285714287,0.5142857142857143,0.5142857142857143,8.22857142857143,0.5142857142857143,0.0,1.0285714285714287,0.0,2.0571428571428574,0.5142857142857143,2.571428571428572,1.542857142857143,1.542857142857143,1.542857142857143,0.5142857142857143,1.0285714285714287,0.0,0.0,0.0,81.4,60.0,50.0,100.0,0.0,72.73,50.0,55.56,0.1046638420251734,0.0765766351321677,0.0,3.085714285714286,0.0713141794285714,1.0285714285714287,3.6,5.6571428571428575,0.1995409491428571,14.4,CM/AM,80,100,72,95,100,22,55,57,45,100,62,42,75,38,65,25,100,60,60,88,68,78,40,52,50,72,70,90,92,38,100,85,55,60,50,18,88,75,68,68,88,90,75,70,90,60,90,95,10,55,50,30,100,60,42,75,38,50,20,100,65,65,85,60,75,40,52,50,72,70,90,92,38,100,85,55,55,40,18,80,65,50,55,80,80,50,2. Bundesliga
St. Pauli,85jtaw5dcxxx1yp8te6axh3p8,rvqiq9rz1ur11jb8skb7419m,A. Pyrka,Arkadiusz Pyrka,23,Defender,Poland,Defender,17.0,30.0,0.0,42.0,1.0,5.0,1.0,0.0,1.0,15.0,2.0,0.0,2.0,169.0,0.0,2.0,4.0,6.0,4.0,4.0,4.0,5.0,1.0,1.0,0.0,0.0,87.5,0.0,55.56,100.0,0.0,68.18,33.33,100.0,0.0365241007229563,0.5742434071471266,1.0,2.0,0.11090316,1.0,1.0,5.0,0.52636027,20.0,9.053254437869825,15.976331360946746,0.0,22.366863905325445,0.5325443786982249,2.662721893491124,0.5325443786982249,0.0,0.5325443786982249,7.988165680473373,1.0650887573964498,0.0,1.0650887573964498,0.0,1.0650887573964498,2.1301775147929,3.195266272189349,2.1301775147929,2.1301775147929,2.1301775147929,2.662721893491124,0.5325443786982249,0.5325443786982249,0.0,0.0,87.5,0.0,55.56,100.0,0.0,68.18,33.33,100.0,0.0194507045270181,0.3058100984807183,0.5325443786982249,1.0650887573964498,0.0590608544378698,0.5325443786982249,0.5325443786982249,2.662721893491124,0.2803102029585799,10.650887573964496,RB/RCB,29,69,14,43,26,100,36,19,62,95,33,50,74,38,57,95,98,90,90,95,100,74,90,50,52,86,14,95,90,38,95,21,83,24,100,64,67,95,43,14,45,95,43,14,57,14,29,14,95,33,19,62,90,29,50,81,38,57,95,95,86,81,95,100,76,90,50,52,86,14,95,90,38,95,21,83,24,95,67,67,90,45,14,48,86,33,2. Bundesliga
Hannover 96,5lidfwkteyu9dj9ysmdq2v4tk,103jq553ul3lhitmhmadbyg2d,B. Källman,Benjamin Källman,28,Attacker,Finland,Striker,4.0,11.0,1.0,14.0,1.0,2.0,2.0,1.0,1.0,4.0,1.0,0.0,0.0,91.0,0.0,8.0,0.0,0.0,3.0,4.0,2.0,1.0,0.0,0.0,0.0,0.0,70.0,100.0,50.0,66.67,0.0,36.36,0.0,0.0,0.1616567103784656,0.2200091611880255,1.0,2.0,0.09927667,0.0,1.0,0.0,0.12363864,6.0,3.956043956043956,10.87912087912088,0.989010989010989,13.846153846153848,0.989010989010989,1.978021978021978,1.978021978021978,0.989010989010989,0.989010989010989,3.956043956043956,0.989010989010989,0.0,0.0,0.0,7.912087912087912,0.0,0.0,2.967032967032967,3.956043956043956,1.978021978021978,0.989010989010989,0.0,0.0,0.0,0.0,70.0,100.0,50.0,66.67,0.0,36.36,0.0,0.0,0.1598802630116692,0.2175914780980472,0.989010989010989,1.978021978021978,0.0981857175824175,0.0,0.989010989010989,0.0,0.1222799736263736,5.934065934065934,ST,15,25,67,13,37,62,22,18,52,25,53,23,37,12,62,15,25,57,65,65,85,25,38,52,52,32,92,95,80,12,37,17,25,20,73,48,55,60,27,38,10,63,28,40,67,77,53,47,80,40,27,70,43,67,23,37,12,93,15,25,70,80,80,87,25,38,52,52,32,92,95,80,12,37,17,25,40,90,63,70,83,27,53,10,83,67,2. Bundesliga
Hannover 96,5lidfwkteyu9dj9ysmdq2v4tk,2vxt1arc33nnhp8bgcctut2ol,M. Neubauer,Maurice Neubauer,30,Defender,Germany,Defender,24.0,37.0,4.0,55.0,0.0,7.0,2.0,2.0,0.0,3.0,1.0,1.0,0.0,169.0,2.0,3.0,1.0,0.0,0.0,0.0,0.0,6.0,0.0,0.0,0.0,0.0,79.71,50.0,60.0,0.0,100.0,75.0,0.0,0.0,0.2056532272336685,0.6709796256839669,0.0,1.0,0.01935132,2.0,6.0,8.0,0.29744723,27.0,12.781065088757396,19.70414201183432,2.1301775147929,29.28994082840237,0.0,3.727810650887574,1.0650887573964498,1.0650887573964498,0.0,1.5976331360946745,0.5325443786982249,0.5325443786982249,0.0,1.0650887573964498,1.5976331360946745,0.5325443786982249,0.0,0.0,0.0,0.0,3.195266272189349,0.0,0.0,0.0,0.0,79.71,50.0,60.0,0.0,100.0,75.0,0.0,0.0,0.1095194701244388,0.3573264278790356,0.0,0.5325443786982249,0.0103054366863905,1.0650887573964498,3.195266272189349,4.260355029585799,0.158403850295858,14.378698224852071,CB,10,85,40,13,6,100,81,87,39,6,3,95,11,100,79,58,13,32,32,40,100,42,48,47,52,6,60,97,40,95,97,13,13,77,100,42,58,61,94,68,77,90,32,10,74,45,13,6,100,90,90,39,6,3,100,11,100,87,65,13,32,32,40,100,42,48,47,52,6,60,97,40,95,97,13,13,74,100,42,65,61,97,65,74,90,35,2. Bundesliga
Hannover 96,5lidfwkteyu9dj9ysmdq2v4tk,3w2eolfcth7by81g83367y99m,L. Gindorf,Lars Gindorf,25,Midfielder,Germany,Midfielder,7.0,22.0,0.0,27.0,0.0,5.0,10.0,9.0,1.0,10.0,1.0,0.0,1.0,141.0,3.0,17.0,5.0,0.0,8.0,9.0,4.0,2.0,5.0,0.0,0.0,0.0,79.41,0.0,66.67,50.0,30.0,50.0,0.0,0.0,1.1821551458389552,0.4714470832155665,3.0,3.0,0.09432504,3.0,2.0,4.0,0.4404916299999999,15.0,4.468085106382979,14.04255319148936,0.0,17.23404255319149,0.0,3.191489361702128,6.382978723404255,5.74468085106383,0.6382978723404256,6.382978723404255,0.6382978723404256,0.0,0.6382978723404256,1.9148936170212767,10.851063829787234,3.191489361702128,0.0,5.1063829787234045,5.74468085106383,2.5531914893617023,1.2765957446808511,3.191489361702128,0.0,0.0,0.0,79.41,0.0,66.67,50.0,30.0,50.0,0.0,0.0,0.7545671143652906,0.3009236701375956,1.9148936170212767,1.9148936170212767,0.0602074723404255,1.9148936170212767,1.2765957446808511,2.5531914893617023,0.2811648702127659,9.574468085106384,LM/LCM,15,25,15,10,25,75,100,100,40,80,40,55,60,85,100,100,25,90,90,90,70,100,45,55,55,20,15,100,60,60,60,30,25,100,80,70,55,70,80,35,30,90,30,20,40,15,10,25,80,100,100,60,90,50,55,60,90,100,100,25,90,90,90,70,100,45,55,55,20,15,100,60,60,60,30,25,100,80,70,60,80,90,40,30,100,30,2. Bundesliga
Hannover 96,5lidfwkteyu9dj9ysmdq2v4tk,4v3o4yemj0frzgkxez1zg51w5,M. Hartel,Marcel Hartel,30,Midfielder,Germany,Midfielder,7.0,18.0,2.0,24.0,0.0,2.0,1.0,0.0,1.0,2.0,1.0,0.0,0.0,90.0,0.0,2.0,0.0,2.0,1.0,1.0,0.0,1.0,1.0,0.0,0.0,0.0,64.86,100.0,50.0,0.0,0.0,50.0,0.0,100.0,0.048808351396267,0.1637116895647006,0.0,0.0,0.0,1.0,1.0,4.0,0.0922920599999999,16.0,7.0,18.0,2.0,24.0,0.0,2.0,1.0,0.0,1.0,2.0,1.0,0.0,0.0,0.0,2.0,0.0,2.0,1.0,1.0,0.0,1.0,1.0,0.0,0.0,0.0,64.86,100.0,50.0,0.0,0.0,50.0,0.0,100.0,0.048808351396267,0.1637116895647006,0.0,0.0,0.0,1.0,1.0,4.0,0.0922920599999999,16.0,CM/AM,22,10,57,12,32,52,28,22,45,10,62,42,22,38,32,8,72,22,22,20,68,50,40,52,50,10,95,90,20,38,45,32,85,15,55,18,10,10,38,5,15,20,32,45,52,80,40,32,68,45,22,72,10,75,42,22,38,45,8,92,32,32,20,78,62,40,52,50,10,95,90,20,38,45,32,85,45,70,18,10,10,45,5,45,45,75,2. Bundesliga
Hannover 96,5lidfwkteyu9dj9ysmdq2v4tk,6nsvidy8m4m7u7umlo0fyfah,M. Bundu,Mustapha Bundu,29,Attacker,Sierra Leone,Striker,7.0,27.0,0.0,33.0,1.0,1.0,5.0,3.0,2.0,8.0,0.0,0.0,0.0,141.0,1.0,10.0,1.0,0.0,6.0,6.0,6.0,1.0,0.0,0.0,0.0,0.0,75.0,0.0,16.67,100.0,20.0,61.54,0.0,0.0,0.5134456199370796,0.1340517529866048,1.0,5.0,0.1998092699999999,0.0,2.0,2.0,0.3303797,7.0,4.468085106382979,17.23404255319149,0.0,21.06382978723404,0.6382978723404256,0.6382978723404256,3.191489361702128,1.9148936170212767,1.2765957446808511,5.1063829787234045,0.0,0.0,0.0,0.6382978723404256,6.382978723404255,0.6382978723404256,0.0,3.8297872340425534,3.8297872340425534,3.8297872340425534,0.6382978723404256,0.0,0.0,0.0,0.0,75.0,0.0,16.67,100.0,20.0,61.54,0.0,0.0,0.3277312467683487,0.0855649487148541,0.6382978723404256,3.191489361702128,0.1275378319148935,0.0,1.2765957446808511,1.2765957446808511,0.210880659574468,4.468085106382979,RW,50,88,50,75,62,38,100,88,88,75,25,50,25,75,100,50,38,88,88,100,75,38,62,62,62,75,50,50,100,50,75,50,38,100,25,75,62,100,25,75,62,100,75,50,88,50,50,62,25,100,75,88,75,25,50,25,62,100,50,38,75,75,100,62,38,62,62,62,75,50,50,100,50,75,50,38,100,25,62,38,100,25,75,50,75,50,2. Bundesliga
Hannover 96,5lidfwkteyu9dj9ysmdq2v4tk,7omchctl0wvwc9o76cfqmzca,B. Allgeier,Bastian Allgeier,24,Defender,Germany,Defender,59.0,34.0,9.0,93.0,1.0,0.0,0.0,0.0,0.0,5.0,3.0,0.0,2.0,179.0,0.0,0.0,0.0,2.0,0.0,0.0,0.0,0.0,0.0,0.0,0.0,0.0,86.92,64.29,0.0,0.0,0.0,55.56,0.0,50.0,0.0,0.0,0.0,0.0,0.0,0.0,0.0,0.0,0.0,0.0,29.664804469273744,17.094972067039105,4.5251396648044695,46.75977653631285,0.5027932960893855,0.0,0.0,0.0,0.0,2.5139664804469275,1.5083798882681565,0.0,1.005586592178771,0.0,0.0,0.0,1.005586592178771,0.0,0.0,0.0,0.0,0.0,0.0,0.0,0.0,86.92,64.29,0.0,0.0,0.0,55.56,0.0,50.0,0.0,0.0,0.0,0.0,0.0,0.0,0.0,0.0,0.0,0.0,CB,63,71,89,73,16,27,19,27,39,19,15,45,53,34,10,23,66,32,32,40,44,42,48,47,52,55,84,44,40,34,55,13,40,21,29,42,26,26,35,13,13,13,13,55,68,84,55,16,27,19,27,39,16,6,45,65,34,10,23,71,32,32,40,44,42,48,47,52,55,84,44,40,34,55,13,40,21,29,42,26,26,35,13,13,13,13,2. Bundesliga
Hannover 96,5lidfwkteyu9dj9ysmdq2v4tk,8tf2wxh1svnak3lh9nj4n0up6,J. Hugonet,Jean Hugonet,26,Defender,France,Defender,56.0,42.0,8.0,98.0,5.0,1.0,4.0,3.0,1.0,12.0,7.0,0.0,1.0,180.0,0.0,4.0,1.0,5.0,0.0,0.0,0.0,0.0,2.0,0.0,0.0,0.0,89.09,57.14,0.0,0.0,0.0,52.17,55.56,83.33,0.5188028905088452,0.0,1.0,3.0,0.05365788,0.0,15.0,17.0,0.23952998,55.0,28.0,21.0,4.0,49.0,2.5,0.5,2.0,1.5,0.5,6.0,3.5,0.0,0.5,0.0,2.0,0.5,2.5,0.0,0.0,0.0,0.0,1.0,0.0,0.0,0.0,89.09,57.14,0.0,0.0,0.0,52.17,55.56,83.33,0.2594014452544226,0.0,0.5,1.5,0.02682894,0.0,7.5,8.5,0.11976499,27.5,DM/CM,94,74,91,85,81,41,90,93,66,75,85,46,43,40,78,22,97,15,15,24,37,91,47,51,51,76,71,37,24,40,62,68,68,97,16,72,69,62,28,94,100,82,85,91,68,90,79,78,24,82,85,56,68,84,46,31,40,69,16,94,15,15,24,37,88,47,51,51,76,71,37,24,40,62,68,68,97,16,65,66,59,28,93,100,82,82,2. Bundesliga
Hannover 96,5lidfwkteyu9dj9ysmdq2v4tk,axd13jrtld0w44iypks2hl0x5,B. Tomiak,Boris Tomiak,27,Defender,Germany,Defender,54.0,31.0,4.0,85.0,3.0,3.0,0.0,0.0,0.0,7.0,4.0,0.0,4.0,141.0,0.0,1.0,1.0,1.0,3.0,3.0,2.0,0.0,0.0,0.0,0.0,0.0,88.54,33.33,0.0,66.67,0.0,53.85,0.0,100.0,0.0,0.1708756560711745,0.0,0.0,0.0,0.0,5.0,7.0,0.1637845499999999,57.0,34.46808510638298,19.78723404255319,2.5531914893617023,54.255319148936174,1.9148936170212767,1.9148936170212767,0.0,0.0,0.0,4.468085106382979,2.5531914893617023,0.0,2.5531914893617023,0.0,0.6382978723404256,0.6382978723404256,0.6382978723404256,1.9148936170212767,1.9148936170212767,1.2765957446808511,0.0,0.0,0.0,0.0,0.0,88.54,33.33,0.0,66.67,0.0,53.85,0.0,100.0,0.0,0.109069567705005,0.0,0.0,0.0,0.0,3.191489361702128,4.468085106382979,0.1045433297872339,36.38297872340426,CB,50,53,40,52,42,90,19,27,39,34,24,45,84,34,35,58,40,100,100,100,44,42,48,47,52,71,23,44,84,34,37,13,82,21,87,42,26,26,35,60,66,71,71,74,81,58,77,45,94,19,27,39,58,23,45,94,34,35,68,45,100,100,100,44,42,48,47,52,71,23,44,84,34,37,13,82,21,90,42,26,26,35,61,77,74,84,2. Bundesliga
Hannover 96,5lidfwkteyu9dj9ysmdq2v4tk,evqjfe6houcytpphsxecs7eg9,S. Þórðarson,Stefán Thórdarson,27,Midfielder,Iceland,Midfielder,42.0,25.0,8.0,66.0,0.0,4.0,4.0,1.0,3.0,5.0,1.0,0.0,3.0,180.0,1.0,2.0,3.0,2.0,0.0,0.0,0.0,1.0,0.0,0.0,0.0,0.0,83.54,80.0,50.0,0.0,25.0,41.67,0.0,100.0,0.2179360913281455,0.4499836053427077,2.0,3.0,0.06908799,1.0,6.0,9.0,0.4051217599999999,26.0,21.0,12.5,4.0,33.0,0.0,2.0,2.0,0.5,1.5,2.5,0.5,0.0,1.5,0.5,1.0,1.5,1.0,0.0,0.0,0.0,0.5,0.0,0.0,0.0,0.0,83.54,80.0,50.0,0.0,25.0,41.67,0.0,100.0,0.1089680456640727,0.2249918026713538,1.0,1.5,0.034543995,0.5,3.0,4.5,0.2025608799999999,13.0,DM/CM,72,35,91,44,10,88,90,54,96,24,16,46,85,84,46,76,49,15,15,24,84,31,47,51,51,41,88,88,24,79,31,15,85,74,94,93,69,68,66,54,79,94,37,62,24,90,35,10,84,82,46,93,15,7,46,79,81,38,63,38,15,15,24,76,31,47,51,51,41,88,88,24,79,31,15,85,65,94,87,66,68,57,53,78,94,29,2. Bundesliga
Hannover 96,5lidfwkteyu9dj9ysmdq2v4tk,f2ew09iry5vrew93i1gyg0ydw,K. Oudenne,Kolja Oudenne,24,Midfielder,Sweden,Midfielder,16.0,33.0,2.0,45.0,0.0,3.0,8.0,4.0,4.0,8.0,0.0,0.0,0.0,179.0,4.0,10.0,3.0,0.0,4.0,4.0,3.0,4.0,3.0,0.0,0.0,0.0,76.27,40.0,57.14,75.0,50.0,40.0,0.0,0.0,0.583256213656663,0.2088115324022139,6.0,2.0,0.09295442,1.0,4.0,8.0,0.26500575,20.0,8.044692737430168,16.59217877094972,1.005586592178771,22.625698324022345,0.0,1.5083798882681565,4.022346368715084,2.011173184357542,2.011173184357542,4.022346368715084,0.0,0.0,0.0,2.011173184357542,5.027932960893855,1.5083798882681565,0.0,2.011173184357542,2.011173184357542,1.5083798882681565,2.011173184357542,1.5083798882681565,0.0,0.0,0.0,76.27,40.0,57.14,75.0,50.0,40.0,0.0,0.0,0.2932573141290484,0.1049890386379846,3.016759776536313,1.005586592178771,0.046736859217877,0.5027932960893855,2.011173184357542,4.022346368715084,0.1332431145251396,10.05586592178771,LM/LCM,45,90,55,55,25,60,80,80,90,45,15,55,20,100,80,70,25,55,55,70,80,90,45,55,55,10,30,90,95,90,40,30,25,90,60,100,35,60,45,60,85,60,65,40,70,60,40,25,60,80,80,90,40,15,55,20,100,80,60,25,50,50,60,80,90,45,55,55,10,30,90,95,90,40,30,25,80,60,100,30,40,30,70,70,60,50,2. Bundesliga
Hannover 96,5lidfwkteyu9dj9ysmdq2v4tk,qooxolimrpdm50kl9woa6jje,W. Taïbi,Waniss Taïbi,24,Midfielder,France,Midfielder,20.0,47.0,1.0,67.0,1.0,2.0,1.0,0.0,1.0,9.0,0.0,0.0,3.0,180.0,0.0,6.0,1.0,3.0,6.0,6.0,3.0,0.0,1.0,0.0,0.0,0.0,77.91,50.0,0.0,50.0,0.0,52.94,33.33,75.0,0.0933277658112687,0.0961690685229408,1.0,6.0,0.15072058,1.0,9.0,7.0,0.1934994099999999,34.0,10.0,23.5,0.5,33.5,0.5,1.0,0.5,0.0,0.5,4.5,0.0,0.0,1.5,0.0,3.0,0.5,1.5,3.0,3.0,1.5,0.0,0.5,0.0,0.0,0.0,77.91,50.0,0.0,50.0,0.0,52.94,33.33,75.0,0.0466638829056343,0.0480845342614704,0.5,3.0,0.07536029,0.5,4.5,3.5,0.0967497049999999,17.0,CM/AM,80,80,38,90,78,52,28,22,45,82,25,42,92,38,88,25,92,95,92,88,28,50,40,52,50,50,60,28,57,38,57,68,65,45,35,55,88,80,38,88,55,55,95,65,70,28,75,65,38,10,22,18,50,25,42,90,38,75,15,70,90,90,80,28,40,40,52,50,50,60,28,57,38,57,68,65,35,15,38,75,75,30,75,20,50,85,2. Bundesliga
Hertha BSC,f0w62l8zql3tukxsy8fqwp72x,42kmidg5d2k528c6wxoo71muh,N. Kolbe,Niklas Kolbe,29,Defender,Germany,Defender,54.0,20.0,9.0,74.0,7.0,2.0,0.0,0.0,0.0,16.0,11.0,0.0,2.0,180.0,0.0,0.0,4.0,2.0,1.0,1.0,1.0,0.0,0.0,0.0,0.0,0.0,85.06,60.0,0.0,100.0,0.0,64.0,46.67,40.0,0.0,0.1187867928156579,0.0,0.0,0.0,0.0,3.0,3.0,0.0828917,18.0,27.0,10.0,4.5,37.0,3.5,1.0,0.0,0.0,0.0,8.0,5.5,0.0,1.0,0.0,0.0,2.0,1.0,0.5,0.5,0.5,0.0,0.0,0.0,0.0,0.0,85.06,60.0,0.0,100.0,0.0,64.0,46.67,40.0,0.0,0.0593933964078289,0.0,0.0,0.0,0.0,1.5,1.5,0.04144585,9.0,LB/LCB,79,21,95,68,100,63,26,37,32,97,100,50,63,42,11,87,61,32,32,55,21,37,47,53,53,84,84,21,95,42,79,53,32,26,42,37,13,13,16,26,21,11,18,71,16,84,53,100,58,26,37,32,95,89,50,58,42,11,84,53,26,26,47,21,37,47,53,53,84,84,21,95,42,79,53,32,26,42,37,13,13,16,24,16,11,16,2. Bundesliga
Hertha BSC,f0w62l8zql3tukxsy8fqwp72x,5nqi00ylwluros9d7dh18lw8a,K. Sessa,Kevin Sessa,26,Midfielder,Germany,Midfielder,17.0,22.0,2.0,39.0,0.0,4.0,4.0,2.0,2.0,5.0,3.0,0.0,1.0,173.0,0.0,5.0,3.0,1.0,2.0,2.0,1.0,0.0,1.0,0.0,0.0,0.0,75.0,50.0,0.0,50.0,0.0,45.45,0.0,100.0,0.336764934672534,0.1074043745595517,2.0,1.0,0.01935132,0.0,3.0,2.0,0.04353722,16.0,8.84393063583815,11.445086705202312,1.0404624277456649,20.289017341040463,0.0,2.0809248554913293,2.0809248554913293,1.0404624277456649,1.0404624277456649,2.601156069364162,1.560693641618497,0.0,0.5202312138728323,0.0,2.601156069364162,1.560693641618497,0.5202312138728323,1.0404624277456649,1.0404624277456649,0.5202312138728323,0.0,0.5202312138728323,0.0,0.0,0.0,75.0,50.0,0.0,50.0,0.0,45.45,0.0,100.0,0.1751956307544974,0.0558751081523679,1.0404624277456649,0.5202312138728323,0.0100671606936416,0.0,1.560693641618497,1.0404624277456649,0.0226494208092485,8.323699421965317,DM/CM,12,19,35,12,10,88,90,76,85,24,44,46,43,40,91,76,28,63,62,60,37,74,47,51,51,15,54,37,63,40,41,15,85,88,62,93,41,38,28,28,24,26,24,9,15,32,9,10,91,88,76,82,18,44,46,44,40,85,68,29,59,56,59,37,71,47,51,51,15,54,37,63,40,41,15,85,85,62,91,38,35,28,24,24,24,21,2. Bundesliga
Hertha BSC,f0w62l8zql3tukxsy8fqwp72x,5uro3xukpb1lsnwepj06lgzit,D. Zeefuik,Deyovaisio Zeefuik,28,Defender,Suriname,Defender,19.0,21.0,1.0,39.0,4.0,2.0,2.0,0.0,2.0,9.0,3.0,1.0,4.0,178.0,1.0,3.0,3.0,1.0,0.0,0.0,0.0,1.0,0.0,0.0,0.0,0.0,84.78,100.0,33.33,0.0,50.0,60.0,66.67,33.33,0.6789892913017513,0.1571573930273579,1.0,1.0,0.02122129,0.0,2.0,6.0,0.1759099999999999,21.0,9.606741573033707,10.617977528089888,0.5056179775280899,19.719101123595504,2.02247191011236,1.0112359550561798,1.0112359550561798,0.0,1.0112359550561798,4.550561797752809,1.5168539325842696,0.5056179775280899,2.02247191011236,0.5056179775280899,1.5168539325842696,1.5168539325842696,0.5056179775280899,0.0,0.0,0.0,0.5056179775280899,0.0,0.0,0.0,0.0,84.78,100.0,33.33,0.0,50.0,60.0,66.67,33.33,0.3433091922312226,0.0794616032160798,0.5056179775280899,0.5056179775280899,0.010729865730337,0.0,1.0112359550561798,3.033707865168539,0.0889432584269662,10.617977528089888,CB,6,23,8,3,58,81,81,27,98,71,15,95,84,82,79,87,40,32,32,40,90,42,48,47,52,39,100,90,40,77,68,87,29,100,84,89,58,65,35,37,58,74,26,6,16,6,3,65,84,87,27,100,68,10,97,87,94,84,84,39,32,32,40,94,42,48,47,52,39,100,90,40,77,68,87,29,100,84,94,61,65,35,42,55,58,26,2. Bundesliga
Hertha BSC,f0w62l8zql3tukxsy8fqwp72x,602fyni27c129xjs9ziyn5as5,P. Seguin,Paul Seguin,31,Midfielder,Germany,Midfielder,36.0,37.0,5.0,73.0,1.0,3.0,0.0,0.0,0.0,2.0,3.0,0.0,2.0,176.0,0.0,0.0,1.0,0.0,0.0,0.0,0.0,0.0,0.0,0.0,0.0,0.0,84.88,55.56,0.0,0.0,0.0,33.33,50.0,0.0,0.0,0.0,0.0,0.0,0.0,0.0,0.0,0.0,0.0,0.0,18.40909090909091,18.920454545454547,2.556818181818182,37.32954545454545,0.5113636363636364,1.5340909090909092,0.0,0.0,0.0,1.0227272727272727,1.5340909090909092,0.0,1.0227272727272727,0.0,0.0,0.5113636363636364,0.0,0.0,0.0,0.0,0.0,0.0,0.0,0.0,0.0,84.88,55.56,0.0,0.0,0.0,33.33,50.0,0.0,0.0,0.0,0.0,0.0,0.0,0.0,0.0,0.0,0.0,0.0,DM/CM,54,68,65,51,34,79,13,21,26,4,44,46,68,40,13,22,10,15,15,24,37,31,47,51,51,47,68,37,24,40,12,56,10,13,16,31,16,16,28,7,9,7,7,47,62,59,41,29,76,13,21,26,6,41,46,71,40,13,24,10,15,15,24,37,31,47,51,51,47,68,37,24,40,12,56,10,13,16,31,16,16,28,7,9,7,7,2. Bundesliga
Hertha BSC,f0w62l8zql3tukxsy8fqwp72x,9ae74f9dlbqo92m4geu9v8c4q,L. Gechter,Linus Gechter,22,Defender,Germany,Defender,60.0,34.0,6.0,94.0,4.0,0.0,2.0,1.0,1.0,11.0,15.0,0.0,4.0,180.0,1.0,4.0,1.0,6.0,0.0,0.0,0.0,0.0,0.0,0.0,0.0,0.0,87.04,50.0,0.0,0.0,50.0,64.71,57.14,100.0,0.1008860643595073,0.0,2.0,0.0,0.0,0.0,2.0,3.0,0.1457158099999999,68.0,30.0,17.0,3.0,47.0,2.0,0.0,1.0,0.5,0.5,5.5,7.5,0.0,2.0,0.5,2.0,0.5,3.0,0.0,0.0,0.0,0.0,0.0,0.0,0.0,0.0,87.04,50.0,0.0,0.0,50.0,64.71,57.14,100.0,0.0504430321797536,0.0,1.0,0.0,0.0,0.0,1.0,1.5,0.0728579049999999,34.0,CB,73,71,68,77,58,27,81,66,85,95,87,45,84,82,90,58,100,32,32,40,44,42,48,47,52,58,60,44,40,77,81,56,82,55,29,98,26,26,35,37,32,55,94,60,60,63,58,55,27,73,63,84,82,84,45,81,79,90,53,100,32,32,40,44,42,48,47,52,58,60,44,40,77,81,56,82,52,29,98,26,26,35,35,31,45,81,2. Bundesliga
Hertha BSC,f0w62l8zql3tukxsy8fqwp72x,d6jr00cgfoj4wd6aathyfbl04,S. Gouram,Soufian Gouram,20,Midfielder,Estonia,Midfielder,4.0,21.0,0.0,25.0,1.0,1.0,4.0,2.0,2.0,7.0,0.0,0.0,0.0,127.0,0.0,3.0,3.0,0.0,8.0,9.0,2.0,0.0,2.0,1.0,0.0,0.0,67.57,0.0,0.0,25.0,0.0,35.0,33.33,0.0,0.2963525852686719,0.0858768282024356,2.0,4.0,0.08745963,2.0,6.0,5.0,0.0791164099999999,10.0,2.8346456692913384,14.881889763779526,0.0,17.716535433070867,0.7086614173228346,0.7086614173228346,2.8346456692913384,1.4173228346456692,1.4173228346456692,4.960629921259843,0.0,0.0,0.0,0.0,2.125984251968504,2.125984251968504,0.0,5.669291338582677,6.377952755905511,1.4173228346456692,0.0,1.4173228346456692,0.7086614173228346,0.0,0.0,67.57,0.0,0.0,25.0,0.0,35.0,33.33,0.0,0.2100136431037832,0.0608575947891275,1.4173228346456692,2.8346456692913384,0.0619792653543307,1.4173228346456692,4.251968503937007,3.543307086614173,0.0560667472440944,7.086614173228346,CM/AM,10,20,12,20,78,22,78,82,82,52,25,42,22,38,45,65,18,100,100,70,28,78,90,52,50,15,12,28,40,38,20,68,18,70,20,85,52,50,68,48,25,15,8,10,20,12,15,80,30,75,85,85,65,25,42,22,38,55,70,18,100,100,75,28,90,95,52,50,15,12,28,40,38,20,68,18,75,35,90,70,55,85,70,25,15,5,2. Bundesliga
Hertha BSC,f0w62l8zql3tukxsy8fqwp72x,dagqmnyits33v1tnw02w3mk4q,J. Eitschberger,Julian Eitschberger,22,Defender,Germany,Defender,18.0,12.0,1.0,29.0,2.0,1.0,2.0,0.0,2.0,17.0,12.0,0.0,1.0,169.0,0.0,1.0,7.0,2.0,7.0,7.0,5.0,1.0,2.0,0.0,0.0,0.0,67.44,14.29,25.0,71.43,0.0,65.38,40.0,66.67,0.1133135695582174,0.1430342400979819,2.0,1.0,0.02401521,1.0,2.0,1.0,0.09968984,9.0,9.585798816568047,6.390532544378698,0.5325443786982249,15.44378698224852,1.0650887573964498,0.5325443786982249,1.0650887573964498,0.0,1.0650887573964498,9.053254437869825,6.390532544378698,0.0,0.5325443786982249,0.0,0.5325443786982249,3.727810650887574,1.0650887573964498,3.727810650887574,3.727810650887574,2.662721893491124,0.5325443786982249,1.0650887573964498,0.0,0.0,0.0,67.44,14.29,25.0,71.43,0.0,65.38,40.0,66.67,0.0603445044984589,0.0761720805255525,1.0650887573964498,0.5325443786982249,0.0127891650887573,0.5325443786982249,1.0650887573964498,0.5325443786982249,0.0530892639053254,4.792899408284024,RB/RCB,36,5,31,14,62,48,62,19,83,100,98,50,43,38,29,100,45,100,100,100,71,90,43,50,52,10,29,71,76,38,76,38,43,38,71,86,40,50,43,24,14,19,19,24,5,33,10,62,38,67,19,81,95,100,50,38,38,19,100,38,100,100,100,71,90,43,50,52,10,29,71,76,38,76,38,43,38,76,81,48,48,45,24,14,19,19,2. Bundesliga
Hertha BSC,f0w62l8zql3tukxsy8fqwp72x,dn8qd3thtswisleeesyk0oxrd,S. Grønning,Sebastian Grønning,29,Attacker,Denmark,Striker,5.0,15.0,0.0,20.0,7.0,2.0,4.0,4.0,0.0,12.0,4.0,2.0,0.0,127.0,2.0,7.0,2.0,2.0,1.0,1.0,0.0,0.0,0.0,0.0,0.0,0.0,68.97,0.0,0.0,0.0,50.0,48.0,46.67,66.67,0.5641773446088905,0.1200432350516917,0.0,1.0,0.02385149,0.0,2.0,0.0,0.01407315,8.0,3.543307086614173,10.62992125984252,0.0,14.173228346456693,4.960629921259843,1.4173228346456692,2.8346456692913384,2.8346456692913384,0.0,8.503937007874015,2.8346456692913384,1.4173228346456692,0.0,1.4173228346456692,4.960629921259843,1.4173228346456692,1.4173228346456692,0.7086614173228346,0.7086614173228346,0.0,0.0,0.0,0.0,0.0,0.0,68.97,0.0,0.0,0.0,50.0,48.0,46.67,66.67,0.3998107166519696,0.08507000909175,0.0,0.7086614173228346,0.0169026307086614,0.0,1.4173228346456692,0.0,0.0099730984251968,5.669291338582677,ST,23,55,27,32,93,62,52,63,15,85,93,87,37,58,53,60,93,35,35,20,42,25,38,52,52,23,27,42,20,63,73,67,77,60,50,15,35,33,27,62,10,10,55,27,60,27,57,93,70,57,70,15,97,100,93,37,60,70,67,100,43,43,20,42,25,38,52,52,23,27,42,20,63,73,67,77,67,60,15,40,37,27,67,10,17,63,2. Bundesliga
Hertha BSC,f0w62l8zql3tukxsy8fqwp72x,ec04djw7dspowrm7h7wr6e5ed,J. Brekalo,Josip Brekalo,28,Attacker,Croatia,Striker,18.0,37.0,2.0,52.0,2.0,6.0,3.0,3.0,0.0,15.0,1.0,0.0,1.0,176.0,1.0,13.0,4.0,2.0,9.0,9.0,7.0,3.0,2.0,1.0,0.0,0.0,88.14,28.57,30.0,77.78,33.33,50.0,40.0,100.0,0.208873989751688,0.491704949849072,2.0,9.0,0.20626959,4.0,2.0,5.0,0.38124338,19.0,9.204545454545457,18.920454545454547,1.0227272727272727,26.590909090909093,1.0227272727272727,3.0681818181818183,1.5340909090909092,1.5340909090909092,0.0,7.670454545454546,0.5113636363636364,0.0,0.5113636363636364,0.5113636363636364,6.647727272727273,2.0454545454545454,1.0227272727272727,4.602272727272728,4.602272727272728,3.5795454545454546,1.5340909090909092,1.0227272727272727,0.5113636363636364,0.0,0.0,88.14,28.57,30.0,77.78,33.33,50.0,40.0,100.0,0.1068105629412041,0.2514400311728209,1.0227272727272727,4.602272727272728,0.1054787676136363,2.0454545454545454,1.0227272727272727,2.556818181818182,0.1949540011363636,9.715909090909092,LW,62,88,69,62,88,75,88,88,44,100,31,44,56,56,100,100,75,100,100,100,94,100,81,56,56,75,50,75,88,38,75,88,88,88,75,94,81,75,94,44,56,62,88,62,62,75,38,88,75,62,62,44,88,38,44,50,50,100,88,62,88,88,100,88,100,75,56,56,75,50,75,88,38,75,88,88,62,75,100,75,62,88,38,50,50,75,2. Bundesliga
Karlsruher SC,aojwbjr39s1w2mcd9l2bf2dhk,18oyd3rz9q0jijtdzpl582ns9,C. Kobald,Christoph Kobald,29,Defender,Austria,Defender,57.0,33.0,3.0,90.0,2.0,0.0,2.0,0.0,2.0,8.0,14.0,0.0,4.0,180.0,1.0,2.0,1.0,3.0,1.0,2.0,1.0,0.0,0.0,0.0,1.0,0.0,87.38,27.27,0.0,100.0,50.0,47.06,40.0,75.0,0.0985817358340613,0.0,2.0,2.0,0.04101768,1.0,6.0,7.0,0.12762489,56.0,28.5,16.5,1.5,45.0,1.0,0.0,1.0,0.0,1.0,4.0,7.0,0.0,2.0,0.5,1.0,0.5,1.5,0.5,1.0,0.5,0.0,0.0,0.0,0.5,0.0,87.38,27.27,0.0,100.0,50.0,47.06,40.0,75.0,0.0492908679170306,0.0,1.0,1.0,0.02050884,0.5,3.0,3.5,0.063812445,28.0,CB,55,60,26,63,27,27,81,27,98,53,79,45,84,82,61,58,84,77,94,89,44,42,48,97,52,61,10,44,94,77,19,32,60,52,29,98,74,74,79,68,66,45,68,42,50,21,45,24,27,73,27,95,45,77,45,81,79,58,53,79,73,92,85,44,42,48,97,52,61,10,44,94,77,19,32,60,48,29,98,73,74,76,56,61,39,61,2. Bundesliga
Karlsruher SC,aojwbjr39s1w2mcd9l2bf2dhk,32yloi4j3lfxlxkj2bkbh1gd0,N. Eichinger,Noel Eichinger,25,Attacker,Germany,Striker,9.0,26.0,2.0,34.0,1.0,7.0,1.0,1.0,0.0,9.0,1.0,0.0,1.0,179.0,0.0,4.0,3.0,1.0,5.0,5.0,1.0,1.0,0.0,0.0,0.0,0.0,69.39,50.0,100.0,20.0,0.0,40.91,25.0,25.0,0.1004224195150589,0.667820030444866,0.0,3.0,0.09334434,0.0,3.0,7.0,0.45194555,18.0,4.5251396648044695,13.07262569832402,1.005586592178771,17.094972067039105,0.5027932960893855,3.519553072625698,0.5027932960893855,0.5027932960893855,0.0,4.5251396648044695,0.5027932960893855,0.0,0.5027932960893855,0.0,2.011173184357542,1.5083798882681565,0.5027932960893855,2.5139664804469275,2.5139664804469275,0.5027932960893855,0.5027932960893855,0.0,0.0,0.0,0.0,69.39,50.0,100.0,20.0,0.0,40.91,25.0,25.0,0.0504917193092474,0.3357754343018879,0.0,1.5083798882681565,0.0469329083798882,0.0,1.5083798882681565,3.519553072625698,0.2272351927374301,9.05027932960894,LW,44,50,69,38,62,88,19,38,44,69,31,44,56,19,44,75,38,56,50,38,56,50,38,56,56,12,69,100,38,19,50,69,25,38,88,38,31,25,19,69,88,75,69,12,38,62,25,56,88,12,25,44,62,19,44,31,19,38,50,31,50,50,38,50,50,38,56,56,12,69,100,38,19,50,69,25,25,88,38,25,25,19,62,75,62,50,2. Bundesliga
Karlsruher SC,aojwbjr39s1w2mcd9l2bf2dhk,4749x4vbxm1b56hbm27cy9o7p,M. Wanitzek,Marvin Wanitzek,33,Midfielder,Germany,Midfielder,25.0,55.0,3.0,74.0,3.0,9.0,9.0,3.0,6.0,11.0,1.0,0.0,3.0,180.0,3.0,11.0,4.0,2.0,7.0,7.0,1.0,6.0,2.0,2.0,0.0,0.0,82.22,60.0,28.57,14.29,33.33,50.0,50.0,66.67,0.5565191651152053,0.818915560957083,4.0,7.0,0.2105294499999999,4.0,4.0,6.0,0.34358993,29.0,12.5,27.5,1.5,37.0,1.5,4.5,4.5,1.5,3.0,5.5,0.5,0.0,1.5,1.5,5.5,2.0,1.0,3.5,3.5,0.5,3.0,1.0,1.0,0.0,0.0,82.22,60.0,28.57,14.29,33.33,50.0,50.0,66.67,0.2782595825576026,0.4094577804785415,2.0,3.5,0.1052647249999999,2.0,2.0,3.0,0.171794965,14.5,LM/LCM,70,100,75,80,85,100,90,70,100,100,40,55,95,85,90,90,90,80,80,45,100,70,100,55,55,50,60,70,40,75,60,75,70,80,100,85,90,90,100,60,55,80,80,70,100,70,70,85,100,90,70,100,70,30,55,90,80,90,90,80,80,80,40,100,60,100,55,55,50,60,70,40,75,60,75,70,70,100,80,90,90,100,55,45,80,80,2. Bundesliga
Karlsruher SC,aojwbjr39s1w2mcd9l2bf2dhk,7ljltttfi77o87y9e8me9vzf8,K. Wiethaup,Kevin Wiethaup,21,Midfielder,Germany,Midfielder,16.0,33.0,0.0,48.0,1.0,1.0,1.0,0.0,1.0,5.0,0.0,0.0,0.0,90.0,0.0,1.0,1.0,2.0,1.0,1.0,1.0,1.0,0.0,0.0,0.0,0.0,85.71,0.0,100.0,100.0,0.0,71.43,50.0,100.0,0.0386798003699511,0.0496179568748637,1.0,6.0,0.12301906,3.0,6.0,5.0,0.29245317,25.0,16.0,33.0,0.0,48.0,1.0,1.0,1.0,0.0,1.0,5.0,0.0,0.0,0.0,0.0,1.0,1.0,2.0,1.0,1.0,1.0,1.0,0.0,0.0,0.0,0.0,85.71,0.0,100.0,100.0,0.0,71.43,50.0,100.0,0.0386798003699511,0.0496179568748637,1.0,6.0,0.12301906,3.0,6.0,5.0,0.29245317,25.0,CM/AM,62,62,12,55,78,22,28,22,45,35,25,42,22,38,20,25,72,22,22,50,68,20,40,52,50,92,12,100,92,38,95,85,85,10,15,55,88,70,95,48,25,65,60,95,100,12,100,90,38,45,22,72,70,25,42,22,38,25,38,92,32,32,60,78,20,40,52,50,92,12,100,92,38,95,85,85,30,25,75,100,100,100,90,75,95,100,2. Bundesliga
Karlsruher SC,aojwbjr39s1w2mcd9l2bf2dhk,80nniieqtuwjhomwjcebnxyzu,L. Egloff,Lilian Egloff,24,Midfielder,Germany,Midfielder,15.0,10.0,1.0,25.0,1.0,0.0,5.0,3.0,2.0,8.0,1.0,0.0,1.0,90.0,2.0,6.0,2.0,3.0,1.0,1.0,1.0,0.0,0.0,0.0,0.0,0.0,69.44,50.0,0.0,100.0,40.0,72.73,0.0,75.0,0.3402662752674248,0.0,1.0,1.0,0.02385149,0.0,1.0,1.0,0.02489218,9.0,15.0,10.0,1.0,25.0,1.0,0.0,5.0,3.0,2.0,8.0,1.0,0.0,1.0,2.0,6.0,2.0,3.0,1.0,1.0,1.0,0.0,0.0,0.0,0.0,0.0,69.44,50.0,0.0,100.0,40.0,72.73,0.0,75.0,0.3402662752674248,0.0,1.0,1.0,0.02385149,0.0,1.0,1.0,0.02489218,9.0,RM/RCM,50,25,25,38,88,25,50,50,75,50,100,38,75,38,62,38,100,25,25,50,50,38,50,62,62,25,50,50,100,25,100,50,75,50,25,50,25,25,25,25,25,25,25,100,50,25,75,100,25,75,75,100,100,100,38,100,75,75,50,100,25,25,50,50,38,50,62,62,25,50,50,100,25,100,50,75,75,25,75,25,25,25,25,25,25,50,2. Bundesliga
Karlsruher SC,aojwbjr39s1w2mcd9l2bf2dhk,8lrj5szdkc8k01idjqbnqapcl,M. Franke,Marcel Franke,33,Defender,Germany,Defender,60.0,37.0,3.0,97.0,6.0,0.0,2.0,2.0,0.0,10.0,14.0,0.0,2.0,135.0,1.0,6.0,3.0,1.0,0.0,0.0,0.0,0.0,1.0,0.0,0.0,0.0,88.18,42.86,0.0,0.0,50.0,52.63,50.0,100.0,0.2766415780216951,0.0,0.0,3.0,0.06333723,1.0,9.0,8.0,0.13732322,65.0,40.0,24.666666666666668,2.0,64.66666666666667,4.0,0.0,1.3333333333333333,1.3333333333333333,0.0,6.666666666666667,9.333333333333334,0.0,1.3333333333333333,0.6666666666666666,4.0,2.0,0.6666666666666666,0.0,0.0,0.0,0.0,0.6666666666666666,0.0,0.0,0.0,88.18,42.86,0.0,0.0,50.0,52.63,50.0,100.0,0.18442771868113,0.0,0.0,2.0,0.0422248199999999,0.6666666666666666,6.0,5.333333333333333,0.0915488133333333,43.333333333333336,CB,73,85,26,82,79,27,81,87,39,84,79,45,53,82,98,87,40,32,32,40,44,92,48,47,52,65,44,44,40,77,23,48,82,90,29,42,89,87,79,87,77,52,85,89,84,35,90,92,27,94,94,39,95,90,45,68,97,100,92,50,32,32,40,44,100,48,47,52,65,44,44,40,77,23,48,82,90,29,42,87,87,84,87,90,65,90,2. Bundesliga
Karlsruher SC,aojwbjr39s1w2mcd9l2bf2dhk,8vfi7j34a5veeyswn5g5h4tbe,M. Broschinski,Moritz Broschinski,25,Attacker,Germany,Striker,4.0,13.0,0.0,17.0,4.0,3.0,8.0,6.0,2.0,8.0,2.0,2.0,0.0,134.0,5.0,12.0,0.0,0.0,3.0,3.0,3.0,0.0,2.0,0.0,0.0,0.0,85.0,0.0,0.0,100.0,62.5,57.14,50.0,0.0,0.9659648680514829,0.2267993325780613,2.0,4.0,0.22879093,2.0,0.0,1.0,0.0155043,7.0,2.686567164179104,8.73134328358209,0.0,11.417910447761194,2.686567164179104,2.014925373134328,5.3731343283582085,4.029850746268656,1.343283582089552,5.3731343283582085,1.343283582089552,1.343283582089552,0.0,3.3582089552238803,8.059701492537313,0.0,0.0,2.014925373134328,2.014925373134328,2.014925373134328,0.0,1.343283582089552,0.0,0.0,0.0,85.0,0.0,0.0,100.0,62.5,57.14,50.0,0.0,0.6487823740644287,0.1523279099404889,1.343283582089552,2.686567164179104,0.15366555,1.343283582089552,0.0,0.6716417910447761,0.0104133358208955,4.701492537313433,ST,15,43,27,25,80,80,80,77,83,65,77,87,37,88,90,15,25,57,55,82,42,83,38,52,52,93,27,42,95,78,83,75,25,87,77,77,80,97,82,12,32,17,43,13,50,27,30,80,83,97,90,90,70,83,90,37,97,97,15,25,63,63,87,42,90,38,52,52,93,27,42,95,78,83,75,25,93,73,83,83,100,90,12,40,20,50,2. Bundesliga
Karlsruher SC,aojwbjr39s1w2mcd9l2bf2dhk,9cv50yjyt18vfojkiw0p0jbpw,D. Zor,Danyal Zor,19,Midfielder,Germany,Midfielder,29.0,40.0,1.0,69.0,1.0,1.0,0.0,0.0,0.0,6.0,1.0,0.0,1.0,155.0,0.0,0.0,2.0,0.0,2.0,2.0,2.0,0.0,0.0,0.0,0.0,0.0,88.46,33.33,0.0,100.0,0.0,40.0,33.33,0.0,0.0,0.0405367722968637,0.0,4.0,0.076188,0.0,8.0,4.0,0.0651216499999999,27.0,16.838709677419352,23.2258064516129,0.5806451612903225,40.064516129032256,0.5806451612903225,0.5806451612903225,0.0,0.0,0.0,3.4838709677419355,0.5806451612903225,0.0,0.5806451612903225,0.0,0.0,1.161290322580645,0.0,1.161290322580645,1.161290322580645,1.161290322580645,0.0,0.0,0.0,0.0,0.0,88.46,33.33,0.0,100.0,0.0,40.0,33.33,0.0,0.0,0.0235374806885015,0.0,2.32258064516129,0.044238193548387,0.0,4.64516129032258,2.32258064516129,0.0378125709677418,15.677419354838708,DM/CM,37,71,16,47,34,41,13,21,26,35,16,46,43,40,13,51,10,63,62,84,37,31,47,51,51,74,28,37,91,40,26,43,10,13,35,31,79,76,28,66,38,29,41,41,74,18,53,41,59,13,21,26,35,21,46,53,40,13,59,10,68,68,88,37,31,47,51,51,74,28,37,91,40,26,43,10,13,38,31,79,79,28,68,35,29,41,2. Bundesliga
Karlsruher SC,aojwbjr39s1w2mcd9l2bf2dhk,enpkvxwcyv4sqfzulxwmvxmac,D. Ofli,Deniz Ofli,19,Defender,Türkiye,Defender,40.0,20.0,5.0,59.0,2.0,1.0,1.0,0.0,1.0,10.0,4.0,0.0,0.0,149.0,0.0,1.0,0.0,4.0,5.0,5.0,3.0,1.0,0.0,0.0,0.0,0.0,79.73,41.67,100.0,60.0,0.0,62.5,0.0,80.0,0.0543382418244206,0.1478133667679114,1.0,3.0,0.0536972,0.0,4.0,3.0,0.0893345899999999,27.0,24.16107382550336,12.08053691275168,3.02013422818792,35.63758389261745,1.2080536912751678,0.6040268456375839,0.6040268456375839,0.0,0.6040268456375839,6.04026845637584,2.416107382550336,0.0,0.0,0.0,0.6040268456375839,0.0,2.416107382550336,3.02013422818792,3.02013422818792,1.812080536912752,0.6040268456375839,0.0,0.0,0.0,0.0,79.73,41.67,100.0,60.0,0.0,62.5,0.0,80.0,0.032821756806697,0.0892832416718928,0.6040268456375839,1.812080536912752,0.0324345503355704,0.0,2.416107382550336,1.812080536912752,0.0539604906040267,16.308724832214764,LB/LCB,63,21,58,42,50,34,63,37,76,76,42,50,16,42,34,18,97,97,97,97,53,37,47,53,53,37,42,100,68,42,74,16,79,63,53,84,68,63,16,45,21,16,42,63,32,68,42,58,42,74,37,84,89,47,50,16,42,37,18,100,100,100,100,58,37,47,53,53,37,42,100,68,42,74,16,79,63,53,89,68,68,16,42,26,16,42,2. Bundesliga
Karlsruher SC,aojwbjr39s1w2mcd9l2bf2dhk,exv3nnlltc7h6s5jtdad5k9hw,R. Pinto Pedrosa,Rafael Pinto Pedrosa,18,Defender,Germany,Defender,3.0,25.0,0.0,28.0,2.0,1.0,3.0,1.0,2.0,10.0,1.0,0.0,2.0,168.0,1.0,7.0,3.0,2.0,4.0,4.0,2.0,0.0,0.0,0.0,0.0,0.0,84.85,0.0,0.0,50.0,33.33,52.63,66.67,66.67,0.214532494459485,0.0652345565479999,2.0,4.0,0.09079976,2.0,3.0,5.0,0.10679199,11.0,1.6071428571428572,13.392857142857142,0.0,15.0,1.0714285714285714,0.5357142857142857,1.6071428571428572,0.5357142857142857,1.0714285714285714,5.357142857142857,0.5357142857142857,0.0,1.0714285714285714,0.5357142857142857,3.75,1.6071428571428572,1.0714285714285714,2.142857142857143,2.142857142857143,1.0714285714285714,0.0,0.0,0.0,0.0,0.0,84.85,0.0,0.0,50.0,33.33,52.63,66.67,66.67,0.1149281220318669,0.0349470838649999,1.0714285714285714,2.142857142857143,0.0486427285714285,1.0714285714285714,1.6071428571428572,2.6785714285714284,0.0572099946428571,5.892857142857142,RB/RCB,5,45,14,10,62,48,79,62,83,69,14,50,74,88,100,86,45,90,90,88,31,33,43,50,52,57,14,31,60,79,38,86,43,76,38,86,93,86,71,40,45,24,24,5,33,14,5,67,43,81,62,86,71,10,50,86,90,100,81,43,90,86,86,31,33,43,50,52,57,14,31,60,79,38,86,43,81,38,86,90,81,67,38,52,24,24,2. Bundesliga
Karlsruher SC,aojwbjr39s1w2mcd9l2bf2dhk,znl4pu034okfvsqah5za29xx,S. Jung,Sebastian Jung,36,Defender,Germany,Defender,21.0,33.0,0.0,53.0,1.0,1.0,2.0,2.0,0.0,8.0,7.0,0.0,0.0,180.0,1.0,3.0,2.0,4.0,1.0,1.0,1.0,1.0,0.0,0.0,0.0,0.0,76.81,0.0,33.33,100.0,50.0,66.67,50.0,100.0,0.1499947935343454,0.1220476355081156,0.0,1.0,0.01870347,0.0,3.0,4.0,0.1383175099999999,22.0,10.5,16.5,0.0,26.5,0.5,0.5,1.0,1.0,0.0,4.0,3.5,0.0,0.0,0.5,1.5,1.0,2.0,0.5,0.5,0.5,0.5,0.0,0.0,0.0,0.0,76.81,0.0,33.33,100.0,50.0,66.67,50.0,100.0,0.0749973967671727,0.0610238177540578,0.0,0.5,0.009351735,0.0,1.5,2.0,0.0691587549999999,11.0,RB/RCB,45,79,14,71,26,48,62,90,26,45,64,50,14,88,79,71,86,38,38,64,71,33,43,50,52,29,14,81,90,86,86,64,83,62,67,29,40,24,14,40,31,48,57,33,64,14,52,5,24,57,90,26,38,64,50,14,81,76,69,83,31,31,55,64,33,43,50,52,29,14,81,90,86,86,64,83,62,62,29,33,24,14,33,26,43,38,2. Bundesliga
Holstein Kiel,6zwg0wxjie31da2i4wwh2h4ho,2r0o55zkda9zi7zg77i2i7fv8,H. Sekine,Hiroki Sekine,24,Defender,Japan,Defender,82.0,42.0,6.0,123.0,6.0,1.0,3.0,1.0,2.0,10.0,10.0,0.0,1.0,180.0,0.0,3.0,1.0,3.0,1.0,1.0,0.0,1.0,0.0,0.0,0.0,0.0,90.44,54.55,33.33,0.0,0.0,66.67,75.0,100.0,0.223067987048722,0.1507612425959162,1.0,1.0,0.02401521,3.0,11.0,12.0,0.32639511,68.0,41.0,21.0,3.0,61.5,3.0,0.5,1.5,0.5,1.0,5.0,5.0,0.0,0.5,0.0,1.5,0.5,1.5,0.5,0.5,0.0,0.5,0.0,0.0,0.0,0.0,90.44,54.55,33.33,0.0,0.0,66.67,75.0,100.0,0.111533993524361,0.0753806212979581,0.5,0.5,0.012007605,1.5,5.5,6.0,0.163197555,34.0,RB/RCB,100,90,93,100,95,48,79,62,83,69,81,50,43,38,79,43,71,38,38,24,71,33,43,50,52,100,71,81,24,38,86,98,83,81,81,64,40,50,86,95,100,81,95,100,71,93,100,95,24,74,45,76,64,81,50,31,38,76,31,67,31,31,24,64,33,43,50,52,100,71,81,24,38,86,98,83,76,71,60,33,43,81,95,95,71,95,2. Bundesliga
Holstein Kiel,6zwg0wxjie31da2i4wwh2h4ho,36b4jkncdieq9yryo32wk5d78,G. Balzi,Guillermo Balzi,25,Midfielder,Argentina,Midfielder,24.0,58.0,4.0,80.0,0.0,7.0,6.0,4.0,2.0,13.0,0.0,1.0,1.0,164.0,3.0,5.0,6.0,1.0,9.0,9.0,5.0,2.0,2.0,0.0,0.0,0.0,89.89,100.0,20.0,55.56,50.0,46.43,0.0,50.0,0.5596886116888885,0.5531997282865283,1.0,15.0,0.3528384099999999,5.0,5.0,8.0,0.2156773099999999,40.0,13.170731707317074,31.82926829268293,2.1951219512195124,43.90243902439025,0.0,3.841463414634146,3.292682926829269,2.1951219512195124,1.0975609756097562,7.134146341463415,0.0,0.5487804878048781,0.5487804878048781,1.6463414634146345,2.7439024390243905,3.292682926829269,0.5487804878048781,4.939024390243903,4.939024390243903,2.7439024390243905,1.0975609756097562,1.0975609756097562,0.0,0.0,0.0,89.89,100.0,20.0,55.56,50.0,46.43,0.0,50.0,0.3071461893414632,0.303585216742607,0.5487804878048781,8.231707317073171,0.1936308347560975,2.7439024390243905,2.7439024390243905,4.390243902439025,0.1183594993902438,21.951219512195124,RM/RCM,100,100,100,100,38,100,75,75,75,100,50,75,75,75,25,88,38,100,100,100,100,100,50,62,62,100,100,100,75,50,50,50,25,75,100,50,100,100,100,100,100,100,100,75,100,100,100,38,100,50,50,75,75,50,75,50,50,25,100,50,100,100,100,100,100,50,62,62,100,100,100,75,50,50,50,25,50,100,25,100,100,100,100,100,100,100,2. Bundesliga
Holstein Kiel,6zwg0wxjie31da2i4wwh2h4ho,4kabyphz0h9megt5r97o5rd9l,D. Zec,David Zec,26,Defender,Slovenia,Defender,72.0,25.0,4.0,97.0,8.0,2.0,1.0,1.0,0.0,11.0,4.0,0.0,0.0,180.0,1.0,2.0,1.0,1.0,2.0,2.0,0.0,0.0,0.0,0.0,0.0,0.0,91.51,80.0,0.0,0.0,100.0,45.83,66.67,50.0,0.1241962416305178,0.1005394025844346,0.0,2.0,0.04282587,1.0,4.0,3.0,0.09100136,48.0,36.0,12.5,2.0,48.5,4.0,1.0,0.5,0.5,0.0,5.5,2.0,0.0,0.0,0.5,1.0,0.5,0.5,1.0,1.0,0.0,0.0,0.0,0.0,0.0,0.0,91.51,80.0,0.0,0.0,100.0,45.83,66.67,50.0,0.0620981208152589,0.0502697012922173,0.0,1.0,0.021412935,0.5,2.0,1.5,0.04550068,24.0,CB,94,32,40,82,97,81,52,66,39,95,24,45,11,82,61,58,40,95,94,40,44,42,48,47,52,90,95,44,40,95,16,87,40,61,71,42,74,81,79,50,32,29,56,77,24,35,61,92,76,47,63,39,82,19,45,11,79,58,53,31,94,92,40,44,42,48,47,52,90,95,44,40,95,16,87,40,61,68,42,73,77,76,47,31,29,53,2. Bundesliga
Holstein Kiel,6zwg0wxjie31da2i4wwh2h4ho,6v1kpakd3t0jhnoh1eh75ev4k,K. Davidsen,Kasper Davidsen,21,Midfielder,Denmark,Midfielder,24.0,32.0,3.0,56.0,6.0,4.0,3.0,2.0,1.0,15.0,4.0,0.0,1.0,179.0,1.0,9.0,5.0,2.0,1.0,1.0,0.0,0.0,1.0,0.0,0.0,0.0,73.68,42.86,0.0,0.0,33.33,62.5,66.67,50.0,0.1903502292390806,0.3053115463402883,1.0,3.0,0.07572189,1.0,5.0,6.0,0.1589370699999999,26.0,12.067039106145252,16.089385474860336,1.5083798882681565,28.156424581005584,3.016759776536313,2.011173184357542,1.5083798882681565,1.005586592178771,0.5027932960893855,7.541899441340782,2.011173184357542,0.0,0.5027932960893855,0.5027932960893855,4.5251396648044695,2.5139664804469275,1.005586592178771,0.5027932960893855,0.5027932960893855,0.0,0.0,0.5027932960893855,0.0,0.0,0.0,73.68,42.86,0.0,0.0,33.33,62.5,66.67,50.0,0.0957068191704874,0.1535085987185807,0.5027932960893855,1.5083798882681565,0.0380724586592178,0.5027932960893855,2.5139664804469275,3.016759776536313,0.0799124932960893,13.07262569832402,DM/CM,19,50,49,29,90,88,71,76,66,87,59,46,43,84,97,93,49,40,38,24,37,74,47,51,51,12,40,37,24,84,74,85,40,59,91,72,69,74,66,47,51,56,37,15,44,44,24,87,88,60,74,63,82,53,46,37,85,97,88,41,32,32,24,37,66,47,51,51,12,40,37,24,84,74,85,40,53,91,71,71,71,63,46,41,50,32,2. Bundesliga
Holstein Kiel,6zwg0wxjie31da2i4wwh2h4ho,73bt1irnki81xex9jkn7vxxey,A. Kaprálik,Adrián Kaprálik,24,Attacker,Slovakia,Striker,8.0,25.0,0.0,30.0,0.0,2.0,1.0,1.0,0.0,5.0,1.0,0.0,2.0,166.0,0.0,4.0,4.0,0.0,6.0,6.0,1.0,3.0,0.0,1.0,0.0,0.0,75.0,0.0,50.0,16.67,0.0,25.0,0.0,0.0,0.0533202945858771,0.3087341137925346,0.0,4.0,0.14571137,1.0,1.0,1.0,0.2665043599999999,13.0,4.337349397590361,13.55421686746988,0.0,16.265060240963855,0.0,1.0843373493975903,0.5421686746987951,0.5421686746987951,0.0,2.710843373493976,0.5421686746987951,0.0,1.0843373493975903,0.0,2.1686746987951806,2.1686746987951806,0.0,3.2530120481927707,3.2530120481927707,0.5421686746987951,1.6265060240963851,0.0,0.5421686746987951,0.0,0.0,75.0,0.0,50.0,16.67,0.0,25.0,0.0,0.0,0.0289085934501743,0.1673859653092055,0.0,2.1686746987951806,0.0790001403614457,0.5421686746987951,0.5421686746987951,0.5421686746987951,0.1444903156626505,7.048192771084337,ST,52,82,27,72,13,62,10,18,15,33,53,23,93,12,28,88,25,83,83,47,97,25,85,52,52,52,27,95,40,12,15,17,25,10,83,15,80,80,62,38,32,87,73,47,77,27,67,13,62,8,15,15,27,57,23,97,12,23,87,25,73,70,42,100,25,85,52,52,52,27,95,40,12,15,17,25,7,83,15,78,70,60,33,30,87,77,2. Bundesliga
Holstein Kiel,6zwg0wxjie31da2i4wwh2h4ho,9u3au5060ighmwlo9nsk5vcic,L. Parduzi,Leon Parduzi,19,Defender,Kosovo,Defender,51.0,43.0,3.0,93.0,1.0,1.0,1.0,0.0,1.0,8.0,4.0,0.0,3.0,170.0,0.0,2.0,4.0,1.0,3.0,3.0,2.0,1.0,0.0,0.0,0.0,0.0,83.78,33.33,50.0,66.67,0.0,47.06,25.0,100.0,0.051578232529367,0.1117408646710537,1.0,2.0,0.05256723,2.0,9.0,10.0,0.2602078599999999,53.0,27.0,22.764705882352946,1.5882352941176472,49.23529411764706,0.5294117647058824,0.5294117647058824,0.5294117647058824,0.0,0.5294117647058824,4.235294117647059,2.117647058823529,0.0,1.5882352941176472,0.0,1.0588235294117647,2.117647058823529,0.5294117647058824,1.5882352941176472,1.5882352941176472,1.0588235294117647,0.5294117647058824,0.0,0.0,0.0,0.0,83.78,33.33,50.0,66.67,0.0,47.06,25.0,100.0,0.0273061231037825,0.0591569283552637,0.5294117647058824,1.0588235294117647,0.02782971,1.0588235294117647,4.764705882352941,5.294117647058823,0.1377571023529411,28.058823529411764,LB/LCB,74,79,32,84,24,34,63,37,76,53,42,50,84,42,58,87,26,76,76,82,53,37,47,53,53,63,21,84,79,42,26,37,92,53,37,84,58,58,76,84,84,63,89,71,74,26,79,26,32,68,37,79,42,42,50,74,42,63,89,32,79,79,89,53,37,47,53,53,63,21,84,79,42,26,37,92,58,37,84,53,53,89,84,79,68,95,2. Bundesliga
Holstein Kiel,6zwg0wxjie31da2i4wwh2h4ho,apdrig6xt1hxub1986s3uh1x,J. Meffert,Jonas Meffert,31,Midfielder,Germany,Midfielder,39.0,73.0,1.0,112.0,4.0,2.0,1.0,1.0,0.0,7.0,1.0,0.0,3.0,180.0,1.0,2.0,1.0,1.0,1.0,1.0,1.0,0.0,0.0,0.0,0.0,0.0,95.73,33.33,0.0,100.0,100.0,58.33,80.0,100.0,0.2013752432299546,0.1093071401479218,0.0,6.0,0.1169727499999999,1.0,15.0,9.0,0.2191612899999999,69.0,19.5,36.5,0.5,56.0,2.0,1.0,0.5,0.5,0.0,3.5,0.5,0.0,1.5,0.5,1.0,0.5,0.5,0.5,0.5,0.5,0.0,0.0,0.0,0.0,0.0,95.73,33.33,0.0,100.0,100.0,58.33,80.0,100.0,0.1006876216149773,0.0546535700739609,0.0,3.0,0.0584863749999999,0.5,7.5,4.5,0.1095806449999999,34.5,DM/CM,65,97,16,94,74,71,37,54,26,46,16,46,85,84,46,22,28,40,38,60,37,31,47,51,51,100,28,37,91,99,68,100,85,68,65,31,88,88,66,94,79,76,91,56,96,6,91,71,66,31,46,26,40,7,46,79,81,38,16,24,29,29,51,37,31,47,51,51,100,28,37,91,99,68,100,85,56,59,31,85,82,57,93,78,76,91,2. Bundesliga
Holstein Kiel,6zwg0wxjie31da2i4wwh2h4ho,eswroj7hvnu9po0ni9i6820vd,I. Nekić,Ivan Nekic,25,Defender,Croatia,Defender,56.0,30.0,6.0,86.0,2.0,0.0,3.0,3.0,0.0,11.0,10.0,0.0,2.0,180.0,1.0,3.0,3.0,2.0,0.0,0.0,0.0,0.0,2.0,0.0,0.0,0.0,87.76,60.0,0.0,0.0,33.33,61.11,33.33,33.33,0.4117407229908048,0.0,0.0,1.0,0.01935132,0.0,4.0,4.0,0.1369713199999999,48.0,28.0,15.0,3.0,43.0,1.0,0.0,1.5,1.5,0.0,5.5,5.0,0.0,1.0,0.5,1.5,1.5,1.0,0.0,0.0,0.0,0.0,1.0,0.0,0.0,0.0,87.76,60.0,0.0,0.0,33.33,61.11,33.33,33.33,0.2058703614954024,0.0,0.0,0.5,0.00967566,0.0,2.0,2.0,0.0684856599999999,24.0,RB/RCB,90,69,93,86,62,10,79,98,26,81,81,50,74,88,79,86,45,12,12,24,31,90,43,50,52,90,88,31,24,79,57,21,26,95,14,29,40,33,14,57,31,43,81,86,48,93,81,55,10,74,98,26,76,81,50,69,81,76,76,29,12,12,24,31,86,43,50,52,90,88,31,24,79,57,21,26,90,14,29,33,31,14,45,26,38,76,2. Bundesliga
Holstein Kiel,6zwg0wxjie31da2i4wwh2h4ho,oy3mdkrur6xfcjrcw2dyghgq,P. Harres,Phil Harres,24,Attacker,Germany,Striker,11.0,9.0,0.0,20.0,11.0,3.0,9.0,9.0,0.0,16.0,4.0,2.0,0.0,180.0,3.0,14.0,2.0,0.0,3.0,3.0,3.0,0.0,4.0,2.0,0.0,0.0,66.67,0.0,0.0,100.0,33.33,66.67,73.33,0.0,1.2417006418921177,0.1690996313938982,0.0,0.0,0.0,1.0,1.0,1.0,0.0185663099999999,2.0,5.5,4.5,0.0,10.0,5.5,1.5,4.5,4.5,0.0,8.0,2.0,1.0,0.0,1.5,7.0,1.0,0.0,1.5,1.5,1.5,0.0,2.0,1.0,0.0,0.0,66.67,0.0,0.0,100.0,33.33,66.67,73.33,0.0,0.6208503209460589,0.0845498156969491,0.0,0.0,0.0,0.5,0.5,0.5,0.0092831549999999,1.0,ST,77,15,27,32,97,80,92,98,15,97,93,87,37,72,97,60,25,57,55,82,42,97,98,52,52,20,27,42,95,40,92,100,25,93,60,15,13,13,62,38,32,20,8,60,7,27,17,97,73,83,97,15,93,90,80,37,68,87,45,25,50,50,72,42,97,98,52,52,20,27,42,95,40,92,100,25,90,57,15,13,13,55,23,20,10,7,2. Bundesliga
Dynamo Dresden,97lyl18hz6apklot7hbz4h446,1675dd1p91lb20f9b3w5v067e,T. Keller,Thomas Keller,27,Defender,Germany,Defender,102.0,22.0,2.0,124.0,0.0,0.0,1.0,0.0,1.0,2.0,9.0,0.0,3.0,180.0,0.0,0.0,1.0,1.0,0.0,0.0,0.0,0.0,0.0,0.0,0.0,0.0,93.94,40.0,0.0,0.0,0.0,33.33,0.0,100.0,0.0382566818542939,0.0,1.0,0.0,0.0,0.0,3.0,2.0,0.1472896699999999,74.0,51.0,11.0,1.0,62.0,0.0,0.0,0.5,0.0,0.5,1.0,4.5,0.0,1.5,0.0,0.0,0.5,0.5,0.0,0.0,0.0,0.0,0.0,0.0,0.0,0.0,93.94,40.0,0.0,0.0,0.0,33.33,0.0,100.0,0.0191283409271469,0.0,0.5,0.0,0.0,0.0,1.5,1.0,0.0736448349999999,37.0,DM/CM,100,19,35,100,10,10,37,21,66,4,94,46,85,40,13,22,28,15,15,24,37,31,47,51,51,97,32,37,24,40,12,15,85,26,16,72,16,16,28,28,24,50,97,100,12,29,100,10,10,31,21,56,3,94,46,79,40,13,16,24,15,15,24,37,31,47,51,51,97,32,37,24,40,12,15,85,26,16,65,16,16,28,21,19,44,97,2. Bundesliga
Dynamo Dresden,97lyl18hz6apklot7hbz4h446,56e76dk2fd95o2n7e98tpjg0l,N. Rapp,Nicolai Rapp,29,Midfielder,Germany,Midfielder,46.0,30.0,1.0,76.0,1.0,1.0,0.0,0.0,0.0,6.0,2.0,0.0,3.0,156.0,0.0,1.0,2.0,3.0,1.0,1.0,0.0,0.0,0.0,0.0,0.0,0.0,92.68,25.0,0.0,0.0,0.0,66.67,50.0,100.0,0.0,0.1065331042024348,0.0,1.0,0.01870347,0.0,4.0,4.0,0.1164586,35.0,26.538461538461537,17.307692307692307,0.5769230769230769,43.84615384615385,0.5769230769230769,0.5769230769230769,0.0,0.0,0.0,3.461538461538461,1.1538461538461535,0.0,1.7307692307692306,0.0,0.5769230769230769,1.1538461538461535,1.7307692307692306,0.5769230769230769,0.5769230769230769,0.0,0.0,0.0,0.0,0.0,0.0,92.68,25.0,0.0,0.0,0.0,66.67,50.0,100.0,0.0,0.0614614062706354,0.0,0.5769230769230769,0.0107904634615384,0.0,2.3076923076923075,2.3076923076923075,0.0671876538461538,20.19230769230769,DM/CM,81,44,16,56,34,41,13,21,26,35,32,46,85,40,29,51,72,40,38,24,37,31,47,51,51,91,18,37,24,40,85,56,85,13,59,31,41,34,28,38,38,44,53,82,50,15,62,38,54,13,21,26,32,35,46,91,40,26,54,79,46,43,24,37,31,47,51,51,91,18,37,24,40,85,56,85,13,65,31,44,38,28,38,32,41,65,2. Bundesliga
Dynamo Dresden,97lyl18hz6apklot7hbz4h446,74n6zo57y4h14zll0p5ncm3ca,B. Bobzien,Ben Bobzien,23,Attacker,Germany,Striker,22.0,34.0,1.0,56.0,0.0,4.0,2.0,1.0,1.0,6.0,2.0,0.0,3.0,167.0,2.0,9.0,3.0,0.0,6.0,6.0,2.0,0.0,0.0,0.0,0.0,0.0,80.0,20.0,0.0,33.33,100.0,33.33,0.0,0.0,0.1705562834246823,0.3670149300249137,0.0,10.0,0.2825562399999999,3.0,5.0,6.0,0.34291352,12.0,11.8562874251497,18.323353293413174,0.5389221556886228,30.179640718562872,0.0,2.155688622754491,1.0778443113772456,0.5389221556886228,0.5389221556886228,3.2335329341317363,1.0778443113772456,0.0,1.616766467065868,1.0778443113772456,4.850299401197605,1.616766467065868,0.0,3.2335329341317363,3.2335329341317363,1.0778443113772456,0.0,0.0,0.0,0.0,0.0,80.0,20.0,0.0,33.33,100.0,33.33,0.0,0.0,0.0919165599294695,0.1977924772589355,0.0,5.389221556886227,0.1522758179640718,1.616766467065868,2.694610778443113,3.2335329341317363,0.1848036934131736,6.4670658682634725,LW,75,75,44,75,25,62,56,38,88,50,81,44,100,88,88,75,12,75,69,56,25,50,38,56,56,38,38,25,50,94,25,31,12,50,62,38,100,100,75,88,75,50,38,88,50,38,88,25,62,50,38,88,25,75,44,100,88,88,62,12,75,75,62,25,50,38,56,56,38,38,25,50,94,25,31,12,50,62,38,100,100,62,88,62,38,38,2. Bundesliga
Dynamo Dresden,97lyl18hz6apklot7hbz4h446,80phrrugb78acwel3c79jd8bu,J. Sterner,Jonas Sterner,24,Defender,Germany,Defender,46.0,37.0,2.0,82.0,2.0,1.0,1.0,1.0,0.0,5.0,3.0,1.0,1.0,135.0,1.0,2.0,0.0,2.0,1.0,1.0,0.0,1.0,0.0,0.0,0.0,0.0,85.42,25.0,16.67,0.0,100.0,35.71,40.0,66.67,0.2980888628890004,0.0803424263517695,0.0,3.0,0.09307343,4.0,6.0,7.0,0.4656297499999999,46.0,30.666666666666668,24.666666666666668,1.3333333333333333,54.66666666666666,1.3333333333333333,0.6666666666666666,0.6666666666666666,0.6666666666666666,0.0,3.333333333333333,2.0,0.6666666666666666,0.6666666666666666,0.6666666666666666,1.3333333333333333,0.0,1.3333333333333333,0.6666666666666666,0.6666666666666666,0.0,0.6666666666666666,0.0,0.0,0.0,0.0,85.42,25.0,16.67,0.0,100.0,35.71,40.0,66.67,0.1987259085926669,0.0535616175678463,0.0,2.0,0.0620489533333333,2.6666666666666665,4.0,4.666666666666667,0.3104198333333333,30.666666666666668,RB/RCB,81,86,45,81,62,48,36,62,26,29,48,100,43,88,57,12,45,38,38,24,71,33,43,50,52,62,33,62,24,95,29,38,43,90,48,29,81,90,95,71,64,90,76,90,90,43,90,71,62,43,81,26,29,48,100,52,95,67,12,57,52,52,24,81,33,43,50,52,62,33,62,24,95,29,38,43,86,52,29,86,95,95,76,67,90,90,2. Bundesliga
Dynamo Dresden,97lyl18hz6apklot7hbz4h446,aluogo3t5ravqnakgo6duv6s4,F. Müller,Friedrich Müller,20,Defender,Germany,Defender,131.0,31.0,2.0,162.0,3.0,1.0,1.0,0.0,1.0,3.0,2.0,0.0,1.0,180.0,1.0,1.0,0.0,0.0,0.0,0.0,0.0,0.0,0.0,0.0,0.0,0.0,96.43,100.0,0.0,0.0,100.0,37.5,42.86,0.0,0.0477478082657623,0.0420938018052484,1.0,0.0,0.0,0.0,4.0,6.0,0.15719328,80.0,65.5,15.5,1.0,81.0,1.5,0.5,0.5,0.0,0.5,1.5,1.0,0.0,0.5,0.5,0.5,0.0,0.0,0.0,0.0,0.0,0.0,0.0,0.0,0.0,0.0,96.43,100.0,0.0,0.0,100.0,37.5,42.86,0.0,0.0238739041328811,0.0210469009026242,0.5,0.0,0.0,0.0,2.0,3.0,0.07859664,40.0,LM/LCM,100,70,55,100,85,35,25,20,40,30,70,55,60,60,15,15,25,10,10,20,35,25,45,55,55,90,95,35,20,100,30,60,25,30,30,40,15,15,15,60,55,40,100,100,50,50,100,85,30,20,20,20,30,60,55,40,50,10,15,25,10,10,20,35,25,45,55,55,90,95,35,20,100,30,60,25,30,30,30,15,15,15,55,45,40,100,2. Bundesliga
Dynamo Dresden,97lyl18hz6apklot7hbz4h446,bh5gxk1kd65fnph0s6kgxt8q2,R. Wagner,Robert Wagner,23,Midfielder,Germany,Midfielder,60.0,26.0,0.0,86.0,0.0,1.0,1.0,1.0,0.0,7.0,6.0,0.0,2.0,180.0,0.0,4.0,2.0,4.0,5.0,5.0,1.0,0.0,1.0,0.0,0.0,0.0,85.15,0.0,0.0,20.0,0.0,36.84,0.0,100.0,0.1103112058901664,0.068066600449427,0.0,0.0,0.0,0.0,4.0,2.0,0.10896009,45.0,30.0,13.0,0.0,43.0,0.0,0.5,0.5,0.5,0.0,3.5,3.0,0.0,1.0,0.0,2.0,1.0,2.0,2.5,2.5,0.5,0.0,0.5,0.0,0.0,0.0,85.15,0.0,0.0,20.0,0.0,36.84,0.0,100.0,0.0551556029450832,0.0340333002247135,0.0,0.0,0.0,0.0,2.0,1.0,0.054480045,22.5,DM/CM,97,41,3,72,10,41,37,54,26,46,75,46,68,40,78,51,88,97,96,60,37,74,47,51,51,50,3,37,49,40,18,15,85,38,47,31,16,16,28,38,24,41,74,94,29,3,59,10,24,31,46,26,40,74,46,63,40,69,35,85,97,94,51,37,62,47,51,51,50,3,37,49,40,18,15,85,38,44,31,16,16,28,32,19,35,71,2. Bundesliga
Dynamo Dresden,97lyl18hz6apklot7hbz4h446,btgtfolx9bhri1d7hol40gvrp,V. Vermeij,Vincent Vermeij,32,Attacker,Netherlands,Striker,19.0,12.0,0.0,31.0,5.0,2.0,3.0,2.0,1.0,8.0,1.0,0.0,0.0,151.0,0.0,6.0,3.0,1.0,0.0,0.0,0.0,0.0,0.0,1.0,0.0,0.0,86.11,0.0,0.0,0.0,0.0,40.0,55.56,100.0,0.9535503957308368,0.1925718137318357,1.0,5.0,0.1452456899999999,2.0,1.0,2.0,0.12914135,8.0,11.324503311258278,7.152317880794702,0.0,18.47682119205298,2.980132450331126,1.1920529801324502,1.7880794701986755,1.1920529801324502,0.5960264900662251,4.768211920529801,0.5960264900662251,0.0,0.0,0.0,3.576158940397351,1.7880794701986755,0.5960264900662251,0.0,0.0,0.0,0.0,0.0,0.5960264900662251,0.0,0.0,86.11,0.0,0.0,0.0,0.0,40.0,55.56,100.0,0.5683412954687106,0.1147779022242729,0.5960264900662251,2.980132450331126,0.0865702788079469,1.1920529801324502,0.5960264900662251,1.1920529801324502,0.0769716655629139,4.768211920529801,ST,95,33,27,77,83,62,37,38,52,65,53,23,37,12,45,80,67,13,13,20,42,25,85,52,52,97,27,42,20,12,47,85,90,80,67,48,87,77,82,38,57,67,55,100,33,27,73,83,67,33,33,53,60,60,23,37,12,47,80,70,13,13,20,42,25,93,52,52,97,27,42,20,12,47,85,90,83,70,53,87,80,87,40,60,67,53,2. Bundesliga
Dynamo Dresden,97lyl18hz6apklot7hbz4h446,dgdcvhe3dwu3ql4adqfdgs0lw,K. İnanoğlu,Kaan Inanoglu,21,Attacker,Türkiye,Striker,14.0,16.0,0.0,30.0,0.0,2.0,1.0,1.0,0.0,4.0,2.0,0.0,2.0,108.0,0.0,3.0,2.0,2.0,3.0,3.0,0.0,0.0,1.0,0.0,0.0,0.0,85.71,0.0,0.0,0.0,0.0,36.36,0.0,100.0,0.0757559102329644,0.1506570015215102,0.0,5.0,0.11720213,1.0,1.0,2.0,0.0434788699999999,6.0,11.666666666666668,13.333333333333334,0.0,25.0,0.0,1.6666666666666667,0.8333333333333334,0.8333333333333334,0.0,3.333333333333333,1.6666666666666667,0.0,1.6666666666666667,0.0,2.5,1.6666666666666667,1.6666666666666667,2.5,2.5,0.0,0.0,0.8333333333333334,0.0,0.0,0.0,85.71,0.0,0.0,0.0,0.0,36.36,0.0,100.0,0.063129925194137,0.1255475012679252,0.0,4.166666666666667,0.0976684416666666,0.8333333333333334,0.8333333333333334,1.6666666666666667,0.0362323916666665,5.0,RW,100,50,50,50,25,75,25,25,38,50,50,50,100,25,25,75,75,25,25,25,25,88,62,62,62,100,50,25,25,25,50,50,100,25,50,25,62,25,62,50,62,25,38,100,50,50,100,25,75,25,25,38,50,50,50,100,25,25,75,75,25,25,25,25,100,62,62,62,100,50,25,25,25,50,50,100,25,75,25,100,75,75,50,75,25,75,2. Bundesliga
Dynamo Dresden,97lyl18hz6apklot7hbz4h446,di0uw1d4sz4pa46nol4mb8yqd,N. Hauptmann,Niklas Hauptmann,30,Midfielder,Germany,Midfielder,8.0,27.0,2.0,35.0,0.0,2.0,1.0,0.0,1.0,7.0,0.0,0.0,0.0,169.0,0.0,4.0,5.0,2.0,1.0,1.0,0.0,0.0,0.0,0.0,0.0,0.0,81.4,100.0,0.0,0.0,0.0,38.89,0.0,100.0,0.0589837371515455,0.2198561048014355,1.0,4.0,0.09987524,3.0,6.0,11.0,0.3311626,18.0,4.260355029585799,14.378698224852071,1.0650887573964498,18.63905325443787,0.0,1.0650887573964498,0.5325443786982249,0.0,0.5325443786982249,3.727810650887574,0.0,0.0,0.0,0.0,2.1301775147929,2.662721893491124,1.0650887573964498,0.5325443786982249,0.5325443786982249,0.0,0.0,0.0,0.0,0.0,0.0,81.4,100.0,0.0,0.0,0.0,38.89,0.0,100.0,0.0314114576546692,0.1170831327344922,0.5325443786982249,2.1301775147929,0.0531879976331361,1.5976331360946745,3.195266272189349,5.8579881656804735,0.1763587810650887,9.585798816568047,CM/AM,30,32,57,35,32,52,28,22,45,52,25,42,22,38,65,82,72,22,22,20,28,20,40,52,50,72,95,28,20,38,25,32,85,30,65,55,52,55,95,48,88,75,42,20,15,55,20,32,45,20,22,40,40,25,42,22,38,60,80,65,10,10,20,28,20,40,52,50,72,95,28,20,38,25,32,85,15,60,50,45,50,90,45,85,70,30,2. Bundesliga
Dynamo Dresden,97lyl18hz6apklot7hbz4h446,dmkmf1nu3mtotjvzdykez793p,A. Rossipal,Alexander Rossipal,30,Defender,Germany,Defender,56.0,56.0,6.0,109.0,3.0,2.0,2.0,1.0,1.0,6.0,3.0,0.0,3.0,180.0,1.0,4.0,0.0,3.0,0.0,0.0,0.0,3.0,1.0,0.0,0.0,0.0,83.85,46.15,37.5,0.0,50.0,60.0,50.0,100.0,0.1322119279889126,0.3051612421914264,1.0,7.0,0.17743648,0.0,10.0,12.0,0.6743007199999999,51.0,28.0,28.0,3.0,54.5,1.5,1.0,1.0,0.5,0.5,3.0,1.5,0.0,1.5,0.5,2.0,0.0,1.5,0.0,0.0,0.0,1.5,0.5,0.0,0.0,0.0,83.85,46.15,37.5,0.0,50.0,60.0,50.0,100.0,0.0661059639944563,0.1525806210957132,0.5,3.5,0.08871824,0.0,5.0,6.0,0.3371503599999999,25.5,LB/LCB,84,95,71,89,76,63,87,87,76,34,29,50,84,92,95,18,87,11,11,21,87,82,47,53,53,68,63,68,21,92,68,68,92,84,79,84,92,100,16,89,89,100,84,79,95,63,89,68,58,84,82,68,24,29,50,68,89,89,18,79,11,11,21,84,79,47,53,53,68,63,68,21,92,68,68,92,84,79,76,89,100,16,89,84,100,84,2. Bundesliga
Darmstadt 98,1y7e48j8swyafegsucvewse5a,2es4ydlcwwasm6mu7rmey5r3e,N. Weißhaupt,Noah Weißhaupt,24,Midfielder,Germany,Midfielder,5.0,19.0,1.0,24.0,1.0,0.0,1.0,0.0,1.0,8.0,0.0,0.0,2.0,139.0,0.0,1.0,5.0,0.0,2.0,2.0,1.0,0.0,1.0,0.0,0.0,0.0,85.71,33.33,0.0,50.0,0.0,66.67,50.0,0.0,0.0521866288864613,0.0,1.0,5.0,0.11637192,2.0,2.0,6.0,0.12680803,12.0,3.237410071942446,12.302158273381297,0.6474820143884892,15.53956834532374,0.6474820143884892,0.0,0.6474820143884892,0.0,0.6474820143884892,5.179856115107913,0.0,0.0,1.2949640287769784,0.0,0.6474820143884892,3.237410071942446,0.0,1.2949640287769784,1.2949640287769784,0.6474820143884892,0.0,0.6474820143884892,0.0,0.0,0.0,85.71,33.33,0.0,50.0,0.0,66.67,50.0,0.0,0.0337899035955504,0.0,0.6474820143884892,3.237410071942446,0.0753487251798561,1.2949640287769784,1.2949640287769784,3.884892086330935,0.0821059187050359,7.76978417266187,CM/AM,15,15,38,12,78,5,28,22,45,65,25,42,75,38,20,82,18,45,45,50,28,50,40,52,50,92,40,28,57,38,90,85,18,25,5,55,72,65,68,12,40,40,15,15,10,45,5,75,5,35,22,50,75,25,42,85,38,20,90,18,50,50,50,28,45,40,52,50,92,40,28,57,38,90,85,18,20,5,55,85,70,75,10,40,35,15,2. Bundesliga
Darmstadt 98,1y7e48j8swyafegsucvewse5a,4yltwjecidfx6xfl1mqqirill,F. Kleinhansl,Florian Kleinhansl,26,Defender,Germany,Defender,31.0,49.0,6.0,77.0,4.0,4.0,0.0,0.0,0.0,16.0,1.0,0.0,4.0,174.0,0.0,3.0,5.0,3.0,2.0,2.0,1.0,3.0,0.0,0.0,0.0,0.0,83.7,66.67,33.33,50.0,0.0,55.17,80.0,42.86,0.0,0.3654772382592375,0.0,7.0,0.1612574,2.0,13.0,17.0,0.2618790199999999,43.0,16.03448275862069,25.344827586206897,3.103448275862069,39.82758620689655,2.0689655172413794,2.0689655172413794,0.0,0.0,0.0,8.275862068965518,0.5172413793103449,0.0,2.0689655172413794,0.0,1.5517241379310345,2.586206896551724,1.5517241379310345,1.0344827586206895,1.0344827586206895,0.5172413793103449,1.5517241379310345,0.0,0.0,0.0,0.0,83.7,66.67,33.33,50.0,0.0,55.17,80.0,42.86,0.0,0.1890399508237435,0.0,3.6206896551724137,0.083409,1.0344827586206895,6.724137931034483,8.793103448275861,0.1354546655172413,22.24137931034483,LB/LCB,42,89,71,79,92,95,26,37,32,97,11,50,97,42,79,97,87,53,53,55,87,37,47,53,53,58,92,63,61,42,53,100,37,26,89,37,92,84,76,95,95,68,74,47,89,74,68,84,100,26,37,32,100,5,50,95,42,84,100,84,47,47,58,89,37,47,53,53,58,92,63,61,42,53,100,37,26,89,37,95,84,84,95,95,63,74,2. Bundesliga
Darmstadt 98,1y7e48j8swyafegsucvewse5a,7dbwrqhq3tr2vtycdz6b63uuh,K. Klefisch,Kai Klefisch,26,Midfielder,Germany,Midfielder,41.0,56.0,9.0,97.0,2.0,1.0,3.0,0.0,3.0,5.0,3.0,0.0,0.0,161.0,0.0,2.0,2.0,1.0,0.0,0.0,0.0,0.0,3.0,1.0,0.0,0.0,90.65,69.23,0.0,0.0,0.0,29.41,28.57,50.0,0.1933987027578316,0.0752199926517765,1.0,5.0,0.10726661,1.0,10.0,10.0,0.17558627,49.0,22.919254658385093,31.30434782608696,5.0310559006211175,54.223602484472046,1.1180124223602483,0.5590062111801242,1.6770186335403725,0.0,1.6770186335403725,2.795031055900621,1.6770186335403725,0.0,0.0,0.0,1.1180124223602483,1.1180124223602483,0.5590062111801242,0.0,0.0,0.0,0.0,1.6770186335403725,0.5590062111801242,0.0,0.0,90.65,69.23,0.0,0.0,0.0,29.41,28.57,50.0,0.1081110760758064,0.0420484430972663,0.5590062111801242,2.795031055900621,0.059962701242236,0.5590062111801242,5.590062111801242,5.590062111801242,0.0981538155279503,27.39130434782609,DM/CM,68,82,97,82,57,41,71,21,96,24,44,46,15,40,46,51,28,15,15,24,37,99,96,51,51,85,82,37,24,40,3,38,40,65,53,72,85,85,66,75,85,68,79,74,85,97,85,56,50,74,21,97,24,47,46,15,40,53,50,32,15,15,24,37,100,97,51,51,85,82,37,24,40,3,38,40,62,53,76,82,85,74,79,85,68,79,2. Bundesliga
Darmstadt 98,1y7e48j8swyafegsucvewse5a,a24vimk2li0nbswdipoih6gkq,H. Akiyama,Hiroki Akiyama,25,Midfielder,Japan,Midfielder,22.0,24.0,2.0,46.0,1.0,0.0,0.0,0.0,0.0,3.0,0.0,0.0,0.0,90.0,0.0,1.0,2.0,0.0,0.0,0.0,0.0,0.0,0.0,0.0,0.0,0.0,90.2,50.0,0.0,0.0,0.0,50.0,0.0,0.0,0.0,0.0,0.0,0.0,0.0,0.0,0.0,0.0,0.0,0.0,22.0,24.0,2.0,46.0,1.0,0.0,0.0,0.0,0.0,3.0,0.0,0.0,0.0,0.0,1.0,2.0,0.0,0.0,0.0,0.0,0.0,0.0,0.0,0.0,0.0,90.2,50.0,0.0,0.0,0.0,50.0,0.0,0.0,0.0,0.0,0.0,0.0,0.0,0.0,0.0,0.0,0.0,0.0,DM/CM,15,29,35,16,34,10,13,21,26,10,3,46,15,40,29,51,10,15,15,24,37,31,47,51,51,82,54,37,24,40,56,15,10,13,16,31,16,16,28,7,9,7,7,65,76,53,74,47,10,13,21,26,28,3,46,15,40,38,82,10,15,15,24,37,31,47,51,51,82,54,37,24,40,56,15,10,13,16,31,16,16,28,7,9,7,7,2. Bundesliga
Darmstadt 98,1y7e48j8swyafegsucvewse5a,acd29sodyhg07npmpu8va3or8,Y. Furukawa,Yosuke Furukawa,23,Attacker,Japan,Striker,9.0,31.0,0.0,37.0,0.0,2.0,1.0,1.0,0.0,5.0,2.0,0.0,1.0,113.0,1.0,2.0,0.0,2.0,0.0,0.0,0.0,3.0,0.0,0.0,0.0,0.0,92.5,0.0,33.33,0.0,100.0,71.43,0.0,40.0,0.0709176459373202,0.2286868837398473,0.0,3.0,0.1053550499999999,1.0,3.0,5.0,0.31072916,13.0,7.168141592920354,24.690265486725664,0.0,29.469026548672566,0.0,1.592920353982301,0.7964601769911505,0.7964601769911505,0.0,3.982300884955752,1.592920353982301,0.0,0.7964601769911505,0.7964601769911505,1.592920353982301,0.0,1.592920353982301,0.0,0.0,0.0,2.3893805309734515,0.0,0.0,0.0,0.0,92.5,0.0,33.33,0.0,100.0,71.43,0.0,40.0,0.0564830808350337,0.1821399958989934,0.0,2.3893805309734515,0.0839111017699114,0.7964601769911505,2.3893805309734515,3.982300884955752,0.2474834017699115,10.353982300884956,LW,44,62,19,50,25,44,19,38,44,38,81,44,56,56,12,19,75,12,12,19,94,50,38,56,56,100,19,88,19,94,88,31,38,12,50,38,31,38,38,69,56,38,50,50,100,19,62,25,38,25,50,44,50,88,44,75,62,25,19,75,12,12,19,100,50,38,56,56,100,19,88,19,94,88,31,38,38,50,38,38,50,38,75,88,75,100,2. Bundesliga
Darmstadt 98,1y7e48j8swyafegsucvewse5a,anjuea8h25j0gi522nt0l774l,C. Lannert,Christopher Lannert,28,Defender,Germany,Defender,24.0,25.0,1.0,49.0,1.0,1.0,2.0,1.0,1.0,9.0,1.0,0.0,5.0,175.0,0.0,2.0,1.0,2.0,2.0,2.0,1.0,0.0,1.0,0.0,0.0,0.0,85.96,50.0,0.0,50.0,0.0,52.94,50.0,33.33,0.126657300360426,0.0853321713077314,2.0,2.0,0.03555943,2.0,2.0,5.0,0.1284562,18.0,12.342857142857143,12.857142857142858,0.5142857142857143,25.2,0.5142857142857143,0.5142857142857143,1.0285714285714287,0.5142857142857143,0.5142857142857143,4.628571428571429,0.5142857142857143,0.0,2.571428571428572,0.0,1.0285714285714287,0.5142857142857143,1.0285714285714287,1.0285714285714287,1.0285714285714287,0.5142857142857143,0.0,0.5142857142857143,0.0,0.0,0.0,85.96,50.0,0.0,50.0,0.0,52.94,50.0,33.33,0.0651380401853619,0.0438851166725475,1.0285714285714287,1.0285714285714287,0.0182877068571428,1.0285714285714287,1.0285714285714287,2.571428571428572,0.0660631885714285,9.257142857142858,RB/RCB,60,45,31,64,26,48,62,62,62,55,14,50,100,38,57,43,45,67,64,64,31,74,43,50,52,71,62,31,60,38,45,64,26,48,57,86,67,62,71,24,45,38,36,38,29,29,43,10,33,62,57,57,57,5,50,100,38,52,43,33,62,62,67,31,71,43,50,52,71,62,31,60,38,45,64,26,43,48,76,62,57,62,19,43,33,29,2. Bundesliga
Darmstadt 98,1y7e48j8swyafegsucvewse5a,ccmmsnrfn58gwi1petlp08f3e,L. Duijvestijn,Lance Duijvestijn,27,Midfielder,Netherlands,Midfielder,12.0,50.0,1.0,56.0,0.0,4.0,2.0,1.0,1.0,5.0,1.0,0.0,2.0,180.0,0.0,3.0,2.0,1.0,3.0,3.0,0.0,6.0,2.0,1.0,0.0,0.0,70.89,100.0,42.86,0.0,0.0,31.25,0.0,33.33,0.094633596114737,0.4791800331302343,1.0,5.0,0.18186299,0.0,6.0,5.0,0.3304968999999999,29.0,6.0,25.0,0.5,28.0,0.0,2.0,1.0,0.5,0.5,2.5,0.5,0.0,1.0,0.0,1.5,1.0,0.5,1.5,1.5,0.0,3.0,1.0,0.5,0.0,0.0,70.89,100.0,42.86,0.0,0.0,31.25,0.0,33.33,0.0473167980573685,0.2395900165651171,0.5,2.5,0.090931495,0.0,3.0,2.5,0.1652484499999999,14.5,CM/AM,48,95,38,78,32,85,55,57,45,35,62,42,75,38,45,48,45,60,60,20,100,78,90,52,50,22,95,80,20,38,15,32,35,50,95,55,72,95,15,48,25,70,82,40,80,28,60,32,68,45,45,18,30,50,42,65,38,35,38,35,55,55,20,100,62,80,52,50,22,95,80,20,38,15,32,35,40,90,38,65,85,15,40,15,65,55,2. Bundesliga
Darmstadt 98,1y7e48j8swyafegsucvewse5a,dhbt80hxmsucww2l2zs5efzrp,A. Vukotić,Aleksandar Vukotic,31,Defender,Serbia,Defender,67.0,33.0,5.0,100.0,6.0,1.0,2.0,2.0,0.0,8.0,13.0,1.0,1.0,180.0,1.0,6.0,0.0,0.0,0.0,0.0,0.0,0.0,1.0,0.0,0.0,0.0,82.64,26.32,0.0,0.0,50.0,61.54,66.67,0.0,0.2416440466949296,0.0050788324360538,0.0,2.0,0.03608883,0.0,1.0,4.0,0.15528577,59.0,33.5,16.5,2.5,50.0,3.0,0.5,1.0,1.0,0.0,4.0,6.5,0.5,0.5,0.5,3.0,0.0,0.0,0.0,0.0,0.0,0.0,0.5,0.0,0.0,0.0,82.64,26.32,0.0,0.0,50.0,61.54,66.67,0.0,0.1208220233474648,0.0025394162180269,0.0,1.0,0.018044415,0.0,0.5,2.0,0.077642885,29.5,CB,87,60,56,90,79,65,81,87,39,53,71,95,29,82,98,23,13,32,32,40,44,92,48,47,52,26,6,44,40,77,73,87,13,81,58,42,74,68,35,27,42,68,81,68,50,52,68,77,60,73,82,39,45,71,92,26,79,97,23,13,32,32,40,44,90,48,47,52,26,6,44,40,77,73,87,13,77,58,42,73,68,35,27,37,55,71,2. Bundesliga
Darmstadt 98,1y7e48j8swyafegsucvewse5a,f1ta475tq6ie1xbx8jrzau9d5,P. Pfeiffer,Patric Pfeiffer,27,Defender,Ghana,Defender,59.0,34.0,9.0,93.0,4.0,0.0,4.0,3.0,1.0,8.0,11.0,0.0,2.0,180.0,0.0,3.0,3.0,0.0,0.0,0.0,0.0,0.0,0.0,0.0,0.0,0.0,83.04,42.86,0.0,0.0,0.0,53.33,44.44,0.0,0.5333452152448871,0.0,1.0,0.0,0.0,0.0,8.0,4.0,0.13462368,65.0,29.5,17.0,4.5,46.5,2.0,0.0,2.0,1.5,0.5,4.0,5.5,0.0,1.0,0.0,1.5,1.5,0.0,0.0,0.0,0.0,0.0,0.0,0.0,0.0,0.0,83.04,42.86,0.0,0.0,0.0,53.33,44.44,0.0,0.2666726076224435,0.0,0.5,0.0,0.0,0.0,4.0,2.0,0.06731184,32.5,CB,63,71,89,73,58,27,100,98,85,53,61,45,53,34,79,87,13,32,32,40,44,42,48,47,52,29,44,44,40,34,31,42,13,97,29,89,26,26,35,79,42,48,85,52,60,81,52,55,27,100,98,84,45,58,45,48,34,76,81,13,32,32,40,44,42,48,47,52,29,44,44,40,34,31,42,13,97,29,87,26,26,35,76,37,42,74,2. Bundesliga
Greuther Fürth,9dlxuym0eab00j9ggrdr87soj,1atq3p7zxyrldwfy8zt2g6jxm,K. Keresztes,Krisztián Keresztes,26,Defender,Hungary,Defender,50.0,22.0,7.0,72.0,5.0,0.0,1.0,0.0,1.0,6.0,14.0,0.0,6.0,180.0,1.0,2.0,0.0,1.0,1.0,1.0,0.0,0.0,0.0,0.0,0.0,0.0,81.82,50.0,0.0,0.0,100.0,54.55,62.5,100.0,0.0377113058842071,0.0,1.0,1.0,0.01870347,0.0,9.0,9.0,0.1551763799999999,35.0,25.0,11.0,3.5,36.0,2.5,0.0,0.5,0.0,0.5,3.0,7.0,0.0,3.0,0.5,1.0,0.0,0.5,0.5,0.5,0.0,0.0,0.0,0.0,0.0,0.0,81.82,50.0,0.0,0.0,100.0,54.55,62.5,100.0,0.0188556529421035,0.0,0.5,0.5,0.009351735,0.0,4.5,4.5,0.0775881899999999,17.5,CB,39,26,76,31,69,27,52,27,85,24,79,45,97,82,61,23,40,77,76,40,44,42,48,47,52,18,60,44,40,95,47,71,82,42,29,89,58,56,35,87,89,65,42,29,19,73,24,69,27,47,27,84,21,77,45,97,79,58,23,31,73,71,40,44,42,48,47,52,18,60,44,40,95,47,71,82,42,29,87,55,56,35,82,82,52,39,2. Bundesliga
Greuther Fürth,9dlxuym0eab00j9ggrdr87soj,1ovauk85z1csu04oc4nlyu31l,J. Heuer,Jannis Heuer,27,Defender,Germany,Defender,49.0,25.0,4.0,74.0,4.0,0.0,0.0,0.0,0.0,6.0,19.0,0.0,5.0,180.0,0.0,1.0,0.0,2.0,0.0,0.0,0.0,0.0,0.0,0.0,1.0,0.0,91.36,66.67,0.0,0.0,0.0,54.55,57.14,100.0,0.0,0.0,0.0,0.0,0.0,0.0,0.0,0.0,0.0,0.0,24.5,12.5,2.0,37.0,2.0,0.0,0.0,0.0,0.0,3.0,9.5,0.0,2.5,0.0,0.5,0.0,1.0,0.0,0.0,0.0,0.0,0.0,0.0,0.5,0.0,91.36,66.67,0.0,0.0,0.0,54.55,57.14,100.0,0.0,0.0,0.0,0.0,0.0,0.0,0.0,0.0,0.0,0.0,CB,35,32,40,35,58,27,19,27,39,24,94,45,94,34,35,23,66,32,32,40,44,42,48,97,52,87,87,44,40,34,47,56,82,21,29,42,26,26,35,13,13,13,13,26,24,35,29,55,27,19,27,39,21,94,45,90,34,26,23,63,32,32,40,44,42,48,97,52,87,87,44,40,34,47,56,82,21,29,42,26,26,35,13,13,13,13,2. Bundesliga
Greuther Fürth,9dlxuym0eab00j9ggrdr87soj,4vy25qkyfhxkxf3rbdafrdn9,J. Dehm,Jannik Dehm,30,Defender,Germany,Defender,18.0,29.0,3.0,47.0,1.0,1.0,4.0,1.0,3.0,5.0,6.0,0.0,1.0,164.0,0.0,2.0,1.0,0.0,1.0,1.0,1.0,0.0,1.0,1.0,0.0,0.0,88.68,50.0,0.0,100.0,0.0,71.43,50.0,0.0,0.1734789913522206,0.11896686771918,3.0,0.0,0.0,2.0,6.0,8.0,0.2384316499999999,27.0,9.878048780487806,15.914634146341465,1.6463414634146345,25.79268292682927,0.5487804878048781,0.5487804878048781,2.1951219512195124,0.5487804878048781,1.6463414634146345,2.7439024390243905,3.292682926829269,0.0,0.5487804878048781,0.0,1.0975609756097562,0.5487804878048781,0.0,0.5487804878048781,0.5487804878048781,0.5487804878048781,0.0,0.5487804878048781,0.5487804878048781,0.0,0.0,88.68,50.0,0.0,100.0,0.0,71.43,50.0,0.0,0.0952018854981698,0.06528669569955,1.6463414634146345,0.0,0.0,1.0975609756097562,3.292682926829269,4.390243902439025,0.1308466371951219,14.817073170731708,RB/RCB,36,62,60,50,26,48,93,62,95,29,57,50,43,38,57,43,12,38,38,64,31,74,90,50,52,95,62,31,90,38,100,64,12,67,62,100,12,12,71,71,76,71,67,29,52,57,48,19,52,95,71,95,19,57,50,43,38,62,48,12,48,48,71,31,81,95,50,52,95,62,31,90,38,100,64,12,67,67,95,12,12,71,67,62,67,57,2. Bundesliga
Greuther Fürth,9dlxuym0eab00j9ggrdr87soj,5s3o96wdlqzi15p0xhtfgsbf9,D. Srbeny,Dennis Srbeny,32,Attacker,Germany,Striker,4.0,18.0,3.0,22.0,1.0,4.0,2.0,1.0,1.0,2.0,0.0,0.0,1.0,157.0,1.0,2.0,0.0,0.0,1.0,1.0,0.0,0.0,0.0,1.0,0.0,0.0,64.71,100.0,0.0,0.0,50.0,20.0,16.67,0.0,0.1934048606738281,0.3490703598211769,0.0,1.0,0.02401521,0.0,5.0,7.0,0.17316881,16.0,2.2929936305732483,10.318471337579618,1.7197452229299364,12.611464968152866,0.5732484076433121,2.2929936305732483,1.1464968152866242,0.5732484076433121,0.5732484076433121,1.1464968152866242,0.0,0.0,0.5732484076433121,0.5732484076433121,1.1464968152866242,0.0,0.0,0.5732484076433121,0.5732484076433121,0.0,0.0,0.0,0.5732484076433121,0.0,0.0,64.71,100.0,0.0,0.0,50.0,20.0,16.67,0.0,0.1108690284117485,0.2001040279229676,0.0,0.5732484076433121,0.0137666808917197,0.0,2.8662420382165603,4.012738853503184,0.0992687445859872,9.171974522292992,ST,15,65,95,47,37,88,22,18,52,7,20,23,80,35,10,15,25,35,35,20,42,25,85,52,52,17,92,42,20,63,7,35,25,33,90,15,35,37,27,97,93,73,92,10,57,97,43,37,90,17,20,50,7,20,23,83,40,7,15,25,37,37,20,42,25,90,52,52,17,92,42,20,63,7,35,25,30,87,15,33,33,27,100,97,73,97,2. Bundesliga
Greuther Fürth,9dlxuym0eab00j9ggrdr87soj,b8tpqxd3npru6an744rz7scfd,S. Appelkamp,Shinta Appelkamp,25,Midfielder,Germany,Midfielder,19.0,34.0,5.0,52.0,0.0,4.0,3.0,2.0,1.0,6.0,1.0,0.0,2.0,177.0,0.0,6.0,3.0,2.0,3.0,3.0,1.0,1.0,2.0,0.0,0.0,0.0,85.25,71.43,25.0,33.33,0.0,50.0,0.0,100.0,0.2187064766263077,0.219088682537599,0.0,2.0,0.04013334,0.0,7.0,7.0,0.13615473,31.0,9.661016949152543,17.28813559322034,2.5423728813559325,26.440677966101696,0.0,2.0338983050847457,1.5254237288135597,1.0169491525423728,0.5084745762711864,3.050847457627119,0.5084745762711864,0.0,1.0169491525423728,0.0,3.050847457627119,1.5254237288135597,1.0169491525423728,1.5254237288135597,1.5254237288135597,0.5084745762711864,0.5084745762711864,1.0169491525423728,0.0,0.0,0.0,85.25,71.43,25.0,33.33,0.0,50.0,0.0,100.0,0.1112066830303259,0.1114010250191181,0.0,1.0169491525423728,0.0204067830508474,0.0,3.5593220338983054,3.5593220338983054,0.0692312186440678,15.76271186440678,CM/AM,70,70,90,65,32,85,68,82,45,45,62,42,75,38,88,65,72,60,60,50,68,78,40,52,50,85,80,62,45,38,45,32,85,65,60,18,28,25,15,68,55,45,90,50,45,90,55,32,80,60,75,25,35,55,42,70,38,80,50,60,60,60,40,55,70,40,52,50,85,80,62,45,38,45,32,85,60,55,18,25,25,15,50,30,30,65,2. Bundesliga
Greuther Fürth,9dlxuym0eab00j9ggrdr87soj,b980cevn0v0wifqmw53leqytx,F. Klaus,Felix Klaus,33,Midfielder,Germany,Midfielder,19.0,27.0,3.0,46.0,0.0,2.0,13.0,11.0,2.0,9.0,0.0,3.0,0.0,166.0,10.0,18.0,6.0,1.0,5.0,5.0,2.0,0.0,1.0,0.0,0.0,0.0,80.7,75.0,0.0,40.0,76.92,50.0,0.0,100.0,1.2046389461149964,0.0974511632985442,5.0,3.0,0.076255,2.0,3.0,7.0,0.12637671,17.0,10.301204819277109,14.638554216867467,1.6265060240963851,24.939759036144576,0.0,1.0843373493975903,7.048192771084337,5.9638554216867465,1.0843373493975903,4.879518072289156,0.0,1.6265060240963851,0.0,5.421686746987952,9.759036144578312,3.2530120481927707,0.5421686746987951,2.710843373493976,2.710843373493976,1.0843373493975903,0.0,0.5421686746987951,0.0,0.0,0.0,80.7,75.0,0.0,40.0,76.92,50.0,0.0,100.0,0.653117500905721,0.0528349680534275,2.710843373493976,1.6265060240963851,0.0413430722891566,1.0843373493975903,1.6265060240963851,3.795180722891566,0.0685174933734939,9.216867469879515,RM/RCM,75,75,75,75,38,62,100,100,75,75,50,100,25,100,100,88,38,75,75,75,50,75,50,62,62,75,75,50,50,100,75,50,100,100,75,100,75,50,75,75,75,75,75,50,75,75,50,38,50,100,100,50,50,50,100,25,100,100,75,25,75,75,75,50,75,50,62,62,75,75,50,50,100,75,50,100,100,75,100,75,50,75,75,75,75,75,2. Bundesliga
Greuther Fürth,9dlxuym0eab00j9ggrdr87soj,cjks4v7acb94q4v0idm0colwp,L. Itter,Luca Itter,27,Defender,Germany,Defender,19.0,37.0,2.0,55.0,2.0,3.0,1.0,0.0,1.0,9.0,4.0,0.0,0.0,180.0,0.0,2.0,2.0,2.0,1.0,1.0,1.0,1.0,1.0,0.0,0.0,0.0,79.71,66.67,16.67,100.0,0.0,56.25,50.0,50.0,0.0526641730689226,0.2550102944232081,0.0,5.0,0.176947,2.0,8.0,8.0,0.1730401899999999,35.0,9.5,18.5,1.0,27.5,1.0,1.5,0.5,0.0,0.5,4.5,2.0,0.0,0.0,0.0,1.0,1.0,1.0,0.5,0.5,0.5,0.5,0.5,0.0,0.0,0.0,79.71,66.67,16.67,100.0,0.0,56.25,50.0,50.0,0.0263320865344613,0.127505147211604,0.0,2.5,0.0884735,1.0,4.0,4.0,0.0865200949999999,17.5,LB/LCB,13,61,18,32,50,82,63,37,76,63,42,50,16,42,58,61,61,32,32,55,53,82,47,53,53,32,92,42,95,42,63,68,45,58,74,37,79,95,76,74,63,42,63,11,55,13,26,42,82,58,37,68,55,37,50,16,42,55,55,53,26,26,47,45,79,47,53,53,32,92,42,95,42,63,68,45,53,68,37,79,95,68,74,58,37,58,2. Bundesliga
Greuther Fürth,9dlxuym0eab00j9ggrdr87soj,ex8oxu32lq96cd8waf33qeu50,S. Bansé,Sacha Bansé,25,Midfielder,Burkina Faso,Midfielder,15.0,22.0,1.0,37.0,1.0,1.0,1.0,1.0,0.0,7.0,3.0,0.0,1.0,153.0,0.0,2.0,1.0,3.0,3.0,3.0,1.0,0.0,0.0,0.0,0.0,0.0,84.09,50.0,0.0,33.33,0.0,38.89,25.0,75.0,0.0889585373557452,0.0495489280158554,0.0,0.0,0.0,2.0,1.0,0.0,0.03088219,13.0,8.823529411764707,12.941176470588236,0.5882352941176471,21.764705882352946,0.5882352941176471,0.5882352941176471,0.5882352941176471,0.5882352941176471,0.0,4.11764705882353,1.7647058823529411,0.0,0.5882352941176471,0.0,1.1764705882352942,0.5882352941176471,1.7647058823529411,1.7647058823529411,1.7647058823529411,0.5882352941176471,0.0,0.0,0.0,0.0,0.0,84.09,50.0,0.0,33.33,0.0,38.89,25.0,75.0,0.0523285513857324,0.0291464282446208,0.0,0.0,0.0,1.1764705882352942,0.5882352941176471,0.0,0.018165994117647,7.647058823529412,DM/CM,9,19,16,9,34,41,37,54,26,46,44,46,43,40,46,22,72,82,81,60,37,31,47,51,51,44,54,37,53,40,24,34,60,35,41,31,16,16,84,15,9,21,21,6,26,21,12,44,62,44,62,26,47,50,46,56,40,56,32,82,88,85,71,37,31,47,51,51,44,54,37,53,40,24,34,60,35,41,31,16,16,88,15,9,15,18,2. Bundesliga
Greuther Fürth,9dlxuym0eab00j9ggrdr87soj,vgvhxmqjvf4g34bd2ebja44q,O. Pohlmann,Ole Pohlmann,25,Midfielder,Germany,Midfielder,9.0,22.0,1.0,31.0,2.0,0.0,1.0,0.0,1.0,8.0,1.0,0.0,0.0,147.0,0.0,2.0,3.0,2.0,3.0,3.0,1.0,0.0,1.0,0.0,0.0,0.0,96.88,50.0,0.0,33.33,0.0,50.0,66.67,100.0,0.0348112173905731,0.0,1.0,3.0,0.07883663,1.0,1.0,0.0,0.03399323,11.0,5.510204081632653,13.46938775510204,0.6122448979591837,18.97959183673469,1.2244897959183674,0.0,0.6122448979591837,0.0,0.6122448979591837,4.8979591836734695,0.6122448979591837,0.0,0.0,0.0,1.2244897959183674,1.836734693877551,1.2244897959183674,1.836734693877551,1.836734693877551,0.6122448979591837,0.0,0.6122448979591837,0.0,0.0,0.0,96.88,50.0,0.0,33.33,0.0,50.0,66.67,100.0,0.0213129902391263,0.0,0.6122448979591837,1.836734693877551,0.0482673244897959,0.6122448979591837,0.6122448979591837,0.0,0.020812181632653,6.73469387755102,LM/LCM,30,25,35,25,70,15,25,20,40,45,40,55,20,25,40,70,90,40,40,45,35,50,45,55,55,100,45,35,50,25,60,95,90,20,15,40,55,50,45,20,15,20,20,30,20,30,30,70,15,30,20,50,60,40,55,20,25,40,80,100,40,40,50,35,50,45,55,55,100,45,35,50,25,60,95,90,20,15,50,50,50,40,20,15,20,20,2. Bundesliga
Greuther Fürth,9dlxuym0eab00j9ggrdr87soj,xftmvkjliz16tsy1n8v7tqzt,P. Will,Paul Will,27,Midfielder,Germany,Midfielder,31.0,32.0,3.0,60.0,0.0,4.0,0.0,0.0,0.0,6.0,6.0,0.0,2.0,180.0,0.0,0.0,0.0,1.0,2.0,2.0,1.0,3.0,0.0,0.0,0.0,0.0,85.71,42.86,75.0,50.0,0.0,50.0,0.0,20.0,0.0,0.2010936972591715,0.0,2.0,0.04852272,0.0,5.0,7.0,0.08069438,30.0,15.5,16.0,1.5,30.0,0.0,2.0,0.0,0.0,0.0,3.0,3.0,0.0,1.0,0.0,0.0,0.0,0.5,1.0,1.0,0.5,1.5,0.0,0.0,0.0,0.0,85.71,42.86,75.0,50.0,0.0,50.0,0.0,20.0,0.0,0.1005468486295857,0.0,1.0,0.02426136,0.0,2.5,3.5,0.04034719,15.0,DM/CM,44,50,49,34,10,88,13,21,26,35,75,46,68,40,13,6,28,63,62,60,100,31,47,51,51,59,40,94,63,40,56,15,21,13,88,31,57,59,28,47,65,32,44,29,40,41,26,10,84,13,21,26,28,74,46,63,40,13,6,24,54,51,51,100,31,47,51,51,59,40,94,63,40,56,15,21,13,85,31,54,53,28,41,59,32,38,2. Bundesliga
Bochum,eq1oq6y61xnzq88zu0cnw131z,13c9mrscf8azyd4h33jlyt7qi,M. Steinwender,Michael Steinwender,26,Defender,Austria,Defender,83.0,26.0,6.0,109.0,6.0,0.0,0.0,0.0,0.0,10.0,11.0,0.0,1.0,180.0,0.0,0.0,1.0,2.0,0.0,0.0,0.0,0.0,0.0,0.0,0.0,0.0,86.51,37.5,0.0,0.0,0.0,62.5,60.0,66.67,0.0,0.0,0.0,0.0,0.0,0.0,0.0,0.0,0.0,0.0,41.5,13.0,3.0,54.5,3.0,0.0,0.0,0.0,0.0,5.0,5.5,0.0,0.5,0.0,0.0,0.5,1.0,0.0,0.0,0.0,0.0,0.0,0.0,0.0,0.0,86.51,37.5,0.0,0.0,0.0,62.5,60.0,66.67,0.0,0.0,0.0,0.0,0.0,0.0,0.0,0.0,0.0,0.0,CB,97,39,68,94,79,27,19,27,39,84,61,45,29,34,10,58,66,32,32,40,44,42,48,47,52,52,29,44,40,34,77,65,53,21,29,42,26,26,35,13,13,13,13,94,32,63,81,77,27,19,27,39,74,58,45,26,34,10,53,63,32,32,40,44,42,48,47,52,52,29,44,40,34,77,65,53,21,29,42,26,26,35,13,13,13,13,2. Bundesliga
Bochum,eq1oq6y61xnzq88zu0cnw131z,5gyjq8tsjxk396qt4hqlwn3dh,M. Wittek,Maximilian Wittek,31,Defender,Germany,Defender,34.0,25.0,5.0,54.0,1.0,4.0,2.0,1.0,1.0,11.0,2.0,0.0,1.0,180.0,1.0,1.0,5.0,2.0,3.0,3.0,2.0,5.0,1.0,0.0,0.0,0.0,71.05,35.71,50.0,66.67,50.0,55.0,50.0,66.67,0.0877664126023731,0.5276425777586886,0.0,0.0,0.0,2.0,3.0,6.0,0.4198162599999999,33.0,17.0,12.5,2.5,27.0,0.5,2.0,1.0,0.5,0.5,5.5,1.0,0.0,0.5,0.5,0.5,2.5,1.0,1.5,1.5,1.0,2.5,0.5,0.0,0.0,0.0,71.05,35.71,50.0,66.67,50.0,55.0,50.0,66.67,0.0438832063011865,0.2638212888793443,0.0,0.0,0.0,1.0,1.5,3.0,0.2099081299999999,16.5,LB/LCB,58,42,58,26,24,95,87,87,76,89,21,50,39,92,34,97,61,76,76,82,100,82,47,53,53,11,32,84,79,92,47,68,63,74,95,37,13,13,76,26,45,95,53,53,37,55,21,18,92,84,82,68,84,21,50,39,89,24,95,53,66,66,79,100,79,47,53,53,11,32,84,79,92,47,68,63,74,95,37,13,13,68,24,39,95,47,2. Bundesliga
Bochum,eq1oq6y61xnzq88zu0cnw131z,5tsrmx2p5f3mrpwt8gpx4x979,K. Miyoshi,Koji Miyoshi,29,Midfielder,Japan,Midfielder,10.0,15.0,2.0,25.0,1.0,2.0,3.0,2.0,1.0,6.0,0.0,0.0,1.0,155.0,2.0,6.0,2.0,2.0,2.0,2.0,0.0,0.0,0.0,1.0,0.0,0.0,73.53,40.0,0.0,0.0,66.67,40.0,33.33,66.67,0.3389583444353533,0.0894263097540338,1.0,2.0,0.13190251,1.0,2.0,2.0,0.07269073,14.0,5.806451612903225,8.709677419354838,1.161290322580645,14.516129032258064,0.5806451612903225,1.161290322580645,1.7419354838709675,1.161290322580645,0.5806451612903225,3.4838709677419355,0.0,0.0,0.5806451612903225,1.161290322580645,3.4838709677419355,1.161290322580645,1.161290322580645,1.161290322580645,1.161290322580645,0.0,0.0,0.0,0.5806451612903225,0.0,0.0,73.53,40.0,0.0,0.0,66.67,40.0,33.33,66.67,0.1968145225753664,0.0519249540507293,0.5806451612903225,1.161290322580645,0.0765885541935483,0.5806451612903225,1.161290322580645,1.161290322580645,0.0422075206451612,8.129032258064516,RM/RCM,25,50,50,38,88,62,25,25,25,25,50,38,75,38,62,38,75,50,50,25,50,38,100,62,62,50,25,50,25,75,25,100,50,25,50,50,50,75,50,50,50,50,50,25,25,50,25,75,75,25,25,25,25,50,38,75,25,50,25,75,50,50,25,50,38,100,62,62,50,25,50,25,75,25,100,50,25,50,50,50,75,50,50,50,50,25,2. Bundesliga
Bochum,eq1oq6y61xnzq88zu0cnw131z,6m5ftd7c68b2d4d2931xs5srt,O. Olsen,Oliver Olsen,26,Defender,Denmark,Defender,24.0,14.0,5.0,38.0,3.0,1.0,0.0,0.0,0.0,8.0,8.0,0.0,4.0,161.0,0.0,0.0,1.0,2.0,4.0,4.0,2.0,0.0,0.0,0.0,0.0,0.0,70.37,50.0,0.0,50.0,0.0,34.78,50.0,100.0,0.0,0.0596592350543667,0.0,0.0,0.0,0.0,0.0,0.0,0.02462632,8.0,13.41614906832298,7.826086956521738,2.795031055900621,21.24223602484472,1.6770186335403725,0.5590062111801242,0.0,0.0,0.0,4.472049689440993,4.472049689440993,0.0,2.2360248447204967,0.0,0.0,0.5590062111801242,1.1180124223602483,2.2360248447204967,2.2360248447204967,1.1180124223602483,0.0,0.0,0.0,0.0,0.0,70.37,50.0,0.0,50.0,0.0,34.78,50.0,100.0,0.0,0.0333498829496459,0.0,0.0,0.0,0.0,0.0,0.0,0.0137662658385093,4.472049689440993,RB/RCB,60,10,79,29,79,48,10,19,26,45,71,50,95,38,7,43,45,90,90,88,31,33,43,50,52,14,62,31,60,38,24,64,83,12,33,29,12,12,14,7,7,10,12,52,10,86,19,81,57,10,19,26,48,71,50,95,38,7,52,48,95,90,90,31,33,43,50,52,14,62,31,60,38,24,64,83,12,33,29,12,12,14,7,7,10,10,2. Bundesliga
Bochum,eq1oq6y61xnzq88zu0cnw131z,7fvnav441ejw46n4yshkny1d6,E. Çokaj,Enis Çokaj,27,Midfielder,Albania,Midfielder,53.0,33.0,3.0,86.0,3.0,1.0,0.0,0.0,0.0,10.0,1.0,0.0,4.0,176.0,0.0,0.0,4.0,2.0,0.0,0.0,0.0,0.0,0.0,0.0,0.0,0.0,86.0,27.27,0.0,0.0,0.0,71.43,60.0,66.67,0.0,0.0,0.0,0.0,0.0,0.0,0.0,0.0,0.0,0.0,27.102272727272727,16.875,1.5340909090909092,43.97727272727273,1.5340909090909092,0.5113636363636364,0.0,0.0,0.0,5.113636363636364,0.5113636363636364,0.0,2.0454545454545454,0.0,0.0,2.0454545454545454,1.0227272727272727,0.0,0.0,0.0,0.0,0.0,0.0,0.0,0.0,86.0,27.27,0.0,0.0,0.0,71.43,60.0,66.67,0.0,0.0,0.0,0.0,0.0,0.0,0.0,0.0,0.0,0.0,DM/CM,85,57,49,72,68,41,13,21,26,60,16,46,97,40,13,87,49,15,15,24,37,31,47,51,51,65,24,37,24,40,96,75,54,13,16,31,16,16,28,7,9,7,7,85,47,47,65,65,32,13,21,26,56,15,46,94,40,13,85,47,15,15,24,37,31,47,51,51,65,24,37,24,40,96,75,54,13,16,31,16,16,28,7,9,7,7,2. Bundesliga
Bochum,eq1oq6y61xnzq88zu0cnw131z,7tjguurexixlasgd9vi47auzu,B. Taz,Berkan Taz,27,Midfielder,Germany,Midfielder,16.0,30.0,1.0,42.0,0.0,6.0,4.0,2.0,2.0,1.0,0.0,0.0,0.0,146.0,0.0,4.0,0.0,1.0,4.0,4.0,0.0,4.0,2.0,0.0,0.0,0.0,77.78,25.0,28.57,0.0,0.0,14.29,0.0,100.0,0.3437665777517114,0.7241065347898803,2.0,6.0,0.1799873499999999,2.0,11.0,11.0,0.6802454699999999,26.0,9.863013698630136,18.493150684931507,0.6164383561643836,25.89041095890411,0.0,3.6986301369863015,2.4657534246575343,1.2328767123287672,1.2328767123287672,0.6164383561643836,0.0,0.0,0.0,0.0,2.4657534246575343,0.0,0.6164383561643836,2.4657534246575343,2.4657534246575343,0.0,2.4657534246575343,1.2328767123287672,0.0,0.0,0.0,77.78,25.0,28.57,0.0,0.0,14.29,0.0,100.0,0.2119109040935207,0.4463670419937618,1.2328767123287672,3.6986301369863015,0.1109511061643835,1.2328767123287672,6.780821917808219,6.780821917808219,0.4193293993150684,16.027397260273972,CM/AM,62,45,38,50,32,100,78,82,82,5,25,42,22,38,65,8,45,75,75,20,95,78,40,52,50,45,30,75,20,38,5,32,85,85,100,85,88,90,68,100,88,100,68,60,60,40,50,32,100,70,80,80,5,25,42,22,38,65,8,55,80,80,20,95,85,40,52,50,45,30,75,20,38,5,32,85,80,100,85,90,90,70,95,95,100,80,2. Bundesliga
Bochum,eq1oq6y61xnzq88zu0cnw131z,8gyn2cp2fm1afyh9olhem2bro,M. Pannewig,Mats Pannewig,21,Midfielder,Germany,Midfielder,26.0,20.0,4.0,46.0,4.0,2.0,2.0,1.0,1.0,10.0,1.0,0.0,4.0,102.0,0.0,3.0,2.0,0.0,1.0,1.0,1.0,0.0,1.0,0.0,0.0,0.0,79.31,50.0,0.0,100.0,0.0,66.67,0.0,0.0,0.1906052912945706,0.1595695415784593,1.0,4.0,0.08849234,0.0,3.0,4.0,0.10253481,21.0,22.94117647058824,17.647058823529413,3.5294117647058822,40.588235294117645,3.5294117647058822,1.7647058823529411,1.7647058823529411,0.8823529411764706,0.8823529411764706,8.823529411764707,0.8823529411764706,0.0,3.5294117647058822,0.0,2.647058823529412,1.7647058823529411,0.0,0.8823529411764706,0.8823529411764706,0.8823529411764706,0.0,0.8823529411764706,0.0,0.0,0.0,79.31,50.0,0.0,100.0,0.0,66.67,0.0,0.0,0.1681811393775623,0.1407966543339346,0.8823529411764706,3.5294117647058822,0.0780814764705882,0.0,2.647058823529412,3.5294117647058822,0.0904718911764706,18.529411764705884,DM/CM,26,10,57,16,74,71,54,54,66,60,16,46,97,40,63,51,10,40,38,60,37,74,47,51,51,21,54,37,91,40,85,15,10,62,82,72,79,82,28,28,38,38,29,76,59,85,56,94,79,76,68,79,91,26,46,100,40,88,79,10,50,47,74,37,85,47,51,51,21,54,37,91,40,85,15,10,76,88,82,91,91,28,50,62,65,59,2. Bundesliga
Bochum,eq1oq6y61xnzq88zu0cnw131z,d2pco79bmi3f9x3zahtf9q2mt,P. Hofmann,Philipp Hofmann,33,Attacker,Germany,Striker,6.0,15.0,1.0,21.0,15.0,1.0,7.0,6.0,1.0,19.0,1.0,1.0,0.0,180.0,4.0,9.0,3.0,1.0,0.0,0.0,0.0,0.0,2.0,0.0,0.0,0.0,53.85,100.0,0.0,0.0,57.14,50.0,55.56,100.0,0.7472450307733838,0.0432587065299077,0.0,0.0,0.0,2.0,4.0,3.0,0.0414005499999999,8.0,3.0,7.5,0.5,10.5,7.5,0.5,3.5,3.0,0.5,9.5,0.5,0.5,0.0,2.0,4.5,1.5,0.5,0.0,0.0,0.0,0.0,1.0,0.0,0.0,0.0,53.85,100.0,0.0,0.0,57.14,50.0,55.56,100.0,0.3736225153866919,0.0216293532649538,0.0,0.0,0.0,1.0,2.0,1.5,0.0207002749999999,4.0,ST,32,55,67,40,100,32,70,77,52,100,53,62,37,80,72,80,67,13,13,20,42,83,38,52,52,10,92,42,20,73,80,85,90,70,23,15,13,13,82,83,73,43,55,18,40,55,20,100,18,67,73,33,100,42,53,37,77,65,73,55,13,13,20,42,78,38,52,52,10,92,42,20,73,80,85,90,63,23,15,13,13,75,77,68,33,37,2. Bundesliga
Bochum,eq1oq6y61xnzq88zu0cnw131z,d3ikbsb9xrytwlf4ls34cvqol,K. Mets,Karol Mets,33,Defender,Estonia,Defender,60.0,12.0,7.0,72.0,4.0,0.0,0.0,0.0,0.0,7.0,6.0,0.0,4.0,135.0,0.0,1.0,0.0,2.0,1.0,1.0,0.0,0.0,0.0,0.0,0.0,0.0,79.12,53.85,0.0,0.0,0.0,53.85,44.44,66.67,0.0,0.0,0.0,0.0,0.0,0.0,0.0,0.0,0.0,0.0,40.0,8.0,4.666666666666667,48.0,2.6666666666666665,0.0,0.0,0.0,0.0,4.666666666666667,4.0,0.0,2.6666666666666665,0.0,0.6666666666666666,0.0,1.3333333333333333,0.6666666666666666,0.6666666666666666,0.0,0.0,0.0,0.0,0.0,0.0,79.12,53.85,0.0,0.0,0.0,53.85,44.44,66.67,0.0,0.0,0.0,0.0,0.0,0.0,0.0,0.0,0.0,0.0,LB/LCB,89,5,84,58,92,11,26,37,32,42,58,50,97,42,34,18,61,32,32,21,21,37,47,53,53,26,74,21,21,42,42,47,63,26,11,37,13,13,16,5,5,5,5,95,5,89,74,89,11,26,37,32,63,63,50,100,42,42,18,74,37,37,21,21,37,47,53,53,26,74,21,21,42,42,47,63,26,11,37,13,13,16,5,5,5,5,2. Bundesliga
Osnabrück,8xvajtyria7w2ejfn2ilwq28i,282aj2w9kao690pbhg7kstdlg,R. Fabinski,Robin Fabinski,22,Defender,Germany,Defender,47.0,33.0,7.0,80.0,4.0,2.0,1.0,1.0,0.0,13.0,10.0,0.0,2.0,180.0,0.0,4.0,1.0,6.0,1.0,1.0,1.0,0.0,1.0,0.0,0.0,0.0,80.0,41.18,0.0,100.0,0.0,56.52,44.44,85.71,0.108515015202896,0.0516720812111509,0.0,1.0,0.01935132,1.0,10.0,10.0,0.20792822,56.0,23.5,16.5,3.5,40.0,2.0,1.0,0.5,0.5,0.0,6.5,5.0,0.0,1.0,0.0,2.0,0.5,3.0,0.5,0.5,0.5,0.0,0.5,0.0,0.0,0.0,80.0,41.18,0.0,100.0,0.0,56.52,44.44,85.71,0.054257507601448,0.0258360406055754,0.0,0.5,0.00967566,0.5,5.0,5.0,0.10396411,28.0,RB/RCB,86,79,100,76,86,81,36,62,26,86,81,50,74,38,93,43,98,38,38,64,31,74,43,50,52,38,43,31,90,38,52,48,62,33,29,29,40,33,43,88,90,52,90,76,64,100,71,86,81,24,45,26,81,81,50,69,38,93,31,90,31,31,55,31,67,43,50,52,38,43,31,90,38,52,48,62,33,29,29,33,31,33,83,76,52,86,2. Bundesliga
Osnabrück,8xvajtyria7w2ejfn2ilwq28i,2e5buyhiwaps1qloetwufkru1,R. Meißner,Robin Meißner,26,Attacker,Germany,Striker,16.0,22.0,4.0,38.0,0.0,2.0,11.0,7.0,4.0,7.0,1.0,1.0,0.0,180.0,3.0,10.0,0.0,2.0,4.0,4.0,3.0,0.0,6.0,0.0,0.0,0.0,74.51,66.67,0.0,75.0,27.27,46.67,0.0,50.0,0.9572010783930576,0.1681956132127933,1.0,2.0,0.0478667,4.0,3.0,5.0,0.13128917,17.0,8.0,11.0,2.0,19.0,0.0,1.0,5.5,3.5,2.0,3.5,0.5,0.5,0.0,1.5,5.0,0.0,1.0,2.0,2.0,1.5,0.0,3.0,0.0,0.0,0.0,74.51,66.67,0.0,75.0,27.27,46.67,0.0,50.0,0.4786005391965288,0.0840978066063966,0.5,1.0,0.02393335,2.0,1.5,2.5,0.065644585,8.5,ST,88,73,100,90,13,62,100,87,97,53,53,62,37,72,78,15,93,67,65,82,42,100,38,52,52,43,75,42,87,30,70,17,67,83,57,48,55,43,97,72,80,70,97,87,70,100,77,13,50,100,78,95,35,42,53,37,68,75,15,87,58,58,72,42,100,38,52,52,43,75,42,87,30,70,17,67,80,53,30,48,43,97,70,80,63,87,2. Bundesliga
Osnabrück,8xvajtyria7w2ejfn2ilwq28i,4hftnfi9qo73pc8r2vtgps57u,K. Faber,Konrad Faber,28,Defender,Germany,Defender,16.0,28.0,2.0,41.0,1.0,4.0,0.0,0.0,0.0,4.0,1.0,0.0,0.0,114.0,0.0,1.0,1.0,2.0,0.0,0.0,0.0,3.0,0.0,2.0,0.0,0.0,80.39,33.33,21.43,0.0,0.0,66.67,0.0,100.0,0.0,0.5037658911145424,0.0,1.0,0.02385149,2.0,3.0,3.0,0.3033554,15.0,12.63157894736842,22.105263157894736,1.5789473684210529,32.36842105263158,0.7894736842105263,3.1578947368421053,0.0,0.0,0.0,3.1578947368421053,0.7894736842105263,0.0,0.0,0.0,0.7894736842105263,0.7894736842105263,1.5789473684210529,0.0,0.0,0.0,2.368421052631579,0.0,1.5789473684210529,0.0,0.0,80.39,33.33,21.43,0.0,0.0,66.67,0.0,100.0,0.0,0.3977099140377966,0.0,0.7894736842105263,0.0188301236842105,1.5789473684210529,2.368421052631579,2.368421052631579,0.2394911052631579,11.842105263157896,RB/RCB,24,55,45,36,26,95,10,19,26,17,14,50,14,38,29,43,45,12,12,24,93,33,100,50,52,43,38,67,24,38,86,5,83,12,95,29,40,43,71,40,21,76,29,48,81,52,57,38,100,10,19,26,24,19,50,14,38,33,57,76,12,12,24,95,33,100,50,52,43,38,67,24,38,86,5,83,12,100,29,57,62,86,57,33,81,48,2. Bundesliga
Osnabrück,8xvajtyria7w2ejfn2ilwq28i,6x4ywqmispidw0tznzpjwd1hx,A. Beck,Adrian Beck,29,Midfielder,Germany,Midfielder,32.0,31.0,4.0,63.0,4.0,2.0,3.0,1.0,2.0,10.0,3.0,0.0,1.0,133.0,1.0,2.0,1.0,1.0,5.0,5.0,3.0,0.0,0.0,0.0,0.0,0.0,85.14,100.0,0.0,60.0,33.33,55.56,66.67,50.0,0.1936354919549252,0.1355279203833201,0.0,4.0,0.07242992,1.0,8.0,8.0,0.1673057399999999,36.0,21.654135338345863,20.977443609022554,2.706766917293233,42.63157894736842,2.706766917293233,1.3533834586466165,2.0300751879699246,0.6766917293233082,1.3533834586466165,6.7669172932330826,2.0300751879699246,0.0,0.6766917293233082,0.6766917293233082,1.3533834586466165,0.6766917293233082,0.6766917293233082,3.3834586466165413,3.3834586466165413,2.0300751879699246,0.0,0.0,0.0,0.0,0.0,85.14,100.0,0.0,60.0,33.33,55.56,66.67,50.0,0.1310315359093478,0.0917106228157805,0.0,2.706766917293233,0.0490127278195488,0.6766917293233082,5.413533834586466,5.413533834586466,0.1132144105263157,24.360902255639097,LM/LCM,80,70,90,70,100,50,55,50,75,80,90,55,60,60,40,35,60,70,70,70,35,25,45,55,55,60,95,35,75,75,80,95,55,40,50,15,70,40,45,100,85,50,90,80,90,100,80,100,50,50,50,70,100,90,55,70,70,50,30,60,70,70,80,35,25,45,55,55,60,95,35,75,75,80,95,55,40,50,15,80,60,50,100,100,50,90,2. Bundesliga
Osnabrück,8xvajtyria7w2ejfn2ilwq28i,88uz80ti7b0g6k38g4iy55ec5,B. Jacobsen,Bjarke Jacobsen,33,Midfielder,Denmark,Midfielder,27.0,25.0,1.0,52.0,8.0,1.0,5.0,3.0,2.0,16.0,11.0,0.0,1.0,168.0,0.0,4.0,0.0,2.0,3.0,3.0,3.0,0.0,3.0,0.0,0.0,0.0,80.0,20.0,0.0,100.0,0.0,57.14,57.14,40.0,0.4309827542745268,0.0933848514690421,2.0,0.0,0.0,0.0,3.0,6.0,0.18988492,31.0,14.464285714285714,13.392857142857142,0.5357142857142857,27.857142857142858,4.285714285714286,0.5357142857142857,2.6785714285714284,1.6071428571428572,1.0714285714285714,8.571428571428571,5.892857142857142,0.0,0.5357142857142857,0.0,2.142857142857143,0.0,1.0714285714285714,1.6071428571428572,1.6071428571428572,1.6071428571428572,0.0,1.6071428571428572,0.0,0.0,0.0,80.0,20.0,0.0,100.0,0.0,57.14,57.14,40.0,0.2308836183613536,0.0500275990012725,1.0714285714285714,0.0,0.0,0.0,1.6071428571428572,3.2142857142857144,0.1017240642857142,16.607142857142858,DM/CM,29,35,16,26,100,41,100,93,85,91,100,46,43,40,78,6,49,82,81,97,37,99,47,51,51,31,7,37,91,40,65,71,29,91,56,93,16,16,28,28,51,71,47,24,32,10,21,100,38,100,94,85,88,100,46,47,40,79,6,56,82,79,97,37,97,47,51,51,31,7,37,91,40,65,71,29,91,56,94,16,16,28,26,50,71,44,2. Bundesliga
Osnabrück,8xvajtyria7w2ejfn2ilwq28i,ayb90lqv48ocodasevzeg81d5,N. Wiemann,Niklas Wiemann,27,Defender,Germany,Defender,32.0,18.0,4.0,50.0,3.0,1.0,1.0,1.0,0.0,10.0,8.0,1.0,2.0,180.0,1.0,3.0,1.0,4.0,0.0,0.0,0.0,0.0,0.0,0.0,0.0,0.0,76.92,44.44,0.0,0.0,100.0,55.56,50.0,66.67,0.1374154519090713,0.0874341101972685,0.0,1.0,0.01935132,0.0,5.0,6.0,0.11280308,35.0,16.0,9.0,2.0,25.0,1.5,0.5,0.5,0.5,0.0,5.0,4.0,0.5,1.0,0.5,1.5,0.5,2.0,0.0,0.0,0.0,0.0,0.0,0.0,0.0,0.0,76.92,44.44,0.0,0.0,100.0,55.56,50.0,66.67,0.0687077259545356,0.0437170550986342,0.0,0.5,0.00967566,0.0,2.5,3.0,0.05640154,17.5,LB/LCB,50,11,42,21,76,34,63,87,32,76,76,100,63,92,79,42,97,11,11,21,21,37,47,53,53,16,53,21,21,100,58,68,63,89,32,37,37,37,16,61,45,32,63,42,11,37,16,68,24,58,82,32,74,63,100,58,89,71,39,95,11,11,21,21,37,47,53,53,16,53,21,21,100,58,68,63,89,32,37,29,26,16,47,39,21,58,2. Bundesliga
Osnabrück,8xvajtyria7w2ejfn2ilwq28i,cyz34cdwlfy058918kk84s3it,J. Müller,Jannik Müller,32,Defender,Germany,Defender,52.0,20.0,5.0,72.0,3.0,0.0,2.0,2.0,0.0,8.0,18.0,0.0,1.0,180.0,0.0,3.0,0.0,3.0,2.0,2.0,1.0,0.0,1.0,0.0,0.0,0.0,81.82,41.67,0.0,50.0,0.0,61.54,60.0,75.0,0.2682018204050613,0.0,0.0,0.0,0.0,0.0,4.0,9.0,0.14576195,45.0,26.0,10.0,2.5,36.0,1.5,0.0,1.0,1.0,0.0,4.0,9.0,0.0,0.5,0.0,1.5,0.0,1.5,1.0,1.0,0.5,0.0,0.5,0.0,0.0,0.0,81.82,41.67,0.0,50.0,0.0,61.54,60.0,75.0,0.1341009102025306,0.0,0.0,0.0,0.0,0.0,2.0,4.5,0.072880975,22.5,CB,42,18,56,31,42,27,81,87,39,53,90,45,29,34,79,23,84,95,94,89,44,92,48,47,52,18,39,44,81,34,73,65,60,84,29,42,26,26,35,50,89,58,48,32,11,52,24,34,27,73,82,39,45,87,45,26,34,76,23,79,94,92,85,44,90,48,47,52,18,39,44,81,34,73,65,60,84,29,42,26,26,35,47,82,48,45,2. Bundesliga
Osnabrück,8xvajtyria7w2ejfn2ilwq28i,d0hdy4qxltsfy99ks2uj9yod1,F. Wagner,Fridolin Wagner,28,Midfielder,Germany,Midfielder,30.0,36.0,6.0,65.0,7.0,1.0,1.0,1.0,0.0,14.0,1.0,0.0,0.0,170.0,0.0,4.0,2.0,2.0,2.0,2.0,1.0,1.0,0.0,0.0,0.0,0.0,71.43,66.67,33.33,50.0,0.0,66.67,77.78,50.0,0.0667762231268594,0.1401019769182688,0.0,2.0,0.04797389,0.0,7.0,9.0,0.1958694599999999,36.0,15.882352941176473,19.058823529411764,3.1764705882352944,34.411764705882355,3.7058823529411766,0.5294117647058824,0.5294117647058824,0.5294117647058824,0.0,7.411764705882353,0.5294117647058824,0.0,0.0,0.0,2.117647058823529,1.0588235294117647,1.0588235294117647,1.0588235294117647,1.0588235294117647,0.5294117647058824,0.5294117647058824,0.0,0.0,0.0,0.0,71.43,66.67,33.33,50.0,0.0,66.67,77.78,50.0,0.0353521181259843,0.0741716348390834,0.0,1.0588235294117647,0.0253979417647058,0.0,3.7058823529411766,4.764705882352941,0.1036955964705882,19.058823529411764,DM/CM,41,65,74,40,97,41,37,54,26,81,16,46,15,40,78,51,49,63,62,60,84,31,47,51,51,9,79,79,63,40,85,97,40,32,71,31,57,54,28,60,79,74,62,35,65,71,38,97,35,38,59,26,79,18,46,15,40,76,44,53,62,62,65,88,31,47,51,51,9,79,79,63,40,85,97,40,32,68,31,59,56,28,62,82,74,62,2. Bundesliga
Osnabrück,8xvajtyria7w2ejfn2ilwq28i,dhh6ijia10zku28xmjczqu784,I. Badjie,Ismail Badjie,20,Attacker,Germany,Striker,9.0,6.0,0.0,15.0,0.0,0.0,6.0,2.0,4.0,6.0,1.0,0.0,0.0,125.0,2.0,2.0,2.0,1.0,5.0,5.0,2.0,0.0,1.0,0.0,0.0,0.0,78.95,0.0,0.0,40.0,33.33,35.29,0.0,50.0,0.3341335243095475,0.0,4.0,2.0,0.04888404,0.0,1.0,1.0,0.05707093,6.0,6.48,4.32,0.0,10.8,0.0,0.0,4.32,1.44,2.88,4.32,0.72,0.0,0.0,1.44,1.44,1.44,0.72,3.6,3.6,1.44,0.0,0.72,0.0,0.0,0.0,78.95,0.0,0.0,40.0,33.33,35.29,0.0,50.0,0.2405761375028742,0.0,2.88,1.44,0.0351965088,0.0,0.72,0.72,0.0410910696,4.32,ST,60,8,27,18,13,8,65,38,97,40,53,23,37,58,10,60,67,77,77,65,42,62,38,52,52,67,27,42,50,40,33,17,67,43,12,97,55,47,27,38,32,50,28,77,3,27,23,13,8,80,47,100,47,63,23,37,63,13,70,80,80,77,67,42,70,38,52,52,67,27,42,50,40,33,17,67,50,12,100,57,50,27,47,43,50,40,2. Bundesliga
Osnabrück,8xvajtyria7w2ejfn2ilwq28i,dmmvtfxdbolx1bih0y14xux91,P. Kammerbauer,Patrick Kammerbauer,29,Defender,Germany,Defender,17.0,28.0,2.0,42.0,1.0,5.0,0.0,0.0,0.0,7.0,3.0,0.0,3.0,177.0,0.0,0.0,3.0,1.0,1.0,1.0,0.0,3.0,0.0,0.0,0.0,0.0,75.0,33.33,25.0,0.0,0.0,43.75,33.33,33.33,0.0,0.5591576680940977,0.0,0.0,0.0,0.0,4.0,8.0,0.57498524,22.0,8.64406779661017,14.23728813559322,1.0169491525423728,21.35593220338983,0.5084745762711864,2.5423728813559325,0.0,0.0,0.0,3.5593220338983054,1.5254237288135597,0.0,1.5254237288135597,0.0,0.0,1.5254237288135597,0.5084745762711864,0.5084745762711864,0.5084745762711864,0.0,1.5254237288135597,0.0,0.0,0.0,0.0,75.0,33.33,25.0,0.0,0.0,43.75,33.33,33.33,0.0,0.284317458352931,0.0,0.0,0.0,0.0,2.0338983050847457,4.067796610169491,0.2923653762711864,11.186440677966102,CB,3,44,16,6,16,97,19,27,39,34,15,45,73,34,10,87,40,77,76,40,97,42,48,47,52,3,23,87,40,34,13,26,29,21,97,42,26,26,35,50,77,100,29,3,39,16,6,19,97,19,27,39,29,13,45,74,34,10,87,42,84,81,40,97,42,48,47,52,3,23,87,40,34,13,26,29,21,97,42,26,26,35,52,71,100,29,2. Bundesliga
Osnabrück,8xvajtyria7w2ejfn2ilwq28i,drrl6k05cmazqudm9hyjbsesp,D. Kopacz,David Kopacz,27,Midfielder,Poland,Midfielder,13.0,8.0,1.0,20.0,2.0,4.0,3.0,0.0,3.0,10.0,4.0,1.0,0.0,125.0,1.0,1.0,4.0,1.0,2.0,2.0,2.0,1.0,1.0,0.0,0.0,0.0,55.56,25.0,50.0,100.0,33.33,66.67,66.67,50.0,0.1585625323198555,0.1144920237328758,2.0,1.0,0.02855202,0.0,2.0,2.0,0.03028019,5.0,9.36,5.76,0.72,14.4,1.44,2.88,2.16,0.0,2.16,7.2,2.88,0.72,0.0,0.72,0.72,2.88,0.72,1.44,1.44,1.44,0.72,0.72,0.0,0.0,0.0,55.56,25.0,50.0,100.0,33.33,66.67,66.67,50.0,0.1141650232702959,0.0824342570876705,1.44,0.72,0.0205574544,0.0,1.44,1.44,0.0218017368,3.6,DM/CM,6,3,16,4,57,88,71,21,96,60,59,94,15,84,29,87,28,63,62,84,84,74,47,51,51,3,18,88,91,84,85,85,40,53,68,93,41,47,28,19,24,18,15,12,3,24,3,62,94,94,21,100,76,68,97,15,88,29,94,35,71,71,91,94,82,47,51,51,3,18,88,91,84,85,85,40,71,79,100,47,44,28,18,29,18,15,2. Bundesliga
Wolfsburg,a8l3w3n0j99qjlsxj3jnmgkz1,2mwe6l0eu1tisri3eu26fx8x6,K. Fischer,Kilian Fischer,25,Defender,Germany,Defender,14.0,23.0,0.0,37.0,1.0,1.0,1.0,0.0,1.0,10.0,3.0,0.0,0.0,91.0,0.0,1.0,2.0,4.0,0.0,0.0,0.0,0.0,0.0,0.0,0.0,0.0,78.72,0.0,0.0,0.0,0.0,62.5,33.33,57.14,0.0,0.0,0.0,0.0,0.0,0.0,0.0,0.0,0.0,0.0,13.846153846153848,22.747252747252748,0.0,36.59340659340659,0.989010989010989,0.989010989010989,0.989010989010989,0.0,0.989010989010989,9.89010989010989,2.967032967032967,0.0,0.0,0.0,0.989010989010989,1.978021978021978,3.956043956043956,0.0,0.0,0.0,0.0,0.0,0.0,0.0,0.0,78.72,0.0,0.0,0.0,0.0,62.5,33.33,57.14,0.0,0.0,0.0,0.0,0.0,0.0,0.0,0.0,0.0,0.0,RB/RCB,19,38,14,24,26,48,36,19,62,69,48,50,14,38,29,71,86,12,12,24,31,33,43,50,52,33,14,31,24,38,64,21,33,12,14,29,12,12,14,7,7,5,5,57,86,14,67,48,76,52,19,71,100,52,50,14,38,43,90,100,12,12,24,31,33,43,50,52,33,14,31,24,38,64,21,33,12,14,29,12,12,14,7,7,5,5,2. Bundesliga
Wolfsburg,a8l3w3n0j99qjlsxj3jnmgkz1,4kolmisdpprx0wrahisadl5n9,E. Rexhbeçaj,Elvis Rexhbeçaj,28,Midfielder,Kosovo,Midfielder,42.0,33.0,2.0,73.0,0.0,6.0,0.0,0.0,0.0,7.0,4.0,0.0,3.0,171.0,0.0,0.0,1.0,3.0,1.0,2.0,0.0,2.0,0.0,0.0,0.0,0.0,80.22,20.0,33.33,0.0,0.0,46.67,0.0,50.0,0.0,0.5757308799425874,0.0,0.0,0.0,1.0,8.0,6.0,0.22408239,35.0,22.105263157894736,17.36842105263158,1.0526315789473684,38.42105263157895,0.0,3.1578947368421053,0.0,0.0,0.0,3.68421052631579,2.1052631578947367,0.0,1.5789473684210529,0.0,0.0,0.5263157894736842,1.5789473684210529,0.5263157894736842,1.0526315789473684,0.0,1.0526315789473684,0.0,0.0,0.0,0.0,80.22,20.0,33.33,0.0,0.0,46.67,0.0,50.0,0.0,0.3030162526013618,0.0,0.0,0.0,0.5263157894736842,4.2105263157894735,3.1578947368421053,0.1179381,18.42105263157895,DM/CM,72,57,35,51,10,97,13,21,26,46,59,46,85,40,13,22,72,40,62,24,97,31,47,51,51,35,7,79,24,40,47,15,40,13,97,31,16,16,66,66,51,79,53,68,53,35,44,10,97,13,21,26,44,57,46,85,40,13,26,71,37,59,24,97,31,47,51,51,35,7,79,24,40,47,15,40,13,97,31,16,16,68,65,47,79,56,2. Bundesliga
Wolfsburg,a8l3w3n0j99qjlsxj3jnmgkz1,65v1s740zfmpwkc0z1v3aisd0,M. Damar,Muhammed Damar,22,Midfielder,Germany,Midfielder,31.0,49.0,3.0,80.0,0.0,1.0,7.0,1.0,6.0,8.0,2.0,0.0,1.0,163.0,2.0,3.0,5.0,0.0,4.0,4.0,2.0,0.0,2.0,0.0,0.0,0.0,82.47,37.5,0.0,50.0,28.57,40.0,0.0,0.0,0.4801925721253159,0.0886413932516138,4.0,4.0,0.08511078,2.0,9.0,11.0,0.33787573,40.0,17.116564417177916,27.05521472392638,1.656441717791411,44.171779141104295,0.0,0.5521472392638037,3.8650306748466257,0.5521472392638037,3.312883435582822,4.41717791411043,1.1042944785276074,0.0,0.5521472392638037,1.1042944785276074,1.656441717791411,2.7607361963190185,0.0,2.208588957055215,2.208588957055215,1.1042944785276074,0.0,1.1042944785276074,0.0,0.0,0.0,82.47,37.5,0.0,50.0,28.57,40.0,0.0,0.0,0.2651370030139781,0.0489431005683757,2.208588957055215,2.208588957055215,0.0469936822085889,1.1042944785276074,4.969325153374233,6.07361963190184,0.1865571515337423,22.085889570552148,CM/AM,100,90,72,100,32,22,100,57,100,65,82,42,52,88,45,82,18,75,75,70,28,78,40,52,50,80,48,28,57,75,30,32,18,100,25,98,52,40,68,88,88,85,100,100,95,70,95,32,20,100,60,100,45,80,42,50,85,40,85,18,75,75,70,28,80,40,52,50,80,48,28,57,75,30,32,18,85,20,95,55,40,60,80,90,75,95,2. Bundesliga
Wolfsburg,a8l3w3n0j99qjlsxj3jnmgkz1,adi6l78sdvet408eho4fi4xk9,Vini Souza,Vinicius de Souza Costa,27,Midfielder,Brazil,Midfielder,35.0,60.0,5.0,94.0,1.0,2.0,2.0,1.0,1.0,12.0,4.0,0.0,0.0,171.0,0.0,2.0,2.0,2.0,1.0,1.0,1.0,1.0,1.0,0.0,0.0,0.0,85.45,100.0,100.0,100.0,0.0,66.67,50.0,25.0,0.1434459367548405,0.1494838954211138,0.0,4.0,0.07942094,0.0,14.0,13.0,0.36678535,57.0,18.42105263157895,31.57894736842105,2.631578947368421,49.47368421052632,0.5263157894736842,1.0526315789473684,1.0526315789473684,0.5263157894736842,0.5263157894736842,6.315789473684211,2.1052631578947367,0.0,0.0,0.0,1.0526315789473684,1.0526315789473684,1.0526315789473684,0.5263157894736842,0.5263157894736842,0.5263157894736842,0.5263157894736842,0.5263157894736842,0.0,0.0,0.0,85.45,100.0,100.0,100.0,0.0,66.67,50.0,25.0,0.075497861449916,0.0786757344321651,0.0,2.1052631578947367,0.0418004947368421,0.0,7.36842105263158,6.842105263157895,0.1930449210526316,30.0,DM/CM,50,90,65,79,34,71,54,54,66,75,59,46,15,40,46,51,49,40,38,60,84,74,47,51,51,54,97,99,91,40,85,56,24,50,76,31,79,79,28,88,91,88,88,50,88,62,82,32,74,56,56,68,71,57,46,15,40,47,41,50,37,35,62,85,74,47,51,51,54,97,99,91,40,85,56,24,47,76,31,76,76,28,88,94,88,88,2. Bundesliga
Wolfsburg,a8l3w3n0j99qjlsxj3jnmgkz1,al6dgtinz0ki8uj8wrvc7fg2c,S. Kumbedi,Saël Kumbedi,21,Defender,France,Defender,30.0,44.0,2.0,73.0,2.0,3.0,2.0,0.0,2.0,8.0,5.0,0.0,1.0,180.0,0.0,3.0,1.0,2.0,5.0,5.0,2.0,1.0,2.0,0.0,0.0,0.0,83.91,33.33,50.0,40.0,0.0,40.0,66.67,66.67,0.1061735985119492,0.1724271724003087,1.0,6.0,0.12480418,1.0,8.0,9.0,0.19316434,50.0,15.0,22.0,1.0,36.5,1.0,1.5,1.0,0.0,1.0,4.0,2.5,0.0,0.5,0.0,1.5,0.5,1.0,2.5,2.5,1.0,0.5,1.0,0.0,0.0,0.0,83.91,33.33,50.0,40.0,0.0,40.0,66.67,66.67,0.0530867992559746,0.0862135862001543,0.5,3.0,0.06240209,0.5,4.0,4.5,0.09658217,25.0,LB/LCB,37,84,18,63,50,82,87,37,95,53,53,50,39,42,79,42,61,97,97,82,53,97,47,53,53,74,21,84,53,42,16,87,63,79,58,84,84,79,42,74,76,53,79,26,68,13,47,42,82,84,37,95,37,53,50,39,42,71,39,53,95,95,79,45,95,47,53,53,74,21,84,53,42,16,87,63,79,47,76,84,79,34,74,66,53,79,2. Bundesliga
Wolfsburg,a8l3w3n0j99qjlsxj3jnmgkz1,b3y2ov2ju75fr5u5e2rerj1ex,F. Hornby,Fraser Hornby,26,Attacker,Scotland,Striker,9.0,24.0,0.0,33.0,2.0,1.0,4.0,3.0,1.0,6.0,0.0,0.0,0.0,113.0,2.0,4.0,2.0,1.0,2.0,2.0,1.0,0.0,1.0,0.0,0.0,0.0,82.5,0.0,0.0,50.0,50.0,66.67,66.67,100.0,0.5948573136086139,0.0552451461541883,0.0,1.0,0.02953272,1.0,3.0,2.0,0.0368821799999998,14.0,7.168141592920354,19.11504424778761,0.0,26.283185840707965,1.592920353982301,0.7964601769911505,3.185840707964602,2.3893805309734515,0.7964601769911505,4.778761061946903,0.0,0.0,0.0,1.592920353982301,3.185840707964602,1.592920353982301,0.7964601769911505,1.592920353982301,1.592920353982301,0.7964601769911505,0.0,0.7964601769911505,0.0,0.0,0.0,82.5,0.0,0.0,50.0,50.0,66.67,66.67,100.0,0.4737801612811969,0.0440005588838667,0.0,0.7964601769911505,0.02352163539823,0.7964601769911505,2.3893805309734515,1.592920353982301,0.0293751876106193,11.150442477876108,ST,60,77,27,80,58,32,52,53,52,40,20,23,37,58,28,60,67,48,48,47,42,62,38,52,52,87,27,42,63,63,92,97,90,63,30,15,35,40,62,72,57,37,80,80,100,27,93,72,42,63,63,65,63,20,23,37,73,37,77,83,53,53,53,42,73,38,52,52,87,27,42,63,63,92,97,90,73,30,15,43,40,70,90,73,40,100,2. Bundesliga
Wolfsburg,a8l3w3n0j99qjlsxj3jnmgkz1,bb1x3kz4wsx5pjpymhw5mmve2,A. Bernhardsson,Alexander Bernhardsson,27,Attacker,Sweden,Striker,7.0,31.0,1.0,36.0,2.0,2.0,1.0,1.0,0.0,14.0,5.0,0.0,1.0,166.0,1.0,6.0,5.0,1.0,9.0,9.0,5.0,2.0,0.0,1.0,0.0,0.0,69.23,100.0,40.0,55.56,100.0,48.28,33.33,50.0,0.0625608843681456,0.2974935966464336,1.0,4.0,0.12941952,2.0,5.0,7.0,0.48302995,16.0,3.795180722891566,16.807228915662648,0.5421686746987951,19.518072289156624,1.0843373493975903,1.0843373493975903,0.5421686746987951,0.5421686746987951,0.0,7.590361445783132,2.710843373493976,0.0,0.5421686746987951,0.5421686746987951,3.2530120481927707,2.710843373493976,0.5421686746987951,4.879518072289156,4.879518072289156,2.710843373493976,1.0843373493975903,0.0,0.5421686746987951,0.0,0.0,69.23,100.0,40.0,55.56,100.0,48.28,33.33,50.0,0.033918551765862,0.1612917090251748,0.5421686746987951,2.1686746987951806,0.0701672096385542,1.0843373493975903,2.710843373493976,3.795180722891566,0.2618837078313252,8.674698795180722,ST,43,97,67,87,58,62,10,18,15,90,100,23,80,35,45,97,67,95,93,93,90,25,85,52,52,27,92,90,75,100,77,50,67,13,80,48,80,73,82,97,93,97,92,37,93,70,87,52,62,8,15,15,87,97,23,80,35,40,97,67,97,93,97,90,25,85,52,52,27,92,90,75,100,77,50,67,10,77,48,78,67,83,97,93,97,90,2. Bundesliga
Wolfsburg,a8l3w3n0j99qjlsxj3jnmgkz1,bbfl8vdz0htr9pcl641q9byl1,F. Reese,Fabian Reese,28,Attacker,Germany,Striker,19.0,37.0,1.0,56.0,1.0,6.0,8.0,4.0,4.0,11.0,0.0,1.0,2.0,180.0,1.0,10.0,0.0,1.0,9.0,10.0,5.0,0.0,2.0,0.0,0.0,0.0,81.16,50.0,0.0,55.56,12.5,68.75,50.0,20.0,0.3683679397348965,0.4960107899511185,4.0,8.0,0.20522383,0.0,4.0,7.0,0.39116133,18.0,9.5,18.5,0.5,28.0,0.5,3.0,4.0,2.0,2.0,5.5,0.0,0.5,1.0,0.5,5.0,0.0,0.5,4.5,5.0,2.5,0.0,1.0,0.0,0.0,0.0,81.16,50.0,0.0,55.56,12.5,68.75,50.0,20.0,0.1841839698674482,0.2480053949755592,2.0,4.0,0.102611915,0.0,2.0,3.5,0.195580665,9.0,ST,95,100,67,100,37,97,80,63,97,78,20,62,93,35,78,15,67,95,97,93,42,83,38,52,52,80,65,42,75,23,97,75,50,47,93,97,98,90,27,83,93,93,100,90,97,55,100,27,97,72,58,95,75,20,53,90,23,75,15,55,93,97,90,42,78,38,52,52,80,65,42,75,23,97,75,50,43,93,93,98,90,27,77,90,93,93,2. Bundesliga
Wolfsburg,a8l3w3n0j99qjlsxj3jnmgkz1,e7if3ma2jblaurrokcxadk0k5,R. Glatzel,Robert Glatzel,32,Attacker,Germany,Striker,6.0,18.0,0.0,24.0,2.0,1.0,2.0,1.0,1.0,3.0,0.0,0.0,0.0,113.0,1.0,3.0,1.0,0.0,0.0,0.0,0.0,0.0,0.0,0.0,0.0,0.0,77.42,0.0,0.0,0.0,50.0,27.27,40.0,0.0,0.1151001627927872,0.0841101427082218,1.0,2.0,0.12740234,0.0,1.0,3.0,0.04059245,7.0,4.778761061946903,14.336283185840708,0.0,19.11504424778761,1.592920353982301,0.7964601769911505,1.592920353982301,0.7964601769911505,0.7964601769911505,2.3893805309734515,0.0,0.0,0.0,0.7964601769911505,2.3893805309734515,0.7964601769911505,0.0,0.0,0.0,0.0,0.0,0.0,0.0,0.0,0.0,77.42,0.0,0.0,0.0,50.0,27.27,40.0,0.0,0.0916726960296535,0.0669903791481412,0.7964601769911505,1.592920353982301,0.1014708902654867,0.0,0.7964601769911505,2.3893805309734515,0.0323302699115044,5.575221238938053,ST,32,65,27,57,58,32,22,18,52,13,20,23,37,35,18,37,25,13,13,20,42,25,38,52,52,60,27,42,20,63,22,60,25,17,37,48,55,70,27,38,73,40,43,50,87,27,80,72,42,30,23,65,20,20,23,37,47,27,40,25,13,13,20,42,25,38,52,52,60,27,42,20,63,22,60,25,17,43,60,67,87,27,50,77,47,60,2. Bundesliga
Wolfsburg,a8l3w3n0j99qjlsxj3jnmgkz1,eeam67v6h8omb3tt9run8k7bo,M. Angély,Mathys Angély,19,Defender,France,Defender,29.0,34.0,1.0,63.0,0.0,1.0,1.0,0.0,1.0,1.0,3.0,0.0,1.0,90.0,0.0,1.0,0.0,0.0,0.0,0.0,0.0,0.0,0.0,0.0,0.0,0.0,92.65,50.0,0.0,0.0,0.0,14.29,0.0,0.0,0.0,0.0,0.0,0.0,0.0,0.0,0.0,0.0,0.0,0.0,29.0,34.0,1.0,63.0,0.0,1.0,1.0,0.0,1.0,1.0,3.0,0.0,1.0,0.0,1.0,0.0,0.0,0.0,0.0,0.0,0.0,0.0,0.0,0.0,0.0,92.65,50.0,0.0,0.0,0.0,14.29,0.0,0.0,0.0,0.0,0.0,0.0,0.0,0.0,0.0,0.0,0.0,0.0,CB,16,71,8,23,6,65,52,27,85,3,15,45,29,34,35,23,13,32,32,40,44,42,48,47,52,97,60,44,40,34,3,13,13,21,29,42,26,26,35,13,13,13,13,47,97,11,87,6,76,73,27,95,3,26,45,48,34,58,23,13,32,32,40,44,42,48,47,52,97,60,44,40,34,3,13,13,21,29,42,26,26,35,13,13,13,13,2. Bundesliga
Wolfsburg,a8l3w3n0j99qjlsxj3jnmgkz1,effmy99qczj7w9kb28u5y7mqd,H. Wahl,Hauke Wahl,32,Defender,Germany,Defender,84.0,55.0,8.0,139.0,4.0,3.0,1.0,0.0,1.0,8.0,10.0,0.0,7.0,180.0,0.0,1.0,0.0,4.0,0.0,0.0,0.0,0.0,0.0,0.0,0.0,0.0,90.26,50.0,0.0,0.0,0.0,66.67,80.0,100.0,0.0832569410298958,0.1464978266313585,0.0,3.0,0.06515358,2.0,13.0,8.0,0.4474420799999999,79.0,42.0,27.5,4.0,69.5,2.0,1.5,0.5,0.0,0.5,4.0,5.0,0.0,3.5,0.0,0.5,0.0,2.0,0.0,0.0,0.0,0.0,0.0,0.0,0.0,0.0,90.26,50.0,0.0,0.0,0.0,66.67,80.0,100.0,0.0416284705149479,0.0732489133156792,0.0,1.5,0.03257679,1.0,6.5,4.0,0.2237210399999999,39.5,CB,100,97,82,100,58,90,52,27,85,53,52,45,100,34,35,23,94,32,32,40,44,42,48,47,52,77,60,44,40,34,85,100,82,48,77,42,89,90,94,94,77,97,97,97,90,77,94,55,89,47,27,84,45,48,45,100,34,26,23,89,32,32,40,44,42,48,47,52,77,60,44,40,34,85,100,82,45,77,42,81,81,92,90,66,97,87,2. Bundesliga
