Team,contestantId,playerId,Short Name,Player Name,Age,Position_x,Nationality,Position_y,total accurate back zone pass_Total,total accurate fwd zone pass_Total,total accurate long balls_Total,total accurate pass_Total,total aerial won_Total,total duels won_Total,total effective clearance_Total,total interception_Total,total mins played,total touches in opposition box_Total,total was fouled_Total,total won tackle_Total,total assists_Total,total att assist_Total,total attempt_Total,total attempts ibox_Total,total blocked scoring att_Total,total contest_Total,total dribbles attempted_Total,total goals_Total,total ontarget attempt_Total,total accurate cross_Total,total attempts obox_Total,total won contest_Total,total big chances saved_Total,total direct corner goals_Total,total direct setpiece goals_Total,pass_success_pct_Total,long_balls_success_pct_Total,cross_success_pct_Total,dribble_success_pct_Total,attempt_success_pct_Total,duel_success_pct_Total,aerial_success_pct_Total,tackle_success_pct_Total,xG_Total,xA_Total,CreatedOwnShot_Total,Total Carries_Total,Total Carry xT_Total,Total Final Third Carries_Total,passes_into_final_third_Total,progressive_passes_Total,xT_pass_Total,forward_passes_Total,total accurate back zone pass_p90,total accurate fwd zone pass_p90,total accurate long balls_p90,total accurate pass_p90,total aerial won_p90,total duels won_p90,total effective clearance_p90,total interception_p90,total touches in opposition box_p90,total was fouled_p90,total won tackle_p90,total assists_p90,total att assist_p90,total attempt_p90,total attempts ibox_p90,total blocked scoring att_p90,total contest_p90,total dribbles attempted_p90,total goals_p90,total ontarget attempt_p90,total accurate cross_p90,total attempts obox_p90,total won contest_p90,total big chances saved_p90,total direct corner goals_p90,total direct setpiece goals_p90,pass_success_pct_p90,long_balls_success_pct_p90,cross_success_pct_p90,dribble_success_pct_p90,attempt_success_pct_p90,duel_success_pct_p90,aerial_success_pct_p90,tackle_success_pct_p90,xG_p90,xA_p90,CreatedOwnShot_p90,Total Carries_p90,Total Carry xT_p90,Total Final Third Carries_p90,passes_into_final_third_p90,progressive_passes_p90,xT_pass_p90,forward_passes_p90,Pos.,total accurate back zone pass_TotalPR,total accurate fwd zone pass_TotalPR,total accurate long balls_TotalPR,total accurate pass_TotalPR,total aerial won_TotalPR,total duels won_TotalPR,total effective clearance_TotalPR,total interception_TotalPR,total touches in opposition box_TotalPR,total was fouled_TotalPR,total won tackle_TotalPR,total assists_TotalPR,total att assist_TotalPR,total attempt_TotalPR,total attempts ibox_TotalPR,total blocked scoring att_TotalPR,total contest_TotalPR,total dribbles attempted_TotalPR,total goals_TotalPR,total ontarget attempt_TotalPR,total accurate cross_TotalPR,total attempts obox_TotalPR,total won contest_TotalPR,total big chances saved_TotalPR,total direct corner goals_TotalPR,total direct setpiece goals_TotalPR,pass_success_pct_TotalPR,long_balls_success_pct_TotalPR,cross_success_pct_TotalPR,dribble_success_pct_TotalPR,attempt_success_pct_TotalPR,duel_success_pct_TotalPR,aerial_success_pct_TotalPR,tackle_success_pct_TotalPR,xG_TotalPR,xA_TotalPR,CreatedOwnShot_TotalPR,Total Carries_TotalPR,Total Carry xT_TotalPR,Total Final Third Carries_TotalPR,passes_into_final_third_TotalPR,progressive_passes_TotalPR,xT_pass_TotalPR,forward_passes_TotalPR,total accurate back zone pass_p90PR,total accurate fwd zone pass_p90PR,total accurate long balls_p90PR,total accurate pass_p90PR,total aerial won_p90PR,total duels won_p90PR,total effective clearance_p90PR,total interception_p90PR,total touches in opposition box_p90PR,total was fouled_p90PR,total won tackle_p90PR,total assists_p90PR,total att assist_p90PR,total attempt_p90PR,total attempts ibox_p90PR,total blocked scoring att_p90PR,total contest_p90PR,total dribbles attempted_p90PR,total goals_p90PR,total ontarget attempt_p90PR,total accurate cross_p90PR,total attempts obox_p90PR,total won contest_p90PR,total big chances saved_p90PR,total direct corner goals_p90PR,total direct setpiece goals_p90PR,pass_success_pct_p90PR,long_balls_success_pct_p90PR,cross_success_pct_p90PR,dribble_success_pct_p90PR,attempt_success_pct_p90PR,duel_success_pct_p90PR,aerial_success_pct_p90PR,tackle_success_pct_p90PR,xG_p90PR,xA_p90PR,CreatedOwnShot_p90PR,Total Carries_p90PR,Total Carry xT_p90PR,Total Final Third Carries_p90PR,passes_into_final_third_p90PR,progressive_passes_p90PR,xT_pass_p90PR,forward_passes_p90PR,League
ADO Den Haag,e8hiwrw6ocxm5iht6sp7jiv19,1ainxl6zw3ne3doloixspdez8,P. Mulder,Pascal Mulder,27,Defender,Netherlands,Defender,113.0,34.0,13.0,147.0,8.0,15.0,10.0,12.0,253.0,4.0,4.0,1.0,0.0,1.0,1.0,1.0,0.0,0.0,0.0,0.0,0.0,0.0,0.0,0.0,0.0,0.0,0.0,86.98,56.52,0.0,0.0,0.0,57.69,66.67,33.33,0.1239687321860675,0.0475886374467249,0.0,2.0,0.03932202,0.0,11.0,16.0,0.3572646599999999,88.0,40.19762845849802,12.094861660079053,4.624505928853755,52.29249011857708,2.845849802371541,5.335968379446641,3.557312252964427,4.2687747035573125,1.4229249011857708,1.4229249011857708,0.3557312252964427,0.0,0.3557312252964427,0.3557312252964427,0.3557312252964427,0.0,0.0,0.0,0.0,0.0,0.0,0.0,0.0,0.0,0.0,0.0,86.98,56.52,0.0,0.0,0.0,57.69,66.67,33.33,0.0440995489989963,0.0169287643091116,0.0,0.7114624505928854,0.0139880703557312,0.0,3.91304347826087,5.691699604743083,0.1270901952569169,31.30434782608696,CB,96,47,91,77,88,89,61,100,78,91,26,46,73,45,59,37,27,27,41,30,45,36,37,47,51,51,36,79,45,37,30,70,81,14,47,62,37,57,56,32,68,82,83,77,85,32,91,51,83,77,45,100,70,81,17,46,77,40,55,37,27,27,41,30,45,36,37,47,51,51,36,79,45,37,30,70,81,14,43,60,37,55,51,32,60,74,77,70,Eredivisie
ADO Den Haag,e8hiwrw6ocxm5iht6sp7jiv19,1cfenhtdvum1vtwn1fd01fzhm,J. Kilo,Juho Kilo,24,Midfielder,Finland,Midfielder,121.0,81.0,9.0,198.0,1.0,10.0,10.0,2.0,270.0,2.0,1.0,4.0,0.0,5.0,1.0,0.0,0.0,0.0,0.0,0.0,1.0,4.0,1.0,0.0,0.0,0.0,0.0,90.41,56.25,44.44,0.0,100.0,45.45,0.0,50.0,0.0611687655132549,0.4206311053799621,0.0,5.0,0.10214706,1.0,16.0,13.0,0.3380050700000001,105.0,40.333333333333336,27.0,3.0,66.0,0.3333333333333333,3.333333333333333,3.333333333333333,0.6666666666666666,0.6666666666666666,0.3333333333333333,1.3333333333333333,0.0,1.6666666666666667,0.3333333333333333,0.0,0.0,0.0,0.0,0.0,0.3333333333333333,1.3333333333333333,0.3333333333333333,0.0,0.0,0.0,0.0,90.41,56.25,44.44,0.0,100.0,45.45,0.0,50.0,0.0203895885044183,0.1402103684599873,0.0,1.6666666666666667,0.03404902,0.3333333333333333,5.333333333333333,4.333333333333333,0.1126683566666666,35.0,DM/CM,100,83,98,100,28,71,95,48,31,33,84,41,84,24,17,31,17,16,45,60,95,52,21,52,50,50,69,55,79,21,91,34,17,43,21,90,26,66,62,45,97,79,72,97,100,66,88,97,21,38,86,38,19,17,69,41,74,9,17,31,17,16,45,47,90,34,21,52,50,50,69,55,79,21,91,34,17,43,17,86,26,41,38,38,79,66,55,90,Eredivisie
ADO Den Haag,e8hiwrw6ocxm5iht6sp7jiv19,1sb4655mgzrdohlltyk9fqlzp,D. van Mieghem,Daryl van Mieghem,36,Attacker,Netherlands,Striker,14.0,27.0,4.0,39.0,1.0,7.0,0.0,1.0,215.0,2.0,4.0,0.0,0.0,2.0,3.0,1.0,1.0,5.0,5.0,0.0,0.0,2.0,2.0,0.0,0.0,0.0,0.0,58.21,36.36,18.18,0.0,0.0,53.85,50.0,0.0,0.2456124295534967,0.2236407505597372,0.0,3.0,0.0932371499999999,0.0,8.0,9.0,0.30535903,22.0,5.8604651162790695,11.30232558139535,1.6744186046511629,16.325581395348838,0.4186046511627907,2.9302325581395348,0.0,0.4186046511627907,0.8372093023255814,1.6744186046511629,0.0,0.0,0.8372093023255814,1.255813953488372,0.4186046511627907,0.4186046511627907,2.0930232558139537,2.0930232558139537,0.0,0.0,0.8372093023255814,0.8372093023255814,0.0,0.0,0.0,0.0,58.21,36.36,18.18,0.0,0.0,53.85,50.0,0.0,0.1028145053944869,0.0936170583738434,0.0,1.255813953488372,0.0390295046511627,0.0,3.3488372093023258,3.767441860465116,0.1278247102325581,9.209302325581396,RW,65,38,81,42,42,23,27,62,15,88,15,42,38,27,23,35,46,46,38,12,65,46,15,54,54,54,8,54,46,15,12,77,69,15,31,38,12,27,31,12,92,69,69,62,54,38,77,38,38,31,27,69,15,85,15,42,38,23,15,31,38,38,38,12,62,38,15,54,54,54,8,54,46,15,12,77,69,15,31,31,12,23,23,12,85,62,54,54,Eredivisie
ADO Den Haag,e8hiwrw6ocxm5iht6sp7jiv19,4isvhkgvsyqhoyvwd38agic5w,M. Hokke,Milan Hokke,22,Defender,Netherlands,Defender,98.0,43.0,20.0,139.0,4.0,14.0,11.0,0.0,270.0,5.0,1.0,4.0,1.0,8.0,2.0,1.0,1.0,2.0,2.0,0.0,1.0,2.0,1.0,1.0,0.0,0.0,0.0,81.29,58.82,40.0,50.0,50.0,48.28,40.0,50.0,0.1640875452433601,0.5829683571828128,1.0,1.0,0.06442595,0.0,15.0,16.0,0.47227257,71.0,32.666666666666664,14.333333333333334,6.666666666666667,46.333333333333336,1.3333333333333333,4.666666666666667,3.6666666666666665,0.0,1.6666666666666667,0.3333333333333333,1.3333333333333333,0.3333333333333333,2.6666666666666665,0.6666666666666666,0.3333333333333333,0.3333333333333333,0.6666666666666666,0.6666666666666666,0.0,0.3333333333333333,0.6666666666666666,0.3333333333333333,0.3333333333333333,0.0,0.0,0.0,81.29,58.82,40.0,50.0,50.0,48.28,40.0,50.0,0.0546958484144533,0.1943227857276042,0.3333333333333333,0.3333333333333333,0.0214753166666666,0.0,5.0,5.333333333333333,0.15742419,23.666666666666668,CB,78,57,100,68,62,80,69,11,90,43,87,96,100,73,59,85,90,88,41,76,98,82,82,47,51,51,21,81,96,78,72,19,36,30,64,100,85,41,66,32,78,82,89,63,52,43,98,38,44,57,47,11,80,34,73,91,100,56,45,80,79,77,41,64,98,76,78,47,51,51,21,81,96,78,72,19,36,30,47,98,78,35,60,32,70,72,85,46,Eredivisie
ADO Den Haag,e8hiwrw6ocxm5iht6sp7jiv19,4ouevb38lo7m55o5y77icg5xw,F. de Bruin,Finn de Bruin,22,Midfielder,Netherlands,Midfielder,30.0,24.0,2.0,54.0,1.0,2.0,6.0,3.0,131.0,5.0,0.0,1.0,1.0,2.0,6.0,3.0,2.0,0.0,0.0,0.0,0.0,0.0,3.0,0.0,0.0,0.0,0.0,84.38,40.0,0.0,0.0,0.0,40.0,50.0,100.0,0.4418572480574769,0.1977669544755921,3.0,3.0,0.05989546,1.0,4.0,6.0,0.1891871,24.0,20.610687022900763,16.48854961832061,1.3740458015267176,37.099236641221374,0.6870229007633588,1.3740458015267176,4.122137404580153,2.0610687022900764,3.435114503816794,0.0,0.6870229007633588,0.6870229007633588,1.3740458015267176,4.122137404580153,2.0610687022900764,1.3740458015267176,0.0,0.0,0.0,0.0,0.0,2.0610687022900764,0.0,0.0,0.0,0.0,84.38,40.0,0.0,0.0,0.0,40.0,50.0,100.0,0.3035660482837627,0.1358704267389564,2.0610687022900764,2.0610687022900764,0.0411495526717557,0.6870229007633588,2.748091603053436,4.122137404580153,0.1299758702290076,16.48854961832061,DM/CM,41,21,29,26,28,3,76,71,74,9,33,91,53,91,88,91,17,16,45,22,31,88,21,52,50,50,38,28,31,21,22,17,72,91,90,62,97,41,34,45,38,40,41,31,69,38,41,48,43,3,97,90,86,9,45,100,66,100,97,97,17,16,45,22,31,100,21,52,50,50,38,28,31,21,22,17,72,91,97,79,100,55,48,59,45,59,66,41,Eredivisie
ADO Den Haag,e8hiwrw6ocxm5iht6sp7jiv19,5f8ajd8cgyvmmdzr0lzi1gtii,E. Rottier,Evan Rottier,24,Attacker,Netherlands,Striker,12.0,18.0,1.0,30.0,5.0,10.0,3.0,0.0,175.0,8.0,3.0,0.0,0.0,2.0,3.0,3.0,1.0,0.0,1.0,1.0,1.0,0.0,0.0,0.0,0.0,0.0,0.0,65.22,25.0,0.0,0.0,33.33,50.0,62.5,0.0,0.3614003864637378,0.1424433205654839,1.0,4.0,0.18457693,1.0,1.0,2.0,0.05257222,12.0,6.171428571428572,9.257142857142858,0.5142857142857143,15.428571428571429,2.571428571428572,5.142857142857143,1.542857142857143,0.0,4.114285714285715,1.542857142857143,0.0,0.0,1.0285714285714287,1.542857142857143,1.542857142857143,0.5142857142857143,0.0,0.5142857142857143,0.5142857142857143,0.5142857142857143,0.0,0.0,0.0,0.0,0.0,0.0,65.22,25.0,0.0,0.0,33.33,50.0,62.5,0.0,0.1858630558956366,0.0732565648622488,0.5142857142857143,2.0571428571428574,0.0949252782857142,0.5142857142857143,0.5142857142857143,1.0285714285714287,0.0270371417142857,6.171428571428572,ST,61,60,65,56,66,53,81,39,35,65,31,40,52,21,34,52,11,26,63,34,40,23,19,52,52,52,19,50,40,19,40,61,87,31,29,45,45,71,84,55,50,55,39,76,74,61,61,65,74,61,84,39,39,68,31,40,58,19,39,52,11,29,71,35,40,23,19,52,52,52,19,50,40,19,40,61,87,31,32,52,52,77,81,52,52,58,42,71,Eredivisie
ADO Den Haag,e8hiwrw6ocxm5iht6sp7jiv19,6bd8f7n398r2c92uve249rzmc,O. Raterink,Othniël Raterink,20,Defender,Netherlands,Defender,26.0,18.0,1.0,43.0,0.0,10.0,9.0,0.0,135.0,2.0,1.0,3.0,0.0,3.0,1.0,1.0,0.0,3.0,3.0,0.0,0.0,1.0,0.0,2.0,0.0,0.0,0.0,82.69,33.33,33.33,66.67,0.0,76.92,0.0,42.86,0.0845433831838266,0.2376185182421034,0.0,3.0,0.05883681,1.0,1.0,1.0,0.1137921,15.0,17.333333333333332,12.0,0.6666666666666666,28.666666666666668,0.0,6.666666666666667,6.0,0.0,1.3333333333333333,0.6666666666666666,2.0,0.0,2.0,0.6666666666666666,0.6666666666666666,0.0,2.0,2.0,0.0,0.0,0.6666666666666666,0.0,1.3333333333333333,0.0,0.0,0.0,82.69,33.33,33.33,66.67,0.0,76.92,0.0,42.86,0.0563622554558844,0.1584123454947356,0.0,2.0,0.03922454,0.6666666666666666,0.6666666666666666,0.6666666666666666,0.0758614,10.0,RB/RCB,38,23,23,27,15,54,62,19,35,35,50,42,77,42,62,31,88,88,54,38,62,31,100,54,54,54,54,50,81,92,38,100,19,35,54,77,50,69,69,58,31,31,31,31,54,38,23,46,15,100,100,19,46,50,85,42,85,50,85,31,92,92,54,38,73,31,100,54,54,54,54,50,81,92,38,100,19,35,69,85,50,77,69,69,31,31,38,54,Eredivisie
ADO Den Haag,e8hiwrw6ocxm5iht6sp7jiv19,79jjqihyn4tymsutknadvvpjo,I. de Ruijter,Illaijh de Ruijter,19,Defender,Netherlands,Defender,8.0,19.0,2.0,25.0,1.0,6.0,0.0,0.0,152.0,4.0,2.0,3.0,0.0,2.0,2.0,1.0,0.0,3.0,3.0,0.0,0.0,2.0,1.0,0.0,0.0,0.0,0.0,71.43,66.67,50.0,0.0,0.0,42.86,33.33,100.0,0.1231702341363061,0.2691520610754452,1.0,4.0,0.13602243,1.0,1.0,4.0,0.31358434,13.0,4.7368421052631575,11.25,1.1842105263157894,14.802631578947368,0.5921052631578947,3.5526315789473686,0.0,0.0,2.3684210526315788,1.1842105263157894,1.7763157894736843,0.0,1.1842105263157894,1.1842105263157894,0.5921052631578947,0.0,1.7763157894736843,1.7763157894736843,0.0,0.0,1.1842105263157894,0.5921052631578947,0.0,0.0,0.0,0.0,71.43,66.67,50.0,0.0,0.0,42.86,33.33,100.0,0.072929743896497,0.1593663519525662,0.5921052631578947,2.3684210526315788,0.0805395967105263,0.5921052631578947,0.5921052631578947,2.3684210526315788,0.1856749381578947,7.697368421052632,LB/LCB,8,10,25,10,40,22,5,12,70,48,80,35,35,75,57,30,75,70,52,48,60,88,20,50,52,52,15,88,82,20,48,32,45,90,60,50,82,65,70,52,20,28,55,20,5,35,50,10,50,50,5,12,85,70,90,35,40,95,70,30,85,85,52,48,70,100,20,50,52,52,15,88,82,20,48,32,45,90,90,60,100,75,80,60,20,30,60,25,Eredivisie
ADO Den Haag,e8hiwrw6ocxm5iht6sp7jiv19,7d9x6ojih9obktxl3fnrjskk4,M. Waem,Matteo Waem,26,Defender,Belgium,Defender,76.0,19.0,2.0,95.0,4.0,10.0,12.0,3.0,159.0,1.0,0.0,2.0,0.0,0.0,1.0,0.0,0.0,1.0,1.0,0.0,1.0,0.0,1.0,0.0,0.0,0.0,0.0,90.48,50.0,0.0,0.0,100.0,62.5,66.67,33.33,0.0367823415603722,0.0,1.0,1.0,0.0199707,1.0,6.0,4.0,0.0797595899999999,52.0,43.0188679245283,10.754716981132075,1.1320754716981132,53.77358490566038,2.2641509433962264,5.660377358490567,6.79245283018868,1.69811320754717,0.5660377358490566,0.0,1.1320754716981132,0.0,0.0,0.5660377358490566,0.0,0.0,0.5660377358490566,0.5660377358490566,0.0,0.5660377358490566,0.0,0.5660377358490566,0.0,0.0,0.0,0.0,90.48,50.0,0.0,0.0,100.0,62.5,66.67,33.33,0.0208201933360597,0.0,0.5660377358490566,0.5660377358490566,0.0113041698113207,0.5660377358490566,3.39622641509434,2.2641509433962264,0.045146937735849,29.433962264150946,CB,64,23,21,49,62,57,76,64,35,17,54,46,30,45,20,37,70,68,41,76,45,82,37,47,51,51,67,56,45,37,93,82,81,14,32,30,85,41,44,69,46,41,34,48,94,21,20,55,68,81,87,77,37,17,70,46,30,49,20,37,72,70,41,81,45,87,37,47,51,51,67,56,45,37,93,82,81,14,32,30,91,43,43,72,51,43,34,60,Eredivisie
ADO Den Haag,e8hiwrw6ocxm5iht6sp7jiv19,8kns1kywrlakjwll1cxs19r3e,N. Thomas,Nigel Thomas,25,Attacker,Curaçao,Striker,12.0,20.0,0.0,32.0,0.0,6.0,3.0,0.0,97.0,1.0,0.0,0.0,0.0,1.0,3.0,0.0,2.0,6.0,6.0,0.0,1.0,0.0,3.0,5.0,0.0,0.0,0.0,88.89,0.0,0.0,83.33,33.33,50.0,0.0,0.0,0.1352002219208313,0.1463190616436637,3.0,5.0,0.17028146,2.0,4.0,3.0,0.2347207599999999,5.0,11.134020618556702,18.55670103092784,0.0,29.690721649484537,0.0,5.567010309278351,2.783505154639176,0.0,0.9278350515463918,0.0,0.0,0.0,0.9278350515463918,2.783505154639176,0.0,1.855670103092784,5.567010309278351,5.567010309278351,0.0,0.9278350515463918,0.0,2.783505154639176,4.639175257731959,0.0,0.0,0.0,88.89,0.0,0.0,83.33,33.33,50.0,0.0,0.0,0.1254435048749981,0.1357599541023684,2.783505154639176,4.639175257731959,0.1579931072164948,1.855670103092784,3.711340206185567,2.783505154639176,0.2177821484536081,4.639175257731959,ST,61,66,24,71,10,40,81,39,5,13,31,40,26,21,5,82,76,74,23,34,40,95,92,52,52,52,97,24,40,87,40,61,13,31,10,48,90,79,81,74,84,69,84,27,97,90,24,90,10,68,100,39,6,13,31,40,55,71,5,97,94,94,23,48,40,100,100,52,52,52,97,24,40,87,40,61,13,31,16,71,100,94,97,90,100,84,90,55,Eredivisie
ADO Den Haag,e8hiwrw6ocxm5iht6sp7jiv19,cgnl3msfddxlw37gu1jtiu42c,Y. Eduardo,Yannick Eduardo,20,Attacker,Czechia,Striker,14.0,14.0,0.0,28.0,2.0,11.0,0.0,0.0,215.0,13.0,3.0,0.0,0.0,1.0,4.0,4.0,0.0,5.0,6.0,1.0,1.0,0.0,0.0,4.0,0.0,0.0,0.0,84.85,0.0,0.0,80.0,25.0,47.83,25.0,0.0,0.8383085109883475,0.1041234649111672,1.0,3.0,0.15187321,3.0,0.0,1.0,0.01272776,5.0,5.8604651162790695,5.8604651162790695,0.0,11.72093023255814,0.8372093023255814,4.604651162790698,0.0,0.0,5.441860465116279,1.255813953488372,0.0,0.0,0.4186046511627907,1.6744186046511629,1.6744186046511629,0.0,2.0930232558139537,2.511627906976744,0.4186046511627907,0.4186046511627907,0.0,0.0,1.6744186046511629,0.0,0.0,0.0,84.85,0.0,0.0,80.0,25.0,47.83,25.0,0.0,0.3509198418090757,0.0435865667070002,0.4186046511627907,1.255813953488372,0.0635748320930232,1.255813953488372,0.0,0.4186046511627907,0.0053278995348837,2.0930232558139537,ST,77,37,24,44,45,60,18,39,74,65,31,40,26,37,52,18,66,74,63,34,40,23,84,52,52,52,90,24,40,84,31,55,37,31,81,32,45,61,77,85,18,37,19,27,68,26,24,35,42,52,18,39,58,55,31,40,16,23,45,18,65,74,58,23,40,23,77,52,52,52,90,24,40,84,31,55,37,31,77,35,39,65,74,84,18,29,19,23,Eredivisie
ADO Den Haag,e8hiwrw6ocxm5iht6sp7jiv19,cn74cq8r7zsppzq52p518sums,J. Bal,Jesse Bal,19,Attacker,Netherlands,Striker,4.0,20.0,0.0,24.0,1.0,3.0,1.0,0.0,119.0,4.0,2.0,0.0,0.0,1.0,2.0,1.0,0.0,0.0,0.0,0.0,1.0,0.0,1.0,0.0,0.0,0.0,0.0,77.42,0.0,0.0,0.0,50.0,25.0,20.0,0.0,0.1930350445058335,0.0439404011666797,0.0,1.0,0.02385149,1.0,0.0,1.0,0.1179747999999999,5.0,3.0252100840336134,15.126050420168069,0.0,18.15126050420168,0.7563025210084033,2.26890756302521,0.7563025210084033,0.0,3.0252100840336134,1.512605042016807,0.0,0.0,0.7563025210084033,1.512605042016807,0.7563025210084033,0.0,0.0,0.0,0.0,0.7563025210084033,0.0,0.7563025210084033,0.0,0.0,0.0,0.0,77.42,0.0,0.0,0.0,50.0,25.0,20.0,0.0,0.1459928908027312,0.0332322361764804,0.0,0.7563025210084033,0.0180389420168067,0.7563025210084033,0.0,0.7563025210084033,0.0892246386554621,3.7815126050420167,ST,11,66,24,37,29,8,42,39,13,48,31,40,26,10,13,18,11,10,23,34,40,56,19,52,52,52,65,24,40,19,69,8,31,31,16,16,13,40,35,55,18,37,68,27,16,81,24,77,39,10,53,39,23,65,31,40,42,16,16,18,11,10,23,45,40,74,19,52,52,52,65,24,40,19,69,8,31,31,26,26,13,45,45,68,18,48,77,42,Eredivisie
ADO Den Haag,e8hiwrw6ocxm5iht6sp7jiv19,do5gstk4ks97daehnudehyjxm,J. Žambůrek,Jan Zamburek,25,Midfielder,Czechia,Midfielder,28.0,11.0,2.0,39.0,2.0,10.0,4.0,2.0,106.0,0.0,3.0,3.0,0.0,1.0,1.0,0.0,0.0,0.0,1.0,0.0,0.0,0.0,1.0,0.0,0.0,0.0,0.0,86.67,66.67,0.0,0.0,0.0,55.56,0.0,60.0,0.048493536313029,0.0,1.0,2.0,0.04753382,0.0,3.0,3.0,0.04310499,15.0,23.77358490566038,9.339622641509434,1.6981132075471697,33.11320754716981,1.6981132075471697,8.49056603773585,3.39622641509434,1.6981132075471697,0.0,2.547169811320755,2.547169811320755,0.0,0.8490566037735848,0.8490566037735848,0.0,0.0,0.0,0.8490566037735848,0.0,0.0,0.0,0.8490566037735848,0.0,0.0,0.0,0.0,86.67,66.67,0.0,0.0,0.0,55.56,0.0,60.0,0.0411737572469114,0.0,0.8490566037735848,1.6981132075471697,0.0403589037735849,0.0,2.547169811320755,2.547169811320755,0.0365985764150943,12.735849056603774,DM/CM,38,7,29,14,55,71,59,48,5,76,69,41,28,24,17,31,17,38,45,22,31,52,21,52,50,50,48,71,31,21,22,62,17,60,14,14,66,31,31,19,26,22,17,16,76,14,48,38,72,97,90,76,5,97,100,41,48,45,17,31,17,52,45,22,31,72,21,52,50,50,48,71,31,21,22,62,17,60,28,14,86,45,45,19,38,28,17,28,Eredivisie
ADO Den Haag,e8hiwrw6ocxm5iht6sp7jiv19,eyx1wga1fue6lb5a0ak5f32i2,S. Oumar Sylla,Sékou Sylla,27,Defender,Guinea,Defender,54.0,23.0,3.0,76.0,0.0,8.0,7.0,3.0,246.0,2.0,4.0,2.0,0.0,1.0,2.0,2.0,1.0,1.0,1.0,0.0,0.0,1.0,0.0,0.0,0.0,0.0,0.0,79.17,21.43,33.33,0.0,0.0,38.1,0.0,50.0,0.1580080831733711,0.0329510174019645,1.0,0.0,0.0,0.0,8.0,8.0,0.18981901,31.0,19.756097560975608,8.414634146341463,1.0975609756097562,27.804878048780488,0.0,2.926829268292683,2.5609756097560976,1.0975609756097562,0.7317073170731707,1.4634146341463414,0.7317073170731707,0.0,0.3658536585365853,0.7317073170731707,0.7317073170731707,0.3658536585365853,0.3658536585365853,0.3658536585365853,0.0,0.0,0.3658536585365853,0.0,0.0,0.0,0.0,0.0,79.17,21.43,33.33,0.0,0.0,38.1,0.0,50.0,0.0578078353073308,0.0120552502690114,0.3658536585365853,0.0,0.0,0.0,2.926829268292683,2.926829268292683,0.0694459792682926,11.341463414634148,LB/LCB,90,32,50,60,15,50,57,65,45,82,50,35,18,75,85,78,32,32,52,48,32,38,20,50,52,52,30,15,52,20,48,20,18,35,85,20,82,20,20,22,62,62,35,50,85,20,35,60,15,35,45,60,45,75,50,35,15,75,90,75,30,30,52,48,30,38,20,50,52,52,30,15,52,20,48,20,18,35,75,20,85,20,20,22,55,50,25,55,Eredivisie
Ajax,d0zdg647gvgc95xdtk1vpbkys,1o7se1aziz6fpes5hey7yijft,Caio Henrique,Caio Henrique Oliveira Silva,29,Defender,Brazil,Defender,19.0,46.0,2.0,61.0,1.0,8.0,2.0,1.0,180.0,8.0,2.0,3.0,1.0,6.0,1.0,0.0,0.0,2.0,2.0,0.0,0.0,4.0,1.0,1.0,0.0,0.0,0.0,82.43,40.0,22.22,50.0,0.0,53.33,50.0,75.0,0.0463980243280604,0.4687600468746762,1.0,11.0,0.25468695,4.0,6.0,12.0,0.37763929,37.0,9.5,23.0,1.0,30.5,0.5,4.0,1.0,0.5,4.0,1.0,1.5,0.5,3.0,0.5,0.0,0.0,1.0,1.0,0.0,0.0,2.0,0.5,0.5,0.0,0.0,0.0,82.43,40.0,22.22,50.0,0.0,53.33,50.0,75.0,0.0231990121640302,0.2343800234373381,0.5,5.5,0.127343475,2.0,3.0,6.0,0.188819645,18.5,LB/LCB,30,70,25,45,40,50,10,32,90,48,80,78,88,45,22,30,52,52,52,48,82,88,55,50,52,52,50,52,30,65,48,57,68,70,40,70,82,85,85,75,42,80,60,75,35,80,25,70,45,62,10,40,100,48,75,80,100,50,22,30,52,52,52,48,85,95,60,50,52,52,50,52,30,65,48,57,68,70,45,70,95,90,90,85,60,90,65,75,Eredivisie
Ajax,d0zdg647gvgc95xdtk1vpbkys,2wesmq2wuhnuwh2yhgkuaxqfo,A. Bouwman,Aaron Bouwman,18,Defender,Netherlands,Defender,92.0,87.0,6.0,179.0,5.0,9.0,4.0,1.0,180.0,1.0,1.0,2.0,0.0,0.0,1.0,1.0,0.0,1.0,1.0,0.0,1.0,0.0,0.0,1.0,0.0,0.0,0.0,94.71,50.0,0.0,100.0,100.0,52.94,55.56,100.0,0.1401019769182688,0.0,0.0,1.0,0.0199707,0.0,15.0,18.0,0.2661984600000001,128.0,46.0,43.5,3.0,89.5,2.5,4.5,2.0,0.5,0.5,0.5,1.0,0.0,0.0,0.5,0.5,0.0,0.5,0.5,0.0,0.5,0.0,0.0,0.5,0.0,0.0,0.0,94.71,50.0,0.0,100.0,100.0,52.94,55.56,100.0,0.0700509884591344,0.0,0.0,0.5,0.00998535,0.0,7.5,9.0,0.13309923,64.0,CB,73,94,57,83,72,46,20,32,35,43,54,46,30,45,59,37,70,68,41,76,45,36,82,47,51,51,96,56,45,93,93,50,64,84,51,30,37,41,44,32,78,86,74,90,96,94,63,98,76,52,18,26,31,41,54,46,30,45,62,37,66,65,41,76,45,36,86,47,51,51,96,56,45,93,93,50,64,84,53,30,37,39,38,32,85,90,79,100,Eredivisie
Ajax,d0zdg647gvgc95xdtk1vpbkys,2zkaf848fjcdhuii8783pkm7e,Y. Regeer,Youri Regeer,23,Midfielder,Netherlands,Midfielder,49.0,51.0,7.0,100.0,0.0,3.0,2.0,3.0,151.0,3.0,0.0,1.0,0.0,1.0,2.0,1.0,1.0,0.0,0.0,0.0,1.0,0.0,1.0,0.0,0.0,0.0,0.0,92.59,77.78,0.0,0.0,50.0,27.27,0.0,33.33,0.197482363681982,0.0649161473130587,0.0,5.0,0.10107645,1.0,12.0,11.0,0.25975105,59.0,29.20529801324503,30.397350993377483,4.172185430463576,59.602649006622514,0.0,1.7880794701986755,1.1920529801324502,1.7880794701986755,1.7880794701986755,0.0,0.5960264900662251,0.0,0.5960264900662251,1.1920529801324502,0.5960264900662251,0.5960264900662251,0.0,0.0,0.0,0.5960264900662251,0.0,0.5960264900662251,0.0,0.0,0.0,0.0,92.59,77.78,0.0,0.0,50.0,27.27,0.0,33.33,0.1177047200753535,0.0386917434316243,0.0,2.980132450331126,0.0602442417218543,0.5960264900662251,7.152317880794702,6.556291390728477,0.1548185066225165,35.16556291390729,DM/CM,79,55,83,69,9,10,36,71,53,9,33,41,28,55,55,72,17,16,45,60,31,52,21,52,50,50,86,86,31,21,69,3,17,26,62,38,26,66,55,45,72,71,55,76,93,72,97,83,9,10,41,79,62,9,41,41,34,62,72,81,17,16,45,72,31,66,21,52,50,50,86,86,31,21,69,3,17,26,69,38,26,72,59,47,90,83,79,93,Eredivisie
Ajax,d0zdg647gvgc95xdtk1vpbkys,47l204bkq2qqjhtazusr0019m,Y. Baas,Youri Baas,23,Defender,Netherlands,Defender,67.0,76.0,0.0,143.0,5.0,9.0,12.0,1.0,180.0,3.0,4.0,0.0,0.0,3.0,2.0,1.0,1.0,0.0,0.0,0.0,0.0,0.0,1.0,0.0,0.0,0.0,0.0,94.7,0.0,0.0,0.0,0.0,50.0,41.67,0.0,0.2068354699162107,0.2376427273399289,1.0,5.0,0.09873294,3.0,24.0,20.0,0.37407536,91.0,33.5,38.0,0.0,71.5,2.5,4.5,6.0,0.5,1.5,2.0,0.0,0.0,1.5,1.0,0.5,0.5,0.0,0.0,0.0,0.0,0.0,0.5,0.0,0.0,0.0,0.0,94.7,0.0,0.0,0.0,0.0,50.0,41.67,0.0,0.1034177349581053,0.1188213636699644,0.5,2.5,0.04936647,1.5,12.0,10.0,0.18703768,45.5,CB,57,85,2,70,72,46,76,32,68,91,4,46,93,73,59,85,27,27,41,30,45,82,37,47,51,51,94,2,45,37,30,32,40,4,68,94,85,79,79,85,95,94,85,83,55,91,2,87,76,52,82,26,77,94,4,46,96,73,62,87,27,27,41,30,45,85,37,47,51,51,94,2,45,37,30,32,40,4,70,96,86,84,83,87,96,96,89,83,Eredivisie
Ajax,d0zdg647gvgc95xdtk1vpbkys,7joybllup4h9oe6zfhcepjy6t,S. Berghuis,Steven Berghuis,34,Attacker,Netherlands,Striker,14.0,45.0,4.0,58.0,0.0,9.0,1.0,0.0,147.0,10.0,2.0,1.0,0.0,1.0,7.0,4.0,2.0,7.0,7.0,0.0,1.0,1.0,3.0,4.0,0.0,0.0,0.0,86.57,80.0,10.0,57.14,14.29,64.29,0.0,33.33,0.4637767104903201,0.0538530060377182,2.0,6.0,0.13664389,1.0,7.0,10.0,0.21323788,28.0,8.571428571428571,27.551020408163264,2.4489795918367347,35.51020408163265,0.0,5.510204081632653,0.6122448979591837,0.0,6.122448979591836,1.2244897959183674,0.6122448979591837,0.0,0.6122448979591837,4.285714285714286,2.4489795918367347,1.2244897959183674,4.285714285714286,4.285714285714286,0.0,0.6122448979591837,0.6122448979591837,1.836734693877551,2.4489795918367347,0.0,0.0,0.0,86.57,80.0,10.0,57.14,14.29,64.29,0.0,33.33,0.2839449247899919,0.032971228186358,1.2244897959183674,3.673469387755102,0.0836595244897959,0.6122448979591837,4.285714285714286,6.122448979591836,0.1305538040816326,17.142857142857142,RW,65,73,81,62,12,38,58,27,54,42,46,42,23,62,58,62,65,62,38,42,38,69,62,54,54,54,69,100,23,62,31,100,15,35,54,23,38,50,46,31,81,85,38,92,85,92,100,85,12,62,62,27,77,62,62,42,23,85,92,85,77,69,38,46,46,85,77,54,54,54,69,100,23,62,31,100,15,35,77,23,54,54,46,38,92,100,62,100,Eredivisie
Ajax,d0zdg647gvgc95xdtk1vpbkys,8hgpvnzy2mra3ps209tniq7f8,O. Gloukh,Oscar Gloukh,22,Midfielder,Israel,Midfielder,12.0,35.0,2.0,46.0,0.0,7.0,1.0,0.0,126.0,8.0,3.0,0.0,0.0,6.0,7.0,4.0,2.0,7.0,7.0,0.0,3.0,1.0,3.0,4.0,0.0,0.0,0.0,80.7,50.0,33.33,57.14,42.86,50.0,0.0,0.0,0.6959318099247516,0.3711945737579102,2.0,10.0,0.23926834,3.0,3.0,4.0,0.31717611,22.0,8.571428571428571,25.0,1.4285714285714286,32.85714285714286,0.0,5.0,0.7142857142857143,0.0,5.714285714285714,2.142857142857143,0.0,0.0,4.285714285714286,5.0,2.857142857142857,1.4285714285714286,5.0,5.0,0.0,2.142857142857143,0.7142857142857143,2.142857142857143,2.857142857142857,0.0,0.0,0.0,80.7,50.0,33.33,57.14,42.86,50.0,0.0,0.0,0.4970941499462512,0.2651389812556501,1.4285714285714286,7.142857142857143,0.1709059571428571,2.142857142857143,2.142857142857143,2.857142857142857,0.2265543642857143,15.714285714285715,CM/AM,24,37,37,26,20,41,33,19,74,65,13,37,83,85,81,80,81,81,35,80,43,85,83,52,52,52,33,50,46,61,54,57,30,13,81,63,70,80,81,57,26,28,48,26,41,70,52,59,20,74,37,19,93,96,13,37,100,98,96,85,100,96,35,96,50,91,96,52,52,52,33,50,46,61,54,57,30,13,96,78,89,89,85,74,31,37,74,59,Eredivisie
Ajax,d0zdg647gvgc95xdtk1vpbkys,9tp35qqu1heburu0g5wa6jv56,Lucas Rosa,Lucas Oliveira Rosa,26,Defender,Brazil,Defender,55.0,67.0,4.0,117.0,3.0,13.0,5.0,0.0,180.0,5.0,3.0,4.0,0.0,5.0,4.0,1.0,2.0,0.0,0.0,0.0,1.0,5.0,3.0,0.0,0.0,0.0,0.0,91.41,50.0,50.0,0.0,25.0,52.0,50.0,57.14,0.306125640743469,0.4425263064056734,1.0,14.0,0.36776504,7.0,8.0,15.0,0.8369590600000002,56.0,27.5,33.5,2.0,58.5,1.5,6.5,2.5,0.0,2.5,1.5,2.0,0.0,2.5,2.0,0.5,1.0,0.0,0.0,0.0,0.5,2.5,1.5,0.0,0.0,0.0,0.0,91.41,50.0,50.0,0.0,25.0,52.0,50.0,57.14,0.1530628203717345,0.2212631532028367,0.5,7.0,0.18388252,3.5,4.0,7.5,0.4184795300000001,28.0,CB,43,80,43,61,45,77,28,11,90,79,87,46,98,96,59,99,27,27,41,76,100,99,37,47,51,51,74,56,98,37,61,45,55,41,89,98,85,98,98,98,56,77,100,55,36,88,40,70,49,91,30,11,94,87,90,46,98,100,62,100,27,27,41,76,100,100,37,47,51,51,74,56,98,37,61,45,55,41,85,100,86,97,98,98,62,83,100,50,Eredivisie
Ajax,d0zdg647gvgc95xdtk1vpbkys,baakmd4ndnulbl9npvmq90mvp,D. Klaassen,Davy Klaassen,33,Midfielder,Netherlands,Midfielder,26.0,32.0,0.0,58.0,2.0,9.0,3.0,0.0,163.0,3.0,2.0,2.0,0.0,5.0,1.0,1.0,0.0,1.0,1.0,0.0,0.0,0.0,0.0,1.0,0.0,0.0,0.0,90.62,0.0,0.0,100.0,0.0,60.0,50.0,50.0,0.1395600537989721,0.18156692083242,0.0,4.0,0.31236437,1.0,3.0,5.0,0.08147847,30.0,14.355828220858896,17.66871165644172,0.0,32.02453987730061,1.1042944785276074,4.969325153374233,1.656441717791411,0.0,1.656441717791411,1.1042944785276074,1.1042944785276074,0.0,2.7607361963190185,0.5521472392638037,0.5521472392638037,0.0,0.5521472392638037,0.5521472392638037,0.0,0.0,0.0,0.0,0.5521472392638037,0.0,0.0,0.0,90.62,0.0,0.0,100.0,0.0,60.0,50.0,50.0,0.0770576984166103,0.1002516740792503,0.0,2.208588957055215,0.1724711245398773,0.5521472392638037,1.656441717791411,2.7607361963190185,0.0449881122699386,16.56441717791411,DM/CM,31,38,3,31,55,62,47,9,53,60,55,41,84,24,55,31,40,38,45,22,31,17,55,52,50,50,72,3,31,93,22,72,72,43,45,59,26,53,83,45,26,31,21,41,38,41,3,34,66,69,48,9,55,69,66,41,93,31,66,31,34,31,45,22,31,17,52,52,50,50,72,3,31,93,22,72,72,43,52,62,26,62,100,41,28,31,24,45,Eredivisie
Ajax,d0zdg647gvgc95xdtk1vpbkys,bpprd2haoafk6y0rjans4iytx,K. Dolberg,Kasper Dolberg,28,Attacker,Denmark,Striker,5.0,6.0,0.0,11.0,1.0,2.0,0.0,0.0,132.0,8.0,1.0,0.0,0.0,0.0,7.0,5.0,5.0,0.0,0.0,0.0,0.0,0.0,2.0,0.0,0.0,0.0,0.0,64.71,0.0,0.0,0.0,0.0,66.67,0.0,0.0,0.6993465819286557,0.0,3.0,0.0,0.0,0.0,0.0,0.0,0.0005547,1.0,3.409090909090909,4.090909090909091,0.0,7.500000000000001,0.6818181818181819,1.3636363636363638,0.0,0.0,5.454545454545455,0.6818181818181819,0.0,0.0,0.0,4.772727272727273,3.409090909090909,3.409090909090909,0.0,0.0,0.0,0.0,0.0,1.3636363636363638,0.0,0.0,0.0,0.0,64.71,0.0,0.0,0.0,0.0,66.67,0.0,0.0,0.4768272149513562,0.0,2.0454545454545454,0.0,0.0,0.0,0.0,0.0,0.0003782045454545,0.6818181818181819,ST,19,3,24,3,29,3,18,39,35,32,31,40,6,79,71,100,11,10,23,11,40,81,19,52,52,52,16,24,40,19,11,94,13,31,71,8,90,16,16,23,18,15,6,6,23,6,24,10,35,6,18,39,61,39,31,40,6,97,84,100,11,10,23,11,40,94,19,52,52,52,16,24,40,19,11,94,13,31,87,8,94,16,16,23,18,15,10,6,Eredivisie
Ajax,d0zdg647gvgc95xdtk1vpbkys,dyurvoycbhux9rm1mpaaegf10,A. Ouazane,Abdellah Ouazane,17,Midfielder,Morocco,Midfielder,5.0,37.0,1.0,40.0,1.0,8.0,2.0,1.0,160.0,18.0,3.0,0.0,0.0,4.0,6.0,3.0,3.0,6.0,7.0,1.0,1.0,2.0,3.0,3.0,0.0,0.0,0.0,78.43,50.0,40.0,50.0,16.67,38.1,33.33,0.0,0.3368652481315405,0.4985665520043454,4.0,17.0,0.6112830699999999,3.0,3.0,5.0,0.8254251099999999,14.0,2.8125,20.8125,0.5625,22.5,0.5625,4.5,1.125,0.5625,10.125,1.6875,0.0,0.0,2.25,3.375,1.6875,1.6875,3.375,3.9375,0.5625,0.5625,1.125,1.6875,1.6875,0.0,0.0,0.0,78.43,50.0,40.0,50.0,16.67,38.1,33.33,0.0,0.1894867020739915,0.2804436855024443,2.25,9.5625,0.3438467268749999,1.6875,1.6875,2.8125,0.4643016243749999,7.875,LM/LCM,33,67,67,67,67,67,100,83,100,100,67,50,83,67,50,100,67,67,83,67,100,100,67,67,67,67,33,67,100,67,67,67,67,67,33,100,100,100,100,83,67,67,100,100,33,33,67,33,67,67,100,67,67,67,67,50,67,67,33,67,67,67,67,67,100,67,67,67,67,67,33,67,100,67,67,67,67,67,33,100,100,100,100,67,67,67,100,67,Eredivisie
AZ,3kfktv64h7kg7zryax1wktr5r,3dx91sb6ktg8z1xmoti25kru,P. Koopmeiners,Peer Koopmeiners,26,Midfielder,Netherlands,Midfielder,43.0,146.0,9.0,184.0,2.0,17.0,9.0,4.0,265.0,1.0,5.0,7.0,0.0,5.0,5.0,1.0,0.0,2.0,2.0,1.0,2.0,5.0,4.0,1.0,0.0,1.0,1.0,92.93,81.82,26.32,50.0,40.0,54.84,33.33,77.78,0.2464570016934313,0.4456693617697673,2.0,19.0,0.40280816,15.0,27.0,26.0,0.4941324700000002,119.0,14.60377358490566,49.58490566037735,3.056603773584905,62.490566037735846,0.6792452830188679,5.773584905660377,3.056603773584905,1.3584905660377358,0.3396226415094339,1.6981132075471697,2.3773584905660377,0.0,1.6981132075471697,1.6981132075471697,0.3396226415094339,0.0,0.6792452830188679,0.6792452830188679,0.3396226415094339,0.6792452830188679,1.6981132075471697,1.3584905660377358,0.3396226415094339,0.0,0.3396226415094339,0.3396226415094339,92.93,81.82,26.32,50.0,40.0,54.84,33.33,77.78,0.0837023779336181,0.1513594058840719,0.6792452830188679,6.452830188679245,0.1368027713207547,5.094339622641509,9.169811320754716,8.830188679245282,0.1678185747169812,40.41509433962264,DM/CM,69,100,98,97,55,90,88,86,14,97,100,41,84,86,55,31,57,57,93,86,100,98,55,52,100,100,93,90,72,57,60,59,41,76,72,93,86,100,93,100,100,100,90,100,41,97,93,90,38,79,83,59,10,90,97,41,79,76,41,31,41,38,90,79,97,86,41,52,100,100,93,90,72,57,60,59,41,76,55,90,83,97,86,100,97,100,86,100,Eredivisie
AZ,3kfktv64h7kg7zryax1wktr5r,5ylwgfqvaobru2lxqvlhpxul0,E. Dijkstra,Elijah Dijkstra,20,Defender,Netherlands,Defender,39.0,84.0,3.0,123.0,4.0,11.0,5.0,2.0,266.0,20.0,3.0,1.0,0.0,3.0,3.0,1.0,2.0,5.0,5.0,0.0,0.0,0.0,2.0,0.0,0.0,0.0,0.0,86.62,42.86,0.0,0.0,0.0,44.0,66.67,25.0,0.2516867034728416,0.2113200831127525,1.0,15.0,0.4398606799999999,8.0,8.0,11.0,0.2331072499999999,49.0,13.19548872180451,28.421052631578945,1.0150375939849623,41.616541353383454,1.3533834586466165,3.721804511278195,1.6917293233082706,0.6766917293233082,6.7669172932330826,1.0150375939849623,0.3383458646616541,0.0,1.0150375939849623,1.0150375939849623,0.3383458646616541,0.6766917293233082,1.6917293233082706,1.6917293233082706,0.0,0.0,0.0,0.6766917293233082,0.0,0.0,0.0,0.0,86.62,42.86,0.0,0.0,0.0,44.0,66.67,25.0,0.0851571553103599,0.0714992762411568,0.3383458646616541,5.075187969924812,0.1488250421052631,2.706766917293233,2.706766917293233,3.721804511278195,0.0788708740601503,16.57894736842105,RB/RCB,50,100,38,92,85,62,42,65,100,88,12,42,77,88,62,96,100,100,54,38,27,96,38,54,54,54,85,65,27,38,38,31,77,8,92,69,100,100,100,100,85,88,62,77,38,85,38,69,77,31,31,69,100,85,8,42,77,77,54,85,85,85,54,38,27,85,38,54,54,54,85,65,27,38,38,31,77,8,85,69,100,92,92,100,77,85,54,62,Eredivisie
AZ,3kfktv64h7kg7zryax1wktr5r,8u19xeh9ugvh8f1mh7jnbbhuc,K. Smit,Kees Smit,20,Midfielder,Netherlands,Midfielder,21.0,86.0,5.0,107.0,1.0,4.0,0.0,1.0,221.0,12.0,2.0,0.0,2.0,7.0,4.0,3.0,2.0,3.0,5.0,0.0,1.0,0.0,1.0,1.0,0.0,0.0,0.0,84.92,45.45,0.0,33.33,25.0,23.53,50.0,0.0,0.3540080356003309,0.7821913688411642,1.0,24.0,0.8295721099999998,6.0,12.0,13.0,0.6198304799999999,57.0,8.552036199095022,35.02262443438914,2.0361990950226243,43.57466063348416,0.4072398190045249,1.6289592760180995,0.0,0.4072398190045249,4.886877828054298,0.8144796380090498,0.0,0.8144796380090498,2.850678733031674,1.6289592760180995,1.2217194570135743,0.8144796380090498,1.2217194570135743,2.0361990950226243,0.0,0.4072398190045249,0.0,0.4072398190045249,0.4072398190045249,0.0,0.0,0.0,84.92,45.45,0.0,33.33,25.0,23.53,50.0,0.0,0.1441661683440261,0.3185394714737772,0.4072398190045249,9.773755656108596,0.3378347959276017,2.443438914027149,4.886877828054298,5.294117647058823,0.2524196524886877,23.21266968325792,CM/AM,43,93,74,89,54,19,13,54,85,52,13,96,91,59,70,80,63,72,35,41,13,41,43,52,52,52,44,33,13,33,33,7,81,13,67,93,48,100,100,87,83,78,78,85,37,89,74,78,44,11,13,48,70,44,13,96,85,56,63,74,56,67,35,37,13,33,37,52,52,52,44,33,13,33,33,7,81,13,63,96,52,100,100,85,74,78,81,89,Eredivisie
AZ,3kfktv64h7kg7zryax1wktr5r,9bgq1tfyfzc3wg9pfr8q510k4,D. Kwakman,Dave Kwakman,22,Midfielder,Netherlands,Midfielder,34.0,97.0,2.0,131.0,3.0,19.0,4.0,1.0,225.0,3.0,8.0,5.0,0.0,3.0,6.0,2.0,2.0,0.0,0.0,0.0,2.0,0.0,4.0,0.0,0.0,0.0,0.0,91.61,50.0,0.0,0.0,33.33,73.08,42.86,62.5,0.3817297134460012,0.1609429127466263,3.0,18.0,0.40393342,4.0,9.0,16.0,0.34086759,64.0,13.6,38.8,0.8,52.4,1.2,7.6,1.6,0.4,1.2,3.2,2.0,0.0,1.2,2.4,0.8,0.8,0.0,0.0,0.0,0.8,0.0,1.6,0.0,0.0,0.0,0.0,91.61,50.0,0.0,0.0,33.33,73.08,42.86,62.5,0.1526918853784004,0.0643771650986505,1.2,7.2,0.161573368,1.6,3.6,6.4,0.136347036,25.6,DM/CM,59,93,29,83,78,97,59,26,53,100,95,41,69,91,81,91,17,16,45,86,31,98,21,52,50,50,79,48,31,21,52,93,57,67,83,52,97,97,97,76,53,90,76,83,34,93,21,72,69,90,45,21,41,100,86,41,62,90,76,90,17,16,45,86,31,90,21,52,50,50,79,48,31,21,52,93,57,67,86,48,93,100,93,76,48,79,72,69,Eredivisie
AZ,3kfktv64h7kg7zryax1wktr5r,9lixevzo8exxiia17altfw8ic,W. Goes,Wouter Goes,22,Defender,Netherlands,Defender,85.0,59.0,7.0,144.0,2.0,11.0,12.0,5.0,270.0,4.0,2.0,5.0,0.0,1.0,1.0,1.0,0.0,1.0,1.0,0.0,0.0,0.0,0.0,1.0,0.0,0.0,0.0,88.34,43.75,0.0,100.0,0.0,61.11,40.0,83.33,0.0961941876706564,0.0718598285801256,0.0,6.0,0.12355947,2.0,14.0,12.0,0.2652365299999999,89.0,28.33333333333333,19.666666666666668,2.333333333333333,48.0,0.6666666666666666,3.6666666666666665,4.0,1.6666666666666667,1.3333333333333333,0.6666666666666666,1.6666666666666667,0.0,0.3333333333333333,0.3333333333333333,0.3333333333333333,0.0,0.3333333333333333,0.3333333333333333,0.0,0.0,0.0,0.0,0.3333333333333333,0.0,0.0,0.0,88.34,43.75,0.0,100.0,0.0,61.11,40.0,83.33,0.0320647292235521,0.0239532761933752,0.0,2.0,0.04118649,0.6666666666666666,4.666666666666667,4.0,0.0884121766666666,29.666666666666668,CB,68,73,64,72,29,67,76,85,78,62,97,46,73,45,59,37,70,68,41,30,45,36,82,47,51,51,45,43,45,93,30,79,36,65,36,70,37,85,83,79,73,67,72,80,38,59,49,40,16,38,51,72,62,47,83,46,64,32,45,37,56,56,41,30,45,36,78,47,51,51,45,43,45,93,30,79,36,65,34,70,37,80,77,78,64,63,60,63,Eredivisie
AZ,3kfktv64h7kg7zryax1wktr5r,9tgbdheyuooa8cfz06l577end,C. Stengs,Calvin Stengs,27,Midfielder,Netherlands,Midfielder,9.0,33.0,1.0,40.0,1.0,6.0,0.0,0.0,102.0,11.0,0.0,1.0,1.0,5.0,4.0,3.0,2.0,5.0,5.0,1.0,1.0,2.0,1.0,3.0,0.0,0.0,0.0,71.43,100.0,33.33,60.0,25.0,37.5,50.0,50.0,0.3925399753894983,0.5321409353369755,2.0,7.0,0.23616296,2.0,2.0,4.0,0.68103342,13.0,7.9411764705882355,29.11764705882353,0.8823529411764706,35.294117647058826,0.8823529411764706,5.294117647058823,0.0,0.0,9.705882352941178,0.0,0.8823529411764706,0.8823529411764706,4.411764705882353,3.5294117647058822,2.647058823529412,1.7647058823529411,4.411764705882353,4.411764705882353,0.8823529411764706,0.8823529411764706,1.7647058823529411,0.8823529411764706,2.647058823529412,0.0,0.0,0.0,71.43,100.0,33.33,60.0,25.0,37.5,50.0,50.0,0.3463588018142632,0.4695361194149783,1.7647058823529411,6.176470588235294,0.2083790823529412,1.7647058823529411,1.7647058823529411,3.5294117647058822,0.6009118411764706,11.470588235294118,RM/RCM,25,50,25,50,62,25,25,25,75,38,25,88,75,75,75,88,75,75,75,75,75,75,75,62,62,62,25,88,75,50,75,25,75,50,75,75,75,75,75,88,25,50,75,50,25,100,25,100,75,50,25,25,100,38,25,100,100,100,100,100,100,100,75,75,100,100,75,62,62,62,25,88,75,50,75,25,75,50,100,100,100,100,100,100,25,100,100,75,Eredivisie
AZ,3kfktv64h7kg7zryax1wktr5r,ab17bik4y8ilv3ahe50a81ixg,M. Meerdink,Mexx Meerdink,23,Attacker,Netherlands,Striker,13.0,18.0,1.0,31.0,8.0,19.0,3.0,0.0,233.0,20.0,6.0,2.0,0.0,1.0,10.0,10.0,2.0,4.0,4.0,1.0,4.0,0.0,0.0,3.0,0.0,0.0,0.0,72.09,100.0,0.0,75.0,40.0,52.78,50.0,66.67,1.3499390297404688,0.0710015028400704,2.0,1.0,0.02401521,0.0,4.0,2.0,0.07780852,11.0,5.021459227467811,6.952789699570815,0.3862660944206008,11.974248927038628,3.0901287553648067,7.339055793991416,1.1587982832618025,0.0,7.725321888412017,2.317596566523605,0.7725321888412017,0.0,0.3862660944206008,3.862660944206009,3.862660944206009,0.7725321888412017,1.5450643776824031,1.5450643776824031,0.3862660944206008,1.5450643776824031,0.0,0.0,1.1587982832618025,0.0,0.0,0.0,72.09,100.0,0.0,75.0,40.0,52.78,50.0,66.67,0.5214356767237862,0.0274254732000271,0.7725321888412017,0.3862660944206008,0.0092762613733905,0.0,1.5450643776824031,0.7725321888412017,0.0300547931330472,4.24892703862661,ST,71,60,65,65,87,97,81,39,90,94,82,40,26,92,97,82,56,56,63,84,40,23,73,52,52,52,42,89,40,81,53,71,69,71,94,26,73,40,40,23,84,55,55,66,55,35,48,42,87,90,74,39,90,90,81,40,13,87,97,77,52,52,55,81,40,23,71,52,52,52,42,89,40,81,53,71,69,71,90,19,71,32,32,23,77,52,48,48,Eredivisie
AZ,3kfktv64h7kg7zryax1wktr5r,cs49ec8y6cubrlo5nmu3j3jtg,L. Schouten,Lewis Schouten,22,Midfielder,Netherlands,Midfielder,92.0,46.0,4.0,138.0,4.0,12.0,7.0,2.0,270.0,5.0,2.0,4.0,0.0,0.0,3.0,2.0,1.0,2.0,2.0,0.0,0.0,0.0,1.0,2.0,0.0,0.0,0.0,87.9,40.0,0.0,100.0,0.0,52.17,57.14,100.0,0.3736691072588792,0.0,1.0,6.0,0.12416189,1.0,7.0,11.0,0.1802133799999999,87.0,30.666666666666668,15.333333333333334,1.3333333333333333,46.0,1.3333333333333333,4.0,2.333333333333333,0.6666666666666666,1.6666666666666667,0.6666666666666666,1.3333333333333333,0.0,0.0,1.0,0.6666666666666666,0.3333333333333333,0.6666666666666666,0.6666666666666666,0.0,0.0,0.0,0.3333333333333333,0.6666666666666666,0.0,0.0,0.0,87.9,40.0,0.0,100.0,0.0,52.17,57.14,100.0,0.124556369086293,0.0,0.3333333333333333,2.0,0.0413872966666666,0.3333333333333333,2.333333333333333,3.6666666666666665,0.0600711266666666,29.0,CB,73,61,43,65,62,73,38,49,90,62,87,46,30,89,86,85,90,88,41,30,45,82,93,47,51,51,43,35,45,93,30,47,69,84,91,30,85,85,85,69,50,63,51,72,47,46,23,36,44,43,24,37,80,47,73,46,30,73,73,80,79,77,41,30,45,76,89,47,51,51,43,35,45,93,30,47,69,84,79,30,78,80,79,65,43,57,40,55,Eredivisie
AZ,3kfktv64h7kg7zryax1wktr5r,czlf1kiqdfepc61hwfutoydqs,Weslley Patati,Weslley Pinto Batista,22,Attacker,Brazil,Striker,11.0,80.0,3.0,87.0,1.0,15.0,0.0,2.0,168.0,16.0,4.0,2.0,0.0,4.0,9.0,4.0,0.0,7.0,9.0,1.0,3.0,4.0,5.0,5.0,0.0,0.0,0.0,88.78,75.0,30.77,71.43,33.33,60.0,0.0,40.0,0.7245226966116247,0.3933507060251286,3.0,19.0,0.6101089,5.0,2.0,4.0,0.124629,20.0,5.892857142857142,42.85714285714285,1.6071428571428572,46.60714285714285,0.5357142857142857,8.035714285714285,0.0,1.0714285714285714,8.571428571428571,2.142857142857143,1.0714285714285714,0.0,2.142857142857143,4.821428571428571,2.142857142857143,0.0,3.75,4.821428571428571,0.5357142857142857,1.6071428571428572,2.142857142857143,2.6785714285714284,2.6785714285714284,0.0,0.0,0.0,88.78,75.0,30.77,71.43,33.33,60.0,0.0,40.0,0.3881371588990847,0.2107235925134617,1.6071428571428572,10.178571428571429,0.3268440535714285,2.6785714285714284,1.0714285714285714,2.142857142857143,0.0667655357142857,10.714285714285714,RW,54,100,69,100,42,85,27,77,85,88,69,42,69,85,58,15,65,69,88,88,92,96,73,54,54,54,77,92,65,92,69,92,15,46,77,62,65,100,92,85,46,27,23,54,62,100,69,100,46,100,27,77,92,92,69,42,77,100,77,15,69,77,92,100,100,100,85,54,54,54,77,92,65,92,69,92,15,46,85,69,85,100,100,85,46,23,23,69,Eredivisie
AZ,3kfktv64h7kg7zryax1wktr5r,es363spp9pgd4hralx6ni2xw4,M. Chávez,Mateo Chávez,22,Defender,Mexico,Defender,33.0,80.0,5.0,112.0,0.0,11.0,5.0,0.0,253.0,10.0,6.0,2.0,2.0,6.0,2.0,1.0,1.0,3.0,4.0,0.0,1.0,1.0,1.0,2.0,0.0,0.0,0.0,84.85,41.67,16.67,66.67,50.0,52.38,0.0,66.67,0.1255937599229003,0.6485357748959565,1.0,14.0,0.34162313,7.0,11.0,21.0,0.74341778,67.0,11.73913043478261,28.458498023715418,1.7786561264822136,39.84189723320159,0.0,3.91304347826087,1.7786561264822136,0.0,3.557312252964427,2.134387351778656,0.7114624505928854,0.7114624505928854,2.134387351778656,0.7114624505928854,0.3557312252964427,0.3557312252964427,1.067193675889328,1.4229249011857708,0.0,0.3557312252964427,0.3557312252964427,0.3557312252964427,0.7114624505928854,0.0,0.0,0.0,84.85,41.67,16.67,66.67,50.0,52.38,0.0,66.67,0.0446776221069605,0.2307044258523165,0.3557312252964427,4.980237154150198,0.1215260146245059,2.490118577075099,3.91304347826087,7.470355731225297,0.2644569177865613,23.83399209486166,LB/LCB,55,90,85,90,15,75,38,12,100,95,50,95,88,75,57,78,75,82,52,98,32,88,82,50,52,52,70,60,20,75,98,50,18,57,70,85,82,95,100,95,80,95,85,90,45,95,80,80,15,55,30,12,95,95,40,95,65,70,50,70,60,65,52,95,20,80,75,50,52,52,70,60,20,75,98,50,18,57,60,65,75,85,85,95,70,95,75,90,Eredivisie
AZ,3kfktv64h7kg7zryax1wktr5r,wuh8s4gfo9ro3nel3rormg44,R. Daal,Ro-Zangelo Daal,22,Attacker,Netherlands,Striker,8.0,91.0,2.0,99.0,0.0,13.0,0.0,1.0,252.0,20.0,4.0,0.0,0.0,8.0,6.0,4.0,3.0,13.0,13.0,1.0,3.0,0.0,2.0,8.0,0.0,0.0,0.0,86.84,100.0,0.0,61.54,50.0,56.52,0.0,0.0,0.5274387545419525,0.479816640767247,4.0,40.0,1.26342178,10.0,2.0,18.0,0.7943988200000003,43.0,2.857142857142857,32.5,0.7142857142857143,35.35714285714286,0.0,4.642857142857143,0.0,0.3571428571428571,7.142857142857143,1.4285714285714286,0.0,0.0,2.857142857142857,2.142857142857143,1.4285714285714286,1.0714285714285714,4.642857142857143,4.642857142857143,0.3571428571428571,1.0714285714285714,0.0,0.7142857142857143,2.857142857142857,0.0,0.0,0.0,86.84,100.0,0.0,61.54,50.0,56.52,0.0,0.0,0.188370983764983,0.1713630859883025,1.4285714285714286,14.285714285714286,0.4512220642857143,3.571428571428572,0.7142857142857143,6.428571428571429,0.2837138642857144,15.357142857142858,LW,50,100,82,100,18,82,36,64,91,77,18,32,100,91,82,82,100,100,82,95,32,73,100,55,55,55,82,91,32,91,86,73,23,18,82,82,91,100,100,100,50,100,91,100,27,91,73,82,18,36,36,55,64,64,18,32,82,45,45,64,73,73,64,73,32,55,82,55,55,55,82,91,32,91,86,73,23,18,55,64,82,100,100,100,36,100,91,100,Eredivisie
Excelsior,dqk062lu0vm8epvytbm6r4mmf,1xwmx2ydxa5zeqo12778h83ro,N. Martens,Nolan Martens,22,Defender,Belgium,Defender,21.0,17.0,4.0,38.0,0.0,3.0,4.0,2.0,120.0,0.0,0.0,2.0,0.0,0.0,1.0,0.0,1.0,3.0,3.0,0.0,0.0,0.0,1.0,1.0,0.0,0.0,0.0,79.17,57.14,0.0,33.33,0.0,18.75,0.0,100.0,0.0,0.0,0.0,0.0,0.0,0.0,0.0,0.0,0.0,0.0,15.75,12.75,3.0,28.5,0.0,2.25,3.0,1.5,0.0,0.0,1.5,0.0,0.0,0.75,0.0,0.75,2.25,2.25,0.0,0.0,0.0,0.75,0.75,0.0,0.0,0.0,79.17,57.14,0.0,33.33,0.0,18.75,0.0,100.0,0.0,0.0,0.0,0.0,0.0,0.0,0.0,0.0,0.0,0.0,RB/RCB,27,15,65,15,15,8,23,65,8,12,27,42,15,42,19,73,88,88,54,38,27,73,85,54,54,54,46,88,27,77,38,8,19,85,23,19,50,23,23,23,15,15,15,15,46,46,77,38,15,8,46,81,8,12,54,42,15,62,19,92,100,100,54,38,27,92,92,54,54,54,46,88,27,77,38,8,19,85,23,19,50,23,23,23,15,15,15,15,Eredivisie
Excelsior,dqk062lu0vm8epvytbm6r4mmf,20ib1q65ul2h570xl6jpcx1jo,D. van Vianen,Daniël van Vianen,23,Midfielder,Netherlands,Midfielder,21.0,27.0,4.0,47.0,4.0,8.0,4.0,2.0,170.0,5.0,1.0,2.0,0.0,1.0,2.0,1.0,1.0,3.0,3.0,0.0,0.0,1.0,1.0,1.0,0.0,0.0,0.0,88.68,100.0,100.0,33.33,0.0,50.0,0.0,100.0,0.0,0.0,0.0,0.0,0.0,0.0,0.0,0.0,0.0,0.0,11.117647058823527,14.294117647058824,2.117647058823529,24.88235294117647,2.117647058823529,4.235294117647059,2.117647058823529,1.0588235294117647,2.647058823529412,0.5294117647058824,1.0588235294117647,0.0,0.5294117647058824,1.0588235294117647,0.5294117647058824,0.5294117647058824,1.5882352941176472,1.5882352941176472,0.0,0.0,0.5294117647058824,0.5294117647058824,0.5294117647058824,0.0,0.0,0.0,88.68,100.0,100.0,33.33,0.0,50.0,0.0,100.0,0.0,0.0,0.0,0.0,0.0,0.0,0.0,0.0,0.0,0.0,DM/CM,19,24,59,21,86,50,59,48,74,33,55,41,28,55,55,72,72,72,45,22,72,52,55,52,50,50,57,98,95,41,22,50,17,91,7,14,26,9,9,19,5,5,5,5,24,28,62,24,90,55,66,48,79,31,62,41,28,55,59,69,83,83,45,22,79,59,45,52,50,50,57,98,95,41,22,50,17,91,7,14,26,9,9,19,5,5,5,5,Eredivisie
Excelsior,dqk062lu0vm8epvytbm6r4mmf,2tox45zgi16bvmn2xzdlvblsk,J. Plug,Jan Plug,21,Defender,Netherlands,Defender,86.0,28.0,9.0,114.0,1.0,3.0,8.0,2.0,180.0,2.0,0.0,1.0,0.0,1.0,0.0,0.0,0.0,0.0,0.0,0.0,0.0,0.0,0.0,0.0,0.0,0.0,0.0,89.06,47.37,0.0,0.0,0.0,27.27,16.67,50.0,0.0,0.0448404975598162,0.0,0.0,0.0,0.0,6.0,6.0,0.1113072299999999,28.0,43.0,14.0,4.5,57.0,0.5,1.5,4.0,1.0,1.0,0.0,0.5,0.0,0.5,0.0,0.0,0.0,0.0,0.0,0.0,0.0,0.0,0.0,0.0,0.0,0.0,0.0,89.06,47.37,0.0,0.0,0.0,27.27,16.67,50.0,0.0,0.0224202487799081,0.0,0.0,0.0,0.0,3.0,3.0,0.0556536149999999,14.0,CB,70,39,78,57,14,7,45,49,55,17,26,46,73,15,20,37,27,27,41,30,45,36,37,47,51,51,49,46,45,37,30,4,13,30,14,60,37,17,17,32,46,48,43,34,91,40,88,65,11,4,51,50,54,17,21,46,80,15,20,37,27,27,41,30,45,36,37,47,51,51,49,46,45,37,30,4,13,30,14,64,37,17,17,32,49,52,38,30,Eredivisie
Excelsior,dqk062lu0vm8epvytbm6r4mmf,3hu6e9wa0nt4ekubxye6l4pas,I. Yegoian,Irakli Yegoian,22,Midfielder,Georgia,Midfielder,25.0,36.0,5.0,58.0,1.0,12.0,2.0,2.0,165.0,3.0,2.0,3.0,2.0,5.0,3.0,1.0,1.0,2.0,3.0,1.0,2.0,3.0,2.0,2.0,0.0,0.0,0.0,77.33,50.0,42.86,100.0,66.67,40.0,33.33,42.86,0.2217261369274599,0.552772631764069,2.0,7.0,0.2324374899999999,3.0,10.0,6.0,0.6662127600000001,27.0,13.636363636363637,19.63636363636364,2.7272727272727275,31.63636363636364,0.5454545454545455,6.545454545454546,1.090909090909091,1.090909090909091,1.6363636363636365,1.090909090909091,1.6363636363636365,1.090909090909091,2.7272727272727275,1.6363636363636365,0.5454545454545455,0.5454545454545455,1.090909090909091,1.6363636363636365,0.5454545454545455,1.090909090909091,1.6363636363636365,1.090909090909091,1.090909090909091,0.0,0.0,0.0,77.33,50.0,42.86,100.0,66.67,40.0,33.33,42.86,0.1209415292331599,0.3015123445985831,1.090909090909091,3.8181818181818175,0.1267840854545454,1.6363636363636365,5.454545454545455,3.272727272727273,0.3633887781818182,14.727272727272728,CM/AM,67,41,74,44,54,83,52,81,39,52,89,96,72,46,39,56,48,57,80,65,85,70,63,52,52,52,19,50,61,91,89,37,69,33,56,85,70,65,78,57,76,43,85,41,81,48,89,56,52,89,52,85,41,52,85,100,81,59,48,59,48,52,74,70,89,81,59,52,52,52,19,50,61,91,89,37,69,33,56,93,78,70,78,59,81,52,93,48,Eredivisie
Excelsior,dqk062lu0vm8epvytbm6r4mmf,49xsd6e4oyjrhtwsdbdm4rj84,L. Hartjes,Lennard Hartjes,23,Midfielder,Netherlands,Midfielder,45.0,29.0,2.0,74.0,2.0,9.0,5.0,3.0,164.0,2.0,1.0,4.0,0.0,1.0,1.0,1.0,0.0,2.0,2.0,0.0,1.0,0.0,0.0,1.0,0.0,0.0,0.0,93.67,100.0,0.0,50.0,100.0,69.23,0.0,80.0,0.0,0.0,0.0,0.0,0.0,0.0,0.0,0.0,0.0,0.0,24.695121951219512,15.914634146341465,1.0975609756097562,40.609756097560975,1.0975609756097562,4.939024390243903,2.7439024390243905,1.6463414634146345,1.0975609756097562,0.5487804878048781,2.1951219512195124,0.0,0.5487804878048781,0.5487804878048781,0.5487804878048781,0.0,1.0975609756097562,1.0975609756097562,0.0,0.5487804878048781,0.0,0.0,0.5487804878048781,0.0,0.0,0.0,93.67,100.0,0.0,50.0,100.0,69.23,0.0,80.0,0.0,0.0,0.0,0.0,0.0,0.0,0.0,0.0,0.0,0.0,DM/CM,72,28,29,52,55,62,67,71,31,33,84,41,28,24,55,31,57,57,45,60,31,17,55,52,50,50,97,98,31,57,91,90,17,79,7,14,26,9,9,19,5,5,5,5,79,34,34,59,60,66,76,72,34,34,90,41,31,28,62,31,62,62,45,66,31,17,48,52,50,50,97,98,31,57,91,90,17,79,7,14,26,9,9,19,5,5,5,5,Eredivisie
Excelsior,dqk062lu0vm8epvytbm6r4mmf,5pg02unrm16jaa8vt5ego9z6y,S. Janssen,Simon Janssen,25,Defender,Netherlands,Defender,25.0,23.0,4.0,43.0,3.0,10.0,3.0,0.0,161.0,1.0,1.0,6.0,2.0,4.0,1.0,1.0,1.0,1.0,1.0,0.0,0.0,5.0,0.0,0.0,0.0,0.0,0.0,82.69,57.14,45.45,0.0,0.0,55.56,50.0,100.0,0.124924173063988,0.6341800004414072,0.0,0.0,0.0,0.0,3.0,6.0,0.5351566999999999,17.0,13.975155279503104,12.857142857142856,2.2360248447204967,24.03726708074534,1.6770186335403725,5.590062111801242,1.6770186335403725,0.0,0.5590062111801242,0.5590062111801242,3.354037267080745,1.1180124223602483,2.2360248447204967,0.5590062111801242,0.5590062111801242,0.5590062111801242,0.5590062111801242,0.5590062111801242,0.0,0.0,2.795031055900621,0.0,0.0,0.0,0.0,0.0,82.69,57.14,45.45,0.0,0.0,55.56,50.0,100.0,0.06983338866931,0.3545105592529605,0.0,0.0,0.0,0.0,1.6770186335403725,3.354037267080745,0.2991559192546583,9.50310559006211,LB/LCB,42,32,68,35,88,68,18,12,28,25,100,95,60,45,57,78,32,32,52,48,92,38,20,50,52,52,55,70,70,20,48,65,68,90,65,80,32,20,20,22,30,38,75,25,55,45,85,40,100,90,25,12,30,30,100,100,85,55,65,90,40,40,52,48,95,38,20,50,52,52,55,70,70,20,48,65,68,90,85,100,32,20,20,22,35,65,90,35,Eredivisie
Excelsior,dqk062lu0vm8epvytbm6r4mmf,6coor7jll29drx4kgvyt499wq,N. Naujoks,Noah Naujoks,24,Midfielder,Netherlands,Midfielder,5.0,9.0,0.0,13.0,2.0,7.0,0.0,1.0,90.0,6.0,0.0,2.0,0.0,2.0,5.0,4.0,2.0,4.0,4.0,2.0,2.0,1.0,1.0,2.0,0.0,0.0,0.0,52.0,0.0,50.0,50.0,40.0,35.0,40.0,66.67,0.0,0.0,0.0,0.0,0.0,0.0,0.0,0.0,0.0,0.0,5.0,9.0,0.0,13.0,2.0,7.0,0.0,1.0,6.0,0.0,2.0,0.0,2.0,5.0,4.0,2.0,4.0,4.0,2.0,2.0,1.0,1.0,2.0,0.0,0.0,0.0,52.0,0.0,50.0,50.0,40.0,35.0,40.0,66.67,0.0,0.0,0.0,0.0,0.0,0.0,0.0,0.0,0.0,0.0,CM/AM,4,4,6,4,74,41,13,54,63,13,69,37,37,70,81,80,70,67,94,65,43,41,63,52,52,52,4,6,72,50,48,22,74,67,7,6,19,9,9,9,6,6,6,6,15,7,6,4,93,98,13,78,96,13,98,37,61,98,100,100,85,85,100,93,61,74,76,52,52,52,4,6,72,50,48,22,74,67,7,6,19,9,9,9,6,6,6,6,Eredivisie
Excelsior,dqk062lu0vm8epvytbm6r4mmf,aeqj9ogm0dntus0wl352w9z6y,C. Widell,Casper Widell,23,Defender,Sweden,Defender,40.0,18.0,4.0,58.0,3.0,5.0,1.0,1.0,105.0,2.0,1.0,1.0,0.0,0.0,1.0,1.0,0.0,0.0,0.0,1.0,1.0,0.0,0.0,0.0,0.0,0.0,0.0,79.45,26.67,0.0,0.0,100.0,50.0,75.0,100.0,0.1307184250570522,0.0,0.0,0.0,0.0,0.0,3.0,2.0,0.0784632399999999,27.0,34.285714285714285,15.428571428571429,3.4285714285714284,49.71428571428571,2.571428571428571,4.285714285714286,0.8571428571428571,0.8571428571428571,1.7142857142857142,0.8571428571428571,0.8571428571428571,0.0,0.0,0.8571428571428571,0.8571428571428571,0.0,0.0,0.0,0.8571428571428571,0.8571428571428571,0.0,0.0,0.0,0.0,0.0,0.0,79.45,26.67,0.0,0.0,100.0,50.0,75.0,100.0,0.1120443643346161,0.0,0.0,0.0,0.0,0.0,2.571428571428571,1.7142857142857142,0.0672542057142856,23.142857142857142,CB,21,20,43,21,45,18,5,32,55,43,26,46,30,45,59,37,27,27,90,76,45,36,37,47,51,51,17,13,45,37,93,32,90,84,49,30,37,17,17,32,34,30,32,32,60,49,74,49,79,49,9,43,83,57,45,46,30,68,83,37,27,27,100,96,45,36,37,47,51,51,17,13,45,37,93,32,90,84,72,30,37,17,17,32,45,34,51,43,Eredivisie
Excelsior,dqk062lu0vm8epvytbm6r4mmf,c6i4usq34m3389rtbqptahrai,R. Meissen,Rick Meissen,24,Defender,Netherlands,Defender,64.0,26.0,6.0,90.0,4.0,6.0,10.0,1.0,180.0,0.0,0.0,2.0,0.0,0.0,0.0,0.0,0.0,0.0,0.0,0.0,0.0,0.0,0.0,0.0,0.0,0.0,0.0,87.38,54.55,0.0,0.0,0.0,50.0,50.0,100.0,0.0,0.0,0.0,0.0,0.0,0.0,0.0,0.0,0.0,0.0,32.0,13.0,3.0,45.0,2.0,3.0,5.0,0.5,0.0,0.0,1.0,0.0,0.0,0.0,0.0,0.0,0.0,0.0,0.0,0.0,0.0,0.0,0.0,0.0,0.0,0.0,87.38,54.55,0.0,0.0,0.0,50.0,50.0,100.0,0.0,0.0,0.0,0.0,0.0,0.0,0.0,0.0,0.0,0.0,CB,51,32,57,40,62,24,61,32,13,17,54,46,30,15,20,37,27,27,41,30,45,36,37,47,51,51,38,70,45,37,30,32,55,84,14,30,37,17,17,32,14,12,12,12,49,34,63,34,59,21,66,26,13,17,54,46,30,15,20,37,27,27,41,30,45,36,37,47,51,51,38,70,45,37,30,32,55,84,14,30,37,17,17,32,14,12,12,12,Eredivisie
Excelsior,dqk062lu0vm8epvytbm6r4mmf,dc897iic6p3j5s9hrhm3h25n8,D. Garden,David Garden,22,Attacker,Netherlands,Striker,5.0,14.0,1.0,19.0,8.0,12.0,4.0,0.0,142.0,6.0,1.0,0.0,0.0,1.0,3.0,3.0,0.0,3.0,3.0,1.0,2.0,0.0,0.0,3.0,0.0,0.0,0.0,70.37,50.0,0.0,100.0,66.67,80.0,88.89,0.0,0.0,0.0,0.0,0.0,0.0,0.0,0.0,0.0,0.0,0.0,3.1690140845070425,8.873239436619718,0.6338028169014085,12.042253521126762,5.070422535211268,7.605633802816902,2.535211267605634,0.0,3.802816901408451,0.6338028169014085,0.0,0.0,0.6338028169014085,1.9014084507042253,1.9014084507042253,0.0,1.9014084507042253,1.9014084507042253,0.6338028169014085,1.267605633802817,0.0,0.0,1.9014084507042253,0.0,0.0,0.0,70.37,50.0,0.0,100.0,66.67,80.0,88.89,0.0,0.0,0.0,0.0,0.0,0.0,0.0,0.0,0.0,0.0,0.0,ST,19,37,65,24,87,68,95,39,23,32,31,40,26,21,34,18,52,50,63,56,40,23,73,52,52,52,39,60,40,95,89,100,100,31,3,8,13,16,16,23,18,15,3,3,19,58,77,45,97,94,97,39,35,35,31,40,29,32,52,18,61,61,81,68,40,23,84,52,52,52,39,60,40,95,89,100,100,31,3,8,13,16,16,23,18,15,3,3,Eredivisie
Groningen,cos9hxi16eitbcbthof7zrm4m,1nk0hcaa9o4jnyxc9ndz1lams,D. van der Werff,David van der Werff,21,Midfielder,Netherlands,Midfielder,26.0,49.0,6.0,73.0,1.0,13.0,5.0,1.0,247.0,15.0,4.0,1.0,0.0,7.0,8.0,6.0,4.0,13.0,13.0,1.0,4.0,2.0,2.0,6.0,0.0,0.0,0.0,79.35,66.67,11.11,46.15,50.0,54.17,50.0,50.0,0.5821223133130693,0.7352518884225261,1.0,4.0,0.07867226,2.0,12.0,9.0,1.0590989300000002,38.0,9.473684210526317,17.85425101214575,2.1862348178137654,26.59919028340081,0.3643724696356275,4.7368421052631575,1.8218623481781373,0.3643724696356275,5.465587044534413,1.45748987854251,0.3643724696356275,0.0,2.5506072874493926,2.91497975708502,2.1862348178137654,1.45748987854251,4.7368421052631575,4.7368421052631575,0.3643724696356275,1.45748987854251,0.728744939271255,0.728744939271255,2.1862348178137654,0.0,0.0,0.0,79.35,66.67,11.11,46.15,50.0,54.17,50.0,50.0,0.2121093449318876,0.2679055463887747,0.3643724696356275,1.45748987854251,0.0286660056680161,0.728744939271255,4.372469635627531,3.279352226720648,0.3859064927125507,13.846153846153848,CM/AM,70,67,87,59,54,94,76,54,96,80,41,37,91,94,94,100,100,100,80,94,70,70,93,52,52,52,22,78,26,41,70,70,81,44,70,89,48,35,37,41,83,69,100,67,48,41,78,37,41,70,78,41,89,78,30,37,74,78,85,93,96,93,70,85,56,59,81,52,52,52,22,78,26,41,70,70,81,44,74,81,41,33,33,33,67,56,96,44,Eredivisie
Groningen,cos9hxi16eitbcbthof7zrm4m,2rq9bdoqppx3thlsm79j2i0ru,M. Csinger,Márk Csinger,23,Defender,Hungary,Defender,32.0,14.0,1.0,46.0,3.0,7.0,10.0,1.0,121.0,0.0,2.0,1.0,0.0,0.0,0.0,0.0,0.0,0.0,0.0,0.0,0.0,0.0,0.0,0.0,0.0,0.0,0.0,90.2,33.33,0.0,0.0,0.0,46.67,42.86,50.0,0.0,0.0,0.0,0.0,0.0,0.0,0.0,0.0,0.0,0.0,23.801652892561982,10.413223140495868,0.743801652892562,34.21487603305785,2.2314049586776856,5.206611570247934,7.438016528925619,0.743801652892562,0.0,1.487603305785124,0.743801652892562,0.0,0.0,0.0,0.0,0.0,0.0,0.0,0.0,0.0,0.0,0.0,0.0,0.0,0.0,0.0,90.2,33.33,0.0,0.0,0.0,46.67,42.86,50.0,0.0,0.0,0.0,0.0,0.0,0.0,0.0,0.0,0.0,0.0,CB,17,15,9,9,45,33,61,32,13,62,26,46,30,15,20,37,27,27,41,30,45,36,37,47,51,51,63,23,45,37,30,17,44,30,14,30,37,17,17,32,14,12,12,12,26,19,13,23,66,72,96,40,13,83,40,46,30,15,20,37,27,27,41,30,45,36,37,47,51,51,63,23,45,37,30,17,44,30,14,30,37,17,17,32,14,12,12,12,Eredivisie
Groningen,cos9hxi16eitbcbthof7zrm4m,3aly8eihwfvtwde7dg0k18w7o,J. Schreuders,Jorg Schreuders,21,Midfielder,Netherlands,Midfielder,40.0,39.0,4.0,79.0,2.0,10.0,6.0,0.0,225.0,2.0,1.0,5.0,0.0,1.0,2.0,1.0,0.0,0.0,0.0,0.0,1.0,0.0,1.0,0.0,0.0,0.0,0.0,87.78,44.44,0.0,0.0,50.0,41.67,66.67,71.43,0.113699156765316,0.0905590080237571,1.0,9.0,0.21616494,5.0,1.0,2.0,0.1448905999999999,28.0,16.0,15.6,1.6,31.6,0.8,4.0,2.4,0.0,0.8,0.4,2.0,0.0,0.4,0.8,0.4,0.0,0.0,0.0,0.0,0.4,0.0,0.4,0.0,0.0,0.0,0.0,87.78,44.44,0.0,0.0,50.0,41.67,66.67,71.43,0.0454796627061264,0.0362236032095028,0.4,3.6,0.086465976,2.0,0.4,0.8,0.0579562399999999,11.2,CM/AM,96,52,63,72,74,61,85,19,30,33,100,37,15,31,39,22,9,9,35,41,13,41,17,52,52,52,74,30,13,17,70,43,94,74,30,30,48,72,67,78,13,13,30,46,89,33,56,52,67,52,81,19,30,30,98,37,4,33,33,22,9,9,35,33,13,30,17,52,52,52,74,30,13,17,70,43,94,74,30,22,48,67,63,70,11,11,26,37,Eredivisie
Groningen,cos9hxi16eitbcbthof7zrm4m,5q8rvam8iv65g4wjb8rarw15,B. Willumsson,Brynjólfur Willumsson,26,Attacker,Iceland,Striker,10.0,14.0,0.0,24.0,5.0,9.0,0.0,0.0,228.0,18.0,2.0,2.0,0.0,2.0,8.0,7.0,1.0,2.0,2.0,3.0,7.0,0.0,1.0,0.0,0.0,0.0,0.0,63.16,0.0,0.0,0.0,87.5,45.0,45.45,100.0,1.5118342910502625,0.2140808933105837,1.0,1.0,0.10805102,0.0,0.0,0.0,0.0062204399999999,5.0,3.947368421052632,5.526315789473684,0.0,9.473684210526317,1.973684210526316,3.5526315789473686,0.0,0.0,7.105263157894737,0.7894736842105263,0.7894736842105263,0.0,0.7894736842105263,3.1578947368421053,2.763157894736842,0.3947368421052631,0.7894736842105263,0.7894736842105263,1.1842105263157896,2.763157894736842,0.0,0.3947368421052631,0.0,0.0,0.0,0.0,63.16,0.0,0.0,0.0,87.5,45.0,45.45,100.0,0.5967766938356299,0.0845056157804935,0.3947368421052631,0.3947368421052631,0.0426517184210526,0.0,0.0,0.0,0.0024554368421052,1.973684210526316,ST,47,37,24,37,66,48,18,39,84,48,82,40,52,85,82,52,44,40,100,100,40,56,19,52,52,52,10,24,40,19,97,52,65,89,97,68,45,40,65,23,18,15,13,27,35,23,24,19,61,45,18,39,77,42,84,40,45,77,74,44,42,39,100,100,40,45,19,52,52,52,10,24,40,19,97,52,65,89,100,61,34,35,61,23,18,15,13,19,Eredivisie
Groningen,cos9hxi16eitbcbthof7zrm4m,642iajthdnr0zophv7ys35q1g,E. van der Laan,Elvis van der Laan,18,Defender,Sweden,Defender,42.0,17.0,1.0,59.0,3.0,9.0,9.0,1.0,142.0,0.0,4.0,3.0,0.0,0.0,0.0,0.0,0.0,0.0,0.0,0.0,0.0,0.0,0.0,0.0,0.0,0.0,0.0,96.72,33.33,0.0,0.0,0.0,50.0,37.5,100.0,0.0,0.0,0.0,0.0,0.0,0.0,0.0,0.0,0.0,0.0,26.61971830985916,10.774647887323944,0.6338028169014085,37.3943661971831,1.9014084507042253,5.704225352112676,5.704225352112676,0.6338028169014085,0.0,2.535211267605634,1.9014084507042253,0.0,0.0,0.0,0.0,0.0,0.0,0.0,0.0,0.0,0.0,0.0,0.0,0.0,0.0,0.0,96.72,33.33,0.0,0.0,0.0,50.0,37.5,100.0,0.0,0.0,0.0,0.0,0.0,0.0,0.0,0.0,0.0,0.0,CB,26,17,9,23,45,46,51,32,13,91,72,46,30,15,20,37,27,27,41,30,45,36,37,47,51,51,100,23,45,37,30,32,32,84,14,30,37,17,17,32,14,12,12,12,32,23,6,30,53,83,79,34,13,98,87,46,30,15,20,37,27,27,41,30,45,36,37,47,51,51,100,23,45,37,30,32,32,84,14,30,37,17,17,32,14,12,12,12,Eredivisie
Groningen,cos9hxi16eitbcbthof7zrm4m,7xovmwq2h4rcr9nuou4gi3g2c,W. Prins,Wouter Prins,22,Defender,Netherlands,Defender,25.0,23.0,2.0,47.0,2.0,9.0,3.0,1.0,248.0,9.0,3.0,2.0,0.0,2.0,3.0,2.0,3.0,6.0,6.0,0.0,0.0,1.0,1.0,2.0,0.0,0.0,0.0,74.6,66.67,33.33,33.33,0.0,45.0,40.0,100.0,0.2786978338249806,0.2107940190351683,1.0,3.0,0.07572189,4.0,2.0,4.0,0.3006009299999999,19.0,9.07258064516129,8.346774193548388,0.7258064516129032,17.056451612903224,0.7258064516129032,3.2661290322580645,1.0887096774193548,0.3629032258064516,3.2661290322580645,1.0887096774193548,0.7258064516129032,0.0,0.7258064516129032,1.0887096774193548,0.7258064516129032,1.0887096774193548,2.177419354838709,2.177419354838709,0.0,0.0,0.3629032258064516,0.3629032258064516,0.7258064516129032,0.0,0.0,0.0,74.6,66.67,33.33,33.33,0.0,45.0,40.0,100.0,0.1011403429203558,0.0764978294885691,0.3629032258064516,1.0887096774193548,0.0274797181451612,1.4516129032258065,0.7258064516129032,1.4516129032258065,0.1090890471774193,6.895161290322581,LB/LCB,42,32,25,40,68,60,18,32,95,68,50,35,35,95,85,100,98,98,52,48,32,88,82,50,52,52,25,88,52,48,48,40,52,90,95,35,82,60,60,75,25,28,50,35,30,15,15,20,60,45,15,30,90,60,45,35,30,90,85,100,100,100,52,48,25,85,80,50,52,52,25,88,52,48,48,40,52,90,95,35,80,60,60,75,25,25,50,20,Eredivisie
Groningen,cos9hxi16eitbcbthof7zrm4m,9wwud2tglhtdocmjgl2u5ib6c,T. Blokzijl,Thijmen Blokzijl,21,Defender,Netherlands,Defender,101.0,46.0,8.0,147.0,6.0,8.0,12.0,5.0,270.0,0.0,0.0,1.0,0.0,0.0,0.0,0.0,0.0,0.0,0.0,0.0,0.0,0.0,0.0,0.0,0.0,0.0,0.0,88.55,50.0,0.0,0.0,0.0,57.14,66.67,50.0,0.0009264234334272,0.0,0.0,4.0,0.07307326,0.0,5.0,6.0,0.1908321499999999,84.0,33.666666666666664,15.333333333333334,2.6666666666666665,49.0,2.0,2.6666666666666665,4.0,1.6666666666666667,0.0,0.0,0.3333333333333333,0.0,0.0,0.0,0.0,0.0,0.0,0.0,0.0,0.0,0.0,0.0,0.0,0.0,0.0,0.0,88.55,50.0,0.0,0.0,0.0,57.14,66.67,50.0,0.0003088078111423,0.0,0.0,1.3333333333333333,0.0243577533333333,0.0,1.6666666666666667,2.0,0.0636107166666666,28.0,CB,81,61,69,77,79,38,76,85,13,17,26,46,30,15,20,37,27,27,41,30,45,36,37,47,51,51,47,56,45,37,30,67,81,30,28,30,37,71,68,32,43,48,55,68,57,46,54,44,59,15,51,72,13,17,12,46,30,15,20,37,27,27,41,30,45,36,37,47,51,51,47,56,45,37,30,67,81,30,28,30,37,68,62,32,34,36,45,50,Eredivisie
Groningen,cos9hxi16eitbcbthof7zrm4m,dbg4ducw8j747foxiexle1iad,P. Clement,Pelle Clement,30,Midfielder,Netherlands,Midfielder,33.0,39.0,3.0,71.0,5.0,13.0,6.0,0.0,261.0,6.0,3.0,1.0,0.0,2.0,1.0,1.0,0.0,7.0,7.0,0.0,1.0,1.0,0.0,4.0,0.0,0.0,0.0,80.68,37.5,100.0,57.14,100.0,44.83,55.56,50.0,0.1524953903621395,0.2036664695126808,1.0,6.0,0.2277431,6.0,4.0,5.0,0.29722371,26.0,11.379310344827587,13.448275862068966,1.0344827586206895,24.48275862068965,1.7241379310344829,4.482758620689656,2.0689655172413794,0.0,2.0689655172413794,1.0344827586206895,0.3448275862068966,0.0,0.6896551724137931,0.3448275862068966,0.3448275862068966,0.0,2.413793103448276,2.413793103448276,0.0,0.3448275862068966,0.3448275862068966,0.0,1.3793103448275863,0.0,0.0,0.0,80.68,37.5,100.0,57.14,100.0,44.83,55.56,50.0,0.052584617366255,0.0702298170733382,0.3448275862068966,2.0689655172413794,0.0785321034482758,2.0689655172413794,1.3793103448275863,1.7241379310344829,0.1024909344827586,8.965517241379311,DM/CM,53,45,47,48,93,78,76,9,86,76,33,41,53,24,55,31,95,95,45,60,72,17,93,52,50,50,17,21,95,69,91,31,86,43,48,66,66,72,72,93,38,31,62,34,28,24,28,17,76,62,59,9,72,66,24,41,41,17,45,31,97,97,45,52,66,17,93,52,50,50,17,21,95,69,91,31,86,43,38,52,55,59,69,86,17,24,45,21,Eredivisie
Groningen,cos9hxi16eitbcbthof7zrm4m,e6x3hs6v8cq74ojgluyny72fo,T. Land,Tygo Land,20,Midfielder,Netherlands,Midfielder,54.0,63.0,6.0,117.0,0.0,9.0,0.0,0.0,267.0,5.0,4.0,1.0,1.0,6.0,1.0,1.0,0.0,5.0,5.0,0.0,0.0,0.0,0.0,3.0,0.0,0.0,0.0,88.64,75.0,0.0,60.0,0.0,64.29,0.0,50.0,0.3043161355518773,0.4116624845585149,0.0,4.0,0.09828677,2.0,15.0,9.0,0.29923953,63.0,18.202247191011235,21.235955056179776,2.02247191011236,39.43820224719101,0.0,3.033707865168539,0.0,0.0,1.6853932584269662,1.348314606741573,0.3370786516853932,0.3370786516853932,2.02247191011236,0.3370786516853932,0.3370786516853932,0.0,1.6853932584269662,1.6853932584269662,0.0,0.0,0.0,0.0,1.0112359550561798,0.0,0.0,0.0,88.64,75.0,0.0,60.0,0.0,64.29,0.0,50.0,0.1025784726579361,0.1387626352444432,0.0,1.348314606741573,0.0331303719101123,0.6741573033707865,5.056179775280898,3.033707865168539,0.1008672573033707,21.235955056179776,DM/CM,86,72,78,76,9,62,10,9,74,88,33,91,97,24,55,31,86,86,45,22,31,17,86,52,50,50,52,81,31,72,22,83,17,43,79,86,26,53,52,59,93,53,66,79,62,52,59,55,9,34,10,9,59,79,21,86,90,14,38,31,86,86,45,22,31,17,83,52,50,50,52,81,31,72,22,83,17,43,66,83,26,34,34,55,76,40,38,62,Eredivisie
Groningen,cos9hxi16eitbcbthof7zrm4m,ei9h1loyggj8fnf1q4jfdm710,T. van Bergen,Thom van Bergen,22,Attacker,Netherlands,Striker,27.0,40.0,3.0,66.0,2.0,19.0,0.0,1.0,270.0,25.0,8.0,2.0,2.0,6.0,11.0,9.0,2.0,15.0,16.0,2.0,6.0,1.0,2.0,8.0,0.0,0.0,0.0,84.62,100.0,50.0,53.33,54.55,51.35,40.0,100.0,1.1620945307040134,0.4559670570559939,3.0,13.0,0.31457847,7.0,5.0,13.0,0.5865024899999999,35.0,9.0,13.333333333333334,1.0,22.0,0.6666666666666666,6.333333333333333,0.0,0.3333333333333333,8.333333333333334,2.6666666666666665,0.6666666666666666,0.6666666666666666,2.0,3.6666666666666665,3.0,0.6666666666666666,5.0,5.333333333333333,0.6666666666666666,2.0,0.3333333333333333,0.6666666666666666,2.6666666666666665,0.0,0.0,0.0,84.62,100.0,50.0,53.33,54.55,51.35,40.0,100.0,0.3873648435680044,0.1519890190186646,1.0,4.333333333333333,0.10485949,2.333333333333333,1.6666666666666667,4.333333333333333,0.1955008299999999,11.666666666666666,ST,97,87,92,90,45,97,18,85,100,100,82,100,94,97,90,82,100,100,90,97,84,81,100,52,52,52,87,89,98,71,81,68,53,89,87,90,90,97,94,100,94,94,94,94,87,77,90,84,32,81,18,77,94,94,77,100,85,84,81,71,90,90,84,94,81,65,90,52,52,52,87,89,98,71,81,68,53,89,84,81,76,90,87,94,81,90,87,90,Eredivisie
Groningen,cos9hxi16eitbcbthof7zrm4m,f4liap69r76gyc8pnxsergbqi,T. de Jonge,Tika de Jonge,23,Midfielder,Netherlands,Midfielder,47.0,46.0,8.0,93.0,2.0,13.0,5.0,8.0,262.0,6.0,2.0,3.0,0.0,2.0,4.0,3.0,0.0,6.0,6.0,0.0,3.0,0.0,1.0,3.0,0.0,0.0,0.0,83.04,57.14,0.0,50.0,75.0,56.52,40.0,50.0,0.3879269985342317,0.2157154393302706,1.0,10.0,0.19895336,3.0,14.0,10.0,0.30774674,47.0,16.14503816793893,15.801526717557252,2.748091603053436,31.946564885496183,0.6870229007633588,4.465648854961832,1.717557251908397,2.748091603053436,2.0610687022900764,0.6870229007633588,1.0305343511450382,0.0,0.6870229007633588,1.3740458015267176,1.0305343511450382,0.0,2.0610687022900764,2.0610687022900764,0.0,1.0305343511450382,0.0,0.3435114503816794,1.0305343511450382,0.0,0.0,0.0,83.04,57.14,0.0,50.0,75.0,56.52,40.0,50.0,0.1332573659087055,0.0741007234340624,0.3435114503816794,3.435114503816794,0.0683427572519084,1.0305343511450382,4.809160305343512,3.435114503816794,0.1057145290076336,16.14503816793893,DM/CM,76,52,90,59,55,78,67,100,86,60,69,41,53,81,88,31,90,90,45,97,31,52,86,52,50,50,24,60,31,57,79,66,50,43,86,72,66,81,69,67,84,62,69,62,52,31,72,31,43,59,52,97,69,48,55,41,38,69,83,31,90,90,45,90,31,38,86,52,50,50,24,60,31,57,79,66,50,43,76,55,52,79,66,66,66,48,52,38,Eredivisie
Twente,4tic29sox7m39fy1ztgv0jsiq,1rmox6tf7r283dca2vi844kr8,A. Adelgaard,Aske Adelgaard,22,Defender,Denmark,Defender,34.0,58.0,1.0,92.0,4.0,9.0,2.0,4.0,167.0,1.0,2.0,2.0,0.0,0.0,0.0,0.0,0.0,1.0,1.0,0.0,0.0,0.0,0.0,0.0,0.0,0.0,0.0,90.2,33.33,0.0,0.0,0.0,52.94,0.0,66.67,0.0,0.0,0.0,0.0,0.0,0.0,0.0,0.0,0.0,0.0,18.323353293413174,31.25748502994012,0.5389221556886228,49.58083832335329,2.155688622754491,4.850299401197605,1.0778443113772456,2.155688622754491,0.5389221556886228,1.0778443113772456,1.0778443113772456,0.0,0.0,0.0,0.0,0.0,0.5389221556886228,0.5389221556886228,0.0,0.0,0.0,0.0,0.0,0.0,0.0,0.0,90.2,33.33,0.0,0.0,0.0,52.94,0.0,66.67,0.0,0.0,0.0,0.0,0.0,0.0,0.0,0.0,0.0,0.0,CB,19,70,9,44,62,46,13,77,35,62,54,46,30,15,20,37,70,68,41,30,45,36,37,47,51,51,63,23,45,37,30,50,6,49,14,30,37,17,17,32,14,12,12,12,13,81,4,47,64,62,13,96,34,68,68,46,30,15,20,37,70,68,41,30,45,36,37,47,51,51,63,23,45,37,30,50,6,49,14,30,37,17,17,32,14,12,12,12,Eredivisie
Twente,4tic29sox7m39fy1ztgv0jsiq,2hbduprkyabq8g1nhe6b4g3bp,M. Pjaca,Marko Pjaca,31,Attacker,Croatia,Striker,7.0,43.0,1.0,47.0,3.0,4.0,1.0,2.0,137.0,10.0,0.0,1.0,0.0,4.0,4.0,4.0,0.0,0.0,0.0,0.0,2.0,3.0,0.0,0.0,0.0,0.0,0.0,90.38,50.0,37.5,0.0,50.0,44.44,60.0,100.0,0.4718285818350252,0.4579368042002448,1.0,12.0,0.37632598,1.0,3.0,5.0,0.49043584,18.0,4.598540145985401,28.248175182481752,0.6569343065693432,30.875912408759127,1.9708029197080288,2.6277372262773726,0.6569343065693432,1.3138686131386863,6.569343065693431,0.0,0.6569343065693432,0.0,2.6277372262773726,2.6277372262773726,2.6277372262773726,0.0,0.0,0.0,0.0,1.3138686131386863,1.9708029197080288,0.0,0.0,0.0,0.0,0.0,90.38,50.0,37.5,0.0,50.0,44.44,60.0,100.0,0.3099603822273888,0.3008343969198688,0.6569343065693432,7.883211678832117,0.2472214467153284,0.6569343065693432,1.9708029197080288,3.2846715328467155,0.3221841284671533,11.824817518248176,ST,32,90,65,87,53,13,42,98,53,13,68,40,85,37,52,18,11,10,23,56,94,23,19,52,52,52,100,60,90,19,69,48,82,89,39,94,45,94,97,55,76,85,90,87,48,94,81,94,58,26,45,100,74,13,74,40,94,55,65,18,11,10,23,71,94,23,19,52,52,52,100,60,90,19,69,48,82,89,55,94,65,100,100,61,90,87,94,94,Eredivisie
Twente,4tic29sox7m39fy1ztgv0jsiq,3xlkchrk28u0cb620cajre1hw,R. Nijstad,Ruud Nijstad,18,Defender,Netherlands,Defender,41.0,51.0,4.0,92.0,1.0,3.0,6.0,1.0,90.0,0.0,0.0,1.0,0.0,0.0,1.0,0.0,0.0,1.0,1.0,0.0,0.0,0.0,1.0,1.0,0.0,0.0,0.0,94.85,80.0,0.0,100.0,0.0,0.0,0.0,100.0,0.0705298195581533,0.0,1.0,7.0,0.13359411,3.0,16.0,13.0,0.2081657099999999,60.0,41.0,51.0,4.0,92.0,1.0,3.0,6.0,1.0,0.0,0.0,1.0,0.0,0.0,1.0,0.0,0.0,1.0,1.0,0.0,0.0,0.0,1.0,1.0,0.0,0.0,0.0,94.85,80.0,0.0,100.0,0.0,0.0,0.0,100.0,0.0705298195581533,0.0,1.0,7.0,0.13359411,3.0,16.0,13.0,0.2081657099999999,60.0,CB,23,65,43,44,14,7,33,32,13,17,26,46,30,45,20,37,70,68,41,30,45,82,82,47,51,51,98,94,45,93,30,2,6,84,34,30,85,89,87,85,82,71,62,57,87,98,85,100,30,21,82,50,13,17,54,46,30,73,20,37,90,87,41,30,45,96,94,47,51,51,98,94,45,93,30,2,6,84,55,30,100,97,96,94,100,100,94,98,Eredivisie
Twente,4tic29sox7m39fy1ztgv0jsiq,57btqxe5sy3ygzxpp55p4umdx,W. Weghorst,Wout Weghorst,34,Attacker,Netherlands,Striker,8.0,23.0,0.0,31.0,6.0,6.0,0.0,0.0,172.0,11.0,0.0,0.0,0.0,4.0,5.0,4.0,1.0,1.0,1.0,0.0,0.0,0.0,1.0,0.0,0.0,0.0,0.0,83.78,0.0,0.0,0.0,0.0,42.86,66.67,0.0,0.6537055170754508,0.2642206507518748,0.0,1.0,0.0241224,1.0,0.0,0.0,0.08666505,11.0,4.186046511627906,12.034883720930232,0.0,16.22093023255814,3.13953488372093,3.13953488372093,0.0,0.0,5.755813953488372,0.0,0.0,0.0,2.093023255813953,2.6162790697674416,2.093023255813953,0.5232558139534883,0.5232558139534883,0.5232558139534883,0.0,0.0,0.0,0.5232558139534883,0.0,0.0,0.0,0.0,83.78,0.0,0.0,0.0,0.0,42.86,66.67,0.0,0.3420552124232009,0.1382549916724926,0.0,0.5232558139534883,0.0126221860465116,0.5232558139534883,0.0,0.0,0.0453479912790697,5.755813953488372,ST,40,71,24,65,76,40,18,39,60,13,31,40,85,53,52,52,29,26,23,11,40,56,19,52,52,52,82,24,40,19,11,45,90,31,68,77,13,40,45,55,18,15,61,66,39,74,24,71,90,42,18,39,65,13,31,40,90,52,55,55,35,32,23,11,40,55,19,52,52,52,82,24,40,19,11,45,90,31,74,74,13,42,39,55,18,15,61,68,Eredivisie
Twente,4tic29sox7m39fy1ztgv0jsiq,5m8pflpgynidzk7d9507oujje,D. Rots,Daan Rots,25,Attacker,Netherlands,Striker,10.0,45.0,1.0,54.0,3.0,10.0,1.0,3.0,180.0,12.0,3.0,3.0,0.0,3.0,9.0,7.0,2.0,3.0,3.0,1.0,1.0,1.0,2.0,2.0,0.0,0.0,0.0,78.26,33.33,14.29,66.67,11.11,50.0,60.0,100.0,0.9003553266414522,0.3465948844835784,2.0,7.0,0.23748043,3.0,0.0,8.0,0.42078832,26.0,5.0,22.5,0.5,27.0,1.5,5.0,0.5,1.5,6.0,1.5,1.5,0.0,1.5,4.5,3.5,1.0,1.5,1.5,0.5,0.5,0.5,1.0,1.0,0.0,0.0,0.0,78.26,33.33,14.29,66.67,11.11,50.0,60.0,100.0,0.4501776633207261,0.1732974422417892,1.0,3.5,0.118740215,1.5,0.0,4.0,0.21039416,13.0,RW,46,73,46,54,100,54,58,88,65,69,85,42,58,85,100,62,19,19,88,42,38,46,42,54,54,54,46,42,38,81,23,69,85,92,92,54,38,62,62,65,19,54,77,77,38,85,38,69,100,46,54,85,69,77,92,42,54,92,100,69,8,8,85,31,38,54,38,54,54,54,46,42,38,81,23,69,85,92,100,54,31,46,62,62,19,77,77,85,Eredivisie
Twente,4tic29sox7m39fy1ztgv0jsiq,6wwk8y9mklkh8x606ynhe1lp0,S. Ørjasæter,Sondre Ørjasæter,22,Midfielder,Norway,Midfielder,7.0,46.0,0.0,53.0,2.0,9.0,1.0,0.0,137.0,14.0,0.0,0.0,1.0,4.0,4.0,3.0,2.0,9.0,9.0,0.0,0.0,0.0,1.0,6.0,0.0,0.0,0.0,85.48,0.0,0.0,66.67,0.0,50.0,50.0,0.0,0.4328248320466328,0.3024759356335151,3.0,14.0,0.4905975399999999,3.0,2.0,4.0,0.3152209,9.0,4.598540145985401,30.218978102189784,0.0,34.81751824817518,1.3138686131386863,5.912408759124088,0.6569343065693432,0.0,9.197080291970805,0.0,0.0,0.6569343065693432,2.6277372262773726,2.6277372262773726,1.9708029197080288,1.3138686131386863,5.912408759124088,5.912408759124088,0.0,0.0,0.0,0.6569343065693432,3.9416058394160585,0.0,0.0,0.0,85.48,0.0,0.0,66.67,0.0,50.0,50.0,0.0,0.2843374809065471,0.1987068190293165,1.9708029197080288,9.197080291970805,0.3222903547445255,1.9708029197080288,1.3138686131386863,2.6277372262773726,0.2070794233576642,5.912408759124088,LM/LCM,67,100,33,100,100,100,50,33,67,33,67,100,83,33,50,50,100,100,33,33,50,33,100,67,67,67,67,33,50,100,33,100,100,67,67,67,67,67,67,83,33,33,67,33,67,100,33,100,100,100,33,33,33,33,67,100,100,33,67,33,100,100,33,33,50,33,100,67,67,67,67,33,50,100,33,100,100,67,67,67,67,67,67,100,33,33,67,33,Eredivisie
Twente,4tic29sox7m39fy1ztgv0jsiq,bner5siqnwn1fqusfrgujt0fe,M. Bruns,Max Bruns,23,Defender,Netherlands,Defender,48.0,33.0,2.0,81.0,0.0,2.0,2.0,1.0,90.0,1.0,0.0,1.0,0.0,0.0,1.0,1.0,0.0,0.0,0.0,0.0,1.0,0.0,0.0,0.0,0.0,0.0,0.0,94.19,50.0,0.0,0.0,100.0,40.0,0.0,50.0,0.1556652335410359,0.0,0.0,1.0,0.01935132,0.0,10.0,7.0,0.1172677899999999,54.0,48.0,33.0,2.0,81.0,0.0,2.0,2.0,1.0,1.0,0.0,1.0,0.0,0.0,1.0,1.0,0.0,0.0,0.0,0.0,1.0,0.0,0.0,0.0,0.0,0.0,0.0,94.19,50.0,0.0,0.0,100.0,40.0,0.0,50.0,0.1556652335410359,0.0,0.0,1.0,0.01935132,0.0,10.0,7.0,0.1172677899999999,54.0,CB,35,44,21,36,3,2,13,32,35,17,26,46,30,45,59,37,27,27,41,76,45,36,37,47,51,51,91,56,45,37,93,13,6,30,62,30,37,41,40,32,63,52,45,53,99,85,40,94,3,10,18,50,54,17,54,46,30,73,85,37,27,27,41,98,45,36,37,47,51,51,91,56,45,37,93,13,6,30,87,30,37,60,57,32,93,81,70,96,Eredivisie
Twente,4tic29sox7m39fy1ztgv0jsiq,dc119ejc7lls2rd3ywigl2smi,R. Zerrouki,Ramiz Zerrouki,28,Midfielder,Algeria,Midfielder,23.0,85.0,6.0,108.0,2.0,7.0,1.0,1.0,167.0,2.0,1.0,3.0,1.0,1.0,1.0,0.0,1.0,1.0,1.0,0.0,0.0,0.0,1.0,1.0,0.0,0.0,0.0,85.04,50.0,0.0,100.0,0.0,38.89,25.0,100.0,0.0826751393218897,0.0581045135030165,1.0,18.0,0.40639768,6.0,22.0,22.0,0.4075973600000002,66.0,12.395209580838324,45.80838323353293,3.2335329341317363,58.203592814371255,1.0778443113772456,3.772455089820359,0.5389221556886228,0.5389221556886228,1.0778443113772456,0.5389221556886228,1.616766467065868,0.5389221556886228,0.5389221556886228,0.5389221556886228,0.0,0.5389221556886228,0.5389221556886228,0.5389221556886228,0.0,0.0,0.0,0.5389221556886228,0.5389221556886228,0.0,0.0,0.0,85.04,50.0,0.0,100.0,0.0,38.89,25.0,100.0,0.04455546430521,0.0313138096722843,0.5389221556886228,9.70059880239521,0.219016713772455,3.2335329341317363,11.8562874251497,11.8562874251497,0.2196632479041917,35.5688622754491,CM/AM,57,89,87,93,74,41,33,54,30,33,89,81,15,17,15,56,28,26,35,13,13,41,43,52,52,52,48,50,13,91,13,33,61,91,26,15,48,93,93,87,100,100,67,96,70,96,93,96,78,44,30,59,33,37,81,85,11,15,15,56,33,33,35,13,13,44,48,52,52,52,48,50,13,91,13,33,61,91,26,19,56,96,96,93,100,100,70,96,Eredivisie
Twente,4tic29sox7m39fy1ztgv0jsiq,lduqoe45t2fnbn9s9rbvlnf9,R. Pröpper,Robin Pröpper,32,Defender,Netherlands,Defender,71.0,67.0,9.0,138.0,11.0,15.0,7.0,1.0,180.0,1.0,3.0,1.0,0.0,0.0,1.0,1.0,0.0,0.0,0.0,0.0,1.0,0.0,0.0,0.0,0.0,0.0,0.0,83.13,42.86,0.0,0.0,100.0,71.43,68.75,100.0,0.1428930566024625,0.0,0.0,5.0,0.09503283,1.0,20.0,19.0,0.2309056499999999,92.0,35.5,33.5,4.5,69.0,5.5,7.5,3.5,0.5,0.5,1.5,0.5,0.0,0.0,0.5,0.5,0.0,0.0,0.0,0.0,0.5,0.0,0.0,0.0,0.0,0.0,0.0,83.13,42.86,0.0,0.0,100.0,71.43,68.75,100.0,0.0714465283012312,0.0,0.0,2.5,0.047516415,0.5,10.0,9.5,0.1154528249999999,46.0,CB,62,80,78,65,98,89,38,32,35,79,26,46,30,45,59,37,27,27,41,76,45,36,37,47,51,51,23,39,45,37,93,96,85,84,55,30,37,79,77,69,87,90,64,85,62,88,88,81,100,95,43,26,31,87,21,46,30,45,62,37,27,27,41,76,45,36,37,47,51,51,23,39,45,37,93,96,85,84,60,30,37,84,81,70,93,94,68,85,Eredivisie
Twente,4tic29sox7m39fy1ztgv0jsiq,qobf1v5kwuz6hj2ooixfw4mi,B. van Rooij,Bart van Rooij,25,Defender,Netherlands,Defender,48.0,69.0,11.0,110.0,1.0,8.0,5.0,1.0,159.0,5.0,2.0,5.0,0.0,7.0,2.0,1.0,1.0,1.0,1.0,0.0,1.0,7.0,1.0,0.0,0.0,0.0,0.0,88.71,64.71,43.75,0.0,50.0,53.33,50.0,100.0,0.1543625771977668,0.7689342553112729,0.0,14.0,0.35940041,4.0,12.0,17.0,0.92173473,59.0,27.16981132075472,39.0566037735849,6.226415094339623,62.26415094339623,0.5660377358490566,4.528301886792453,2.830188679245284,0.5660377358490566,2.830188679245284,1.1320754716981132,2.830188679245284,0.0,3.962264150943396,1.1320754716981132,0.5660377358490566,0.5660377358490566,0.5660377358490566,0.5660377358490566,0.0,0.5660377358490566,3.962264150943396,0.5660377358490566,0.0,0.0,0.0,0.0,88.71,64.71,43.75,0.0,50.0,53.33,50.0,100.0,0.0873750436968491,0.4352458048931734,0.0,7.924528301886792,0.2034341943396226,2.2641509433962264,6.79245283018868,9.622641509433963,0.5217366396226415,33.39622641509434,RB/RCB,77,85,100,85,31,35,42,42,69,65,85,42,100,69,62,73,50,50,54,88,100,73,38,54,54,54,92,100,92,38,85,42,58,85,77,100,50,92,92,92,100,100,100,85,85,100,100,100,31,62,38,46,69,92,100,42,100,85,77,77,62,62,54,100,100,77,38,54,54,54,92,100,92,38,85,42,58,85,92,100,50,100,100,92,100,100,100,100,Eredivisie
Utrecht,ccpscwdcm65czscrun048ecn5,1k60tee702idfrp0ibca1s57u,G. Offerhaus,Guus Offerhaus,25,Defender,Netherlands,Defender,26.0,18.0,1.0,44.0,1.0,4.0,1.0,2.0,123.0,2.0,0.0,3.0,0.0,0.0,2.0,2.0,1.0,1.0,2.0,0.0,0.0,0.0,0.0,0.0,0.0,0.0,0.0,86.27,100.0,0.0,0.0,0.0,30.77,33.33,100.0,0.2192701300269773,0.0,0.0,2.0,0.03546945,0.0,3.0,3.0,0.06094186,20.0,19.02439024390244,13.170731707317072,0.7317073170731707,32.19512195121951,0.7317073170731707,2.926829268292683,0.7317073170731707,1.4634146341463414,1.4634146341463414,0.0,2.1951219512195124,0.0,0.0,1.4634146341463414,1.4634146341463414,0.7317073170731707,0.7317073170731707,1.4634146341463414,0.0,0.0,0.0,0.0,0.0,0.0,0.0,0.0,86.27,100.0,0.0,0.0,0.0,30.77,33.33,100.0,0.1604415585563248,0.0,0.0,1.4634146341463414,0.0259532560975609,0.0,2.1951219512195124,2.1951219512195124,0.0445916048780487,14.634146341463415,CB,12,20,9,6,14,14,5,49,55,17,72,46,30,73,86,85,70,88,41,30,45,36,37,47,51,51,32,98,45,37,30,6,26,84,72,30,37,57,49,32,34,35,26,26,15,36,11,17,26,17,6,68,74,17,94,46,30,94,98,98,87,94,41,30,45,36,37,47,51,51,32,98,45,37,30,6,26,84,89,30,37,74,66,32,40,40,32,32,Eredivisie
Utrecht,ccpscwdcm65czscrun048ecn5,29s8wk0a2m66rebsfx1jfuuh,D. van den Berg,Davy van den Berg,26,Midfielder,Netherlands,Midfielder,27.0,30.0,2.0,54.0,1.0,4.0,3.0,1.0,146.0,2.0,1.0,0.0,1.0,5.0,2.0,2.0,0.0,1.0,1.0,0.0,1.0,3.0,0.0,1.0,0.0,0.0,0.0,85.71,40.0,50.0,100.0,50.0,44.44,50.0,0.0,0.1617107701060371,0.40232519152331,0.0,3.0,0.07132054,0.0,9.0,7.0,0.1926927699999999,28.0,16.643835616438356,18.493150684931507,1.2328767123287672,33.28767123287671,0.6164383561643836,2.4657534246575343,1.8493150684931507,0.6164383561643836,1.2328767123287672,0.6164383561643836,0.0,0.6164383561643836,3.0821917808219177,1.2328767123287672,1.2328767123287672,0.0,0.6164383561643836,0.6164383561643836,0.0,0.6164383561643836,1.8493150684931507,0.0,0.6164383561643836,0.0,0.0,0.0,85.71,40.0,50.0,100.0,50.0,44.44,50.0,0.0,0.099684721298242,0.2480086797061499,0.0,1.8493150684931507,0.0439647164383561,0.0,5.547945205479452,4.315068493150685,0.1187832143835615,17.26027397260274,DM/CM,34,33,29,26,28,17,47,26,31,33,9,91,84,55,81,31,40,38,45,60,90,17,55,52,50,50,45,28,84,93,69,28,72,9,52,83,26,41,38,19,53,45,45,38,55,45,38,41,34,24,55,34,45,41,9,97,100,66,86,31,38,34,45,76,100,17,62,52,50,50,45,28,84,93,69,28,72,9,59,97,26,52,52,19,83,62,59,48,Eredivisie
Utrecht,ccpscwdcm65czscrun048ecn5,2tc8y9du64tjno62zll2jhy7e,Y. Cathline,Yoann Cathline,24,Attacker,France,Striker,14.0,22.0,0.0,32.0,1.0,12.0,0.0,1.0,197.0,5.0,6.0,4.0,2.0,3.0,3.0,2.0,0.0,7.0,7.0,0.0,0.0,4.0,1.0,0.0,0.0,0.0,0.0,78.05,0.0,30.77,0.0,0.0,41.38,25.0,80.0,0.2583687703659666,0.442971473862654,1.0,2.0,0.03932202,0.0,5.0,4.0,0.0572017799999999,11.0,6.395939086294415,10.050761421319796,0.0,14.619289340101522,0.4568527918781725,5.482233502538071,0.0,0.4568527918781725,2.284263959390863,2.741116751269036,1.8274111675126905,0.9137055837563453,1.3705583756345177,1.3705583756345177,0.9137055837563453,0.0,3.197969543147208,3.197969543147208,0.0,0.0,1.8274111675126905,0.4568527918781725,0.0,0.0,0.0,0.0,78.05,0.0,30.77,0.0,0.0,41.38,25.0,80.0,0.1180364940758223,0.2023727545565424,0.4568527918781725,0.9137055837563453,0.0179643746192893,0.0,2.284263959390863,1.8274111675126905,0.0261327928934009,5.025380710659898,LW,73,45,23,36,45,73,36,64,32,100,91,95,50,27,36,23,55,45,32,23,100,45,18,55,55,55,45,23,82,18,23,18,45,82,27,73,41,23,18,14,91,45,27,36,64,36,23,36,45,55,36,73,27,91,91,100,55,18,36,23,45,45,32,23,100,36,18,55,55,55,45,23,82,18,23,18,45,82,18,73,36,18,18,14,91,45,18,36,Eredivisie
Utrecht,ccpscwdcm65czscrun048ecn5,3r6elcuru7no13hrfczmwbmy1,S. Horemans,Siebe Horemans,28,Defender,Belgium,Defender,77.0,34.0,8.0,109.0,9.0,17.0,11.0,4.0,237.0,4.0,1.0,5.0,0.0,1.0,2.0,2.0,0.0,0.0,0.0,0.0,0.0,2.0,0.0,0.0,0.0,0.0,0.0,84.5,53.33,50.0,0.0,0.0,68.0,69.23,71.43,0.2029786272319083,0.1035945286867226,0.0,1.0,0.02385149,1.0,3.0,6.0,0.28617843,64.0,29.240506329113924,12.91139240506329,3.037974683544304,41.39240506329114,3.4177215189873418,6.455696202531645,4.177215189873418,1.518987341772152,1.518987341772152,0.379746835443038,1.89873417721519,0.0,0.379746835443038,0.759493670886076,0.759493670886076,0.0,0.0,0.0,0.0,0.0,0.759493670886076,0.0,0.0,0.0,0.0,0.0,84.5,53.33,50.0,0.0,0.0,68.0,69.23,71.43,0.0770804913538892,0.0393396944379959,0.0,0.379746835443038,0.0090575278481012,0.379746835443038,1.139240506329114,2.278481012658228,0.1086753531645569,24.303797468354432,RB/RCB,92,54,85,77,100,100,77,96,54,35,85,42,35,69,92,31,19,19,54,38,85,31,38,54,54,54,69,77,100,38,38,92,85,58,85,38,50,54,54,58,42,62,69,100,100,54,85,62,100,92,69,92,62,23,69,42,31,69,92,31,19,19,54,38,85,31,38,54,54,54,69,77,100,38,38,92,85,58,77,38,50,54,54,62,46,62,62,92,Eredivisie
Utrecht,ccpscwdcm65czscrun048ecn5,3ypxn1nvgv8e321sq5394w3my,M. Didden,Matisse Didden,24,Defender,Belgium,Defender,43.0,11.0,4.0,54.0,5.0,9.0,11.0,0.0,135.0,4.0,2.0,1.0,0.0,0.0,2.0,2.0,0.0,0.0,0.0,1.0,1.0,0.0,0.0,0.0,0.0,0.0,0.0,78.26,33.33,0.0,0.0,50.0,56.25,55.56,50.0,0.2625594447718973,0.0,0.0,0.0,0.0,0.0,0.0,1.0,0.04548439,26.0,28.666666666666668,7.333333333333333,2.6666666666666665,36.0,3.333333333333333,6.0,7.333333333333333,0.0,2.6666666666666665,1.3333333333333333,0.6666666666666666,0.0,0.0,1.3333333333333333,1.3333333333333333,0.0,0.0,0.0,0.6666666666666666,0.6666666666666666,0.0,0.0,0.0,0.0,0.0,0.0,78.26,33.33,0.0,0.0,50.0,56.25,55.56,50.0,0.1750396298479315,0.0,0.0,0.0,0.0,0.0,0.0,0.6666666666666666,0.0303229266666666,17.333333333333332,CB,28,11,43,15,72,46,69,11,78,62,26,46,30,73,86,37,27,27,90,76,45,36,37,47,51,51,15,23,45,37,72,64,64,30,83,30,37,17,17,32,14,26,23,29,40,13,54,27,86,88,94,11,98,74,32,46,30,85,91,37,27,27,96,86,45,36,37,47,51,51,15,23,45,37,72,64,64,30,91,30,37,17,17,32,14,24,26,35,Eredivisie
Utrecht,ccpscwdcm65czscrun048ecn5,5wwqe546ohp130rvi8x8pt0tm,A. Zagré,Arthur Zagré,24,Defender,Burkina Faso,Defender,47.0,32.0,4.0,75.0,1.0,15.0,4.0,4.0,260.0,2.0,3.0,5.0,0.0,7.0,1.0,0.0,1.0,6.0,6.0,0.0,0.0,4.0,1.0,2.0,0.0,0.0,0.0,82.42,40.0,36.36,33.33,0.0,40.54,25.0,55.56,0.0492380259206016,0.6899323990809549,1.0,6.0,0.14215872,5.0,7.0,8.0,0.4111595399999999,36.0,16.26923076923077,11.076923076923077,1.3846153846153846,25.961538461538463,0.3461538461538461,5.1923076923076925,1.3846153846153846,1.3846153846153846,0.6923076923076923,1.0384615384615383,1.7307692307692308,0.0,2.423076923076923,0.3461538461538461,0.0,0.3461538461538461,2.076923076923077,2.076923076923077,0.0,0.0,1.3846153846153846,0.3461538461538461,0.6923076923076923,0.0,0.0,0.0,82.42,40.0,36.36,33.33,0.0,40.54,25.0,55.56,0.017043932049439,0.2388227535280228,0.3461538461538461,2.076923076923077,0.0492087876923076,1.7307692307692308,2.423076923076923,2.769230769230769,0.1423244561538461,12.461538461538462,LB/LCB,80,55,68,52,40,100,28,88,45,68,95,35,100,45,22,78,98,98,52,48,82,88,82,50,52,52,45,52,65,48,48,25,38,50,45,90,82,75,75,88,52,62,65,70,75,30,60,50,30,80,20,75,40,55,85,35,95,40,22,65,95,95,52,48,75,75,70,50,52,52,45,52,65,48,48,25,38,50,40,80,70,70,70,80,45,40,55,65,Eredivisie
Utrecht,ccpscwdcm65czscrun048ecn5,6narzhg4hjarzdm235jkcclxw,A. Stepanov,Artem Stepanov,19,Attacker,Ukraine,Striker,17.0,14.0,1.0,31.0,0.0,5.0,2.0,0.0,163.0,11.0,2.0,3.0,0.0,3.0,4.0,4.0,2.0,0.0,0.0,2.0,2.0,0.0,0.0,0.0,0.0,0.0,0.0,83.78,100.0,0.0,0.0,50.0,35.71,0.0,100.0,0.4893308950225522,0.3181913547845381,1.0,0.0,0.0,0.0,1.0,0.0,0.15124079,12.0,9.386503067484664,7.730061349693251,0.5521472392638037,17.116564417177916,0.0,2.7607361963190185,1.1042944785276074,0.0,6.07361963190184,1.1042944785276074,1.656441717791411,0.0,1.656441717791411,2.208588957055215,2.208588957055215,1.1042944785276074,0.0,0.0,1.1042944785276074,1.1042944785276074,0.0,0.0,0.0,0.0,0.0,0.0,83.78,100.0,0.0,0.0,50.0,35.71,0.0,100.0,0.2701827027731883,0.1756884781018922,0.5521472392638037,0.0,0.0,0.0,0.5521472392638037,0.0,0.0835071846625767,6.625766871165644,ST,87,37,65,65,10,26,60,39,60,48,94,40,71,37,52,82,11,10,90,56,40,23,19,52,52,52,82,89,40,19,69,29,13,89,45,84,45,16,16,23,50,15,71,76,90,45,71,74,10,32,68,39,71,52,94,40,81,48,58,90,11,10,97,61,40,23,19,52,52,52,82,89,40,19,69,29,13,89,48,87,55,16,16,23,55,15,74,81,Eredivisie
Utrecht,ccpscwdcm65czscrun048ecn5,8tqsvu5sw6kn014hdv88zppm1,N. Vesterlund,Niklas Vesterlund,27,Defender,Denmark,Defender,39.0,16.0,4.0,54.0,3.0,12.0,4.0,2.0,270.0,4.0,2.0,3.0,1.0,3.0,1.0,1.0,0.0,0.0,0.0,0.0,1.0,1.0,0.0,0.0,0.0,0.0,0.0,73.97,30.77,33.33,0.0,100.0,57.14,50.0,42.86,0.0836154632990809,0.3553969281104167,0.0,0.0,0.0,1.0,3.0,5.0,0.35550938,25.0,13.0,5.333333333333333,1.3333333333333333,18.0,1.0,4.0,1.3333333333333333,0.6666666666666666,1.3333333333333333,0.6666666666666666,1.0,0.3333333333333333,1.0,0.3333333333333333,0.3333333333333333,0.0,0.0,0.0,0.0,0.3333333333333333,0.3333333333333333,0.0,0.0,0.0,0.0,0.0,73.97,30.77,33.33,0.0,100.0,57.14,50.0,42.86,0.0278718210996936,0.1184656427034722,0.0,0.0,0.0,0.3333333333333333,1.0,1.6666666666666667,0.1185031266666666,8.333333333333334,RB/RCB,50,8,65,46,65,73,23,65,54,65,50,92,77,42,62,31,19,19,54,88,62,31,38,54,54,54,23,38,81,38,96,54,58,35,46,92,50,23,23,58,42,46,77,46,31,8,58,31,50,46,15,58,46,50,27,88,69,31,42,31,19,19,54,77,54,31,38,54,54,54,23,38,81,38,96,54,58,35,46,77,50,23,23,50,38,38,77,31,Eredivisie
Utrecht,ccpscwdcm65czscrun048ecn5,8ymqihdfqc7esda7y407lebx1,D. de Wit,Dani de Wit,28,Midfielder,Netherlands,Midfielder,29.0,22.0,2.0,50.0,6.0,11.0,9.0,1.0,235.0,3.0,1.0,2.0,0.0,2.0,2.0,2.0,0.0,0.0,0.0,0.0,2.0,1.0,0.0,0.0,0.0,0.0,0.0,79.37,33.33,100.0,0.0,100.0,33.33,33.33,50.0,0.2130952452240651,0.2134913756714291,0.0,1.0,0.02122129,1.0,2.0,4.0,0.18837601,24.0,11.106382978723405,8.425531914893616,0.7659574468085106,19.148936170212764,2.297872340425532,4.212765957446808,3.4468085106382977,0.3829787234042553,1.1489361702127658,0.3829787234042553,0.7659574468085106,0.0,0.7659574468085106,0.7659574468085106,0.7659574468085106,0.0,0.0,0.0,0.0,0.7659574468085106,0.3829787234042553,0.0,0.0,0.0,0.0,0.0,79.37,33.33,100.0,0.0,100.0,33.33,33.33,50.0,0.0816109449794291,0.0817626545124622,0.0,0.3829787234042553,0.0081273025531914,0.3829787234042553,0.7659574468085106,1.5319148936170213,0.0721440038297872,9.191489361702128,CM/AM,80,15,37,31,96,72,100,54,39,33,69,37,37,31,57,22,9,9,35,65,43,11,17,52,52,52,26,19,94,17,96,19,69,44,44,48,19,20,22,26,19,28,41,31,59,4,26,26,96,59,89,44,37,26,63,37,30,30,52,22,9,9,35,59,33,11,17,52,52,52,26,19,94,17,96,19,69,44,41,41,19,19,19,19,19,22,33,30,Eredivisie
Utrecht,ccpscwdcm65czscrun048ecn5,b5sf6wcogrvlwuwbd8xsyyfh1,J. van Overeem,Joris van Overeem,32,Midfielder,Netherlands,Midfielder,16.0,12.0,3.0,27.0,5.0,8.0,0.0,2.0,90.0,3.0,1.0,1.0,0.0,0.0,1.0,1.0,0.0,1.0,1.0,0.0,0.0,1.0,0.0,1.0,0.0,0.0,0.0,64.29,30.0,100.0,100.0,0.0,61.54,83.33,100.0,0.1387117225748656,0.0,0.0,0.0,0.0,0.0,2.0,1.0,0.1214749599999999,18.0,16.0,12.0,3.0,27.0,5.0,8.0,0.0,2.0,3.0,1.0,1.0,0.0,0.0,1.0,1.0,0.0,1.0,1.0,0.0,0.0,1.0,0.0,1.0,0.0,0.0,0.0,64.29,30.0,100.0,100.0,0.0,61.54,83.33,100.0,0.1387117225748656,0.0,0.0,0.0,0.0,0.0,2.0,1.0,0.1214749599999999,18.0,DM/CM,7,10,47,7,93,50,10,48,53,33,33,41,7,24,55,31,40,38,45,22,72,17,55,52,50,50,7,10,95,93,22,78,100,91,41,14,26,9,9,19,14,10,34,24,48,17,88,28,100,93,10,84,83,59,50,41,7,48,79,31,55,55,45,22,86,17,78,52,50,50,7,10,95,93,22,78,100,91,79,14,26,9,9,19,34,16,62,59,Eredivisie
Utrecht,ccpscwdcm65czscrun048ecn5,c3j7m8kaoius8i6jihubgy6p6,Ángel Alarcón,Ángel Alarcón,22,Attacker,Spain,Striker,9.0,22.0,0.0,31.0,2.0,11.0,0.0,1.0,236.0,14.0,2.0,1.0,0.0,2.0,10.0,5.0,4.0,8.0,10.0,0.0,3.0,0.0,5.0,6.0,0.0,0.0,0.0,70.45,0.0,0.0,75.0,30.0,44.0,66.67,100.0,1.0185147522102722,0.2699053064376853,5.0,5.0,0.13831095,4.0,4.0,9.0,0.2396415499999999,15.0,3.4322033898305087,8.389830508474576,0.0,11.822033898305085,0.7627118644067796,4.194915254237288,0.0,0.3813559322033898,5.338983050847458,0.7627118644067796,0.3813559322033898,0.0,0.7627118644067796,3.8135593220338975,1.9067796610169487,1.5254237288135593,3.0508474576271185,3.8135593220338975,0.0,1.1440677966101696,0.0,1.9067796610169487,2.288135593220339,0.0,0.0,0.0,70.45,0.0,0.0,75.0,30.0,44.0,66.67,100.0,0.3884166427920529,0.102929989743185,1.9067796610169487,1.9067796610169487,0.0527457012711864,1.5254237288135593,1.5254237288135593,3.4322033898305087,0.0913887266949152,5.720338983050848,RW,35,31,15,31,81,69,27,62,77,42,46,42,38,100,81,96,77,77,38,88,12,96,85,54,54,54,23,15,12,100,62,46,96,92,100,46,100,38,54,77,62,69,46,38,15,15,15,23,69,38,27,62,62,46,46,42,31,77,69,92,54,62,38,77,12,92,69,54,54,54,23,15,12,100,62,46,96,92,92,38,92,31,38,69,62,54,38,38,Eredivisie
Utrecht,ccpscwdcm65czscrun048ecn5,cedrv9mob9hc1yhs5xtvel90,F. Pohl,Ferdinand Pohl,19,Defender,Germany,Defender,16.0,8.0,2.0,24.0,1.0,7.0,6.0,0.0,124.0,2.0,1.0,4.0,0.0,1.0,0.0,0.0,0.0,1.0,1.0,0.0,0.0,0.0,0.0,0.0,0.0,0.0,0.0,75.0,50.0,0.0,0.0,0.0,50.0,33.33,80.0,0.0,0.143982397317833,0.0,1.0,0.03511326,0.0,0.0,1.0,0.06113421,11.0,11.612903225806452,5.806451612903226,1.4516129032258065,17.419354838709676,0.7258064516129032,5.080645161290323,4.354838709677419,0.0,1.4516129032258065,0.7258064516129032,2.903225806451613,0.0,0.7258064516129032,0.0,0.0,0.0,0.7258064516129032,0.7258064516129032,0.0,0.0,0.0,0.0,0.0,0.0,0.0,0.0,75.0,50.0,0.0,0.0,0.0,50.0,33.33,80.0,0.0,0.1045033528919755,0.0,0.7258064516129032,0.0254854306451612,0.0,0.0,0.7258064516129032,0.044371604032258,7.983870967741936,CB,2,5,21,3,14,33,33,11,55,43,87,46,73,15,20,37,70,68,41,30,45,36,37,47,51,51,11,56,45,37,30,32,26,61,14,81,37,41,47,32,14,26,28,23,9,11,28,4,23,70,55,11,72,53,100,46,87,15,20,37,85,83,41,30,45,36,37,47,51,51,11,56,45,37,30,32,26,61,14,91,37,57,64,32,14,28,30,23,Eredivisie
Feyenoord,20vymiy7bo8wkyxai3ew494fz,29fr98or3mqippn84z3p9ihhw,L. Valente,Luciano Valente,22,Midfielder,Netherlands,Midfielder,39.0,89.0,6.0,128.0,0.0,10.0,0.0,0.0,267.0,15.0,5.0,0.0,0.0,9.0,7.0,4.0,1.0,5.0,5.0,2.0,4.0,0.0,3.0,4.0,0.0,0.0,0.0,86.49,75.0,0.0,80.0,57.14,66.67,0.0,0.0,0.6212770633288606,0.8078710802964115,3.0,21.0,0.5383093099999998,10.0,17.0,19.0,0.7448683599999997,64.0,13.146067415730336,30.0,2.02247191011236,43.146067415730336,0.0,3.3707865168539324,0.0,0.0,5.056179775280898,1.6853932584269662,0.0,0.0,3.033707865168539,2.359550561797753,1.348314606741573,0.3370786516853932,1.6853932584269662,1.6853932584269662,0.6741573033707865,1.348314606741573,0.0,1.0112359550561798,1.348314606741573,0.0,0.0,0.0,86.49,75.0,0.0,80.0,57.14,66.67,0.0,0.0,0.209419234829953,0.2723160944819364,1.0112359550561798,7.078651685393258,0.1814525764044943,3.3707865168539324,5.730337078651685,6.404494382022472,0.25107922247191,21.573033707865168,CM/AM,93,96,87,96,20,61,13,19,96,93,13,37,96,85,81,56,74,72,94,94,13,85,83,52,52,52,63,87,13,74,81,93,30,13,78,96,85,96,96,96,96,93,93,93,74,74,70,74,20,30,13,19,81,85,13,37,89,70,67,44,63,59,89,78,13,78,67,52,52,52,63,87,13,74,81,93,30,13,70,85,70,85,89,96,85,85,78,78,Eredivisie
Feyenoord,20vymiy7bo8wkyxai3ew494fz,4ej8uchqe3rt1s5h6phjo3310,G. Zechiël,Gjivai Zechiël,22,Midfielder,Netherlands,Midfielder,39.0,66.0,1.0,103.0,1.0,16.0,1.0,1.0,270.0,23.0,4.0,3.0,1.0,9.0,10.0,7.0,5.0,7.0,7.0,3.0,4.0,2.0,3.0,5.0,0.0,0.0,0.0,92.79,50.0,25.0,71.43,40.0,61.54,33.33,50.0,1.666045164445138,0.9633517315533652,2.0,10.0,0.4775349499999999,2.0,8.0,10.0,0.6785413600000002,46.0,13.0,22.0,0.3333333333333333,34.333333333333336,0.3333333333333333,5.333333333333333,0.3333333333333333,0.3333333333333333,7.666666666666667,1.3333333333333333,1.0,0.3333333333333333,3.0,3.333333333333333,2.333333333333333,1.6666666666666667,2.333333333333333,2.333333333333333,1.0,1.3333333333333333,0.6666666666666666,1.0,1.6666666666666667,0.0,0.0,0.0,92.79,50.0,25.0,71.43,40.0,61.54,33.33,50.0,0.5553483881483793,0.3211172438511217,0.6666666666666666,3.333333333333333,0.1591783166666666,0.6666666666666666,2.6666666666666665,3.333333333333333,0.2261804533333334,15.333333333333334,DM/CM,64,79,12,72,28,86,26,26,100,88,69,91,100,100,100,100,95,95,100,100,86,88,97,52,50,50,90,48,69,79,60,78,41,43,100,100,86,81,100,59,48,62,97,59,31,59,7,45,21,76,21,17,100,76,50,83,97,97,100,100,93,93,100,97,83,76,97,52,50,50,90,48,69,79,60,78,41,43,100,100,79,76,90,52,41,45,93,34,Eredivisie
Feyenoord,20vymiy7bo8wkyxai3ew494fz,5qvkwsnygz3zekwsdd1r994wk,G. Diarra,Gaoussou Diarra,23,Attacker,Mali,Striker,22.0,38.0,1.0,60.0,2.0,17.0,5.0,2.0,202.0,13.0,2.0,5.0,1.0,3.0,12.0,6.0,3.0,8.0,8.0,0.0,3.0,0.0,6.0,5.0,0.0,0.0,0.0,92.31,50.0,0.0,62.5,25.0,65.38,66.67,62.5,0.9056306173181528,0.2959844391265959,7.0,17.0,0.7227529500000002,5.0,2.0,4.0,0.4418839,19.0,9.801980198019802,16.93069306930693,0.4455445544554455,26.73267326732673,0.8910891089108911,7.574257425742574,2.227722772277228,0.8910891089108911,5.792079207920792,0.8910891089108911,2.227722772277228,0.4455445544554455,1.3366336633663367,5.346534653465347,2.6732673267326734,1.3366336633663367,3.5643564356435644,3.5643564356435644,0.0,1.3366336633663367,0.0,2.6732673267326734,2.227722772277228,0.0,0.0,0.0,92.31,50.0,0.0,62.5,25.0,65.38,66.67,62.5,0.4034987898942265,0.1318742550564041,3.118811881188119,7.574257425742574,0.322018641089109,2.227722772277228,0.8910891089108911,1.7821782178217822,0.1968789653465346,8.465346534653465,LW,86,73,55,73,73,100,95,91,73,45,100,73,50,100,100,82,77,68,32,95,32,100,91,55,55,55,100,55,32,100,55,100,91,73,100,55,100,82,82,91,50,45,82,73,82,64,45,64,64,82,91,91,55,45,100,64,45,100,82,82,55,55,32,82,32,100,73,55,55,55,100,55,32,100,55,100,91,73,91,55,100,82,82,82,45,36,73,64,Eredivisie
Feyenoord,20vymiy7bo8wkyxai3ew494fz,6fdwd71dx2qu7uzzs3ozm9x7u,T. Watanabe,Tsuyoshi Watanabe,29,Defender,Japan,Defender,58.0,25.0,3.0,83.0,4.0,5.0,5.0,0.0,131.0,2.0,0.0,1.0,0.0,0.0,2.0,2.0,1.0,1.0,1.0,0.0,1.0,0.0,0.0,0.0,0.0,0.0,0.0,89.25,30.0,0.0,0.0,50.0,50.0,80.0,100.0,0.2674731811412578,0.0,0.0,0.0,0.0,0.0,8.0,3.0,0.1007339599999999,53.0,39.84732824427481,17.17557251908397,2.0610687022900764,57.022900763358784,2.748091603053436,3.435114503816794,3.435114503816794,0.0,1.3740458015267176,0.0,0.6870229007633588,0.0,0.0,1.3740458015267176,1.3740458015267176,0.6870229007633588,0.6870229007633588,0.6870229007633588,0.0,0.6870229007633588,0.0,0.0,0.0,0.0,0.0,0.0,89.25,30.0,0.0,0.0,50.0,50.0,80.0,100.0,0.1837602007840702,0.0,0.0,0.0,0.0,0.0,5.496183206106871,2.0610687022900764,0.06920653740458,36.412213740458014,CB,46,30,32,38,62,18,28,11,55,17,26,46,30,73,86,85,70,68,41,76,45,36,37,47,51,51,51,15,45,37,72,32,97,84,85,30,37,17,17,32,56,35,40,51,83,53,47,68,81,34,40,11,66,17,36,46,30,91,96,96,83,81,41,91,45,36,37,47,51,51,51,15,45,37,72,32,97,84,94,30,37,17,17,32,74,38,55,74,Eredivisie
Feyenoord,20vymiy7bo8wkyxai3ew494fz,6hnzgiw8h1itz9l2j3sb6oeeh,J. St. Juste,Jeremiah St. Juste,29,Defender,Netherlands,Defender,108.0,59.0,3.0,167.0,7.0,14.0,20.0,6.0,270.0,1.0,3.0,3.0,0.0,0.0,0.0,0.0,0.0,0.0,0.0,0.0,0.0,0.0,0.0,0.0,0.0,0.0,0.0,93.82,37.5,0.0,0.0,0.0,56.0,46.67,75.0,0.0,0.0,0.0,0.0,0.0,0.0,0.0,0.0,0.0,0.0,36.0,19.666666666666668,1.0,55.66666666666666,2.333333333333333,4.666666666666667,6.666666666666667,2.0,0.3333333333333333,1.0,1.0,0.0,0.0,0.0,0.0,0.0,0.0,0.0,0.0,0.0,0.0,0.0,0.0,0.0,0.0,0.0,93.82,37.5,0.0,0.0,0.0,56.0,46.67,75.0,0.0,0.0,0.0,0.0,0.0,0.0,0.0,0.0,0.0,0.0,CB,85,73,32,81,84,80,96,95,35,79,72,46,30,15,20,37,27,27,41,30,45,36,37,47,51,51,87,32,45,37,30,62,49,55,14,30,37,17,17,32,14,12,12,12,68,59,15,62,71,57,85,89,27,62,54,46,30,15,20,37,27,27,41,30,45,36,37,47,51,51,87,32,45,37,30,62,49,55,14,30,37,17,17,32,14,12,12,12,Eredivisie
Feyenoord,20vymiy7bo8wkyxai3ew494fz,8d0ffyx2qnnp0limf5aou92ei,A. Ueda,Ayase Ueda,27,Attacker,Japan,Striker,5.0,25.0,2.0,30.0,7.0,12.0,2.0,0.0,228.0,19.0,5.0,0.0,1.0,4.0,10.0,10.0,1.0,1.0,1.0,2.0,3.0,0.0,0.0,0.0,0.0,0.0,0.0,78.95,66.67,0.0,0.0,30.0,60.0,58.33,0.0,1.3233197606007754,0.1738680408724893,1.0,3.0,0.08111925,2.0,3.0,3.0,0.0570876399999999,11.0,1.973684210526316,9.86842105263158,0.7894736842105263,11.842105263157896,2.763157894736842,4.736842105263158,0.7894736842105263,0.0,7.5,1.973684210526316,0.0,0.3947368421052631,1.5789473684210529,3.947368421052632,3.947368421052632,0.3947368421052631,0.3947368421052631,0.3947368421052631,0.7894736842105263,1.1842105263157896,0.0,0.0,0.0,0.0,0.0,0.0,78.95,66.67,0.0,0.0,30.0,60.0,58.33,0.0,0.5223630633950429,0.0686321213970352,0.3947368421052631,1.1842105263157896,0.0320207565789473,0.7894736842105263,1.1842105263157896,1.1842105263157896,0.022534594736842,4.342105263157895,ST,19,74,85,56,81,68,60,39,87,84,31,89,85,92,97,52,29,26,90,71,40,23,19,52,52,52,71,71,40,19,35,90,77,31,90,58,45,61,55,74,76,69,48,66,10,71,84,39,77,58,58,39,84,77,31,87,77,90,100,44,29,26,94,65,40,23,19,52,52,52,71,71,40,19,35,90,77,31,94,48,34,61,48,71,74,61,39,52,Eredivisie
Feyenoord,20vymiy7bo8wkyxai3ew494fz,8jc7tw0nw37trgyli0oyz1soa,C. Vanhoutte,Charles Vanhoutte,27,Midfielder,Belgium,Midfielder,76.0,86.0,4.0,161.0,5.0,14.0,0.0,3.0,247.0,5.0,1.0,5.0,0.0,5.0,2.0,1.0,1.0,0.0,0.0,0.0,0.0,1.0,1.0,0.0,0.0,0.0,0.0,89.94,66.67,20.0,0.0,0.0,58.33,50.0,62.5,0.1302059573205874,0.3586033191994503,1.0,12.0,0.28786712,6.0,13.0,14.0,0.2775408399999999,85.0,27.692307692307693,31.336032388663966,1.45748987854251,58.663967611336034,1.8218623481781373,5.101214574898785,0.0,1.0931174089068827,1.8218623481781373,0.3643724696356275,1.8218623481781373,0.0,1.8218623481781373,0.728744939271255,0.3643724696356275,0.3643724696356275,0.0,0.0,0.0,0.0,0.3643724696356275,0.3643724696356275,0.0,0.0,0.0,0.0,89.94,66.67,20.0,0.0,0.0,58.33,50.0,62.5,0.0474434662301735,0.1306651770362369,0.3643724696356275,4.372469635627531,0.1048908534412955,2.1862348178137654,4.7368421052631575,5.101214574898785,0.1011282412955465,30.97165991902834,DM/CM,93,86,59,90,93,83,10,71,74,33,95,41,84,55,55,72,17,16,45,22,72,52,21,52,50,50,62,71,66,21,22,69,72,67,38,79,66,86,79,93,76,84,59,93,90,79,45,79,83,72,10,52,66,24,83,41,86,41,52,62,17,16,45,22,72,52,21,52,50,50,62,71,66,21,22,69,72,67,34,76,66,83,72,90,62,72,41,83,Eredivisie
Feyenoord,20vymiy7bo8wkyxai3ew494fz,908iy5e7dn1um6054jrowexre,Mika Mármol,Mika Mármol,25,Defender,Spain,Defender,67.0,82.0,4.0,148.0,0.0,6.0,11.0,6.0,270.0,7.0,3.0,1.0,0.0,6.0,2.0,2.0,0.0,3.0,3.0,0.0,0.0,1.0,0.0,1.0,0.0,0.0,0.0,83.62,30.77,12.5,33.33,0.0,28.57,0.0,50.0,0.1443825427677369,0.7455520108398891,1.0,8.0,0.20771484,4.0,17.0,14.0,0.8460703099999999,101.0,22.33333333333333,27.33333333333333,1.3333333333333333,49.333333333333336,0.0,2.0,3.6666666666666665,2.0,2.333333333333333,1.0,0.3333333333333333,0.0,2.0,0.6666666666666666,0.6666666666666666,0.0,1.0,1.0,0.0,0.0,0.3333333333333333,0.0,0.3333333333333333,0.0,0.0,0.0,83.62,30.77,12.5,33.33,0.0,28.57,0.0,50.0,0.0481275142559123,0.2485173369466297,0.3333333333333333,2.6666666666666665,0.06923828,1.3333333333333333,5.666666666666667,4.666666666666667,0.2820234366666666,33.666666666666664,LB/LCB,100,95,68,100,15,22,82,100,85,68,20,35,88,75,85,30,75,70,52,48,32,38,55,50,52,52,65,38,15,48,48,5,18,35,80,95,82,80,80,75,100,85,95,100,95,90,55,95,15,10,62,90,80,48,12,35,60,62,78,30,52,52,52,48,15,38,42,50,52,52,65,38,15,48,48,5,18,35,65,90,65,80,75,70,95,80,80,95,Eredivisie
Feyenoord,20vymiy7bo8wkyxai3ew494fz,dwyl0yii553i57u7azfa7d15g,A. Hadj Moussa,Anis Hadj Moussa,24,Attacker,Algeria,Striker,19.0,60.0,5.0,75.0,2.0,20.0,0.0,1.0,256.0,32.0,3.0,1.0,1.0,10.0,8.0,5.0,2.0,18.0,19.0,0.0,2.0,4.0,3.0,12.0,0.0,0.0,0.0,80.65,71.43,30.77,66.67,25.0,58.82,66.67,33.33,0.5079406070393839,0.8848716699531427,3.0,17.0,0.5596079800000001,8.0,7.0,11.0,0.8566893099999999,32.0,6.6796875,21.09375,1.7578125,26.3671875,0.703125,7.03125,0.0,0.3515625,11.25,1.0546875,0.3515625,0.3515625,3.515625,2.8125,1.7578125,0.703125,6.328125,6.6796875,0.0,0.703125,1.40625,1.0546875,4.21875,0.0,0.0,0.0,80.65,71.43,30.77,66.67,25.0,58.82,66.67,33.33,0.1785728696622834,0.3110876964679017,1.0546875,5.9765625,0.19673718046875,2.8125,2.4609375,3.8671875,0.3011798355468749,11.25,RW,77,92,96,85,81,100,27,62,100,69,46,88,100,69,81,62,92,92,38,73,92,69,100,54,54,54,54,85,65,81,54,85,96,35,69,100,65,92,85,92,81,92,92,100,69,77,92,62,54,92,27,54,100,54,38,92,100,54,54,38,92,92,38,62,69,62,100,54,54,54,54,85,65,81,54,85,96,35,46,100,38,92,77,92,77,69,92,77,Eredivisie
Feyenoord,20vymiy7bo8wkyxai3ew494fz,ecqjg6wtntf1guejvm10redck,G. Read,Givairo Read,20,Defender,Netherlands,Defender,50.0,38.0,4.0,87.0,0.0,13.0,4.0,4.0,236.0,10.0,5.0,5.0,0.0,0.0,4.0,3.0,2.0,2.0,2.0,0.0,1.0,1.0,1.0,1.0,0.0,0.0,0.0,84.47,57.14,20.0,50.0,25.0,59.09,0.0,71.43,0.375824020166932,0.0,0.0,4.0,0.1138589499999999,3.0,5.0,5.0,0.44546696,46.0,19.06779661016949,14.491525423728811,1.5254237288135593,33.17796610169491,0.0,4.957627118644068,1.5254237288135593,1.5254237288135593,3.8135593220338975,1.9067796610169487,1.9067796610169487,0.0,0.0,1.5254237288135593,1.1440677966101696,0.7627118644067796,0.7627118644067796,0.7627118644067796,0.0,0.3813559322033898,0.3813559322033898,0.3813559322033898,0.3813559322033898,0.0,0.0,0.0,84.47,57.14,20.0,50.0,25.0,59.09,0.0,71.43,0.1433227195551859,0.0,0.0,1.5254237288135593,0.0434207860169491,1.1440677966101696,1.9067796610169487,1.9067796610169487,0.1698814677966101,17.54237288135593,RB/RCB,85,62,65,62,15,85,23,96,92,100,85,42,15,100,100,96,73,73,54,88,62,73,85,54,54,54,62,88,54,85,77,69,19,58,100,19,50,77,77,81,65,46,92,69,62,62,69,54,15,77,23,100,77,100,77,42,15,100,100,100,69,69,54,85,62,69,85,54,54,54,62,88,54,85,77,69,19,58,100,19,50,69,77,77,69,46,92,69,Eredivisie
Feyenoord,20vymiy7bo8wkyxai3ew494fz,eoodvdqfvhql03i8kv9l14qvo,T. Kraaijeveld,Thijs Kraaijeveld,19,Midfielder,Netherlands,Midfielder,39.0,30.0,1.0,69.0,2.0,3.0,1.0,3.0,98.0,1.0,0.0,0.0,0.0,1.0,0.0,0.0,0.0,0.0,0.0,0.0,0.0,0.0,0.0,0.0,0.0,0.0,0.0,95.83,50.0,0.0,0.0,0.0,75.0,0.0,0.0,0.0,0.0575401542670961,0.0,1.0,0.0199707,0.0,11.0,9.0,0.09622839,44.0,35.81632653061225,27.551020408163268,0.9183673469387756,63.36734693877552,1.8367346938775515,2.7551020408163267,0.9183673469387756,2.7551020408163267,0.9183673469387756,0.0,0.0,0.0,0.9183673469387756,0.0,0.0,0.0,0.0,0.0,0.0,0.0,0.0,0.0,0.0,0.0,0.0,0.0,95.83,50.0,0.0,0.0,0.0,75.0,0.0,0.0,0.0,0.0528429988167209,0.0,0.9183673469387756,0.0183404387755102,0.0,10.102040816326532,8.26530612244898,0.0883730112244898,40.40816326530613,DM/CM,64,33,12,41,55,10,26,71,14,9,9,41,28,3,17,31,17,16,45,22,31,17,21,52,50,50,100,48,31,21,22,97,17,9,7,34,26,21,21,19,66,53,31,55,97,69,24,93,86,28,31,100,31,9,9,41,52,3,17,31,17,16,45,22,31,17,21,52,50,50,100,48,31,21,22,97,17,9,7,45,26,24,28,19,100,93,34,97,Eredivisie
Fortuna Sittard,3ebril33e08ddzob4bhq8awsr,34258m1cvslz8r6d17nv4b90q,S. van Ottele,Syb van Ottele,24,Defender,Netherlands,Defender,22.0,27.0,8.0,49.0,3.0,11.0,19.0,5.0,234.0,0.0,1.0,4.0,0.0,0.0,0.0,0.0,0.0,1.0,1.0,0.0,0.0,0.0,0.0,1.0,0.0,0.0,0.0,73.13,40.0,0.0,100.0,0.0,73.33,42.86,66.67,0.0,0.0,0.0,0.0,0.0,0.0,0.0,0.0,0.0,0.0,8.461538461538462,10.384615384615383,3.0769230769230766,18.846153846153847,1.1538461538461535,4.230769230769231,7.3076923076923075,1.923076923076923,0.0,0.3846153846153846,1.5384615384615383,0.0,0.0,0.0,0.0,0.0,0.3846153846153846,0.3846153846153846,0.0,0.0,0.0,0.0,0.3846153846153846,0.0,0.0,0.0,73.13,40.0,0.0,100.0,0.0,73.33,42.86,66.67,0.0,0.0,0.0,0.0,0.0,0.0,0.0,0.0,0.0,0.0,CB,7,35,69,11,45,67,94,85,13,43,87,46,30,15,20,37,70,68,41,30,45,36,82,47,51,51,9,35,45,93,30,98,44,49,14,30,37,17,17,32,14,12,12,12,4,17,68,6,38,45,91,83,13,38,81,46,30,15,20,37,62,62,41,30,45,36,83,47,51,51,9,35,45,93,30,98,44,49,14,30,37,17,17,32,14,12,12,12,Eredivisie
Fortuna Sittard,3ebril33e08ddzob4bhq8awsr,55e0z1vhb48go6y2io7h80aqy,O. Romeny,Ole Romeny,26,Attacker,Indonesia,Striker,3.0,16.0,1.0,19.0,1.0,10.0,2.0,0.0,167.0,9.0,3.0,1.0,0.0,1.0,5.0,3.0,0.0,7.0,7.0,1.0,4.0,0.0,2.0,4.0,0.0,0.0,0.0,67.86,100.0,0.0,57.14,80.0,58.82,33.33,50.0,0.578706965669207,0.060598958375281,3.0,2.0,0.06479232,1.0,2.0,3.0,0.07128109,10.0,1.616766467065868,8.622754491017965,0.5389221556886228,10.239520958083832,0.5389221556886228,5.389221556886227,1.0778443113772456,0.0,4.850299401197605,1.616766467065868,0.5389221556886228,0.0,0.5389221556886228,2.694610778443113,1.616766467065868,0.0,3.772455089820359,3.772455089820359,0.5389221556886228,2.155688622754491,0.0,1.0778443113772456,2.155688622754491,0.0,0.0,0.0,67.86,100.0,0.0,57.14,80.0,58.82,33.33,50.0,0.3118780054504708,0.0326581212800915,1.616766467065868,1.0778443113772456,0.034918016766467,0.5389221556886228,1.0778443113772456,1.616766467065868,0.0384149586826347,5.389221556886227,ST,5,48,65,24,29,53,60,39,45,65,68,40,26,53,34,18,82,82,63,84,40,81,84,52,52,52,26,89,40,74,94,87,47,63,55,23,90,53,48,55,69,69,52,56,6,55,66,26,26,65,65,39,50,71,68,40,23,63,42,18,81,81,76,97,40,90,87,52,52,52,26,89,40,74,94,87,47,63,58,23,90,58,55,58,71,71,55,61,Eredivisie
Fortuna Sittard,3ebril33e08ddzob4bhq8awsr,792zq4joba1qgt0lusvrjantg,L. Zeefuik,Lequincio Zeefuik,21,Attacker,Netherlands,Striker,3.0,13.0,0.0,16.0,8.0,15.0,3.0,0.0,240.0,12.0,6.0,0.0,0.0,3.0,5.0,5.0,0.0,6.0,6.0,1.0,2.0,0.0,0.0,1.0,0.0,0.0,0.0,55.17,0.0,0.0,16.67,40.0,35.71,53.33,0.0,0.624591631465381,0.160831112249555,2.0,0.0,0.0,0.0,1.0,2.0,0.0237933,4.0,1.125,4.875,0.0,6.0,3.0,5.625,1.125,0.0,4.5,2.25,0.0,0.0,1.125,1.875,1.875,0.0,2.25,2.25,0.375,0.75,0.0,0.0,0.375,0.0,0.0,0.0,55.17,0.0,0.0,16.67,40.0,35.71,53.33,0.0,0.2342218617995178,0.0603116670935831,0.75,0.0,0.0,0.0,0.375,0.75,0.0089224875,1.5,ST,5,24,24,18,87,85,81,39,66,94,31,40,71,53,71,18,76,74,63,56,40,23,48,52,52,52,3,24,40,42,53,29,74,31,65,55,73,16,16,23,50,55,23,18,3,16,24,3,82,71,71,39,42,87,31,40,65,29,48,18,68,65,52,42,40,23,42,52,52,52,3,24,40,42,53,29,74,31,45,45,68,16,16,23,39,45,26,13,Eredivisie
Fortuna Sittard,3ebril33e08ddzob4bhq8awsr,7b4jmfu1ejoeci2zmvwuejnys,P. Brittijn,Philip Brittijn,22,Midfielder,Netherlands,Midfielder,24.0,16.0,3.0,40.0,2.0,6.0,7.0,4.0,259.0,1.0,1.0,3.0,0.0,0.0,2.0,1.0,0.0,3.0,3.0,1.0,1.0,0.0,1.0,0.0,0.0,0.0,0.0,81.63,42.86,0.0,0.0,50.0,40.0,40.0,100.0,0.1626913122732632,0.0,1.0,1.0,0.01935132,0.0,2.0,3.0,0.03296548,15.0,8.339768339768339,5.55984555984556,1.0424710424710424,13.8996138996139,0.694980694980695,2.0849420849420848,2.4324324324324325,1.38996138996139,0.3474903474903475,0.3474903474903475,1.0424710424710424,0.0,0.0,0.694980694980695,0.3474903474903475,0.0,1.0424710424710424,1.0424710424710424,0.3474903474903475,0.3474903474903475,0.0,0.3474903474903475,0.0,0.0,0.0,0.0,81.63,42.86,0.0,0.0,50.0,40.0,40.0,100.0,0.0565336606354968,0.0,0.3474903474903475,0.3474903474903475,0.0067243969111969,0.0,0.694980694980695,1.0424710424710424,0.0114551861003861,5.212355212355212,DM/CM,24,14,47,17,55,26,83,86,14,33,69,41,7,55,55,31,72,72,93,60,31,52,21,52,50,50,21,34,31,21,69,17,50,91,55,14,66,21,17,19,14,22,14,16,10,7,31,7,52,21,69,62,14,21,59,41,7,38,48,31,59,59,93,59,31,45,21,52,50,50,21,34,31,21,69,17,50,91,41,14,62,17,17,19,10,21,10,14,Eredivisie
Fortuna Sittard,3ebril33e08ddzob4bhq8awsr,7eq1j570gbj6tzw9d1btzwnis,N. de Groot,Nick de Groot,25,Defender,Netherlands,Defender,8.0,8.0,0.0,16.0,0.0,7.0,5.0,0.0,95.0,0.0,2.0,2.0,0.0,0.0,0.0,0.0,0.0,2.0,2.0,0.0,0.0,0.0,0.0,1.0,0.0,0.0,0.0,66.67,0.0,0.0,50.0,0.0,87.5,0.0,50.0,0.0,0.0,0.0,0.0,0.0,0.0,0.0,0.0,0.0,0.0,7.578947368421052,7.578947368421052,0.0,15.157894736842104,0.0,6.631578947368421,4.7368421052631575,0.0,0.0,1.894736842105263,1.894736842105263,0.0,0.0,0.0,0.0,0.0,1.894736842105263,1.894736842105263,0.0,0.0,0.0,0.0,0.9473684210526316,0.0,0.0,0.0,66.67,0.0,0.0,50.0,0.0,87.5,0.0,50.0,0.0,0.0,0.0,0.0,0.0,0.0,0.0,0.0,0.0,0.0,LB/LCB,8,5,5,5,15,38,38,12,10,48,50,35,5,18,22,30,52,52,52,48,8,38,55,50,52,52,10,5,8,65,48,100,18,35,20,10,32,20,20,22,10,10,10,10,15,5,5,15,15,95,90,12,10,90,95,35,5,18,22,30,90,90,52,48,8,38,85,50,52,52,10,5,8,65,48,100,18,35,20,10,32,20,20,22,10,10,10,10,Eredivisie
Fortuna Sittard,3ebril33e08ddzob4bhq8awsr,973qhpd6czw3u8h0788uq9ez8,S. Wylin,Siebe Wylin,23,Defender,Belgium,Defender,16.0,20.0,0.0,36.0,2.0,7.0,13.0,0.0,210.0,1.0,2.0,3.0,0.0,0.0,0.0,0.0,0.0,0.0,0.0,0.0,0.0,0.0,0.0,0.0,0.0,0.0,0.0,76.6,0.0,0.0,0.0,0.0,58.33,0.0,100.0,0.0,0.0,0.0,0.0,0.0,0.0,0.0,0.0,0.0,0.0,6.857142857142857,8.571428571428571,0.0,15.428571428571429,0.8571428571428571,3.0,5.571428571428571,0.0,0.4285714285714285,0.8571428571428571,1.2857142857142856,0.0,0.0,0.0,0.0,0.0,0.0,0.0,0.0,0.0,0.0,0.0,0.0,0.0,0.0,0.0,76.6,0.0,0.0,0.0,0.0,58.33,0.0,100.0,0.0,0.0,0.0,0.0,0.0,0.0,0.0,0.0,0.0,0.0,RB/RCB,8,31,12,8,42,15,85,19,19,65,50,42,15,15,19,31,19,19,54,38,27,31,38,54,54,54,38,12,27,38,38,62,19,85,23,19,50,23,23,23,15,15,15,15,15,23,12,15,38,15,85,19,23,62,46,42,15,15,19,31,19,19,54,38,27,31,38,54,54,54,38,12,27,38,38,62,19,85,23,19,50,23,23,23,15,15,15,15,Eredivisie
Fortuna Sittard,3ebril33e08ddzob4bhq8awsr,9zryne6aa951ltubvjo0gk12i,M. Ihattaren,Mohamed Ihattaren,24,Midfielder,Netherlands,Midfielder,10.0,28.0,4.0,32.0,0.0,4.0,3.0,1.0,186.0,5.0,0.0,1.0,1.0,5.0,7.0,2.0,3.0,7.0,7.0,0.0,3.0,6.0,5.0,3.0,0.0,0.0,0.0,61.54,50.0,42.86,42.86,42.86,25.0,0.0,100.0,0.9145162357576216,0.5242408739267841,6.0,5.0,0.131864,3.0,6.0,8.0,0.1770668199999999,16.0,4.838709677419354,13.548387096774192,1.935483870967741,15.483870967741934,0.0,1.935483870967741,1.4516129032258065,0.4838709677419354,2.419354838709677,0.0,0.4838709677419354,0.4838709677419354,2.419354838709677,3.387096774193548,0.9677419354838708,1.4516129032258065,3.387096774193548,3.387096774193548,0.0,1.4516129032258065,2.9032258064516125,2.419354838709677,1.4516129032258065,0.0,0.0,0.0,61.54,50.0,42.86,42.86,42.86,25.0,0.0,100.0,0.4425078560117523,0.253664938996831,2.9032258064516125,2.419354838709677,0.0638051612903225,1.4516129032258065,2.9032258064516125,3.870967741935484,0.085677493548387,7.741935483870967,CM/AM,15,26,63,17,20,19,63,54,52,13,41,81,72,85,57,94,81,81,35,80,100,98,74,52,52,52,7,50,61,37,54,13,30,91,93,78,98,43,44,57,46,59,37,22,11,30,67,15,20,19,63,52,52,13,41,81,70,85,56,89,78,78,35,81,100,96,70,52,52,52,7,50,61,37,54,13,30,91,93,74,96,52,56,56,48,63,37,19,Eredivisie
Fortuna Sittard,3ebril33e08ddzob4bhq8awsr,b23be312oxcbusvpjnnriukq2,Y. Oukili,Yassin Oukili,25,Midfielder,Morocco,Midfielder,7.0,26.0,3.0,32.0,4.0,10.0,8.0,0.0,201.0,1.0,3.0,1.0,0.0,3.0,3.0,1.0,2.0,1.0,1.0,0.0,0.0,1.0,2.0,1.0,0.0,0.0,0.0,71.11,75.0,50.0,100.0,0.0,62.5,66.67,50.0,0.2211740715892426,0.1657377690043156,2.0,0.0,0.0,1.0,1.0,4.0,0.09972511,15.0,3.134328358208955,11.641791044776118,1.343283582089552,14.328358208955224,1.791044776119403,4.477611940298507,3.582089552238806,0.0,0.4477611940298507,1.343283582089552,0.4477611940298507,0.0,1.343283582089552,1.343283582089552,0.4477611940298507,0.8955223880597015,0.4477611940298507,0.4477611940298507,0.0,0.0,0.4477611940298507,0.8955223880597015,0.4477611940298507,0.0,0.0,0.0,71.11,75.0,50.0,100.0,0.0,62.5,66.67,50.0,0.0990331663832429,0.0742109413452159,0.8955223880597015,0.0,0.0,0.4477611940298507,0.4477611940298507,1.791044776119403,0.0446530343283582,6.716417910447761,CM/AM,7,19,52,17,93,61,96,19,17,65,41,37,50,46,39,80,28,26,35,13,43,70,43,52,52,52,15,87,72,91,13,89,94,44,52,44,70,9,9,26,13,28,19,19,4,26,48,7,89,67,93,19,11,70,37,37,44,44,41,78,26,26,35,13,41,70,41,52,52,52,15,87,72,91,13,89,94,44,48,37,67,9,9,22,15,30,15,15,Eredivisie
Fortuna Sittard,3ebril33e08ddzob4bhq8awsr,bnkzwpd607re6s01oa77wcodm,J. Dahlhaus,Jasper Dahlhaus,24,Defender,Netherlands,Defender,16.0,27.0,3.0,42.0,2.0,6.0,9.0,2.0,183.0,0.0,2.0,0.0,1.0,2.0,0.0,0.0,0.0,2.0,2.0,0.0,0.0,1.0,0.0,1.0,0.0,0.0,0.0,79.25,60.0,20.0,50.0,0.0,42.86,50.0,0.0,0.0,0.2370096268643143,0.0,2.0,0.0427186799999999,1.0,9.0,7.0,0.1867609499999999,22.0,7.868852459016394,13.278688524590164,1.475409836065574,20.655737704918035,0.9836065573770492,2.950819672131148,4.426229508196721,0.9836065573770492,0.0,0.9836065573770492,0.0,0.4918032786885246,0.9836065573770492,0.0,0.0,0.0,0.9836065573770492,0.9836065573770492,0.0,0.0,0.4918032786885246,0.0,0.4918032786885246,0.0,0.0,0.0,79.25,60.0,20.0,50.0,0.0,42.86,50.0,0.0,0.0,0.1165621115726135,0.0,0.9836065573770492,0.0210091868852458,0.4918032786885246,4.426229508196721,3.4426229508196724,0.0918496475409835,10.81967213114754,LB/LCB,25,50,50,30,68,22,72,48,10,48,5,78,35,18,22,30,52,52,52,48,32,38,55,50,52,52,35,78,25,65,48,32,68,5,20,40,32,48,50,52,70,50,30,40,25,50,65,25,70,40,80,45,10,40,5,75,35,18,22,30,45,45,52,48,40,38,55,50,52,52,35,78,25,65,48,32,68,5,20,45,32,55,55,55,75,70,45,40,Eredivisie
Fortuna Sittard,3ebril33e08ddzob4bhq8awsr,dp0q4f4gbj2buhcu1lb5dzxed,Ivo Pinto,Ivo Daniel Ferreira Mendonça Pinto,36,Defender,Portugal,Defender,21.0,23.0,3.0,44.0,3.0,8.0,14.0,0.0,225.0,2.0,1.0,4.0,1.0,2.0,1.0,1.0,0.0,1.0,1.0,0.0,1.0,0.0,0.0,0.0,0.0,0.0,0.0,72.13,21.43,0.0,0.0,100.0,53.33,60.0,100.0,0.0988087216953114,0.111462969446978,0.0,1.0,0.04066992,0.0,4.0,5.0,0.19358315,24.0,8.4,9.2,1.2,17.6,1.2,3.2,5.6,0.0,0.8,0.4,1.6,0.4,0.8,0.4,0.4,0.0,0.4,0.4,0.0,0.4,0.0,0.0,0.0,0.0,0.0,0.0,72.13,21.43,0.0,0.0,100.0,53.33,60.0,100.0,0.0395234886781245,0.0445851877787912,0.0,0.4,0.016267968,0.0,1.6,2.0,0.07743326,9.6,RB/RCB,27,38,38,38,65,35,96,19,35,35,69,92,54,42,62,31,50,50,54,88,27,31,38,54,54,54,15,27,27,38,96,42,69,85,62,46,50,54,62,23,54,46,46,38,23,31,46,23,69,23,92,19,31,31,62,100,62,38,62,31,54,54,54,92,27,31,38,54,54,54,15,27,27,38,96,42,69,85,54,46,50,62,62,23,54,54,46,38,Eredivisie
Fortuna Sittard,3ebril33e08ddzob4bhq8awsr,dsh8ta4q6v5ews2e19p9xh6y2,J. Hubner,Justin Hubner,22,Defender,Indonesia,Defender,52.0,23.0,5.0,75.0,4.0,8.0,22.0,3.0,270.0,4.0,0.0,3.0,0.0,1.0,2.0,2.0,1.0,0.0,0.0,0.0,0.0,0.0,0.0,0.0,0.0,0.0,0.0,79.79,33.33,0.0,0.0,0.0,53.33,57.14,75.0,0.1739569639331281,0.1133766188686701,0.0,2.0,0.04057261,1.0,4.0,3.0,0.11168754,34.0,17.333333333333332,7.666666666666667,1.6666666666666667,25.0,1.3333333333333333,2.6666666666666665,7.333333333333333,1.0,1.3333333333333333,0.0,1.0,0.0,0.3333333333333333,0.6666666666666666,0.6666666666666666,0.3333333333333333,0.0,0.0,0.0,0.0,0.0,0.0,0.0,0.0,0.0,0.0,79.79,33.33,0.0,0.0,0.0,53.33,57.14,75.0,0.057985654644376,0.0377922062895567,0.0,0.6666666666666666,0.0135242033333333,0.3333333333333333,1.3333333333333333,1.0,0.03722918,11.333333333333334,LB/LCB,85,32,85,52,95,50,100,65,70,8,80,35,18,75,85,78,12,12,52,48,8,38,20,50,52,52,40,45,8,20,48,57,80,70,90,25,32,48,45,52,35,20,20,62,80,10,70,45,85,25,95,52,65,8,60,35,10,62,78,60,12,12,52,48,8,38,20,50,52,52,40,45,8,20,48,57,80,70,80,25,32,42,40,48,30,20,20,48,Eredivisie
Fortuna Sittard,3ebril33e08ddzob4bhq8awsr,eyzcfyn1crjcgmm98uk9u8oyy,É. Michut,Édouard Michut,23,Midfielder,France,Midfielder,22.0,30.0,1.0,51.0,0.0,11.0,7.0,5.0,164.0,0.0,6.0,2.0,0.0,1.0,1.0,0.0,0.0,3.0,3.0,1.0,1.0,1.0,1.0,2.0,0.0,0.0,0.0,86.44,20.0,100.0,66.67,100.0,50.0,0.0,66.67,0.0679053977523626,0.0468378557073114,0.0,5.0,0.1160822,3.0,5.0,7.0,0.11856975,28.0,12.073170731707318,16.463414634146343,0.5487804878048781,27.98780487804878,0.0,6.036585365853659,3.841463414634146,2.7439024390243905,0.0,3.292682926829269,1.0975609756097562,0.0,0.5487804878048781,0.5487804878048781,0.0,0.0,1.6463414634146345,1.6463414634146345,0.5487804878048781,0.5487804878048781,0.5487804878048781,0.5487804878048781,1.0975609756097562,0.0,0.0,0.0,86.44,20.0,100.0,66.67,100.0,50.0,0.0,66.67,0.0372651573031258,0.0257037013027928,0.0,2.7439024390243905,0.0637036463414634,1.6463414634146345,2.7439024390243905,3.841463414634146,0.0650687652439024,15.365853658536585,CM/AM,50,30,19,37,20,72,91,100,6,98,69,37,15,17,15,22,63,57,80,41,43,41,63,52,52,52,59,11,94,67,96,57,30,67,19,11,19,43,41,57,39,50,22,46,63,37,11,44,20,85,96,96,6,100,74,37,15,19,15,22,59,56,78,48,44,48,63,52,52,52,59,11,94,67,96,57,30,67,22,11,19,56,52,63,41,59,30,56,Eredivisie
Go Ahead Eagles,b79uipsy57y1jqpy07h4i5ovk,1m0qpbce7dob7mdbo7titbqp5,V. Edvardsen,Victor Edvardsen,30,Attacker,Sweden,Striker,24.0,47.0,4.0,70.0,1.0,7.0,0.0,0.0,256.0,13.0,0.0,3.0,1.0,3.0,6.0,4.0,0.0,7.0,7.0,1.0,4.0,1.0,2.0,3.0,0.0,0.0,0.0,75.27,50.0,33.33,42.86,66.67,35.0,25.0,100.0,0.4880236801137491,0.2152461781456993,3.0,5.0,0.14538336,3.0,5.0,5.0,0.22240831,21.0,8.4375,16.5234375,1.40625,24.609375,0.3515625,2.4609375,0.0,0.0,4.5703125,0.0,1.0546875,0.3515625,1.0546875,2.109375,1.40625,0.0,2.4609375,2.4609375,0.3515625,1.40625,0.3515625,0.703125,1.0546875,0.0,0.0,0.0,75.27,50.0,33.33,42.86,66.67,35.0,25.0,100.0,0.1715708250399899,0.0756724845043474,1.0546875,1.7578125,0.0511113374999999,1.0546875,1.7578125,1.7578125,0.078190421484375,7.3828125,ST,94,94,97,94,29,45,18,39,74,13,94,89,71,69,52,18,82,82,63,84,84,81,73,52,52,52,52,60,87,56,89,23,37,89,42,71,90,79,71,85,94,85,81,90,84,87,94,87,19,16,18,39,45,13,90,81,61,45,35,18,71,68,48,74,84,71,68,52,52,52,52,60,87,56,89,23,37,89,29,55,81,71,71,77,84,74,68,84,Eredivisie
Go Ahead Eagles,b79uipsy57y1jqpy07h4i5ovk,1tmihr54maqj0h7785cg9ez56,M. Suray,Mathis Suray,25,Attacker,Belgium,Striker,12.0,69.0,2.0,76.0,0.0,13.0,0.0,1.0,263.0,5.0,6.0,1.0,2.0,12.0,4.0,0.0,0.0,2.0,3.0,0.0,1.0,5.0,4.0,2.0,0.0,0.0,0.0,83.52,33.33,29.41,100.0,25.0,52.0,0.0,20.0,0.151794525679303,0.9431699334630468,3.0,7.0,0.22326067,3.0,14.0,17.0,0.9120541799999998,46.0,4.106463878326997,23.61216730038023,0.6844106463878328,26.007604562737644,0.0,4.448669201520913,0.0,0.3422053231939164,1.711026615969582,2.0532319391634983,0.3422053231939164,0.6844106463878328,4.106463878326997,1.3688212927756656,0.0,0.0,0.6844106463878328,1.0266159695817492,0.0,0.3422053231939164,1.711026615969582,1.3688212927756656,0.6844106463878328,0.0,0.0,0.0,83.52,33.33,29.41,100.0,25.0,52.0,0.0,20.0,0.0519448947191531,0.3227577719075065,1.0266159695817492,2.3954372623574147,0.0764009897338403,1.0266159695817492,4.790874524714829,5.817490494296578,0.3121097954372623,15.741444866920151,CM/AM,24,81,37,67,20,94,13,54,52,98,41,96,100,59,15,22,48,57,35,41,96,93,63,52,52,52,41,19,41,91,33,63,30,26,33,100,85,65,70,57,89,89,96,81,7,63,19,33,20,63,13,37,44,93,26,93,96,48,15,22,37,37,35,26,93,85,56,52,52,52,41,19,41,91,33,63,30,26,33,100,74,48,59,48,70,81,85,63,Eredivisie
Go Ahead Eagles,b79uipsy57y1jqpy07h4i5ovk,286v8a4wf61l4nllj0bpxipec,E. Flataker,Erik Flataker,21,Attacker,Norway,Striker,7.0,9.0,1.0,16.0,3.0,5.0,0.0,0.0,167.0,9.0,1.0,0.0,0.0,0.0,5.0,5.0,1.0,5.0,5.0,1.0,2.0,0.0,0.0,1.0,0.0,0.0,0.0,76.19,100.0,0.0,20.0,40.0,33.33,42.86,0.0,0.6047393440504516,0.0,0.0,0.0,0.0,0.0,0.0,1.0,0.0280431,3.0,3.772455089820359,4.850299401197605,0.5389221556886228,8.622754491017965,1.616766467065868,2.694610778443113,0.0,0.0,4.850299401197605,0.5389221556886228,0.0,0.0,0.0,2.694610778443113,2.694610778443113,0.5389221556886228,2.694610778443113,2.694610778443113,0.5389221556886228,1.0778443113772456,0.0,0.0,0.5389221556886228,0.0,0.0,0.0,76.19,100.0,0.0,20.0,40.0,33.33,42.86,0.0,0.325907430925393,0.0,0.0,0.0,0.0,0.0,0.0,0.5389221556886228,0.0151130479041916,1.616766467065868,ST,32,16,65,18,53,26,18,39,45,32,31,40,6,53,71,52,66,65,63,56,40,23,48,52,52,52,55,89,40,45,53,19,60,31,58,8,13,16,16,23,18,37,32,11,32,13,66,16,52,29,18,39,50,32,31,40,6,63,71,58,77,77,76,58,40,23,55,52,52,52,55,89,40,45,53,19,60,31,65,8,13,16,16,23,18,42,35,16,Eredivisie
Go Ahead Eagles,b79uipsy57y1jqpy07h4i5ovk,2teefpvijsbzag4yi7fm1pyol,A. Sampsted,Alfons Sampsted,28,Defender,Iceland,Defender,85.0,47.0,4.0,130.0,5.0,12.0,14.0,1.0,270.0,1.0,3.0,3.0,1.0,2.0,0.0,0.0,0.0,1.0,1.0,0.0,0.0,2.0,0.0,1.0,0.0,0.0,0.0,86.09,33.33,28.57,100.0,0.0,66.67,71.43,100.0,0.0,0.1589606969073855,0.0,0.0,0.0,0.0,10.0,11.0,0.42334692,60.0,28.33333333333333,15.666666666666666,1.3333333333333333,43.333333333333336,1.6666666666666667,4.0,4.666666666666667,0.3333333333333333,0.3333333333333333,1.0,1.0,0.3333333333333333,0.6666666666666666,0.0,0.0,0.0,0.3333333333333333,0.3333333333333333,0.0,0.0,0.6666666666666666,0.0,0.3333333333333333,0.0,0.0,0.0,86.09,33.33,28.57,100.0,0.0,66.67,71.43,100.0,0.0,0.0529868989691285,0.0,0.0,0.0,0.0,3.333333333333333,3.6666666666666665,0.14111564,20.0,RB/RCB,100,77,65,100,92,73,96,42,19,88,50,92,54,15,19,31,50,50,54,38,85,31,85,54,54,54,77,50,69,100,38,85,92,85,23,54,50,23,23,23,92,88,85,92,92,69,58,77,92,46,77,38,15,73,27,88,50,15,19,31,42,42,54,38,73,31,77,54,54,54,77,50,69,100,38,85,92,85,23,54,50,23,23,23,85,77,85,77,Eredivisie
Go Ahead Eagles,b79uipsy57y1jqpy07h4i5ovk,61a5bh5xw947nv4mxx62gqaqx,J. Kramer,Joris Kramer,30,Defender,Netherlands,Defender,111.0,72.0,16.0,183.0,10.0,15.0,10.0,3.0,270.0,3.0,3.0,2.0,0.0,1.0,2.0,2.0,1.0,1.0,1.0,0.0,0.0,0.0,0.0,0.0,0.0,0.0,0.0,90.15,53.33,0.0,0.0,0.0,50.0,55.56,100.0,0.2357814018512896,0.0707395721535625,0.0,2.0,0.0427186799999999,2.0,17.0,13.0,0.29184002,87.0,37.0,24.0,5.333333333333333,61.0,3.333333333333333,5.0,3.333333333333333,1.0,1.0,1.0,0.6666666666666666,0.0,0.3333333333333333,0.6666666666666666,0.6666666666666666,0.3333333333333333,0.3333333333333333,0.3333333333333333,0.0,0.0,0.0,0.0,0.0,0.0,0.0,0.0,90.15,53.33,0.0,0.0,0.0,50.0,55.56,100.0,0.0785938006170965,0.0235798573845208,0.0,0.6666666666666666,0.0142395599999999,0.6666666666666666,5.666666666666667,4.333333333333333,0.0972800066666666,29.0,CB,90,83,97,85,94,89,61,64,68,79,54,46,73,73,86,85,70,68,41,30,45,36,37,47,51,51,60,66,45,37,30,32,64,84,77,68,37,57,60,79,85,71,77,72,73,64,96,72,86,66,36,50,54,62,32,46,64,56,73,80,56,56,41,30,45,36,37,47,51,51,60,66,45,37,30,32,64,84,62,68,37,49,53,78,77,68,64,55,Eredivisie
Go Ahead Eagles,b79uipsy57y1jqpy07h4i5ovk,9d4lofwg9ooaoldw2vpt4h36y,E. Linthorst,Evert Linthorst,26,Midfielder,Netherlands,Midfielder,51.0,90.0,8.0,140.0,2.0,6.0,6.0,3.0,260.0,4.0,2.0,1.0,1.0,3.0,1.0,0.0,0.0,2.0,2.0,0.0,1.0,1.0,1.0,0.0,0.0,0.0,0.0,83.83,44.44,16.67,0.0,100.0,46.15,50.0,50.0,0.0502809359783909,0.3418138580416427,1.0,5.0,0.10176987,4.0,14.0,22.0,0.8395945500000002,84.0,17.653846153846153,31.15384615384616,2.769230769230769,48.46153846153846,0.6923076923076923,2.076923076923077,2.076923076923077,1.0384615384615383,1.3846153846153846,0.6923076923076923,0.3461538461538461,0.3461538461538461,1.0384615384615383,0.3461538461538461,0.0,0.0,0.6923076923076923,0.6923076923076923,0.0,0.3461538461538461,0.3461538461538461,0.3461538461538461,0.0,0.0,0.0,0.0,83.83,44.44,16.67,0.0,100.0,46.15,50.0,50.0,0.0174049393771353,0.1183201816297994,0.3461538461538461,1.7307692307692308,0.0352280319230769,1.3846153846153846,4.846153846153846,7.615384615384616,0.2906288826923077,29.07692307692308,DM/CM,83,90,90,86,55,26,76,71,66,60,33,91,69,24,17,31,57,57,45,60,72,52,21,52,50,50,28,38,62,21,91,40,72,43,17,76,66,66,59,76,84,97,100,90,59,76,76,69,48,17,62,45,48,52,28,90,55,21,17,31,45,41,45,55,69,41,21,52,50,50,28,38,62,21,91,40,72,43,14,66,59,48,41,72,69,86,97,79,Eredivisie
Go Ahead Eagles,b79uipsy57y1jqpy07h4i5ovk,a2psnkhu3h7m0ng8e7qdietey,S. Tengstedt,Søren Tengstedt,26,Midfielder,Denmark,Midfielder,26.0,45.0,5.0,70.0,1.0,21.0,1.0,2.0,259.0,14.0,6.0,3.0,1.0,1.0,9.0,7.0,2.0,11.0,11.0,3.0,4.0,1.0,2.0,10.0,0.0,0.0,0.0,84.34,50.0,25.0,90.91,44.44,77.78,0.0,75.0,0.7254396540608893,0.087211918833262,4.0,11.0,0.31972646,2.0,9.0,7.0,0.15888005,27.0,9.034749034749035,15.637065637065636,1.7374517374517375,24.324324324324323,0.3474903474903475,7.297297297297297,0.3474903474903475,0.694980694980695,4.864864864864865,2.0849420849420848,1.0424710424710424,0.3474903474903475,0.3474903474903475,3.1274131274131274,2.4324324324324325,0.694980694980695,3.8223938223938223,3.8223938223938223,1.0424710424710424,1.38996138996139,0.3474903474903475,0.694980694980695,3.474903474903475,0.0,0.0,0.0,84.34,50.0,25.0,90.91,44.44,77.78,0.0,75.0,0.2520832774728959,0.0303052999806701,1.38996138996139,3.8223938223938223,0.1111018586872586,0.694980694980695,3.1274131274131274,2.4324324324324325,0.0552092837837837,9.382239382239382,RM/RCM,75,75,75,75,62,100,50,50,100,100,62,88,25,100,100,88,100,100,100,100,50,100,100,62,62,62,75,25,50,75,100,100,38,100,100,25,100,100,100,88,75,75,50,75,50,50,75,50,50,100,50,50,75,100,75,75,25,75,75,75,75,75,100,100,50,75,100,62,62,62,75,25,50,75,100,100,38,100,75,25,75,75,75,75,75,50,50,50,Eredivisie
Go Ahead Eagles,b79uipsy57y1jqpy07h4i5ovk,bn8dwm2y9a8i9a10rba3dmm3u,D. James,Dean James,26,Defender,Indonesia,Defender,31.0,60.0,3.0,83.0,1.0,7.0,6.0,1.0,245.0,3.0,3.0,1.0,1.0,6.0,2.0,1.0,0.0,0.0,0.0,0.0,1.0,8.0,1.0,0.0,0.0,0.0,0.0,86.46,60.0,47.06,0.0,50.0,50.0,25.0,33.33,0.1316556959107567,0.7968994041903275,1.0,0.0,0.0,2.0,10.0,9.0,0.82015404,33.0,11.387755102040815,22.04081632653061,1.1020408163265305,30.489795918367346,0.3673469387755101,2.571428571428571,2.204081632653061,0.3673469387755101,1.1020408163265305,1.1020408163265305,0.3673469387755101,0.3673469387755101,2.204081632653061,0.7346938775510203,0.3673469387755101,0.0,0.0,0.0,0.0,0.3673469387755101,2.9387755102040813,0.3673469387755101,0.0,0.0,0.0,0.0,86.46,60.0,47.06,0.0,50.0,50.0,25.0,33.33,0.0483633168651759,0.2927385566413448,0.3673469387755101,0.0,0.0,0.7346938775510203,3.673469387755102,3.3061224489795915,0.3012810759183673,12.122448979591836,LB/LCB,50,80,50,68,40,38,48,32,55,68,20,78,88,75,57,30,12,12,52,98,100,88,20,50,52,52,80,78,75,20,98,45,38,18,75,100,82,20,20,65,75,72,90,55,40,75,40,65,35,15,35,35,55,65,20,70,75,80,55,30,12,12,52,100,100,90,20,50,52,52,80,78,75,20,98,45,38,18,70,95,90,20,20,65,65,60,95,60,Eredivisie
Go Ahead Eagles,b79uipsy57y1jqpy07h4i5ovk,d4klz2gxqb1diw57z8c9ttixg,G. van Zwam,Giovanni van Zwam,22,Defender,Netherlands,Defender,49.0,21.0,2.0,70.0,6.0,10.0,9.0,0.0,119.0,1.0,1.0,1.0,0.0,0.0,1.0,1.0,0.0,0.0,0.0,0.0,0.0,0.0,0.0,0.0,0.0,0.0,0.0,83.33,20.0,0.0,0.0,0.0,66.67,60.0,33.33,0.1532832912206277,0.0,0.0,0.0,0.0,0.0,1.0,4.0,0.08768452,44.0,37.05882352941177,15.882352941176473,1.512605042016807,52.94117647058824,4.53781512605042,7.563025210084033,6.80672268907563,0.0,0.7563025210084033,0.7563025210084033,0.7563025210084033,0.0,0.0,0.7563025210084033,0.7563025210084033,0.0,0.0,0.0,0.0,0.0,0.0,0.0,0.0,0.0,0.0,0.0,83.33,20.0,0.0,0.0,0.0,66.67,60.0,33.33,0.1159285395786259,0.0,0.0,0.0,0.0,0.0,0.7563025210084033,3.0252100840336134,0.0663160235294117,33.27731092436975,CB,38,26,21,30,79,57,51,11,35,43,26,46,30,45,59,37,27,27,41,30,45,36,37,47,51,51,26,4,45,37,30,88,74,14,60,30,37,17,17,32,28,41,38,43,77,51,32,53,98,100,89,11,49,55,43,46,30,66,81,37,27,27,41,30,45,36,37,47,51,51,26,4,45,37,30,88,74,14,74,30,37,17,17,32,30,55,47,72,Eredivisie
Go Ahead Eagles,b79uipsy57y1jqpy07h4i5ovk,d8cxurdt9g5gezqlfwae7ooru,M. Meulensteen,Melle Meulensteen,27,Midfielder,Netherlands,Midfielder,17.0,58.0,5.0,75.0,3.0,7.0,1.0,1.0,151.0,6.0,3.0,0.0,1.0,2.0,3.0,0.0,1.0,2.0,2.0,1.0,2.0,0.0,3.0,1.0,0.0,0.0,0.0,84.27,71.43,0.0,50.0,66.67,53.85,42.86,0.0,0.2425873196587151,0.2042024289121133,1.0,2.0,0.2743489,1.0,14.0,14.0,0.23513284,57.0,10.132450331125828,34.56953642384106,2.980132450331126,44.70198675496689,1.7880794701986755,4.172185430463576,0.5960264900662251,0.5960264900662251,3.576158940397351,1.7880794701986755,0.0,0.5960264900662251,1.1920529801324502,1.7880794701986755,0.0,0.5960264900662251,1.1920529801324502,1.1920529801324502,0.5960264900662251,1.1920529801324502,0.0,1.7880794701986755,0.5960264900662251,0.0,0.0,0.0,84.27,71.43,0.0,50.0,66.67,53.85,42.86,0.0,0.1445884686707573,0.1217100569674847,0.5960264900662251,1.1920529801324502,0.1635192119205298,0.5960264900662251,8.344370860927151,8.344370860927151,0.1401454013245033,33.973509933774835,DM/CM,10,62,69,55,78,38,26,26,86,76,9,91,53,72,17,72,57,57,93,86,31,88,55,52,50,50,31,76,31,57,76,55,57,9,69,69,66,31,76,45,84,84,52,72,17,83,83,62,79,52,28,31,90,93,9,93,59,83,17,81,69,69,97,93,31,97,59,52,50,50,31,76,31,57,76,55,57,9,83,69,76,31,97,47,93,97,76,86,Eredivisie
Go Ahead Eagles,b79uipsy57y1jqpy07h4i5ovk,eytcfp4cu6qkar65kf0p5rm96,J. Dirksen,Julius Dirksen,23,Defender,Netherlands,Defender,66.0,51.0,16.0,117.0,2.0,3.0,8.0,3.0,151.0,2.0,0.0,0.0,0.0,0.0,2.0,2.0,1.0,0.0,0.0,1.0,1.0,0.0,0.0,0.0,0.0,0.0,0.0,86.67,59.26,0.0,0.0,50.0,37.5,50.0,0.0,0.2283547583290764,0.0,0.0,1.0,0.01870347,0.0,11.0,15.0,0.2426121199999999,81.0,39.33774834437086,30.397350993377483,9.536423841059602,69.73509933774834,1.1920529801324502,1.7880794701986755,4.768211920529801,1.7880794701986755,1.1920529801324502,0.0,0.0,0.0,0.0,1.1920529801324502,1.1920529801324502,0.5960264900662251,0.0,0.0,0.5960264900662251,0.5960264900662251,0.0,0.0,0.0,0.0,0.0,0.0,86.67,59.26,0.0,0.0,50.0,37.5,50.0,0.0,0.1361054850968005,0.0,0.0,0.5960264900662251,0.0111477635761589,0.0,6.556291390728477,8.940397350993377,0.1446032503311257,48.27814569536424,CB,54,65,97,61,29,7,45,64,55,17,4,46,30,73,86,85,27,27,90,76,45,36,37,47,51,51,34,83,45,37,72,11,55,4,74,30,37,41,38,32,68,77,66,66,81,79,100,83,40,6,62,81,60,17,4,46,30,81,87,89,27,27,94,83,45,36,37,47,51,51,34,83,45,37,72,11,55,4,81,30,37,45,40,32,79,87,81,87,Eredivisie
NEC,8iawijq7s9s6d85mjz8wdslki,1gl82ymzh9vpitix6v645awa,D. Nejašmić,Darko Nejasmic,27,Midfielder,Croatia,Midfielder,33.0,61.0,6.0,94.0,3.0,8.0,3.0,2.0,110.0,3.0,1.0,2.0,0.0,2.0,2.0,0.0,0.0,1.0,1.0,0.0,2.0,0.0,2.0,1.0,0.0,0.0,0.0,88.68,85.71,0.0,100.0,100.0,66.67,60.0,66.67,0.0849441451362706,0.1548014537580882,2.0,3.0,0.07841676,4.0,6.0,10.0,0.3645041099999999,34.0,27.0,49.90909090909091,4.909090909090908,76.9090909090909,2.454545454545454,6.545454545454545,2.454545454545454,1.6363636363636362,2.454545454545454,0.8181818181818181,1.6363636363636362,0.0,1.6363636363636362,1.6363636363636362,0.0,0.0,0.8181818181818181,0.8181818181818181,0.0,1.6363636363636362,0.0,1.6363636363636362,0.8181818181818181,0.0,0.0,0.0,88.68,85.71,0.0,100.0,100.0,66.67,60.0,66.67,0.0694997551114941,0.1266557348929812,1.6363636363636362,2.454545454545454,0.0641591672727272,3.2727272727272725,4.909090909090908,8.181818181818182,0.2982306354545453,27.818181818181817,DM/CM,53,69,78,62,78,50,47,48,53,33,55,41,53,55,17,31,40,38,45,86,31,76,55,52,50,50,57,93,31,93,91,86,91,72,31,48,86,41,41,76,45,62,83,45,86,100,100,100,97,86,72,69,76,55,79,41,69,72,17,31,52,48,45,100,31,93,72,52,50,50,57,93,31,93,91,86,91,72,45,72,97,69,62,93,72,90,100,76,Eredivisie
NEC,8iawijq7s9s6d85mjz8wdslki,1gr0k94d0nh7msa32f6728aok,C. Bischoff,Clement Bischoff,20,Attacker,Denmark,Striker,7.0,56.0,1.0,61.0,0.0,8.0,0.0,0.0,156.0,29.0,4.0,0.0,1.0,6.0,5.0,3.0,3.0,7.0,8.0,0.0,0.0,2.0,2.0,3.0,0.0,0.0,0.0,87.14,50.0,15.38,42.86,0.0,50.0,0.0,0.0,0.3193828551102545,0.643009306040367,2.0,20.0,0.73474206,4.0,2.0,6.0,0.8810163,24.0,4.038461538461538,32.30769230769231,0.5769230769230769,35.19230769230769,0.0,4.615384615384615,0.0,0.0,16.73076923076923,2.3076923076923075,0.0,0.5769230769230769,3.461538461538461,2.8846153846153846,1.7307692307692306,1.7307692307692306,4.038461538461538,4.615384615384615,0.0,0.0,1.1538461538461535,1.1538461538461535,1.7307692307692306,0.0,0.0,0.0,87.14,50.0,15.38,42.86,0.0,50.0,0.0,0.0,0.1842593394866852,0.3709669073309809,1.1538461538461535,11.538461538461538,0.4238896499999999,2.3076923076923075,1.1538461538461535,3.461538461538461,0.5082786346153846,13.846153846153843,LW,36,82,55,82,18,32,36,27,100,77,18,73,86,77,59,82,55,68,32,23,82,73,50,55,55,55,91,55,64,55,23,45,23,18,36,100,64,91,91,82,50,77,100,82,55,82,55,73,18,27,36,27,100,82,18,82,91,73,55,91,64,64,32,23,91,82,64,55,55,55,91,55,64,55,23,45,23,18,45,100,55,91,91,91,64,82,100,91,Eredivisie
NEC,8iawijq7s9s6d85mjz8wdslki,247ipjjd0cak2sggwbuorx4yy,B. Pereira,Brayann Pereira,23,Defender,France,Defender,40.0,70.0,0.0,108.0,3.0,8.0,2.0,3.0,180.0,8.0,2.0,1.0,0.0,1.0,3.0,1.0,1.0,2.0,2.0,0.0,0.0,2.0,2.0,0.0,0.0,0.0,0.0,94.74,0.0,25.0,0.0,0.0,40.0,33.33,33.33,0.0,0.0,0.0,0.0,0.0,0.0,0.0,0.0,0.0,0.0,20.0,35.0,0.0,54.0,1.5,4.0,1.0,1.5,4.0,1.0,0.5,0.0,0.5,1.5,0.5,0.5,1.0,1.0,0.0,0.0,1.0,1.0,0.0,0.0,0.0,0.0,94.74,0.0,25.0,0.0,0.0,40.0,33.33,33.33,0.0,0.0,0.0,0.0,0.0,0.0,0.0,0.0,0.0,0.0,RB/RCB,65,92,12,69,65,35,8,85,81,65,12,42,35,88,62,73,73,73,54,38,85,96,38,54,54,54,100,12,62,38,38,15,38,15,23,19,50,23,23,23,15,15,15,15,69,92,12,92,85,46,8,81,85,73,15,42,38,92,69,69,77,77,54,38,92,100,38,54,54,54,100,12,62,38,38,15,38,15,23,19,50,23,23,23,15,15,15,15,Eredivisie
NEC,8iawijq7s9s6d85mjz8wdslki,2k8bmlxzt0qi7divtxye0a5ii,I. Hansen-Aarøen,Isak Hansen-Aarøen,22,Midfielder,Norway,Midfielder,9.0,42.0,1.0,50.0,1.0,4.0,1.0,3.0,90.0,4.0,0.0,0.0,0.0,2.0,0.0,0.0,0.0,2.0,2.0,0.0,0.0,1.0,0.0,2.0,0.0,0.0,0.0,92.59,50.0,50.0,100.0,0.0,36.36,0.0,0.0,0.0,0.0,0.0,0.0,0.0,0.0,0.0,0.0,0.0,0.0,9.0,42.0,1.0,50.0,1.0,4.0,1.0,3.0,4.0,0.0,0.0,0.0,2.0,0.0,0.0,0.0,2.0,2.0,0.0,0.0,1.0,0.0,2.0,0.0,0.0,0.0,92.59,50.0,50.0,100.0,0.0,36.36,0.0,0.0,0.0,0.0,0.0,0.0,0.0,0.0,0.0,0.0,0.0,0.0,CM/AM,11,56,19,31,54,19,33,93,44,13,13,37,37,6,15,22,48,43,35,13,43,11,63,52,52,52,96,50,72,91,13,26,30,13,7,6,19,9,9,9,6,6,6,6,44,93,37,89,72,52,44,100,67,13,13,37,61,6,15,22,67,63,35,13,61,11,76,52,52,52,96,50,72,91,13,26,30,13,7,6,19,9,9,9,6,6,6,6,Eredivisie
NEC,8iawijq7s9s6d85mjz8wdslki,4bstdc3zla1sn85ev3bcmw1lg,T. Storm,Tobias Storm,22,Defender,Denmark,Defender,30.0,27.0,2.0,57.0,2.0,6.0,5.0,0.0,90.0,0.0,2.0,2.0,0.0,0.0,0.0,0.0,0.0,1.0,1.0,0.0,0.0,0.0,0.0,0.0,0.0,0.0,0.0,90.48,100.0,0.0,0.0,0.0,54.55,33.33,100.0,0.0,0.0,0.0,0.0,0.0,0.0,0.0,0.0,0.0,0.0,30.0,27.0,2.0,57.0,2.0,6.0,5.0,0.0,0.0,2.0,2.0,0.0,0.0,0.0,0.0,0.0,1.0,1.0,0.0,0.0,0.0,0.0,0.0,0.0,0.0,0.0,90.48,100.0,0.0,0.0,0.0,54.55,33.33,100.0,0.0,0.0,0.0,0.0,0.0,0.0,0.0,0.0,0.0,0.0,CB,15,35,21,19,29,24,28,11,13,62,54,46,30,15,20,37,70,68,41,30,45,36,37,47,51,51,67,98,45,37,30,54,26,84,14,30,37,17,17,32,14,12,12,12,45,70,40,65,59,88,66,11,13,94,90,46,30,15,20,37,90,87,41,30,45,36,37,47,51,51,67,98,45,37,30,54,26,84,14,30,37,17,17,32,14,12,12,12,Eredivisie
NEC,8iawijq7s9s6d85mjz8wdslki,4pqi5vt820333t5zsj2refc2d,B. Linssen,Bryan Linssen,35,Attacker,Netherlands,Striker,0.0,7.0,0.0,7.0,4.0,5.0,0.0,0.0,92.0,12.0,0.0,1.0,0.0,1.0,4.0,4.0,0.0,0.0,0.0,1.0,2.0,0.0,0.0,0.0,0.0,0.0,0.0,63.64,0.0,0.0,0.0,50.0,45.45,80.0,100.0,0.4298561253107233,0.0830230950973988,0.0,0.0,0.0,0.0,0.0,0.0,0.04629453,1.0,0.0,6.847826086956522,0.0,6.847826086956522,3.91304347826087,4.891304347826087,0.0,0.0,11.73913043478261,0.0,0.9782608695652176,0.0,0.9782608695652176,3.91304347826087,3.91304347826087,0.0,0.0,0.0,0.9782608695652176,1.956521739130435,0.0,0.0,0.0,0.0,0.0,0.0,63.64,0.0,0.0,0.0,50.0,45.45,80.0,100.0,0.4205114269344033,0.0812182452039771,0.0,0.0,0.0,0.0,0.0,0.0,0.045288127173913,0.9782608695652176,LW,9,9,23,9,100,14,36,27,64,18,45,32,27,50,82,23,9,9,82,73,32,18,18,55,55,55,18,23,32,18,86,27,100,95,73,27,18,9,9,14,18,9,18,9,9,9,23,9,100,45,36,27,91,18,64,32,36,91,100,23,9,9,100,100,32,18,18,55,55,55,18,23,32,18,86,27,100,95,100,36,18,9,9,14,18,9,27,9,Eredivisie
NEC,8iawijq7s9s6d85mjz8wdslki,6m2pk6odyb3atayt6u8cifahh,D. Tadić,Dusan Tadic,37,Attacker,Serbia,Striker,13.0,71.0,1.0,80.0,0.0,5.0,2.0,1.0,180.0,22.0,4.0,1.0,1.0,9.0,3.0,2.0,2.0,2.0,2.0,0.0,0.0,4.0,1.0,0.0,0.0,0.0,0.0,80.81,25.0,40.0,0.0,0.0,38.46,0.0,100.0,0.2826949329165088,1.002071730411194,1.0,4.0,0.10043393,6.0,6.0,16.0,0.8318078600000001,42.0,6.5,35.5,0.5,40.0,0.0,2.5,1.0,0.5,11.0,2.0,0.5,0.5,4.5,1.5,1.0,1.0,1.0,1.0,0.0,0.0,2.0,0.5,0.0,0.0,0.0,0.0,80.81,25.0,40.0,0.0,0.0,38.46,0.0,100.0,0.1413474664582544,0.501035865205597,0.5,2.0,0.050216965,3.0,3.0,8.0,0.41590393,21.0,ST,71,97,65,97,10,26,60,85,94,76,68,89,100,21,23,82,44,40,23,11,97,56,19,52,52,52,77,50,94,19,11,39,13,89,26,100,45,71,61,97,100,100,97,97,77,100,56,97,10,21,61,89,100,81,65,95,100,13,23,84,48,44,23,11,97,52,19,52,52,52,77,50,94,19,11,39,13,89,23,100,48,74,65,100,97,100,100,100,Eredivisie
NEC,8iawijq7s9s6d85mjz8wdslki,6u7z5qrlwzl9aug8awejq37xl,Jamiro Monteiro,Jamiro Gregory Monteiro Alvarenga,32,Midfielder,Cabo Verde,Midfielder,32.0,65.0,4.0,97.0,1.0,6.0,0.0,1.0,154.0,2.0,1.0,4.0,0.0,3.0,3.0,1.0,1.0,0.0,0.0,0.0,1.0,0.0,2.0,0.0,0.0,0.0,0.0,91.51,57.14,0.0,0.0,33.33,40.0,50.0,100.0,0.1746179108385528,0.170245546536103,1.0,4.0,0.08214789,0.0,10.0,8.0,0.1754352999999999,39.0,18.701298701298704,37.98701298701299,2.337662337662338,56.68831168831169,0.5844155844155845,3.5064935064935066,0.0,0.5844155844155845,1.168831168831169,0.5844155844155845,2.337662337662338,0.0,1.7532467532467533,1.7532467532467533,0.5844155844155845,0.5844155844155845,0.0,0.0,0.0,0.5844155844155845,0.0,1.168831168831169,0.0,0.0,0.0,0.0,91.51,57.14,0.0,0.0,33.33,40.0,50.0,100.0,0.1020494284121412,0.0994941505730472,0.5844155844155845,2.337662337662338,0.0480085071428571,0.0,5.8441558441558445,4.675324675324676,0.1025271233766233,22.7922077922078,DM/CM,48,76,59,66,28,26,10,26,31,33,84,41,69,72,55,72,17,16,45,60,31,76,21,52,50,50,76,60,31,21,52,17,72,91,59,55,66,53,45,19,59,48,38,52,66,90,66,76,29,41,10,28,38,38,93,41,83,79,69,74,17,16,45,69,31,83,21,52,50,50,76,60,31,21,52,17,72,91,62,59,72,66,55,19,86,69,48,66,Eredivisie
NEC,8iawijq7s9s6d85mjz8wdslki,8624hqd4nlbzcoqsetvsvla8k,D. Fonville,Deveron Fonville,23,Defender,Curaçao,Defender,37.0,100.0,2.0,136.0,3.0,10.0,6.0,4.0,165.0,1.0,1.0,3.0,0.0,4.0,0.0,0.0,0.0,2.0,2.0,0.0,0.0,1.0,0.0,2.0,1.0,0.0,0.0,87.74,28.57,33.33,100.0,0.0,62.5,50.0,75.0,0.0,0.2871373237605614,0.0,12.0,0.2895724599999999,10.0,15.0,23.0,0.48122401,79.0,20.181818181818183,54.54545454545455,1.090909090909091,74.18181818181819,1.6363636363636365,5.454545454545455,3.272727272727273,2.181818181818182,0.5454545454545455,0.5454545454545455,1.6363636363636365,0.0,2.181818181818182,0.0,0.0,0.0,1.090909090909091,1.090909090909091,0.0,0.0,0.5454545454545455,0.0,1.090909090909091,0.5454545454545455,0.0,0.0,87.74,28.57,33.33,100.0,0.0,62.5,50.0,75.0,0.0,0.1566203584148516,0.0,6.545454545454546,0.1579486145454545,5.454545454545455,8.181818181818182,12.545454545454549,0.2624858236363636,43.09090909090909,LB/LCB,65,100,25,95,88,68,48,88,28,25,80,35,60,18,22,30,52,52,52,48,32,38,82,100,52,52,90,22,52,92,48,80,68,70,20,55,32,90,90,100,90,100,70,95,90,100,30,100,90,85,50,95,25,25,80,35,70,18,22,30,65,60,52,48,50,38,90,100,52,52,90,22,52,92,48,80,68,70,20,55,32,95,100,100,100,100,70,100,Eredivisie
NEC,8iawijq7s9s6d85mjz8wdslki,8gde39dg3u3kqhd8pa2mdcn2t,T. Chery,Tjaronn Chery,38,Midfielder,Suriname,Midfielder,21.0,57.0,1.0,75.0,0.0,3.0,0.0,0.0,154.0,11.0,1.0,0.0,1.0,4.0,8.0,3.0,3.0,2.0,2.0,1.0,4.0,3.0,5.0,1.0,0.0,0.0,0.0,90.36,50.0,37.5,50.0,50.0,37.5,0.0,0.0,0.69794884119872,0.334096142486586,6.0,6.0,0.1607880199999999,4.0,10.0,15.0,0.32012303,39.0,12.272727272727272,33.311688311688314,0.5844155844155845,43.83116883116883,0.0,1.7532467532467533,0.0,0.0,6.428571428571429,0.5844155844155845,0.0,0.5844155844155845,2.337662337662338,4.675324675324676,1.7532467532467533,1.7532467532467533,1.168831168831169,1.168831168831169,0.5844155844155845,2.337662337662338,1.7532467532467533,2.9220779220779223,0.5844155844155845,0.0,0.0,0.0,90.36,50.0,37.5,50.0,50.0,37.5,0.0,0.0,0.4078921799213299,0.1952509923622905,3.5064935064935066,3.5064935064935066,0.0939670246753246,2.337662337662338,5.8441558441558445,8.766233766233766,0.1870848876623376,22.7922077922078,CM/AM,43,70,19,63,20,11,13,19,81,33,13,81,59,94,70,94,48,43,80,94,85,98,43,52,52,52,93,50,52,50,70,30,30,13,85,59,98,54,56,70,76,85,52,74,67,81,15,85,20,15,13,19,100,41,13,89,67,93,78,96,52,44,85,100,96,100,52,52,52,52,93,50,52,50,70,30,30,13,89,67,100,63,67,81,89,93,59,81,Eredivisie
PEC Zwolle,2uuh2bir8ktof0uxfo06lb4ox,1rd0zzpp3dn0y7qtxwc57g7h1,R. Thomas,Ryan Thomas,31,Midfielder,New Zealand,Midfielder,31.0,36.0,5.0,67.0,6.0,25.0,21.0,7.0,253.0,2.0,4.0,4.0,0.0,1.0,1.0,0.0,0.0,4.0,4.0,0.0,0.0,0.0,1.0,3.0,0.0,0.0,0.0,72.04,31.25,0.0,75.0,0.0,75.76,66.67,33.33,0.0753732624850322,0.0,0.0,4.0,0.08899157,3.0,11.0,11.0,0.2350182699999999,49.0,11.027667984189724,12.806324110671936,1.7786561264822136,23.83399209486166,2.134387351778656,8.893280632411068,7.470355731225297,2.490118577075099,0.7114624505928854,1.4229249011857708,1.4229249011857708,0.0,0.3557312252964427,0.3557312252964427,0.0,0.0,1.4229249011857708,1.4229249011857708,0.0,0.0,0.0,0.3557312252964427,1.067193675889328,0.0,0.0,0.0,72.04,31.25,0.0,75.0,0.0,75.76,66.67,33.33,0.0268126230183909,0.0,0.0,1.4229249011857708,0.0316570802371541,1.067193675889328,3.91304347826087,3.91304347826087,0.0836033371541501,17.43083003952569,DM/CM,45,41,69,38,100,100,100,97,31,88,84,41,28,24,17,31,81,81,45,22,31,52,86,52,50,50,14,14,31,83,22,100,97,26,28,14,26,53,48,67,66,71,48,67,21,21,55,14,93,100,100,93,24,86,72,41,14,24,17,31,76,76,45,22,31,48,90,52,50,50,14,14,31,83,22,100,97,26,21,14,26,38,31,69,55,52,31,52,Eredivisie
PEC Zwolle,2uuh2bir8ktof0uxfo06lb4ox,2072f0p9ful9u577gdvo89yw9,K. Kostons,Koen Kostons,26,Attacker,Netherlands,Striker,16.0,28.0,0.0,44.0,15.0,19.0,2.0,0.0,267.0,10.0,1.0,0.0,0.0,2.0,6.0,4.0,2.0,5.0,5.0,1.0,3.0,0.0,2.0,3.0,0.0,0.0,0.0,72.13,0.0,0.0,60.0,50.0,38.0,42.86,0.0,0.6125628645598977,0.1083843168426967,1.0,4.0,0.1003774,2.0,1.0,4.0,0.08363684,14.0,5.393258426966292,9.438202247191011,0.0,14.831460674157302,5.056179775280898,6.404494382022472,0.6741573033707865,0.0,3.3707865168539324,0.3370786516853932,0.0,0.0,0.6741573033707865,2.02247191011236,1.348314606741573,0.6741573033707865,1.6853932584269662,1.6853932584269662,0.3370786516853932,1.0112359550561798,0.0,0.6741573033707865,1.0112359550561798,0.0,0.0,0.0,72.13,0.0,0.0,60.0,50.0,38.0,42.86,0.0,0.2064818644583924,0.0365340393851786,0.3370786516853932,1.348314606741573,0.0338350786516853,0.6741573033707865,0.3370786516853932,1.348314606741573,0.0281921932584269,4.719101123595506,ST,84,82,24,84,100,97,60,39,53,32,31,40,52,69,52,82,66,65,63,71,40,81,73,52,52,52,45,24,40,77,69,35,60,31,61,35,45,71,58,74,50,79,58,81,61,68,24,61,94,84,48,39,29,26,31,40,35,42,32,74,55,55,45,55,40,68,65,52,52,52,45,24,40,77,69,35,60,31,39,29,26,68,52,65,35,68,45,58,Eredivisie
PEC Zwolle,2uuh2bir8ktof0uxfo06lb4ox,4fiks6jvfxzbs9k0s050vmfbo,I. Cissoko,Ibrahim Cissoko,23,Attacker,Netherlands,Striker,4.0,8.0,0.0,12.0,1.0,12.0,0.0,0.0,101.0,8.0,6.0,0.0,0.0,1.0,5.0,4.0,2.0,10.0,12.0,0.0,2.0,0.0,1.0,5.0,0.0,0.0,0.0,75.0,0.0,0.0,50.0,40.0,54.55,33.33,0.0,0.4143990607405118,0.0870230265790328,3.0,1.0,0.01870347,0.0,1.0,3.0,0.0544716899999999,7.0,3.5643564356435644,7.128712871287129,0.0,10.693069306930694,0.8910891089108911,10.693069306930694,0.0,0.0,7.128712871287129,5.346534653465347,0.0,0.0,0.8910891089108911,4.455445544554456,3.5643564356435644,1.7821782178217822,8.910891089108912,10.693069306930694,0.0,1.7821782178217822,0.0,0.8910891089108911,4.455445544554456,0.0,0.0,0.0,75.0,0.0,0.0,50.0,40.0,54.55,33.33,0.0,0.3692664897687729,0.0775452712090391,2.6732673267326734,0.8910891089108911,0.0166664584158415,0.0,0.8910891089108911,2.6732673267326734,0.0485391297029702,6.237623762376238,ST,11,11,24,6,29,68,18,39,35,94,31,40,26,53,52,82,94,94,23,56,40,56,92,52,52,52,48,24,40,65,53,81,47,31,32,29,90,40,32,23,50,69,45,44,29,42,24,32,45,100,18,39,81,100,31,40,50,94,94,94,100,100,23,90,40,79,97,52,52,52,48,24,40,65,53,81,47,31,81,58,97,48,42,23,65,81,65,77,Eredivisie
PEC Zwolle,2uuh2bir8ktof0uxfo06lb4ox,5jdkdvxssuc8gvzwwrq5bs76y,T. Sommer,Tobias Sommer,24,Defender,Denmark,Defender,22.0,39.0,4.0,60.0,3.0,10.0,4.0,3.0,265.0,4.0,4.0,0.0,0.0,1.0,4.0,1.0,2.0,4.0,4.0,0.0,2.0,1.0,3.0,2.0,0.0,0.0,0.0,69.77,33.33,20.0,50.0,50.0,55.56,0.0,0.0,0.2851721581396771,0.0867428753870275,0.0,5.0,0.2242579499999999,4.0,8.0,8.0,0.1867347899999999,30.0,7.471698113207546,13.245283018867925,1.3584905660377358,20.377358490566035,1.018867924528302,3.39622641509434,1.3584905660377358,1.018867924528302,1.3584905660377358,1.3584905660377358,0.0,0.0,0.3396226415094339,1.3584905660377358,0.3396226415094339,0.6792452830188679,1.3584905660377358,1.3584905660377358,0.0,0.6792452830188679,0.3396226415094339,1.018867924528302,0.6792452830188679,0.0,0.0,0.0,69.77,33.33,20.0,50.0,50.0,55.56,0.0,0.0,0.0968509216323431,0.0294598444710659,0.0,1.6981132075471697,0.0761630773584905,1.3584905660377358,2.7169811320754715,2.7169811320754715,0.0634193626415094,10.188679245283016,CB,7,55,43,26,45,57,20,64,78,91,4,46,73,96,59,99,94,94,41,97,93,99,93,47,51,51,4,23,91,78,72,60,6,4,87,77,37,79,94,89,56,56,53,36,2,38,26,9,34,29,15,57,64,77,4,46,71,89,52,94,94,91,41,89,91,98,91,47,51,51,4,23,91,78,72,60,6,4,66,74,37,77,87,85,47,47,43,26,Eredivisie
PEC Zwolle,2uuh2bir8ktof0uxfo06lb4ox,684nd3xjli51z43pbla0mwa21,T. Oosting,Thijs Oosting,26,Midfielder,Netherlands,Midfielder,16.0,27.0,2.0,43.0,0.0,9.0,4.0,2.0,226.0,6.0,4.0,3.0,1.0,4.0,4.0,3.0,1.0,0.0,0.0,0.0,1.0,0.0,1.0,0.0,0.0,0.0,0.0,87.76,100.0,0.0,0.0,25.0,45.0,0.0,60.0,0.3420825925883894,0.0662613092640487,1.0,3.0,0.06217719,2.0,7.0,8.0,0.1336605,24.0,6.371681415929204,10.752212389380531,0.7964601769911505,17.123893805309734,0.0,3.584070796460177,1.592920353982301,0.7964601769911505,2.3893805309734515,1.592920353982301,1.1946902654867255,0.3982300884955752,1.592920353982301,1.592920353982301,1.1946902654867255,0.3982300884955752,0.0,0.0,0.0,0.3982300884955752,0.0,0.3982300884955752,0.0,0.0,0.0,0.0,87.76,100.0,0.0,0.0,25.0,45.0,0.0,60.0,0.1362275811192701,0.0263872470520547,0.3982300884955752,1.1946902654867255,0.0247608278761061,0.7964601769911505,2.7876106194690267,3.185840707964602,0.0532276327433628,9.557522123893806,CM/AM,33,22,37,22,20,52,67,81,63,80,89,81,59,59,70,56,9,9,35,41,13,41,17,52,52,52,70,98,13,17,33,52,30,57,63,22,48,30,30,41,52,59,26,31,19,15,33,19,20,37,67,74,48,81,78,78,48,52,59,52,9,9,35,30,13,26,17,52,52,52,70,98,13,17,33,52,30,57,59,15,44,30,30,41,44,41,19,33,Eredivisie
PEC Zwolle,2uuh2bir8ktof0uxfo06lb4ox,6eg8vaxpqsd6cyh736h7bq4x6,D. Mbayo,Dylan Mbayo,24,Attacker,Belgium,Striker,9.0,31.0,0.0,39.0,0.0,14.0,4.0,0.0,204.0,8.0,3.0,3.0,2.0,6.0,3.0,1.0,2.0,10.0,12.0,0.0,0.0,1.0,2.0,5.0,0.0,0.0,0.0,95.12,0.0,25.0,50.0,0.0,45.16,0.0,50.0,0.2220978261047528,0.6478707722267459,3.0,12.0,0.50561627,2.0,0.0,1.0,0.48352809,10.0,3.9705882352941178,13.676470588235295,0.0,17.205882352941178,0.0,6.176470588235294,1.7647058823529411,0.0,3.5294117647058822,1.3235294117647058,1.3235294117647058,0.8823529411764706,2.647058823529412,1.3235294117647058,0.4411764705882353,0.8823529411764706,4.411764705882353,5.294117647058823,0.0,0.0,0.4411764705882353,0.8823529411764706,2.2058823529411766,0.0,0.0,0.0,95.12,0.0,25.0,50.0,0.0,45.16,0.0,50.0,0.0979843350462144,0.2858253406882702,1.3235294117647058,5.294117647058823,0.2230660014705882,0.8823529411764706,0.0,0.4411764705882353,0.2133212161764706,4.411764705882353,RW,35,50,15,42,12,77,85,27,46,69,85,100,85,27,23,62,85,85,38,12,38,46,73,54,54,54,100,15,54,46,12,54,15,58,23,85,65,69,77,50,19,15,85,31,23,46,15,46,12,69,85,27,38,69,85,100,92,31,23,62,85,85,38,12,31,46,62,54,54,54,100,15,54,46,12,54,15,58,23,92,62,77,92,46,19,15,85,23,Eredivisie
PEC Zwolle,2uuh2bir8ktof0uxfo06lb4ox,6hpvm6ktb7nulhdph4497649g,D. van der Haar,Damian van der Haar,22,Defender,Netherlands,Defender,11.0,21.0,4.0,27.0,1.0,6.0,8.0,4.0,204.0,0.0,1.0,3.0,0.0,5.0,0.0,0.0,0.0,1.0,1.0,0.0,0.0,5.0,0.0,1.0,0.0,0.0,0.0,57.45,30.77,62.5,100.0,0.0,85.71,0.0,100.0,0.0,0.5590596609746559,0.0,2.0,0.03546945,0.0,6.0,6.0,0.1646929,18.0,4.852941176470589,9.264705882352942,1.7647058823529411,11.911764705882351,0.4411764705882353,2.647058823529412,3.5294117647058822,1.7647058823529411,0.0,0.4411764705882353,1.3235294117647058,0.0,2.2058823529411766,0.0,0.0,0.0,0.4411764705882353,0.4411764705882353,0.0,0.0,2.2058823529411766,0.0,0.4411764705882353,0.0,0.0,0.0,57.45,30.77,62.5,100.0,0.0,85.71,0.0,100.0,0.0,0.246643968077054,0.0,0.8823529411764706,0.0156482867647058,0.0,2.647058823529412,2.647058823529412,0.0726586323529411,7.9411764705882355,LB/LCB,15,18,68,15,40,22,65,88,10,25,80,35,75,18,22,30,32,32,52,48,92,38,55,50,52,52,5,38,95,92,48,92,18,90,20,75,32,48,40,22,42,38,25,30,10,25,75,5,40,20,55,85,10,20,70,35,80,18,22,30,35,35,52,48,90,38,50,50,52,52,5,38,95,92,48,92,18,90,20,85,32,50,45,22,50,35,35,30,Eredivisie
PEC Zwolle,2uuh2bir8ktof0uxfo06lb4ox,9ugpnnovqttl8lguv7wdyiezu,S. Graves,Simon Graves,27,Defender,Denmark,Defender,66.0,36.0,11.0,102.0,11.0,15.0,17.0,5.0,270.0,3.0,0.0,1.0,0.0,1.0,2.0,2.0,1.0,1.0,1.0,0.0,0.0,0.0,0.0,1.0,0.0,0.0,0.0,85.0,55.0,0.0,100.0,0.0,62.5,78.57,33.33,0.2446224786729224,0.0774562262942552,0.0,1.0,0.01611813,0.0,11.0,12.0,0.2482693999999999,71.0,22.0,12.0,3.6666666666666665,34.0,3.6666666666666665,5.0,5.666666666666667,1.6666666666666667,1.0,0.0,0.3333333333333333,0.0,0.3333333333333333,0.6666666666666666,0.6666666666666666,0.3333333333333333,0.3333333333333333,0.3333333333333333,0.0,0.0,0.0,0.0,0.3333333333333333,0.0,0.0,0.0,85.0,55.0,0.0,100.0,0.0,62.5,78.57,33.33,0.0815408262243074,0.025818742098085,0.0,0.3333333333333333,0.00537271,0.0,3.6666666666666665,4.0,0.0827564666666666,23.666666666666668,CB,54,50,87,53,98,89,90,85,68,17,26,46,73,73,86,85,70,68,41,30,45,36,82,47,51,51,30,72,45,93,30,82,94,14,81,74,37,41,34,32,68,67,68,63,20,28,79,21,90,66,76,72,54,17,12,46,64,56,73,80,56,56,41,30,45,36,78,47,51,51,30,72,45,93,30,82,94,14,64,72,37,35,34,32,57,63,57,46,Eredivisie
PEC Zwolle,2uuh2bir8ktof0uxfo06lb4ox,9xxdec5pv5plas9ve4ehs4nop,E. Sørensen,Elias Sørensen,26,Attacker,Denmark,Striker,5.0,13.0,1.0,18.0,2.0,5.0,5.0,2.0,144.0,4.0,1.0,1.0,0.0,0.0,4.0,1.0,1.0,4.0,4.0,1.0,1.0,0.0,3.0,1.0,0.0,0.0,0.0,58.06,50.0,0.0,25.0,25.0,25.0,28.57,100.0,0.4260024577591757,0.0,2.0,3.0,0.0772357,1.0,3.0,6.0,0.3314088799999999,9.0,3.125,8.125,0.625,11.25,1.25,3.125,3.125,1.25,2.5,0.625,0.625,0.0,0.0,2.5,0.625,0.625,2.5,2.5,0.625,0.625,0.0,1.875,0.625,0.0,0.0,0.0,58.06,50.0,0.0,25.0,25.0,25.0,28.57,100.0,0.2662515360994848,0.0,1.25,1.875,0.0482723125,0.625,1.875,3.75,0.2071305499999999,5.625,LW,27,27,55,27,73,14,95,91,18,36,45,32,14,50,18,50,27,27,82,50,32,91,36,55,55,55,9,55,32,36,55,9,55,95,64,14,64,36,36,32,77,77,64,27,36,27,64,18,73,18,100,100,36,36,36,32,14,55,18,55,27,27,82,55,32,91,36,55,55,55,9,55,32,36,55,9,55,95,64,14,73,45,45,27,73,91,82,45,Eredivisie
PEC Zwolle,2uuh2bir8ktof0uxfo06lb4ox,a7vlgirln231n3dqjhb72o0es,O. Aertssen,Olivier Aertssen,22,Defender,Netherlands,Defender,19.0,24.0,3.0,43.0,3.0,16.0,10.0,2.0,270.0,4.0,0.0,7.0,0.0,2.0,2.0,1.0,1.0,1.0,1.0,0.0,0.0,0.0,1.0,0.0,0.0,0.0,0.0,67.19,21.43,0.0,0.0,0.0,64.0,75.0,53.85,0.1348291658302029,0.1981084538280321,0.0,1.0,0.0174506,1.0,5.0,8.0,0.13510694,29.0,6.333333333333333,8.0,1.0,14.333333333333334,1.0,5.333333333333333,3.333333333333333,0.6666666666666666,1.3333333333333333,0.0,2.333333333333333,0.0,0.6666666666666666,0.6666666666666666,0.3333333333333333,0.3333333333333333,0.3333333333333333,0.3333333333333333,0.0,0.0,0.0,0.3333333333333333,0.0,0.0,0.0,0.0,67.19,21.43,0.0,0.0,0.0,64.0,75.0,53.85,0.0449430552767343,0.0660361512760107,0.0,0.3333333333333333,0.0058168666666666,0.3333333333333333,1.6666666666666667,2.6666666666666665,0.0450356466666666,9.666666666666666,RB/RCB,15,46,38,27,65,92,69,65,54,12,100,42,54,69,62,73,50,50,54,38,27,73,38,54,54,54,8,27,27,38,38,77,100,46,69,62,50,54,46,58,65,69,38,54,8,15,31,8,50,85,54,58,46,12,92,42,50,50,42,62,42,42,54,38,27,62,38,54,54,54,8,27,27,38,38,77,100,46,62,62,50,46,46,50,62,69,31,46,Eredivisie
PEC Zwolle,2uuh2bir8ktof0uxfo06lb4ox,c2an5ksdu6jbap3x3jp3z9c5x,N. Viergever,Nick Viergever,37,Defender,Netherlands,Defender,58.0,13.0,5.0,71.0,1.0,3.0,15.0,3.0,270.0,2.0,0.0,1.0,0.0,0.0,2.0,1.0,1.0,0.0,0.0,1.0,1.0,0.0,1.0,0.0,1.0,0.0,0.0,75.53,26.32,0.0,0.0,50.0,33.33,25.0,50.0,0.213899598420086,0.0,1.0,2.0,0.03870264,0.0,2.0,3.0,0.08123764,34.0,19.33333333333333,4.333333333333333,1.6666666666666667,23.666666666666668,0.3333333333333333,1.0,5.0,1.0,0.6666666666666666,0.0,0.3333333333333333,0.0,0.0,0.6666666666666666,0.3333333333333333,0.3333333333333333,0.0,0.0,0.3333333333333333,0.3333333333333333,0.0,0.3333333333333333,0.0,0.3333333333333333,0.0,0.0,75.53,26.32,0.0,0.0,50.0,33.33,25.0,50.0,0.0712998661400286,0.0,0.3333333333333333,0.6666666666666666,0.01290088,0.0,0.6666666666666666,1.0,0.0270792133333333,11.333333333333334,CB,46,13,52,32,14,7,84,64,55,17,26,46,30,73,59,85,27,27,90,76,45,82,37,97,51,51,13,11,45,37,72,9,16,30,70,30,85,57,53,32,30,35,36,38,17,6,34,11,6,2,66,50,44,17,12,46,30,56,45,80,27,27,85,64,45,76,37,95,51,51,13,11,45,37,72,9,16,30,57,30,78,49,47,32,28,30,23,28,Eredivisie
PSV,24fvcruwqrqvqa3aonf8c3zuy,21k54i5a6d9bi4f6gplgzxiw9,G. Til,Guus Til,28,Midfielder,Netherlands,Midfielder,22.0,61.0,0.0,82.0,3.0,7.0,2.0,2.0,248.0,14.0,4.0,0.0,0.0,3.0,6.0,6.0,1.0,1.0,1.0,0.0,3.0,1.0,0.0,0.0,0.0,0.0,0.0,89.13,0.0,16.67,0.0,50.0,77.78,0.0,0.0,0.7261172302507515,0.2586539166776535,0.0,6.0,0.16231081,7.0,6.0,9.0,0.3646699599999999,38.0,7.983870967741936,22.137096774193548,0.0,29.758064516129032,1.0887096774193548,2.540322580645161,0.7258064516129032,0.7258064516129032,5.080645161290323,1.4516129032258065,0.0,0.0,1.0887096774193548,2.177419354838709,2.177419354838709,0.3629032258064516,0.3629032258064516,0.3629032258064516,0.0,1.0887096774193548,0.3629032258064516,0.0,0.0,0.0,0.0,0.0,89.13,0.0,16.67,0.0,50.0,77.78,0.0,0.0,0.2635102851716437,0.0938663407297936,0.0,2.177419354838709,0.058903116532258,2.540322580645161,2.177419354838709,3.2661290322580645,0.1323399048387096,13.790322580645162,CM/AM,50,78,6,78,85,41,52,81,89,80,13,37,50,78,94,56,28,26,35,80,43,11,17,52,52,52,81,6,31,17,70,100,30,13,89,56,19,54,59,93,46,69,56,67,33,59,6,48,81,22,41,67,85,74,13,37,37,63,81,48,22,22,35,67,30,11,17,52,52,52,81,6,31,17,70,100,30,13,78,48,19,44,44,89,37,48,52,41,Eredivisie
PSV,24fvcruwqrqvqa3aonf8c3zuy,2gsq05yyxwe4f8t79j6d49q6t,I. Perišić,Ivan Perisic,37,Attacker,Croatia,Striker,53.0,85.0,11.0,130.0,6.0,15.0,2.0,2.0,238.0,16.0,0.0,5.0,1.0,8.0,7.0,7.0,1.0,1.0,1.0,2.0,4.0,8.0,0.0,1.0,0.0,0.0,0.0,85.53,68.75,27.59,100.0,57.14,71.43,85.71,62.5,0.9001252070984358,0.9343312438483596,1.0,14.0,0.39439197,4.0,5.0,14.0,0.8887306999999997,43.0,20.04201680672269,32.142857142857146,4.159663865546219,49.15966386554622,2.26890756302521,5.6722689075630255,0.7563025210084033,0.7563025210084033,6.050420168067227,0.0,1.8907563025210083,0.3781512605042016,3.0252100840336134,2.647058823529412,2.647058823529412,0.3781512605042016,0.3781512605042016,0.3781512605042016,0.7563025210084033,1.512605042016807,3.0252100840336134,0.0,0.3781512605042016,0.0,0.0,0.0,85.53,68.75,27.59,100.0,57.14,71.43,85.71,62.5,0.3403834816758791,0.3533185375897158,0.3781512605042016,5.294117647058823,0.1491398205882353,1.512605042016807,1.8907563025210083,5.294117647058823,0.3360746344537814,16.26050420168067,ST,100,100,100,100,76,85,60,98,81,13,100,89,97,79,82,52,29,26,90,84,100,23,48,52,52,52,94,74,84,95,84,97,97,68,84,97,45,100,100,90,94,97,100,100,100,97,100,100,71,74,53,97,68,13,100,84,97,58,68,39,26,23,90,77,100,23,45,52,52,52,94,74,84,95,84,97,97,68,71,97,29,97,94,87,87,95,97,97,Eredivisie
PSV,24fvcruwqrqvqa3aonf8c3zuy,2yc1t7u26zctwjizi283g6q6s,P. Wanner,Paul Wanner,20,Midfielder,Austria,Midfielder,28.0,59.0,2.0,85.0,1.0,6.0,2.0,1.0,175.0,1.0,2.0,1.0,0.0,1.0,2.0,1.0,0.0,2.0,2.0,0.0,1.0,2.0,1.0,1.0,0.0,0.0,0.0,88.54,33.33,50.0,50.0,50.0,42.86,25.0,50.0,0.2054849327210947,0.1249833469259888,0.0,10.0,0.2266426399999999,2.0,4.0,3.0,0.16863977,36.0,14.4,30.34285714285714,1.0285714285714287,43.71428571428572,0.5142857142857143,3.085714285714286,1.0285714285714287,0.5142857142857143,0.5142857142857143,1.0285714285714287,0.5142857142857143,0.0,0.5142857142857143,1.0285714285714287,0.5142857142857143,0.0,1.0285714285714287,1.0285714285714287,0.0,0.5142857142857143,1.0285714285714287,0.5142857142857143,0.5142857142857143,0.0,0.0,0.0,88.54,33.33,50.0,50.0,50.0,42.86,25.0,50.0,0.1056779653994201,0.0642771498476513,0.0,5.142857142857143,0.1165590719999999,1.0285714285714287,2.0571428571428574,1.542857142857143,0.0867290245714285,18.51428571428572,CM/AM,74,74,37,81,54,30,52,54,17,52,41,37,15,31,39,22,48,43,35,41,70,41,43,52,52,52,78,19,72,50,70,48,61,44,41,33,19,80,74,41,33,19,33,59,85,78,41,81,48,26,48,56,15,48,44,37,7,37,44,22,44,41,35,44,67,37,44,52,52,52,78,19,72,50,70,48,61,44,52,33,19,81,70,52,26,26,41,70,Eredivisie
PSV,24fvcruwqrqvqa3aonf8c3zuy,3ojwbw6v83g9b0u2wssnkzzzd,A. Obispo,Armando Obispo,27,Defender,Curaçao,Defender,112.0,95.0,7.0,207.0,2.0,10.0,15.0,4.0,265.0,2.0,3.0,3.0,0.0,1.0,1.0,1.0,0.0,0.0,0.0,0.0,0.0,0.0,0.0,0.0,1.0,0.0,0.0,93.24,53.85,0.0,0.0,0.0,58.82,28.57,60.0,0.1421515832951712,0.066429903197958,0.0,3.0,0.05605953,0.0,21.0,15.0,0.3250748099999999,145.0,38.0377358490566,32.264150943396224,2.3773584905660377,70.30188679245282,0.6792452830188679,3.39622641509434,5.094339622641509,1.3584905660377358,0.6792452830188679,1.018867924528302,1.018867924528302,0.0,0.3396226415094339,0.3396226415094339,0.3396226415094339,0.0,0.0,0.0,0.0,0.0,0.0,0.0,0.0,0.3396226415094339,0.0,0.0,93.24,53.85,0.0,0.0,0.0,58.82,28.57,60.0,0.0482778962134543,0.0225610991993064,0.0,1.018867924528302,0.0190390856603773,0.0,7.132075471698113,5.094339622641509,0.1104027656603773,49.24528301886792,CB,94,96,64,94,29,57,84,77,55,79,72,46,73,45,59,37,27,27,41,30,45,36,37,97,51,51,81,68,45,37,30,74,19,45,53,66,37,66,64,32,90,77,79,96,79,83,51,85,19,29,70,66,47,66,66,46,71,36,52,37,27,27,41,30,45,36,37,98,51,51,81,68,45,37,30,74,19,45,45,66,37,62,55,32,83,70,66,89,Eredivisie
PSV,24fvcruwqrqvqa3aonf8c3zuy,7r53q18anqqkq06f5xof1axp0,A. Bouhamdi,Amir Bouhamdi,18,Attacker,Netherlands,Striker,12.0,34.0,2.0,46.0,2.0,10.0,0.0,0.0,94.0,10.0,0.0,1.0,0.0,6.0,4.0,3.0,3.0,8.0,8.0,0.0,0.0,0.0,1.0,4.0,0.0,0.0,0.0,79.31,66.67,0.0,50.0,0.0,52.63,0.0,25.0,0.4005753472158981,0.3694843378074446,2.0,6.0,0.14908907,1.0,2.0,3.0,0.1495825599999999,14.0,11.48936170212766,32.5531914893617,1.9148936170212765,44.04255319148936,1.9148936170212765,9.574468085106382,0.0,0.0,9.574468085106382,0.0,0.9574468085106382,0.0,5.74468085106383,3.829787234042553,2.872340425531915,2.872340425531915,7.659574468085106,7.659574468085106,0.0,0.0,0.0,0.9574468085106382,3.829787234042553,0.0,0.0,0.0,79.31,66.67,0.0,50.0,0.0,52.63,0.0,25.0,0.3835295877599024,0.3537616000284044,1.9148936170212765,5.74468085106383,0.1427448542553191,0.9574468085106382,1.9148936170212765,2.872340425531915,0.1432173446808509,13.404255319148936,LW,64,64,82,64,73,50,36,27,55,18,45,32,86,50,59,82,77,68,32,23,32,45,73,55,55,55,55,73,32,64,23,55,23,36,55,64,64,55,55,32,50,27,36,55,91,100,100,100,91,100,36,27,82,18,55,32,100,82,91,100,100,100,32,23,32,73,100,55,55,55,55,73,32,64,23,55,23,36,82,91,91,73,64,36,82,73,55,82,Eredivisie
PSV,24fvcruwqrqvqa3aonf8c3zuy,avv12sgcucblnbfb790xovf8,R. van Bommel,Ruben van Bommel,22,Attacker,Netherlands,Striker,30.0,57.0,3.0,85.0,3.0,11.0,0.0,0.0,176.0,18.0,0.0,3.0,1.0,5.0,5.0,4.0,1.0,5.0,6.0,1.0,2.0,2.0,1.0,3.0,0.0,0.0,0.0,79.44,100.0,50.0,60.0,40.0,61.11,50.0,60.0,0.5759850971431002,0.4877731686390854,1.0,10.0,0.31084983,3.0,6.0,5.0,0.2726636600000001,25.0,15.340909090909092,29.14772727272728,1.5340909090909092,43.46590909090909,1.5340909090909092,5.625,0.0,0.0,9.204545454545457,0.0,1.5340909090909092,0.5113636363636364,2.556818181818182,2.556818181818182,2.0454545454545454,0.5113636363636364,2.556818181818182,3.0681818181818183,0.5113636363636364,1.0227272727272727,1.0227272727272727,0.5113636363636364,1.5340909090909092,0.0,0.0,0.0,79.44,100.0,50.0,60.0,40.0,61.11,50.0,60.0,0.294537833766358,0.2494294612358959,0.5113636363636364,5.113636363636364,0.1589572994318182,1.5340909090909092,3.0681818181818183,2.556818181818182,0.1394302806818182,12.78409090909091,LW,100,91,100,91,91,64,36,27,82,18,77,73,73,77,82,50,36,36,82,73,82,45,50,55,55,55,64,91,95,82,73,91,82,64,91,91,41,64,73,64,100,64,45,91,100,73,91,91,82,64,36,27,73,18,82,73,73,64,73,45,36,36,73,64,82,45,45,55,55,55,64,91,95,82,73,91,82,64,73,82,45,64,73,64,100,55,45,73,Eredivisie
PSV,24fvcruwqrqvqa3aonf8c3zuy,b0me6l44boibnwpbtasxoy02x,S. Dest,Sergiño Dest,25,Defender,USA,Defender,53.0,57.0,2.0,109.0,0.0,15.0,2.0,0.0,179.0,5.0,7.0,2.0,1.0,1.0,3.0,3.0,0.0,6.0,6.0,1.0,2.0,1.0,0.0,4.0,1.0,0.0,0.0,93.97,100.0,14.29,66.67,66.67,68.18,0.0,50.0,0.7391994706155172,0.1625925870094927,1.0,8.0,0.18855933,5.0,7.0,8.0,0.50049084,61.0,26.64804469273743,28.65921787709497,1.005586592178771,54.80446927374302,0.0,7.541899441340782,1.005586592178771,0.0,2.5139664804469275,3.519553072625698,1.005586592178771,0.5027932960893855,0.5027932960893855,1.5083798882681565,1.5083798882681565,0.0,3.016759776536313,3.016759776536313,0.5027932960893855,1.005586592178771,0.5027932960893855,0.0,2.011173184357542,0.5027932960893855,0.0,0.0,93.97,100.0,14.29,66.67,66.67,68.18,0.0,50.0,0.3716645382983047,0.081750462742203,0.5027932960893855,4.022346368715084,0.0948063670391061,2.5139664804469275,3.519553072625698,4.022346368715084,0.2516434391061452,30.67039106145252,CB,40,68,21,55,3,89,13,11,90,100,54,96,73,89,96,37,98,98,90,97,93,36,99,97,51,51,89,98,89,81,82,91,6,30,98,85,85,93,91,93,50,56,91,60,34,74,17,57,3,98,11,11,96,100,64,100,83,96,100,37,100,100,91,100,96,36,100,100,51,51,89,98,89,81,82,91,6,30,100,87,89,91,94,91,55,66,98,66,Eredivisie
PSV,24fvcruwqrqvqa3aonf8c3zuy,c6ip6gwp8yvchd1n3dv42go9,Mauro Júnior,Mauro Jaqueson Júnior Ferreira dos Santos,27,Defender,Brazil,Defender,82.0,156.0,11.0,238.0,4.0,12.0,1.0,5.0,255.0,5.0,1.0,2.0,1.0,3.0,2.0,0.0,0.0,7.0,7.0,0.0,1.0,0.0,2.0,3.0,0.0,0.0,0.0,93.33,78.57,0.0,42.86,50.0,57.14,57.14,50.0,0.1219191313203186,0.2020458505635559,2.0,29.0,0.6404799299999998,9.0,24.0,29.0,0.54730652,151.0,28.94117647058824,55.05882352941176,3.882352941176471,84.0,1.4117647058823528,4.235294117647059,0.3529411764705882,1.7647058823529411,1.7647058823529411,0.3529411764705882,0.7058823529411764,0.3529411764705882,1.0588235294117647,0.7058823529411764,0.0,0.0,2.4705882352941173,2.4705882352941173,0.0,0.3529411764705882,0.0,0.7058823529411764,1.0588235294117647,0.0,0.0,0.0,93.33,78.57,0.0,42.86,50.0,57.14,57.14,50.0,0.0430302816424653,0.071310300198902,0.7058823529411764,10.235294117647058,0.2260517399999999,3.176470588235294,8.470588235294118,10.235294117647058,0.1931670070588235,53.29411764705882,CB,66,100,87,100,62,73,5,85,90,43,54,96,93,73,20,37,100,100,41,76,45,95,96,47,51,51,85,91,45,74,72,67,69,30,43,91,99,100,100,100,95,100,96,98,43,100,83,96,47,47,2,79,85,36,38,96,89,64,20,37,98,98,41,70,45,94,96,47,51,51,85,91,45,74,72,67,69,30,40,83,98,100,100,96,87,98,91,94,Eredivisie
PSV,24fvcruwqrqvqa3aonf8c3zuy,cgsmk5437f466uoqvol7devze,R. Flamingo,Ryan Flamingo,23,Defender,Netherlands,Defender,98.0,137.0,9.0,234.0,11.0,15.0,10.0,6.0,270.0,6.0,0.0,3.0,0.0,1.0,5.0,4.0,0.0,0.0,0.0,1.0,2.0,1.0,1.0,0.0,0.0,0.0,0.0,91.05,56.25,33.33,0.0,40.0,60.0,73.33,75.0,0.7436110720482273,0.1522199190485489,1.0,4.0,0.08393914,3.0,37.0,27.0,0.7244349999999998,157.0,32.666666666666664,45.66666666666666,3.0,78.0,3.6666666666666665,5.0,3.333333333333333,2.0,2.0,0.0,1.0,0.0,0.3333333333333333,1.6666666666666667,1.3333333333333333,0.0,0.0,0.0,0.3333333333333333,0.6666666666666666,0.3333333333333333,0.3333333333333333,0.0,0.0,0.0,0.0,91.05,56.25,33.33,0.0,40.0,60.0,73.33,75.0,0.2478703573494091,0.0507399730161829,0.3333333333333333,1.3333333333333333,0.0279797133333333,1.0,12.333333333333334,9.0,0.2414783333333332,52.333333333333336,CB,78,98,78,98,98,89,61,95,99,17,72,46,73,100,99,37,27,27,90,97,93,82,37,47,51,51,72,76,94,37,64,77,87,55,100,83,85,71,74,85,100,98,98,100,52,96,63,91,90,66,36,89,89,17,54,46,64,98,91,37,27,27,85,86,89,76,37,47,51,51,72,76,94,37,64,77,87,55,98,81,78,68,72,83,98,90,96,91,Eredivisie
PSV,24fvcruwqrqvqa3aonf8c3zuy,dse071e8zbzm8l37m64g6e1p0,K. Sano,Kodai Sano,22,Midfielder,Japan,Midfielder,29.0,45.0,1.0,72.0,1.0,2.0,0.0,1.0,117.0,5.0,0.0,1.0,0.0,4.0,3.0,2.0,1.0,3.0,3.0,0.0,1.0,2.0,1.0,0.0,0.0,0.0,0.0,90.0,50.0,66.67,0.0,33.33,25.0,0.0,100.0,0.2310761692624233,0.3782910910750982,0.0,6.0,0.1523239599999999,1.0,9.0,11.0,0.4629975799999999,32.0,22.307692307692307,34.61538461538461,0.7692307692307692,55.38461538461538,0.7692307692307692,1.5384615384615383,0.0,0.7692307692307692,3.846153846153846,0.0,0.7692307692307692,0.0,3.0769230769230766,2.3076923076923075,1.5384615384615383,0.7692307692307692,2.3076923076923075,2.3076923076923075,0.0,0.7692307692307692,1.5384615384615383,0.7692307692307692,0.0,0.0,0.0,0.0,90.0,50.0,66.67,0.0,33.33,25.0,0.0,100.0,0.1777508994326333,0.2909931469808447,0.0,4.615384615384615,0.1171722769230768,0.7692307692307692,6.9230769230769225,8.461538461538462,0.3561519846153845,24.615384615384613,CM/AM,80,59,19,56,54,7,13,54,52,13,41,37,59,46,57,56,63,57,35,41,70,41,17,52,52,52,89,50,83,17,43,13,30,91,59,67,19,54,52,26,65,74,74,56,96,85,30,93,63,7,13,70,59,13,67,37,93,67,74,70,70,70,35,63,81,63,17,52,52,52,89,50,83,17,43,13,30,91,67,89,19,74,74,37,93,89,89,93,Eredivisie
PSV,24fvcruwqrqvqa3aonf8c3zuy,emglxnqrlqskt8krglv7sziwa,R. Pepi,Ricardo Pepi,23,Attacker,USA,Striker,12.0,17.0,0.0,29.0,1.0,3.0,0.0,1.0,254.0,24.0,0.0,1.0,0.0,2.0,14.0,10.0,3.0,2.0,2.0,2.0,5.0,0.0,4.0,1.0,0.0,0.0,0.0,80.56,0.0,0.0,50.0,35.71,25.0,20.0,100.0,1.5823233664946716,0.1150121948127741,3.0,0.0,0.0,0.0,0.0,0.0,0.0008805099999999,3.0,4.251968503937007,6.0236220472440944,0.0,10.275590551181102,0.3543307086614173,1.062992125984252,0.0,0.3543307086614173,8.503937007874015,0.0,0.3543307086614173,0.0,0.7086614173228346,4.960629921259843,3.543307086614173,1.062992125984252,0.7086614173228346,0.7086614173228346,0.7086614173228346,1.7716535433070866,0.0,1.4173228346456692,0.3543307086614173,0.0,0.0,0.0,80.56,0.0,0.0,50.0,35.71,25.0,20.0,100.0,0.5606657597815765,0.0407523524927152,1.062992125984252,0.0,0.0,0.0,0.0,0.0,0.0003119917322834,1.062992125984252,ST,61,53,24,50,29,8,18,85,97,13,68,40,52,100,97,97,44,40,90,94,40,100,48,52,52,52,74,24,40,65,45,8,31,89,100,39,90,16,16,23,18,15,10,11,42,29,24,29,23,3,18,81,97,13,61,40,39,100,90,87,39,35,87,87,40,97,39,52,52,52,74,24,40,65,45,8,31,89,97,32,84,16,16,23,18,15,6,10,Eredivisie
PSV,24fvcruwqrqvqa3aonf8c3zuy,oi8kw43rorvqooiencbnhxck,N. Fernandez,Noah Fernandez,18,Midfielder,Belgium,Midfielder,34.0,102.0,4.0,134.0,1.0,12.0,1.0,2.0,158.0,6.0,2.0,3.0,0.0,2.0,5.0,5.0,2.0,8.0,9.0,1.0,3.0,2.0,0.0,4.0,0.0,0.0,0.0,93.71,57.14,40.0,50.0,60.0,57.14,50.0,60.0,0.6045061581106249,0.0638958058655227,2.0,16.0,0.37107761,14.0,16.0,20.0,0.7252317099999998,76.0,19.367088607594937,58.10126582278481,2.278481012658228,76.32911392405063,0.569620253164557,6.835443037974684,0.569620253164557,1.139240506329114,3.4177215189873418,1.139240506329114,1.7088607594936709,0.0,1.139240506329114,2.848101265822785,2.848101265822785,1.139240506329114,4.556962025316456,5.1265822784810124,0.569620253164557,1.7088607594936709,1.139240506329114,0.0,2.278481012658228,0.0,0.0,0.0,93.71,57.14,40.0,50.0,60.0,57.14,50.0,60.0,0.3443389508225078,0.0363963451132724,1.139240506329114,9.113924050632912,0.2113733221518987,7.974683544303797,9.113924050632912,11.39240506329114,0.4131066702531644,43.29113924050633,CM/AM,89,100,63,100,54,83,33,81,63,52,89,37,37,70,89,80,89,91,80,80,70,11,83,52,52,52,100,70,56,50,85,74,81,57,74,19,70,89,89,100,93,96,89,100,93,100,81,100,56,93,33,89,56,59,93,37,41,74,93,81,93,100,81,89,70,11,89,52,52,52,100,70,56,50,85,74,81,57,81,26,81,93,93,100,96,96,100,100,Eredivisie
Cambuur,ears40cp6opsgvhsy0dgyszpd,1s1c0w7we8oouklrwshie0iz8,R. El Arguioui,Rafik El Arguioui,21,Midfielder,Morocco,Midfielder,23.0,34.0,5.0,53.0,7.0,21.0,5.0,0.0,270.0,15.0,4.0,2.0,0.0,5.0,9.0,7.0,2.0,9.0,9.0,3.0,4.0,4.0,2.0,8.0,0.0,0.0,0.0,80.3,55.56,19.05,88.89,44.44,61.76,63.64,100.0,1.1301982069415144,0.4819742815774385,4.0,6.0,0.14327841,3.0,3.0,4.0,0.64772124,25.0,7.666666666666667,11.333333333333334,1.6666666666666667,17.666666666666668,2.333333333333333,7.0,1.6666666666666667,0.0,5.0,1.3333333333333333,0.6666666666666666,0.0,1.6666666666666667,3.0,2.333333333333333,0.6666666666666666,3.0,3.0,1.0,1.3333333333333333,1.3333333333333333,0.6666666666666666,2.6666666666666665,0.0,0.0,0.0,80.3,55.56,19.05,88.89,44.44,61.76,63.64,100.0,0.3767327356471714,0.1606580938591461,1.3333333333333333,2.0,0.04775947,1.0,1.0,1.3333333333333333,0.21590708,8.333333333333334,CM/AM,57,33,74,41,100,100,76,19,96,80,69,37,72,100,100,80,93,91,100,94,93,70,100,52,52,52,30,67,37,78,59,85,89,91,96,70,93,54,48,57,26,28,81,37,30,19,59,22,100,98,72,19,76,65,54,37,54,81,89,63,74,74,96,74,78,56,93,52,52,52,30,67,37,78,59,85,89,91,85,59,85,37,41,44,22,15,67,26,Eredivisie
Cambuur,ears40cp6opsgvhsy0dgyszpd,1y0a3f7erint69gz9anavkz6c,M. Costarelli,Morgan Costarelli,21,Defender,France,Defender,26.0,38.0,1.0,64.0,1.0,7.0,1.0,3.0,135.0,5.0,1.0,4.0,0.0,2.0,2.0,1.0,1.0,1.0,1.0,0.0,0.0,0.0,1.0,0.0,0.0,0.0,0.0,91.43,50.0,0.0,0.0,0.0,43.75,25.0,80.0,0.1459630841292141,0.173142052952447,1.0,6.0,0.11564582,6.0,3.0,1.0,0.13810969,26.0,17.333333333333332,25.33333333333333,0.6666666666666666,42.66666666666666,0.6666666666666666,4.666666666666667,0.6666666666666666,2.0,3.333333333333333,0.6666666666666666,2.6666666666666665,0.0,1.3333333333333333,1.3333333333333333,0.6666666666666666,0.6666666666666666,0.6666666666666666,0.6666666666666666,0.0,0.0,0.0,0.6666666666666666,0.0,0.0,0.0,0.0,91.43,50.0,0.0,0.0,0.0,43.75,25.0,80.0,0.0973087227528094,0.1154280353016313,0.6666666666666666,4.0,0.0770972133333333,4.0,2.0,0.6666666666666666,0.0920731266666666,17.333333333333332,CB,12,53,9,28,14,33,5,64,90,43,87,46,89,73,59,85,70,68,41,30,45,82,37,47,51,51,77,56,45,37,30,15,16,61,57,89,85,85,81,96,34,26,47,29,11,66,9,32,16,57,4,89,100,47,98,46,91,85,73,91,79,77,41,30,45,89,37,47,51,51,77,56,45,37,30,15,16,61,68,94,94,89,89,100,37,24,62,35,Eredivisie
Cambuur,ears40cp6opsgvhsy0dgyszpd,2w1xj4ixw4hw1cgiz44ihk36c,I. Hamache,Ilyès Hamache,23,Attacker,France,Striker,8.0,33.0,0.0,39.0,1.0,14.0,0.0,1.0,223.0,5.0,3.0,3.0,0.0,2.0,4.0,2.0,3.0,12.0,12.0,0.0,1.0,2.0,2.0,4.0,0.0,0.0,0.0,78.0,0.0,50.0,33.33,25.0,56.0,33.33,50.0,0.3214390648653858,0.1988492329164171,3.0,12.0,0.2957277899999999,3.0,0.0,7.0,0.41331407,16.0,3.2286995515695067,13.318385650224217,0.0,15.739910313901344,0.4035874439461883,5.650224215246636,0.0,0.4035874439461883,2.0179372197309418,1.210762331838565,1.210762331838565,0.0,0.8071748878923767,1.6143497757847534,0.8071748878923767,1.210762331838565,4.84304932735426,4.84304932735426,0.0,0.4035874439461883,0.8071748878923767,0.8071748878923767,1.6143497757847534,0.0,0.0,0.0,78.0,0.0,50.0,33.33,25.0,56.0,33.33,50.0,0.1297287705734741,0.080253053643397,1.210762331838565,4.84304932735426,0.1193520228699551,1.210762331838565,0.0,2.825112107623318,0.1668083690582959,6.457399103139013,LW,50,55,23,45,45,91,36,64,32,55,77,32,36,50,36,82,91,91,32,50,82,73,73,55,55,55,36,23,95,45,55,64,68,50,45,36,82,73,64,64,18,91,73,64,45,55,23,55,36,73,36,64,18,55,73,32,27,27,27,73,82,82,32,45,73,64,55,55,55,55,36,23,95,45,55,64,68,50,27,27,64,55,55,55,18,64,64,55,Eredivisie
Cambuur,ears40cp6opsgvhsy0dgyszpd,3srqm69qud5sfy14rgveaeuxg,L. Jetten,Lucas Jetten,19,Defender,Netherlands,Defender,36.0,65.0,2.0,100.0,2.0,12.0,9.0,3.0,217.0,1.0,4.0,2.0,0.0,3.0,1.0,1.0,1.0,3.0,4.0,0.0,0.0,1.0,0.0,3.0,0.0,0.0,0.0,89.29,28.57,25.0,100.0,0.0,60.0,66.67,66.67,0.0744600246512269,0.2459561516272069,0.0,17.0,0.3347821099999999,5.0,12.0,7.0,0.2142463199999998,48.0,14.930875576036868,26.95852534562212,0.8294930875576038,41.474654377880185,0.8294930875576038,4.976958525345623,3.7327188940092166,1.2442396313364057,0.4147465437788019,1.6589861751152075,0.8294930875576038,0.0,1.2442396313364057,0.4147465437788019,0.4147465437788019,0.4147465437788019,1.2442396313364057,1.6589861751152075,0.0,0.0,0.4147465437788019,0.0,1.2442396313364057,0.0,0.0,0.0,89.29,28.57,25.0,100.0,0.0,60.0,66.67,66.67,0.0308820378737807,0.102009463808519,0.0,7.050691244239632,0.1388497230414746,2.0737327188940093,4.976958525345623,2.903225806451613,0.0888579207373271,19.90783410138249,LB/LCB,60,85,25,85,68,82,72,65,28,82,50,35,45,45,57,78,75,82,52,48,32,38,95,50,52,52,95,22,35,92,48,75,95,57,50,45,32,100,95,88,85,50,45,80,70,85,20,85,65,75,70,70,20,80,55,35,45,45,60,80,70,70,52,48,35,38,95,50,52,52,95,22,35,92,48,75,95,57,50,40,32,100,95,90,85,45,40,80,Eredivisie
Cambuur,ears40cp6opsgvhsy0dgyszpd,4c65gdiaqot7196uavziw4gt0,I. Henstra,Iwan Henstra,19,Attacker,Netherlands,Striker,21.0,42.0,1.0,59.0,1.0,18.0,5.0,0.0,250.0,12.0,2.0,3.0,0.0,5.0,5.0,5.0,2.0,19.0,20.0,0.0,1.0,4.0,0.0,10.0,0.0,0.0,0.0,90.77,50.0,36.36,52.63,20.0,47.37,16.67,60.0,0.3476953667981395,0.6618401973787637,3.0,14.0,0.40876143,1.0,2.0,6.0,0.93378446,19.0,7.56,15.12,0.36,21.24,0.36,6.48,1.8,0.0,4.32,0.72,1.08,0.0,1.8,1.8,1.8,0.72,6.84,7.2,0.0,0.36,1.44,0.0,3.6,0.0,0.0,0.0,90.77,50.0,36.36,52.63,20.0,47.37,16.67,60.0,0.1251703320473302,0.2382624710563549,1.08,5.04,0.1471541147999999,0.36,0.72,2.16,0.3361624056,6.84,RW,85,62,46,73,42,92,92,27,65,42,85,42,77,50,81,62,100,100,38,42,92,12,92,54,54,54,92,65,85,54,42,62,31,69,38,92,65,77,69,31,46,46,100,46,77,54,31,54,31,77,92,27,54,31,77,42,69,38,62,46,100,100,38,23,77,12,92,54,54,54,92,65,85,54,42,62,31,69,38,85,46,69,69,23,38,31,100,46,Eredivisie
Cambuur,ears40cp6opsgvhsy0dgyszpd,6kxcsg5ipbqdl97nfdoh335lg,I. Baouf,Ismaël Baouf,19,Defender,Morocco,Defender,110.0,85.0,6.0,195.0,6.0,9.0,10.0,6.0,270.0,2.0,0.0,2.0,0.0,0.0,1.0,1.0,0.0,1.0,1.0,0.0,1.0,0.0,0.0,1.0,0.0,0.0,0.0,91.55,42.86,0.0,100.0,100.0,50.0,46.15,100.0,0.1823412889388491,0.0,0.0,13.0,0.2546819,5.0,16.0,19.0,0.20446855,89.0,36.66666666666666,28.33333333333333,2.0,65.0,2.0,3.0,3.333333333333333,2.0,0.6666666666666666,0.0,0.6666666666666666,0.0,0.0,0.3333333333333333,0.3333333333333333,0.0,0.3333333333333333,0.3333333333333333,0.0,0.3333333333333333,0.0,0.0,0.3333333333333333,0.0,0.0,0.0,91.55,42.86,0.0,100.0,100.0,50.0,46.15,100.0,0.060780429646283,0.0,0.0,4.333333333333333,0.0848939666666666,1.6666666666666667,5.333333333333333,6.333333333333333,0.0681561833333333,29.666666666666668,CB,87,90,57,91,79,46,61,95,55,17,54,46,30,45,59,37,70,68,41,76,45,36,82,47,51,51,79,39,45,93,93,32,47,84,66,30,37,96,96,93,82,90,60,80,70,72,40,79,59,21,36,89,44,17,32,46,30,32,45,37,56,56,41,64,45,36,78,47,51,51,79,39,45,93,93,32,47,84,49,30,37,94,91,89,72,79,53,63,Eredivisie
Cambuur,ears40cp6opsgvhsy0dgyszpd,78p3n8qluaev2d82rantcj9ck,W. Kooistra,Wiebe Kooistra,20,Attacker,Netherlands,Striker,29.0,31.0,1.0,59.0,2.0,10.0,6.0,3.0,135.0,0.0,0.0,5.0,0.0,0.0,1.0,0.0,0.0,5.0,5.0,0.0,1.0,1.0,1.0,2.0,0.0,0.0,0.0,89.39,25.0,33.33,40.0,100.0,37.04,40.0,83.33,0.0864458674166548,0.0,1.0,6.0,0.1304094499999999,3.0,10.0,9.0,0.13165509,25.0,19.33333333333333,20.666666666666668,0.6666666666666666,39.333333333333336,1.3333333333333333,6.666666666666667,4.0,2.0,0.0,0.0,3.333333333333333,0.0,0.0,0.6666666666666666,0.0,0.0,3.333333333333333,3.333333333333333,0.0,0.6666666666666666,0.6666666666666666,0.6666666666666666,1.3333333333333333,0.0,0.0,0.0,89.39,25.0,33.33,40.0,100.0,37.04,40.0,83.33,0.0576305782777698,0.0,0.6666666666666666,4.0,0.0869396333333332,2.0,6.666666666666667,6.0,0.08777006,16.666666666666668,RW,100,50,46,73,81,54,100,88,8,12,100,42,12,12,8,15,46,46,38,42,38,27,42,54,54,54,85,31,77,38,96,31,54,77,15,12,23,50,38,65,100,69,31,69,100,69,46,92,92,85,100,100,8,12,100,42,12,8,8,15,62,54,38,54,54,23,54,54,54,54,85,31,77,38,96,31,54,77,15,12,23,62,54,77,100,92,31,92,Eredivisie
Cambuur,ears40cp6opsgvhsy0dgyszpd,90vny1388bdhx8103lp9njac4,J. Amofa,Jamal Amofa,27,Defender,Netherlands,Defender,104.0,85.0,11.0,189.0,3.0,17.0,8.0,3.0,262.0,0.0,4.0,7.0,0.0,4.0,1.0,0.0,0.0,5.0,5.0,0.0,0.0,0.0,1.0,4.0,0.0,0.0,0.0,89.57,50.0,0.0,80.0,0.0,50.0,50.0,100.0,0.0313329140961945,0.3011323733245989,1.0,8.0,0.17202591,2.0,27.0,24.0,0.5018115499999998,115.0,35.725190839694655,29.198473282442748,3.7786259541984735,64.92366412213741,1.0305343511450382,5.8396946564885495,2.748091603053436,1.0305343511450382,0.0,1.3740458015267176,2.404580152671756,0.0,1.3740458015267176,0.3435114503816794,0.0,0.0,1.717557251908397,1.717557251908397,0.0,0.0,0.0,0.3435114503816794,1.3740458015267176,0.0,0.0,0.0,89.57,50.0,0.0,80.0,0.0,50.0,50.0,100.0,0.0107632147658683,0.1034424183176103,0.3435114503816794,2.748091603053436,0.0590928698473282,0.6870229007633588,9.274809160305344,8.244274809160306,0.1723780133587785,39.50381679389313,CB,83,90,87,89,45,100,45,64,13,91,100,46,96,45,20,37,96,96,41,30,45,82,99,47,51,51,53,56,45,83,30,32,55,84,30,96,85,93,89,79,98,96,94,87,66,77,81,77,36,85,32,62,13,79,96,46,94,38,20,37,96,96,41,30,45,81,98,47,51,51,53,56,45,83,30,32,55,84,30,89,83,87,85,81,89,85,87,77,Eredivisie
Cambuur,ears40cp6opsgvhsy0dgyszpd,d2g3nqaeldjxd1um0o4k3unmc,S. Bouhoudane,Sami Bouhoudane,18,Attacker,Netherlands,Striker,11.0,11.0,0.0,22.0,4.0,5.0,0.0,0.0,197.0,7.0,1.0,0.0,0.0,1.0,6.0,5.0,0.0,0.0,0.0,0.0,1.0,0.0,1.0,0.0,0.0,0.0,0.0,61.11,0.0,0.0,0.0,16.67,35.71,40.0,0.0,0.7120566915065398,0.051636039209458,0.0,0.0,0.0,0.0,1.0,1.0,0.02425282,6.0,5.025380710659898,5.025380710659898,0.0,10.050761421319796,1.8274111675126905,2.284263959390863,0.0,0.0,3.197969543147208,0.4568527918781725,0.0,0.0,0.4568527918781725,2.741116751269036,2.284263959390863,0.0,0.0,0.0,0.0,0.4568527918781725,0.0,0.4568527918781725,0.0,0.0,0.0,0.0,61.11,0.0,0.0,0.0,16.67,35.71,40.0,0.0,0.3253050874902973,0.0235900686743716,0.0,0.0,0.0,0.0,0.4568527918781725,0.4568527918781725,0.0110799685279187,2.741116751269036,ST,53,19,24,32,58,26,18,39,29,32,31,40,26,69,71,18,11,10,23,34,40,56,19,52,52,52,6,24,40,19,23,29,53,31,74,19,13,16,16,23,50,37,26,37,58,19,24,23,55,13,18,39,26,29,31,40,19,68,61,18,11,10,23,26,40,48,19,52,52,52,6,24,40,19,23,29,53,31,61,16,13,16,16,23,45,35,29,32,Eredivisie
Cambuur,ears40cp6opsgvhsy0dgyszpd,em7ie3i4w6bt476naq80umcd0,S. Vink,Skye Vink,20,Attacker,Netherlands,Striker,22.0,14.0,2.0,36.0,5.0,13.0,1.0,1.0,202.0,5.0,2.0,2.0,0.0,2.0,3.0,1.0,2.0,4.0,4.0,0.0,0.0,0.0,2.0,4.0,0.0,0.0,0.0,76.6,100.0,0.0,100.0,0.0,54.17,50.0,100.0,0.2046965781731011,0.1916984018548124,1.0,1.0,0.02401521,2.0,0.0,1.0,0.0980008699999999,7.0,9.801980198019802,6.237623762376238,0.8910891089108911,16.03960396039604,2.227722772277228,5.792079207920792,0.4455445544554455,0.4455445544554455,2.227722772277228,0.8910891089108911,0.8910891089108911,0.0,0.8910891089108911,1.3366336633663367,0.4455445544554455,0.8910891089108911,1.7821782178217822,1.7821782178217822,0.0,0.0,0.0,0.8910891089108911,1.7821782178217822,0.0,0.0,0.0,76.6,100.0,0.0,100.0,0.0,54.17,50.0,100.0,0.0912014457206886,0.0854101790442233,0.4455445544554455,0.4455445544554455,0.0106998460396039,0.8910891089108911,0.0,0.4455445544554455,0.043663753960396,3.118811881188119,ST,90,37,85,77,66,76,42,85,16,48,82,40,52,21,13,82,56,56,23,11,40,81,84,52,52,52,58,89,40,95,11,77,69,89,19,65,45,40,40,74,18,37,65,44,94,32,87,68,68,77,35,84,13,45,87,40,50,10,10,81,58,58,23,11,40,79,81,52,52,52,58,89,40,95,11,77,69,89,13,65,45,39,35,74,18,32,58,39,Eredivisie
Cambuur,ears40cp6opsgvhsy0dgyszpd,epkss1rj7z6duqd3axbcm8l0q,N. Souren,Nicky Souren,26,Midfielder,Curaçao,Midfielder,32.0,74.0,7.0,105.0,3.0,12.0,5.0,4.0,270.0,2.0,4.0,2.0,1.0,5.0,2.0,1.0,0.0,1.0,1.0,0.0,2.0,1.0,1.0,1.0,0.0,0.0,0.0,86.07,87.5,100.0,100.0,100.0,75.0,0.0,50.0,0.1814952253488239,0.5227592675510779,1.0,9.0,0.18146081,5.0,9.0,14.0,0.37408383,59.0,10.666666666666666,24.666666666666668,2.333333333333333,35.0,1.0,4.0,1.6666666666666667,1.3333333333333333,0.6666666666666666,1.3333333333333333,0.6666666666666666,0.3333333333333333,1.6666666666666667,0.6666666666666666,0.3333333333333333,0.0,0.3333333333333333,0.3333333333333333,0.0,0.6666666666666666,0.3333333333333333,0.3333333333333333,0.3333333333333333,0.0,0.0,0.0,86.07,87.5,100.0,100.0,100.0,75.0,0.0,50.0,0.0604984084496079,0.1742530891836926,0.3333333333333333,3.0,0.0604869366666666,1.6666666666666667,3.0,4.666666666666667,0.12469461,19.666666666666668,CM/AM,85,85,96,85,85,83,76,96,30,80,69,81,72,31,39,22,28,26,35,65,43,41,43,52,52,52,52,93,94,91,96,96,30,44,37,74,48,72,63,78,65,81,59,89,56,67,85,67,72,52,72,93,26,65,54,74,54,26,30,22,19,19,35,52,26,22,33,52,52,52,52,93,94,91,96,96,30,44,37,63,37,59,48,67,52,74,48,74,Eredivisie
Heerenveen,4vd2t5schmvvufrfib7f2vjdf,412l28fqhx21ivpcxzn1kpilm,V. Zagaritis,Vasilios Zagaritis,25,Defender,Greece,Defender,44.0,42.0,2.0,83.0,5.0,13.0,11.0,3.0,270.0,4.0,1.0,1.0,0.0,4.0,0.0,0.0,0.0,5.0,5.0,0.0,0.0,3.0,0.0,4.0,0.0,0.0,0.0,93.26,100.0,27.27,80.0,0.0,59.09,62.5,33.33,0.0,0.2057505853341934,0.0,2.0,0.0469833199999999,1.0,7.0,9.0,0.20949664,34.0,14.666666666666666,14.0,0.6666666666666666,27.666666666666668,1.6666666666666667,4.333333333333333,3.6666666666666665,1.0,1.3333333333333333,0.3333333333333333,0.3333333333333333,0.0,1.3333333333333333,0.0,0.0,0.0,1.6666666666666667,1.6666666666666667,0.0,0.0,1.0,0.0,1.3333333333333333,0.0,0.0,0.0,93.26,100.0,27.27,80.0,0.0,59.09,62.5,33.33,0.0,0.0685835284447311,0.0,0.6666666666666666,0.0156611066666666,0.3333333333333333,2.333333333333333,3.0,0.0698322133333333,11.333333333333334,LB/LCB,75,65,25,68,100,90,82,65,70,25,20,35,60,18,22,30,90,90,52,48,72,38,100,50,52,52,100,100,40,80,48,70,85,18,20,30,32,48,55,52,52,72,40,62,65,55,10,55,95,70,62,52,65,15,12,35,52,18,22,30,75,75,52,48,60,38,100,50,52,52,100,100,40,80,48,70,85,18,20,30,32,42,50,48,40,55,30,48,Eredivisie
Heerenveen,4vd2t5schmvvufrfib7f2vjdf,5oghztk07za2yuqq4jnav22y2,M. Rivera,Maxence Rivera,24,Midfielder,France,Midfielder,9.0,25.0,3.0,34.0,0.0,3.0,1.0,1.0,98.0,12.0,2.0,0.0,0.0,0.0,8.0,6.0,2.0,3.0,3.0,1.0,4.0,0.0,2.0,0.0,0.0,0.0,0.0,89.47,75.0,0.0,0.0,50.0,33.33,0.0,0.0,0.7283716337506874,0.0,1.0,8.0,0.16025165,1.0,5.0,6.0,0.1077509,13.0,8.26530612244898,22.95918367346939,2.7551020408163267,31.22448979591837,0.0,2.7551020408163267,0.9183673469387756,0.9183673469387756,11.020408163265309,1.8367346938775515,0.0,0.0,0.0,7.346938775510205,5.510204081632653,1.8367346938775515,2.7551020408163267,2.7551020408163267,0.9183673469387756,3.673469387755103,0.0,1.8367346938775515,0.0,0.0,0.0,0.0,89.47,75.0,0.0,0.0,50.0,33.33,0.0,0.0,0.6689127248730803,0.0,0.9183673469387756,7.346938775510205,0.1471698826530612,0.9183673469387756,4.591836734693878,5.510204081632653,0.0989549081632653,11.938775510204083,LM/LCM,100,33,100,33,33,33,50,83,33,67,67,50,33,100,100,50,33,33,83,100,50,67,33,67,67,67,100,100,50,33,100,33,33,67,100,33,33,33,33,33,100,100,33,67,100,67,100,67,33,33,67,100,100,100,67,50,33,100,100,100,33,33,100,100,50,100,33,67,67,67,100,100,50,33,100,33,33,67,100,33,33,33,33,33,100,100,33,100,Eredivisie
Heerenveen,4vd2t5schmvvufrfib7f2vjdf,8jm8a7w3a5b5nzikcom7cvf2s,M. Willemsen,Maas Willemsen,23,Defender,Netherlands,Defender,144.0,77.0,14.0,221.0,3.0,10.0,7.0,2.0,270.0,1.0,3.0,3.0,0.0,0.0,1.0,1.0,0.0,0.0,0.0,0.0,1.0,0.0,0.0,0.0,1.0,0.0,0.0,93.25,66.67,0.0,0.0,100.0,66.67,60.0,75.0,0.1225273106342987,0.0,0.0,4.0,0.08252483,1.0,21.0,18.0,0.3762831399999998,129.0,48.0,25.666666666666668,4.666666666666667,73.66666666666667,1.0,3.333333333333333,2.333333333333333,0.6666666666666666,0.3333333333333333,1.0,1.0,0.0,0.0,0.3333333333333333,0.3333333333333333,0.0,0.0,0.0,0.0,0.3333333333333333,0.0,0.0,0.0,0.3333333333333333,0.0,0.0,93.25,66.67,0.0,0.0,100.0,66.67,60.0,75.0,0.0408424368780995,0.0,0.0,1.3333333333333333,0.0275082766666666,0.3333333333333333,7.0,6.0,0.1254277133333332,43.0,CB,100,87,94,96,45,57,38,49,35,79,72,46,30,45,59,37,27,27,41,76,45,36,37,97,51,51,83,87,45,37,93,88,74,55,45,30,37,71,72,69,90,86,87,94,99,68,94,89,30,26,24,37,27,62,54,46,30,32,45,37,27,27,41,64,45,36,37,95,51,51,83,87,45,37,93,88,74,55,38,30,37,68,70,65,81,77,74,79,Eredivisie
Heerenveen,4vd2t5schmvvufrfib7f2vjdf,8y6kxc66t4hurxuz4m4cm388a,L. Oyen,Luca Oyen,23,Attacker,Belgium,Striker,3.0,12.0,0.0,15.0,1.0,10.0,1.0,0.0,103.0,2.0,4.0,0.0,0.0,0.0,2.0,2.0,0.0,7.0,8.0,1.0,2.0,0.0,0.0,4.0,0.0,0.0,0.0,71.43,0.0,0.0,57.14,100.0,58.82,33.33,0.0,0.1760755305867176,0.0,0.0,2.0,0.05157833,2.0,0.0,1.0,0.02002383,3.0,2.621359223300971,10.485436893203884,0.0,13.106796116504857,0.8737864077669903,8.737864077669903,0.8737864077669903,0.0,1.7475728155339807,3.4951456310679614,0.0,0.0,0.0,1.7475728155339807,1.7475728155339807,0.0,6.116504854368932,6.990291262135923,0.8737864077669903,1.7475728155339807,0.0,0.0,3.4951456310679614,0.0,0.0,0.0,71.43,0.0,0.0,57.14,100.0,58.82,33.33,0.0,0.1538524053670348,0.0,0.0,1.7475728155339807,0.0450684436893203,1.7475728155339807,0.0,0.8737864077669903,0.0174965504854368,2.621359223300971,LW,18,18,23,18,45,50,73,27,9,77,18,32,14,18,36,23,55,68,82,73,32,18,73,55,55,55,27,23,32,73,100,82,68,18,18,14,18,23,27,45,18,18,9,18,18,45,23,27,55,91,73,27,9,100,18,32,14,36,64,23,91,91,91,91,32,18,91,55,55,55,27,23,32,73,100,82,68,18,36,14,18,27,27,73,18,18,9,18,Eredivisie
Heerenveen,4vd2t5schmvvufrfib7f2vjdf,9najgqcaamqj0qtiicuq9hey,R. Meerveld,Ringo Meerveld,23,Midfielder,Netherlands,Midfielder,17.0,46.0,3.0,62.0,0.0,12.0,1.0,0.0,208.0,9.0,4.0,1.0,0.0,6.0,3.0,1.0,0.0,10.0,10.0,0.0,1.0,1.0,2.0,7.0,0.0,0.0,0.0,86.11,100.0,100.0,70.0,33.33,60.0,0.0,100.0,0.2178448597322546,0.5375218615847602,2.0,11.0,0.3302090299999999,5.0,9.0,6.0,0.4218970999999999,38.0,7.355769230769232,19.90384615384616,1.2980769230769231,26.82692307692308,0.0,5.1923076923076925,0.4326923076923077,0.0,3.8942307692307696,1.7307692307692308,0.4326923076923077,0.0,2.5961538461538463,1.2980769230769231,0.4326923076923077,0.0,4.3269230769230775,4.3269230769230775,0.0,0.4326923076923077,0.4326923076923077,0.8653846153846154,3.028846153846154,0.0,0.0,0.0,86.11,100.0,100.0,70.0,33.33,60.0,0.0,100.0,0.0942597950764563,0.2325815747241751,0.8653846153846154,4.759615384615385,0.1428789072115384,2.1634615384615388,3.8942307692307696,2.5961538461538463,0.1825516298076923,16.442307692307693,CM/AM,37,63,52,52,20,83,33,19,78,80,41,37,83,46,39,22,96,96,35,41,43,70,96,52,52,52,56,98,94,70,43,81,30,91,48,81,70,85,85,78,65,43,70,67,26,52,44,41,20,78,26,19,63,89,33,37,78,41,37,22,89,89,35,41,37,67,100,52,52,52,56,98,94,70,43,81,30,91,44,70,63,78,81,78,59,33,56,67,Eredivisie
Heerenveen,4vd2t5schmvvufrfib7f2vjdf,a76yp8gkkg6frtuhh3d6l46i,D. Proper,Dirk Proper,24,Midfielder,Netherlands,Midfielder,64.0,60.0,1.0,123.0,3.0,8.0,10.0,4.0,246.0,2.0,1.0,1.0,0.0,1.0,3.0,0.0,1.0,2.0,2.0,0.0,1.0,1.0,3.0,2.0,0.0,0.0,0.0,85.42,16.67,100.0,100.0,33.33,47.06,60.0,50.0,0.2056102230954174,0.0731085883476802,0.0,1.0,0.02401521,2.0,4.0,2.0,0.3644298499999999,49.0,23.414634146341463,21.95121951219512,0.3658536585365853,45.0,1.0975609756097562,2.926829268292683,3.658536585365854,1.4634146341463414,0.7317073170731707,0.3658536585365853,0.3658536585365853,0.0,0.3658536585365853,1.0975609756097562,0.0,0.3658536585365853,0.7317073170731707,0.7317073170731707,0.0,0.3658536585365853,0.3658536585365853,1.0975609756097562,0.7317073170731707,0.0,0.0,0.0,85.42,16.67,100.0,100.0,33.33,47.06,60.0,50.0,0.0752232523519819,0.0267470445174439,0.0,0.3658536585365853,0.0087860524390243,0.7317073170731707,1.4634146341463414,0.7317073170731707,0.133327993902439,17.926829268292682,DM/CM,90,66,12,79,78,50,95,86,31,33,33,41,28,72,17,72,57,57,45,60,72,88,76,52,50,50,41,7,95,93,52,45,91,43,66,41,26,21,24,59,38,16,79,67,72,55,10,66,60,31,93,66,28,28,34,41,17,59,17,66,48,45,45,62,76,79,69,52,50,50,41,7,95,93,52,45,91,43,48,34,26,21,21,62,21,10,69,55,Eredivisie
Heerenveen,4vd2t5schmvvufrfib7f2vjdf,aqnr6l3f02hx0soadunxbjcpg,J. Trenskow,Jacob Trenskow,25,Attacker,Denmark,Striker,26.0,56.0,5.0,81.0,1.0,8.0,2.0,5.0,263.0,20.0,2.0,1.0,1.0,7.0,9.0,5.0,3.0,5.0,5.0,1.0,4.0,1.0,4.0,3.0,0.0,0.0,0.0,85.26,62.5,11.11,60.0,44.44,40.0,50.0,50.0,0.7557550846175557,0.6358824765732674,4.0,16.0,0.6280823299999999,11.0,6.0,13.0,0.2951148299999999,27.0,8.897338403041825,19.16349809885932,1.711026615969582,27.718631178707227,0.3422053231939164,2.737642585551331,0.6844106463878328,1.711026615969582,6.844106463878328,0.6844106463878328,0.3422053231939164,0.3422053231939164,2.3954372623574147,3.0798479087452475,1.711026615969582,1.0266159695817492,1.711026615969582,1.711026615969582,0.3422053231939164,1.3688212927756656,0.3422053231939164,1.3688212927756656,1.0266159695817492,0.0,0.0,0.0,85.26,62.5,11.11,60.0,44.44,40.0,50.0,50.0,0.2586234129869962,0.2176023684091029,1.3688212927756656,5.475285171102662,0.214933116730038,3.76425855513308,2.0532319391634983,4.448669201520913,0.1009898657794676,9.23954372623574,RW,92,85,96,92,42,31,73,100,92,42,46,88,92,85,81,85,46,46,88,100,38,85,54,54,54,54,62,77,31,69,77,38,69,58,85,77,88,85,100,100,69,100,62,85,92,62,85,77,23,23,69,92,85,23,31,85,85,69,46,77,23,23,77,85,23,69,46,54,54,54,62,77,31,69,77,38,69,58,62,77,69,85,85,100,69,85,46,62,Eredivisie
Heerenveen,4vd2t5schmvvufrfib7f2vjdf,ar7llmzju08n8yrqu8xm1thck,O. Braude,Oliver Braude,22,Defender,Norway,Defender,40.0,39.0,9.0,79.0,2.0,8.0,6.0,0.0,152.0,8.0,1.0,2.0,0.0,4.0,0.0,0.0,0.0,0.0,0.0,0.0,0.0,0.0,0.0,0.0,0.0,0.0,0.0,75.96,42.86,0.0,0.0,0.0,42.11,40.0,40.0,0.0,0.2990269126898777,0.0,5.0,0.12006157,3.0,7.0,9.0,0.1965483,39.0,23.68421052631579,23.09210526315789,5.328947368421052,46.776315789473685,1.1842105263157894,4.7368421052631575,3.5526315789473686,0.0,4.7368421052631575,0.5921052631578947,1.1842105263157894,0.0,2.3684210526315788,0.0,0.0,0.0,0.0,0.0,0.0,0.0,0.0,0.0,0.0,0.0,0.0,0.0,75.96,42.86,0.0,0.0,0.0,42.11,40.0,40.0,0.0,0.1770554088295328,0.0,2.960526315789474,0.0710890875,1.7763157894736843,4.144736842105263,5.328947368421052,0.1163772828947368,23.09210526315789,RB/RCB,65,69,92,54,42,35,54,19,81,35,27,42,92,15,19,31,19,19,54,38,27,31,38,54,54,54,31,65,27,38,38,23,46,23,23,85,50,85,85,81,77,77,54,62,77,77,92,85,62,69,62,19,92,38,38,42,92,15,19,31,19,19,54,38,27,31,38,54,54,54,31,65,27,38,38,23,46,23,23,92,50,85,85,85,92,92,69,85,Eredivisie
Heerenveen,4vd2t5schmvvufrfib7f2vjdf,c9shc6t28oroqthopifjvg9ux,D. Vente,Dylan Vente,27,Attacker,Suriname,Striker,13.0,28.0,0.0,41.0,9.0,13.0,6.0,0.0,270.0,9.0,4.0,0.0,0.0,2.0,6.0,3.0,1.0,1.0,1.0,0.0,3.0,0.0,3.0,0.0,0.0,0.0,0.0,69.49,0.0,0.0,0.0,50.0,50.0,60.0,0.0,0.5779540930991295,0.1542417945493935,0.0,3.0,0.15125383,1.0,0.0,0.0,0.0265181999999999,9.0,4.333333333333333,9.333333333333334,0.0,13.666666666666666,3.0,4.333333333333333,2.0,0.0,3.0,1.3333333333333333,0.0,0.0,0.6666666666666666,2.0,1.0,0.3333333333333333,0.3333333333333333,0.3333333333333333,0.0,1.0,0.0,1.0,0.0,0.0,0.0,0.0,69.49,0.0,0.0,0.0,50.0,50.0,60.0,0.0,0.1926513643663765,0.0514139315164645,0.0,1.0,0.0504179433333333,0.3333333333333333,0.0,0.0,0.0088393999999999,3.0,ST,71,82,24,81,94,76,100,39,45,76,31,40,52,69,34,52,29,26,23,71,40,95,19,52,52,52,35,24,40,19,69,61,82,31,52,52,13,61,74,55,18,15,29,52,45,65,24,52,82,48,92,39,18,58,31,40,32,37,23,35,23,19,23,52,40,85,19,52,52,52,35,24,40,19,69,61,82,31,35,39,13,53,68,45,18,15,23,35,Eredivisie
Heerenveen,4vd2t5schmvvufrfib7f2vjdf,e5hzt8nmhu2ktn69dsv67ga38,M. Linday,Marcus Linday,23,Midfielder,Sweden,Midfielder,78.0,105.0,2.0,182.0,1.0,6.0,9.0,6.0,270.0,2.0,2.0,1.0,0.0,5.0,1.0,1.0,0.0,4.0,4.0,0.0,1.0,1.0,0.0,2.0,0.0,0.0,0.0,90.1,40.0,50.0,50.0,100.0,33.33,25.0,100.0,0.0983064422327907,0.528470480347372,0.0,16.0,0.3223095,5.0,14.0,12.0,0.6486593300000002,81.0,26.0,35.0,0.6666666666666666,60.66666666666666,0.3333333333333333,2.0,3.0,2.0,0.6666666666666666,0.6666666666666666,0.3333333333333333,0.0,1.6666666666666667,0.3333333333333333,0.3333333333333333,0.0,1.3333333333333333,1.3333333333333333,0.0,0.3333333333333333,0.3333333333333333,0.0,0.6666666666666666,0.0,0.0,0.0,90.1,40.0,50.0,50.0,100.0,33.33,25.0,100.0,0.0327688140775969,0.1761568267824573,0.0,5.333333333333333,0.1074365,1.6666666666666667,4.666666666666667,4.0,0.2162197766666667,27.0,DM/CM,97,97,29,93,28,26,88,93,31,60,33,41,84,24,55,31,81,81,45,60,72,17,76,52,50,50,66,28,84,57,91,9,34,91,34,97,26,93,86,84,84,76,93,86,83,86,17,86,21,14,79,84,19,45,17,41,74,9,34,31,72,72,45,47,62,17,66,52,50,50,66,28,84,57,91,9,34,91,24,93,26,93,79,79,59,55,90,72,Eredivisie
Heerenveen,4vd2t5schmvvufrfib7f2vjdf,idvh0ac1f8wv39640pyl4esp,S. Kersten,Sam Kersten,28,Defender,Netherlands,Defender,124.0,64.0,9.0,187.0,1.0,7.0,16.0,3.0,263.0,0.0,0.0,5.0,1.0,1.0,2.0,0.0,0.0,0.0,0.0,0.0,0.0,1.0,2.0,0.0,0.0,0.0,0.0,90.78,56.25,100.0,0.0,0.0,58.33,33.33,83.33,0.1073377156732675,0.0918303345634804,2.0,4.0,0.07718564,1.0,14.0,11.0,0.3430734099999998,128.0,42.43346007604563,21.90114068441065,3.0798479087452475,63.99239543726236,0.3422053231939164,2.3954372623574147,5.475285171102662,1.0266159695817492,0.0,0.0,1.711026615969582,0.3422053231939164,0.3422053231939164,0.6844106463878328,0.0,0.0,0.0,0.0,0.0,0.0,0.3422053231939164,0.6844106463878328,0.0,0.0,0.0,0.0,90.78,56.25,100.0,0.0,0.0,58.33,33.33,83.33,0.0367315376828672,0.0314248293183012,0.6844106463878328,1.3688212927756656,0.0264133368821292,0.3422053231939164,4.790874524714829,3.76425855513308,0.1174015471482889,43.8022813688213,CB,98,77,78,87,14,33,87,64,13,17,97,96,73,73,20,37,27,27,41,30,93,95,37,47,51,51,70,76,100,37,30,72,26,65,38,79,99,71,70,69,73,63,81,90,89,62,70,74,9,13,72,60,13,17,85,94,74,62,20,37,27,27,41,30,94,91,37,47,51,51,70,76,100,37,30,72,26,65,36,77,96,72,68,68,68,60,72,81,Eredivisie
Sparta Rotterdam,89w5c6pw7vn0dxypi61tt0g4k,1pmoxunz3nw0ptd6g64maam7d,N. Þórisson,Nökkvi Thórisson,27,Attacker,Iceland,Striker,7.0,7.0,1.0,14.0,5.0,11.0,3.0,0.0,209.0,12.0,5.0,0.0,1.0,3.0,8.0,8.0,1.0,2.0,3.0,1.0,4.0,0.0,0.0,1.0,0.0,0.0,0.0,66.67,100.0,0.0,50.0,50.0,30.56,31.25,0.0,0.7835179664271874,0.1313021226964757,1.0,0.0,0.0,0.0,1.0,2.0,0.02941323,6.0,3.014354066985646,3.014354066985646,0.4306220095693779,6.028708133971292,2.15311004784689,4.7368421052631575,1.2918660287081338,0.0,5.167464114832535,2.15311004784689,0.0,0.4306220095693779,1.2918660287081338,3.444976076555024,3.444976076555024,0.4306220095693779,0.8612440191387559,1.2918660287081338,0.4306220095693779,1.7224880382775118,0.0,0.0,0.4306220095693779,0.0,0.0,0.0,66.67,100.0,0.0,50.0,50.0,30.56,31.25,0.0,0.3374000812365879,0.0565415839362814,0.4306220095693779,0.0,0.0,0.0,0.4306220095693779,0.8612440191387559,0.0126659842105263,2.583732057416268,ST,32,6,65,11,66,60,81,39,66,84,31,89,71,85,87,52,44,50,63,84,40,23,48,52,52,52,23,89,40,65,69,13,42,31,77,42,45,16,16,23,50,55,35,37,13,3,52,6,65,55,77,39,55,84,31,90,71,81,87,48,45,48,61,84,40,23,48,52,52,52,23,89,40,65,69,13,42,31,68,42,42,16,16,23,42,55,32,29,Eredivisie
Sparta Rotterdam,89w5c6pw7vn0dxypi61tt0g4k,1ueqcjuatzazpmz765tru4zdg,L. Martes,Lushendry Martes,18,Defender,Netherlands,Defender,32.0,47.0,9.0,74.0,8.0,19.0,7.0,3.0,270.0,4.0,3.0,3.0,0.0,9.0,0.0,0.0,0.0,4.0,4.0,0.0,0.0,5.0,0.0,1.0,0.0,0.0,0.0,77.89,56.25,55.56,25.0,0.0,50.0,80.0,42.86,0.0,0.8965470440919463,0.0,4.0,0.1109517199999999,1.0,10.0,10.0,0.7596759300000001,44.0,10.666666666666666,15.666666666666666,3.0,24.666666666666668,2.6666666666666665,6.333333333333333,2.333333333333333,1.0,1.3333333333333333,1.0,1.0,0.0,3.0,0.0,0.0,0.0,1.3333333333333333,1.3333333333333333,0.0,0.0,1.6666666666666667,0.0,0.3333333333333333,0.0,0.0,0.0,77.89,56.25,55.56,25.0,0.0,50.0,80.0,42.86,0.0,0.2988490146973154,0.0,1.3333333333333333,0.0369839066666666,0.3333333333333333,3.333333333333333,3.333333333333333,0.25322531,14.666666666666666,RM/RCM,100,100,100,100,100,75,75,88,50,75,62,38,100,25,25,25,50,50,38,38,100,38,38,62,62,62,50,50,100,25,38,62,100,25,25,100,38,50,50,38,100,100,100,100,100,75,100,75,100,75,75,75,50,75,50,38,75,25,25,25,50,50,38,38,75,38,25,62,62,62,50,50,100,25,38,62,100,25,25,75,38,50,50,25,100,75,75,100,Eredivisie
Sparta Rotterdam,89w5c6pw7vn0dxypi61tt0g4k,29q4j9r2lgdsdkkq2fgh8l7o4,Ayoni Santos,Ayoni Santos,21,Midfielder,Cabo Verde,Midfielder,21.0,53.0,8.0,70.0,2.0,18.0,3.0,0.0,257.0,14.0,4.0,1.0,0.0,2.0,7.0,5.0,2.0,14.0,15.0,0.0,2.0,4.0,2.0,6.0,0.0,0.0,0.0,84.34,61.54,40.0,42.86,28.57,46.15,33.33,16.67,0.5115604093072028,0.1425199554889954,3.0,13.0,0.37209748,5.0,11.0,17.0,0.4512246099999998,38.0,7.35408560311284,18.56031128404669,2.801556420233463,24.5136186770428,0.7003891050583657,6.303501945525292,1.050583657587549,0.0,4.90272373540856,1.4007782101167314,0.3501945525291828,0.0,0.7003891050583657,2.45136186770428,1.7509727626459144,0.7003891050583657,4.90272373540856,5.252918287937743,0.0,0.7003891050583657,1.4007782101167314,0.7003891050583657,2.1011673151750974,0.0,0.0,0.0,84.34,61.54,40.0,42.86,28.57,46.15,33.33,16.67,0.1791456686289815,0.0499097120389478,1.050583657587549,4.552529182879377,0.1303065105058365,1.7509727626459144,3.852140077821012,5.953307392996109,0.158016400389105,13.307392996108948,DM/CM,19,59,90,45,55,93,47,9,97,88,33,41,53,97,97,91,100,100,45,86,95,76,100,52,50,50,34,66,76,45,45,40,41,17,93,45,97,90,90,84,66,93,86,48,7,48,79,21,55,83,38,9,93,83,31,41,45,93,90,86,100,100,45,83,93,69,100,52,50,50,34,66,76,45,45,40,41,17,90,41,90,86,83,83,52,76,83,31,Eredivisie
Sparta Rotterdam,89w5c6pw7vn0dxypi61tt0g4k,4utx4h5jz14whtjawxn7ox0r8,N. Verschuren,Nick Verschuren,21,Defender,Netherlands,Defender,111.0,36.0,9.0,147.0,7.0,16.0,17.0,3.0,270.0,6.0,6.0,1.0,0.0,1.0,4.0,4.0,1.0,0.0,0.0,1.0,1.0,0.0,0.0,0.0,0.0,0.0,0.0,89.63,47.37,0.0,0.0,25.0,84.21,87.5,33.33,0.5579050213291662,0.0538692445798065,0.0,2.0,0.03682666,0.0,4.0,9.0,0.1637305999999999,87.0,37.0,12.0,3.0,49.0,2.333333333333333,5.333333333333333,5.666666666666667,1.0,2.0,2.0,0.3333333333333333,0.0,0.3333333333333333,1.3333333333333333,1.3333333333333333,0.3333333333333333,0.0,0.0,0.3333333333333333,0.3333333333333333,0.0,0.0,0.0,0.0,0.0,0.0,89.63,47.37,0.0,0.0,25.0,84.21,87.5,33.33,0.1859683404430554,0.0179564148599354,0.0,0.6666666666666666,0.0122755533333333,0.0,1.3333333333333333,3.0,0.0545768666666666,29.0,CB,90,50,78,77,84,98,90,64,99,98,26,46,73,96,99,85,27,27,90,76,45,36,37,47,51,51,55,46,45,37,61,100,100,14,96,64,37,57,51,32,39,60,49,72,73,28,63,44,71,74,76,50,89,94,12,46,64,85,91,80,27,27,85,64,45,36,37,47,51,51,55,46,45,37,61,100,100,14,96,62,37,49,45,32,32,52,36,55,Eredivisie
Sparta Rotterdam,89w5c6pw7vn0dxypi61tt0g4k,536qjh4gcmpo5q68ti87e60kq,S. Mito,Shunsuke Mito,23,Attacker,Japan,Striker,22.0,20.0,2.0,41.0,0.0,8.0,3.0,2.0,243.0,7.0,4.0,2.0,2.0,4.0,0.0,0.0,0.0,3.0,3.0,0.0,0.0,1.0,0.0,0.0,0.0,0.0,0.0,82.0,100.0,20.0,0.0,0.0,47.06,0.0,50.0,0.0,0.2673603981441637,0.0,5.0,0.12267256,3.0,3.0,4.0,0.29854808,12.0,8.148148148148147,7.4074074074074066,0.7407407407407407,15.185185185185183,0.0,2.962962962962963,1.111111111111111,0.7407407407407407,2.592592592592593,1.4814814814814814,0.7407407407407407,0.7407407407407407,1.4814814814814814,0.0,0.0,0.0,1.111111111111111,1.111111111111111,0.0,0.0,0.3703703703703703,0.0,0.0,0.0,0.0,0.0,82.0,100.0,20.0,0.0,0.0,47.06,0.0,50.0,0.0,0.0990223696830235,0.0,1.851851851851852,0.0454342814814814,1.111111111111111,1.111111111111111,1.4814814814814814,0.1105733629629629,4.444444444444444,LW,86,36,82,55,18,32,82,91,45,77,64,95,64,9,9,23,18,18,32,23,64,18,18,55,55,55,73,91,73,18,23,36,23,50,9,45,18,45,45,64,77,45,55,45,73,18,82,45,18,9,82,82,45,73,45,91,64,9,9,23,18,18,32,23,64,18,18,55,55,55,73,91,73,18,23,36,23,50,9,45,18,36,36,45,55,27,36,27,Eredivisie
Sparta Rotterdam,89w5c6pw7vn0dxypi61tt0g4k,5oqqifi0wo6xbjz0xjgwf89re,C. Terho,Casper Terho,23,Attacker,Finland,Striker,8.0,10.0,1.0,16.0,1.0,3.0,2.0,0.0,123.0,5.0,1.0,0.0,0.0,2.0,4.0,3.0,1.0,3.0,3.0,0.0,2.0,2.0,1.0,0.0,0.0,0.0,0.0,72.73,50.0,66.67,0.0,50.0,23.08,50.0,0.0,0.3672624395422304,0.181394384351738,2.0,3.0,0.0678373999999999,2.0,2.0,4.0,0.07291476,6.0,5.853658536585366,7.317073170731708,0.7317073170731707,11.707317073170731,0.7317073170731707,2.1951219512195124,1.4634146341463414,0.0,3.658536585365854,0.7317073170731707,0.0,0.0,1.4634146341463414,2.926829268292683,2.1951219512195124,0.7317073170731707,2.1951219512195124,2.1951219512195124,0.0,1.4634146341463414,1.4634146341463414,0.7317073170731707,0.0,0.0,0.0,0.0,72.73,50.0,66.67,0.0,50.0,23.08,50.0,0.0,0.268728614299193,0.1327275983061497,1.4634146341463414,2.1951219512195124,0.0496371219512194,1.4634146341463414,1.4634146341463414,2.926829268292683,0.0533522634146341,4.390243902439025,RW,23,8,46,8,42,15,73,27,35,23,15,42,38,38,46,35,19,19,38,73,65,27,15,54,54,54,31,65,100,15,85,15,69,15,46,31,38,27,23,50,46,27,15,15,46,8,54,15,62,15,77,27,46,38,15,42,46,62,85,54,46,46,38,92,85,31,15,54,54,54,31,65,100,15,85,15,69,15,69,46,77,38,31,54,54,46,15,15,Eredivisie
Sparta Rotterdam,89w5c6pw7vn0dxypi61tt0g4k,64kb0lmkr24rmh59hb01m268k,R. van Cruijsen,Robin van Cruijsen,20,Midfielder,Netherlands,Midfielder,14.0,16.0,1.0,29.0,1.0,5.0,2.0,0.0,126.0,7.0,0.0,1.0,0.0,1.0,5.0,2.0,1.0,1.0,2.0,1.0,1.0,1.0,3.0,0.0,0.0,0.0,0.0,82.86,50.0,16.67,0.0,20.0,41.67,0.0,25.0,1.2913294326209848,0.149544360500113,3.0,1.0,0.01870347,0.0,3.0,2.0,0.01799781,6.0,10.0,11.428571428571429,0.7142857142857143,20.714285714285715,0.7142857142857143,3.571428571428572,1.4285714285714286,0.0,5.0,0.0,0.7142857142857143,0.0,0.7142857142857143,3.571428571428572,1.4285714285714286,0.7142857142857143,0.7142857142857143,1.4285714285714286,0.7142857142857143,0.7142857142857143,0.7142857142857143,2.142857142857143,0.0,0.0,0.0,0.0,82.86,50.0,16.67,0.0,20.0,41.67,0.0,25.0,0.9223781661578464,0.1068174003572235,2.142857142857143,0.7142857142857143,0.0133596214285714,0.0,2.142857142857143,1.4285714285714286,0.0128555785714285,4.285714285714286,CM/AM,30,11,19,11,54,26,52,19,70,13,41,37,15,70,57,56,28,43,80,41,43,85,17,52,52,52,37,50,31,17,26,43,30,30,100,41,85,20,19,9,26,13,11,11,52,22,22,30,59,33,59,19,76,13,59,37,26,89,70,67,41,48,93,56,50,91,17,52,52,52,37,50,31,17,26,43,30,30,100,52,93,22,22,9,31,19,11,11,Eredivisie
Sparta Rotterdam,89w5c6pw7vn0dxypi61tt0g4k,6ydojoa3581jgszpjqj7i8zpx,B. Kuipers,Bas Kuipers,32,Defender,Netherlands,Defender,43.0,54.0,9.0,95.0,2.0,12.0,14.0,1.0,270.0,4.0,5.0,2.0,2.0,4.0,1.0,1.0,0.0,1.0,1.0,0.0,0.0,2.0,0.0,1.0,0.0,0.0,0.0,85.59,50.0,66.67,100.0,0.0,85.71,66.67,50.0,0.0972362887778155,0.3984366962242039,0.0,5.0,0.1212910899999999,0.0,16.0,16.0,0.8517891,61.0,14.333333333333334,18.0,3.0,31.666666666666668,0.6666666666666666,4.0,4.666666666666667,0.3333333333333333,1.3333333333333333,1.6666666666666667,0.6666666666666666,0.6666666666666666,1.3333333333333333,0.3333333333333333,0.3333333333333333,0.0,0.3333333333333333,0.3333333333333333,0.0,0.0,0.6666666666666666,0.0,0.3333333333333333,0.0,0.0,0.0,85.59,50.0,66.67,100.0,0.0,85.71,66.67,50.0,0.0324120962592718,0.1328122320747346,0.0,1.6666666666666667,0.0404303633333332,0.0,5.333333333333333,5.333333333333333,0.2839297,20.33333333333333,LB/LCB,70,75,100,80,68,82,90,32,70,90,50,95,60,45,57,30,32,32,52,48,60,38,55,50,52,52,75,65,100,92,48,92,95,35,55,60,32,70,65,22,95,90,100,85,60,70,95,75,55,62,85,25,65,85,35,90,52,35,45,30,25,25,52,48,55,38,42,50,52,52,75,65,100,92,48,92,95,35,55,50,32,65,65,22,90,85,85,85,Eredivisie
Sparta Rotterdam,89w5c6pw7vn0dxypi61tt0g4k,ass524umdrpsq324wksaqef4k,M. Young,Marvin Young,20,Defender,Netherlands,Defender,69.0,28.0,9.0,97.0,2.0,11.0,13.0,0.0,259.0,4.0,2.0,4.0,0.0,0.0,3.0,2.0,0.0,0.0,0.0,2.0,2.0,0.0,1.0,0.0,0.0,0.0,0.0,87.39,64.29,0.0,0.0,66.67,55.0,40.0,57.14,0.4072847514603641,0.0,0.0,2.0,0.03932202,0.0,10.0,7.0,0.1928984699999999,50.0,23.976833976833976,9.72972972972973,3.1274131274131274,33.706563706563706,0.694980694980695,3.8223938223938223,4.517374517374518,0.0,1.38996138996139,0.694980694980695,1.38996138996139,0.0,0.0,1.0424710424710424,0.694980694980695,0.0,0.0,0.0,0.694980694980695,0.694980694980695,0.0,0.3474903474903475,0.0,0.0,0.0,0.0,87.39,64.29,0.0,0.0,66.67,55.0,40.0,57.14,0.1415275198124817,0.0,0.0,0.694980694980695,0.0136640223938223,0.0,3.474903474903475,2.4324324324324325,0.0670303563706563,17.374517374517374,CB,60,39,78,51,29,67,81,11,78,62,87,46,30,89,86,37,27,27,100,97,45,82,37,47,51,51,40,85,45,37,82,57,36,41,94,30,37,57,56,32,63,52,57,45,28,15,72,19,21,40,60,11,68,51,77,46,30,79,79,37,27,27,98,94,45,83,37,47,51,51,40,85,45,37,82,57,36,41,83,30,37,53,49,32,53,45,49,38,Eredivisie
Sparta Rotterdam,89w5c6pw7vn0dxypi61tt0g4k,byirjks50zw1eefkcy8p4hd5h,B. Martins Indi,Bruno Martins Indi,34,Defender,Netherlands,Defender,60.0,33.0,5.0,93.0,1.0,6.0,4.0,1.0,152.0,1.0,2.0,1.0,0.0,1.0,1.0,1.0,0.0,1.0,1.0,0.0,0.0,0.0,0.0,0.0,0.0,0.0,0.0,83.78,33.33,0.0,0.0,0.0,50.0,33.33,33.33,0.1172000514267382,0.0749520311920389,0.0,2.0,0.05365512,1.0,8.0,5.0,0.2584747799999999,52.0,35.526315789473685,19.539473684210527,2.960526315789474,55.06578947368421,0.5921052631578947,3.5526315789473686,2.3684210526315788,0.5921052631578947,0.5921052631578947,1.1842105263157894,0.5921052631578947,0.0,0.5921052631578947,0.5921052631578947,0.5921052631578947,0.0,0.5921052631578947,0.5921052631578947,0.0,0.0,0.0,0.0,0.0,0.0,0.0,0.0,83.78,33.33,0.0,0.0,0.0,50.0,33.33,33.33,0.0693947672921476,0.0443794921531809,0.0,1.1842105263157894,0.0317694789473684,0.5921052631578947,4.7368421052631575,2.960526315789474,0.1530442776315788,30.789473684210527,CB,49,44,52,47,14,24,20,32,35,62,26,46,73,45,59,37,70,68,41,30,45,36,37,47,51,51,28,23,45,37,30,32,26,14,40,72,37,57,62,69,56,45,70,48,64,55,57,60,13,36,28,32,40,72,28,46,85,51,68,37,74,72,41,30,45,36,37,47,51,51,28,23,45,37,30,32,26,14,51,79,37,64,74,74,66,49,83,68,Eredivisie
Sparta Rotterdam,89w5c6pw7vn0dxypi61tt0g4k,ely6vpyueden4b6ozfmspwgk5,J. Toornstra,Jens Toornstra,37,Midfielder,Netherlands,Midfielder,11.0,14.0,6.0,23.0,0.0,1.0,7.0,0.0,138.0,1.0,0.0,1.0,0.0,1.0,0.0,0.0,0.0,0.0,0.0,0.0,0.0,2.0,0.0,0.0,0.0,0.0,0.0,67.65,40.0,66.67,0.0,0.0,12.5,0.0,100.0,0.0,0.1359390638323277,0.0,0.0,0.0,0.0,5.0,5.0,0.08695776,12.0,7.173913043478261,9.130434782608695,3.913043478260869,14.999999999999998,0.0,0.6521739130434783,4.565217391304348,0.0,0.6521739130434783,0.0,0.6521739130434783,0.0,0.6521739130434783,0.0,0.0,0.0,0.0,0.0,0.0,0.0,1.3043478260869563,0.0,0.0,0.0,0.0,0.0,67.65,40.0,66.67,0.0,0.0,12.5,0.0,100.0,0.0,0.0886559111949963,0.0,0.0,0.0,0.0,3.260869565217391,3.260869565217391,0.0567115826086956,7.826086956521738,CM/AM,19,7,87,7,20,4,91,19,17,13,41,37,15,6,15,22,9,9,35,13,70,11,17,52,52,52,11,26,83,17,13,4,30,91,7,37,19,9,9,9,39,37,15,15,22,11,96,11,20,4,100,19,22,13,48,37,22,6,15,22,9,9,35,13,74,11,17,52,52,52,11,26,83,17,13,4,30,91,7,44,19,9,9,9,56,44,22,22,Eredivisie
Sparta Rotterdam,89w5c6pw7vn0dxypi61tt0g4k,f07qmqesi1rpw7eapoz9rb0gk,J. Baas,Julian Baas,24,Midfielder,Netherlands,Midfielder,45.0,37.0,10.0,79.0,3.0,7.0,5.0,2.0,171.0,0.0,1.0,2.0,0.0,2.0,1.0,0.0,0.0,1.0,1.0,0.0,0.0,3.0,1.0,0.0,0.0,0.0,0.0,89.77,71.43,33.33,0.0,0.0,53.85,75.0,66.67,0.0700003020343871,0.2338903876309633,0.0,4.0,0.07556862,1.0,8.0,8.0,0.3802833099999999,29.0,23.68421052631579,19.473684210526315,5.2631578947368425,41.578947368421055,1.5789473684210529,3.68421052631579,2.631578947368421,1.0526315789473684,0.0,0.5263157894736842,1.0526315789473684,0.0,1.0526315789473684,0.5263157894736842,0.0,0.0,0.5263157894736842,0.5263157894736842,0.0,0.0,1.5789473684210529,0.5263157894736842,0.0,0.0,0.0,0.0,89.77,71.43,33.33,0.0,0.0,53.85,75.0,66.67,0.0368422642286247,0.1231002040162964,0.0,2.1052631578947367,0.0397729578947368,0.5263157894736842,4.2105263157894735,4.2105263157894735,0.2001491105263157,15.263157894736842,CM/AM,100,46,100,72,85,41,76,81,6,33,69,37,37,17,15,22,28,26,35,13,85,41,17,52,52,52,85,81,46,17,13,67,100,67,22,52,19,35,33,26,56,59,63,52,100,44,100,70,85,41,85,81,6,33,70,37,33,11,15,22,30,30,35,13,85,41,17,52,52,52,85,81,46,17,13,67,100,67,19,56,19,41,37,26,63,70,63,52,Eredivisie
Telstar,zjawy6qdzk3y69v5pa3zl2cb,1vn6w1mjdztfks75bxn0hk7x0,S. Hetli,Soufiane Hetli,25,Attacker,Netherlands,Striker,10.0,26.0,3.0,34.0,1.0,16.0,1.0,0.0,153.0,13.0,5.0,3.0,0.0,0.0,5.0,5.0,1.0,14.0,15.0,0.0,1.0,2.0,0.0,6.0,0.0,0.0,0.0,69.39,60.0,16.67,42.86,20.0,53.33,0.0,75.0,0.5266930531217604,0.0,1.0,7.0,0.21863419,5.0,4.0,9.0,0.1674395399999998,15.0,5.882352941176471,15.294117647058824,1.7647058823529411,20.0,0.5882352941176471,9.411764705882351,0.5882352941176471,0.0,7.647058823529412,2.9411764705882355,1.7647058823529411,0.0,0.0,2.9411764705882355,2.9411764705882355,0.5882352941176471,8.23529411764706,8.823529411764707,0.0,0.5882352941176471,1.1764705882352942,0.0,3.5294117647058822,0.0,0.0,0.0,69.39,60.0,16.67,42.86,20.0,53.33,0.0,75.0,0.3098194430128002,0.0,0.5882352941176471,4.11764705882353,0.1286083470588235,2.9411764705882355,2.3529411764705883,5.294117647058823,0.0984938470588234,8.823529411764707,ST,47,77,92,74,29,90,42,39,74,84,94,40,6,53,71,52,97,97,23,34,90,23,97,52,52,52,32,68,81,56,26,74,13,74,48,8,45,90,90,94,84,90,77,84,71,84,97,81,29,97,39,39,87,97,97,40,6,74,77,65,97,97,23,39,90,23,94,52,52,52,32,68,81,56,26,74,13,74,52,8,58,87,90,97,94,95,81,87,Eredivisie
Telstar,zjawy6qdzk3y69v5pa3zl2cb,1zybkcmp40td92a6yg8sw9uga,T. Owusu,Tyrone Owusu,27,Midfielder,Netherlands,Midfielder,24.0,37.0,3.0,61.0,0.0,10.0,2.0,1.0,160.0,1.0,2.0,3.0,0.0,1.0,1.0,0.0,0.0,7.0,7.0,0.0,0.0,0.0,1.0,4.0,0.0,0.0,0.0,87.14,60.0,0.0,57.14,0.0,58.82,0.0,75.0,0.0407538649218068,0.0679487613410804,1.0,2.0,0.03996962,1.0,9.0,7.0,0.2122161799999999,41.0,13.5,20.8125,1.6875,34.3125,0.0,5.625,1.125,0.5625,0.5625,1.125,1.6875,0.0,0.5625,0.5625,0.0,0.0,3.9375,3.9375,0.0,0.0,0.0,0.5625,2.25,0.0,0.0,0.0,87.14,60.0,0.0,57.14,0.0,58.82,0.0,75.0,0.0229240490185163,0.0382211782543577,0.5625,1.125,0.02248291125,0.5625,5.0625,3.9375,0.1193716012499999,23.0625,CM/AM,63,46,52,48,20,61,52,54,17,52,89,37,15,17,15,22,81,81,35,13,13,41,83,52,52,52,67,74,13,61,13,78,30,78,15,26,48,26,26,26,65,50,44,78,78,56,63,63,20,81,56,63,19,56,89,37,19,22,15,22,81,81,35,13,13,52,85,52,52,52,67,74,13,61,13,78,30,78,15,30,59,26,26,30,78,67,44,85,Eredivisie
Telstar,zjawy6qdzk3y69v5pa3zl2cb,4cbhx91p3l265b2cejzd07gbu,P. Brouwer,Patrick Brouwer,25,Attacker,Netherlands,Striker,11.0,17.0,0.0,28.0,0.0,5.0,4.0,0.0,180.0,6.0,3.0,0.0,1.0,4.0,1.0,1.0,0.0,5.0,5.0,1.0,1.0,0.0,0.0,2.0,0.0,0.0,0.0,68.29,0.0,0.0,40.0,100.0,31.25,0.0,0.0,0.1356439806771948,0.4369127498250275,0.0,6.0,0.2029470499999999,1.0,2.0,1.0,0.3615401799999998,11.0,5.5,8.5,0.0,14.0,0.0,2.5,2.0,0.0,3.0,1.5,0.0,0.5,2.0,0.5,0.5,0.0,2.5,2.5,0.5,0.5,0.0,0.0,1.0,0.0,0.0,0.0,68.29,0.0,0.0,40.0,100.0,31.25,0.0,0.0,0.0678219903385974,0.2184563749125137,0.0,3.0,0.1014735249999999,0.5,1.0,0.5,0.1807700899999999,5.5,ST,53,53,24,44,10,26,95,39,23,65,31,89,85,5,13,18,66,65,63,34,40,23,63,52,52,52,29,24,40,52,100,16,13,31,13,87,13,85,87,55,69,37,87,66,65,52,24,55,10,21,92,39,18,61,31,95,85,3,13,18,74,71,66,31,40,23,61,52,52,52,29,24,40,52,100,16,13,31,10,90,13,81,84,48,68,39,84,65,Eredivisie
Telstar,zjawy6qdzk3y69v5pa3zl2cb,7298ih73tkvadkl03l1liok8a,A. Soualhia,Abdelnour Soualhia,25,Defender,France,Defender,48.0,24.0,7.0,72.0,9.0,15.0,21.0,4.0,180.0,4.0,3.0,2.0,1.0,1.0,1.0,1.0,0.0,1.0,1.0,1.0,1.0,0.0,0.0,1.0,0.0,0.0,0.0,90.0,70.0,0.0,100.0,100.0,65.22,75.0,66.67,0.2362592734512271,0.1630559169827763,0.0,1.0,0.01685596,0.0,4.0,3.0,0.0642650499999999,40.0,24.0,12.0,3.5,36.0,4.5,7.5,10.5,2.0,2.0,1.5,1.0,0.5,0.5,0.5,0.5,0.0,0.5,0.5,0.5,0.5,0.0,0.0,0.5,0.0,0.0,0.0,90.0,70.0,0.0,100.0,100.0,65.22,75.0,66.67,0.1181296367256135,0.0815279584913881,0.0,0.5,0.00842798,0.0,2.0,1.5,0.0321325249999999,20.0,CB,35,28,64,34,91,89,99,77,78,79,54,96,73,45,59,37,70,68,90,76,45,36,82,47,51,51,57,89,45,93,93,85,90,49,79,87,37,41,36,32,39,35,30,40,30,28,77,27,96,95,99,89,89,87,54,98,80,45,62,37,66,65,89,76,45,36,86,47,51,51,57,89,45,93,93,85,90,49,77,85,37,39,36,32,37,32,28,40,Eredivisie
Telstar,zjawy6qdzk3y69v5pa3zl2cb,98qi4clazqen9kimkxt3jb6j9,M. Peersman,Marvin Peersman,35,Defender,Belgium,Defender,60.0,33.0,5.0,92.0,2.0,14.0,15.0,3.0,180.0,2.0,8.0,1.0,0.0,1.0,2.0,2.0,1.0,0.0,0.0,0.0,0.0,1.0,0.0,0.0,0.0,0.0,0.0,82.88,29.41,50.0,0.0,0.0,70.0,40.0,25.0,0.0,0.0,0.0,0.0,0.0,0.0,0.0,0.0,0.0,0.0,30.0,16.5,2.5,46.0,1.0,7.0,7.5,1.5,1.0,4.0,0.5,0.0,0.5,1.0,1.0,0.5,0.0,0.0,0.0,0.0,0.5,0.0,0.0,0.0,0.0,0.0,82.88,29.41,50.0,0.0,0.0,70.0,40.0,25.0,0.0,0.0,0.0,0.0,0.0,0.0,0.0,0.0,0.0,0.0,LB/LCB,95,60,85,75,68,95,95,65,45,100,20,35,18,75,85,78,12,12,52,48,32,38,20,50,52,52,60,30,82,20,48,85,52,10,20,10,32,20,20,22,10,10,10,10,100,65,90,90,75,100,100,80,50,100,25,35,20,85,95,85,12,12,52,48,45,38,20,50,52,52,60,30,82,20,48,85,52,10,20,10,32,20,20,22,10,10,10,10,Eredivisie
Telstar,zjawy6qdzk3y69v5pa3zl2cb,9lju80srwcwd1s6ezrjbk33tg,J. Seedorf,Jelani Seedorf,21,Attacker,Netherlands,Striker,6.0,8.0,0.0,14.0,2.0,5.0,3.0,0.0,154.0,6.0,0.0,1.0,0.0,1.0,3.0,2.0,1.0,8.0,9.0,0.0,0.0,0.0,1.0,1.0,0.0,0.0,0.0,77.78,0.0,0.0,12.5,0.0,16.67,13.33,50.0,0.2393321599858344,0.187026902219301,2.0,0.0,0.0,0.0,1.0,0.0,0.0080042699999998,4.0,3.5064935064935066,4.675324675324676,0.0,8.181818181818182,1.168831168831169,2.9220779220779223,1.7532467532467533,0.0,3.5064935064935066,0.0,0.5844155844155845,0.0,0.5844155844155845,1.7532467532467533,1.168831168831169,0.5844155844155845,4.675324675324676,5.25974025974026,0.0,0.0,0.0,0.5844155844155845,0.5844155844155845,0.0,0.0,0.0,77.78,0.0,0.0,12.5,0.0,16.67,13.33,50.0,0.1398694441475655,0.1093014363619291,1.168831168831169,0.0,0.0,0.0,0.5844155844155845,0.0,0.00467782012987,2.337662337662338,ST,26,11,24,11,45,26,81,39,23,13,68,40,26,21,23,52,89,90,23,11,40,56,48,52,52,52,68,24,40,39,11,3,26,63,23,61,73,16,16,23,50,15,16,18,26,10,24,13,48,35,87,39,32,13,71,40,26,26,29,61,84,87,23,11,40,58,58,52,52,52,68,24,40,39,11,3,26,63,19,68,87,16,16,23,58,15,16,26,Eredivisie
Telstar,zjawy6qdzk3y69v5pa3zl2cb,cp866ucakmwqiwxrstkaxwgt0,N. Rossen,Nils Rossen,22,Midfielder,Netherlands,Midfielder,25.0,41.0,3.0,66.0,1.0,7.0,0.0,2.0,154.0,0.0,2.0,1.0,0.0,0.0,1.0,0.0,1.0,2.0,2.0,0.0,0.0,0.0,1.0,1.0,0.0,0.0,0.0,91.67,75.0,0.0,50.0,0.0,50.0,50.0,25.0,0.0738960707757868,0.0,0.0,8.0,0.18269643,6.0,3.0,5.0,0.09103336,20.0,14.61038961038961,23.96103896103896,1.7532467532467533,38.57142857142858,0.5844155844155845,4.090909090909091,0.0,1.168831168831169,0.0,1.168831168831169,0.5844155844155845,0.0,0.0,0.5844155844155845,0.0,0.5844155844155845,1.168831168831169,1.168831168831169,0.0,0.0,0.0,0.5844155844155845,0.5844155844155845,0.0,0.0,0.0,91.67,75.0,0.0,50.0,0.0,50.0,50.0,25.0,0.0431860153884468,0.0,0.0,4.675324675324676,0.1067706409090909,3.5064935064935066,1.7532467532467533,2.9220779220779223,0.0532013142857142,11.688311688311687,DM/CM,28,48,47,34,28,38,10,48,5,60,33,41,7,24,17,72,57,57,45,22,31,52,55,52,50,50,83,81,31,57,22,50,72,21,24,14,26,76,66,93,26,31,28,28,45,62,52,52,29,48,10,55,5,72,38,41,7,34,17,74,66,66,45,22,31,62,55,52,50,50,83,81,31,57,22,50,72,21,31,14,26,90,76,97,31,34,28,24,Eredivisie
Telstar,zjawy6qdzk3y69v5pa3zl2cb,ewbakrn2dqmy062scjnz0pecp,Rui Mendes,Rui Jorge Monteiro Mendes,26,Attacker,Portugal,Striker,6.0,11.0,1.0,17.0,1.0,1.0,0.0,0.0,112.0,3.0,0.0,0.0,0.0,0.0,1.0,1.0,0.0,2.0,2.0,1.0,1.0,0.0,0.0,0.0,0.0,0.0,0.0,68.0,33.33,0.0,0.0,100.0,12.5,33.33,0.0,0.0,0.0,0.0,0.0,0.0,0.0,0.0,0.0,0.0,0.0,4.821428571428571,8.839285714285714,0.8035714285714286,13.660714285714285,0.8035714285714286,0.8035714285714286,0.0,0.0,2.4107142857142856,0.0,0.0,0.0,0.0,0.8035714285714286,0.8035714285714286,0.0,1.6071428571428572,1.6071428571428572,0.8035714285714286,0.8035714285714286,0.0,0.0,0.0,0.0,0.0,0.0,68.0,33.33,0.0,0.0,100.0,12.5,33.33,0.0,0.0,0.0,0.0,0.0,0.0,0.0,0.0,0.0,0.0,0.0,RW,12,15,46,15,42,8,27,27,23,12,15,42,12,12,23,15,8,8,88,42,12,12,15,54,54,54,15,42,12,15,96,8,46,15,8,12,12,8,8,12,19,8,8,8,31,31,62,31,77,8,27,27,23,12,15,42,12,15,31,15,15,15,100,69,12,12,15,54,54,54,15,42,12,15,96,8,46,15,8,12,12,8,8,12,19,8,8,8,Eredivisie
Telstar,zjawy6qdzk3y69v5pa3zl2cb,y1ky8sp8scl05mmfr7byy3md,J. Hardeveld,Jeff Hardeveld,31,Defender,Netherlands,Defender,13.0,25.0,2.0,36.0,0.0,3.0,4.0,2.0,154.0,1.0,1.0,1.0,0.0,1.0,0.0,0.0,0.0,0.0,0.0,0.0,0.0,2.0,0.0,0.0,0.0,0.0,0.0,73.47,20.0,33.33,0.0,0.0,33.33,0.0,50.0,0.0,0.0,0.0,0.0,0.0,0.0,0.0,0.0,0.0,0.0,7.597402597402597,14.61038961038961,1.168831168831169,21.03896103896104,0.0,1.7532467532467533,2.337662337662338,1.168831168831169,0.5844155844155845,0.5844155844155845,0.5844155844155845,0.0,0.5844155844155845,0.0,0.0,0.0,0.0,0.0,0.0,0.0,1.168831168831169,0.0,0.0,0.0,0.0,0.0,73.47,20.0,33.33,0.0,0.0,33.33,0.0,50.0,0.0,0.0,0.0,0.0,0.0,0.0,0.0,0.0,0.0,0.0,LB/LCB,20,45,25,20,15,5,28,48,28,25,20,35,18,18,22,30,12,12,52,48,60,38,20,50,52,52,20,10,52,20,48,10,18,35,20,10,32,20,20,22,10,10,10,10,20,60,45,30,15,5,40,65,35,35,30,35,25,18,22,30,12,12,52,48,65,38,20,50,52,52,20,10,52,20,48,10,18,35,20,10,32,20,20,22,10,10,10,10,Eredivisie
Willem II,bk5ltsueqmeng29eovd8m2tml,22alh32lu88yabxd4pl0opg5w,K. Boogaard,Kasper Boogaard,20,Midfielder,Netherlands,Midfielder,18.0,18.0,5.0,36.0,0.0,7.0,2.0,2.0,178.0,3.0,2.0,3.0,0.0,1.0,2.0,1.0,0.0,0.0,0.0,0.0,0.0,0.0,1.0,0.0,0.0,0.0,0.0,69.23,45.45,0.0,0.0,0.0,43.75,0.0,60.0,0.2552931012656766,0.0503676934581464,1.0,2.0,0.03301341,0.0,3.0,6.0,0.0862554999999999,17.0,9.101123595505618,9.101123595505618,2.528089887640449,18.202247191011235,0.0,3.539325842696629,1.0112359550561798,1.0112359550561798,1.5168539325842696,1.0112359550561798,1.5168539325842696,0.0,0.5056179775280899,1.0112359550561798,0.5056179775280899,0.0,0.0,0.0,0.0,0.0,0.0,0.5056179775280899,0.0,0.0,0.0,0.0,69.23,45.45,0.0,0.0,0.0,43.75,0.0,60.0,0.1290807815388252,0.0254668112990627,0.5056179775280899,1.0112359550561798,0.0166921735955056,0.0,1.5168539325842696,3.033707865168539,0.0436123314606741,8.595505617977528,DM/CM,14,17,69,10,9,38,36,48,53,60,69,41,28,55,55,31,17,16,45,22,31,52,21,52,50,50,10,41,31,21,22,24,17,60,76,31,66,31,28,19,26,40,24,21,14,10,69,10,9,45,34,41,52,62,76,41,24,52,55,31,17,16,45,22,31,55,21,52,50,50,10,41,31,21,22,24,17,60,72,31,69,28,24,19,24,40,21,17,Eredivisie
Willem II,bk5ltsueqmeng29eovd8m2tml,2s28r7f625hrj5fioyxn6apd5,A. Ciranni,Alessandro Ciranni,30,Defender,Belgium,Defender,18.0,6.0,2.0,24.0,3.0,6.0,4.0,2.0,159.0,1.0,2.0,1.0,0.0,0.0,0.0,0.0,0.0,0.0,0.0,0.0,0.0,0.0,0.0,0.0,0.0,0.0,0.0,61.54,22.22,0.0,0.0,0.0,54.55,60.0,100.0,0.0,0.0,0.0,0.0,0.0,0.0,0.0,0.0,0.0,0.0,10.18867924528302,3.39622641509434,1.1320754716981132,13.58490566037736,1.69811320754717,3.39622641509434,2.2641509433962264,1.1320754716981132,0.5660377358490566,1.1320754716981132,0.5660377358490566,0.0,0.0,0.0,0.0,0.0,0.0,0.0,0.0,0.0,0.0,0.0,0.0,0.0,0.0,0.0,61.54,22.22,0.0,0.0,0.0,54.55,60.0,100.0,0.0,0.0,0.0,0.0,0.0,0.0,0.0,0.0,0.0,0.0,CB,4,2,21,3,45,24,20,49,35,62,26,46,30,15,20,37,27,27,41,30,45,36,37,47,51,51,2,6,45,37,30,54,74,84,14,30,37,17,17,32,14,12,12,12,6,2,20,2,51,32,21,64,37,70,26,46,30,15,20,37,27,27,41,30,45,36,37,47,51,51,2,6,45,37,30,54,74,84,14,30,37,17,17,32,14,12,12,12,Eredivisie
Willem II,bk5ltsueqmeng29eovd8m2tml,3h7rkufywz6c2aye1l5b0ihp0,D. Haen,Devin Haen,22,Attacker,Netherlands,Striker,15.0,14.0,1.0,29.0,11.0,14.0,3.0,1.0,180.0,3.0,2.0,0.0,0.0,3.0,4.0,2.0,0.0,1.0,2.0,1.0,1.0,0.0,2.0,1.0,0.0,0.0,0.0,64.44,100.0,0.0,100.0,25.0,58.33,78.57,0.0,0.4600228796649108,0.3157723083995207,2.0,2.0,0.07361485,0.0,1.0,4.0,0.1647581699999999,8.0,7.5,7.0,0.5,14.5,5.5,7.0,1.5,0.5,1.5,1.0,0.0,0.0,1.5,2.0,1.0,0.0,0.5,1.0,0.5,0.5,0.0,1.0,0.5,0.0,0.0,0.0,64.44,100.0,0.0,100.0,25.0,58.33,78.57,0.0,0.2300114398324554,0.1578861541997603,1.0,1.0,0.036807425,0.0,0.5,2.0,0.0823790849999999,4.0,ST,81,37,65,50,97,81,81,85,10,48,31,40,71,37,23,18,29,40,63,34,40,81,48,52,52,52,13,89,40,95,31,84,94,31,35,81,73,53,52,23,50,79,74,48,81,39,56,58,100,87,81,89,10,48,31,40,74,37,23,18,32,44,66,31,40,85,52,52,52,52,13,89,40,95,31,84,94,31,42,84,76,53,58,23,48,77,71,45,Eredivisie
Willem II,bk5ltsueqmeng29eovd8m2tml,6db1q8hud1d8u2q3lxzfixzze,N. Tjoe-A-On,Nathan Tjoe-A-On,24,Defender,Indonesia,Defender,21.0,21.0,6.0,39.0,2.0,5.0,7.0,4.0,159.0,4.0,0.0,2.0,1.0,4.0,4.0,4.0,1.0,3.0,3.0,0.0,0.0,3.0,0.0,1.0,0.0,0.0,0.0,86.67,85.71,60.0,33.33,0.0,35.71,66.67,100.0,0.523325385059804,0.4190636120707703,0.0,0.0,0.0,0.0,8.0,7.0,0.66208482,24.0,11.88679245283019,11.88679245283019,3.39622641509434,22.07547169811321,1.1320754716981132,2.830188679245284,3.962264150943396,2.2641509433962264,2.2641509433962264,0.0,1.1320754716981132,0.5660377358490566,2.2641509433962264,2.2641509433962264,2.2641509433962264,0.5660377358490566,1.69811320754717,1.69811320754717,0.0,0.0,1.69811320754717,0.0,0.5660377358490566,0.0,0.0,0.0,86.67,85.71,60.0,33.33,0.0,35.71,66.67,100.0,0.2962219160715871,0.2372058181532662,0.0,0.0,0.0,0.0,4.528301886792453,3.962264150943396,0.3747649924528302,13.58490566037736,LB/LCB,35,18,95,25,68,10,57,88,70,8,50,78,60,100,100,78,75,70,52,48,72,38,55,50,52,52,85,95,90,48,48,15,95,90,100,65,32,20,20,22,62,50,80,45,50,40,100,35,80,30,75,100,75,8,65,85,90,100,100,95,80,80,52,48,80,38,65,50,52,52,85,95,90,48,48,15,95,90,100,75,32,20,20,22,80,75,100,70,Eredivisie
Willem II,bk5ltsueqmeng29eovd8m2tml,7s2zxbtepa7dgr8yl0s48afpw,F. Stam,Finn Stam,23,Defender,Netherlands,Defender,46.0,10.0,3.0,56.0,8.0,11.0,21.0,6.0,180.0,0.0,0.0,3.0,0.0,0.0,0.0,0.0,0.0,1.0,2.0,0.0,0.0,0.0,0.0,0.0,0.0,0.0,0.0,71.79,23.08,0.0,0.0,0.0,68.75,80.0,100.0,0.0,0.0,0.0,0.0,0.0,0.0,0.0,0.0,0.0,0.0,23.0,5.0,1.5,28.0,4.0,5.5,10.5,3.0,0.0,0.0,1.5,0.0,0.0,0.0,0.0,0.0,0.5,1.0,0.0,0.0,0.0,0.0,0.0,0.0,0.0,0.0,71.79,23.08,0.0,0.0,0.0,68.75,80.0,100.0,0.0,0.0,0.0,0.0,0.0,0.0,0.0,0.0,0.0,0.0,CB,32,9,32,17,88,67,99,95,13,17,72,46,30,15,20,37,70,88,41,30,45,36,37,47,51,51,6,9,45,37,30,94,97,84,14,30,37,17,17,32,14,12,12,12,23,9,30,15,94,79,99,98,13,17,79,46,30,15,20,37,66,87,41,30,45,36,37,47,51,51,6,9,45,37,30,94,97,84,14,30,37,17,17,32,14,12,12,12,Eredivisie
Willem II,bk5ltsueqmeng29eovd8m2tml,891zjrm0zjc2e3ebjx11p2y38,J. Slory,Jaden Slory,21,Attacker,Netherlands,Striker,6.0,17.0,0.0,20.0,2.0,10.0,0.0,0.0,179.0,5.0,6.0,1.0,0.0,3.0,5.0,2.0,4.0,4.0,4.0,0.0,1.0,3.0,3.0,1.0,0.0,0.0,0.0,74.07,0.0,37.5,25.0,20.0,33.33,18.18,100.0,0.4697226713089634,0.4050799007383024,4.0,2.0,0.0535479299999999,1.0,0.0,5.0,0.28457326,9.0,3.016759776536313,8.547486033519553,0.0,10.05586592178771,1.005586592178771,5.027932960893855,0.0,0.0,2.5139664804469275,3.016759776536313,0.5027932960893855,0.0,1.5083798882681565,2.5139664804469275,1.005586592178771,2.011173184357542,2.011173184357542,2.011173184357542,0.0,0.5027932960893855,1.5083798882681565,1.5083798882681565,0.5027932960893855,0.0,0.0,0.0,74.07,0.0,37.5,25.0,20.0,33.33,18.18,100.0,0.2361734101553447,0.2036714584717721,2.011173184357542,1.005586592178771,0.0269235402234636,0.5027932960893855,0.0,2.5139664804469275,0.1430815273743016,4.5251396648044695,RW,12,23,15,23,81,54,27,27,35,100,46,42,58,50,38,96,31,31,38,42,77,69,31,54,54,54,38,15,92,31,42,23,38,92,62,69,88,15,15,31,19,38,54,23,8,23,15,8,85,54,27,27,31,100,54,42,62,46,38,100,31,31,38,38,92,77,31,54,54,54,38,15,92,31,42,23,38,92,54,62,100,15,15,31,19,38,69,31,Eredivisie
Willem II,bk5ltsueqmeng29eovd8m2tml,c0jg71f4b82c4p36ospswh2c4,U. van Aalst,Uriel van Aalst,20,Midfielder,Netherlands,Midfielder,6.0,5.0,1.0,11.0,0.0,3.0,1.0,1.0,180.0,11.0,0.0,0.0,0.0,1.0,4.0,4.0,2.0,3.0,3.0,0.0,0.0,0.0,0.0,2.0,0.0,0.0,0.0,45.83,33.33,0.0,66.67,0.0,33.33,0.0,0.0,0.5834761631320551,0.0200959450749428,0.0,0.0,0.0,0.0,2.0,2.0,0.02929019,2.0,3.0,2.5,0.5,5.5,0.0,1.5,0.5,0.5,5.5,0.0,0.0,0.0,0.5,2.0,2.0,1.0,1.5,1.5,0.0,0.0,0.0,0.0,1.0,0.0,0.0,0.0,45.83,33.33,0.0,66.67,0.0,33.33,0.0,0.0,0.2917380815660275,0.0100479725374714,0.0,0.0,0.0,0.0,1.0,1.0,0.014645095,1.0,DM/CM,3,3,12,3,9,10,26,26,93,9,9,41,28,81,93,91,72,72,45,22,31,17,76,52,50,50,3,17,31,76,22,9,17,9,97,28,26,9,9,19,14,16,10,10,3,3,14,3,9,7,24,24,97,9,9,41,21,86,93,93,79,79,45,22,31,17,78,52,50,50,3,17,31,76,22,9,17,9,93,28,26,9,9,19,14,16,14,10,Eredivisie
Willem II,bk5ltsueqmeng29eovd8m2tml,c5woigtqvzrfnyn8p47umr310,P. van Loon,Per van Loon,21,Midfielder,Netherlands,Midfielder,18.0,9.0,3.0,27.0,0.0,7.0,9.0,3.0,158.0,1.0,0.0,4.0,0.0,2.0,1.0,1.0,1.0,1.0,2.0,0.0,0.0,0.0,0.0,1.0,0.0,0.0,0.0,87.1,100.0,0.0,100.0,0.0,50.0,0.0,66.67,0.1455466647297873,0.0952941082547677,0.0,1.0,0.02953272,1.0,4.0,2.0,0.04694535,11.0,10.253164556962023,5.1265822784810124,1.7088607594936709,15.379746835443038,0.0,3.987341772151898,5.1265822784810124,1.7088607594936709,0.569620253164557,0.0,2.278481012658228,0.0,1.139240506329114,0.569620253164557,0.569620253164557,0.569620253164557,0.569620253164557,1.139240506329114,0.0,0.0,0.0,0.0,0.569620253164557,0.0,0.0,0.0,87.1,100.0,0.0,100.0,0.0,50.0,0.0,66.67,0.0829063280106383,0.0542814540691714,0.0,0.569620253164557,0.0168224354430379,0.569620253164557,2.278481012658228,1.139240506329114,0.0267410221518987,6.265822784810126,RM/RCM,50,25,50,25,25,50,100,88,25,38,100,38,50,50,50,50,25,25,38,38,25,38,38,62,62,62,100,88,25,100,38,62,38,75,50,50,38,25,25,38,50,25,25,25,75,25,50,25,25,25,100,100,25,38,100,38,50,50,50,50,25,25,38,38,25,38,50,62,62,62,100,88,25,100,38,62,38,75,50,50,38,25,25,50,50,25,25,25,Eredivisie
Willem II,bk5ltsueqmeng29eovd8m2tml,cyn9r9vb8vea1gkyqzwruck4,E. Gürbüz,Eser Gürbüz,19,Attacker,Netherlands,Striker,8.0,13.0,1.0,20.0,0.0,5.0,1.0,1.0,145.0,1.0,3.0,0.0,0.0,2.0,1.0,0.0,1.0,8.0,8.0,0.0,0.0,1.0,1.0,2.0,0.0,0.0,0.0,76.92,50.0,50.0,25.0,0.0,41.67,0.0,0.0,0.0359622761968595,0.2307655445814153,1.0,6.0,0.13019934,2.0,1.0,2.0,0.0535014699999999,10.0,4.965517241379311,8.068965517241379,0.6206896551724138,12.413793103448276,0.0,3.103448275862069,0.6206896551724138,0.6206896551724138,0.6206896551724138,1.862068965517241,0.0,0.0,1.2413793103448276,0.6206896551724138,0.0,0.6206896551724138,4.965517241379311,4.965517241379311,0.0,0.0,0.6206896551724138,0.6206896551724138,1.2413793103448276,0.0,0.0,0.0,76.92,50.0,50.0,25.0,0.0,41.67,0.0,0.0,0.0223214128118438,0.1432337862919129,0.6206896551724138,3.724137931034482,0.0808133834482758,1.2413793103448276,0.6206896551724138,1.2413793103448276,0.0332078089655171,6.206896551724138,ST,40,24,65,29,10,26,42,85,5,65,31,40,52,5,5,52,89,87,23,11,84,56,63,52,52,52,61,60,98,48,11,42,13,31,6,74,45,85,68,74,50,55,42,56,52,48,74,48,10,39,42,94,3,74,31,40,68,6,5,68,87,84,23,11,87,61,74,52,52,52,61,60,98,48,11,42,13,31,6,77,61,84,77,81,61,65,52,74,Eredivisie
Willem II,bk5ltsueqmeng29eovd8m2tml,ip62fljz9ng6sil4krcq8dm1,J. Hoogma,Justin Hoogma,28,Defender,Netherlands,Defender,44.0,8.0,4.0,52.0,2.0,4.0,9.0,1.0,180.0,0.0,1.0,1.0,0.0,0.0,0.0,0.0,0.0,0.0,0.0,0.0,0.0,0.0,0.0,0.0,0.0,0.0,0.0,81.25,33.33,0.0,0.0,0.0,50.0,50.0,100.0,0.0,0.0,0.0,0.0,0.0,0.0,0.0,0.0,0.0,0.0,22.0,4.0,2.0,26.0,1.0,2.0,4.5,0.5,0.0,0.5,0.5,0.0,0.0,0.0,0.0,0.0,0.0,0.0,0.0,0.0,0.0,0.0,0.0,0.0,0.0,0.0,81.25,33.33,0.0,0.0,0.0,50.0,50.0,100.0,0.0,0.0,0.0,0.0,0.0,0.0,0.0,0.0,0.0,0.0,CB,30,5,43,13,29,14,51,32,13,43,26,46,30,15,20,37,27,27,41,30,45,36,37,47,51,51,19,23,45,37,30,32,55,84,14,30,37,17,17,32,14,12,12,12,20,4,40,13,30,10,57,26,13,41,21,46,30,15,20,37,27,27,41,30,45,36,37,47,51,51,19,23,45,37,30,32,55,84,14,30,37,17,17,32,14,12,12,12,Eredivisie
