Team,contestantId,playerId,Short Name,Player Name,Age,Position_x,Nationality,Position_y,total accurate back zone pass_Total,total accurate cross_Total,total accurate fwd zone pass_Total,total accurate long balls_Total,total accurate pass_Total,total aerial won_Total,total assists_Total,total att assist_Total,total attempt_Total,total attempts ibox_Total,total attempts obox_Total,total blocked scoring att_Total,total contest_Total,total dribbles attempted_Total,total duels won_Total,total effective clearance_Total,total goals_Total,total interception_Total,total mins played,total ontarget attempt_Total,total touches in opposition box_Total,total was fouled_Total,total won contest_Total,total won tackle_Total,total big chances saved_Total,total direct setpiece goals_Total,pass_success_pct_Total,long_balls_success_pct_Total,cross_success_pct_Total,dribble_success_pct_Total,attempt_success_pct_Total,duel_success_pct_Total,aerial_success_pct_Total,tackle_success_pct_Total,xG_Total,xA_Total,CreatedOwnShot_Total,Total Carries_Total,Total Carry xT_Total,Total Final Third Carries_Total,passes_into_final_third_Total,progressive_passes_Total,xT_pass_Total,forward_passes_Total,total accurate back zone pass_p90,total accurate cross_p90,total accurate fwd zone pass_p90,total accurate long balls_p90,total accurate pass_p90,total aerial won_p90,total assists_p90,total att assist_p90,total attempt_p90,total attempts ibox_p90,total attempts obox_p90,total blocked scoring att_p90,total contest_p90,total dribbles attempted_p90,total duels won_p90,total effective clearance_p90,total goals_p90,total interception_p90,total ontarget attempt_p90,total touches in opposition box_p90,total was fouled_p90,total won contest_p90,total won tackle_p90,total big chances saved_p90,total direct setpiece goals_p90,pass_success_pct_p90,long_balls_success_pct_p90,cross_success_pct_p90,dribble_success_pct_p90,attempt_success_pct_p90,duel_success_pct_p90,aerial_success_pct_p90,tackle_success_pct_p90,xG_p90,xA_p90,CreatedOwnShot_p90,Total Carries_p90,Total Carry xT_p90,Total Final Third Carries_p90,passes_into_final_third_p90,progressive_passes_p90,xT_pass_p90,forward_passes_p90,Pos.,total accurate back zone pass_TotalPR,total accurate cross_TotalPR,total accurate fwd zone pass_TotalPR,total accurate long balls_TotalPR,total accurate pass_TotalPR,total aerial won_TotalPR,total assists_TotalPR,total att assist_TotalPR,total attempt_TotalPR,total attempts ibox_TotalPR,total attempts obox_TotalPR,total blocked scoring att_TotalPR,total contest_TotalPR,total dribbles attempted_TotalPR,total duels won_TotalPR,total effective clearance_TotalPR,total goals_TotalPR,total interception_TotalPR,total ontarget attempt_TotalPR,total touches in opposition box_TotalPR,total was fouled_TotalPR,total won contest_TotalPR,total won tackle_TotalPR,total big chances saved_TotalPR,total direct setpiece goals_TotalPR,pass_success_pct_TotalPR,long_balls_success_pct_TotalPR,cross_success_pct_TotalPR,dribble_success_pct_TotalPR,attempt_success_pct_TotalPR,duel_success_pct_TotalPR,aerial_success_pct_TotalPR,tackle_success_pct_TotalPR,xG_TotalPR,xA_TotalPR,CreatedOwnShot_TotalPR,Total Carries_TotalPR,Total Carry xT_TotalPR,Total Final Third Carries_TotalPR,passes_into_final_third_TotalPR,progressive_passes_TotalPR,xT_pass_TotalPR,forward_passes_TotalPR,total accurate back zone pass_p90PR,total accurate cross_p90PR,total accurate fwd zone pass_p90PR,total accurate long balls_p90PR,total accurate pass_p90PR,total aerial won_p90PR,total assists_p90PR,total att assist_p90PR,total attempt_p90PR,total attempts ibox_p90PR,total attempts obox_p90PR,total blocked scoring att_p90PR,total contest_p90PR,total dribbles attempted_p90PR,total duels won_p90PR,total effective clearance_p90PR,total goals_p90PR,total interception_p90PR,total ontarget attempt_p90PR,total touches in opposition box_p90PR,total was fouled_p90PR,total won contest_p90PR,total won tackle_p90PR,total big chances saved_p90PR,total direct setpiece goals_p90PR,pass_success_pct_p90PR,long_balls_success_pct_p90PR,cross_success_pct_p90PR,dribble_success_pct_p90PR,attempt_success_pct_p90PR,duel_success_pct_p90PR,aerial_success_pct_p90PR,tackle_success_pct_p90PR,xG_p90PR,xA_p90PR,CreatedOwnShot_p90PR,Total Carries_p90PR,Total Carry xT_p90PR,Total Final Third Carries_p90PR,passes_into_final_third_p90PR,progressive_passes_p90PR,xT_pass_p90PR,forward_passes_p90PR,League
Aalesund,3impprc048nbz39w05s18c6yt,1242vj7llb0nr5t1zgdod905w,E. Osenbroch,Endre Osenbroch,22.0,Midfielder,Norway,Midfielder,67.0,5.0,169.0,11.0,231.0,1.0,3.0,32.0,28.0,10.0,18.0,13.0,35.0,36.0,52.0,8.0,5.0,5.0,1019.0,8.0,50.0,22.0,16.0,6.0,0.0,0.0,78.04,73.33,35.71,45.71,28.57,46.02,7.69,46.15,2.276377605027635,2.685203604968507,14.0,30.0,0.9059608399999995,15.0,27.0,38.0,1.79997,136.0,5.91756624141315,0.4416094210009813,14.926398429833167,0.9715407262021588,20.40235525024534,0.0883218842001962,0.2649656526005888,2.8263002944062805,2.4730127576054954,0.8832188420019627,1.5897939156035328,1.1481844946025517,3.0912659470068693,3.1795878312070656,4.592737978410206,0.7065750736015701,0.4416094210009813,0.4416094210009813,0.7065750736015701,4.416094210009813,1.9430814524043176,1.4131501472031402,0.5299313052011776,0.0,0.0,78.04,73.33,35.71,45.71,28.57,46.02,7.69,46.15,0.2010539592271709,0.237162241851978,1.2365063788027475,2.649656526005888,0.0800161684003925,1.324828263002944,2.384690873405299,3.356231599607458,0.1589767419038272,12.011776251226692,CM/AM,47,63,58,65,54,15,85,97,86,57,96,96,93,93,67,39,90,47,78,80,90,93,40,49,49,37,88,79,44,44,48,12,11,79,95,97,83,84,83,61,77,77,65,21,58,28,51,28,12,81,98,88,39,96,95,88,88,46,23,93,30,65,68,82,81,21,49,49,37,88,79,44,44,48,12,11,68,95,100,79,79,74,51,58,74,53,Eliteserien
Aalesund,3impprc048nbz39w05s18c6yt,244tacw12kwpim1z0rz0pky22,E. Engqvist,Emil Engqvist,27.0,Defender,Sweden,Defender,185.0,0.0,105.0,15.0,290.0,16.0,0.0,3.0,5.0,4.0,1.0,1.0,0.0,0.0,32.0,54.0,0.0,15.0,643.0,0.0,8.0,3.0,0.0,7.0,1.0,0.0,83.33,39.47,0.0,0.0,0.0,59.26,64.0,53.85,0.5702768057478844,0.1175090223112628,0.0,9.0,0.1793717699999999,3.0,21.0,21.0,0.5812176499999999,184.0,25.894245723172627,0.0,14.696734059097976,2.0995334370139966,40.5909797822706,2.2395023328149297,0.0,0.4199066874027993,0.6998444790046656,0.5598755832037324,0.1399688958009331,0.1399688958009331,0.0,0.0,4.479004665629859,7.558320373250388,0.0,2.0995334370139966,0.0,1.1197511664074649,0.4199066874027993,0.0,0.9797822706065318,0.1399688958009331,0.0,83.33,39.47,0.0,0.0,0.0,59.26,64.0,53.85,0.0798210148014146,0.0164476080995546,0.0,1.2597200622083982,0.0251064685847589,0.4199066874027993,2.939346811819596,2.939346811819596,0.0813523926905132,25.754276827371694,CB,49,37,38,46,44,54,42,65,58,61,63,56,11,10,46,65,40,84,21,52,30,17,52,87,51,26,30,37,17,21,65,78,29,62,41,29,51,46,44,37,37,41,48,35,37,19,37,24,56,42,71,65,63,67,62,11,10,48,94,40,92,21,54,24,17,68,87,51,26,30,37,17,21,65,78,29,68,44,29,54,51,48,35,30,37,40,Eliteserien
Aalesund,3impprc048nbz39w05s18c6yt,43anppywo7v1ydan12sq816ac,U. Charles,Uba Charles,23.0,Midfielder,Nigeria,Midfielder,88.0,19.0,200.0,8.0,269.0,12.0,2.0,22.0,14.0,13.0,1.0,4.0,78.0,82.0,98.0,37.0,0.0,15.0,1223.0,5.0,63.0,8.0,38.0,21.0,0.0,0.0,75.99,42.11,28.79,48.72,35.71,48.28,46.15,52.5,1.1402176257371452,2.113773720992264,3.0,43.0,1.4734065,21.0,15.0,27.0,2.26865497,119.0,6.4758789860997545,1.3982011447260834,14.717906786590351,0.588716271463614,19.795584627964026,0.8830744071954211,0.1471790678659035,1.6189697465249386,1.0302534750613246,0.9566639411283728,0.0735895339329517,0.294358135731807,5.739983646770237,6.034341782502044,7.211774325429272,2.722812755519215,0.0,1.1038430089942763,0.3679476696647588,4.636140637775961,0.588716271463614,2.7964022894521667,1.5453802125919869,0.0,0.0,75.99,42.11,28.79,48.72,35.71,48.28,46.15,52.5,0.0839080836601333,0.1555516229675419,0.2207686017988552,3.164349959116925,0.1084272976287816,1.5453802125919869,1.1038430089942763,1.9869174161896968,0.1669492618969746,8.75715453802126,CM/AM,65,90,70,54,65,81,73,86,54,69,22,59,100,100,98,100,23,90,59,91,41,100,93,49,49,25,37,63,51,67,54,57,25,49,86,57,95,95,94,42,54,86,60,28,82,26,26,23,61,61,67,23,44,16,26,100,100,86,93,23,81,39,77,19,100,68,49,49,25,37,63,51,67,54,57,25,23,70,37,89,86,84,16,25,81,19,Eliteserien
Aalesund,3impprc048nbz39w05s18c6yt,4v39shau9mp6me6c42p230nah,H. Hammer,Håkon Hammer,26.0,Midfielder,Norway,Midfielder,96.0,1.0,132.0,12.0,227.0,6.0,2.0,11.0,11.0,7.0,4.0,5.0,11.0,11.0,34.0,15.0,0.0,6.0,677.0,2.0,15.0,7.0,5.0,9.0,0.0,0.0,83.76,60.0,33.33,45.45,18.18,53.12,42.86,56.25,1.0293478250793044,0.9649903618470888,3.0,13.0,0.29741037,11.0,26.0,23.0,0.7670294400000001,126.0,12.76218611521418,0.1329394387001477,17.548005908419498,1.5952732644017726,30.17725258493353,0.7976366322008863,0.2658788774002954,1.4623338257016247,1.4623338257016247,0.930576070901034,0.5317577548005908,0.6646971935007385,1.4623338257016247,1.4623338257016247,4.519940915805022,1.994091580502216,0.0,0.7976366322008863,0.2658788774002954,1.994091580502216,0.930576070901034,0.6646971935007385,1.1964549483013294,0.0,0.0,83.76,60.0,33.33,45.45,18.18,53.12,42.86,56.25,0.1368409220932605,0.1282852770550044,0.3988183161004431,1.7282127031019203,0.0395375676514032,1.4623338257016247,3.4564254062038406,3.057607090103397,0.1019684632200886,16.750369276218613,DM/CM,28,50,34,45,31,47,97,76,69,79,50,76,72,69,48,53,29,31,50,72,40,62,45,48,48,31,84,71,59,45,52,52,48,69,79,48,47,45,83,38,34,38,38,17,48,31,38,21,41,100,97,83,79,62,86,76,76,55,48,29,24,52,76,45,69,55,48,48,31,84,71,59,45,52,52,48,83,93,52,52,52,97,38,28,48,41,Eliteserien
Aalesund,3impprc048nbz39w05s18c6yt,57d8deogl8yh6m7inliz3wfmc,S. Haram,Simen Haram,21.0,Defender,Norway,Defender,195.0,0.0,145.0,14.0,340.0,24.0,0.0,1.0,4.0,3.0,1.0,0.0,5.0,5.0,55.0,63.0,0.0,10.0,957.0,1.0,7.0,9.0,1.0,17.0,0.0,0.0,78.34,20.9,0.0,20.0,25.0,55.0,55.81,80.95,0.5131953156456875,0.0890551056711878,1.0,9.0,0.18813968,3.0,29.0,32.0,0.5732066499999997,198.0,18.338557993730408,0.0,13.636363636363637,1.316614420062696,31.974921630094045,2.2570532915360504,0.0,0.0940438871473354,0.3761755485893417,0.2821316614420063,0.0940438871473354,0.0,0.4702194357366771,0.4702194357366771,5.172413793103448,5.924764890282132,0.0,0.9404388714733544,0.0940438871473354,0.658307210031348,0.8463949843260189,0.0940438871473354,1.5987460815047023,0.0,0.0,78.34,20.9,0.0,20.0,25.0,55.0,55.81,80.95,0.0482628823491242,0.0083750883076352,0.0940438871473354,0.8463949843260189,0.0176933868338558,0.2821316614420063,2.7272727272727275,3.0094043887147337,0.0539065815047021,18.620689655172416,RB/RCB,67,6,38,42,42,92,27,6,23,38,23,8,38,38,58,88,29,50,38,27,60,17,60,38,52,46,8,6,15,56,58,75,92,38,8,31,23,21,25,50,54,17,54,62,6,12,33,46,79,27,4,12,25,21,8,25,21,54,96,29,46,38,8,42,12,54,38,52,46,8,6,15,56,58,75,92,25,4,29,17,8,8,25,25,4,58,Eliteserien
Aalesund,3impprc048nbz39w05s18c6yt,59et8sb520h3kfg20a0qavd3o,M. Haagensen Reed,Marcus Haagensen Reed,18.0,Attacker,Norway,Striker,15.0,0.0,47.0,1.0,62.0,14.0,1.0,9.0,16.0,13.0,3.0,3.0,10.0,10.0,28.0,3.0,3.0,0.0,449.0,6.0,28.0,3.0,6.0,3.0,0.0,0.0,79.49,50.0,0.0,60.0,37.5,41.18,41.18,60.0,1.7920769623558916,0.700037456353695,5.0,15.0,0.7610164799999999,2.0,3.0,2.0,0.2145407999999999,19.0,3.0066815144766146,0.0,9.420935412026726,0.2004454342984409,12.42761692650334,2.8062360801781736,0.2004454342984409,1.8040089086859687,3.207126948775056,2.6057906458797326,0.6013363028953229,0.6013363028953229,2.0044543429844097,2.0044543429844097,5.612472160356347,0.6013363028953229,0.6013363028953229,0.0,1.2026726057906458,5.612472160356347,0.6013363028953229,1.2026726057906458,0.6013363028953229,0.0,0.0,79.49,50.0,0.0,60.0,37.5,41.18,41.18,60.0,0.3592136450156575,0.1403193119639923,1.0022271714922049,3.0066815144766146,0.1525422788418708,0.4008908685968819,0.6013363028953229,0.4008908685968819,0.0430037238307349,3.8084632516703785,ST,20,21,27,27,21,60,61,60,38,48,44,33,36,36,33,21,62,15,40,32,12,50,39,50,50,85,54,21,93,48,60,55,50,45,60,57,74,86,29,29,12,19,21,17,21,50,29,38,76,76,95,90,86,67,67,57,52,71,36,95,15,81,76,12,86,67,50,50,85,54,21,93,48,60,55,50,79,88,83,93,95,43,38,10,29,36,Eliteserien
Aalesund,3impprc048nbz39w05s18c6yt,6fx5r6dpx906j16pisv670pnt,P. Aukland,Philip Aukland,27.0,Defender,Norway,Defender,116.0,0.0,66.0,8.0,182.0,10.0,0.0,1.0,2.0,2.0,0.0,0.0,3.0,3.0,20.0,35.0,0.0,4.0,385.0,0.0,3.0,2.0,2.0,5.0,0.0,0.0,79.13,25.81,0.0,66.67,0.0,50.0,50.0,83.33,0.2664411900971524,0.0,0.0,8.0,0.16677338,3.0,9.0,10.0,0.24917686,113.0,27.11688311688312,0.0,15.428571428571429,1.87012987012987,42.54545454545455,2.3376623376623376,0.0,0.2337662337662337,0.4675324675324675,0.4675324675324675,0.0,0.0,0.7012987012987013,0.7012987012987013,4.675324675324675,8.181818181818182,0.0,0.935064935064935,0.0,0.7012987012987013,0.4675324675324675,0.4675324675324675,1.1688311688311688,0.0,0.0,79.13,25.81,0.0,66.67,0.0,50.0,50.0,83.33,0.0622849535292044,0.0,0.0,1.87012987012987,0.0389859849350649,0.7012987012987013,2.103896103896104,2.3376623376623376,0.0582491361038961,26.415584415584416,CB,35,37,16,19,27,31,42,30,31,40,26,21,58,57,23,55,40,20,21,21,16,65,39,40,51,8,10,37,76,21,18,23,90,38,13,29,45,43,44,11,14,17,31,41,37,22,24,30,62,42,43,49,54,26,21,78,76,54,98,40,38,21,33,29,83,76,40,51,8,10,37,76,21,18,23,90,54,13,29,71,65,76,17,17,21,44,Eliteserien
Aalesund,3impprc048nbz39w05s18c6yt,828b7y3phhpb62srvtrjhtgk4,I. Djantou,Ivan Djantou,24.0,Attacker,Cameroon,Striker,4.0,0.0,13.0,1.0,17.0,13.0,1.0,4.0,7.0,6.0,1.0,2.0,6.0,6.0,21.0,5.0,1.0,1.0,238.0,3.0,13.0,4.0,2.0,1.0,0.0,0.0,65.38,100.0,0.0,33.33,42.86,40.38,43.33,33.33,1.7091074199684484,0.2460700552503312,0.0,1.0,0.06442595,0.0,0.0,2.0,0.25305052,5.0,1.512605042016807,0.0,4.915966386554622,0.3781512605042016,6.428571428571429,4.915966386554622,0.3781512605042016,1.512605042016807,2.647058823529412,2.26890756302521,0.3781512605042016,0.7563025210084033,2.26890756302521,2.26890756302521,7.9411764705882355,1.8907563025210083,0.3781512605042016,0.3781512605042016,1.134453781512605,4.915966386554622,1.512605042016807,0.7563025210084033,0.3781512605042016,0.0,0.0,65.38,100.0,0.0,33.33,42.86,40.38,43.33,33.33,0.6463011251981527,0.0930517015652513,0.0,0.3781512605042016,0.0243627542016806,0.0,0.0,0.7563025210084033,0.0956913731092437,1.8907563025210083,ST,2,21,6,27,5,52,61,25,15,14,17,21,21,20,24,46,31,37,24,10,15,24,19,50,50,19,95,21,32,62,52,64,20,38,14,5,6,12,8,5,12,24,5,2,21,7,55,5,95,95,88,71,71,40,86,74,69,95,83,69,62,71,50,83,62,38,50,50,19,95,21,32,62,52,64,20,98,67,5,7,21,8,5,33,76,5,Eliteserien
Aalesund,3impprc048nbz39w05s18c6yt,9ekhc0uvcelk125lc64unr5zo,M. Andresen,Marius Andresen,26.0,Defender,Norway,Defender,36.0,5.0,62.0,6.0,93.0,22.0,1.0,9.0,13.0,11.0,2.0,4.0,3.0,3.0,47.0,20.0,0.0,3.0,471.0,1.0,27.0,8.0,2.0,14.0,0.0,0.0,60.39,25.0,29.41,66.67,7.69,54.65,52.38,93.33,1.2204873878577016,1.053254987843948,4.0,9.0,0.3086056,3.0,7.0,7.0,1.12362289,38.0,6.8789808917197455,0.9554140127388536,11.847133757961783,1.1464968152866242,17.770700636942674,4.203821656050955,0.1910828025477706,1.7197452229299364,2.484076433121019,2.1019108280254777,0.3821656050955413,0.7643312101910827,0.5732484076433121,0.5732484076433121,8.980891719745223,3.821656050955414,0.0,0.5732484076433121,0.1910828025477706,5.159235668789809,1.5286624203821657,0.3821656050955413,2.6751592356687897,0.0,0.0,60.39,25.0,29.41,66.67,7.69,54.65,52.38,93.33,0.2332141505460576,0.2012589148746397,0.7643312101910827,1.7197452229299364,0.0589692229299363,0.5732484076433121,1.3375796178343948,1.3375796178343948,0.2147050108280254,7.261146496815287,RB/RCB,8,54,12,19,8,88,62,50,81,88,44,77,21,19,46,21,29,21,38,79,52,33,42,38,52,4,21,50,92,25,54,62,100,79,58,77,23,50,25,8,6,42,8,4,71,4,25,4,92,88,92,100,100,79,96,33,29,96,71,29,25,54,100,88,54,92,38,52,4,21,50,92,25,54,62,100,100,88,100,50,79,25,8,4,75,8,Eliteserien
Aalesund,3impprc048nbz39w05s18c6yt,9g3owudnlgr4ubsltc3ezq4us,K. Lonebu,Kristian Lonebu,20.0,Attacker,Norway,Striker,59.0,0.0,106.0,4.0,165.0,17.0,1.0,15.0,34.0,31.0,3.0,8.0,23.0,24.0,52.0,4.0,5.0,0.0,1272.0,19.0,77.0,21.0,10.0,3.0,0.0,0.0,76.39,57.14,0.0,43.48,55.88,34.9,28.33,75.0,3.483452658310416,1.1289103222848698,14.0,31.0,1.0464335399999998,13.0,8.0,14.0,0.4524562,49.0,4.1745283018867925,0.0,7.5,0.2830188679245283,11.674528301886792,1.2028301886792454,0.070754716981132,1.0613207547169812,2.405660377358491,2.1933962264150946,0.2122641509433962,0.5660377358490566,1.627358490566038,1.69811320754717,3.679245283018868,0.2830188679245283,0.3537735849056604,0.0,1.3443396226415094,5.44811320754717,1.4858490566037736,0.7075471698113208,0.2122641509433962,0.0,0.0,76.39,57.14,0.0,43.48,55.88,34.9,28.33,75.0,0.2464707069559256,0.0798757303503445,0.9905660377358492,2.1933962264150946,0.0740401089622641,0.919811320754717,0.5660377358490566,0.9905660377358492,0.0320134103773584,3.466981132075472,ST,71,21,67,61,71,69,61,90,87,94,44,89,77,76,73,33,81,15,96,95,88,73,39,50,50,71,60,21,64,90,26,17,82,76,83,99,94,95,94,58,73,52,57,33,21,33,36,31,40,48,60,48,69,24,62,40,43,29,14,62,15,90,64,81,57,21,50,50,71,60,21,64,90,26,17,82,45,57,81,81,81,83,36,50,19,29,Eliteserien
Aalesund,3impprc048nbz39w05s18c6yt,a4de7kgp5ivhwckmtv5htu162,E. Hagen,Elias Hagen,26.0,Midfielder,Norway,Midfielder,184.0,5.0,293.0,22.0,472.0,4.0,1.0,11.0,24.0,4.0,20.0,13.0,9.0,10.0,46.0,29.0,1.0,15.0,1305.0,6.0,20.0,12.0,6.0,12.0,0.0,0.0,80.27,42.31,50.0,66.67,25.0,46.46,21.05,50.0,1.74522447630837,0.9244932858866972,11.0,22.0,0.47047085,5.0,68.0,66.0,1.4759577400000004,299.0,12.689655172413794,0.3448275862068966,20.20689655172414,1.5172413793103448,32.55172413793103,0.2758620689655172,0.0689655172413793,0.7586206896551724,1.6551724137931034,0.2758620689655172,1.3793103448275863,0.896551724137931,0.6206896551724138,0.6896551724137931,3.1724137931034484,2.0,0.0689655172413793,1.0344827586206895,0.4137931034482758,1.3793103448275863,0.8275862068965517,0.4137931034482758,0.8275862068965517,0.0,0.0,80.27,42.31,50.0,66.67,25.0,46.46,21.05,50.0,0.120360308710922,0.0637581576473584,0.7586206896551724,1.5172413793103448,0.0324462655172413,0.3448275862068966,4.689655172413793,4.551724137931035,0.1017901889655172,20.620689655172413,DM/CM,66,83,83,66,69,31,72,76,95,59,100,100,59,62,62,79,74,71,93,79,72,69,60,48,48,17,28,97,83,53,24,31,26,93,76,97,79,76,45,86,90,72,83,14,72,38,28,31,21,59,69,86,45,100,97,31,31,10,52,66,34,83,66,28,52,17,48,48,17,28,97,83,53,24,31,26,76,62,93,45,41,24,72,72,45,59,Eliteserien
Aalesund,3impprc048nbz39w05s18c6yt,a8zxp4qf5nw7eumulk3z3d15g,M. Christensen,Mathias Christensen,24.0,Midfielder,Denmark,Midfielder,151.0,17.0,362.0,28.0,496.0,7.0,2.0,29.0,29.0,8.0,21.0,10.0,47.0,50.0,74.0,19.0,6.0,20.0,1282.0,14.0,25.0,16.0,22.0,18.0,0.0,1.0,78.11,43.08,18.28,46.81,48.28,42.05,31.82,62.07,1.8810702865416813,2.7189782873145973,13.0,26.0,0.6603402499999999,21.0,62.0,67.0,1.8111276000000016,243.0,10.600624024960998,1.1934477379095163,25.41341653666147,1.965678627145086,34.82059282371295,0.4914196567862715,0.140405616224649,2.0358814352574104,2.0358814352574104,0.561622464898596,1.4742589703588145,0.702028081123245,3.299531981279251,3.510140405616225,5.195007800312013,1.3338533541341655,0.421216848673947,1.40405616224649,0.982839313572543,1.7550702028081124,1.123244929797192,1.544461778471139,1.263650546021841,0.0,0.0702028081123245,78.11,43.08,18.28,46.81,48.28,42.05,31.82,62.07,0.1320564163718809,0.1908799109659233,0.9126365054602184,1.825273010920437,0.0463577398595943,1.4742589703588145,4.352574102964119,4.703588143525741,0.1271462433697349,17.059282371294852,CM/AM,81,86,91,95,86,53,73,95,88,51,98,92,96,96,86,82,95,98,95,49,80,96,81,49,99,39,39,42,47,82,35,26,40,65,96,95,76,74,94,95,94,79,89,56,77,79,86,75,37,54,88,70,30,95,74,91,93,58,61,91,88,86,19,46,89,61,49,100,39,39,42,47,82,35,26,40,39,82,89,46,42,79,82,79,56,82,Eliteserien
Aalesund,3impprc048nbz39w05s18c6yt,aa0ws04elgid17wmbkc2xe13o,U. Syversen,Ulrik Syversen,23.0,Defender,Norway,Defender,91.0,0.0,89.0,3.0,180.0,16.0,1.0,3.0,5.0,5.0,0.0,2.0,4.0,4.0,26.0,21.0,0.0,7.0,465.0,1.0,8.0,3.0,2.0,4.0,0.0,0.0,83.33,25.0,0.0,50.0,20.0,55.32,72.73,80.0,0.5008200932894725,0.1689828843028667,0.0,10.0,0.21662032,3.0,17.0,16.0,0.5125447399999999,111.0,17.612903225806452,0.0,17.225806451612904,0.5806451612903225,34.83870967741935,3.096774193548387,0.1935483870967742,0.5806451612903225,0.9677419354838708,0.9677419354838708,0.0,0.3870967741935484,0.7741935483870968,0.7741935483870968,5.032258064516129,4.064516129032258,0.0,1.3548387096774193,0.1935483870967742,1.5483870967741935,0.5806451612903225,0.3870967741935484,0.7741935483870968,0.0,0.0,83.33,25.0,0.0,50.0,20.0,55.32,72.73,80.0,0.0969329212818333,0.0327063647037806,0.0,1.935483870967741,0.0419265135483871,0.5806451612903225,3.290322580645161,3.096774193548387,0.0992022077419354,21.483870967741936,CB,20,37,29,6,21,54,90,65,58,70,26,81,70,69,33,30,40,40,54,52,30,65,33,40,51,26,8,37,59,53,41,94,84,54,56,29,56,52,44,32,31,32,27,13,37,32,2,13,79,98,81,86,92,26,95,79,79,63,30,40,78,71,75,44,78,41,40,51,26,8,37,59,53,41,94,84,75,65,29,76,71,67,41,35,52,25,Eliteserien
Aalesund,3impprc048nbz39w05s18c6yt,b9ci6tvq8ip7bzlqzlhw7irfu,J. Ørsahl,Jakob Ørsahl,25.0,Defender,Norway,Defender,39.0,10.0,99.0,4.0,128.0,2.0,2.0,14.0,4.0,2.0,2.0,2.0,2.0,2.0,22.0,12.0,1.0,3.0,471.0,1.0,16.0,2.0,1.0,11.0,0.0,0.0,75.29,28.57,34.48,50.0,25.0,52.38,28.57,64.71,0.2156194702849746,1.5707292168357316,0.0,13.0,0.36082298,12.0,16.0,17.0,1.5194968100000004,69.0,7.452229299363057,1.910828025477707,18.9171974522293,0.7643312101910827,24.458598726114648,0.3821656050955413,0.3821656050955413,2.6751592356687897,0.7643312101910827,0.3821656050955413,0.3821656050955413,0.3821656050955413,0.3821656050955413,0.3821656050955413,4.203821656050955,2.2929936305732483,0.1910828025477706,0.5732484076433121,0.1910828025477706,3.057324840764331,0.3821656050955413,0.1910828025477706,2.1019108280254777,0.0,0.0,75.29,28.57,34.48,50.0,25.0,52.38,28.57,64.71,0.0412011726659187,0.3001393407966366,0.0,2.484076433121019,0.0689470662420382,2.2929936305732483,3.057324840764331,3.248407643312102,0.2903497089171975,13.18471337579618,LB/LCB,9,70,17,11,13,11,87,74,37,43,43,52,13,13,17,17,76,24,39,50,13,17,50,41,50,17,17,78,61,52,39,17,57,26,78,15,35,43,57,20,13,43,13,13,83,39,9,17,22,100,96,52,57,48,74,13,13,26,35,91,26,52,74,22,22,96,41,50,17,17,78,61,52,39,17,57,43,91,15,52,52,83,39,30,87,26,Eliteserien
Aalesund,3impprc048nbz39w05s18c6yt,d25tgfdub6ec1k71zrdw5oob8,A. Kjelsen,Aleksander Kjelsen,20.0,Defender,Norway,Defender,348.0,0.0,159.0,25.0,507.0,19.0,0.0,0.0,6.0,6.0,0.0,4.0,3.0,3.0,49.0,64.0,0.0,12.0,1097.0,1.0,10.0,15.0,2.0,6.0,3.0,0.0,88.02,45.45,0.0,66.67,16.67,62.82,63.33,42.86,0.7835087531099585,0.0,1.0,5.0,0.11701871,1.0,22.0,27.0,0.5826992099999999,283.0,28.55059252506837,0.0,13.044667274384686,2.051048313582498,41.59525979945305,1.5587967183226985,0.0,0.0,0.4922515952597995,0.4922515952597995,0.0,0.3281677301731996,0.2461257976298997,0.2461257976298997,4.020054694621696,5.250683682771195,0.0,0.984503190519599,0.0820419325432999,0.8204193254329991,1.2306289881494987,0.1640838650865998,0.4922515952597995,0.2461257976298997,0.0,88.02,45.45,0.0,66.67,16.67,62.82,63.33,42.86,0.0642805722697322,0.0,0.0820419325432999,0.4102096627164995,0.0096004411121239,0.0820419325432999,1.804922515952598,2.215132178669098,0.0478057692798541,23.21786690975388,CB,67,37,49,61,63,60,42,12,69,79,26,98,58,57,68,73,40,71,54,58,94,65,44,99,51,65,52,37,76,48,76,73,8,76,13,69,33,37,24,39,47,43,60,51,37,11,32,29,32,42,12,51,56,26,89,49,48,38,48,40,49,51,40,79,54,22,97,51,65,52,37,76,48,76,73,8,56,13,68,25,25,22,14,14,11,29,Eliteserien
Aalesund,3impprc048nbz39w05s18c6yt,e68wsj3hgc96r9uzqz3wa16qy,D. Jóhannsson,Davíd Jóhannsson,24.0,Midfielder,Iceland,Midfielder,15.0,1.0,43.0,1.0,57.0,16.0,1.0,7.0,17.0,12.0,5.0,4.0,9.0,11.0,30.0,3.0,0.0,0.0,469.0,5.0,29.0,5.0,6.0,1.0,0.0,0.0,61.96,12.5,20.0,66.67,29.41,51.72,61.54,33.33,1.5904118822800648,0.7147055714862888,5.0,10.0,0.39656909,4.0,4.0,8.0,0.4917986,29.0,2.878464818763326,0.1918976545842217,8.251599147121535,0.1918976545842217,10.93816631130064,3.070362473347548,0.1918976545842217,1.343283582089552,3.2622601279317696,2.302771855010661,0.9594882729211088,0.767590618336887,1.7270788912579955,2.11087420042644,5.756929637526652,0.5756929637526652,0.0,0.0,0.9594882729211088,5.565031982942431,0.9594882729211088,1.1513859275053304,0.1918976545842217,0.0,0.0,61.96,12.5,20.0,66.67,29.41,51.72,61.54,33.33,0.3051963100324218,0.1371503228864946,0.9594882729211088,1.9189765458422168,0.0761006782515991,0.767590618336887,0.767590618336887,1.535181236673774,0.0943749978678038,5.565031982942431,CM/AM,9,35,11,9,12,91,50,32,66,63,73,59,36,44,35,18,23,5,59,62,27,49,4,49,49,4,4,45,85,48,70,96,4,58,35,68,32,49,28,11,15,28,13,4,40,4,5,4,96,72,42,100,96,86,82,54,61,74,14,23,5,84,88,37,75,4,49,49,4,4,45,85,48,70,96,4,95,60,93,51,74,40,5,12,39,9,Eliteserien
Aalesund,3impprc048nbz39w05s18c6yt,f2xpgtbb0ebfp250936anub1m,Ó. Guðmundsson,Ólafur Gudmundsson,24.0,Defender,Iceland,Defender,227.0,1.0,251.0,21.0,477.0,26.0,0.0,3.0,3.0,3.0,0.0,1.0,1.0,1.0,58.0,64.0,0.0,19.0,1110.0,0.0,6.0,5.0,0.0,15.0,0.0,0.0,80.44,29.17,7.69,0.0,0.0,56.31,53.06,55.56,0.3018383392926923,0.4342802616048646,0.0,11.0,0.23430898,9.0,66.0,63.0,1.2744530800000002,309.0,18.405405405405403,0.081081081081081,20.35135135135135,1.7027027027027026,38.67567567567568,2.108108108108108,0.0,0.2432432432432432,0.2432432432432432,0.2432432432432432,0.0,0.081081081081081,0.081081081081081,0.081081081081081,4.702702702702703,5.189189189189189,0.0,1.5405405405405406,0.0,0.4864864864864864,0.4054054054054054,0.0,1.2162162162162162,0.0,0.0,80.44,29.17,7.69,0.0,0.0,56.31,53.06,55.56,0.0244733788615696,0.0352119131030971,0.0,0.8918918918918919,0.0189980254054054,0.7297297297297297,5.351351351351351,5.108108108108108,0.1033340335135135,25.054054054054053,LB/LCB,70,11,52,65,61,96,30,13,26,52,15,39,4,4,78,91,30,87,17,13,30,4,72,41,50,43,22,9,4,17,78,74,22,43,26,15,30,26,33,83,74,30,87,48,9,43,39,61,87,30,13,26,43,15,35,4,4,52,91,30,100,17,13,26,4,43,41,50,43,22,9,4,17,78,74,22,26,17,15,17,17,26,78,57,9,78,Eliteserien
Aalesund,3impprc048nbz39w05s18c6yt,f4x4cca0arl9bykqnoc0my579,K. Nessø,Kristoffer Nessø,33.0,Midfielder,Norway,Midfielder,83.0,5.0,143.0,9.0,221.0,4.0,0.0,9.0,11.0,10.0,1.0,3.0,11.0,11.0,39.0,22.0,0.0,5.0,807.0,4.0,30.0,16.0,5.0,7.0,0.0,0.0,76.74,29.03,25.0,45.45,36.36,57.35,50.0,50.0,0.9740917944378288,1.173084753139653,5.0,19.0,0.54527008,8.0,17.0,15.0,1.4510988000000011,77.0,9.25650557620818,0.5576208178438662,15.947955390334572,1.003717472118959,24.646840148698885,0.4460966542750929,0.0,1.003717472118959,1.2267657992565055,1.1152416356877324,0.1115241635687732,0.3345724907063197,1.2267657992565055,1.2267657992565055,4.349442379182156,2.453531598513011,0.0,0.5576208178438662,0.4460966542750929,3.345724907063197,1.7843866171003715,0.5576208178438662,0.7806691449814126,0.0,0.0,76.74,29.03,25.0,45.45,36.36,57.35,50.0,50.0,0.1086347726138842,0.1308272958891806,0.5576208178438662,2.1189591078066914,0.060810789591078,0.8921933085501859,1.8959107806691449,1.6728624535315986,0.1618325799256506,8.58736059479554,CM/AM,60,63,49,57,51,36,18,40,44,57,22,46,46,44,44,90,23,47,50,65,80,39,45,49,49,28,11,52,42,68,88,70,18,42,61,68,64,67,60,52,40,67,40,46,61,40,53,39,28,18,23,30,51,19,33,33,30,35,91,23,37,47,51,79,42,26,49,49,28,11,52,42,68,88,70,18,30,51,68,61,65,51,35,18,75,18,Eliteserien
Aalesund,3impprc048nbz39w05s18c6yt,mzd294a5q050q1m3nuybwxsk,E. Myrlid,Elias Myrlid,24.0,Attacker,Norway,Striker,14.0,0.0,24.0,1.0,38.0,6.0,0.0,3.0,7.0,7.0,0.0,2.0,4.0,4.0,11.0,0.0,0.0,0.0,154.0,1.0,14.0,2.0,2.0,0.0,0.0,0.0,71.7,100.0,0.0,50.0,14.29,39.29,54.55,0.0,0.7090775542324342,0.2002511259629449,1.0,2.0,0.05508396,0.0,2.0,1.0,0.0271852699999999,8.0,8.181818181818182,0.0,14.025974025974026,0.5844155844155845,22.20779220779221,3.5064935064935066,0.0,1.7532467532467533,4.090909090909091,4.090909090909091,0.0,1.168831168831169,2.337662337662338,2.337662337662338,6.428571428571429,0.0,0.0,0.0,0.5844155844155845,8.181818181818182,1.168831168831169,1.168831168831169,0.0,0.0,0.0,71.7,100.0,0.0,50.0,14.29,39.29,54.55,0.0,0.4143959732527213,0.1170298788095132,0.5844155844155845,1.168831168831169,0.0321919246753246,0.0,1.168831168831169,0.5844155844155845,0.0158874954545453,4.675324675324676,ST,15,21,12,27,12,35,21,14,15,17,5,21,8,7,12,4,11,15,8,13,10,24,7,50,50,40,95,21,79,11,45,86,7,14,10,17,12,10,8,18,7,5,10,90,21,79,67,81,83,21,93,95,98,5,98,79,74,81,4,11,15,24,95,43,83,7,50,50,40,95,21,79,11,45,86,7,86,74,57,52,38,8,67,24,5,48,Eliteserien
Bodø / Glimt,ctvzi2jbl1q6xzq0s3sexj73g,16rhwnvicrl1e9xqw867zuxn9,H. Aleesami,Haitam Aleesami,35.0,Defender,Norway,Defender,486.0,0.0,659.0,60.0,1145.0,32.0,0.0,3.0,6.0,6.0,0.0,0.0,2.0,2.0,51.0,50.0,1.0,11.0,1040.0,2.0,13.0,4.0,1.0,11.0,1.0,0.0,92.19,63.83,0.0,50.0,33.33,59.3,59.26,78.57,0.8873128699595997,0.0587763410692224,0.0,63.0,1.324808439999999,35.0,191.0,195.0,2.274705839999998,754.0,42.05769230769231,0.0,57.02884615384615,5.1923076923076925,99.08653846153848,2.769230769230769,0.0,0.2596153846153846,0.5192307692307693,0.5192307692307693,0.0,0.0,0.173076923076923,0.173076923076923,4.413461538461538,4.326923076923077,0.0865384615384615,0.951923076923077,0.173076923076923,1.125,0.3461538461538461,0.0865384615384615,0.951923076923077,0.0865384615384615,0.0,92.19,63.83,0.0,50.0,33.33,59.3,59.26,78.57,0.0767866906695807,0.0050864141309904,0.0,5.451923076923077,0.1146468842307691,3.0288461538461537,16.528846153846153,16.875,0.1968495438461536,65.25,CB,86,37,98,97,98,79,42,65,69,79,26,21,43,43,71,63,87,64,75,67,42,44,78,87,51,95,100,37,59,71,67,62,81,83,30,29,98,98,98,98,98,94,97,92,37,97,98,98,73,42,48,56,60,26,21,41,40,44,33,86,40,68,56,14,43,62,86,51,95,100,37,59,71,67,62,81,67,29,29,97,97,98,100,100,95,98,Eliteserien
Bodø / Glimt,ctvzi2jbl1q6xzq0s3sexj73g,38qnvrvf3y1xs22tovwy21jv9,J. Gundersen,Jostein Gundersen,30.0,Defender,Norway,Defender,225.0,0.0,325.0,8.0,550.0,12.0,0.0,1.0,1.0,1.0,0.0,1.0,3.0,3.0,26.0,15.0,0.0,5.0,498.0,0.0,2.0,3.0,1.0,5.0,1.0,0.0,95.99,50.0,0.0,33.33,0.0,49.06,46.15,50.0,0.0780719848699375,0.0,0.0,52.0,1.1029796799999994,22.0,76.0,65.0,0.97646679,353.0,40.66265060240964,0.0,58.73493975903615,1.4457831325301205,99.39759036144578,2.1686746987951806,0.0,0.180722891566265,0.180722891566265,0.180722891566265,0.0,0.180722891566265,0.5421686746987951,0.5421686746987951,4.698795180722891,2.710843373493976,0.0,0.9036144578313252,0.0,0.3614457831325301,0.5421686746987951,0.180722891566265,0.9036144578313252,0.180722891566265,0.0,95.99,50.0,0.0,33.33,0.0,49.06,46.15,50.0,0.0141093948560128,0.0,0.0,9.397590361445785,0.1993336771084336,3.975903614457832,13.734939759036145,11.74698795180723,0.1764699018072289,63.795180722891565,CB,52,37,84,19,65,40,42,30,20,26,26,56,58,57,33,16,40,28,21,15,30,44,39,87,51,100,72,37,40,21,13,14,20,16,13,29,97,97,97,87,77,57,70,89,37,100,14,100,52,42,33,21,30,26,71,67,67,57,11,40,33,21,16,40,59,54,92,51,100,72,37,40,21,13,14,20,14,13,29,100,100,100,97,97,90,97,Eliteserien
Bodø / Glimt,ctvzi2jbl1q6xzq0s3sexj73g,3zg0pvrja75d3l44dq0lh4kb9,A. Helmersen,Andreas Helmersen,28.0,Attacker,Norway,Striker,13.0,0.0,47.0,0.0,60.0,25.0,1.0,5.0,26.0,25.0,1.0,2.0,13.0,13.0,40.0,12.0,6.0,3.0,525.0,13.0,52.0,7.0,3.0,3.0,1.0,0.0,76.92,0.0,0.0,23.08,50.0,43.96,51.02,60.0,3.916709642471981,0.4857731394370741,2.0,5.0,0.16660708,3.0,0.0,2.0,0.28576792,18.0,2.2285714285714286,0.0,8.057142857142857,0.0,10.285714285714286,4.285714285714286,0.1714285714285714,0.8571428571428572,4.457142857142857,4.285714285714286,0.1714285714285714,0.3428571428571428,2.2285714285714286,2.2285714285714286,6.857142857142858,2.0571428571428574,1.0285714285714287,0.5142857142857143,2.2285714285714286,8.914285714285715,1.2,0.5142857142857143,0.5142857142857143,0.1714285714285714,0.0,76.92,0.0,0.0,23.08,50.0,43.96,51.02,60.0,0.6714359387094825,0.0832753953320698,0.3428571428571428,0.8571428571428572,0.0285612137142857,0.5142857142857143,0.0,0.3428571428571428,0.0489887862857142,3.085714285714286,ST,12,21,27,10,19,81,61,36,70,81,17,21,48,43,60,75,90,61,82,71,42,33,39,100,50,74,10,21,14,80,71,79,50,86,45,30,26,26,42,5,12,29,18,7,21,38,10,21,93,67,43,98,100,14,19,69,67,86,90,100,74,98,100,49,24,50,100,50,74,10,21,14,80,71,79,50,100,60,26,40,31,50,5,7,38,19,Eliteserien
Bodø / Glimt,ctvzi2jbl1q6xzq0s3sexj73g,55ashhvkh23ypnct70f9dgvkl,U. Saltnes,Ulrik Saltnes,33.0,Midfielder,Norway,Midfielder,13.0,0.0,37.0,3.0,50.0,1.0,0.0,4.0,4.0,4.0,0.0,2.0,0.0,0.0,6.0,0.0,0.0,2.0,165.0,0.0,12.0,2.0,0.0,2.0,0.0,0.0,89.29,100.0,0.0,0.0,0.0,50.0,33.33,66.67,0.4459693160203854,0.3866621928600493,0.0,7.0,0.25421477,5.0,5.0,7.0,0.12750143,27.0,7.090909090909091,0.0,20.181818181818183,1.6363636363636365,27.27272727272728,0.5454545454545455,0.0,2.181818181818182,2.181818181818182,2.181818181818182,0.0,1.090909090909091,0.0,0.0,3.272727272727273,0.0,0.0,1.090909090909091,0.0,6.545454545454546,1.090909090909091,0.0,1.090909090909091,0.0,0.0,89.29,100.0,0.0,0.0,0.0,50.0,33.33,66.67,0.2432559905565738,0.210906650650936,0.0,3.8181818181818175,0.1386626018181818,2.7272727272727275,2.7272727272727275,3.8181818181818175,0.0695462345454545,14.727272727272728,CM/AM,7,14,9,26,8,15,18,19,20,34,7,29,2,2,4,3,23,25,11,32,12,4,12,49,49,91,97,14,4,11,61,31,59,23,21,8,18,30,36,13,11,5,9,33,14,60,79,49,44,18,93,79,93,7,93,2,2,12,3,23,79,11,93,42,4,47,49,49,91,97,14,4,11,61,31,59,82,86,8,91,95,98,61,68,19,63,Eliteserien
Bodø / Glimt,ctvzi2jbl1q6xzq0s3sexj73g,5hst73ivtxknjb3rrdivwygnp,S. Fet,Sondre Fet,29.0,Midfielder,Norway,Midfielder,83.0,3.0,237.0,9.0,317.0,5.0,1.0,19.0,18.0,14.0,4.0,4.0,24.0,25.0,51.0,9.0,4.0,9.0,993.0,10.0,79.0,13.0,9.0,20.0,0.0,0.0,89.55,75.0,42.86,37.5,55.56,51.52,38.46,83.33,1.938355914052616,1.8951331274806724,5.0,29.0,1.2105333999999996,9.0,28.0,33.0,2.2848861099999995,160.0,7.522658610271903,0.2719033232628399,21.48036253776435,0.8157099697885196,28.731117824773413,0.4531722054380664,0.0906344410876132,1.7220543806646529,1.6314199395770392,1.2688821752265862,0.3625377643504531,0.3625377643504531,2.175226586102719,2.2658610271903323,4.622356495468278,0.8157099697885196,0.3625377643504531,0.8157099697885196,0.9063444108761328,7.16012084592145,1.1782477341389728,0.8157099697885196,1.8126888217522656,0.0,0.0,89.55,75.0,42.86,37.5,55.56,51.52,38.46,83.33,0.1756818048990286,0.1717643317958313,0.4531722054380664,2.6283987915407856,0.1097160181268881,0.8157099697885196,2.5377643504531724,2.990936555891239,0.2070893755287008,14.501510574018129,CM/AM,60,49,74,57,72,43,50,76,72,75,64,59,82,82,65,46,83,72,88,93,71,72,89,49,49,94,89,92,28,95,68,39,95,70,82,68,81,89,67,64,64,88,72,39,47,68,40,53,32,46,74,47,63,49,39,72,70,47,30,88,54,79,96,49,58,81,49,49,94,89,92,28,95,68,39,95,51,79,63,77,88,42,56,53,84,58,Eliteserien
Bodø / Glimt,ctvzi2jbl1q6xzq0s3sexj73g,7dnxkce4kn8qchaavv6e4tm21,J. Hauge,Jens Petter Hauge,26.0,Midfielder,Norway,Midfielder,93.0,11.0,585.0,31.0,667.0,1.0,2.0,24.0,18.0,15.0,3.0,4.0,39.0,39.0,54.0,4.0,3.0,3.0,928.0,6.0,79.0,7.0,24.0,14.0,0.0,0.0,86.18,75.61,28.21,61.54,33.33,50.94,33.33,63.64,2.222459607545895,2.3704326751689773,3.0,114.0,3.3654242100000005,15.0,29.0,103.0,5.248429919999995,327.0,9.019396551724135,1.066810344827586,56.734913793103445,3.006465517241379,64.6875,0.0969827586206896,0.1939655172413793,2.327586206896552,1.7456896551724137,1.4547413793103448,0.2909482758620689,0.3879310344827586,3.782327586206896,3.782327586206896,5.237068965517241,0.3879310344827586,0.2909482758620689,0.2909482758620689,0.5818965517241379,7.661637931034482,0.6788793103448275,2.327586206896552,1.357758620689655,0.0,0.0,86.18,75.61,28.21,61.54,33.33,50.94,33.33,63.64,0.2155402636628562,0.2298910999625085,0.2909482758620689,11.05603448275862,0.3263881238146552,1.4547413793103448,2.8125,9.989224137931034,0.509007212068965,31.71336206896552,LM/LCM,94,100,100,100,100,31,100,100,81,100,56,69,94,94,88,56,100,56,88,100,50,100,100,56,56,88,88,88,100,88,88,62,38,100,100,50,100,100,88,100,100,100,100,62,88,100,100,100,25,75,100,50,100,50,50,62,62,25,25,100,25,62,88,12,88,75,56,56,88,88,88,100,88,88,62,38,88,100,25,100,100,38,75,100,100,100,Eliteserien
Bodø / Glimt,ctvzi2jbl1q6xzq0s3sexj73g,7gqecbxztxxovmo1b6zqqcgve,O. Bjørtuft,Odin Bjørtuft,27.0,Defender,Norway,Defender,641.0,4.0,959.0,54.0,1596.0,42.0,0.0,2.0,16.0,12.0,4.0,6.0,7.0,7.0,79.0,64.0,0.0,15.0,1498.0,4.0,20.0,11.0,4.0,10.0,0.0,0.0,94.21,60.0,26.67,57.14,25.0,51.3,51.85,45.45,1.932375117343761,0.3034785454953863,4.0,103.0,2.169734469999999,47.0,254.0,280.0,5.226846419999996,1172.0,38.51134846461949,0.240320427236315,57.61682242990653,3.244325767690253,95.88785046728972,2.523364485981308,0.0,0.1201602136181575,0.9612817089452604,0.7209612817089452,0.240320427236315,0.3604806408544726,0.4205607476635514,0.4205607476635514,4.746328437917223,3.845126835781041,0.0,0.9012016021361816,0.240320427236315,1.2016021361815754,0.6608811748998664,0.240320427236315,0.6008010680907877,0.0,0.0,94.21,60.0,26.67,57.14,25.0,51.3,51.85,45.45,0.1160973034452192,0.0182330234276266,0.240320427236315,6.188251001335113,0.1303578787049398,2.823765020026702,15.260347129506007,16.822429906542055,0.3140294911882507,70.41388518024031,CB,94,94,100,90,100,89,42,47,98,96,96,100,80,80,90,73,40,84,91,86,84,84,70,40,51,98,96,89,68,60,29,31,10,98,70,99,100,100,100,100,100,100,100,83,89,98,71,97,67,42,27,84,78,83,94,60,59,60,25,40,30,78,59,56,60,32,40,51,98,96,89,68,60,29,31,10,89,48,90,98,98,97,98,98,100,100,Eliteserien
Bodø / Glimt,ctvzi2jbl1q6xzq0s3sexj73g,8n9t52eeli3s39r8ujjhjt7je,J. Kitolano,Joshua Kitolano,25.0,Midfielder,Norway,Midfielder,35.0,0.0,70.0,2.0,105.0,0.0,0.0,1.0,1.0,0.0,1.0,0.0,1.0,1.0,15.0,1.0,0.0,4.0,164.0,0.0,3.0,6.0,1.0,4.0,0.0,0.0,91.3,100.0,0.0,100.0,0.0,83.33,0.0,50.0,0.079563375579348,0.0900823231163242,0.0,13.0,0.3439675499999999,2.0,13.0,7.0,0.14995595,44.0,19.20731707317073,0.0,38.41463414634146,1.0975609756097562,57.6219512195122,0.0,0.0,0.5487804878048781,0.5487804878048781,0.0,0.5487804878048781,0.0,0.5487804878048781,0.5487804878048781,8.231707317073171,0.5487804878048781,0.0,2.1951219512195124,0.0,1.6463414634146345,3.292682926829269,0.5487804878048781,2.1951219512195124,0.0,0.0,91.3,100.0,0.0,100.0,0.0,83.33,0.0,50.0,0.0436628280618373,0.049435421222373,0.0,7.134146341463415,0.1887626798780487,1.0975609756097562,7.134146341463415,3.841463414634146,0.0822928993902439,24.14634146341464,CM/AM,25,14,28,19,25,6,18,4,4,2,22,4,4,4,19,9,23,39,11,4,34,11,27,49,49,100,97,14,97,11,100,6,18,2,5,8,48,40,11,34,11,7,25,96,14,96,54,96,6,18,9,12,2,67,4,11,11,98,9,23,100,11,18,98,37,88,49,49,100,97,14,97,11,100,6,18,7,11,8,100,100,63,98,70,25,95,Eliteserien
Bodø / Glimt,ctvzi2jbl1q6xzq0s3sexj73g,8pyq4t68w42u3fgd2w7tjykbu,S. Auklend,Sondre Auklend,23.0,Midfielder,Norway,Midfielder,135.0,2.0,415.0,15.0,548.0,7.0,3.0,14.0,24.0,20.0,4.0,10.0,43.0,45.0,81.0,16.0,1.0,11.0,1110.0,7.0,97.0,31.0,20.0,15.0,0.0,0.0,86.71,65.22,12.5,46.51,29.17,51.27,41.18,65.22,2.701489815127572,1.0995081373591016,3.0,66.0,2.2768419700000004,22.0,50.0,63.0,2.649118029999998,234.0,10.945945945945946,0.1621621621621621,33.648648648648646,1.2162162162162162,44.43243243243243,0.5675675675675675,0.2432432432432432,1.135135135135135,1.9459459459459456,1.6216216216216215,0.3243243243243243,0.8108108108108107,3.4864864864864864,3.6486486486486487,6.567567567567568,1.2972972972972971,0.081081081081081,0.8918918918918919,0.5675675675675675,7.864864864864865,2.5135135135135136,1.6216216216216215,1.2162162162162162,0.0,0.0,86.71,65.22,12.5,46.51,29.17,51.27,41.18,65.22,0.2190397147400734,0.0891493084345217,0.2432432432432432,5.351351351351351,0.1846088083783784,1.7837837837837838,4.0540540540540535,5.108108108108108,0.2147933537837836,18.97297297297297,CM/AM,75,45,98,75,89,53,85,61,82,91,64,92,95,95,92,71,54,78,70,100,95,95,72,49,49,88,79,30,46,46,67,49,49,82,56,57,98,100,96,88,90,96,86,61,35,93,61,88,46,77,30,63,72,42,84,95,95,81,54,53,65,56,98,95,93,60,49,49,88,79,30,46,46,67,49,49,75,30,39,98,98,95,79,86,89,84,Eliteserien
Bodø / Glimt,ctvzi2jbl1q6xzq0s3sexj73g,ar7ybu7dordgt2yfx5inux62,I. Määttä,Isak Määttä,24.0,Defender,Norway,Defender,177.0,4.0,451.0,17.0,624.0,2.0,0.0,2.0,17.0,12.0,5.0,8.0,18.0,19.0,31.0,14.0,1.0,7.0,841.0,3.0,49.0,9.0,9.0,7.0,0.0,0.0,90.04,39.53,16.67,50.0,17.65,52.54,33.33,63.64,1.6689321857607538,0.1858682654278203,6.0,93.0,2.2151534199999983,48.0,37.0,61.0,1.80432424,232.0,18.941736028537456,0.4280618311533888,48.26397146254459,1.8192627824019023,66.77764565992865,0.2140309155766944,0.0,0.2140309155766944,1.8192627824019023,1.2841854934601664,0.535077288941736,0.8561236623067776,1.9262782401902496,2.0332936979785967,3.317479191438763,1.4982164090368608,0.1070154577883472,0.7491082045184304,0.3210463733650416,5.243757431629013,0.9631391200951248,0.9631391200951248,0.7491082045184304,0.0,0.0,90.04,39.53,16.67,50.0,17.65,52.54,33.33,63.64,0.1786015418768939,0.0198907775130842,0.6420927467300832,9.95243757431629,0.2370556573127227,5.136741973840666,3.959571938168847,6.527942925089179,0.1930905845422116,24.82758620689655,LB/LCB,61,35,96,59,78,11,30,9,87,91,72,91,65,65,26,24,76,46,65,87,54,70,20,41,50,100,61,22,61,43,43,22,37,83,9,85,96,96,100,57,70,57,52,61,35,100,48,96,9,30,9,91,91,83,100,74,74,4,17,78,35,74,91,57,70,13,41,50,100,61,22,61,43,43,22,37,100,13,91,96,96,100,57,74,65,74,Eliteserien
Bodø / Glimt,ctvzi2jbl1q6xzq0s3sexj73g,b2ibeioms7t9vb3au7tpqys4p,H. Evjen,Håkon Evjen,26.0,Midfielder,Norway,Midfielder,79.0,12.0,184.0,16.0,251.0,3.0,2.0,14.0,18.0,14.0,4.0,5.0,18.0,18.0,48.0,5.0,5.0,6.0,753.0,8.0,56.0,10.0,10.0,19.0,0.0,0.0,84.8,69.57,41.38,55.56,44.44,57.14,42.86,76.0,2.001388482691586,1.8264077576049864,1.0,37.0,1.3843888399999995,13.0,16.0,24.0,1.31303822,92.0,9.44223107569721,1.4342629482071712,21.99203187250996,1.9123505976095616,30.0,0.3585657370517928,0.2390438247011952,1.6733067729083664,2.151394422310757,1.6733067729083664,0.4780876494023904,0.597609561752988,2.151394422310757,2.151394422310757,5.737051792828685,0.597609561752988,0.597609561752988,0.7171314741035856,0.9561752988047808,6.6932270916334655,1.195219123505976,1.195219123505976,2.2709163346613543,0.0,0.0,84.8,69.57,41.38,55.56,44.44,57.14,42.86,76.0,0.2392097788077593,0.2182957479209147,0.1195219123505976,4.422310756972111,0.1654648015936254,1.5537848605577689,1.9123505976095616,2.8685258964143423,0.1569368390438247,10.99601593625498,CM/AM,54,82,63,78,58,29,73,61,72,75,64,68,67,65,59,27,90,58,78,88,52,79,86,49,49,68,82,88,70,76,86,53,88,72,75,22,91,93,79,47,51,60,48,49,86,72,84,58,21,75,72,74,75,60,67,70,67,72,16,98,46,82,95,51,77,91,49,49,68,82,88,70,76,86,53,88,79,89,19,95,96,86,37,44,70,40,Eliteserien
Bodø / Glimt,ctvzi2jbl1q6xzq0s3sexj73g,cegoeac3l2owi83zdvu30tj6y,O. Blomberg,Ole Didrik Blomberg,26.0,Midfielder,Norway,Midfielder,56.0,16.0,449.0,10.0,489.0,10.0,5.0,39.0,18.0,16.0,2.0,2.0,28.0,35.0,64.0,8.0,4.0,9.0,1349.0,12.0,98.0,29.0,9.0,12.0,0.0,0.0,80.69,50.0,26.23,32.14,66.67,45.07,31.25,75.0,2.3427111851861047,4.534799986465844,2.0,71.0,2.41694682,16.0,13.0,46.0,4.607527449999998,178.0,3.736100815418829,1.0674573758339512,29.955522609340253,0.6671608598962194,32.62416604892513,0.6671608598962194,0.3335804299481097,2.601927353595256,1.200889547813195,1.0674573758339512,0.1334321719792439,0.1334321719792439,1.8680504077094144,2.335063009636768,4.269829503335805,0.5337286879169756,0.2668643439584878,0.6004447739065975,0.8005930318754633,6.53817642698295,1.9347664936990363,0.6004447739065975,0.8005930318754633,0.0,0.0,80.69,50.0,26.23,32.14,66.67,45.07,31.25,75.0,0.1562965208797253,0.3025441058427916,0.1334321719792439,4.7368421052631575,0.1612492318754633,1.0674573758339512,0.8673091178650852,3.0689399555226093,0.3073961975537434,11.875463306152705,RM/RCM,58,83,100,58,100,83,92,100,67,75,29,42,92,92,92,58,92,92,100,100,100,71,62,50,54,75,58,75,8,96,50,42,71,75,100,21,100,100,92,58,83,100,92,17,83,100,33,92,75,58,100,25,50,25,8,50,58,25,33,58,50,50,92,83,17,17,50,54,75,58,75,8,96,50,42,71,50,100,8,92,100,67,17,67,100,75,Eliteserien
Bodø / Glimt,ctvzi2jbl1q6xzq0s3sexj73g,d95uicftg11gdyf5yk2ntt1jo,D. Bassi,Daniel Bassi,21.0,Attacker,Norway,Striker,11.0,2.0,69.0,1.0,78.0,1.0,1.0,5.0,3.0,2.0,1.0,1.0,7.0,8.0,7.0,1.0,0.0,0.0,197.0,1.0,21.0,2.0,1.0,3.0,0.0,0.0,82.98,50.0,20.0,14.29,33.33,33.33,50.0,100.0,0.3530084958980039,0.5352550595082277,2.0,28.0,0.9470125999999996,5.0,2.0,5.0,0.6795391,19.0,5.025380710659898,0.9137055837563453,31.522842639593904,0.4568527918781725,35.63451776649746,0.4568527918781725,0.4568527918781725,2.284263959390863,1.3705583756345177,0.9137055837563453,0.4568527918781725,0.4568527918781725,3.197969543147208,3.654822335025381,3.197969543147208,0.4568527918781725,0.0,0.0,0.4568527918781725,9.593908629441623,0.9137055837563453,0.4568527918781725,1.3705583756345177,0.0,0.0,82.98,50.0,20.0,14.29,33.33,33.33,50.0,100.0,0.1612729169077175,0.2445327683032512,0.9137055837563453,12.79187817258883,0.4326453502538069,2.284263959390863,0.9137055837563453,2.284263959390863,0.3104493350253806,8.680203045685278,LW,9,32,18,23,9,32,55,23,9,9,14,14,9,14,9,9,23,9,9,18,9,14,27,55,55,82,64,55,18,27,9,91,100,18,27,9,59,64,27,18,18,27,9,45,73,82,27,73,55,100,91,27,18,55,36,36,36,18,18,23,9,18,100,9,18,73,55,55,82,64,55,18,27,9,91,100,18,91,64,100,100,82,36,45,91,55,Eliteserien
Bodø / Glimt,ctvzi2jbl1q6xzq0s3sexj73g,dgki9si023s93nymhod74jlzo,F. Sjøvold,Fredrik Sjøvold,23.0,Defender,Norway,Defender,420.0,19.0,670.0,83.0,1071.0,7.0,2.0,29.0,14.0,10.0,4.0,2.0,20.0,20.0,62.0,26.0,3.0,21.0,1468.0,7.0,44.0,7.0,12.0,25.0,1.0,0.0,87.5,54.97,46.34,60.0,50.0,52.1,36.84,69.44,1.317946782409642,3.462543579699989,5.0,137.0,3.5619328500000025,41.0,96.0,152.0,7.472471600000001,523.0,25.74931880108992,1.164850136239782,41.07629427792916,5.088555858310627,65.6607629427793,0.4291553133514986,0.1226158038147139,1.7779291553133516,0.8583106267029973,0.6130790190735695,0.2452316076294278,0.1226158038147139,1.226158038147139,1.226158038147139,3.801089918256131,1.5940054495912808,0.1839237057220708,1.287465940054496,0.4291553133514986,2.697547683923706,0.4291553133514986,0.7356948228882835,1.5326975476839235,0.0613079019073569,0.0,87.5,54.97,46.34,60.0,50.0,52.1,36.84,69.44,0.080800552055087,0.2122812821341955,0.3065395095367847,8.399182561307903,0.2183746297683925,2.513623978201635,5.885558583106268,9.318801089918257,0.4581215558583107,32.06403269754769,RB/RCB,96,100,100,100,100,38,83,100,88,83,85,42,85,83,75,50,94,94,88,96,42,92,83,83,52,96,92,88,79,90,29,33,67,88,100,90,100,100,100,96,96,100,100,92,83,100,96,100,17,67,96,54,58,54,21,71,62,17,8,83,75,75,75,21,83,50,75,52,96,92,88,79,90,29,33,67,58,96,71,100,100,100,88,96,100,100,Eliteserien
Bodø / Glimt,ctvzi2jbl1q6xzq0s3sexj73g,dnw3y6r7bk0aqbta2s7ttivhl,F. Bjørkan,Fredrik Bjørkan,28.0,Defender,Norway,Defender,206.0,9.0,434.0,12.0,631.0,4.0,1.0,12.0,10.0,8.0,2.0,3.0,20.0,22.0,42.0,9.0,1.0,7.0,825.0,3.0,53.0,11.0,11.0,9.0,0.0,0.0,89.0,44.44,34.62,55.0,30.0,50.6,50.0,56.25,1.1499226642466065,1.5816488419366674,2.0,102.0,2.64101043,44.0,60.0,66.0,3.2852942300000008,258.0,22.47272727272728,0.981818181818182,47.34545454545455,1.309090909090909,68.83636363636364,0.4363636363636364,0.1090909090909091,1.309090909090909,1.090909090909091,0.8727272727272728,0.2181818181818182,0.3272727272727272,2.181818181818182,2.4000000000000004,4.581818181818182,0.981818181818182,0.1090909090909091,0.7636363636363637,0.3272727272727272,5.781818181818182,1.2000000000000002,1.2000000000000002,0.981818181818182,0.0,0.0,89.0,44.44,34.62,55.0,30.0,50.6,50.0,56.25,0.1254461088269025,0.1725435100294546,0.2181818181818182,11.127272727272729,0.2881102287272727,4.800000000000001,6.545454545454546,7.2,0.3583957341818183,28.145454545454548,LB/LCB,65,65,91,28,83,26,67,70,61,70,43,63,76,78,35,13,76,46,65,93,65,85,35,41,50,96,78,83,78,70,26,59,26,70,83,46,100,100,96,78,78,91,74,87,70,96,26,100,26,70,70,65,74,43,65,78,78,48,4,83,39,78,96,74,83,35,41,50,96,78,83,78,70,26,59,26,83,78,57,100,100,96,91,87,96,96,Eliteserien
Bodø / Glimt,ctvzi2jbl1q6xzq0s3sexj73g,do2fwr0qn3kg0qb40e3i36q51,P. Berg,Patrick Berg,28.0,Midfielder,Norway,Midfielder,265.0,26.0,654.0,65.0,893.0,4.0,0.0,25.0,37.0,12.0,25.0,15.0,20.0,22.0,53.0,11.0,2.0,16.0,1258.0,10.0,29.0,5.0,11.0,22.0,0.0,0.0,89.84,71.43,31.71,55.0,27.03,63.86,80.0,66.67,3.164693987891841,3.0096404489117647,15.0,72.0,1.732799519999999,24.0,93.0,111.0,3.5497492199999945,467.0,18.95866454689984,1.860095389507154,46.78855325914149,4.650238473767885,63.88712241653418,0.2861685214626391,0.0,1.7885532591414943,2.647058823529412,0.8585055643879174,1.7885532591414943,1.0731319554848966,1.4308426073131957,1.573926868044515,3.791732909379968,0.7869634340222575,0.1430842607313195,1.1446740858505564,0.7154213036565977,2.0747217806041336,0.3577106518282988,0.7869634340222575,1.573926868044515,0.0,0.0,89.84,71.43,31.71,55.0,27.03,63.86,80.0,66.67,0.2264089498491778,0.2153160893498082,1.0731319554848966,5.151033386327504,0.1239681691573926,1.7170111287758347,6.653418124006359,7.9411764705882355,0.2539566214626387,33.410174880763115,CM/AM,96,99,100,100,100,36,18,93,98,63,100,98,76,77,68,54,67,93,88,62,27,87,97,49,49,98,85,70,67,40,98,100,59,91,98,100,100,96,98,100,100,100,100,95,95,100,100,100,18,18,79,90,35,100,89,44,46,21,28,58,82,67,23,9,56,72,49,49,98,85,70,67,40,98,100,59,77,88,98,96,91,93,96,100,96,100,Eliteserien
Bodø / Glimt,ctvzi2jbl1q6xzq0s3sexj73g,e6p5i2ujvk0t9mo0h2gvrlka1,O. Brynhildsen,Ola Brynhildsen,27.0,Attacker,Norway,Striker,23.0,1.0,179.0,6.0,201.0,0.0,1.0,7.0,16.0,14.0,2.0,3.0,9.0,9.0,12.0,3.0,1.0,4.0,491.0,7.0,50.0,5.0,1.0,2.0,0.0,0.0,85.53,85.71,16.67,11.11,43.75,36.36,0.0,33.33,2.743719082358901,0.7122482886433867,4.0,31.0,0.94757596,12.0,4.0,18.0,1.3398020299999998,57.0,4.215885947046843,0.1832993890020366,32.81059063136456,1.09979633401222,36.84317718940937,0.0,0.1832993890020366,1.2830957230142566,2.9327902240325865,2.566191446028513,0.3665987780040733,0.5498981670061099,1.64969450101833,1.64969450101833,2.19959266802444,0.5498981670061099,0.1832993890020366,0.7331975560081466,1.2830957230142566,9.164969450101832,0.9164969450101832,0.1832993890020366,0.3665987780040733,0.0,0.0,85.53,85.71,16.67,11.11,43.75,36.36,0.0,33.33,0.5029220313896152,0.130554676126079,0.7331975560081466,5.682281059063136,0.1736900945010183,2.19959266802444,0.7331975560081466,3.29938900203666,0.2455848934826883,10.44806517311609,LW,36,14,73,55,68,9,55,41,45,55,32,32,27,27,18,36,45,82,64,73,27,14,18,55,55,91,100,36,9,64,18,9,18,82,45,41,77,73,64,27,45,64,36,27,9,91,73,82,9,45,36,73,82,36,45,9,9,9,36,55,100,82,91,18,9,18,55,55,91,100,36,9,64,18,9,18,100,36,36,82,82,73,18,82,73,73,Eliteserien
Fredrikstad,e5txudmuc2qpc460bs4lb5aff,3uz61prjvy036m0uoj6z5jnxl,S. Owusu,Solomon Owusu,30.0,Defender,Norway,Defender,90.0,0.0,91.0,15.0,181.0,4.0,0.0,2.0,1.0,0.0,1.0,0.0,4.0,4.0,13.0,16.0,0.0,8.0,301.0,0.0,1.0,0.0,4.0,1.0,0.0,0.0,87.02,57.69,0.0,100.0,0.0,59.09,57.14,20.0,0.085353989630971,0.1145788194361645,0.0,9.0,0.20573161,8.0,18.0,17.0,0.3316564299999999,108.0,26.91029900332225,0.0,27.2093023255814,4.485049833887043,54.119601328903656,1.196013289036545,0.0,0.5980066445182725,0.2990033222591362,0.0,0.2990033222591362,0.0,1.196013289036545,1.196013289036545,3.88704318936877,4.78405315614618,0.0,2.39202657807309,0.0,0.2990033222591362,0.0,1.196013289036545,0.2990033222591362,0.0,0.0,87.02,57.69,0.0,100.0,0.0,59.09,57.14,20.0,0.0255211264677321,0.0342594476719428,0.0,2.691029900332226,0.0615144348837209,2.39202657807309,5.382059800664452,5.083056478405315,0.0991663744186046,32.29235880398671,CB,17,37,32,46,25,11,42,47,20,10,63,21,70,69,17,20,40,48,21,8,2,84,10,40,51,56,92,37,94,21,60,50,3,19,40,29,51,49,81,33,33,25,25,40,37,76,95,68,22,42,84,27,10,87,21,92,89,35,43,40,98,21,8,2,98,10,40,51,56,92,37,94,21,60,50,3,25,67,29,87,86,95,73,68,51,65,Eliteserien
Fredrikstad,e5txudmuc2qpc460bs4lb5aff,4cx6v1ugc9l5sd0nqep3sxoiy,J. Nuñez,Johannes Nuñez,29.0,Attacker,Norway,Striker,28.0,0.0,39.0,3.0,67.0,2.0,1.0,3.0,6.0,4.0,2.0,2.0,4.0,5.0,8.0,1.0,1.0,1.0,348.0,4.0,14.0,5.0,0.0,1.0,0.0,0.0,75.28,50.0,0.0,0.0,66.67,25.81,25.0,100.0,0.5449006317922227,0.3514159890625979,1.0,3.0,0.31012804,2.0,6.0,9.0,0.1901230199999999,31.0,7.241379310344827,0.0,10.086206896551724,0.7758620689655172,17.32758620689655,0.5172413793103449,0.2586206896551724,0.7758620689655172,1.5517241379310345,1.0344827586206895,0.5172413793103449,0.5172413793103449,1.0344827586206895,1.293103448275862,2.0689655172413794,0.2586206896551724,0.2586206896551724,0.2586206896551724,1.0344827586206895,3.6206896551724137,1.293103448275862,0.0,0.2586206896551724,0.0,0.0,75.28,50.0,0.0,0.0,66.67,25.81,25.0,100.0,0.1409225771876438,0.0908834454472236,0.2586206896551724,0.7758620689655172,0.0802055275862069,0.5172413793103449,1.5517241379310345,2.327586206896552,0.0491697465517241,8.017241379310345,ST,31,21,19,50,25,13,61,14,12,10,30,21,8,13,7,8,31,37,27,13,23,4,19,50,50,67,54,21,4,98,7,13,98,10,29,17,19,48,29,52,54,14,33,79,21,57,88,67,24,86,40,12,7,57,48,19,29,7,12,43,48,62,17,67,4,26,50,50,67,54,21,4,98,7,13,98,10,64,17,31,83,52,79,81,40,71,Eliteserien
Fredrikstad,e5txudmuc2qpc460bs4lb5aff,7zozbhxdvx3nqg4eyzwqgsis4,M. Nilsson,Max Nilsson,21.0,Midfielder,Sweden,Midfielder,168.0,3.0,209.0,7.0,374.0,7.0,1.0,7.0,3.0,1.0,2.0,2.0,6.0,7.0,29.0,15.0,0.0,11.0,605.0,0.0,3.0,6.0,1.0,11.0,0.0,0.0,89.26,36.84,14.29,16.67,0.0,43.94,43.75,73.33,0.2892644811335635,0.8157140457446702,0.0,9.0,0.19420125,3.0,44.0,29.0,0.9953791800000004,198.0,24.99173553719008,0.4462809917355372,31.09090909090909,1.0413223140495869,55.63636363636363,1.0413223140495869,0.1487603305785124,1.0413223140495869,0.4462809917355372,0.1487603305785124,0.2975206611570248,0.2975206611570248,0.8925619834710744,1.0413223140495869,4.31404958677686,2.231404958677686,0.0,1.6363636363636362,0.0,0.4462809917355372,0.8925619834710744,0.1487603305785124,1.6363636363636362,0.0,0.0,89.26,36.84,14.29,16.67,0.0,43.94,43.75,73.33,0.0430310798380507,0.1213458911025129,0.0,1.3388429752066116,0.0288894421487603,0.4462809917355372,6.545454545454545,4.31404958677686,0.1480729358677686,29.454545454545453,DM/CM,52,67,59,26,59,52,72,64,22,29,29,41,38,48,26,53,29,52,17,21,33,21,53,48,48,90,16,45,19,17,14,62,86,28,69,10,24,24,33,64,48,48,59,76,79,83,10,83,62,90,83,17,38,21,48,45,48,48,69,29,72,17,14,38,21,72,48,48,90,16,45,19,17,14,62,86,31,90,10,24,24,34,86,69,83,79,Eliteserien
Fredrikstad,e5txudmuc2qpc460bs4lb5aff,8rnri2daeaqt5h1hl9ftt6l0p,S. Sørløkk,Sondre Sørløkk,29.0,Midfielder,Norway,Midfielder,71.0,0.0,98.0,6.0,169.0,24.0,0.0,8.0,13.0,12.0,1.0,3.0,29.0,31.0,58.0,14.0,0.0,8.0,853.0,3.0,40.0,15.0,11.0,7.0,0.0,0.0,68.7,26.09,0.0,37.93,23.08,46.77,48.0,87.5,1.364991761352792,0.6149973514014826,3.0,20.0,0.48026288,9.0,7.0,9.0,0.76898116,48.0,7.491207502930832,0.0,10.339976553341147,0.6330597889800703,17.83118405627198,2.5322391559202813,0.0,0.8440797186400938,1.3716295427901524,1.2661195779601406,0.1055099648300117,0.3165298944900351,3.05978898007034,3.270808909730363,6.11957796014068,1.477139507620164,0.0,0.8440797186400938,0.3165298944900351,4.220398593200469,1.5826494724501758,1.160609613130129,0.738569753810082,0.0,0.0,68.7,26.09,0.0,37.93,23.08,46.77,48.0,87.5,0.1440202327335888,0.0648883489169207,0.3165298944900351,2.1101992966002343,0.0506725195779601,0.9495896834701056,0.738569753810082,0.9495896834701056,0.0811351751465416,5.0644783118405625,LM/LCM,75,19,50,50,62,100,25,62,62,75,31,50,75,75,100,100,38,100,62,62,62,62,75,56,56,25,25,19,25,50,50,88,100,62,62,50,62,50,50,44,38,38,44,50,19,12,25,25,100,25,25,38,38,25,38,38,38,62,75,38,75,38,25,50,38,38,56,56,25,25,19,25,50,50,88,100,38,25,38,12,12,25,25,12,12,12,Eliteserien
Fredrikstad,e5txudmuc2qpc460bs4lb5aff,95u4j4kg3w5wfpk8ilcimhfdg,H. Skogvold,Henrik Skogvold,22.0,Attacker,Norway,Striker,87.0,1.0,118.0,5.0,204.0,18.0,0.0,10.0,29.0,22.0,7.0,7.0,24.0,26.0,49.0,14.0,0.0,9.0,1227.0,9.0,57.0,9.0,11.0,9.0,0.0,0.0,71.83,71.43,14.29,45.83,31.03,34.51,29.03,81.82,3.0989088980613024,0.7117222347075736,8.0,16.0,0.77994137,5.0,10.0,10.0,0.4565146,58.0,6.381418092909536,0.0733496332518337,8.655256723716382,0.3667481662591687,14.963325183374083,1.3202933985330074,0.0,0.7334963325183375,2.1271393643031784,1.6136919315403424,0.5134474327628362,0.5134474327628362,1.76039119804401,1.9070904645476767,3.5941320293398533,1.0268948655256724,0.0,0.6601466992665037,0.6601466992665037,4.180929095354523,0.6601466992665037,0.8068459657701712,0.6601466992665037,0.0,0.0,71.83,71.43,14.29,45.83,31.03,34.51,29.03,81.82,0.2273038311536407,0.052204564892976,0.58679706601467,1.17359413202934,0.0572084134474327,0.3667481662591687,0.7334963325183375,0.7334963325183375,0.0334851784841075,4.254278728606357,ST,86,55,76,68,83,71,21,69,77,71,76,75,81,81,63,82,11,90,63,79,55,80,82,50,50,43,82,51,69,33,24,21,88,71,62,71,76,90,60,67,60,57,74,71,45,45,48,55,43,21,38,38,38,55,43,45,45,26,60,11,81,31,29,17,69,74,50,50,43,82,51,69,33,24,21,88,31,29,60,55,71,36,48,29,24,40,Eliteserien
Fredrikstad,e5txudmuc2qpc460bs4lb5aff,9d8926hhnvjc6mgrex998ihp0,S. Laghzaoui,Salim Laghzaoui,20.0,Midfielder,Morocco,Midfielder,57.0,0.0,117.0,11.0,174.0,4.0,1.0,13.0,15.0,10.0,5.0,5.0,25.0,26.0,34.0,11.0,0.0,2.0,796.0,3.0,22.0,12.0,10.0,4.0,0.0,0.0,80.18,78.57,0.0,40.0,20.0,36.56,26.67,50.0,1.6174204849796572,0.8199266843588147,5.0,17.0,0.4162904999999999,9.0,16.0,28.0,0.6125971799999999,91.0,6.444723618090452,0.0,13.228643216080402,1.243718592964824,19.673366834170853,0.4522613065326633,0.1130653266331658,1.4698492462311556,1.6959798994974873,1.1306532663316582,0.5653266331658291,0.5653266331658291,2.8266331658291457,2.939698492462312,3.844221105527638,1.243718592964824,0.0,0.2261306532663316,0.3391959798994974,2.487437185929648,1.3567839195979898,1.1306532663316582,0.4522613065326633,0.0,0.0,80.18,78.57,0.0,40.0,20.0,36.56,26.67,50.0,0.1828741754373984,0.092705278382278,0.5653266331658291,1.922110552763819,0.0470680213567839,1.0175879396984924,1.809045226130653,3.165829145728643,0.0692635002512562,10.28894472361809,CM/AM,39,14,39,65,40,36,50,54,58,57,73,68,85,84,39,54,23,25,40,46,64,79,27,49,49,49,91,14,31,32,11,23,18,60,42,68,61,53,67,47,56,35,46,26,14,19,65,21,30,51,54,53,54,72,61,86,82,23,49,23,21,37,32,60,74,18,49,49,49,91,14,31,32,11,23,18,54,33,72,53,44,60,33,54,18,35,Eliteserien
Fredrikstad,e5txudmuc2qpc460bs4lb5aff,9ufcm386siazbyu8df8la9ixg,G. Wesseh,Gabriel Wesseh,18.0,Midfielder,USA,Midfielder,13.0,0.0,35.0,2.0,48.0,1.0,0.0,1.0,7.0,4.0,3.0,3.0,6.0,7.0,18.0,1.0,1.0,2.0,219.0,3.0,5.0,9.0,4.0,3.0,0.0,0.0,72.73,40.0,0.0,66.67,42.86,56.25,25.0,75.0,0.6102768285753989,0.0916057834364681,3.0,6.0,0.150821,6.0,6.0,6.0,0.13348462,18.0,5.342465753424658,0.0,14.383561643835618,0.8219178082191781,19.726027397260275,0.4109589041095891,0.0,0.4109589041095891,2.876712328767124,1.6438356164383563,1.2328767123287672,1.2328767123287672,2.4657534246575343,2.876712328767124,7.397260273972603,0.4109589041095891,0.4109589041095891,0.8219178082191781,1.2328767123287672,2.054794520547945,3.6986301369863015,1.6438356164383563,1.2328767123287672,0.0,0.0,72.73,40.0,0.0,66.67,42.86,56.25,25.0,75.0,0.2507986966748214,0.0376462123711512,1.2328767123287672,2.4657534246575343,0.0619812328767123,2.4657534246575343,2.4657534246575343,2.4657534246575343,0.0548566931506849,7.397260273972603,RM/RCM,21,12,17,29,17,17,17,8,29,29,46,67,17,17,21,8,38,29,25,12,46,17,12,50,54,25,46,12,96,54,83,33,71,33,8,33,25,25,46,29,17,8,17,50,12,42,42,33,33,17,8,92,92,83,100,67,67,92,25,75,75,83,8,100,83,67,50,54,25,46,12,96,54,83,33,71,92,8,83,58,50,100,83,42,8,25,Eliteserien
Fredrikstad,e5txudmuc2qpc460bs4lb5aff,aclfebmcu5nlmui2ru44xyf6y,F. Holmé,Fredrik Holmé,25.0,Defender,Norway,Defender,480.0,0.0,260.0,29.0,740.0,37.0,1.0,3.0,10.0,10.0,0.0,1.0,2.0,2.0,62.0,75.0,2.0,18.0,1256.0,5.0,26.0,7.0,1.0,11.0,2.0,0.0,88.1,35.37,0.0,50.0,50.0,59.62,63.79,61.11,1.5492894909049992,0.3213898921557837,1.0,5.0,0.10741369,6.0,52.0,60.0,1.5831520199999984,465.0,34.394904458598724,0.0,18.630573248407643,2.078025477707006,53.02547770700637,2.6512738853503186,0.071656050955414,0.214968152866242,0.7165605095541401,0.7165605095541401,0.0,0.071656050955414,0.143312101910828,0.143312101910828,4.442675159235669,5.374203821656051,0.143312101910828,1.2898089171974525,0.35828025477707,1.8630573248407645,0.501592356687898,0.071656050955414,0.7882165605095541,0.143312101910828,0.0,88.1,35.37,0.0,50.0,50.0,59.62,63.79,61.11,0.111015966704976,0.0230295304888698,0.071656050955414,0.35828025477707,0.007696840843949,0.4299363057324841,3.726114649681529,4.2993630573248405,0.1134424218152865,33.32006369426752,CB,84,37,70,67,79,86,90,65,90,92,26,56,43,43,81,79,97,94,95,94,61,44,78,97,51,68,22,37,59,91,70,75,41,92,71,69,33,33,71,69,72,81,79,73,37,40,33,63,71,86,40,67,75,26,51,36,34,46,49,93,76,87,84,33,38,43,89,51,68,22,37,59,91,70,75,41,86,57,60,22,24,52,48,56,67,70,Eliteserien
Fredrikstad,e5txudmuc2qpc460bs4lb5aff,ahje1y6v4dlmq4ath0rfcql90,B. Faraas,Benjamin Faraas,20.0,Attacker,Norway,Midfielder,25.0,1.0,46.0,4.0,70.0,5.0,0.0,2.0,13.0,12.0,1.0,4.0,19.0,20.0,27.0,3.0,1.0,0.0,461.0,2.0,28.0,5.0,12.0,3.0,0.0,0.0,65.42,66.67,100.0,63.16,15.38,40.91,33.33,60.0,1.2677331328158814,0.1545014164397292,2.0,10.0,0.41913834,3.0,2.0,6.0,0.3680459,26.0,4.8806941431670285,0.1952277657266811,8.980477223427332,0.7809110629067246,13.66594360086768,0.9761388286334056,0.0,0.3904555314533623,2.537960954446855,2.3427331887201737,0.1952277657266811,0.7809110629067246,3.7093275488069417,3.904555314533623,5.271149674620391,0.5856832971800434,0.1952277657266811,0.0,0.3904555314533623,5.466377440347072,0.9761388286334056,2.3427331887201737,0.5856832971800434,0.0,0.0,65.42,66.67,100.0,63.16,15.38,40.91,33.33,60.0,0.2474967070573304,0.0301629663331358,0.3904555314533623,1.952277657266812,0.08182744164859,0.5856832971800434,0.3904555314533623,1.1713665943600868,0.0718527787418655,5.07592190889371,ST,29,55,24,61,29,29,21,6,24,36,17,44,68,65,31,21,31,15,18,32,23,89,39,50,50,21,77,96,95,14,55,33,50,17,5,30,55,60,42,18,35,38,30,52,71,48,90,50,38,21,5,62,81,19,88,95,98,62,33,38,15,14,67,31,100,62,50,50,21,77,96,95,14,55,33,50,48,5,33,74,86,57,19,57,69,55,Eliteserien
Fredrikstad,e5txudmuc2qpc460bs4lb5aff,azgn1hgiep0jbrbdirnkut2zu,I. Amundsen,Isak Amundsen,26.0,Defender,Norway,Defender,133.0,0.0,70.0,5.0,203.0,9.0,0.0,2.0,3.0,3.0,0.0,1.0,9.0,10.0,21.0,19.0,0.0,3.0,372.0,0.0,6.0,2.0,5.0,4.0,1.0,0.0,85.65,20.0,0.0,55.56,0.0,51.22,50.0,80.0,0.3939506757185566,0.1693422290584711,1.0,3.0,0.08414364,0.0,14.0,12.0,0.3313807899999999,113.0,32.177419354838705,0.0,16.93548387096774,1.2096774193548383,49.11290322580645,2.177419354838709,0.0,0.4838709677419354,0.7258064516129031,0.7258064516129031,0.0,0.2419354838709677,2.177419354838709,2.419354838709677,5.080645161290322,4.596774193548387,0.0,0.7258064516129031,0.0,1.4516129032258065,0.4838709677419354,1.2096774193548383,0.9677419354838708,0.2419354838709677,0.0,85.65,20.0,0.0,55.56,0.0,51.22,50.0,80.0,0.0953106473512636,0.0409698941270494,0.2419354838709677,0.7258064516129031,0.0203573322580645,0.0,3.387096774193548,2.9032258064516125,0.0801727717741935,27.338709677419352,CB,37,37,17,11,32,27,42,47,41,51,26,56,87,89,25,25,40,13,21,45,16,90,33,87,51,41,5,37,67,21,27,23,84,44,57,69,21,25,10,25,19,24,31,65,37,29,13,52,54,42,75,70,81,26,84,100,100,65,37,40,16,21,68,32,100,65,95,51,41,5,37,67,21,27,23,84,73,76,92,33,41,10,43,29,33,49,Eliteserien
Fredrikstad,e5txudmuc2qpc460bs4lb5aff,b4jhe6f42xvdxbna7aelx5vys,F. Ghebreyohannes,Fanuel Ghebreyohannes,19.0,Defender,Norway,Defender,125.0,6.0,111.0,3.0,230.0,8.0,0.0,4.0,4.0,0.0,4.0,1.0,24.0,25.0,48.0,19.0,0.0,6.0,692.0,0.0,9.0,11.0,10.0,10.0,0.0,0.0,83.33,16.67,24.0,41.67,0.0,53.33,50.0,52.63,0.2742218972697908,0.4202959523413902,3.0,31.0,0.8178455599999996,12.0,13.0,19.0,1.1905315300000003,90.0,16.25722543352601,0.7803468208092486,14.436416184971096,0.3901734104046243,29.91329479768786,1.0404624277456649,0.0,0.5202312138728323,0.5202312138728323,0.0,0.5202312138728323,0.130057803468208,3.121387283236994,3.251445086705202,6.242774566473988,2.4710982658959537,0.0,0.7803468208092486,0.0,1.1705202312138727,1.430635838150289,1.300578034682081,1.300578034682081,0.0,0.0,83.33,16.67,24.0,41.67,0.0,53.33,50.0,52.63,0.0356646976217936,0.0546627683680998,0.3901734104046243,4.03179190751445,0.1063671971098265,1.560693641618497,1.6907514450867052,2.4710982658959537,0.1548379157514451,11.705202312138727,LB/LCB,39,54,22,4,30,52,30,22,37,11,59,39,89,91,57,39,30,37,17,26,65,76,43,41,50,78,4,43,37,17,57,59,13,35,22,65,65,70,57,13,22,26,26,43,61,13,4,22,52,30,22,39,11,74,39,91,91,87,43,30,43,17,39,78,87,48,41,50,78,4,43,37,17,57,59,13,35,30,74,83,78,57,17,22,35,22,Eliteserien
Fredrikstad,e5txudmuc2qpc460bs4lb5aff,bhkecr2u6neb933eo468i82ui,L. Owusu,Leonard Owusu,29.0,Midfielder,Ghana,Midfielder,176.0,1.0,193.0,23.0,368.0,2.0,1.0,2.0,6.0,1.0,5.0,4.0,12.0,12.0,30.0,12.0,0.0,5.0,818.0,0.0,3.0,8.0,10.0,8.0,0.0,0.0,89.1,50.0,33.33,83.33,0.0,50.0,18.18,80.0,0.7264398307980886,0.1807290033094044,4.0,13.0,0.28128731,9.0,44.0,38.0,0.9316649299999996,181.0,19.364303178484107,0.1100244498777506,21.234718826405867,2.530562347188264,40.48899755501223,0.2200488997555012,0.1100244498777506,0.2200488997555012,0.6601466992665037,0.1100244498777506,0.5501222493887531,0.4400977995110025,1.3202933985330074,1.3202933985330074,3.3007334963325183,1.3202933985330074,0.0,0.5501222493887531,0.0,0.3300733496332518,0.880195599022005,1.1002444987775062,0.880195599022005,0.0,0.0,89.1,50.0,33.33,83.33,0.0,50.0,18.18,80.0,0.0799261427528459,0.0198846091660713,0.4400977995110025,1.430317848410758,0.0309484815403423,0.9902200488997556,4.841075794621027,4.180929095354523,0.1025059213936429,19.91442542787286,DM/CM,55,50,52,69,52,21,72,24,41,29,62,64,79,76,33,38,29,26,17,21,48,93,40,48,48,86,53,71,98,17,40,28,93,55,24,64,47,38,71,64,59,45,52,52,41,41,69,48,17,76,24,31,24,66,66,62,62,14,28,29,21,17,7,34,93,24,48,48,86,53,71,98,17,40,28,93,52,24,62,41,34,76,76,59,52,52,Eliteserien
Fredrikstad,e5txudmuc2qpc460bs4lb5aff,c5p3hpmvlgspmqfs64zfrs991,S. Rafn,Simen Rafn,34.0,Defender,Norway,Defender,158.0,2.0,177.0,17.0,333.0,11.0,1.0,5.0,6.0,2.0,4.0,0.0,10.0,13.0,35.0,31.0,1.0,4.0,836.0,2.0,15.0,13.0,4.0,5.0,0.0,0.0,85.17,43.59,25.0,40.0,33.33,50.72,55.0,62.5,0.5185546652274037,0.4477245471202695,0.0,29.0,0.7213985799999999,9.0,42.0,35.0,1.21813102,175.0,17.00956937799043,0.2153110047846889,19.05502392344497,1.8301435406698563,35.84928229665071,1.1842105263157894,0.1076555023923444,0.5382775119617225,0.6459330143540669,0.2153110047846889,0.4306220095693779,0.0,1.076555023923445,1.3995215311004785,3.767942583732057,3.3373205741626792,0.1076555023923444,0.4306220095693779,0.2153110047846889,1.6148325358851674,1.3995215311004785,0.4306220095693779,0.5382775119617225,0.0,0.0,85.17,43.59,25.0,40.0,33.33,50.72,55.0,62.5,0.0558252630029501,0.0482000110536175,0.0,3.1220095693779903,0.0776625265550239,0.9688995215311004,4.521531100478469,3.767942583732057,0.131138506937799,18.83971291866029,CB,41,87,56,52,46,36,90,83,69,40,96,21,93,98,48,47,87,20,75,75,92,84,39,40,51,37,38,85,48,71,22,43,43,57,83,29,90,90,85,62,56,67,46,11,87,48,22,16,21,90,78,60,37,95,21,89,92,32,16,89,6,73,79,84,79,30,40,51,37,38,85,48,71,22,43,43,51,84,29,90,89,83,60,43,73,19,Eliteserien
Fredrikstad,e5txudmuc2qpc460bs4lb5aff,dfp3y0edqm1vg85f6n3b6ut49,U. Fredriksen,Ulrik Fredriksen,27.0,Defender,Norway,Defender,530.0,0.0,261.0,58.0,791.0,44.0,0.0,4.0,15.0,12.0,3.0,2.0,4.0,4.0,78.0,100.0,1.0,17.0,1497.0,7.0,26.0,7.0,2.0,16.0,0.0,0.0,85.98,46.4,0.0,50.0,46.67,61.9,57.14,64.0,1.9004367908112043,0.2382283800630417,2.0,6.0,0.11239528,4.0,54.0,53.0,1.099665209999999,503.0,31.86372745490982,0.0,15.691382765531063,3.4869739478957915,47.55511022044088,2.6452905811623246,0.0,0.2404809619238477,0.9018036072144288,0.7214428857715431,0.1803607214428857,0.1202404809619238,0.2404809619238477,0.2404809619238477,4.68937875751503,6.012024048096192,0.0601202404809619,1.0220440881763528,0.4208416833667335,1.56312625250501,0.4208416833667335,0.1202404809619238,0.9619238476953909,0.0,0.0,85.98,46.4,0.0,50.0,46.67,61.9,57.14,64.0,0.1142547168824371,0.01432234749878,0.1202404809619238,0.3607214428857715,0.006757231262525,0.2404809619238477,3.246492985971944,3.1863727454909823,0.0661121368737474,30.240480961923847,CB,90,37,71,95,87,90,42,77,97,96,91,81,70,69,89,94,87,91,98,94,61,65,87,40,51,49,59,37,59,86,75,50,46,97,65,87,37,35,58,71,65,62,86,63,37,24,79,43,70,42,44,81,79,78,59,48,46,56,63,79,56,90,76,25,48,63,40,51,49,59,37,59,86,75,50,46,87,41,71,24,19,33,40,38,25,57,Eliteserien
Fredrikstad,e5txudmuc2qpc460bs4lb5aff,dlxtfrt1ioz51rwnizwz5657t,D. Eid,Daniel Eid,27.0,Defender,Norway,Defender,226.0,17.0,263.0,38.0,472.0,20.0,2.0,24.0,12.0,9.0,3.0,1.0,10.0,10.0,63.0,39.0,2.0,18.0,1416.0,7.0,26.0,12.0,4.0,17.0,0.0,0.0,74.1,41.3,26.98,40.0,58.33,48.46,38.46,62.96,1.0466938527451333,3.271075595398129,6.0,18.0,0.53335308,9.0,44.0,70.0,4.175185519999995,252.0,14.364406779661016,1.0805084745762712,16.716101694915256,2.415254237288136,30.0,1.2711864406779665,0.1271186440677966,1.5254237288135597,0.7627118644067797,0.5720338983050848,0.1906779661016949,0.0635593220338983,0.6355932203389831,0.6355932203389831,4.004237288135593,2.478813559322034,0.1271186440677966,1.1440677966101696,0.4449152542372881,1.652542372881356,0.7627118644067797,0.2542372881355932,1.0805084745762712,0.0,0.0,74.1,41.3,26.98,40.0,58.33,48.46,38.46,62.96,0.0665271516575296,0.2079073471651353,0.3813559322033898,1.1440677966101696,0.0338995601694915,0.5720338983050848,2.796610169491525,4.4491525423728815,0.2653719610169488,16.016949152542374,RB/RCB,75,94,71,75,79,83,83,96,75,77,67,21,67,60,85,73,83,85,88,73,79,60,60,38,52,17,54,38,48,100,25,38,29,71,96,96,60,67,50,71,81,96,79,38,75,25,62,33,71,71,83,50,54,33,17,42,38,29,38,75,54,79,46,38,33,25,38,52,17,54,38,48,100,25,38,29,42,92,88,21,33,21,29,50,88,33,Eliteserien
Fredrikstad,e5txudmuc2qpc460bs4lb5aff,eq9x5pboy1dehdauroonsw3c9,S. Leach Holm,Samuel Leach Holm,28.0,Midfielder,Sweden,Midfielder,244.0,20.0,277.0,35.0,501.0,14.0,1.0,17.0,8.0,1.0,7.0,2.0,5.0,5.0,37.0,18.0,1.0,12.0,793.0,3.0,6.0,8.0,2.0,7.0,0.0,1.0,88.2,58.33,33.33,40.0,37.5,50.0,56.0,53.85,0.3244415215858896,2.2682276532515635,2.0,17.0,0.35042245,10.0,60.0,56.0,1.65744888,285.0,27.69230769230769,2.2698612862547285,31.437578814628,3.972257250945775,56.86002522068095,1.5889029003783102,0.1134930643127364,1.92938209331652,0.9079445145018916,0.1134930643127364,0.7944514501891551,0.2269861286254728,0.5674653215636821,0.5674653215636821,4.199243379571248,2.042875157629256,0.1134930643127364,1.361916771752837,0.3404791929382093,0.6809583858764187,0.9079445145018916,0.2269861286254728,0.7944514501891551,0.0,0.1134930643127364,88.2,58.33,33.33,40.0,37.5,50.0,56.0,53.85,0.0368218624750694,0.2574281069264069,0.2269861286254728,1.92938209331652,0.0397705176544766,1.1349306431273642,6.809583858764186,6.355611601513241,0.1881089523329129,32.34552332912988,DM/CM,79,100,72,88,76,74,72,97,53,29,78,41,22,22,59,62,74,55,66,40,48,33,29,48,98,79,76,71,48,86,40,86,36,34,100,36,59,59,76,79,74,86,79,86,100,86,93,86,79,79,100,48,28,83,34,17,17,38,55,86,59,69,34,41,28,10,48,97,79,76,71,48,86,40,86,36,17,100,31,69,55,90,90,83,93,90,Eliteserien
HamKam,crlocdyqyb1fdhck54qxs65rl,1pizdqlc5tyanssba2xe88lwp,M. Johnsgård,Markus Johnsgård,27.0,Midfielder,Norway,Midfielder,45.0,3.0,65.0,2.0,107.0,10.0,0.0,3.0,18.0,16.0,2.0,3.0,7.0,7.0,25.0,11.0,2.0,1.0,562.0,7.0,28.0,9.0,3.0,2.0,0.0,0.0,79.26,33.33,25.0,42.86,38.89,36.23,31.25,66.67,2.0551294775295434,0.3035359901432358,2.0,5.0,0.09349494,1.0,7.0,8.0,0.5014526699999999,37.0,7.2064056939501775,0.4804270462633452,10.409252669039146,0.3202846975088968,17.135231316725978,1.601423487544484,0.0,0.4804270462633452,2.882562277580071,2.5622775800711746,0.3202846975088968,0.4804270462633452,1.1209964412811388,1.1209964412811388,4.00355871886121,1.7615658362989324,0.3202846975088968,0.1601423487544484,1.1209964412811388,4.483985765124555,1.4412811387900355,0.4804270462633452,0.3202846975088968,0.0,0.0,79.26,33.33,25.0,42.86,38.89,36.23,31.25,66.67,0.3291132615260834,0.0486089663930448,0.3202846975088968,0.800711743772242,0.0149724992882562,0.1601423487544484,1.1209964412811388,1.2811387900355873,0.0803038083629893,5.925266903914591,CM/AM,28,49,24,19,27,69,18,11,72,80,36,46,27,26,30,54,67,15,70,59,47,26,12,49,49,44,20,52,38,70,9,25,59,74,19,40,14,12,4,21,15,30,19,35,60,11,12,14,82,18,5,95,98,40,56,30,28,28,81,75,14,96,70,65,30,9,49,49,44,20,52,38,70,9,25,59,98,9,47,14,9,2,18,7,23,11,Eliteserien
HamKam,crlocdyqyb1fdhck54qxs65rl,1t1ylf4iwrotj4jjf9qfzbieh,S. Strand Nilsen,Snorre Strand Nilsen,29.0,Defender,Norway,Defender,65.0,0.0,54.0,3.0,119.0,15.0,1.0,3.0,3.0,2.0,1.0,2.0,3.0,3.0,26.0,13.0,0.0,2.0,257.0,0.0,13.0,6.0,1.0,3.0,0.0,0.0,75.8,17.65,0.0,33.33,0.0,60.47,60.0,75.0,0.2498879212386142,0.3030693735161481,1.0,5.0,0.0914030499999999,2.0,11.0,13.0,0.5336139,66.0,22.762645914396888,0.0,18.91050583657588,1.050583657587549,41.67315175097277,5.252918287937743,0.3501945525291828,1.050583657587549,1.050583657587549,0.7003891050583657,0.3501945525291828,0.7003891050583657,1.050583657587549,1.050583657587549,9.105058365758754,4.552529182879377,0.0,0.7003891050583657,0.0,4.552529182879377,2.1011673151750974,0.3501945525291828,1.050583657587549,0.0,0.0,75.8,17.65,0.0,33.33,0.0,60.47,60.0,75.0,0.0875093887606042,0.1061332436437872,0.3501945525291828,1.7509727626459144,0.0320088501945525,0.7003891050583657,3.852140077821012,4.552529182879377,0.1868686809338521,23.11284046692607,RB/RCB,17,6,8,6,12,62,62,17,15,23,23,42,21,19,17,17,29,12,12,38,31,17,8,38,52,25,4,6,25,12,96,90,75,21,17,31,17,12,10,17,17,12,17,79,6,50,12,67,100,100,71,71,71,71,88,67,58,100,83,29,33,12,92,96,46,21,38,52,25,4,6,25,12,96,90,75,67,62,75,54,29,33,58,58,67,75,Eliteserien
HamKam,crlocdyqyb1fdhck54qxs65rl,2w16juzjxl4d66a709ibf1afo,H. Opsahl,Halvor Opsahl,23.0,Defender,Norway,Defender,109.0,0.0,78.0,4.0,187.0,5.0,1.0,1.0,2.0,1.0,1.0,2.0,0.0,0.0,11.0,18.0,0.0,5.0,313.0,0.0,4.0,5.0,0.0,0.0,0.0,0.0,91.22,50.0,0.0,0.0,0.0,45.83,50.0,0.0,0.1558287305584818,0.1561181710675327,0.0,9.0,0.16700123,2.0,10.0,11.0,0.1739830400000001,122.0,31.34185303514377,0.0,22.42811501597444,1.1501597444089458,53.76996805111821,1.437699680511182,0.2875399361022364,0.2875399361022364,0.5750798722044729,0.2875399361022364,0.2875399361022364,0.5750798722044729,0.0,0.0,3.1629392971246006,5.175718849840256,0.0,1.437699680511182,0.0,1.1501597444089458,1.437699680511182,0.0,0.0,0.0,0.0,91.22,50.0,0.0,0.0,0.0,45.83,50.0,0.0,0.0448069832276784,0.0448902089331563,0.0,2.587859424920128,0.0480195230031948,0.5750798722044729,2.8753993610223643,3.1629392971246006,0.0500270722044728,35.07987220447284,CB,30,37,25,8,29,16,90,30,31,26,63,81,11,10,14,24,40,28,21,29,48,17,2,40,51,92,72,37,17,21,10,23,2,27,54,29,51,44,33,15,17,11,33,60,37,62,10,65,29,100,54,57,44,86,98,11,10,14,46,40,81,21,57,86,17,2,40,51,92,72,37,17,21,10,23,2,41,81,29,86,79,65,33,37,13,71,Eliteserien
HamKam,crlocdyqyb1fdhck54qxs65rl,36t5vt3n7cygex3haaj8of9jo,B. Isufi,Blerton Isufi,20.0,Midfielder,Albania,Midfielder,19.0,0.0,66.0,4.0,85.0,0.0,0.0,5.0,6.0,6.0,0.0,1.0,11.0,11.0,26.0,0.0,0.0,0.0,287.0,4.0,28.0,8.0,7.0,8.0,0.0,0.0,80.19,57.14,0.0,63.64,66.67,50.98,0.0,72.73,0.6093923885706591,0.5194319869092185,1.0,8.0,0.22709963,3.0,7.0,12.0,0.2032076399999999,38.0,5.958188153310104,0.0,20.696864111498257,1.254355400696864,26.65505226480836,0.0,0.0,1.56794425087108,1.881533101045296,1.881533101045296,0.0,0.313588850174216,3.449477351916376,3.449477351916376,8.153310104529616,0.0,0.0,0.0,1.254355400696864,8.780487804878048,2.508710801393728,2.195121951219512,2.508710801393728,0.0,0.0,80.19,57.14,0.0,63.64,66.67,50.98,0.0,72.73,0.191098658436792,0.1628880795185702,0.313588850174216,2.508710801393728,0.0712159118466898,0.940766550522648,2.195121951219512,3.763066202090592,0.063723650174216,11.916376306620208,CM/AM,11,14,26,31,18,6,18,25,29,45,7,13,46,44,32,3,23,5,50,59,41,61,47,49,49,51,72,14,79,99,65,6,79,28,25,22,22,25,18,21,28,12,21,23,14,63,67,47,6,18,65,61,82,7,30,93,89,96,3,23,5,98,100,93,98,96,49,49,51,72,14,79,99,65,6,79,58,75,46,74,72,54,46,67,12,51,Eliteserien
HamKam,crlocdyqyb1fdhck54qxs65rl,424bbibjsasfjrkjoa0jfkhk9,L. Mares,Luc Mares,29.0,Defender,Netherlands,Defender,140.0,0.0,144.0,16.0,284.0,6.0,0.0,0.0,3.0,1.0,2.0,0.0,3.0,4.0,26.0,22.0,0.0,9.0,687.0,1.0,2.0,3.0,2.0,7.0,0.0,0.0,90.45,61.54,0.0,66.67,33.33,56.52,60.0,46.67,0.2092805981367042,0.0,1.0,18.0,0.33836306,3.0,31.0,32.0,0.5163272199999999,159.0,18.34061135371179,0.0,18.864628820960696,2.096069868995633,37.20524017467249,0.7860262008733624,0.0,0.0,0.3930131004366812,0.131004366812227,0.2620087336244541,0.0,0.3930131004366812,0.5240174672489083,3.406113537117904,2.882096069868996,0.0,1.1790393013100435,0.131004366812227,0.2620087336244541,0.3930131004366812,0.2620087336244541,0.9170305676855894,0.0,0.0,90.45,61.54,0.0,66.67,33.33,56.52,60.0,46.67,0.027416672244983,0.0,0.131004366812227,2.358078602620087,0.0443270384279475,0.3930131004366812,4.061135371179039,4.192139737991266,0.0676411205240174,20.829694323144103,CB,38,37,46,50,43,21,42,12,41,26,81,21,58,69,33,36,40,54,54,15,30,65,52,40,51,88,98,37,76,71,44,67,11,32,13,69,79,70,44,56,52,35,43,14,37,46,35,19,6,42,12,43,24,84,21,59,65,22,14,40,71,56,6,17,62,57,40,51,88,98,37,76,71,44,67,11,29,13,75,84,76,44,51,52,27,24,Eliteserien
HamKam,crlocdyqyb1fdhck54qxs65rl,4h81pdvo5q7irq2sps46qr5ec,D. Benjamin,David Benjamin,18.0,Attacker,Nigeria,Striker,14.0,0.0,13.0,0.0,27.0,1.0,1.0,3.0,4.0,3.0,1.0,0.0,6.0,9.0,4.0,2.0,0.0,0.0,246.0,1.0,15.0,0.0,1.0,0.0,0.0,0.0,72.97,0.0,0.0,16.67,25.0,16.67,33.33,0.0,0.314714854994304,0.1873630144576856,1.0,2.0,0.10509587,0.0,1.0,0.0,0.0643945,6.0,5.121951219512195,0.0,4.7560975609756095,0.0,9.878048780487804,0.3658536585365853,0.3658536585365853,1.0975609756097562,1.4634146341463414,1.0975609756097562,0.3658536585365853,0.0,2.1951219512195124,3.292682926829268,1.4634146341463414,0.7317073170731707,0.0,0.0,0.3658536585365853,5.48780487804878,0.0,0.3658536585365853,0.0,0.0,0.0,72.97,0.0,0.0,16.67,25.0,16.67,33.33,0.0,0.115139581095477,0.0685474443137874,0.3658536585365853,0.7317073170731707,0.0384497085365853,0.0,0.3658536585365853,0.0,0.0235589634146341,2.1951219512195124,ST,15,21,6,10,7,7,61,14,6,6,17,5,21,33,4,13,11,15,8,17,2,12,7,50,50,55,10,21,8,25,4,33,7,2,7,17,12,19,8,10,4,7,7,62,21,5,10,17,14,93,67,7,14,38,5,67,86,5,48,11,15,12,71,2,17,7,50,50,55,10,21,8,25,4,33,7,2,50,29,26,50,8,17,4,10,7,Eliteserien
HamKam,crlocdyqyb1fdhck54qxs65rl,5yhieehol1p5crvzjd55ac8wk,A. Potur,Aksel Potur,24.0,Midfielder,Türkiye,Midfielder,153.0,11.0,286.0,15.0,428.0,8.0,1.0,19.0,22.0,19.0,3.0,6.0,50.0,54.0,114.0,17.0,4.0,7.0,1398.0,12.0,55.0,61.0,26.0,16.0,0.0,0.0,85.77,62.5,35.48,52.0,54.55,52.53,50.0,80.0,2.1751794470717867,1.7737644317405832,10.0,65.0,1.9835590499999995,25.0,25.0,34.0,2.17840022,148.0,9.849785407725324,0.7081545064377682,18.41201716738197,0.965665236051502,27.553648068669528,0.5150214592274678,0.0643776824034334,1.223175965665236,1.4163090128755365,1.223175965665236,0.1931330472103004,0.3862660944206008,3.218884120171674,3.476394849785408,7.339055793991417,1.094420600858369,0.2575107296137339,0.4506437768240343,0.7725321888412017,3.540772532188841,3.927038626609442,1.6738197424892705,1.0300429184549356,0.0,0.0,85.77,62.5,35.48,52.0,54.55,52.53,50.0,80.0,0.1400330116140635,0.1141908432451019,0.6437768240343348,4.184549356223176,0.1276969345493561,1.609442060085837,1.609442060085837,2.188841201716738,0.1402403575107296,9.527896995708154,CM/AM,82,79,84,75,81,61,50,76,77,88,50,77,98,98,100,75,83,65,92,84,100,98,75,49,49,79,77,77,60,92,75,70,93,75,74,91,96,98,100,60,68,82,68,53,68,53,49,51,39,37,33,39,60,26,42,89,91,89,42,67,32,72,56,100,95,39,49,49,79,77,77,60,92,75,70,93,40,44,75,93,93,89,28,32,60,25,Eliteserien
HamKam,crlocdyqyb1fdhck54qxs65rl,6r0yq4i1lk788h1euk5ztec5,V. Jónsson,Vidar Ari Jónsson,32.0,Midfielder,Iceland,Midfielder,111.0,9.0,120.0,12.0,222.0,5.0,2.0,9.0,6.0,4.0,2.0,2.0,10.0,11.0,42.0,27.0,0.0,8.0,818.0,3.0,25.0,8.0,6.0,12.0,0.0,0.0,76.82,34.29,30.0,60.0,50.0,53.16,55.56,52.17,0.5232522123520628,1.1101559617595194,2.0,12.0,0.2891316499999999,12.0,11.0,16.0,1.7678315900000017,75.0,12.21271393643032,0.9902200488997556,13.202933985330072,1.3202933985330074,24.42542787286064,0.5501222493887531,0.2200488997555012,0.9902200488997556,0.6601466992665037,0.4400977995110025,0.2200488997555012,0.2200488997555012,1.1002444987775062,1.2102689486552567,4.621026894865526,2.9706601466992666,0.0,0.880195599022005,0.3300733496332518,2.7506112469437656,0.880195599022005,0.6601466992665037,1.3202933985330074,0.0,0.0,76.82,34.29,30.0,60.0,50.0,53.16,55.56,52.17,0.0575705368113516,0.1221442989710962,0.2200488997555012,1.3202933985330074,0.0318115507334963,1.3202933985330074,1.2102689486552567,1.76039119804401,0.1945046981662593,8.251833740831296,RM/RCM,83,67,58,67,58,54,50,50,17,29,29,42,25,29,50,100,12,79,25,50,33,38,62,50,54,58,33,92,83,83,75,100,33,17,58,21,38,33,75,50,50,67,58,100,75,25,67,67,58,50,25,17,8,33,25,8,8,42,100,12,83,17,17,25,25,83,50,54,58,33,92,83,83,75,100,33,17,17,17,25,25,83,33,25,67,42,Eliteserien
HamKam,crlocdyqyb1fdhck54qxs65rl,6ygixtbzlkjotkxlq3ns1teqx,H. Udahl,Henrik Udahl,29.0,Attacker,Norway,Striker,68.0,1.0,69.0,4.0,136.0,20.0,0.0,10.0,35.0,29.0,6.0,7.0,22.0,22.0,58.0,13.0,5.0,4.0,1233.0,13.0,71.0,20.0,8.0,6.0,0.0,0.0,70.47,40.0,11.11,36.36,37.14,40.0,37.04,60.0,4.59531156580182,0.7192945350663446,8.0,8.0,0.2097328199999999,6.0,4.0,12.0,0.59595681,35.0,4.963503649635037,0.072992700729927,5.036496350364963,0.291970802919708,9.927007299270072,1.45985401459854,0.0,0.7299270072992701,2.554744525547445,2.1167883211678835,0.437956204379562,0.5109489051094891,1.6058394160583942,1.6058394160583942,4.233576642335767,0.9489051094890512,0.364963503649635,0.291970802919708,0.9489051094890512,5.182481751824818,1.45985401459854,0.5839416058394161,0.437956204379562,0.0,0.0,70.47,40.0,11.11,36.36,37.14,40.0,37.04,60.0,0.3354242018833445,0.0525032507347696,0.5839416058394161,0.5839416058394161,0.0153089649635036,0.437956204379562,0.291970802919708,0.8759124087591241,0.0435004970802919,2.554744525547445,ST,79,55,45,61,64,75,21,69,90,87,71,75,74,73,79,79,81,69,82,86,83,60,62,50,50,33,43,48,48,45,49,43,50,93,67,71,46,33,71,35,63,64,43,55,43,10,38,19,45,21,36,67,67,48,38,38,36,38,55,67,52,57,60,79,38,45,50,50,33,43,48,48,45,49,43,50,71,31,55,19,10,48,12,36,31,14,Eliteserien
HamKam,crlocdyqyb1fdhck54qxs65rl,7hevgs3yo3fnxvingc7zzgpw4,M. Gjone,Martin Gjone,21.0,Defender,Norway,Defender,463.0,11.0,337.0,56.0,789.0,30.0,3.0,15.0,16.0,13.0,3.0,2.0,5.0,5.0,52.0,64.0,3.0,25.0,1346.0,7.0,25.0,6.0,3.0,9.0,0.0,0.0,83.67,39.16,39.29,60.0,43.75,46.02,46.15,60.0,1.8690006552360143,1.6003647063833304,4.0,27.0,0.5811384199999999,21.0,90.0,106.0,2.945602849999998,394.0,30.95839524517088,0.7355126300148588,22.5334323922734,3.7444279346211,52.75631500742942,2.0059435364041605,0.200594353640416,1.0029717682020802,1.0698365527488856,0.8692421991084696,0.200594353640416,0.1337295690936107,0.3343239227340267,0.3343239227340267,3.4769687964338782,4.279346210995542,0.200594353640416,1.6716196136701338,0.4680534918276374,1.6716196136701338,0.4011887072808321,0.200594353640416,0.6017830609212481,0.0,0.0,83.67,39.16,39.29,60.0,43.75,46.02,46.15,60.0,0.1249703261301941,0.1070080412886327,0.2674591381872214,1.8053491827637445,0.0388576952451708,1.4041604754829122,6.017830609212481,7.087667161961367,0.1969570999257056,26.344725111441303,RB/RCB,100,83,88,88,92,96,96,85,92,94,67,42,38,38,54,92,94,100,88,67,31,50,25,38,52,71,50,75,79,83,8,52,15,92,88,77,83,75,88,92,92,83,92,96,62,67,83,88,75,92,62,75,88,46,29,12,12,12,79,92,96,88,50,12,25,4,38,52,71,50,75,79,83,8,52,15,79,67,67,62,42,75,92,92,71,83,Eliteserien
HamKam,crlocdyqyb1fdhck54qxs65rl,8nmrvwyosqdqwyqowvdqvahh,F. Sjølstad,Fredrik Sjølstad,32.0,Defender,Norway,Defender,496.0,0.0,284.0,37.0,780.0,25.0,0.0,1.0,3.0,2.0,1.0,1.0,1.0,1.0,42.0,75.0,0.0,11.0,1169.0,0.0,5.0,3.0,0.0,8.0,0.0,0.0,91.44,48.68,0.0,0.0,0.0,56.76,56.82,57.14,0.2336689105586722,0.1452684460526155,1.0,10.0,0.18624544,2.0,52.0,56.0,1.5200118800000009,552.0,38.18648417450813,0.0,21.864841745081264,2.848588537211292,60.0513259195894,1.924721984602224,0.0,0.0769888793840889,0.2309666381522669,0.1539777587681779,0.0769888793840889,0.0769888793840889,0.0769888793840889,0.0769888793840889,3.2335329341317367,5.774165953806673,0.0,0.8468776732249786,0.0,0.3849443969204448,0.2309666381522669,0.0,0.6159110350727117,0.0,0.0,91.44,48.68,0.0,0.0,0.0,56.76,56.82,57.14,0.017989907570813,0.0111840548714588,0.0769888793840889,0.7698887938408896,0.0143388277159965,0.1539777587681779,4.0034217279726265,4.311377245508982,0.1170240112917023,42.49786142001711,CB,87,37,76,81,86,70,42,30,41,40,63,56,28,27,59,79,40,64,21,37,30,17,60,40,51,94,68,37,17,21,46,44,35,35,49,69,56,48,33,69,69,76,90,81,37,57,60,75,38,42,24,22,27,57,52,22,21,16,57,40,19,21,17,6,17,33,40,51,94,68,37,17,21,46,44,35,21,35,63,38,33,27,49,57,70,86,Eliteserien
HamKam,crlocdyqyb1fdhck54qxs65rl,a6t9wtvm00eod9g3ovv60o7x0,E. Amundsen-Day,Ethan Amundsen-Day,21.0,Defender,Norway,Defender,499.0,6.0,378.0,64.0,871.0,30.0,0.0,4.0,9.0,6.0,3.0,3.0,3.0,3.0,54.0,76.0,1.0,24.0,1440.0,3.0,16.0,6.0,1.0,12.0,0.0,0.0,85.14,40.25,40.0,33.33,33.33,53.47,51.72,70.59,1.864964208882126,0.2940528541188068,3.0,36.0,0.7841899999999997,12.0,83.0,100.0,2.338770370000002,450.0,31.1875,0.375,23.625,4.0,54.4375,1.875,0.0,0.25,0.5625,0.375,0.1875,0.1875,0.1875,0.1875,3.375,4.75,0.0625,1.5,0.1875,1.0,0.375,0.0625,0.75,0.0,0.0,85.14,40.25,40.0,33.33,33.33,53.47,51.72,70.59,0.1165602630551328,0.0183783033824254,0.1875,2.25,0.0490118749999999,0.75,5.1875,6.25,0.1461731481250001,28.125,LB/LCB,100,54,87,100,100,100,30,22,57,61,52,63,22,22,67,96,76,100,65,50,39,17,59,41,50,83,70,96,28,76,61,70,78,91,13,65,70,65,57,96,96,78,100,100,30,57,100,91,83,30,17,43,52,39,48,9,9,9,83,65,96,48,26,17,9,17,41,50,83,70,96,28,76,61,70,78,61,9,52,43,39,30,74,70,26,91,Eliteserien
HamKam,crlocdyqyb1fdhck54qxs65rl,bww0h67l7g6o9syrkp12s7pih,P. Metcalfe,Patrick Metcalfe,27.0,Midfielder,Canada,Midfielder,178.0,14.0,265.0,11.0,429.0,11.0,4.0,16.0,5.0,3.0,2.0,0.0,8.0,8.0,47.0,27.0,1.0,13.0,1123.0,1.0,15.0,10.0,5.0,14.0,0.0,0.0,86.14,31.43,27.45,62.5,20.0,61.84,47.83,63.64,0.3721091937819019,1.8811926824620795,2.0,20.0,0.52187605,11.0,40.0,43.0,1.6284969400000002,192.0,14.265360641139804,1.1219946571682993,21.237756010685665,0.8815672306322351,34.38112199465717,0.8815672306322351,0.3205699020480855,1.282279608192342,0.4007123775601068,0.2404274265360641,0.1602849510240427,0.0,0.641139804096171,0.641139804096171,3.766696349065005,2.163846838824577,0.0801424755120213,1.0418521816562778,0.0801424755120213,1.2021371326803203,0.8014247551202137,0.4007123775601068,1.1219946571682993,0.0,0.0,86.14,31.43,27.45,62.5,20.0,61.84,47.83,63.64,0.029821751950464,0.150763438487611,0.1602849510240427,1.6028495102404274,0.0418244385574354,0.8815672306322351,3.205699020480855,3.446126447016919,0.1305117761353517,15.387355298308105,CM/AM,89,84,81,65,82,75,92,69,24,24,36,4,31,31,55,95,54,86,26,39,52,39,70,49,49,86,14,60,77,32,96,61,44,19,81,40,68,61,73,80,79,74,81,81,75,67,42,74,60,88,39,4,9,25,4,14,14,18,86,51,75,21,14,26,19,51,49,49,86,14,60,77,32,96,61,44,4,67,28,35,33,49,70,61,58,70,Eliteserien
HamKam,crlocdyqyb1fdhck54qxs65rl,ckwgkqxv6u28byqau4rz47efp,A. Trondsen,Anders Trondsen,31.0,Midfielder,Norway,Midfielder,100.0,1.0,122.0,7.0,221.0,5.0,0.0,0.0,4.0,2.0,2.0,1.0,7.0,7.0,24.0,8.0,1.0,10.0,506.0,2.0,3.0,7.0,4.0,7.0,0.0,1.0,87.35,36.84,11.11,57.14,50.0,48.0,55.56,87.5,0.3194233365444886,0.0,1.0,14.0,0.3011378599999999,7.0,14.0,18.0,0.3507096200000001,93.0,17.786561264822137,0.1778656126482213,21.699604743083004,1.2450592885375495,39.30830039525692,0.8893280632411068,0.0,0.0,0.7114624505928854,0.3557312252964427,0.3557312252964427,0.1778656126482213,1.2450592885375495,1.2450592885375495,4.2687747035573125,1.4229249011857708,0.1778656126482213,1.7786561264822136,0.3557312252964427,0.5335968379446641,1.2450592885375495,0.7114624505928854,1.2450592885375495,0.0,0.1778656126482213,87.35,36.84,11.11,57.14,50.0,48.0,55.56,87.5,0.0568144274486244,0.0,0.1778656126482213,2.490118577075099,0.0535620699604743,1.2450592885375495,2.490118577075099,3.2015810276679844,0.0623791814229249,16.541501976284586,DM/CM,31,50,24,26,28,38,28,12,29,45,29,26,50,48,14,26,74,48,50,21,40,52,29,48,98,69,16,41,74,93,28,83,97,31,12,24,52,48,57,21,24,21,24,48,59,45,17,45,48,28,12,34,55,24,31,55,55,41,34,93,86,72,24,59,83,62,48,100,69,16,41,74,93,28,83,97,34,12,24,93,86,93,17,31,21,34,Eliteserien
HamKam,crlocdyqyb1fdhck54qxs65rl,d9d7ec57xuvrsby6xd45v50r8,W. Osnes-Ringen,William Osnes-Ringen,19.0,Midfielder,Norway,Midfielder,60.0,1.0,72.0,7.0,131.0,0.0,0.0,3.0,3.0,2.0,1.0,1.0,11.0,12.0,23.0,1.0,0.0,6.0,364.0,1.0,12.0,5.0,6.0,9.0,0.0,0.0,85.06,53.85,14.29,54.55,33.33,39.66,0.0,75.0,0.2704682634440162,0.1545921848360853,2.0,3.0,0.08191181,2.0,11.0,9.0,0.2648460199999999,52.0,14.835164835164836,0.2472527472527472,17.802197802197803,1.7307692307692308,32.39010989010989,0.0,0.0,0.7417582417582418,0.7417582417582418,0.4945054945054945,0.2472527472527472,0.2472527472527472,2.71978021978022,2.967032967032967,5.686813186813187,0.2472527472527472,0.0,1.4835164835164836,0.2472527472527472,2.967032967032967,1.2362637362637363,1.4835164835164836,2.2252747252747254,0.0,0.0,85.06,53.85,14.29,54.55,33.33,39.66,0.0,75.0,0.0668740211812128,0.0382233424045265,0.4945054945054945,0.7417582417582418,0.020252920054945,0.4945054945054945,2.71978021978022,2.2252747252747254,0.065483906043956,12.857142857142858,CM/AM,42,35,30,48,32,6,18,11,15,18,22,13,46,48,28,9,23,58,26,32,27,49,50,49,49,70,68,33,65,62,23,6,84,12,7,40,11,11,11,31,21,16,33,84,46,51,81,67,6,18,12,21,26,32,21,82,84,70,7,23,89,32,44,56,86,89,49,49,70,68,33,65,62,23,6,84,18,5,65,7,12,18,60,33,14,56,Eliteserien
HamKam,crlocdyqyb1fdhck54qxs65rl,dxmgpouxmhnss0ggxm6yqgo9,L. Mettler,Loris Mettler,27.0,Midfielder,Switzerland,Midfielder,77.0,8.0,83.0,7.0,152.0,2.0,2.0,8.0,8.0,6.0,2.0,2.0,6.0,7.0,13.0,7.0,1.0,3.0,468.0,4.0,11.0,3.0,4.0,2.0,0.0,0.0,78.76,53.85,40.0,66.67,50.0,39.39,33.33,50.0,0.7422992630891626,0.9849677664875822,1.0,9.0,0.22150549,8.0,10.0,15.0,1.4269617399999996,54.0,14.807692307692308,1.5384615384615383,15.961538461538462,1.346153846153846,29.23076923076923,0.3846153846153846,0.3846153846153846,1.5384615384615383,1.5384615384615383,1.1538461538461535,0.3846153846153846,0.3846153846153846,1.1538461538461535,1.346153846153846,2.5,1.346153846153846,0.1923076923076923,0.5769230769230769,0.7692307692307692,2.1153846153846154,0.5769230769230769,0.7692307692307692,0.3846153846153846,0.0,0.0,78.76,53.85,40.0,66.67,50.0,39.39,33.33,50.0,0.1427498582863774,0.1894168781706889,0.1923076923076923,1.7307692307692306,0.0425972096153846,1.5384615384615383,1.923076923076923,2.8846153846153846,0.2744157192307691,10.384615384615383,CM/AM,53,72,33,48,33,23,73,38,36,45,36,29,22,26,18,32,54,32,50,28,17,32,12,49,49,42,68,86,85,87,21,31,18,37,47,22,26,23,60,27,40,65,35,82,88,42,70,56,25,95,63,40,58,54,40,32,39,5,63,63,39,70,25,16,54,14,49,49,42,68,86,85,87,21,31,18,42,81,35,40,35,82,39,46,98,39,Eliteserien
Start,8njda6ajphczdxo54e348l5ua,18uoymrix8qe9jm1wxzgz1oet,E. Schulze,Eirik Schulze,33.0,Midfielder,Norway,Midfielder,48.0,1.0,117.0,19.0,164.0,47.0,2.0,12.0,22.0,17.0,5.0,4.0,3.0,3.0,66.0,15.0,1.0,7.0,801.0,7.0,41.0,7.0,2.0,7.0,0.0,0.0,63.32,45.24,10.0,66.67,31.82,55.93,62.67,70.0,2.466344829040456,0.9999629145980692,6.0,15.0,0.7094564999999999,4.0,16.0,22.0,1.09280645,83.0,5.393258426966292,0.1123595505617977,13.146067415730336,2.134831460674157,18.426966292134832,5.280898876404494,0.2247191011235955,1.348314606741573,2.4719101123595504,1.9101123595505616,0.5617977528089887,0.449438202247191,0.3370786516853932,0.3370786516853932,7.415730337078651,1.6853932584269662,0.1123595505617977,0.7865168539325842,0.7865168539325842,4.606741573033708,0.7865168539325842,0.2247191011235955,0.7865168539325842,0.0,0.0,63.32,45.24,10.0,66.67,31.82,55.93,62.67,70.0,0.2771173965213995,0.1123553836627044,0.6741573033707865,1.6853932584269662,0.079714213483146,0.449438202247191,1.797752808988764,2.4719101123595504,0.1227872415730337,9.325842696629213,CM/AM,33,35,39,84,35,100,73,50,77,83,73,59,14,14,84,68,54,65,70,75,37,20,45,49,49,5,47,28,85,57,82,98,67,81,49,75,57,75,28,47,47,53,44,18,32,18,91,16,100,74,44,86,86,68,51,4,4,91,77,54,53,74,74,21,11,28,49,49,5,47,28,85,57,82,98,67,89,40,79,39,77,12,32,39,54,23,Eliteserien
Start,8njda6ajphczdxo54e348l5ua,1lwrv09ij9ra7k68seelg2n84,L. Gausdal,Lukas Gausdal,19.0,Midfielder,Norway,Midfielder,3.0,0.0,18.0,2.0,21.0,6.0,0.0,4.0,2.0,1.0,1.0,2.0,6.0,6.0,19.0,4.0,0.0,1.0,252.0,0.0,7.0,4.0,1.0,6.0,0.0,0.0,36.21,33.33,0.0,16.67,0.0,40.43,37.5,75.0,0.1965297122804051,0.1834901387941993,0.0,0.0,0.0,1.0,3.0,4.0,0.08883292,11.0,1.0714285714285714,0.0,6.428571428571429,0.7142857142857143,7.500000000000001,2.142857142857143,0.0,1.4285714285714286,0.7142857142857143,0.3571428571428571,0.3571428571428571,0.7142857142857143,2.142857142857143,2.142857142857143,6.785714285714287,1.4285714285714286,0.0,0.3571428571428571,0.0,2.5,1.4285714285714286,0.3571428571428571,2.142857142857143,0.0,0.0,36.21,33.33,0.0,16.67,0.0,40.43,37.5,75.0,0.0701891829572875,0.0655321924264997,0.0,0.0,0.0,0.3571428571428571,1.0714285714285714,1.4285714285714286,0.0317260428571428,3.928571428571429,CM/AM,2,14,2,19,2,46,18,19,9,9,22,29,22,21,22,24,23,15,11,13,20,11,40,49,49,2,20,14,8,11,28,37,84,9,11,8,2,2,4,7,5,4,4,2,14,2,36,2,91,18,51,19,19,47,79,68,65,82,67,23,26,11,37,63,16,86,49,49,2,20,14,8,11,28,37,84,19,12,8,2,2,5,14,9,4,4,Eliteserien
Start,8njda6ajphczdxo54e348l5ua,2dx94phqrljak98vkh5rywxrd,K. Tønnessen,Kristoffer Tønnessen,28.0,Defender,Norway,Defender,92.0,4.0,93.0,25.0,181.0,5.0,0.0,5.0,0.0,0.0,0.0,0.0,3.0,3.0,12.0,20.0,0.0,8.0,444.0,0.0,2.0,2.0,3.0,1.0,0.0,0.0,79.39,53.19,22.22,100.0,0.0,44.44,38.46,50.0,0.0,0.6158523860026084,0.0,7.0,0.13593247,0.0,24.0,29.0,0.6562784699999998,99.0,18.64864864864865,0.8108108108108107,18.85135135135135,5.067567567567568,36.68918918918919,1.0135135135135134,0.0,1.0135135135135134,0.0,0.0,0.0,0.0,0.6081081081081081,0.6081081081081081,2.4324324324324325,4.0540540540540535,0.0,1.6216216216216215,0.0,0.4054054054054054,0.4054054054054054,0.6081081081081081,0.2027027027027027,0.0,0.0,79.39,53.19,22.22,100.0,0.0,44.44,38.46,50.0,0.0,0.1248349431086368,0.0,1.4189189189189189,0.027553879054054,0.0,4.864864864864865,5.878378378378378,0.1330294195945945,20.067567567567565,CB,22,94,33,61,25,16,42,83,7,10,26,21,58,57,16,27,40,48,21,15,16,78,10,40,51,10,81,79,94,21,8,6,20,6,90,29,41,40,10,44,49,49,22,17,97,44,97,17,13,42,95,7,10,26,21,71,70,2,29,40,86,21,19,22,89,5,40,51,10,81,79,94,21,8,6,20,6,98,29,63,56,10,70,79,75,22,Eliteserien
Start,8njda6ajphczdxo54e348l5ua,3mxuqj67mk1tidu88dtxncoa1,M. Ugland,Mikael Ugland,26.0,Midfielder,Norway,Midfielder,173.0,12.0,219.0,17.0,380.0,12.0,1.0,12.0,13.0,4.0,9.0,2.0,20.0,23.0,77.0,30.0,0.0,17.0,1125.0,3.0,10.0,21.0,12.0,21.0,0.0,0.0,83.52,32.69,30.0,60.0,23.08,57.46,60.0,65.62,0.8008797295054472,1.096457050058736,7.0,13.0,0.3482254499999999,7.0,31.0,37.0,1.3766420100000007,151.0,13.84,0.96,17.52,1.36,30.4,0.96,0.08,0.96,1.04,0.32,0.72,0.16,1.6,1.84,6.16,2.4,0.0,1.36,0.24,0.8,1.68,0.96,1.68,0.0,0.0,83.52,32.69,30.0,60.0,23.08,57.46,60.0,65.62,0.0640703783604357,0.0877165640046988,0.56,1.04,0.0278580359999999,0.56,2.48,2.96,0.1101313608,12.08,CM/AM,88,82,72,82,79,81,50,50,52,34,85,29,76,79,88,96,23,96,40,23,88,89,93,49,49,63,16,67,75,35,89,92,52,40,54,82,48,42,54,72,74,61,70,77,72,49,72,60,63,40,18,25,16,77,16,49,53,75,89,23,86,28,7,74,68,77,49,49,63,16,67,75,35,89,92,52,14,28,70,19,21,26,53,47,46,54,Eliteserien
Start,8njda6ajphczdxo54e348l5ua,3wcovk788oghhwozsg5v69las,J. Ampofo,James Ampofo,22.0,Attacker,Ghana,Striker,31.0,1.0,49.0,4.0,79.0,11.0,0.0,6.0,31.0,23.0,8.0,8.0,15.0,18.0,32.0,2.0,0.0,1.0,600.0,6.0,44.0,4.0,7.0,9.0,0.0,0.0,71.17,80.0,16.67,46.67,19.35,32.32,30.56,90.0,2.9932778083747063,0.4132747598468061,10.0,5.0,0.1467758599999999,2.0,5.0,3.0,0.34474571,24.0,4.65,0.15,7.35,0.6,11.85,1.65,0.0,0.8999999999999999,4.65,3.45,1.2,1.2,2.25,2.7,4.8,0.3,0.0,0.15,0.8999999999999999,6.6,0.6,1.05,1.35,0.0,0.0,71.17,80.0,16.67,46.67,19.35,32.32,30.56,90.0,0.4489916712562059,0.0619912139770209,1.5,0.75,0.0220163789999999,0.3,0.75,0.4499999999999999,0.0517118564999999,3.6,ST,40,55,31,61,31,44,21,44,81,76,83,89,56,61,43,13,11,37,40,65,15,55,82,50,50,38,88,55,71,17,17,24,92,67,40,85,26,24,29,43,18,36,26,43,64,29,69,33,50,21,48,100,95,100,100,71,76,55,17,11,36,45,86,10,71,93,50,50,38,88,55,71,17,17,24,92,90,40,100,29,17,31,52,12,43,31,Eliteserien
Start,8njda6ajphczdxo54e348l5ua,48wvdjjo0z1j2bac42n9t5jv9,H. Lorentzen,Håkon Lorentzen,29.0,Attacker,Norway,Striker,108.0,1.0,161.0,8.0,268.0,29.0,3.0,19.0,28.0,23.0,5.0,7.0,12.0,16.0,61.0,3.0,2.0,2.0,1189.0,8.0,60.0,17.0,5.0,7.0,0.0,0.0,70.9,34.78,14.29,41.67,28.57,41.78,38.16,53.85,3.01698153405983,1.5900088117176407,5.0,11.0,0.32228081,9.0,18.0,29.0,1.1962753000000002,110.0,8.174936921783011,0.0756938603868797,12.186711522287638,0.6055508830950379,20.28595458368377,2.1951219512195124,0.2270815811606392,1.438183347350715,2.1194280908326326,1.740958788898234,0.3784693019343986,0.5298570227081582,0.9083263246425568,1.2111017661900758,4.617325483599664,0.2270815811606392,0.1513877207737594,0.1513877207737594,0.6055508830950379,4.541631623212784,1.2867956265769556,0.3784693019343986,0.5298570227081582,0.0,0.0,70.9,34.78,14.29,41.67,28.57,41.78,38.16,53.85,0.228366979028919,0.1203539050080636,0.3784693019343986,0.832632464255677,0.0243946786375105,0.6812447434819177,1.362489486963835,2.1951219512195124,0.0905506955424726,8.32632464255677,ST,93,55,88,89,90,83,95,95,74,76,64,75,43,55,82,21,50,50,56,81,74,43,68,50,50,36,40,51,55,29,62,48,38,69,95,57,61,50,85,88,90,86,88,88,48,64,71,76,67,81,81,36,43,43,50,10,26,52,10,33,38,29,38,64,19,57,50,50,36,40,51,55,29,62,48,38,36,79,31,36,24,64,71,79,74,79,Eliteserien
Start,8njda6ajphczdxo54e348l5ua,72942eqlm9cvooy2phvl1pzpw,D. Dasjajev,Deni Dasjajev,21.0,Defender,Norway,Defender,8.0,5.0,25.0,4.0,28.0,0.0,0.0,5.0,3.0,2.0,1.0,0.0,4.0,4.0,9.0,2.0,0.0,0.0,123.0,2.0,9.0,4.0,2.0,2.0,0.0,0.0,66.67,36.36,35.71,50.0,66.67,45.0,0.0,66.67,0.1600036181742136,0.6903692070068526,3.0,6.0,0.21610375,5.0,2.0,2.0,0.6512852600000001,6.0,5.853658536585366,3.658536585365854,18.29268292682927,2.926829268292683,20.48780487804878,0.0,0.0,3.658536585365854,2.1951219512195124,1.4634146341463414,0.7317073170731707,0.0,2.926829268292683,2.926829268292683,6.585365853658536,1.4634146341463414,0.0,0.0,1.4634146341463414,6.585365853658536,2.926829268292683,1.4634146341463414,1.4634146341463414,0.0,0.0,66.67,36.36,35.71,50.0,66.67,45.0,0.0,66.67,0.1170758181762538,0.5051482002489165,2.1951219512195124,4.390243902439025,0.1581246951219512,3.658536585365854,1.4634146341463414,1.4634146341463414,0.4765501902439025,4.390243902439025,LB/LCB,4,43,4,11,4,4,30,33,26,43,33,15,26,26,4,4,30,4,50,26,24,35,9,41,50,4,52,87,61,100,13,4,65,22,48,65,17,17,17,9,9,9,9,4,100,35,78,4,4,30,100,100,96,87,15,87,87,96,13,30,4,100,100,100,100,61,41,50,4,52,87,61,100,13,4,65,65,100,100,87,91,91,13,9,100,9,Eliteserien
Start,8njda6ajphczdxo54e348l5ua,7jxhoujncqpe10z2ogfx094dm,A. Ujkani,Altin Ujkani,26.0,Defender,Norway,Defender,64.0,0.0,27.0,10.0,91.0,8.0,0.0,0.0,0.0,0.0,0.0,0.0,2.0,2.0,13.0,18.0,0.0,1.0,272.0,0.0,0.0,0.0,1.0,1.0,0.0,0.0,72.22,34.48,0.0,50.0,0.0,61.9,80.0,25.0,0.0,0.0,0.0,0.0,0.0,0.0,0.0,0.0,0.0,0.0,21.176470588235293,0.0,8.933823529411764,3.308823529411765,30.11029411764705,2.647058823529412,0.0,0.0,0.0,0.0,0.0,0.0,0.6617647058823529,0.6617647058823529,4.301470588235294,5.955882352941177,0.0,0.3308823529411764,0.0,0.0,0.0,0.3308823529411764,0.3308823529411764,0.0,0.0,72.22,34.48,0.0,50.0,0.0,61.9,80.0,25.0,0.0,0.0,0.0,0.0,0.0,0.0,0.0,0.0,0.0,0.0,LB/LCB,13,4,9,22,9,52,30,4,7,11,15,15,13,13,9,33,30,9,17,4,4,17,4,41,50,9,39,4,61,17,87,98,4,7,4,15,4,4,4,4,4,4,4,74,4,4,87,26,100,30,4,7,11,15,15,30,26,30,96,30,13,17,4,4,39,4,41,50,9,39,4,61,17,87,98,4,7,4,15,4,4,4,4,4,4,4,Eliteserien
Start,8njda6ajphczdxo54e348l5ua,8gdfn7j6xac9p4jh94hk40jdg,J. Cornelius,Jesper Cornelius,25.0,Attacker,Denmark,Striker,52.0,2.0,109.0,6.0,159.0,41.0,1.0,8.0,42.0,31.0,11.0,8.0,44.0,48.0,84.0,16.0,4.0,10.0,1351.0,13.0,74.0,18.0,11.0,9.0,0.0,0.0,67.09,50.0,18.18,25.0,30.95,39.07,49.4,60.0,4.526750862135595,0.5892413603331201,14.0,14.0,0.38873576,6.0,16.0,14.0,0.8233264,50.0,3.464100666173205,0.1332346410066617,7.261287934863065,0.3997039230199852,10.592153960029608,2.7313101406365656,0.0666173205033308,0.532938564026647,2.7979274611398965,2.065136935603257,0.7327905255366395,0.532938564026647,2.931162102146558,3.1976313841598816,5.595854922279793,1.065877128053294,0.2664692820133235,0.6661732050333087,0.8660251665433013,4.929681717246484,1.1991117690599555,0.7327905255366395,0.5995558845299778,0.0,0.0,67.09,50.0,18.18,25.0,30.95,39.07,49.4,60.0,0.3015600130216162,0.0392536805551301,0.932642487046632,0.932642487046632,0.0258965347150259,0.3997039230199852,1.065877128053294,0.932642487046632,0.0548477986676535,3.3308660251665434,ST,69,74,74,75,69,90,61,52,96,94,96,89,98,98,93,87,71,95,82,89,79,80,82,50,50,24,54,60,19,31,43,76,50,90,55,99,68,55,71,85,73,76,60,21,60,26,57,26,74,43,14,74,62,81,52,83,81,69,62,45,83,43,52,45,60,64,50,50,24,54,60,19,31,43,76,50,62,10,76,45,26,40,64,43,50,26,Eliteserien
Start,8njda6ajphczdxo54e348l5ua,8ho7btmnqcs62fewp8y7dpex,E. Segberg,Erlend Segberg,29.0,Midfielder,Norway,Midfielder,202.0,4.0,234.0,35.0,432.0,31.0,2.0,14.0,13.0,6.0,7.0,2.0,9.0,10.0,75.0,33.0,2.0,19.0,1367.0,5.0,35.0,20.0,5.0,13.0,0.0,0.0,73.97,35.71,33.33,55.56,38.46,55.15,62.0,68.42,1.3905708513210229,1.2065538495921124,8.0,12.0,0.28581985,7.0,58.0,65.0,1.525374440000001,230.0,13.29919531821507,0.2633504023408924,15.40599853694221,2.3043160204828093,28.44184345281639,2.0409656181419167,0.1316752011704462,0.9217264081931236,0.8558888076079005,0.3950256035113387,0.4608632040965618,0.1316752011704462,0.5925384052670081,0.6583760058522312,4.937820043891734,2.1726408193123627,0.1316752011704462,1.2509144111192392,0.3291880029261156,2.3043160204828093,1.3167520117044624,0.3291880029261156,0.8558888076079005,0.0,0.0,73.97,35.71,33.33,55.56,38.46,55.15,62.0,68.42,0.0915518482947271,0.0794366104340088,0.5267008046817849,0.7900512070226774,0.0188176931236283,0.4608632040965618,3.818580833942941,4.279444038039503,0.1004269931236284,15.142648134601318,DM/CM,69,76,66,88,66,97,97,90,72,76,78,41,59,62,93,93,95,84,86,93,93,62,69,48,48,3,9,71,69,90,62,93,69,79,90,84,38,41,57,76,86,79,69,24,66,10,62,14,83,86,76,45,59,52,21,21,28,59,66,90,41,66,79,69,41,21,48,48,3,9,71,69,90,62,93,69,62,79,76,14,17,38,48,62,41,24,Eliteserien
Start,8njda6ajphczdxo54e348l5ua,94fjjy0oesuu30xgkpo7azmxh,S. Griesbeck,Sebastian Griesbeck,35.0,Midfielder,Germany,Midfielder,56.0,0.0,36.0,5.0,92.0,15.0,0.0,0.0,0.0,0.0,0.0,0.0,0.0,0.0,31.0,19.0,0.0,8.0,288.0,0.0,2.0,5.0,0.0,6.0,0.0,0.0,87.62,45.45,0.0,0.0,0.0,63.27,50.0,54.55,0.0,0.0,0.0,0.0,0.0,0.0,0.0,0.0,0.0,0.0,17.5,0.0,11.25,1.5625,28.75,4.6875,0.0,0.0,0.0,0.0,0.0,0.0,0.0,0.0,9.6875,5.9375,0.0,2.5,0.0,0.625,1.5625,0.0,1.875,0.0,0.0,87.62,45.45,0.0,0.0,0.0,63.27,50.0,54.55,0.0,0.0,0.0,0.0,0.0,0.0,0.0,0.0,0.0,0.0,DM/CM,14,19,10,12,10,81,28,12,7,10,7,9,5,5,40,67,29,38,17,12,21,9,19,48,48,72,38,19,9,17,90,76,45,7,12,10,7,7,7,7,7,7,7,45,19,3,34,17,100,28,12,7,10,7,9,5,5,100,100,29,100,17,31,86,9,79,48,48,72,38,19,9,17,90,76,45,7,12,10,7,7,7,7,7,7,7,Eliteserien
Start,8njda6ajphczdxo54e348l5ua,9d4hsr5ipklocdya5wu291ihh,J. Norheim,John Norheim,31.0,Defender,Norway,Defender,230.0,2.0,131.0,34.0,359.0,67.0,0.0,7.0,9.0,8.0,1.0,1.0,1.0,1.0,94.0,79.0,0.0,14.0,1126.0,0.0,37.0,5.0,0.0,14.0,3.0,0.0,74.48,44.74,40.0,0.0,0.0,60.65,63.81,63.64,1.1803792840213283,0.5085058702959965,1.0,14.0,0.6247979899999999,3.0,25.0,34.0,1.08228486,233.0,18.383658969804618,0.1598579040852575,10.47069271758437,2.717584369449378,28.69449378330373,5.355239786856128,0.0,0.5595026642984015,0.719360568383659,0.6394316163410302,0.0799289520426287,0.0799289520426287,0.0799289520426287,0.0799289520426287,7.513321492007105,6.314387211367674,0.0,1.119005328596803,0.0,2.9573712255772646,0.3996447602131439,0.0,1.119005328596803,0.2397868561278863,0.0,74.48,44.74,40.0,0.0,0.0,60.65,63.81,63.64,0.0943464791846532,0.0406443413202839,0.0799289520426287,1.119005328596803,0.0499394485790408,0.2397868561278863,1.99822380106572,2.717584369449378,0.0865058946714031,18.623445825932503,CB,54,87,40,72,51,99,42,90,88,88,63,56,28,27,98,81,40,79,21,98,48,17,86,99,51,5,41,94,17,21,73,76,44,90,87,69,70,89,44,46,54,60,56,16,84,3,57,10,100,42,79,68,70,59,56,24,22,97,71,40,62,21,94,19,17,73,94,51,5,41,94,17,21,73,76,44,71,73,67,49,81,32,16,24,44,16,Eliteserien
Start,8njda6ajphczdxo54e348l5ua,9hg60gdc7h6dwo1qi4c7pc9nt,E. Reitan,Erlend Reitan,28.0,Defender,Norway,Defender,249.0,7.0,210.0,41.0,452.0,19.0,0.0,11.0,10.0,7.0,3.0,2.0,10.0,10.0,63.0,65.0,1.0,8.0,1388.0,3.0,23.0,20.0,5.0,15.0,2.0,0.0,77.93,42.27,28.0,50.0,30.0,59.43,51.35,78.95,0.99646657134649,1.239076281851661,4.0,11.0,0.35759889,3.0,53.0,70.0,1.6667118600000017,249.0,16.145533141210375,0.4538904899135446,13.61671469740634,2.65850144092219,29.30835734870317,1.2319884726224783,0.0,0.7132564841498559,0.648414985590778,0.4538904899135446,0.1945244956772334,0.1296829971181556,0.648414985590778,0.648414985590778,4.085014409221902,4.214697406340058,0.0648414985590778,0.5187319884726225,0.1945244956772334,1.4913544668587897,1.296829971181556,0.324207492795389,0.9726224783861672,0.1296829971181556,0.0,77.93,42.27,28.0,50.0,30.0,59.43,51.35,78.95,0.0646123857501326,0.0803435629442719,0.2593659942363112,0.7132564841498559,0.0231872479106628,0.1945244956772334,3.436599423631124,4.538904899135447,0.108072094668588,16.145533141210375,RB/RCB,79,69,54,79,71,77,27,62,69,65,67,42,67,60,85,96,67,42,71,60,96,71,46,96,52,42,62,46,67,62,92,58,83,67,79,77,35,54,25,83,81,58,75,50,38,8,67,29,67,27,25,33,50,38,25,46,42,33,75,58,21,58,42,71,42,17,88,52,42,62,46,67,62,92,58,83,38,46,62,4,17,4,50,54,12,38,Eliteserien
Start,8njda6ajphczdxo54e348l5ua,apusqhva0hdbf7zqb3twgeoa2,S. Mvoué,Stève Mvoué,24.0,Midfielder,Cameroon,Midfielder,59.0,4.0,116.0,12.0,171.0,12.0,0.0,7.0,11.0,2.0,9.0,3.0,15.0,16.0,49.0,9.0,2.0,6.0,608.0,2.0,4.0,11.0,10.0,12.0,0.0,0.0,78.44,48.0,50.0,66.67,18.18,52.13,57.14,75.0,1.0210655064417289,0.7314611160425043,7.0,13.0,0.27256438,9.0,31.0,33.0,0.7995424600000001,98.0,8.733552631578947,0.5921052631578947,17.17105263157895,1.7763157894736843,25.3125,1.7763157894736843,0.0,1.0361842105263157,1.6282894736842106,0.2960526315789473,1.332236842105263,0.4440789473684211,2.2203947368421053,2.3684210526315788,7.253289473684211,1.332236842105263,0.2960526315789473,0.8881578947368421,0.2960526315789473,0.5921052631578947,1.6282894736842106,1.480263157894737,1.7763157894736843,0.0,0.0,78.44,48.0,50.0,66.67,18.18,52.13,57.14,75.0,0.1511445650982822,0.1082754941510285,1.0361842105263157,1.924342105263158,0.0403467009868421,1.332236842105263,4.588815789473684,4.884868421052632,0.1183533246710526,14.50657894736842,CM/AM,40,56,37,68,37,81,18,32,44,18,85,46,60,58,61,46,67,58,34,7,58,79,64,49,49,40,58,97,85,28,72,87,84,44,37,82,48,32,67,72,64,42,53,44,63,46,82,46,86,18,25,44,14,93,49,74,72,88,60,74,63,35,4,72,84,79,49,49,40,58,97,85,28,72,87,84,46,37,95,54,28,75,84,82,51,60,Eliteserien
Start,8njda6ajphczdxo54e348l5ua,c1snithv0xw0tbo6f8qsbogk5,F. Pålerud,Fredrik Pålerud,32.0,Defender,Norway,Defender,22.0,0.0,18.0,3.0,40.0,2.0,0.0,1.0,1.0,1.0,0.0,0.0,0.0,0.0,7.0,9.0,0.0,1.0,150.0,0.0,1.0,2.0,0.0,2.0,0.0,0.0,66.67,23.08,0.0,0.0,0.0,53.85,40.0,66.67,0.1119126099072143,0.1457654829907421,0.0,1.0,0.02122129,1.0,3.0,3.0,0.07214918,24.0,13.2,0.0,10.8,1.7999999999999998,24.0,1.2,0.0,0.6,0.6,0.6,0.0,0.0,0.0,0.0,4.2,5.4,0.0,0.6,0.0,0.6,1.2,0.0,1.2,0.0,0.0,66.67,23.08,0.0,0.0,0.0,53.85,40.0,66.67,0.0671475659443285,0.0874592897944452,0.0,0.6,0.0127327739999999,0.6,1.7999999999999998,1.7999999999999998,0.043289508,14.4,CB,2,37,2,6,2,4,42,30,20,26,26,21,11,10,6,8,40,5,21,8,16,17,22,40,51,2,6,37,17,21,35,10,48,22,51,29,13,14,24,8,8,8,8,8,37,5,19,5,24,42,86,59,68,26,21,11,10,41,51,40,10,21,27,76,17,78,40,51,2,6,37,17,21,35,10,48,60,94,29,27,27,68,13,10,8,14,Eliteserien
Start,8njda6ajphczdxo54e348l5ua,c2pyie18ewq33hdvoaljwkbca,J. Husebø,Jens Husebø,27.0,Defender,Norway,Defender,114.0,0.0,59.0,8.0,173.0,17.0,0.0,0.0,5.0,5.0,0.0,0.0,0.0,0.0,27.0,27.0,0.0,5.0,382.0,1.0,6.0,1.0,0.0,7.0,0.0,0.0,85.22,47.06,0.0,0.0,20.0,69.23,70.83,77.78,0.6281842115313678,0.0,1.0,1.0,0.0241224,1.0,10.0,15.0,0.2312727300000001,106.0,26.858638743455497,0.0,13.900523560209423,1.8848167539267016,40.75916230366492,4.005235602094241,0.0,0.0,1.1780104712041886,1.1780104712041886,0.0,0.0,0.0,0.0,6.361256544502618,6.361256544502618,0.0,1.1780104712041886,0.2356020942408377,1.4136125654450262,0.2356020942408377,0.0,1.649214659685864,0.0,0.0,85.22,47.06,0.0,0.0,20.0,69.23,70.83,77.78,0.1480015158058196,0.0,0.2356020942408377,0.2356020942408377,0.0056832879581151,0.2356020942408377,2.356020942408377,3.534031413612565,0.0544883395287958,24.9738219895288,CB,33,37,13,19,19,58,42,12,58,70,26,21,11,10,37,42,40,28,54,45,7,17,52,40,51,38,62,37,17,53,90,87,79,68,13,69,13,16,24,15,27,13,24,38,37,16,25,25,90,42,12,94,98,26,21,11,10,87,73,40,68,76,65,8,17,94,40,51,38,62,37,17,53,90,87,79,97,13,89,13,17,30,21,41,16,35,Eliteserien
Start,8njda6ajphczdxo54e348l5ua,eua06snw14g71og6vsy7chgq,O. Diallo,Ousmane Diallo,23.0,Defender,Norway,Defender,126.0,4.0,146.0,18.0,268.0,3.0,0.0,8.0,9.0,3.0,6.0,3.0,31.0,33.0,62.0,22.0,2.0,6.0,911.0,2.0,12.0,10.0,13.0,24.0,1.0,0.0,76.57,41.86,16.0,41.94,22.22,46.27,21.43,66.67,0.7583792826537652,0.5659741796896909,5.0,18.0,0.48759294,9.0,18.0,19.0,0.74504176,106.0,12.447859495060374,0.3951701427003293,14.42371020856202,1.778265642151482,26.476399560922065,0.296377607025247,0.0,0.7903402854006587,0.889132821075741,0.296377607025247,0.592755214050494,0.296377607025247,3.0625686059275523,3.260153677277717,6.125137211855105,2.173435784851811,0.1975850713501646,0.592755214050494,0.1975850713501646,1.185510428100988,0.9879253567508232,1.2843029637760703,2.371020856201976,0.0987925356750823,0.0,76.57,41.86,16.0,41.94,22.22,46.27,21.43,66.67,0.0749222123368154,0.0559140243381692,0.4939626783754116,1.778265642151482,0.0481705429198682,0.889132821075741,1.778265642151482,1.8770581778265645,0.0736045646542261,10.472008781558728,RB/RCB,38,46,42,58,38,17,27,46,60,38,94,65,100,98,75,29,83,38,60,33,69,96,79,83,52,29,58,17,58,48,12,8,48,54,38,90,60,58,50,29,25,33,38,17,33,17,46,12,12,27,33,58,29,92,50,96,96,67,21,88,29,62,25,50,96,79,83,52,29,58,17,58,48,12,8,48,50,25,92,58,58,46,12,12,8,12,Eliteserien
KFUM,4q0b35m26thti4c2on9a3npk0,172cxj9mocjk4cor42kjka3mx,E. Saunes,Eirik Saunes,27.0,Defender,Norway,Defender,361.0,2.0,351.0,55.0,710.0,25.0,0.0,8.0,3.0,1.0,2.0,1.0,7.0,7.0,74.0,85.0,0.0,20.0,1271.0,1.0,10.0,6.0,5.0,26.0,1.0,0.0,80.59,39.01,22.22,71.43,33.33,54.81,40.98,66.67,0.2250927516368658,0.5210468124998741,2.0,15.0,0.3205832899999999,12.0,91.0,96.0,1.870133450000002,390.0,25.56254917387884,0.1416207710464201,24.854445318646736,3.894571203776554,50.27537372147915,1.7702596380802518,0.0,0.5664830841856806,0.2124311565696302,0.07081038552321,0.1416207710464201,0.07081038552321,0.4956726986624705,0.4956726986624705,5.2399685287175455,6.018882769472857,0.0,1.4162077104642017,0.07081038552321,0.7081038552321007,0.4248623131392604,0.3540519276160503,1.8410700236034616,0.07081038552321,0.0,80.59,39.01,22.22,71.43,33.33,54.81,40.98,66.67,0.0159389045218866,0.0368955256687558,0.1416207710464201,1.0621557828481512,0.022700626357199,0.8497246262785209,6.443745082612117,6.797797010228167,0.132424870574351,27.61605035405193,LB/LCB,96,17,78,96,91,91,30,50,26,28,43,39,43,39,89,100,30,91,39,37,39,52,91,91,50,48,57,33,100,76,70,26,65,30,30,46,43,39,57,100,91,65,91,91,13,78,96,78,78,30,26,22,22,35,30,17,17,78,100,30,91,35,17,30,43,87,87,50,48,57,33,100,76,70,26,65,17,22,30,26,26,35,87,78,17,87,Eliteserien
KFUM,4q0b35m26thti4c2on9a3npk0,2dgff1agcaa5ohb0f4wn64ay2,H. Hoseth,Håkon Hoseth,27.0,Defender,Norway,Defender,114.0,2.0,133.0,9.0,245.0,13.0,2.0,11.0,13.0,8.0,5.0,2.0,9.0,10.0,43.0,22.0,2.0,10.0,1002.0,6.0,16.0,3.0,2.0,19.0,0.0,0.0,75.15,30.0,16.67,22.22,46.15,40.19,39.39,76.0,1.1349169899945324,0.5941899110217952,4.0,17.0,0.5172555,4.0,11.0,14.0,0.6133557400000001,74.0,10.239520958083832,0.1796407185628742,11.946107784431138,0.8083832335329342,22.005988023952096,1.1676646706586826,0.1796407185628742,0.9880239520958084,1.1676646706586826,0.718562874251497,0.4491017964071856,0.1796407185628742,0.8083832335329342,0.8982035928143713,3.862275449101797,1.9760479041916168,0.1796407185628742,0.8982035928143713,0.5389221556886228,1.437125748502994,0.2694610778443114,0.1796407185628742,1.7065868263473054,0.0,0.0,75.15,30.0,16.67,22.22,46.15,40.19,39.39,76.0,0.101938651795916,0.0533703512893828,0.3592814371257485,1.5269461077844313,0.0464600748502994,0.3592814371257485,0.9880239520958084,1.25748502994012,0.0550918329341317,6.646706586826348,CB,33,87,43,26,37,44,99,100,93,88,98,81,87,89,60,36,97,59,97,79,30,65,93,40,51,6,13,75,35,84,6,8,71,89,89,99,75,84,58,19,22,44,16,5,86,6,5,2,19,97,94,92,76,98,70,81,83,33,8,97,29,97,67,11,57,95,40,51,6,13,75,35,84,6,8,71,78,87,98,67,78,40,8,8,17,8,Eliteserien
KFUM,4q0b35m26thti4c2on9a3npk0,2w7qb6w4qcogyuvgi31rfv85w,J. Gonstad,Julian Gonstad,20.0,Attacker,Norway,Striker,7.0,0.0,7.0,0.0,14.0,1.0,0.0,1.0,5.0,5.0,0.0,2.0,4.0,4.0,4.0,4.0,0.0,0.0,300.0,2.0,12.0,1.0,1.0,0.0,0.0,0.0,56.0,0.0,0.0,25.0,40.0,16.67,8.33,0.0,0.5469412673057225,0.1340517529866048,3.0,0.0,0.0,0.0,0.0,0.0,0.0035345299999999,1.0,2.1,0.0,2.1,0.0,4.2,0.3,0.0,0.3,1.5,1.5,0.0,0.6,1.2,1.2,1.2,1.2,0.0,0.0,0.6,3.6,0.3,0.3,0.0,0.0,0.0,56.0,0.0,0.0,25.0,40.0,16.67,8.33,0.0,0.1640823801917167,0.0402155258959814,0.8999999999999999,0.0,0.0,0.0,0.0,0.0,0.0010603589999999,0.3,ST,5,21,2,10,2,7,21,2,10,12,5,21,8,7,4,33,11,15,18,7,6,12,7,50,50,2,10,21,19,56,4,5,7,12,2,37,2,2,8,5,4,2,2,5,21,2,10,2,12,21,2,10,33,5,64,29,21,2,67,11,15,26,14,5,12,7,50,50,2,10,21,19,56,4,5,7,14,17,74,2,2,8,5,4,2,2,Eliteserien
KFUM,4q0b35m26thti4c2on9a3npk0,2ztjef0gfmvavmb8xkkrx4ley,J. Flaten,Jacob Flaten,24.0,Midfielder,Norway,Midfielder,30.0,1.0,16.0,3.0,45.0,0.0,0.0,0.0,1.0,0.0,1.0,0.0,1.0,1.0,2.0,3.0,0.0,0.0,90.0,0.0,0.0,0.0,0.0,2.0,0.0,0.0,93.75,75.0,33.33,0.0,0.0,20.0,0.0,100.0,0.0676691107312824,0.0,0.0,2.0,0.04336653,1.0,3.0,4.0,0.08965572,20.0,30.0,1.0,16.0,3.0,45.0,0.0,0.0,0.0,1.0,0.0,1.0,0.0,1.0,1.0,2.0,3.0,0.0,0.0,0.0,0.0,0.0,0.0,2.0,0.0,0.0,93.75,75.0,33.33,0.0,0.0,20.0,0.0,100.0,0.0676691107312824,0.0,0.0,2.0,0.04336653,1.0,3.0,4.0,0.08965572,20.0,DM/CM,7,50,3,3,3,7,28,12,14,10,17,9,10,10,3,3,29,3,17,3,3,9,7,48,48,100,100,71,9,17,3,12,100,14,12,10,16,14,21,14,14,14,14,90,90,14,79,55,7,28,12,59,10,90,9,48,45,3,86,29,3,17,3,3,9,83,48,48,100,100,71,9,17,3,12,100,41,12,10,72,72,79,31,52,31,55,Eliteserien
KFUM,4q0b35m26thti4c2on9a3npk0,3iolpwrv18gtlyse7ih3nt91w,B. Kristensen,Bjørn Kristensen,24.0,Attacker,Philippines,Striker,23.0,2.0,66.0,1.0,87.0,13.0,0.0,3.0,16.0,13.0,3.0,7.0,12.0,14.0,35.0,4.0,1.0,1.0,573.0,5.0,31.0,8.0,4.0,9.0,0.0,0.0,71.9,25.0,40.0,33.33,31.25,33.33,32.5,90.0,1.9824032771032152,0.3361234857484642,5.0,10.0,0.29827984,5.0,6.0,7.0,0.44756217,32.0,3.612565445026178,0.3141361256544502,10.36649214659686,0.1570680628272251,13.664921465968588,2.0418848167539267,0.0,0.4712041884816754,2.513089005235602,2.0418848167539267,0.4712041884816754,1.099476439790576,1.8848167539267016,2.198952879581152,5.49738219895288,0.6282722513089005,0.1570680628272251,0.1570680628272251,0.7853403141361257,4.869109947643979,1.256544502617801,0.6282722513089005,1.4136125654450262,0.0,0.0,71.9,25.0,40.0,33.33,31.25,33.33,32.5,90.0,0.3113722424769448,0.0527942647772456,0.7853403141361257,1.5706806282722514,0.0468502366492146,0.7853403141361257,0.9424083769633508,1.099476439790576,0.0702977230366492,5.026178010471204,ST,26,74,42,27,36,52,21,14,38,48,44,75,43,46,46,33,31,37,32,37,49,38,82,50,50,45,24,81,32,36,21,29,92,48,26,57,55,43,60,52,40,50,36,24,79,60,26,48,60,21,12,57,60,50,95,50,64,67,40,36,40,38,48,57,43,98,50,50,45,24,81,32,36,21,29,92,67,33,69,67,60,76,57,55,64,52,Eliteserien
KFUM,4q0b35m26thti4c2on9a3npk0,3y08h3oqdou5o9q31dpuh5uxh,M. Grødem,Magnus Grødem,28.0,Attacker,Norway,Striker,45.0,0.0,107.0,2.0,152.0,14.0,0.0,7.0,11.0,9.0,2.0,2.0,6.0,6.0,29.0,10.0,2.0,0.0,586.0,5.0,23.0,10.0,5.0,1.0,0.0,0.0,77.55,28.57,0.0,83.33,45.45,37.18,35.0,100.0,1.3256222885248947,0.653659183280407,1.0,14.0,0.43472468,5.0,15.0,16.0,0.75639305,60.0,6.911262798634812,0.0,16.43344709897611,0.3071672354948805,23.34470989761092,2.150170648464164,0.0,1.075085324232082,1.689419795221843,1.3822525597269624,0.3071672354948805,0.3071672354948805,0.9215017064846416,0.9215017064846416,4.453924914675768,1.5358361774744027,0.3071672354948805,0.0,0.7679180887372014,3.532423208191126,1.5358361774744027,0.7679180887372014,0.1535836177474402,0.0,0.0,77.55,28.57,0.0,83.33,45.45,37.18,35.0,100.0,0.2035938668382944,0.100391342142042,0.1535836177474402,2.150170648464164,0.0667665890784982,0.7679180887372014,2.303754266211604,2.4573378839590445,0.1161695810580204,9.215017064846416,ST,62,21,69,40,67,60,21,49,19,24,30,21,21,20,37,70,50,15,32,21,61,43,19,50,50,76,27,21,100,68,31,40,98,21,57,17,68,62,60,80,77,74,76,76,21,86,40,86,64,21,62,14,21,29,14,12,7,45,71,50,15,36,12,86,64,14,50,50,76,27,21,100,68,31,40,98,24,69,14,79,79,74,93,83,79,83,Eliteserien
KFUM,4q0b35m26thti4c2on9a3npk0,4m57qe3mtal1r68md5yj8xvc9,T. Sørås,Tore Sørås,28.0,Midfielder,Norway,Midfielder,101.0,1.0,154.0,8.0,254.0,16.0,0.0,4.0,4.0,1.0,3.0,1.0,10.0,10.0,52.0,10.0,0.0,13.0,636.0,0.0,6.0,5.0,7.0,18.0,0.0,0.0,83.83,32.0,50.0,70.0,0.0,53.61,48.48,75.0,0.26483419483072,0.3567641196724291,2.0,10.0,0.20509949,1.0,25.0,23.0,1.05761231,117.0,14.29245283018868,0.1415094339622641,21.79245283018868,1.1320754716981132,35.943396226415096,2.2641509433962264,0.0,0.5660377358490566,0.5660377358490566,0.1415094339622641,0.4245283018867924,0.1415094339622641,1.4150943396226416,1.4150943396226416,7.358490566037736,1.4150943396226416,0.0,1.839622641509434,0.0,0.8490566037735849,0.7075471698113208,0.9905660377358492,2.547169811320755,0.0,0.0,83.83,32.0,50.0,70.0,0.0,53.61,48.48,75.0,0.0374765370043471,0.0504854886328909,0.2830188679245283,1.4150943396226416,0.029023512735849,0.1415094339622641,3.537735849056604,3.254716981132076,0.1496621193396226,16.556603773584907,DM/CM,34,50,38,34,38,88,28,34,29,29,40,26,66,62,71,34,29,60,17,40,21,74,90,48,48,34,3,97,86,17,55,72,90,21,41,36,28,28,21,33,34,55,34,28,52,48,14,38,90,28,41,24,31,41,24,72,72,86,31,29,90,17,41,14,90,100,48,48,34,3,97,86,17,55,72,90,24,55,38,34,28,17,41,34,86,38,Eliteserien
KFUM,4q0b35m26thti4c2on9a3npk0,4s8lwbyh90phbponlzsdlj0iy,B. Skaret,Brage Skaret,24.0,Defender,Norway,Defender,177.0,0.0,77.0,12.0,254.0,17.0,1.0,3.0,3.0,3.0,0.0,0.0,0.0,0.0,30.0,49.0,0.0,7.0,732.0,0.0,8.0,5.0,0.0,7.0,0.0,0.0,81.67,31.58,0.0,0.0,0.0,50.85,44.74,87.5,0.4069634517826612,0.1094441554096657,0.0,0.0,0.0,0.0,14.0,15.0,0.41197225,152.0,21.762295081967213,0.0,9.4672131147541,1.475409836065574,31.229508196721312,2.0901639344262297,0.1229508196721311,0.3688524590163934,0.3688524590163934,0.3688524590163934,0.0,0.0,0.0,0.0,3.688524590163935,6.024590163934427,0.0,0.8606557377049181,0.0,0.9836065573770492,0.6147540983606558,0.0,0.8606557377049181,0.0,0.0,81.67,31.58,0.0,0.0,0.0,50.85,44.74,87.5,0.050036489973278,0.0134562486159425,0.0,0.0,0.0,0.0,1.7213114754098362,1.844262295081968,0.0506523258196721,18.688524590163937,CB,46,37,22,37,40,58,90,65,41,51,26,21,11,10,43,60,40,40,21,52,48,17,52,40,51,14,16,37,17,21,24,13,92,48,38,29,6,6,10,25,27,29,40,27,37,2,16,11,48,94,67,38,49,26,21,11,10,29,65,40,24,21,49,51,17,51,40,51,14,16,37,17,21,24,13,92,48,40,29,6,6,10,11,11,14,17,Eliteserien
KFUM,4q0b35m26thti4c2on9a3npk0,58ufmirzy800nq7gucsiz3hg4,J. Hjorth,Jonas Hjorth,25.0,Defender,Norway,Defender,85.0,6.0,134.0,12.0,213.0,5.0,2.0,11.0,14.0,10.0,4.0,5.0,6.0,8.0,44.0,23.0,0.0,2.0,883.0,2.0,23.0,11.0,1.0,16.0,0.0,0.0,75.53,26.67,13.95,16.67,14.29,61.97,55.56,59.26,1.209870377977397,1.103830958280564,6.0,5.0,0.1202818199999999,7.0,17.0,18.0,1.4893083700000007,82.0,8.663646659116647,0.6115515288788221,13.65798414496036,1.2231030577576445,21.710079275198183,0.5096262740656852,0.203850509626274,1.1211778029445072,1.4269535673839184,1.0192525481313703,0.4077010192525481,0.5096262740656852,0.6115515288788221,0.8154020385050962,4.484711211778029,2.344280860702152,0.0,0.203850509626274,0.203850509626274,2.344280860702152,1.1211778029445072,0.101925254813137,1.6308040770101924,0.0,0.0,75.53,26.67,13.95,16.67,14.29,61.97,55.56,59.26,0.1233163465662125,0.1125082516933757,0.6115515288788221,0.5096262740656852,0.0122597551528878,0.7134767836919592,1.7327293318233294,1.8346545866364663,0.1517981351075878,8.357870894677236,LB/LCB,22,54,30,28,26,33,87,63,76,83,59,78,37,43,50,54,30,15,50,65,65,17,80,41,50,22,13,13,9,37,91,78,30,74,65,85,13,13,22,26,17,39,17,17,52,9,22,9,30,91,57,78,78,57,87,22,35,43,39,30,9,57,61,70,13,74,41,50,22,13,13,9,37,91,78,30,74,57,87,9,9,22,22,13,30,13,Eliteserien
KFUM,4q0b35m26thti4c2on9a3npk0,5szykye2vk3nx7r5lhzn2ljx0,D. Schneider,Daniel Schneider,24.0,Defender,Norway,Defender,348.0,0.0,311.0,43.0,659.0,33.0,0.0,0.0,6.0,4.0,2.0,1.0,16.0,18.0,88.0,64.0,1.0,17.0,1493.0,1.0,12.0,8.0,12.0,21.0,1.0,0.0,83.84,47.25,0.0,75.0,16.67,58.28,61.11,60.0,0.6503080616881186,0.0,2.0,23.0,0.43895612,6.0,72.0,73.0,1.7539162800000023,400.0,20.97789685197589,0.0,18.747488278633625,2.592096450100469,39.72538513060951,1.989283322170128,0.0,0.0,0.3616878767582049,0.2411252511721366,0.1205626255860683,0.0602813127930341,0.9645010046885466,1.0850636302746148,5.304755525787006,3.8580040187541855,0.0602813127930341,1.0247823174815809,0.0602813127930341,0.7233757535164099,0.4822505023442733,0.7233757535164099,1.2659075686537171,0.0602813127930341,0.0,83.84,47.25,0.0,75.0,16.67,58.28,61.11,60.0,0.0392014236784532,0.0,0.1205626255860683,1.3864701942397857,0.0264608511721366,0.3616878767582049,4.340254521098459,4.400535833891494,0.105728375887475,24.112525117213664,CB,67,37,81,83,73,82,42,12,69,61,81,56,100,100,96,73,87,91,54,64,67,100,98,87,51,30,63,37,83,48,54,68,39,70,13,87,87,81,71,85,84,86,71,22,37,41,54,22,41,42,12,37,43,62,43,87,87,70,27,81,57,43,37,30,92,81,81,51,30,63,37,83,48,54,68,39,40,13,73,62,54,41,59,59,60,30,Eliteserien
KFUM,4q0b35m26thti4c2on9a3npk0,5u4eoypx0tb3t0brk2dv8sm0a,F. Berglie,Fredrik Berglie,29.0,Defender,Norway,Defender,259.0,0.0,183.0,9.0,442.0,28.0,0.0,0.0,1.0,1.0,0.0,0.0,1.0,1.0,48.0,81.0,0.0,9.0,849.0,0.0,3.0,9.0,0.0,8.0,0.0,0.0,87.18,19.15,0.0,0.0,0.0,52.75,51.85,72.73,0.1528442929543109,0.0,0.0,7.0,0.1340616399999999,2.0,26.0,23.0,0.5472886399999999,283.0,27.45583038869258,0.0,19.39929328621908,0.9540636042402828,46.85512367491166,2.968197879858657,0.0,0.0,0.1060070671378091,0.1060070671378091,0.0,0.0,0.1060070671378091,0.1060070671378091,5.088339222614841,8.586572438162545,0.0,0.9540636042402828,0.0,0.3180212014134275,0.9540636042402828,0.0,0.8480565371024735,0.0,0.0,87.18,19.15,0.0,0.0,0.0,52.75,51.85,72.73,0.0162025752248386,0.0,0.0,0.7420494699646643,0.0142114812720847,0.2120141342756183,2.756183745583039,2.438162544169612,0.0580164636042402,30.0,CB,62,37,57,26,60,75,42,12,20,26,26,21,28,27,64,83,40,54,21,21,75,17,60,40,51,57,3,37,17,21,33,31,64,25,13,29,41,38,33,48,39,38,60,43,37,52,6,40,78,42,12,16,21,26,21,27,25,67,100,40,41,21,13,70,17,49,40,51,57,3,37,17,21,33,31,64,17,13,29,35,32,29,30,19,19,54,Eliteserien
KFUM,4q0b35m26thti4c2on9a3npk0,62du5sg2v89e2ft4qs0yub4oa,S. Sjøkvist,Sander Sjøkvist,27.0,Defender,Norway,Defender,89.0,17.0,136.0,15.0,208.0,6.0,1.0,8.0,8.0,2.0,6.0,2.0,9.0,9.0,31.0,26.0,0.0,3.0,845.0,4.0,14.0,3.0,6.0,12.0,0.0,0.0,71.48,30.61,25.37,66.67,50.0,49.21,50.0,75.0,0.5252666679805204,1.0637016398491217,3.0,8.0,0.34163949,4.0,16.0,23.0,1.8302112300000013,89.0,9.4792899408284,1.8106508875739644,14.485207100591715,1.5976331360946745,22.15384615384616,0.6390532544378698,0.1065088757396449,0.8520710059171597,0.8520710059171597,0.2130177514792899,0.6390532544378698,0.2130177514792899,0.9585798816568049,0.9585798816568049,3.301775147928994,2.769230769230769,0.0,0.3195266272189349,0.4260355029585798,1.4911242603550294,0.3195266272189349,0.6390532544378698,1.2781065088757395,0.0,0.0,71.48,30.61,25.37,66.67,50.0,49.21,50.0,75.0,0.0559455622701145,0.1132936657827466,0.3195266272189349,0.8520710059171597,0.0363876379881656,0.4260355029585798,1.7041420118343191,2.4497041420118344,0.1949337404733729,9.4792899408284,CB,16,100,44,46,33,21,90,95,83,40,100,81,87,84,44,40,40,13,91,71,30,95,82,40,51,3,14,87,76,91,14,23,68,60,98,95,45,71,58,29,39,89,17,2,100,17,17,3,2,89,92,76,35,100,78,86,84,19,13,40,3,92,70,13,90,83,40,51,3,14,87,76,91,14,23,68,52,95,95,40,62,49,10,21,94,13,Eliteserien
KFUM,4q0b35m26thti4c2on9a3npk0,657z9s0rqlzub9nmdpb7ct82c,Momodou Njie,Momodou Njie,24.0,Defender,Gambia,Defender,37.0,0.0,33.0,5.0,70.0,4.0,0.0,0.0,0.0,0.0,0.0,0.0,0.0,0.0,9.0,15.0,0.0,2.0,178.0,0.0,0.0,3.0,0.0,1.0,0.0,0.0,89.74,55.56,0.0,0.0,0.0,50.0,57.14,50.0,0.0,0.0,0.0,0.0,0.0,0.0,0.0,0.0,0.0,0.0,18.707865168539325,0.0,16.685393258426966,2.528089887640449,35.39325842696629,2.02247191011236,0.0,0.0,0.0,0.0,0.0,0.0,0.0,0.0,4.550561797752809,7.584269662921348,0.0,1.0112359550561798,0.0,0.0,1.5168539325842696,0.0,0.5056179775280899,0.0,0.0,89.74,55.56,0.0,0.0,0.0,50.0,57.14,50.0,0.0,0.0,0.0,0.0,0.0,0.0,0.0,0.0,0.0,0.0,CB,5,37,8,11,6,11,42,12,7,10,26,21,11,10,11,16,40,9,21,2,30,17,10,40,51,84,87,37,17,21,18,50,20,6,13,29,6,6,10,4,4,4,4,19,37,27,51,14,43,42,12,7,10,26,21,11,10,51,95,40,54,21,2,87,17,25,40,51,84,87,37,17,21,18,50,20,6,13,29,6,6,10,4,4,4,4,Eliteserien
KFUM,4q0b35m26thti4c2on9a3npk0,6mk3psi2n9xclzc5h0o4qk650,R. Vinge,Rasmus Vinge,25.0,Attacker,Norway,Striker,33.0,7.0,93.0,6.0,119.0,4.0,0.0,11.0,21.0,12.0,9.0,6.0,28.0,29.0,39.0,3.0,3.0,3.0,772.0,8.0,37.0,18.0,12.0,3.0,0.0,0.0,76.28,60.0,38.89,42.86,38.1,41.94,33.33,60.0,2.03065229109914,1.1840908139377486,10.0,23.0,0.94595192,9.0,12.0,17.0,0.9986628100000002,56.0,3.847150259067358,0.8160621761658031,10.8419689119171,0.6994818652849741,13.873056994818654,0.466321243523316,0.0,1.2823834196891193,2.4481865284974096,1.3989637305699485,1.049222797927461,0.6994818652849741,3.2642487046632125,3.380829015544041,4.546632124352332,0.349740932642487,0.349740932642487,0.349740932642487,0.932642487046632,4.313471502590674,2.098445595854922,1.3989637305699485,0.349740932642487,0.0,0.0,76.28,60.0,38.89,42.86,38.1,41.94,33.33,60.0,0.2367340753872054,0.1380416751999966,1.1658031088082903,2.681347150259068,0.1102793689119171,1.049222797927461,1.3989637305699485,1.9818652849740928,0.1164244208549223,6.528497409326425,ST,46,92,62,75,55,24,21,77,57,36,88,63,85,86,57,21,62,61,56,52,79,89,39,50,50,69,71,79,61,50,64,33,50,55,88,85,87,93,85,74,81,81,71,29,88,62,83,52,21,21,74,52,24,93,79,90,90,48,21,57,57,55,33,93,93,33,50,50,69,71,79,61,50,64,33,50,38,86,88,88,90,88,76,74,81,62,Eliteserien
KFUM,4q0b35m26thti4c2on9a3npk0,6rlri1tk9p3sk79r16owqw74k,H. Røsten,Håkon Røsten,21.0,Defender,Norway,Defender,243.0,0.0,160.0,24.0,403.0,25.0,0.0,0.0,1.0,1.0,0.0,0.0,2.0,2.0,39.0,58.0,0.0,4.0,765.0,0.0,4.0,1.0,1.0,9.0,0.0,0.0,84.49,39.34,0.0,50.0,0.0,65.0,67.57,75.0,0.1384838492837396,0.0,0.0,2.0,0.03620728,0.0,27.0,41.0,0.6426377100000001,280.0,28.58823529411765,0.0,18.823529411764707,2.823529411764706,47.41176470588236,2.9411764705882355,0.0,0.0,0.1176470588235294,0.1176470588235294,0.0,0.0,0.2352941176470588,0.2352941176470588,4.588235294117647,6.823529411764706,0.0,0.4705882352941176,0.0,0.4705882352941176,0.1176470588235294,0.1176470588235294,1.0588235294117647,0.0,0.0,84.49,39.34,0.0,50.0,0.0,65.0,67.57,75.0,0.0162922175627928,0.0,0.0,0.2352941176470588,0.00425968,0.0,3.176470588235294,4.823529411764706,0.0756044364705882,32.94117647058823,CB,56,37,51,59,56,70,42,12,20,26,26,21,43,43,56,67,40,20,21,29,7,44,63,40,51,32,29,37,59,21,82,83,68,24,13,29,17,17,10,51,60,48,57,52,37,43,59,41,75,42,12,17,22,26,21,46,44,52,87,40,8,21,22,5,44,70,40,51,32,29,37,59,21,82,83,68,19,13,29,11,11,10,38,65,32,67,Eliteserien
KFUM,4q0b35m26thti4c2on9a3npk0,7m4f590x3kc3935gpg72xhg45,M. Eikrem,Magnus Eikrem,36.0,Midfielder,Norway,Midfielder,48.0,9.0,147.0,7.0,186.0,4.0,2.0,8.0,9.0,4.0,5.0,2.0,2.0,2.0,6.0,1.0,2.0,1.0,514.0,6.0,21.0,0.0,0.0,2.0,0.0,0.0,81.22,36.84,29.03,0.0,66.67,27.27,33.33,100.0,0.6511753047511749,0.8309442181357559,2.0,9.0,0.23293592,3.0,28.0,37.0,1.7624393000000005,97.0,8.40466926070039,1.575875486381323,25.739299610894943,1.22568093385214,32.568093385214006,0.7003891050583657,0.3501945525291828,1.4007782101167314,1.575875486381323,0.7003891050583657,0.8754863813229572,0.3501945525291828,0.3501945525291828,0.3501945525291828,1.050583657587549,0.1750972762645914,0.3501945525291828,0.1750972762645914,1.050583657587549,3.67704280155642,0.0,0.0,0.3501945525291828,0.0,0.0,81.22,36.84,29.03,0.0,66.67,27.27,33.33,100.0,0.114019022232696,0.1454960693233813,0.3501945525291828,1.575875486381323,0.0407864451361867,0.5252918287937743,4.90272373540856,6.478599221789883,0.3085983210116732,16.98443579766537,CM/AM,33,75,51,48,46,36,73,38,39,34,73,29,10,10,4,9,67,15,64,44,2,4,12,49,49,53,25,65,4,99,2,31,98,32,44,40,26,26,18,64,74,75,51,42,89,81,63,70,49,89,47,42,32,81,35,5,5,2,5,84,16,88,60,2,4,11,49,49,53,25,65,4,99,2,31,98,32,63,53,33,32,21,88,96,100,81,Eliteserien
KFUM,4q0b35m26thti4c2on9a3npk0,9jde60t1ejjo2f2j2jsqoipnu,B. Njie,Bilal Njie,28.0,Attacker,Somalia,Striker,22.0,2.0,78.0,0.0,98.0,15.0,0.0,7.0,18.0,16.0,2.0,4.0,23.0,25.0,49.0,3.0,3.0,4.0,790.0,11.0,39.0,15.0,9.0,5.0,0.0,0.0,75.38,0.0,66.67,39.13,61.11,40.83,31.91,50.0,2.662472906596707,0.7074767348389276,5.0,13.0,0.41362348,3.0,1.0,5.0,0.49900922,28.0,2.5063291139240502,0.2278481012658227,8.886075949367088,0.0,11.164556962025316,1.7088607594936709,0.0,0.7974683544303797,2.050632911392405,1.8227848101265824,0.2278481012658227,0.4556962025316455,2.620253164556962,2.8481012658227844,5.582278481012658,0.3417721518987341,0.3417721518987341,0.4556962025316455,1.2531645569620251,4.443037974683544,1.7088607594936709,1.0253164556962024,0.5696202531645569,0.0,0.0,75.38,0.0,66.67,39.13,61.11,40.83,31.91,50.0,0.303319698219878,0.0805986153613968,0.5696202531645569,1.481012658227848,0.047121662278481,0.3417721518987341,0.1139240506329113,0.5696202531645569,0.0568491516455696,3.1898734177215187,LW,23,32,27,9,27,82,18,41,55,68,32,55,45,45,64,36,86,82,86,59,64,45,41,55,55,45,9,100,64,91,27,55,41,73,36,55,18,27,18,9,18,9,27,9,36,9,9,9,100,18,18,45,73,18,27,27,27,45,9,91,73,73,27,55,27,45,55,55,45,9,100,64,91,27,55,41,82,18,27,18,18,18,9,9,9,9,Eliteserien
KFUM,4q0b35m26thti4c2on9a3npk0,c1jlypnkt4c9y9vdnjkvxa85x,R. Rasch,Robin Rasch,32.0,Midfielder,Norway,Midfielder,248.0,11.0,326.0,37.0,563.0,9.0,2.0,13.0,9.0,1.0,8.0,4.0,5.0,5.0,36.0,20.0,0.0,14.0,949.0,3.0,6.0,9.0,1.0,12.0,1.0,0.0,82.19,43.53,29.73,20.0,33.33,49.32,45.0,70.59,0.6063970839676631,1.524551597415544,4.0,15.0,0.31327335,11.0,85.0,90.0,2.2486402,318.0,23.519494204425712,1.0432033719704952,30.91675447839832,3.5089567966280297,53.39304531085353,0.8535300316122234,0.1896733403582718,1.2328767123287672,0.8535300316122234,0.0948366701791359,0.7586933614330875,0.3793466807165437,0.4741833508956796,0.4741833508956796,3.4141201264488936,1.8967334035827184,0.0,1.327713382507903,0.2845100105374078,0.5690200210748156,0.8535300316122234,0.0948366701791359,1.1380400421496313,0.0948366701791359,0.0,82.19,43.53,29.73,20.0,33.33,49.32,45.0,70.59,0.057508680249831,0.1445833970151727,0.3793466807165437,1.422550052687039,0.029709801369863,1.0432033719704952,8.061116965226555,8.535300316122234,0.2132535489989462,30.15806111696523,DM/CM,86,93,90,93,86,64,97,86,60,29,84,64,22,22,55,72,29,66,66,40,59,21,60,98,48,21,34,59,24,76,34,69,79,52,97,64,55,52,83,97,97,93,86,69,93,79,83,69,45,97,93,41,21,79,55,10,10,21,41,29,52,59,28,31,17,52,100,48,21,34,59,24,76,34,69,79,38,97,48,38,31,86,100,100,100,83,Eliteserien
KFUM,4q0b35m26thti4c2on9a3npk0,cwkh0rcufph9eomp40v18cr8p,M. Vinjor,Martin Vinjor,26.0,Midfielder,Norway,Midfielder,100.0,1.0,165.0,7.0,264.0,12.0,2.0,11.0,17.0,13.0,4.0,7.0,20.0,20.0,46.0,11.0,0.0,5.0,939.0,4.0,26.0,13.0,7.0,11.0,0.0,0.0,79.76,38.89,14.29,35.0,23.53,37.4,38.71,78.57,1.6230320196692374,0.765603788467276,2.0,8.0,0.18665655,5.0,29.0,31.0,0.68795476,120.0,9.584664536741212,0.0958466453674121,15.814696485623005,0.6709265175718849,25.303514376996805,1.1501597444089458,0.1916932907348242,1.0543130990415337,1.6293929712460065,1.2460063897763578,0.3833865814696485,0.6709265175718849,1.9169329073482428,1.9169329073482428,4.4089456869009584,1.0543130990415337,0.0,0.4792332268370607,0.3833865814696485,2.492012779552716,1.2460063897763578,0.6709265175718849,1.0543130990415337,0.0,0.0,79.76,38.89,14.29,35.0,23.53,37.4,38.71,78.57,0.155562174409192,0.0733805548051702,0.1916932907348242,0.7667731629392971,0.0178904041533546,0.4792332268370607,2.779552715654952,2.971246006389776,0.0659381559105431,11.501597444089455,CM/AM,68,35,53,48,61,81,73,47,66,69,64,84,76,73,53,54,23,47,50,54,71,61,61,49,49,47,30,33,25,37,12,40,91,61,40,40,22,19,36,68,61,39,61,51,30,39,32,44,70,70,26,46,61,53,72,60,58,39,37,23,33,40,35,58,46,40,49,49,47,30,33,25,37,12,40,91,47,14,33,11,11,16,63,49,16,47,Eliteserien
KFUM,4q0b35m26thti4c2on9a3npk0,dvrvgq5j49kb9vfergmluyxyi,D. Hickson,David Hickson,29.0,Attacker,Norway,Striker,29.0,3.0,63.0,4.0,89.0,3.0,1.0,2.0,4.0,3.0,1.0,1.0,8.0,8.0,15.0,9.0,0.0,1.0,333.0,3.0,7.0,4.0,4.0,1.0,0.0,0.0,74.17,28.57,18.75,50.0,75.0,46.88,60.0,25.0,0.2778483487586825,0.3319525540478907,3.0,4.0,0.1267334299999999,1.0,5.0,5.0,0.6766487600000002,27.0,7.837837837837838,0.8108108108108107,17.027027027027025,1.081081081081081,24.054054054054053,0.8108108108108107,0.2702702702702702,0.5405405405405405,1.081081081081081,0.8108108108108107,0.2702702702702702,0.2702702702702702,2.162162162162162,2.162162162162162,4.0540540540540535,2.4324324324324325,0.0,0.2702702702702702,0.8108108108108107,1.891891891891892,1.081081081081081,1.081081081081081,0.2702702702702702,0.0,0.0,74.17,28.57,18.75,50.0,75.0,46.88,60.0,25.0,0.0750941483131574,0.0897169064994299,0.8108108108108107,1.081081081081081,0.0342522783783783,0.2702702702702702,1.351351351351351,1.351351351351351,0.1828780432432432,7.297297297297297,LW,45,50,9,36,18,59,55,9,18,18,14,14,18,14,27,77,23,27,18,9,18,27,9,55,55,27,27,45,91,100,73,100,9,9,9,23,9,9,9,36,18,18,18,82,64,36,64,45,73,73,9,9,9,27,18,18,18,27,100,23,55,45,9,27,36,9,55,55,27,27,45,91,100,73,100,9,9,27,45,9,9,9,45,27,55,27,Eliteserien
Kristiansund,uqspd1bx7f6mq8ohj50u1k1k,15823p8n34f7coivq6wq687is,W. Igor,Wilfred Igor,21.0,Midfielder,Nigeria,Midfielder,246.0,0.0,279.0,34.0,525.0,15.0,0.0,7.0,16.0,5.0,11.0,8.0,55.0,57.0,105.0,32.0,1.0,28.0,1484.0,4.0,8.0,18.0,39.0,15.0,0.0,0.0,86.78,57.63,0.0,70.91,25.0,55.85,53.57,45.45,1.2118276110047257,0.4525295981297615,7.0,21.0,0.47407739,8.0,56.0,42.0,0.8191190999999997,252.0,14.91913746630728,0.0,16.92048517520216,2.061994609164421,31.83962264150944,0.9097035040431268,0.0,0.4245283018867925,0.9703504043126686,0.3032345013477089,0.6671159029649596,0.4851752021563343,3.335579514824798,3.456873315363882,6.367924528301887,1.9407008086253368,0.0606469002695417,1.69811320754717,0.2425876010781671,0.4851752021563343,1.091644204851752,2.365229110512129,0.9097035040431268,0.0,0.0,86.78,57.63,0.0,70.91,25.0,55.85,53.57,45.45,0.0734935882684806,0.0274445174067914,0.4245283018867925,1.2735849056603774,0.0287513241913746,0.4851752021563343,3.39622641509434,2.547169811320755,0.0496770343665768,15.28301886792453,DM/CM,83,19,76,83,79,81,28,64,83,69,90,91,100,100,100,88,74,97,76,55,88,100,78,48,48,55,69,19,90,53,66,79,14,72,48,79,76,79,64,72,62,41,72,34,19,21,52,28,52,28,28,55,52,72,76,100,100,76,45,62,79,45,17,48,100,28,48,48,55,69,19,90,53,66,79,14,45,34,59,21,21,41,34,21,14,28,Eliteserien
Kristiansund,uqspd1bx7f6mq8ohj50u1k1k,2cpnu3q1tu1afz84wog5rophw,S. Skeide,Syver Skeide,21.0,Midfielder,Norway,Midfielder,86.0,0.0,100.0,11.0,186.0,0.0,1.0,4.0,6.0,4.0,2.0,5.0,6.0,6.0,28.0,7.0,0.0,13.0,501.0,0.0,6.0,10.0,5.0,7.0,0.0,0.0,85.32,57.89,0.0,83.33,0.0,56.0,0.0,53.85,0.4594632868158603,0.2454695268253557,2.0,12.0,0.26633996,5.0,25.0,23.0,0.5561807699999998,96.0,15.449101796407186,0.0,17.964071856287426,1.9760479041916168,33.41317365269461,0.0,0.1796407185628742,0.718562874251497,1.0778443113772456,0.718562874251497,0.3592814371257485,0.8982035928143713,1.0778443113772456,1.0778443113772456,5.02994011976048,1.25748502994012,0.0,2.335329341317365,0.0,1.0778443113772456,1.796407185628743,0.8982035928143713,1.25748502994012,0.0,0.0,85.32,57.89,0.0,83.33,0.0,56.0,0.0,53.85,0.0825383149968611,0.0440963221841956,0.3592814371257485,2.155688622754491,0.0478455017964071,0.8982035928143713,4.491017964071856,4.131736526946108,0.0999127131736526,17.24550898203593,DM/CM,17,19,17,41,17,7,72,34,41,59,29,76,38,36,21,21,29,60,17,40,67,62,29,48,48,45,72,19,98,17,69,12,36,45,38,36,38,34,45,33,34,28,28,38,19,34,48,34,7,93,66,62,72,28,100,52,52,66,21,29,97,17,52,93,86,66,48,48,45,72,19,98,17,69,12,36,55,41,45,83,79,72,62,55,38,45,Eliteserien
Kristiansund,uqspd1bx7f6mq8ohj50u1k1k,3sfh0fq729hxtea9rzfke9979,D. Ulvestad,Dan Ulvestad,37.0,Defender,Norway,Defender,398.0,0.0,345.0,35.0,743.0,33.0,0.0,3.0,7.0,6.0,1.0,1.0,2.0,2.0,48.0,101.0,0.0,15.0,1383.0,1.0,15.0,4.0,1.0,7.0,0.0,0.0,88.77,47.95,0.0,50.0,14.29,72.73,71.74,70.0,0.8333002067153926,0.284243657415813,1.0,11.0,0.21052403,4.0,64.0,80.0,1.6084931099999995,482.0,25.90021691973969,0.0,22.45119305856833,2.27765726681128,48.35140997830803,2.1475054229934925,0.0,0.1952277657266811,0.455531453362256,0.3904555314533622,0.0650759219088937,0.0650759219088937,0.1301518438177874,0.1301518438177874,3.123644251626898,6.572668112798264,0.0,0.9761388286334056,0.0650759219088937,0.9761388286334056,0.2603036876355748,0.0650759219088937,0.455531453362256,0.0,0.0,88.77,47.95,0.0,50.0,14.29,72.73,71.74,70.0,0.0542277791788758,0.0184974180530897,0.0650759219088937,0.7158351409978307,0.0137000453362255,0.2603036876355748,4.164859002169197,5.206073752711497,0.1046741720173535,31.36659436008677,CB,78,37,87,75,81,82,42,65,77,79,63,56,43,43,64,95,40,84,54,75,42,44,52,40,51,79,67,37,59,46,97,92,56,81,68,69,60,51,58,79,89,83,83,37,37,63,43,49,49,42,37,46,52,52,48,30,29,13,79,40,46,48,46,10,35,19,40,51,79,67,37,59,46,97,92,56,49,49,57,32,30,37,56,70,59,62,Eliteserien
Kristiansund,uqspd1bx7f6mq8ohj50u1k1k,3v6rg2p0hqkl6kd7135z9rklw,J. Júlíusson,Júlíus Júlíusson,22.0,Defender,Iceland,Midfielder,538.0,1.0,237.0,52.0,774.0,24.0,0.0,3.0,5.0,3.0,2.0,2.0,2.0,2.0,71.0,73.0,0.0,19.0,1423.0,1.0,13.0,12.0,0.0,27.0,0.0,0.0,86.1,36.36,25.0,0.0,20.0,58.2,57.14,77.14,0.4575782287369302,0.3329455341518754,3.0,4.0,0.08685584,2.0,41.0,60.0,1.3428684999999991,420.0,34.02670414617006,0.0632466619817287,14.989458889669711,3.2888264230498945,48.952916373858045,1.5179198875614897,0.0,0.1897399859451862,0.3162333099086437,0.1897399859451862,0.1264933239634574,0.1264933239634574,0.1264933239634574,0.1264933239634574,4.49051300070274,4.617006324666198,0.0,1.201686577652846,0.0632466619817287,0.8222066057624736,0.7589599437807448,0.0,1.707659873506676,0.0,0.0,86.1,36.36,25.0,0.0,20.0,58.2,57.14,77.14,0.0289402955631227,0.0210576936568297,0.1897399859451862,0.2529866479269149,0.0054933419536191,0.1264933239634574,2.5931131412508783,3.794799718903725,0.084931950105411,26.56359803232607,CB,92,78,65,89,84,67,42,65,58,51,81,81,43,43,86,76,40,96,54,67,90,17,100,40,51,51,24,85,17,53,52,50,78,51,73,95,27,27,33,60,72,68,76,71,75,21,75,51,30,42,35,29,33,63,60,29,27,49,38,40,75,46,41,62,17,97,40,51,51,24,85,17,53,52,50,78,30,54,87,14,14,24,25,44,41,46,Eliteserien
Kristiansund,uqspd1bx7f6mq8ohj50u1k1k,60xm53o64nszavcsgfu5xzjyt,S. Svendsen,Sander Svendsen,29.0,Midfielder,Norway,Midfielder,7.0,5.0,34.0,1.0,36.0,0.0,1.0,4.0,6.0,4.0,2.0,4.0,2.0,2.0,6.0,3.0,0.0,0.0,204.0,1.0,8.0,2.0,2.0,1.0,0.0,0.0,87.8,50.0,41.67,100.0,16.67,40.0,0.0,50.0,0.4413040259190628,0.5468233608150322,2.0,1.0,0.02385149,1.0,7.0,9.0,0.22112767,23.0,3.088235294117647,2.2058823529411766,15.0,0.4411764705882353,15.882352941176473,0.0,0.4411764705882353,1.7647058823529411,2.647058823529412,1.7647058823529411,0.8823529411764706,1.7647058823529411,0.8823529411764706,0.8823529411764706,2.647058823529412,1.3235294117647058,0.0,0.0,0.4411764705882353,3.5294117647058822,0.8823529411764706,0.8823529411764706,0.4411764705882353,0.0,0.0,87.8,50.0,41.67,100.0,16.67,40.0,0.0,50.0,0.1946929526113512,0.241245600359573,0.8823529411764706,0.4411764705882353,0.0105227161764705,0.4411764705882353,3.088235294117647,3.9705882352941178,0.097556325,10.147058823529411,CM/AM,5,63,7,9,4,6,50,19,29,34,36,59,10,10,4,18,23,5,26,18,12,20,4,49,49,89,61,89,97,25,25,6,18,21,30,40,5,6,4,21,21,14,7,5,96,31,18,9,6,96,75,90,80,82,100,25,25,7,58,23,5,45,54,33,63,16,49,49,89,61,89,97,25,25,6,18,60,96,86,4,4,11,68,74,42,32,Eliteserien
Kristiansund,uqspd1bx7f6mq8ohj50u1k1k,6l7m7ckhqogx54zy19v3g7l2i,M. Williamsen,Max Williamsen,23.0,Defender,Norway,Defender,101.0,0.0,56.0,9.0,157.0,6.0,0.0,0.0,2.0,2.0,0.0,1.0,0.0,0.0,7.0,17.0,0.0,2.0,227.0,1.0,4.0,0.0,0.0,1.0,0.0,0.0,87.71,47.37,0.0,0.0,50.0,50.0,54.55,100.0,0.2471618157668346,0.0,0.0,0.0,0.0,0.0,12.0,14.0,0.27253784,95.0,40.04405286343612,0.0,22.20264317180617,3.5682819383259914,62.24669603524229,2.378854625550661,0.0,0.0,0.7929515418502203,0.7929515418502203,0.0,0.3964757709251101,0.0,0.0,2.775330396475771,6.740088105726873,0.0,0.7929515418502203,0.3964757709251101,1.5859030837004406,0.0,0.0,0.3964757709251101,0.0,0.0,87.71,47.37,0.0,0.0,50.0,50.0,54.55,100.0,0.0979936714494058,0.0,0.0,0.0,0.0,0.0,4.757709251101322,5.550660792951542,0.1080546502202643,37.66519823788546,CB,25,37,11,26,17,21,42,12,31,40,26,56,11,10,6,22,40,9,54,29,2,17,10,40,51,60,65,37,17,91,18,41,97,37,13,29,6,6,10,21,22,19,21,86,37,60,81,83,63,42,12,73,84,26,97,11,10,5,84,40,17,89,78,2,17,14,40,51,60,65,37,17,91,18,41,97,76,13,29,6,6,10,63,75,63,76,Eliteserien
Kristiansund,uqspd1bx7f6mq8ohj50u1k1k,6rfyer2rek8oez224ue12dces,A. Rønning,Adrian Rønning,20.0,Attacker,Norway,Striker,48.0,1.0,140.0,6.0,187.0,2.0,0.0,6.0,25.0,14.0,11.0,4.0,34.0,35.0,35.0,4.0,1.0,8.0,889.0,9.0,40.0,12.0,12.0,4.0,0.0,0.0,74.8,28.57,7.69,35.29,36.0,30.7,40.0,44.44,2.2439898083595686,0.4951355365463233,12.0,19.0,0.51046119,6.0,19.0,28.0,0.6940628499999998,72.0,4.859392575928009,0.1012373453318335,14.173228346456693,0.6074240719910011,18.931383577052863,0.202474690663667,0.0,0.6074240719910011,2.530933633295838,1.4173228346456692,1.1136107986501689,0.404949381327334,3.44206974128234,3.543307086614173,3.543307086614173,0.404949381327334,0.1012373453318335,0.8098987626546681,0.9111361079865016,4.04949381327334,1.2148481439820022,1.2148481439820022,0.404949381327334,0.0,0.0,74.8,28.57,7.69,35.29,36.0,30.7,40.0,44.44,0.2271755711500125,0.0501262072994028,1.2148481439820022,1.9235095613048367,0.0516777357705286,0.6074240719910011,1.9235095613048367,2.8346456692913384,0.0702650804274465,7.289088863892013,ST,65,55,83,75,79,13,21,44,65,55,96,44,94,94,46,33,31,86,63,55,67,89,52,50,50,64,27,43,39,43,12,51,29,60,48,92,80,67,71,90,88,67,81,50,52,81,74,71,5,21,19,60,26,98,24,93,93,24,26,24,93,50,24,55,88,43,50,50,64,27,43,39,43,12,51,29,29,24,93,71,67,60,83,88,62,67,Eliteserien
Kristiansund,uqspd1bx7f6mq8ohj50u1k1k,7fsqcwqftmk6lms6f6u8lpdlg,S. Kilen,Sander Kilen,21.0,Attacker,Norway,Striker,53.0,4.0,242.0,13.0,291.0,19.0,2.0,24.0,24.0,18.0,6.0,9.0,52.0,57.0,84.0,18.0,2.0,8.0,1271.0,6.0,73.0,17.0,33.0,8.0,0.0,0.0,74.05,44.83,15.38,63.46,25.0,46.15,44.19,50.0,2.5725120559621706,1.8774532321522408,6.0,49.0,1.5942064999999992,24.0,25.0,27.0,1.17816607,119.0,3.7529504327301337,0.2832415420928403,17.136113296616838,0.9205350118017308,20.60582218725413,1.3453973249409914,0.1416207710464201,1.6994492525570415,1.6994492525570415,1.2745869394177811,0.4248623131392604,0.6372934697088907,3.682140047206924,4.036191974822974,5.948072383949646,1.2745869394177811,0.1416207710464201,0.5664830841856806,0.4248623131392604,5.169158143194335,1.2037765538945713,2.3367427222659325,0.5664830841856806,0.0,0.0,74.05,44.83,15.38,63.46,25.0,46.15,44.19,50.0,0.182160570445787,0.132943187170497,0.4248623131392604,3.469708890637293,0.1128863768686073,1.6994492525570415,1.7702596380802518,1.911880409126672,0.0834263936270653,8.426435877261998,LW,82,64,91,91,91,100,82,82,73,86,73,91,82,82,91,100,64,100,45,82,73,100,73,55,55,18,36,18,100,18,64,73,41,64,82,64,91,91,100,91,91,55,91,18,45,45,55,27,91,36,55,36,36,45,55,45,45,55,91,45,82,9,45,36,91,36,55,55,18,36,18,100,18,64,73,41,36,45,18,45,55,55,73,36,18,36,Eliteserien
Kristiansund,uqspd1bx7f6mq8ohj50u1k1k,8qwi3kh86b31w5orft10m0rft,T. Svendsen,Tobias Svendsen,26.0,Midfielder,Norway,Midfielder,19.0,0.0,61.0,1.0,80.0,0.0,0.0,4.0,6.0,4.0,2.0,3.0,13.0,13.0,19.0,8.0,1.0,0.0,317.0,1.0,8.0,5.0,7.0,5.0,0.0,0.0,86.02,100.0,0.0,53.85,16.67,33.93,0.0,71.43,0.4640773229487101,0.2797967429488396,3.0,10.0,0.2409283499999999,8.0,10.0,12.0,0.31175255,35.0,5.394321766561514,0.0,17.318611987381704,0.2839116719242902,22.71293375394322,0.0,0.0,1.135646687697161,1.7034700315457414,1.135646687697161,0.5678233438485805,0.8517350157728707,3.690851735015773,3.690851735015773,5.394321766561514,2.271293375394322,0.2839116719242902,0.0,0.2839116719242902,2.271293375394322,1.4195583596214512,1.987381703470032,1.4195583596214512,0.0,0.0,86.02,100.0,0.0,53.85,16.67,33.93,0.0,71.43,0.131756968660517,0.0794375610895759,0.8517350157728707,2.8391167192429023,0.0684023706624605,2.271293375394322,2.8391167192429023,3.406940063091483,0.0885101876971608,9.936908517350158,CM/AM,11,14,18,9,16,6,18,19,29,34,36,46,54,52,22,39,54,5,26,18,27,61,35,49,49,82,97,14,62,25,7,6,74,25,18,57,32,28,60,27,28,19,18,19,14,47,11,33,6,18,32,54,56,74,86,98,96,63,88,70,5,33,30,61,96,67,49,49,82,97,14,62,25,7,6,74,37,21,84,82,70,96,67,60,33,30,Eliteserien
Kristiansund,uqspd1bx7f6mq8ohj50u1k1k,94vr0cf5vsj2pxd0aotfdmpzo,H. Bruseth,Heine Bruseth,22.0,Midfielder,Norway,Midfielder,137.0,19.0,259.0,25.0,377.0,2.0,2.0,20.0,15.0,1.0,14.0,7.0,20.0,21.0,61.0,8.0,0.0,5.0,1077.0,2.0,10.0,32.0,10.0,10.0,0.0,0.0,85.1,44.64,35.85,50.0,13.33,53.51,18.18,58.82,1.1440643182828014,1.9834361951915525,8.0,22.0,0.53838031,14.0,47.0,63.0,1.1797050899999997,177.0,11.448467966573816,1.5877437325905293,21.643454038997213,2.0891364902506964,31.5041782729805,0.1671309192200557,0.1671309192200557,1.6713091922005572,1.2534818941504178,0.0835654596100278,1.16991643454039,0.584958217270195,1.6713091922005572,1.7548746518105849,5.0974930362117,0.6685236768802229,0.0,0.4178272980501393,0.1671309192200557,0.8356545961002786,2.6740947075208914,0.8356545961002786,0.8356545961002786,0.0,0.0,85.1,44.64,35.85,50.0,13.33,53.51,18.18,58.82,0.0956042605807355,0.165746757258347,0.6685236768802229,1.8384401114206128,0.0449899980501392,1.16991643454039,3.927576601671309,5.264623955431754,0.0985825980501392,14.79108635097493,CM/AM,79,90,79,90,77,23,73,80,58,9,91,84,76,75,79,39,23,47,34,23,96,79,55,49,49,72,40,81,55,21,77,14,34,51,84,87,71,63,81,84,90,58,79,65,91,70,89,65,14,67,70,32,4,91,65,53,51,54,21,23,28,23,9,96,60,32,49,49,72,40,81,55,21,77,14,34,26,77,77,47,40,70,75,88,44,65,Eliteserien
Kristiansund,uqspd1bx7f6mq8ohj50u1k1k,a7upy78sew3kqehgcfm9ho5ck,F. Flex,Frederik Flex,22.0,Defender,Denmark,Defender,174.0,6.0,267.0,16.0,435.0,14.0,0.0,8.0,5.0,0.0,5.0,0.0,11.0,12.0,49.0,57.0,0.0,11.0,1013.0,0.0,8.0,12.0,3.0,15.0,0.0,0.0,82.7,34.04,18.18,27.27,0.0,53.26,66.67,71.43,0.2976987515821737,0.5482051848230837,2.0,10.0,0.22734109,8.0,58.0,78.0,1.5490252700000011,255.0,15.459032576505429,0.5330700888450147,23.72161895360316,1.4215202369200397,38.64758144126357,1.2438302073050345,0.0,0.7107601184600197,0.4442250740375123,0.0,0.4442250740375123,0.0,0.977295162882527,1.0661401776900294,4.353405725567621,5.064165844027641,0.0,0.977295162882527,0.0,0.7107601184600197,1.0661401776900294,0.2665350444225073,1.3326752221125369,0.0,0.0,82.7,34.04,18.18,27.27,0.0,53.26,66.67,71.43,0.0264490499924932,0.0487052977631564,0.1776900296150049,0.8884501480750246,0.0201981225074037,0.7107601184600197,5.153010858835143,6.929911154985192,0.1376231730503456,22.655478775913128,LB/LCB,57,54,57,50,52,65,30,50,46,11,72,15,52,52,61,87,30,61,17,17,74,46,72,41,50,65,35,26,22,17,52,91,83,39,35,46,26,22,26,72,83,48,70,30,39,61,30,57,61,30,39,35,11,65,15,52,57,35,87,30,65,17,22,61,26,52,41,50,65,35,26,22,17,52,91,83,30,26,48,13,22,17,70,83,22,70,Eliteserien
Kristiansund,uqspd1bx7f6mq8ohj50u1k1k,dt6oacdhzssj4bu3a9rp8jdas,H. Haugen,Haakon Haugen,19.0,Defender,Norway,Defender,66.0,0.0,83.0,7.0,149.0,11.0,0.0,2.0,2.0,1.0,1.0,1.0,4.0,4.0,25.0,21.0,0.0,4.0,556.0,0.0,4.0,6.0,3.0,3.0,0.0,0.0,82.78,43.75,0.0,75.0,0.0,52.08,52.38,60.0,0.2118715635334124,0.1999181696829968,0.0,4.0,0.10722493,3.0,16.0,16.0,0.28017777,57.0,10.683453237410072,0.0,13.43525179856115,1.1330935251798562,24.11870503597122,1.7805755395683454,0.0,0.3237410071942446,0.3237410071942446,0.1618705035971223,0.1618705035971223,0.1618705035971223,0.6474820143884892,0.6474820143884892,4.046762589928058,3.399280575539568,0.0,0.6474820143884892,0.0,0.6474820143884892,0.9712230215827338,0.4856115107913669,0.4856115107913669,0.0,0.0,82.78,43.75,0.0,75.0,0.0,52.08,52.38,60.0,0.0342957566870631,0.0323608548048016,0.0,0.6474820143884892,0.0173565534172661,0.4856115107913669,2.5899280575539567,2.5899280575539567,0.0453525167266187,9.226618705035971,CB,11,37,27,16,14,36,42,47,31,26,63,56,70,69,30,30,40,20,21,29,55,78,28,40,51,21,40,37,83,21,30,37,39,33,59,29,27,32,44,29,31,21,13,6,37,14,8,6,37,42,60,30,29,75,67,73,72,40,19,40,12,21,29,71,84,21,40,51,21,40,37,83,21,30,37,39,35,63,29,29,37,60,24,22,10,11,Eliteserien
Kristiansund,uqspd1bx7f6mq8ohj50u1k1k,entijovrf5gijn9mx40zatgx5,J. Isaksen,Jesper Isaksen,26.0,Midfielder,Norway,Midfielder,93.0,0.0,134.0,3.0,227.0,10.0,0.0,1.0,6.0,6.0,0.0,0.0,7.0,7.0,43.0,12.0,0.0,4.0,590.0,0.0,11.0,17.0,3.0,10.0,0.0,0.0,86.97,17.65,0.0,42.86,0.0,61.43,66.67,76.92,0.858835204841969,0.1513480267974898,0.0,15.0,0.34875719,11.0,24.0,37.0,0.92315034,107.0,14.186440677966102,0.0,20.440677966101696,0.4576271186440678,34.6271186440678,1.5254237288135597,0.0,0.1525423728813559,0.9152542372881356,0.9152542372881356,0.0,0.0,1.0677966101694916,1.0677966101694916,6.559322033898305,1.8305084745762712,0.0,0.6101694915254238,0.0,1.6779661016949152,2.593220338983051,0.4576271186440678,1.5254237288135597,0.0,0.0,86.97,17.65,0.0,42.86,0.0,61.43,66.67,76.92,0.1310087600606393,0.0230869871386001,0.0,2.288135593220339,0.0532002493220339,1.6779661016949152,3.6610169491525424,5.6440677966101696,0.1408195433898305,16.322033898305087,LM/LCM,94,19,75,25,88,88,25,12,31,50,12,12,12,12,62,81,38,75,19,19,88,12,88,56,56,100,12,19,50,19,100,100,88,50,12,12,50,38,62,88,88,62,88,88,19,75,12,88,88,25,12,25,25,12,12,12,12,88,100,38,50,19,12,100,12,88,56,56,100,12,19,50,19,100,100,88,25,12,12,25,25,62,100,88,50,75,Eliteserien
Kristiansund,uqspd1bx7f6mq8ohj50u1k1k,evp0uxt65iugdfwf403qqub6c,L. Alvheim,Leander Alvheim,21.0,Attacker,Norway,Striker,31.0,0.0,86.0,5.0,117.0,47.0,0.0,9.0,34.0,26.0,8.0,5.0,21.0,22.0,81.0,27.0,6.0,9.0,1202.0,14.0,62.0,15.0,9.0,4.0,0.0,1.0,63.59,71.43,0.0,42.86,41.18,41.12,41.59,40.0,3.7694400515447537,0.218867115234712,13.0,7.0,0.18400688,2.0,10.0,13.0,0.26012512,51.0,2.321131447587354,0.0,6.439267886855241,0.3743760399334442,8.760399334442596,3.519134775374376,0.0,0.6738768718801996,2.545757071547421,1.94675540765391,0.5990016638935108,0.3743760399334442,1.5723793677204658,1.6472545757071546,6.064891846921797,2.021630615640599,0.4492512479201331,0.6738768718801996,1.048252911813644,4.642262895174708,1.123128119800333,0.6738768718801996,0.2995008319467554,0.0,0.0748752079866888,63.59,71.43,0.0,42.86,41.18,41.12,41.59,40.0,0.2822376078527686,0.0163877207746456,0.973377703826955,0.5241264559068219,0.0137775534109816,0.1497504159733777,0.7487520798668885,0.973377703826955,0.0194769224625623,3.818635607321131,ST,40,21,57,68,52,98,21,60,87,83,83,55,71,73,90,98,90,90,88,83,70,67,52,50,100,17,82,21,61,60,57,57,24,81,12,95,40,29,29,67,68,26,62,10,21,21,50,10,86,21,26,64,50,64,21,36,38,76,86,81,86,64,43,38,55,29,50,100,17,82,21,61,60,57,57,24,55,2,79,14,7,24,50,48,7,38,Eliteserien
Lillestrøm,93xj9vmeln0marv6r1uti7but,1gnpoxdene6ohs2rrl1apd9zp,R. Gabrielsen,Ruben Gabrielsen,34.0,Defender,Norway,Defender,643.0,0.0,425.0,49.0,1068.0,34.0,0.0,4.0,5.0,5.0,0.0,1.0,2.0,2.0,52.0,85.0,0.0,16.0,1350.0,1.0,10.0,6.0,2.0,8.0,0.0,0.0,90.74,54.44,0.0,100.0,20.0,59.09,61.82,72.73,0.582163984557049,0.4181105820301517,0.0,14.0,0.28920029,7.0,109.0,92.0,1.947223830000001,724.0,42.86666666666667,0.0,28.33333333333333,3.2666666666666666,71.2,2.2666666666666666,0.0,0.2666666666666666,0.3333333333333333,0.3333333333333333,0.0,0.0666666666666666,0.1333333333333333,0.1333333333333333,3.466666666666667,5.666666666666667,0.0,1.0666666666666669,0.0666666666666666,0.6666666666666666,0.4,0.1333333333333333,0.5333333333333333,0.0,0.0,90.74,54.44,0.0,100.0,20.0,59.09,61.82,72.73,0.0388109323038032,0.0278740388020101,0.0,0.9333333333333332,0.0192800193333333,0.4666666666666667,7.266666666666667,6.133333333333334,0.129814922,48.266666666666666,CB,96,37,94,87,94,84,42,77,58,70,26,56,43,43,75,87,40,88,54,58,55,65,60,40,51,90,86,37,94,53,60,70,64,63,81,29,70,62,76,95,92,92,94,94,37,83,73,92,57,42,49,32,48,26,49,32,30,24,56,40,60,49,30,21,49,29,40,51,90,86,37,94,53,60,70,64,38,62,29,41,38,57,90,84,71,92,Eliteserien
Lillestrøm,93xj9vmeln0marv6r1uti7but,1zso05h684yyan468qbxk55d6,S. Ottesen,Sturla Ottesen,25.0,Defender,Norway,Defender,181.0,4.0,190.0,10.0,367.0,20.0,0.0,3.0,8.0,5.0,3.0,1.0,10.0,11.0,47.0,35.0,0.0,10.0,772.0,2.0,22.0,11.0,3.0,10.0,0.0,0.0,83.79,33.33,44.44,30.0,25.0,57.32,58.82,76.92,0.8079581458388978,0.3778060664482137,1.0,17.0,0.37496112,14.0,23.0,24.0,0.751475100000001,166.0,21.10103626943005,0.466321243523316,22.15025906735752,1.1658031088082903,42.78497409326425,2.3316062176165806,0.0,0.349740932642487,0.932642487046632,0.5829015544041452,0.349740932642487,0.116580310880829,1.1658031088082903,1.2823834196891193,5.479274611398964,4.080310880829016,0.0,1.1658031088082903,0.233160621761658,2.5647668393782386,1.2823834196891193,0.349740932642487,1.1658031088082903,0.0,0.0,83.79,33.33,44.44,30.0,25.0,57.32,58.82,76.92,0.0941920118205969,0.0440447486791958,0.116580310880829,1.9818652849740928,0.0437130839378238,1.6321243523316062,2.681347150259068,2.7979274611398965,0.0876072007772021,19.35233160621761,CB,48,94,60,33,52,62,42,65,83,70,91,56,93,94,62,55,40,59,75,90,84,78,70,40,51,29,17,95,38,60,48,60,75,79,76,69,75,76,91,41,42,51,44,24,92,59,11,32,60,42,63,83,65,90,57,90,90,75,32,40,65,75,89,81,71,75,40,51,29,17,95,38,60,48,60,75,70,79,70,79,75,90,27,27,46,21,Eliteserien
Lillestrøm,93xj9vmeln0marv6r1uti7but,20i5y3j4afmbelygcf1hbnu2,L. Ranger,Lars Ranger,27.0,Defender,Norway,Defender,309.0,2.0,381.0,63.0,688.0,14.0,1.0,11.0,26.0,13.0,13.0,7.0,27.0,29.0,110.0,39.0,2.0,11.0,1371.0,8.0,40.0,36.0,10.0,31.0,0.0,0.0,80.85,55.26,20.0,37.04,30.77,56.12,53.85,62.0,2.139519276397631,0.7200499928773065,11.0,47.0,1.1417566899999994,25.0,87.0,97.0,2.49797526,374.0,20.28446389496718,0.1312910284463895,25.0109409190372,4.13566739606127,45.16411378555799,0.9190371991247264,0.0656455142231947,0.7221006564551423,1.7067833698030634,0.8533916849015317,0.8533916849015317,0.4595185995623632,1.7724288840262583,1.903719912472648,7.2210065645514225,2.560175054704595,0.1312910284463895,0.7221006564551423,0.525164113785558,2.6258205689277903,2.3632385120350112,0.6564551422319476,2.035010940919037,0.0,0.0,80.85,55.26,20.0,37.04,30.77,56.12,53.85,62.0,0.14044984308956,0.0472680520488385,0.7221006564551423,3.085339168490153,0.0749512050328227,1.6411378555798688,5.711159737417943,6.367614879649891,0.1639808704595186,24.55142231947484,RB/RCB,88,19,92,92,88,58,62,62,100,94,100,96,92,92,100,73,83,58,96,92,100,88,96,38,52,67,96,25,33,67,71,71,25,96,50,100,96,96,96,88,88,71,88,71,12,83,88,83,46,54,29,92,83,100,71,88,88,75,46,79,38,96,71,100,75,67,38,52,67,96,25,33,67,71,71,25,88,21,96,92,88,88,83,88,58,79,Eliteserien
Lillestrøm,93xj9vmeln0marv6r1uti7but,3n6b7ugoqnm6h02li6ca6iqs4,L. Alperud,Linus Alperud,20.0,Midfielder,Sweden,Midfielder,27.0,1.0,64.0,3.0,90.0,2.0,0.0,4.0,7.0,4.0,3.0,1.0,19.0,20.0,26.0,4.0,1.0,4.0,318.0,3.0,17.0,9.0,7.0,4.0,0.0,0.0,85.71,75.0,16.67,36.84,42.86,44.07,50.0,50.0,0.5436106738673135,0.4380249738764191,4.0,18.0,0.50052735,4.0,2.0,6.0,0.64865576,27.0,7.641509433962264,0.2830188679245283,18.11320754716981,0.8490566037735849,25.471698113207548,0.5660377358490566,0.0,1.1320754716981132,1.981132075471698,1.1320754716981132,0.8490566037735849,0.2830188679245283,5.377358490566038,5.660377358490567,7.358490566037736,1.1320754716981132,0.2830188679245283,1.1320754716981132,0.8490566037735849,4.811320754716982,2.547169811320755,1.981132075471698,1.1320754716981132,0.0,0.0,85.71,75.0,16.67,36.84,42.86,44.07,50.0,50.0,0.153852077509617,0.1239693322291752,1.1320754716981132,5.09433962264151,0.1416586839622641,1.1320754716981132,0.5660377358490566,1.69811320754717,0.1835818188679245,7.641509433962264,RM/RCM,33,29,33,42,33,29,17,25,29,29,46,12,54,58,42,38,38,50,25,33,46,50,29,50,54,100,92,42,33,54,42,88,25,25,25,46,50,50,33,8,17,33,25,67,33,67,50,75,67,17,42,58,58,67,42,100,100,83,67,67,100,75,67,92,100,42,50,54,100,92,42,33,54,42,88,25,25,33,75,100,92,75,8,17,58,33,Eliteserien
Lillestrøm,93xj9vmeln0marv6r1uti7but,3qjm9ada1em0wt6ti5l352q96,F. Elkær,Frederik Elkær,24.0,Defender,Denmark,Defender,139.0,13.0,163.0,14.0,289.0,7.0,1.0,16.0,7.0,1.0,6.0,3.0,6.0,6.0,23.0,18.0,0.0,3.0,590.0,1.0,9.0,3.0,2.0,7.0,0.0,0.0,83.29,40.0,23.64,33.33,14.29,48.94,50.0,63.64,0.4099699301033455,2.233030426119158,2.0,9.0,0.23707531,4.0,21.0,23.0,1.08981834,101.0,21.20338983050848,1.9830508474576272,24.864406779661017,2.135593220338983,44.08474576271187,1.0677966101694916,0.1525423728813559,2.440677966101695,1.0677966101694916,0.1525423728813559,0.9152542372881356,0.4576271186440678,0.9152542372881356,0.9152542372881356,3.5084745762711864,2.745762711864407,0.0,0.4576271186440678,0.1525423728813559,1.3728813559322035,0.4576271186440678,0.3050847457627119,1.0677966101694916,0.0,0.0,83.29,40.0,23.64,33.33,14.29,48.94,50.0,63.64,0.0625377859479679,0.3406317599164817,0.3050847457627119,1.3728813559322035,0.036164030338983,0.6101694915254238,3.2033898305084745,3.5084745762711864,0.1662434755932203,15.40677966101695,LB/LCB,43,80,41,39,43,41,67,83,52,28,83,63,37,35,22,33,30,24,39,26,17,35,20,41,50,74,65,39,28,37,17,59,37,48,91,46,22,30,13,35,26,17,30,78,91,83,61,70,57,83,87,61,35,100,83,43,43,13,52,30,17,39,43,35,30,39,41,50,74,65,39,28,37,17,59,37,52,96,61,30,35,13,43,39,48,39,Eliteserien
Lillestrøm,93xj9vmeln0marv6r1uti7but,4wbflb2rvkttnk2af8vnlw5qs,C. Jebara,Camil Jebara,23.0,Attacker,Sweden,Striker,10.0,5.0,72.0,1.0,77.0,2.0,0.0,5.0,3.0,3.0,0.0,1.0,9.0,9.0,18.0,4.0,1.0,1.0,320.0,1.0,19.0,5.0,5.0,3.0,0.0,0.0,76.24,25.0,41.67,55.56,33.33,52.94,25.0,50.0,0.3000827923243889,0.4895339951763324,1.0,16.0,0.5648689299999999,8.0,3.0,9.0,0.6711782099999999,30.0,2.8125,1.40625,20.25,0.28125,21.65625,0.5625,0.0,1.40625,0.84375,0.84375,0.0,0.28125,2.53125,2.53125,5.0625,1.125,0.28125,0.28125,0.28125,5.34375,1.40625,1.40625,0.84375,0.0,0.0,76.24,25.0,41.67,55.56,33.33,52.94,25.0,50.0,0.0843982853412343,0.1376814361433435,0.28125,4.5,0.1588693865625,2.25,0.84375,2.53125,0.1887688715624999,8.4375,RW,64,86,86,64,71,71,43,64,14,14,21,36,43,36,57,86,50,36,14,86,57,43,71,57,57,71,57,71,71,50,86,71,57,29,57,21,86,86,100,86,100,71,71,14,86,71,57,57,57,43,71,14,14,21,29,14,14,43,71,57,43,14,43,43,43,71,57,57,71,57,71,71,50,86,71,57,14,71,14,100,100,100,86,86,71,86,Eliteserien
Lillestrøm,93xj9vmeln0marv6r1uti7but,4ymmvsw7begr70g9n4km6vpih,Vá,Vladimiro Etson António Félix,28.0,Attacker,Angola,Striker,85.0,3.0,187.0,11.0,269.0,17.0,5.0,27.0,19.0,16.0,3.0,4.0,57.0,61.0,118.0,9.0,4.0,2.0,1360.0,7.0,78.0,43.0,21.0,24.0,0.0,0.0,75.14,57.89,15.79,36.84,36.84,53.15,47.22,64.86,2.7719696006505714,2.5550982844958288,3.0,31.0,1.43540576,9.0,13.0,19.0,2.1569041800000006,100.0,5.625,0.1985294117647059,12.375,0.7279411764705882,17.801470588235293,1.125,0.3308823529411764,1.786764705882353,1.2573529411764706,1.0588235294117647,0.1985294117647059,0.2647058823529412,3.772058823529412,4.036764705882353,7.808823529411764,0.5955882352941176,0.2647058823529412,0.1323529411764706,0.4632352941176471,5.161764705882353,2.8455882352941178,1.3897058823529411,1.5882352941176472,0.0,0.0,75.14,57.89,15.79,36.84,36.84,53.15,47.22,64.86,0.1834391647489348,0.1690873864739886,0.1985294117647059,2.0514705882352944,0.0949900870588235,0.5955882352941176,0.8602941176470589,1.2573529411764706,0.1427363060294118,6.61764705882353,LW,100,50,82,82,82,91,100,91,64,68,55,55,91,91,100,77,100,55,64,91,100,82,100,55,55,36,82,27,45,45,100,82,73,91,91,23,77,82,50,73,55,73,82,64,27,18,45,18,82,91,73,18,27,9,9,55,55,100,55,73,27,27,36,91,45,91,55,55,36,82,27,45,45,100,82,73,45,64,9,36,36,27,27,18,36,18,Eliteserien
Lillestrøm,93xj9vmeln0marv6r1uti7but,4zpydvaonu3oxdlc1fcln4lih,E. Kitolano,Eric Kitolano,28.0,Midfielder,Norway,Midfielder,32.0,0.0,61.0,6.0,93.0,4.0,0.0,7.0,6.0,4.0,2.0,5.0,6.0,6.0,22.0,8.0,0.0,5.0,415.0,0.0,23.0,11.0,1.0,4.0,0.0,0.0,69.92,46.15,0.0,16.67,0.0,44.9,33.33,66.67,0.6747756044907154,0.6040614153582513,2.0,11.0,0.4448078199999999,3.0,6.0,7.0,0.6864364700000001,42.0,6.939759036144579,0.0,13.228915662650603,1.3012048192771086,20.168674698795183,0.8674698795180724,0.0,1.5180722891566267,1.3012048192771086,0.8674698795180724,0.4337349397590362,1.0843373493975903,1.3012048192771086,1.3012048192771086,4.771084337349398,1.7349397590361448,0.0,1.0843373493975903,0.0,4.987951807228916,2.385542168674699,0.2168674698795181,0.8674698795180724,0.0,0.0,69.92,46.15,0.0,16.67,0.0,44.9,33.33,66.67,0.1463368780823238,0.1310012708005846,0.4337349397590362,2.385542168674699,0.096464346506024,0.6506024096385543,1.3012048192771086,1.5180722891566267,0.1488657404819277,9.10843373493976,CM/AM,22,14,18,40,21,36,18,32,29,34,36,68,22,21,26,39,23,47,11,47,58,11,27,49,49,11,54,14,8,11,44,31,59,33,33,40,38,54,18,17,11,37,23,32,14,21,68,26,58,18,60,33,37,56,91,39,37,51,79,23,77,11,84,91,9,33,49,49,11,54,14,8,11,44,31,59,44,53,58,68,82,30,19,11,65,21,Eliteserien
Lillestrøm,93xj9vmeln0marv6r1uti7but,51wrvgnamem23vf9scuk4ezt,Y. Ibrahimaj,Ylldren Ibrahimaj,30.0,Attacker,Kosovo,Striker,324.0,14.0,404.0,23.0,714.0,4.0,2.0,20.0,19.0,9.0,10.0,11.0,14.0,14.0,37.0,33.0,0.0,22.0,1360.0,1.0,26.0,7.0,10.0,8.0,0.0,0.0,88.26,41.82,26.42,71.43,5.26,48.68,44.44,50.0,1.7776641743703772,1.9881219082379449,4.0,31.0,0.7060382699999997,15.0,58.0,56.0,1.8620905899999984,308.0,21.44117647058824,0.9264705882352942,26.73529411764705,1.522058823529412,47.25,0.2647058823529412,0.1323529411764706,1.3235294117647058,1.2573529411764706,0.5955882352941176,0.6617647058823529,0.7279411764705882,0.9264705882352942,0.9264705882352942,2.448529411764706,2.183823529411765,0.0,1.4558823529411764,0.0661764705882353,1.7205882352941178,0.4632352941176471,0.6617647058823529,0.5294117647058824,0.0,0.0,88.26,41.82,26.42,71.43,5.26,48.68,44.44,50.0,0.1176395409509808,0.1315668909863346,0.2647058823529412,2.0514705882352944,0.0467231208088235,0.9926470588235294,3.838235294117647,3.7058823529411766,0.1232265831617646,20.38235294117647,ST,100,95,98,98,100,24,87,98,54,24,92,100,51,46,51,100,11,100,8,26,42,73,74,50,50,100,45,67,98,5,83,67,33,43,98,44,94,81,98,98,98,98,100,100,93,98,95,100,10,60,76,2,2,74,83,14,10,10,95,11,100,5,2,7,48,55,50,50,100,45,67,98,5,83,67,33,7,81,19,76,57,86,98,98,83,100,Eliteserien
Lillestrøm,93xj9vmeln0marv6r1uti7but,5lc81sbctf8okncyam1di568l,T. Lehne Olsen,Thomas Lehne Olsen,35.0,Attacker,Norway,Striker,48.0,1.0,51.0,1.0,98.0,20.0,1.0,4.0,22.0,19.0,3.0,3.0,8.0,8.0,30.0,17.0,4.0,0.0,848.0,11.0,33.0,6.0,0.0,3.0,0.0,0.0,62.82,33.33,100.0,0.0,50.0,42.25,54.05,75.0,2.7943513414228325,0.3716855871065194,1.0,1.0,0.02401521,1.0,9.0,7.0,0.45607993,34.0,5.09433962264151,0.1061320754716981,5.412735849056603,0.1061320754716981,10.400943396226417,2.1226415094339623,0.1061320754716981,0.4245283018867924,2.3349056603773586,2.016509433962264,0.3183962264150943,0.3183962264150943,0.8490566037735848,0.8490566037735848,3.1839622641509435,1.804245283018868,0.4245283018867924,0.0,1.1674528301886793,3.5023584905660377,0.6367924528301887,0.0,0.3183962264150943,0.0,0.0,62.82,33.33,100.0,0.0,50.0,42.25,54.05,75.0,0.2965703074623289,0.0394477627825315,0.1061320754716981,0.1061320754716981,0.0025487840801886,0.1061320754716981,0.955188679245283,0.7429245283018868,0.0484047095518867,3.608490566037736,ST,65,55,33,27,43,75,61,25,60,67,44,33,32,30,40,90,71,15,70,42,33,4,39,50,50,10,37,96,4,80,67,81,82,64,33,17,6,5,18,62,40,55,40,60,55,17,21,24,62,52,10,45,55,33,17,5,5,14,81,79,15,76,10,14,4,31,50,50,10,37,96,4,80,67,81,82,60,12,10,5,5,17,60,31,36,33,Eliteserien
Lillestrøm,93xj9vmeln0marv6r1uti7but,865wj533fx1l6pf8jd40uya6s,S. Kristiansen,Stian Kristiansen,27.0,Defender,Norway,Defender,245.0,0.0,131.0,26.0,376.0,16.0,0.0,2.0,3.0,3.0,0.0,2.0,2.0,2.0,37.0,33.0,0.0,7.0,547.0,1.0,5.0,16.0,2.0,2.0,0.0,0.0,81.92,35.14,0.0,100.0,33.33,68.52,57.14,50.0,0.4060218316432277,0.090357785134774,1.0,18.0,0.34904218,4.0,29.0,26.0,0.6305448100000001,214.0,40.31078610603291,0.0,21.553930530164536,4.2778793418647165,61.86471663619744,2.6325411334552102,0.0,0.3290676416819013,0.4936014625228519,0.4936014625228519,0.0,0.3290676416819013,0.3290676416819013,0.3290676416819013,6.087751371115174,5.429616087751372,0.0,1.1517367458866543,0.1645338208409506,0.8226691042047533,2.6325411334552102,0.3290676416819013,0.3290676416819013,0.0,0.0,81.92,35.14,0.0,100.0,33.33,68.52,57.14,50.0,0.0668043233051014,0.01486691163095,0.1645338208409506,2.961608775137112,0.0574292435100548,0.6581352833638026,4.7714808043875685,4.2778793418647165,0.1037459468007312,35.21023765996344,CB,58,37,40,63,54,54,42,47,41,51,26,81,43,43,52,51,40,40,54,37,97,65,22,40,51,16,21,37,94,71,89,50,20,46,37,69,79,73,58,54,44,46,51,87,37,56,92,81,68,42,62,52,57,26,90,56,56,81,52,40,63,67,43,98,70,11,40,51,16,21,37,94,71,89,50,20,59,43,83,89,84,75,65,54,57,73,Eliteserien
Lillestrøm,93xj9vmeln0marv6r1uti7but,8he8k86ayqx3x5ee2a0jsfuy2,Y. Paintsil,Yaw Paintsil,27.0,Midfielder,Norway,Midfielder,83.0,0.0,139.0,2.0,222.0,10.0,1.0,7.0,4.0,3.0,1.0,2.0,18.0,19.0,45.0,20.0,0.0,6.0,637.0,0.0,19.0,12.0,10.0,9.0,0.0,0.0,82.53,50.0,0.0,55.56,0.0,56.25,50.0,69.23,0.6414856335107776,0.5240882287053614,2.0,9.0,0.31048699,3.0,20.0,15.0,0.6114663399999997,104.0,11.72684458398744,0.0,19.63893249607536,0.282574568288854,31.365777080062795,1.4128728414442702,0.141287284144427,0.989010989010989,0.565149136577708,0.423861852433281,0.141287284144427,0.282574568288854,2.5431711145996863,2.684458398744113,6.357927786499215,2.8257456828885403,0.0,0.847723704866562,0.0,2.684458398744113,1.695447409733124,1.4128728414442702,1.2715855572998431,0.0,0.0,82.53,50.0,0.0,55.56,0.0,56.25,50.0,69.23,0.090633762976405,0.0740470024858438,0.282574568288854,1.2715855572998431,0.0438678635792778,0.423861852433281,2.8257456828885403,2.119309262166405,0.0863924185243327,14.693877551020408,CM/AM,60,14,47,19,53,69,50,32,20,24,22,29,67,69,50,86,23,58,11,41,64,79,50,49,49,54,61,14,70,11,84,70,65,30,26,40,26,35,18,54,40,33,56,68,14,58,9,63,79,56,21,14,23,21,23,79,77,79,96,23,56,11,40,75,79,63,49,49,54,61,14,70,11,84,70,65,25,18,44,28,37,7,65,28,30,61,Eliteserien
Lillestrøm,93xj9vmeln0marv6r1uti7but,8zo4x4yonovkwhmj0kkynshec,H. Woxen,Harald Woxen,18.0,Midfielder,Norway,Midfielder,56.0,0.0,64.0,8.0,120.0,2.0,0.0,4.0,1.0,1.0,0.0,1.0,2.0,2.0,11.0,3.0,0.0,3.0,218.0,0.0,1.0,1.0,1.0,4.0,0.0,0.0,89.55,88.89,0.0,50.0,0.0,37.93,50.0,57.14,0.1437194262318663,0.2731176148488475,0.0,3.0,0.06317351,2.0,13.0,13.0,0.2873602699999999,46.0,23.11926605504588,0.0,26.42201834862385,3.302752293577982,49.54128440366973,0.8256880733944955,0.0,1.651376146788991,0.4128440366972477,0.4128440366972477,0.0,0.4128440366972477,0.8256880733944955,0.8256880733944955,4.541284403669725,1.2385321100917432,0.0,1.2385321100917432,0.0,0.4128440366972477,0.4128440366972477,0.4128440366972477,1.651376146788991,0.0,0.0,89.55,88.89,0.0,50.0,0.0,37.93,50.0,57.14,0.0593337080773759,0.1127549786073223,0.0,1.2385321100917432,0.0260808068807339,0.8256880733944955,5.366972477064221,5.366972477064221,0.1186349738532109,18.9908256880734,CM/AM,37,14,21,54,30,23,18,19,4,9,7,13,10,10,14,18,23,32,11,2,6,11,27,49,49,94,93,14,55,11,16,70,30,7,16,8,11,9,11,34,32,18,26,100,14,84,98,93,56,18,68,5,21,7,46,21,21,42,47,23,84,11,2,11,23,74,49,49,94,93,14,55,11,16,70,30,11,42,8,26,16,44,91,91,53,86,Eliteserien
Lillestrøm,93xj9vmeln0marv6r1uti7but,9fu1wk5unisycn8mt5j1p04ph,F. Gulbrandsen,Fredrik Gulbrandsen,33.0,Attacker,Norway,Striker,35.0,2.0,71.0,3.0,104.0,13.0,1.0,9.0,17.0,13.0,4.0,1.0,18.0,18.0,38.0,5.0,4.0,2.0,746.0,9.0,35.0,10.0,9.0,2.0,0.0,0.0,72.22,60.0,66.67,50.0,52.94,33.04,25.0,33.33,3.6620445841966167,0.5253210131496139,4.0,11.0,0.39962689,6.0,5.0,9.0,0.4387448,40.0,4.222520107238606,0.2412868632707774,8.5656836461126,0.3619302949061662,12.546916890080428,1.5683646112600536,0.1206434316353887,1.0857908847184985,2.0509383378016084,1.5683646112600536,0.4825737265415549,0.1206434316353887,2.171581769436997,2.171581769436997,4.584450402144772,0.6032171581769437,0.4825737265415549,0.2412868632707774,1.0857908847184985,4.222520107238606,1.206434316353887,1.0857908847184985,0.2412868632707774,0.0,0.0,72.22,60.0,66.67,50.0,52.94,33.04,25.0,33.33,0.4418016254392701,0.0633765297365485,0.4825737265415549,1.327077747989276,0.048212359383378,0.7238605898123324,0.6032171581769437,1.0857908847184985,0.0529316782841823,4.825737265415549,ST,51,74,48,50,46,52,61,60,45,48,56,11,64,61,55,46,71,50,63,46,61,67,27,50,50,48,71,90,79,87,19,13,20,79,50,44,61,57,71,43,54,45,50,36,74,40,45,40,48,55,64,26,36,52,10,64,62,50,38,88,45,67,31,52,76,24,50,50,48,71,90,79,87,19,13,20,88,43,42,60,62,69,40,52,45,50,Eliteserien
Lillestrøm,93xj9vmeln0marv6r1uti7but,9ol3wyx7gs29bpbhg4osrwovd,K. Krygård,Kevin Krygård,26.0,Midfielder,Norway,Midfielder,119.0,0.0,125.0,6.0,244.0,6.0,0.0,0.0,0.0,0.0,0.0,0.0,6.0,6.0,25.0,9.0,0.0,2.0,347.0,0.0,2.0,5.0,1.0,7.0,0.0,0.0,87.14,46.15,0.0,16.67,0.0,62.5,0.0,50.0,0.0,0.0,0.0,0.0,0.0,0.0,0.0,0.0,0.0,0.0,30.86455331412104,0.0,32.4207492795389,1.5561959654178674,63.28530259365994,1.5561959654178674,0.0,0.0,0.0,0.0,0.0,0.0,1.5561959654178674,1.5561959654178674,6.484149855907781,2.334293948126801,0.0,0.5187319884726225,0.0,0.5187319884726225,1.296829971181556,0.2593659942363112,1.8155619596541783,0.0,0.0,87.14,46.15,0.0,16.67,0.0,62.5,0.0,50.0,0.0,0.0,0.0,0.0,0.0,0.0,0.0,0.0,0.0,0.0,DM/CM,41,19,28,17,34,47,28,12,7,10,7,9,38,36,17,31,29,12,17,12,21,21,29,48,48,59,45,19,19,17,86,12,26,7,12,10,7,7,7,7,7,7,7,93,19,90,31,93,76,28,12,7,10,7,9,83,79,79,76,29,10,17,21,66,34,76,48,48,59,45,19,19,17,86,12,26,7,12,10,7,7,7,7,7,7,7,Eliteserien
Lillestrøm,93xj9vmeln0marv6r1uti7but,b78fvaj5k1l5x9puq3lm2tvxl,S. Foss,Sander Foss,27.0,Defender,Norway,Defender,245.0,0.0,186.0,22.0,431.0,13.0,0.0,2.0,3.0,2.0,1.0,0.0,3.0,3.0,20.0,42.0,0.0,6.0,590.0,1.0,2.0,3.0,2.0,1.0,0.0,0.0,86.37,41.51,0.0,66.67,33.33,50.0,52.0,50.0,0.3193583414717521,0.1480828245852544,0.0,7.0,0.14813778,3.0,41.0,37.0,0.9606435500000006,294.0,37.37288135593221,0.0,28.372881355932204,3.3559322033898304,65.74576271186442,1.9830508474576272,0.0,0.3050847457627119,0.4576271186440678,0.3050847457627119,0.1525423728813559,0.0,0.4576271186440678,0.4576271186440678,3.050847457627119,6.406779661016949,0.0,0.9152542372881356,0.1525423728813559,0.3050847457627119,0.4576271186440678,0.3050847457627119,0.1525423728813559,0.0,0.0,86.37,41.51,0.0,66.67,33.33,50.0,52.0,50.0,0.0487156792075554,0.0225889054452083,0.0,1.0677966101694916,0.0225972884745762,0.4576271186440678,6.254237288135593,5.6440677966101696,0.1465388466101695,44.84745762711864,CB,58,37,59,56,59,44,42,47,41,40,63,21,58,57,23,57,40,33,54,15,30,65,10,40,51,54,33,37,76,71,18,34,20,40,52,29,41,41,44,60,58,56,62,79,37,84,76,86,40,42,57,48,46,71,21,65,63,10,75,40,35,63,10,27,67,3,40,51,54,33,37,76,71,18,34,20,44,56,29,46,46,56,81,78,83,89,Eliteserien
Lillestrøm,93xj9vmeln0marv6r1uti7but,ccopiyu1000x10abjmm81l9uc,H. Melland,Henrik Melland,21.0,Midfielder,Norway,Midfielder,47.0,9.0,134.0,10.0,172.0,10.0,1.0,18.0,27.0,19.0,8.0,12.0,19.0,19.0,39.0,16.0,3.0,1.0,800.0,5.0,38.0,9.0,6.0,10.0,0.0,0.0,75.77,58.82,39.13,31.58,18.52,41.05,52.63,71.43,2.8076091396949554,1.3139766222772535,6.0,13.0,0.30998916,6.0,29.0,24.0,1.04017346,92.0,5.2875,1.0125,15.075,1.125,19.35,1.125,0.1124999999999999,2.025,3.0375,2.1375,0.8999999999999999,1.35,2.1375,2.1375,4.3875,1.7999999999999998,0.3374999999999999,0.1124999999999999,0.5625,4.275,1.0125,0.6749999999999999,1.125,0.0,0.0,75.77,58.82,39.13,31.58,18.52,41.05,52.63,71.43,0.3158560282156825,0.147822370006191,0.6749999999999999,1.4625,0.0348737805,0.6749999999999999,3.2625,2.7,0.11701951425,10.35,CM/AM,30,75,44,61,39,69,50,74,84,88,81,95,71,69,44,71,75,15,59,73,47,49,55,49,49,23,75,84,19,30,32,81,74,89,63,75,48,33,46,68,51,49,48,14,74,35,56,19,68,49,86,96,89,84,96,67,63,37,84,81,12,54,67,40,47,53,49,49,23,75,84,19,30,32,81,74,96,65,81,30,25,33,72,40,47,37,Eliteserien
Lillestrøm,93xj9vmeln0marv6r1uti7but,dg8g9ml1e0kwq0e6m1rpj2sph,E. Garnås,Espen Garnås,31.0,Defender,Norway,Defender,91.0,0.0,64.0,9.0,155.0,10.0,0.0,0.0,0.0,0.0,0.0,0.0,1.0,1.0,17.0,15.0,0.0,5.0,197.0,0.0,0.0,4.0,1.0,2.0,0.0,0.0,85.16,56.25,0.0,100.0,0.0,58.62,62.5,100.0,0.0,0.0,0.0,0.0,0.0,0.0,0.0,0.0,0.0,0.0,41.5736040609137,0.0,29.238578680203045,4.1116751269035525,70.81218274111674,4.568527918781726,0.0,0.0,0.0,0.0,0.0,0.0,0.4568527918781725,0.4568527918781725,7.766497461928933,6.852791878172588,0.0,2.284263959390863,0.0,0.0,1.8274111675126905,0.4568527918781725,0.9137055837563453,0.0,0.0,85.16,56.25,0.0,100.0,0.0,58.62,62.5,100.0,0.0,0.0,0.0,0.0,0.0,0.0,0.0,0.0,0.0,0.0,CB,20,37,14,26,16,31,42,12,7,10,26,21,28,27,19,16,40,28,21,2,42,44,22,40,51,35,90,37,94,21,56,71,97,6,13,29,6,6,10,4,4,4,4,90,37,89,90,90,97,42,12,7,10,26,21,63,62,98,90,40,97,21,2,91,81,56,40,51,35,90,37,94,21,56,71,97,6,13,29,6,6,10,4,4,4,4,Eliteserien
Lillestrøm,93xj9vmeln0marv6r1uti7but,edbd8rzppbzcfekw83i1psufo,G. Nyheim,Gustav Nyheim,20.0,Attacker,Norway,Striker,130.0,0.0,153.0,7.0,283.0,22.0,2.0,10.0,15.0,12.0,3.0,5.0,12.0,12.0,85.0,14.0,4.0,15.0,1030.0,6.0,35.0,25.0,6.0,16.0,0.0,0.0,73.13,31.82,0.0,50.0,40.0,51.52,44.9,50.0,1.6705168211174783,0.7405325166058624,0.0,14.0,0.32569893,8.0,14.0,16.0,0.7544249199999999,116.0,11.359223300970871,0.0,13.36893203883495,0.6116504854368932,24.728155339805824,1.922330097087379,0.174757281553398,0.8737864077669902,1.3106796116504855,1.0485436893203883,0.2621359223300971,0.4368932038834951,1.0485436893203883,1.0485436893203883,7.427184466019417,1.2233009708737863,0.3495145631067961,1.3106796116504855,0.5242718446601942,3.058252427184466,2.184466019417476,0.5242718446601942,1.3980582524271843,0.0,0.0,73.13,31.82,0.0,50.0,40.0,51.52,44.9,50.0,0.1459674892238573,0.0647067247519685,0.0,1.2233009708737863,0.0284591298058252,0.6990291262135923,1.2233009708737863,1.3980582524271843,0.0659206240776699,10.135922330097086,ST,98,21,86,83,93,79,87,69,31,36,44,55,43,40,95,82,71,98,40,46,96,50,98,50,50,57,33,21,79,56,88,69,33,33,69,5,68,52,80,76,77,71,90,98,21,71,76,88,55,69,45,5,10,26,33,21,17,93,69,55,98,19,7,95,29,95,50,50,57,33,21,79,56,88,69,33,12,45,5,57,29,67,69,67,60,86,Eliteserien
Molde,45v50owpvshpijizwwlcw4lni,10jjf6ittt34mqsrihtotv1g4,D. Daga,Daniel Daga,19.0,Midfielder,Nigeria,Midfielder,88.0,0.0,110.0,7.0,198.0,14.0,0.0,4.0,9.0,5.0,4.0,1.0,5.0,5.0,31.0,4.0,2.0,5.0,352.0,3.0,6.0,5.0,2.0,3.0,0.0,0.0,87.22,50.0,0.0,40.0,33.33,52.54,73.68,30.0,0.8811468065528463,0.1964545874780112,4.0,7.0,0.13897372,1.0,17.0,13.0,0.35782324,91.0,22.5,0.0,28.125,1.7897727272727273,50.625,3.5795454545454546,0.0,1.0227272727272727,2.301136363636364,1.278409090909091,1.0227272727272727,0.2556818181818182,1.278409090909091,1.278409090909091,7.926136363636364,1.0227272727272727,0.5113636363636364,1.278409090909091,0.7670454545454546,1.5340909090909092,1.278409090909091,0.5113636363636364,0.7670454545454546,0.0,0.0,87.22,50.0,0.0,40.0,33.33,52.54,73.68,30.0,0.2252932175845345,0.0502298661165369,1.0227272727272727,1.7897727272727273,0.0355330534090909,0.2556818181818182,4.346590909090909,3.3238636363636367,0.091488896590909,23.267045454545457,DM/CM,24,19,21,26,21,74,28,34,60,69,50,26,22,22,40,10,95,26,66,40,21,33,12,48,48,66,53,19,48,76,48,100,7,62,31,64,21,21,21,24,21,24,21,62,19,69,41,66,93,28,79,100,93,93,38,59,59,93,10,100,48,97,72,62,62,7,48,48,66,53,19,48,76,48,100,7,100,52,100,59,48,21,55,41,34,72,Eliteserien
Molde,45v50owpvshpijizwwlcw4lni,1fa7jrmfyw2tmkhxt3xg4a95,B. Risa,Birk Risa,28.0,Defender,Norway,Defender,643.0,1.0,468.0,90.0,1110.0,29.0,0.0,3.0,2.0,1.0,1.0,0.0,4.0,4.0,49.0,50.0,0.0,12.0,1258.0,0.0,3.0,9.0,1.0,7.0,0.0,0.0,89.59,56.25,33.33,25.0,0.0,56.32,58.0,70.0,0.2012942349461239,0.281240253534148,1.0,31.0,0.6095035599999999,6.0,139.0,122.0,2.6689217300000005,776.0,46.00158982511924,0.0715421303656597,33.48171701112877,6.43879173290938,79.41176470588235,2.0747217806041336,0.0,0.2146263910969793,0.1430842607313195,0.0715421303656597,0.0715421303656597,0.0,0.2861685214626391,0.2861685214626391,3.505564387917329,3.5771065182829886,0.0,0.8585055643879174,0.0,0.2146263910969793,0.643879173290938,0.0715421303656597,0.5007949125596184,0.0,0.0,89.59,56.25,33.33,25.0,0.0,56.32,58.0,70.0,0.0144010183983713,0.0201205268824112,0.0715421303656597,2.217806041335453,0.0436051831478537,0.4292527821939587,9.94435612082671,8.728139904610492,0.1909403463434022,55.51669316375199,CB,96,78,95,100,95,78,42,65,31,26,63,21,70,69,68,63,40,71,21,21,75,44,52,40,51,83,90,91,37,21,43,56,56,30,67,69,92,87,71,97,97,98,98,97,78,95,100,94,46,42,38,19,19,54,21,51,49,27,21,40,21,21,5,54,37,24,40,51,83,90,91,37,21,43,56,56,16,51,59,81,73,51,95,94,92,95,Eliteserien
Molde,45v50owpvshpijizwwlcw4lni,2cxec9t3rzoa5eja6sg06e1p0,O. Spiten-Nysæter,Oskar Spiten-Nysæter,18.0,Attacker,Norway,Striker,49.0,7.0,138.0,7.0,180.0,1.0,0.0,10.0,25.0,18.0,7.0,8.0,34.0,39.0,39.0,3.0,2.0,4.0,552.0,5.0,39.0,10.0,14.0,10.0,0.0,0.0,81.45,63.64,31.82,41.18,20.0,43.82,20.0,71.43,1.936374886063334,1.0021673154338262,9.0,22.0,0.63965168,13.0,13.0,25.0,1.11985279,62.0,7.989130434782608,1.141304347826087,22.5,1.141304347826087,29.34782608695652,0.1630434782608695,0.0,1.6304347826086956,4.076086956521739,2.934782608695652,1.141304347826087,1.3043478260869563,5.5434782608695645,6.358695652173912,6.358695652173912,0.4891304347826086,0.3260869565217391,0.6521739130434783,0.8152173913043478,6.358695652173912,1.6304347826086956,2.282608695652174,1.6304347826086956,0.0,0.0,81.45,63.64,31.82,41.18,20.0,43.82,20.0,71.43,0.315713296640761,0.163396844907689,1.467391304347826,3.5869565217391304,0.1042910347826086,2.119565217391304,2.119565217391304,4.076086956521739,0.1825846940217391,10.108695652173912,LW,64,77,45,64,55,32,18,55,86,86,82,82,68,73,55,36,64,82,36,59,45,68,86,55,55,73,91,82,73,9,45,32,82,55,55,82,36,36,77,73,73,45,45,91,82,64,82,64,18,18,45,100,100,91,100,82,100,64,27,82,91,55,64,45,82,100,55,55,73,91,82,73,9,45,32,82,91,55,91,55,45,64,91,91,45,64,Eliteserien
Molde,45v50owpvshpijizwwlcw4lni,2g2xt22gsidjta8xji5brs44,V. Bender,Viktor Bender,19.0,Midfielder,Denmark,Midfielder,22.0,1.0,58.0,1.0,79.0,1.0,1.0,3.0,3.0,3.0,0.0,2.0,2.0,2.0,10.0,1.0,0.0,2.0,118.0,1.0,6.0,2.0,2.0,3.0,0.0,0.0,89.77,100.0,20.0,100.0,33.33,55.56,20.0,60.0,0.3487825663925142,0.1559214678105914,0.0,1.0,0.01870347,5.0,3.0,3.0,0.1882443,28.0,16.779661016949152,0.7627118644067796,44.23728813559322,0.7627118644067796,60.25423728813559,0.7627118644067796,0.7627118644067796,2.288135593220339,2.288135593220339,2.288135593220339,0.0,1.5254237288135593,1.5254237288135593,1.5254237288135593,7.627118644067797,0.7627118644067796,0.0,1.5254237288135593,0.7627118644067796,4.576271186440678,1.5254237288135593,1.5254237288135593,2.288135593220339,0.0,0.0,89.77,100.0,20.0,100.0,33.33,55.56,20.0,60.0,0.2660206014858159,0.1189231534148578,0.0,0.7627118644067796,0.0142653584745762,3.8135593220338975,2.288135593220339,2.288135593220339,0.1435761610169491,21.35593220338983,CM/AM,16,35,14,9,14,15,50,11,15,24,7,29,10,10,12,9,23,25,26,10,12,20,19,49,49,96,97,45,97,62,81,17,39,16,9,8,5,4,36,7,4,11,11,88,70,98,39,98,54,100,96,82,95,7,98,46,44,95,26,23,91,68,72,68,88,93,49,49,96,97,45,97,62,81,17,39,88,47,8,9,7,100,49,35,63,88,Eliteserien
Molde,45v50owpvshpijizwwlcw4lni,3m81rmpqzm0j40978dmjig38q,M. Løvik,Mathias Løvik,22.0,Defender,Norway,Defender,60.0,3.0,78.0,9.0,135.0,3.0,0.0,4.0,1.0,0.0,1.0,0.0,4.0,4.0,8.0,4.0,0.0,1.0,253.0,0.0,5.0,3.0,0.0,1.0,0.0,0.0,80.36,45.0,23.08,0.0,0.0,38.1,50.0,50.0,0.0577495668347031,0.3804428837454272,1.0,9.0,0.2797855,5.0,24.0,27.0,0.5757754200000001,68.0,21.34387351778656,1.067193675889328,27.74703557312253,3.2015810276679844,48.023715415019765,1.067193675889328,0.0,1.4229249011857708,0.3557312252964427,0.0,0.3557312252964427,0.0,1.4229249011857708,1.4229249011857708,2.845849802371541,1.4229249011857708,0.0,0.3557312252964427,0.0,1.7786561264822136,1.067193675889328,0.0,0.3557312252964427,0.0,0.0,80.36,45.0,23.08,0.0,0.0,38.1,50.0,50.0,0.0205433241704477,0.1353354131900729,0.3557312252964427,3.2015810276679844,0.0995284387351778,1.7786561264822136,8.537549407114625,9.604743083003951,0.2048212956521739,24.189723320158105,CB,10,90,25,26,11,7,42,77,20,10,63,21,70,69,10,2,40,5,21,37,30,17,10,40,51,11,44,83,17,21,5,23,20,13,78,69,51,60,66,44,47,40,14,25,98,78,68,46,14,42,100,33,10,92,21,94,94,6,3,40,5,21,83,73,17,13,40,51,11,44,83,17,21,5,23,20,22,100,97,94,95,92,94,95,97,33,Eliteserien
Molde,45v50owpvshpijizwwlcw4lni,3qe0mkctopr68r841nrp2740k,S. Kabini,Samukele Kabini,22.0,Defender,South Africa,Defender,251.0,4.0,280.0,13.0,527.0,7.0,1.0,8.0,5.0,4.0,1.0,0.0,19.0,21.0,56.0,23.0,1.0,13.0,1020.0,3.0,22.0,8.0,11.0,20.0,1.0,0.0,86.96,52.0,22.22,57.89,60.0,52.83,41.18,66.67,0.6310447728435413,0.7937597426770062,2.0,26.0,0.6714134999999999,16.0,58.0,49.0,1.835211900000001,233.0,22.14705882352941,0.3529411764705882,24.70588235294117,1.1470588235294117,46.5,0.6176470588235293,0.088235294117647,0.7058823529411764,0.4411764705882353,0.3529411764705882,0.088235294117647,0.0,1.676470588235294,1.852941176470588,4.941176470588235,2.0294117647058822,0.088235294117647,1.1470588235294117,0.2647058823529412,1.9411764705882355,0.7058823529411764,0.9705882352941176,1.7647058823529411,0.088235294117647,0.0,86.96,52.0,22.22,57.89,60.0,52.83,41.18,66.67,0.0556804211332536,0.0700376243538534,0.1764705882352941,2.294117647058824,0.0592423676470588,1.4117647058823528,5.117647058823529,4.323529411764706,0.1619304617647059,20.558823529411764,LB/LCB,78,35,61,35,65,41,67,50,46,57,33,15,70,72,74,54,76,67,65,61,48,85,87,91,50,87,100,33,83,96,48,30,65,52,52,46,59,52,70,72,52,61,57,83,26,74,17,74,35,65,35,30,48,30,15,70,70,70,26,74,74,70,52,43,74,78,96,50,87,100,33,83,96,48,30,65,48,35,43,48,48,52,65,48,39,52,Eliteserien
Molde,45v50owpvshpijizwwlcw4lni,5p8387bgyjiuekkccl4j6kamt,E. Hestad,Eirik Hestad,31.0,Midfielder,Norway,Midfielder,137.0,10.0,309.0,17.0,436.0,6.0,2.0,31.0,23.0,23.0,0.0,2.0,19.0,19.0,59.0,21.0,7.0,6.0,1132.0,10.0,68.0,23.0,9.0,15.0,1.0,0.0,85.49,70.83,18.87,47.37,43.48,60.2,0.0,71.43,2.8397059264129214,3.0895535261843,4.0,34.0,1.2787559699999993,13.0,31.0,49.0,1.6968143600000003,158.0,10.892226148409897,0.7950530035335689,24.56713780918728,1.3515901060070672,34.6643109540636,0.4770318021201413,0.1590106007067137,2.464664310954064,1.8286219081272088,1.8286219081272088,0.0,0.1590106007067137,1.510600706713781,1.510600706713781,4.690812720848057,1.6696113074204948,0.5565371024734982,0.4770318021201413,0.7950530035335689,5.406360424028269,1.8286219081272088,0.715547703180212,1.1925795053003534,0.0795053003533568,0.0,85.49,70.83,18.87,47.37,43.48,60.2,0.0,71.43,0.2257716725946669,0.2456358810570556,0.3180212014134275,2.7031802120141344,0.1016678774734981,1.0335689045936396,2.464664310954064,3.895759717314488,0.1349057353356891,12.56183745583039,RM/RCM,100,75,83,75,92,67,50,83,75,100,12,42,54,50,83,92,100,62,67,92,83,71,75,100,54,92,83,58,67,67,92,12,50,92,83,46,83,83,83,92,92,58,83,92,67,92,75,100,50,33,92,50,100,12,17,17,17,50,92,92,42,42,83,67,42,58,100,54,92,83,58,67,67,92,12,50,75,83,25,67,75,58,75,83,25,83,Eliteserien
Molde,45v50owpvshpijizwwlcw4lni,5w0p51an11m21e5hnpjtukx04,J. Abdullai,Jalal Abdullai,21.0,Attacker,Ghana,Striker,29.0,2.0,40.0,0.0,67.0,15.0,2.0,5.0,29.0,21.0,8.0,7.0,16.0,16.0,37.0,3.0,1.0,1.0,684.0,7.0,42.0,8.0,6.0,5.0,0.0,0.0,77.91,0.0,50.0,37.5,24.14,38.14,46.88,62.5,3.79992456010072,0.3607117076886486,9.0,6.0,0.25778121,3.0,2.0,5.0,0.25268376,18.0,3.8157894736842106,0.2631578947368421,5.2631578947368425,0.0,8.81578947368421,1.973684210526316,0.2631578947368421,0.6578947368421053,3.8157894736842106,2.763157894736842,1.0526315789473684,0.9210526315789476,2.1052631578947367,2.1052631578947367,4.868421052631579,0.3947368421052631,0.131578947368421,0.131578947368421,0.9210526315789476,5.526315789473684,1.0526315789473684,0.7894736842105263,0.6578947368421053,0.0,0.0,77.91,0.0,50.0,37.5,24.14,38.14,46.88,62.5,0.4999900736974632,0.0474620668011379,1.1842105263157896,0.7894736842105263,0.0339185802631578,0.3947368421052631,0.2631578947368421,0.6578947368421053,0.0332478631578947,2.368421052631579,ST,33,74,21,10,25,65,87,36,77,69,83,75,61,55,51,21,31,37,50,57,49,50,57,50,50,79,10,86,50,21,36,71,60,83,31,77,35,40,42,18,29,21,18,26,76,12,10,12,57,88,24,93,88,95,90,62,55,57,24,26,31,52,74,36,67,71,50,50,79,10,86,50,21,36,71,60,95,21,90,33,43,38,10,26,21,10,Eliteserien
Molde,45v50owpvshpijizwwlcw4lni,6mzoir7lrrfehbzgu7gmnwyl0,S. Granaas,Sondre Granaas,19.0,Midfielder,Norway,Midfielder,170.0,4.0,333.0,25.0,499.0,2.0,3.0,21.0,30.0,21.0,9.0,8.0,19.0,20.0,60.0,7.0,2.0,7.0,974.0,9.0,50.0,19.0,8.0,22.0,0.0,0.0,85.3,71.43,18.18,42.11,30.0,54.05,40.0,70.97,2.7141991738582623,1.6533695625728455,10.0,34.0,1.2909835899999995,17.0,60.0,61.0,1.852662750000001,238.0,15.70841889117043,0.3696098562628336,30.770020533880903,2.3100616016427105,46.1088295687885,0.1848049281314168,0.2772073921971252,1.9404517453798769,2.7720739219712525,1.9404517453798769,0.8316221765913757,0.7392197125256673,1.7556468172484598,1.848049281314168,5.544147843942505,0.6468172484599589,0.1848049281314168,0.6468172484599589,0.8316221765913757,4.620123203285421,1.7556468172484598,0.7392197125256673,2.0328542094455853,0.0,0.0,85.3,71.43,18.18,42.11,30.0,54.05,40.0,70.97,0.2507986916296135,0.1527754215929734,0.924024640657084,3.141683778234086,0.1192900647843942,1.570841889117043,5.544147843942505,5.636550308008213,0.1711906031827516,21.991786447638603,CM/AM,86,56,88,90,88,23,85,83,89,94,85,88,71,73,77,32,67,65,83,80,83,68,97,49,49,75,85,40,35,52,79,44,70,84,72,91,88,91,86,93,87,81,88,86,53,91,93,91,16,82,82,93,88,79,81,56,54,67,18,61,40,75,75,77,51,84,49,49,75,85,40,35,52,79,44,70,86,68,91,88,89,88,95,93,82,89,Eliteserien
Molde,45v50owpvshpijizwwlcw4lni,7gyujwlamvn0rpi5492r7yp04,S. Hansen,Sivert Hansen,24.0,Defender,Norway,Defender,644.0,0.0,476.0,44.0,1120.0,67.0,2.0,8.0,14.0,11.0,3.0,1.0,7.0,7.0,116.0,99.0,0.0,24.0,1466.0,1.0,22.0,18.0,6.0,21.0,0.0,0.0,88.05,45.36,0.0,85.71,7.14,68.24,71.28,80.77,1.7183995512102874,0.6554130624891101,3.0,17.0,0.33151775,12.0,105.0,102.0,2.40736175,729.0,39.53615279672579,0.0,29.22237380627558,2.7012278308321966,68.75852660300137,4.113233287858118,0.1227830832196453,0.4911323328785812,0.859481582537517,0.6753069577080492,0.1841746248294679,0.0613915416098226,0.4297407912687585,0.4297407912687585,7.121418826739427,6.077762619372442,0.0,1.4733969986357436,0.0613915416098226,1.3506139154160983,1.1050477489768078,0.3683492496589359,1.2892223738062756,0.0,0.0,88.05,45.36,0.0,85.71,7.14,68.24,71.28,80.77,0.1054951975504269,0.0402368182974215,0.1841746248294679,1.043656207366985,0.0203523857435197,0.7366984993178718,6.446111869031379,6.261937244201911,0.1477916490450204,44.75443383356071,CB,98,37,97,84,97,99,99,95,95,94,91,56,80,80,100,92,40,100,54,90,100,95,98,40,51,67,49,37,86,43,87,89,87,95,94,95,75,68,89,94,95,97,95,84,37,87,56,89,94,92,76,78,73,79,44,62,60,92,67,40,83,44,62,75,75,84,40,51,67,49,37,86,43,87,89,87,83,71,86,44,40,78,86,87,84,87,Eliteserien
Molde,45v50owpvshpijizwwlcw4lni,864mk13xqt9p7s22wdsdhnpat,M. Linnes,Martin Linnes,34.0,Defender,Norway,Defender,93.0,5.0,162.0,13.0,250.0,5.0,0.0,7.0,8.0,6.0,2.0,4.0,13.0,13.0,37.0,10.0,1.0,12.0,591.0,1.0,22.0,12.0,5.0,12.0,1.0,0.0,83.06,44.83,22.73,38.46,12.5,55.22,0.0,80.0,0.7959597856705927,0.7602796065820925,1.0,9.0,0.26302918,10.0,37.0,37.0,1.5303285999999996,144.0,14.16243654822335,0.7614213197969544,24.67005076142132,1.9796954314720807,38.07106598984772,0.7614213197969544,0.0,1.065989847715736,1.218274111675127,0.9137055837563453,0.3045685279187817,0.6091370558375635,1.9796954314720807,1.9796954314720807,5.634517766497462,1.5228426395939088,0.1522842639593908,1.8274111675126905,0.1522842639593908,3.3502538071066,1.8274111675126905,0.7614213197969544,1.8274111675126905,0.1522842639593908,0.0,83.06,44.83,22.73,38.46,12.5,55.22,0.0,80.0,0.1212121501021207,0.1157786202916892,0.1522842639593908,1.370558375634518,0.0400552050761421,1.5228426395939088,5.634517766497462,5.634517766497462,0.233044964467005,21.92893401015229,CB,24,98,53,40,38,16,42,90,83,79,81,98,98,98,52,10,87,71,54,90,90,90,82,87,51,24,43,81,43,44,40,2,84,78,97,69,51,59,87,57,58,78,37,10,95,71,30,21,5,42,97,95,90,89,100,97,97,78,5,95,89,62,98,91,95,98,90,51,24,43,81,43,44,40,2,84,90,97,81,60,67,87,76,76,98,27,Eliteserien
Molde,45v50owpvshpijizwwlcw4lni,8vhzs9rcya583sk97l78t81ec,T. Koné-Doherty,Trent Koné-Doherty,20.0,Attacker,Republic of Ireland,Striker,30.0,5.0,80.0,1.0,105.0,1.0,1.0,5.0,15.0,10.0,5.0,2.0,11.0,11.0,16.0,0.0,2.0,1.0,429.0,11.0,27.0,6.0,3.0,3.0,0.0,0.0,86.78,100.0,31.25,27.27,73.33,40.0,16.67,50.0,1.4884302301718044,0.5609303304584028,5.0,19.0,0.76761059,4.0,2.0,8.0,0.7343750299999998,33.0,6.293706293706294,1.048951048951049,16.783216783216783,0.2097902097902098,22.027972027972027,0.2097902097902098,0.2097902097902098,1.048951048951049,3.146853146853147,2.097902097902098,1.048951048951049,0.4195804195804196,2.307692307692308,2.307692307692308,3.3566433566433567,0.0,0.4195804195804196,0.2097902097902098,2.307692307692308,5.664335664335664,1.2587412587412588,0.6293706293706294,0.6293706293706294,0.0,0.0,86.78,100.0,31.25,27.27,73.33,40.0,16.67,50.0,0.3122580902458331,0.11767769170456,1.048951048951049,3.986013986013986,0.1610371867132867,0.8391608391608392,0.4195804195804196,1.6783216783216783,0.1540646916083915,6.923076923076923,ST,36,85,52,27,50,7,61,36,31,29,64,21,38,38,17,4,50,37,70,29,33,33,39,50,50,98,95,74,24,100,49,7,33,24,52,57,80,88,50,18,46,69,38,69,95,88,31,79,7,79,57,88,64,90,31,76,71,19,4,76,43,100,79,60,45,69,50,50,98,95,74,24,100,49,7,33,69,76,86,95,98,79,21,71,88,64,Eliteserien
Molde,45v50owpvshpijizwwlcw4lni,97aigdp5c2m2sd1eoq143q8kp,H. Stenevik,Halldor Stenevik,26.0,Defender,Norway,Defender,205.0,15.0,269.0,16.0,459.0,11.0,1.0,19.0,5.0,2.0,3.0,0.0,20.0,21.0,61.0,31.0,0.0,11.0,1079.0,1.0,31.0,11.0,8.0,21.0,0.0,0.0,79.83,32.65,30.0,40.0,20.0,55.96,61.11,67.74,0.5636943934167868,2.2914405047565456,3.0,20.0,0.5227281699999999,11.0,25.0,27.0,2.811972789999999,202.0,17.099165894346616,1.2511584800741429,22.43744207599629,1.3345690454124188,38.28544949026877,0.917516218721038,0.0834105653382761,1.5848007414272474,0.4170528266913809,0.1668211306765523,0.2502316960148285,0.0,1.6682113067655235,1.7516218721037995,5.088044485634847,2.5857275254865617,0.0,0.917516218721038,0.0834105653382761,2.5857275254865617,0.917516218721038,0.6672845227062094,1.7516218721037995,0.0,0.0,79.83,32.65,30.0,40.0,20.0,55.96,61.11,67.74,0.0470180680329108,0.1911303479407683,0.2502316960148285,1.6682113067655235,0.0436010521779425,0.917516218721038,2.0852641334569046,2.252085264133457,0.2345482401297497,16.84893419833179,RB/RCB,71,88,79,48,75,46,62,92,35,23,67,8,85,88,67,62,29,58,38,83,75,83,73,38,52,58,42,56,48,40,67,96,58,42,92,62,67,62,62,46,46,79,58,58,96,62,38,58,42,62,88,21,12,58,8,83,83,50,50,29,42,29,67,46,79,58,38,52,58,42,56,48,40,67,96,58,21,83,54,46,46,50,17,17,83,50,Eliteserien
Molde,45v50owpvshpijizwwlcw4lni,9mt0cpw6rkuv6ndn4jbon6hg5,E. Haugan,Eirik Haugan,28.0,Defender,Norway,Defender,169.0,0.0,71.0,2.0,240.0,8.0,0.0,0.0,3.0,3.0,0.0,0.0,4.0,4.0,24.0,16.0,0.0,6.0,244.0,2.0,3.0,8.0,2.0,2.0,0.0,0.0,92.31,18.18,0.0,50.0,66.67,64.86,57.14,33.33,0.4390283616758033,0.0,0.0,3.0,0.0555586,1.0,13.0,8.0,0.24111246,148.0,62.33606557377049,0.0,26.188524590163933,0.7377049180327868,88.52459016393442,2.950819672131148,0.0,0.0,1.1065573770491803,1.1065573770491803,0.0,0.0,1.4754098360655736,1.4754098360655736,8.852459016393443,5.901639344262295,0.0,2.2131147540983607,0.7377049180327868,1.1065573770491803,2.950819672131148,0.7377049180327868,0.7377049180327868,0.0,0.0,92.31,18.18,0.0,50.0,66.67,64.86,57.14,33.33,0.1619366907820585,0.0,0.0,1.1065573770491803,0.0204929262295081,0.3688524590163934,4.795081967213115,2.950819672131148,0.0889349237704918,54.59016393442623,CB,44,37,19,2,35,25,42,12,41,51,26,21,70,69,29,20,40,33,75,21,67,65,22,40,51,97,2,37,59,98,79,50,6,49,13,29,21,19,24,22,11,16,38,100,37,73,3,95,76,42,12,89,95,26,21,95,95,100,62,40,95,100,51,100,94,40,40,51,97,2,37,59,98,79,50,6,98,13,29,48,43,43,67,32,49,94,Eliteserien
Molde,45v50owpvshpijizwwlcw4lni,b95r3rmf3rzra4sp1mkutd5ka,C. Zady Sery,Caleb Zady Sery,26.0,Attacker,Côte d'Ivoire,Striker,51.0,1.0,151.0,1.0,201.0,1.0,1.0,5.0,11.0,8.0,3.0,4.0,29.0,30.0,38.0,5.0,0.0,1.0,461.0,4.0,31.0,11.0,14.0,7.0,0.0,0.0,86.64,25.0,11.11,48.28,36.36,52.05,12.5,58.33,0.8788689328650902,0.3514847096508562,7.0,28.0,0.81478815,13.0,7.0,15.0,0.7239683700000002,78.0,9.956616052060738,0.1952277657266811,29.47939262472885,0.1952277657266811,39.24078091106291,0.1952277657266811,0.1952277657266811,0.9761388286334056,2.1475054229934925,1.5618221258134493,0.5856832971800434,0.7809110629067246,5.661605206073753,5.856832971800435,7.418655097613883,0.9761388286334056,0.0,0.1952277657266811,0.7809110629067246,6.052060737527116,2.1475054229934925,2.733188720173536,1.366594360086768,0.0,0.0,86.64,25.0,11.11,48.28,36.36,52.05,12.5,58.33,0.171579618129844,0.0686195745522279,1.366594360086768,5.466377440347072,0.1590692700650759,2.537960954446855,1.366594360086768,2.9284164859002173,0.1413387273318872,15.22776572668113,LW,73,14,55,23,68,32,55,23,27,27,55,55,55,55,45,59,23,27,27,45,55,68,64,55,55,100,18,9,82,36,91,18,64,27,18,73,59,55,77,45,36,36,64,100,18,73,18,91,36,64,27,55,45,64,73,100,91,91,82,23,36,36,55,73,100,64,55,55,100,18,9,82,36,91,18,64,27,9,82,73,73,100,55,73,27,91,Eliteserien
Molde,45v50owpvshpijizwwlcw4lni,bvge4go6le5olm1wq9ooogedx,V. Hoff,Vebjørn Hoff,30.0,Midfielder,Norway,Midfielder,267.0,12.0,290.0,24.0,545.0,2.0,0.0,7.0,6.0,2.0,4.0,1.0,6.0,6.0,34.0,13.0,1.0,15.0,911.0,4.0,9.0,15.0,2.0,10.0,0.0,0.0,87.2,54.55,27.91,33.33,66.67,53.97,16.67,66.67,0.3843673158509623,0.7514766457760645,2.0,19.0,0.42745122,9.0,41.0,56.0,1.3610226900000004,220.0,26.37760702524698,1.185510428100988,28.64983534577388,2.371020856201976,53.84193194291987,0.1975850713501646,0.0,0.6915477497255763,0.592755214050494,0.1975850713501646,0.3951701427003293,0.0987925356750823,0.592755214050494,0.592755214050494,3.3589462129527994,1.2843029637760703,0.0987925356750823,1.481888035126235,0.3951701427003293,0.889132821075741,1.481888035126235,0.1975850713501646,0.9879253567508232,0.0,0.0,87.2,54.55,27.91,33.33,66.67,53.97,16.67,66.67,0.0379726217635418,0.074240283336823,0.1975850713501646,1.8770581778265645,0.0422289899012074,0.889132821075741,4.050493962678376,5.5323819978046105,0.1344588826564215,21.734357848518112,DM/CM,90,97,79,72,83,21,28,64,41,45,50,26,38,36,48,41,74,71,76,60,83,33,48,48,48,62,62,55,31,98,59,24,62,38,62,36,72,66,71,59,74,69,66,83,97,76,66,72,14,28,62,28,41,34,17,24,21,17,24,83,66,79,45,83,24,48,48,48,62,62,55,31,98,59,24,62,28,72,28,62,69,66,52,79,69,62,Eliteserien
Molde,45v50owpvshpijizwwlcw4lni,cdqa1j5yeh8u9ll0ijx28oyj9,M. Møller Dæhli,Mats Møller Dæhli,31.0,Midfielder,Norway,Midfielder,221.0,1.0,255.0,14.0,475.0,2.0,0.0,4.0,2.0,1.0,1.0,1.0,6.0,6.0,29.0,14.0,0.0,9.0,606.0,0.0,9.0,8.0,3.0,11.0,0.0,0.0,90.82,41.18,20.0,50.0,0.0,60.42,40.0,68.75,0.1347269152842727,0.1809524854525404,1.0,34.0,0.7716633899999997,16.0,52.0,57.0,1.3426924100000002,253.0,32.82178217821782,0.1485148514851485,37.87128712871287,2.07920792079208,70.54455445544555,0.297029702970297,0.0,0.594059405940594,0.297029702970297,0.1485148514851485,0.1485148514851485,0.1485148514851485,0.8910891089108911,0.8910891089108911,4.306930693069307,2.07920792079208,0.0,1.3366336633663367,0.0,1.3366336633663367,1.188118811881188,0.4455445544554455,1.6336633663366336,0.0,0.0,90.82,41.18,20.0,50.0,0.0,60.42,40.0,68.75,0.0200089478144959,0.0268741315028525,0.1485148514851485,5.0495049504950495,0.1146034737623762,2.376237623762376,7.722772277227722,8.465346534653465,0.1994097638613861,37.57425742574257,DM/CM,72,50,69,48,72,21,28,34,17,29,17,26,38,36,26,47,29,43,17,60,48,43,53,48,48,97,24,50,66,17,83,48,72,17,28,24,95,93,100,69,79,66,76,100,55,97,59,100,24,28,45,14,34,14,28,41,41,45,59,29,55,17,62,55,59,69,48,48,97,24,50,66,17,83,48,72,14,31,21,100,100,100,93,97,97,100,Eliteserien
Molde,45v50owpvshpijizwwlcw4lni,cv38uxcibt3cwwj54m9ydg86i,E. Breivik,Emil Breivik,26.0,Midfielder,Norway,Midfielder,224.0,4.0,346.0,26.0,566.0,7.0,5.0,32.0,36.0,27.0,9.0,6.0,30.0,32.0,64.0,18.0,7.0,17.0,1524.0,16.0,80.0,19.0,11.0,18.0,0.0,0.0,77.75,53.06,22.22,36.67,44.44,41.83,24.14,64.29,3.684450520994892,2.6704081804180904,7.0,33.0,0.90850587,18.0,43.0,61.0,2.3883732100000006,274.0,13.228346456692911,0.2362204724409448,20.433070866141733,1.5354330708661417,33.425196850393704,0.4133858267716535,0.2952755905511811,1.889763779527559,2.125984251968504,1.594488188976378,0.5314960629921259,0.3543307086614173,1.7716535433070866,1.889763779527559,3.779527559055118,1.062992125984252,0.4133858267716535,1.0039370078740155,0.9448818897637796,4.724409448818897,1.1220472440944882,0.6496062992125984,1.062992125984252,0.0,0.0,77.75,53.06,22.22,36.67,44.44,41.83,24.14,64.29,0.2175856606886747,0.1577012704971313,0.4133858267716535,1.9488188976377951,0.0536519214566929,1.062992125984252,2.5393700787401574,3.6023622047244093,0.141045662007874,16.181102362204726,CM/AM,93,56,89,93,91,53,97,97,96,96,85,77,89,88,82,79,97,96,98,95,83,87,81,49,49,33,65,47,26,76,33,19,47,96,93,82,86,86,89,82,87,89,96,75,44,61,77,72,26,86,81,72,70,63,37,58,56,19,39,89,74,81,79,44,44,44,49,49,33,65,47,26,76,33,19,47,74,72,56,56,53,61,58,63,61,77,Eliteserien
Molde,45v50owpvshpijizwwlcw4lni,dfinorpyitke7fsso0fkgz28k,N. Ødegård,Niklas Ødegård,22.0,Midfielder,Norway,Midfielder,37.0,0.0,65.0,3.0,102.0,8.0,0.0,5.0,7.0,4.0,3.0,3.0,12.0,14.0,28.0,14.0,0.0,5.0,462.0,1.0,11.0,3.0,8.0,6.0,0.0,0.0,73.38,21.43,0.0,66.67,14.29,49.12,50.0,66.67,0.5534177722148782,0.388720264546763,2.0,14.0,0.4503987,6.0,8.0,14.0,0.43398328,50.0,7.207792207792207,0.0,12.66233766233766,0.5844155844155844,19.87012987012987,1.5584415584415583,0.0,0.974025974025974,1.3636363636363635,0.7792207792207791,0.5844155844155844,0.5844155844155844,2.3376623376623376,2.727272727272727,5.454545454545454,2.727272727272727,0.0,0.974025974025974,0.1948051948051948,2.142857142857143,0.5844155844155844,1.5584415584415583,1.1688311688311688,0.0,0.0,73.38,21.43,0.0,66.67,14.29,49.12,50.0,66.67,0.1078086569249762,0.075724726859759,0.3896103896103896,2.727272727272727,0.0877400064935064,1.1688311688311688,1.5584415584415583,2.727272727272727,0.0845421974025974,9.74025974025974,CM/AM,26,14,24,26,23,61,18,25,33,34,50,46,50,54,33,64,23,47,26,28,17,68,40,49,49,14,7,14,85,23,60,70,59,26,23,40,54,56,46,25,36,26,31,37,14,12,25,25,81,18,19,37,33,75,63,75,79,65,95,23,70,26,26,18,91,54,49,49,14,7,14,85,23,60,70,59,28,19,54,81,81,68,26,42,28,26,Eliteserien
Rosenborg,c7jgkxx1czv5etn7snf1r6p2m,2u8ylwu9kogk0jorpe517812i,A. Pereira,Adrian Pereira,26.0,Defender,Norway,Defender,80.0,4.0,163.0,24.0,239.0,5.0,0.0,8.0,11.0,11.0,0.0,1.0,30.0,32.0,44.0,7.0,1.0,9.0,606.0,5.0,33.0,14.0,8.0,9.0,0.0,0.0,75.87,45.28,16.0,26.67,45.45,40.74,41.67,52.94,1.068551146748758,0.8611628136800429,1.0,19.0,0.52122781,11.0,26.0,38.0,1.6348526500000005,102.0,11.88118811881188,0.594059405940594,24.207920792079207,3.5643564356435644,35.495049504950494,0.7425742574257426,0.0,1.188118811881188,1.6336633663366336,1.6336633663366336,0.0,0.1485148514851485,4.455445544554456,4.752475247524752,6.534653465346534,1.0396039603960396,0.1485148514851485,1.3366336633663367,0.7425742574257426,4.900990099009901,2.07920792079208,1.188118811881188,1.3366336633663367,0.0,0.0,75.87,45.28,16.0,26.67,45.45,40.74,41.67,52.94,0.1586957148636769,0.1278954673782242,0.1485148514851485,2.8217821782178216,0.0774100707920792,1.6336633663366336,3.861386138613861,5.643564356435643,0.2427998985148515,15.148514851485148,LB/LCB,17,35,41,76,35,33,30,50,67,87,15,39,96,96,50,9,76,57,89,78,89,65,35,41,50,26,83,17,17,91,4,35,17,65,57,30,48,48,41,43,46,52,35,26,43,70,91,35,39,30,65,87,100,15,43,100,100,91,9,87,87,96,83,91,78,57,41,50,26,83,17,17,91,4,35,17,96,70,35,61,70,61,48,61,78,35,Eliteserien
Rosenborg,c7jgkxx1czv5etn7snf1r6p2m,3uqgza8elvm9h2b4pcacv1ivp,J. Svensson,Jonas Svensson,33.0,Defender,Norway,Defender,141.0,2.0,207.0,13.0,346.0,8.0,1.0,6.0,7.0,4.0,3.0,2.0,5.0,5.0,52.0,13.0,1.0,11.0,647.0,2.0,17.0,15.0,2.0,19.0,0.0,0.0,82.78,37.14,66.67,40.0,28.57,65.0,50.0,70.37,0.4998450508534057,0.4813138787131639,2.0,13.0,0.29627609,15.0,45.0,49.0,1.12815104,184.0,19.613601236476043,0.2782071097372488,28.79443585780525,1.8083462132921173,48.129829984544045,1.1128284389489953,0.1391035548686244,0.8346213292117465,0.973724884080371,0.5564142194744977,0.4173106646058732,0.2782071097372488,0.6955177743431221,0.6955177743431221,7.233384853168469,1.8083462132921173,0.1391035548686244,1.5301391035548686,0.2782071097372488,2.364760432766615,2.0865533230293662,0.2782071097372488,2.642967542503864,0.0,0.0,82.78,37.14,66.67,40.0,28.57,65.0,50.0,70.37,0.069530223457197,0.066952471536607,0.2782071097372488,1.8083462132921173,0.0412130573415765,2.0865533230293662,6.259659969088099,6.816074188562596,0.1569298200927357,25.59505409582689,CB,40,87,62,40,48,25,90,87,77,61,91,81,77,77,75,13,87,64,75,83,94,65,93,40,51,21,25,100,48,63,82,23,59,52,86,87,66,65,94,65,63,65,48,21,90,86,21,48,17,95,90,87,62,94,86,76,75,94,6,90,84,83,87,95,65,100,40,51,21,25,100,48,63,82,23,59,62,89,94,70,70,94,83,89,86,38,Eliteserien
Rosenborg,c7jgkxx1czv5etn7snf1r6p2m,4xnll2f9tb69wrezm04ayg76y,E. Ceïde,Emil Ceïde,24.0,Attacker,Norway,Striker,72.0,7.0,325.0,10.0,390.0,3.0,3.0,31.0,36.0,25.0,11.0,12.0,68.0,73.0,69.0,15.0,3.0,2.0,1394.0,14.0,110.0,27.0,26.0,6.0,0.0,0.0,73.45,45.45,25.93,38.24,38.89,44.81,37.5,46.15,3.264803885021484,2.935964180770525,14.0,71.0,2.2776393099999988,18.0,28.0,40.0,3.3109455699999986,180.0,4.648493543758967,0.4519368723098996,20.98278335724534,0.6456241032998565,25.179340028694405,0.1936872309899569,0.1936872309899569,2.001434720229556,2.3242467718794835,1.6140602582496413,0.7101865136298422,0.7747489239598279,4.390243902439025,4.7130559540889525,4.45480631276901,0.9684361549497849,0.1936872309899569,0.1291248206599713,0.9038737446197992,7.1018651362984215,1.7431850789096126,1.678622668579627,0.3873744619799139,0.0,0.0,73.45,45.45,25.93,38.24,38.89,44.81,37.5,46.15,0.2107836080716883,0.1895529241530468,0.9038737446197992,4.583931133428981,0.1470498837159253,1.1621233859397415,1.8077474892395984,2.582496413199426,0.2137626264705881,11.621233859397416,LW,91,77,100,73,100,59,91,100,100,100,91,100,100,100,82,91,86,55,100,100,91,91,55,55,55,9,50,73,55,55,55,64,27,100,100,100,100,100,91,100,100,100,100,36,55,55,36,55,27,55,82,64,55,73,64,64,64,36,73,64,18,64,73,64,64,27,55,55,9,50,73,55,55,55,64,27,55,73,55,64,64,45,82,55,64,82,Eliteserien
Rosenborg,c7jgkxx1czv5etn7snf1r6p2m,544reefy86rc8827sl3xh3oph,O. Selnæs,Ole Selnæs,32.0,Midfielder,Norway,Midfielder,244.0,25.0,391.0,33.0,610.0,13.0,5.0,23.0,2.0,1.0,1.0,1.0,9.0,9.0,58.0,33.0,0.0,21.0,988.0,0.0,10.0,9.0,4.0,17.0,1.0,0.0,86.04,51.56,30.86,44.44,0.0,61.05,56.52,53.12,0.1307584399264044,2.5345832580874066,1.0,26.0,0.6057874599999999,5.0,59.0,67.0,2.599746449999999,315.0,22.22672064777328,2.277327935222672,35.61740890688259,3.006072874493927,55.5668016194332,1.1842105263157894,0.4554655870445344,2.0951417004048585,0.1821862348178137,0.0910931174089068,0.0910931174089068,0.0910931174089068,0.819838056680162,0.819838056680162,5.283400809716599,3.006072874493927,0.0,1.9129554655870444,0.0,0.9109311740890688,0.819838056680162,0.3643724696356275,1.548582995951417,0.0910931174089068,0.0,86.04,51.56,30.86,44.44,0.0,61.05,56.52,53.12,0.0119111939204214,0.2308830903116058,0.0910931174089068,2.3684210526315788,0.0551830682186234,0.4554655870445344,5.374493927125506,6.103238866396761,0.2368190086032388,28.694331983805668,CM/AM,95,96,96,98,96,86,97,89,9,9,22,13,36,35,74,98,23,100,11,23,47,32,77,99,49,84,63,68,40,11,95,84,26,5,89,22,76,68,36,90,94,95,98,98,98,95,96,95,72,98,91,2,5,18,9,19,19,60,98,23,95,11,11,28,18,70,100,49,84,63,68,40,11,95,84,26,2,91,16,67,60,14,93,95,95,98,Eliteserien
Rosenborg,c7jgkxx1czv5etn7snf1r6p2m,5xgx325eede1ap2sipgqdpyzu,J. Bakke,Johan Bakke,22.0,Midfielder,Norway,Midfielder,20.0,1.0,26.0,2.0,45.0,1.0,0.0,2.0,2.0,1.0,1.0,2.0,6.0,6.0,9.0,3.0,0.0,3.0,271.0,0.0,3.0,1.0,0.0,5.0,0.0,0.0,73.77,40.0,100.0,0.0,0.0,31.03,20.0,71.43,0.1970819326420997,0.2456994348168619,1.0,7.0,0.1731029,3.0,5.0,9.0,0.35589745,22.0,6.642066420664206,0.3321033210332103,8.634686346863468,0.6642066420664207,14.944649446494465,0.3321033210332103,0.0,0.6642066420664207,0.6642066420664207,0.3321033210332103,0.3321033210332103,0.6642066420664207,1.992619926199262,1.992619926199262,2.988929889298893,0.996309963099631,0.0,0.996309963099631,0.0,0.996309963099631,0.3321033210332103,0.0,1.6605166051660516,0.0,0.0,73.77,40.0,100.0,0.0,0.0,31.03,20.0,71.43,0.0654515643460847,0.0815975982786626,0.3321033210332103,2.3247232472324724,0.0574880479704797,0.996309963099631,1.6605166051660516,2.988929889298893,0.1181947250922509,7.306273062730628,CM/AM,14,35,4,19,5,15,18,7,9,9,22,29,22,21,11,18,23,32,11,4,6,4,35,49,49,16,32,100,4,11,5,17,74,11,14,22,18,16,18,13,21,21,5,30,51,5,30,7,19,18,11,18,18,46,70,61,60,11,33,23,72,11,12,4,4,75,49,49,16,32,100,4,11,5,17,74,16,23,49,65,63,56,30,51,49,14,Eliteserien
Rosenborg,c7jgkxx1czv5etn7snf1r6p2m,606hufq6dapf3qxcgilbc8tt5,S. Nordli,Simen Nordli,26.0,Midfielder,Norway,Midfielder,30.0,1.0,78.0,3.0,107.0,3.0,0.0,10.0,11.0,8.0,3.0,1.0,14.0,15.0,21.0,4.0,3.0,2.0,507.0,6.0,19.0,13.0,4.0,1.0,0.0,0.0,75.35,30.0,16.67,28.57,54.55,42.86,50.0,50.0,1.1216525267922317,0.751846546024912,1.0,11.0,0.31729396,4.0,6.0,9.0,0.52611709,48.0,5.325443786982248,0.1775147928994082,13.846153846153843,0.5325443786982248,18.99408284023669,0.5325443786982248,0.0,1.7751479289940828,1.9526627218934909,1.4201183431952662,0.5325443786982248,0.1775147928994082,2.485207100591716,2.662721893491124,3.727810650887574,0.7100591715976331,0.5325443786982248,0.3550295857988165,1.0650887573964496,3.3727810650887573,2.3076923076923075,0.7100591715976331,0.1775147928994082,0.0,0.0,75.35,30.0,16.67,28.57,54.55,42.86,50.0,50.0,0.199109915998621,0.1334638839097476,0.1775147928994082,1.9526627218934909,0.0563243715976331,0.7100591715976331,1.0650887573964496,1.5976331360946745,0.0933935662721893,8.520710059171597,CM/AM,19,35,32,26,27,29,18,44,44,51,50,13,57,56,25,24,75,25,64,41,71,32,4,49,49,21,12,37,16,92,37,70,18,47,39,22,38,39,28,17,21,32,28,16,37,23,21,18,40,18,77,65,67,65,18,77,75,16,25,95,25,91,53,89,49,2,49,49,21,12,37,16,92,37,70,18,63,54,30,58,61,35,12,16,37,16,Eliteserien
Rosenborg,c7jgkxx1czv5etn7snf1r6p2m,75a8i1fdchwk62zm1g3f13gt1,A. Witry,Aslak Witry,30.0,Defender,Norway,Defender,186.0,10.0,186.0,28.0,362.0,5.0,0.0,12.0,6.0,3.0,3.0,3.0,10.0,10.0,31.0,23.0,0.0,13.0,723.0,1.0,20.0,10.0,6.0,6.0,0.0,0.0,78.7,43.08,31.25,60.0,16.67,52.54,41.67,60.0,0.4496310313198525,1.1554935985038004,2.0,12.0,0.30554892,16.0,24.0,30.0,1.2208844199999995,147.0,23.15352697095436,1.2448132780082988,23.15352697095436,3.485477178423237,45.06224066390042,0.6224066390041494,0.0,1.4937759336099583,0.7468879668049793,0.3734439834024896,0.3734439834024896,0.3734439834024896,1.2448132780082988,1.2448132780082988,3.858921161825726,2.863070539419087,0.0,1.6182572614107884,0.1244813278008298,2.489626556016597,1.2448132780082988,0.7468879668049793,0.7468879668049793,0.0,0.0,78.7,43.08,31.25,60.0,16.67,52.54,41.67,60.0,0.0559706677991517,0.143837377407112,0.2489626556016597,1.4937759336099583,0.0380351352697095,1.991701244813278,2.987551867219917,3.734439834024896,0.151977313692946,18.29875518672199,RB/RCB,58,79,50,71,50,23,27,73,46,38,67,65,67,60,21,33,29,69,38,50,69,79,17,38,52,50,67,62,79,33,33,42,15,29,67,50,48,46,79,40,50,46,42,83,92,71,79,79,29,27,79,46,42,75,62,75,71,21,54,29,92,42,62,62,88,8,38,52,50,67,62,79,33,33,42,15,33,79,50,33,38,92,38,42,38,54,Eliteserien
Rosenborg,c7jgkxx1czv5etn7snf1r6p2m,7hs9c25dq0dbn8vrlgihjgay2,M. Ceïde,Mikkel Ceïde,24.0,Defender,Norway,Defender,263.0,0.0,162.0,19.0,425.0,12.0,0.0,2.0,0.0,0.0,0.0,0.0,0.0,0.0,27.0,33.0,0.0,8.0,797.0,0.0,5.0,5.0,0.0,7.0,0.0,0.0,88.54,45.24,0.0,0.0,0.0,55.1,44.44,70.0,0.0,0.1182379967009337,0.0,3.0,0.06667736,4.0,22.0,20.0,0.5239727799999996,223.0,29.69887076537013,0.0,18.29360100376412,2.1455457967377667,47.99247176913425,1.355081555834379,0.0,0.2258469259723964,0.0,0.0,0.0,0.0,0.0,0.0,3.0489335006273524,3.7264742785445417,0.0,0.903387703889586,0.0,0.5646173149309912,0.5646173149309912,0.0,0.7904642409033876,0.0,0.0,88.54,45.24,0.0,0.0,0.0,55.1,44.44,70.0,0.0,0.0133518440440201,0.0,0.3387703889585947,0.0075294383939774,0.4516938519447929,2.484316185696361,2.258469259723965,0.0591688208281053,25.18193224592221,CB,63,37,53,54,57,40,42,47,7,10,26,21,11,10,37,51,40,48,21,37,48,17,52,40,51,75,48,37,17,21,38,11,56,6,43,29,21,21,58,39,35,37,52,54,37,37,40,44,27,42,41,7,10,26,21,11,10,8,22,40,32,21,24,43,17,44,40,51,75,48,37,17,21,38,11,56,6,38,29,21,22,54,22,16,22,37,Eliteserien
Rosenborg,c7jgkxx1czv5etn7snf1r6p2m,823p7p1amx8lp445bo6bi01lg,A. Chiakha,Amin Chiakha,20.0,Attacker,Algeria,Striker,71.0,2.0,125.0,6.0,194.0,43.0,2.0,11.0,42.0,37.0,5.0,8.0,48.0,51.0,100.0,16.0,9.0,6.0,1433.0,20.0,74.0,21.0,17.0,13.0,0.0,0.0,69.04,31.58,25.0,35.42,47.62,44.44,58.9,68.42,4.8735103404267415,0.7125613491170719,5.0,14.0,0.6065291799999999,4.0,16.0,22.0,0.9809134199999996,86.0,4.459176552686671,0.1256106071179344,7.8506629448709,0.3768318213538032,12.184228890439638,2.7006280530355897,0.1256106071179344,0.6908583391486393,2.6378227494766224,2.3237962316817864,0.314026517794836,0.5024424284717376,3.0146545708304258,3.203070481507327,6.28053035589672,1.0048848569434752,0.5652477320307048,0.3768318213538032,1.256106071179344,4.647592463363573,1.3189113747383112,1.0676901605024425,0.8164689462665736,0.0,0.0,69.04,31.58,25.0,35.42,47.62,44.44,58.9,68.42,0.306082296328267,0.0447526318356849,0.314026517794836,0.8792742498255408,0.0380932492672714,0.2512212142358688,1.0048848569434752,1.3817166782972783,0.0616065651081646,5.40125610607118,ST,81,74,81,75,81,94,87,77,96,98,64,89,100,100,98,87,99,80,100,89,88,100,95,50,50,29,31,64,43,74,76,92,74,95,64,57,68,71,50,85,86,79,86,40,57,36,52,36,71,57,31,69,79,31,36,86,83,79,57,90,60,88,45,69,74,83,50,50,29,31,64,43,74,76,92,74,64,19,21,43,48,29,62,64,55,57,Eliteserien
Rosenborg,c7jgkxx1czv5etn7snf1r6p2m,929eyaq4a218jj3yahxtoeve2,T. Nemčík,Tomás Nemcík,25.0,Defender,Slovakia,Defender,434.0,0.0,386.0,55.0,820.0,12.0,0.0,2.0,5.0,3.0,2.0,3.0,8.0,9.0,59.0,62.0,0.0,14.0,1251.0,0.0,8.0,17.0,5.0,18.0,0.0,0.0,87.98,50.93,0.0,62.5,0.0,59.0,48.0,72.0,0.519904804806781,0.1223878787900831,2.0,19.0,0.3531284700000001,2.0,79.0,74.0,1.3970060800000004,538.0,31.22302158273381,0.0,27.76978417266187,3.956834532374101,58.99280575539568,0.8633093525179856,0.0,0.1438848920863309,0.3597122302158273,0.2158273381294964,0.1438848920863309,0.2158273381294964,0.5755395683453237,0.6474820143884892,4.244604316546763,4.460431654676259,0.0,1.0071942446043165,0.0,0.5755395683453237,1.223021582733813,0.3597122302158273,1.2949640287769784,0.0,0.0,87.98,50.93,0.0,62.5,0.0,59.0,48.0,72.0,0.0374032233673943,0.008804883366193,0.1438848920863309,1.3669064748201438,0.0254049258992805,0.1438848920863309,5.683453237410072,5.323741007194244,0.1005040345323741,38.70503597122302,CB,83,37,92,92,90,40,42,47,58,51,81,93,83,84,79,70,40,79,21,52,98,90,89,40,51,63,76,37,70,21,57,16,62,59,44,87,82,75,33,89,87,73,89,59,37,79,87,73,8,42,30,35,38,70,81,70,72,43,35,40,52,21,25,78,73,86,40,51,63,76,37,70,21,57,16,62,37,32,79,57,52,25,78,73,54,81,Eliteserien
Rosenborg,c7jgkxx1czv5etn7snf1r6p2m,a26clg64bm11cvhuj610gxx5g,T. Solheim,Tobias Solheim,21.0,Defender,Norway,Defender,162.0,3.0,159.0,15.0,318.0,3.0,0.0,6.0,1.0,1.0,0.0,0.0,20.0,21.0,43.0,25.0,0.0,8.0,787.0,0.0,10.0,13.0,12.0,13.0,1.0,0.0,80.71,35.71,25.0,60.0,0.0,56.58,23.08,86.67,0.082915411985193,0.6555586209803438,0.0,14.0,0.30751995,9.0,34.0,38.0,1.4468596100000002,181.0,18.52604828462516,0.3430749682337993,18.18297331639136,1.7153748411689964,36.36594663278272,0.3430749682337993,0.0,0.6861499364675986,0.1143583227445997,0.1143583227445997,0.0,0.0,2.287166454891995,2.401524777636595,4.91740787801779,2.858958068614994,0.0,0.914866581956798,0.0,1.1435832274459976,1.4866581956797968,1.3722998729351972,1.4866581956797968,0.1143583227445997,0.0,80.71,35.71,25.0,60.0,0.0,56.58,23.08,86.67,0.0094820674443041,0.0749685843560749,0.0,1.6010165184243963,0.0351674656925031,1.0292249047013975,3.888182973316392,4.345616264294791,0.1654604382465057,20.69885641677256,LB/LCB,52,24,35,43,48,20,30,39,15,28,15,15,76,72,41,61,30,52,17,37,80,91,65,91,50,52,48,50,89,17,83,13,100,13,43,15,39,35,33,52,46,35,48,57,22,26,43,43,17,30,30,13,26,15,15,83,83,65,65,30,61,17,35,83,91,65,100,50,52,48,50,89,17,83,13,100,13,39,15,35,30,43,52,52,43,57,Eliteserien
Rosenborg,c7jgkxx1czv5etn7snf1r6p2m,anrhk804wuqi9znwebf6sx72s,N. Sahsah,Noah Sahsah,21.0,Attacker,Denmark,Striker,47.0,0.0,59.0,0.0,106.0,1.0,0.0,5.0,13.0,8.0,5.0,5.0,28.0,32.0,29.0,2.0,1.0,4.0,365.0,2.0,17.0,10.0,12.0,3.0,0.0,0.0,75.18,0.0,0.0,42.86,15.38,54.72,20.0,50.0,1.070103265626147,0.3143147364808016,5.0,8.0,0.29390065,3.0,2.0,6.0,0.48298426,34.0,11.589041095890412,0.0,14.547945205479452,0.0,26.136986301369863,0.2465753424657534,0.0,1.2328767123287672,3.205479452054795,1.9726027397260275,1.2328767123287672,1.2328767123287672,6.904109589041096,7.89041095890411,7.1506849315068495,0.4931506849315069,0.2465753424657534,0.9863013698630138,0.4931506849315069,4.191780821917808,2.4657534246575343,2.9589041095890414,0.7397260273972603,0.0,0.0,75.18,0.0,0.0,42.86,15.38,54.72,20.0,50.0,0.2638610791954883,0.0775022637897867,1.2328767123287672,1.9726027397260275,0.0724686534246575,0.7397260273972603,0.4931506849315069,1.479452054794521,0.1190920093150685,8.383561643835616,RW,100,29,71,29,86,43,43,64,86,86,86,93,100,100,100,43,50,86,43,64,100,100,71,57,57,57,29,29,57,14,100,43,57,71,43,71,57,71,86,71,79,43,100,100,29,57,29,71,29,43,43,43,43,71,86,86,86,71,14,29,71,29,29,86,86,57,57,57,57,29,29,57,14,100,43,57,43,43,71,43,57,43,43,57,43,71,Eliteserien
Rosenborg,c7jgkxx1czv5etn7snf1r6p2m,bjb4ee3aomtv5hz7qqyjlkgoa,D. Ďuriš,Dávid Duris,27.0,Attacker,Slovakia,Striker,33.0,0.0,91.0,0.0,124.0,3.0,0.0,3.0,14.0,9.0,5.0,4.0,15.0,16.0,21.0,5.0,1.0,6.0,668.0,2.0,33.0,6.0,5.0,3.0,0.0,0.0,79.49,0.0,0.0,33.33,14.29,30.88,23.08,42.86,1.5153289871601647,0.2524921744860798,4.0,8.0,0.3000642,5.0,5.0,4.0,0.1888976299999999,41.0,4.446107784431137,0.0,12.260479041916168,0.0,16.706586826347305,0.404191616766467,0.0,0.404191616766467,1.8862275449101795,1.2125748502994012,0.6736526946107784,0.5389221556886228,2.020958083832335,2.155688622754491,2.829341317365269,0.6736526946107784,0.1347305389221557,0.8083832335329341,0.2694610778443114,4.446107784431137,0.8083832335329341,0.6736526946107784,0.404191616766467,0.0,0.0,79.49,0.0,0.0,33.33,14.29,30.88,23.08,42.86,0.2041610910844533,0.0340184067421365,0.5389221556886228,1.0778443113772456,0.0404278113772455,0.6736526946107784,0.6736526946107784,0.5389221556886228,0.0254502794910179,5.523952095808383,ST,46,21,60,10,60,18,21,14,26,24,64,44,56,55,24,46,31,80,18,42,33,43,39,50,50,85,10,21,32,11,14,10,26,29,17,44,46,45,60,43,23,12,52,38,21,67,10,64,17,21,7,21,17,76,55,60,60,12,43,29,90,7,36,21,52,40,50,50,85,10,21,32,11,14,10,26,26,7,48,50,52,62,43,17,12,60,Eliteserien
Rosenborg,c7jgkxx1czv5etn7snf1r6p2m,eas91my7qw7etoha5plxfk9yi,J. Mortensen,Jonas Mortensen,25.0,Defender,Denmark,Defender,75.0,4.0,113.0,17.0,184.0,17.0,0.0,5.0,3.0,1.0,2.0,2.0,8.0,9.0,45.0,21.0,0.0,9.0,541.0,1.0,5.0,7.0,3.0,12.0,3.0,0.0,74.49,51.52,50.0,37.5,33.33,53.57,53.12,66.67,0.1516263964752541,0.4062117571909061,1.0,11.0,0.30491572,3.0,24.0,22.0,0.7151552299999998,100.0,12.476894639556376,0.6654343807763401,18.798521256931608,2.8280961182994453,30.609981515711645,2.8280961182994453,0.0,0.8317929759704251,0.499075785582255,0.166358595194085,0.33271719038817,0.33271719038817,1.3308687615526802,1.497227356746765,7.486136783733826,3.4935304990757854,0.0,1.497227356746765,0.166358595194085,0.8317929759704251,1.1645101663585953,0.499075785582255,1.9963031423290205,0.499075785582255,0.0,74.49,51.52,50.0,37.5,33.33,53.57,53.12,66.67,0.0252243543119646,0.0675768172775999,0.166358595194085,1.829944547134936,0.0507253508317929,0.499075785582255,3.992606284658041,3.659889094269871,0.1189722194085027,16.635859519408502,RB/RCB,25,46,29,54,25,69,27,31,15,10,44,42,50,50,42,25,29,46,38,17,42,50,33,100,52,21,83,96,38,71,42,67,48,8,25,31,35,42,25,40,31,25,33,21,50,46,71,38,88,27,38,25,8,67,58,79,79,88,62,29,88,50,12,58,71,62,100,52,21,83,96,38,71,42,67,48,12,33,33,67,67,12,62,38,21,46,Eliteserien
Rosenborg,c7jgkxx1czv5etn7snf1r6p2m,ec0e15kwv2vre5gnldajcwq8l,D. Islamović,Dino Islamovic,32.0,Attacker,Montenegro,Striker,38.0,0.0,56.0,3.0,94.0,15.0,0.0,4.0,17.0,12.0,5.0,4.0,6.0,6.0,26.0,12.0,2.0,3.0,529.0,6.0,24.0,6.0,1.0,1.0,0.0,0.0,78.99,60.0,0.0,16.67,35.29,38.81,42.86,25.0,2.0034460932551337,0.2980909601212314,3.0,5.0,0.1346317,1.0,10.0,8.0,0.31390882,52.0,6.465028355387523,0.0,9.527410207939509,0.5103969754253308,15.992438563327031,2.551984877126654,0.0,0.6805293005671077,2.892249527410208,2.041587901701323,0.8506616257088846,0.6805293005671077,1.0207939508506616,1.0207939508506616,4.4234404536862,2.041587901701323,0.3402646502835538,0.5103969754253308,1.0207939508506616,4.083175803402646,1.0207939508506616,0.1701323251417769,0.1701323251417769,0.0,0.0,78.99,60.0,0.0,16.67,35.29,38.81,42.86,25.0,0.3408509421417051,0.0507149081491698,0.5103969754253308,0.8506616257088846,0.0229052041587901,0.1701323251417769,1.7013232514177692,1.3610586011342154,0.0534060374291115,8.8468809073724,ST,57,21,38,50,40,65,21,25,45,36,64,44,21,20,29,75,50,61,40,24,33,12,19,50,50,81,71,21,8,40,39,62,17,50,24,37,26,21,18,67,46,33,65,74,21,52,64,62,69,21,29,81,57,83,74,17,14,43,88,52,71,60,26,33,10,17,50,50,81,71,21,8,40,39,62,17,74,26,45,38,19,26,81,62,48,81,Eliteserien
Rosenborg,c7jgkxx1czv5etn7snf1r6p2m,ej8tegehielvpwy8ee4wmasr8,H. Volden,Håkon Volden,19.0,Defender,Norway,Defender,103.0,0.0,90.0,16.0,193.0,15.0,0.0,0.0,0.0,0.0,0.0,0.0,2.0,2.0,23.0,27.0,0.0,8.0,329.0,0.0,5.0,3.0,1.0,4.0,1.0,0.0,82.13,53.33,0.0,50.0,0.0,71.88,83.33,100.0,0.0785271500563332,0.0,0.0,5.0,0.10139202,0.0,20.0,15.0,0.2946118099999999,112.0,28.17629179331307,0.0,24.62006079027356,4.376899696048632,52.79635258358663,4.103343465045593,0.0,0.0,0.0,0.0,0.0,0.0,0.547112462006079,0.547112462006079,6.291793313069909,7.386018237082067,0.0,2.188449848024316,0.0,1.3677811550151977,0.8206686930091186,0.2735562310030395,1.094224924012158,0.2735562310030395,0.0,82.13,53.33,0.0,50.0,0.0,71.88,83.33,100.0,0.0214815912008206,0.0,0.0,1.3677811550151977,0.0277364188449848,0.0,5.471124620060791,4.103343465045593,0.0805928963525835,30.638297872340427,CB,27,37,30,50,30,50,42,12,7,10,26,21,43,43,27,42,40,48,21,37,30,44,33,87,51,17,83,37,59,21,95,100,97,17,13,29,33,30,10,35,27,22,29,44,37,70,94,60,92,42,12,7,10,26,21,68,68,84,92,40,94,21,63,65,63,71,98,51,17,83,37,59,21,95,100,97,24,13,29,59,57,10,75,48,35,59,Eliteserien
Rosenborg,c7jgkxx1czv5etn7snf1r6p2m,ejixz16616b7krftxyzv9yiac,M. Bomholt,Mads Bomholt,20.0,Midfielder,Denmark,Midfielder,191.0,6.0,386.0,14.0,571.0,10.0,4.0,21.0,34.0,17.0,17.0,16.0,32.0,34.0,81.0,14.0,1.0,11.0,1418.0,10.0,47.0,29.0,15.0,19.0,0.0,0.0,83.11,45.16,27.27,46.88,29.41,46.02,58.82,70.37,2.802332447209335,1.8310211781354235,14.0,41.0,1.0639793399999995,18.0,63.0,50.0,2.478638959999999,248.0,12.122708039492242,0.3808180535966149,24.499294781382225,0.8885754583921015,36.24118476727785,0.6346967559943583,0.2538787023977433,1.3328631875881525,2.157968970380818,1.078984485190409,1.078984485190409,1.0155148095909732,2.0310296191819464,2.157968970380818,5.141043723554302,0.8885754583921015,0.0634696755994358,0.698166431593794,0.6346967559943583,2.983074753173484,1.8406205923836387,0.9520451339915372,1.2059238363892806,0.0,0.0,83.11,45.16,27.27,46.88,29.41,46.02,58.82,70.37,0.1778631313461496,0.1162143201919521,0.8885754583921015,2.602256699576869,0.0675304235543017,1.1424541607898449,3.9985895627644568,3.173483779971791,0.1573184107193229,15.740479548660083,CM/AM,91,68,95,72,93,69,92,83,95,83,94,100,91,90,92,64,54,78,88,77,93,91,86,49,49,61,46,57,49,48,48,89,68,88,77,97,93,88,89,96,82,93,93,72,54,75,44,81,47,79,40,75,47,88,88,63,68,56,32,49,42,63,46,81,67,58,49,49,61,46,57,49,48,48,89,68,53,46,88,75,68,65,77,56,72,74,Eliteserien
Rosenborg,c7jgkxx1czv5etn7snf1r6p2m,f1naa48i09ck4srkhzxmdugwk,J. Reitan-Sunde,Jesper Reitan-Sunde,20.0,Attacker,Norway,Striker,5.0,0.0,24.0,0.0,29.0,1.0,0.0,1.0,4.0,4.0,0.0,1.0,9.0,9.0,15.0,2.0,0.0,5.0,93.0,3.0,9.0,7.0,6.0,0.0,0.0,0.0,80.56,0.0,0.0,66.67,75.0,51.72,20.0,0.0,0.2861688884643421,0.051313765615266,1.0,1.0,0.02756312,1.0,1.0,0.0,0.03451356,13.0,4.838709677419354,0.0,23.2258064516129,0.0,28.064516129032256,0.9677419354838708,0.0,0.9677419354838708,3.870967741935484,3.870967741935484,0.0,0.9677419354838708,8.709677419354838,8.709677419354838,14.516129032258062,1.935483870967741,0.0,4.838709677419354,2.9032258064516125,8.709677419354838,6.774193548387096,5.806451612903225,0.0,0.0,0.0,80.56,0.0,0.0,66.67,75.0,51.72,20.0,0.0,0.2769376339977503,0.0496584828534832,0.9677419354838708,0.9677419354838708,0.0266739870967741,0.9677419354838708,0.9677419354838708,0.0,0.0334002193548387,12.580645161290322,RW,14,29,43,29,29,43,43,21,29,43,21,36,43,36,43,43,14,100,71,36,86,57,21,57,57,100,29,29,100,100,71,43,21,14,14,21,14,14,21,36,14,14,57,71,29,86,29,100,86,43,29,71,100,21,57,100,100,100,100,14,100,100,100,100,100,21,57,57,100,29,29,100,100,71,43,21,57,29,36,21,14,79,100,14,14,100,Eliteserien
Rosenborg,c7jgkxx1czv5etn7snf1r6p2m,qer4hblafo04av0aajfecclx,I. Fossum,Iver Fossum,30.0,Midfielder,Norway,Midfielder,129.0,6.0,239.0,6.0,362.0,15.0,1.0,14.0,16.0,13.0,3.0,3.0,12.0,12.0,43.0,6.0,3.0,8.0,832.0,8.0,26.0,8.0,5.0,10.0,0.0,0.0,85.18,46.15,26.09,41.67,50.0,48.31,51.72,66.67,1.9032386579128564,1.1388487915610743,1.0,10.0,0.21208801,6.0,40.0,36.0,1.5330648199999994,216.0,13.954326923076923,0.6490384615384616,25.853365384615387,0.6490384615384616,39.15865384615385,1.622596153846154,0.1081730769230769,1.514423076923077,1.7307692307692308,1.4062500000000002,0.3245192307692308,0.3245192307692308,1.2980769230769231,1.2980769230769231,4.651442307692308,0.6490384615384616,0.3245192307692308,0.8653846153846154,0.8653846153846154,2.8125000000000004,0.8653846153846154,0.5408653846153847,1.0817307692307694,0.0,0.0,85.18,46.15,26.09,41.67,50.0,48.31,51.72,66.67,0.2058791817453811,0.1231927779332893,0.1081730769230769,1.0817307692307694,0.0229422126201923,0.6490384615384616,4.3269230769230775,3.8942307692307696,0.165836338701923,23.365384615384617,CM/AM,74,68,75,40,75,89,50,61,61,69,50,46,50,48,47,30,75,69,78,54,41,39,55,49,49,74,54,54,33,87,56,77,59,68,58,22,32,21,46,80,70,72,82,79,67,82,28,84,84,47,58,56,65,44,32,37,35,49,19,77,58,77,42,32,35,46,49,49,74,54,54,33,87,56,77,59,72,49,18,23,14,28,81,72,77,93,Eliteserien
Brann,6oxoag5c6zbnn09wx08vz4iak,1n9924y1nahaf0if575wgwonp,J. Soltvedt,Joachim Soltvedt,30.0,Defender,Norway,Defender,293.0,30.0,510.0,34.0,773.0,18.0,2.0,36.0,28.0,15.0,13.0,11.0,13.0,13.0,54.0,31.0,4.0,13.0,1281.0,8.0,53.0,13.0,7.0,12.0,0.0,1.0,79.04,34.69,28.3,53.85,28.57,50.94,56.25,75.0,1.941082273928232,3.729151038648281,8.0,46.0,1.1610237299999997,26.0,78.0,118.0,4.448608180000001,404.0,20.58548009367681,2.107728337236534,35.83138173302108,2.388758782201405,54.30913348946136,1.2646370023419204,0.1405152224824356,2.529274004683841,1.9672131147540983,1.053864168618267,0.9133489461358314,0.7728337236533959,0.9133489461358314,0.9133489461358314,3.793911007025761,2.177985948477752,0.2810304449648712,0.9133489461358314,0.5620608899297425,3.723653395784544,0.9133489461358314,0.4918032786885246,0.8430913348946136,0.0,0.0702576112412178,79.04,34.69,28.3,53.85,28.57,50.94,56.25,75.0,0.1363758037888687,0.2620012439331345,0.5620608899297425,3.2318501170960188,0.0815707538641686,1.8266978922716628,5.480093676814989,8.290398126463701,0.3125485840749415,28.384074941451992,LB/LCB,87,96,100,85,96,83,87,100,100,100,98,100,57,57,67,65,98,67,98,93,80,59,59,41,100,39,43,67,74,65,30,83,87,96,100,93,83,78,83,87,100,100,96,65,96,91,65,87,70,78,91,96,83,96,96,39,39,22,30,96,57,87,78,52,52,22,41,100,39,43,67,74,65,30,83,87,87,87,83,74,74,74,83,96,91,100,Eliteserien
Brann,6oxoag5c6zbnn09wx08vz4iak,20fktg1niinhluh218xycy904,N. Jensen Wassberg,Niklas Jensen Wassberg,22.0,Midfielder,Norway,Midfielder,125.0,1.0,191.0,5.0,315.0,7.0,1.0,3.0,3.0,2.0,1.0,1.0,25.0,27.0,48.0,9.0,0.0,11.0,630.0,0.0,13.0,6.0,10.0,18.0,0.0,0.0,85.37,45.45,50.0,40.0,0.0,41.03,36.84,72.0,0.2952537722133639,0.2210707732990713,1.0,20.0,0.5401771500000001,8.0,35.0,37.0,1.0937104900000003,163.0,17.857142857142858,0.1428571428571428,27.285714285714285,0.7142857142857143,45.0,1.0,0.1428571428571428,0.4285714285714285,0.4285714285714285,0.2857142857142857,0.1428571428571428,0.1428571428571428,3.571428571428572,3.857142857142857,6.857142857142857,1.2857142857142858,0.0,1.5714285714285714,0.0,1.8571428571428568,0.8571428571428571,1.4285714285714286,2.571428571428572,0.0,0.0,85.37,45.45,50.0,40.0,0.0,41.03,36.84,72.0,0.0421791103161948,0.0315815390427244,0.1428571428571428,2.857142857142857,0.0771681642857143,1.1428571428571428,5.0,5.285714285714286,0.1562443557142857,23.285714285714285,CM/AM,72,35,67,34,70,53,50,11,15,18,22,13,85,86,59,46,23,78,11,35,34,79,81,49,49,77,50,97,31,11,30,35,77,14,12,22,68,65,60,75,74,54,74,93,33,88,36,89,67,58,4,7,12,23,14,96,98,84,53,23,93,11,21,30,82,98,49,49,77,50,97,31,11,30,35,77,5,4,25,86,75,67,89,89,68,91,Eliteserien
Brann,6oxoag5c6zbnn09wx08vz4iak,2hwemaa18hwlq3c4i208lbbo5,K. Eriksen,Kristian Eriksen,31.0,Midfielder,Norway,Midfielder,90.0,2.0,173.0,6.0,261.0,26.0,4.0,15.0,22.0,19.0,3.0,6.0,7.0,7.0,54.0,14.0,4.0,8.0,1001.0,7.0,57.0,13.0,3.0,3.0,0.0,0.0,74.57,54.55,33.33,42.86,31.82,40.0,50.0,25.0,3.2433395967227194,1.0086873704170043,3.0,12.0,0.45356528,8.0,17.0,24.0,1.0802622400000002,125.0,8.091908091908092,0.1798201798201798,15.554445554445556,0.5394605394605395,23.466533466533463,2.3376623376623376,0.3596403596403597,1.3486513486513487,1.978021978021978,1.7082917082917084,0.2697302697302697,0.5394605394605395,0.6293706293706294,0.6293706293706294,4.855144855144856,1.2587412587412588,0.3596403596403597,0.7192807192807193,0.6293706293706294,5.124875124875125,1.1688311688311688,0.2697302697302697,0.2697302697302697,0.0,0.0,74.57,54.55,33.33,42.86,31.82,40.0,50.0,25.0,0.2916089547502944,0.090691172165365,0.2697302697302697,1.078921078921079,0.0407800951048951,0.7192807192807193,1.5284715284715285,2.157842157842158,0.0971264751248751,11.23876123876124,CM/AM,67,45,61,40,60,95,92,67,77,88,50,77,27,26,70,64,83,69,70,89,71,26,19,49,49,18,70,72,38,57,25,70,2,93,51,57,42,58,60,52,51,51,63,40,39,37,23,35,93,91,46,68,77,35,58,12,12,53,51,86,47,61,86,47,12,7,49,49,18,70,72,38,57,25,70,2,91,32,40,21,30,37,25,30,40,44,Eliteserien
Brann,6oxoag5c6zbnn09wx08vz4iak,3m2o0t6siupip9y3sco71fe5m,E. Guðmundsson,Eggert Gudmundsson,22.0,Midfielder,Iceland,Midfielder,6.0,0.0,49.0,0.0,55.0,0.0,0.0,7.0,3.0,3.0,0.0,0.0,5.0,5.0,7.0,1.0,0.0,1.0,162.0,1.0,7.0,4.0,1.0,2.0,0.0,0.0,77.46,0.0,0.0,20.0,33.33,29.17,0.0,100.0,0.359182232582941,0.5337979846591147,0.0,3.0,0.09794714,1.0,1.0,9.0,0.3859685499999999,29.0,3.333333333333333,0.0,27.22222222222222,0.0,30.55555555555556,0.0,0.0,3.888888888888889,1.6666666666666663,1.6666666666666663,0.0,0.0,2.7777777777777777,2.7777777777777777,3.888888888888889,0.5555555555555556,0.0,0.5555555555555556,0.5555555555555556,3.888888888888889,2.2222222222222223,0.5555555555555556,1.1111111111111112,0.0,0.0,77.46,0.0,0.0,20.0,33.33,29.17,0.0,100.0,0.1995456847683005,0.2965544359217303,0.0,1.6666666666666663,0.0544150777777777,0.5555555555555556,0.5555555555555556,5.0,0.2144269722222221,16.11111111111111,CM/AM,4,14,12,2,11,6,18,32,15,24,7,4,18,18,8,9,23,15,26,13,20,11,12,49,49,32,2,14,11,62,4,6,98,18,28,8,11,14,4,3,21,23,13,7,14,86,2,61,6,18,100,49,74,7,4,84,81,25,12,23,35,53,63,86,40,49,49,49,32,2,14,11,62,4,6,98,65,100,8,37,54,25,4,84,88,75,Eliteserien
Brann,6oxoag5c6zbnn09wx08vz4iak,4waagh4paa5wwbj8ch3xomm8k,C. Diop,Cheikh Diop,20.0,Defender,Senegal,Defender,46.0,0.0,20.0,5.0,66.0,2.0,0.0,1.0,1.0,1.0,0.0,0.0,0.0,0.0,7.0,5.0,0.0,4.0,134.0,0.0,1.0,1.0,0.0,2.0,0.0,0.0,80.49,45.45,0.0,0.0,0.0,36.84,22.22,50.0,0.0991909071256284,0.0568530824434475,0.0,1.0,0.01935132,0.0,4.0,5.0,0.09100504,42.0,30.8955223880597,0.0,13.43283582089552,3.3582089552238803,44.32835820895522,1.343283582089552,0.0,0.6716417910447761,0.6716417910447761,0.6716417910447761,0.0,0.0,0.0,0.0,4.701492537313433,3.3582089552238803,0.0,2.686567164179104,0.0,0.6716417910447761,0.6716417910447761,0.0,1.343283582089552,0.0,0.0,80.49,45.45,0.0,0.0,0.0,36.84,22.22,50.0,0.0666207585172131,0.0381849061187333,0.0,0.6716417910447761,0.0129971552238805,0.0,2.686567164179104,3.3582089552238803,0.0611227880597014,28.2089552238806,CB,6,37,6,11,5,4,42,30,20,26,26,21,11,10,6,4,40,20,21,8,7,17,22,40,51,13,52,37,17,21,3,3,20,21,29,29,13,12,10,10,10,10,11,57,37,13,78,35,25,42,89,63,71,26,21,11,10,59,17,40,100,21,32,58,17,87,40,51,13,52,37,17,21,3,3,20,57,68,29,30,29,10,29,40,24,51,Eliteserien
Brann,6oxoag5c6zbnn09wx08vz4iak,62k4fq609h2evj1k2e1n42x91,F. Knudsen,Fredrik Knudsen,29.0,Defender,Norway,Defender,417.0,0.0,272.0,36.0,689.0,52.0,0.0,0.0,7.0,7.0,0.0,3.0,2.0,2.0,88.0,95.0,0.0,9.0,1251.0,2.0,10.0,7.0,1.0,19.0,0.0,0.0,85.7,40.91,0.0,50.0,28.57,68.22,70.27,67.86,0.9944523393292656,0.0,0.0,26.0,0.52323385,9.0,69.0,63.0,1.04680369,419.0,30.0,0.0,19.568345323741006,2.5899280575539567,49.568345323741006,3.741007194244604,0.0,0.0,0.5035971223021583,0.5035971223021583,0.0,0.2158273381294964,0.1438848920863309,0.1438848920863309,6.330935251798561,6.83453237410072,0.0,0.6474820143884892,0.1438848920863309,0.7194244604316546,0.5035971223021583,0.0719424460431654,1.3669064748201438,0.0,0.0,85.7,40.91,0.0,50.0,28.57,68.22,70.27,67.86,0.0715433337646953,0.0,0.0,1.870503597122302,0.0376427230215827,0.6474820143884892,4.9640287769784175,4.532374100719425,0.0753096179856115,30.14388489208633,CB,81,37,73,78,76,92,42,12,77,84,26,93,43,43,96,90,40,54,75,58,61,44,93,40,51,43,32,37,59,63,86,86,52,84,13,29,89,86,85,83,75,59,75,56,37,54,52,54,83,42,12,54,59,26,81,38,37,86,89,40,12,59,35,35,40,89,40,51,43,32,37,59,63,86,86,52,63,13,29,73,63,73,71,60,30,56,Eliteserien
Brann,6oxoag5c6zbnn09wx08vz4iak,878hgn9q68ca8y0wmdih92h9l,N. Castro,Niklas Castro,30.0,Attacker,Chile,Striker,22.0,8.0,152.0,5.0,166.0,1.0,1.0,12.0,13.0,10.0,3.0,3.0,20.0,20.0,25.0,2.0,2.0,1.0,324.0,7.0,29.0,8.0,7.0,5.0,0.0,0.0,79.43,45.45,21.05,35.0,53.85,42.37,20.0,55.56,0.8921606869285942,1.6810923541640237,4.0,24.0,0.7055098999999999,9.0,11.0,26.0,2.3270767100000005,86.0,6.111111111111111,2.2222222222222223,42.22222222222222,1.3888888888888888,46.11111111111111,0.2777777777777778,0.2777777777777778,3.333333333333333,3.611111111111111,2.7777777777777777,0.8333333333333333,0.8333333333333333,5.555555555555555,5.555555555555555,6.944444444444445,0.5555555555555556,0.5555555555555556,0.2777777777777778,1.9444444444444444,8.055555555555555,2.2222222222222223,1.9444444444444444,1.3888888888888888,0.0,0.0,79.43,45.45,21.05,35.0,53.85,42.37,20.0,55.56,0.2478224130357206,0.4669700983788954,1.1111111111111112,6.666666666666666,0.1959749722222221,2.5,3.055555555555556,7.222222222222222,0.6464101972222224,23.88888888888889,LW,23,91,64,45,45,32,55,64,36,36,55,32,36,36,36,18,64,27,64,36,36,36,41,55,55,64,50,64,36,82,36,32,55,36,73,41,45,45,50,55,82,91,73,73,100,100,91,100,45,82,100,91,91,82,82,91,82,73,45,100,64,100,82,82,73,82,55,55,64,50,64,36,82,36,32,55,73,100,73,91,91,91,100,100,100,100,Eliteserien
Brann,6oxoag5c6zbnn09wx08vz4iak,9023yrwrlfk93z0mk43odqql0,N. Boakye,Nana Boakye,20.0,Defender,Ghana,Defender,71.0,0.0,19.0,6.0,90.0,1.0,0.0,0.0,0.0,0.0,0.0,0.0,0.0,0.0,4.0,10.0,0.0,0.0,134.0,0.0,4.0,1.0,0.0,1.0,0.0,0.0,84.91,50.0,0.0,0.0,0.0,33.33,25.0,50.0,0.0,0.0,0.0,0.0,0.0,0.0,0.0,0.0,0.0,0.0,47.6865671641791,0.0,12.761194029850746,4.029850746268656,60.44776119402985,0.6716417910447761,0.0,0.0,0.0,0.0,0.0,0.0,0.0,0.0,2.686567164179104,6.716417910447761,0.0,0.0,0.0,2.686567164179104,0.6716417910447761,0.0,0.6716417910447761,0.0,0.0,84.91,50.0,0.0,0.0,0.0,33.33,25.0,50.0,0.0,0.0,0.0,0.0,0.0,0.0,0.0,0.0,0.0,0.0,CB,13,37,4,14,8,2,42,12,7,10,26,21,11,10,2,10,40,2,21,29,7,17,10,40,51,33,72,37,17,21,2,5,20,6,13,29,6,6,10,4,4,4,4,98,37,10,89,76,3,42,12,7,10,26,21,11,10,3,83,40,2,21,92,58,17,35,40,51,33,72,37,17,21,2,5,20,6,13,29,6,6,10,4,4,4,4,Eliteserien
Brann,6oxoag5c6zbnn09wx08vz4iak,a8opuarwq9byw73nhfgvo9nca,K. Ingason,Kristall Ingason,24.0,Attacker,Iceland,Striker,99.0,7.0,228.0,7.0,320.0,6.0,2.0,14.0,19.0,15.0,4.0,3.0,34.0,35.0,57.0,8.0,5.0,9.0,941.0,12.0,53.0,15.0,12.0,17.0,0.0,0.0,85.11,58.33,17.5,35.29,63.16,43.85,54.55,70.83,2.0189809201725124,1.4161980260295224,6.0,23.0,0.65790609,8.0,23.0,36.0,1.7193928300000003,142.0,9.46865037194474,0.6695005313496281,21.806588735387884,0.6695005313496281,30.605738575983,0.5738575982996812,0.1912858660998937,1.339001062699256,1.8172157279489904,1.434643995749203,0.3825717321997874,0.2869287991498406,3.251859723698193,3.3475026567481403,5.451647183846971,0.7651434643995749,0.4782146652497343,0.8607863974495218,1.1477151965993624,5.069075451647183,1.434643995749203,1.1477151965993624,1.6259298618490967,0.0,0.0,85.11,58.33,17.5,35.29,63.16,43.85,54.55,70.83,0.1931012569771797,0.1354493329890085,0.5738575982996812,2.199787460148778,0.0629240681190223,0.7651434643995749,2.199787460148778,3.443145589798087,0.1644477733262487,13.581296493092454,ST,90,92,95,83,95,35,87,87,54,58,56,33,94,94,76,60,81,90,75,74,70,89,100,50,50,93,63,57,39,95,69,86,79,52,93,67,87,74,80,93,93,93,95,95,83,93,79,93,29,74,79,19,29,45,12,88,88,64,50,83,95,74,57,76,81,100,50,50,93,63,57,39,95,69,86,79,19,83,52,83,76,71,88,93,90,95,Eliteserien
Brann,6oxoag5c6zbnn09wx08vz4iak,adthn237lwxewaxsrgd6hlu51,T. Pedersen,Thore Pedersen,30.0,Defender,Norway,Defender,379.0,1.0,352.0,36.0,730.0,13.0,0.0,3.0,1.0,0.0,1.0,0.0,8.0,9.0,40.0,45.0,0.0,12.0,1073.0,1.0,5.0,7.0,6.0,10.0,0.0,0.0,90.23,60.0,20.0,75.0,100.0,57.97,52.0,66.67,0.0679470218286913,0.2158880032450207,2.0,38.0,0.9000042799999997,19.0,72.0,72.0,1.6498775000000008,483.0,31.78937558247903,0.0838769804287045,29.524697110904008,3.0195712954333644,61.230195712954334,1.0904007455731592,0.0,0.2516309412861137,0.0838769804287045,0.0,0.0838769804287045,0.0,0.6710158434296365,0.7548928238583411,3.3550792171481825,3.7744641192917054,0.0,1.0065237651444547,0.0838769804287045,0.4193849021435228,0.587138863000932,0.5032618825722274,0.8387698042870456,0.0,0.0,90.23,60.0,20.0,75.0,100.0,57.97,52.0,66.67,0.0056991910201139,0.0181080338229747,0.1677539608574091,3.187325256290773,0.0754896413793103,1.5936626281453867,6.039142590866729,6.039142590866729,0.13838674277726,40.51258154706431,CB,75,78,90,78,78,44,42,65,20,10,63,21,83,84,57,59,40,71,54,37,61,95,70,40,51,86,96,77,83,100,51,34,48,14,62,87,94,94,95,85,83,84,84,62,83,90,65,78,16,42,46,14,10,60,21,75,78,21,24,40,51,52,21,48,86,48,40,51,86,96,77,83,100,51,34,48,13,46,84,92,87,89,79,83,78,84,Eliteserien
Brann,6oxoag5c6zbnn09wx08vz4iak,aojrff0lrdwjyyvsbpd39h7f9,V. Dragsnes,Vetle Dragsnes,32.0,Defender,Norway,Defender,266.0,5.0,338.0,34.0,599.0,10.0,0.0,4.0,4.0,2.0,2.0,2.0,10.0,11.0,37.0,21.0,1.0,7.0,950.0,2.0,16.0,9.0,4.0,10.0,0.0,0.0,87.96,53.12,45.45,40.0,50.0,57.81,52.63,71.43,0.3540389163942266,0.4794078030517877,0.0,44.0,0.9383890399999996,14.0,68.0,66.0,1.84511275,326.0,25.2,0.4736842105263158,32.02105263157895,3.221052631578948,56.74736842105264,0.9473684210526316,0.0,0.3789473684210526,0.3789473684210526,0.1894736842105263,0.1894736842105263,0.1894736842105263,0.9473684210526316,1.0421052631578946,3.505263157894737,1.9894736842105265,0.0947368421052631,0.6631578947368422,0.1894736842105263,1.5157894736842106,0.8526315789473684,0.3789473684210526,0.9473684210526316,0.0,0.0,87.96,53.12,45.45,40.0,50.0,57.81,52.63,71.43,0.0335405289215583,0.0454175813417483,0.0,4.168421052631579,0.0889000143157894,1.3263157894736843,6.442105263157895,6.252631578947368,0.1748001552631579,30.88421052631579,CB,65,98,86,72,68,31,42,77,49,40,81,81,93,94,52,30,87,40,75,79,75,84,70,40,51,62,79,97,48,91,49,38,60,41,84,29,95,95,91,81,79,90,65,32,94,94,70,70,11,42,68,40,32,81,75,84,86,25,10,87,14,70,73,67,76,60,40,51,62,79,97,48,91,49,38,60,33,83,29,95,94,86,84,86,89,60,Eliteserien
Brann,6oxoag5c6zbnn09wx08vz4iak,avnrtae50pid6aomt6sq3dqi2,D. De Roeve,Denzel De Roeve,22.0,Defender,Belgium,Defender,163.0,7.0,267.0,45.0,423.0,6.0,2.0,11.0,13.0,7.0,6.0,7.0,10.0,13.0,57.0,26.0,1.0,13.0,946.0,5.0,26.0,8.0,4.0,27.0,0.0,0.0,76.91,49.45,18.92,40.0,38.46,58.16,33.33,69.23,1.0760883806851926,1.226655788665754,4.0,34.0,0.78931266,21.0,39.0,54.0,3.06370639,203.0,15.50739957716702,0.6659619450317125,25.40169133192389,4.281183932346723,40.2431289640592,0.5708245243128964,0.1902748414376321,1.0465116279069768,1.236786469344609,0.6659619450317125,0.5708245243128964,0.6659619450317125,0.9513742071881608,1.236786469344609,5.422832980972516,2.473572938689218,0.095137420718816,1.236786469344609,0.4756871035940803,2.473572938689218,0.7610993657505285,0.3805496828752642,2.568710359408034,0.0,0.0,76.91,49.45,18.92,40.0,38.46,58.16,33.33,69.23,0.1023762730038766,0.1167008678434649,0.3805496828752642,3.2346723044397465,0.0750931706131078,1.9978858350951367,3.710359408033826,5.137420718816068,0.2914731237843552,19.312896405919663,RB/RCB,54,69,75,83,62,31,83,62,81,65,94,96,67,73,62,50,67,69,77,73,52,60,92,38,52,33,75,21,48,75,79,27,62,75,75,77,88,92,88,62,67,92,62,42,54,88,92,62,25,83,67,79,67,88,83,58,67,58,33,71,62,92,58,33,50,88,38,52,33,75,21,48,75,79,27,62,75,75,83,96,92,96,54,79,92,62,Eliteserien
Brann,6oxoag5c6zbnn09wx08vz4iak,bapdoe78rj82j550otb5zemwa,N. Holm,Noah Holm,25.0,Attacker,Norway,Striker,60.0,0.0,124.0,10.0,184.0,72.0,1.0,9.0,44.0,41.0,3.0,6.0,16.0,21.0,121.0,24.0,6.0,2.0,1297.0,17.0,101.0,24.0,9.0,10.0,0.0,0.0,60.73,45.45,0.0,56.25,38.64,52.84,59.5,58.82,5.545674355920676,0.8157187023891945,2.0,10.0,0.4687471699999999,6.0,11.0,13.0,0.46115681,67.0,4.163454124903624,0.0,8.604471858134156,0.6939090208172706,12.76792598303778,4.996144949884348,0.069390902081727,0.6245181187355435,3.0531996915959905,2.8450269853508097,0.2081727062451812,0.4163454124903624,1.110254433307633,1.4572089437162683,8.396299151888975,1.6653816499614496,0.4163454124903624,0.1387818041634541,1.17964533538936,7.008481110254433,1.6653816499614496,0.6245181187355435,0.6939090208172706,0.0,0.0,60.73,45.45,0.0,56.25,38.64,52.84,59.5,58.82,0.3848193462088364,0.056603456603722,0.1387818041634541,0.6939090208172706,0.0325267889745566,0.4163454124903624,0.7632999228989976,0.9020817270624518,0.0320000870470316,4.649190439475713,ST,74,21,79,95,76,100,61,60,100,100,44,63,61,69,100,95,90,50,93,100,93,67,90,50,50,5,48,21,86,52,93,95,40,98,74,30,55,64,71,71,68,60,79,31,21,43,81,45,98,45,21,86,90,21,29,26,33,98,79,74,33,79,90,88,40,81,50,50,5,48,21,86,52,93,95,40,83,36,12,24,40,45,55,40,17,45,Eliteserien
Brann,6oxoag5c6zbnn09wx08vz4iak,boik3ru9i1aghjgmiu0chqfah,J. Sørensen,Jacob Sørensen,28.0,Midfielder,Denmark,Midfielder,235.0,0.0,403.0,32.0,638.0,48.0,1.0,5.0,6.0,0.0,6.0,3.0,9.0,9.0,103.0,37.0,0.0,20.0,1053.0,1.0,13.0,13.0,4.0,27.0,1.0,0.0,83.95,46.38,0.0,44.44,16.67,63.98,70.59,71.05,0.4338469188628887,0.5437931241403534,4.0,34.0,0.8372064099999996,12.0,72.0,77.0,1.5628859599999998,388.0,20.085470085470085,0.0,34.44444444444445,2.735042735042735,54.529914529914535,4.102564102564103,0.0854700854700854,0.4273504273504274,0.5128205128205129,0.0,0.5128205128205129,0.2564102564102564,0.7692307692307693,0.7692307692307693,8.803418803418804,3.1623931623931627,0.0,1.7094017094017095,0.0854700854700854,1.1111111111111112,1.1111111111111112,0.3418803418803419,2.307692307692308,0.0854700854700854,0.0,83.95,46.38,0.0,44.44,16.67,63.98,70.59,71.05,0.0370809332361443,0.0464780447983208,0.3418803418803419,2.9059829059829063,0.0715561034188033,1.0256410256410258,6.153846153846154,6.581196581196582,0.1335799965811965,33.162393162393165,DM/CM,76,19,93,76,93,100,72,48,41,10,71,52,59,55,97,97,29,90,36,69,78,52,100,98,48,38,48,19,55,41,93,97,83,41,59,64,95,97,91,90,93,83,97,55,19,93,76,79,97,69,31,21,10,59,41,38,38,97,93,29,83,34,55,52,45,93,97,48,38,48,19,55,41,93,97,83,21,45,41,97,97,83,79,86,66,93,Eliteserien
Brann,6oxoag5c6zbnn09wx08vz4iak,ce1q0p0ifilrb8wx6rmkcaeol,B. Finne,Bård Finne,31.0,Attacker,Norway,Striker,15.0,5.0,79.0,2.0,89.0,0.0,2.0,9.0,17.0,15.0,2.0,4.0,7.0,7.0,20.0,5.0,4.0,3.0,523.0,9.0,51.0,8.0,2.0,6.0,0.0,0.0,63.12,20.0,20.83,28.57,52.94,45.45,0.0,60.0,1.6203716275393012,1.0152814268286876,5.0,6.0,0.18589241,5.0,3.0,7.0,1.2314255000000005,48.0,2.581261950286807,0.8604206500956023,13.594646271510516,0.3441682600382409,15.315487571701722,0.0,0.3441682600382409,1.548757170172084,2.925430210325048,2.581261950286807,0.3441682600382409,0.6883365200764818,1.2045889101338432,1.2045889101338432,3.4416826003824093,0.8604206500956023,0.6883365200764818,0.5162523900573613,1.548757170172084,8.776290630975144,1.3766730401529637,0.3441682600382409,1.032504780114723,0.0,0.0,63.12,20.0,20.83,28.57,52.94,45.45,0.0,60.0,0.2788402418327669,0.174713821060386,0.8604206500956023,1.032504780114723,0.0319891336520076,0.8604206500956023,0.5162523900573613,1.2045889101338432,0.2119087858508605,8.260038240917781,ST,20,85,50,40,38,2,87,60,45,58,30,44,29,26,19,46,71,61,63,69,49,24,62,50,50,14,20,62,26,87,81,2,50,31,76,57,35,31,60,29,40,88,55,14,90,76,43,60,2,90,90,83,83,36,76,31,24,21,52,98,76,93,98,71,14,90,50,50,14,20,62,26,87,81,2,50,52,95,71,48,36,81,31,60,98,76,Eliteserien
Brann,6oxoag5c6zbnn09wx08vz4iak,dfwjippbaspehxg8m8ui4djze,U. Mathisen,Ulrik Mathisen,27.0,Midfielder,Norway,Midfielder,32.0,2.0,118.0,2.0,148.0,14.0,3.0,7.0,15.0,11.0,4.0,6.0,24.0,25.0,49.0,2.0,1.0,3.0,763.0,4.0,57.0,16.0,10.0,7.0,0.0,0.0,75.13,33.33,18.18,41.67,26.67,50.0,41.18,77.78,1.7326737731602198,1.03695050399921,6.0,26.0,1.0079273699999998,3.0,8.0,9.0,1.2824150100000002,44.0,3.774574049803408,0.2359108781127129,13.918741808650063,0.2359108781127129,17.45740498034076,1.651376146788991,0.3538663171690694,0.8256880733944955,1.769331585845347,1.2975098296199217,0.4718217562254259,0.7077326343381389,2.830930537352556,2.948885976408912,5.779816513761467,0.2359108781127129,0.1179554390563564,0.3538663171690694,0.4718217562254259,6.72346002621232,1.887287024901704,1.1795543905635648,0.8256880733944955,0.0,0.0,75.13,33.33,18.18,41.67,26.67,50.0,41.18,77.78,0.2043782956545475,0.1223139519789369,0.7077326343381389,3.066841415465269,0.1188905154652686,0.3538663171690694,0.943643512450852,1.0615989515072084,0.1512678255570118,5.190039318479686,RM/RCM,42,42,50,29,50,92,75,42,58,67,58,83,67,71,67,21,38,42,46,75,75,92,50,50,54,33,25,50,46,17,67,62,92,58,50,71,67,67,21,42,38,42,42,25,25,33,17,25,83,67,17,33,67,42,83,75,75,58,8,33,25,25,100,75,67,25,50,54,33,25,50,46,17,67,62,92,58,25,50,75,83,17,25,8,33,8,Eliteserien
Sandefjord,btaf9fuj3xctycyjeqwereaow,1j7zubyq25gltkrmrqb8xiyy2,F. Pedersen,Fredrik Pedersen,23.0,Defender,Norway,Defender,283.0,6.0,285.0,20.0,562.0,8.0,0.0,15.0,5.0,4.0,1.0,3.0,14.0,15.0,50.0,41.0,0.0,21.0,1509.0,1.0,23.0,7.0,5.0,19.0,0.0,0.0,84.89,44.44,30.0,35.71,20.0,46.73,28.57,63.33,0.5737993722696417,1.1359300049099137,0.0,26.0,0.78043645,12.0,52.0,51.0,1.8564444700000016,265.0,16.87872763419483,0.3578528827037773,16.998011928429424,1.1928429423459246,33.51888667992048,0.4771371769383698,0.0,0.8946322067594434,0.2982107355864811,0.2385685884691849,0.0596421471172962,0.1789264413518886,0.8349900596421471,0.8946322067594434,2.9821073558648115,2.445328031809145,0.0,1.252485089463221,0.0596421471172962,1.371769383697813,0.4174950298210735,0.2982107355864811,1.1332007952286285,0.0,0.0,84.89,44.44,30.0,35.71,20.0,46.73,28.57,63.33,0.0342226265767181,0.0677493044677881,0.0,1.5506958250497018,0.0465469055666004,0.7157057654075547,3.101391650099404,3.041749502982108,0.1107223341948311,15.8051689860835,RB/RCB,83,60,83,62,83,42,27,85,35,48,23,65,79,79,50,79,29,94,38,60,42,71,67,38,52,79,71,56,29,40,17,21,33,46,62,10,79,88,67,79,62,62,83,54,29,38,29,50,21,27,50,8,21,12,38,54,50,8,29,29,67,25,33,17,38,29,38,52,79,71,56,29,40,17,21,33,17,38,10,38,54,38,46,29,17,29,Eliteserien
Sandefjord,btaf9fuj3xctycyjeqwereaow,3e1tqerfmnsaqicofczjljo8a,S. Mørk,Sander Mørk,25.0,Midfielder,Norway,Midfielder,528.0,6.0,441.0,64.0,963.0,5.0,0.0,11.0,20.0,5.0,15.0,7.0,11.0,12.0,47.0,50.0,1.0,17.0,1495.0,2.0,7.0,9.0,7.0,16.0,0.0,0.0,83.59,42.67,35.29,63.64,10.0,45.19,27.78,61.54,1.6080981023963203,0.8964233442518283,10.0,32.0,0.6991407599999999,14.0,107.0,113.0,2.4069457099999982,523.0,31.785953177257525,0.3612040133779264,26.548494983277592,3.8528428093645486,57.97324414715719,0.3010033444816054,0.0,0.6622073578595318,1.2040133779264215,0.3010033444816054,0.903010033444816,0.4214046822742475,0.6622073578595318,0.7224080267558528,2.82943143812709,3.0100334448160537,0.060200668896321,1.0234113712374582,0.1204013377926421,0.4214046822742475,0.5418060200668896,0.4214046822742475,0.9632107023411371,0.0,0.0,83.59,42.67,35.29,63.64,10.0,45.19,27.78,61.54,0.0968085814151631,0.0539652849382371,0.6020066889632107,1.9264214046822743,0.0420887414046822,0.842809364548495,6.441471571906355,6.802675585284281,0.1448997417391303,31.48494983277592,DM/CM,100,88,97,100,100,38,28,76,90,69,93,86,72,76,66,100,74,78,50,52,59,74,84,48,48,28,31,83,79,34,17,38,55,86,72,91,90,90,97,100,100,100,100,97,76,62,86,90,28,28,55,72,48,86,62,34,34,7,90,59,31,41,10,7,55,38,48,48,28,31,83,79,34,17,38,55,69,59,83,66,66,62,83,90,76,86,Eliteserien
Sandefjord,btaf9fuj3xctycyjeqwereaow,4hxss5mw64nhsxbooefwy6978,F. Apetorgbor,Foster Apetorgbor,18.0,Attacker,Ghana,Striker,9.0,6.0,33.0,2.0,36.0,0.0,1.0,5.0,6.0,4.0,2.0,2.0,9.0,10.0,7.0,1.0,1.0,1.0,122.0,2.0,8.0,3.0,2.0,2.0,0.0,0.0,76.6,33.33,85.71,22.22,33.33,29.17,0.0,100.0,0.5039564968065551,0.5606231655306928,2.0,3.0,0.06217719,1.0,1.0,5.0,0.75717322,11.0,6.639344262295082,4.426229508196721,24.344262295081965,1.4754098360655736,26.557377049180328,0.0,0.7377049180327868,3.6885245901639343,4.426229508196721,2.950819672131148,1.4754098360655736,1.4754098360655736,6.639344262295082,7.377049180327869,5.163934426229508,0.7377049180327868,0.7377049180327868,0.7377049180327868,1.4754098360655736,5.901639344262295,2.2131147540983607,1.4754098360655736,1.4754098360655736,0.0,0.0,76.6,33.33,85.71,22.22,33.33,29.17,0.0,100.0,0.3717711861687701,0.4135744663751012,1.4754098360655736,2.2131147540983607,0.045868418852459,0.7377049180327868,0.7377049180327868,3.6885245901639343,0.5585704081967212,8.114754098360656,RW,43,100,57,86,57,14,86,64,43,43,50,57,43,57,29,14,50,36,43,14,36,29,43,57,57,86,71,100,29,50,36,14,100,43,86,50,43,29,21,36,57,86,29,86,100,100,100,86,14,100,100,100,86,86,100,71,71,57,29,86,57,71,57,57,57,86,57,57,86,71,100,29,50,36,14,100,86,100,86,57,43,29,71,100,100,57,Eliteserien
Sandefjord,btaf9fuj3xctycyjeqwereaow,5362zl678ibx1md2kk6t4r47o,N. Möller,Nikolaj Möller,24.0,Attacker,Sweden,Striker,39.0,1.0,66.0,1.0,104.0,43.0,0.0,7.0,25.0,23.0,2.0,6.0,5.0,5.0,66.0,19.0,3.0,0.0,1056.0,13.0,43.0,10.0,1.0,8.0,0.0,0.0,62.65,20.0,100.0,20.0,52.0,51.97,58.9,66.67,3.477725836493277,0.4651066469173797,4.0,8.0,0.23660784,4.0,6.0,6.0,0.30596702,39.0,3.3238636363636367,0.0852272727272727,5.625,0.0852272727272727,8.863636363636365,3.664772727272728,0.0,0.5965909090909092,2.1306818181818183,1.960227272727273,0.1704545454545454,0.5113636363636364,0.4261363636363636,0.4261363636363636,5.625,1.619318181818182,0.2556818181818182,0.0,1.1079545454545456,3.664772727272728,0.8522727272727273,0.0852272727272727,0.6818181818181819,0.0,0.0,62.65,20.0,100.0,20.0,52.0,51.97,58.9,66.67,0.2963970883374952,0.0396397710440948,0.3409090909090909,0.6818181818181819,0.0201654409090909,0.3409090909090909,0.5113636363636364,0.5113636363636364,0.0260767346590909,3.3238636363636367,ST,60,55,42,27,46,94,21,49,65,76,30,63,14,13,86,93,62,15,82,61,61,12,74,50,50,7,20,96,12,83,90,92,67,74,43,44,46,38,50,52,35,31,46,19,50,19,19,14,88,21,17,40,52,12,40,2,2,74,76,40,15,69,19,26,7,79,50,50,7,20,96,12,83,90,92,67,57,14,24,21,14,33,29,14,14,24,Eliteserien
Sandefjord,btaf9fuj3xctycyjeqwereaow,6hssnrvqsel6i5ca09p5730x6,M. Melchior,Marcus Melchior,25.0,Midfielder,Norway,Midfielder,87.0,0.0,127.0,5.0,214.0,0.0,0.0,4.0,10.0,8.0,2.0,4.0,22.0,22.0,59.0,8.0,0.0,4.0,711.0,2.0,21.0,13.0,16.0,20.0,0.0,0.0,78.97,35.71,0.0,72.73,20.0,57.28,0.0,66.67,0.9759456091560704,0.2099819428030386,4.0,12.0,0.32368662,4.0,22.0,21.0,0.6427491000000001,111.0,11.0126582278481,0.0,16.075949367088608,0.6329113924050632,27.088607594936708,0.0,0.0,0.5063291139240506,1.2658227848101264,1.0126582278481011,0.2531645569620253,0.5063291139240506,2.7848101265822782,2.7848101265822782,7.468354430379747,1.0126582278481011,0.0,0.5063291139240506,0.2531645569620253,2.6582278481012658,1.6455696202531644,2.0253164556962022,2.531645569620253,0.0,0.0,78.97,35.71,0.0,72.73,20.0,57.28,0.0,66.67,0.1235374188805152,0.0265799927598783,0.5063291139240506,1.5189873417721518,0.0409729898734177,0.5063291139240506,2.7848101265822782,2.6582278481012658,0.0813606455696202,14.050632911392404,DM/CM,21,19,31,12,24,7,28,34,66,84,29,64,90,90,76,26,29,19,50,83,78,97,93,48,48,10,9,19,93,48,76,12,62,66,34,64,38,55,38,28,28,31,31,3,19,17,3,7,7,28,38,76,90,17,79,97,97,90,7,29,7,48,93,90,97,97,48,48,10,9,19,93,48,76,12,62,79,28,72,48,59,45,24,24,28,17,Eliteserien
Sandefjord,btaf9fuj3xctycyjeqwereaow,815zq6bo3kwxw8fl3bh381ez8,R. Holten,Rasmus Holten,21.0,Defender,Norway,Defender,258.0,0.0,210.0,27.0,468.0,27.0,0.0,2.0,2.0,1.0,1.0,1.0,1.0,1.0,49.0,33.0,1.0,6.0,628.0,1.0,6.0,9.0,1.0,10.0,0.0,0.0,88.3,54.0,0.0,100.0,50.0,70.0,72.97,83.33,0.187204175409185,0.1450848718138327,1.0,12.0,0.24756384,7.0,55.0,56.0,1.11667366,323.0,36.97452229299363,0.0,30.095541401273884,3.8694267515923566,67.07006369426752,3.8694267515923566,0.0,0.286624203821656,0.286624203821656,0.143312101910828,0.143312101910828,0.143312101910828,0.143312101910828,0.143312101910828,7.022292993630574,4.729299363057325,0.143312101910828,0.8598726114649682,0.143312101910828,0.8598726114649682,1.2898089171974525,0.143312101910828,1.4331210191082802,0.0,0.0,88.3,54.0,0.0,100.0,50.0,70.0,72.97,83.33,0.0268286238643736,0.0207924179351034,0.143312101910828,1.7197452229299364,0.0354788942675159,1.003184713375796,7.882165605095541,8.025477707006369,0.1600328493630573,46.289808917197455,CB,60,37,63,65,62,73,42,47,31,26,63,56,28,27,68,51,87,33,54,45,75,44,70,40,51,70,84,37,94,91,92,95,90,29,48,69,63,56,76,73,69,63,63,78,37,92,84,87,86,42,52,25,25,68,63,36,34,90,41,93,22,57,44,83,52,90,40,51,70,84,37,94,91,92,95,90,27,52,78,68,59,84,92,92,87,90,Eliteserien
Sandefjord,btaf9fuj3xctycyjeqwereaow,8g5ms6uacdkgfcbxt4crlr4ve,E. Patoulidis,Evangelos Patoulidis,24.0,Midfielder,Belgium,Midfielder,123.0,34.0,232.0,36.0,321.0,4.0,0.0,32.0,32.0,10.0,22.0,8.0,38.0,40.0,57.0,5.0,3.0,8.0,1183.0,11.0,41.0,14.0,16.0,17.0,0.0,0.0,82.1,87.8,28.33,42.11,34.38,40.14,19.05,73.91,2.036140461073064,3.7853396103956616,18.0,45.0,1.3002029699999995,22.0,16.0,36.0,3.45381703,122.0,9.357565511411666,2.586644125105664,17.650042265426883,2.738799661876585,24.420963651732883,0.3043110735418428,0.0,2.4344885883347422,2.4344885883347422,0.760777683854607,1.6737109044801353,0.6086221470836856,2.8909551986475064,3.043110735418428,4.33643279797126,0.3803888419273035,0.2282333051563821,0.6086221470836856,0.8368554522400676,3.1191885038038887,1.0650887573964498,1.2172442941673711,1.293322062552832,0.0,0.0,82.1,87.8,28.33,42.11,34.38,40.14,19.05,73.91,0.1549050223977817,0.2879801901399911,1.3693998309382924,3.423499577345732,0.098916540405748,1.6737109044801353,1.2172442941673711,2.738799661876585,0.2627586920540998,9.281487743026204,RM/RCM,92,100,75,100,75,42,17,92,100,58,100,92,100,100,75,50,75,79,83,58,67,100,100,50,54,83,100,83,58,25,17,25,58,67,92,100,92,92,100,67,75,92,75,83,100,58,100,58,17,17,83,83,25,100,67,83,83,33,17,50,58,67,33,42,75,75,50,54,83,100,83,58,25,17,25,58,33,92,92,83,67,92,42,50,92,50,Eliteserien
Sandefjord,btaf9fuj3xctycyjeqwereaow,9utpsxqh8654yuyk4a5rx15ux,T. Børkeeiet,Tobias Børkeeiet,27.0,Midfielder,Norway,Midfielder,26.0,0.0,28.0,4.0,54.0,1.0,0.0,0.0,0.0,0.0,0.0,0.0,0.0,0.0,4.0,4.0,0.0,1.0,90.0,0.0,1.0,2.0,0.0,0.0,0.0,0.0,90.0,66.67,0.0,0.0,0.0,80.0,0.0,0.0,0.0,0.0,0.0,0.0,0.0,0.0,0.0,0.0,0.0,0.0,26.0,0.0,28.0,4.0,54.0,1.0,0.0,0.0,0.0,0.0,0.0,0.0,0.0,0.0,4.0,4.0,0.0,1.0,0.0,1.0,2.0,0.0,0.0,0.0,0.0,90.0,66.67,0.0,0.0,0.0,80.0,0.0,0.0,0.0,0.0,0.0,0.0,0.0,0.0,0.0,0.0,0.0,0.0,DM/CM,3,19,7,7,7,14,28,12,7,10,7,9,5,5,7,10,29,7,17,7,9,9,3,48,48,93,93,19,9,17,100,12,3,7,12,10,7,7,7,7,7,7,7,79,19,66,97,76,59,28,12,7,10,7,9,5,5,24,97,29,28,17,48,97,9,3,48,48,93,93,19,9,17,100,12,3,7,12,10,7,7,7,7,7,7,7,Eliteserien
Sandefjord,btaf9fuj3xctycyjeqwereaow,aj8viw93em18jk0liabakhp90,E. Pettersen,Edvard Pettersen,20.0,Midfielder,Norway,Midfielder,152.0,6.0,166.0,17.0,312.0,9.0,1.0,15.0,15.0,10.0,5.0,6.0,26.0,29.0,52.0,16.0,1.0,7.0,1159.0,4.0,30.0,10.0,9.0,16.0,0.0,0.0,84.55,53.12,46.15,34.62,26.67,41.6,27.27,66.67,1.463354541230323,1.1598415549724297,3.0,18.0,0.43450021,1.0,31.0,32.0,1.04608248,156.0,11.803278688524587,0.4659188955996549,12.890422778257118,1.3201035375323555,24.22778257118205,0.6988783433994823,0.0776531492666091,1.1647972389991372,1.1647972389991372,0.7765314926660914,0.3882657463330457,0.4659188955996549,2.018981880931838,2.251941328731665,4.037963761863676,1.2424503882657465,0.0776531492666091,0.543572044866264,0.3106125970664365,2.3295944779982745,0.7765314926660914,0.6988783433994823,1.2424503882657465,0.0,0.0,84.55,53.12,46.15,34.62,26.67,41.6,27.27,66.67,0.1136340886201286,0.0900653493938901,0.2329594477998274,1.3977566867989646,0.033740309663503,0.0776531492666091,2.4072476272648835,2.4849007765314925,0.0812315989646246,12.113891285591029,DM/CM,48,88,45,55,45,64,72,93,76,90,62,83,95,97,71,59,74,34,76,88,67,86,84,48,48,41,59,90,36,59,10,34,62,83,86,48,66,69,21,45,52,52,45,10,83,7,21,3,38,66,86,66,76,31,69,93,93,28,17,76,14,62,83,21,76,59,48,48,41,59,90,36,59,10,34,62,72,83,34,28,45,14,14,17,24,14,Eliteserien
Sandefjord,btaf9fuj3xctycyjeqwereaow,b6q0tf252xvikt39g8jevju38,J. Vester,Jakob Vester,21.0,Midfielder,Denmark,Midfielder,75.0,0.0,102.0,5.0,177.0,5.0,0.0,10.0,12.0,8.0,4.0,5.0,9.0,9.0,32.0,11.0,1.0,5.0,640.0,3.0,26.0,11.0,6.0,4.0,0.0,0.0,77.97,33.33,0.0,66.67,25.0,44.44,41.67,40.0,1.4079934233853766,0.5993151896351533,2.0,15.0,0.38920692,6.0,14.0,12.0,0.4128892399999999,80.0,10.546875,0.0,14.34375,0.703125,24.890625,0.703125,0.0,1.40625,1.6875,1.125,0.5625,0.703125,1.265625,1.265625,4.5,1.546875,0.140625,0.703125,0.421875,3.65625,1.546875,0.84375,0.5625,0.0,0.0,77.97,33.33,0.0,66.67,25.0,44.44,41.67,40.0,0.1979990751635686,0.0842786985424434,0.28125,2.109375,0.054732223125,0.84375,1.96875,1.6875,0.0580625493749999,11.25,CM/AM,49,14,35,34,42,43,18,44,48,51,64,68,36,35,37,54,54,47,40,54,58,49,27,49,49,35,20,14,85,39,41,51,7,56,32,40,57,47,46,38,28,25,42,54,14,25,33,42,51,18,49,51,53,70,75,35,33,40,70,56,44,42,58,70,61,23,49,49,35,20,14,85,39,41,51,7,61,26,42,60,56,47,40,19,9,46,Eliteserien
Sandefjord,btaf9fuj3xctycyjeqwereaow,c9pmoa9m23jh5emy6w4olm3xm,X. Lambrix,Xander Lambrix,26.0,Defender,Belgium,Defender,735.0,0.0,324.0,36.0,1059.0,39.0,1.0,2.0,4.0,4.0,0.0,1.0,5.0,5.0,64.0,107.0,0.0,20.0,1529.0,2.0,6.0,9.0,2.0,7.0,1.0,0.0,88.69,34.29,0.0,40.0,50.0,48.85,54.17,50.0,0.5162378397606895,0.0557703171994452,0.0,21.0,0.4230574700000001,8.0,63.0,71.0,1.392225940000002,612.0,43.26357096141269,0.0,19.07128842380641,2.1190320470896014,62.334859385219104,2.2956180510137347,0.0588620013080444,0.1177240026160889,0.2354480052321779,0.2354480052321779,0.0,0.0588620013080444,0.2943100065402224,0.2943100065402224,3.767168083714847,6.298234139960759,0.0,1.1772400261608895,0.1177240026160889,0.3531720078482668,0.5297580117724003,0.1177240026160889,0.4120340091563113,0.0588620013080444,0.0,88.69,34.29,0.0,40.0,50.0,48.85,54.17,50.0,0.0303867923992557,0.0032827524839437,0.0,1.236102027468934,0.0249020093525179,0.4708960104643558,3.708306082406802,4.179202092871158,0.0819492051013735,36.02354480052322,CB,100,37,83,78,92,87,90,47,49,61,26,56,77,77,83,99,40,98,75,45,75,65,52,87,51,76,19,37,48,91,11,40,20,56,27,29,85,79,81,78,81,71,92,95,37,49,38,84,59,84,25,24,40,26,41,52,52,30,70,40,67,54,14,38,46,16,79,51,76,19,37,48,91,11,40,20,32,27,29,52,48,59,46,51,38,75,Eliteserien
Sandefjord,btaf9fuj3xctycyjeqwereaow,cqbwi2vpug8530eao8ewo1tzo,B. Berntsen,Bendik Berntsen,19.0,Attacker,Norway,Striker,35.0,1.0,98.0,3.0,132.0,4.0,1.0,11.0,15.0,8.0,7.0,8.0,28.0,28.0,50.0,8.0,1.0,4.0,657.0,2.0,36.0,25.0,11.0,7.0,0.0,0.0,79.52,75.0,10.0,39.29,13.33,49.02,28.57,70.0,1.2760295741529994,0.8132219807228634,10.0,21.0,0.6703776699999999,10.0,5.0,12.0,0.4409278799999999,54.0,4.794520547945206,0.136986301369863,13.424657534246576,0.4109589041095891,18.08219178082192,0.547945205479452,0.136986301369863,1.5068493150684932,2.054794520547945,1.095890410958904,0.9589041095890412,1.095890410958904,3.8356164383561646,3.8356164383561646,6.849315068493151,1.095890410958904,0.136986301369863,0.547945205479452,0.273972602739726,4.931506849315069,3.424657534246576,1.5068493150684932,0.9589041095890412,0.0,0.0,79.52,75.0,10.0,39.29,13.33,49.02,28.57,70.0,0.1747985718017807,0.1114002713318991,1.36986301369863,2.8767123287671232,0.0918325575342465,1.36986301369863,0.684931506849315,1.6438356164383563,0.0604010794520547,7.397260273972603,ST,51,55,64,50,62,24,61,77,31,19,76,89,85,83,67,60,31,69,18,50,96,80,68,50,50,88,86,45,52,7,86,19,76,19,71,85,83,76,88,43,63,48,69,48,62,74,60,69,26,64,86,29,12,88,93,98,95,83,64,31,79,10,55,100,95,88,50,50,88,86,45,52,7,86,19,76,17,71,98,90,88,95,45,69,52,69,Eliteserien
Sandefjord,btaf9fuj3xctycyjeqwereaow,entqumhk84jfw6hgjkee607x0,S. Mathisen,Sebastian Mathisen,21.0,Attacker,Norway,Striker,22.0,0.0,31.0,1.0,53.0,12.0,0.0,5.0,12.0,12.0,0.0,0.0,8.0,8.0,21.0,9.0,2.0,2.0,375.0,7.0,22.0,5.0,2.0,2.0,0.0,0.0,69.74,100.0,0.0,25.0,58.33,30.0,37.5,100.0,1.4950830112097313,0.2526278152575995,2.0,6.0,0.2274893,0.0,2.0,4.0,0.19899531,12.0,5.279999999999999,0.0,7.439999999999999,0.24,12.72,2.88,0.0,1.2,2.88,2.88,0.0,0.0,1.92,1.92,5.04,2.16,0.48,0.48,1.68,5.279999999999999,1.2,0.48,0.48,0.0,0.0,69.74,100.0,0.0,25.0,58.33,30.0,37.5,100.0,0.3588199226903354,0.0606306756618238,0.48,1.44,0.0545974319999999,0.0,0.48,0.96,0.0477588744,2.88,ST,24,21,14,27,17,48,21,36,21,36,5,5,32,30,24,65,50,50,50,19,23,24,27,50,50,31,95,21,19,93,10,45,98,26,19,30,35,36,8,18,23,17,13,64,21,31,33,43,79,21,71,79,93,5,5,52,48,60,93,86,69,95,62,49,21,48,50,50,31,95,21,19,93,10,45,98,76,38,38,64,69,8,24,45,33,17,Eliteserien
Sandefjord,btaf9fuj3xctycyjeqwereaow,ezoomo1jux77i7dvex03pnpjo,M. Hellan,Martin Hellan,23.0,Defender,Norway,Defender,14.0,2.0,26.0,3.0,38.0,1.0,0.0,3.0,2.0,1.0,1.0,1.0,10.0,10.0,10.0,1.0,0.0,2.0,123.0,0.0,4.0,2.0,2.0,3.0,0.0,0.0,69.09,30.0,40.0,20.0,0.0,30.3,33.33,60.0,0.1851333772866111,0.3715268057276689,0.0,4.0,0.13021197,1.0,6.0,7.0,0.4640427299999999,19.0,10.24390243902439,1.4634146341463414,19.02439024390244,2.1951219512195124,27.804878048780488,0.7317073170731707,0.0,2.1951219512195124,1.4634146341463414,0.7317073170731707,0.7317073170731707,0.7317073170731707,7.317073170731708,7.317073170731708,7.317073170731708,0.7317073170731707,0.0,1.4634146341463414,0.0,2.926829268292683,1.4634146341463414,1.4634146341463414,2.1951219512195124,0.0,0.0,69.09,30.0,40.0,20.0,0.0,30.3,33.33,60.0,0.1354634467950813,0.2718488822397577,0.0,2.926829268292683,0.0952770512195122,0.7317073170731707,4.390243902439025,5.121951219512195,0.3395434609756096,13.902439024390244,RB/RCB,4,19,4,6,4,8,27,17,8,10,23,21,67,60,8,4,29,12,12,10,6,33,8,38,52,8,25,81,15,12,4,27,15,12,21,10,10,17,4,4,6,8,4,12,100,54,58,17,33,27,100,83,75,96,92,100,100,79,4,29,83,12,83,79,100,71,38,52,8,25,81,15,12,4,27,15,83,100,10,88,96,42,71,75,96,21,Eliteserien
Sandefjord,btaf9fuj3xctycyjeqwereaow,jfesb9jxg4g5yph0x6nabevo,V. Egeli,Vetle Egeli,22.0,Defender,Norway,Defender,347.0,11.0,297.0,34.0,633.0,16.0,2.0,19.0,22.0,9.0,13.0,9.0,23.0,24.0,74.0,42.0,0.0,15.0,1497.0,4.0,34.0,18.0,16.0,16.0,0.0,0.0,83.07,43.59,26.83,69.57,18.18,51.75,48.48,64.0,2.020267996982696,1.5137170175631738,11.0,51.0,1.277195709999999,29.0,33.0,50.0,2.0352859600000013,241.0,20.861723446893787,0.6613226452905812,17.85571142284569,2.0440881763527057,38.056112224448896,0.9619238476953909,0.1202404809619238,1.1422845691382766,1.3226452905811623,0.5410821643286573,0.781563126252505,0.5410821643286573,1.3827655310621243,1.4428857715430865,4.448897795591183,2.5250501002004007,0.0,0.9018036072144288,0.2404809619238477,2.0440881763527057,1.0821643286573146,0.9619238476953909,0.9619238476953909,0.0,0.0,83.07,43.59,26.83,69.57,18.18,51.75,48.48,64.0,0.1214589978145909,0.0910050311160224,0.6613226452905812,3.0661322645290583,0.0767853132264528,1.7434869739478958,1.983967935871744,3.006012024048096,0.1223618813627255,14.488977955911825,LB/LCB,91,74,65,85,87,78,87,91,96,76,98,96,83,85,89,74,30,83,80,83,96,96,80,41,50,70,74,57,96,48,35,48,43,100,74,100,87,83,87,48,57,70,61,70,57,22,57,48,48,74,61,74,65,91,91,61,65,39,48,30,52,61,57,65,65,30,41,50,70,74,57,96,48,35,48,43,70,52,96,70,65,65,26,26,13,30,Eliteserien
Sandefjord,btaf9fuj3xctycyjeqwereaow,v3hnsgptqqi0ystvybqtpyzu,J. Dunsby,Jakob Dunsby,26.0,Attacker,Norway,Striker,41.0,9.0,124.0,16.0,156.0,4.0,0.0,13.0,25.0,13.0,12.0,7.0,34.0,36.0,53.0,5.0,0.0,2.0,675.0,11.0,26.0,25.0,11.0,10.0,0.0,0.0,78.0,57.14,36.0,32.35,44.0,47.32,26.67,76.92,1.811478708502111,1.4725341588079206,12.0,15.0,0.39459124,7.0,13.0,21.0,2.26949702,65.0,5.466666666666667,1.2,16.533333333333335,2.1333333333333333,20.8,0.5333333333333333,0.0,1.7333333333333334,3.333333333333333,1.7333333333333334,1.6,0.9333333333333332,4.533333333333333,4.8,7.066666666666666,0.6666666666666666,0.0,0.2666666666666666,1.4666666666666666,3.466666666666667,3.333333333333333,1.4666666666666666,1.3333333333333333,0.0,0.0,78.0,57.14,36.0,32.35,44.0,47.32,26.67,76.92,0.2415304944669481,0.196337887841056,1.6,2.0,0.0526121653333333,0.9333333333333332,1.7333333333333334,2.8,0.3025996026666667,8.666666666666666,LW,55,100,36,100,36,73,18,73,86,45,100,73,68,64,73,59,23,55,86,27,82,55,86,55,55,55,73,91,27,73,82,45,91,45,64,91,27,18,36,73,64,82,55,55,91,27,100,36,64,18,64,82,64,100,91,73,73,82,64,23,45,91,18,100,55,55,55,55,55,73,91,27,73,82,45,91,64,82,100,27,27,36,64,64,82,45,Eliteserien
Sarpsborg 08,doohk95o6e8pkqah8vkop51dg,17jltcnnaha4707duh52hirit,M. Lode,Marius Lode,33.0,Defender,Norway,Defender,105.0,0.0,40.0,10.0,145.0,3.0,0.0,1.0,0.0,0.0,0.0,0.0,1.0,1.0,10.0,22.0,0.0,3.0,293.0,0.0,1.0,2.0,1.0,4.0,0.0,0.0,86.31,43.48,0.0,100.0,0.0,52.63,50.0,100.0,0.0,0.0754258661884872,0.0,4.0,0.0811117,2.0,10.0,10.0,0.23609478,93.0,32.25255972696246,0.0,12.286689419795222,3.0716723549488054,44.53924914675768,0.9215017064846416,0.0,0.3071672354948805,0.0,0.0,0.0,0.0,0.3071672354948805,0.3071672354948805,3.0716723549488054,6.757679180887372,0.0,0.9215017064846416,0.0,0.3071672354948805,0.6143344709897611,0.3071672354948805,1.2286689419795225,0.0,0.0,86.31,43.48,0.0,100.0,0.0,52.63,50.0,100.0,0.0,0.0231683548019243,0.0,1.2286689419795225,0.0249148566552901,0.6143344709897611,3.0716723549488054,3.0716723549488054,0.072520580887372,28.56655290102389,CB,29,37,10,33,13,7,42,30,7,10,26,21,28,27,13,36,40,13,21,8,16,44,33,40,51,52,37,37,94,21,32,23,97,6,35,29,27,24,33,15,14,14,19,67,37,8,67,37,10,42,59,7,10,26,21,54,54,11,86,40,37,21,11,49,68,79,40,51,52,37,37,94,21,32,23,97,6,59,29,51,49,70,37,33,29,52,Eliteserien
Sarpsborg 08,doohk95o6e8pkqah8vkop51dg,30ojg24sppf8bzngafnd4neg9,E. Wichne,Eirik Wichne,29.0,Defender,Norway,Defender,70.0,6.0,93.0,6.0,157.0,5.0,0.0,7.0,5.0,2.0,3.0,3.0,3.0,3.0,38.0,9.0,0.0,2.0,493.0,0.0,6.0,9.0,0.0,16.0,0.0,0.0,72.02,21.43,25.0,0.0,0.0,46.91,27.78,66.67,0.4163563872119095,0.6136256291634585,2.0,12.0,0.2908861199999999,8.0,14.0,15.0,0.8399216000000003,75.0,12.778904665314402,1.0953346855983772,16.97768762677485,1.0953346855983772,28.66125760649087,0.9127789046653144,0.0,1.27789046653144,0.9127789046653144,0.3651115618661257,0.5476673427991886,0.5476673427991886,0.5476673427991886,0.5476673427991886,6.9371196754563895,1.643002028397566,0.0,0.3651115618661257,0.0,1.0953346855983772,1.643002028397566,0.0,2.920892494929006,0.0,0.0,72.02,21.43,25.0,0.0,0.0,46.91,27.78,66.67,0.0760082654139388,0.1120209059324772,0.3651115618661257,2.1906693711967544,0.0531029427991886,1.460446247464503,2.55578093306288,2.738336713995943,0.1533325436105477,13.691683569979716,RB/RCB,21,60,21,19,21,23,27,42,35,23,67,65,21,19,29,12,29,12,12,21,60,6,52,38,52,12,12,33,6,12,21,17,48,25,46,50,48,33,42,21,21,38,21,25,79,33,17,25,38,27,75,62,33,83,79,29,25,71,12,29,8,12,21,92,6,96,38,52,12,12,33,6,12,21,17,48,54,71,79,75,71,79,21,21,46,17,Eliteserien
Sarpsborg 08,doohk95o6e8pkqah8vkop51dg,3dr67fefuihn77e92fgyec0r9,S. Rosted,Sigurd Rosted,32.0,Defender,Norway,Defender,165.0,0.0,101.0,14.0,266.0,14.0,0.0,1.0,5.0,5.0,0.0,2.0,1.0,1.0,28.0,29.0,0.0,10.0,523.0,2.0,15.0,9.0,1.0,3.0,0.0,0.0,85.81,50.0,0.0,100.0,40.0,65.12,58.33,75.0,0.7478535223869356,0.0643087510336386,0.0,13.0,0.29461792,5.0,28.0,24.0,0.4986988699999998,156.0,28.39388145315488,0.0,17.38049713193117,2.4091778202676863,45.77437858508604,2.4091778202676863,0.0,0.1720841300191204,0.8604206500956023,0.8604206500956023,0.0,0.3441682600382409,0.1720841300191204,0.1720841300191204,4.818355640535373,4.990439770554493,0.0,1.7208413001912046,0.3441682600382409,2.581261950286807,1.548757170172084,0.1720841300191204,0.5162523900573613,0.0,0.0,85.81,50.0,0.0,100.0,40.0,65.12,58.33,75.0,0.1286937227816906,0.0110665154742399,0.0,2.237093690248566,0.0506990684512428,0.8604206500956023,4.818355640535373,4.130019120458891,0.0858181611854684,26.84512428298279,CB,43,37,37,43,41,48,42,30,58,70,26,81,28,27,40,44,40,59,75,75,75,44,28,40,51,46,72,37,94,79,84,57,68,73,32,29,66,63,66,52,42,30,41,49,37,33,49,38,65,42,32,79,87,26,92,40,38,62,44,40,87,86,90,89,56,27,40,51,46,72,37,94,79,84,57,68,94,33,29,83,83,79,68,49,43,48,Eliteserien
Sarpsborg 08,doohk95o6e8pkqah8vkop51dg,44t0ew97eyl8ww00sgusx00a2,Aimar Sher,Aimar Hazar Anwar Sher,23.0,Midfielder,Iraq,Midfielder,302.0,4.0,319.0,53.0,617.0,5.0,0.0,12.0,16.0,8.0,8.0,5.0,7.0,7.0,67.0,30.0,1.0,31.0,1207.0,5.0,16.0,34.0,4.0,13.0,0.0,0.0,88.52,63.1,40.0,57.14,31.25,59.82,29.41,54.17,1.2872721048860665,1.0509777242426357,10.0,27.0,0.5583555599999999,8.0,62.0,64.0,1.7779898600000004,327.0,22.518641259320628,0.2982601491300745,23.786246893123447,3.951946975973488,46.006628003314,0.3728251864125932,0.0,0.8947804473902237,1.193040596520298,0.5965202982601491,0.5965202982601491,0.3728251864125932,0.5219552609776305,0.5219552609776305,4.995857497928749,2.236951118475559,0.0745650372825186,2.3115161557580777,0.3728251864125932,1.193040596520298,2.535211267605633,0.2982601491300745,0.9693454846727424,0.0,0.0,88.52,63.1,40.0,57.14,31.25,59.82,29.41,54.17,0.0959854924935758,0.0783661931912487,0.7456503728251864,2.013256006628003,0.0416338031483015,0.5965202982601491,4.623032311516155,4.772162386081193,0.1325758801988401,24.3827671913836,DM/CM,97,76,86,97,90,38,28,83,83,84,84,76,50,48,81,83,74,100,86,76,100,52,69,48,48,83,90,86,74,67,79,41,41,76,83,91,86,83,64,83,83,90,90,66,69,59,90,62,31,28,72,69,69,69,52,14,14,62,72,72,93,76,59,100,38,45,48,48,83,90,86,74,67,79,41,41,66,76,90,76,62,48,66,76,59,76,Eliteserien
Sarpsborg 08,doohk95o6e8pkqah8vkop51dg,4e7x4ulb3mcxgnue8c9exvazu,D. Karlsbakk,Daniel Karlsbakk,23.0,Attacker,Norway,Striker,78.0,3.0,108.0,7.0,183.0,30.0,0.0,16.0,33.0,30.0,3.0,9.0,31.0,32.0,71.0,5.0,6.0,0.0,1492.0,15.0,76.0,21.0,11.0,6.0,0.0,0.0,73.2,58.33,50.0,35.48,45.45,37.97,41.67,66.67,4.18535539334574,1.2804432078048071,8.0,8.0,0.52402413,2.0,8.0,9.0,1.0219479699999998,52.0,4.70509383378016,0.1809651474530831,6.514745308310991,0.4222520107238605,11.038873994638069,1.809651474530831,0.0,0.9651474530831098,1.990616621983914,1.809651474530831,0.1809651474530831,0.5428954423592492,1.8699731903485253,1.93029490616622,4.2828418230563,0.3016085790884718,0.3619302949061662,0.0,0.9048257372654156,4.584450402144772,1.2667560321715816,0.663538873994638,0.3619302949061662,0.0,0.0,73.2,58.33,50.0,35.48,45.45,37.97,41.67,66.67,0.2524678186334562,0.0772385313018985,0.4825737265415549,0.4825737265415549,0.0316100346514745,0.1206434316353887,0.4825737265415549,0.5428954423592492,0.0616456550268096,3.136729222520107,ST,83,81,71,83,74,86,21,93,83,90,44,98,89,88,88,46,90,15,90,93,88,80,62,50,50,60,63,86,45,68,33,60,67,88,90,71,46,69,29,58,54,83,65,45,69,24,62,29,52,21,52,24,45,17,57,48,50,40,19,64,15,48,40,62,50,36,50,50,60,63,86,45,68,33,60,67,50,55,42,12,33,19,26,19,57,21,Eliteserien
Sarpsborg 08,doohk95o6e8pkqah8vkop51dg,58o5ram4bf58357786j9jr7kk,M. Opoku,Michael Opoku,21.0,Midfielder,Denmark,Midfielder,8.0,2.0,28.0,2.0,34.0,3.0,1.0,5.0,8.0,3.0,5.0,2.0,12.0,15.0,16.0,2.0,0.0,2.0,207.0,2.0,19.0,3.0,5.0,3.0,0.0,0.0,65.38,28.57,16.67,41.67,25.0,35.56,18.75,60.0,0.4967795940855398,0.5091162379786567,7.0,8.0,0.25166839,2.0,1.0,4.0,0.2464842499999999,15.0,3.4782608695652177,0.8695652173913044,12.173913043478262,0.8695652173913044,14.782608695652176,1.3043478260869563,0.4347826086956522,2.173913043478261,3.4782608695652177,1.3043478260869563,2.173913043478261,0.8695652173913044,5.217391304347826,6.521739130434783,6.956521739130436,0.8695652173913044,0.0,0.8695652173913044,0.8695652173913044,8.260869565217392,1.3043478260869563,2.173913043478261,1.3043478260869563,0.0,0.0,65.38,28.57,16.67,41.67,25.0,35.56,18.75,60.0,0.2159911278632781,0.2213548860776768,3.0434782608695654,3.4782608695652177,0.1094210391304348,0.8695652173913044,0.4347826086956522,1.7391304347826089,0.1071670652173912,6.521739130434783,LM/LCM,12,62,12,12,12,62,69,38,50,25,75,38,38,38,25,12,38,25,38,38,12,38,12,56,56,12,38,62,38,62,12,50,25,25,38,75,25,25,12,12,12,12,12,12,75,25,50,12,75,100,88,100,75,100,62,100,100,100,50,38,100,100,100,38,62,62,56,56,12,38,62,38,62,12,50,25,100,88,100,75,50,12,12,38,38,38,Eliteserien
Sarpsborg 08,doohk95o6e8pkqah8vkop51dg,58zj1aw2i5mfyzb3knj72xk6i,S. Christiansen,Sander Christiansen,25.0,Midfielder,Norway,Midfielder,178.0,1.0,230.0,18.0,407.0,16.0,1.0,6.0,24.0,18.0,6.0,8.0,19.0,19.0,70.0,32.0,1.0,17.0,1213.0,7.0,44.0,18.0,9.0,13.0,0.0,0.0,80.12,60.0,10.0,47.37,29.17,56.45,43.24,48.15,2.193157839882457,0.5395267532679537,8.0,24.0,0.6406060399999999,12.0,37.0,44.0,1.5053415199999998,210.0,13.206924979389942,0.0741962077493817,17.06512778235779,1.3355317394888706,30.19785655399836,1.1871393239901071,0.0741962077493817,0.4451772464962902,1.7807089859851608,1.3355317394888706,0.4451772464962902,0.5935696619950536,1.4097279472382522,1.4097279472382522,5.193734542456719,2.3742786479802143,0.0741962077493817,1.2613355317394888,0.5193734542456719,3.2646331409727947,1.3355317394888706,0.6677658697444353,0.964550700741962,0.0,0.0,80.12,60.0,10.0,47.37,29.17,56.45,43.24,48.15,0.162723994715104,0.0400308390718184,0.5935696619950536,1.7807089859851608,0.0475305388293487,0.8903544929925804,2.7452596867271226,3.2646331409727947,0.11169063215169,15.581203627370156,DM/CM,60,50,62,59,62,88,72,55,95,100,71,91,83,83,90,88,74,78,97,100,88,86,69,48,48,14,84,38,62,62,72,55,17,97,55,84,83,86,91,55,66,76,62,21,38,24,24,24,66,62,34,90,97,48,83,69,69,69,79,69,45,90,100,72,72,41,48,48,14,84,38,62,62,72,55,17,90,38,79,55,76,69,21,38,55,31,Eliteserien
Sarpsborg 08,doohk95o6e8pkqah8vkop51dg,6qa22t9j7co6lpatbd00zppwq,C. Niyukuri,Claus Niyukuri,26.0,Defender,Burundi,Defender,162.0,4.0,183.0,11.0,341.0,12.0,4.0,10.0,7.0,5.0,2.0,5.0,30.0,33.0,68.0,38.0,1.0,15.0,1073.0,1.0,22.0,18.0,15.0,16.0,0.0,0.0,80.05,32.35,22.22,50.0,14.29,53.12,60.0,66.67,0.6151072044621794,0.9438754520071608,3.0,23.0,0.57571737,15.0,34.0,37.0,1.5662092800000007,178.0,13.58807082945014,0.3355079217148182,15.349487418452936,0.9226467847157502,28.60205032618825,1.0065237651444547,0.3355079217148182,0.8387698042870456,0.587138863000932,0.4193849021435228,0.1677539608574091,0.4193849021435228,2.516309412861137,2.7679403541472505,5.70363466915191,3.187325256290773,0.0838769804287045,1.2581547064305685,0.0838769804287045,1.8452935694315005,1.5097856477166822,1.2581547064305685,1.342031686859273,0.0,0.0,80.05,32.35,22.22,50.0,14.29,53.12,60.0,66.67,0.0515933349502293,0.0791694228151393,0.2516309412861137,1.929170549860205,0.0482894345759552,1.2581547064305685,2.851817334575955,3.103448275862069,0.1313689051258155,14.930102516309413,RB/RCB,50,46,46,35,46,50,100,54,50,56,44,85,96,98,92,67,67,75,38,54,92,100,52,38,52,62,35,29,67,29,38,90,48,50,54,62,73,71,75,56,58,50,50,29,25,21,8,21,54,96,46,29,46,25,67,92,92,62,58,67,71,33,54,83,92,38,38,52,62,35,29,67,29,38,90,48,29,42,58,71,62,71,33,33,25,25,Eliteserien
Sarpsborg 08,doohk95o6e8pkqah8vkop51dg,azurrp6gm0xahdwntj9clyiac,V. Halvorsen,Victor Halvorsen,22.0,Midfielder,Norway,Midfielder,124.0,18.0,170.0,13.0,276.0,11.0,1.0,14.0,15.0,12.0,3.0,5.0,18.0,18.0,47.0,14.0,3.0,10.0,1020.0,5.0,34.0,11.0,6.0,11.0,0.0,0.0,77.09,44.83,42.86,33.33,33.33,50.54,52.38,57.89,1.895415950900184,1.5277655276025714,6.0,11.0,0.31515873,4.0,15.0,21.0,0.95778933,111.0,10.941176470588236,1.588235294117647,15.0,1.1470588235294117,24.352941176470587,0.9705882352941176,0.088235294117647,1.2352941176470589,1.3235294117647058,1.0588235294117647,0.2647058823529412,0.4411764705882353,1.588235294117647,1.588235294117647,4.147058823529411,1.2352941176470589,0.2647058823529412,0.8823529411764706,0.4411764705882353,3.0,0.9705882352941176,0.5294117647058824,0.9705882352941176,0.0,0.0,77.09,44.83,42.86,33.33,33.33,50.54,52.38,57.89,0.1672425839029574,0.1348028406708151,0.5294117647058824,0.9705882352941176,0.0278081232352941,0.3529411764705882,1.3235294117647058,1.852941176470588,0.0845108232352941,9.794117647058822,CM/AM,70,88,60,70,67,75,50,61,58,63,50,68,67,65,55,64,75,74,59,67,58,49,61,49,49,30,42,92,21,62,63,79,32,67,67,75,38,37,28,42,46,46,58,60,93,31,58,37,65,42,37,35,46,33,47,47,47,32,46,68,61,45,49,39,33,37,49,49,30,42,92,21,62,63,79,32,49,56,67,18,19,4,21,23,26,28,Eliteserien
Sarpsborg 08,doohk95o6e8pkqah8vkop51dg,bbyystkqag4mcfpr6utsazm51,S. Sørli,Sondre Sørli,30.0,Midfielder,Norway,Midfielder,61.0,26.0,199.0,18.0,234.0,7.0,3.0,22.0,29.0,17.0,12.0,4.0,25.0,25.0,48.0,13.0,3.0,6.0,1473.0,11.0,54.0,11.0,9.0,16.0,0.0,0.0,69.85,40.0,24.07,36.0,37.93,40.0,41.18,76.19,2.547094921004937,2.58091882363645,9.0,33.0,1.0313383299999996,11.0,23.0,34.0,1.9904855100000007,117.0,3.727087576374745,1.5885947046843176,12.158859470468432,1.09979633401222,14.29735234215886,0.4276985743380855,0.1832993890020366,1.3441955193482689,1.7718940936863543,1.0386965376782078,0.7331975560081466,0.2443991853360488,1.5274949083503055,1.5274949083503055,2.9327902240325865,0.7942973523421588,0.1832993890020366,0.3665987780040733,0.6720977596741344,3.29938900203666,0.6720977596741344,0.5498981670061099,0.9775967413441956,0.0,0.0,69.85,40.0,24.07,36.0,37.93,40.0,41.18,76.19,0.1556269809167986,0.1576936144788055,0.5498981670061099,2.016293279022403,0.0630145619144602,0.6720977596741344,1.405295315682281,2.077393075356416,0.1216182592668024,7.14867617107943,RM/RCM,67,92,67,83,67,75,75,67,83,83,92,75,75,71,58,83,75,62,83,67,58,71,88,50,54,17,46,67,25,42,8,62,83,83,75,83,75,75,67,75,67,75,67,8,92,17,58,17,42,42,50,42,42,50,33,25,25,8,42,42,33,33,42,17,8,33,50,54,17,46,67,25,42,8,62,83,42,50,33,42,58,25,50,33,17,17,Eliteserien
Sarpsborg 08,doohk95o6e8pkqah8vkop51dg,d4o6x50ojscywqgagugg8mcix,O. Skarsem,Olaus Skarsem,28.0,Midfielder,Norway,Midfielder,30.0,1.0,50.0,6.0,79.0,0.0,0.0,5.0,6.0,3.0,3.0,4.0,8.0,8.0,14.0,4.0,0.0,2.0,209.0,0.0,11.0,4.0,4.0,4.0,0.0,0.0,83.16,75.0,11.11,50.0,0.0,50.0,0.0,66.67,0.5002172905662838,0.3491979764800357,3.0,7.0,0.19736151,4.0,7.0,7.0,0.5710813,39.0,12.91866028708134,0.4306220095693779,21.531100478468897,2.583732057416268,34.01913875598086,0.0,0.0,2.15311004784689,2.583732057416268,1.2918660287081338,1.2918660287081338,1.7224880382775118,3.444976076555024,3.444976076555024,6.028708133971292,1.7224880382775118,0.0,0.8612440191387559,0.0,4.7368421052631575,1.7224880382775118,1.7224880382775118,1.7224880382775118,0.0,0.0,83.16,75.0,11.11,50.0,0.0,50.0,0.0,66.67,0.2154045748850026,0.1503723343693933,1.2918660287081338,3.014354066985646,0.0849882100478468,1.7224880382775118,3.014354066985646,3.014354066985646,0.2459201770334928,16.79425837320574,LM/LCM,25,44,25,50,25,12,25,38,31,25,56,69,25,25,12,56,38,25,19,19,31,25,31,56,56,75,75,50,75,19,75,19,62,38,25,50,12,12,25,44,25,25,25,75,50,88,88,75,12,25,75,88,62,88,100,50,50,50,88,38,88,19,38,62,50,100,56,56,75,75,50,75,19,75,19,62,75,62,75,38,38,75,88,62,88,88,Eliteserien
Sarpsborg 08,doohk95o6e8pkqah8vkop51dg,d817kz3dtxjbucbj0piv3u4q2,N. Williams,Noa Williams,24.0,Midfielder,Sweden,Midfielder,42.0,1.0,108.0,6.0,149.0,4.0,1.0,11.0,18.0,10.0,8.0,8.0,39.0,39.0,51.0,3.0,0.0,2.0,707.0,3.0,45.0,19.0,18.0,5.0,0.0,0.0,80.11,66.67,9.09,46.15,16.67,45.13,40.0,50.0,1.3663404981378062,0.7578653878601225,12.0,28.0,0.9694115599999998,12.0,6.0,13.0,0.8262694900000002,48.0,5.346534653465347,0.1272984441301273,13.74823196605375,0.7637906647807639,18.96746817538897,0.5091937765205092,0.1272984441301273,1.4002828854314004,2.2913719943422914,1.272984441301273,1.0183875530410185,1.0183875530410185,4.964639321074965,4.964639321074965,6.492220650636493,0.3818953323903819,0.0,0.2545968882602546,0.3818953323903819,5.728429985855729,2.418670438472419,2.2913719943422914,0.6364922206506365,0.0,0.0,80.11,66.67,9.09,46.15,16.67,45.13,40.0,50.0,0.1739330195649258,0.096475084734669,1.5275813295615277,3.5643564356435644,0.1234045833097595,1.5275813295615277,0.7637906647807639,1.654879773691655,0.1051828205091938,6.110325318246111,LM/LCM,38,44,62,50,50,75,69,75,81,62,88,88,94,94,75,31,38,25,62,75,100,88,50,56,56,50,62,38,62,38,38,75,12,75,75,100,75,75,75,25,50,50,44,25,38,38,38,38,62,62,50,62,50,75,75,75,75,75,12,38,12,50,75,88,75,12,56,56,50,62,38,62,38,38,75,12,50,38,88,88,88,50,38,25,25,25,Eliteserien
Sarpsborg 08,doohk95o6e8pkqah8vkop51dg,dutklx2it24ogj43fu92e1zze,A. Nibe,Andreas Nibe,23.0,Midfielder,Denmark,Midfielder,136.0,6.0,190.0,17.0,320.0,7.0,0.0,16.0,17.0,13.0,4.0,2.0,16.0,18.0,39.0,8.0,3.0,11.0,1302.0,8.0,36.0,5.0,8.0,12.0,0.0,0.0,79.4,58.62,27.27,50.0,47.06,48.75,43.75,63.16,1.7435893230360164,1.5778147889070522,5.0,26.0,0.6411522199999999,12.0,22.0,34.0,2.19794631,148.0,9.400921658986174,0.4147465437788018,13.133640552995391,1.1751152073732718,22.119815668202765,0.4838709677419355,0.0,1.1059907834101383,1.1751152073732718,0.8986175115207373,0.2764976958525346,0.1382488479262673,1.1059907834101383,1.2442396313364057,2.695852534562212,0.5529953917050692,0.2073732718894009,0.7603686635944701,0.5529953917050692,2.488479262672811,0.3456221198156682,0.5529953917050692,0.8294930875576036,0.0,0.0,79.4,58.62,27.27,50.0,47.06,48.75,43.75,63.16,0.1205246075831347,0.1090655384037132,0.3456221198156682,1.7972350230414746,0.0443192778801843,0.8294930875576036,1.5207373271889402,2.350230414746544,0.1519317725806451,10.23041474654378,CM/AM,77,68,65,82,74,53,18,69,66,69,64,29,62,65,44,39,75,78,78,70,27,68,64,49,49,46,74,57,55,81,58,54,42,63,70,68,76,70,77,57,68,84,68,47,56,16,60,32,33,18,28,28,40,39,12,28,32,9,11,65,51,51,33,5,39,30,49,49,46,74,57,55,81,58,54,42,35,39,51,44,39,46,23,37,67,33,Eliteserien
Sarpsborg 08,doohk95o6e8pkqah8vkop51dg,ogcuz4pxxu9605ibev6htdxx,B. Utvik,Bjørn Utvik,30.0,Defender,Norway,Defender,381.0,1.0,274.0,62.0,654.0,64.0,0.0,10.0,13.0,13.0,0.0,3.0,0.0,0.0,86.0,107.0,0.0,19.0,1440.0,4.0,50.0,6.0,0.0,13.0,1.0,0.0,82.58,46.62,33.33,0.0,30.77,74.14,78.05,76.47,1.637675226507082,1.200456109899547,0.0,12.0,0.2503796299999999,4.0,59.0,74.0,2.302236559999999,422.0,23.8125,0.0625,17.125,3.875,40.875,4.0,0.0,0.625,0.8125,0.8125,0.0,0.1875,0.0,0.0,5.375,6.6875,0.0,1.1875,0.25,3.125,0.375,0.0,0.8125,0.0625,0.0,82.58,46.62,33.33,0.0,30.77,74.14,78.05,76.47,0.1023547016566926,0.0750285068687216,0.0,0.75,0.0156487268749999,0.25,3.6875,4.625,0.1438897849999999,26.375,CB,76,78,75,98,71,97,42,98,93,98,26,93,11,10,94,99,40,96,91,100,55,17,84,87,51,19,60,91,17,65,98,98,73,94,100,29,63,57,58,76,87,95,78,29,73,30,86,27,89,42,87,75,86,26,73,11,10,71,81,40,73,79,95,16,17,46,83,51,19,60,91,17,65,98,98,73,79,90,29,37,35,35,44,62,81,43,Eliteserien
Sarpsborg 08,doohk95o6e8pkqah8vkop51dg,u1jmq8rzpdjt0qy0os5dgcus,A. Hiim,Anders Hiim,23.0,Defender,Norway,Defender,263.0,15.0,310.0,17.0,558.0,15.0,0.0,15.0,11.0,2.0,9.0,5.0,24.0,24.0,81.0,47.0,1.0,22.0,1528.0,3.0,18.0,14.0,10.0,27.0,1.0,0.0,77.18,19.77,28.3,41.67,27.27,54.0,50.0,64.29,0.6540540306029269,1.3528243665148514,8.0,52.0,1.2987203799999996,38.0,44.0,58.0,2.903183750000001,289.0,15.49083769633508,0.8835078534031413,18.25916230366492,1.0013089005235605,32.86649214659686,0.8835078534031413,0.0,0.8835078534031413,0.6479057591623036,0.1178010471204188,0.5301047120418848,0.2945026178010471,1.4136125654450262,1.4136125654450262,4.770942408376963,2.768324607329843,0.0589005235602094,1.2958115183246073,0.1767015706806282,1.0602094240837696,0.824607329842932,0.5890052356020943,1.5903141361256543,0.0589005235602094,0.0,77.18,19.77,28.3,41.67,27.27,54.0,50.0,64.29,0.0385241248391776,0.0796820634727333,0.4712041884816754,3.06282722513089,0.0764953103403141,2.238219895287958,2.5916230366492146,3.4162303664921465,0.1709990428664922,17.022251308900522,LB/LCB,83,89,70,59,70,72,30,78,67,43,91,78,89,85,96,78,76,96,65,57,89,76,96,91,50,30,9,67,37,61,65,59,50,57,70,93,91,87,91,65,61,83,83,35,65,30,13,30,43,30,52,48,30,78,61,65,61,57,57,61,83,43,30,48,57,70,83,50,30,9,67,37,61,65,59,50,39,43,78,65,61,78,35,35,52,48,Eliteserien
Sarpsborg 08,doohk95o6e8pkqah8vkop51dg,wamee1wd0fr552uv5507z0lx,J. Berget,Jo Berget,35.0,Attacker,Norway,Striker,9.0,0.0,36.0,3.0,45.0,6.0,0.0,2.0,4.0,3.0,1.0,1.0,3.0,3.0,13.0,4.0,0.0,0.0,160.0,0.0,11.0,5.0,1.0,0.0,0.0,0.0,72.58,100.0,0.0,33.33,0.0,56.52,54.55,0.0,0.3587408861199939,0.2543695716041572,1.0,3.0,0.08903217,2.0,4.0,5.0,0.3685056,23.0,5.0625,0.0,20.25,1.6875,25.3125,3.375,0.0,1.125,2.25,1.6875,0.5625,0.5625,1.6875,1.6875,7.3125,2.25,0.0,0.0,0.0,6.1875,2.8125,0.5625,0.0,0.0,0.0,72.58,100.0,0.0,33.33,0.0,56.52,54.55,0.0,0.2017917484424965,0.1430828840273384,0.5625,1.6875,0.050080595625,1.125,2.25,2.8125,0.2072844,12.9375,ST,7,21,17,50,14,35,21,6,6,6,17,11,2,2,14,33,11,15,2,5,23,12,7,50,50,52,95,21,32,2,100,86,7,7,21,17,19,14,29,35,29,40,24,57,21,90,98,90,81,21,69,43,40,62,60,43,40,90,98,11,15,2,83,98,36,7,50,50,52,95,21,32,2,100,86,7,21,93,50,69,64,93,90,86,95,93,Eliteserien
Tromsø,80hgdmpkvdrhw1ge9nks2kxvy,1gwemllvgcore4shqy79qu82y,V. Skjærvik,Vetle Skjærvik,25.0,Defender,Norway,Defender,416.0,3.0,401.0,73.0,814.0,13.0,1.0,6.0,9.0,5.0,4.0,4.0,5.0,5.0,39.0,47.0,1.0,16.0,1207.0,2.0,14.0,5.0,2.0,11.0,0.0,0.0,86.97,50.34,27.27,40.0,22.22,54.17,68.42,57.89,0.9340542372062218,0.6105942949543888,3.0,37.0,0.7168414699999996,13.0,149.0,160.0,3.001689699999999,399.0,31.01905550952776,0.2236951118475559,29.900579950289973,5.443247721623861,60.69594034797017,0.9693454846727424,0.0745650372825186,0.4473902236951118,0.6710853355426678,0.3728251864125932,0.2982601491300745,0.2982601491300745,0.3728251864125932,0.3728251864125932,2.908036454018227,3.504556752278376,0.0745650372825186,1.193040596520298,0.1491300745650372,1.043910521955261,0.3728251864125932,0.1491300745650372,0.820215410107705,0.0,0.0,86.97,50.34,27.27,40.0,22.22,54.17,68.42,57.89,0.0696477890211764,0.0455289863677671,0.2236951118475559,2.75890637945319,0.0534513109362054,0.9693454846727424,11.110190555095278,11.930405965202985,0.2238211043910521,29.751449875724937,RB/RCB,92,31,96,96,96,54,62,38,60,56,85,77,38,38,33,83,67,79,60,42,25,33,29,38,52,92,79,42,48,48,46,100,4,58,42,62,92,83,71,100,100,88,96,100,21,92,100,96,50,58,12,38,38,62,54,17,17,4,67,62,58,46,17,8,21,12,38,52,92,79,42,48,48,46,100,4,46,12,46,83,75,54,100,100,79,92,Eliteserien
Tromsø,80hgdmpkvdrhw1ge9nks2kxvy,1ncet6wg9tne9oif8vkgsc8kq,L. Cornic,Leo Cornic,25.0,Defender,Norway,Defender,140.0,17.0,241.0,11.0,364.0,17.0,2.0,12.0,21.0,18.0,3.0,7.0,4.0,4.0,62.0,24.0,0.0,5.0,1289.0,11.0,70.0,16.0,3.0,21.0,0.0,0.0,77.78,32.35,31.48,75.0,52.38,54.39,43.59,80.77,2.2285896960377696,1.3404468395914428,1.0,23.0,0.6492743099999999,21.0,15.0,24.0,2.546572429999999,86.0,9.77501939487975,1.186966640806827,16.82699767261443,0.7680372381691233,25.415050426687355,1.186966640806827,0.1396431342125678,0.8378588052754072,1.4662529092319627,1.256788207913111,0.2094647013188518,0.4887509697439876,0.2792862684251357,0.2792862684251357,4.3289371605896045,1.6757176105508145,0.0,0.3491078355314196,0.7680372381691233,4.887509697439875,1.117145073700543,0.2094647013188518,1.4662529092319627,0.0,0.0,77.78,32.35,31.48,75.0,52.38,54.39,43.59,80.77,0.155603625014274,0.0935920989629401,0.0698215671062839,1.6058960434445306,0.0453333498060511,1.4662529092319627,1.047323506594259,1.6757176105508145,0.1778056778122574,6.004654771140419,RB/RCB,42,94,62,35,54,69,83,73,96,100,67,96,29,29,75,38,29,31,100,100,83,50,73,38,52,38,35,67,96,96,50,46,88,100,83,31,73,79,88,25,38,75,25,8,88,29,4,8,62,75,42,88,92,50,75,8,8,42,17,29,4,100,96,54,29,46,38,52,38,35,67,96,96,50,46,88,92,58,21,42,50,83,4,8,62,4,Eliteserien
Tromsø,80hgdmpkvdrhw1ge9nks2kxvy,1qeetk4waatuxev4mqvbxx87p,R. Jenssen,Ruben Jenssen,38.0,Midfielder,Norway,Midfielder,289.0,23.0,316.0,23.0,582.0,6.0,6.0,37.0,8.0,7.0,1.0,3.0,16.0,17.0,35.0,17.0,1.0,12.0,1460.0,4.0,35.0,13.0,5.0,4.0,0.0,0.0,82.79,45.1,37.1,31.25,50.0,38.89,46.15,36.36,1.197729762025597,4.3768342535074405,2.0,30.0,0.8481328599999998,19.0,59.0,77.0,3.4163914599999967,244.0,17.815068493150687,1.4178082191780823,19.47945205479452,1.4178082191780823,35.87671232876713,0.3698630136986301,0.3698630136986301,2.280821917808219,0.4931506849315069,0.4315068493150685,0.0616438356164383,0.184931506849315,0.9863013698630138,1.047945205479452,2.1575342465753424,1.047945205479452,0.0616438356164383,0.7397260273972603,0.2465753424657534,2.1575342465753424,0.8013698630136987,0.3082191780821918,0.2465753424657534,0.0,0.0,82.79,45.1,37.1,31.25,50.0,38.89,46.15,36.36,0.0738326565632217,0.2698048512436093,0.1232876712328767,1.8493150684931507,0.0522821626027397,1.1712328767123288,3.636986301369863,4.7465753424657535,0.2105994735616436,15.04109589041096,CM/AM,100,95,86,87,95,46,100,100,36,47,22,46,62,61,40,75,54,82,50,68,71,39,27,49,49,58,44,82,18,87,18,57,5,53,100,40,83,82,91,90,98,98,91,91,84,56,75,77,23,93,95,9,25,14,19,26,26,4,35,47,49,30,28,25,14,5,49,49,58,44,82,18,87,18,57,5,21,98,21,49,51,72,74,81,86,68,Eliteserien
Tromsø,80hgdmpkvdrhw1ge9nks2kxvy,34lcrlx7ddks5ko8s8opi44k4,H. Larsen,Heine Larsen,24.0,Midfielder,Norway,Midfielder,86.0,1.0,135.0,1.0,220.0,39.0,2.0,17.0,43.0,36.0,7.0,9.0,10.0,10.0,63.0,18.0,8.0,1.0,1241.0,18.0,85.0,11.0,2.0,5.0,0.0,0.0,76.39,16.67,14.29,20.0,41.86,37.72,41.05,45.45,6.133674172224765,1.158933423801734,2.0,11.0,0.38166244,7.0,14.0,13.0,0.86669596,50.0,6.236905721192587,0.072522159548751,9.790491539081383,0.072522159548751,15.95487510072522,2.828364222401289,0.145044319097502,1.2328767123287672,3.1184528605962933,2.610797743755036,0.507655116841257,0.652699435938759,0.7252215954875101,0.7252215954875101,4.568896051571313,1.305398871877518,0.580177276390008,0.072522159548751,1.305398871877518,6.164383561643835,0.797743755036261,0.145044319097502,0.362610797743755,0.0,0.0,76.39,16.67,14.29,20.0,41.86,37.72,41.05,45.45,0.4448272969381376,0.0840483546673296,0.145044319097502,0.797743755036261,0.0276789843674456,0.507655116841257,1.015310233682514,0.9427880741337632,0.0628546626913779,3.62610797743755,CM/AM,63,35,46,9,49,96,73,72,100,100,79,89,41,39,81,79,100,15,100,96,58,20,35,49,49,26,5,33,11,74,14,47,9,100,60,40,38,46,54,38,32,44,31,25,28,9,4,11,95,60,35,98,100,61,68,16,16,44,56,96,11,100,89,23,7,12,49,49,26,5,33,11,74,14,47,9,100,25,26,12,18,19,9,4,11,2,Eliteserien
Tromsø,80hgdmpkvdrhw1ge9nks2kxvy,3bmh3ork0ei2hrqy1yq0lpwk4,D. Braut,Daniel Braut,21.0,Attacker,Norway,Striker,31.0,1.0,55.0,0.0,85.0,35.0,1.0,4.0,16.0,13.0,3.0,4.0,6.0,6.0,51.0,9.0,2.0,4.0,510.0,7.0,31.0,8.0,3.0,1.0,0.0,0.0,68.55,0.0,100.0,50.0,43.75,54.26,62.5,20.0,2.104481504506566,0.377404381610393,0.0,3.0,0.09979839,3.0,3.0,5.0,0.4028958299999999,26.0,5.470588235294118,0.1764705882352941,9.705882352941176,0.0,15.0,6.1764705882352935,0.1764705882352941,0.7058823529411764,2.8235294117647056,2.294117647058824,0.5294117647058824,0.7058823529411764,1.0588235294117647,1.0588235294117647,9.0,1.588235294117647,0.3529411764705882,0.7058823529411764,1.2352941176470589,5.470588235294118,1.4117647058823528,0.5294117647058824,0.1764705882352941,0.0,0.0,68.55,0.0,100.0,50.0,43.75,54.26,62.5,20.0,0.3713790890305705,0.0666007732253634,0.0,0.5294117647058824,0.0176114805882352,0.5294117647058824,0.5294117647058824,0.8823529411764706,0.071099264117647,4.588235294117647,ST,40,55,36,10,33,88,61,25,38,48,44,44,21,20,69,65,50,69,50,37,49,33,19,50,50,26,10,96,79,64,95,100,14,57,36,5,19,17,42,29,29,43,30,67,67,55,10,57,100,71,33,76,74,60,81,24,19,100,74,60,88,86,69,74,31,19,50,50,26,10,96,79,64,95,100,14,81,48,5,17,12,55,33,38,67,43,Eliteserien
Tromsø,80hgdmpkvdrhw1ge9nks2kxvy,4bhecy0vioxwdpmw64uyek3ro,S. Innvær,Sander Innvær,21.0,Midfielder,Norway,Midfielder,66.0,5.0,82.0,10.0,143.0,2.0,1.0,5.0,4.0,3.0,1.0,1.0,22.0,23.0,24.0,3.0,1.0,3.0,397.0,3.0,24.0,4.0,12.0,4.0,0.0,0.0,83.14,76.92,29.41,54.55,75.0,48.98,0.0,66.67,0.2847228754597776,0.5192844928171559,2.0,14.0,0.49163288,8.0,12.0,19.0,1.0846771900000003,55.0,14.962216624685135,1.1335012594458438,18.58942065491184,2.267002518891688,32.41813602015113,0.4534005037783375,0.2267002518891687,1.1335012594458438,0.906801007556675,0.6801007556675063,0.2267002518891687,0.2267002518891687,4.987405541561713,5.214105793450881,5.44080604534005,0.6801007556675063,0.2267002518891687,0.6801007556675063,0.6801007556675063,5.44080604534005,0.906801007556675,2.720403022670025,0.906801007556675,0.0,0.0,83.14,76.92,29.41,54.55,75.0,48.98,0.0,66.67,0.06454674758534,0.1177219253237884,0.4534005037783375,3.1738035264483626,0.1114532977329974,1.81360201511335,2.720403022670025,4.307304785894206,0.2458965921914358,12.46851385390428,LM/LCM,62,88,38,75,38,50,69,38,12,25,31,25,50,50,38,31,81,56,62,50,31,75,31,56,56,62,100,100,88,100,62,19,62,12,50,25,38,62,38,62,62,75,62,100,100,62,75,62,50,88,38,12,12,38,25,88,88,38,38,88,62,75,62,25,100,50,56,56,62,100,100,88,100,62,19,62,12,50,50,62,75,88,62,75,75,62,Eliteserien
Tromsø,80hgdmpkvdrhw1ge9nks2kxvy,5xbrybr5fxvg6br9b6tq4a4fd,L. Olden Larsen,Lars Olden Larsen,27.0,Attacker,Norway,Striker,90.0,6.0,178.0,9.0,262.0,11.0,1.0,12.0,24.0,17.0,7.0,7.0,23.0,25.0,49.0,6.0,1.0,5.0,1047.0,6.0,43.0,10.0,13.0,10.0,0.0,0.0,79.64,50.0,28.57,56.52,25.0,44.14,34.38,66.67,2.769778872305136,1.0443878178709394,5.0,26.0,0.7243037699999997,13.0,33.0,43.0,1.7817752099999995,130.0,7.736389684813754,0.5157593123209169,15.300859598853869,0.7736389684813754,22.521489971346707,0.9455587392550144,0.0859598853868194,1.0315186246418335,2.0630372492836675,1.4613180515759312,0.6017191977077364,0.6017191977077364,1.977077363896848,2.148997134670488,4.212034383954155,0.5157593123209169,0.0859598853868194,0.4297994269340974,0.5157593123209169,3.696275071633238,0.8595988538681949,1.1174785100286533,0.8595988538681949,0.0,0.0,79.64,50.0,28.57,56.52,25.0,44.14,34.38,66.67,0.2380898744101836,0.0897754571235764,0.4297994269340974,2.2349570200573066,0.0622610690544412,1.1174785100286533,2.836676217765043,3.696275071633238,0.1531611928366761,11.174785100286533,ST,88,88,90,93,88,44,61,83,62,63,76,75,77,79,63,55,31,75,40,61,61,95,90,50,50,90,54,69,88,25,74,38,67,62,79,57,90,83,94,95,95,95,93,83,81,83,86,83,36,50,55,33,31,69,69,55,57,36,31,21,64,17,21,29,79,86,50,50,90,54,69,88,25,74,38,67,40,62,36,86,74,90,95,95,86,90,Eliteserien
Tromsø,80hgdmpkvdrhw1ge9nks2kxvy,67nybn375tyqdqae4m1yk407o,M. Tønnessen,Mathias Tønnessen,22.0,Defender,Norway,Defender,87.0,1.0,74.0,8.0,160.0,8.0,0.0,5.0,0.0,0.0,0.0,0.0,2.0,2.0,19.0,14.0,0.0,2.0,282.0,0.0,1.0,1.0,1.0,7.0,0.0,0.0,88.89,50.0,100.0,50.0,0.0,73.08,80.0,77.78,0.0,0.3663079314302501,0.0,3.0,0.0504246899999999,1.0,21.0,30.0,0.7592937199999998,84.0,27.76595744680851,0.3191489361702128,23.617021276595747,2.5531914893617023,51.06382978723404,2.5531914893617023,0.0,1.5957446808510638,0.0,0.0,0.0,0.0,0.6382978723404256,0.6382978723404256,6.0638297872340425,4.468085106382979,0.0,0.6382978723404256,0.0,0.3191489361702128,0.3191489361702128,0.3191489361702128,2.2340425531914896,0.0,0.0,88.89,50.0,100.0,50.0,0.0,73.08,80.0,77.78,0.0,0.1169067866266755,0.0,0.9574468085106383,0.0160929861702127,0.3191489361702128,6.702127659574468,9.574468085106384,0.2423277829787233,26.80851063829787,LB/LCB,26,11,13,17,17,52,30,33,7,11,15,15,13,13,13,24,30,15,17,9,9,17,20,41,50,91,96,100,61,17,100,98,91,7,17,15,9,9,9,35,35,13,22,96,17,52,70,83,91,30,78,7,11,15,15,26,22,83,78,30,30,17,9,13,35,100,41,50,91,96,100,61,17,100,98,91,7,61,15,22,13,9,100,100,74,83,Eliteserien
Tromsø,80hgdmpkvdrhw1ge9nks2kxvy,817yu81bkan5ga820t5uvx05w,A. Warneryd,Alexander Warneryd,21.0,Defender,Sweden,Defender,91.0,15.0,204.0,23.0,280.0,3.0,2.0,11.0,19.0,14.0,5.0,5.0,41.0,45.0,61.0,21.0,4.0,6.0,1130.0,8.0,62.0,27.0,18.0,11.0,1.0,0.0,77.78,46.94,36.59,43.9,42.11,42.36,16.67,84.62,1.81398007355498,1.0859588526839756,4.0,42.0,1.4199540599999998,22.0,16.0,31.0,2.21066706,105.0,7.247787610619469,1.1946902654867255,16.24778761061947,1.831858407079646,22.300884955752213,0.2389380530973451,0.1592920353982301,0.8761061946902655,1.513274336283186,1.1150442477876106,0.3982300884955752,0.3982300884955752,3.265486725663717,3.584070796460177,4.8584070796460175,1.672566371681416,0.3185840707964602,0.4778761061946903,0.6371681415929203,4.938053097345133,2.150442477876106,1.4336283185840708,0.8761061946902655,0.079646017699115,0.0,77.78,46.94,36.59,43.9,42.11,42.36,16.67,84.62,0.1444762890442019,0.0864922980013785,0.3185840707964602,3.345132743362832,0.1130936861946902,1.752212389380531,1.2743362831858407,2.4690265486725664,0.1760708277876106,8.36283185840708,LB/LCB,30,89,48,70,39,20,87,63,91,96,72,78,100,100,83,48,98,37,98,100,100,100,50,91,50,35,91,91,43,87,9,9,96,87,61,74,74,91,78,20,39,74,39,9,78,17,52,13,13,87,48,83,87,52,78,96,96,61,22,100,22,91,87,96,96,26,91,50,35,91,91,43,87,9,9,96,91,48,70,78,83,70,9,17,57,17,Eliteserien
Tromsø,80hgdmpkvdrhw1ge9nks2kxvy,95t0lc2qqgzxp92n1pr62n816,D. Edvardsson,David Edvardsson,24.0,Midfielder,Sweden,Midfielder,275.0,21.0,365.0,23.0,619.0,8.0,3.0,24.0,10.0,4.0,6.0,2.0,8.0,8.0,87.0,26.0,1.0,15.0,1469.0,3.0,11.0,20.0,7.0,31.0,0.0,0.0,83.88,41.07,43.75,87.5,30.0,60.84,57.14,59.62,1.0342116212973689,2.6472727331819708,3.0,35.0,0.7970965499999997,11.0,75.0,72.0,1.4191089400000003,272.0,16.848196051735876,1.286589516678012,22.36215112321307,1.4091218515997277,37.92375765827093,0.4901293396868618,0.1837985023825731,1.4703880190605854,0.6126616746085772,0.2450646698434309,0.3675970047651463,0.1225323349217154,0.4901293396868618,0.4901293396868618,5.330156569094622,1.592920353982301,0.0612661674608577,0.918992511912866,0.1837985023825731,0.673927842069435,1.2253233492171545,0.428863172226004,1.8992511912865893,0.0,0.0,83.88,41.07,43.75,87.5,30.0,60.84,57.14,59.62,0.0633621823803697,0.1621882545856891,0.1837985023825731,2.1443158611300204,0.0488350507147719,0.673927842069435,4.594962559564329,4.4111640571817565,0.0869433659632403,16.6643975493533,CM/AM,98,93,93,87,98,61,85,91,40,34,77,29,31,31,95,93,54,90,40,28,86,61,100,49,49,67,35,95,93,52,93,87,37,46,91,57,89,81,73,98,96,63,95,89,79,74,74,82,35,68,56,16,11,51,11,7,7,61,72,46,68,25,5,54,25,82,49,49,67,35,95,93,52,93,87,37,12,74,32,63,46,32,86,75,32,79,Eliteserien
Tromsø,80hgdmpkvdrhw1ge9nks2kxvy,98dhgp5o0fuvid2ievyr5h7qi,I. Dahlqvist,Isak Dahlqvist,24.0,Midfielder,Sweden,Midfielder,7.0,0.0,16.0,1.0,23.0,0.0,1.0,2.0,1.0,1.0,0.0,1.0,3.0,3.0,15.0,2.0,0.0,2.0,162.0,0.0,5.0,1.0,2.0,4.0,0.0,0.0,53.49,14.29,0.0,66.67,0.0,68.18,0.0,33.33,0.0715091844563572,0.2297532854595171,1.0,0.0,0.0,0.0,4.0,6.0,0.28496782,17.0,3.888888888888889,0.0,8.88888888888889,0.5555555555555556,12.777777777777777,0.0,0.5555555555555556,1.1111111111111112,0.5555555555555556,0.5555555555555556,0.0,0.5555555555555556,1.6666666666666663,1.6666666666666663,8.333333333333334,1.1111111111111112,0.0,1.1111111111111112,0.0,2.7777777777777777,0.5555555555555556,1.1111111111111112,2.2222222222222223,0.0,0.0,53.49,14.29,0.0,66.67,0.0,68.18,0.0,33.33,0.0397273246979762,0.1276407141441761,0.5555555555555556,0.0,0.0,0.0,2.2222222222222223,3.333333333333333,0.1583154555555555,9.444444444444445,RM/RCM,8,12,8,17,8,8,33,17,8,8,12,12,8,8,8,21,12,29,8,12,8,8,29,50,54,8,17,12,96,8,100,12,8,8,17,8,8,8,8,17,17,17,8,33,12,8,25,8,8,92,33,8,17,12,58,33,33,100,58,12,92,8,25,8,58,100,50,54,8,17,12,96,8,100,12,8,8,42,42,8,8,8,67,75,42,67,Eliteserien
Tromsø,80hgdmpkvdrhw1ge9nks2kxvy,9nr6anmon9qq8vpk46m5r57v8,I. Vådebu,Isak Vadebu,23.0,Defender,Norway,Defender,355.0,1.0,309.0,30.0,663.0,22.0,0.0,5.0,5.0,3.0,2.0,1.0,11.0,11.0,68.0,59.0,1.0,12.0,1130.0,2.0,14.0,11.0,7.0,19.0,0.0,0.0,87.7,46.15,14.29,63.64,40.0,59.13,59.46,67.86,0.6153789062658359,0.6667266155385776,1.0,19.0,0.44594991,8.0,81.0,94.0,1.789694149999999,327.0,28.274336283185843,0.079646017699115,24.61061946902655,2.3893805309734515,52.80530973451327,1.752212389380531,0.0,0.3982300884955752,0.3982300884955752,0.2389380530973451,0.1592920353982301,0.079646017699115,0.8761061946902655,0.8761061946902655,5.415929203539823,4.699115044247788,0.079646017699115,0.9557522123893806,0.1592920353982301,1.1150442477876106,0.8761061946902655,0.5575221238938053,1.513274336283186,0.0,0.0,87.7,46.15,14.29,63.64,40.0,59.13,59.46,67.86,0.0490124792601108,0.0531021198216566,0.079646017699115,1.513274336283186,0.0355181344247787,0.6371681415929203,6.451327433628319,7.486725663716815,0.1425420119469025,26.04424778761062,CB,73,78,79,68,75,64,42,83,58,51,81,56,97,94,84,68,87,71,75,71,84,98,93,40,51,59,57,73,71,79,63,63,52,67,95,69,82,83,81,90,94,87,67,46,81,68,48,62,35,42,70,44,41,73,54,83,81,73,40,84,43,65,52,68,87,92,40,51,59,57,73,71,79,63,63,52,46,86,65,65,60,71,87,90,79,41,Eliteserien
Tromsø,80hgdmpkvdrhw1ge9nks2kxvy,eguth2iido7y17nisod5l6e50,T. Nyhammer,Troy Nyhammer,20.0,Midfielder,Norway,Midfielder,44.0,4.0,103.0,9.0,143.0,2.0,3.0,10.0,12.0,5.0,7.0,2.0,11.0,11.0,23.0,9.0,3.0,1.0,533.0,8.0,21.0,7.0,6.0,3.0,0.0,0.0,76.06,69.23,57.14,54.55,66.67,41.07,40.0,37.5,1.3641752114799712,1.0096241338116898,6.0,12.0,0.30371408,6.0,25.0,29.0,1.51580625,55.0,7.429643527204503,0.6754221388367729,17.392120075046904,1.5196998123827392,24.146341463414632,0.3377110694183864,0.5065666041275797,1.6885553470919323,2.026266416510319,0.8442776735459662,1.1819887429643527,0.3377110694183864,1.8574108818011257,1.8574108818011257,3.883677298311445,1.5196998123827392,0.5065666041275797,0.1688555347091932,1.350844277673546,3.545966228893058,1.1819887429643527,1.0131332082551594,0.5065666041275797,0.0,0.0,76.06,69.23,57.14,54.55,66.67,41.07,40.0,37.5,0.2303485347714773,0.1704806229700789,1.0131332082551594,2.026266416510319,0.0512838033771106,1.0131332082551594,4.221388367729831,4.896810506566604,0.255952274859287,9.287054409005629,RM/RCM,50,50,42,50,42,29,75,58,50,50,75,42,33,29,33,67,75,12,58,42,25,38,12,50,54,42,75,100,75,96,33,50,17,50,42,71,38,42,46,83,58,50,50,58,58,50,83,50,25,83,58,67,33,75,50,42,42,17,83,83,8,100,50,50,50,8,50,54,42,75,100,75,96,33,50,17,83,67,67,50,42,50,92,92,83,58,Eliteserien
Viking,bsykw9d70ffqe9atosc92n1e9,3h8jot3v5xxuwzukt6n15jwlx,J. Bell,Joe Bell,27.0,Midfielder,New Zealand,Midfielder,178.0,1.0,192.0,16.0,369.0,8.0,1.0,5.0,8.0,4.0,4.0,4.0,5.0,5.0,34.0,14.0,0.0,9.0,756.0,1.0,12.0,6.0,2.0,8.0,0.0,0.0,85.42,45.71,33.33,40.0,12.5,49.28,44.44,44.44,0.7597436311288266,0.3914261896234357,4.0,18.0,0.4483792399999999,6.0,30.0,36.0,1.17877522,186.0,21.19047619047619,0.119047619047619,22.857142857142858,1.9047619047619049,43.92857142857142,0.9523809523809524,0.119047619047619,0.5952380952380952,0.9523809523809524,0.4761904761904761,0.4761904761904761,0.4761904761904761,0.5952380952380952,0.5952380952380952,4.047619047619048,1.6666666666666663,0.0,1.0714285714285714,0.119047619047619,1.4285714285714286,0.7142857142857143,0.238095238095238,0.9523809523809524,0.0,0.0,85.42,45.71,33.33,40.0,12.5,49.28,44.44,44.44,0.0904456703724793,0.0465983559075518,0.4761904761904761,2.142857142857143,0.0533784809523809,0.7142857142857143,3.571428571428571,4.285714285714286,0.1403303833333333,22.142857142857142,DM/CM,60,50,48,52,55,57,72,48,53,59,50,64,22,22,48,47,29,43,36,66,33,33,40,48,48,48,41,71,48,38,31,66,10,59,45,64,66,72,52,41,55,62,55,59,45,55,45,52,55,83,48,52,66,55,72,28,24,31,38,29,38,38,69,17,31,34,48,48,48,41,71,48,38,31,66,10,59,48,69,79,83,59,45,66,72,66,Eliteserien
Viking,bsykw9d70ffqe9atosc92n1e9,488tt50hbrv0lbgcgvsr8utqs,T. Moi,Tobias Moi,20.0,Midfielder,Norway,Midfielder,105.0,4.0,163.0,20.0,264.0,10.0,0.0,5.0,6.0,3.0,3.0,3.0,11.0,12.0,30.0,5.0,0.0,4.0,659.0,2.0,6.0,5.0,3.0,6.0,0.0,0.0,83.28,55.56,50.0,27.27,33.33,40.0,43.48,50.0,0.5386530491230346,0.5126285591803746,3.0,18.0,0.4077111,3.0,32.0,27.0,1.1776599399999998,137.0,14.339908952959028,0.5462822458270107,22.261001517450683,2.731411229135053,36.0546282245827,1.3657056145675266,0.0,0.6828528072837633,0.8194233687405159,0.4097116843702579,0.4097116843702579,0.4097116843702579,1.502276176024279,1.6388467374810318,4.09711684370258,0.6828528072837633,0.0,0.5462822458270107,0.2731411229135053,0.8194233687405159,0.6828528072837633,0.4097116843702579,0.8194233687405159,0.0,0.0,83.28,55.56,50.0,27.27,33.33,40.0,43.48,50.0,0.0735641493491246,0.0700099701460299,0.4097116843702579,2.458270106221548,0.0556813338391502,0.4097116843702579,4.3702579666160855,3.687405159332322,0.1608336792109256,18.71016691957512,DM/CM,38,76,41,62,41,69,28,48,41,52,40,52,72,76,33,17,29,19,50,40,21,43,19,48,48,24,66,97,28,76,7,59,26,48,52,48,66,62,33,50,41,59,41,31,86,52,72,41,69,28,59,38,62,38,59,79,83,34,3,29,17,55,38,10,48,14,48,48,24,66,97,28,76,7,59,26,48,69,55,90,90,28,59,48,90,48,Eliteserien
Viking,bsykw9d70ffqe9atosc92n1e9,4yive3zei0pzhsn0s9tccixhw,V. Auklend,Vetle Auklend,21.0,Defender,Norway,Defender,92.0,3.0,120.0,16.0,209.0,13.0,0.0,4.0,1.0,1.0,0.0,1.0,5.0,5.0,38.0,20.0,0.0,5.0,447.0,0.0,12.0,9.0,3.0,9.0,0.0,0.0,81.01,45.71,25.0,60.0,0.0,65.52,65.0,64.29,0.1051727997973709,0.5864015145069346,0.0,24.0,0.7317390099999997,12.0,21.0,29.0,1.1262789100000004,109.0,18.523489932885905,0.6040268456375839,24.161073825503355,3.221476510067114,42.08053691275168,2.61744966442953,0.0,0.8053691275167785,0.2013422818791946,0.2013422818791946,0.0,0.2013422818791946,1.006711409395973,1.006711409395973,7.651006711409396,4.026845637583892,0.0,1.006711409395973,0.0,2.416107382550336,1.812080536912752,0.6040268456375839,1.812080536912752,0.0,0.0,81.01,45.71,25.0,60.0,0.0,65.52,65.0,64.29,0.0211757315028263,0.1180674190282418,0.0,4.832214765100671,0.1473300020134227,2.416107382550336,4.228187919463087,5.8389261744966445,0.2267675657718121,21.94630872483221,LB/LCB,35,24,26,50,22,61,30,22,15,28,15,39,30,30,30,43,30,30,17,43,54,46,35,41,50,57,87,50,89,17,96,87,50,17,39,15,52,61,57,35,30,22,43,52,48,65,83,65,96,30,43,17,39,15,52,57,52,100,74,30,70,17,65,87,61,83,41,50,57,87,50,89,17,96,87,50,22,65,15,91,87,87,61,65,70,65,Eliteserien
Viking,bsykw9d70ffqe9atosc92n1e9,53vkcvwf46xgr7bvoqi9lpj4k,N. Fuglestad,Niklas Fuglestad,20.0,Attacker,Norway,Striker,34.0,4.0,94.0,6.0,124.0,5.0,2.0,9.0,19.0,16.0,3.0,5.0,26.0,28.0,21.0,7.0,2.0,2.0,642.0,7.0,56.0,3.0,8.0,3.0,0.0,0.0,71.68,46.15,28.57,30.77,36.84,29.17,26.32,50.0,1.8404786561574424,0.9529016316181091,7.0,19.0,0.69201798,2.0,4.0,6.0,1.0065832499999998,32.0,4.766355140186915,0.5607476635514018,13.177570093457945,0.8411214953271028,17.38317757009346,0.7009345794392523,0.2803738317757009,1.2616822429906542,2.663551401869159,2.242990654205608,0.4205607476635514,0.7009345794392523,3.644859813084112,3.925233644859813,2.94392523364486,0.9813084112149532,0.2803738317757009,0.2803738317757009,0.9813084112149532,7.850467289719626,0.4205607476635514,1.1214953271028036,0.4205607476635514,0.0,0.0,71.68,46.15,28.57,30.77,36.84,29.17,26.32,50.0,0.2580110265641274,0.1335843408810433,0.9813084112149532,2.663551401869159,0.0970118663551401,0.2803738317757009,0.5607476635514018,0.8411214953271028,0.1411098014018691,4.485981308411215,RW,86,71,100,100,100,100,100,100,100,100,71,93,86,86,86,100,86,57,100,100,36,86,71,57,57,29,86,57,43,86,36,86,57,100,100,100,100,100,57,100,79,100,86,57,57,43,86,43,71,86,57,29,57,43,43,43,43,29,57,43,29,57,71,14,29,43,57,57,29,86,57,43,86,36,86,57,29,57,57,71,71,14,57,29,57,29,Eliteserien
Viking,bsykw9d70ffqe9atosc92n1e9,587vmahr6cyqzuucjdgr0ttec,S. Kvia-Egeskog,Simen Kvia-Egeskog,23.0,Midfielder,Norway,Midfielder,61.0,0.0,251.0,4.0,312.0,8.0,2.0,14.0,17.0,14.0,3.0,6.0,24.0,24.0,59.0,18.0,5.0,4.0,1336.0,7.0,55.0,22.0,6.0,13.0,0.0,0.0,83.65,40.0,0.0,25.0,41.18,43.38,25.81,54.17,2.770881849380651,1.0895022349367705,2.0,26.0,0.7662693399999999,15.0,31.0,30.0,1.1048976600000002,165.0,4.109281437125748,0.0,16.90868263473054,0.2694610778443114,21.017964071856287,0.5389221556886228,0.1347305389221557,0.9431137724550898,1.1452095808383234,0.9431137724550898,0.2020958083832335,0.404191616766467,1.616766467065868,1.616766467065868,3.9745508982035926,1.2125748502994012,0.3368263473053892,0.2694610778443114,0.4715568862275449,3.7050898203592815,1.4820359281437123,0.404191616766467,0.875748502994012,0.0,0.0,83.65,40.0,0.0,25.0,41.18,43.38,25.81,54.17,0.1866612024283372,0.073394611634962,0.1347305389221557,1.751497005988024,0.0516199405688622,1.0104790419161676,2.088323353293413,2.020958083832335,0.0744317285928143,11.115269461077844,CM/AM,44,14,77,31,68,61,73,61,66,75,50,77,82,81,75,79,90,39,70,84,90,49,68,49,49,65,32,14,14,72,39,21,28,86,53,40,76,79,83,72,59,56,75,9,14,44,7,30,42,53,16,26,42,28,44,51,49,26,44,79,23,49,61,67,21,35,49,49,65,32,14,14,72,39,21,28,56,16,23,42,47,58,44,26,21,42,Eliteserien
Viking,bsykw9d70ffqe9atosc92n1e9,5cjx2i2perp5vr62en4cyer1m,K. Askildsen,Kristoffer Askildsen,25.0,Midfielder,Norway,Midfielder,158.0,3.0,277.0,30.0,432.0,19.0,1.0,13.0,33.0,16.0,17.0,7.0,13.0,13.0,92.0,20.0,5.0,13.0,1333.0,9.0,38.0,34.0,7.0,21.0,1.0,1.0,74.87,45.45,17.65,53.85,27.27,57.86,61.29,65.62,3.647009302222383,1.3935257177609692,10.0,22.0,0.50869266,11.0,37.0,55.0,2.4563136099999987,233.0,10.667666916729182,0.2025506376594148,18.70217554388597,2.0255063765941483,29.167291822955736,1.282820705176294,0.0675168792198049,0.8777194298574643,2.2280570142535634,1.0802700675168793,1.147786946736684,0.4726181545386346,0.8777194298574643,0.8777194298574643,6.211552888222055,1.350337584396099,0.3375843960990247,0.8777194298574643,0.6076519129782445,2.565641410352588,2.2955738934733683,0.4726181545386346,1.4178544636159038,0.0675168792198049,0.0675168792198049,74.87,45.45,17.65,53.85,27.27,57.86,61.29,65.62,0.2462346865716537,0.0940865075757593,0.6751687921980495,1.485371342835709,0.0343453408852213,0.7426856714178545,2.498124531132783,3.713428357089272,0.1658426293323329,15.731432858214554,CM/AM,84,49,82,96,84,93,50,54,92,80,94,84,54,52,96,86,90,86,83,73,98,61,93,99,99,19,50,39,62,42,91,95,52,95,65,91,71,60,73,77,84,91,84,58,42,54,88,54,75,39,14,81,49,89,54,23,23,77,65,82,60,60,39,88,28,65,98,98,19,50,39,62,42,91,95,52,84,35,82,32,23,39,54,65,79,72,Eliteserien
Viking,bsykw9d70ffqe9atosc92n1e9,6hfh81884cw22q8ekjmiezq39,K. Haugen,Kristoffer Haugen,32.0,Defender,Norway,Defender,141.0,13.0,333.0,35.0,461.0,15.0,1.0,17.0,14.0,9.0,5.0,3.0,8.0,9.0,43.0,34.0,1.0,14.0,1083.0,5.0,32.0,6.0,2.0,7.0,0.0,0.0,75.2,30.17,27.08,25.0,35.71,49.43,46.88,35.0,1.4979346944740466,1.732653080731508,2.0,26.0,0.6881992699999999,11.0,80.0,94.0,3.4606840999999986,251.0,11.717451523545709,1.0803324099722993,27.673130193905816,2.9085872576177287,38.310249307479225,1.2465373961218835,0.0831024930747922,1.4127423822714682,1.1634349030470914,0.7479224376731302,0.4155124653739612,0.2493074792243767,0.6648199445983379,0.7479224376731302,3.5734072022160666,2.8254847645429364,0.0831024930747922,1.1634349030470914,0.4155124653739612,2.659279778393352,0.4986149584487535,0.1662049861495844,0.5817174515235457,0.0,0.0,75.2,30.17,27.08,25.0,35.71,49.43,46.88,35.0,0.1244821075740204,0.1439877906425075,0.1662049861495844,2.1606648199445986,0.057191075069252,0.9141274238227148,6.64819944598338,7.811634349030471,0.2875914764542935,20.858725761772853,LB/LCB,48,80,74,91,57,72,67,87,76,76,72,63,48,48,41,70,76,76,89,74,39,35,20,41,50,13,26,61,13,83,22,39,9,78,87,46,59,57,41,91,87,96,65,22,74,87,74,52,65,61,74,70,70,61,57,35,30,17,61,70,78,83,70,39,17,9,41,50,13,26,61,13,83,22,39,9,78,74,39,39,43,39,96,91,83,61,Eliteserien
Viking,bsykw9d70ffqe9atosc92n1e9,894tj8rg0i6kl4zvlok803949,S. Bjørshol,Sondre Bjørshol,32.0,Defender,Norway,Defender,92.0,3.0,108.0,8.0,197.0,19.0,0.0,3.0,8.0,8.0,0.0,5.0,2.0,3.0,37.0,28.0,1.0,5.0,396.0,2.0,17.0,3.0,2.0,13.0,1.0,0.0,85.65,53.33,37.5,100.0,25.0,60.66,59.38,92.86,0.9362090780639748,0.2460289502527213,0.0,11.0,0.27011946,5.0,23.0,22.0,0.67095982,97.0,20.909090909090907,0.6818181818181818,24.545454545454543,1.818181818181818,44.77272727272727,4.3181818181818175,0.0,0.6818181818181818,1.818181818181818,1.818181818181818,0.0,1.1363636363636362,0.4545454545454545,0.6818181818181818,8.409090909090908,6.363636363636363,0.2272727272727272,1.1363636363636362,0.4545454545454545,3.8636363636363633,0.6818181818181818,0.4545454545454545,2.954545454545454,0.2272727272727272,0.0,85.65,53.33,37.5,100.0,25.0,60.66,59.38,92.86,0.2127747904690851,0.0559156705119821,0.0,2.5,0.0613907863636363,1.1363636363636362,5.227272727272727,5.0,0.1524908681818181,22.045454545454543,RB/RCB,29,31,25,29,29,77,27,17,54,71,6,85,10,19,25,58,67,31,60,46,15,33,38,83,52,83,88,71,100,56,100,83,96,62,12,10,35,29,38,33,31,21,29,75,58,75,50,75,96,27,21,96,96,6,100,21,46,92,100,96,50,83,88,25,58,100,96,52,83,88,71,100,56,100,83,96,96,29,10,79,83,67,79,71,42,71,Eliteserien
Viking,bsykw9d70ffqe9atosc92n1e9,8csmi6krrz8ju4085n6dgekt1,V. Vevatne,Viljar Vevatne,31.0,Defender,Norway,Defender,36.0,0.0,19.0,2.0,55.0,4.0,0.0,0.0,0.0,0.0,0.0,0.0,0.0,0.0,7.0,6.0,0.0,1.0,92.0,0.0,1.0,2.0,0.0,1.0,0.0,0.0,88.71,28.57,0.0,0.0,0.0,77.78,66.67,100.0,0.0,0.0,0.0,0.0,0.0,0.0,0.0,0.0,0.0,0.0,35.21739130434783,0.0,18.586956521739133,1.956521739130435,53.80434782608696,3.91304347826087,0.0,0.0,0.0,0.0,0.0,0.0,0.0,0.0,6.847826086956522,5.869565217391305,0.0,0.9782608695652176,0.0,0.9782608695652176,1.956521739130435,0.0,0.9782608695652176,0.0,0.0,88.71,28.57,0.0,0.0,0.0,77.78,66.67,100.0,0.0,0.0,0.0,0.0,0.0,0.0,0.0,0.0,0.0,0.0,CB,3,37,4,2,3,11,42,12,7,10,26,21,11,10,6,6,40,5,21,8,16,17,10,40,51,78,11,37,17,21,100,80,97,6,13,29,6,6,10,4,4,4,4,75,37,38,29,67,87,42,12,7,10,26,21,11,10,89,60,40,48,21,48,94,17,67,40,51,78,11,37,17,21,100,80,97,6,13,29,6,6,10,4,4,4,4,Eliteserien
Viking,bsykw9d70ffqe9atosc92n1e9,94s19kazaywfzrg007vsha6wa,R. Alte,Ruben Alte,26.0,Midfielder,Norway,Midfielder,65.0,4.0,152.0,13.0,213.0,1.0,1.0,16.0,22.0,13.0,9.0,10.0,24.0,25.0,35.0,12.0,1.0,5.0,827.0,7.0,49.0,16.0,9.0,6.0,0.0,0.0,78.02,46.43,18.18,37.5,31.82,43.21,12.5,66.67,1.747505186190149,1.6511470764350906,10.0,29.0,1.0189939499999996,17.0,21.0,24.0,1.7699100599999995,87.0,7.073760580411125,0.4353083434099153,16.541717049576786,1.414752116082225,23.180169286578,0.1088270858524788,0.1088270858524788,1.7412333736396617,2.3941958887545347,1.414752116082225,0.9794437726723096,1.0882708585247884,2.6118500604594925,2.720677146311971,3.80894800483676,1.3059250302297465,0.1088270858524788,0.5441354292623942,0.7617896009673519,5.332527206771464,1.7412333736396617,0.9794437726723096,0.6529625151148731,0.0,0.0,78.02,46.43,18.18,37.5,31.82,43.21,12.5,66.67,0.1901758969251673,0.179689524642271,1.0882708585247884,3.1559854897218864,0.1108941420798065,1.8500604594921404,2.285368802902056,2.6118500604594925,0.1926141540507859,9.46795646916566,LM/LCM,50,75,88,88,75,31,69,88,100,88,100,100,62,62,50,81,81,88,100,88,75,50,62,56,56,38,50,75,12,75,25,38,62,88,88,88,88,88,100,75,75,88,75,38,62,50,62,50,38,50,62,75,88,62,88,25,25,12,62,75,38,88,50,75,25,25,56,56,38,50,75,12,75,25,38,62,62,75,62,50,62,100,50,50,62,50,Eliteserien
Viking,bsykw9d70ffqe9atosc92n1e9,aeq6jlhgxpnkywoc20kp8tvu2,H. Haugen,Herman Haugen,26.0,Defender,Norway,Defender,47.0,0.0,74.0,9.0,121.0,10.0,0.0,5.0,6.0,4.0,2.0,1.0,10.0,10.0,28.0,5.0,0.0,4.0,417.0,2.0,21.0,11.0,4.0,1.0,0.0,0.0,85.82,52.94,0.0,40.0,33.33,50.91,58.82,33.33,0.5871606674562588,0.3839172127873953,2.0,6.0,0.39966274,4.0,10.0,10.0,0.5126854399999999,39.0,10.14388489208633,0.0,15.971223021582732,1.9424460431654675,26.115107913669064,2.158273381294964,0.0,1.079136690647482,1.2949640287769784,0.8633093525179856,0.4316546762589928,0.2158273381294964,2.158273381294964,2.158273381294964,6.043165467625899,1.079136690647482,0.0,0.8633093525179856,0.4316546762589928,4.532374100719424,2.3741007194244603,0.8633093525179856,0.2158273381294964,0.0,0.0,85.82,52.94,0.0,40.0,33.33,50.91,58.82,33.33,0.1267253239114227,0.0828598300979989,0.4316546762589928,1.2949640287769784,0.086258145323741,0.8633093525179856,2.158273381294964,2.158273381294964,0.1106515338129496,8.417266187050359,CB,8,37,21,26,10,31,42,83,69,61,81,56,93,89,40,4,40,20,75,87,84,84,10,40,51,48,78,37,48,71,25,60,6,65,79,87,37,78,58,15,14,33,10,3,37,25,27,8,51,42,98,98,89,97,81,98,98,79,2,40,25,94,100,97,97,6,40,51,48,78,37,48,71,25,60,6,92,92,100,56,92,81,19,13,65,10,Eliteserien
Viking,bsykw9d70ffqe9atosc92n1e9,b2isr7ljn9jmt19iiweudegyy,H. Falchener,Henrik Falchener,23.0,Defender,Norway,Defender,350.0,0.0,258.0,23.0,608.0,56.0,1.0,3.0,8.0,8.0,0.0,0.0,1.0,1.0,80.0,83.0,2.0,11.0,962.0,3.0,16.0,6.0,0.0,10.0,0.0,0.0,88.5,45.1,0.0,0.0,37.5,70.18,75.68,55.56,1.099594691343386,0.0728299399098838,0.0,21.0,0.8842919999999997,3.0,46.0,54.0,0.8981405999999996,405.0,32.74428274428275,0.0,24.137214137214137,2.151767151767152,56.881496881496886,5.23908523908524,0.0935550935550935,0.2806652806652807,0.7484407484407485,0.7484407484407485,0.0,0.0,0.0935550935550935,0.0935550935550935,7.484407484407485,7.765072765072766,0.1871101871101871,1.0291060291060292,0.2806652806652807,1.496881496881497,0.5613305613305614,0.0,0.9355509355509356,0.0,0.0,88.5,45.1,0.0,0.0,37.5,70.18,75.68,55.56,0.1028726842213147,0.006813611841881,0.0,1.9646569646569647,0.0827300207900207,0.2806652806652807,4.303534303534303,5.051975051975052,0.0840256278586278,37.889812889812895,CB,71,37,68,57,70,95,90,65,83,88,26,21,28,27,92,84,97,64,87,79,55,17,70,40,51,73,46,37,17,76,94,97,33,87,33,29,85,92,44,67,67,54,73,68,37,67,41,71,98,87,51,71,83,26,21,25,24,95,97,98,59,84,71,41,17,59,40,51,73,46,37,17,76,94,97,33,81,30,29,78,90,38,57,67,40,78,Eliteserien
Viking,bsykw9d70ffqe9atosc92n1e9,bjqtzq0xcvtmbn54orj7rn5xx,Z. Tripić,Zlatko Tripic,33.0,Attacker,Norway,Striker,117.0,69.0,466.0,69.0,514.0,9.0,14.0,59.0,26.0,13.0,13.0,6.0,19.0,20.0,61.0,10.0,6.0,7.0,1331.0,12.0,44.0,31.0,8.0,10.0,0.0,0.0,74.17,58.97,29.87,42.11,46.15,55.96,47.37,76.92,1.727664830917854,7.580719821987794,10.0,62.0,1.8461706699999991,39.0,67.0,129.0,8.308367009999998,274.0,7.911344853493613,4.665664913598798,31.510142749812168,4.665664913598798,34.75582268970699,0.608564988730278,0.946656649135988,3.989481592787378,1.7580766341096918,0.8790383170548459,0.8790383170548459,0.4057099924868519,1.2847483095416978,1.35236664162284,4.124718256949662,0.67618332081142,0.4057099924868519,0.4733283245679939,0.8114199849737039,2.975206611570248,2.096168294515402,0.540946656649136,0.67618332081142,0.0,0.0,74.17,58.97,29.87,42.11,46.15,55.96,47.37,76.92,0.1168218142619134,0.5125956303372663,0.67618332081142,4.192336589030804,0.1248349814425243,2.6371149511645378,4.530428249436514,8.722764838467317,0.5617979195341847,18.527422990232907,ST,95,100,100,100,98,40,100,100,70,48,100,63,68,65,82,70,90,83,75,65,100,60,90,50,50,62,67,71,57,71,98,74,86,40,100,85,100,100,100,100,100,100,98,86,100,100,100,98,31,100,100,17,5,86,26,33,31,33,45,71,67,40,5,90,33,76,50,50,62,67,71,57,71,98,74,86,5,100,62,98,93,100,100,100,100,98,Eliteserien
Viking,bsykw9d70ffqe9atosc92n1e9,bnjysriuqd4qe0fmh2ld8yk2c,E. Austbø,Edvin Austbø,21.0,Attacker,Norway,Striker,63.0,16.0,186.0,8.0,233.0,3.0,1.0,11.0,18.0,17.0,1.0,5.0,31.0,34.0,29.0,1.0,2.0,2.0,666.0,4.0,54.0,6.0,14.0,4.0,0.0,0.0,86.3,66.67,37.21,45.16,22.22,44.62,60.0,66.67,1.687353552567427,1.051151548782947,9.0,52.0,1.7359522399999996,12.0,15.0,21.0,1.469064570000001,76.0,8.513513513513512,2.162162162162162,25.135135135135133,1.081081081081081,31.486486486486484,0.4054054054054054,0.1351351351351351,1.4864864864864864,2.4324324324324325,2.2972972972972974,0.1351351351351351,0.6756756756756757,4.189189189189189,4.594594594594595,3.918918918918919,0.1351351351351351,0.2702702702702702,0.2702702702702702,0.5405405405405405,7.297297297297297,0.8108108108108107,1.891891891891892,0.5405405405405405,0.0,0.0,86.3,66.67,37.21,45.16,22.22,44.62,60.0,66.67,0.2280207503469495,0.1420475065922901,1.2162162162162162,7.027027027027026,0.2345881405405404,1.6216216216216215,2.0270270270270268,2.8378378378378377,0.1985222391891893,10.27027027027027,ST,76,98,93,89,86,18,61,77,50,63,17,55,89,90,37,8,50,50,27,76,33,98,52,50,50,95,77,76,67,19,79,98,67,36,81,77,98,98,90,80,83,90,83,93,98,95,93,95,19,62,83,50,76,10,71,100,100,31,7,48,50,21,93,24,98,60,50,50,95,77,76,67,19,79,98,67,33,90,95,100,100,98,86,90,93,88,Eliteserien
Viking,bsykw9d70ffqe9atosc92n1e9,cb3gkqyqrubvh3mhwkatp6t5g,O. Visted,Ola Visted,21.0,Midfielder,Norway,Midfielder,32.0,0.0,60.0,1.0,92.0,2.0,0.0,1.0,5.0,5.0,0.0,2.0,4.0,4.0,12.0,5.0,0.0,0.0,255.0,3.0,14.0,1.0,3.0,3.0,0.0,0.0,85.98,33.33,0.0,75.0,60.0,44.44,40.0,50.0,0.6839665466642364,0.0,0.0,7.0,0.17634863,4.0,3.0,5.0,0.16265929,33.0,11.294117647058822,0.0,21.176470588235293,0.3529411764705882,32.47058823529412,0.7058823529411764,0.0,0.3529411764705882,1.7647058823529411,1.7647058823529411,0.0,0.7058823529411764,1.4117647058823528,1.4117647058823528,4.235294117647059,1.7647058823529411,0.0,0.0,1.0588235294117647,4.941176470588235,0.3529411764705882,1.0588235294117647,1.0588235294117647,0.0,0.0,85.98,33.33,0.0,75.0,60.0,44.44,40.0,50.0,0.241399957646201,0.0,0.0,2.4705882352941173,0.0622406929411764,1.4117647058823528,1.0588235294117647,1.7647058823529411,0.0574091611764705,11.647058823529411,CM/AM,22,14,16,9,19,23,18,4,24,42,7,29,16,16,16,27,23,5,40,37,6,26,19,49,49,81,20,14,91,96,41,44,18,35,2,8,18,18,28,7,7,9,16,63,14,65,14,68,53,18,2,58,80,7,77,42,42,33,82,23,5,89,81,7,72,42,49,49,81,20,14,91,96,41,44,18,81,2,8,72,67,77,11,21,7,49,Eliteserien
Viking,bsykw9d70ffqe9atosc92n1e9,cbgxwjokvziezgbbn0qu91s7o,J. Hansen,Jakob Hansen,21.0,Midfielder,Norway,Midfielder,24.0,0.0,26.0,1.0,50.0,4.0,0.0,1.0,1.0,1.0,0.0,0.0,1.0,1.0,7.0,3.0,0.0,4.0,181.0,0.0,6.0,1.0,1.0,1.0,0.0,0.0,72.46,25.0,0.0,100.0,0.0,38.89,40.0,100.0,0.0951585838530775,0.0845304285495222,0.0,1.0,0.02385149,3.0,1.0,1.0,0.0320311499999999,9.0,11.933701657458563,0.0,12.92817679558011,0.4972375690607735,24.86187845303868,1.988950276243094,0.0,0.4972375690607735,0.4972375690607735,0.4972375690607735,0.0,0.0,0.4972375690607735,0.4972375690607735,3.4806629834254146,1.4917127071823204,0.0,1.988950276243094,0.0,2.983425414364641,0.4972375690607735,0.4972375690607735,0.4972375690607735,0.0,0.0,72.46,25.0,0.0,100.0,0.0,38.89,40.0,100.0,0.04731642291037,0.0420317048036298,0.0,0.4972375690607735,0.0118598569060773,1.4917127071823204,0.4972375690607735,0.4972375690607735,0.0159270911602209,4.475138121546961,CM/AM,18,14,4,9,8,36,18,4,4,9,7,4,4,4,8,18,23,39,11,10,6,11,4,49,49,12,9,14,97,11,18,44,98,4,4,8,5,6,18,3,2,2,2,70,14,14,19,40,89,18,7,11,28,7,4,9,9,14,68,23,98,11,47,14,32,19,49,49,12,9,14,97,11,18,44,98,9,7,8,5,5,81,2,2,2,7,Eliteserien
Viking,bsykw9d70ffqe9atosc92n1e9,cqwjwlsum5q92s2k80w3temi2,H. Heggheim,Henrik Heggheim,25.0,Defender,Norway,Defender,190.0,3.0,247.0,25.0,434.0,36.0,2.0,13.0,10.0,9.0,1.0,2.0,8.0,8.0,100.0,67.0,4.0,18.0,1223.0,5.0,39.0,17.0,2.0,32.0,1.0,0.0,79.78,36.23,50.0,25.0,50.0,58.82,58.06,69.57,1.266901668678344,1.166172000560767,1.0,11.0,0.26972652,9.0,42.0,55.0,1.86843416,223.0,13.982011447260836,0.2207686017988552,18.17661488143909,1.839738348323794,31.937857726901065,2.649223221586263,0.1471790678659035,0.9566639411283728,0.7358953393295176,0.6623058053965658,0.0735895339329517,0.1471790678659035,0.588716271463614,0.588716271463614,7.358953393295176,4.930498773507768,0.294358135731807,1.3246116107931316,0.3679476696647588,2.8699918233851185,1.25102207686018,0.1471790678659035,2.354865085854456,0.0735895339329517,0.0,79.78,36.23,50.0,25.0,50.0,58.82,58.06,69.57,0.0932307033369182,0.0858180540069248,0.0735895339329517,0.8094848732624693,0.0198490488961569,0.6623058053965658,3.0907604251839738,4.047424366312347,0.1374971990188062,16.410466067048244,RB/RCB,62,31,67,67,67,100,83,79,69,77,23,42,50,46,96,100,100,85,77,88,88,33,100,83,52,54,46,96,21,90,88,79,71,83,71,31,35,25,50,67,73,67,71,33,17,42,54,42,83,79,58,42,62,17,33,38,33,83,92,100,79,67,79,67,17,75,79,52,54,46,96,21,90,88,79,71,71,50,25,12,12,29,42,46,33,42,Eliteserien
Viking,bsykw9d70ffqe9atosc92n1e9,djxtqxvqxd70prbr1gkwjp3sa,P. Christiansen,Peter Christiansen,26.0,Attacker,Denmark,Striker,37.0,0.0,83.0,2.0,120.0,14.0,4.0,14.0,39.0,29.0,10.0,8.0,14.0,15.0,52.0,8.0,9.0,5.0,1398.0,19.0,91.0,18.0,8.0,8.0,0.0,0.0,62.83,33.33,0.0,57.14,48.72,38.81,31.11,66.67,7.492253071219058,1.1684255678225144,12.0,6.0,0.6770704399999999,2.0,5.0,9.0,0.53004127,39.0,2.3819742489270386,0.0,5.343347639484978,0.1287553648068669,7.725321888412017,0.9012875536480688,0.2575107296137339,0.9012875536480688,2.510729613733905,1.8669527896995708,0.6437768240343348,0.5150214592274678,0.9012875536480688,0.965665236051502,3.347639484978541,0.5150214592274678,0.5793991416309013,0.3218884120171674,1.223175965665236,5.858369098712447,1.158798283261803,0.5150214592274678,0.5150214592274678,0.0,0.0,62.83,33.33,0.0,57.14,48.72,38.81,31.11,66.67,0.4823338887050896,0.0752205301173292,0.7725321888412017,0.3862660944206008,0.0435882257510729,0.1287553648068669,0.3218884120171674,0.5793991416309013,0.0341228285407725,2.510729613733905,ST,55,21,55,40,57,60,98,87,93,87,92,89,51,50,73,60,99,75,96,98,79,60,74,50,50,12,37,21,90,76,39,26,67,100,86,92,35,79,29,43,54,62,46,12,21,14,24,7,33,83,50,55,48,71,45,7,12,17,29,93,55,83,81,40,26,52,50,50,12,37,21,90,76,39,26,67,93,52,67,10,55,21,14,21,26,12,Eliteserien
Viking,bsykw9d70ffqe9atosc92n1e9,dxqw5fvmvdmsdht1wls2jeiy2,G. Stensness,Gianni Stensness,27.0,Defender,Australia,Defender,410.0,0.0,346.0,56.0,756.0,53.0,0.0,7.0,24.0,22.0,2.0,3.0,2.0,2.0,75.0,85.0,3.0,14.0,1305.0,10.0,31.0,9.0,2.0,6.0,1.0,0.0,85.71,45.9,0.0,100.0,41.67,63.56,71.62,54.55,3.2586287893511345,0.6290846949875639,2.0,14.0,0.30982054,6.0,97.0,86.0,1.5645690500000002,466.0,28.27586206896552,0.0,23.86206896551724,3.8620689655172415,52.13793103448276,3.655172413793104,0.0,0.4827586206896552,1.6551724137931034,1.5172413793103448,0.1379310344827586,0.2068965517241379,0.1379310344827586,0.1379310344827586,5.172413793103448,5.862068965517241,0.2068965517241379,0.9655172413793104,0.6896551724137931,2.1379310344827585,0.6206896551724138,0.1379310344827586,0.4137931034482758,0.0689655172413793,0.0,85.71,45.9,0.0,100.0,41.67,63.56,71.62,54.55,0.2247330199552506,0.0433851513784526,0.1379310344827586,0.9655172413793104,0.0213669337931034,0.4137931034482758,6.689655172413793,5.931034482758621,0.1079013137931034,32.13793103448276,CB,79,37,89,94,83,94,42,90,100,100,81,93,43,43,87,87,100,79,100,97,75,65,44,87,51,44,56,37,94,81,78,90,30,100,92,87,70,67,71,92,90,79,81,48,37,65,83,57,81,42,73,100,100,65,76,33,32,68,59,100,44,98,86,52,51,17,84,51,44,56,37,94,81,78,90,30,100,78,76,43,44,46,89,81,62,63,Eliteserien
Viking,bsykw9d70ffqe9atosc92n1e9,rqzgkxjy310eosvc4w7red49,A. Bærtelsen,Anders Bærtelsen,26.0,Defender,Denmark,Defender,202.0,0.0,150.0,13.0,352.0,22.0,0.0,2.0,7.0,6.0,1.0,1.0,2.0,2.0,35.0,31.0,0.0,8.0,513.0,3.0,10.0,4.0,0.0,5.0,0.0,0.0,88.44,38.24,0.0,0.0,42.86,60.34,66.67,55.56,0.7807637076175191,0.2333597512962337,0.0,11.0,0.22977642,3.0,26.0,30.0,0.7743726399999998,225.0,35.43859649122807,0.0,26.31578947368421,2.280701754385965,61.75438596491228,3.8596491228070176,0.0,0.3508771929824561,1.2280701754385963,1.0526315789473684,0.175438596491228,0.175438596491228,0.3508771929824561,0.3508771929824561,6.140350877192982,5.43859649122807,0.0,1.4035087719298245,0.5263157894736842,1.7543859649122806,0.7017543859649122,0.0,0.8771929824561403,0.0,0.0,88.44,38.24,0.0,0.0,42.86,60.34,66.67,55.56,0.1369760890557051,0.0409403072449532,0.0,1.9298245614035088,0.0403116526315789,0.5263157894736842,4.56140350877193,5.263157894736842,0.135854849122807,39.47368421052632,CB,51,37,48,40,49,64,42,47,77,79,63,56,43,43,48,47,40,48,87,58,42,17,39,40,51,71,27,37,17,83,71,80,33,75,63,29,60,54,44,48,51,52,54,76,37,75,44,79,84,42,65,97,94,76,68,57,57,83,54,40,79,95,81,60,17,52,40,51,71,27,37,17,83,71,80,33,95,75,29,75,68,63,62,71,76,83,Eliteserien
Vålerenga,8q6cv8g4bd3xdl7m88kll16na,1pjxedu2nt4vkd31r2fqecgt0,G. Rajkovic,Gabriel Rajkovic,15.0,Attacker,Norway,Striker,6.0,0.0,15.0,0.0,21.0,3.0,0.0,1.0,7.0,5.0,2.0,0.0,7.0,7.0,5.0,2.0,1.0,0.0,186.0,2.0,17.0,1.0,1.0,0.0,0.0,0.0,63.64,0.0,0.0,14.29,28.57,19.23,50.0,0.0,0.6354302946891419,0.079742750260877,2.0,2.0,0.0844441,2.0,1.0,2.0,0.0982605199999999,7.0,2.9032258064516125,0.0,7.258064516129031,0.0,10.161290322580644,1.4516129032258065,0.0,0.4838709677419354,3.387096774193548,2.419354838709677,0.9677419354838708,0.0,3.387096774193548,3.387096774193548,2.419354838709677,0.9677419354838708,0.4838709677419354,0.0,0.9677419354838708,8.225806451612902,0.4838709677419354,0.4838709677419354,0.0,0.0,0.0,63.64,0.0,0.0,14.29,28.57,19.23,50.0,0.0,0.3074662716237783,0.038585201739134,0.9677419354838708,0.9677419354838708,0.0408600483870967,0.9677419354838708,0.4838709677419354,0.9677419354838708,0.0475454129032257,3.387096774193548,RW,29,29,14,29,14,86,43,21,57,71,50,14,14,14,14,43,50,14,43,64,14,14,21,57,57,14,29,29,14,29,14,100,21,57,29,50,29,43,57,36,29,29,14,29,29,14,29,14,100,43,14,57,71,57,14,29,29,14,43,71,14,43,86,29,14,21,57,57,14,29,29,14,29,14,100,21,71,14,36,21,29,79,29,43,29,14,Eliteserien
Vålerenga,8q6cv8g4bd3xdl7m88kll16na,1w8gujxthv0lfjrn98paa1uga,C. Lange,Carl Lange,27.0,Midfielder,Denmark,Midfielder,275.0,3.0,450.0,33.0,722.0,8.0,1.0,19.0,35.0,16.0,19.0,12.0,26.0,28.0,69.0,19.0,5.0,24.0,1435.0,12.0,38.0,22.0,9.0,15.0,0.0,0.0,85.44,58.93,20.0,34.62,34.29,46.0,32.0,50.0,2.790173635075756,1.513233703279531,16.0,38.0,0.8922021099999997,11.0,74.0,53.0,2.3402193999999987,355.0,17.247386759581882,0.1881533101045296,28.22299651567944,2.0696864111498257,45.2822299651568,0.5017421602787456,0.0627177700348432,1.1916376306620209,2.1951219512195124,1.0034843205574913,1.1916376306620209,0.7526132404181185,1.6306620209059233,1.7560975609756098,4.327526132404181,1.1916376306620209,0.313588850174216,1.505226480836237,0.7526132404181185,2.3832752613240418,1.3797909407665503,0.5644599303135889,0.940766550522648,0.0,0.0,85.44,58.93,20.0,34.62,34.29,46.0,32.0,50.0,0.1749934684019638,0.0949066434112597,1.0034843205574913,2.3832752613240418,0.0559569267595818,0.6898954703832753,4.641114982578397,3.3240418118466897,0.1467733421602786,22.264808362369337,DM/CM,93,67,100,79,97,57,72,100,100,97,97,97,95,93,86,67,100,93,100,97,97,86,78,48,48,52,79,50,36,83,21,45,26,100,93,100,100,100,83,93,69,97,93,41,62,72,55,59,34,55,90,97,86,97,93,86,86,52,14,97,69,93,86,76,66,31,48,48,52,79,50,36,83,21,45,26,93,86,97,86,93,52,69,45,79,69,Eliteserien
Vålerenga,8q6cv8g4bd3xdl7m88kll16na,2d9k8p22131is7op7vcn0arbp,V. Hedenstad,Vegar Hedenstad,35.0,Defender,Norway,Defender,50.0,1.0,75.0,6.0,124.0,0.0,0.0,1.0,0.0,0.0,0.0,0.0,2.0,2.0,9.0,5.0,0.0,1.0,185.0,0.0,3.0,3.0,1.0,3.0,0.0,0.0,91.85,85.71,7.14,50.0,0.0,56.25,0.0,60.0,0.0,0.0598380268504647,0.0,3.0,0.05682558,2.0,9.0,10.0,0.3315028199999998,65.0,24.324324324324326,0.4864864864864865,36.48648648648649,2.91891891891892,60.32432432432433,0.0,0.0,0.4864864864864865,0.0,0.0,0.0,0.0,0.972972972972973,0.972972972972973,4.378378378378379,2.4324324324324325,0.0,0.4864864864864865,0.0,1.4594594594594597,1.4594594594594597,0.4864864864864865,1.4594594594594597,0.0,0.0,91.85,85.71,7.14,50.0,0.0,56.25,0.0,60.0,0.0,0.0291103914407666,0.0,1.4594594594594597,0.0276448767567567,0.972972972972973,4.378378378378379,4.864864864864865,0.161271642162162,31.621621621621625,RB/RCB,12,12,17,19,17,4,27,6,4,4,6,8,10,8,4,8,29,4,12,4,15,17,8,38,52,100,100,12,67,12,75,4,15,4,4,10,4,4,10,12,12,4,12,88,42,96,75,92,4,27,17,4,4,6,8,62,54,46,25,29,17,12,38,75,62,42,38,52,100,100,12,67,12,75,4,15,4,8,10,29,21,58,67,62,54,96,Eliteserien
Vålerenga,8q6cv8g4bd3xdl7m88kll16na,2rny9fva4m8awyltbc4ipftw4,B. Ambina,Brice Ambina,24.0,Midfielder,Cameroon,Midfielder,76.0,4.0,196.0,16.0,268.0,12.0,1.0,10.0,12.0,1.0,11.0,2.0,9.0,9.0,56.0,20.0,0.0,13.0,592.0,0.0,8.0,14.0,5.0,16.0,0.0,0.0,82.72,66.67,23.53,55.56,0.0,52.34,60.0,64.0,0.7583152553389443,0.9352071530281844,7.0,16.0,0.3628363899999999,6.0,48.0,48.0,1.4761447300000006,171.0,11.554054054054054,0.6081081081081081,29.7972972972973,2.4324324324324325,40.74324324324324,1.8243243243243243,0.152027027027027,1.5202702702702704,1.8243243243243243,0.152027027027027,1.6722972972972974,0.304054054054054,1.3682432432432432,1.3682432432432432,8.513513513513514,3.040540540540541,0.0,1.9763513513513515,0.0,1.2162162162162162,2.1283783783783785,0.7601351351351352,2.4324324324324325,0.0,0.0,82.72,66.67,23.53,55.56,0.0,52.34,60.0,64.0,0.1152844138184205,0.1421767631292848,1.0641891891891893,2.4324324324324325,0.0551609376689189,0.9121621621621622,7.297297297297297,7.297297297297297,0.2244138947635136,25.99662162162162,CM/AM,51,56,68,78,63,81,50,44,48,9,89,29,36,35,72,86,23,86,11,18,77,39,75,49,49,56,81,49,70,11,74,92,46,39,46,82,60,44,46,86,81,68,77,67,65,89,95,86,88,65,61,60,7,98,28,40,40,100,100,23,96,11,16,84,53,95,49,49,56,81,49,70,11,74,92,46,33,61,96,70,58,53,100,98,93,96,Eliteserien
Vålerenga,8q6cv8g4bd3xdl7m88kll16na,2sgey1g99rmupumezjo9rkxcl,K. Finnsson,Kolbeinn Finnsson,27.0,Defender,Iceland,Defender,248.0,31.0,359.0,24.0,576.0,22.0,4.0,33.0,15.0,7.0,8.0,6.0,15.0,15.0,82.0,53.0,0.0,14.0,1440.0,4.0,30.0,4.0,7.0,33.0,0.0,0.0,82.05,31.17,28.7,46.67,26.67,55.03,47.83,67.35,1.0077327260105835,3.384307364158848,5.0,44.0,1.1368202799999998,20.0,41.0,60.0,2.94272509,271.0,15.5,1.9375,22.4375,1.5,36.0,1.375,0.25,2.0625,0.9375,0.4375,0.5,0.375,0.9375,0.9375,5.125,3.3125,0.0,0.875,0.25,1.875,0.25,0.4375,2.0625,0.0,0.0,82.05,31.17,28.7,46.67,26.67,55.03,47.83,67.35,0.0629832953756614,0.211519210259928,0.3125,2.75,0.0710512674999999,1.25,2.5625,3.75,0.183920318125,16.9375,LB/LCB,74,100,83,76,74,87,100,96,83,65,87,87,61,61,100,83,30,76,80,70,24,59,100,41,50,61,30,74,48,57,74,43,74,61,96,78,78,74,74,61,65,87,78,39,87,48,35,39,74,96,83,57,61,70,70,48,48,74,70,30,48,65,48,9,48,91,41,50,61,30,74,48,57,74,43,74,57,83,65,57,57,48,30,43,61,43,Eliteserien
Vålerenga,8q6cv8g4bd3xdl7m88kll16na,3bvc29bootgmo9tsapvygvnu2,M. Westergaard,Magnus Westergaard,28.0,Midfielder,Denmark,Midfielder,125.0,0.0,194.0,9.0,319.0,17.0,1.0,7.0,16.0,11.0,5.0,3.0,21.0,21.0,67.0,24.0,1.0,19.0,1016.0,5.0,30.0,9.0,8.0,23.0,0.0,0.0,77.43,40.91,0.0,38.1,31.25,51.94,60.71,69.7,1.6603198447511676,0.7596304508128022,5.0,11.0,0.2116301399999999,5.0,32.0,28.0,0.6502211200000003,162.0,11.07283464566929,0.0,17.18503937007874,0.7972440944881889,28.25787401574803,1.5059055118110236,0.0885826771653543,0.6200787401574803,1.4173228346456692,0.9744094488188976,0.4429133858267716,0.2657480314960629,1.8602362204724407,1.8602362204724407,5.93503937007874,2.125984251968504,0.0885826771653543,1.6830708661417322,0.4429133858267716,2.6574803149606296,0.7972440944881889,0.7086614173228346,2.037401574803149,0.0,0.0,77.43,40.91,0.0,38.1,31.25,51.94,60.71,69.7,0.1470755767988238,0.067290098989323,0.4429133858267716,0.9744094488188976,0.0187467643700787,0.4429133858267716,2.8346456692913384,2.4803149606299213,0.0575983275590551,14.3503937007874,DM/CM,45,19,55,38,48,93,72,64,83,93,62,52,86,86,81,76,74,84,86,88,59,79,97,48,48,7,21,19,41,67,45,90,76,90,66,76,31,31,45,50,45,34,48,7,19,28,7,10,72,72,52,79,83,45,45,90,90,72,62,79,76,86,90,24,79,86,48,48,7,21,19,41,67,45,90,76,86,66,66,17,14,31,28,14,17,21,Eliteserien
Vålerenga,8q6cv8g4bd3xdl7m88kll16na,3ga4zm8ifo0ohz7xe03jxswkp,S. Jarl,Sebastian Jarl,26.0,Defender,Norway,Defender,103.0,3.0,132.0,6.0,232.0,6.0,0.0,5.0,5.0,4.0,1.0,1.0,0.0,1.0,21.0,25.0,0.0,11.0,480.0,2.0,7.0,4.0,0.0,7.0,1.0,0.0,84.36,22.22,50.0,0.0,40.0,58.33,46.15,63.64,0.4583578170156049,0.4836367230357291,1.0,4.0,0.08445208,3.0,34.0,26.0,0.7329153799999997,154.0,19.3125,0.5625,24.75,1.125,43.5,1.125,0.0,0.9375,0.9375,0.75,0.1875,0.1875,0.0,0.1875,3.9375,4.6875,0.0,2.0625,0.375,1.3125,0.75,0.0,1.3125,0.1875,0.0,84.36,22.22,50.0,0.0,40.0,58.33,46.15,63.64,0.0859420906904259,0.0906818855691992,0.1875,0.75,0.015834765,0.5625,6.375,4.875,0.1374216337499999,28.875,RB/RCB,33,31,33,19,33,31,27,31,35,48,23,21,4,4,12,42,29,58,60,27,21,6,21,83,52,75,17,96,6,79,83,52,38,33,33,31,10,8,25,56,42,29,46,67,46,79,21,71,58,27,54,67,79,29,42,4,4,25,88,29,100,71,29,29,6,33,92,52,75,17,96,6,79,83,52,38,62,54,38,8,4,17,96,67,29,88,Eliteserien
Vålerenga,8q6cv8g4bd3xdl7m88kll16na,5o5f3xj6e86sw0pupxxx2nomi,O. Sæter,Ole Sæter,30.0,Attacker,Norway,Striker,11.0,1.0,19.0,0.0,29.0,6.0,1.0,5.0,3.0,2.0,1.0,0.0,4.0,4.0,10.0,5.0,0.0,0.0,131.0,1.0,10.0,1.0,2.0,0.0,0.0,0.0,72.5,0.0,50.0,50.0,33.33,37.04,40.0,0.0,0.3534453549654998,0.3888931037608579,1.0,2.0,0.05446458,0.0,2.0,3.0,0.12140202,12.0,7.557251908396947,0.6870229007633588,13.053435114503817,0.0,19.923664122137406,4.122137404580153,0.6870229007633588,3.435114503816794,2.0610687022900764,1.3740458015267176,0.6870229007633588,0.0,2.748091603053436,2.748091603053436,6.870229007633588,3.435114503816794,0.0,0.0,0.6870229007633588,6.870229007633588,0.6870229007633588,1.3740458015267176,0.0,0.0,0.0,72.5,0.0,50.0,50.0,33.33,37.04,40.0,0.0,0.2428250530297326,0.2671784682326504,0.6870229007633588,1.3740458015267176,0.037418413740458,0.0,1.3740458015267176,2.0610687022900764,0.0834059679389313,8.244274809160306,ST,10,55,10,10,10,35,61,36,2,2,17,5,8,7,10,46,11,15,8,2,6,24,7,50,50,50,10,86,79,38,29,51,7,5,38,17,12,7,8,18,18,10,13,81,86,69,10,74,90,98,98,31,19,79,5,81,79,88,100,11,15,33,88,19,90,7,50,50,50,10,86,79,38,29,51,7,43,98,64,62,45,8,74,76,71,74,Eliteserien
Vålerenga,8q6cv8g4bd3xdl7m88kll16na,5s6gqsxhvveb5h5rbql3mpgbt,L. Haren,Lucas Haren,28.0,Midfielder,Denmark,Midfielder,48.0,26.0,166.0,10.0,188.0,14.0,1.0,23.0,24.0,21.0,3.0,6.0,29.0,34.0,45.0,12.0,7.0,2.0,994.0,12.0,55.0,5.0,10.0,13.0,0.0,0.0,66.67,37.04,35.14,34.48,50.0,45.0,53.85,76.47,2.2622846183673047,2.3279440313263544,5.0,13.0,0.4038154799999999,6.0,22.0,17.0,1.01627534,75.0,4.346076458752515,2.3541247484909458,15.030181086519114,0.9054325955734408,17.022132796780685,1.267605633802817,0.090543259557344,2.0824949698189137,2.1730382293762576,1.9014084507042253,0.2716297786720322,0.5432595573440644,2.625754527162978,3.078470824949698,4.074446680080483,1.0865191146881288,0.6338028169014085,0.1810865191146881,1.0865191146881288,4.979879275653923,0.4527162977867203,0.9054325955734408,1.1770623742454729,0.0,0.0,66.67,37.04,35.14,34.48,50.0,45.0,53.85,76.47,0.2048346233934179,0.210779640663352,0.4527162977867203,1.1770623742454729,0.0365627698189134,0.5432595573440644,1.9919517102615687,1.539235412474849,0.092016881891348,6.790744466800805,CM/AM,33,99,54,61,47,88,50,89,82,94,50,77,88,90,50,60,97,25,92,84,27,79,68,49,49,9,26,75,23,87,46,82,89,77,88,68,48,51,46,57,44,47,39,11,100,33,47,12,74,44,89,77,84,37,60,81,86,30,40,100,18,93,82,12,65,56,49,49,9,26,75,23,87,46,82,89,70,84,61,25,26,23,42,14,35,12,Eliteserien
Vålerenga,8q6cv8g4bd3xdl7m88kll16na,5tkzdksbog7jnzscgr1cj771m,O. Holm,Odin Holm,23.0,Midfielder,Norway,Midfielder,34.0,0.0,59.0,7.0,93.0,3.0,0.0,0.0,3.0,2.0,1.0,1.0,2.0,2.0,10.0,4.0,0.0,2.0,128.0,2.0,4.0,2.0,0.0,3.0,0.0,0.0,87.74,70.0,0.0,0.0,66.67,66.67,0.0,60.0,0.2769019201760033,0.0,1.0,2.0,0.0440930999999999,1.0,11.0,11.0,0.18895196,50.0,23.90625,0.0,41.484375,4.921875,65.390625,2.109375,0.0,0.0,2.109375,1.40625,0.703125,0.703125,1.40625,1.40625,7.03125,2.8125,0.0,1.40625,1.40625,2.8125,1.40625,0.0,2.109375,0.0,0.0,87.74,70.0,0.0,0.0,66.67,66.67,0.0,60.0,0.1946966626237523,0.0,0.703125,1.40625,0.0310029609374999,0.703125,7.734375,7.734375,0.132856846875,35.15625,DM/CM,10,19,14,26,14,28,28,12,22,45,17,26,14,14,10,10,29,12,50,28,9,9,12,48,48,76,97,19,9,98,97,12,52,24,12,24,16,17,21,17,17,17,17,72,19,100,100,97,86,28,12,93,100,76,90,66,66,83,83,29,62,100,97,79,9,90,48,48,76,97,19,9,98,97,12,52,97,12,86,31,38,55,97,93,62,97,Eliteserien
Vålerenga,8q6cv8g4bd3xdl7m88kll16na,9qskwuil30g48xr3ax5p9j6j9,I. Näsberg,Ivan Näsberg,30.0,Defender,Norway,Defender,350.0,1.0,240.0,32.0,589.0,28.0,0.0,8.0,9.0,8.0,1.0,2.0,3.0,3.0,53.0,85.0,1.0,16.0,1222.0,2.0,18.0,11.0,1.0,10.0,0.0,0.0,89.24,45.71,20.0,33.33,22.22,54.64,50.0,76.92,1.0226227799550631,0.3620697210512932,1.0,4.0,0.09223071,7.0,56.0,65.0,1.3737358200000007,328.0,25.777414075286416,0.0736497545008183,17.6759410801964,2.3567921440261865,43.379705400982,2.062193126022913,0.0,0.5891980360065466,0.662847790507365,0.5891980360065466,0.0736497545008183,0.1472995090016366,0.220949263502455,0.220949263502455,3.903436988543372,6.260229132569558,0.0736497545008183,1.1783960720130933,0.1472995090016366,1.32569558101473,0.8101472995090017,0.0736497545008183,0.7364975450081833,0.0,0.0,89.24,45.71,20.0,33.33,22.22,54.64,50.0,76.92,0.0753159166906347,0.0266663460676075,0.0736497545008183,0.2945990180032733,0.0067927691489361,0.5155482815057283,4.124386252045826,4.787234042553192,0.1011753058919804,24.157119476268413,CB,71,78,67,70,67,75,42,95,88,88,63,81,58,57,78,87,87,88,75,84,84,44,70,40,51,81,54,77,40,57,37,23,75,86,75,69,27,29,76,75,77,70,68,33,79,35,46,33,44,42,83,62,67,56,65,44,43,37,68,83,70,60,60,63,41,38,40,51,81,54,77,40,57,37,23,75,65,60,62,19,21,62,54,63,56,32,Eliteserien
Vålerenga,8q6cv8g4bd3xdl7m88kll16na,bnkqjsq2fa5fszk43m345a2y2,M. Grundetjern,Mathias Grundetjern,26.0,Midfielder,Norway,Midfielder,63.0,4.0,123.0,6.0,182.0,44.0,4.0,20.0,33.0,30.0,3.0,4.0,10.0,10.0,78.0,22.0,4.0,3.0,1239.0,15.0,87.0,13.0,6.0,10.0,0.0,0.0,63.64,46.15,28.57,60.0,45.45,47.56,48.35,58.82,4.10527313542452,1.8793456722717847,8.0,13.0,0.7117927599999998,6.0,11.0,14.0,0.72260474,58.0,4.576271186440677,0.2905569007263922,8.934624697336561,0.4358353510895884,13.220338983050846,3.1961259079903144,0.2905569007263922,1.452784503631961,2.397094430992736,2.179176755447941,0.2179176755447942,0.2905569007263922,0.7263922518159805,0.7263922518159805,5.6658595641646485,1.5980629539951572,0.2905569007263922,0.2179176755447942,1.0895883777239708,6.319612590799031,0.9443099273607748,0.4358353510895884,0.7263922518159805,0.0,0.0,63.64,46.15,28.57,60.0,45.45,47.56,48.35,58.82,0.2982038597160668,0.1365142134822119,0.5811138014527845,0.9443099273607748,0.0517040745762711,0.4358353510895884,0.7990314769975786,1.0169491525423728,0.0524894484261501,4.213075060532687,CM/AM,46,56,42,40,44,98,92,80,92,98,50,59,41,39,89,90,83,32,96,98,71,49,55,49,49,7,54,61,75,79,51,63,34,98,79,87,48,77,46,31,36,40,37,12,49,7,16,5,98,84,53,84,91,30,25,18,18,68,74,72,19,95,91,35,26,25,49,49,7,54,61,75,79,51,63,34,93,58,74,16,49,9,7,5,5,5,Eliteserien
Vålerenga,8q6cv8g4bd3xdl7m88kll16na,bxafjt88zqj5wgvx5r71c6cid,H. Bjørdal,Henrik Bjørdal,29.0,Midfielder,Norway,Midfielder,105.0,5.0,318.0,21.0,418.0,27.0,6.0,29.0,31.0,21.0,10.0,10.0,26.0,26.0,85.0,11.0,1.0,11.0,1212.0,11.0,67.0,24.0,9.0,16.0,0.0,0.0,78.28,60.0,15.62,34.62,35.48,48.85,48.21,64.0,2.958209466104744,2.28398052713627,11.0,23.0,0.63968472,10.0,63.0,84.0,2.22182437,203.0,7.797029702970297,0.3712871287128713,23.613861386138613,1.5594059405940597,31.03960396039604,2.004950495049505,0.4455445544554455,2.1534653465346536,2.301980198019802,1.5594059405940597,0.7425742574257426,0.7425742574257426,1.9306930693069304,1.9306930693069304,6.311881188118812,0.8168316831683168,0.0742574257425742,0.8168316831683168,0.8168316831683168,4.975247524752475,1.7821782178217822,0.6683168316831684,1.188118811881188,0.0,0.0,78.28,60.0,15.62,34.62,35.48,48.85,48.21,64.0,0.2196690197602532,0.1696025143913071,0.8168316831683168,1.707920792079208,0.0475013405940594,0.7425742574257426,4.678217821782178,6.237623762376238,0.1649869581683168,15.074257425742577,RM/RCM,75,58,92,92,83,100,100,75,92,92,83,100,83,83,100,75,38,100,83,83,92,71,88,50,54,67,67,33,17,33,58,75,42,100,67,92,58,58,58,100,100,83,100,75,50,83,92,83,100,75,75,75,83,58,92,58,50,75,50,25,67,58,75,58,33,50,50,54,67,67,33,17,33,58,75,42,67,58,58,33,33,33,100,100,50,100,Eliteserien
Vålerenga,8q6cv8g4bd3xdl7m88kll16na,bzk5asrkwi0pvl6npmxb7jhzp,P. Strand,Petter Strand,32.0,Midfielder,Norway,Midfielder,82.0,9.0,168.0,6.0,241.0,9.0,1.0,13.0,13.0,10.0,3.0,3.0,14.0,17.0,50.0,11.0,1.0,6.0,599.0,4.0,26.0,8.0,7.0,19.0,0.0,0.0,83.1,37.5,34.62,50.0,30.77,47.62,47.37,73.08,1.3357671282463626,1.5734578224059148,3.0,19.0,0.65013746,11.0,15.0,30.0,1.4918461699999996,99.0,12.320534223706176,1.352253756260434,25.242070116861434,0.9015025041736228,36.21035058430718,1.352253756260434,0.1502504173622704,1.953255425709516,1.953255425709516,1.5025041736227045,0.4507512520868113,0.4507512520868113,2.1035058430717863,2.5542570951585977,7.512520868113522,1.6527545909849748,0.1502504173622704,0.9015025041736228,0.6010016694490817,3.906510851419032,1.2020033388981637,1.0517529215358932,2.8547579298831383,0.0,0.0,83.1,37.5,34.62,50.0,30.77,47.62,47.37,73.08,0.2006995685178174,0.2364126945184179,0.4507512520868113,2.8547579298831383,0.0976834247078464,1.6527545909849748,2.2537562604340566,4.507512520868113,0.2241505096828046,14.874791318864776,CM/AM,56,75,56,40,56,65,50,54,52,57,50,46,57,61,63,54,54,58,50,54,41,61,86,49,49,60,28,74,55,54,53,60,81,54,68,57,64,72,73,42,59,70,54,74,81,77,46,79,77,63,84,67,68,58,53,65,74,93,75,60,67,58,65,53,70,100,49,49,60,28,74,55,54,53,60,81,67,93,60,84,84,91,47,77,91,67,Eliteserien
Vålerenga,8q6cv8g4bd3xdl7m88kll16na,c3gcvutbitqcvurd9c5h7v504,P. Meliga,Promise Meliga,19.0,Attacker,Nigeria,Striker,10.0,3.0,23.0,1.0,30.0,1.0,0.0,5.0,11.0,4.0,7.0,3.0,12.0,12.0,20.0,3.0,3.0,3.0,231.0,4.0,9.0,6.0,7.0,5.0,0.0,0.0,75.0,50.0,50.0,58.33,36.36,40.82,20.0,83.33,1.6553259936023483,0.5469192491786385,6.0,9.0,0.2543851,2.0,1.0,4.0,0.66227998,12.0,3.896103896103896,1.1688311688311688,8.96103896103896,0.3896103896103896,11.688311688311687,0.3896103896103896,0.0,1.948051948051948,4.285714285714286,1.5584415584415583,2.727272727272727,1.1688311688311688,4.675324675324675,4.675324675324675,7.792207792207791,1.1688311688311688,1.1688311688311688,1.1688311688311688,1.5584415584415583,3.506493506493506,2.3376623376623376,2.727272727272727,1.948051948051948,0.0,0.0,75.0,50.0,50.0,58.33,36.36,40.82,20.0,83.33,0.6449322052996161,0.2130854217579111,2.3376623376623376,3.506493506493506,0.0991110779220779,0.7792207792207791,0.3896103896103896,1.5584415584415583,0.258031161038961,4.675324675324675,RW,64,57,29,64,43,43,43,64,71,43,100,71,71,71,71,71,100,71,86,36,71,71,100,57,57,43,100,86,86,71,57,43,86,86,71,86,71,57,57,36,43,57,43,43,71,29,71,29,43,43,86,86,29,100,71,57,57,86,86,100,86,86,14,71,71,100,57,57,43,100,86,86,71,57,43,86,100,86,100,86,86,57,14,71,86,43,Eliteserien
Vålerenga,8q6cv8g4bd3xdl7m88kll16na,cft1n7qn5juaedelpvqwo2f3d,K. Tshiembe,Kevin Tshiembe,29.0,Defender,Denmark,Defender,83.0,0.0,97.0,10.0,180.0,15.0,0.0,1.0,4.0,4.0,0.0,1.0,0.0,1.0,19.0,22.0,0.0,7.0,309.0,0.0,11.0,2.0,0.0,1.0,1.0,0.0,90.45,58.82,0.0,0.0,0.0,59.38,68.18,50.0,0.3807648966533311,0.1331010118770481,0.0,1.0,0.01935132,0.0,14.0,14.0,0.3994732199999999,132.0,24.1747572815534,0.0,28.252427184466026,2.912621359223301,52.42718446601942,4.368932038834951,0.0,0.2912621359223301,1.1650485436893203,1.1650485436893203,0.0,0.2912621359223301,0.0,0.2912621359223301,5.533980582524272,6.407766990291263,0.0,2.0388349514563107,0.0,3.2038834951456314,0.5825242718446603,0.0,0.2912621359223301,0.2912621359223301,0.0,90.45,58.82,0.0,0.0,0.0,59.38,68.18,50.0,0.1109023970834944,0.0387672850127324,0.0,0.2912621359223301,0.0056363067961165,0.0,4.077669902912621,4.077669902912621,0.1163514233009708,38.44660194174757,CB,14,37,35,33,21,50,42,30,49,61,26,56,11,27,21,36,40,40,21,62,16,17,10,87,51,88,94,37,17,21,68,84,20,43,46,29,13,12,10,25,22,27,35,30,37,81,62,59,95,42,56,90,97,26,87,11,51,76,76,40,90,21,97,46,17,8,100,51,88,94,37,17,21,68,84,20,84,70,29,17,16,10,52,46,68,79,Eliteserien
Vålerenga,8q6cv8g4bd3xdl7m88kll16na,d11kfigxyuf6beacw9fgsos89,M. Ofkir,Mohamed Ofkir,30.0,Midfielder,Norway,Midfielder,13.0,1.0,60.0,0.0,72.0,5.0,2.0,6.0,9.0,4.0,5.0,2.0,12.0,13.0,18.0,4.0,2.0,1.0,270.0,4.0,12.0,3.0,5.0,5.0,0.0,0.0,76.6,0.0,9.09,41.67,44.44,40.91,50.0,100.0,1.0972600258454377,0.5832103117279022,5.0,3.0,0.06344442,3.0,6.0,9.0,0.59867831,38.0,4.333333333333333,0.3333333333333333,20.0,0.0,24.0,1.6666666666666667,0.6666666666666666,2.0,3.0,1.3333333333333333,1.6666666666666667,0.6666666666666666,4.0,4.333333333333333,6.0,1.3333333333333333,0.6666666666666666,0.3333333333333333,1.3333333333333333,4.0,1.0,1.6666666666666667,1.6666666666666667,0.0,0.0,76.6,0.0,9.09,41.67,44.44,40.91,50.0,100.0,0.3657533419484792,0.194403437242634,1.6666666666666667,1.0,0.02114814,1.0,2.0,3.0,0.1995594366666666,12.666666666666666,RM/RCM,21,29,25,8,25,54,50,33,42,29,67,42,42,42,21,38,58,12,46,25,17,25,42,50,54,50,8,25,46,75,25,88,100,42,33,58,17,17,21,29,38,25,33,42,42,75,8,42,92,100,67,100,75,92,75,92,92,67,75,100,17,92,58,33,92,92,50,54,50,8,25,46,75,25,88,100,100,75,100,17,17,42,58,58,75,92,Eliteserien
Vålerenga,8q6cv8g4bd3xdl7m88kll16na,fbd96sw3egypi2key2hxbnu2,A. Kiil Olsen,Aaron Kiil Olsen,25.0,Defender,Norway,Defender,517.0,1.0,302.0,47.0,818.0,25.0,0.0,2.0,6.0,6.0,0.0,1.0,3.0,3.0,52.0,102.0,0.0,14.0,1418.0,4.0,12.0,8.0,0.0,11.0,0.0,0.0,85.48,41.96,50.0,0.0,66.67,59.09,59.52,57.89,0.7385894410512679,0.2060004181754561,0.0,4.0,0.06746316,1.0,44.0,43.0,1.3976676000000008,523.0,32.81382228490832,0.0634696755994358,19.16784203102962,2.983074753173484,51.918194640338506,1.5867418899858956,0.0,0.1269393511988716,0.3808180535966149,0.3808180535966149,0.0,0.0634696755994358,0.1904090267983074,0.1904090267983074,3.3004231311706627,6.473906911142453,0.0,0.8885754583921015,0.2538787023977433,0.7616361071932298,0.5077574047954866,0.0,0.698166431593794,0.0,0.0,85.48,41.96,50.0,0.0,66.67,59.09,59.52,57.89,0.0468780322246926,0.0130747797149443,0.0,0.2538787023977433,0.0042818648801128,0.0634696755994358,2.792665726375176,2.7291960507757405,0.088709509167842,33.19464033850493,CB,89,78,78,86,89,70,42,47,69,79,26,56,58,57,75,97,40,79,91,64,67,17,78,40,51,40,35,98,17,98,60,65,37,71,60,29,27,22,24,63,62,75,87,70,76,51,63,56,33,42,29,41,51,26,46,43,41,17,78,40,27,81,38,37,17,37,40,51,40,35,98,17,98,60,65,37,43,37,29,16,13,21,32,25,48,68,Eliteserien
Vålerenga,8q6cv8g4bd3xdl7m88kll16na,rzfthr8qys67ormz869jrndg,H. Sjåtil,Håkon Sjåtil,23.0,Defender,Norway,Defender,161.0,8.0,223.0,16.0,376.0,2.0,0.0,4.0,4.0,2.0,2.0,2.0,8.0,13.0,43.0,26.0,0.0,4.0,923.0,0.0,4.0,2.0,5.0,26.0,0.0,0.0,85.84,30.77,40.0,62.5,0.0,55.84,25.0,76.47,0.2230573798433186,0.4829206339211165,2.0,14.0,0.29965091,10.0,46.0,55.0,1.5990048600000006,209.0,15.6988082340195,0.780065005417118,21.744312026002167,1.560130010834236,36.66305525460455,0.1950162513542795,0.0,0.390032502708559,0.390032502708559,0.1950162513542795,0.1950162513542795,0.1950162513542795,0.780065005417118,1.2676056338028168,4.192849404117009,2.535211267605633,0.0,0.390032502708559,0.0,0.390032502708559,0.1950162513542795,0.4875406283856988,2.535211267605633,0.0,0.0,85.84,30.77,40.0,62.5,0.0,55.84,25.0,76.47,0.0217499070269758,0.0470886858644642,0.1950162513542795,1.3651137594799565,0.0292183985915492,0.9750812567713976,4.485373781148429,5.362946912242687,0.1559159668472373,20.37919826652221,RB/RCB,46,75,58,48,58,12,27,25,23,23,44,42,50,73,38,50,29,25,12,10,6,71,88,38,52,88,29,81,88,12,62,12,79,17,29,50,54,38,58,75,73,54,67,46,67,58,42,54,8,27,8,17,17,42,46,50,75,38,42,29,12,12,4,4,67,83,38,52,88,29,81,88,12,62,12,79,8,17,42,25,25,62,75,83,50,67,Eliteserien
