Team,contestantId,playerId,Short Name,Player Name,Age,Position_x,Nationality,Position_y,total accurate back zone pass_Total,total accurate fwd zone pass_Total,total accurate long balls_Total,total accurate pass_Total,total aerial won_Total,total big chances saved_Total,total duels won_Total,total effective clearance_Total,total mins played,total accurate cross_Total,total assists_Total,total att assist_Total,total attempt_Total,total attempts ibox_Total,total attempts obox_Total,total blocked scoring att_Total,total contest_Total,total dribbles attempted_Total,total interception_Total,total ontarget attempt_Total,total touches in opposition box_Total,total was fouled_Total,total won contest_Total,total won tackle_Total,total goals_Total,total direct setpiece goals_Total,pass_success_pct_Total,long_balls_success_pct_Total,cross_success_pct_Total,dribble_success_pct_Total,attempt_success_pct_Total,duel_success_pct_Total,aerial_success_pct_Total,tackle_success_pct_Total,xG_Total,xA_Total,CreatedOwnShot_Total,Total Carries_Total,Total Carry xT_Total,Total Final Third Carries_Total,passes_into_final_third_Total,progressive_passes_Total,xT_pass_Total,forward_passes_Total,total accurate back zone pass_p90,total accurate fwd zone pass_p90,total accurate long balls_p90,total accurate pass_p90,total aerial won_p90,total big chances saved_p90,total duels won_p90,total effective clearance_p90,total accurate cross_p90,total assists_p90,total att assist_p90,total attempt_p90,total attempts ibox_p90,total attempts obox_p90,total blocked scoring att_p90,total contest_p90,total dribbles attempted_p90,total interception_p90,total ontarget attempt_p90,total touches in opposition box_p90,total was fouled_p90,total won contest_p90,total won tackle_p90,total goals_p90,total direct setpiece goals_p90,pass_success_pct_p90,long_balls_success_pct_p90,cross_success_pct_p90,dribble_success_pct_p90,attempt_success_pct_p90,duel_success_pct_p90,aerial_success_pct_p90,tackle_success_pct_p90,xG_p90,xA_p90,CreatedOwnShot_p90,Total Carries_p90,Total Carry xT_p90,Total Final Third Carries_p90,passes_into_final_third_p90,progressive_passes_p90,xT_pass_p90,forward_passes_p90,Pos.,total accurate back zone pass_TotalPR,total accurate fwd zone pass_TotalPR,total accurate long balls_TotalPR,total accurate pass_TotalPR,total aerial won_TotalPR,total big chances saved_TotalPR,total duels won_TotalPR,total effective clearance_TotalPR,total accurate cross_TotalPR,total assists_TotalPR,total att assist_TotalPR,total attempt_TotalPR,total attempts ibox_TotalPR,total attempts obox_TotalPR,total blocked scoring att_TotalPR,total contest_TotalPR,total dribbles attempted_TotalPR,total interception_TotalPR,total ontarget attempt_TotalPR,total touches in opposition box_TotalPR,total was fouled_TotalPR,total won contest_TotalPR,total won tackle_TotalPR,total goals_TotalPR,total direct setpiece goals_TotalPR,pass_success_pct_TotalPR,long_balls_success_pct_TotalPR,cross_success_pct_TotalPR,dribble_success_pct_TotalPR,attempt_success_pct_TotalPR,duel_success_pct_TotalPR,aerial_success_pct_TotalPR,tackle_success_pct_TotalPR,xG_TotalPR,xA_TotalPR,CreatedOwnShot_TotalPR,Total Carries_TotalPR,Total Carry xT_TotalPR,Total Final Third Carries_TotalPR,passes_into_final_third_TotalPR,progressive_passes_TotalPR,xT_pass_TotalPR,forward_passes_TotalPR,total accurate back zone pass_p90PR,total accurate fwd zone pass_p90PR,total accurate long balls_p90PR,total accurate pass_p90PR,total aerial won_p90PR,total big chances saved_p90PR,total duels won_p90PR,total effective clearance_p90PR,total accurate cross_p90PR,total assists_p90PR,total att assist_p90PR,total attempt_p90PR,total attempts ibox_p90PR,total attempts obox_p90PR,total blocked scoring att_p90PR,total contest_p90PR,total dribbles attempted_p90PR,total interception_p90PR,total ontarget attempt_p90PR,total touches in opposition box_p90PR,total was fouled_p90PR,total won contest_p90PR,total won tackle_p90PR,total goals_p90PR,total direct setpiece goals_p90PR,pass_success_pct_p90PR,long_balls_success_pct_p90PR,cross_success_pct_p90PR,dribble_success_pct_p90PR,attempt_success_pct_p90PR,duel_success_pct_p90PR,aerial_success_pct_p90PR,tackle_success_pct_p90PR,xG_p90PR,xA_p90PR,CreatedOwnShot_p90PR,Total Carries_p90PR,Total Carry xT_p90PR,Total Final Third Carries_p90PR,passes_into_final_third_p90PR,progressive_passes_p90PR,xT_pass_p90PR,forward_passes_p90PR,League
GKS Katowice,e4282tj4jnq8h2to6sjr08jl,2dy1hq4zjtp1tmx54th5de5uc,S. Bartlewicz,Szymon Bartlewicz,20,Midfielder,Poland,Midfielder,5.0,16.0,1.0,20.0,1.0,0.0,2.0,0.0,107.0,1.0,0.0,0.0,2.0,2.0,0.0,1.0,1.0,1.0,1.0,1.0,4.0,1.0,0.0,0.0,1.0,0.0,60.61,100.0,25.0,0.0,50.0,25.0,0.0,0.0,0.1925138727394671,0.0,0.0,2.0,0.07020264,1.0,0.0,2.0,0.28011805,9.0,4.205607476635514,13.457943925233645,0.8411214953271028,16.822429906542055,0.8411214953271028,0.0,1.6822429906542056,0.0,0.8411214953271028,0.0,0.0,1.6822429906542056,1.6822429906542056,0.0,0.8411214953271028,0.8411214953271028,0.8411214953271028,0.8411214953271028,0.8411214953271028,3.364485981308411,0.8411214953271028,0.0,0.0,0.8411214953271028,0.0,60.61,100.0,25.0,0.0,50.0,25.0,0.0,0.0,0.1619275565098321,0.0,0.0,1.6822429906542056,0.0590489495327102,0.8411214953271028,0.0,1.6822429906542056,0.2356133130841121,7.570093457943925,RM/RCM,12,10,38,10,24,52,5,10,40,38,10,31,50,21,64,10,10,33,45,21,19,10,17,76,52,10,98,55,10,79,5,21,17,43,14,19,21,29,31,12,21,48,14,24,29,48,19,43,52,5,10,62,38,10,57,81,21,71,14,14,62,71,57,43,10,17,90,52,10,98,55,10,79,5,21,17,57,14,19,38,52,48,12,24,76,24,Ekstraklasa
GKS Katowice,e4282tj4jnq8h2to6sjr08jl,2pdy64dhznfn9tu2ahy3ef5qt,B. Nowak,Bartosz Nowak,33,Midfielder,Poland,Midfielder,19.0,70.0,3.0,80.0,2.0,0.0,11.0,3.0,359.0,9.0,4.0,13.0,8.0,5.0,3.0,4.0,7.0,8.0,3.0,2.0,20.0,2.0,4.0,2.0,1.0,0.0,72.73,50.0,32.14,57.14,25.0,47.83,50.0,66.67,0.6608983016515702,1.2437664825877837,2.0,7.0,0.17970435,1.0,8.0,13.0,0.7439883800000001,34.0,4.763231197771588,17.54874651810585,0.7520891364902507,20.055710306406684,0.5013927576601671,0.0,2.75766016713092,0.7520891364902507,2.256267409470752,1.0027855153203342,3.2590529247910864,2.0055710306406684,1.2534818941504178,0.7520891364902507,1.0027855153203342,1.7548746518105849,2.0055710306406684,0.7520891364902507,0.5013927576601671,5.013927576601671,0.5013927576601671,1.0027855153203342,0.5013927576601671,0.2506963788300835,0.0,72.73,50.0,32.14,57.14,25.0,47.83,50.0,66.67,0.1656848109990008,0.3118077532949875,0.5013927576601671,1.7548746518105849,0.0450512298050139,0.2506963788300835,2.0055710306406684,3.2590529247910864,0.1865151927576601,8.52367688022284,CM/AM,44,68,56,58,61,51,39,57,95,100,95,81,76,74,88,74,76,87,63,98,27,80,45,75,50,10,43,60,70,50,44,71,54,74,93,54,64,60,23,62,74,83,51,21,40,38,24,40,51,10,36,88,98,95,64,69,52,79,50,55,71,57,81,14,64,29,71,50,10,43,60,70,50,44,71,54,57,90,40,36,33,12,43,55,79,31,Ekstraklasa
GKS Katowice,e4282tj4jnq8h2to6sjr08jl,2vdsve6yhop4tq3hwqsv233hm,I. Shkurin,Ilya Shkurin,27,Attacker,Belarus,Striker,17.0,29.0,4.0,46.0,15.0,0.0,25.0,1.0,322.0,0.0,1.0,5.0,12.0,11.0,1.0,2.0,3.0,3.0,0.0,4.0,29.0,6.0,3.0,1.0,2.0,0.0,66.67,80.0,0.0,100.0,33.33,42.37,44.12,100.0,1.6118380611219565,0.2859361085631178,1.0,1.0,0.03511326,1.0,2.0,2.0,0.1338649299999998,12.0,4.751552795031055,8.105590062111801,1.1180124223602483,12.857142857142856,4.192546583850931,0.0,6.987577639751552,0.2795031055900621,0.0,0.2795031055900621,1.3975155279503104,3.354037267080745,3.074534161490683,0.2795031055900621,0.5590062111801242,0.8385093167701863,0.8385093167701863,0.0,1.1180124223602483,8.105590062111801,1.6770186335403725,0.8385093167701863,0.2795031055900621,0.5590062111801242,0.0,66.67,80.0,0.0,100.0,33.33,42.37,44.12,100.0,0.4505137437918511,0.0799200303437285,0.2795031055900621,0.2795031055900621,0.0098142652173913,0.2795031055900621,0.5590062111801242,0.5590062111801242,0.0374156636645962,3.354037267080745,ST,83,64,97,78,92,50,86,29,39,90,83,75,83,38,47,56,53,28,78,97,75,78,58,85,51,43,81,39,94,47,42,44,89,86,69,36,26,26,60,53,35,58,50,56,53,92,53,83,50,81,19,39,89,69,58,72,28,28,42,39,28,61,97,72,67,47,78,51,43,81,39,94,47,42,44,89,86,56,33,22,22,64,42,28,47,36,Ekstraklasa
GKS Katowice,e4282tj4jnq8h2to6sjr08jl,4k6q76mgnuplycboirg98tzh1,A. Czerwiński,Alan Czerwinski,33,Defender,Poland,Defender,41.0,37.0,3.0,77.0,3.0,0.0,7.0,7.0,145.0,1.0,0.0,1.0,1.0,0.0,1.0,1.0,0.0,0.0,1.0,0.0,0.0,0.0,0.0,4.0,0.0,0.0,85.56,37.5,25.0,0.0,0.0,50.0,60.0,100.0,0.0702686505629405,0.1311173204624295,0.0,4.0,0.08070595,3.0,10.0,7.0,0.2377575,49.0,25.448275862068964,22.96551724137931,1.862068965517241,47.79310344827586,1.862068965517241,0.0,4.344827586206897,4.344827586206897,0.6206896551724138,0.0,0.6206896551724138,0.6206896551724138,0.0,0.6206896551724138,0.6206896551724138,0.0,0.0,0.6206896551724138,0.0,0.0,0.0,0.0,2.4827586206896552,0.0,0.0,85.56,37.5,25.0,0.0,0.0,50.0,60.0,100.0,0.0436150244873423,0.0813831644249562,0.0,2.4827586206896552,0.050093348275862,1.862068965517241,6.206896551724138,4.344827586206897,0.1475736206896551,30.41379310344828,RB/RCB,38,31,37,35,62,44,27,25,46,42,23,46,25,75,83,17,17,17,35,10,8,25,63,48,52,62,37,54,25,35,50,85,100,50,35,37,62,50,88,69,46,35,60,77,77,65,88,85,44,46,65,58,42,31,58,25,85,100,17,17,27,35,10,8,25,92,48,52,62,37,54,25,35,50,85,100,58,54,37,81,81,100,96,77,69,92,Ekstraklasa
GKS Katowice,e4282tj4jnq8h2to6sjr08jl,4w0adddkbx4642lkebbcmxbzd,E. Marković,Eman Markovic,27,Midfielder,Norway,Midfielder,10.0,51.0,1.0,59.0,0.0,0.0,12.0,1.0,224.0,2.0,0.0,1.0,11.0,10.0,1.0,3.0,9.0,9.0,0.0,4.0,19.0,3.0,5.0,4.0,1.0,0.0,86.76,50.0,15.38,55.56,36.36,52.17,0.0,100.0,1.0576262448395863,0.0620166016381178,4.0,7.0,0.1964619699999999,4.0,4.0,7.0,0.28926849,34.0,4.017857142857142,20.491071428571427,0.4017857142857143,23.705357142857142,0.0,0.0,4.821428571428571,0.4017857142857143,0.8035714285714286,0.0,0.4017857142857143,4.419642857142857,4.017857142857142,0.4017857142857143,1.2053571428571428,3.616071428571429,3.616071428571429,0.0,1.6071428571428572,7.633928571428571,1.2053571428571428,2.008928571428571,1.6071428571428572,0.4017857142857143,0.0,86.76,50.0,15.38,55.56,36.36,52.17,0.0,100.0,0.4249391162301909,0.0249173845867437,1.6071428571428572,2.8125,0.0789356129464285,1.6071428571428572,1.6071428571428572,2.8125,0.116223946875,13.660714285714285,CM/AM,18,55,23,36,11,51,46,19,52,39,14,89,98,29,79,85,83,12,89,95,40,89,71,75,50,83,43,33,67,71,60,12,89,95,17,88,64,62,65,36,42,52,51,19,60,20,36,11,51,52,18,48,39,8,93,98,31,90,88,86,12,90,98,38,93,79,81,50,83,43,33,67,71,60,12,89,95,12,86,69,71,69,29,43,52,57,Ekstraklasa
GKS Katowice,e4282tj4jnq8h2to6sjr08jl,5b7b7r7i8p979803noj3wez11,B. Wolski,Bartosz Wolski,29,Midfielder,Poland,Midfielder,59.0,99.0,13.0,153.0,5.0,0.0,17.0,4.0,325.0,5.0,0.0,5.0,1.0,0.0,1.0,0.0,0.0,0.0,1.0,0.0,1.0,6.0,0.0,3.0,0.0,0.0,88.95,81.25,62.5,0.0,0.0,65.38,83.33,50.0,0.0399515143600473,0.5787677829890827,1.0,12.0,0.25498537,5.0,29.0,33.0,1.2064718400000003,103.0,16.338461538461537,27.41538461538461,3.6,42.36923076923077,1.3846153846153846,0.0,4.707692307692308,1.1076923076923078,1.3846153846153846,0.0,1.3846153846153846,0.2769230769230769,0.0,0.2769230769230769,0.0,0.0,0.0,0.2769230769230769,0.0,0.2769230769230769,1.6615384615384614,0.0,0.8307692307692307,0.0,0.0,88.95,81.25,62.5,0.0,0.0,65.38,83.33,50.0,0.0110634962843207,0.1602741552892844,0.2769230769230769,3.323076923076923,0.0706113332307692,1.3846153846153846,8.03076923076923,9.138461538461538,0.3340998941538462,28.52307692307692,CM/AM,87,86,98,86,92,51,68,71,81,39,63,11,12,29,14,4,2,44,20,8,63,13,62,32,50,95,88,98,13,20,100,99,31,5,76,27,81,81,73,99,98,98,95,88,86,95,88,86,51,48,57,76,39,49,5,12,21,14,4,2,37,20,7,45,13,48,32,50,95,88,98,13,20,100,99,31,2,57,24,76,67,57,100,100,98,100,Ekstraklasa
GKS Katowice,e4282tj4jnq8h2to6sjr08jl,6mjhepo267xtrt1bqre1dsq8l,L. Klemenz,Lukas Klemenz,30,Defender,Poland,Defender,65.0,36.0,2.0,101.0,9.0,0.0,19.0,16.0,260.0,0.0,0.0,1.0,2.0,2.0,0.0,0.0,1.0,1.0,3.0,0.0,4.0,4.0,1.0,2.0,0.0,0.0,81.45,20.0,0.0,100.0,0.0,57.58,64.29,40.0,0.2557280867663853,0.0,0.0,1.0,0.01685596,0.0,6.0,7.0,0.15251949,49.0,22.5,12.461538461538462,0.6923076923076923,34.96153846153846,3.1153846153846154,0.0,6.576923076923077,5.538461538461538,0.0,0.0,0.3461538461538461,0.6923076923076923,0.6923076923076923,0.0,0.0,0.3461538461538461,0.3461538461538461,1.0384615384615383,0.0,1.3846153846153846,1.3846153846153846,0.3461538461538461,0.6923076923076923,0.0,0.0,81.45,20.0,0.0,100.0,0.0,57.58,64.29,40.0,0.0885212608037487,0.0,0.0,0.3461538461538461,0.0058347553846153,0.0,2.076923076923077,2.423076923076923,0.052795208076923,16.961538461538463,CB,44,42,15,38,70,47,80,52,43,42,59,63,69,38,34,67,65,59,38,62,87,78,59,43,51,16,12,43,93,38,56,67,35,65,26,36,51,43,34,43,51,44,37,37,40,14,23,77,47,93,51,43,42,65,65,74,38,34,65,63,70,38,63,86,77,56,43,51,16,12,43,93,38,56,67,35,72,26,36,56,47,34,47,56,44,37,Ekstraklasa
GKS Katowice,e4282tj4jnq8h2to6sjr08jl,8fgscsdgytvhw5y6mlthxtrdh,E. Jirka,Erik Jirka,28,Midfielder,Slovakia,Midfielder,22.0,56.0,4.0,74.0,2.0,0.0,12.0,3.0,216.0,4.0,0.0,3.0,3.0,1.0,2.0,0.0,3.0,3.0,3.0,1.0,10.0,2.0,2.0,3.0,0.0,0.0,77.89,33.33,33.33,66.67,33.33,42.86,33.33,50.0,0.170719431389996,0.2684589905777373,1.0,7.0,0.1444598,5.0,8.0,17.0,0.73868548,47.0,9.166666666666668,23.333333333333336,1.6666666666666667,30.833333333333336,0.8333333333333334,0.0,5.0,1.25,1.6666666666666667,0.0,1.25,1.25,0.4166666666666667,0.8333333333333334,0.0,1.25,1.25,1.25,0.4166666666666667,4.166666666666667,0.8333333333333334,0.8333333333333334,1.25,0.0,0.0,77.89,33.33,33.33,66.67,33.33,42.86,33.33,50.0,0.0711330964124983,0.1118579127407238,0.4166666666666667,2.916666666666667,0.0601915833333333,2.083333333333333,3.333333333333333,7.083333333333334,0.3077856166666667,19.583333333333336,RM/RCM,64,76,76,76,57,52,67,60,74,38,60,50,21,64,26,29,26,76,45,74,43,62,83,31,52,38,43,69,83,40,40,60,50,38,62,48,60,52,83,81,90,86,83,67,86,76,81,38,52,69,57,76,38,57,33,19,57,26,33,33,76,43,81,38,57,86,31,52,38,43,69,83,40,40,60,50,24,62,52,67,57,90,81,95,95,90,Ekstraklasa
GKS Katowice,e4282tj4jnq8h2to6sjr08jl,a0zpetflr8gttr03gfqjvxi39,Borja Galán,Borja Galán,33,Midfielder,Spain,Midfielder,23.0,38.0,4.0,59.0,2.0,0.0,7.0,4.0,206.0,2.0,1.0,3.0,4.0,3.0,1.0,2.0,3.0,4.0,0.0,0.0,10.0,4.0,1.0,0.0,0.0,0.0,78.67,57.14,25.0,33.33,0.0,43.75,50.0,0.0,0.2831711238828208,0.3125189116582111,2.0,3.0,0.13625122,2.0,2.0,5.0,0.4983680499999999,21.0,10.04854368932039,16.601941747572816,1.7475728155339807,25.776699029126217,0.8737864077669903,0.0,3.058252427184466,1.7475728155339807,0.8737864077669903,0.4368932038834952,1.3106796116504855,1.7475728155339807,1.3106796116504855,0.4368932038834952,0.8737864077669903,1.3106796116504855,1.7475728155339807,0.0,0.0,4.368932038834951,1.7475728155339807,0.4368932038834952,0.0,0.0,0.0,78.67,57.14,25.0,33.33,0.0,43.75,50.0,0.0,0.1237155395604557,0.1365373885885388,0.8737864077669903,1.3106796116504855,0.0595272320388349,0.8737864077669903,0.8737864077669903,2.184466019417476,0.2177336140776698,9.1747572815534,LM/LCM,56,50,81,56,56,50,22,66,69,84,50,53,66,34,72,25,28,16,22,69,50,22,16,38,53,56,69,75,19,22,25,69,16,44,62,62,28,38,44,41,44,69,44,75,69,100,62,62,50,12,69,69,94,56,56,81,44,62,25,25,16,22,69,81,25,16,38,53,56,69,75,19,22,25,69,16,56,56,56,25,38,50,44,69,88,62,Ekstraklasa
GKS Katowice,e4282tj4jnq8h2to6sjr08jl,ah6vnv6ucqsj05pj9ofmmfhlh,M. Wdowiak,Mateusz Wdowiak,29,Midfielder,Poland,Midfielder,22.0,36.0,2.0,54.0,2.0,0.0,9.0,2.0,154.0,4.0,0.0,5.0,3.0,2.0,1.0,1.0,5.0,5.0,1.0,0.0,7.0,1.0,3.0,2.0,0.0,0.0,90.0,40.0,66.67,60.0,0.0,47.37,40.0,66.67,0.2560295895234862,0.5876993709027872,2.0,9.0,0.3045605399999999,0.0,1.0,4.0,0.8202333800000001,18.0,12.857142857142858,21.03896103896104,1.168831168831169,31.55844155844156,1.168831168831169,0.0,5.25974025974026,1.168831168831169,2.337662337662338,0.0,2.9220779220779223,1.7532467532467533,1.168831168831169,0.5844155844155845,0.5844155844155845,2.9220779220779223,2.9220779220779223,0.5844155844155845,0.0,4.090909090909091,0.5844155844155845,1.7532467532467533,1.168831168831169,0.0,0.0,90.0,40.0,66.67,60.0,0.0,47.37,40.0,66.67,0.1496276821890503,0.3434606713068237,1.168831168831169,5.25974025974026,0.1779899259740259,0.0,0.5844155844155845,2.337662337662338,0.4793571701298702,10.51948051948052,RM/RCM,64,48,55,52,57,52,36,38,74,38,79,50,50,48,64,67,64,33,12,57,19,74,57,31,52,90,55,98,74,12,60,74,64,52,81,64,81,81,10,26,36,90,38,90,76,62,86,71,52,76,52,86,38,90,62,57,52,67,67,67,38,12,76,14,81,76,31,52,90,55,98,74,12,60,74,64,52,100,71,86,86,10,29,52,100,52,Ekstraklasa
GKS Katowice,e4282tj4jnq8h2to6sjr08jl,b8fc8pgvumh4uonerj9ld82qx,M. Wasielewski,Marcin Wasielewski,32,Defender,Poland,Defender,19.0,18.0,0.0,35.0,1.0,0.0,7.0,6.0,144.0,2.0,0.0,2.0,1.0,1.0,0.0,0.0,1.0,1.0,1.0,0.0,2.0,2.0,1.0,3.0,0.0,0.0,67.31,0.0,66.67,100.0,0.0,50.0,33.33,100.0,0.0843491500699867,0.2733047521697221,0.0,1.0,0.03485072,0.0,1.0,1.0,0.1982976399999999,10.0,11.875,11.25,0.0,21.875,0.625,0.0,4.375,3.75,1.25,0.0,1.25,0.625,0.625,0.0,0.0,0.625,0.625,0.625,0.0,1.25,1.25,0.625,1.875,0.0,0.0,67.31,0.0,66.67,100.0,0.0,50.0,33.33,100.0,0.0527182187937416,0.1708154701060763,0.0,0.625,0.0217817,0.0,0.625,0.625,0.1239360249999999,6.25,CB,7,13,5,7,8,47,38,10,93,42,79,41,48,38,34,67,65,24,38,38,66,78,73,43,51,5,5,97,93,38,37,17,88,37,88,36,51,58,34,23,26,60,24,12,26,5,12,12,47,67,16,100,42,93,56,65,38,34,84,79,35,38,57,84,88,100,43,51,5,5,97,93,38,37,17,88,51,98,36,63,67,34,26,26,84,23,Ekstraklasa
GKS Katowice,e4282tj4jnq8h2to6sjr08jl,bhkhtg8t4nguiqfkr5un61rrp,A. Jędrych,Arkadiusz Jedrych,34,Defender,Poland,Defender,150.0,31.0,13.0,181.0,8.0,0.0,17.0,19.0,360.0,0.0,0.0,0.0,3.0,3.0,0.0,1.0,2.0,2.0,1.0,1.0,6.0,3.0,2.0,2.0,1.0,0.0,89.6,61.9,0.0,100.0,33.33,65.38,61.54,50.0,0.235361782461202,0.0,0.0,0.0,0.0,0.0,2.0,3.0,0.07833499,75.0,37.5,7.75,3.25,45.25,2.0,0.0,4.25,4.75,0.0,0.0,0.0,0.75,0.75,0.0,0.25,0.5,0.5,0.25,0.25,1.5,0.75,0.5,0.5,0.25,0.0,89.6,61.9,0.0,100.0,33.33,65.38,61.54,50.0,0.0588404456153005,0.0,0.0,0.0,0.0,0.0,0.5,0.75,0.0195837475,18.75,CB,93,33,87,84,64,47,70,66,43,42,23,79,81,38,77,84,84,24,87,72,81,91,59,93,51,65,81,43,93,88,79,60,47,63,26,36,21,21,34,29,33,28,60,84,16,67,53,49,47,65,30,43,42,23,72,80,38,74,76,73,14,85,67,65,83,44,91,51,65,81,43,93,88,79,60,47,58,26,36,21,21,34,23,30,23,42,Ekstraklasa
GKS Katowice,e4282tj4jnq8h2to6sjr08jl,cnfd8zz5wu72nqik1i2c5h0mi,Pau Resta,Pau Resta,25,Defender,Spain,Defender,91.0,55.0,3.0,146.0,9.0,0.0,18.0,13.0,315.0,0.0,0.0,0.0,9.0,8.0,1.0,1.0,2.0,2.0,3.0,3.0,10.0,2.0,1.0,5.0,1.0,0.0,89.57,60.0,0.0,50.0,33.33,42.86,37.5,83.33,1.112287468709282,0.0,1.0,2.0,0.03870264,0.0,10.0,8.0,0.2890302099999999,98.0,26.0,15.714285714285714,0.8571428571428571,41.71428571428572,2.571428571428572,0.0,5.142857142857143,3.7142857142857135,0.0,0.0,0.0,2.571428571428572,2.2857142857142856,0.2857142857142857,0.2857142857142857,0.5714285714285714,0.5714285714285714,0.8571428571428571,0.8571428571428571,2.857142857142857,0.5714285714285714,0.2857142857142857,1.4285714285714286,0.2857142857142857,0.0,89.57,60.0,0.0,50.0,33.33,42.86,37.5,83.33,0.3177964196312234,0.0,0.2857142857142857,0.5714285714285714,0.0110578971428571,0.0,2.857142857142857,2.2857142857142856,0.0825800599999999,28.0,LB/LCB,96,48,31,79,94,52,75,62,19,44,8,100,100,54,62,42,38,65,96,79,52,42,81,88,52,92,81,19,56,67,15,52,85,100,8,62,23,25,12,62,33,33,92,92,42,17,79,92,52,75,50,19,44,8,100,96,54,71,42,38,54,96,92,46,38,71,92,52,92,81,19,56,67,15,52,85,100,8,67,17,17,12,54,25,29,88,Ekstraklasa
GKS Katowice,e4282tj4jnq8h2to6sjr08jl,dlfr8xn11nu2q4tkadvna97v8,K. Łukasiak,Kacper Lukasiak,22,Midfielder,Poland,Midfielder,52.0,83.0,4.0,135.0,6.0,0.0,22.0,9.0,270.0,0.0,0.0,3.0,2.0,0.0,2.0,0.0,2.0,2.0,0.0,1.0,6.0,8.0,2.0,2.0,0.0,0.0,88.82,66.67,0.0,100.0,50.0,73.33,85.71,33.33,0.1316001850738228,0.3028743887860132,2.0,6.0,0.2000255,1.0,9.0,14.0,0.6447912899999999,78.0,17.333333333333332,27.666666666666668,1.3333333333333333,45.0,2.0,0.0,7.333333333333333,3.0,0.0,0.0,1.0,0.6666666666666666,0.0,0.6666666666666666,0.0,0.6666666666666666,0.6666666666666666,0.0,0.3333333333333333,2.0,2.6666666666666665,0.6666666666666666,0.6666666666666666,0.0,0.0,88.82,66.67,0.0,100.0,50.0,73.33,85.71,33.33,0.0438667283579409,0.1009581295953377,0.6666666666666666,2.0,0.0666751666666666,0.3333333333333333,3.0,4.666666666666667,0.2149304299999999,26.0,DM/CM,67,74,50,70,74,52,89,76,30,45,59,39,24,59,29,50,50,8,65,89,92,77,47,45,52,88,82,30,89,77,97,97,29,39,76,76,61,73,36,50,76,88,70,61,82,39,73,76,52,97,76,30,45,65,36,24,53,29,47,47,8,61,88,94,73,38,45,52,88,82,30,89,77,97,97,29,33,67,70,61,70,27,39,73,94,82,Ekstraklasa
GKS Katowice,e4282tj4jnq8h2to6sjr08jl,e1w55mbpxdz0y0n9qox07d2qc,M. Kowalczyk,Mateusz Kowalczyk,22,Midfielder,Poland,Midfielder,10.0,16.0,1.0,26.0,0.0,0.0,8.0,5.0,102.0,0.0,0.0,3.0,0.0,0.0,0.0,0.0,3.0,3.0,0.0,0.0,3.0,2.0,1.0,3.0,0.0,0.0,89.66,100.0,0.0,33.33,0.0,47.06,0.0,60.0,0.0,0.2187762156234907,0.0,4.0,0.08729591,2.0,4.0,3.0,0.0418073499999999,15.0,8.823529411764707,14.117647058823527,0.8823529411764706,22.94117647058824,0.0,0.0,7.0588235294117645,4.411764705882353,0.0,0.0,2.647058823529412,0.0,0.0,0.0,0.0,2.647058823529412,2.647058823529412,0.0,0.0,2.647058823529412,1.7647058823529411,0.8823529411764706,2.647058823529412,0.0,0.0,89.66,100.0,0.0,33.33,0.0,47.06,0.0,60.0,0.0,0.1930378373148447,0.0,3.5294117647058822,0.0770258029411764,1.7647058823529411,3.5294117647058822,2.647058823529412,0.036888838235294,13.23529411764706,DM/CM,8,9,14,6,8,52,26,44,30,45,59,8,24,14,29,71,70,8,24,53,32,44,67,45,52,91,98,30,38,24,42,9,58,8,61,20,39,33,58,20,12,6,12,12,15,27,15,8,52,91,88,30,45,100,8,24,14,29,97,97,8,24,94,79,91,100,45,52,91,98,30,38,24,42,9,58,8,91,20,88,85,94,52,24,9,27,Ekstraklasa
Piast Gliwice,d7i1aj8vnexyqv76yt03d54wc,1k6v6y154zpq2ivjembxgzdd6,S. Ntamack,Samuel Ntamack,25,Attacker,France,Striker,23.0,33.0,0.0,55.0,3.0,0.0,6.0,5.0,367.0,1.0,0.0,4.0,7.0,5.0,2.0,0.0,0.0,1.0,0.0,5.0,9.0,3.0,0.0,0.0,1.0,0.0,71.43,0.0,33.33,0.0,71.43,35.29,37.5,0.0,0.8342067453199672,0.2750471867356315,3.0,4.0,0.0843947999999999,2.0,9.0,7.0,0.4094836599999999,28.0,5.64032697547684,8.092643051771118,0.0,13.48773841961853,0.7356948228882835,0.0,1.471389645776567,1.226158038147139,0.2452316076294278,0.0,0.9809264305177112,1.7166212534059946,1.226158038147139,0.4904632152588556,0.0,0.0,0.2452316076294278,0.0,1.226158038147139,2.20708446866485,0.7356948228882835,0.0,0.0,0.2452316076294278,0.0,71.43,0.0,33.33,0.0,71.43,35.29,37.5,0.0,0.2045738612501282,0.0674502637771303,0.7356948228882835,0.9809264305177112,0.020696272479564,0.4904632152588556,2.20708446866485,1.7166212534059946,0.100418336239782,6.866485013623978,RW,100,50,25,75,88,62,25,88,50,50,75,75,100,62,25,25,25,38,100,75,62,25,25,75,62,25,25,100,25,100,25,100,25,100,50,100,25,25,62,100,62,75,100,25,25,25,25,50,62,25,75,50,50,50,50,50,50,25,25,25,38,100,25,25,25,25,50,62,25,25,100,25,100,25,100,25,75,50,75,25,25,25,75,25,50,25,Ekstraklasa
Piast Gliwice,d7i1aj8vnexyqv76yt03d54wc,2rojpqo6eyw2d5t677ifmhhqs,Ivan Lima,Ivan Correia Posser Lima,21,Midfielder,Portugal,Midfielder,6.0,40.0,1.0,40.0,2.0,0.0,15.0,2.0,190.0,6.0,2.0,7.0,6.0,4.0,2.0,0.0,15.0,16.0,0.0,1.0,7.0,5.0,6.0,0.0,0.0,0.0,81.63,50.0,50.0,40.0,16.67,36.59,25.0,0.0,0.3970069241866524,0.6263147000736766,4.0,8.0,0.21529203,4.0,5.0,11.0,0.5861277800000002,28.0,2.8421052631578947,18.94736842105263,0.4736842105263157,18.94736842105263,0.9473684210526316,0.0,7.105263157894736,0.9473684210526316,2.8421052631578947,0.9473684210526316,3.3157894736842106,2.8421052631578947,1.894736842105263,0.9473684210526316,0.0,7.105263157894736,7.578947368421052,0.0,0.4736842105263157,3.3157894736842106,2.3684210526315788,2.8421052631578947,0.0,0.0,0.0,81.63,50.0,50.0,40.0,16.67,36.59,25.0,0.0,0.1880559114568353,0.2966753842454258,1.894736842105263,3.789473684210526,0.1019804352631578,1.894736842105263,2.3684210526315788,5.2105263157894735,0.2776394747368422,13.263157894736842,RM/RCM,19,62,38,38,57,52,86,38,86,93,90,76,83,64,26,95,95,12,45,57,83,93,17,31,52,57,69,90,52,24,24,48,17,62,86,83,71,67,71,64,76,76,57,19,57,38,24,52,52,100,33,100,100,100,76,90,62,26,100,100,12,52,52,86,95,17,31,52,57,69,90,52,24,24,48,17,67,90,86,71,71,86,71,81,90,71,Ekstraklasa
Piast Gliwice,d7i1aj8vnexyqv76yt03d54wc,3hkv28y7pojbjl6bk3em8w82x,Hugo Vallejo,Hugo Vallejo,26,Attacker,Spain,Striker,55.0,93.0,1.0,148.0,8.0,0.0,15.0,8.0,367.0,0.0,0.0,5.0,7.0,6.0,1.0,1.0,17.0,17.0,4.0,2.0,24.0,1.0,3.0,3.0,1.0,0.0,86.05,100.0,0.0,17.65,28.57,36.59,88.89,100.0,0.7005298115982441,0.2511752224002845,3.0,27.0,0.7295914899999997,7.0,2.0,6.0,0.3201787399999999,56.0,13.48773841961853,22.806539509536787,0.2452316076294278,36.294277929155314,1.9618528610354224,0.0,3.678474114441417,1.9618528610354224,0.0,0.0,1.226158038147139,1.7166212534059946,1.471389645776567,0.2452316076294278,0.2452316076294278,4.168937329700273,4.168937329700273,0.9809264305177112,0.4904632152588556,5.885558583106268,0.2452316076294278,0.7356948228882835,0.7356948228882835,0.2452316076294278,0.0,86.05,100.0,0.0,17.65,28.57,36.59,88.89,100.0,0.1717920518905775,0.0615961035859008,0.7356948228882835,6.621253405994551,0.1789188940054495,1.7166212534059946,0.4904632152588556,1.471389645776567,0.0785179471389645,13.732970027247957,LW,100,100,100,100,100,67,83,100,67,67,100,67,67,83,83,100,100,100,67,100,33,100,100,67,67,67,100,67,33,67,67,100,100,67,100,100,100,100,100,83,100,100,100,100,100,100,100,100,67,33,100,67,67,100,33,33,67,67,100,100,100,67,67,33,67,100,67,67,67,100,67,33,67,67,100,100,33,100,67,100,100,100,67,100,100,100,Ekstraklasa
Piast Gliwice,d7i1aj8vnexyqv76yt03d54wc,5iyutg9qg6bfnwuieghj5wktm,J. Lokilo,Jason Lokilo,27,Attacker,Congo DR,Striker,16.0,46.0,1.0,60.0,0.0,0.0,16.0,0.0,200.0,2.0,1.0,4.0,9.0,4.0,5.0,3.0,2.0,2.0,1.0,1.0,9.0,7.0,2.0,2.0,0.0,0.0,82.19,25.0,14.29,100.0,11.11,57.14,0.0,28.57,0.6428481490984462,0.3305778469342552,2.0,12.0,0.28944934,4.0,4.0,10.0,0.25111032,27.0,7.199999999999999,20.7,0.4499999999999999,27.0,0.0,0.0,7.199999999999999,0.0,0.8999999999999999,0.4499999999999999,1.7999999999999998,4.05,1.7999999999999998,2.25,1.35,0.8999999999999999,0.8999999999999999,0.4499999999999999,0.4499999999999999,4.05,3.15,0.8999999999999999,0.8999999999999999,0.0,0.0,82.19,25.0,14.29,100.0,11.11,57.14,0.0,28.57,0.2892816670943008,0.1487600311204148,0.8999999999999999,5.4,0.1302522029999999,1.7999999999999998,1.7999999999999998,4.5,0.112999644,12.15,RW,50,100,50,100,25,62,88,38,88,100,75,100,75,100,100,50,50,88,50,75,100,50,50,25,62,75,50,75,100,25,75,38,50,75,75,75,100,100,100,50,100,50,75,75,75,50,75,25,62,75,38,100,100,100,100,100,100,100,50,50,75,50,75,100,50,50,25,62,75,50,75,100,25,75,38,50,100,75,100,100,75,100,50,100,75,75,Ekstraklasa
Piast Gliwice,d7i1aj8vnexyqv76yt03d54wc,9qokz2ssts984e787p622rjmc,O. Leśniak,Oskar Lesniak,21,Midfielder,Poland,Midfielder,89.0,87.0,7.0,174.0,4.0,0.0,16.0,11.0,400.0,2.0,0.0,6.0,1.0,1.0,0.0,1.0,4.0,4.0,3.0,0.0,4.0,3.0,3.0,4.0,0.0,0.0,90.16,58.33,13.33,75.0,0.0,44.44,44.44,66.67,0.0639596293808361,0.4164207096661435,0.0,4.0,0.08414994,5.0,11.0,11.0,0.36469974,111.0,20.025,19.575,1.575,39.15,0.8999999999999999,0.0,3.6,2.475,0.4499999999999999,0.0,1.35,0.2249999999999999,0.2249999999999999,0.0,0.2249999999999999,0.8999999999999999,0.8999999999999999,0.6749999999999999,0.0,0.8999999999999999,0.6749999999999999,0.6749999999999999,0.8999999999999999,0.0,0.0,90.16,58.33,13.33,75.0,0.0,44.44,44.44,66.67,0.0143909166106881,0.0936946596748822,0.0,0.8999999999999999,0.0189337365,1.125,2.475,2.475,0.0820574415,24.975,CM/AM,100,74,77,95,83,51,64,100,52,39,71,11,32,7,42,51,51,87,20,30,40,65,71,32,50,100,61,26,89,20,35,60,54,10,60,7,32,24,73,73,58,64,100,98,55,69,79,62,51,33,90,33,39,43,2,24,7,33,31,26,64,20,14,26,48,50,32,50,100,61,26,89,20,35,60,54,5,40,7,10,7,50,55,33,31,93,Ekstraklasa
Piast Gliwice,d7i1aj8vnexyqv76yt03d54wc,9w8j6xkrun0cpvpfe0mzteyuh,Juande Rivas,Juan de Dios Rivas Margalef,27,Defender,Spain,Defender,158.0,82.0,12.0,240.0,22.0,1.0,31.0,50.0,450.0,0.0,1.0,2.0,1.0,1.0,0.0,0.0,0.0,0.0,1.0,0.0,2.0,1.0,0.0,6.0,0.0,0.0,86.96,42.86,0.0,0.0,0.0,56.36,59.46,75.0,0.1252032244776486,0.0585011497458968,0.0,0.0,0.0,0.0,15.0,17.0,0.4207816399999997,153.0,31.6,16.4,2.4,48.0,4.4,0.2,6.2,10.0,0.0,0.2,0.4,0.2,0.2,0.0,0.0,0.0,0.0,0.2,0.0,0.4,0.2,0.0,1.2,0.0,0.0,86.96,42.86,0.0,0.0,0.0,56.36,59.46,75.0,0.0250406448955297,0.0117002299491793,0.0,0.0,0.0,0.0,3.0,3.4,0.0841563279999999,30.6,CB,98,95,80,95,99,97,98,100,43,91,79,41,48,38,34,29,27,24,38,38,42,35,95,43,51,58,49,43,35,38,51,56,69,44,63,36,21,21,34,90,95,84,95,74,60,50,67,92,93,88,98,43,88,70,30,37,38,34,29,27,12,38,20,31,35,88,43,51,58,49,43,35,38,51,56,69,33,58,36,21,21,34,69,77,72,77,Ekstraklasa
Piast Gliwice,d7i1aj8vnexyqv76yt03d54wc,9wek84cn7z0ou46623nlo876y,Leandro Sanca,Leandro Mário Baldé Sanca,26,Midfielder,Guinea-Bissau,Midfielder,18.0,35.0,2.0,52.0,0.0,0.0,7.0,1.0,180.0,1.0,0.0,4.0,10.0,6.0,4.0,2.0,9.0,10.0,2.0,5.0,13.0,0.0,6.0,1.0,3.0,0.0,75.36,66.67,9.09,66.67,50.0,36.84,0.0,100.0,0.8529318544191853,0.2762935335773215,5.0,7.0,0.20466939,5.0,1.0,6.0,0.18974099,29.0,9.0,17.5,1.0,26.0,0.0,0.0,3.5,0.5,0.5,0.0,2.0,5.0,3.0,2.0,1.0,4.5,5.0,1.0,2.5,6.5,0.0,3.0,0.5,1.5,0.0,75.36,66.67,9.09,66.67,50.0,36.84,0.0,100.0,0.4264659272095926,0.1381467667886607,2.5,3.5,0.102334695,2.5,0.5,3.0,0.094870495,14.5,LM/LCM,50,34,56,44,9,50,22,28,44,38,62,94,94,88,72,66,69,75,94,84,6,72,31,100,53,25,81,41,72,84,6,12,100,100,56,94,50,56,81,25,56,25,62,62,75,56,69,9,50,25,44,56,38,88,100,100,88,75,100,100,81,100,100,6,100,31,100,53,25,81,41,72,84,6,12,100,100,62,100,69,62,94,19,88,31,81,Ekstraklasa
Piast Gliwice,d7i1aj8vnexyqv76yt03d54wc,at1udit1cr8dox9rgdvkya3je,F. Borowski,Filip Borowski,22,Defender,Poland,Defender,36.0,44.0,3.0,78.0,2.0,0.0,12.0,9.0,275.0,2.0,0.0,2.0,0.0,0.0,0.0,0.0,1.0,1.0,2.0,0.0,4.0,3.0,1.0,4.0,0.0,0.0,76.47,21.43,33.33,100.0,0.0,60.0,25.0,66.67,0.0,0.2003928522679539,0.0,2.0,0.0469833199999999,1.0,8.0,8.0,0.3758725199999999,46.0,11.781818181818185,14.4,0.981818181818182,25.527272727272727,0.6545454545454545,0.0,3.927272727272728,2.9454545454545458,0.6545454545454545,0.0,0.6545454545454545,0.0,0.0,0.0,0.0,0.3272727272727272,0.3272727272727272,0.6545454545454545,0.0,1.309090909090909,0.981818181818182,0.3272727272727272,1.309090909090909,0.0,0.0,76.47,21.43,33.33,100.0,0.0,60.0,25.0,66.67,0.0,0.065583115287694,0.0,0.6545454545454545,0.0153763592727272,0.3272727272727272,2.618181818181818,2.618181818181818,0.1230128247272727,15.054545454545456,RB/RCB,33,37,37,38,40,44,48,44,67,42,46,19,25,35,37,46,46,37,35,48,65,62,63,48,52,15,15,83,92,35,77,35,62,21,58,37,38,42,42,56,52,50,50,27,31,31,23,35,44,42,35,62,42,38,19,25,35,37,38,38,31,35,50,65,62,69,48,52,15,15,83,92,35,77,35,62,21,46,37,35,38,38,54,38,54,54,Ekstraklasa
Piast Gliwice,d7i1aj8vnexyqv76yt03d54wc,d5hzf2vv84jfne8ijsdjqd52h,Q. Boisgard,Quentin Boisgard,29,Midfielder,France,Midfielder,21.0,40.0,3.0,61.0,3.0,0.0,18.0,5.0,223.0,0.0,0.0,6.0,6.0,3.0,3.0,1.0,5.0,5.0,1.0,0.0,8.0,6.0,4.0,3.0,0.0,0.0,80.26,100.0,0.0,80.0,0.0,60.0,75.0,60.0,0.5669274405238311,0.4148028258847699,3.0,4.0,0.09495847,1.0,8.0,6.0,0.21509418,27.0,8.475336322869955,16.143497757847534,1.210762331838565,24.618834080717487,1.210762331838565,0.0,7.26457399103139,2.0179372197309418,0.0,0.0,2.42152466367713,2.42152466367713,1.210762331838565,1.210762331838565,0.4035874439461883,2.0179372197309418,2.0179372197309418,0.4035874439461883,0.0,3.2286995515695067,2.42152466367713,1.6143497757847534,1.210762331838565,0.0,0.0,80.26,100.0,0.0,80.0,0.0,60.0,75.0,60.0,0.2288047966239677,0.1674092122404901,1.210762331838565,1.6143497757847534,0.0383240461883408,0.4035874439461883,3.2286995515695067,2.42152466367713,0.0868093103139013,10.896860986547084,CM/AM,49,30,56,38,74,51,73,82,11,39,71,64,57,74,42,61,60,44,20,58,63,80,62,32,50,38,95,11,93,20,90,93,45,64,57,74,32,29,23,62,33,31,35,50,29,55,45,83,51,90,88,11,39,76,71,64,81,38,62,57,48,20,60,74,83,67,32,50,38,95,11,93,20,90,93,45,69,64,76,31,26,24,69,26,33,43,Ekstraklasa
Piast Gliwice,d7i1aj8vnexyqv76yt03d54wc,dn1xzedh61k9dcrvd9rg6aove,E. Twumasi,Ema Twumasi,29,Defender,Ghana,Defender,37.0,59.0,2.0,95.0,3.0,0.0,7.0,8.0,175.0,1.0,2.0,3.0,0.0,0.0,0.0,0.0,0.0,0.0,1.0,0.0,0.0,3.0,0.0,1.0,0.0,0.0,85.59,25.0,50.0,0.0,0.0,58.33,75.0,100.0,0.0,0.3009903061719205,0.0,9.0,0.23835726,5.0,14.0,11.0,0.3832381699999999,47.0,19.02857142857143,30.34285714285714,1.0285714285714287,48.85714285714286,1.542857142857143,0.0,3.6,4.114285714285715,0.5142857142857143,1.0285714285714287,1.542857142857143,0.0,0.0,0.0,0.0,0.0,0.0,0.5142857142857143,0.0,0.0,1.542857142857143,0.0,0.5142857142857143,0.0,0.0,85.59,25.0,50.0,0.0,0.0,58.33,75.0,100.0,0.0,0.1547950146027019,0.0,4.628571428571429,0.1225837337142857,2.571428571428572,7.2,5.6571428571428575,0.1970939159999999,24.17142857142857,CB,16,70,15,35,28,47,38,16,87,100,88,15,19,38,34,29,27,24,38,8,81,35,40,43,51,42,17,93,35,38,59,90,88,15,91,36,90,88,94,85,81,79,35,21,95,23,72,33,47,45,26,91,100,95,15,19,38,34,29,27,33,38,8,95,35,51,43,51,42,17,93,35,38,59,90,88,15,93,36,98,100,98,98,93,95,58,Ekstraklasa
Piast Gliwice,d7i1aj8vnexyqv76yt03d54wc,duxdphb0uj1nn1s48o85ku6tw,J. Lewicki,Jakub Lewicki,20,Defender,Poland,Defender,64.0,68.0,6.0,130.0,3.0,0.0,17.0,18.0,394.0,2.0,1.0,4.0,5.0,2.0,3.0,1.0,2.0,4.0,6.0,1.0,12.0,6.0,0.0,4.0,0.0,0.0,78.79,40.0,14.29,0.0,20.0,44.74,37.5,50.0,0.2979429175659367,0.3165071003730972,3.0,7.0,0.2212027999999999,5.0,5.0,13.0,0.5196796500000002,62.0,14.619289340101522,15.532994923857869,1.3705583756345177,29.69543147208121,0.6852791878172588,0.0,3.8832487309644654,4.1116751269035525,0.4568527918781725,0.2284263959390862,0.9137055837563453,1.1421319796954317,0.4568527918781725,0.6852791878172588,0.2284263959390862,0.4568527918781725,0.9137055837563453,1.3705583756345177,0.2284263959390862,2.741116751269036,1.3705583756345177,0.0,0.9137055837563453,0.0,0.0,78.79,40.0,14.29,0.0,20.0,44.74,37.5,50.0,0.0680580268551632,0.0722985762273572,0.6852791878172588,1.598984771573604,0.0505285583756344,1.1421319796954317,1.1421319796954317,2.969543147208121,0.1187085494923858,14.162436548223347,LB/LCB,62,60,65,71,65,52,71,85,62,92,65,77,67,85,62,42,58,81,62,92,88,17,69,38,52,25,42,48,17,54,25,52,40,62,58,90,73,79,77,23,67,71,62,50,33,42,29,58,52,38,67,50,92,42,62,54,71,54,38,46,75,58,88,83,17,46,38,52,25,42,48,17,54,25,52,40,58,38,79,50,58,62,17,58,58,38,Ekstraklasa
Piast Gliwice,d7i1aj8vnexyqv76yt03d54wc,dv19gtc0jqvxmtxzxz3nw04wl,J. Czerwiński,Jakub Czerwinski,35,Defender,Poland,Defender,117.0,51.0,11.0,168.0,3.0,1.0,8.0,14.0,257.0,0.0,0.0,1.0,1.0,1.0,0.0,0.0,1.0,1.0,1.0,1.0,2.0,1.0,0.0,3.0,1.0,0.0,89.84,68.75,0.0,0.0,100.0,42.11,30.0,75.0,0.1669550317098209,0.0872886604967961,0.0,1.0,0.01935132,0.0,7.0,10.0,0.21567207,89.0,40.97276264591439,17.859922178988327,3.852140077821012,58.83268482490272,1.050583657587549,0.3501945525291828,2.801556420233463,4.90272373540856,0.0,0.0,0.3501945525291828,0.3501945525291828,0.3501945525291828,0.0,0.0,0.3501945525291828,0.3501945525291828,0.3501945525291828,0.3501945525291828,0.7003891050583657,0.3501945525291828,0.0,1.050583657587549,0.3501945525291828,0.0,89.84,68.75,0.0,0.0,100.0,42.11,30.0,75.0,0.0584667426221162,0.0305680134035472,0.0,0.3501945525291828,0.006776726848249,0.0,2.45136186770428,3.501945525291829,0.0755271840466926,31.16731517509728,CB,79,60,74,72,28,97,44,38,43,42,59,41,48,38,34,67,65,24,87,38,42,35,73,93,51,72,91,43,35,99,19,14,69,53,67,36,51,49,34,48,73,63,72,93,65,74,88,16,100,26,35,43,42,67,44,51,38,34,67,65,23,95,37,49,35,86,98,51,72,91,43,35,99,19,14,69,56,72,36,58,51,34,56,81,65,84,Ekstraklasa
Piast Gliwice,d7i1aj8vnexyqv76yt03d54wc,e9bypm54tmvpcibew7rgn25t5,J. Łabojko,Jakub Labojko,28,Midfielder,Poland,Midfielder,107.0,150.0,21.0,251.0,3.0,0.0,16.0,14.0,450.0,6.0,0.0,5.0,10.0,3.0,7.0,5.0,4.0,4.0,3.0,3.0,4.0,3.0,2.0,6.0,1.0,0.0,83.95,61.76,27.27,50.0,30.0,48.48,60.0,75.0,0.6502319242479911,0.544530624621103,3.0,19.0,0.45715978,4.0,44.0,37.0,1.2341840899999998,163.0,21.4,30.0,4.2,50.2,0.6,0.0,3.2,2.8,1.2,0.0,1.0,2.0,0.6,1.4,1.0,0.8,0.8,0.6,0.6,0.8,0.6,0.4,1.2,0.2,0.0,83.95,61.76,27.27,50.0,30.0,48.48,60.0,75.0,0.1300463848495982,0.1089061249242206,0.6,3.8,0.091431956,0.8,8.8,7.4,0.2468368179999999,32.6,DM/CM,94,97,100,97,53,52,64,97,100,45,89,100,100,100,100,85,83,48,100,71,48,77,94,95,52,48,73,71,52,52,45,68,83,100,94,89,100,100,76,100,100,100,100,76,91,94,82,36,52,21,73,97,45,65,94,82,88,94,58,58,27,85,39,21,38,76,91,52,48,73,71,52,52,45,68,83,91,79,67,91,91,56,94,100,100,97,Ekstraklasa
Piast Gliwice,d7i1aj8vnexyqv76yt03d54wc,kd98imbqfm5d80ykcjnvirdg,S. Mucha,Szczepan Mucha,22,Midfielder,Poland,Midfielder,7.0,9.0,2.0,16.0,2.0,0.0,4.0,4.0,112.0,0.0,0.0,1.0,4.0,2.0,2.0,0.0,2.0,3.0,1.0,1.0,3.0,3.0,0.0,0.0,0.0,0.0,72.73,50.0,0.0,0.0,25.0,44.44,66.67,0.0,0.2683963117773085,0.0509920613525386,4.0,3.0,0.06945748,1.0,3.0,1.0,0.03629712,6.0,5.625,7.232142857142857,1.6071428571428572,12.857142857142858,1.6071428571428572,0.0,3.2142857142857144,3.2142857142857144,0.0,0.0,0.8035714285714286,3.2142857142857144,1.6071428571428572,1.6071428571428572,0.0,1.6071428571428572,2.4107142857142856,0.8035714285714286,0.8035714285714286,2.4107142857142856,2.4107142857142856,0.0,0.0,0.0,0.0,72.73,50.0,0.0,0.0,25.0,44.44,66.67,0.0,0.2156756076781943,0.0409757635868613,3.2142857142857144,2.4107142857142856,0.0558140464285714,0.8035714285714286,2.4107142857142856,0.8035714285714286,0.0291673285714285,4.821428571428571,CM/AM,14,2,38,5,61,51,5,71,11,39,14,43,46,54,14,27,37,44,48,23,40,13,8,32,50,10,43,11,13,50,35,88,8,40,10,88,21,21,23,25,6,5,7,26,2,71,10,93,51,26,100,11,39,31,81,76,86,14,48,69,81,71,49,71,13,8,32,50,10,43,11,13,50,35,88,8,67,17,98,57,52,40,50,7,5,10,Ekstraklasa
Piast Gliwice,d7i1aj8vnexyqv76yt03d54wc,oyatrrl4rq1erkhluznzhi39,Jorge Félix,Jorge Félix,35,Attacker,Spain,Striker,11.0,17.0,0.0,28.0,1.0,0.0,2.0,2.0,112.0,0.0,0.0,3.0,1.0,1.0,0.0,0.0,0.0,0.0,0.0,0.0,6.0,1.0,0.0,0.0,0.0,0.0,80.0,0.0,0.0,0.0,0.0,22.22,20.0,0.0,0.1137840587757367,0.0586323462573527,0.0,3.0,0.16807226,0.0,2.0,0.0,0.07226983,9.0,8.839285714285714,13.660714285714285,0.0,22.5,0.8035714285714286,0.0,1.6071428571428572,1.6071428571428572,0.0,0.0,2.4107142857142856,0.8035714285714286,0.8035714285714286,0.0,0.0,0.0,0.0,0.0,0.0,4.821428571428571,0.8035714285714286,0.0,0.0,0.0,0.0,80.0,0.0,0.0,0.0,0.0,22.22,20.0,0.0,0.0914336186590741,0.0471152782425155,0.0,2.4107142857142856,0.1350580660714285,0.0,1.6071428571428572,0.0,0.0580739705357142,7.232142857142857,ST,60,39,25,42,10,50,3,49,39,42,54,6,8,14,8,8,8,28,8,17,14,17,21,26,51,81,25,39,17,8,3,11,21,6,25,12,60,78,22,53,11,36,38,86,81,25,85,17,50,3,72,39,42,94,6,8,14,8,8,8,28,8,42,28,17,21,26,51,81,25,39,17,8,3,11,21,8,28,12,81,97,22,69,11,56,78,Ekstraklasa
Zagłębie Lubin,145oko43h2g50ck9kn3d51xae,10oo5ya8jupb62jcm0poyv97u,A. Ławniczak,Aleks Lawniczak,27,Defender,Poland,Defender,72.0,29.0,4.0,101.0,21.0,0.0,29.0,36.0,360.0,0.0,0.0,1.0,6.0,5.0,1.0,3.0,1.0,1.0,4.0,0.0,11.0,6.0,0.0,1.0,0.0,0.0,77.1,44.44,0.0,0.0,0.0,61.7,61.76,50.0,0.5980283167765672,0.0551281394066629,2.0,1.0,0.01685596,0.0,8.0,6.0,0.15334606,54.0,18.0,7.25,1.0,25.25,5.25,0.0,7.25,9.0,0.0,0.0,0.25,1.5,1.25,0.25,0.75,0.25,0.25,1.0,0.0,2.75,1.5,0.0,0.25,0.0,0.0,77.1,44.44,0.0,0.0,0.0,61.7,61.76,50.0,0.1495070791941418,0.0137820348516657,0.5,0.25,0.00421399,0.0,2.0,1.5,0.038336515,13.5,CB,49,30,30,38,94,47,93,98,43,42,59,93,93,84,100,67,65,74,38,94,92,35,40,43,51,9,51,43,35,38,65,63,47,88,60,95,51,43,34,57,45,47,48,19,12,19,19,95,47,98,95,43,42,53,91,93,80,98,60,56,64,38,91,93,35,30,43,51,9,51,43,35,38,65,63,47,91,60,91,45,42,34,43,37,33,35,Ekstraklasa
Zagłębie Lubin,145oko43h2g50ck9kn3d51xae,1vto9g1r7vobg2tb4lq6bzh79,M. Grzybek,Mateusz Grzybek,30,Defender,Poland,Defender,29.0,21.0,1.0,48.0,2.0,0.0,14.0,13.0,269.0,2.0,1.0,2.0,3.0,2.0,1.0,0.0,3.0,3.0,5.0,2.0,7.0,4.0,2.0,0.0,0.0,0.0,64.0,9.09,33.33,66.67,66.67,51.85,28.57,0.0,0.253051223755631,0.263662975762518,1.0,3.0,0.06913612,1.0,3.0,4.0,0.59458713,16.0,9.70260223048327,7.026022304832714,0.3345724907063197,16.059479553903344,0.6691449814126395,0.0,4.684014869888475,4.349442379182156,0.6691449814126395,0.3345724907063197,0.6691449814126395,1.003717472118959,0.6691449814126395,0.3345724907063197,0.0,1.003717472118959,1.003717472118959,1.6728624535315986,0.6691449814126395,2.3420074349442377,1.338289962825279,0.6691449814126395,0.0,0.0,0.0,64.0,9.09,33.33,66.67,66.67,51.85,28.57,0.0,0.0846639782082036,0.0882143785079056,0.3345724907063197,1.003717472118959,0.023131043866171,0.3345724907063197,1.003717472118959,1.338289962825279,0.1989324970260222,5.353159851301116,RB/RCB,23,8,13,12,40,44,54,67,67,92,46,75,77,75,37,73,71,90,94,81,81,79,10,48,52,4,12,83,75,92,62,38,10,77,69,79,48,46,42,25,27,77,23,15,4,12,4,42,44,69,69,69,88,50,88,81,73,37,77,77,85,92,88,81,77,10,48,52,4,12,83,75,92,62,38,10,81,65,81,62,58,42,19,27,81,19,Ekstraklasa
Zagłębie Lubin,145oko43h2g50ck9kn3d51xae,25wca8l7lo6ctrquzuw0j91w5,S. Kerk,Sebastian Kerk,32,Midfielder,Germany,Midfielder,23.0,46.0,14.0,63.0,1.0,0.0,7.0,7.0,232.0,6.0,0.0,8.0,1.0,0.0,1.0,0.0,1.0,2.0,1.0,0.0,0.0,0.0,0.0,2.0,0.0,0.0,75.9,51.85,28.57,0.0,0.0,41.18,16.67,33.33,0.0519790222710577,0.7139033697387052,1.0,3.0,0.0644241,1.0,9.0,11.0,0.27254339,27.0,8.922413793103448,17.844827586206897,5.43103448275862,24.43965517241379,0.3879310344827586,0.0,2.71551724137931,2.71551724137931,2.327586206896552,0.0,3.103448275862069,0.3879310344827586,0.0,0.3879310344827586,0.0,0.3879310344827586,0.7758620689655172,0.3879310344827586,0.0,0.0,0.0,0.0,0.7758620689655172,0.0,0.0,75.9,51.85,28.57,0.0,0.0,41.18,16.67,33.33,0.0201642758810137,0.2769452727434632,0.3879310344827586,1.1637931034482758,0.0249921077586206,0.3879310344827586,3.4913793103448274,4.267241379310344,0.1057280392241379,10.474137931034482,CM/AM,56,45,100,44,37,51,27,94,87,39,80,11,12,29,14,14,21,44,20,4,4,13,45,32,50,24,55,52,13,20,29,29,21,7,83,27,21,19,23,67,58,36,35,55,43,100,43,36,51,7,95,90,39,90,7,12,29,14,12,21,43,20,4,4,13,43,32,50,24,55,52,13,20,29,29,21,7,88,26,14,14,21,71,79,43,40,Ekstraklasa
Zagłębie Lubin,145oko43h2g50ck9kn3d51xae,33ob92qa55cbqjiwyajv7dyvp,J. Ćorluka,Josip Corluka,31,Defender,Bosnia and Herzegovina,Defender,39.0,23.0,7.0,60.0,6.0,0.0,19.0,18.0,315.0,2.0,1.0,1.0,3.0,0.0,3.0,1.0,8.0,8.0,6.0,1.0,2.0,1.0,4.0,3.0,1.0,0.0,64.52,41.18,16.67,50.0,33.33,48.72,54.55,37.5,0.1779168558374925,0.1575525159325046,2.0,1.0,0.02401521,1.0,8.0,9.0,0.4675569499999999,34.0,11.142857142857142,6.571428571428571,2.0,17.142857142857142,1.7142857142857142,0.0,5.428571428571429,5.142857142857143,0.5714285714285714,0.2857142857142857,0.2857142857142857,0.8571428571428571,0.0,0.8571428571428571,0.2857142857142857,2.2857142857142856,2.2857142857142856,1.7142857142857142,0.2857142857142857,0.5714285714285714,0.2857142857142857,1.1428571428571428,0.8571428571428571,0.2857142857142857,0.0,64.52,41.18,16.67,50.0,33.33,48.72,54.55,37.5,0.0508333873821407,0.0450150045521441,0.5714285714285714,0.2857142857142857,0.0068614885714285,0.2857142857142857,2.2857142857142856,2.571428571428572,0.1335876999999999,9.714285714285714,CB,22,19,52,14,51,47,80,59,93,91,59,79,19,97,77,98,98,88,87,38,42,99,73,93,51,2,42,86,77,88,30,49,33,56,77,95,51,53,72,57,64,88,30,9,9,42,5,40,47,79,42,93,98,60,79,19,98,79,100,100,88,88,30,40,100,63,93,51,2,42,86,77,88,30,49,33,44,77,93,51,53,72,53,60,88,30,Ekstraklasa
Zagłębie Lubin,145oko43h2g50ck9kn3d51xae,34z8u14zr4c4m1d7dsm0pahyi,J. Sypek,Jakub Sypek,25,Midfielder,Poland,Midfielder,6.0,14.0,0.0,18.0,3.0,0.0,8.0,2.0,136.0,2.0,1.0,1.0,1.0,1.0,0.0,0.0,5.0,5.0,0.0,1.0,5.0,1.0,2.0,1.0,1.0,0.0,72.0,0.0,33.33,40.0,100.0,32.0,33.33,50.0,0.1546431406402255,0.1356720173850069,0.0,4.0,0.11280231,1.0,0.0,1.0,0.16984586,9.0,3.9705882352941178,9.264705882352942,0.0,11.911764705882351,1.9852941176470589,0.0,5.294117647058823,1.3235294117647058,1.3235294117647058,0.6617647058823529,0.6617647058823529,0.6617647058823529,0.6617647058823529,0.0,0.0,3.308823529411765,3.308823529411765,0.0,0.6617647058823529,3.308823529411765,0.6617647058823529,1.3235294117647058,0.6617647058823529,0.6617647058823529,0.0,72.0,0.0,33.33,40.0,100.0,32.0,33.33,50.0,0.1023373724825021,0.0897829526812545,0.0,2.647058823529412,0.0746485875,0.6617647058823529,0.0,0.6617647058823529,0.1123979955882353,5.955882352941177,CM/AM,11,7,8,10,74,51,35,38,52,83,14,11,32,7,14,61,60,12,48,39,14,51,25,75,50,5,8,67,48,99,10,45,31,26,24,7,32,40,23,5,6,24,17,17,5,8,5,95,51,57,69,71,90,26,14,45,7,14,83,83,12,69,64,24,71,38,90,50,5,8,67,48,99,10,45,31,38,36,7,62,69,38,5,5,48,17,Ekstraklasa
Zagłębie Lubin,145oko43h2g50ck9kn3d51xae,5vcwbp1ogz2oc6mlcqc3v5xp1,M. Nalepa,Michal Nalepa,33,Defender,Poland,Defender,80.0,37.0,12.0,117.0,10.0,0.0,12.0,19.0,270.0,0.0,0.0,2.0,2.0,2.0,0.0,0.0,0.0,0.0,2.0,1.0,12.0,2.0,0.0,0.0,0.0,0.0,84.78,48.0,0.0,0.0,50.0,66.67,76.92,0.0,0.232244648799411,0.1751801082928634,1.0,0.0,0.0,0.0,9.0,13.0,0.8234542500000002,88.0,26.666666666666668,12.333333333333334,4.0,39.0,3.333333333333333,0.0,4.0,6.333333333333333,0.0,0.0,0.6666666666666666,0.6666666666666666,0.6666666666666666,0.0,0.0,0.0,0.0,0.6666666666666666,0.3333333333333333,4.0,0.6666666666666666,0.0,0.0,0.0,0.0,84.78,48.0,0.0,0.0,50.0,66.67,76.92,0.0,0.077414882933137,0.0583933694309544,0.3333333333333333,0.0,0.0,0.0,3.0,4.333333333333333,0.27448475,29.33333333333333,CB,56,45,80,51,77,47,55,66,43,42,79,63,69,38,34,29,27,45,87,98,66,35,13,43,51,37,60,43,35,94,83,97,13,60,81,81,21,21,34,70,87,98,70,49,35,80,35,83,47,58,59,43,42,74,59,70,38,34,29,27,41,91,98,63,35,13,43,51,37,60,43,35,94,83,97,13,67,79,85,21,21,34,69,88,100,72,Ekstraklasa
Zagłębie Lubin,145oko43h2g50ck9kn3d51xae,6xjbcik3a56d0vqy4vrq5eokp,D. Čolina,David Colina,26,Defender,Croatia,Defender,12.0,6.0,1.0,18.0,1.0,0.0,3.0,6.0,91.0,0.0,0.0,2.0,1.0,0.0,1.0,0.0,0.0,0.0,1.0,0.0,0.0,0.0,0.0,2.0,0.0,0.0,85.71,100.0,0.0,0.0,0.0,42.86,25.0,100.0,0.0658633142207003,0.2656774677473963,1.0,0.0,0.0,0.0,1.0,1.0,0.025801,9.0,11.868131868131869,5.934065934065934,0.989010989010989,17.802197802197803,0.989010989010989,0.0,2.967032967032967,5.934065934065934,0.0,0.0,1.978021978021978,0.989010989010989,0.0,0.989010989010989,0.0,0.0,0.0,0.989010989010989,0.0,0.0,0.0,0.0,1.978021978021978,0.0,0.0,85.71,100.0,0.0,0.0,0.0,42.86,25.0,100.0,0.0651395415369563,0.2627579351347875,0.989010989010989,0.0,0.0,0.0,0.989010989010989,0.989010989010989,0.0255174725274725,8.901098901098901,LB/LCB,8,4,8,4,31,52,4,23,19,44,38,19,17,54,25,12,12,23,27,6,15,17,35,38,52,71,100,19,17,27,15,21,98,17,54,62,8,8,12,8,8,8,8,29,4,21,4,71,52,21,88,19,44,79,50,17,88,25,12,12,58,27,6,15,17,88,38,52,71,100,19,17,27,15,21,98,50,83,92,8,8,12,8,8,8,12,Ekstraklasa
Zagłębie Lubin,145oko43h2g50ck9kn3d51xae,77ymwdtn567nm71rgbirpdvkk,M. Reguła,Marcel Regula,19,Midfielder,Poland,Midfielder,7.0,25.0,1.0,32.0,9.0,0.0,26.0,8.0,351.0,0.0,0.0,4.0,12.0,7.0,5.0,3.0,12.0,13.0,1.0,3.0,22.0,6.0,5.0,3.0,1.0,0.0,57.14,20.0,0.0,41.67,25.0,48.15,52.94,42.86,1.5761224901164563,0.3070611542208829,7.0,2.0,0.07876287,1.0,5.0,4.0,0.3506221599999999,14.0,1.794871794871795,6.410256410256411,0.2564102564102564,8.205128205128206,2.307692307692308,0.0,6.666666666666667,2.0512820512820515,0.0,0.0,1.0256410256410258,3.076923076923077,1.794871794871795,1.2820512820512822,0.7692307692307693,3.076923076923077,3.333333333333333,0.2564102564102564,0.7692307692307693,5.641025641025641,1.5384615384615383,1.2820512820512822,0.7692307692307693,0.2564102564102564,0.0,57.14,20.0,0.0,41.67,25.0,48.15,52.94,42.86,0.4041339718247324,0.0787336292874058,1.794871794871795,0.5128205128205129,0.0201956076923076,0.2564102564102564,1.2820512820512822,1.0256410256410258,0.0899031179487179,3.58974358974359,ST,21,57,61,54,75,50,89,90,39,42,72,75,67,92,71,96,97,67,57,81,75,93,93,64,51,8,54,39,47,36,58,67,56,81,72,97,42,47,60,76,78,83,64,8,28,56,19,50,50,75,78,39,42,47,53,36,89,57,92,92,56,38,64,67,83,86,53,51,8,54,39,47,36,58,67,56,64,53,92,29,33,54,64,53,75,39,Ekstraklasa
Zagłębie Lubin,145oko43h2g50ck9kn3d51xae,80u0t08uu1a2ksfvs2jtqe5ex,L. Szabó,Levente Szabó,27,Attacker,Hungary,Striker,2.0,7.0,0.0,9.0,6.0,0.0,10.0,1.0,111.0,0.0,0.0,0.0,2.0,1.0,1.0,0.0,0.0,0.0,1.0,1.0,3.0,3.0,0.0,0.0,1.0,0.0,52.94,0.0,0.0,0.0,50.0,45.45,42.86,0.0,0.1802963592842626,0.0,1.0,0.0,0.0,0.0,1.0,1.0,0.0069506699999999,3.0,1.6216216216216215,5.675675675675675,0.0,7.297297297297297,4.864864864864865,0.0,8.108108108108107,0.8108108108108107,0.0,0.0,0.0,1.6216216216216215,0.8108108108108107,0.8108108108108107,0.0,0.0,0.0,0.8108108108108107,0.8108108108108107,2.4324324324324325,2.4324324324324325,0.0,0.0,0.8108108108108107,0.0,52.94,0.0,0.0,0.0,50.0,45.45,42.86,0.0,0.1461862372575102,0.0,0.8108108108108107,0.0,0.0,0.0,0.8108108108108107,0.8108108108108107,0.0056356783783782,2.4324324324324325,ST,3,4,25,3,54,50,36,29,39,42,6,12,8,38,8,8,8,67,25,6,53,17,21,64,51,3,25,39,17,83,50,38,21,11,10,36,11,11,22,33,24,6,12,3,19,25,8,92,50,94,47,39,42,6,19,11,64,8,8,8,92,42,8,89,17,21,94,51,3,25,39,17,83,50,38,21,14,10,64,11,11,22,50,42,11,19,Ekstraklasa
Zagłębie Lubin,145oko43h2g50ck9kn3d51xae,9icjikaqrkb2rnzyijotv6f2t,D. Dąbrowski,Damian Dabrowski,33,Midfielder,Poland,Midfielder,34.0,47.0,7.0,80.0,1.0,0.0,4.0,6.0,219.0,1.0,0.0,1.0,3.0,1.0,2.0,0.0,2.0,2.0,3.0,0.0,1.0,0.0,1.0,1.0,0.0,0.0,76.19,46.67,14.29,50.0,0.0,30.77,33.33,50.0,0.1826502982402331,0.0704699888474169,2.0,4.0,0.09811352,3.0,6.0,13.0,0.31695407,41.0,13.972602739726028,19.315068493150687,2.876712328767124,32.87671232876713,0.4109589041095891,0.0,1.6438356164383563,2.4657534246575343,0.4109589041095891,0.0,0.4109589041095891,1.2328767123287672,0.4109589041095891,0.8219178082191781,0.0,0.8219178082191781,0.8219178082191781,1.2328767123287672,0.0,0.4109589041095891,0.0,0.4109589041095891,0.4109589041095891,0.0,0.0,76.19,46.67,14.29,50.0,0.0,30.77,33.33,50.0,0.0750617664000958,0.0289602693893494,0.8219178082191781,1.6438356164383563,0.0403206246575342,1.2328767123287672,2.4657534246575343,5.342465753424658,0.1302550972602739,16.84931506849315,DM/CM,35,39,76,36,26,52,8,55,70,45,21,70,65,59,29,50,50,48,24,26,8,44,26,45,52,12,39,65,52,24,9,35,44,48,27,76,39,39,64,36,71,58,41,42,33,85,33,21,52,3,58,70,45,15,73,70,70,29,64,64,55,24,33,8,42,23,45,52,12,39,65,52,24,9,35,44,64,21,82,39,48,73,27,85,64,36,Ekstraklasa
Zagłębie Lubin,145oko43h2g50ck9kn3d51xae,9s4ksymfybxigiq8vnmdvf7dg,F. Kocaba,Filip Kocaba,21,Midfielder,Poland,Midfielder,39.0,44.0,5.0,83.0,1.0,0.0,18.0,8.0,353.0,0.0,0.0,2.0,2.0,1.0,1.0,1.0,1.0,1.0,3.0,1.0,4.0,7.0,1.0,2.0,1.0,0.0,80.58,38.46,0.0,100.0,50.0,50.0,11.11,22.22,0.2076538818716667,0.1131496681308164,1.0,5.0,0.09876141,1.0,9.0,12.0,0.23874337,50.0,9.943342776203966,11.21813031161473,1.274787535410765,21.1614730878187,0.254957507082153,0.0,4.589235127478754,2.039660056657224,0.0,0.0,0.509915014164306,0.509915014164306,0.254957507082153,0.254957507082153,0.254957507082153,0.254957507082153,0.254957507082153,0.764872521246459,0.254957507082153,1.019830028328612,1.7847025495750708,0.254957507082153,0.509915014164306,0.254957507082153,0.0,80.58,38.46,0.0,100.0,50.0,50.0,11.11,22.22,0.052942916057932,0.0288483573138058,0.254957507082153,1.274787535410765,0.0251799628895184,0.254957507082153,2.294617563739377,3.059490084985836,0.060869414447592,12.747875354107649,DM/CM,45,36,62,39,26,52,79,71,30,45,39,39,65,35,73,26,26,48,65,71,85,44,47,95,52,24,33,30,89,77,50,18,21,64,39,52,50,42,36,50,65,42,45,21,9,36,9,18,52,48,48,30,45,24,21,55,30,61,18,18,30,52,45,82,30,33,94,52,24,33,30,89,77,50,18,21,42,18,45,30,18,21,21,33,21,24,Ekstraklasa
Zagłębie Lubin,145oko43h2g50ck9kn3d51xae,ai796gh4k5tzj9plkfo89ygru,F. Szymczak,Filip Szymczak,24,Attacker,Poland,Striker,13.0,15.0,2.0,27.0,5.0,0.0,12.0,0.0,175.0,1.0,0.0,1.0,4.0,3.0,1.0,2.0,4.0,4.0,1.0,0.0,9.0,3.0,1.0,1.0,0.0,0.0,75.0,100.0,100.0,25.0,0.0,38.71,38.46,33.33,0.2906729980529957,0.1304480291925447,1.0,1.0,0.05491138,0.0,2.0,3.0,0.12784961,8.0,6.685714285714286,7.714285714285714,1.0285714285714287,13.885714285714286,2.571428571428572,0.0,6.171428571428572,0.0,0.5142857142857143,0.0,0.5142857142857143,2.0571428571428574,1.542857142857143,0.5142857142857143,1.0285714285714287,2.0571428571428574,2.0571428571428574,0.5142857142857143,0.0,4.628571428571429,1.542857142857143,0.5142857142857143,0.5142857142857143,0.0,0.0,75.0,100.0,100.0,25.0,0.0,38.71,38.46,33.33,0.1494889704272549,0.0670875578704515,0.5142857142857143,0.5142857142857143,0.0282401382857142,0.0,1.0285714285714287,1.542857142857143,0.065751228,4.114285714285715,ST,68,28,82,35,43,50,46,10,85,42,19,21,26,38,47,65,65,67,8,31,53,46,58,26,51,69,92,99,39,8,22,28,47,19,42,36,26,36,22,53,58,56,31,75,47,89,56,56,50,61,10,89,42,14,31,31,36,72,81,78,75,8,36,69,53,64,26,51,69,92,99,39,8,22,28,47,19,44,42,33,56,22,56,67,61,50,Ekstraklasa
Zagłębie Lubin,145oko43h2g50ck9kn3d51xae,bmo56v7uvb34hdh25rgndo1ec,J. Kolan,Jakub Kolan,22,Midfielder,Poland,Midfielder,7.0,14.0,0.0,20.0,0.0,0.0,9.0,7.0,136.0,1.0,0.0,1.0,1.0,1.0,0.0,0.0,1.0,1.0,2.0,0.0,3.0,4.0,1.0,2.0,0.0,0.0,66.67,0.0,11.11,100.0,0.0,42.86,0.0,50.0,0.0648910304620978,0.0692327882690124,0.0,2.0,0.04347372,1.0,5.0,5.0,0.1877335,11.0,4.632352941176471,9.264705882352942,0.0,13.23529411764706,0.0,0.0,5.955882352941177,4.632352941176471,0.6617647058823529,0.0,0.6617647058823529,0.6617647058823529,0.6617647058823529,0.0,0.0,0.6617647058823529,0.6617647058823529,1.3235294117647058,0.0,1.9852941176470589,2.647058823529412,0.6617647058823529,1.3235294117647058,0.0,0.0,66.67,0.0,11.11,100.0,0.0,42.86,0.0,50.0,0.0429425936881529,0.0458158157662582,0.0,1.3235294117647058,0.0287693735294117,0.6617647058823529,3.308823529411765,3.308823529411765,0.1242354044117647,7.279411764705882,DM/CM,3,6,6,3,8,52,32,64,70,45,21,18,65,14,29,26,26,32,24,53,67,44,47,45,52,3,6,61,89,24,30,9,44,18,24,20,18,18,36,29,23,27,6,3,6,6,3,8,52,76,94,85,45,30,33,85,14,29,42,42,67,24,85,91,70,79,45,52,3,6,61,89,24,30,9,44,30,42,20,33,27,45,45,39,55,6,Ekstraklasa
Zagłębie Lubin,145oko43h2g50ck9kn3d51xae,ci8x7nlhl8rkjenupa7tzihnt,D. Michalski,Damian Michalski,28,Defender,Poland,Defender,53.0,13.0,2.0,66.0,4.0,0.0,6.0,17.0,271.0,0.0,0.0,3.0,1.0,1.0,0.0,0.0,0.0,0.0,1.0,0.0,4.0,1.0,0.0,0.0,0.0,0.0,83.54,25.0,0.0,0.0,0.0,46.15,44.44,0.0,0.1221083840839158,0.1785994172991843,0.0,0.0,0.0,0.0,2.0,4.0,0.09696968,29.0,17.60147601476015,4.317343173431734,0.6642066420664207,21.918819188191883,1.328413284132841,0.0,1.992619926199262,5.645756457564576,0.0,0.0,0.996309963099631,0.3321033210332103,0.3321033210332103,0.0,0.0,0.0,0.0,0.3321033210332103,0.0,1.328413284132841,0.3321033210332103,0.0,0.0,0.0,0.0,83.54,25.0,0.0,0.0,0.0,46.15,44.44,0.0,0.0405525998802672,0.0593134596196553,0.0,0.0,0.0,0.0,0.6642066420664207,1.328413284132841,0.0322039527675276,9.6309963099631,CB,33,7,15,19,37,47,28,56,43,42,88,41,48,38,34,29,27,24,38,62,42,35,13,43,51,30,17,43,35,38,23,30,13,42,84,36,21,21,34,29,37,35,28,16,5,12,14,23,47,12,56,43,42,86,35,40,38,34,29,27,19,38,60,42,35,13,43,51,30,17,43,35,38,23,30,13,40,84,36,21,21,34,28,35,28,28,Ekstraklasa
Lech Poznań,duvz7klp081jpg8fx5nze7ks7,1957std7hji9ca7bd29y8at7u,P. Wålemark,Patrik Wålemark,24,Midfielder,Sweden,Midfielder,6.0,32.0,0.0,32.0,1.0,0.0,14.0,1.0,188.0,6.0,0.0,4.0,7.0,5.0,2.0,5.0,7.0,8.0,0.0,1.0,17.0,8.0,3.0,2.0,0.0,0.0,72.73,0.0,46.15,42.86,14.29,53.85,50.0,100.0,0.6869039196440119,0.501733545265147,4.0,4.0,0.09909809,3.0,2.0,6.0,0.1559456199999999,14.0,2.872340425531915,15.319148936170212,0.0,15.319148936170212,0.4787234042553191,0.0,6.702127659574468,0.4787234042553191,2.872340425531915,0.0,1.9148936170212765,3.351063829787234,2.3936170212765955,0.9574468085106382,2.3936170212765955,3.351063829787234,3.829787234042553,0.0,0.4787234042553191,8.138297872340425,3.829787234042553,1.4361702127659577,0.9574468085106382,0.0,0.0,72.73,0.0,46.15,42.86,14.29,53.85,50.0,100.0,0.3288369828083035,0.2401915908184214,1.9148936170212765,1.9148936170212765,0.047440575,1.4361702127659577,0.9574468085106382,2.872340425531915,0.0746548180851063,6.702127659574468,CM/AM,11,21,8,17,37,51,60,19,87,39,54,74,76,54,96,74,76,12,48,89,73,65,45,32,50,10,8,90,52,40,65,71,89,76,69,88,32,31,56,17,33,19,21,12,24,8,14,38,51,83,21,100,39,62,86,86,64,98,86,90,12,55,100,95,76,57,32,50,10,8,90,52,40,65,71,89,86,76,90,43,43,64,19,45,19,19,Ekstraklasa
Lech Poznań,duvz7klp081jpg8fx5nze7ks7,2z5wtnsmcoo56atafsomynlec,A. Kozubal,Antoni Kozubal,22,Midfielder,Poland,Midfielder,48.0,37.0,2.0,85.0,7.0,0.0,11.0,5.0,225.0,0.0,0.0,4.0,3.0,2.0,1.0,0.0,4.0,4.0,3.0,2.0,6.0,1.0,1.0,1.0,0.0,0.0,88.54,66.67,0.0,25.0,66.67,50.0,87.5,50.0,0.2960818266455322,0.2641383951481145,0.0,6.0,0.13499889,3.0,4.0,10.0,0.3563177399999999,40.0,19.2,14.8,0.8,34.0,2.8,0.0,4.4,2.0,0.0,0.0,1.6,1.2,0.8,0.4,0.0,1.6,1.6,1.2,0.8,2.4,0.4,0.4,0.4,0.0,0.0,88.54,66.67,0.0,25.0,66.67,50.0,87.5,50.0,0.1184327306582128,0.1056553580592458,0.0,2.4,0.053999556,1.2,1.6,4.0,0.1425270959999999,16.0,DM/CM,59,27,26,42,86,52,42,44,30,45,77,70,91,35,29,85,83,48,91,89,20,44,26,45,52,85,82,30,30,92,50,100,44,79,67,20,61,61,64,20,50,64,36,70,21,24,39,88,52,42,45,30,45,79,67,94,36,29,88,88,52,97,91,18,38,18,45,52,85,82,30,30,92,50,100,44,88,73,20,67,61,70,15,61,73,33,Ekstraklasa
Lech Poznań,duvz7klp081jpg8fx5nze7ks7,3cguasdf8d21sxsk537az9yax,Joel Pereira,Joel Vieira Pereira,29,Defender,Portugal,Defender,31.0,47.0,13.0,75.0,1.0,0.0,12.0,6.0,206.0,3.0,0.0,3.0,0.0,0.0,0.0,0.0,1.0,1.0,1.0,0.0,1.0,4.0,1.0,4.0,0.0,0.0,75.0,54.17,15.0,100.0,0.0,50.0,16.67,66.67,0.0,0.2912051346107689,0.0,7.0,0.15518028,1.0,8.0,11.0,0.59535911,39.0,13.543689320388353,20.533980582524272,5.6796116504854375,32.76699029126214,0.4368932038834952,0.0,5.242718446601942,2.621359223300971,1.3106796116504855,0.0,1.3106796116504855,0.0,0.0,0.0,0.0,0.4368932038834952,0.4368932038834952,0.4368932038834952,0.0,0.4368932038834952,1.7475728155339807,0.4368932038834952,1.7475728155339807,0.0,0.0,75.0,54.17,15.0,100.0,0.0,50.0,16.67,66.67,0.0,0.1272255442474233,0.0,3.058252427184466,0.0677972097087378,0.4368932038834952,3.4951456310679614,4.805825242718447,0.2601083490291262,17.038834951456312,RB/RCB,27,50,96,31,21,44,48,15,87,42,71,19,25,35,37,46,46,17,35,21,81,62,63,48,52,8,69,42,92,35,50,31,62,21,81,37,88,81,42,56,65,81,38,35,65,100,46,19,44,77,19,92,42,85,19,25,35,37,50,50,15,35,23,85,69,81,48,52,8,69,42,92,35,50,31,62,21,81,37,92,88,50,73,85,96,58,Ekstraklasa
Lech Poznań,duvz7klp081jpg8fx5nze7ks7,4di5fe8ewh5fpduq6hobilvjd,L. Palma,Luis Palma,26,Midfielder,Honduras,Midfielder,14.0,46.0,3.0,53.0,1.0,0.0,6.0,3.0,183.0,7.0,2.0,7.0,6.0,2.0,4.0,2.0,5.0,5.0,1.0,1.0,9.0,2.0,2.0,0.0,0.0,0.0,74.65,50.0,43.75,40.0,16.67,40.0,25.0,0.0,0.4044187655380144,0.777863030896267,2.0,10.0,0.24837913,4.0,6.0,10.0,0.8628089,29.0,6.885245901639345,22.62295081967213,1.475409836065574,26.06557377049181,0.4918032786885246,0.0,2.950819672131148,1.475409836065574,3.4426229508196724,0.9836065573770492,3.4426229508196724,2.950819672131148,0.9836065573770492,1.9672131147540983,0.9836065573770492,2.459016393442623,2.459016393442623,0.4918032786885246,0.4918032786885246,4.426229508196721,0.9836065573770492,0.9836065573770492,0.0,0.0,0.0,74.65,50.0,43.75,40.0,16.67,40.0,25.0,0.0,0.1988944748547612,0.3825555889653772,0.9836065573770492,4.918032786885246,0.1221536704918032,1.9672131147540983,2.950819672131148,4.918032786885246,0.4243322459016393,14.262295081967212,LM/LCM,38,62,75,50,31,50,12,56,100,100,94,78,50,88,72,41,38,47,53,56,25,41,16,38,53,19,56,100,34,50,16,28,16,62,94,62,66,62,72,78,81,100,62,56,94,81,75,38,50,6,56,100,100,100,88,56,81,69,50,31,50,56,75,25,44,16,38,53,19,56,100,34,50,16,28,16,94,100,75,94,94,88,88,100,100,75,Ekstraklasa
Lech Poznań,duvz7klp081jpg8fx5nze7ks7,5ghpsybqgvquh7yffa117tg8a,A. Sayyadmanesh,Allahyar Sayyadmanesh,25,Midfielder,Iran,Midfielder,10.0,18.0,0.0,27.0,1.0,0.0,12.0,3.0,98.0,1.0,0.0,2.0,5.0,3.0,2.0,0.0,5.0,5.0,1.0,3.0,5.0,4.0,3.0,3.0,2.0,0.0,81.82,0.0,50.0,60.0,60.0,57.14,33.33,75.0,0.4620207449892596,0.2197071140310228,3.0,3.0,0.1707274,0.0,2.0,3.0,0.20684083,8.0,9.183673469387756,16.53061224489796,0.0,24.795918367346943,0.9183673469387756,0.0,11.020408163265309,2.7551020408163267,0.9183673469387756,0.0,1.8367346938775515,4.591836734693878,2.7551020408163267,1.8367346938775515,0.0,4.591836734693878,4.591836734693878,0.9183673469387756,2.7551020408163267,4.591836734693878,3.673469387755103,2.7551020408163267,2.7551020408163267,1.8367346938775515,0.0,81.82,0.0,50.0,60.0,60.0,57.14,33.33,75.0,0.4243047658064629,0.2017718394162454,2.7551020408163267,2.7551020408163267,0.1567904693877551,0.0,1.8367346938775515,2.7551020408163267,0.1899558642857143,7.346938775510205,CM/AM,18,12,8,14,37,51,46,57,32,39,32,54,57,54,14,61,60,44,77,39,52,65,62,93,50,43,8,94,75,88,85,45,62,57,40,74,21,57,6,17,15,29,13,60,33,8,50,64,51,100,98,55,39,60,95,90,93,14,98,98,86,98,76,93,98,95,100,50,43,8,94,75,88,85,45,62,93,69,95,67,93,6,36,38,81,24,Ekstraklasa
Lech Poznań,duvz7klp081jpg8fx5nze7ks7,6dioxrahqm3l316lwtvqstnxm,Pablo Rodríguez,Pablo Rodríguez,25,Midfielder,Spain,Midfielder,20.0,44.0,3.0,64.0,1.0,0.0,15.0,1.0,198.0,0.0,2.0,8.0,9.0,5.0,4.0,3.0,3.0,3.0,3.0,2.0,7.0,6.0,1.0,2.0,0.0,0.0,80.0,37.5,0.0,33.33,22.22,57.69,50.0,28.57,0.7723088478323276,0.5239004545439376,3.0,7.0,0.17988514,5.0,8.0,7.0,0.2484984499999999,22.0,9.09090909090909,20.0,1.3636363636363635,29.09090909090909,0.4545454545454545,0.0,6.8181818181818175,0.4545454545454545,0.0,0.9090909090909092,3.636363636363636,4.090909090909091,2.2727272727272725,1.818181818181818,1.3636363636363635,1.3636363636363635,1.3636363636363635,1.3636363636363635,0.9090909090909092,3.1818181818181817,2.727272727272727,0.4545454545454545,0.9090909090909092,0.0,0.0,80.0,37.5,0.0,33.33,22.22,57.69,50.0,28.57,0.3510494762874216,0.2381365702472443,1.3636363636363635,3.1818181818181817,0.0817659727272727,2.2727272727272725,3.636363636363636,3.1818181818181817,0.1129538409090908,10.0,ST,88,89,93,88,10,50,62,29,39,100,97,61,46,88,71,56,53,97,39,24,75,46,83,26,51,81,61,39,44,31,92,58,42,56,94,82,88,81,97,96,90,75,89,92,100,94,100,11,50,78,31,39,100,100,83,56,94,86,58,58,100,50,14,94,50,94,26,51,81,61,39,44,31,92,58,42,56,100,86,94,83,100,97,94,81,94,Ekstraklasa
Lech Poznań,duvz7klp081jpg8fx5nze7ks7,8af61do2dmxrr3ib9acck4aju,M. Skrzypczak,Mateusz Skrzypczak,26,Defender,Poland,Defender,57.0,37.0,8.0,94.0,1.0,0.0,3.0,8.0,180.0,0.0,0.0,0.0,0.0,0.0,0.0,0.0,1.0,1.0,1.0,0.0,0.0,2.0,0.0,0.0,0.0,0.0,93.07,72.73,0.0,0.0,0.0,30.0,50.0,0.0,0.0,0.0,0.0,0.0,0.0,0.0,0.0,0.0,0.0,0.0,28.5,18.5,4.0,47.0,0.5,0.0,1.5,4.0,0.0,0.0,0.0,0.0,0.0,0.0,0.0,0.5,0.5,0.5,0.0,0.0,1.0,0.0,0.0,0.0,0.0,93.07,72.73,0.0,0.0,0.0,30.0,50.0,0.0,0.0,0.0,0.0,0.0,0.0,0.0,0.0,0.0,0.0,0.0,CB,35,45,59,31,8,47,8,16,43,42,23,15,19,38,34,67,65,24,38,8,66,35,13,43,51,93,98,43,35,38,12,41,13,15,26,36,21,21,34,12,13,12,12,58,67,80,62,7,47,7,22,43,42,23,15,19,38,34,76,73,29,38,8,77,35,13,43,51,93,98,43,35,38,12,41,13,15,26,36,21,21,34,12,13,12,12,Ekstraklasa
Lech Poznań,duvz7klp081jpg8fx5nze7ks7,8t9x6qe02hvtupcej7q46fphx,M. Ishak,Mikael Ishak,33,Attacker,Sweden,Striker,8.0,7.0,0.0,15.0,2.0,0.0,6.0,4.0,119.0,0.0,0.0,1.0,6.0,6.0,0.0,1.0,2.0,2.0,0.0,3.0,8.0,2.0,0.0,1.0,1.0,0.0,71.43,0.0,0.0,0.0,50.0,42.86,40.0,50.0,0.7113250257750708,0.1247032418344966,0.0,1.0,0.01685596,0.0,0.0,2.0,0.2013282199999999,7.0,6.050420168067227,5.294117647058823,0.0,11.344537815126053,1.512605042016807,0.0,4.53781512605042,3.0252100840336134,0.0,0.0,0.7563025210084033,4.53781512605042,4.53781512605042,0.0,0.7563025210084033,1.512605042016807,1.512605042016807,0.0,2.26890756302521,6.050420168067227,1.512605042016807,0.0,0.7563025210084033,0.7563025210084033,0.0,71.43,0.0,0.0,0.0,50.0,42.86,40.0,50.0,0.5379769102500536,0.0943133761773503,0.0,0.7563025210084033,0.0127482050420168,0.0,0.0,1.512605042016807,0.1522650403361344,5.294117647058823,ST,33,4,25,8,19,50,17,65,39,42,19,39,58,14,26,39,35,28,57,28,33,17,58,64,51,58,25,39,17,83,44,32,62,47,39,12,26,22,22,12,35,69,26,69,11,25,42,28,50,33,92,39,42,29,92,100,14,51,64,64,28,97,72,62,17,82,92,51,58,25,39,17,83,44,32,62,97,61,12,50,28,22,12,64,94,64,Ekstraklasa
Lech Poznań,duvz7klp081jpg8fx5nze7ks7,8uzx6yb66zjn0ke2rwqlg7wus,Y. Agnero,Yannick Agnero,23,Attacker,Côte d'Ivoire,Striker,5.0,12.0,0.0,17.0,4.0,0.0,7.0,0.0,166.0,0.0,0.0,2.0,8.0,6.0,2.0,1.0,2.0,2.0,0.0,4.0,10.0,2.0,1.0,0.0,1.0,0.0,85.0,0.0,0.0,50.0,50.0,50.0,66.67,0.0,0.7964076988092146,0.1895029432899304,2.0,0.0,0.0,1.0,2.0,0.0,0.1518434199999999,7.0,2.710843373493976,6.506024096385541,0.0,9.216867469879515,2.1686746987951806,0.0,3.795180722891566,0.0,0.0,0.0,1.0843373493975903,4.337349397590361,3.2530120481927707,1.0843373493975903,0.5421686746987951,1.0843373493975903,1.0843373493975903,0.0,2.1686746987951806,5.421686746987952,1.0843373493975903,0.5421686746987951,0.0,0.5421686746987951,0.0,85.0,0.0,0.0,50.0,50.0,50.0,66.67,0.0,0.4317873065833091,0.1027425596150225,1.0843373493975903,0.0,0.0,0.5421686746987951,1.0843373493975903,0.0,0.0823247457831324,3.795180722891566,ST,11,19,25,14,35,50,21,10,39,42,35,56,58,62,26,39,35,28,78,38,33,46,21,64,51,94,25,39,57,83,75,90,21,58,50,64,11,11,60,53,11,61,26,28,33,25,25,47,50,22,10,39,42,51,89,83,81,25,50,47,28,94,56,40,56,21,75,51,94,25,39,57,83,75,90,21,75,75,78,11,11,76,58,11,69,44,Ekstraklasa
Lech Poznań,duvz7klp081jpg8fx5nze7ks7,agsollzstr45ee0z17tle8d1w,T. Yegbe,Terry Yegbe,25,Defender,Ghana,Defender,38.0,25.0,5.0,63.0,3.0,0.0,4.0,4.0,90.0,0.0,0.0,1.0,1.0,0.0,1.0,1.0,0.0,0.0,1.0,0.0,1.0,0.0,0.0,1.0,0.0,0.0,91.3,62.5,0.0,0.0,0.0,0.0,0.0,100.0,0.0576152459415091,0.0,1.0,0.0,0.0,0.0,7.0,6.0,0.09510141,44.0,38.0,25.0,5.0,63.0,3.0,0.0,4.0,4.0,0.0,0.0,1.0,1.0,0.0,1.0,1.0,0.0,0.0,1.0,0.0,1.0,0.0,0.0,1.0,0.0,0.0,91.3,62.5,0.0,0.0,0.0,0.0,0.0,100.0,0.0576152459415091,0.0,1.0,0.0,0.0,0.0,7.0,6.0,0.09510141,44.0,CB,19,21,40,16,28,47,13,5,43,42,59,41,19,84,77,29,27,24,38,22,15,35,40,43,51,86,84,43,35,38,2,6,88,33,26,81,21,21,34,48,45,33,33,86,93,97,94,73,47,58,22,43,42,88,83,19,100,100,29,27,64,38,49,15,35,76,43,51,86,84,43,35,38,2,6,88,53,26,100,21,21,34,95,95,74,98,Ekstraklasa
Lech Poznań,duvz7klp081jpg8fx5nze7ks7,b3eh9tjw2048na1nv7oeyw9ka,D. Håkans,Daniel Håkans,25,Midfielder,Finland,Midfielder,2.0,10.0,0.0,12.0,2.0,0.0,3.0,3.0,107.0,0.0,1.0,1.0,1.0,0.0,1.0,0.0,0.0,0.0,0.0,1.0,5.0,1.0,0.0,0.0,0.0,0.0,85.71,0.0,0.0,0.0,100.0,0.0,0.0,0.0,0.0865551774111703,0.1403246841031436,1.0,2.0,0.11090316,1.0,0.0,1.0,0.06823744,4.0,1.6822429906542056,8.411214953271028,0.0,10.093457943925234,1.6822429906542056,0.0,2.5233644859813085,2.5233644859813085,0.0,0.8411214953271028,0.8411214953271028,0.8411214953271028,0.0,0.8411214953271028,0.0,0.0,0.0,0.0,0.8411214953271028,4.205607476635514,0.8411214953271028,0.0,0.0,0.0,0.0,85.71,0.0,0.0,0.0,100.0,0.0,0.0,0.0,0.0728034202523862,0.1180301081241394,0.8411214953271028,1.6822429906542056,0.0932830317757009,0.8411214953271028,0.0,0.8411214953271028,0.0573959775700934,3.364485981308411,CM,100,100,100,100,100,100,100,100,100,100,100,100,100,100,100,100,100,100,100,100,100,100,100,100,100,100,100,100,100,100,100,100,100,100,100,100,100,100,100,100,100,100,100,100,100,100,100,100,100,100,100,100,100,100,100,100,100,100,100,100,100,100,100,100,100,100,100,100,100,100,100,100,100,100,100,100,100,100,100,100,100,100,100,100,100,100,Ekstraklasa
Lech Poznań,duvz7klp081jpg8fx5nze7ks7,c03kbtbdediv8mi5iuvy8vmz8,W. Mońka,Wojciech Monka,19,Defender,Poland,Defender,85.0,84.0,9.0,169.0,3.0,0.0,5.0,11.0,270.0,0.0,0.0,0.0,0.0,0.0,0.0,0.0,1.0,1.0,1.0,0.0,3.0,2.0,1.0,0.0,0.0,0.0,90.86,75.0,0.0,100.0,0.0,71.43,75.0,0.0,0.0,0.0,0.0,0.0,0.0,0.0,0.0,0.0,0.0,0.0,28.33333333333333,28.0,3.0,56.333333333333336,1.0,0.0,1.6666666666666667,3.6666666666666665,0.0,0.0,0.0,0.0,0.0,0.0,0.0,0.3333333333333333,0.3333333333333333,0.3333333333333333,0.0,1.0,0.6666666666666666,0.3333333333333333,0.0,0.0,0.0,90.86,75.0,0.0,100.0,0.0,71.43,75.0,0.0,0.0,0.0,0.0,0.0,0.0,0.0,0.0,0.0,0.0,0.0,RB/RCB,85,87,92,81,62,44,17,54,19,42,8,19,25,35,37,46,46,17,35,40,40,62,10,48,52,92,100,19,92,35,96,98,10,21,12,37,12,12,15,10,10,10,10,85,92,92,100,65,44,12,46,19,42,8,19,25,35,37,44,44,8,35,38,37,65,10,48,52,92,100,19,92,35,96,98,10,21,12,37,12,12,15,10,10,10,10,Ekstraklasa
Lech Poznań,duvz7klp081jpg8fx5nze7ks7,e4zef10cq38ujbj2704zw2y1h,R. Murawski,Radoslaw Murawski,32,Midfielder,Poland,Midfielder,34.0,57.0,4.0,91.0,1.0,0.0,4.0,0.0,161.0,0.0,0.0,0.0,2.0,0.0,2.0,1.0,0.0,0.0,3.0,1.0,0.0,2.0,0.0,0.0,0.0,0.0,83.49,57.14,0.0,0.0,50.0,26.67,50.0,0.0,0.1010525968120299,0.0,1.0,12.0,0.2409404599999999,3.0,23.0,10.0,0.24192017,53.0,19.00621118012422,31.86335403726708,2.2360248447204967,50.869565217391305,0.5590062111801242,0.0,2.2360248447204967,0.0,0.0,0.0,0.0,1.1180124223602483,0.0,1.1180124223602483,0.5590062111801242,0.0,0.0,1.6770186335403725,0.5590062111801242,0.0,1.1180124223602483,0.0,0.0,0.0,0.0,83.49,57.14,0.0,0.0,50.0,26.67,50.0,0.0,0.0564890292738055,0.0,0.5590062111801242,6.70807453416149,0.1346872136645962,1.6770186335403725,12.857142857142856,5.590062111801242,0.1352348776397515,29.627329192546583,DM/CM,35,52,50,45,26,52,8,5,30,45,6,39,24,59,73,8,8,48,65,9,32,15,9,45,52,39,67,30,15,77,3,55,9,27,6,52,83,82,64,91,50,45,52,64,94,73,88,27,52,9,5,30,45,6,61,24,73,88,8,8,85,79,9,45,15,9,45,52,39,67,30,15,77,3,55,9,45,6,61,100,100,85,100,88,67,91,Ekstraklasa
Lech Poznań,duvz7klp081jpg8fx5nze7ks7,gow2nhkf0qhk96frj3j71rtg,M. Gurgul,Michal Gurgul,20,Defender,Poland,Defender,48.0,68.0,8.0,113.0,1.0,0.0,4.0,7.0,225.0,3.0,0.0,5.0,3.0,0.0,3.0,0.0,1.0,1.0,2.0,0.0,1.0,0.0,1.0,0.0,0.0,0.0,82.48,57.14,50.0,100.0,0.0,57.14,50.0,0.0,0.1644260744864381,0.4966689403385577,2.0,6.0,0.1321880799999999,3.0,14.0,17.0,0.7246654099999996,63.0,19.2,27.2,3.2,45.2,0.4,0.0,1.6,2.8,1.2,0.0,2.0,1.2,0.0,1.2,0.0,0.4,0.4,0.8,0.0,0.4,0.0,0.4,0.0,0.0,0.0,82.48,57.14,50.0,100.0,0.0,57.14,50.0,0.0,0.0657704297945752,0.198667576135423,0.8,2.4,0.0528752319999999,1.2,5.6,6.8,0.2898661639999998,25.2,LB/LCB,46,60,83,40,31,52,10,33,71,44,73,50,17,85,25,27,27,46,27,17,15,42,6,38,52,46,71,96,98,27,77,77,6,42,71,77,65,54,50,79,88,88,67,71,92,88,92,31,52,4,29,83,44,83,71,17,96,25,29,29,48,27,12,15,42,6,38,52,46,71,96,98,27,77,77,6,54,79,83,77,71,69,92,92,96,79,Ekstraklasa
Legia Warszawa,d7udukc1t631drge83p7ucqws,24vcbw5vjde4zgnj19e8ah6ok,J. Żewłakow,Jakub Zewlakow,19,Attacker,Poland,Striker,7.0,20.0,1.0,27.0,2.0,0.0,8.0,0.0,98.0,0.0,0.0,3.0,3.0,2.0,1.0,1.0,2.0,2.0,0.0,2.0,6.0,2.0,2.0,2.0,0.0,0.0,72.97,33.33,0.0,100.0,66.67,50.0,50.0,100.0,0.2057714988739892,0.1546889340834029,2.0,3.0,0.1040424099999999,0.0,2.0,2.0,0.06730185,14.0,6.428571428571429,18.367346938775512,0.9183673469387756,24.795918367346943,1.8367346938775515,0.0,7.346938775510205,0.0,0.0,0.0,2.7551020408163267,2.7551020408163267,1.8367346938775515,0.9183673469387756,0.9183673469387756,1.8367346938775515,1.8367346938775515,0.0,1.8367346938775515,5.510204081632653,1.8367346938775515,1.8367346938775515,1.8367346938775515,0.0,0.0,72.97,33.33,0.0,100.0,66.67,50.0,50.0,100.0,0.1889738254965207,0.1420612659949618,1.8367346938775515,2.7551020408163267,0.0955491520408162,0.0,1.8367346938775515,1.8367346938775515,0.0618078214285714,12.857142857142858,ST,21,49,61,35,19,50,26,10,39,42,54,17,15,38,26,39,35,28,39,17,33,65,83,26,51,61,58,39,94,94,75,58,89,14,44,64,60,64,22,53,35,33,64,72,97,86,92,42,50,86,10,39,42,97,42,42,75,64,78,75,28,89,58,75,92,100,26,51,61,58,39,94,94,75,58,89,25,92,94,89,92,22,75,78,58,97,Ekstraklasa
Legia Warszawa,d7udukc1t631drge83p7ucqws,4c49lyxikhkjl8bkp7eoqbtw4,Henrique Arreiol,Henrique Miguel Sousa Arreiol,21,Midfielder,Portugal,Midfielder,36.0,39.0,2.0,75.0,1.0,0.0,3.0,2.0,134.0,0.0,0.0,1.0,2.0,0.0,2.0,0.0,3.0,3.0,4.0,0.0,0.0,0.0,1.0,1.0,0.0,0.0,96.15,100.0,0.0,33.33,0.0,30.0,0.0,100.0,0.0949978605937171,0.0972037966097802,2.0,5.0,0.1047007,4.0,5.0,6.0,0.18515837,41.0,24.17910447761194,26.19402985074627,1.343283582089552,50.373134328358205,0.6716417910447761,0.0,2.014925373134328,1.343283582089552,0.0,0.0,0.6716417910447761,1.343283582089552,0.0,1.343283582089552,0.0,2.014925373134328,2.014925373134328,2.686567164179104,0.0,0.0,0.0,0.6716417910447761,0.6716417910447761,0.0,0.0,96.15,100.0,0.0,33.33,0.0,30.0,0.0,100.0,0.0638045332345861,0.0652861320513449,1.343283582089552,3.3582089552238803,0.0703213656716417,2.686567164179104,3.3582089552238803,4.029850746268656,0.1243600992537313,27.53731343283582,DM/CM,39,30,26,33,26,52,3,14,30,45,21,39,24,59,29,71,70,65,24,9,8,44,26,45,52,100,98,30,38,24,6,9,98,21,36,76,50,48,76,29,32,24,41,85,76,42,85,39,52,6,27,30,45,36,76,24,82,29,91,91,97,24,9,8,76,42,45,52,100,98,30,38,24,6,9,98,52,52,94,82,76,97,48,64,58,88,Ekstraklasa
Legia Warszawa,d7udukc1t631drge83p7ucqws,4nk3po2hbfahzgq57g8k4cg6h,Rúben Vinagre,Rúben Gonçalo da Silva Nascimento Vinagre,27,Defender,Portugal,Defender,50.0,81.0,7.0,118.0,3.0,0.0,23.0,10.0,447.0,13.0,1.0,12.0,6.0,2.0,4.0,1.0,17.0,17.0,5.0,3.0,12.0,7.0,11.0,1.0,1.0,0.0,84.29,53.85,30.23,64.71,50.0,46.0,50.0,50.0,0.2405201876860951,1.5108214589339184,5.0,16.0,0.42298538,8.0,9.0,11.0,1.3157505200000004,33.0,10.06711409395973,16.308724832214764,1.4093959731543624,23.758389261744966,0.6040268456375839,0.0,4.630872483221476,2.013422818791946,2.61744966442953,0.2013422818791946,2.416107382550336,1.2080536912751678,0.4026845637583892,0.8053691275167785,0.2013422818791946,3.4228187919463084,3.4228187919463084,1.006711409395973,0.6040268456375839,2.416107382550336,1.4093959731543624,2.214765100671141,0.2013422818791946,0.2013422818791946,0.0,84.29,53.85,30.23,64.71,50.0,46.0,50.0,50.0,0.0484268834267305,0.304192240053809,1.006711409395973,3.221476510067114,0.0851648416107382,1.610738255033557,1.812080536912752,2.214765100671141,0.264916212080537,6.644295302013423,LB/LCB,52,88,75,50,65,52,85,44,100,92,100,85,67,100,62,100,100,73,96,92,94,100,19,88,52,62,62,71,83,88,33,77,40,54,100,100,100,96,98,54,48,100,29,21,46,50,17,50,52,67,25,92,88,88,75,50,79,50,96,96,62,79,67,88,100,12,75,52,62,62,71,83,88,33,77,40,29,92,96,92,92,75,29,21,92,8,Ekstraklasa
Legia Warszawa,d7udukc1t631drge83p7ucqws,6brkphrym1x1fqgbcum0ugm7e,M. Ševčík,Michal Sevcík,24,Midfielder,Czechia,Midfielder,12.0,20.0,6.0,32.0,1.0,0.0,8.0,1.0,126.0,0.0,0.0,1.0,5.0,3.0,2.0,3.0,3.0,3.0,4.0,2.0,5.0,2.0,1.0,3.0,1.0,0.0,82.05,85.71,0.0,33.33,40.0,57.14,0.0,75.0,0.4114496707826464,0.1007997386379833,2.0,3.0,0.08876838,0.0,3.0,6.0,0.2114790099999999,14.0,8.571428571428571,14.285714285714286,4.285714285714286,22.857142857142858,0.7142857142857143,0.0,5.714285714285714,0.7142857142857143,0.0,0.0,0.7142857142857143,3.571428571428572,2.142857142857143,1.4285714285714286,2.142857142857143,2.142857142857143,2.142857142857143,2.857142857142857,1.4285714285714286,3.571428571428572,1.4285714285714286,0.7142857142857143,2.142857142857143,0.7142857142857143,0.0,82.05,85.71,0.0,33.33,40.0,57.14,0.0,75.0,0.2938926219876046,0.0719998133128452,1.4285714285714286,2.142857142857143,0.0634059857142857,0.0,2.142857142857143,4.285714285714286,0.1510564357142856,10.0,RM/RCM,36,19,90,33,24,52,29,21,17,38,29,67,69,64,88,29,26,90,74,38,43,36,83,76,52,62,90,17,45,57,76,21,71,67,33,64,33,38,10,45,57,24,31,52,33,100,43,29,52,86,24,17,38,43,86,95,76,95,57,52,100,86,62,67,52,100,86,52,62,90,17,45,57,76,21,71,90,38,76,57,62,10,52,67,52,43,Ekstraklasa
Legia Warszawa,d7udukc1t631drge83p7ucqws,8dobtgd3g7hv6avj3z81rq9nu,R. Adamski,Rafal Adamski,24,Attacker,Poland,Striker,10.0,15.0,0.0,25.0,4.0,0.0,15.0,1.0,257.0,0.0,0.0,1.0,8.0,7.0,1.0,0.0,8.0,8.0,1.0,3.0,15.0,7.0,2.0,1.0,2.0,0.0,71.43,0.0,0.0,25.0,37.5,30.61,19.05,50.0,0.9842903630001478,0.077067606404644,1.0,2.0,0.08133984,0.0,2.0,3.0,0.12201926,10.0,3.501945525291829,5.252918287937743,0.0,8.754863813229571,1.4007782101167314,0.0,5.252918287937743,0.3501945525291828,0.0,0.0,0.3501945525291828,2.801556420233463,2.45136186770428,0.3501945525291828,0.0,2.801556420233463,2.801556420233463,0.3501945525291828,1.050583657587549,5.252918287937743,2.45136186770428,0.7003891050583657,0.3501945525291828,0.7003891050583657,0.0,71.43,0.0,0.0,25.0,37.5,30.61,19.05,50.0,0.3446931232296237,0.0269886559393694,0.3501945525291828,0.7003891050583657,0.0284847688715953,0.0,0.7003891050583657,1.050583657587549,0.042730480155642,3.501945525291829,LW,67,33,50,67,67,67,83,67,67,67,67,100,100,83,33,67,67,67,100,67,100,50,67,100,67,33,50,67,67,100,33,67,67,100,67,33,33,33,50,83,67,67,67,33,33,50,33,67,67,67,67,67,67,67,100,67,100,33,33,33,67,100,33,67,33,67,100,67,33,50,67,67,100,33,67,67,100,67,33,33,33,50,100,67,67,33,Ekstraklasa
Legia Warszawa,d7udukc1t631drge83p7ucqws,917ymyrnr0x9jesn60woc6j56,Ł. Zjawiński,Lukasz Zjawinski,25,Attacker,Poland,Striker,8.0,32.0,2.0,40.0,16.0,0.0,28.0,2.0,381.0,0.0,0.0,6.0,16.0,16.0,0.0,4.0,1.0,1.0,2.0,5.0,28.0,10.0,1.0,1.0,3.0,0.0,62.5,100.0,0.0,100.0,31.25,49.12,43.24,100.0,1.906509488158728,0.2831944862123406,0.0,6.0,0.16803236,2.0,4.0,3.0,0.1239996499999999,16.0,1.889763779527559,7.559055118110236,0.4724409448818897,9.448818897637794,3.779527559055118,0.0,6.6141732283464565,0.4724409448818897,0.0,0.0,1.4173228346456692,3.779527559055118,3.779527559055118,0.0,0.9448818897637796,0.2362204724409448,0.2362204724409448,0.4724409448818897,1.1811023622047243,6.6141732283464565,2.3622047244094486,0.2362204724409448,0.2362204724409448,0.7086614173228346,0.0,62.5,100.0,0.0,100.0,31.25,49.12,43.24,100.0,0.4503565720059987,0.0668963353257497,0.0,1.4173228346456692,0.0396926834645669,0.4724409448818897,0.9448818897637796,0.7086614173228346,0.0292912559055117,3.779527559055118,ST,33,74,82,65,94,50,92,49,39,42,92,90,99,14,90,21,19,88,88,94,93,46,58,96,51,25,92,39,94,42,67,42,89,94,67,12,83,75,83,71,58,53,74,11,39,69,31,81,50,72,33,39,42,78,72,97,14,67,17,17,72,67,78,86,39,42,86,51,25,92,39,94,42,67,42,89,83,42,12,64,64,69,53,33,36,42,Ekstraklasa
Legia Warszawa,d7udukc1t631drge83p7ucqws,91suopiz6irxqevhzv8lx76ne,M. Rajović,Mileta Rajovic,27,Attacker,Denmark,Striker,8.0,14.0,1.0,22.0,12.0,0.0,15.0,8.0,210.0,0.0,0.0,0.0,9.0,7.0,2.0,3.0,2.0,2.0,0.0,4.0,18.0,2.0,1.0,0.0,0.0,0.0,59.46,100.0,0.0,50.0,44.44,48.39,48.0,0.0,0.9670117843167576,0.0,2.0,0.0,0.0,0.0,0.0,0.0,0.00798581,5.0,3.4285714285714284,6.0,0.4285714285714285,9.428571428571429,5.142857142857142,0.0,6.428571428571428,3.4285714285714284,0.0,0.0,0.0,3.8571428571428568,3.0,0.8571428571428571,1.2857142857142856,0.8571428571428571,0.8571428571428571,0.0,1.7142857142857142,7.7142857142857135,0.8571428571428571,0.4285714285714285,0.0,0.0,0.0,59.46,100.0,0.0,50.0,44.44,48.39,48.0,0.0,0.4144336218500389,0.0,0.8571428571428571,0.0,0.0,0.0,0.0,0.0,0.0034224899999999,2.142857142857143,ST,33,22,61,25,83,50,62,90,39,42,6,61,67,62,71,39,35,28,78,71,33,46,21,26,51,17,92,39,57,74,61,53,21,64,10,64,11,11,22,12,11,11,19,42,25,67,28,94,50,67,97,39,42,6,78,69,72,83,44,42,28,86,94,31,47,21,26,51,17,92,39,57,74,61,53,21,72,10,67,11,11,22,12,11,6,14,Ekstraklasa
Legia Warszawa,d7udukc1t631drge83p7ucqws,9onmrqelh9c9aarob7y9aw991,P. Wszołek,Pawel Wszolek,34,Defender,Poland,Defender,30.0,79.0,0.0,102.0,6.0,0.0,13.0,7.0,406.0,7.0,4.0,9.0,2.0,2.0,0.0,0.0,4.0,4.0,5.0,1.0,11.0,3.0,1.0,2.0,0.0,0.0,78.46,0.0,24.14,25.0,50.0,39.39,50.0,66.67,0.2248548359608132,0.8844590544630596,0.0,8.0,0.2131918,8.0,10.0,16.0,0.8921395599999997,47.0,6.650246305418719,17.51231527093596,0.0,22.610837438423644,1.3300492610837438,0.0,2.8817733990147785,1.5517241379310345,1.5517241379310345,0.8866995073891626,1.995073891625616,0.4433497536945813,0.4433497536945813,0.0,0.0,0.8866995073891626,0.8866995073891626,1.1083743842364533,0.2216748768472906,2.438423645320197,0.6650246305418719,0.2216748768472906,0.4433497536945813,0.0,0.0,78.46,0.0,24.14,25.0,50.0,39.39,50.0,66.67,0.049844668070131,0.1960623519745698,0.0,1.7733990147783252,0.0472592660098522,1.7733990147783252,2.2167487684729066,3.5467980295566504,0.197764927093596,10.41871921182266,RM/RCM,81,90,17,86,93,52,79,93,90,100,95,31,50,21,26,50,48,100,45,86,62,36,57,31,52,43,17,48,31,79,29,81,64,48,95,19,71,62,90,86,86,95,83,33,48,17,38,81,52,10,71,71,95,81,5,24,21,26,19,19,71,24,43,24,19,38,31,52,43,17,48,31,79,29,81,64,14,81,19,43,43,71,57,62,67,48,Ekstraklasa
Legia Warszawa,d7udukc1t631drge83p7ucqws,agyszanu4n5mffzuen16mu28l,B. Kapustka,Bartosz Kapustka,29,Midfielder,Poland,Midfielder,59.0,94.0,12.0,150.0,5.0,0.0,32.0,5.0,438.0,3.0,0.0,5.0,10.0,5.0,5.0,5.0,10.0,10.0,1.0,3.0,11.0,5.0,7.0,8.0,2.0,0.0,84.27,66.67,37.5,70.0,30.0,57.14,83.33,53.33,0.6356927549984929,0.3682976365651759,4.0,13.0,0.38885516,11.0,12.0,12.0,0.36853252,67.0,12.12328767123288,19.315068493150687,2.4657534246575343,30.82191780821918,1.0273972602739727,0.0,6.575342465753425,1.0273972602739727,0.6164383561643836,0.0,1.0273972602739727,2.054794520547945,1.0273972602739727,1.0273972602739727,1.0273972602739727,2.054794520547945,2.054794520547945,0.2054794520547945,0.6164383561643836,2.26027397260274,1.0273972602739727,1.4383561643835618,1.6438356164383563,0.4109589041095891,0.0,84.27,66.67,37.5,70.0,30.0,57.14,83.33,53.33,0.130621798972293,0.0756775965544882,0.8219178082191781,2.671232876712329,0.0799017452054794,2.26027397260274,2.4657534246575343,2.4657534246575343,0.0757258602739726,13.767123287671234,CM/AM,87,81,94,83,92,51,100,82,67,39,63,86,76,92,96,89,89,44,77,71,58,96,94,93,50,62,76,76,86,60,85,99,38,71,50,88,83,88,98,79,67,67,83,74,52,90,62,74,51,81,50,38,39,40,67,52,74,81,64,60,26,67,38,33,79,81,86,50,62,76,76,86,60,85,99,38,48,29,64,64,74,88,52,31,24,60,Ekstraklasa
Legia Warszawa,d7udukc1t631drge83p7ucqws,b696z8tm11j8bt8k9e3y5k251,R. Augustyniak,Rafal Augustyniak,32,Defender,Poland,Defender,154.0,114.0,23.0,268.0,22.0,0.0,44.0,25.0,450.0,0.0,1.0,4.0,9.0,5.0,4.0,0.0,5.0,5.0,4.0,1.0,11.0,7.0,4.0,8.0,1.0,0.0,90.24,63.89,0.0,80.0,11.11,64.71,73.33,72.73,0.7784402176588847,0.4346065189354273,3.0,14.0,0.32712162,5.0,31.0,34.0,0.5157478299999997,172.0,30.8,22.8,4.6,53.6,4.4,0.0,8.8,5.0,0.0,0.2,0.8,1.8,1.0,0.8,0.0,1.0,1.0,0.8,0.2,2.2,1.4,0.8,1.6,0.2,0.0,90.24,63.89,0.0,80.0,11.11,64.71,73.33,72.73,0.1556880435317769,0.0869213037870854,0.6,2.8,0.065424324,1.0,6.2,6.8,0.1031495659999999,34.4,CB,95,100,100,100,99,47,100,81,43,91,93,98,93,100,34,95,94,74,87,94,97,99,100,93,51,78,86,43,84,77,77,86,63,98,95,100,97,98,94,100,98,91,100,67,86,91,84,92,47,100,38,43,88,81,95,88,95,34,91,90,51,78,86,90,93,98,87,51,78,86,43,84,77,77,86,63,95,86,95,88,91,93,93,98,79,88,Ekstraklasa
Legia Warszawa,d7udukc1t631drge83p7ucqws,bhh6z1ezmsngsu3isbsur2mp6,K. Piątkowski,Kamil Piatkowski,26,Defender,Poland,Defender,104.0,108.0,14.0,207.0,12.0,0.0,30.0,24.0,450.0,5.0,1.0,6.0,3.0,3.0,0.0,1.0,3.0,5.0,7.0,0.0,8.0,8.0,1.0,7.0,0.0,0.0,86.25,58.33,45.45,33.33,0.0,63.83,70.59,70.0,0.2582953822938232,0.664297486184504,1.0,21.0,0.48005965,11.0,19.0,38.0,1.1711697799999998,125.0,20.8,21.6,2.8,41.4,2.4,0.0,6.0,4.8,1.0,0.2,1.2,0.6,0.6,0.0,0.2,0.6,1.0,1.4,0.0,1.6,1.6,0.2,1.4,0.0,0.0,86.25,58.33,45.45,33.33,0.0,63.83,70.59,70.0,0.0516590764587646,0.1328594972369008,0.2,4.2,0.09601193,2.2,3.8,7.6,0.2342339559999999,25.0,CB,67,98,93,93,83,47,95,77,100,91,98,79,81,38,77,92,94,95,38,85,100,78,98,43,51,47,77,91,72,38,72,77,60,67,98,81,100,100,100,98,100,100,93,30,79,58,40,63,47,86,33,98,88,91,53,63,38,67,81,90,81,38,72,98,70,91,43,51,47,77,91,72,38,72,77,60,47,91,73,95,95,95,88,100,98,63,Ekstraklasa
Legia Warszawa,d7udukc1t631drge83p7ucqws,cdlaj2gkmujqbd8ramh2490d0,W. Urbański,Wojciech Urbanski,21,Midfielder,Poland,Midfielder,15.0,50.0,1.0,64.0,2.0,0.0,7.0,1.0,224.0,1.0,0.0,1.0,4.0,1.0,3.0,2.0,3.0,3.0,0.0,0.0,6.0,2.0,0.0,3.0,0.0,0.0,84.21,50.0,33.33,0.0,0.0,28.0,33.33,75.0,0.4485813829061291,0.0586643866138821,2.0,2.0,0.05508396,0.0,5.0,8.0,0.10485876,31.0,6.026785714285714,20.089285714285715,0.4017857142857143,25.714285714285715,0.8035714285714286,0.0,2.8125,0.4017857142857143,0.4017857142857143,0.0,0.4017857142857143,1.6071428571428572,0.4017857142857143,1.2053571428571428,0.8035714285714286,1.2053571428571428,1.2053571428571428,0.0,0.0,2.4107142857142856,0.8035714285714286,0.0,1.2053571428571428,0.0,0.0,84.21,50.0,33.33,0.0,0.0,28.0,33.33,75.0,0.1802335913462125,0.0235705124787919,0.8035714285714286,0.8035714285714286,0.0221319482142857,0.0,2.008928571428571,3.2142857142857144,0.0421307517857142,12.455357142857142,CM/AM,37,52,23,49,61,51,27,19,32,39,14,43,32,74,65,39,37,12,20,50,27,13,62,32,50,60,43,67,13,20,5,45,62,55,14,54,12,17,6,43,48,10,46,33,57,20,52,60,51,17,18,31,39,8,48,29,79,62,38,38,12,20,49,29,13,64,32,50,60,43,67,13,20,5,45,62,62,10,60,7,10,6,45,50,10,50,Ekstraklasa
Legia Warszawa,d7udukc1t631drge83p7ucqws,ddm4fhd76z8q200loyjq0k9p0,R. Deziel,Robert Deziel,21,Midfielder,USA,Midfielder,115.0,105.0,5.0,220.0,8.0,1.0,18.0,18.0,439.0,0.0,0.0,3.0,1.0,0.0,1.0,1.0,1.0,1.0,0.0,0.0,0.0,1.0,1.0,5.0,0.0,0.0,89.07,27.78,0.0,100.0,0.0,47.37,34.78,62.5,0.0387519460134933,0.1282505249968908,1.0,7.0,0.13494639,6.0,23.0,12.0,0.36151537,119.0,23.576309794988607,21.52619589977221,1.0250569476082003,45.102505694760815,1.6400911161731206,0.20501138952164,3.6902050113895215,3.6902050113895215,0.0,0.0,0.6150341685649202,0.20501138952164,0.0,0.20501138952164,0.20501138952164,0.20501138952164,0.20501138952164,0.0,0.0,0.0,0.20501138952164,0.20501138952164,1.0250569476082003,0.0,0.0,89.07,27.78,0.0,100.0,0.0,47.37,34.78,62.5,0.0079445902988938,0.0262928183364924,0.20501138952164,1.4350797266514803,0.0276655469248291,1.2300683371298404,4.715261958997722,2.460136674259681,0.0741147683371298,24.39635535307517,LM/LCM,100,100,94,100,100,100,62,100,16,38,50,12,16,34,31,12,12,16,22,9,12,22,91,38,53,94,31,16,100,22,44,44,69,12,31,31,50,31,91,100,94,44,100,94,81,62,94,94,100,31,94,16,38,38,12,16,19,12,12,12,16,22,9,12,12,62,38,53,94,31,16,100,22,44,44,69,12,25,19,31,19,69,100,75,19,100,Ekstraklasa
Legia Warszawa,d7udukc1t631drge83p7ucqws,ia3hjam4mh5lb75luc8mrnbp,D. Szymański,Damian Szymanski,31,Midfielder,Poland,Midfielder,113.0,95.0,5.0,205.0,6.0,0.0,17.0,5.0,307.0,3.0,0.0,5.0,3.0,2.0,1.0,0.0,2.0,2.0,2.0,1.0,6.0,4.0,2.0,0.0,0.0,0.0,84.36,27.78,60.0,100.0,33.33,62.96,60.0,0.0,0.2962591646007094,0.4949694525674131,1.0,16.0,0.32863517,6.0,16.0,17.0,0.3794335999999999,104.0,33.127035830618894,27.850162866449512,1.4657980456026058,60.09771986970684,1.7589576547231272,0.0,4.98371335504886,1.4657980456026058,0.8794788273615636,0.0,1.4657980456026058,0.8794788273615636,0.5863192182410424,0.2931596091205212,0.0,0.5863192182410424,0.5863192182410424,0.5863192182410424,0.2931596091205212,1.7589576547231272,1.1726384364820848,0.5863192182410424,0.0,0.0,0.0,84.36,27.78,60.0,100.0,33.33,62.96,60.0,0.0,0.0868512208927161,0.1451050512412611,0.2931596091205212,4.690553745928339,0.096342557980456,1.7589576547231272,4.690553745928339,4.98371335504886,0.1112346058631921,30.488599348534205,DM/CM,100,82,62,88,74,52,71,44,91,45,89,70,91,35,29,50,50,32,65,89,67,77,9,45,52,52,15,94,89,56,91,68,9,82,85,52,95,94,94,73,85,67,91,100,85,48,97,70,52,58,33,94,45,76,55,76,33,29,39,39,21,58,82,55,67,9,45,52,52,15,94,89,56,91,68,9,70,85,52,94,94,91,82,79,45,94,Ekstraklasa
Górnik Zabrze,awc8tinkh5u7cy58a00ohg6al,1pydinjl2lotah04k7jp0uthx,R. Janicki,Rafal Janicki,34,Defender,Poland,Defender,59.0,73.0,10.0,132.0,10.0,0.0,15.0,19.0,270.0,0.0,0.0,0.0,1.0,1.0,0.0,0.0,0.0,0.0,4.0,0.0,3.0,3.0,0.0,0.0,0.0,0.0,86.27,38.46,0.0,0.0,0.0,71.43,71.43,0.0,0.1385067774032852,0.0,0.0,3.0,0.06032968,2.0,8.0,9.0,0.1701463399999999,92.0,19.666666666666668,24.33333333333333,3.333333333333333,44.0,3.333333333333333,0.0,5.0,6.333333333333333,0.0,0.0,0.0,0.3333333333333333,0.3333333333333333,0.0,0.0,0.0,0.0,1.3333333333333333,0.0,1.0,1.0,0.0,0.0,0.0,0.0,86.27,38.46,0.0,0.0,0.0,71.43,71.43,0.0,0.046168925801095,0.0,0.0,1.0,0.0201098933333333,0.6666666666666666,2.6666666666666665,3.0,0.0567154466666666,30.666666666666668,CB,38,91,70,58,77,47,63,66,43,42,23,41,48,38,34,29,27,74,38,52,81,35,13,43,51,49,37,43,35,38,95,81,13,49,26,36,70,67,81,57,64,56,77,23,91,70,49,83,47,73,59,43,42,23,40,45,38,34,29,27,78,38,49,77,35,13,43,51,49,37,43,35,38,95,81,13,42,26,36,69,65,81,60,65,51,79,Ekstraklasa
Górnik Zabrze,awc8tinkh5u7cy58a00ohg6al,1tj9gmnm02s8f12zwzvuwnoph,P. Bochniewicz,Pawel Bochniewicz,30,Defender,Poland,Defender,29.0,30.0,5.0,59.0,1.0,0.0,4.0,8.0,120.0,0.0,0.0,0.0,0.0,0.0,0.0,0.0,0.0,0.0,2.0,0.0,0.0,0.0,0.0,2.0,0.0,0.0,86.76,55.56,0.0,0.0,0.0,57.14,33.33,66.67,0.0,0.0,0.0,0.0,0.0,0.0,0.0,0.0,0.0,0.0,21.75,22.5,3.75,44.25,0.75,0.0,3.0,6.0,0.0,0.0,0.0,0.0,0.0,0.0,0.0,0.0,0.0,1.5,0.0,0.0,0.0,0.0,1.5,0.0,0.0,86.76,55.56,0.0,0.0,0.0,57.14,33.33,66.67,0.0,0.0,0.0,0.0,0.0,0.0,0.0,0.0,0.0,0.0,LB/LCB,25,17,48,25,31,52,10,38,19,44,8,8,17,23,25,12,12,46,27,6,15,17,35,38,52,79,67,19,17,27,77,38,67,8,8,27,8,8,12,4,4,4,4,83,83,92,88,62,52,25,92,19,44,8,8,17,23,25,12,12,88,27,6,15,17,75,38,52,79,67,19,17,27,77,38,67,8,8,27,8,8,12,4,4,4,4,Ekstraklasa
Górnik Zabrze,awc8tinkh5u7cy58a00ohg6al,4m5xmjs8kblkhu9n3ytkub3kl,L. Sadílek,Lukás Sadílek,30,Midfielder,Czechia,Midfielder,20.0,45.0,0.0,64.0,4.0,0.0,11.0,4.0,200.0,1.0,0.0,1.0,1.0,1.0,0.0,0.0,1.0,1.0,3.0,1.0,4.0,4.0,1.0,2.0,1.0,0.0,79.01,0.0,25.0,100.0,100.0,64.71,0.0,100.0,0.1376159631686677,0.0687218990147793,0.0,1.0,0.02401521,4.0,5.0,4.0,0.2707526199999999,34.0,9.0,20.25,0.0,28.8,1.7999999999999998,0.0,4.95,1.7999999999999998,0.4499999999999999,0.0,0.4499999999999999,0.4499999999999999,0.4499999999999999,0.0,0.0,0.4499999999999999,0.4499999999999999,1.35,0.4499999999999999,1.7999999999999998,1.7999999999999998,0.4499999999999999,0.8999999999999999,0.4499999999999999,0.0,79.01,0.0,25.0,100.0,100.0,64.71,0.0,100.0,0.0619271834259004,0.0309248545566506,0.0,0.4499999999999999,0.0108068445,1.7999999999999998,2.25,1.7999999999999998,0.1218386789999999,15.3,RM/RCM,55,71,17,67,81,52,52,74,40,38,29,10,21,21,26,10,10,76,45,21,71,36,57,76,52,52,17,55,98,100,95,21,90,24,29,19,12,14,71,64,36,43,74,62,71,17,67,86,52,62,86,33,38,19,10,29,21,26,5,5,81,48,19,76,38,62,71,52,52,17,55,98,100,95,21,90,19,29,19,10,10,76,62,29,29,76,Ekstraklasa
Górnik Zabrze,awc8tinkh5u7cy58a00ohg6al,4mpaydsy85orfjp4huen0ahd6,O. Zmrzlý,Ondrej Zmrzly,27,Defender,Czechia,Defender,17.0,40.0,2.0,56.0,1.0,0.0,5.0,12.0,169.0,1.0,0.0,2.0,2.0,1.0,1.0,0.0,3.0,3.0,2.0,0.0,5.0,1.0,1.0,1.0,0.0,0.0,83.58,28.57,20.0,33.33,0.0,41.67,50.0,50.0,0.1317990778441218,0.235489231695107,0.0,4.0,0.12491708,5.0,3.0,5.0,0.3747123700000001,22.0,9.053254437869825,21.301775147929,1.0650887573964498,29.82248520710059,0.5325443786982249,0.0,2.662721893491124,6.390532544378698,0.5325443786982249,0.0,1.0650887573964498,1.0650887573964498,0.5325443786982249,0.5325443786982249,0.0,1.5976331360946745,1.5976331360946745,1.0650887573964498,0.0,2.662721893491124,0.5325443786982249,0.5325443786982249,0.5325443786982249,0.0,0.0,83.58,28.57,20.0,33.33,0.0,41.67,50.0,50.0,0.0701888580234968,0.125408466583193,0.0,2.1301775147929,0.0665238887573964,2.662721893491124,1.5976331360946745,2.662721893491124,0.1995509662721893,11.715976331360949,LB/LCB,12,27,17,17,31,52,17,58,48,44,38,33,44,54,25,54,48,46,27,60,33,42,19,38,52,54,17,56,35,27,8,77,40,33,50,27,48,50,77,12,19,46,12,12,79,33,33,38,52,8,96,54,44,46,54,62,62,25,79,67,67,27,75,38,50,21,38,52,54,17,56,35,27,8,77,40,67,62,27,67,79,92,21,46,75,29,Ekstraklasa
Górnik Zabrze,awc8tinkh5u7cy58a00ohg6al,4y3cnggbwb92ajx8a01p03ydx,Josema,José Manuel Sánchez Guillén,30,Defender,Spain,Defender,44.0,39.0,10.0,83.0,0.0,0.0,6.0,15.0,180.0,0.0,0.0,0.0,0.0,0.0,0.0,0.0,3.0,3.0,7.0,0.0,1.0,0.0,2.0,3.0,0.0,0.0,83.84,55.56,0.0,66.67,0.0,54.55,0.0,75.0,0.0,0.0,0.0,0.0,0.0,0.0,0.0,0.0,0.0,0.0,22.0,19.5,5.0,41.5,0.0,0.0,3.0,7.5,0.0,0.0,0.0,0.0,0.0,0.0,0.0,1.5,1.5,3.5,0.0,0.5,0.0,1.0,1.5,0.0,0.0,83.84,55.56,0.0,66.67,0.0,54.55,0.0,75.0,0.0,0.0,0.0,0.0,0.0,0.0,0.0,0.0,0.0,0.0,CB,28,50,70,26,3,47,28,47,43,42,23,15,19,38,34,92,91,95,38,22,15,91,73,43,51,35,74,43,81,38,45,6,69,15,26,36,21,21,34,12,13,12,12,33,72,97,42,3,47,29,74,43,42,23,15,19,38,34,93,93,98,38,26,15,97,95,43,51,35,74,43,81,38,45,6,69,15,26,36,21,21,34,12,13,12,12,Ekstraklasa
Górnik Zabrze,awc8tinkh5u7cy58a00ohg6al,5qkrvap53rnhyuujxc4yb597t,M. Sáček,Michal Sácek,29,Defender,Czechia,Defender,36.0,51.0,2.0,87.0,0.0,1.0,10.0,9.0,179.0,0.0,0.0,2.0,0.0,0.0,0.0,0.0,1.0,1.0,4.0,0.0,6.0,1.0,1.0,6.0,0.0,0.0,94.57,66.67,0.0,100.0,0.0,62.5,0.0,75.0,0.0,0.1779234967480396,0.0,4.0,0.0908562899999999,3.0,10.0,12.0,0.18932088,47.0,18.10055865921788,25.64245810055866,1.005586592178771,43.74301675977654,0.0,0.5027932960893855,5.027932960893855,4.5251396648044695,0.0,0.0,1.005586592178771,0.0,0.0,0.0,0.0,0.5027932960893855,0.5027932960893855,2.011173184357542,0.0,3.016759776536313,0.5027932960893855,0.5027932960893855,3.016759776536313,0.0,0.0,94.57,66.67,0.0,100.0,0.0,62.5,0.0,75.0,0.0,0.0894587413816958,0.0,2.011173184357542,0.045681933519553,1.5083798882681565,5.027932960893855,6.033519553072626,0.095189269273743,23.63128491620112,RB/RCB,33,62,21,46,8,94,38,44,19,42,46,19,25,35,37,46,46,75,35,73,19,62,90,48,52,100,96,19,92,35,81,13,77,21,54,37,62,62,88,69,77,23,54,58,85,42,69,8,100,73,77,19,42,73,19,25,35,37,54,54,88,35,96,27,73,100,48,52,100,96,19,92,35,81,13,77,21,69,37,73,73,96,85,96,38,77,Ekstraklasa
Górnik Zabrze,awc8tinkh5u7cy58a00ohg6al,6jhb608ylhctgevyeknf9pjo5,E. Janža,Erik Janza,33,Defender,Slovenia,Defender,11.0,40.0,3.0,46.0,0.0,0.0,6.0,2.0,102.0,5.0,0.0,6.0,1.0,1.0,0.0,0.0,0.0,0.0,0.0,1.0,1.0,2.0,0.0,2.0,0.0,0.0,80.7,60.0,50.0,0.0,100.0,75.0,0.0,50.0,0.0669018687607488,0.6786838222001721,0.0,4.0,0.08827095,4.0,6.0,7.0,0.5007499599999999,30.0,9.705882352941178,35.294117647058826,2.647058823529412,40.588235294117645,0.0,0.0,5.294117647058823,1.7647058823529411,4.411764705882353,0.0,5.294117647058823,0.8823529411764706,0.8823529411764706,0.0,0.0,0.0,0.0,0.0,0.8823529411764706,0.8823529411764706,1.7647058823529411,0.0,1.7647058823529411,0.0,0.0,80.7,60.0,50.0,0.0,100.0,75.0,0.0,50.0,0.0590310606712489,0.5988386666472106,0.0,3.5294117647058822,0.0778861323529411,3.5294117647058822,5.294117647058823,6.176470588235294,0.4418381999999999,26.47058823529412,LB/LCB,4,27,31,8,8,52,21,4,88,44,81,19,44,23,25,12,12,8,62,17,52,17,35,38,52,33,81,96,17,100,96,8,40,21,88,27,48,46,62,35,25,67,25,17,100,79,75,8,52,83,12,100,44,100,46,79,23,25,12,12,8,100,42,92,17,83,38,52,33,81,96,17,100,96,8,40,38,100,27,100,88,100,88,88,100,83,Ekstraklasa
Górnik Zabrze,awc8tinkh5u7cy58a00ohg6al,8vwuy6oete4o3tiqrekafz3ai,S. Liseth,Sondre Liseth,28,Attacker,Norway,Striker,5.0,21.0,2.0,26.0,0.0,0.0,17.0,0.0,190.0,0.0,0.0,2.0,4.0,4.0,0.0,2.0,3.0,3.0,0.0,1.0,12.0,13.0,2.0,1.0,0.0,0.0,78.79,66.67,0.0,66.67,25.0,56.67,0.0,50.0,0.4922711920429287,0.1646068488209861,1.0,0.0,0.0,0.0,3.0,1.0,0.10869384,8.0,2.3684210526315788,9.947368421052632,0.9473684210526316,12.31578947368421,0.0,0.0,8.052631578947368,0.0,0.0,0.0,0.9473684210526316,1.894736842105263,1.894736842105263,0.0,0.9473684210526316,1.4210526315789471,1.4210526315789471,0.0,0.4736842105263157,5.684210526315789,6.157894736842105,0.9473684210526316,0.4736842105263157,0.0,0.0,78.79,66.67,0.0,66.67,25.0,56.67,0.0,50.0,0.233181090967703,0.0779716652309934,0.4736842105263157,0.0,0.0,0.0,1.4210526315789471,0.4736842105263157,0.0514865557894736,3.789473684210526,CM/AM,7,14,38,12,11,51,68,6,11,39,32,43,67,7,65,39,37,12,48,77,96,51,25,32,50,36,76,11,83,50,81,12,31,62,29,27,2,2,6,25,6,12,13,5,7,50,7,11,51,93,6,11,39,38,55,79,7,70,45,43,12,52,88,100,60,26,32,50,36,76,11,83,50,81,12,31,74,31,38,2,2,6,26,2,12,7,Ekstraklasa
Górnik Zabrze,awc8tinkh5u7cy58a00ohg6al,9jh6n6ztbudt5aluf0ibzls6h,E. Prekop,Erik Prekop,28,Attacker,Slovakia,Striker,4.0,8.0,0.0,12.0,3.0,0.0,5.0,1.0,94.0,0.0,0.0,1.0,1.0,1.0,0.0,0.0,0.0,0.0,0.0,1.0,6.0,2.0,0.0,0.0,0.0,0.0,80.0,0.0,0.0,0.0,100.0,29.41,42.86,0.0,0.153110583415551,0.0669018687607488,0.0,0.0,0.0,0.0,0.0,0.0,0.0093257499999999,3.0,3.829787234042553,7.659574468085106,0.0,11.48936170212766,2.872340425531915,0.0,4.787234042553191,0.9574468085106382,0.0,0.0,0.9574468085106382,0.9574468085106382,0.9574468085106382,0.0,0.0,0.0,0.0,0.0,0.9574468085106382,5.74468085106383,1.9148936170212765,0.0,0.0,0.0,0.0,80.0,0.0,0.0,0.0,100.0,29.41,42.86,0.0,0.1465952394404211,0.0640549807283765,0.0,0.0,0.0,0.0,0.0,0.0,0.0089289095744679,2.872340425531915,ST,8,8,25,6,28,50,12,29,39,42,19,6,8,14,8,8,8,28,25,17,33,17,21,26,51,81,25,39,17,99,6,38,21,8,28,12,11,11,22,12,11,14,12,47,44,25,44,58,50,39,56,39,42,42,8,17,14,8,8,8,28,53,67,78,17,21,26,51,81,25,39,17,99,6,38,21,17,36,12,11,11,22,12,11,17,22,Ekstraklasa
Górnik Zabrze,awc8tinkh5u7cy58a00ohg6al,aw07l5d6hk6ucyazu1damahp0,Y. Ikia Dimi,Yvan Ikia Dimi,21,Midfielder,France,Midfielder,7.0,22.0,4.0,28.0,1.0,0.0,5.0,0.0,99.0,1.0,0.0,0.0,2.0,0.0,2.0,0.0,4.0,4.0,0.0,1.0,5.0,1.0,2.0,0.0,1.0,0.0,90.32,80.0,20.0,50.0,50.0,35.71,0.0,0.0,0.1276592595081039,0.0,1.0,12.0,0.3558967799999999,2.0,3.0,2.0,0.25246917,13.0,6.363636363636363,20.0,3.636363636363636,25.454545454545453,0.9090909090909092,0.0,4.545454545454545,0.0,0.9090909090909092,0.0,0.0,1.818181818181818,0.0,1.818181818181818,0.0,3.636363636363636,3.636363636363636,0.0,0.9090909090909092,4.545454545454545,0.9090909090909092,1.818181818181818,0.0,0.9090909090909092,0.0,90.32,80.0,20.0,50.0,50.0,35.71,0.0,0.0,0.1160538722800944,0.0,0.9090909090909092,10.909090909090908,0.3235425272727271,1.818181818181818,2.727272727272727,1.818181818181818,0.2295174272727272,11.818181818181817,RM/RCM,26,26,76,19,24,52,17,10,40,38,10,31,5,64,26,50,48,12,45,38,19,62,17,76,52,100,86,43,62,79,19,21,17,19,14,48,90,86,48,45,21,38,24,29,64,95,62,48,52,48,10,67,38,10,67,5,81,26,76,76,12,76,90,48,86,17,95,52,100,86,43,62,79,19,21,17,48,14,62,95,100,81,76,33,71,62,Ekstraklasa
Górnik Zabrze,awc8tinkh5u7cy58a00ohg6al,b5tekxzjb2mm5bmxlaihb8mei,M. Dietz,Maximilian Dietz,24,Defender,USA,Defender,26.0,56.0,10.0,82.0,2.0,0.0,3.0,1.0,116.0,0.0,0.0,5.0,0.0,0.0,0.0,0.0,1.0,1.0,0.0,0.0,1.0,0.0,1.0,0.0,0.0,0.0,91.11,71.43,0.0,100.0,0.0,42.86,50.0,0.0,0.0,0.3130806020768091,0.0,5.0,0.11176678,0.0,16.0,7.0,0.1673199999999999,50.0,20.17241379310345,43.44827586206896,7.758620689655172,63.62068965517241,1.5517241379310345,0.0,2.327586206896552,0.7758620689655172,0.0,0.0,3.879310344827586,0.0,0.0,0.0,0.0,0.7758620689655172,0.7758620689655172,0.0,0.0,0.7758620689655172,0.0,0.7758620689655172,0.0,0.0,0.0,91.11,71.43,0.0,100.0,0.0,42.86,50.0,0.0,0.0,0.2429073636802829,0.0,3.879310344827586,0.0867156051724137,0.0,12.413793103448276,5.43103448275862,0.1298172413793102,38.79310344827586,CB,9,65,70,23,16,47,8,2,43,42,95,15,19,38,34,67,65,6,38,22,15,78,13,43,51,84,95,43,93,38,21,41,13,15,93,36,78,79,34,94,51,53,40,28,100,100,98,35,47,16,2,43,42,100,15,19,38,34,88,84,6,38,40,15,91,13,43,51,84,95,43,93,38,21,41,13,15,100,36,93,93,34,100,91,86,93,Ekstraklasa
Górnik Zabrze,awc8tinkh5u7cy58a00ohg6al,efow9aip64uaszfwxh1j0l6y2,K. Urbański,Kacper Urbanski,21,Midfielder,Poland,Midfielder,27.0,90.0,5.0,116.0,2.0,0.0,20.0,4.0,258.0,1.0,0.0,1.0,6.0,4.0,2.0,1.0,11.0,11.0,7.0,3.0,6.0,5.0,8.0,3.0,1.0,0.0,87.88,71.43,9.09,72.73,50.0,60.61,50.0,60.0,0.4335075174936069,0.0336962625948333,2.0,7.0,0.17676098,2.0,7.0,6.0,0.2696681900000001,56.0,9.418604651162791,31.3953488372093,1.744186046511628,40.46511627906977,0.6976744186046512,0.0,6.976744186046512,1.3953488372093024,0.3488372093023256,0.0,0.3488372093023256,2.0930232558139537,1.3953488372093024,0.6976744186046512,0.3488372093023256,3.8372093023255816,3.8372093023255816,2.441860465116279,1.0465116279069768,2.0930232558139537,1.744186046511628,2.7906976744186047,1.0465116279069768,0.3488372093023256,0.0,87.88,71.43,9.09,72.73,50.0,60.61,50.0,60.0,0.1512235526140489,0.0117545102074999,0.6976744186046512,2.441860465116279,0.0616608069767441,0.6976744186046512,2.441860465116279,2.0930232558139537,0.0940702988372093,19.53488372093023,LM/LCM,75,94,94,94,56,50,81,66,44,38,22,78,78,59,31,84,81,100,84,38,62,94,56,81,53,88,97,41,94,84,88,69,62,75,19,62,50,50,44,88,56,38,94,69,100,94,88,50,50,81,50,50,38,19,62,88,62,44,81,81,100,88,38,75,94,69,81,53,88,97,41,94,84,88,69,62,69,19,50,44,44,38,81,56,25,94,Ekstraklasa
Górnik Zabrze,awc8tinkh5u7cy58a00ohg6al,ehcqaw2t427um4y3kxhtb9i0a,M. Khlan,Maksym Khlan,23,Midfielder,Ukraine,Midfielder,14.0,44.0,2.0,57.0,0.0,0.0,8.0,3.0,233.0,1.0,0.0,2.0,12.0,3.0,9.0,3.0,6.0,6.0,2.0,3.0,10.0,3.0,3.0,2.0,1.0,1.0,77.03,28.57,16.67,50.0,25.0,34.78,0.0,100.0,0.8103606327655369,0.2342221027544734,7.0,4.0,0.11776765,1.0,7.0,8.0,0.2828293800000001,24.0,5.407725321888412,16.99570815450644,0.7725321888412017,22.017167381974247,0.0,0.0,3.0901287553648067,1.1587982832618025,0.3862660944206008,0.0,0.7725321888412017,4.63519313304721,1.1587982832618025,3.476394849785408,1.1587982832618025,2.317596566523605,2.317596566523605,0.7725321888412017,1.1587982832618025,3.862660944206009,1.1587982832618025,1.1587982832618025,0.7725321888412017,0.3862660944206008,0.3862660944206008,77.03,28.57,16.67,50.0,25.0,34.78,0.0,100.0,0.3130148366905507,0.0904720568579511,2.703862660944206,1.5450643776824031,0.0454896502145922,0.3862660944206008,2.703862660944206,3.0901287553648067,0.1092474,9.27038626609442,CM/AM,33,40,38,33,11,51,35,57,32,39,32,93,57,100,79,68,65,73,77,67,40,65,45,75,100,26,19,37,61,50,12,12,89,83,43,100,32,48,23,54,48,50,29,24,38,40,29,11,51,24,62,29,39,29,98,60,98,88,76,67,76,86,69,36,69,40,76,100,26,19,37,61,50,12,12,89,83,38,93,29,36,19,57,48,45,38,Ekstraklasa
Górnik Zabrze,awc8tinkh5u7cy58a00ohg6al,ejrke7z9ve17jhj7x4glh206i,P. González,Peter González,24,Midfielder,Dominican Republic,Midfielder,17.0,44.0,2.0,60.0,0.0,0.0,10.0,2.0,160.0,1.0,0.0,1.0,8.0,3.0,5.0,3.0,4.0,4.0,3.0,3.0,11.0,5.0,0.0,2.0,2.0,0.0,84.51,100.0,14.29,0.0,37.5,47.62,0.0,40.0,0.6389695658156589,0.1587069371117202,5.0,11.0,0.37548416,3.0,3.0,10.0,0.2139545699999999,20.0,9.5625,24.75,1.125,33.75,0.0,0.0,5.625,1.125,0.5625,0.0,0.5625,4.5,1.6875,2.8125,1.6875,2.25,2.25,1.6875,1.6875,6.1875,2.8125,0.0,1.125,1.125,0.0,84.51,100.0,14.29,0.0,37.5,47.62,0.0,40.0,0.3594203807713081,0.0892726521253426,2.8125,6.1875,0.21120984,1.6875,1.6875,5.625,0.1203494456249999,11.25,RM/RCM,48,67,55,62,5,52,43,38,40,38,29,88,69,93,88,50,48,76,88,86,83,10,57,95,52,86,98,33,10,50,67,21,40,81,52,90,86,90,57,45,71,29,45,71,90,57,90,5,52,81,48,43,38,24,95,86,95,90,62,57,90,95,95,95,10,71,100,52,86,98,33,10,50,67,21,40,95,48,95,90,90,62,48,86,24,57,Ekstraklasa
Górnik Zabrze,awc8tinkh5u7cy58a00ohg6al,ey0bk9dlqjwsc1aserql73aei,Paulo Bernardo,Paulo Guilherme Gonçalves Bernardo,24,Midfielder,Portugal,Midfielder,11.0,22.0,0.0,33.0,4.0,0.0,7.0,2.0,130.0,0.0,0.0,2.0,1.0,1.0,0.0,1.0,3.0,3.0,1.0,0.0,5.0,0.0,1.0,2.0,0.0,0.0,84.62,0.0,0.0,33.33,0.0,53.85,80.0,100.0,0.0875238534911183,0.2113591916992506,0.0,2.0,0.04813761,3.0,0.0,4.0,0.11332316,13.0,7.615384615384616,15.230769230769232,0.0,22.846153846153847,2.769230769230769,0.0,4.846153846153846,1.3846153846153846,0.0,0.0,1.3846153846153846,0.6923076923076923,0.6923076923076923,0.0,0.6923076923076923,2.076923076923077,2.076923076923077,0.6923076923076923,0.0,3.4615384615384617,0.0,0.6923076923076923,1.3846153846153846,0.0,0.0,84.62,0.0,0.0,33.33,0.0,53.85,80.0,100.0,0.0605934370323126,0.1463255942533273,0.0,1.3846153846153846,0.0333260376923076,2.076923076923077,0.0,2.769230769230769,0.0784544953846154,9.0,CM/AM,24,17,8,19,83,51,27,38,11,39,32,11,32,7,42,39,37,44,20,39,4,36,45,32,50,64,8,11,36,20,65,95,89,17,36,7,12,14,56,5,20,14,19,45,19,8,33,100,51,55,71,11,39,49,17,48,7,57,67,62,67,20,67,4,50,76,32,50,64,8,11,36,20,65,95,89,24,55,7,24,24,81,5,40,26,36,Ekstraklasa
Raków Częstochowa,1sxaf8l7fknmucd72fdretogm,1gr11akl4bnu1hiyftyj3eoyd,V. Kochergin,Vladyslav Kochergin,30,Midfielder,Ukraine,Midfielder,27.0,58.0,3.0,83.0,0.0,0.0,2.0,2.0,162.0,2.0,0.0,1.0,3.0,0.0,3.0,0.0,1.0,1.0,0.0,0.0,2.0,1.0,1.0,0.0,0.0,0.0,77.57,42.86,40.0,100.0,0.0,28.57,0.0,0.0,0.1591869168337568,0.1082588099310974,3.0,19.0,0.4336965299999999,6.0,7.0,12.0,0.23306696,43.0,15.0,32.22222222222222,1.6666666666666663,46.11111111111111,0.0,0.0,1.1111111111111112,1.1111111111111112,1.1111111111111112,0.0,0.5555555555555556,1.6666666666666663,0.0,1.6666666666666663,0.0,0.5555555555555556,0.5555555555555556,0.0,0.0,1.1111111111111112,0.5555555555555556,0.5555555555555556,0.0,0.0,0.0,77.57,42.86,40.0,100.0,0.0,28.57,0.0,0.0,0.0884371760187537,0.0601437832950541,1.6666666666666663,10.555555555555555,0.2409425166666666,3.333333333333333,3.888888888888889,6.666666666666666,0.1294816444444444,23.88888888888889,CM/AM,65,60,56,62,11,51,2,38,52,39,14,32,12,74,14,14,10,12,20,14,14,36,8,32,50,33,27,82,98,20,7,12,8,29,19,74,93,90,79,54,67,33,64,81,98,74,95,11,51,2,60,64,39,21,52,12,90,14,21,14,12,20,19,19,40,8,32,50,33,27,82,98,20,7,12,8,33,26,88,100,100,98,83,90,60,90,Ekstraklasa
Raków Częstochowa,1sxaf8l7fknmucd72fdretogm,1twwa4su6kcwwisd1fzlbq3th,Jean Carlos,Jean Carlos Silva Rocha,30,Midfielder,Spain,Midfielder,41.0,66.0,1.0,107.0,3.0,0.0,26.0,6.0,270.0,0.0,1.0,5.0,4.0,3.0,1.0,2.0,10.0,10.0,6.0,1.0,10.0,8.0,7.0,4.0,0.0,0.0,83.59,20.0,0.0,70.0,25.0,70.27,60.0,50.0,0.3519204225468105,0.5167618249128947,1.0,11.0,0.2683332499999999,2.0,11.0,13.0,0.6173246499999998,53.0,13.666666666666666,22.0,0.3333333333333333,35.666666666666664,1.0,0.0,8.666666666666666,2.0,0.0,0.3333333333333333,1.6666666666666667,1.3333333333333333,1.0,0.3333333333333333,0.6666666666666666,3.333333333333333,3.333333333333333,2.0,0.3333333333333333,3.333333333333333,2.6666666666666665,2.333333333333333,1.3333333333333333,0.0,0.0,83.59,20.0,0.0,70.0,25.0,70.27,60.0,50.0,0.1173068075156035,0.1722539416376315,0.3333333333333333,3.6666666666666665,0.0894444166666666,0.6666666666666666,3.6666666666666665,4.333333333333333,0.2057748833333332,17.666666666666668,LM/LCM,88,88,28,88,72,50,97,75,16,84,75,53,66,34,72,75,69,94,53,69,97,84,75,38,53,75,22,16,88,56,100,88,41,56,69,31,81,75,44,94,100,75,88,88,88,31,81,75,50,94,81,16,81,81,50,62,31,56,69,69,94,50,62,94,88,78,38,53,75,22,16,88,56,100,88,41,50,81,38,81,56,31,94,94,81,88,Ekstraklasa
Raków Częstochowa,1sxaf8l7fknmucd72fdretogm,2gdzp0ijdj23owec5rprnn696,B. Racovițan,Bogdan Racovitan,26,Defender,Romania,Defender,96.0,68.0,3.0,164.0,5.0,0.0,15.0,14.0,270.0,0.0,0.0,1.0,1.0,1.0,0.0,0.0,0.0,0.0,3.0,0.0,1.0,6.0,0.0,3.0,0.0,0.0,92.13,30.0,0.0,0.0,0.0,62.5,45.45,75.0,0.0910254493042663,0.0470927966316376,0.0,3.0,0.05376126,0.0,10.0,8.0,0.2444564299999999,121.0,32.0,22.666666666666668,1.0,54.66666666666666,1.6666666666666667,0.0,5.0,4.666666666666667,0.0,0.0,0.3333333333333333,0.3333333333333333,0.3333333333333333,0.0,0.0,0.0,0.0,1.0,0.0,0.3333333333333333,2.0,0.0,1.0,0.0,0.0,92.13,30.0,0.0,0.0,0.0,62.5,45.45,75.0,0.0303418164347554,0.0156975988772125,0.0,1.0,0.01792042,0.0,3.333333333333333,2.6666666666666665,0.0814854766666666,40.333333333333336,CB,60,77,23,65,45,47,63,38,43,42,59,41,48,38,34,29,27,59,38,22,92,35,73,43,51,91,26,43,35,38,67,33,69,40,56,36,70,65,34,77,57,74,91,77,84,19,86,37,47,73,28,43,42,63,40,45,38,34,29,27,64,38,16,100,35,76,43,51,91,26,43,35,38,67,33,69,37,63,36,69,63,34,81,63,70,95,Ekstraklasa
Raków Częstochowa,1sxaf8l7fknmucd72fdretogm,2m38ao4k4vwptdinj2yq2jztg,J. Napieraj,Jerzy Napieraj,21,Defender,Poland,Defender,65.0,50.0,3.0,114.0,6.0,0.0,10.0,6.0,156.0,1.0,0.0,2.0,0.0,0.0,0.0,0.0,0.0,0.0,0.0,0.0,1.0,1.0,0.0,1.0,0.0,0.0,93.44,60.0,33.33,0.0,0.0,76.92,85.71,33.33,0.0,0.1572602329803784,0.0,4.0,0.08814387,4.0,10.0,13.0,0.4169299299999999,65.0,37.5,28.846153846153847,1.7307692307692306,65.76923076923077,3.461538461538461,0.0,5.769230769230769,3.461538461538461,0.5769230769230769,0.0,1.1538461538461535,0.0,0.0,0.0,0.0,0.0,0.0,0.0,0.0,0.5769230769230769,0.5769230769230769,0.0,0.5769230769230769,0.0,0.0,93.44,60.0,33.33,0.0,0.0,76.92,85.71,33.33,0.0,0.0907270574886798,0.0,2.3076923076923075,0.0508522326923076,2.3076923076923075,5.769230769230769,7.5,0.240536498076923,37.5,LB/LCB,67,42,31,46,81,52,29,23,48,44,38,8,17,23,25,12,12,8,27,17,33,17,19,38,52,100,81,75,17,27,100,100,17,8,33,27,48,42,62,62,67,54,71,100,96,62,100,96,52,96,44,58,44,56,8,17,23,25,12,12,8,27,25,52,17,25,38,52,100,81,75,17,27,100,100,17,8,50,27,71,62,88,100,100,88,100,Ekstraklasa
Raków Częstochowa,1sxaf8l7fknmucd72fdretogm,3q41jqz0k88hrebr5id0k7zai,P. Makuch,Patryk Makuch,27,Attacker,Poland,Striker,14.0,30.0,2.0,44.0,18.0,0.0,21.0,2.0,241.0,0.0,0.0,3.0,9.0,8.0,1.0,2.0,2.0,2.0,1.0,3.0,13.0,2.0,1.0,0.0,2.0,0.0,66.67,66.67,0.0,50.0,33.33,61.76,72.0,0.0,0.8911227545609508,0.2622156681524764,1.0,4.0,0.11554633,2.0,1.0,3.0,0.07387832,17.0,5.228215767634855,11.20331950207469,0.7468879668049793,16.431535269709546,6.721991701244813,0.0,7.842323651452283,0.7468879668049793,0.0,0.0,1.120331950207469,3.3609958506224067,2.987551867219917,0.3734439834024896,0.7468879668049793,0.7468879668049793,0.7468879668049793,0.3734439834024896,1.120331950207469,4.854771784232366,0.7468879668049793,0.3734439834024896,0.0,0.7468879668049793,0.0,66.67,66.67,0.0,50.0,33.33,61.76,72.0,0.0,0.3327844311638406,0.0979228636254061,0.3734439834024896,1.4937759336099583,0.0431500817427385,0.7468879668049793,0.3734439834024896,1.120331950207469,0.0275894141078838,6.348547717842324,ST,72,68,82,72,97,50,82,49,39,42,54,61,74,38,47,39,35,67,57,54,33,46,21,85,51,43,78,39,57,47,94,100,21,61,61,36,74,69,83,33,58,39,78,61,64,83,64,100,50,92,44,39,42,61,61,67,31,47,33,31,67,64,44,22,44,21,89,51,43,78,39,57,47,94,100,21,53,67,36,72,67,86,31,58,28,69,Ekstraklasa
Raków Częstochowa,1sxaf8l7fknmucd72fdretogm,6b0o88v7qb1zv05cs2kewi1nt,O. Repka,Oskar Repka,27,Midfielder,Poland,Midfielder,48.0,81.0,6.0,129.0,6.0,0.0,16.0,8.0,270.0,0.0,0.0,2.0,3.0,1.0,2.0,1.0,2.0,2.0,6.0,0.0,1.0,5.0,1.0,2.0,0.0,0.0,83.77,31.58,0.0,50.0,0.0,59.26,66.67,50.0,0.3303429510002602,0.095686748747357,1.0,15.0,0.32024393,5.0,11.0,5.0,0.1986046299999999,82.0,16.0,27.0,2.0,43.0,2.0,0.0,5.333333333333333,2.6666666666666665,0.0,0.0,0.6666666666666666,1.0,0.3333333333333333,0.6666666666666666,0.3333333333333333,0.6666666666666666,0.6666666666666666,2.0,0.0,0.3333333333333333,1.6666666666666667,0.3333333333333333,0.6666666666666666,0.0,0.0,83.77,31.58,0.0,50.0,0.0,59.26,66.67,50.0,0.1101143170000867,0.0318955829157856,0.3333333333333333,5.0,0.1067479766666666,1.6666666666666667,3.6666666666666665,1.6666666666666667,0.0662015433333333,27.33333333333333,DM/CM,59,68,71,62,74,52,64,71,30,45,39,70,65,59,73,50,50,94,24,26,76,44,47,45,52,42,21,30,52,24,82,83,44,91,33,52,91,91,88,59,23,33,73,55,79,67,64,76,52,67,67,30,45,33,58,61,53,67,47,47,91,24,24,73,33,38,45,52,42,21,30,52,24,82,83,44,85,30,55,97,97,82,55,18,24,85,Ekstraklasa
Raków Częstochowa,1sxaf8l7fknmucd72fdretogm,6qi3kjcejoa3qotg9hxjacr8,T. Pieńko,Tomasz Pienko,22,Midfielder,Poland,Midfielder,13.0,40.0,1.0,53.0,3.0,0.0,6.0,2.0,193.0,0.0,0.0,1.0,3.0,3.0,0.0,1.0,1.0,1.0,0.0,1.0,5.0,3.0,0.0,0.0,0.0,0.0,85.48,100.0,0.0,0.0,33.33,46.15,50.0,0.0,0.3952418765531427,0.0504077233062426,1.0,5.0,0.11085546,4.0,4.0,7.0,0.28236427,29.0,6.062176165803109,18.652849740932645,0.466321243523316,24.71502590673576,1.3989637305699485,0.0,2.7979274611398965,0.932642487046632,0.0,0.0,0.466321243523316,1.3989637305699485,1.3989637305699485,0.0,0.466321243523316,0.466321243523316,0.466321243523316,0.0,0.466321243523316,2.3316062176165806,1.3989637305699485,0.0,0.0,0.0,0.0,85.48,100.0,0.0,0.0,33.33,46.15,50.0,0.0,0.1843096833667505,0.0235061922153462,0.466321243523316,2.3316062176165806,0.0516942559585492,1.865284974093264,1.865284974093264,3.2642487046632125,0.1316724575129533,13.523316062176166,CM/AM,30,30,23,26,74,51,18,38,11,39,14,32,57,7,42,14,10,12,48,39,40,13,8,32,50,71,95,11,13,68,39,71,8,50,7,27,43,36,65,36,42,48,40,36,45,24,48,88,51,12,40,11,39,12,40,74,7,43,14,7,12,50,43,40,13,8,32,50,71,95,11,13,68,39,71,8,64,7,36,52,48,76,38,57,62,55,Ekstraklasa
Raków Częstochowa,1sxaf8l7fknmucd72fdretogm,6vhgr2vpk0qar3zp2ow2fxofd,F. Tudor,Fran Tudor,30,Midfielder,Croatia,Midfielder,20.0,30.0,3.0,50.0,1.0,0.0,4.0,1.0,90.0,0.0,0.0,2.0,1.0,1.0,0.0,1.0,1.0,1.0,2.0,0.0,1.0,3.0,1.0,0.0,0.0,0.0,83.33,60.0,0.0,100.0,0.0,66.67,0.0,0.0,0.0899792323670216,0.1438665203470342,0.0,1.0,0.01935132,0.0,6.0,8.0,0.23604783,30.0,20.0,30.0,3.0,50.0,1.0,0.0,4.0,1.0,0.0,0.0,2.0,1.0,1.0,0.0,1.0,1.0,1.0,2.0,0.0,1.0,3.0,1.0,0.0,0.0,0.0,83.33,60.0,0.0,100.0,0.0,66.67,0.0,0.0,0.0899792323670216,0.1438665203470342,0.0,1.0,0.01935132,0.0,6.0,8.0,0.23604783,30.0,RM/RCM,55,38,67,48,24,52,10,21,17,38,45,10,21,21,64,10,10,57,12,5,62,36,17,31,52,76,76,17,98,12,100,21,17,5,48,19,12,10,10,74,62,33,62,95,100,90,100,57,52,29,38,17,38,86,29,50,21,81,24,24,95,12,10,100,62,17,31,52,76,76,17,98,12,100,21,17,33,71,19,14,14,10,100,100,81,100,Ekstraklasa
Raków Częstochowa,1sxaf8l7fknmucd72fdretogm,7qu0qz8c7xik26o96iix88416,M. Ameyaw,Michael Ameyaw,25,Midfielder,Poland,Midfielder,14.0,38.0,2.0,47.0,1.0,0.0,9.0,6.0,181.0,5.0,0.0,3.0,6.0,2.0,4.0,2.0,8.0,9.0,2.0,0.0,4.0,2.0,4.0,0.0,0.0,0.0,82.46,50.0,27.78,50.0,0.0,47.37,33.33,0.0,0.3808432565235417,0.4867680769793486,3.0,25.0,0.6114613099999998,9.0,2.0,5.0,0.3849343199999999,20.0,6.961325966850829,18.895027624309392,0.994475138121547,23.370165745856355,0.4972375690607735,0.0,4.475138121546961,2.983425414364641,2.4861878453038675,0.0,1.4917127071823204,2.983425414364641,0.994475138121547,1.988950276243094,0.994475138121547,3.977900552486188,4.475138121546961,0.994475138121547,0.0,1.988950276243094,0.994475138121547,1.988950276243094,0.0,0.0,0.0,82.46,50.0,27.78,50.0,0.0,47.37,33.33,0.0,0.1893695750669544,0.2420393752935987,1.4917127071823204,12.430939226519335,0.3040415353591159,4.475138121546961,0.994475138121547,2.4861878453038675,0.1914038055248618,9.94475138121547,RM/RCM,43,55,55,43,24,52,36,83,81,38,60,76,50,81,81,83,83,57,12,21,43,83,17,31,52,71,69,62,62,12,60,60,17,57,76,74,100,100,95,33,48,62,45,38,52,52,52,19,52,38,100,90,38,62,81,43,86,76,86,90,67,12,24,52,90,17,31,52,71,69,62,62,12,60,60,17,71,86,81,100,95,100,33,57,62,38,Ekstraklasa
Raków Częstochowa,1sxaf8l7fknmucd72fdretogm,892hqe28ycr3pzob0og7718us,D. Debohi,Dieudonné Debohi,25,Defender,Côte d'Ivoire,Defender,47.0,25.0,4.0,72.0,8.0,0.0,16.0,18.0,147.0,0.0,0.0,0.0,0.0,0.0,0.0,0.0,1.0,1.0,4.0,0.0,0.0,3.0,0.0,2.0,0.0,0.0,85.71,57.14,0.0,0.0,0.0,64.0,0.0,40.0,0.0,0.0,0.0,0.0,0.0,0.0,0.0,0.0,0.0,0.0,28.77551020408164,15.306122448979592,2.4489795918367347,44.08163265306123,4.8979591836734695,0.0,9.79591836734694,11.020408163265309,0.0,0.0,0.0,0.0,0.0,0.0,0.0,0.6122448979591837,0.6122448979591837,2.4489795918367347,0.0,0.0,1.836734693877551,0.0,1.2244897959183674,0.0,0.0,85.71,57.14,0.0,0.0,0.0,64.0,0.0,40.0,0.0,0.0,0.0,0.0,0.0,0.0,0.0,0.0,0.0,0.0,RB/RCB,50,12,52,23,88,44,71,85,19,42,8,19,25,35,37,46,46,75,35,10,65,25,38,48,52,65,77,19,25,35,85,13,25,21,12,37,12,12,15,10,10,10,10,88,38,77,77,96,44,100,100,19,42,8,19,25,35,37,62,62,96,35,10,96,25,62,48,52,65,77,19,25,35,85,13,25,21,12,37,12,12,15,10,10,10,10,Ekstraklasa
Raków Częstochowa,1sxaf8l7fknmucd72fdretogm,8ic751797x9g5cxsdkttz23f9,M. Emreli,Mahir Emreli,29,Attacker,Azerbaijan,Striker,30.0,37.0,1.0,67.0,6.0,0.0,12.0,2.0,219.0,0.0,1.0,5.0,12.0,5.0,7.0,5.0,7.0,7.0,1.0,4.0,11.0,1.0,4.0,1.0,1.0,0.0,85.9,100.0,0.0,57.14,33.33,41.38,54.55,100.0,1.6839078745589429,0.3616300231541886,9.0,4.0,0.1137034,0.0,6.0,2.0,0.11026052,21.0,12.328767123287673,15.205479452054796,0.4109589041095891,27.53424657534247,2.4657534246575343,0.0,4.931506849315069,0.8219178082191781,0.0,0.4109589041095891,2.054794520547945,4.931506849315069,2.054794520547945,2.876712328767124,2.054794520547945,2.876712328767124,2.876712328767124,0.4109589041095891,1.6438356164383563,4.52054794520548,0.4109589041095891,1.6438356164383563,0.4109589041095891,0.4109589041095891,0.0,85.9,100.0,0.0,57.14,33.33,41.38,54.55,100.0,0.6920169347502505,0.1486150780085706,3.6986301369863015,1.6438356164383563,0.0467274246575342,0.0,2.4657534246575343,0.8219178082191781,0.0453125424657534,8.63013698630137,ST,94,83,61,94,54,50,46,49,39,90,83,75,46,97,97,88,85,67,78,46,14,88,58,64,51,97,92,39,67,47,36,71,89,89,75,100,74,67,22,85,35,50,86,100,92,64,94,53,50,44,50,39,97,89,97,50,97,97,89,89,69,78,33,8,89,58,67,51,97,92,39,67,47,36,71,89,100,94,100,75,69,22,92,44,53,83,Ekstraklasa
Raków Częstochowa,1sxaf8l7fknmucd72fdretogm,8uvq88srclwb1303aev72iz8p,E. Otieno,Erick Otieno,29,Midfielder,Kenya,Midfielder,17.0,41.0,3.0,56.0,0.0,0.0,6.0,1.0,179.0,2.0,0.0,3.0,1.0,0.0,1.0,0.0,1.0,2.0,3.0,1.0,1.0,1.0,0.0,5.0,0.0,0.0,87.5,42.86,10.53,0.0,100.0,50.0,0.0,100.0,0.0811724390884222,0.2781951248128443,0.0,7.0,0.21193931,7.0,2.0,3.0,0.38159661,16.0,8.547486033519553,20.614525139664803,1.5083798882681565,28.156424581005584,0.0,0.0,3.016759776536313,0.5027932960893855,1.005586592178771,0.0,1.5083798882681565,0.5027932960893855,0.0,0.5027932960893855,0.0,0.5027932960893855,1.005586592178771,1.5083798882681565,0.5027932960893855,0.5027932960893855,0.5027932960893855,0.0,2.5139664804469275,0.0,0.0,87.5,42.86,10.53,0.0,100.0,50.0,0.0,100.0,0.0408129582008826,0.1398746437606479,0.0,3.519553072625698,0.10656166424581,3.519553072625698,1.005586592178771,1.5083798882681565,0.1918642173184357,8.044692737430168,CM/AM,40,35,56,31,11,51,18,19,52,39,44,11,12,29,14,14,21,87,48,8,14,13,80,32,50,88,27,24,13,99,51,12,89,14,48,7,64,69,83,17,15,69,24,52,62,67,57,11,51,19,24,60,39,52,12,12,38,14,17,31,98,60,12,17,13,93,32,50,88,27,24,13,99,51,12,89,17,52,7,79,83,100,24,17,83,29,Ekstraklasa
Raków Częstochowa,1sxaf8l7fknmucd72fdretogm,cbw8it2ruw0efsorhaysj7e38,Á. Molnár,Ádin Molnár,22,Midfielder,Hungary,Midfielder,1.0,12.0,0.0,12.0,1.0,0.0,6.0,0.0,93.0,1.0,0.0,3.0,2.0,1.0,1.0,1.0,4.0,4.0,1.0,0.0,7.0,2.0,3.0,0.0,0.0,0.0,66.67,0.0,50.0,75.0,0.0,46.15,50.0,0.0,0.1511036505307916,0.2555374847769762,0.0,6.0,0.16590969,2.0,0.0,2.0,0.27341983,6.0,0.9677419354838708,11.61290322580645,0.0,11.61290322580645,0.9677419354838708,0.0,5.806451612903225,0.0,0.9677419354838708,0.0,2.9032258064516125,1.935483870967741,0.9677419354838708,0.9677419354838708,0.9677419354838708,3.870967741935484,3.870967741935484,0.9677419354838708,0.0,6.774193548387096,1.935483870967741,2.9032258064516125,0.0,0.0,0.0,66.67,0.0,50.0,75.0,0.0,46.15,50.0,0.0,0.1462293392233467,0.2472943401067511,0.0,5.806451612903225,0.160557764516129,1.935483870967741,0.0,1.935483870967741,0.2645998354838709,5.806451612903225,CM/AM,2,5,8,2,37,51,18,6,32,39,44,24,32,29,42,51,51,44,20,55,27,65,8,32,50,2,8,94,89,20,39,71,8,24,45,7,52,52,43,5,12,40,7,2,12,8,2,69,51,62,6,57,39,88,60,50,67,74,95,93,88,20,95,60,100,8,32,50,2,8,94,89,20,39,71,8,50,83,7,98,98,79,5,19,93,14,Ekstraklasa
Wieczysta Kraków,doihlg7ahjmmvtxo4yuurpkb8,1u990wv0bo82xqv2s0e8m8ic5,M. Wieteska,Mateusz Wieteska,29,Defender,Poland,Defender,62.0,32.0,4.0,94.0,2.0,0.0,6.0,11.0,180.0,0.0,0.0,0.0,1.0,1.0,0.0,0.0,1.0,1.0,0.0,1.0,4.0,2.0,1.0,1.0,1.0,0.0,82.46,26.67,0.0,100.0,100.0,54.55,40.0,100.0,0.1365713777302191,0.0,0.0,5.0,0.09565752,1.0,8.0,7.0,0.15048558,54.0,31.0,16.0,2.0,47.0,1.0,0.0,3.0,5.5,0.0,0.0,0.0,0.5,0.5,0.0,0.0,0.5,0.5,0.0,0.5,2.0,1.0,0.5,0.5,0.5,0.0,82.46,26.67,0.0,100.0,100.0,54.55,40.0,100.0,0.0682856888651095,0.0,0.0,2.5,0.04782876,0.5,4.0,3.5,0.07524279,27.0,CB,42,35,30,31,16,47,28,24,43,42,23,41,48,38,34,67,65,6,87,62,66,78,40,93,51,27,21,43,93,99,45,26,88,47,26,36,78,72,72,57,51,42,48,70,55,42,62,14,47,29,49,43,42,23,50,58,38,34,76,73,6,98,84,77,83,44,100,51,27,21,43,93,99,45,26,88,65,26,36,86,79,78,91,79,63,67,Ekstraklasa
Wieczysta Kraków,doihlg7ahjmmvtxo4yuurpkb8,200f11at8qkywe6z8d9vt84bt,C. Lungoyi,Christopher Lungoyi,26,Attacker,Switzerland,Striker,6.0,16.0,0.0,22.0,0.0,0.0,6.0,0.0,97.0,0.0,0.0,0.0,3.0,3.0,0.0,1.0,4.0,4.0,0.0,0.0,7.0,4.0,2.0,0.0,0.0,0.0,88.0,0.0,0.0,50.0,0.0,37.5,0.0,0.0,0.2361326466852296,0.0,2.0,4.0,0.15444723,0.0,0.0,0.0,0.0389186,8.0,5.567010309278351,14.845360824742269,0.0,20.41237113402062,0.0,0.0,5.567010309278351,0.0,0.0,0.0,0.0,2.783505154639176,2.783505154639176,0.0,0.9278350515463918,3.711340206185567,3.711340206185567,0.0,0.0,6.494845360824742,3.711340206185567,1.855670103092784,0.0,0.0,0.0,88.0,0.0,0.0,50.0,0.0,37.5,0.0,0.0,0.2190921464089759,0.0,1.855670103092784,3.711340206185567,0.1433015536082474,0.0,0.0,0.0,0.0361100412371134,7.422680412371134,LW,33,67,50,33,33,67,33,33,67,67,33,33,33,33,83,33,33,33,33,33,67,50,33,33,67,100,50,67,100,33,100,33,33,33,33,67,67,67,50,33,33,33,33,67,67,50,67,33,67,100,33,67,67,33,67,100,33,100,67,67,33,33,100,100,100,33,33,67,100,50,67,100,33,100,33,33,67,33,100,67,67,50,33,33,33,67,Ekstraklasa
Wieczysta Kraków,doihlg7ahjmmvtxo4yuurpkb8,4b9srd007t7rlrysmgxmwpuy1,T. Christensen,Tobias Christensen,26,Midfielder,Norway,Midfielder,26.0,83.0,2.0,109.0,1.0,0.0,20.0,4.0,251.0,0.0,0.0,9.0,8.0,7.0,1.0,0.0,8.0,8.0,1.0,5.0,17.0,4.0,5.0,8.0,3.0,0.0,85.83,66.67,0.0,62.5,62.5,55.56,50.0,80.0,0.928525765003832,0.5697252007892519,2.0,14.0,0.44085101,4.0,6.0,16.0,0.4365996099999999,44.0,9.322709163346614,29.760956175298805,0.7171314741035857,39.08366533864542,0.3585657370517928,0.0,7.171314741035857,1.4342629482071714,0.0,0.0,3.227091633466136,2.8685258964143427,2.50996015936255,0.3585657370517928,0.0,2.8685258964143427,2.8685258964143427,0.3585657370517928,1.7928286852589643,6.095617529880478,1.4342629482071714,1.7928286852589643,2.8685258964143427,1.0756972111553786,0.0,85.83,66.67,0.0,62.5,62.5,55.56,50.0,80.0,0.3329375253001788,0.2042839365379788,0.7171314741035857,5.0199203187251,0.1580740673306773,1.4342629482071714,2.1513944223107573,5.7370517928286855,0.1565496609561752,15.776892430278885,CM/AM,62,71,38,71,37,51,77,71,11,39,85,81,93,29,14,80,76,44,96,89,52,89,94,100,50,74,76,11,79,90,76,71,70,86,74,54,86,93,65,46,82,74,69,62,93,36,76,33,51,88,74,11,39,93,79,88,26,14,81,79,40,93,93,43,88,98,98,50,74,76,11,79,90,76,71,70,88,74,57,95,95,62,48,86,69,67,Ekstraklasa
Wieczysta Kraków,doihlg7ahjmmvtxo4yuurpkb8,4ju2soyxqa6hu0oo007ej8wdl,K. Fila,Karol Fila,28,Defender,Poland,Defender,16.0,36.0,1.0,51.0,0.0,0.0,1.0,0.0,100.0,1.0,0.0,1.0,1.0,1.0,0.0,0.0,0.0,0.0,1.0,0.0,1.0,1.0,0.0,0.0,0.0,0.0,91.07,50.0,25.0,0.0,0.0,20.0,0.0,0.0,0.0,0.0,0.0,0.0,0.0,0.0,0.0,0.0,0.0,0.0,14.4,32.4,0.8999999999999999,45.9,0.0,0.0,0.8999999999999999,0.0,0.8999999999999999,0.0,0.8999999999999999,0.8999999999999999,0.8999999999999999,0.0,0.0,0.0,0.0,0.8999999999999999,0.0,0.8999999999999999,0.8999999999999999,0.0,0.0,0.0,0.0,91.07,50.0,25.0,0.0,0.0,20.0,0.0,0.0,0.0,0.0,0.0,0.0,0.0,0.0,0.0,0.0,0.0,0.0,RB/RCB,15,27,13,15,8,44,4,4,46,42,23,46,58,35,37,17,17,17,35,21,19,25,10,48,52,96,62,54,25,35,8,13,10,21,12,37,12,12,15,10,10,10,10,42,100,27,81,8,44,4,4,77,42,69,73,85,35,37,17,17,62,35,31,62,25,10,48,52,96,62,54,25,35,8,13,10,21,12,37,12,12,15,10,10,10,10,Ekstraklasa
Wieczysta Kraków,doihlg7ahjmmvtxo4yuurpkb8,7lc9kv6j8ubytzrf3bb2m1lgp,P. Pušić,Petar Pusic,27,Midfielder,Switzerland,Midfielder,32.0,49.0,1.0,80.0,1.0,0.0,5.0,1.0,138.0,1.0,0.0,0.0,3.0,1.0,2.0,2.0,2.0,2.0,2.0,0.0,3.0,1.0,0.0,2.0,0.0,0.0,85.11,100.0,33.33,0.0,0.0,35.71,33.33,66.67,0.1637664799000815,0.0,2.0,7.0,0.1631101199999999,2.0,11.0,12.0,0.43793013,43.0,20.869565217391305,31.95652173913044,0.6521739130434783,52.17391304347826,0.6521739130434783,0.0,3.260869565217391,0.6521739130434783,0.6521739130434783,0.0,0.0,1.9565217391304344,0.6521739130434783,1.3043478260869563,1.3043478260869563,1.3043478260869563,1.3043478260869563,1.3043478260869563,0.0,1.9565217391304344,0.6521739130434783,0.0,1.3043478260869563,0.0,0.0,85.11,100.0,33.33,0.0,0.0,35.71,33.33,66.67,0.1068042260217922,0.0,1.3043478260869563,4.565217391304348,0.1063761652173912,1.3043478260869563,7.173913043478261,7.826086956521738,0.2856066065217391,28.043478260869563,CM/AM,71,49,23,58,37,51,10,19,32,39,2,32,32,54,65,27,21,73,20,23,14,13,45,32,50,67,95,67,13,20,15,45,54,31,2,54,64,50,43,73,67,76,64,100,95,31,100,57,51,29,33,40,39,2,62,43,83,95,40,40,95,20,33,21,13,71,32,50,67,95,67,13,20,15,45,54,40,2,79,88,81,55,95,93,95,98,Ekstraklasa
Wieczysta Kraków,doihlg7ahjmmvtxo4yuurpkb8,7s7qpbwbprkfliinikth7rieh,M. Vojtko,Matús Vojtko,25,Defender,Slovakia,Defender,50.0,70.0,5.0,119.0,5.0,0.0,12.0,11.0,323.0,1.0,0.0,4.0,4.0,4.0,0.0,1.0,4.0,6.0,1.0,2.0,9.0,0.0,2.0,4.0,0.0,0.0,76.77,35.71,11.11,50.0,50.0,52.17,62.5,80.0,0.3225805464503723,0.3324135612235915,0.0,6.0,0.1678417899999999,6.0,7.0,14.0,0.3575200099999999,48.0,13.93188854489164,19.50464396284829,1.393188854489164,33.1578947368421,1.393188854489164,0.0,3.343653250773994,3.065015479876161,0.2786377708978328,0.0,1.1145510835913313,1.1145510835913313,1.1145510835913313,0.0,0.2786377708978328,1.1145510835913313,1.671826625386997,0.2786377708978328,0.5572755417956656,2.5077399380804954,0.0,0.5572755417956656,1.1145510835913313,0.0,0.0,76.77,35.71,11.11,50.0,50.0,52.17,62.5,80.0,0.0898831243979365,0.0926229737155518,0.0,1.671826625386997,0.0467670622291021,1.671826625386997,1.9504643962848296,3.900928792569659,0.0996185786377708,13.374613003095975,LB/LCB,52,67,48,56,75,52,46,52,48,44,65,65,83,23,62,62,77,23,81,73,15,62,69,38,52,12,38,42,56,88,54,88,79,79,62,27,65,67,90,42,75,42,46,42,67,46,54,75,52,29,38,46,44,50,58,83,23,67,67,71,17,75,71,15,58,58,38,52,12,38,42,56,88,54,88,79,71,54,27,54,54,83,33,71,46,33,Ekstraklasa
Wieczysta Kraków,doihlg7ahjmmvtxo4yuurpkb8,873fybd09jmzs81bd5f8n9jl6,B. Lederman,Ben Lederman,26,Midfielder,Poland,Midfielder,24.0,41.0,8.0,64.0,1.0,0.0,12.0,2.0,177.0,1.0,0.0,1.0,5.0,1.0,4.0,1.0,1.0,1.0,1.0,0.0,4.0,5.0,0.0,2.0,0.0,0.0,86.49,66.67,14.29,0.0,0.0,60.0,33.33,33.33,0.3490508803953335,0.0559700377090393,3.0,6.0,0.11374756,2.0,8.0,10.0,0.1608691399999998,36.0,12.203389830508476,20.847457627118644,4.067796610169491,32.54237288135593,0.5084745762711864,0.0,6.101694915254238,1.0169491525423728,0.5084745762711864,0.0,0.5084745762711864,2.5423728813559325,0.5084745762711864,2.0338983050847457,0.5084745762711864,0.5084745762711864,0.5084745762711864,0.5084745762711864,0.0,2.0338983050847457,2.5423728813559325,0.0,1.0169491525423728,0.0,0.0,86.49,66.67,14.29,0.0,0.0,60.0,33.33,33.33,0.1774834985061018,0.028459341207986,1.5254237288135597,3.050847457627119,0.0578377423728813,1.0169491525423728,4.067796610169491,5.084745762711865,0.08179786779661,18.30508474576272,CM/AM,60,35,83,49,37,51,46,38,32,39,14,54,32,87,42,14,10,44,20,30,58,13,45,32,50,76,76,30,13,20,90,45,21,45,12,74,52,43,43,62,54,21,55,76,64,98,69,45,51,67,48,36,39,14,74,36,95,48,19,10,55,20,36,76,13,60,32,50,76,76,30,13,20,90,45,21,60,14,83,71,55,48,86,81,29,74,Ekstraklasa
Wieczysta Kraków,doihlg7ahjmmvtxo4yuurpkb8,8oaym1hgnpfzxilnj66dt7npx,Lisandro Semedo,Lisandro Pedro Varela Semedo,30,Attacker,Cabo Verde,Striker,16.0,50.0,2.0,65.0,1.0,0.0,13.0,1.0,303.0,1.0,0.0,5.0,5.0,3.0,2.0,0.0,12.0,12.0,2.0,2.0,17.0,5.0,7.0,0.0,1.0,0.0,81.25,100.0,11.11,58.33,40.0,38.24,14.29,0.0,0.3055037704743367,0.5335340922431944,2.0,12.0,0.4406210999999999,3.0,1.0,3.0,0.4674680099999999,13.0,4.752475247524752,14.851485148514852,0.594059405940594,19.306930693069308,0.297029702970297,0.0,3.861386138613861,0.297029702970297,0.297029702970297,0.0,1.4851485148514851,1.4851485148514851,0.8910891089108911,0.594059405940594,0.0,3.5643564356435644,3.5643564356435644,0.594059405940594,0.594059405940594,5.0495049504950495,1.4851485148514851,2.07920792079208,0.0,0.297029702970297,0.0,81.25,100.0,11.11,58.33,40.0,38.24,14.29,0.0,0.090743694200298,0.158475472943523,0.594059405940594,3.5643564356435644,0.1308775544554455,0.8910891089108911,0.297029702970297,0.8910891089108911,0.1388518841584158,3.861386138613861,ST,81,94,82,92,10,50,51,29,85,42,83,29,26,62,8,96,94,88,39,67,67,97,21,64,51,86,92,78,69,57,19,6,21,22,97,64,97,100,93,33,58,89,57,58,89,75,78,6,50,25,22,81,42,81,14,14,50,8,94,94,86,25,47,56,97,21,61,51,86,92,78,69,57,19,6,21,6,97,56,97,94,92,28,50,86,47,Ekstraklasa
Wieczysta Kraków,doihlg7ahjmmvtxo4yuurpkb8,8qx9mykqpjmus94aep4uambbp,Lucas Piazón,Lucas Domingues Piazón,32,Midfielder,Brazil,Midfielder,45.0,103.0,7.0,145.0,6.0,0.0,26.0,4.0,360.0,3.0,1.0,9.0,6.0,5.0,1.0,1.0,3.0,3.0,9.0,4.0,16.0,9.0,1.0,8.0,1.0,0.0,85.29,70.0,42.86,33.33,66.67,56.52,54.55,80.0,0.6013866559065173,0.6582484970648027,1.0,20.0,0.48108615,9.0,14.0,15.0,0.40578692,62.0,11.25,25.75,1.75,36.25,1.5,0.0,6.5,1.0,0.75,0.25,2.25,1.5,1.25,0.25,0.25,0.75,0.75,2.25,1.0,4.0,2.25,0.25,2.0,0.25,0.0,85.29,70.0,42.86,33.33,66.67,56.52,54.55,80.0,0.1503466639766293,0.1645621242662006,0.25,5.0,0.1202715375,2.25,3.5,3.75,0.10144673,15.5,CM/AM,79,88,77,80,98,51,88,71,67,83,85,64,76,29,42,39,37,100,89,82,80,36,94,75,50,69,83,86,36,94,79,81,70,69,81,27,95,95,92,83,79,71,76,71,76,76,74,90,51,79,43,45,79,71,43,67,14,36,26,19,100,77,71,69,31,86,69,50,69,83,86,36,94,79,81,70,55,60,17,93,90,86,74,69,40,64,Ekstraklasa
Wieczysta Kraków,doihlg7ahjmmvtxo4yuurpkb8,8ysf151oqnne4sd3nhz37e2ac,A. Đermanović,Aleksandar Dermanovic,23,Defender,Serbia,Defender,83.0,43.0,8.0,126.0,3.0,0.0,5.0,14.0,180.0,0.0,0.0,0.0,0.0,0.0,0.0,0.0,0.0,0.0,2.0,0.0,0.0,2.0,0.0,1.0,0.0,0.0,94.74,61.54,0.0,0.0,0.0,50.0,0.0,100.0,0.0,0.0,0.0,0.0,0.0,0.0,0.0,0.0,0.0,0.0,41.5,21.5,4.0,63.0,1.5,0.0,2.5,7.0,0.0,0.0,0.0,0.0,0.0,0.0,0.0,0.0,0.0,1.0,0.0,0.0,1.0,0.0,0.5,0.0,0.0,94.74,61.54,0.0,0.0,0.0,50.0,0.0,100.0,0.0,0.0,0.0,0.0,0.0,0.0,0.0,0.0,0.0,0.0,CB,58,53,59,53,28,47,19,38,43,42,23,15,19,38,34,29,27,45,38,8,66,35,40,43,51,100,79,43,35,38,37,6,88,15,26,36,21,21,34,12,13,12,12,95,77,80,94,30,47,19,70,43,42,23,15,19,38,34,29,27,64,38,8,77,35,44,43,51,100,79,43,35,38,37,6,88,15,26,36,21,21,34,12,13,12,12,Ekstraklasa
Wieczysta Kraków,doihlg7ahjmmvtxo4yuurpkb8,964l8mpbx2mi9r3vy2it760ut,K. Dankowski,Kamil Dankowski,30,Defender,Poland,Defender,54.0,34.0,6.0,85.0,2.0,0.0,11.0,11.0,268.0,3.0,1.0,4.0,1.0,1.0,0.0,0.0,0.0,0.0,2.0,0.0,4.0,2.0,0.0,3.0,0.0,0.0,80.19,42.86,30.0,0.0,0.0,73.33,50.0,42.86,0.0634130297322869,0.4837320693015559,0.0,2.0,0.04244258,1.0,7.0,5.0,0.6822932500000002,44.0,18.13432835820896,11.417910447761194,2.014925373134328,28.544776119402982,0.6716417910447761,0.0,3.694029850746269,3.694029850746269,1.007462686567164,0.335820895522388,1.343283582089552,0.335820895522388,0.335820895522388,0.0,0.0,0.0,0.0,0.6716417910447761,0.0,1.343283582089552,0.6716417910447761,0.0,1.007462686567164,0.0,0.0,80.19,42.86,30.0,0.0,0.0,73.33,50.0,42.86,0.0212954204324844,0.1624473367057463,0.0,0.6716417910447761,0.0142531052238805,0.335820895522388,2.3507462686567164,1.67910447761194,0.2291283302238806,14.776119402985074,RB/RCB,62,23,67,42,40,44,42,54,87,92,88,46,58,35,37,17,17,37,35,48,40,25,50,48,52,42,50,73,25,35,100,69,31,46,96,37,38,38,42,46,33,92,46,62,19,69,35,46,44,35,50,88,92,88,38,58,35,37,17,17,35,35,58,42,25,54,48,52,42,50,73,25,35,100,69,31,46,100,37,38,35,46,46,31,85,50,Ekstraklasa
Wieczysta Kraków,doihlg7ahjmmvtxo4yuurpkb8,crxwhejm0ur604l99z8c8nrv9,M. Maigaard,Mikkel Maigaard,30,Midfielder,Denmark,Midfielder,103.0,129.0,11.0,231.0,3.0,0.0,16.0,4.0,360.0,1.0,0.0,2.0,3.0,0.0,3.0,0.0,3.0,3.0,5.0,0.0,1.0,7.0,2.0,3.0,0.0,0.0,88.51,50.0,14.29,66.67,0.0,53.33,50.0,60.0,0.1830871102661744,0.1195814082583825,3.0,12.0,0.26669829,7.0,13.0,12.0,0.2885986199999998,77.0,25.75,32.25,2.75,57.75,0.75,0.0,4.0,1.0,0.25,0.0,0.5,0.75,0.0,0.75,0.0,0.75,0.75,1.25,0.0,0.25,1.75,0.5,0.75,0.0,0.0,88.51,50.0,14.29,66.67,0.0,53.33,50.0,60.0,0.0457717775665436,0.0298953520645956,0.75,3.0,0.0666745725,1.75,3.25,3.0,0.0721496549999999,19.25,DM/CM,91,91,85,94,53,52,64,32,70,45,39,70,24,79,29,71,70,80,24,26,85,77,67,45,52,82,48,65,68,24,64,55,58,52,45,89,83,85,97,67,65,55,65,88,97,82,94,52,52,33,15,61,45,21,45,24,64,29,55,55,61,24,18,76,52,52,45,52,82,48,65,68,24,64,55,58,36,24,73,73,67,88,42,30,27,42,Ekstraklasa
Wieczysta Kraków,doihlg7ahjmmvtxo4yuurpkb8,d22447vvlf1wfbmckqovdt0ix,Miki Villar,Miki Villar,29,Midfielder,Spain,Midfielder,12.0,18.0,0.0,30.0,1.0,0.0,5.0,2.0,136.0,0.0,1.0,1.0,2.0,2.0,0.0,0.0,3.0,4.0,1.0,1.0,5.0,1.0,0.0,3.0,1.0,0.0,78.95,0.0,0.0,0.0,50.0,41.67,0.0,100.0,0.1562583146985522,0.0,0.0,3.0,0.0694625099999999,1.0,0.0,0.0,0.00443372,3.0,7.9411764705882355,11.911764705882351,0.0,19.852941176470587,0.6617647058823529,0.0,3.308823529411765,1.3235294117647058,0.0,0.6617647058823529,0.6617647058823529,1.3235294117647058,1.3235294117647058,0.0,0.0,1.9852941176470589,2.647058823529412,0.6617647058823529,0.6617647058823529,3.308823529411765,0.6617647058823529,0.0,1.9852941176470589,0.6617647058823529,0.0,78.95,0.0,0.0,0.0,50.0,41.67,0.0,100.0,0.1034062376681595,0.0,0.0,1.9852941176470589,0.0459678374999999,0.6617647058823529,0.0,0.0,0.0029340794117647,1.9852941176470589,RM/RCM,36,14,17,24,24,52,17,38,17,81,29,31,50,21,26,29,48,33,45,38,19,10,83,76,52,48,17,17,10,79,33,21,90,33,14,19,33,24,31,12,5,5,5,48,19,17,33,24,52,14,62,17,90,33,38,62,21,26,52,62,43,62,48,19,10,95,81,52,48,17,17,10,79,33,21,90,38,14,19,48,38,38,12,5,5,5,Ekstraklasa
Wieczysta Kraków,doihlg7ahjmmvtxo4yuurpkb8,eb91rkg66av8owi9wqfp9hyad,A. Milić,Antonio Milic,32,Defender,Croatia,Defender,103.0,71.0,13.0,174.0,2.0,0.0,5.0,13.0,324.0,0.0,0.0,0.0,1.0,0.0,1.0,0.0,0.0,0.0,1.0,0.0,2.0,1.0,0.0,1.0,0.0,0.0,91.58,50.0,0.0,0.0,0.0,50.0,50.0,50.0,0.0418509381732856,0.0,1.0,1.0,0.01689528,0.0,9.0,11.0,0.1890994100000001,81.0,28.61111111111111,19.72222222222222,3.611111111111111,48.33333333333333,0.5555555555555556,0.0,1.3888888888888888,3.611111111111111,0.0,0.0,0.0,0.2777777777777778,0.0,0.2777777777777778,0.0,0.0,0.0,0.2777777777777778,0.0,0.5555555555555556,0.2777777777777778,0.0,0.2777777777777778,0.0,0.0,91.58,50.0,0.0,0.0,0.0,50.0,50.0,50.0,0.0116252606036904,0.0,0.2777777777777778,0.2777777777777778,0.0046931333333333,0.0,2.5,3.055555555555556,0.0525276138888889,22.5,CB,65,84,87,76,16,47,19,31,43,42,23,41,19,84,34,29,27,24,38,38,42,35,40,43,51,88,66,43,35,38,37,41,47,30,26,81,51,47,34,70,81,58,65,60,74,72,70,9,47,5,7,43,42,23,33,19,84,34,29,27,16,38,28,37,35,33,43,51,88,66,43,35,38,37,41,47,30,26,81,49,44,34,58,67,42,51,Ekstraklasa
Wieczysta Kraków,doihlg7ahjmmvtxo4yuurpkb8,ev4lf0ovv93vhkcibgwec0d1w,T. Mras,Tobiasz Mras,19,Midfielder,Poland,Midfielder,6.0,16.0,1.0,22.0,1.0,0.0,11.0,0.0,161.0,0.0,0.0,1.0,4.0,0.0,4.0,2.0,7.0,7.0,1.0,0.0,2.0,3.0,3.0,3.0,0.0,0.0,75.86,33.33,0.0,42.86,0.0,44.0,50.0,75.0,0.2018670287617259,0.0881926231560007,4.0,2.0,0.07578318,0.0,1.0,1.0,0.06416851,9.0,3.354037267080745,8.944099378881987,0.5590062111801242,12.298136645962732,0.5590062111801242,0.0,6.149068322981366,0.0,0.0,0.0,0.5590062111801242,2.2360248447204967,0.0,2.2360248447204967,1.1180124223602483,3.913043478260869,3.913043478260869,0.5590062111801242,0.0,1.1180124223602483,1.6770186335403725,1.6770186335403725,1.6770186335403725,0.0,0.0,75.86,33.33,0.0,42.86,0.0,44.0,50.0,75.0,0.1128449229102815,0.0493002241244724,2.2360248447204967,1.1180124223602483,0.0423632683229813,0.0,0.5590062111801242,0.5590062111801242,0.0358705956521739,5.0310559006211175,LM/LCM,16,19,28,19,31,50,31,6,16,38,22,53,16,88,72,50,50,47,22,28,41,50,56,38,53,31,41,16,44,22,31,69,81,31,25,88,16,12,12,25,12,12,22,25,12,50,12,44,50,69,6,16,38,25,75,16,94,81,88,88,59,22,31,59,62,94,38,53,31,41,16,44,22,31,69,81,38,31,94,19,25,12,25,12,12,25,Ekstraklasa
Cracovia,cbq36zdxvn152966h49hb4ijm,1oxiwrp4v3e7j5v5vz9fe31lh,Amir Al Ammari,Amir Fouad Abboud Al Ammari,29,Midfielder,Iraq,Midfielder,62.0,114.0,6.0,173.0,6.0,0.0,18.0,6.0,450.0,3.0,0.0,5.0,0.0,0.0,0.0,0.0,2.0,2.0,5.0,0.0,2.0,7.0,0.0,4.0,0.0,0.0,87.37,50.0,27.27,0.0,0.0,45.0,50.0,66.67,0.0,0.5352336562333564,0.0,16.0,0.34252128,4.0,22.0,17.0,0.77570423,99.0,12.4,22.8,1.2,34.6,1.2,0.0,3.6,1.2,0.6,0.0,1.0,0.0,0.0,0.0,0.0,0.4,0.4,1.0,0.0,0.4,1.4,0.0,0.8,0.0,0.0,87.37,50.0,27.27,0.0,0.0,45.0,50.0,66.67,0.0,0.1070467312466712,0.0,3.2,0.068504256,0.8,4.4,3.4,0.155140846,19.8,DM/CM,76,88,71,85,74,52,79,55,91,45,89,8,24,14,29,50,50,80,24,39,85,15,79,45,52,73,48,71,15,24,39,55,71,8,91,20,95,97,76,88,85,94,88,30,61,33,42,58,52,30,21,79,45,65,8,24,14,29,21,21,42,24,27,61,15,55,45,52,73,48,71,15,24,39,55,71,8,76,20,76,73,56,73,42,79,48,Ekstraklasa
Cracovia,cbq36zdxvn152966h49hb4ijm,1r5zkfhxkrrgzhd0k0huxtas5,M. Klich,Mateusz Klich,36,Midfielder,Poland,Midfielder,71.0,135.0,9.0,193.0,1.0,0.0,21.0,7.0,411.0,13.0,2.0,17.0,5.0,2.0,3.0,2.0,1.0,1.0,1.0,2.0,5.0,10.0,1.0,5.0,0.0,0.0,82.13,47.37,43.33,100.0,40.0,51.22,20.0,55.56,0.3819394787429053,2.030937414809851,3.0,10.0,0.25204734,3.0,22.0,19.0,0.9342925,101.0,15.547445255474454,29.56204379562044,1.9708029197080288,42.26277372262774,0.218978102189781,0.0,4.598540145985401,1.5328467153284673,2.8467153284671536,0.437956204379562,3.7226277372262775,1.094890510948905,0.437956204379562,0.6569343065693432,0.437956204379562,0.218978102189781,0.218978102189781,0.218978102189781,0.437956204379562,1.094890510948905,2.18978102189781,0.218978102189781,1.094890510948905,0.0,0.0,82.13,47.37,43.33,100.0,40.0,51.22,20.0,55.56,0.0836363822064756,0.4447308207612813,0.6569343065693432,2.18978102189781,0.0551928481751824,0.6569343065693432,4.817518248175182,4.160583941605839,0.204589598540146,22.116788321167885,CM/AM,95,98,87,100,37,51,81,94,99,93,100,54,46,74,65,14,10,44,63,39,87,36,80,32,50,48,31,88,98,77,55,31,40,48,100,74,79,79,56,95,89,95,93,86,90,83,86,26,51,45,79,98,86,98,36,33,50,40,7,5,29,48,17,67,29,62,32,50,48,31,88,98,77,55,31,40,31,98,55,50,50,36,90,76,88,88,Ekstraklasa
Cracovia,cbq36zdxvn152966h49hb4ijm,23uzsdbj4p7kllnd8ivwtn14a,D. Piła,Dominik Pila,25,Defender,Poland,Defender,29.0,38.0,2.0,65.0,5.0,0.0,12.0,7.0,231.0,2.0,1.0,5.0,4.0,4.0,0.0,1.0,4.0,4.0,2.0,1.0,11.0,1.0,1.0,2.0,1.0,0.0,72.22,18.18,40.0,25.0,25.0,42.86,62.5,40.0,0.6037258855653731,0.316097141990365,0.0,0.0,0.0,1.0,6.0,5.0,0.35313589,34.0,11.298701298701298,14.805194805194803,0.7792207792207791,25.32467532467532,1.948051948051948,0.0,4.675324675324675,2.727272727272727,0.7792207792207791,0.3896103896103896,1.948051948051948,1.5584415584415583,1.5584415584415583,0.0,0.3896103896103896,1.5584415584415583,1.5584415584415583,0.7792207792207791,0.3896103896103896,4.285714285714286,0.3896103896103896,0.3896103896103896,0.7792207792207791,0.3896103896103896,0.0,72.22,18.18,40.0,25.0,25.0,42.86,62.5,40.0,0.2352178774930025,0.1231547306455967,0.0,0.0,0.0,0.3896103896103896,2.3376623376623376,1.948051948051948,0.1375854116883116,13.246753246753244,RM/RCM,76,55,55,71,86,52,67,93,60,81,79,60,83,21,64,50,48,57,45,86,19,36,57,76,52,19,38,81,31,29,40,86,40,76,67,19,5,5,31,74,48,57,74,86,38,43,57,90,52,52,90,52,76,76,48,71,21,57,43,43,48,38,86,10,33,57,62,52,19,38,81,31,29,40,86,40,76,67,19,5,5,24,67,38,43,67,Ekstraklasa
Cracovia,cbq36zdxvn152966h49hb4ijm,45qvc5p22q5zkabxnh6w3q2ju,K. Zahiroleslam,Kahveh Zahiroleslam,24,Attacker,USA,Striker,11.0,17.0,0.0,28.0,7.0,0.0,11.0,6.0,351.0,0.0,0.0,3.0,13.0,13.0,0.0,3.0,3.0,3.0,0.0,3.0,26.0,4.0,0.0,0.0,0.0,0.0,68.29,0.0,0.0,0.0,23.08,31.43,36.84,0.0,1.5839800743282828,0.2539969423956221,1.0,2.0,0.08854835,1.0,0.0,2.0,0.08837822,2.0,2.8205128205128207,4.35897435897436,0.0,7.17948717948718,1.794871794871795,0.0,2.8205128205128207,1.5384615384615383,0.0,0.0,0.7692307692307693,3.333333333333333,3.333333333333333,0.0,0.7692307692307693,0.7692307692307693,0.7692307692307693,0.0,0.7692307692307693,6.666666666666667,1.0256410256410258,0.0,0.0,0.0,0.0,68.29,0.0,0.0,0.0,23.08,31.43,36.84,0.0,0.406148737007252,0.0651274211270825,0.2564102564102564,0.5128205128205129,0.0227047051282051,0.2564102564102564,0.0,0.5128205128205129,0.022661082051282,0.5128205128205129,ST,60,39,25,42,65,50,40,86,39,42,54,83,92,14,71,56,53,28,57,92,62,17,21,26,51,50,25,39,17,33,11,25,21,83,58,36,42,53,60,12,35,44,6,31,6,25,6,36,50,17,69,39,42,33,56,89,14,57,39,36,28,38,83,33,17,21,26,51,50,25,39,17,33,11,25,21,69,39,28,29,42,54,12,25,22,3,Ekstraklasa
Cracovia,cbq36zdxvn152966h49hb4ijm,4ifnzd8wpakpas6xpm3k6zpbd,M. Minchev,Martin Minchev,25,Attacker,Bulgaria,Striker,17.0,35.0,2.0,49.0,4.0,0.0,16.0,1.0,336.0,3.0,0.0,5.0,4.0,2.0,2.0,1.0,8.0,10.0,4.0,3.0,8.0,3.0,5.0,3.0,0.0,0.0,70.0,33.33,21.43,62.5,75.0,44.44,40.0,75.0,0.3312109150860974,0.67174704152187,1.0,2.0,0.08159047,0.0,5.0,8.0,0.8541745199999999,22.0,4.553571428571429,9.375,0.5357142857142857,13.125,1.0714285714285714,0.0,4.285714285714286,0.2678571428571428,0.8035714285714286,0.0,1.3392857142857142,1.0714285714285714,0.5357142857142857,0.5357142857142857,0.2678571428571428,2.142857142857143,2.6785714285714284,1.0714285714285714,0.8035714285714286,2.142857142857143,0.8035714285714286,1.3392857142857142,0.8035714285714286,0.0,0.0,70.0,33.33,21.43,62.5,75.0,44.44,40.0,75.0,0.0887172093980618,0.1799322432647866,0.2678571428571428,0.5357142857142857,0.0218545901785714,0.0,1.3392857142857142,2.142857142857143,0.2287967464285714,5.892857142857142,LM/LCM,44,34,56,38,81,50,50,28,84,38,75,53,50,59,31,56,69,88,84,47,41,59,56,38,53,12,41,62,62,100,38,50,81,50,88,31,16,19,12,66,75,94,50,38,19,44,25,81,50,44,19,62,38,62,38,44,56,25,31,38,88,81,44,19,50,44,38,53,12,41,62,62,100,38,50,81,31,88,31,12,12,12,69,62,94,38,Ekstraklasa
Cracovia,cbq36zdxvn152966h49hb4ijm,4l2dipjn9qhnu7agmchtgpdsk,B. Traoré,Brahim Traoré,22,Defender,France,Defender,131.0,71.0,5.0,202.0,7.0,0.0,18.0,32.0,450.0,0.0,0.0,0.0,0.0,0.0,0.0,0.0,2.0,2.0,9.0,0.0,2.0,1.0,2.0,4.0,0.0,0.0,90.99,41.67,0.0,100.0,0.0,72.0,63.64,50.0,0.0,0.0,0.0,0.0,0.0,0.0,0.0,0.0,0.0,0.0,26.2,14.2,1.0,40.4,1.4,0.0,3.6,6.4,0.0,0.0,0.0,0.0,0.0,0.0,0.0,0.4,0.4,1.8,0.0,0.4,0.2,0.4,0.8,0.0,0.0,90.99,41.67,0.0,100.0,0.0,72.0,63.64,50.0,0.0,0.0,0.0,0.0,0.0,0.0,0.0,0.0,0.0,0.0,CB,86,84,40,91,57,47,76,90,43,42,23,15,19,38,34,84,84,100,38,38,42,91,86,43,51,81,44,43,93,38,98,65,47,15,26,36,21,21,34,12,13,12,12,47,50,19,37,27,47,45,63,43,42,23,15,19,38,34,70,67,93,38,20,31,79,60,43,51,81,44,43,93,38,98,65,47,15,26,36,21,21,34,12,13,12,12,Ekstraklasa
Cracovia,cbq36zdxvn152966h49hb4ijm,5c304zq5zwjej92qk4wldjv9w,B. Selan,Beno Selan,21,Midfielder,Slovenia,Midfielder,22.0,12.0,0.0,34.0,1.0,0.0,5.0,4.0,130.0,0.0,0.0,1.0,2.0,1.0,1.0,0.0,2.0,2.0,2.0,1.0,4.0,1.0,1.0,0.0,0.0,0.0,82.93,0.0,0.0,50.0,50.0,35.71,25.0,0.0,0.191116186359631,0.0536753277045755,0.0,1.0,0.02855202,1.0,1.0,0.0,0.05246041,13.0,15.230769230769232,8.307692307692308,0.0,23.53846153846154,0.6923076923076923,0.0,3.4615384615384617,2.769230769230769,0.0,0.0,0.6923076923076923,1.3846153846153846,0.6923076923076923,0.6923076923076923,0.0,1.3846153846153846,1.3846153846153846,1.3846153846153846,0.6923076923076923,2.769230769230769,0.6923076923076923,0.6923076923076923,0.0,0.0,0.0,82.93,0.0,0.0,50.0,50.0,35.71,25.0,0.0,0.132311205941283,0.0371598422570138,0.0,0.6923076923076923,0.019766783076923,0.6923076923076923,0.6923076923076923,0.0,0.0363187453846153,9.0,DM/CM,20,3,6,11,26,52,14,32,30,45,21,39,65,35,29,50,50,32,65,71,20,44,9,45,52,36,6,30,52,77,21,27,9,58,18,20,11,11,36,6,5,9,9,48,3,6,18,44,52,24,70,30,45,39,79,88,58,29,79,74,70,89,97,24,80,9,45,52,36,6,30,52,77,21,27,9,94,36,20,12,15,48,6,5,6,9,Ekstraklasa
Cracovia,cbq36zdxvn152966h49hb4ijm,6on1coqb8yeebnwqyazkooa1,G. Henriksson,Gustav Henriksson,28,Defender,Sweden,Defender,108.0,57.0,5.0,165.0,12.0,0.0,17.0,33.0,414.0,0.0,0.0,2.0,6.0,6.0,0.0,1.0,0.0,0.0,3.0,1.0,8.0,2.0,0.0,1.0,0.0,0.0,87.3,33.33,0.0,0.0,16.67,47.22,50.0,33.33,0.6786630671423014,0.1155399812439924,1.0,1.0,0.10805102,0.0,16.0,11.0,0.22976116,110.0,23.47826086956522,12.391304347826088,1.0869565217391306,35.869565217391305,2.608695652173913,0.0,3.695652173913044,7.173913043478262,0.0,0.0,0.4347826086956522,1.3043478260869563,1.3043478260869563,0.0,0.2173913043478261,0.0,0.0,0.6521739130434783,0.2173913043478261,1.7391304347826089,0.4347826086956522,0.0,0.2173913043478261,0.0,0.0,87.3,33.33,0.0,0.0,16.67,47.22,50.0,33.33,0.1475354493787611,0.0251173872269548,0.2173913043478261,0.2173913043478261,0.023489352173913,0.0,3.4782608695652177,2.391304347826088,0.0499480782608695,23.91304347826087,CB,74,67,40,69,83,47,70,95,43,42,79,93,98,38,77,29,27,59,87,85,66,35,40,43,51,60,29,43,35,79,28,41,28,95,72,81,51,77,34,94,81,65,84,40,37,28,28,67,47,49,72,43,42,72,86,95,38,70,29,27,37,81,74,53,35,28,43,51,60,29,43,35,79,28,41,28,88,70,77,42,72,34,84,53,40,56,Ekstraklasa
Cracovia,cbq36zdxvn152966h49hb4ijm,8dqat1x426eu0hcyyxqdmu8ve,A. Hasić,Ajdin Hasic,24,Midfielder,Bosnia and Herzegovina,Midfielder,37.0,123.0,10.0,151.0,2.0,0.0,21.0,3.0,443.0,9.0,0.0,16.0,21.0,7.0,14.0,7.0,19.0,21.0,4.0,9.0,20.0,6.0,6.0,6.0,3.0,0.0,77.84,45.45,42.86,31.58,42.86,34.43,18.18,85.71,1.4261507611410604,1.648320131511063,13.0,21.0,0.5309120099999999,11.0,20.0,30.0,1.23455284,78.0,7.516930022573363,24.98871331828442,2.031602708803612,30.677200902934537,0.4063205417607223,0.0,4.266365688487585,0.6094808126410834,1.8284424379232505,0.0,3.2505643340857784,4.266365688487585,1.4221218961625282,2.8442437923250563,1.4221218961625282,3.860045146726862,4.266365688487585,0.8126410835214446,1.8284424379232505,4.063205417607223,1.218961625282167,1.218961625282167,1.218961625282167,0.6094808126410834,0.0,77.84,45.45,42.86,31.58,42.86,34.43,18.18,85.71,0.289737174949651,0.3348731644153401,2.641083521444695,4.266365688487585,0.1078602277652369,2.234762979683973,4.063205417607223,6.094808126410835,0.2508120893905192,15.846501128668171,RM/RCM,86,100,98,100,57,52,95,60,95,38,100,100,100,100,100,100,100,90,100,100,95,93,98,100,52,33,62,86,38,62,14,43,76,100,100,100,95,95,100,100,100,100,100,43,95,81,76,14,52,33,19,81,38,95,90,67,100,86,81,86,57,100,71,62,71,81,76,52,33,62,86,38,62,14,43,76,81,95,90,81,76,95,86,90,86,81,Ekstraklasa
Cracovia,cbq36zdxvn152966h49hb4ijm,cp8z0ew8u1lb0ofx9juxi7zmc,D. Kameri,Dijon Kameri,22,Midfielder,Austria,Midfielder,28.0,59.0,1.0,87.0,2.0,0.0,14.0,2.0,325.0,0.0,0.0,3.0,13.0,7.0,6.0,4.0,5.0,7.0,1.0,3.0,11.0,7.0,3.0,1.0,0.0,0.0,81.31,20.0,0.0,60.0,23.08,48.28,66.67,50.0,1.0298658488386525,0.2169083708006892,5.0,6.0,0.16790955,1.0,7.0,8.0,0.27286458,31.0,7.753846153846154,16.338461538461537,0.2769230769230769,24.09230769230769,0.5538461538461539,0.0,3.876923076923077,0.5538461538461539,0.0,0.0,0.8307692307692307,3.6,1.9384615384615385,1.6615384615384614,1.1076923076923078,1.3846153846153846,1.9384615384615385,0.2769230769230769,0.8307692307692307,3.046153846153846,1.9384615384615385,0.8307692307692307,0.2769230769230769,0.0,0.0,81.31,20.0,0.0,60.0,23.08,48.28,66.67,50.0,0.285193619678396,0.0600669334524985,1.3846153846153846,1.6615384615384614,0.0464980292307692,0.2769230769230769,1.9384615384615385,2.2153846153846155,0.075562499076923,8.584615384615384,CM/AM,69,62,23,67,61,51,60,38,11,39,44,96,93,95,88,61,70,44,77,71,68,65,25,32,50,40,17,11,75,43,48,88,31,90,38,96,52,55,23,54,48,38,46,48,31,17,38,52,51,40,26,11,39,36,88,81,88,86,43,50,37,74,55,62,57,21,32,50,40,17,11,75,43,48,88,31,81,24,81,33,40,14,40,24,21,33,Ekstraklasa
Cracovia,cbq36zdxvn152966h49hb4ijm,ct5zx477027zxa1uc67mjjdhw,M. Perković,Mauro Perkovic,23,Defender,Croatia,Defender,87.0,85.0,8.0,171.0,8.0,0.0,22.0,18.0,436.0,1.0,0.0,3.0,7.0,7.0,0.0,2.0,5.0,5.0,7.0,3.0,13.0,2.0,4.0,4.0,1.0,0.0,83.82,33.33,20.0,80.0,42.86,47.83,33.33,50.0,0.8653714823691181,0.4014396675073861,0.0,13.0,0.43828491,8.0,13.0,13.0,0.7955312600000001,102.0,17.958715596330276,17.545871559633028,1.651376146788991,35.29816513761468,1.651376146788991,0.0,4.541284403669725,3.7155963302752295,0.2064220183486238,0.0,0.6192660550458716,1.444954128440367,1.444954128440367,0.0,0.4128440366972477,1.0321100917431194,1.0321100917431194,1.444954128440367,0.6192660550458716,2.6834862385321103,0.4128440366972477,0.8256880733944955,0.8256880733944955,0.2064220183486238,0.0,83.82,33.33,20.0,80.0,42.86,47.83,33.33,50.0,0.1786317280119739,0.0828659864120751,0.0,2.6834862385321103,0.0904716557339449,1.651376146788991,2.6834862385321103,2.6834862385321103,0.1642151683486238,21.055045871559635,LB/LCB,92,92,83,100,88,52,79,85,48,44,56,94,94,23,85,75,67,90,96,100,52,85,69,88,52,58,27,56,90,79,42,38,40,96,67,27,96,100,98,73,67,92,96,62,50,58,71,79,52,58,54,42,44,29,79,88,23,88,58,54,83,83,83,33,75,38,79,52,58,27,56,90,79,42,38,40,88,42,27,83,96,79,46,50,67,67,Ekstraklasa
Cracovia,cbq36zdxvn152966h49hb4ijm,yhtjd2btt16hmd74mimlz2l1,O. Kakabadze,Otar Kakabadze,31,Defender,Georgia,Defender,42.0,58.0,8.0,99.0,3.0,0.0,25.0,8.0,254.0,1.0,1.0,7.0,1.0,1.0,0.0,1.0,9.0,10.0,3.0,0.0,8.0,6.0,3.0,6.0,0.0,0.0,81.82,61.54,8.33,33.33,0.0,54.35,60.0,46.15,0.0422292239895788,0.4559955880494523,0.0,11.0,0.31808299,2.0,16.0,11.0,0.385213,53.0,14.881889763779526,20.551181102362204,2.8346456692913384,35.07874015748031,1.062992125984252,0.0,8.858267716535433,2.8346456692913384,0.3543307086614173,0.3543307086614173,2.4803149606299213,0.3543307086614173,0.3543307086614173,0.0,0.3543307086614173,3.188976377952756,3.543307086614173,1.062992125984252,0.0,2.8346456692913384,2.125984251968504,1.062992125984252,2.125984251968504,0.0,0.0,81.82,61.54,8.33,33.33,0.0,54.35,60.0,46.15,0.0149631108624491,0.1615732398600421,0.0,3.8976377952755903,0.1127065712598425,0.7086614173228346,5.669291338582677,3.8976377952755903,0.1364927952755905,18.77952755905512,RB/RCB,42,65,87,58,62,44,96,37,46,92,100,46,58,35,83,98,98,54,35,88,100,87,90,48,52,48,90,38,56,35,65,85,35,42,92,37,96,100,69,92,65,58,69,46,69,88,50,73,44,96,31,42,96,100,42,62,35,88,96,96,69,35,92,100,88,88,48,52,48,90,38,56,35,65,85,35,42,96,37,100,100,69,92,73,62,65,Ekstraklasa
Korona Kielce,2l1pdpvptdw9ois9qkrs9xi3c,3durmgxmp7tzxsr234mlhot1,S. Gustafson,Simon Gustafson,31,Midfielder,Sweden,Midfielder,10.0,24.0,0.0,34.0,1.0,0.0,8.0,1.0,152.0,0.0,0.0,3.0,2.0,1.0,1.0,1.0,0.0,0.0,1.0,0.0,7.0,4.0,0.0,2.0,0.0,0.0,72.34,0.0,0.0,0.0,0.0,57.14,20.0,66.67,0.1195534067328848,0.1780979109048622,1.0,3.0,0.12852623,0.0,2.0,2.0,0.07910139,19.0,5.921052631578948,14.210526315789474,0.0,20.13157894736842,0.5921052631578947,0.0,4.7368421052631575,0.5921052631578947,0.0,0.0,1.7763157894736843,1.1842105263157894,0.5921052631578947,0.5921052631578947,0.5921052631578947,0.0,0.0,0.5921052631578947,0.0,4.144736842105263,2.3684210526315788,0.0,1.1842105263157894,0.0,0.0,72.34,0.0,0.0,0.0,0.0,57.14,20.0,66.67,0.0707882013549975,0.1054527104041947,0.5921052631578947,1.7763157894736843,0.0761010572368421,0.0,1.1842105263157894,1.1842105263157894,0.0468363493421052,11.25,DM/CM,8,12,6,11,26,52,26,9,30,45,59,39,65,35,73,8,8,20,24,98,67,15,47,45,52,9,6,30,15,24,77,23,71,36,52,52,29,58,9,9,9,12,15,6,18,6,6,33,52,55,9,30,45,82,64,79,45,91,8,8,24,24,100,88,15,73,45,52,9,6,30,15,24,77,23,71,61,70,64,48,82,9,9,9,12,20,Ekstraklasa
Korona Kielce,2l1pdpvptdw9ois9qkrs9xi3c,5n7xt7tyssfyajkwn7wq4rrop,P. Hellebrand,Patrik Hellebrand,27,Midfielder,Czechia,Midfielder,108.0,152.0,17.0,259.0,1.0,0.0,23.0,7.0,359.0,1.0,0.0,3.0,7.0,1.0,6.0,4.0,5.0,6.0,5.0,0.0,1.0,9.0,4.0,6.0,0.0,0.0,94.53,73.91,50.0,80.0,0.0,60.53,20.0,66.67,0.4338488061157313,0.1483828716099982,5.0,13.0,0.2984079799999999,4.0,42.0,26.0,0.4566942199999998,160.0,27.075208913649025,38.1058495821727,4.26183844011142,64.93036211699165,0.2506963788300835,0.0,5.766016713091922,1.7548746518105849,0.2506963788300835,0.0,0.7520891364902507,1.7548746518105849,0.2506963788300835,1.504178272980501,1.0027855153203342,1.2534818941504178,1.504178272980501,1.2534818941504178,0.0,0.2506963788300835,2.256267409470752,1.0027855153203342,1.504178272980501,0.0,0.0,94.53,73.91,50.0,80.0,0.0,60.53,20.0,66.67,0.1087643246529688,0.0371990485930357,1.2534818941504178,3.2590529247910864,0.0748097999999999,1.0027855153203342,10.529247910863509,6.518105849582173,0.1144915871866294,40.11142061281337,DM/CM,97,100,97,100,26,52,94,64,70,45,59,97,65,97,95,92,94,80,24,26,97,97,94,45,52,97,94,89,76,24,85,23,71,97,48,100,88,88,76,97,97,76,97,94,100,97,100,15,52,73,42,64,45,48,88,52,91,97,73,82,64,24,21,85,97,85,45,52,97,94,89,76,24,85,23,71,82,39,91,79,79,67,97,94,48,100,Ekstraklasa
Korona Kielce,2l1pdpvptdw9ois9qkrs9xi3c,6n3iau28utvy0uzfy8eudvs2d,M. Stępiński,Mariusz Stepinski,31,Attacker,Poland,Striker,8.0,28.0,1.0,36.0,6.0,0.0,14.0,11.0,321.0,0.0,0.0,5.0,10.0,7.0,3.0,2.0,4.0,4.0,2.0,3.0,12.0,2.0,3.0,1.0,2.0,0.0,69.23,16.67,0.0,75.0,30.0,29.79,30.0,33.33,1.0092915231524011,0.4241300946905636,2.0,7.0,0.25836647,2.0,8.0,7.0,0.08203847,18.0,2.242990654205608,7.850467289719626,0.2803738317757009,10.093457943925234,1.6822429906542056,0.0,3.925233644859813,3.08411214953271,0.0,0.0,1.4018691588785046,2.803738317757009,1.9626168224299063,0.8411214953271028,0.5607476635514018,1.1214953271028036,1.1214953271028036,0.5607476635514018,0.8411214953271028,3.364485981308411,0.5607476635514018,0.8411214953271028,0.2803738317757009,0.5607476635514018,0.0,69.23,16.67,0.0,75.0,30.0,29.79,30.0,33.33,0.2829789317249722,0.1189149798197841,0.5607476635514018,1.9626168224299063,0.0724391971962616,0.5607476635514018,2.242990654205608,1.9626168224299063,0.0230014401869158,5.046728971962617,ST,33,61,61,58,54,50,57,97,39,42,83,68,67,81,47,65,65,88,57,50,33,78,58,85,51,54,50,39,85,39,8,17,47,67,89,64,88,86,83,96,90,42,82,17,50,58,39,31,50,28,94,39,42,72,47,44,69,31,53,53,83,47,19,14,69,50,81,51,54,50,39,85,39,8,17,47,44,81,53,78,75,81,89,81,25,61,Ekstraklasa
Korona Kielce,2l1pdpvptdw9ois9qkrs9xi3c,7zdm0eomw54ofqsnnksjefims,S. Davidović,Stjepan Davidovic,21,Midfielder,Croatia,Midfielder,2.0,12.0,0.0,14.0,2.0,0.0,6.0,3.0,152.0,0.0,0.0,1.0,1.0,1.0,0.0,0.0,7.0,7.0,0.0,0.0,4.0,2.0,1.0,1.0,0.0,0.0,77.78,0.0,0.0,14.29,0.0,30.0,66.67,100.0,0.1466768234149408,0.0,0.0,2.0,0.04347372,1.0,0.0,1.0,0.0319795299999999,4.0,1.1842105263157894,7.105263157894737,0.0,8.289473684210526,1.1842105263157894,0.0,3.5526315789473686,1.7763157894736843,0.0,0.0,0.5921052631578947,0.5921052631578947,0.5921052631578947,0.0,0.0,4.144736842105263,4.144736842105263,0.0,0.0,2.3684210526315788,1.1842105263157894,0.5921052631578947,0.5921052631578947,0.0,0.0,77.78,0.0,0.0,14.29,0.0,30.0,66.67,100.0,0.0868481191272675,0.0,0.0,1.1842105263157894,0.0257410184210526,0.5921052631578947,0.0,0.5921052631578947,0.0189352480263157,2.3684210526315788,RM/RCM,5,5,17,5,57,52,24,60,17,38,29,10,21,21,26,76,76,12,12,21,43,36,36,31,52,29,17,17,19,12,10,93,90,29,14,19,21,19,31,12,12,10,10,5,5,17,5,76,52,19,81,17,38,29,14,38,21,26,90,81,12,12,33,57,48,43,31,52,29,17,17,19,12,10,93,90,29,14,19,24,24,33,12,14,10,10,Ekstraklasa
Korona Kielce,2l1pdpvptdw9ois9qkrs9xi3c,85nkth23qo3032ra91xl5gdpm,W. Długosz,Wiktor Dlugosz,26,Midfielder,Poland,Midfielder,43.0,60.0,5.0,92.0,1.0,0.0,24.0,3.0,359.0,11.0,2.0,6.0,6.0,2.0,4.0,0.0,5.0,5.0,1.0,2.0,9.0,11.0,1.0,6.0,0.0,0.0,75.41,38.46,36.67,20.0,33.33,63.16,33.33,54.55,0.4623038742048966,0.7328760755691279,3.0,4.0,0.08536984,4.0,1.0,9.0,0.19483313,33.0,10.779944289693594,15.041782729805014,1.2534818941504178,23.064066852367688,0.2506963788300835,0.0,6.016713091922005,0.7520891364902507,2.75766016713092,0.5013927576601671,1.504178272980501,1.504178272980501,0.5013927576601671,1.0027855153203342,0.0,1.2534818941504178,1.2534818941504178,0.2506963788300835,0.5013927576601671,2.256267409470752,2.75766016713092,0.2506963788300835,1.504178272980501,0.0,0.0,75.41,38.46,36.67,20.0,33.33,63.16,33.33,54.55,0.115897907182286,0.183729378276383,0.7520891364902507,1.0027855153203342,0.0214019097493036,1.0027855153203342,0.2506963788300835,2.256267409470752,0.0488439601671309,8.272980501392757,RM/RCM,90,81,86,81,24,52,100,60,100,93,86,76,50,81,26,67,64,33,74,67,100,36,98,31,52,24,48,76,24,40,86,60,57,71,90,74,43,33,71,26,67,19,67,76,43,67,48,10,52,95,29,95,86,67,43,33,71,26,38,38,24,57,29,90,24,90,31,52,24,48,76,24,40,86,60,57,43,76,57,19,19,52,24,48,14,33,Ekstraklasa
Korona Kielce,2l1pdpvptdw9ois9qkrs9xi3c,9mppdjqw909us0wiid8psq0gl,K. Sotiriou,Konstantinos Sotiriou,30,Defender,Cyprus,Defender,67.0,35.0,8.0,102.0,7.0,0.0,10.0,11.0,270.0,0.0,0.0,0.0,1.0,1.0,0.0,0.0,0.0,1.0,4.0,0.0,8.0,0.0,0.0,3.0,0.0,0.0,82.26,42.11,0.0,0.0,0.0,38.46,36.84,100.0,0.0823562979342471,0.0,0.0,1.0,0.0199707,0.0,9.0,10.0,0.2351345099999999,60.0,22.33333333333333,11.666666666666666,2.6666666666666665,34.0,2.333333333333333,0.0,3.333333333333333,3.6666666666666665,0.0,0.0,0.0,0.3333333333333333,0.3333333333333333,0.0,0.0,0.0,0.3333333333333333,1.3333333333333333,0.0,2.6666666666666665,0.0,0.0,1.0,0.0,0.0,82.26,42.11,0.0,0.0,0.0,38.46,36.84,100.0,0.0274520993114157,0.0,0.0,0.3333333333333333,0.0066569,0.0,3.0,3.333333333333333,0.0783781699999999,20.0,CB,47,40,59,42,57,47,47,24,43,42,23,41,48,38,34,29,65,74,38,85,15,35,73,43,51,23,47,43,35,38,14,23,88,35,26,36,51,51,34,70,73,70,53,35,28,56,21,56,47,35,9,43,42,23,40,45,38,34,29,60,78,38,88,15,35,76,43,51,23,47,43,35,38,14,23,88,35,26,36,53,49,34,69,73,67,47,Ekstraklasa
Korona Kielce,2l1pdpvptdw9ois9qkrs9xi3c,ahuuhqepl5shiwlg8f4z8mn3e,A. Mosór,Ariel Mosór,23,Defender,Poland,Defender,79.0,61.0,12.0,140.0,16.0,0.0,18.0,24.0,243.0,0.0,0.0,2.0,5.0,5.0,0.0,2.0,0.0,0.0,2.0,0.0,8.0,0.0,0.0,1.0,0.0,0.0,89.74,70.59,0.0,0.0,0.0,69.23,76.19,50.0,0.6405201976678774,0.2399013065478891,0.0,8.0,0.15939441,2.0,5.0,2.0,0.14719883,93.0,29.259259259259256,22.59259259259259,4.444444444444444,51.85185185185185,5.925925925925926,0.0,6.666666666666666,8.888888888888888,0.0,0.0,0.7407407407407407,1.851851851851852,1.851851851851852,0.0,0.7407407407407407,0.0,0.0,0.7407407407407407,0.0,2.962962962962963,0.0,0.0,0.3703703703703703,0.0,0.0,89.74,70.59,0.0,0.0,0.0,69.23,76.19,50.0,0.2372297028399545,0.0888523357584774,0.0,2.962962962962963,0.0590349666666666,0.7407407407407407,1.851851851851852,0.7407407407407407,0.0545180851851851,34.44444444444444,CB,53,72,80,60,88,47,76,77,43,42,79,87,93,38,93,29,27,45,38,85,15,35,40,43,51,67,93,43,35,38,91,93,47,93,86,36,86,84,81,40,28,40,80,65,81,88,77,100,47,95,93,43,42,77,98,98,38,95,29,27,44,38,93,15,35,40,43,51,67,93,43,35,38,91,93,47,98,88,36,91,88,84,40,28,49,91,Ekstraklasa
Korona Kielce,2l1pdpvptdw9ois9qkrs9xi3c,bu2srpqngdi1mmx5df6cmw76y,S. Rubežić,Slobodan Rubezic,26,Defender,Montenegro,Defender,69.0,48.0,3.0,117.0,15.0,0.0,18.0,18.0,270.0,0.0,0.0,2.0,2.0,2.0,0.0,0.0,1.0,1.0,5.0,1.0,6.0,2.0,0.0,0.0,0.0,0.0,84.78,37.5,0.0,0.0,50.0,58.06,60.0,0.0,0.233801312244365,0.258695131415396,1.0,1.0,0.01870347,0.0,13.0,11.0,0.43487011,68.0,23.0,16.0,1.0,39.0,5.0,0.0,6.0,6.0,0.0,0.0,0.6666666666666666,0.6666666666666666,0.6666666666666666,0.0,0.0,0.3333333333333333,0.3333333333333333,1.6666666666666667,0.3333333333333333,2.0,0.6666666666666666,0.0,0.0,0.0,0.0,84.78,37.5,0.0,0.0,50.0,58.06,60.0,0.0,0.0779337707481216,0.0862317104717986,0.3333333333333333,0.3333333333333333,0.00623449,0.0,4.333333333333333,3.6666666666666665,0.1449567033333333,22.666666666666668,RB/RCB,75,54,37,69,100,44,79,85,19,42,46,62,77,35,37,46,46,90,79,73,40,25,10,48,52,58,37,19,25,88,73,85,10,65,65,79,27,23,15,83,65,65,77,69,42,37,58,100,44,88,88,19,42,46,65,77,35,37,44,44,81,85,81,37,25,10,48,52,58,37,19,25,88,73,85,10,73,62,77,27,27,15,77,65,65,73,Ekstraklasa
Korona Kielce,2l1pdpvptdw9ois9qkrs9xi3c,cd6xyse36m5sii1eaodwfnx1w,K. Jakubczyk,Kamil Jakubczyk,22,Midfielder,Poland,Midfielder,37.0,65.0,2.0,102.0,0.0,0.0,13.0,2.0,257.0,0.0,0.0,2.0,2.0,0.0,2.0,1.0,2.0,2.0,1.0,1.0,4.0,8.0,2.0,2.0,0.0,0.0,87.93,33.33,0.0,100.0,50.0,44.83,0.0,66.67,0.1155409346064383,0.0898123068099545,0.0,10.0,0.2343157,9.0,4.0,10.0,0.2708151199999999,51.0,12.957198443579768,22.762645914396888,0.7003891050583657,35.719844357976655,0.0,0.0,4.552529182879377,0.7003891050583657,0.0,0.0,0.7003891050583657,0.7003891050583657,0.0,0.7003891050583657,0.3501945525291828,0.7003891050583657,0.7003891050583657,0.3501945525291828,0.3501945525291828,1.4007782101167314,2.801556420233463,0.7003891050583657,0.7003891050583657,0.0,0.0,87.93,33.33,0.0,100.0,50.0,44.83,0.0,66.67,0.0404618058933052,0.0314517805949257,0.0,3.501945525291829,0.0820560817120622,3.151750972762646,1.4007782101167314,3.501945525291829,0.0948379797665369,17.859922178988327,DM/CM,42,58,26,53,8,52,53,14,30,45,39,39,24,59,73,50,50,20,65,71,92,77,47,45,52,76,26,30,89,77,36,9,71,33,30,20,79,79,100,20,50,48,48,36,58,18,45,8,52,45,12,30,45,42,39,24,61,73,52,52,15,64,67,100,85,45,45,52,76,26,30,89,77,36,9,71,24,27,20,85,88,100,12,45,39,39,Ekstraklasa
Korona Kielce,2l1pdpvptdw9ois9qkrs9xi3c,cqhqrohwi8zds0d3bxo5jynhm,M. Pięczek,Marcel Pieczek,25,Defender,Poland,Defender,47.0,79.0,6.0,122.0,1.0,0.0,11.0,17.0,360.0,4.0,1.0,7.0,2.0,2.0,0.0,1.0,1.0,1.0,3.0,0.0,5.0,3.0,0.0,1.0,0.0,0.0,81.33,33.33,40.0,0.0,0.0,40.74,33.33,14.29,0.1461893577698664,0.5195601778421265,0.0,3.0,0.0863207699999999,4.0,15.0,15.0,0.8008816600000004,58.0,11.75,19.75,1.5,30.5,0.25,0.0,2.75,4.25,1.0,0.25,1.75,0.5,0.5,0.0,0.25,0.25,0.25,0.75,0.0,1.25,0.75,0.0,0.25,0.0,0.0,81.33,33.33,40.0,0.0,0.0,40.74,33.33,14.29,0.0365473394424666,0.1298900444605316,0.0,0.75,0.0215801924999999,1.0,3.75,3.75,0.2002204150000001,14.5,LB/LCB,42,83,65,62,31,52,38,79,81,92,88,33,67,23,62,27,27,65,27,60,71,17,19,38,52,42,27,88,17,27,4,38,12,38,75,27,33,38,62,85,79,96,58,25,71,54,38,21,52,15,71,79,96,75,21,58,23,58,25,25,42,27,58,58,17,17,38,52,42,27,88,17,27,4,38,12,21,71,27,33,38,56,73,67,79,42,Ekstraklasa
Korona Kielce,2l1pdpvptdw9ois9qkrs9xi3c,e09qa60zisdsv4gfcxlbxk4ix,M. Faßbender,Morgan Fassbender,27,Attacker,Germany,Striker,11.0,45.0,2.0,55.0,3.0,0.0,11.0,1.0,270.0,1.0,0.0,1.0,8.0,7.0,1.0,3.0,11.0,13.0,2.0,3.0,17.0,1.0,5.0,0.0,2.0,0.0,77.46,50.0,7.14,45.45,37.5,36.67,33.33,0.0,0.752291430753668,0.126514676269803,3.0,7.0,0.20488591,1.0,3.0,6.0,0.33726765,17.0,3.6666666666666665,15.0,0.6666666666666666,18.33333333333333,1.0,0.0,3.6666666666666665,0.3333333333333333,0.3333333333333333,0.0,0.3333333333333333,2.6666666666666665,2.333333333333333,0.3333333333333333,1.0,3.6666666666666665,4.333333333333333,0.6666666666666666,1.0,5.666666666666667,0.3333333333333333,1.6666666666666667,0.0,0.6666666666666666,0.0,77.46,50.0,7.14,45.45,37.5,36.67,33.33,0.0,0.2507638102512227,0.042171558756601,1.0,2.333333333333333,0.0682953033333333,0.3333333333333333,1.0,2.0,0.11242255,5.666666666666667,CM/AM,24,43,38,29,74,51,39,19,32,39,14,81,93,29,79,95,95,73,77,89,14,89,8,93,50,29,43,21,55,74,19,45,8,81,21,74,64,64,23,25,33,57,26,14,17,33,21,71,51,36,14,26,39,5,76,83,24,76,90,95,62,77,86,10,86,8,93,50,29,43,21,55,74,19,45,8,76,19,74,55,64,17,21,21,50,12,Ekstraklasa
Korona Kielce,2l1pdpvptdw9ois9qkrs9xi3c,eic0l6akfb58q1b5qzvn8hb10,H. Zwoźny,Hubert Zwozny,22,Defender,Poland,Defender,12.0,11.0,3.0,23.0,0.0,0.0,5.0,5.0,101.0,0.0,0.0,1.0,1.0,0.0,1.0,0.0,0.0,0.0,0.0,1.0,0.0,2.0,0.0,2.0,0.0,0.0,79.31,60.0,0.0,0.0,100.0,45.45,0.0,66.67,0.0878855605282812,0.0826999091563234,1.0,1.0,0.02401521,1.0,3.0,3.0,0.08503683,9.0,10.693069306930694,9.801980198019802,2.6732673267326734,20.495049504950494,0.0,0.0,4.455445544554456,4.455445544554456,0.0,0.0,0.8910891089108911,0.8910891089108911,0.0,0.8910891089108911,0.0,0.0,0.0,0.0,0.8910891089108911,0.0,1.7821782178217822,0.0,1.7821782178217822,0.0,0.0,79.31,60.0,0.0,0.0,100.0,45.45,0.0,66.67,0.0783138658172802,0.0736929883571198,0.8910891089108911,0.8910891089108911,0.0213996920792079,0.8910891089108911,2.6732673267326734,2.6732673267326734,0.0757753930693069,8.01980198019802,RB/RCB,6,4,37,4,8,44,17,12,19,42,23,46,25,75,37,17,17,4,79,10,40,25,38,48,52,27,85,19,25,100,27,13,62,54,23,79,27,31,42,25,23,19,19,19,12,85,8,8,44,54,73,19,42,65,69,25,96,37,17,17,4,100,10,92,25,85,48,52,27,85,19,25,100,27,13,62,77,50,96,46,54,81,58,42,31,23,Ekstraklasa
Korona Kielce,2l1pdpvptdw9ois9qkrs9xi3c,jprkyrrpfbrgu4gmu07q7isp,M. Remacle,Martin Remacle,29,Midfielder,Belgium,Midfielder,28.0,40.0,2.0,67.0,2.0,0.0,10.0,5.0,194.0,1.0,1.0,4.0,6.0,2.0,4.0,4.0,3.0,3.0,2.0,1.0,3.0,2.0,2.0,2.0,0.0,0.0,79.76,33.33,50.0,66.67,16.67,38.46,40.0,50.0,0.4201272439326054,0.2442123093680344,4.0,1.0,0.02855202,1.0,6.0,6.0,0.3995588299999999,23.0,12.989690721649485,18.55670103092784,0.9278350515463918,31.082474226804127,0.9278350515463918,0.0,4.639175257731959,2.31958762886598,0.4639175257731959,0.4639175257731959,1.855670103092784,2.783505154639176,0.9278350515463918,1.855670103092784,1.855670103092784,1.3917525773195878,1.3917525773195878,0.9278350515463918,0.4639175257731959,1.3917525773195878,0.9278350515463918,0.9278350515463918,0.9278350515463918,0.0,0.0,79.76,33.33,50.0,66.67,16.67,38.46,40.0,50.0,0.1949043915151262,0.1132943703253767,1.855670103092784,0.4639175257731959,0.0132457824742268,0.4639175257731959,2.783505154639176,2.783505154639176,0.1853623438144329,10.670103092783506,DM/CM,30,33,26,27,42,52,38,44,70,95,77,94,91,89,95,71,70,32,65,53,32,77,47,45,52,21,26,89,68,48,24,42,44,94,64,95,11,11,36,36,32,70,18,39,27,30,30,55,52,52,55,73,100,85,100,100,100,100,82,79,39,76,64,39,94,64,45,52,21,26,89,68,48,24,42,44,100,82,100,9,9,42,33,27,88,12,Ekstraklasa
Pogoń Szczecin,7r1d7xdgcjgp61qxshpho7xck,3kanomgapsyp3iorzq4ujp905,A. Szalai,Attila Szalai,28,Defender,Hungary,Defender,75.0,28.0,9.0,103.0,5.0,1.0,6.0,19.0,259.0,0.0,0.0,0.0,2.0,2.0,0.0,0.0,0.0,0.0,3.0,1.0,2.0,0.0,0.0,1.0,1.0,0.0,83.74,40.91,0.0,0.0,50.0,66.67,71.43,100.0,0.2858984323815389,0.0,0.0,0.0,0.0,0.0,6.0,5.0,0.13600847,74.0,26.06177606177606,9.72972972972973,3.1274131274131274,35.79150579150579,1.7374517374517375,0.3474903474903475,2.0849420849420848,6.602316602316602,0.0,0.0,0.0,0.694980694980695,0.694980694980695,0.0,0.0,0.0,0.0,1.0424710424710424,0.3474903474903475,0.694980694980695,0.0,0.0,0.3474903474903475,0.3474903474903475,0.0,83.74,40.91,0.0,0.0,50.0,66.67,71.43,100.0,0.0993469456152065,0.0,0.0,0.0,0.0,0.0,2.0849420849420848,1.7374517374517375,0.0472616305019304,25.714285714285715,CB,51,28,65,45,45,97,28,66,43,42,23,63,69,38,34,29,27,59,87,38,15,35,40,93,51,33,40,43,35,94,83,81,88,77,26,36,21,21,34,43,41,37,58,44,21,65,26,42,98,14,65,43,42,23,67,77,38,34,29,27,72,93,35,15,35,37,95,51,33,40,43,35,94,83,81,88,79,26,36,21,21,34,49,42,37,65,Ekstraklasa
Pogoń Szczecin,7r1d7xdgcjgp61qxshpho7xck,3u3gjwv3jzdgsnf89bvbj1p79,L. Wahlqvist,Linus Wahlqvist,29,Defender,Sweden,Defender,45.0,32.0,4.0,74.0,2.0,0.0,4.0,13.0,285.0,3.0,1.0,2.0,3.0,3.0,0.0,0.0,2.0,2.0,3.0,1.0,5.0,0.0,0.0,1.0,1.0,0.0,79.57,40.0,50.0,0.0,33.33,16.67,15.38,50.0,0.4051648169944677,0.1393132297193781,0.0,0.0,0.0,1.0,7.0,6.0,0.396966,35.0,14.210526315789474,10.105263157894738,1.2631578947368425,23.36842105263158,0.6315789473684211,0.0,1.2631578947368425,4.105263157894737,0.9473684210526316,0.3157894736842105,0.6315789473684211,0.9473684210526316,0.9473684210526316,0.0,0.0,0.6315789473684211,0.6315789473684211,0.9473684210526316,0.3157894736842105,1.5789473684210529,0.0,0.0,0.3157894736842105,0.3157894736842105,0.0,79.57,40.0,50.0,0.0,33.33,16.67,15.38,50.0,0.1279467843140424,0.0439936514903299,0.0,0.0,0.0,0.3157894736842105,2.210526315789474,1.8947368421052635,0.1253576842105263,11.052631578947368,RB/RCB,46,19,52,27,40,44,8,67,87,92,46,75,90,35,37,63,63,54,79,60,8,25,23,98,52,31,44,98,25,81,4,27,44,88,38,37,12,12,42,46,40,62,35,38,15,50,15,31,44,8,62,85,85,35,81,88,35,37,65,65,65,81,65,8,25,19,100,52,31,44,98,25,81,4,27,44,92,38,37,12,12,35,42,35,58,35,Ekstraklasa
Pogoń Szczecin,7r1d7xdgcjgp61qxshpho7xck,4sit7tqcum60o7rdwcnw0b6c5,F. Ulvestad,Fredrik Ulvestad,34,Midfielder,Norway,Midfielder,24.0,32.0,5.0,56.0,11.0,0.0,17.0,3.0,238.0,0.0,0.0,6.0,1.0,1.0,0.0,0.0,0.0,0.0,3.0,1.0,3.0,1.0,0.0,3.0,0.0,0.0,82.35,55.56,0.0,0.0,100.0,53.12,64.71,50.0,0.1393132297193781,0.5577454795953467,0.0,2.0,0.08827744,1.0,7.0,10.0,0.6006291399999999,29.0,9.07563025210084,12.100840336134452,1.8907563025210083,21.176470588235293,4.159663865546219,0.0,6.428571428571429,1.134453781512605,0.0,0.0,2.26890756302521,0.3781512605042016,0.3781512605042016,0.0,0.0,0.0,0.0,1.134453781512605,0.3781512605042016,1.134453781512605,0.3781512605042016,0.0,1.134453781512605,0.0,0.0,82.35,55.56,0.0,0.0,100.0,53.12,64.71,50.0,0.0526814734232942,0.2109121561495008,0.0,0.7563025210084033,0.033382225210084,0.3781512605042016,2.647058823529412,3.7815126050420167,0.2271286663865546,10.966386554621849,DM/CM,24,21,62,21,98,52,71,21,30,45,97,18,65,14,29,8,8,48,65,53,20,15,67,45,52,33,61,30,15,98,61,74,44,42,97,20,18,36,36,44,50,85,27,15,12,64,12,100,52,82,18,30,45,94,18,67,14,29,8,8,48,67,48,15,15,70,45,52,33,61,30,15,98,61,74,44,39,97,20,15,36,33,30,52,97,15,Ekstraklasa
Pogoń Szczecin,7r1d7xdgcjgp61qxshpho7xck,64wpzdye8ixg0a4o1jdnuc3dg,M. Wojciechowski,Maciej Wojciechowski,19,Midfielder,Poland,Midfielder,22.0,35.0,5.0,57.0,1.0,0.0,7.0,0.0,200.0,0.0,1.0,1.0,4.0,0.0,4.0,1.0,1.0,1.0,0.0,2.0,0.0,2.0,1.0,1.0,0.0,0.0,83.82,71.43,0.0,100.0,50.0,41.18,33.33,33.33,0.2251255953558702,0.1177049616373238,2.0,5.0,0.11451056,1.0,10.0,10.0,0.1697925599999999,25.0,9.9,15.75,2.25,25.65,0.4499999999999999,0.0,3.15,0.0,0.0,0.4499999999999999,0.4499999999999999,1.7999999999999998,0.0,1.7999999999999998,0.4499999999999999,0.4499999999999999,0.4499999999999999,0.0,0.8999999999999999,0.0,0.8999999999999999,0.4499999999999999,0.4499999999999999,0.0,0.0,83.82,71.43,0.0,100.0,50.0,41.18,33.33,33.33,0.1013065179101415,0.0529672327367957,0.8999999999999999,2.25,0.051529752,0.4499999999999999,4.5,4.5,0.0764066519999999,11.25,DM/CM,20,24,62,24,26,52,21,5,30,95,21,85,24,89,73,26,26,8,91,9,32,44,26,45,52,45,91,30,89,77,27,35,29,67,42,76,50,52,36,55,50,21,21,18,24,76,21,24,52,18,5,30,97,18,91,24,97,82,30,30,8,100,9,36,45,27,45,52,45,91,30,89,77,27,35,29,76,48,85,64,55,39,76,70,30,20,Ekstraklasa
Pogoń Szczecin,7r1d7xdgcjgp61qxshpho7xck,6gmjqpz2widy0jfpbpou607o5,J. Nsame,Jean-Pierre Nsame,33,Attacker,Cameroon,Striker,10.0,10.0,0.0,20.0,6.0,0.0,7.0,0.0,122.0,0.0,0.0,1.0,5.0,5.0,0.0,0.0,0.0,0.0,0.0,5.0,10.0,0.0,0.0,1.0,0.0,0.0,64.52,0.0,0.0,0.0,100.0,50.0,54.55,100.0,0.6044096488579084,0.0,0.0,2.0,0.04950342,0.0,1.0,0.0,0.00737948,2.0,7.377049180327869,7.377049180327869,0.0,14.754098360655735,4.426229508196721,0.0,5.163934426229508,0.0,0.0,0.0,0.7377049180327868,3.6885245901639343,3.6885245901639343,0.0,0.0,0.0,0.0,0.0,3.6885245901639343,7.377049180327869,0.0,0.0,0.7377049180327868,0.0,0.0,64.52,0.0,0.0,0.0,100.0,50.0,54.55,100.0,0.4458759704689488,0.0,0.0,1.4754098360655736,0.0365189163934426,0.0,0.7377049180327868,0.0,0.0054438786885245,1.4754098360655736,ST,51,12,25,22,54,50,21,10,39,42,19,29,46,14,8,8,8,28,88,38,4,17,58,26,51,31,25,39,17,99,75,71,89,36,10,12,42,32,22,33,11,8,6,78,36,25,58,89,50,47,10,39,42,25,69,94,14,8,8,8,28,100,92,4,17,78,26,51,31,25,39,17,99,75,71,89,81,10,12,69,61,22,47,11,8,11,Ekstraklasa
Pogoń Szczecin,7r1d7xdgcjgp61qxshpho7xck,6hdfz2mxfptzgyldvlbip2e39,P. Dziczek,Patryk Dziczek,28,Midfielder,Poland,Midfielder,51.0,83.0,14.0,134.0,8.0,0.0,20.0,10.0,360.0,0.0,0.0,4.0,1.0,0.0,1.0,0.0,2.0,2.0,6.0,1.0,0.0,3.0,2.0,6.0,0.0,0.0,81.21,66.67,0.0,100.0,100.0,57.14,72.73,85.71,0.0432188397920185,0.3666905956244025,1.0,5.0,0.10314313,4.0,17.0,19.0,0.3518616,87.0,12.75,20.75,3.5,33.5,2.0,0.0,5.0,2.5,0.0,0.0,1.0,0.25,0.0,0.25,0.0,0.5,0.5,1.5,0.25,0.0,0.75,0.5,1.5,0.0,0.0,81.21,66.67,0.0,100.0,100.0,57.14,72.73,85.71,0.0108047099480046,0.0916726489061006,0.25,1.25,0.0257857825,1.0,4.25,4.75,0.0879654,21.75,DM/CM,64,74,91,67,92,52,85,80,30,45,77,18,24,35,29,50,50,94,65,9,48,77,94,45,52,27,82,30,89,98,77,94,94,15,82,52,50,45,76,77,91,61,79,33,42,91,36,76,52,61,64,30,45,65,15,24,27,29,35,35,76,48,9,27,52,82,45,52,27,82,30,89,98,77,94,94,15,64,42,27,24,64,67,76,36,55,Ekstraklasa
Pogoń Szczecin,7r1d7xdgcjgp61qxshpho7xck,6k22ppzw6wv0c4gskzxk28fyt,K. Acosta,Kellyn Acosta,31,Midfielder,USA,Midfielder,21.0,50.0,1.0,69.0,6.0,0.0,13.0,3.0,219.0,2.0,0.0,0.0,2.0,2.0,0.0,0.0,1.0,1.0,4.0,1.0,3.0,3.0,0.0,1.0,1.0,0.0,78.41,25.0,40.0,0.0,50.0,54.17,66.67,25.0,0.1877088332739454,0.0,0.0,2.0,0.03870264,0.0,4.0,8.0,0.1918386999999999,33.0,8.63013698630137,20.54794520547945,0.4109589041095891,28.356164383561648,2.4657534246575343,0.0,5.342465753424658,1.2328767123287672,0.8219178082191781,0.0,0.0,0.8219178082191781,0.8219178082191781,0.0,0.0,0.4109589041095891,0.4109589041095891,1.6438356164383563,0.4109589041095891,1.2328767123287672,1.2328767123287672,0.0,0.4109589041095891,0.4109589041095891,0.0,78.41,25.0,40.0,0.0,50.0,54.17,66.67,25.0,0.0771406164139501,0.0,0.0,0.8219178082191781,0.0159051945205479,0.0,1.6438356164383563,3.2876712328767126,0.0788378219178081,13.56164383561644,DM/CM,15,42,14,30,74,52,53,21,83,45,6,39,91,14,29,26,26,65,65,53,48,15,26,95,52,18,12,80,15,77,67,83,24,55,6,20,18,15,9,20,36,30,33,9,39,12,24,85,52,70,24,91,45,6,52,97,14,29,27,27,82,70,55,58,15,23,100,52,18,12,80,15,77,67,83,24,67,6,20,18,12,9,18,36,33,30,Ekstraklasa
Pogoń Szczecin,7r1d7xdgcjgp61qxshpho7xck,7rtrg77m3xozgfhu3p2ihfey2,M. Juwara,Musa Juwara,24,Attacker,Gambia,Striker,18.0,34.0,3.0,50.0,3.0,0.0,16.0,5.0,232.0,2.0,0.0,4.0,4.0,2.0,2.0,1.0,6.0,6.0,0.0,1.0,7.0,3.0,4.0,5.0,1.0,0.0,72.46,27.27,13.33,66.67,25.0,44.44,33.33,83.33,0.343797379857007,0.4504039490661185,1.0,6.0,0.1755432,2.0,6.0,7.0,0.42433074,18.0,6.982758620689655,13.189655172413792,1.1637931034482758,19.39655172413793,1.1637931034482758,0.0,6.206896551724138,1.939655172413793,0.7758620689655172,0.0,1.5517241379310345,1.5517241379310345,0.7758620689655172,0.7758620689655172,0.3879310344827586,2.327586206896552,2.327586206896552,0.0,0.3879310344827586,2.71551724137931,1.1637931034482758,1.5517241379310345,1.939655172413793,0.3879310344827586,0.0,72.46,27.27,13.33,66.67,25.0,44.44,33.33,83.33,0.1333696732203906,0.174725669896339,0.3879310344827586,2.327586206896552,0.0680986551724138,0.7758620689655172,2.327586206896552,2.71551724137931,0.1646110629310344,6.982758620689655,RW,75,75,88,50,88,62,88,88,88,50,75,50,38,62,62,75,75,38,50,25,62,75,100,75,62,50,75,50,50,50,50,75,100,50,100,50,62,50,62,75,62,100,50,50,50,75,50,100,62,50,100,75,50,75,25,25,75,50,75,75,38,25,50,75,75,75,75,62,50,75,50,50,50,50,75,100,25,100,50,50,50,50,100,75,100,50,Ekstraklasa
Pogoń Szczecin,7r1d7xdgcjgp61qxshpho7xck,9crejshgq0jh7vswaloijhmac,Léo Borges,Leonardo Borges da Silva,25,Defender,Brazil,Defender,79.0,55.0,15.0,131.0,2.0,0.0,14.0,14.0,336.0,3.0,0.0,5.0,3.0,0.0,3.0,0.0,4.0,4.0,8.0,1.0,2.0,2.0,2.0,5.0,1.0,0.0,76.61,41.67,37.5,50.0,33.33,46.67,28.57,62.5,0.172084986672968,0.5231510045700186,2.0,3.0,0.06207,1.0,13.0,16.0,0.64196296,79.0,21.160714285714285,14.732142857142858,4.017857142857142,35.089285714285715,0.5357142857142857,0.0,3.75,3.75,0.8035714285714286,0.0,1.3392857142857142,0.8035714285714286,0.0,0.8035714285714286,0.0,1.0714285714285714,1.0714285714285714,2.142857142857143,0.2678571428571428,0.5357142857142857,0.5357142857142857,0.5357142857142857,1.3392857142857142,0.2678571428571428,0.0,76.61,41.67,37.5,50.0,33.33,46.67,28.57,62.5,0.0460941928588307,0.1401297333669692,0.5357142857142857,0.8035714285714286,0.0166258928571428,0.2678571428571428,3.482142857142857,4.285714285714286,0.1719543642857142,21.160714285714285,LB/LCB,79,48,96,75,54,52,56,67,71,44,73,50,17,85,25,62,58,96,62,31,52,62,81,88,52,8,46,81,56,67,38,25,62,46,79,77,33,29,29,73,83,79,75,79,29,96,62,42,52,33,58,75,44,71,42,17,75,25,62,58,96,62,17,42,54,67,88,52,8,46,81,56,67,38,25,62,25,75,71,38,29,29,67,79,71,75,Ekstraklasa
Pogoń Szczecin,7r1d7xdgcjgp61qxshpho7xck,9urqzncna9izqyoaysnjq52lm,L. Willen,Lukas Willen,23,Defender,Belgium,Defender,29.0,8.0,0.0,37.0,0.0,0.0,1.0,5.0,90.0,0.0,0.0,0.0,0.0,0.0,0.0,0.0,2.0,2.0,0.0,0.0,0.0,0.0,1.0,0.0,0.0,0.0,90.24,0.0,0.0,50.0,0.0,16.67,0.0,0.0,0.0,0.0,0.0,0.0,0.0,0.0,0.0,0.0,0.0,0.0,29.0,8.0,0.0,37.0,0.0,0.0,1.0,5.0,0.0,0.0,0.0,0.0,0.0,0.0,0.0,2.0,2.0,0.0,0.0,0.0,0.0,1.0,0.0,0.0,0.0,90.24,0.0,0.0,50.0,0.0,16.67,0.0,0.0,0.0,0.0,0.0,0.0,0.0,0.0,0.0,0.0,0.0,0.0,CB,13,5,5,9,3,47,2,7,43,42,23,15,19,38,34,84,84,6,38,8,15,78,13,43,51,78,5,43,77,38,5,6,13,15,26,36,21,21,34,12,13,12,12,63,19,5,33,3,47,2,38,43,42,23,15,19,38,34,97,95,6,38,8,15,97,13,43,51,78,5,43,77,38,5,6,13,15,26,36,21,21,34,12,13,12,12,Ekstraklasa
Pogoń Szczecin,7r1d7xdgcjgp61qxshpho7xck,cfdkix38vfxiwso180akwv76c,D. Keramitsis,Dimitris Keramitsis,22,Defender,Greece,Defender,108.0,39.0,6.0,147.0,9.0,0.0,15.0,15.0,360.0,0.0,0.0,1.0,3.0,3.0,0.0,0.0,0.0,0.0,5.0,1.0,7.0,4.0,0.0,4.0,0.0,0.0,90.18,46.15,0.0,0.0,33.33,60.0,60.0,100.0,0.3925901956192285,0.0401643613395336,0.0,1.0,0.02756312,1.0,9.0,10.0,0.15491907,77.0,27.0,9.75,1.5,36.75,2.25,0.0,3.75,3.75,0.0,0.0,0.25,0.75,0.75,0.0,0.0,0.0,0.0,1.25,0.25,1.75,1.0,0.0,1.0,0.0,0.0,90.18,46.15,0.0,0.0,33.33,60.0,60.0,100.0,0.0981475489048071,0.0100410903348834,0.0,0.25,0.00689078,0.25,2.25,2.5,0.0387297675,19.25,CB,74,50,48,63,70,47,63,47,43,42,59,79,81,38,34,29,27,84,87,78,87,35,86,43,51,74,56,43,35,88,63,58,88,84,51,36,51,56,72,70,73,49,63,51,23,33,30,53,47,51,16,43,42,53,72,80,38,34,29,27,74,85,78,77,35,76,43,51,74,56,43,35,88,63,58,88,77,51,36,45,56,70,51,58,35,44,Ekstraklasa
Pogoń Szczecin,7r1d7xdgcjgp61qxshpho7xck,dii4qplqyo40o2zi8o98sojro,F. Čuić,Filip Cuic,23,Attacker,Bosnia and Herzegovina,Striker,13.0,15.0,3.0,28.0,5.0,0.0,9.0,5.0,150.0,0.0,0.0,2.0,5.0,3.0,2.0,3.0,2.0,2.0,2.0,1.0,4.0,1.0,2.0,1.0,0.0,0.0,62.22,60.0,0.0,100.0,20.0,47.37,45.45,100.0,0.5112330574178667,0.1126819115411803,2.0,0.0,0.0,0.0,3.0,4.0,0.0471260699999999,12.0,7.8,9.0,1.7999999999999998,16.8,3.0,0.0,5.4,3.0,0.0,0.0,1.2,3.0,1.7999999999999998,1.2,1.7999999999999998,1.2,1.2,1.2,0.6,2.4,0.6,1.2,0.6,0.0,0.0,62.22,60.0,0.0,100.0,20.0,47.37,45.45,100.0,0.30673983445072,0.0676091469247081,1.2,0.0,0.0,0.0,1.7999999999999998,2.4,0.0282756419999999,7.199999999999999,ST,68,28,93,42,43,50,32,78,39,42,35,29,26,62,71,39,35,88,25,8,14,65,58,26,51,22,75,39,94,26,54,50,89,31,33,64,11,11,22,65,78,25,50,83,61,97,67,64,50,50,89,39,42,64,50,39,86,94,56,56,97,28,6,17,81,72,26,51,22,75,39,94,26,54,50,89,47,47,83,11,11,22,72,89,31,75,Ekstraklasa
Pogoń Szczecin,7r1d7xdgcjgp61qxshpho7xck,dqybftxqx6q0q5sqk20icmgru,P. Mukairu,Paul Mukairu,26,Midfielder,Nigeria,Midfielder,21.0,42.0,4.0,63.0,1.0,0.0,30.0,3.0,331.0,0.0,1.0,2.0,6.0,4.0,2.0,0.0,19.0,19.0,4.0,4.0,17.0,12.0,8.0,7.0,1.0,0.0,82.89,80.0,0.0,42.11,66.67,42.86,10.0,77.78,1.0367329462086698,0.0352245044509173,3.0,8.0,0.21755208,6.0,3.0,5.0,0.1963783699999999,25.0,5.709969788519638,11.419939577039276,1.0876132930513596,17.129909365558913,0.2719033232628399,0.0,8.157099697885197,0.8157099697885197,0.0,0.2719033232628399,0.5438066465256798,1.6314199395770397,1.0876132930513596,0.5438066465256798,0.0,5.166163141993958,5.166163141993958,1.0876132930513596,1.0876132930513596,4.622356495468278,3.262839879154079,2.175226586102719,1.9033232628398795,0.2719033232628399,0.0,82.89,80.0,0.0,42.11,66.67,42.86,10.0,77.78,0.2818911334102124,0.0095776598204911,0.8157099697885197,2.175226586102719,0.0591531335347432,1.6314199395770397,0.8157099697885197,1.3595166163141994,0.0533959314199395,6.797583081570997,CM/AM,49,38,68,44,37,51,95,57,11,83,32,64,67,54,14,100,100,96,89,89,93,100,88,75,50,50,86,11,50,94,31,25,67,93,5,74,71,71,79,25,25,26,31,29,10,52,19,31,51,95,38,11,81,19,50,57,40,14,100,100,93,83,79,88,95,83,74,50,50,86,11,50,94,31,25,67,79,5,62,48,57,71,12,14,14,21,Ekstraklasa
Pogoń Szczecin,7r1d7xdgcjgp61qxshpho7xck,dz70ci3ugpcsbat6ma2mcraax,D. Churlinov,Darko Churlinov,26,Midfielder,North Macedonia,Midfielder,11.0,25.0,1.0,34.0,0.0,0.0,5.0,2.0,147.0,2.0,0.0,1.0,7.0,6.0,1.0,2.0,6.0,6.0,1.0,3.0,9.0,3.0,1.0,0.0,1.0,0.0,87.18,50.0,25.0,16.67,42.86,35.71,0.0,0.0,0.7174010936260864,0.1406760538139626,1.0,5.0,0.10535153,2.0,1.0,4.0,0.06426131,6.0,6.73469387755102,15.306122448979592,0.6122448979591837,20.816326530612244,0.0,0.0,3.061224489795918,1.2244897959183674,1.2244897959183674,0.0,0.6122448979591837,4.285714285714286,3.673469387755102,0.6122448979591837,1.2244897959183674,3.673469387755102,3.673469387755102,0.6122448979591837,1.836734693877551,5.510204081632653,1.836734693877551,0.6122448979591837,0.0,0.6122448979591837,0.0,87.18,50.0,25.0,16.67,42.86,35.71,0.0,0.0,0.43922515936291,0.0861281962126301,0.6122448979591837,3.061224489795918,0.0645009367346938,1.2244897959183674,0.6122448979591837,2.4489795918367347,0.0393436591836734,3.673469387755102,CM/AM,24,19,23,21,11,51,10,38,52,39,14,74,86,29,65,68,65,44,77,63,40,36,8,75,50,86,43,48,26,81,15,12,8,79,26,27,43,33,43,11,20,7,7,40,21,26,26,11,51,21,64,67,39,24,90,95,45,93,93,88,57,95,83,50,45,8,88,50,86,43,48,26,81,15,12,8,98,33,52,74,62,52,10,29,7,5,Ekstraklasa
Motor Lublin,495gki1v52te79znpgvcdcv12,29ocnv2fx4pv52zvspb4k6lg4,F. Luberecki,Filip Luberecki,21,Defender,Poland,Defender,84.0,78.0,5.0,159.0,1.0,0.0,23.0,10.0,450.0,3.0,0.0,1.0,2.0,1.0,1.0,2.0,10.0,10.0,2.0,0.0,5.0,4.0,6.0,10.0,0.0,0.0,85.95,62.5,37.5,60.0,0.0,62.16,33.33,83.33,0.108366216862907,0.1384882039362324,1.0,7.0,0.22129512,5.0,15.0,12.0,0.4657380299999999,80.0,16.8,15.6,1.0,31.8,0.2,0.0,4.6,2.0,0.6,0.0,0.2,0.4,0.2,0.2,0.4,2.0,2.0,0.4,0.0,1.0,0.8,1.2,2.0,0.0,0.0,85.95,62.5,37.5,60.0,0.0,62.16,33.33,83.33,0.0216732433725813,0.0276976407872464,0.2,1.4,0.044259024,1.0,3.0,2.4,0.0931476059999999,16.0,LB/LCB,83,79,48,92,31,52,85,44,71,44,19,33,44,54,85,94,94,46,27,60,81,96,94,38,52,75,92,81,77,27,83,38,85,25,29,62,73,83,77,85,56,58,79,58,38,25,46,17,52,62,21,62,44,17,17,33,46,77,90,90,27,27,50,62,88,92,38,52,75,92,81,77,27,83,38,85,17,25,56,46,50,56,62,29,42,54,Ekstraklasa
Motor Lublin,495gki1v52te79znpgvcdcv12,3ubr79nwdsgza9wncopzedqp6,M. Łęgowski,Mateusz Legowski,23,Midfielder,Poland,Midfielder,22.0,64.0,3.0,85.0,4.0,0.0,7.0,4.0,346.0,1.0,0.0,2.0,4.0,1.0,3.0,0.0,3.0,3.0,3.0,2.0,5.0,1.0,1.0,1.0,0.0,0.0,73.28,37.5,16.67,33.33,50.0,26.92,40.0,100.0,0.2867795897317291,0.1963659834254054,1.0,2.0,0.04507278,6.0,11.0,14.0,0.2808063899999998,46.0,5.722543352601156,16.647398843930635,0.7803468208092486,22.10982658959537,1.0404624277456649,0.0,1.8208092485549128,1.0404624277456649,0.2601156069364161,0.0,0.5202312138728323,1.0404624277456649,0.2601156069364161,0.7803468208092486,0.0,0.7803468208092486,0.7803468208092486,0.7803468208092486,0.5202312138728323,1.300578034682081,0.2601156069364161,0.2601156069364161,0.2601156069364161,0.0,0.0,73.28,37.5,16.67,33.33,50.0,26.92,40.0,100.0,0.0745958470400451,0.0510778569603655,0.2601156069364161,0.5202312138728323,0.0117241335260115,1.560693641618497,2.861271676300578,3.6416184971098255,0.0730421245664739,11.965317919075144,CM/AM,52,64,56,64,83,51,27,71,32,39,32,43,32,74,14,39,37,87,63,39,14,36,25,32,50,14,21,37,36,83,2,55,89,43,31,27,12,12,79,73,76,43,71,31,36,44,31,79,51,5,52,24,39,17,31,26,55,14,29,24,79,62,21,7,33,19,32,50,14,21,37,36,83,2,55,89,29,21,19,5,5,67,62,67,17,48,Ekstraklasa
Motor Lublin,495gki1v52te79znpgvcdcv12,4jauu6ue076rbeq56exa4bcyy,M. Aïko,Makan Aiko,25,Midfielder,France,Midfielder,4.0,14.0,2.0,16.0,0.0,0.0,4.0,2.0,117.0,2.0,0.0,0.0,3.0,0.0,3.0,2.0,3.0,4.0,1.0,1.0,1.0,2.0,1.0,0.0,1.0,0.0,76.19,66.67,25.0,33.33,33.33,40.0,0.0,0.0,0.1798791543667534,0.0,2.0,5.0,0.1375467199999999,1.0,1.0,2.0,0.16304859,6.0,3.0769230769230766,10.769230769230768,1.5384615384615383,12.307692307692308,0.0,0.0,3.0769230769230766,1.5384615384615383,1.5384615384615383,0.0,0.0,2.3076923076923075,0.0,2.3076923076923075,1.5384615384615383,2.3076923076923075,3.0769230769230766,0.7692307692307692,0.7692307692307692,0.7692307692307692,1.5384615384615383,0.7692307692307692,0.0,0.7692307692307692,0.0,76.19,66.67,25.0,33.33,33.33,40.0,0.0,0.0,0.138368580282118,0.0,1.5384615384615383,3.846153846153846,0.1058051692307691,0.7692307692307692,0.7692307692307692,1.5384615384615383,0.1254219923076923,4.615384615384615,LM/LCM,6,12,56,9,9,50,6,50,69,38,9,34,16,72,72,25,28,47,53,19,25,22,16,81,53,38,81,75,19,62,16,12,16,25,9,62,38,44,25,25,19,19,12,19,25,88,19,9,50,19,62,94,38,9,81,16,100,100,38,50,75,75,19,50,31,16,94,53,38,81,75,19,62,16,12,16,62,9,81,88,75,44,38,31,56,19,Ekstraklasa
Motor Lublin,495gki1v52te79znpgvcdcv12,7wo1hk736v1xhovvu2t2trw89,Y. Bourhane,Yacine Bourhane,27,Midfielder,Comoros,Midfielder,77.0,81.0,2.0,157.0,6.0,0.0,22.0,15.0,321.0,1.0,0.0,2.0,2.0,2.0,0.0,0.0,3.0,3.0,4.0,1.0,6.0,4.0,2.0,4.0,0.0,0.0,93.45,28.57,100.0,66.67,50.0,52.38,37.5,40.0,0.2299708914020967,0.056596733838209,0.0,7.0,0.16873141,1.0,14.0,5.0,0.2145855799999999,84.0,21.58878504672897,22.71028037383177,0.5607476635514018,44.018691588785046,1.6822429906542056,0.0,6.16822429906542,4.205607476635514,0.2803738317757009,0.0,0.5607476635514018,0.5607476635514018,0.5607476635514018,0.0,0.0,0.8411214953271028,0.8411214953271028,1.1214953271028036,0.2803738317757009,1.6822429906542056,1.1214953271028036,0.5607476635514018,1.1214953271028036,0.0,0.0,93.45,28.57,100.0,66.67,50.0,52.38,37.5,40.0,0.0644778200192794,0.0158682431322081,0.0,1.9626168224299063,0.0473078719626168,0.2803738317757009,3.925233644859813,1.4018691588785046,0.0601641813084111,23.55140186915888,DM/CM,83,68,26,79,74,52,89,100,70,45,39,39,91,14,29,71,70,65,65,89,67,77,79,45,52,94,18,98,68,77,58,39,33,73,21,20,68,67,36,70,23,36,76,82,55,15,70,67,52,79,85,67,45,27,27,73,14,29,67,67,45,55,79,48,61,67,45,52,94,18,98,68,77,58,39,33,55,12,20,55,52,24,61,12,18,67,Ekstraklasa
Motor Lublin,495gki1v52te79znpgvcdcv12,93zlgipdxpeatrgojzil0acbt,T. Plavotić,Tin Plavotic,29,Defender,Croatia,Defender,59.0,26.0,2.0,85.0,4.0,0.0,4.0,6.0,102.0,0.0,0.0,1.0,0.0,0.0,0.0,0.0,0.0,0.0,2.0,0.0,4.0,0.0,0.0,0.0,0.0,0.0,86.73,22.22,0.0,0.0,0.0,57.14,66.67,0.0,0.0,0.066266390639595,0.0,0.0,0.0,0.0,2.0,0.0,0.0614011399999999,57.0,52.05882352941177,22.94117647058824,1.7647058823529411,75.0,3.5294117647058822,0.0,3.5294117647058822,5.294117647058823,0.0,0.0,0.8823529411764706,0.0,0.0,0.0,0.0,0.0,0.0,1.7647058823529411,0.0,3.5294117647058822,0.0,0.0,0.0,0.0,0.0,86.73,22.22,0.0,0.0,0.0,57.14,66.67,0.0,0.0,0.0584703446819955,0.0,0.0,0.0,0.0,1.7647058823529411,0.0,0.0541774764705881,50.294117647058826,CB,38,23,15,28,37,47,13,10,43,42,59,15,19,38,34,29,27,45,38,62,15,35,13,43,51,51,14,43,35,38,53,71,13,15,65,36,21,21,34,29,13,26,51,100,88,37,100,86,47,42,47,43,42,84,15,19,38,34,29,27,91,38,95,15,35,13,43,51,51,14,43,35,38,53,71,13,15,81,36,21,21,34,37,13,47,100,Ekstraklasa
Motor Lublin,495gki1v52te79znpgvcdcv12,c74bph9j1tl68t5s3wm5b8j8q,K. Czubak,Karol Czubak,26,Attacker,Poland,Striker,15.0,25.0,1.0,40.0,22.0,0.0,36.0,14.0,449.0,0.0,0.0,7.0,18.0,16.0,2.0,3.0,5.0,5.0,0.0,8.0,33.0,7.0,1.0,4.0,3.0,0.0,53.33,50.0,0.0,20.0,44.44,49.32,51.16,66.67,2.0210370277014453,0.4140080150750679,2.0,2.0,0.27430958,1.0,2.0,3.0,0.4264255899999999,15.0,3.0066815144766146,5.011135857461024,0.2004454342984409,8.017817371937639,4.409799554565701,0.0,7.216035634743875,2.8062360801781736,0.0,0.0,1.4031180400890868,3.6080178173719375,3.207126948775056,0.4008908685968819,0.6013363028953229,1.0022271714922049,1.0022271714922049,0.0,1.6035634743875278,6.614699331848552,1.4031180400890868,0.2004454342984409,0.8017817371937639,0.6013363028953229,0.0,53.33,50.0,0.0,20.0,44.44,49.32,51.16,66.67,0.4051076447508465,0.0829860163847574,0.4008908685968819,0.4008908685968819,0.0549841028953229,0.2004454342984409,0.4008908685968819,0.6013363028953229,0.0854750625835189,3.0066815144766146,ST,76,57,61,65,100,50,97,100,39,42,94,100,99,62,71,75,75,28,100,100,86,46,97,96,51,6,69,39,35,74,69,64,69,97,86,64,42,92,60,53,58,86,69,36,8,50,17,86,50,83,86,39,42,75,67,81,33,33,47,44,28,72,81,50,33,89,83,51,6,69,39,35,74,69,64,69,67,58,39,25,72,44,33,31,72,28,Ekstraklasa
Motor Lublin,495gki1v52te79znpgvcdcv12,cmurrshqh5xp283cemfwpi4x6,M. Bartoš,Marek Bartos,29,Defender,Slovakia,Defender,125.0,49.0,17.0,174.0,16.0,0.0,22.0,32.0,360.0,0.0,0.0,3.0,3.0,2.0,1.0,1.0,2.0,2.0,2.0,0.0,7.0,2.0,0.0,4.0,0.0,0.0,82.46,50.0,0.0,0.0,0.0,75.86,80.0,100.0,0.3374628003920303,0.1741071046025705,0.0,3.0,0.06255413,2.0,13.0,13.0,0.2297818399999999,91.0,31.25,12.25,4.25,43.5,4.0,0.0,5.5,8.0,0.0,0.0,0.75,0.75,0.5,0.25,0.25,0.5,0.5,0.5,0.0,1.75,0.5,0.0,1.0,0.0,0.0,82.46,50.0,0.0,0.0,0.0,75.86,80.0,100.0,0.0843657000980075,0.0435267761506426,0.0,0.75,0.0156385325,0.5,3.25,3.25,0.0574454599999999,22.75,CB,81,58,98,76,88,47,86,90,43,42,88,79,69,84,77,84,84,45,38,78,66,35,86,43,51,27,66,43,35,38,100,100,88,81,79,36,70,70,81,80,87,67,74,72,33,86,47,88,47,81,83,43,42,79,72,58,80,74,76,73,29,38,78,56,35,76,43,51,27,66,43,35,38,100,100,88,70,74,36,65,60,78,77,70,53,53,Ekstraklasa
Motor Lublin,495gki1v52te79znpgvcdcv12,csxuuc8jvvfeqmkuvo8h5wn4k,P. Meyer,Paskal Meyer,21,Defender,Germany,Defender,11.0,18.0,4.0,29.0,2.0,0.0,5.0,16.0,137.0,0.0,0.0,0.0,2.0,1.0,1.0,1.0,0.0,0.0,6.0,0.0,1.0,1.0,0.0,1.0,0.0,0.0,80.56,66.67,0.0,0.0,0.0,26.32,18.18,50.0,0.1833532927822474,0.0,1.0,2.0,0.03546945,0.0,2.0,3.0,0.0491913699999999,10.0,7.226277372262774,11.824817518248176,2.6277372262773726,19.05109489051095,1.3138686131386863,0.0,3.2846715328467155,10.51094890510949,0.0,0.0,0.0,1.3138686131386863,0.6569343065693432,0.6569343065693432,0.6569343065693432,0.0,0.0,3.9416058394160585,0.0,0.6569343065693432,0.6569343065693432,0.0,0.6569343065693432,0.0,0.0,80.56,66.67,0.0,0.0,0.0,26.32,18.18,50.0,0.1204510682511114,0.0,0.6569343065693432,1.3138686131386863,0.0233010985401459,0.0,1.3138686131386863,1.9708029197080288,0.0323154985401459,6.569343065693431,CB,5,13,30,5,16,47,19,52,43,42,23,63,48,84,77,29,27,88,38,22,42,35,40,43,51,14,88,43,35,38,7,12,47,58,26,81,64,60,34,29,33,23,24,2,30,53,7,21,47,33,100,43,42,23,88,67,93,93,29,27,100,38,33,60,35,53,43,51,14,88,43,35,38,7,12,47,86,26,98,74,70,34,35,47,30,26,Ekstraklasa
Motor Lublin,495gki1v52te79znpgvcdcv12,dh4byuuh5mlyp147iq8cyunkl,Ivo Rodrigues,Ivo Tiago dos Santos Rodrigues,31,Midfielder,Portugal,Midfielder,19.0,49.0,4.0,65.0,1.0,0.0,12.0,3.0,170.0,3.0,2.0,4.0,2.0,0.0,2.0,1.0,2.0,2.0,0.0,0.0,3.0,10.0,1.0,1.0,0.0,0.0,87.84,66.67,25.0,50.0,0.0,63.16,25.0,100.0,0.0755063869985954,0.3856554725020731,1.0,4.0,0.0865408699999999,1.0,11.0,16.0,0.29360111,39.0,10.058823529411764,25.94117647058824,2.117647058823529,34.411764705882355,0.5294117647058824,0.0,6.352941176470589,1.5882352941176472,1.5882352941176472,1.0588235294117647,2.117647058823529,1.0588235294117647,0.0,1.0588235294117647,0.5294117647058824,1.0588235294117647,1.0588235294117647,0.0,0.0,1.5882352941176472,5.294117647058823,0.5294117647058824,0.5294117647058824,0.0,0.0,87.84,66.67,25.0,50.0,0.0,63.16,25.0,100.0,0.0399739695874916,0.2041705442658034,0.5294117647058824,2.117647058823529,0.0458157547058823,0.5294117647058824,5.823529411764706,8.470588235294118,0.1554358817647058,20.647058823529413,CM/AM,44,49,68,52,37,51,46,57,67,93,54,24,12,54,42,27,21,12,20,23,87,36,25,32,50,93,76,48,61,20,95,35,89,12,52,27,32,26,23,73,82,55,60,67,79,88,71,48,51,76,81,79,100,67,33,12,76,52,33,33,12,20,24,98,38,31,32,50,93,76,48,61,20,95,35,89,14,71,48,45,38,31,93,98,67,83,Ekstraklasa
Motor Lublin,495gki1v52te79znpgvcdcv12,dj03f3spn2987er0c71ojhr10,C. Simon,Christopher Simon,26,Midfielder,Senegal,Midfielder,44.0,80.0,10.0,122.0,9.0,0.0,20.0,6.0,360.0,2.0,0.0,4.0,8.0,4.0,4.0,0.0,3.0,3.0,2.0,3.0,6.0,3.0,2.0,3.0,0.0,0.0,82.43,62.5,18.18,66.67,37.5,64.52,90.0,50.0,0.6829434167828714,0.4246079569984462,4.0,6.0,0.1223097,3.0,18.0,18.0,0.7147149199999999,70.0,11.0,20.0,2.5,30.5,2.25,0.0,5.0,1.5,0.5,0.0,1.0,2.0,1.0,1.0,0.0,0.75,0.75,0.5,0.75,1.5,0.75,0.5,0.75,0.0,0.0,82.43,62.5,18.18,66.67,37.5,64.52,90.0,50.0,0.1707358541957178,0.1061519892496115,1.0,1.5,0.030577425,0.75,4.5,4.5,0.1786787299999999,17.5,RM/RCM,95,95,98,90,100,52,90,83,60,38,71,88,83,81,26,29,26,57,88,48,62,62,83,31,52,67,81,38,83,50,90,100,50,86,71,83,50,48,57,95,95,81,90,81,64,86,71,100,52,69,67,38,38,48,71,50,67,26,10,10,29,67,14,33,43,52,31,52,67,81,38,83,50,90,100,50,62,57,67,33,29,43,95,71,57,86,Ekstraklasa
Motor Lublin,495gki1v52te79znpgvcdcv12,djqbki8jap3rp8l0izzly9tzo,Fábio Ronaldo,Fábio Ronaldo da Costa Conceição,25,Midfielder,Portugal,Midfielder,24.0,65.0,2.0,85.0,6.0,0.0,26.0,1.0,356.0,4.0,0.0,8.0,5.0,5.0,0.0,1.0,16.0,19.0,1.0,2.0,19.0,6.0,7.0,4.0,0.0,0.0,81.73,66.67,33.33,43.75,40.0,48.15,46.15,57.14,0.4590871972742146,0.7794731409978367,1.0,14.0,0.4824491,2.0,5.0,3.0,0.66888662,29.0,6.067415730337078,16.43258426966292,0.5056179775280899,21.48876404494382,1.5168539325842696,0.0,6.573033707865168,0.2528089887640449,1.0112359550561798,0.0,2.02247191011236,1.2640449438202246,1.2640449438202246,0.0,0.2528089887640449,4.044943820224719,4.803370786516854,0.2528089887640449,0.5056179775280899,4.803370786516854,1.5168539325842696,1.7696629213483146,1.0112359550561798,0.0,0.0,81.73,66.67,33.33,43.75,40.0,48.15,46.15,57.14,0.1160613700974138,0.1970578165443969,0.2528089887640449,3.539325842696629,0.1219674691011235,0.5056179775280899,1.2640449438202246,0.7584269662921348,0.16910055,7.331460674157303,LM/LCM,62,81,56,69,91,50,97,28,94,38,100,69,88,9,31,100,100,47,72,94,78,84,75,38,53,69,81,94,50,72,50,56,56,81,100,31,94,94,44,66,25,88,62,44,62,38,50,88,50,75,12,88,38,94,44,75,9,19,94,94,31,62,88,44,69,56,38,53,69,81,94,50,72,50,56,56,44,94,25,75,88,25,62,19,69,50,Ekstraklasa
Motor Lublin,495gki1v52te79znpgvcdcv12,dp55sn2vl9mg3tpjby7peun3e,T. Santos,Thomas Santos,27,Defender,Denmark,Defender,52.0,61.0,3.0,109.0,4.0,0.0,27.0,12.0,391.0,4.0,0.0,5.0,4.0,1.0,3.0,1.0,9.0,10.0,9.0,0.0,5.0,3.0,5.0,11.0,0.0,0.0,78.99,33.33,28.57,55.56,0.0,45.0,40.0,73.33,0.2468372179072122,0.5664687818296433,3.0,3.0,0.08075177,3.0,5.0,13.0,0.64562907,43.0,11.969309462915602,14.040920716112533,0.690537084398977,25.089514066496164,0.9207161125319694,0.0,6.214833759590793,2.762148337595908,0.9207161125319694,0.0,1.1508951406649617,0.9207161125319694,0.2301790281329923,0.690537084398977,0.2301790281329923,2.071611253196932,2.301790281329924,2.071611253196932,0.0,1.1508951406649617,0.690537084398977,1.1508951406649617,2.531969309462916,0.0,0.0,78.99,33.33,28.57,55.56,0.0,45.0,40.0,73.33,0.0568167509249337,0.1303892336692274,0.690537084398977,0.690537084398977,0.0185873639386189,0.690537084398977,1.1508951406649617,2.9923273657289005,0.1486102718670077,9.897698209718673,RB/RCB,58,73,37,62,75,44,100,62,96,42,96,87,58,94,83,98,98,100,35,60,65,98,100,48,52,23,29,65,69,35,23,56,73,69,100,96,48,54,88,37,81,85,42,31,27,15,19,62,44,92,27,81,42,81,77,54,88,77,88,88,92,35,46,46,92,96,48,52,23,29,65,69,35,23,56,73,62,85,92,42,42,65,23,54,73,27,Ekstraklasa
Motor Lublin,495gki1v52te79znpgvcdcv12,et9osg9be5jg8h7i0org6cqac,M. N'Diaye,Mbaye N'Diaye,22,Midfielder,Senegal,Midfielder,13.0,57.0,3.0,69.0,1.0,0.0,18.0,3.0,437.0,1.0,2.0,4.0,16.0,14.0,2.0,4.0,11.0,16.0,3.0,5.0,28.0,9.0,4.0,2.0,1.0,0.0,83.13,100.0,14.29,36.36,31.25,38.3,10.0,50.0,1.9547371466986256,0.4950639261983836,4.0,6.0,0.24514227,2.0,4.0,6.0,0.78716594,37.0,2.677345537757437,11.73913043478261,0.6178489702517163,14.210526315789474,0.205949656750572,0.0,3.707093821510298,0.6178489702517163,0.205949656750572,0.4118993135011441,0.8237986270022883,3.2951945080091534,2.883295194508009,0.4118993135011441,0.8237986270022883,2.265446224256293,3.2951945080091534,0.6178489702517163,1.0297482837528604,5.766590389016018,1.853546910755149,0.8237986270022883,0.4118993135011441,0.205949656750572,0.0,83.13,100.0,14.29,36.36,31.25,38.3,10.0,50.0,0.4025774444001746,0.1019582456701476,0.8237986270022883,1.2356979405034323,0.050486966361556,0.4118993135011441,0.8237986270022883,1.2356979405034323,0.1621165551487414,7.620137299771168,CM/AM,30,57,56,55,37,51,73,57,32,93,54,100,100,54,88,95,98,87,96,100,80,80,45,75,50,55,95,30,43,64,26,25,31,100,67,88,52,76,43,36,33,86,57,7,14,29,12,24,51,38,31,21,83,33,83,93,33,64,71,81,60,81,90,52,55,24,64,50,55,95,30,43,64,26,25,31,90,43,67,19,45,26,14,12,71,26,Ekstraklasa
Motor Lublin,495gki1v52te79znpgvcdcv12,jk8n72zhngmdw2ek47zx7f11,B. Bereszyński,Bartosz Bereszynski,34,Defender,Poland,Defender,156.0,117.0,17.0,271.0,6.0,0.0,15.0,18.0,443.0,2.0,0.0,3.0,3.0,0.0,3.0,0.0,0.0,0.0,4.0,1.0,2.0,5.0,0.0,2.0,0.0,0.0,89.14,53.12,50.0,0.0,33.33,65.22,50.0,50.0,0.1503641510362641,0.4100637709502963,2.0,1.0,0.0199707,0.0,32.0,29.0,0.9529308,181.0,31.693002257336342,23.769751693002256,3.45372460496614,55.056433408577874,1.218961625282167,0.0,3.0474040632054176,3.656884875846501,0.4063205417607223,0.0,0.6094808126410834,0.6094808126410834,0.0,0.6094808126410834,0.0,0.0,0.0,0.8126410835214446,0.2031602708803611,0.4063205417607223,1.015801354401806,0.0,0.4063205417607223,0.0,0.0,89.14,53.12,50.0,0.0,33.33,65.22,50.0,50.0,0.0305480216552229,0.0833086667844845,0.4063205417607223,0.2031602708803611,0.0040572528216704,0.0,6.501128668171557,5.891647855530474,0.1935976794582392,36.77200902934537,RB/RCB,96,100,100,100,81,44,62,85,67,42,71,75,25,94,37,17,17,75,79,31,92,25,38,48,52,81,65,98,25,81,90,69,44,58,88,90,27,27,15,100,100,100,100,96,81,96,96,77,44,23,42,50,42,27,54,25,81,37,17,17,54,73,19,69,25,27,48,52,81,65,98,25,81,90,69,44,50,58,85,23,23,15,100,92,77,100,Ekstraklasa
Radomiak Radom,5iq037iifttb7jw2zkz2z57pj,32prlqie8jt63ts9krtpkr9t6,K. Szcześniak,Kryspin Szczesniak,25,Defender,Poland,Defender,171.0,45.0,5.0,216.0,7.0,1.0,16.0,37.0,450.0,0.0,0.0,0.0,2.0,2.0,0.0,0.0,1.0,1.0,4.0,0.0,3.0,3.0,1.0,4.0,0.0,0.0,90.38,27.78,0.0,100.0,0.0,50.0,38.89,80.0,0.3206523759257415,0.0,0.0,2.0,0.03620728,0.0,7.0,6.0,0.23647665,119.0,34.2,9.0,1.0,43.2,1.4,0.2,3.2,7.4,0.0,0.0,0.0,0.4,0.4,0.0,0.0,0.2,0.2,0.8,0.0,0.6,0.6,0.2,0.8,0.0,0.0,90.38,27.78,0.0,100.0,0.0,50.0,38.89,80.0,0.0641304751851482,0.0,0.0,0.4,0.007241456,0.0,1.4,1.2,0.04729533,23.8,RB/RCB,100,42,58,96,85,94,71,100,19,42,8,62,77,35,37,46,46,75,35,40,65,62,63,48,52,85,19,19,92,35,50,50,85,81,12,37,38,35,15,46,40,31,92,100,8,37,65,81,88,27,96,19,42,8,46,65,35,37,35,35,46,35,27,31,50,38,48,52,85,19,19,92,35,50,50,85,69,12,37,31,31,15,35,23,19,81,Ekstraklasa
Radomiak Radom,5iq037iifttb7jw2zkz2z57pj,4pe4ugftevr8859yin36nyll,C. Nunnely,Ché Nunnely,27,Attacker,Netherlands,Striker,9.0,20.0,0.0,29.0,0.0,0.0,4.0,0.0,142.0,0.0,0.0,2.0,1.0,0.0,1.0,1.0,4.0,4.0,0.0,0.0,2.0,1.0,3.0,0.0,0.0,0.0,96.67,0.0,0.0,75.0,0.0,40.0,0.0,0.0,0.0,0.0368442606761551,0.0,11.0,0.30612338,2.0,1.0,2.0,0.05561314,11.0,5.704225352112676,12.67605633802817,0.0,18.380281690140844,0.0,0.0,2.535211267605634,0.0,0.0,0.0,1.267605633802817,0.6338028169014085,0.0,0.6338028169014085,0.6338028169014085,2.535211267605634,2.535211267605634,0.0,0.0,1.267605633802817,0.6338028169014085,1.9014084507042253,0.0,0.0,0.0,96.67,0.0,0.0,75.0,0.0,40.0,0.0,0.0,0.0,0.0233519962031968,0.0,6.971830985915493,0.1940218605633802,1.267605633802817,0.6338028169014085,1.267605633802817,0.0352477647887323,6.971830985915493,ST,44,49,25,49,3,50,7,10,39,42,35,6,3,38,26,65,65,28,8,3,14,78,21,26,51,100,25,39,85,8,26,3,21,3,19,12,94,94,83,33,35,31,44,67,72,25,75,3,50,8,10,39,42,67,3,3,53,36,86,83,28,8,3,19,94,21,26,51,100,25,39,85,8,26,3,21,3,22,12,100,100,94,44,61,42,72,Ekstraklasa
Radomiak Radom,5iq037iifttb7jw2zkz2z57pj,5tlzhf7kxw0ybm9pgqnrqfvth,R. Wolski,Rafal Wolski,33,Midfielder,Poland,Midfielder,50.0,93.0,7.0,135.0,5.0,0.0,30.0,6.0,435.0,8.0,0.0,11.0,5.0,2.0,3.0,1.0,11.0,11.0,2.0,2.0,11.0,13.0,7.0,1.0,1.0,0.0,74.59,53.85,25.0,63.64,40.0,53.57,62.5,20.0,0.2351668994322362,1.1811198178266602,2.0,9.0,0.21086167,2.0,15.0,20.0,0.7891418499999997,61.0,10.344827586206897,19.24137931034483,1.4482758620689655,27.931034482758623,1.0344827586206895,0.0,6.206896551724138,1.2413793103448276,1.6551724137931036,0.0,2.2758620689655173,1.0344827586206895,0.4137931034482759,0.6206896551724138,0.2068965517241379,2.2758620689655173,2.2758620689655173,0.4137931034482759,0.4137931034482759,2.2758620689655173,2.689655172413793,1.4482758620689655,0.2068965517241379,0.2068965517241379,0.0,74.59,53.85,25.0,63.64,40.0,53.57,62.5,20.0,0.0486552205721868,0.2443696174813779,0.4137931034482759,1.862068965517241,0.0436265524137931,0.4137931034482759,3.103448275862069,4.137931034482759,0.1632707275862068,12.620689655172416,CM/AM,83,77,77,76,92,51,95,89,92,39,92,54,46,74,42,95,93,73,63,71,96,96,25,75,50,19,57,48,81,77,62,83,17,36,90,54,75,67,43,87,93,88,74,69,50,64,55,76,51,69,67,83,39,74,29,31,48,29,74,64,50,45,40,79,81,17,67,50,19,57,48,81,77,62,83,17,19,79,31,38,31,29,67,74,74,52,Ekstraklasa
Radomiak Radom,5iq037iifttb7jw2zkz2z57pj,6l5ef9zgre8t4g6340rw0f1ed,J. Grzesik,Jan Grzesik,31,Defender,Poland,Defender,39.0,68.0,1.0,103.0,7.0,0.0,20.0,12.0,450.0,4.0,1.0,8.0,13.0,10.0,3.0,2.0,10.0,11.0,4.0,3.0,24.0,7.0,3.0,1.0,1.0,0.0,79.84,16.67,30.77,30.0,23.08,46.51,43.75,33.33,1.2289630500555973,0.825203837542944,2.0,9.0,0.2520247899999999,4.0,4.0,8.0,0.7062826,52.0,7.8,13.6,0.2,20.6,1.4,0.0,4.0,2.4,0.8,0.2,1.6,2.6,2.0,0.6,0.4,2.0,2.2,0.8,0.6,4.8,1.4,0.6,0.2,0.2,0.0,79.84,16.67,30.77,30.0,23.08,46.51,43.75,33.33,0.2457926100111194,0.1650407675085888,0.4,1.8,0.0504049579999999,0.8,0.8,1.6,0.14125652,10.4,CB,22,77,9,45,57,47,84,28,98,91,100,100,100,97,93,100,100,74,100,100,97,95,40,93,51,12,9,88,70,84,26,28,28,100,100,95,90,93,90,37,57,95,44,5,47,9,9,27,47,58,5,95,88,98,100,100,91,85,97,98,51,100,100,90,86,26,87,51,12,9,88,70,84,26,28,28,100,95,88,79,84,88,30,40,91,33,Ekstraklasa
Radomiak Radom,5iq037iifttb7jw2zkz2z57pj,6w3iuh0f11tbwr037i7qb031m,I. Camará,Ibrahima Camará,27,Midfielder,Guinea,Midfielder,92.0,66.0,12.0,158.0,2.0,0.0,12.0,12.0,309.0,0.0,0.0,3.0,5.0,1.0,4.0,1.0,7.0,7.0,5.0,2.0,4.0,0.0,2.0,6.0,1.0,0.0,88.27,70.59,0.0,28.57,40.0,35.29,28.57,75.0,0.3194198379238516,0.2841928951634188,4.0,6.0,0.11965062,0.0,17.0,15.0,0.489168,89.0,26.79611650485437,19.223300970873787,3.4951456310679614,46.01941747572816,0.5825242718446603,0.0,3.4951456310679614,3.4951456310679614,0.0,0.0,0.8737864077669903,1.4563106796116505,0.2912621359223301,1.1650485436893203,0.2912621359223301,2.0388349514563107,2.0388349514563107,1.4563106796116505,0.5825242718446603,1.1650485436893203,0.0,0.5825242718446603,1.7475728155339807,0.2912621359223301,0.0,88.27,70.59,0.0,28.57,40.0,35.29,28.57,75.0,0.0930349042496655,0.0827746296592482,1.1650485436893203,1.7475728155339807,0.034849695145631,0.0,4.951456310679612,4.368932038834951,0.1424761165048543,25.92233009708738,DM/CM,88,61,88,82,42,52,47,91,30,45,59,89,65,89,73,97,97,80,91,71,8,77,94,95,52,79,88,30,33,62,17,30,83,88,73,95,61,55,9,77,79,82,82,91,30,88,76,30,52,27,82,30,45,58,82,58,76,64,94,94,73,82,52,8,64,94,97,52,79,88,30,33,62,17,30,83,73,61,88,45,39,9,88,67,70,79,Ekstraklasa
Radomiak Radom,5iq037iifttb7jw2zkz2z57pj,8472de2nxpceez5q9fj52k2qx,Adrián Diéguez,Adrián Diéguez,30,Defender,Spain,Defender,138.0,27.0,14.0,165.0,4.0,0.0,12.0,13.0,315.0,0.0,0.0,0.0,0.0,0.0,0.0,0.0,0.0,0.0,7.0,0.0,3.0,2.0,0.0,5.0,0.0,0.0,82.09,35.0,0.0,0.0,0.0,38.71,36.36,83.33,0.0,0.0,0.0,0.0,0.0,0.0,0.0,0.0,0.0,0.0,39.42857142857143,7.714285714285714,4.0,47.142857142857146,1.1428571428571428,0.0,3.4285714285714284,3.7142857142857135,0.0,0.0,0.0,0.0,0.0,0.0,0.0,0.0,0.0,2.0,0.0,0.8571428571428571,0.5714285714285714,0.0,1.4285714285714286,0.0,0.0,82.09,35.0,0.0,0.0,0.0,38.71,36.36,83.33,0.0,0.0,0.0,0.0,0.0,0.0,0.0,0.0,0.0,0.0,CB,88,26,93,69,37,47,55,31,43,42,23,15,19,38,34,29,27,95,38,52,66,35,92,43,51,21,33,43,35,38,16,21,74,15,26,36,21,21,34,12,13,12,12,91,14,80,65,19,47,40,12,43,42,23,15,19,38,34,29,27,95,38,44,58,35,93,43,51,21,33,43,35,38,16,21,74,15,26,36,21,21,34,12,13,12,12,Ekstraklasa
Radomiak Radom,5iq037iifttb7jw2zkz2z57pj,8g7247j50m7qog4ndpjhnxuqd,C. Donis,Christos Donis,31,Midfielder,Greece,Midfielder,77.0,52.0,4.0,129.0,4.0,0.0,10.0,11.0,221.0,0.0,0.0,1.0,3.0,0.0,3.0,1.0,1.0,1.0,0.0,0.0,1.0,4.0,0.0,2.0,0.0,0.0,87.16,36.36,0.0,0.0,0.0,43.48,57.14,100.0,0.1502236233136688,0.0461272326094617,2.0,3.0,0.07999194,1.0,7.0,4.0,0.14564411,60.0,31.35746606334841,21.176470588235293,1.6289592760180995,52.53393665158371,1.6289592760180995,0.0,4.072398190045249,4.479638009049774,0.0,0.0,0.4072398190045249,1.2217194570135743,0.0,1.2217194570135743,0.4072398190045249,0.4072398190045249,0.4072398190045249,0.0,0.0,0.4072398190045249,1.6289592760180995,0.0,0.8144796380090498,0.0,0.0,87.16,36.36,0.0,0.0,0.0,43.48,57.14,100.0,0.0611770411684624,0.0187848458590568,0.8144796380090498,1.2217194570135743,0.0325759031674208,0.4072398190045249,2.850678733031674,1.6289592760180995,0.0593120809954751,24.43438914027149,DM/CM,83,47,50,62,61,52,38,85,30,45,21,70,24,79,73,26,26,8,24,26,67,15,47,45,52,68,30,30,15,24,33,61,98,45,15,76,29,30,36,44,15,15,58,97,45,58,91,64,52,39,91,30,45,12,70,24,79,79,24,24,8,24,30,70,15,58,45,52,68,30,30,15,24,33,61,98,48,15,79,24,33,36,36,15,15,76,Ekstraklasa
Radomiak Radom,5iq037iifttb7jw2zkz2z57pj,8xyk2ee5mlrd3v597h1vlfw15,Luquinhas,Lucas Lima Linhares,29,Midfielder,Brazil,Midfielder,53.0,86.0,0.0,138.0,3.0,0.0,37.0,2.0,439.0,1.0,1.0,9.0,7.0,3.0,4.0,1.0,22.0,22.0,4.0,3.0,13.0,15.0,13.0,5.0,0.0,0.0,82.14,0.0,100.0,59.09,42.86,55.22,60.0,83.33,0.6255084540041154,0.5975356806717292,5.0,15.0,0.38854065,11.0,9.0,18.0,0.76073826,85.0,10.865603644646924,17.630979498861045,0.0,28.29157175398633,0.6150341685649202,0.0,7.585421412300683,0.4100227790432801,0.20501138952164,0.20501138952164,1.8451025056947608,1.4350797266514803,0.6150341685649202,0.8200455580865603,0.20501138952164,4.5102505694760815,4.5102505694760815,0.8200455580865603,0.6150341685649202,2.665148063781321,3.075170842824601,2.665148063781321,1.0250569476082003,0.0,0.0,82.14,0.0,100.0,59.09,42.86,55.22,60.0,83.33,0.1282363573129165,0.1225016201832702,1.0250569476082003,3.075170842824601,0.0796552585421412,2.2551252847380407,1.8451025056947608,3.6902050113895215,0.1559600077448747,17.425968109339408,ST,100,100,25,100,28,50,100,49,85,90,100,49,26,88,26,100,100,100,57,54,100,100,100,26,51,89,25,99,72,64,86,82,75,39,100,89,100,97,100,100,100,100,100,94,94,25,97,14,50,89,28,78,83,86,11,6,67,17,100,100,94,31,11,100,100,97,26,51,89,25,99,72,64,86,82,75,11,83,72,92,81,97,78,100,97,100,Ekstraklasa
Radomiak Radom,5iq037iifttb7jw2zkz2z57pj,8z9b1qk5hyi2t8qhr3avjelbe,A. Tapsoba,Abdoul Tapsoba,25,Attacker,Burkina Faso,Striker,7.0,17.0,0.0,23.0,9.0,0.0,19.0,5.0,273.0,1.0,0.0,3.0,6.0,6.0,0.0,3.0,5.0,5.0,0.0,0.0,10.0,7.0,1.0,1.0,0.0,0.0,76.67,0.0,33.33,20.0,0.0,45.24,45.0,50.0,0.7471361040440482,0.17924845904107,0.0,3.0,0.08880753,2.0,0.0,0.0,0.23459071,9.0,2.307692307692308,5.604395604395605,0.0,7.582417582417583,2.967032967032967,0.0,6.263736263736264,1.6483516483516485,0.3296703296703296,0.0,0.989010989010989,1.978021978021978,1.978021978021978,0.0,0.989010989010989,1.6483516483516485,1.6483516483516485,0.0,0.0,3.296703296703297,2.307692307692308,0.3296703296703296,0.3296703296703296,0.0,0.0,76.67,0.0,33.33,20.0,0.0,45.24,45.0,50.0,0.2463086057288071,0.0590928985849681,0.0,0.989010989010989,0.0292772076923076,0.6593406593406593,0.0,0.0,0.0773375967032967,2.967032967032967,ST,21,39,25,29,75,50,75,78,85,42,54,39,58,14,71,75,75,28,8,38,86,46,58,26,51,72,25,86,35,8,47,47,62,53,47,12,60,56,83,12,11,72,38,22,17,25,11,61,50,64,75,83,42,44,28,47,14,69,72,69,28,8,17,83,42,53,26,51,72,25,86,35,8,47,47,62,36,33,12,56,58,83,12,11,67,25,Ekstraklasa
Radomiak Radom,5iq037iifttb7jw2zkz2z57pj,95wo7kp4z9ab6fz3rbkzqgqnd,Conrado,Conrado Buchanelli Holz,29,Defender,Brazil,Defender,66.0,47.0,3.0,113.0,1.0,0.0,16.0,6.0,325.0,0.0,0.0,0.0,2.0,1.0,1.0,1.0,6.0,7.0,2.0,1.0,2.0,7.0,3.0,3.0,0.0,0.0,79.58,23.08,0.0,50.0,50.0,50.0,20.0,60.0,0.2013512641037843,0.0,1.0,4.0,0.07474636,2.0,10.0,9.0,0.1663097299999998,56.0,18.27692307692308,13.015384615384615,0.8307692307692307,31.29230769230769,0.2769230769230769,0.0,4.430769230769231,1.6615384615384614,0.0,0.0,0.0,0.5538461538461539,0.2769230769230769,0.2769230769230769,0.2769230769230769,1.6615384615384614,1.9384615384615385,0.5538461538461539,0.2769230769230769,0.5538461538461539,1.9384615384615385,0.8307692307692307,0.8307692307692307,0.0,0.0,79.58,23.08,0.0,50.0,50.0,50.0,20.0,60.0,0.055758811597971,0.0,0.2769230769230769,1.1076923076923078,0.020698992,0.5538461538461539,2.769230769230769,2.4923076923076923,0.046055002153846,15.507692307692308,LB/LCB,71,38,31,40,31,52,67,23,19,44,8,33,44,54,62,85,88,46,62,31,94,77,52,38,52,29,8,19,56,88,48,17,58,50,8,62,48,33,40,62,42,21,54,67,21,12,42,25,52,54,4,19,44,8,25,42,50,62,83,83,33,67,21,100,79,42,38,52,29,8,19,56,88,48,17,58,33,8,62,42,33,38,50,38,12,46,Ekstraklasa
Radomiak Radom,5iq037iifttb7jw2zkz2z57pj,ahco728y24hz46rb73yqd2wic,F. Goure,Fernand Goure,24,Attacker,Côte d'Ivoire,Striker,7.0,11.0,0.0,18.0,7.0,0.0,9.0,5.0,168.0,0.0,0.0,1.0,4.0,3.0,1.0,2.0,1.0,1.0,0.0,0.0,7.0,2.0,0.0,0.0,0.0,0.0,69.23,0.0,0.0,0.0,0.0,40.91,58.33,0.0,0.4001232609468053,0.0,1.0,2.0,0.04950342,1.0,0.0,0.0,0.0008154599999999,2.0,3.75,5.892857142857142,0.0,9.642857142857142,3.75,0.0,4.821428571428571,2.6785714285714284,0.0,0.0,0.5357142857142857,2.142857142857143,1.6071428571428572,0.5357142857142857,1.0714285714285714,0.5357142857142857,0.5357142857142857,0.0,0.0,3.75,1.0714285714285714,0.0,0.0,0.0,0.0,69.23,0.0,0.0,0.0,0.0,40.91,58.33,0.0,0.2143517469357885,0.0,0.5357142857142857,1.0714285714285714,0.0265196892857142,0.5357142857142857,0.0,0.0,0.0004368535714285,1.0714285714285714,ST,21,17,25,18,65,50,32,78,39,42,19,21,26,38,47,21,19,28,8,24,33,17,21,26,51,54,25,39,17,8,31,78,21,25,10,36,42,32,60,12,11,3,6,44,22,25,33,78,50,42,83,39,42,17,33,33,44,81,28,25,28,8,22,36,17,21,26,51,54,25,39,17,8,31,78,21,33,10,47,61,50,72,12,11,3,6,Ekstraklasa
Radomiak Radom,5iq037iifttb7jw2zkz2z57pj,bfdxhlun4bskn4444qsn35hck,Ronaldo Lumungo,Ronaldo Lumungo Afonso,25,Attacker,São Tomé e Príncipe,Striker,3.0,16.0,0.0,18.0,2.0,0.0,8.0,1.0,166.0,1.0,0.0,0.0,7.0,5.0,2.0,3.0,7.0,7.0,1.0,3.0,16.0,1.0,2.0,1.0,0.0,0.0,58.06,0.0,12.5,28.57,42.86,40.0,66.67,33.33,0.5873746454625277,0.0,2.0,5.0,0.16245344,1.0,1.0,3.0,0.1890438599999999,9.0,1.6265060240963851,8.674698795180722,0.0,9.759036144578312,1.0843373493975903,0.0,4.337349397590361,0.5421686746987951,0.5421686746987951,0.0,0.0,3.795180722891566,2.710843373493976,1.0843373493975903,1.6265060240963851,3.795180722891566,3.795180722891566,0.5421686746987951,1.6265060240963851,8.674698795180722,0.5421686746987951,1.0843373493975903,0.5421686746987951,0.0,0.0,58.06,0.0,12.5,28.57,42.86,40.0,66.67,33.33,0.3184561330820933,0.0,1.0843373493975903,2.710843373493976,0.0880771662650602,0.5421686746987951,0.5421686746987951,1.6265060240963851,0.1024936590361445,4.879518072289156,ST,6,33,25,18,19,50,26,29,85,42,6,49,46,62,71,88,85,67,57,64,14,65,58,26,51,11,25,81,42,64,26,90,47,33,10,64,81,72,60,33,58,67,38,6,56,25,36,22,50,31,39,94,42,6,75,58,81,92,97,97,78,75,100,11,76,69,26,51,11,25,81,42,64,26,90,47,50,10,78,83,89,76,39,69,78,56,Ekstraklasa
Radomiak Radom,5iq037iifttb7jw2zkz2z57pj,c1qpv7cpcqog791kxtq4u0npw,F. Koperski,Filip Koperski,22,Midfielder,Poland,Midfielder,67.0,22.0,2.0,89.0,6.0,0.0,12.0,9.0,135.0,0.0,0.0,0.0,0.0,0.0,0.0,0.0,0.0,0.0,0.0,0.0,0.0,2.0,0.0,2.0,0.0,0.0,92.71,50.0,0.0,0.0,0.0,63.16,60.0,50.0,0.0,0.0,0.0,0.0,0.0,0.0,0.0,0.0,0.0,0.0,44.66666666666666,14.666666666666666,1.3333333333333333,59.333333333333336,4.0,0.0,8.0,6.0,0.0,0.0,0.0,0.0,0.0,0.0,0.0,0.0,0.0,0.0,0.0,0.0,1.3333333333333333,0.0,1.3333333333333333,0.0,0.0,92.71,50.0,0.0,0.0,0.0,63.16,60.0,50.0,0.0,0.0,0.0,0.0,0.0,0.0,0.0,0.0,0.0,0.0,LM/LCM,94,25,56,81,91,50,41,91,16,38,9,6,16,9,6,6,6,16,22,9,25,6,41,38,53,100,56,16,6,22,94,88,41,6,9,9,6,6,12,9,6,6,6,100,56,75,100,100,50,88,100,16,38,9,6,16,9,6,6,6,16,22,9,38,6,78,38,53,100,56,16,6,22,94,88,41,6,9,9,6,6,12,9,6,6,6,Ekstraklasa
Radomiak Radom,5iq037iifttb7jw2zkz2z57pj,db6kkpr65v0zlrlx1cr5almcq,Z. Ouattara,Zié Ouattara,26,Defender,Côte d'Ivoire,Defender,113.0,91.0,8.0,202.0,4.0,0.0,21.0,16.0,434.0,2.0,0.0,2.0,3.0,1.0,2.0,1.0,6.0,6.0,4.0,1.0,5.0,4.0,4.0,5.0,0.0,0.0,85.96,61.54,28.57,66.67,33.33,50.0,40.0,55.56,0.1786139264452092,0.0921822555597566,2.0,12.0,0.28067937,4.0,14.0,16.0,0.5553778799999998,109.0,23.433179723502302,18.870967741935484,1.6589861751152075,41.88940092165899,0.8294930875576038,0.0,4.35483870967742,3.317972350230415,0.4147465437788019,0.0,0.4147465437788019,0.6221198156682028,0.2073732718894009,0.4147465437788019,0.2073732718894009,1.2442396313364057,1.2442396313364057,0.8294930875576038,0.2073732718894009,1.036866359447005,0.8294930875576038,0.8294930875576038,1.036866359447005,0.0,0.0,85.96,61.54,28.57,66.67,33.33,50.0,40.0,55.56,0.0370397543319558,0.0191161359455716,0.4147465437788019,2.4884792626728114,0.0582053993087557,0.8294930875576038,2.903225806451613,3.317972350230415,0.115170528110599,22.6036866359447,RB/RCB,92,92,87,92,75,44,88,77,67,42,46,75,58,87,83,83,81,75,79,60,81,92,81,48,52,69,90,65,75,81,50,56,54,62,27,90,100,96,98,88,88,73,88,73,50,58,62,54,44,50,38,54,42,19,62,50,77,73,81,81,58,77,42,58,85,58,48,52,69,90,65,75,81,50,56,54,54,23,88,85,85,77,65,62,50,69,Ekstraklasa
Widzew Łódź,40hitpa3iyfvhdx40fj3cltd,1hrgbh0om1xjj7wjjs2vibm22,M. Fornalczyk,Mariusz Fornalczyk,23,Midfielder,Poland,Midfielder,7.0,42.0,1.0,46.0,1.0,0.0,18.0,1.0,295.0,3.0,0.0,2.0,7.0,4.0,3.0,5.0,11.0,12.0,2.0,1.0,10.0,8.0,5.0,2.0,1.0,0.0,76.67,50.0,25.0,45.45,14.29,48.65,33.33,50.0,0.5726499547050918,0.1772006299204527,3.0,11.0,0.34320584,3.0,3.0,6.0,0.6502289599999999,20.0,2.135593220338983,12.813559322033898,0.3050847457627119,14.033898305084746,0.3050847457627119,0.0,5.491525423728814,0.3050847457627119,0.9152542372881356,0.0,0.6101694915254238,2.135593220338983,1.2203389830508475,0.9152542372881356,1.5254237288135597,3.3559322033898304,3.6610169491525424,0.6101694915254238,0.3050847457627119,3.050847457627119,2.440677966101695,1.5254237288135597,0.6101694915254238,0.3050847457627119,0.0,76.67,50.0,25.0,45.45,14.29,48.65,33.33,50.0,0.1747067658422314,0.0540612091282737,0.9152542372881356,3.3559322033898304,0.1047068664406779,0.9152542372881356,0.9152542372881356,1.8305084745762712,0.1983749369491525,6.101694915254238,LM/LCM,25,56,28,28,31,50,62,28,84,38,34,88,78,72,94,84,88,75,53,69,97,59,41,81,53,44,56,75,56,44,56,38,41,88,38,81,81,88,62,50,56,81,38,6,38,25,31,25,50,62,25,75,38,31,69,69,69,94,75,75,69,44,56,88,56,38,75,53,44,56,75,56,44,56,38,41,75,38,62,56,69,56,50,38,75,44,Ekstraklasa
Widzew Łódź,40hitpa3iyfvhdx40fj3cltd,3suljwa7of23cmzq56plxdclw,Mario García,Mario García,22,Defender,Spain,Defender,26.0,46.0,6.0,65.0,0.0,0.0,14.0,16.0,287.0,7.0,3.0,8.0,5.0,2.0,3.0,0.0,5.0,6.0,6.0,2.0,3.0,4.0,4.0,3.0,1.0,0.0,85.53,60.0,26.92,80.0,40.0,63.64,0.0,50.0,0.3120130508451115,0.8792612277500744,3.0,2.0,0.03805479,2.0,8.0,8.0,0.4854578399999999,37.0,8.153310104529616,14.425087108013935,1.881533101045296,20.38327526132404,0.0,0.0,4.390243902439024,5.017421602787456,2.195121951219512,0.940766550522648,2.508710801393728,1.56794425087108,0.627177700348432,0.940766550522648,0.0,1.56794425087108,1.881533101045296,1.881533101045296,0.627177700348432,0.940766550522648,1.254355400696864,1.254355400696864,0.940766550522648,0.313588850174216,0.0,85.53,60.0,26.92,80.0,40.0,63.64,0.0,50.0,0.0978438138538677,0.2757265174129153,0.940766550522648,0.627177700348432,0.0119335578397212,0.627177700348432,2.508710801393728,2.508710801393728,0.1522341658536585,11.602787456445991,LB/LCB,21,33,65,33,8,52,56,75,92,100,92,77,67,85,25,75,77,81,81,46,81,85,52,88,52,67,81,67,90,75,88,8,40,71,92,90,23,21,40,48,33,62,33,8,25,71,8,8,52,46,83,88,100,92,88,71,83,25,75,79,92,88,46,79,96,50,96,52,67,81,67,90,75,88,8,40,75,88,88,25,25,46,42,42,62,25,Ekstraklasa
Widzew Łódź,40hitpa3iyfvhdx40fj3cltd,4ao81gb9391cj85udgyfyg38q,L. Selahi,Lindon Selahi,27,Midfielder,Albania,Midfielder,14.0,26.0,2.0,39.0,5.0,0.0,9.0,3.0,117.0,1.0,0.0,3.0,3.0,1.0,2.0,0.0,0.0,0.0,6.0,1.0,2.0,0.0,0.0,3.0,0.0,0.0,70.91,50.0,100.0,0.0,33.33,75.0,71.43,75.0,0.2271705060350408,0.2829981480460903,2.0,0.0,0.0,1.0,3.0,5.0,0.23147646,31.0,10.769230769230768,20.0,1.5384615384615383,30.0,3.846153846153846,0.0,6.9230769230769225,2.3076923076923075,0.7692307692307692,0.0,2.3076923076923075,2.3076923076923075,0.7692307692307692,1.5384615384615383,0.0,0.0,0.0,4.615384615384615,0.7692307692307692,1.5384615384615383,0.0,0.0,2.3076923076923075,0.0,0.0,70.91,50.0,100.0,0.0,33.33,75.0,71.43,75.0,0.1747465431038775,0.2176908831123771,1.5384615384615383,0.0,0.0,0.7692307692307692,2.3076923076923075,3.846153846153846,0.1780588153846153,23.846153846153847,DM/CM,12,15,26,15,64,52,32,21,70,45,59,70,65,59,29,8,8,94,65,39,8,15,67,45,52,6,48,98,15,56,100,91,83,70,70,76,5,5,36,12,23,39,30,24,36,55,27,94,52,88,52,88,45,97,97,91,94,29,8,8,100,94,76,8,15,97,45,52,6,48,98,15,56,100,91,83,97,100,97,5,5,52,24,58,85,70,Ekstraklasa
Widzew Łódź,40hitpa3iyfvhdx40fj3cltd,4ix24702sege4lf49wvq9hawa,Ángel Baena,Ángel Baena,25,Midfielder,Spain,Midfielder,7.0,26.0,1.0,31.0,2.0,0.0,12.0,4.0,227.0,2.0,1.0,3.0,4.0,4.0,0.0,1.0,8.0,9.0,2.0,3.0,10.0,5.0,4.0,0.0,1.0,0.0,65.96,14.29,33.33,50.0,75.0,44.44,33.33,0.0,0.7368808638211594,0.2598559527752139,1.0,3.0,0.09735396,1.0,3.0,5.0,0.3184742699999999,14.0,2.775330396475771,10.308370044052865,0.3964757709251101,12.290748898678414,0.7929515418502203,0.0,4.757709251101322,1.5859030837004406,0.7929515418502203,0.3964757709251101,1.1894273127753303,1.5859030837004406,1.5859030837004406,0.0,0.3964757709251101,3.1718061674008813,3.5682819383259914,0.7929515418502203,1.1894273127753303,3.9647577092511015,1.9823788546255507,1.5859030837004406,0.0,0.3964757709251101,0.0,65.96,14.29,33.33,50.0,75.0,44.44,33.33,0.0,0.2921554085634553,0.1030265892060319,0.3964757709251101,1.1894273127753303,0.0385984863436123,0.3964757709251101,1.1894273127753303,1.9823788546255507,0.1262673317180616,5.550660792951542,RM/RCM,26,33,38,29,57,52,67,74,60,81,60,60,83,21,64,83,83,57,88,74,83,83,17,76,52,14,33,69,62,95,52,60,17,90,57,48,33,43,31,45,48,52,31,14,10,33,10,33,52,57,76,57,81,52,52,76,21,62,71,71,52,81,67,81,76,17,67,52,14,33,69,62,95,52,60,17,86,52,48,29,33,29,38,43,33,19,Ekstraklasa
Widzew Łódź,40hitpa3iyfvhdx40fj3cltd,4l2r1zkhya54ga2kkazcj4q95,Fran Álvarez,Fran Álvarez,28,Midfielder,Spain,Midfielder,48.0,105.0,7.0,145.0,1.0,0.0,20.0,5.0,444.0,8.0,0.0,11.0,6.0,3.0,3.0,0.0,9.0,9.0,1.0,2.0,8.0,9.0,3.0,4.0,2.0,0.0,77.54,58.33,34.78,33.33,33.33,54.05,50.0,57.14,0.4845770557047157,1.2521176074290326,1.0,6.0,0.11753862,3.0,15.0,17.0,0.8676022099999998,74.0,9.72972972972973,21.283783783783782,1.4189189189189189,29.39189189189189,0.2027027027027027,0.0,4.0540540540540535,1.0135135135135134,1.6216216216216215,0.0,2.22972972972973,1.2162162162162162,0.6081081081081081,0.6081081081081081,0.0,1.8243243243243243,1.8243243243243243,0.2027027027027027,0.4054054054054054,1.6216216216216215,1.8243243243243243,0.6081081081081081,0.8108108108108107,0.4054054054054054,0.0,77.54,58.33,34.78,33.33,33.33,54.05,50.0,57.14,0.098225078859064,0.2538076231275066,0.2027027027027027,1.2162162162162162,0.0238253959459459,0.6081081081081081,3.0405405405405403,3.4459459459459456,0.1758653128378378,15.0,CM/AM,81,90,77,80,37,51,77,82,92,39,92,64,57,74,14,85,83,44,63,58,80,65,71,93,50,31,61,74,36,68,69,71,43,60,95,27,52,45,56,87,86,93,88,64,67,62,60,21,51,43,45,81,39,69,38,40,43,14,57,48,24,43,26,48,43,45,83,50,31,61,74,36,68,69,71,43,36,86,14,17,12,33,64,62,76,62,Ekstraklasa
Widzew Łódź,40hitpa3iyfvhdx40fj3cltd,92xhspr6bl1jyhqru3tsbjvqi,C. Cheng,Christopher Cheng,24,Defender,Norway,Defender,25.0,36.0,0.0,61.0,1.0,0.0,9.0,6.0,156.0,0.0,0.0,2.0,2.0,0.0,2.0,1.0,2.0,3.0,1.0,0.0,2.0,1.0,1.0,3.0,0.0,0.0,88.41,0.0,0.0,50.0,0.0,56.25,33.33,50.0,0.1201836406415468,0.0586809747956299,0.0,5.0,0.16191492,5.0,5.0,5.0,0.11049954,28.0,14.423076923076923,20.76923076923077,0.0,35.19230769230769,0.5769230769230769,0.0,5.1923076923076925,3.461538461538461,0.0,0.0,1.1538461538461535,1.1538461538461535,0.0,1.1538461538461535,0.5769230769230769,1.1538461538461535,1.7307692307692306,0.5769230769230769,0.0,1.1538461538461535,0.5769230769230769,0.5769230769230769,1.7307692307692306,0.0,0.0,88.41,0.0,0.0,50.0,0.0,56.25,33.33,50.0,0.0693367157547385,0.0338544085359403,0.0,2.8846153846153846,0.0934124538461538,2.8846153846153846,2.8846153846153846,2.8846153846153846,0.0637497346153846,16.153846153846153,LB/LCB,17,21,4,29,31,52,25,23,19,44,38,33,17,69,62,42,48,23,27,31,33,42,52,38,52,88,4,19,56,27,67,38,40,29,17,27,58,58,77,23,19,12,19,46,75,4,67,46,52,79,44,19,44,56,67,17,92,92,71,75,38,27,54,52,62,79,38,52,88,4,19,56,27,67,38,40,62,29,27,88,100,96,58,54,25,58,Ekstraklasa
Widzew Łódź,40hitpa3iyfvhdx40fj3cltd,a7rmp73hwbu2ajch5tlmvsull,M. Żyro,Mateusz Zyro,27,Defender,Poland,Defender,9.0,4.0,0.0,13.0,3.0,0.0,6.0,9.0,92.0,0.0,0.0,0.0,0.0,0.0,0.0,0.0,0.0,1.0,1.0,0.0,0.0,1.0,0.0,1.0,0.0,0.0,68.42,0.0,0.0,0.0,0.0,50.0,50.0,50.0,0.0,0.0,0.0,0.0,0.0,0.0,0.0,0.0,0.0,0.0,8.804347826086957,3.91304347826087,0.0,12.717391304347828,2.9347826086956523,0.0,5.869565217391305,8.804347826086957,0.0,0.0,0.0,0.0,0.0,0.0,0.0,0.0,0.9782608695652176,0.9782608695652176,0.0,0.0,0.9782608695652176,0.0,0.9782608695652176,0.0,0.0,68.42,0.0,0.0,0.0,0.0,50.0,50.0,50.0,0.0,0.0,0.0,0.0,0.0,0.0,0.0,0.0,0.0,0.0,CB,2,2,5,2,28,47,28,21,43,42,23,15,19,38,34,29,65,24,38,8,42,35,40,43,51,7,5,43,35,38,37,41,47,15,26,36,21,21,34,12,13,12,12,7,2,5,2,70,47,84,91,43,42,23,15,19,38,34,29,86,58,38,8,70,35,67,43,51,7,5,43,35,38,37,41,47,15,26,36,21,21,34,12,13,12,12,Ekstraklasa
Widzew Łódź,40hitpa3iyfvhdx40fj3cltd,awe3km1oqe0ooqombcz6zj04q,S. Bergier,Sebastian Bergier,26,Attacker,Poland,Striker,10.0,22.0,1.0,32.0,7.0,1.0,14.0,2.0,369.0,0.0,0.0,3.0,16.0,13.0,3.0,3.0,2.0,2.0,0.0,7.0,23.0,6.0,0.0,2.0,2.0,0.0,62.75,50.0,0.0,0.0,43.75,35.9,30.43,100.0,1.572322052599067,0.1199430064505131,4.0,3.0,0.09975924,1.0,0.0,3.0,0.1670360099999999,9.0,2.439024390243903,5.365853658536586,0.2439024390243902,7.804878048780488,1.707317073170732,0.2439024390243902,3.414634146341464,0.4878048780487805,0.0,0.0,0.7317073170731708,3.902439024390244,3.1707317073170733,0.7317073170731708,0.7317073170731708,0.4878048780487805,0.4878048780487805,0.0,1.707317073170732,5.609756097560976,1.4634146341463417,0.0,0.4878048780487805,0.4878048780487805,0.0,62.75,50.0,0.0,0.0,43.75,35.9,30.43,100.0,0.3834931835607481,0.0292543918171983,0.9756097560975612,0.7317073170731708,0.0243315219512195,0.2439024390243902,0.0,0.7317073170731708,0.0407404902439024,2.1951219512195124,ST,51,53,61,54,65,100,57,49,39,42,54,90,92,81,71,39,35,28,96,85,75,17,83,85,51,28,69,39,17,69,17,19,89,78,36,86,60,58,60,12,58,64,38,25,14,53,14,33,100,19,36,39,42,22,81,78,58,42,25,19,28,83,61,53,17,61,69,51,28,69,39,17,69,17,19,89,61,25,69,47,44,50,12,36,50,17,Ekstraklasa
Widzew Łódź,40hitpa3iyfvhdx40fj3cltd,c0arcrn5kpsofa1r53m1dhqp6,S. Kapuadi,Steve Kapuadi,28,Defender,Congo DR,Defender,95.0,72.0,17.0,167.0,9.0,0.0,11.0,20.0,360.0,0.0,0.0,1.0,3.0,3.0,0.0,0.0,4.0,4.0,5.0,2.0,3.0,0.0,2.0,0.0,1.0,0.0,90.76,70.83,0.0,50.0,66.67,45.83,64.29,0.0,0.4706231689712128,0.0616353751854556,0.0,8.0,0.16321432,3.0,20.0,21.0,0.3353812099999998,114.0,23.75,18.0,4.25,41.75,2.25,0.0,2.75,5.0,0.0,0.0,0.25,0.75,0.75,0.0,0.0,1.0,1.0,1.25,0.5,0.75,0.0,0.5,0.0,0.25,0.0,90.76,70.83,0.0,50.0,66.67,45.83,64.29,0.0,0.1176557922428032,0.0154088437963639,0.0,2.0,0.04080358,0.75,5.0,5.25,0.0838453024999999,28.5,LB/LCB,100,71,100,96,94,52,38,96,19,44,19,50,79,23,25,62,58,73,81,46,15,62,6,88,52,96,96,19,56,96,29,92,6,83,21,27,79,62,50,100,96,38,100,88,54,100,83,83,52,15,79,19,44,21,29,75,23,25,50,50,71,71,38,15,46,6,83,52,96,96,19,56,96,29,92,6,79,17,27,62,42,50,83,83,33,92,Ekstraklasa
Widzew Łódź,40hitpa3iyfvhdx40fj3cltd,cuqwo7lotq1bh3wx541zeu6fo,M. Krajewski,Marcel Krajewski,21,Defender,Poland,Defender,48.0,50.0,6.0,98.0,3.0,0.0,19.0,23.0,383.0,0.0,0.0,1.0,2.0,2.0,0.0,1.0,3.0,4.0,3.0,0.0,6.0,5.0,1.0,7.0,0.0,0.0,78.4,46.15,0.0,33.33,0.0,46.34,42.86,70.0,0.2514117521482645,0.1238074070607057,0.0,4.0,0.16300109,2.0,5.0,2.0,0.2997980999999999,49.0,11.279373368146214,11.74934725848564,1.4099216710182767,23.028720626631856,0.7049608355091384,0.0,4.464751958224543,5.404699738903394,0.0,0.0,0.2349869451697128,0.4699738903394256,0.4699738903394256,0.0,0.2349869451697128,0.7049608355091384,0.9399477806788512,0.7049608355091384,0.0,1.4099216710182767,1.174934725848564,0.2349869451697128,1.6449086161879896,0.0,0.0,78.4,46.15,0.0,33.33,0.0,46.34,42.86,70.0,0.0590784796170856,0.0290931243745783,0.0,0.9399477806788512,0.0383031281984334,0.4699738903394256,1.174934725848564,0.4699738903394256,0.070448639686684,11.514360313315928,RB/RCB,54,58,67,54,62,44,85,92,19,42,23,62,77,35,83,73,77,54,35,73,92,62,96,48,52,19,54,19,56,35,31,62,69,73,31,37,62,88,69,37,19,42,60,23,23,54,12,50,44,58,85,19,42,15,50,69,35,81,69,73,38,35,62,73,58,73,48,52,19,54,19,56,35,31,62,69,65,27,37,50,62,54,27,19,27,38,Ekstraklasa
Widzew Łódź,40hitpa3iyfvhdx40fj3cltd,den32imqtand3adxbz56l69gq,Visus,Ricardo Visus,25,Defender,Spain,Defender,29.0,17.0,3.0,46.0,2.0,0.0,2.0,8.0,94.0,0.0,0.0,0.0,0.0,0.0,0.0,0.0,0.0,0.0,0.0,0.0,0.0,0.0,0.0,0.0,0.0,0.0,93.88,50.0,0.0,0.0,0.0,28.57,33.33,0.0,0.0,0.0,0.0,0.0,0.0,0.0,0.0,0.0,0.0,0.0,27.76595744680851,16.27659574468085,2.872340425531915,44.04255319148936,1.9148936170212765,0.0,1.9148936170212765,7.659574468085106,0.0,0.0,0.0,0.0,0.0,0.0,0.0,0.0,0.0,0.0,0.0,0.0,0.0,0.0,0.0,0.0,0.0,93.88,50.0,0.0,0.0,0.0,28.57,33.33,0.0,0.0,0.0,0.0,0.0,0.0,0.0,0.0,0.0,0.0,0.0,CB,13,9,23,12,16,47,5,16,43,42,23,15,19,38,34,29,27,6,38,8,15,35,13,43,51,98,66,43,35,38,9,17,13,15,26,36,21,21,34,12,13,12,12,56,58,62,51,44,47,9,79,43,42,23,15,19,38,34,29,27,6,38,8,15,35,13,43,51,98,66,43,35,38,9,17,13,15,26,36,21,21,34,12,13,12,12,Ekstraklasa
Widzew Łódź,40hitpa3iyfvhdx40fj3cltd,e05kmeeuc7x55gwhjmxl9ry3u,P. Wiśniewski,Przemyslaw Wisniewski,28,Defender,Poland,Defender,107.0,74.0,8.0,179.0,21.0,1.0,25.0,32.0,355.0,2.0,0.0,1.0,6.0,4.0,2.0,2.0,1.0,1.0,6.0,0.0,6.0,1.0,1.0,2.0,0.0,0.0,86.89,47.06,66.67,100.0,0.0,64.1,75.0,66.67,0.603965590614302,0.0936430001337988,1.0,5.0,0.1192944299999999,3.0,13.0,14.0,0.3852424800000001,117.0,27.12676056338028,18.76056338028169,2.028169014084507,45.38028169014084,5.323943661971831,0.2535211267605634,6.338028169014084,8.112676056338028,0.5070422535211268,0.0,0.2535211267605634,1.5211267605633805,1.0140845070422535,0.5070422535211268,0.5070422535211268,0.2535211267605634,0.2535211267605634,1.5211267605633805,0.0,1.5211267605633805,0.2535211267605634,0.2535211267605634,0.5070422535211268,0.0,0.0,86.89,47.06,66.67,100.0,0.0,64.1,75.0,66.67,0.1531180370571469,0.0237404789071602,0.2535211267605634,1.2676056338028168,0.0302436583098591,0.7605633802816901,3.295774647887324,3.549295774647887,0.0976671076056338,29.661971830985912,CB,70,93,59,79,94,97,88,90,93,42,59,93,87,93,93,67,65,88,38,72,42,78,59,43,51,56,58,97,93,38,74,90,58,91,70,81,78,81,86,80,91,81,88,53,70,47,56,98,95,91,86,88,42,58,93,91,88,91,63,58,86,38,70,35,72,49,43,51,56,58,97,93,38,74,90,58,93,67,79,72,74,86,79,84,77,74,Ekstraklasa
Widzew Łódź,40hitpa3iyfvhdx40fj3cltd,ej59k6e8e693x339j02jq2p9m,J. Shehu,Juljan Shehu,27,Midfielder,Albania,Midfielder,75.0,137.0,8.0,209.0,7.0,0.0,35.0,12.0,436.0,3.0,1.0,10.0,3.0,0.0,3.0,1.0,16.0,16.0,10.0,2.0,7.0,13.0,10.0,4.0,0.0,0.0,86.72,53.33,42.86,62.5,66.67,54.69,58.33,80.0,0.2067991032854552,0.9167320623176848,1.0,8.0,0.19257879,1.0,18.0,17.0,0.7384484800000002,117.0,15.48165137614679,28.27981651376147,1.651376146788991,43.14220183486239,1.444954128440367,0.0,7.224770642201835,2.4770642201834865,0.6192660550458716,0.2064220183486238,2.064220183486239,0.6192660550458716,0.0,0.6192660550458716,0.2064220183486238,3.302752293577982,3.302752293577982,2.064220183486239,0.4128440366972477,1.444954128440367,2.6834862385321103,2.064220183486239,0.8256880733944955,0.0,0.0,86.72,53.33,42.86,62.5,66.67,54.69,58.33,80.0,0.0426878882928691,0.1892336825885129,0.2064220183486238,1.651376146788991,0.0397525025229357,0.2064220183486238,3.7155963302752295,3.5091743119266057,0.1524320256880734,24.151376146788994,DM/CM,79,94,79,91,86,52,100,91,91,95,100,70,24,79,73,100,100,100,91,98,100,100,79,45,52,64,58,85,61,92,70,64,91,61,100,52,74,70,36,83,85,91,94,52,88,61,67,61,52,94,61,82,91,91,30,24,48,58,100,100,94,73,70,97,100,61,45,52,64,58,85,61,92,70,64,91,27,88,39,42,42,18,58,48,76,73,Ekstraklasa
Widzew Łódź,40hitpa3iyfvhdx40fj3cltd,gbeebtmqq3qerrs4u7ikq0ru,E. Kornvig,Emil Kornvig,26,Midfielder,Denmark,Midfielder,35.0,93.0,3.0,124.0,10.0,0.0,24.0,10.0,346.0,4.0,0.0,6.0,6.0,5.0,1.0,2.0,1.0,2.0,4.0,0.0,9.0,8.0,0.0,5.0,0.0,0.0,86.71,100.0,66.67,0.0,0.0,60.0,66.67,83.33,0.5680366620116173,0.5239470842553795,2.0,16.0,0.3766232399999999,8.0,7.0,10.0,0.34386919,65.0,9.104046242774569,24.190751445086704,0.7803468208092486,32.2543352601156,2.601156069364162,0.0,6.242774566473988,2.601156069364162,1.0404624277456649,0.0,1.560693641618497,1.560693641618497,1.300578034682081,0.2601156069364161,0.5202312138728323,0.2601156069364161,0.5202312138728323,1.0404624277456649,0.0,2.341040462427745,2.0809248554913293,0.0,1.300578034682081,0.0,0.0,86.71,100.0,66.67,0.0,0.0,60.0,66.67,83.33,0.1477552011012877,0.1362868138236536,0.5202312138728323,4.161849710982659,0.0979655826589595,2.0809248554913293,1.8208092485549128,2.601156069364162,0.0894457430635838,16.90751445086705,CM/AM,76,77,56,74,100,51,86,98,75,39,71,64,76,29,65,14,21,96,20,63,73,13,80,32,50,81,95,100,13,20,90,88,74,67,71,54,90,86,87,54,54,60,80,57,69,44,67,98,51,71,93,62,39,55,45,71,17,50,10,12,90,20,45,64,13,69,32,50,81,95,100,13,20,90,88,74,52,48,45,83,76,83,33,36,36,69,Ekstraklasa
Widzew Łódź,40hitpa3iyfvhdx40fj3cltd,ki6c06zvxjgsdw8w80oxvz6d,K. Świderski,Karol Swiderski,29,Attacker,Poland,Striker,15.0,55.0,8.0,68.0,14.0,0.0,33.0,5.0,340.0,2.0,1.0,3.0,13.0,11.0,2.0,4.0,6.0,6.0,1.0,1.0,18.0,11.0,4.0,2.0,0.0,0.0,65.38,100.0,28.57,66.67,7.69,52.38,40.0,50.0,1.4115432780762214,0.377726438318499,1.0,4.0,0.10021402,1.0,6.0,11.0,0.5491380699999999,29.0,3.9705882352941178,14.558823529411764,2.117647058823529,18.0,3.7058823529411766,0.0,8.73529411764706,1.3235294117647058,0.5294117647058824,0.2647058823529412,0.7941176470588236,3.4411764705882355,2.911764705882353,0.5294117647058824,1.0588235294117647,1.5882352941176472,1.5882352941176472,0.2647058823529412,0.2647058823529412,4.764705882352941,2.911764705882353,1.0588235294117647,0.5294117647058824,0.0,0.0,65.38,100.0,28.57,66.67,7.69,52.38,40.0,50.0,0.3736438089025292,0.099986410143132,0.2647058823529412,1.0588235294117647,0.0265272405882352,0.2647058823529412,1.5882352941176472,2.911764705882353,0.1453600773529411,7.676470588235294,ST,76,97,100,97,89,50,94,78,96,90,54,83,83,62,90,82,81,67,25,71,97,88,83,26,51,36,92,83,81,17,81,32,62,72,78,36,74,61,60,85,97,97,97,50,86,100,72,75,50,100,64,92,86,36,64,64,42,78,67,67,58,17,39,97,72,67,26,51,36,92,83,81,17,81,32,62,58,72,31,58,53,61,67,92,92,81,Ekstraklasa
Jagiellonia Białystok,8jw3s68b9lil5xcgjvbcmrgc2,1lvm6o9yzcuqhfbw2wpk6en3e,Guilherme Montóia,Guilherme Manuel Serrão Montóia,22,Defender,Portugal,Defender,86.0,74.0,9.0,149.0,2.0,0.0,13.0,5.0,270.0,11.0,0.0,9.0,0.0,0.0,0.0,0.0,2.0,2.0,1.0,0.0,2.0,3.0,2.0,3.0,0.0,0.0,87.13,52.94,50.0,100.0,0.0,43.33,50.0,50.0,0.0,1.0209161293813953,0.0,10.0,0.20669673,1.0,17.0,22.0,0.6942860200000002,87.0,28.666666666666668,24.666666666666668,3.0,49.66666666666666,0.6666666666666666,0.0,4.333333333333333,1.6666666666666667,3.6666666666666665,0.0,3.0,0.0,0.0,0.0,0.0,0.6666666666666666,0.6666666666666666,0.3333333333333333,0.0,0.6666666666666666,1.0,0.6666666666666666,1.0,0.0,0.0,87.13,52.94,50.0,100.0,0.0,43.33,50.0,50.0,0.0,0.3403053764604651,0.0,3.333333333333333,0.06889891,0.3333333333333333,5.666666666666667,7.333333333333333,0.2314286733333334,29.0,LB/LCB,88,75,92,83,54,52,50,12,96,44,96,8,17,23,25,42,38,23,27,31,71,62,52,38,52,83,58,96,98,27,21,77,40,8,96,27,88,71,29,92,100,83,83,96,88,83,96,54,52,42,8,96,44,96,8,17,23,25,46,42,21,27,33,67,71,54,38,52,83,58,96,98,27,21,77,40,8,96,27,96,83,33,96,96,83,96,Ekstraklasa
Jagiellonia Białystok,8jw3s68b9lil5xcgjvbcmrgc2,24ysj037no78sb6bs0raxl4ut,T. Romanczuk,Taras Romanczuk,34,Midfielder,Poland,Midfielder,43.0,52.0,3.0,95.0,8.0,0.0,18.0,10.0,180.0,0.0,0.0,0.0,0.0,0.0,0.0,0.0,1.0,1.0,1.0,0.0,3.0,3.0,1.0,1.0,0.0,0.0,87.16,60.0,0.0,100.0,0.0,66.67,66.67,16.67,0.0,0.0,0.0,0.0,0.0,0.0,0.0,0.0,0.0,0.0,21.5,26.0,1.5,47.5,4.0,0.0,9.0,5.0,0.0,0.0,0.0,0.0,0.0,0.0,0.0,0.5,0.5,0.5,0.0,1.5,1.5,0.5,0.5,0.0,0.0,87.16,60.0,0.0,100.0,0.0,66.67,66.67,16.67,0.0,0.0,0.0,0.0,0.0,0.0,0.0,0.0,0.0,0.0,DM/CM,48,47,39,48,92,52,79,80,30,45,6,8,24,14,29,26,26,20,24,53,48,44,26,45,52,68,70,30,89,24,94,83,18,8,6,20,5,5,9,3,5,3,3,79,73,52,79,97,52,100,100,30,45,6,8,24,14,29,35,35,18,24,73,67,52,30,45,52,68,70,30,89,24,94,83,18,8,6,20,5,5,9,3,5,3,3,Ekstraklasa
Jagiellonia Białystok,8jw3s68b9lil5xcgjvbcmrgc2,3g3x2ws0npu7aa51h4nx7nazu,Y. Kobayashi,Yuki Kobayashi,26,Defender,Japan,Defender,98.0,33.0,5.0,131.0,5.0,0.0,7.0,14.0,225.0,0.0,0.0,0.0,2.0,2.0,0.0,0.0,0.0,0.0,1.0,0.0,2.0,2.0,0.0,0.0,0.0,0.0,86.75,33.33,0.0,0.0,0.0,63.64,55.56,0.0,0.2938364003888051,0.0,0.0,5.0,0.09907164,1.0,8.0,5.0,0.15684656,62.0,39.2,13.2,2.0,52.4,2.0,0.0,2.8,5.6,0.0,0.0,0.0,0.8,0.8,0.0,0.0,0.0,0.0,0.4,0.0,0.8,0.8,0.0,0.0,0.0,0.0,86.75,33.33,0.0,0.0,0.0,63.64,55.56,0.0,0.117534560155522,0.0,0.0,2.0,0.039628656,0.4,3.2,2.0,0.0627386239999999,24.8,CB,63,37,40,56,45,47,38,38,43,42,23,63,69,38,34,29,27,24,38,38,66,35,13,43,51,53,29,43,35,38,70,51,13,79,26,36,78,74,72,57,41,51,56,88,42,42,79,49,47,23,53,43,42,23,77,85,38,34,29,27,26,38,42,67,35,13,43,51,53,29,43,35,38,70,51,13,84,26,36,81,77,74,74,49,60,60,Ekstraklasa
Jagiellonia Białystok,8jw3s68b9lil5xcgjvbcmrgc2,3gdj5h3f356wsl5n4vbgt16vo,Y. Sylla,Youssuf Sylla,23,Attacker,Belgium,Striker,6.0,10.0,0.0,16.0,7.0,0.0,11.0,5.0,119.0,0.0,0.0,1.0,2.0,2.0,0.0,1.0,1.0,1.0,0.0,1.0,5.0,2.0,1.0,1.0,0.0,0.0,61.54,0.0,0.0,100.0,50.0,73.33,70.0,100.0,0.2801490121379526,0.0700092268343456,0.0,0.0,0.0,0.0,5.0,3.0,0.0468381699999999,6.0,4.53781512605042,7.563025210084033,0.0,12.100840336134452,5.294117647058823,0.0,8.319327731092438,3.7815126050420167,0.0,0.0,0.7563025210084033,1.512605042016807,1.512605042016807,0.0,0.7563025210084033,0.7563025210084033,0.7563025210084033,0.0,0.7563025210084033,3.7815126050420167,1.512605042016807,0.7563025210084033,0.7563025210084033,0.0,0.0,61.54,0.0,0.0,100.0,50.0,73.33,70.0,100.0,0.2118774041379473,0.0529481547486647,0.0,0.0,0.0,0.0,3.7815126050420167,2.26890756302521,0.0354238260504201,4.53781512605042,ST,14,12,25,11,65,50,40,78,39,42,19,12,15,14,26,21,19,28,25,11,33,46,58,26,51,19,25,39,94,83,100,94,89,17,31,12,11,11,22,76,58,22,22,53,42,25,50,97,50,97,100,39,42,29,17,28,14,51,36,33,28,33,25,62,61,82,26,51,19,25,39,94,83,100,94,89,31,31,12,11,11,22,100,86,44,53,Ekstraklasa
Jagiellonia Białystok,8jw3s68b9lil5xcgjvbcmrgc2,3j8dy7bbcxi079r3cy4rdve5m,K. Szmyt,Kajetan Szmyt,24,Midfielder,Poland,Midfielder,10.0,37.0,0.0,46.0,1.0,0.0,12.0,1.0,263.0,1.0,1.0,3.0,3.0,2.0,1.0,1.0,9.0,9.0,1.0,2.0,13.0,5.0,6.0,0.0,0.0,0.0,77.97,0.0,8.33,66.67,66.67,60.0,0.0,0.0,0.2398120672545947,0.2585510630476737,1.0,10.0,0.34197764,4.0,2.0,4.0,0.4398774199999999,16.0,3.422053231939164,12.661596958174906,0.0,15.741444866920151,0.3422053231939164,0.0,4.106463878326997,0.3422053231939164,0.3422053231939164,0.3422053231939164,1.0266159695817492,1.0266159695817492,0.6844106463878328,0.3422053231939164,0.3422053231939164,3.0798479087452475,3.0798479087452475,0.3422053231939164,0.6844106463878328,4.448669201520913,1.711026615969582,2.0532319391634983,0.0,0.0,0.0,77.97,0.0,8.33,66.67,66.67,60.0,0.0,0.0,0.0820649659806598,0.0884775500923598,0.3422053231939164,3.422053231939164,0.1170265688212928,1.3688212927756656,0.6844106463878328,1.3688212927756656,0.150528394676806,5.475285171102662,LM/LCM,31,44,9,28,31,50,41,28,44,84,50,34,50,34,31,66,56,47,72,84,62,72,16,38,53,50,9,31,72,94,81,12,16,38,50,31,66,81,72,41,34,56,31,31,31,9,38,31,50,38,31,44,88,50,31,50,38,38,62,62,38,69,81,69,75,16,38,53,50,9,31,72,94,81,12,16,25,44,44,62,81,75,31,25,62,31,Ekstraklasa
Jagiellonia Białystok,8jw3s68b9lil5xcgjvbcmrgc2,5m1fht9uevn186asz8awhxjah,Rodrigo Conceição,Rodrigo Fernandes da Conceição,26,Defender,Portugal,Defender,12.0,29.0,0.0,40.0,1.0,0.0,9.0,2.0,136.0,1.0,0.0,1.0,0.0,0.0,0.0,0.0,8.0,8.0,2.0,0.0,2.0,2.0,3.0,1.0,0.0,0.0,80.0,0.0,20.0,37.5,0.0,40.91,0.0,33.33,0.0,0.161830336984916,0.0,4.0,0.10420962,2.0,2.0,5.0,0.3776624499999999,19.0,7.9411764705882355,19.19117647058824,0.0,26.47058823529412,0.6617647058823529,0.0,5.955882352941177,1.3235294117647058,0.6617647058823529,0.0,0.6617647058823529,0.0,0.0,0.0,0.0,5.294117647058823,5.294117647058823,1.3235294117647058,0.0,1.3235294117647058,1.3235294117647058,1.9852941176470589,0.6617647058823529,0.0,0.0,80.0,0.0,20.0,37.5,0.0,40.91,0.0,33.33,0.0,0.107093605357665,0.0,2.647058823529412,0.0689622485294117,1.3235294117647058,1.3235294117647058,3.308823529411765,0.2499236801470588,12.573529411764708,RB/RCB,6,15,6,8,21,44,35,8,46,42,23,19,25,35,37,92,92,37,35,31,40,87,23,48,52,37,6,46,65,35,15,13,19,21,42,37,62,77,69,19,33,54,27,12,54,6,31,38,44,85,8,65,42,42,19,25,35,37,100,100,77,35,54,77,100,31,48,52,37,6,46,65,35,15,13,19,21,77,37,88,92,88,31,58,92,42,Ekstraklasa
Jagiellonia Białystok,8jw3s68b9lil5xcgjvbcmrgc2,8t0m2n5y236pq8tj9vwhhpmcq,N. Wojtuszek,Norbert Wojtuszek,24,Defender,Poland,Defender,75.0,63.0,4.0,138.0,6.0,0.0,13.0,8.0,259.0,0.0,0.0,0.0,2.0,1.0,1.0,0.0,5.0,6.0,4.0,1.0,2.0,2.0,3.0,2.0,0.0,0.0,90.2,40.0,0.0,60.0,50.0,56.52,66.67,100.0,0.1021037121950231,0.0,1.0,8.0,0.22419493,5.0,12.0,14.0,0.41762174,74.0,26.06177606177606,21.89189189189189,1.38996138996139,47.95366795366795,2.0849420849420848,0.0,4.517374517374518,2.77992277992278,0.0,0.0,0.0,0.694980694980695,0.3474903474903475,0.3474903474903475,0.0,1.7374517374517375,2.0849420849420848,1.38996138996139,0.3474903474903475,0.694980694980695,0.694980694980695,1.0424710424710424,0.694980694980695,0.0,0.0,90.2,40.0,0.0,60.0,50.0,56.52,66.67,100.0,0.035480054430703,0.0,0.3474903474903475,2.77992277992278,0.0779055741312741,1.7374517374517375,4.1698841698841695,4.864864864864865,0.1451195235521235,25.714285714285715,RM/RCM,100,86,76,95,93,52,79,100,17,38,10,31,21,48,26,67,71,90,45,10,43,74,57,31,52,95,55,17,74,79,71,93,90,10,14,48,71,71,83,90,81,71,95,100,81,71,95,95,52,43,95,17,38,10,24,14,48,26,48,48,86,33,5,29,67,48,31,52,95,55,17,74,79,71,93,90,5,14,43,62,67,67,90,76,48,95,Ekstraklasa
Jagiellonia Białystok,8jw3s68b9lil5xcgjvbcmrgc2,9fbqozvrrpesxw8nakrk4nphx,Jesús Imaz,Jesús Imaz,35,Midfielder,Spain,Midfielder,31.0,32.0,1.0,61.0,1.0,0.0,5.0,3.0,244.0,2.0,0.0,3.0,5.0,3.0,2.0,2.0,2.0,3.0,2.0,1.0,11.0,3.0,0.0,0.0,0.0,0.0,82.43,20.0,66.67,0.0,20.0,35.71,20.0,0.0,0.4226116447867361,0.2689976693149505,2.0,0.0,0.0,0.0,7.0,9.0,0.3365330399999999,27.0,11.434426229508196,11.803278688524587,0.3688524590163934,22.5,0.3688524590163934,0.0,1.8442622950819672,1.1065573770491803,0.7377049180327868,0.0,1.1065573770491803,1.8442622950819672,1.1065573770491803,0.7377049180327868,0.7377049180327868,0.7377049180327868,1.1065573770491803,0.7377049180327868,0.3688524590163934,4.057377049180328,1.1065573770491803,0.0,0.0,0.0,0.0,82.43,20.0,66.67,0.0,20.0,35.71,20.0,0.0,0.1558813443885502,0.0992204517964981,0.7377049180327868,0.0,0.0,0.0,2.581967213114754,3.319672131147541,0.1241310393442622,9.959016393442624,ST,97,74,61,81,10,50,12,58,96,42,54,29,26,62,47,39,53,88,25,46,53,17,21,26,51,92,54,94,17,26,14,11,21,28,64,64,11,11,22,92,94,78,94,97,67,61,85,8,50,6,58,97,42,58,22,19,61,44,31,50,89,22,31,44,17,21,26,51,92,54,94,17,26,14,11,21,22,69,61,11,11,22,94,97,83,92,Ekstraklasa
Jagiellonia Białystok,8jw3s68b9lil5xcgjvbcmrgc2,dd1uwcyyihpbyrogbcep27sa1,N. Prelec,Nik Prelec,25,Attacker,Slovenia,Striker,11.0,18.0,1.0,29.0,3.0,0.0,4.0,1.0,129.0,0.0,0.0,3.0,6.0,5.0,1.0,1.0,0.0,0.0,0.0,3.0,10.0,0.0,0.0,0.0,2.0,0.0,67.44,50.0,0.0,0.0,50.0,66.67,60.0,0.0,0.7107410697184071,0.199368663249033,1.0,1.0,0.03511326,0.0,3.0,3.0,0.04617996,13.0,7.674418604651163,12.55813953488372,0.6976744186046512,20.232558139534884,2.0930232558139537,0.0,2.7906976744186047,0.6976744186046512,0.0,0.0,2.0930232558139537,4.186046511627907,3.488372093023256,0.6976744186046512,0.6976744186046512,0.0,0.0,0.0,2.0930232558139537,6.976744186046512,0.0,0.0,0.0,1.3953488372093024,0.0,67.44,50.0,0.0,0.0,50.0,66.67,60.0,0.0,0.4958658625942375,0.1390944162202555,0.6976744186046512,0.6976744186046512,0.0244976232558139,0.0,2.0930232558139537,2.0930232558139537,0.032218576744186,9.069767441860463,ST,60,44,61,49,28,50,7,29,39,42,54,39,46,38,26,8,8,28,57,38,4,17,21,85,51,47,69,39,17,83,97,82,21,44,53,36,26,26,22,65,58,19,57,81,69,78,81,44,50,11,42,39,42,92,86,92,56,39,8,8,28,92,86,4,17,21,100,51,47,69,39,17,83,97,82,21,92,89,58,42,47,22,81,83,39,86,Ekstraklasa
Jagiellonia Białystok,8jw3s68b9lil5xcgjvbcmrgc2,djhl1u6idhf6u50lp04xu3f1l,Sergio Lozano,Sergio Lozano,27,Midfielder,Spain,Midfielder,27.0,36.0,2.0,62.0,0.0,0.0,13.0,0.0,127.0,1.0,1.0,4.0,13.0,6.0,7.0,6.0,4.0,4.0,1.0,4.0,6.0,4.0,2.0,6.0,1.0,0.0,83.78,50.0,33.33,50.0,30.77,65.0,0.0,85.71,1.0136630357867185,0.1972903975362487,5.0,2.0,0.0409104899999999,2.0,4.0,5.0,0.28121023,29.0,19.133858267716533,25.511811023622045,1.4173228346456692,43.93700787401575,0.0,0.0,9.21259842519685,0.0,0.7086614173228346,0.7086614173228346,2.8346456692913384,9.21259842519685,4.251968503937007,4.960629921259843,4.251968503937007,2.8346456692913384,2.8346456692913384,0.7086614173228346,2.8346456692913384,4.251968503937007,2.8346456692913384,1.4173228346456692,4.251968503937007,0.7086614173228346,0.0,83.78,50.0,33.33,50.0,30.77,65.0,0.0,85.71,0.7183438836283831,0.1398120927422234,3.543307086614173,1.4173228346456692,0.0289916858267715,1.4173228346456692,2.8346456692913384,3.543307086614173,0.1992828401574803,20.551181102362204,CM/AM,65,24,38,40,11,51,54,6,32,83,54,96,86,98,100,51,51,44,89,50,52,51,86,75,50,57,43,67,61,62,98,12,76,88,33,96,12,7,43,36,25,45,40,95,74,60,90,11,51,98,6,43,93,86,100,100,100,100,79,76,69,100,74,83,74,100,95,50,57,43,67,61,62,98,12,76,100,50,100,26,21,60,60,64,86,81,Ekstraklasa
Jagiellonia Białystok,8jw3s68b9lil5xcgjvbcmrgc2,dzq4gg917idfq1rhng1coi5uc,Bernardo Vital,Bernardo Maria Morais Cardoso Vital,25,Defender,Portugal,Defender,141.0,48.0,14.0,188.0,9.0,0.0,14.0,24.0,270.0,1.0,0.0,0.0,2.0,1.0,1.0,1.0,2.0,2.0,2.0,0.0,3.0,1.0,1.0,1.0,0.0,0.0,86.24,45.16,100.0,50.0,0.0,58.33,56.25,33.33,0.157990911347248,0.0,1.0,14.0,0.2998375099999999,8.0,9.0,10.0,0.4561459300000002,93.0,47.0,16.0,4.666666666666667,62.66666666666666,3.0,0.0,4.666666666666667,8.0,0.3333333333333333,0.0,0.0,0.6666666666666666,0.3333333333333333,0.3333333333333333,0.3333333333333333,0.6666666666666666,0.6666666666666666,0.6666666666666666,0.0,1.0,0.3333333333333333,0.3333333333333333,0.3333333333333333,0.0,0.0,86.24,45.16,100.0,50.0,0.0,58.33,56.25,33.33,0.0526636371157493,0.0,0.3333333333333333,4.666666666666667,0.0999458366666666,2.6666666666666665,3.0,3.333333333333333,0.1520486433333334,31.0,CB,91,56,93,88,70,47,58,77,87,42,23,63,48,84,77,84,84,45,38,52,42,78,40,43,51,44,53,100,77,38,59,53,28,51,26,81,97,95,98,70,73,86,80,98,55,93,91,73,47,70,83,86,42,23,59,45,86,81,86,81,41,38,49,44,74,35,43,51,44,53,100,77,38,59,53,28,49,26,85,100,98,100,69,73,93,81,Ekstraklasa
Jagiellonia Białystok,8jw3s68b9lil5xcgjvbcmrgc2,lioz4hr2umpne2bwar18qa96,A. Klynge,Anders Klynge,25,Midfielder,Denmark,Midfielder,26.0,27.0,3.0,53.0,3.0,0.0,5.0,6.0,112.0,0.0,0.0,1.0,0.0,0.0,0.0,0.0,1.0,1.0,1.0,0.0,1.0,1.0,0.0,0.0,0.0,0.0,77.94,50.0,0.0,0.0,0.0,31.25,42.86,0.0,0.0,0.0426892523319715,0.0,3.0,0.07202574,1.0,6.0,9.0,0.15692472,28.0,20.892857142857142,21.69642857142857,2.4107142857142856,42.58928571428572,2.4107142857142856,0.0,4.017857142857142,4.821428571428571,0.0,0.0,0.8035714285714286,0.0,0.0,0.0,0.0,0.8035714285714286,0.8035714285714286,0.8035714285714286,0.0,0.8035714285714286,0.8035714285714286,0.0,0.0,0.0,0.0,77.94,50.0,0.0,0.0,0.0,31.25,42.86,0.0,0.0,0.0343038634810485,0.0,2.4107142857142856,0.0578778267857142,0.8035714285714286,4.821428571428571,7.232142857142857,0.1261002214285714,22.5,DM/CM,27,18,39,18,53,52,14,55,30,45,21,8,24,14,29,26,26,20,24,26,20,15,9,45,52,15,48,30,15,24,12,47,9,8,12,20,29,21,36,36,39,18,24,73,48,79,61,82,52,36,97,30,45,55,8,24,14,29,61,61,36,24,42,33,15,9,45,52,15,48,30,15,24,12,47,9,8,33,20,70,64,61,85,97,61,58,Ekstraklasa
Śląsk Wrocław,2672w7jn6onmk0lmpsp94eutg,1lmkzgjn68a57dw3n2nsk20ut,G. Tomasiewicz,Grzegorz Tomasiewicz,30,Midfielder,Poland,Midfielder,47.0,103.0,9.0,150.0,3.0,0.0,12.0,7.0,363.0,0.0,0.0,3.0,3.0,1.0,2.0,0.0,1.0,1.0,5.0,0.0,5.0,6.0,0.0,3.0,0.0,0.0,81.97,56.25,0.0,0.0,0.0,52.17,42.86,75.0,0.2841449039770211,0.3307191059811374,0.0,8.0,0.2098950499999999,5.0,24.0,25.0,0.8030023399999999,91.0,11.652892561983473,25.537190082644628,2.231404958677686,37.1900826446281,0.7438016528925621,0.0,2.975206611570248,1.7355371900826446,0.0,0.0,0.7438016528925621,0.7438016528925621,0.2479338842975206,0.4958677685950413,0.0,0.2479338842975206,0.2479338842975206,1.2396694214876034,0.0,1.2396694214876034,1.487603305785124,0.0,0.7438016528925621,0.0,0.0,81.97,56.25,0.0,0.0,0.0,52.17,42.86,75.0,0.0704491497463688,0.0819964725573068,0.0,1.983471074380165,0.0520400950413222,1.2396694214876034,5.9504132231404965,6.198347107438017,0.1990914892561983,22.56198347107438,DM/CM,55,85,82,76,53,52,47,64,30,45,59,70,65,59,29,26,26,80,24,82,79,15,67,45,52,30,64,30,15,24,55,47,83,76,79,20,74,76,88,94,94,97,85,27,70,70,52,48,52,15,39,30,45,45,42,48,39,29,15,15,58,24,58,64,15,48,45,52,30,64,30,15,24,55,47,83,58,58,20,58,58,76,91,91,91,61,Ekstraklasa
Śląsk Wrocław,2672w7jn6onmk0lmpsp94eutg,447rl50fu3zl5y0opdoh7x7u1,L. Ba,Lamine Ba,29,Defender,Mauritania,Defender,49.0,19.0,3.0,68.0,7.0,0.0,11.0,20.0,262.0,0.0,0.0,0.0,2.0,2.0,0.0,0.0,0.0,0.0,1.0,0.0,3.0,1.0,0.0,3.0,0.0,0.0,81.93,27.27,0.0,0.0,0.0,68.75,70.0,100.0,0.2747467945669362,0.0,0.0,0.0,0.0,0.0,3.0,3.0,0.08634121,51.0,16.83206106870229,6.526717557251908,1.0305343511450382,23.3587786259542,2.404580152671756,0.0,3.7786259541984735,6.870229007633588,0.0,0.0,0.0,0.6870229007633588,0.6870229007633588,0.0,0.0,0.0,0.0,0.3435114503816794,0.0,1.0305343511450382,0.3435114503816794,0.0,1.0305343511450382,0.0,0.0,81.93,27.27,0.0,0.0,0.0,68.75,70.0,100.0,0.0943786698894055,0.0,0.0,0.0,0.0,0.0,1.0305343511450382,1.0305343511450382,0.0296591942748091,17.51908396946565,CB,30,16,23,21,57,47,50,72,43,42,23,63,69,38,34,29,27,24,38,52,42,35,73,43,51,19,23,43,35,38,88,74,88,74,26,36,21,21,34,35,33,30,42,14,7,26,16,65,47,53,67,43,42,23,63,72,38,34,29,27,21,38,53,47,35,84,43,51,19,23,43,35,38,88,74,88,74,26,36,21,21,34,33,33,26,40,Ekstraklasa
Śląsk Wrocław,2672w7jn6onmk0lmpsp94eutg,51a6has987q21o1ylqhh90n6y,P. Samiec-Talar,Piotr Samiec-Talar,24,Midfielder,Poland,Midfielder,34.0,137.0,9.0,158.0,3.0,0.0,14.0,3.0,450.0,13.0,3.0,14.0,11.0,6.0,5.0,4.0,10.0,10.0,2.0,6.0,16.0,2.0,5.0,3.0,2.0,0.0,75.6,50.0,39.39,50.0,54.55,36.84,42.86,75.0,1.1654467802571733,1.7063430819128262,2.0,21.0,0.55145117,14.0,21.0,42.0,1.7472647799999994,104.0,6.8,27.4,1.8,31.6,0.6,0.0,2.8,0.6,2.6,0.6,2.8,2.2,1.2,1.0,0.8,2.0,2.0,0.4,1.2,3.2,0.4,1.0,0.6,0.4,0.0,75.6,50.0,39.39,50.0,54.55,36.84,42.86,75.0,0.2330893560514346,0.3412686163825652,0.4,4.2,0.110290234,2.8,4.2,8.4,0.3494529559999998,20.8,CM/AM,74,100,87,90,74,51,60,57,99,98,98,89,86,92,88,89,89,73,100,82,27,89,62,93,50,21,43,79,61,86,21,57,62,98,98,54,98,100,100,93,100,100,98,43,83,79,64,55,51,14,29,93,88,83,69,62,69,60,60,52,45,88,57,12,62,36,79,50,21,43,79,61,86,21,57,62,71,93,29,86,86,95,88,95,100,86,Ekstraklasa
Śląsk Wrocław,2672w7jn6onmk0lmpsp94eutg,5onmcebx40yhnegbztk4kig44,Y. Matsenko,Yehor Matsenko,24,Defender,Ukraine,Defender,75.0,107.0,6.0,180.0,14.0,0.0,23.0,33.0,449.0,2.0,0.0,3.0,8.0,7.0,1.0,2.0,3.0,3.0,4.0,1.0,9.0,2.0,1.0,5.0,0.0,0.0,81.82,30.0,28.57,33.33,12.5,50.0,60.87,83.33,0.9278777661568576,0.1625694676276269,1.0,5.0,0.10327863,1.0,27.0,22.0,0.5351759000000001,130.0,15.033407572383071,21.447661469933184,1.2026726057906458,36.080178173719375,2.8062360801781736,0.0,4.610244988864142,6.614699331848552,0.4008908685968819,0.0,0.6013363028953229,1.6035634743875278,1.4031180400890868,0.2004454342984409,0.4008908685968819,0.6013363028953229,0.6013363028953229,0.8017817371937639,0.2004454342984409,1.8040089086859687,0.4008908685968819,0.2004454342984409,1.0022271714922049,0.0,0.0,81.82,30.0,28.57,33.33,12.5,50.0,60.87,83.33,0.1859888618131785,0.032586307542286,0.2004454342984409,1.0022271714922049,0.0207017298440979,0.2004454342984409,5.412026726057906,4.409799554565701,0.107273565701559,26.057906458797326,RB/RCB,81,96,67,88,96,44,92,96,67,42,71,100,100,75,98,73,71,75,79,96,40,62,81,48,52,48,23,65,56,69,50,92,94,100,46,79,77,65,42,96,96,69,96,50,73,46,54,92,44,65,92,46,42,23,92,100,69,92,58,58,50,69,69,15,54,50,48,52,48,23,65,56,69,50,92,94,100,31,73,58,50,31,88,81,46,85,Ekstraklasa
Śląsk Wrocław,2672w7jn6onmk0lmpsp94eutg,5sqanu958vsnqnyic1ulc3fqi,P. Banaszak,Przemyslaw Banaszak,29,Attacker,Poland,Striker,11.0,33.0,0.0,44.0,13.0,0.0,18.0,9.0,342.0,0.0,0.0,1.0,10.0,8.0,2.0,4.0,1.0,2.0,0.0,4.0,15.0,3.0,0.0,1.0,2.0,0.0,65.67,0.0,0.0,0.0,40.0,47.37,61.9,50.0,1.0451775243201378,0.0458661073884437,2.0,3.0,0.0846558299999999,1.0,2.0,3.0,0.10953794,12.0,2.894736842105264,8.68421052631579,0.0,11.578947368421051,3.421052631578948,0.0,4.736842105263158,2.368421052631579,0.0,0.0,0.2631578947368421,2.631578947368421,2.1052631578947367,0.5263157894736842,1.0526315789473684,0.2631578947368421,0.5263157894736842,0.0,1.0526315789473684,3.947368421052632,0.7894736842105263,0.0,0.2631578947368421,0.5263157894736842,0.0,65.67,0.0,0.0,0.0,40.0,47.37,61.9,50.0,0.2750467169263521,0.0120700282601167,0.5263157894736842,0.7894736842105263,0.0222778499999999,0.2631578947368421,0.5263157894736842,0.7894736842105263,0.0288257736842105,3.1578947368421053,ST,60,78,25,72,86,50,71,94,39,42,19,68,74,62,90,21,35,28,78,61,53,17,58,85,51,39,25,39,17,57,54,86,62,69,22,64,60,50,60,53,58,47,50,33,58,25,47,72,50,36,81,39,42,11,39,53,39,75,19,22,28,56,28,25,17,44,72,51,39,25,39,17,57,54,86,62,42,19,44,53,39,58,36,39,33,33,Ekstraklasa
Śląsk Wrocław,2672w7jn6onmk0lmpsp94eutg,7vqvydac0130hmx2i63jlex9l,M. Mokrzycki,Michal Mokrzycki,28,Midfielder,Poland,Midfielder,15.0,39.0,2.0,52.0,1.0,0.0,5.0,2.0,95.0,2.0,1.0,5.0,1.0,0.0,1.0,1.0,0.0,1.0,0.0,0.0,2.0,1.0,0.0,1.0,0.0,0.0,89.66,50.0,40.0,0.0,0.0,50.0,0.0,33.33,0.0397735956185263,0.4768666433027104,1.0,2.0,0.04097836,0.0,4.0,6.0,0.1238287699999999,29.0,14.210526315789473,36.94736842105263,1.894736842105263,49.26315789473684,0.9473684210526316,0.0,4.7368421052631575,1.894736842105263,1.894736842105263,0.9473684210526316,4.7368421052631575,0.9473684210526316,0.0,0.9473684210526316,0.9473684210526316,0.0,0.9473684210526316,0.0,0.0,1.894736842105263,0.9473684210526316,0.0,0.9473684210526316,0.0,0.0,89.66,50.0,40.0,0.0,0.0,50.0,0.0,33.33,0.0376802484807091,0.4517683989183572,0.9473684210526316,1.894736842105263,0.0388216042105263,0.0,3.789473684210526,5.684210526315789,0.1173114663157893,27.473684210526315,CM/AM,37,26,38,24,37,51,10,38,52,83,63,11,12,29,42,4,10,12,20,14,14,13,25,32,50,98,43,82,13,20,51,12,21,2,62,27,12,10,6,36,33,17,40,79,100,81,98,67,51,50,86,86,95,100,24,12,62,70,4,29,12,20,31,31,13,55,32,50,98,43,82,13,20,51,12,21,12,100,71,40,29,6,79,83,55,95,Ekstraklasa
Śląsk Wrocław,2672w7jn6onmk0lmpsp94eutg,86jejxwed4lfp5fic29iweaj9,M. Malec,Mariusz Malec,31,Defender,Poland,Defender,42.0,68.0,6.0,110.0,5.0,0.0,7.0,18.0,188.0,0.0,0.0,0.0,0.0,0.0,0.0,0.0,0.0,0.0,3.0,0.0,1.0,0.0,0.0,2.0,0.0,0.0,93.22,85.71,0.0,0.0,0.0,70.0,71.43,100.0,0.0,0.0,0.0,0.0,0.0,0.0,0.0,0.0,0.0,0.0,20.106382978723403,32.5531914893617,2.872340425531915,52.659574468085104,2.3936170212765955,0.0,3.351063829787234,8.617021276595745,0.0,0.0,0.0,0.0,0.0,0.0,0.0,0.0,0.0,1.4361702127659577,0.0,0.4787234042553191,0.0,0.0,0.9574468085106382,0.0,0.0,93.22,85.71,0.0,0.0,0.0,70.0,71.43,100.0,0.0,0.0,0.0,0.0,0.0,0.0,0.0,0.0,0.0,0.0,CB,26,77,48,49,45,47,38,59,43,42,23,15,19,38,34,29,27,59,38,22,15,35,59,43,51,95,100,43,35,38,93,81,88,15,26,36,21,21,34,12,13,12,12,26,98,62,81,60,47,37,88,43,42,23,15,19,38,34,29,27,84,38,23,15,35,65,43,51,95,100,43,35,38,93,81,88,15,26,36,21,21,34,12,13,12,12,Ekstraklasa
Śląsk Wrocław,2672w7jn6onmk0lmpsp94eutg,8g9s6hm2d3p3xljcyduakarkk,M. Rosiak,Michal Rosiak,20,Defender,Poland,Defender,22.0,76.0,7.0,91.0,3.0,1.0,15.0,7.0,257.0,7.0,0.0,3.0,5.0,3.0,2.0,1.0,6.0,7.0,1.0,0.0,10.0,5.0,2.0,2.0,0.0,0.0,75.83,58.33,46.67,33.33,0.0,46.88,75.0,40.0,0.3572122151583855,0.2730343901505655,0.0,9.0,0.20090027,4.0,9.0,20.0,0.6717357300000001,51.0,7.704280155642023,26.614785992217897,2.45136186770428,31.86770428015564,1.050583657587549,0.3501945525291828,5.252918287937743,2.45136186770428,2.45136186770428,0.0,1.050583657587549,1.7509727626459144,1.050583657587549,0.7003891050583657,0.3501945525291828,2.1011673151750974,2.45136186770428,0.3501945525291828,0.0,3.501945525291829,1.7509727626459144,0.7003891050583657,0.7003891050583657,0.0,0.0,75.83,58.33,46.67,33.33,0.0,46.88,75.0,40.0,0.125093771845349,0.0956151560838556,0.0,3.151750972762646,0.070354180155642,1.4007782101167314,3.151750972762646,7.003891050583658,0.235238193385214,17.859922178988327,RB/RCB,19,81,79,50,62,94,62,25,100,42,71,92,90,87,83,83,87,17,35,100,92,79,38,48,52,12,81,92,56,35,35,98,25,85,73,37,92,92,98,62,92,88,65,8,88,81,42,69,96,81,15,100,42,77,100,96,92,85,92,92,12,35,100,88,81,35,48,52,12,81,92,56,35,35,98,25,88,73,37,96,96,92,69,100,88,62,Ekstraklasa
Śląsk Wrocław,2672w7jn6onmk0lmpsp94eutg,9jov1q8gkp6fpfck41intk5bd,J. Yriarte,Jorge Yriarte,26,Midfielder,Venezuela,Midfielder,57.0,86.0,3.0,141.0,11.0,0.0,26.0,12.0,351.0,2.0,0.0,3.0,2.0,0.0,2.0,2.0,5.0,5.0,3.0,0.0,2.0,3.0,2.0,6.0,0.0,0.0,84.94,50.0,40.0,40.0,0.0,56.52,64.71,60.0,0.1152547857301025,0.1930704733440385,1.0,7.0,0.15505575,5.0,18.0,10.0,0.4804077299999999,77.0,14.615384615384617,22.05128205128205,0.7692307692307693,36.15384615384615,2.8205128205128207,0.0,6.666666666666667,3.076923076923077,0.5128205128205129,0.0,0.7692307692307693,0.5128205128205129,0.0,0.5128205128205129,0.5128205128205129,1.2820512820512822,1.2820512820512822,0.7692307692307693,0.0,0.5128205128205129,0.7692307692307693,0.5128205128205129,1.5384615384615383,0.0,0.0,84.94,50.0,40.0,40.0,0.0,56.52,64.71,60.0,0.0295525091615647,0.0495052495753944,0.2564102564102564,1.794871794871795,0.0397578846153846,1.2820512820512822,4.615384615384616,2.5641025641025643,0.1231814692307692,19.743589743589745,DM/CM,73,79,39,73,98,52,97,91,83,45,59,39,24,59,91,92,91,48,24,39,48,77,94,45,52,55,48,80,42,24,73,74,58,30,55,52,68,64,88,83,50,79,65,45,52,21,48,91,52,85,79,76,45,52,24,24,42,85,76,70,33,24,36,30,58,88,45,52,55,48,80,42,24,73,74,58,18,45,48,52,45,79,79,21,52,45,Ekstraklasa
Śląsk Wrocław,2672w7jn6onmk0lmpsp94eutg,aqjwz3wm0it916o2vb5tz9vxl,A. Timossi Andersson,Alex Timossi Andersson,25,Defender,Sweden,Defender,15.0,44.0,0.0,56.0,1.0,0.0,5.0,8.0,193.0,3.0,0.0,4.0,0.0,0.0,0.0,0.0,2.0,2.0,1.0,0.0,2.0,0.0,0.0,2.0,0.0,0.0,80.0,0.0,33.33,0.0,0.0,38.46,50.0,50.0,0.0,0.2900799604924228,0.0,5.0,0.1040684699999999,2.0,4.0,8.0,0.22203138,22.0,6.994818652849741,20.51813471502591,0.0,26.1139896373057,0.466321243523316,0.0,2.3316062176165806,3.730569948186528,1.3989637305699485,0.0,1.865284974093264,0.0,0.0,0.0,0.0,0.932642487046632,0.932642487046632,0.466321243523316,0.0,0.932642487046632,0.0,0.0,0.932642487046632,0.0,0.0,80.0,0.0,33.33,0.0,0.0,38.46,50.0,50.0,0.0,0.135270447898021,0.0,2.3316062176165806,0.0485293383419688,0.932642487046632,1.865284974093264,3.730569948186528,0.1035379492227979,10.259067357512954,RB/RCB,12,37,6,19,21,44,17,37,87,42,88,19,25,35,37,63,63,17,35,31,8,25,38,48,52,37,6,83,25,35,12,69,44,21,77,37,77,73,69,31,52,27,31,4,62,6,27,23,44,19,54,96,42,96,19,25,35,37,73,69,19,35,35,8,25,42,48,52,37,6,83,25,35,12,69,44,21,88,37,77,77,85,38,69,42,31,Ekstraklasa
Śląsk Wrocław,2672w7jn6onmk0lmpsp94eutg,b3x0rmvuuus9kn24ygd5881lg,L. Marjanac,Luka Marjanac,23,Attacker,Bosnia and Herzegovina,Striker,20.0,47.0,2.0,64.0,4.0,0.0,21.0,0.0,331.0,3.0,0.0,4.0,7.0,5.0,2.0,1.0,6.0,8.0,2.0,3.0,23.0,10.0,3.0,3.0,1.0,0.0,73.56,100.0,42.86,50.0,42.86,41.18,20.0,75.0,0.7068589545258405,0.3923679874022826,2.0,10.0,0.26805159,3.0,4.0,6.0,0.52588552,18.0,5.438066465256798,12.779456193353475,0.5438066465256798,17.401812688821753,1.0876132930513596,0.0,5.709969788519638,0.0,0.8157099697885197,0.0,1.0876132930513596,1.9033232628398795,1.3595166163141994,0.5438066465256798,0.2719033232628399,1.6314199395770397,2.175226586102719,0.5438066465256798,0.8157099697885197,6.253776435045317,2.719033232628399,0.8157099697885197,0.8157099697885197,0.2719033232628399,0.0,73.56,100.0,42.86,50.0,42.86,41.18,20.0,75.0,0.1921972988136726,0.1066861597166327,0.5438066465256798,2.719033232628399,0.0728841181268882,0.8157099697885197,1.0876132930513596,1.6314199395770397,0.1429900205438066,4.894259818731118,ST,88,92,82,88,35,50,82,10,100,42,72,49,46,62,26,82,89,88,57,85,93,78,93,64,51,67,92,89,57,64,33,11,72,42,83,64,92,89,93,71,86,94,82,64,75,72,69,25,50,56,10,100,42,56,25,22,47,19,69,81,81,44,75,92,64,92,56,51,67,92,89,57,64,33,11,72,28,78,50,86,78,89,61,72,89,58,Ekstraklasa
Śląsk Wrocław,2672w7jn6onmk0lmpsp94eutg,ck2bmrzdj19n5faaj47d4io2y,Marc Llinares,Marc Llinares,26,Defender,Spain,Defender,37.0,93.0,2.0,129.0,2.0,0.0,27.0,19.0,450.0,1.0,0.0,2.0,4.0,2.0,2.0,2.0,10.0,10.0,2.0,0.0,11.0,9.0,5.0,4.0,0.0,0.0,76.79,25.0,9.09,50.0,0.0,65.85,40.0,36.36,0.3168407548300802,0.2013921237464834,1.0,12.0,0.26280272,6.0,8.0,11.0,0.2837057299999999,46.0,7.4,18.6,0.4,25.8,0.4,0.0,5.4,3.8,0.2,0.0,0.4,0.8,0.4,0.4,0.4,2.0,2.0,0.4,0.0,2.2,1.8,1.0,0.8,0.0,0.0,76.79,25.0,9.09,50.0,0.0,65.85,40.0,36.36,0.063368150966016,0.0402784247492966,0.2,2.4,0.052560544,1.2,1.6,2.2,0.0567411459999999,9.2,LB/LCB,38,100,17,67,54,52,100,92,48,44,38,65,67,69,85,94,94,46,27,83,100,92,69,38,52,17,12,38,56,27,92,60,21,75,38,62,92,88,90,48,48,29,42,4,58,8,25,31,52,88,62,38,44,25,33,46,58,77,90,90,27,27,62,96,83,31,38,52,17,12,38,56,27,92,60,21,46,33,56,77,67,69,25,17,21,17,Ekstraklasa
Śląsk Wrocław,2672w7jn6onmk0lmpsp94eutg,dthy2ttov028qb9j0cdrbx2lm,I. Christodoulou,Irodotos Christodoulou,24,Defender,Cyprus,Defender,68.0,87.0,8.0,155.0,16.0,0.0,25.0,29.0,405.0,0.0,0.0,3.0,7.0,7.0,0.0,3.0,2.0,2.0,11.0,0.0,12.0,0.0,1.0,6.0,0.0,0.0,81.15,33.33,0.0,50.0,0.0,56.82,66.67,75.0,0.8464868631603145,0.1123709653708134,0.0,3.0,0.29227522,1.0,18.0,19.0,0.39178024,95.0,15.11111111111111,19.33333333333333,1.7777777777777777,34.44444444444444,3.555555555555556,0.0,5.555555555555555,6.444444444444445,0.0,0.0,0.6666666666666666,1.5555555555555556,1.5555555555555556,0.0,0.6666666666666666,0.4444444444444444,0.4444444444444444,2.4444444444444446,0.0,2.6666666666666665,0.0,0.2222222222222222,1.3333333333333333,0.0,0.0,81.15,33.33,0.0,50.0,0.0,56.82,66.67,75.0,0.1881081918134032,0.0249713256379585,0.0,0.6666666666666666,0.0649500488888888,0.2222222222222222,4.0,4.222222222222222,0.0870622755555555,21.11111111111111,LB/LCB,75,96,83,88,100,52,94,100,19,44,56,94,94,23,98,42,38,100,27,92,15,42,88,38,52,38,27,19,56,27,71,96,75,92,25,27,33,92,29,96,92,50,88,54,62,67,58,100,52,92,100,19,44,33,83,92,23,96,33,33,100,27,79,15,33,62,38,52,38,27,19,56,27,71,96,75,92,21,27,29,75,25,79,75,38,71,Ekstraklasa
Śląsk Wrocław,2672w7jn6onmk0lmpsp94eutg,zzdf4gif332731vyq2dhl4vd,M. Dembélé,Malaly Dembélé,29,Attacker,France,Striker,9.0,36.0,0.0,44.0,9.0,0.0,18.0,1.0,249.0,1.0,1.0,5.0,7.0,4.0,3.0,4.0,4.0,4.0,0.0,1.0,14.0,6.0,2.0,1.0,0.0,0.0,73.33,0.0,50.0,50.0,14.29,56.25,50.0,100.0,0.7250828607534487,0.3827939828323403,3.0,4.0,0.2315424099999999,0.0,6.0,3.0,0.47177365,16.0,3.253012048192771,13.012048192771084,0.0,15.903614457831326,3.253012048192771,0.0,6.506024096385542,0.3614457831325301,0.3614457831325301,0.3614457831325301,1.8072289156626504,2.5301204819277108,1.4457831325301205,1.0843373493975903,1.4457831325301205,1.4457831325301205,1.4457831325301205,0.0,0.3614457831325301,5.0602409638554215,2.1686746987951806,0.7228915662650602,0.3614457831325301,0.0,0.0,73.33,0.0,50.0,50.0,14.29,56.25,50.0,100.0,0.2620781424410056,0.1383592709032555,1.0843373493975903,1.4457831325301205,0.0836900277108433,0.0,2.1686746987951806,1.0843373493975903,0.1705205963855421,5.783132530120482,ST,44,81,25,72,75,50,71,29,85,90,83,49,36,81,90,65,65,28,25,58,75,65,58,26,51,64,25,92,57,19,89,58,89,50,81,82,74,83,22,85,58,92,74,39,78,25,61,69,50,69,25,86,93,83,36,25,81,89,61,61,28,19,50,81,58,56,26,51,64,25,92,57,19,89,58,89,39,86,78,67,86,22,85,56,100,67,Ekstraklasa
Wisła Kraków,a226arvd7ujft5jacs8ooc1p7,1pobj3phzaiolzp1szrh158tl,M. Maisonneuve,Maxence Maisonneuve,27,Defender,France,Defender,108.0,72.0,5.0,180.0,10.0,0.0,17.0,32.0,378.0,0.0,1.0,1.0,2.0,2.0,0.0,2.0,0.0,0.0,4.0,0.0,6.0,0.0,0.0,3.0,0.0,0.0,85.31,35.71,0.0,0.0,0.0,54.84,76.92,42.86,0.2628289705287394,0.0480157369095631,0.0,10.0,0.21786576,4.0,15.0,15.0,0.25671905,86.0,25.71428571428571,17.142857142857142,1.1904761904761905,42.85714285714285,2.380952380952381,0.0,4.047619047619048,7.619047619047619,0.0,0.238095238095238,0.238095238095238,0.4761904761904761,0.4761904761904761,0.0,0.4761904761904761,0.0,0.0,0.9523809523809524,0.0,1.4285714285714286,0.0,0.0,0.7142857142857143,0.0,0.0,85.31,35.71,0.0,0.0,0.0,54.84,76.92,42.86,0.0625783263163665,0.0114323183118007,0.0,2.380952380952381,0.0518728,0.9523809523809524,3.571428571428571,3.571428571428571,0.0611235833333333,20.476190476190474,CB,74,88,40,81,77,47,70,90,43,91,59,63,69,38,93,29,27,74,38,72,15,35,73,43,51,40,35,43,35,38,49,97,37,70,58,36,93,86,90,90,93,77,67,42,63,30,44,58,47,63,77,43,95,49,47,53,38,88,29,27,56,38,65,15,35,58,43,51,40,35,43,35,38,49,97,37,60,56,36,84,86,91,86,86,58,49,Ekstraklasa
Wisła Kraków,a226arvd7ujft5jacs8ooc1p7,50paq4nkf693ep2k1rslu5fqh,M. Božić,Marko Bozic,28,Midfielder,Austria,Midfielder,26.0,56.0,5.0,81.0,3.0,0.0,22.0,9.0,380.0,1.0,1.0,6.0,15.0,10.0,5.0,6.0,13.0,13.0,0.0,6.0,23.0,5.0,9.0,4.0,2.0,0.0,79.41,71.43,12.5,69.23,40.0,59.46,60.0,80.0,0.8290225980843351,0.5880597554494851,8.0,24.0,0.60492814,13.0,6.0,11.0,0.4623779,35.0,6.157894736842105,13.263157894736842,1.1842105263157894,19.184210526315788,0.7105263157894737,0.0,5.2105263157894735,2.131578947368421,0.2368421052631578,0.2368421052631578,1.4210526315789471,3.552631578947368,2.3684210526315788,1.1842105263157894,1.4210526315789471,3.0789473684210527,3.0789473684210527,0.0,1.4210526315789471,5.447368421052632,1.1842105263157894,2.131578947368421,0.9473684210526316,0.4736842105263157,0.0,79.41,71.43,12.5,69.23,40.0,59.46,60.0,80.0,0.1963474574410267,0.1392773105011938,1.894736842105263,5.684210526315789,0.1432724542105263,3.0789473684210527,1.4210526315789471,2.6052631578947367,0.1095105552631579,8.289473684210526,LM/LCM,69,75,94,62,72,50,88,91,44,84,88,100,100,100,100,94,94,16,100,100,62,100,75,94,53,62,97,56,81,72,75,88,94,94,81,100,100,100,100,78,88,62,75,50,44,69,44,56,50,56,88,31,75,75,94,94,75,88,56,56,16,94,94,31,81,50,88,53,62,97,56,81,72,75,88,94,81,69,88,100,100,100,75,81,44,56,Ekstraklasa
Wisła Kraków,a226arvd7ujft5jacs8ooc1p7,7a3ik1dbxkirdt58gwvvtyw9,J. Lelieveld,Julian Lelieveld,28,Defender,Netherlands,Defender,60.0,84.0,6.0,144.0,1.0,0.0,5.0,7.0,237.0,0.0,0.0,4.0,0.0,0.0,0.0,0.0,0.0,0.0,7.0,0.0,5.0,2.0,0.0,1.0,0.0,0.0,88.89,54.55,0.0,0.0,0.0,41.67,33.33,50.0,0.0,0.3638836764335569,0.0,5.0,0.10369621,2.0,13.0,15.0,0.70834024,92.0,22.78481012658228,31.89873417721519,2.278481012658228,54.68354430379747,0.379746835443038,0.0,1.89873417721519,2.6582278481012658,0.0,0.0,1.518987341772152,0.0,0.0,0.0,0.0,0.0,0.0,2.6582278481012658,0.0,1.89873417721519,0.759493670886076,0.0,0.379746835443038,0.0,0.0,88.89,54.55,0.0,0.0,0.0,41.67,33.33,50.0,0.0,0.1381836745950216,0.0,1.89873417721519,0.0393783075949367,0.759493670886076,4.936708860759493,5.69620253164557,0.268989964556962,34.936708860759495,RB/RCB,65,87,67,77,21,44,17,25,19,42,88,19,25,35,37,17,17,96,35,60,40,25,23,48,52,75,73,19,25,35,19,44,44,21,85,37,77,69,69,83,85,96,81,65,96,73,92,15,44,15,23,19,42,92,19,25,35,37,17,17,100,35,73,54,25,23,48,52,75,73,19,25,35,19,44,44,21,92,37,69,65,73,81,88,100,96,Ekstraklasa
Wisła Kraków,a226arvd7ujft5jacs8ooc1p7,7esyhkq370kc9r4gt3lqt2jv8,M. Kuziemka,Maciej Kuziemka,20,Midfielder,Poland,Midfielder,5.0,22.0,0.0,27.0,2.0,0.0,11.0,2.0,166.0,0.0,0.0,3.0,10.0,5.0,5.0,6.0,10.0,10.0,1.0,3.0,14.0,0.0,7.0,2.0,0.0,0.0,57.45,0.0,0.0,70.0,30.0,44.0,40.0,100.0,0.7506639474699119,0.1404062929322327,6.0,7.0,0.2376496,3.0,0.0,1.0,0.1244676799999999,10.0,2.710843373493976,11.927710843373491,0.0,14.638554216867467,1.0843373493975903,0.0,5.9638554216867465,1.0843373493975903,0.0,0.0,1.6265060240963851,5.421686746987952,2.710843373493976,2.710843373493976,3.2530120481927707,5.421686746987952,5.421686746987952,0.5421686746987951,1.6265060240963851,7.590361445783132,0.0,3.795180722891566,1.0843373493975903,0.0,0.0,57.45,0.0,0.0,70.0,30.0,44.0,40.0,100.0,0.4069864775439281,0.0761238937584394,3.2530120481927707,3.795180722891566,0.1288461686746987,1.6265060240963851,0.0,0.5421686746987951,0.0674824771084336,5.421686746987952,RM/RCM,12,26,17,14,57,52,52,38,17,38,60,95,95,93,95,90,90,33,88,95,5,100,57,31,52,5,17,17,90,33,48,74,90,95,43,95,60,76,57,12,12,14,19,10,24,17,14,67,52,90,43,17,38,71,100,100,90,100,95,95,33,90,100,5,100,67,31,52,5,17,17,90,33,48,74,90,100,43,100,76,81,57,12,10,19,14,Ekstraklasa
Wisła Kraków,a226arvd7ujft5jacs8ooc1p7,8flwv4shznxf77m1wqsmdbh7t,Ángel Rodado,Ángel Rodado,29,Attacker,Spain,Striker,25.0,38.0,2.0,63.0,5.0,0.0,16.0,4.0,249.0,0.0,1.0,3.0,17.0,9.0,8.0,7.0,5.0,5.0,1.0,3.0,20.0,3.0,3.0,2.0,1.0,0.0,77.78,40.0,0.0,60.0,17.65,48.48,71.43,40.0,1.4882713098009976,0.2102204241523936,6.0,2.0,0.0589647499999999,1.0,6.0,5.0,0.05094918,26.0,9.036144578313252,13.734939759036145,0.7228915662650602,22.7710843373494,1.8072289156626504,0.0,5.783132530120482,1.4457831325301205,0.0,0.3614457831325301,1.0843373493975903,6.144578313253012,3.253012048192771,2.891566265060241,2.5301204819277108,1.8072289156626504,1.8072289156626504,0.3614457831325301,1.0843373493975903,7.228915662650603,1.0843373493975903,1.0843373493975903,0.7228915662650602,0.3614457831325301,0.0,77.78,40.0,0.0,60.0,17.65,48.48,71.43,40.0,0.537929389084698,0.0759832858382145,2.1686746987951806,0.7228915662650602,0.0213125602409638,0.3614457831325301,2.1686746987951806,1.8072289156626504,0.0184153662650602,9.397590361445785,ST,92,86,82,83,43,50,67,65,39,90,54,96,78,100,100,75,75,67,57,75,53,78,83,64,51,75,64,39,75,22,64,97,53,75,56,93,42,42,60,85,83,28,92,89,83,81,89,39,50,58,67,39,93,51,100,86,100,100,75,72,64,58,89,40,76,75,64,51,75,64,39,75,22,64,97,53,94,50,97,44,36,67,85,75,19,89,Ekstraklasa
Wisła Kraków,a226arvd7ujft5jacs8ooc1p7,8fu1po5rpwv09bp98pmg136s4,J. Krzyżanowski,Jakub Krzyzanowski,20,Defender,Poland,Defender,62.0,61.0,5.0,119.0,4.0,0.0,25.0,15.0,449.0,4.0,0.0,6.0,4.0,1.0,3.0,2.0,5.0,6.0,7.0,1.0,3.0,2.0,3.0,11.0,0.0,0.0,82.64,45.45,23.53,60.0,25.0,55.56,40.0,68.75,0.3032148907202903,0.5487164557228317,3.0,9.0,0.2175178499999999,3.0,5.0,12.0,0.5405719600000001,50.0,12.42761692650334,12.2271714922049,1.0022271714922049,23.85300668151448,0.8017817371937639,0.0,5.011135857461024,3.0066815144766146,0.8017817371937639,0.0,1.2026726057906458,0.8017817371937639,0.2004454342984409,0.6013363028953229,0.4008908685968819,1.0022271714922049,1.2026726057906458,1.4031180400890868,0.2004454342984409,0.6013363028953229,0.4008908685968819,0.6013363028953229,2.2048997772828507,0.0,0.0,82.64,45.45,23.53,60.0,25.0,55.56,40.0,68.75,0.0607780404561829,0.1099877082740642,0.6013363028953229,1.8040089086859687,0.0436004599109131,0.6013363028953229,1.0022271714922049,2.405345211581292,0.1083551812917594,10.022271714922049,LB/LCB,58,54,48,56,71,52,94,71,81,44,81,65,44,85,85,75,77,90,62,46,52,77,100,38,52,50,50,62,77,58,62,60,71,67,83,90,83,75,50,23,56,75,50,33,12,29,21,67,52,71,33,71,44,62,38,38,67,83,54,62,79,54,29,29,67,96,38,52,50,50,62,77,58,62,60,71,42,58,75,58,46,42,12,33,54,21,Ekstraklasa
Wisła Kraków,a226arvd7ujft5jacs8ooc1p7,90apysqddb07mz49wh9n782cp,R. Giger,Raoul Giger,28,Defender,Switzerland,Defender,69.0,46.0,2.0,113.0,2.0,0.0,8.0,11.0,214.0,2.0,1.0,2.0,0.0,0.0,0.0,0.0,0.0,0.0,3.0,0.0,0.0,1.0,0.0,4.0,0.0,0.0,90.4,40.0,33.33,0.0,0.0,47.06,33.33,80.0,0.0,0.0,0.0,0.0,0.0,0.0,0.0,0.0,0.0,0.0,29.01869158878505,19.345794392523363,0.8411214953271028,47.52336448598131,0.8411214953271028,0.0,3.364485981308411,4.626168224299065,0.8411214953271028,0.4205607476635514,0.8411214953271028,0.0,0.0,0.0,0.0,0.0,0.0,1.2616822429906542,0.0,0.0,0.4205607476635514,0.0,1.6822429906542056,0.0,0.0,90.4,40.0,33.33,0.0,0.0,47.06,33.33,80.0,0.0,0.0,0.0,0.0,0.0,0.0,0.0,0.0,0.0,0.0,RB/RCB,75,46,21,65,40,44,31,54,67,92,46,19,25,35,37,17,17,54,35,10,19,25,63,48,52,88,44,83,25,35,38,44,85,21,12,37,12,12,15,10,10,10,10,92,58,23,85,58,44,31,81,73,100,62,19,25,35,37,17,17,73,35,10,19,25,77,48,52,88,44,83,25,35,38,44,85,21,12,37,12,12,15,10,10,10,10,Ekstraklasa
Wisła Kraków,a226arvd7ujft5jacs8ooc1p7,96228t8od4zcvecnzx4fmnt1x,Jordi Sánchez,Jordi Sánchez,31,Attacker,Spain,Striker,9.0,30.0,0.0,39.0,5.0,0.0,13.0,4.0,418.0,0.0,0.0,4.0,13.0,13.0,0.0,2.0,2.0,3.0,0.0,7.0,25.0,7.0,1.0,0.0,5.0,0.0,65.0,0.0,0.0,50.0,53.85,41.94,35.71,0.0,2.063384478521355,0.4532052130529743,1.0,3.0,0.05842896,1.0,1.0,4.0,0.34412202,14.0,1.9377990430622007,6.45933014354067,0.0,8.39712918660287,1.076555023923445,0.0,2.799043062200957,0.8612440191387559,0.0,0.0,0.8612440191387559,2.799043062200957,2.799043062200957,0.0,0.4306220095693779,0.4306220095693779,0.6459330143540669,0.0,1.507177033492823,5.382775119617224,1.507177033492823,0.2153110047846889,0.0,1.076555023923445,0.0,65.0,0.0,0.0,50.0,53.85,41.94,35.71,0.0,0.4442693853275644,0.0975800697960949,0.2153110047846889,0.6459330143540669,0.0125803980861244,0.2153110047846889,0.2153110047846889,0.8612440191387559,0.0740932578947368,3.014354066985646,ST,44,68,25,61,43,50,51,65,39,42,72,83,92,14,47,39,53,28,96,89,86,46,21,100,51,33,25,39,57,92,39,22,21,100,92,36,60,39,60,33,78,81,64,14,31,25,22,19,50,14,53,39,42,39,44,61,14,22,22,28,28,69,53,58,36,21,97,51,33,25,39,57,92,39,22,21,78,64,25,39,25,47,25,47,64,31,Ekstraklasa
Wisła Kraków,a226arvd7ujft5jacs8ooc1p7,a8z6anh4mr08sjqv04pbaynoq,K. Duda,Kacper Duda,22,Midfielder,Poland,Midfielder,72.0,123.0,10.0,191.0,5.0,0.0,30.0,5.0,426.0,4.0,0.0,8.0,2.0,0.0,2.0,1.0,3.0,3.0,2.0,0.0,2.0,9.0,1.0,10.0,0.0,0.0,87.61,62.5,30.77,33.33,0.0,51.72,45.45,66.67,0.1194735707741376,0.7897022775156128,2.0,23.0,0.54646358,8.0,18.0,19.0,0.5902114699999998,88.0,15.211267605633802,25.985915492957748,2.112676056338028,40.352112676056336,1.056338028169014,0.0,6.338028169014084,1.056338028169014,0.8450704225352113,0.0,1.6901408450704225,0.4225352112676056,0.0,0.4225352112676056,0.2112676056338028,0.6338028169014085,0.6338028169014085,0.4225352112676056,0.0,0.4225352112676056,1.9014084507042253,0.2112676056338028,2.112676056338028,0.0,0.0,87.61,62.5,30.77,33.33,0.0,51.72,45.45,66.67,0.0252408952339727,0.1668385093342844,0.4225352112676056,4.859154929577465,0.115450052112676,1.6901408450704225,3.8028169014084505,4.014084507042253,0.124692564084507,18.591549295774648,CM/AM,98,95,90,98,92,51,95,82,75,39,80,24,12,54,42,39,37,73,20,14,80,36,100,32,50,90,69,55,36,20,57,62,54,19,86,54,100,98,87,90,89,81,90,83,81,86,83,81,51,74,55,52,39,57,10,12,36,31,24,17,52,20,10,57,26,90,32,50,90,69,55,36,20,57,62,54,10,62,33,90,88,74,81,71,57,79,Ekstraklasa
Wisła Kraków,a226arvd7ujft5jacs8ooc1p7,bft3zzbzpx1ig0n4tcxwpx5ud,J. Igbekeme,James Igbekeme,31,Midfielder,Nigeria,Midfielder,55.0,68.0,4.0,123.0,2.0,0.0,15.0,4.0,260.0,0.0,0.0,4.0,5.0,1.0,4.0,1.0,3.0,4.0,5.0,2.0,4.0,3.0,2.0,5.0,0.0,0.0,86.62,40.0,0.0,66.67,40.0,62.5,66.67,62.5,0.3050975414693777,0.2053087604418593,1.0,3.0,0.0744352799999999,1.0,12.0,11.0,0.2824099,68.0,19.03846153846154,23.53846153846154,1.3846153846153846,42.57692307692308,0.6923076923076923,0.0,5.1923076923076925,1.3846153846153846,0.0,0.0,1.3846153846153846,1.7307692307692308,0.3461538461538461,1.3846153846153846,0.3461538461538461,1.0384615384615383,1.3846153846153846,1.7307692307692308,0.6923076923076923,1.3846153846153846,1.0384615384615383,0.6923076923076923,1.7307692307692308,0.0,0.0,86.62,40.0,0.0,66.67,40.0,62.5,66.67,62.5,0.1056106874317076,0.0710684170760282,0.3461538461538461,1.0384615384615383,0.0257660584615384,0.3461538461538461,4.153846153846154,3.807692307692308,0.097757273076923,23.53846153846154,DM/CM,70,64,50,58,42,52,58,32,30,45,77,89,65,89,73,71,83,80,91,71,48,77,85,45,52,61,36,30,68,62,88,83,64,85,58,52,29,24,36,64,61,52,61,67,64,45,58,44,52,64,30,30,45,73,85,64,85,70,70,74,88,89,61,42,80,91,45,52,61,36,30,68,62,88,83,64,79,55,58,21,21,30,64,55,42,64,Ekstraklasa
Wisła Kraków,a226arvd7ujft5jacs8ooc1p7,dnfry3mr1060tmjo2q4tqv7bp,J. Ertlthaler,Julius Ertlthaler,29,Midfielder,Austria,Midfielder,62.0,108.0,5.0,165.0,2.0,0.0,22.0,1.0,329.0,5.0,0.0,7.0,3.0,2.0,1.0,2.0,4.0,4.0,1.0,0.0,6.0,11.0,1.0,5.0,0.0,0.0,82.91,41.67,17.24,25.0,0.0,47.83,25.0,62.5,0.2479183293799338,0.6178158404094825,1.0,9.0,0.2179735099999999,10.0,13.0,12.0,0.3551410399999999,65.0,16.96048632218845,29.544072948328267,1.3677811550151977,45.13677811550152,0.547112462006079,0.0,6.01823708206687,0.2735562310030395,1.3677811550151977,0.0,1.9148936170212767,0.8206686930091186,0.547112462006079,0.2735562310030395,0.547112462006079,1.094224924012158,1.094224924012158,0.2735562310030395,0.0,1.6413373860182372,3.009118541033435,0.2735562310030395,1.3677811550151977,0.0,0.0,82.91,41.67,17.24,25.0,0.0,47.83,25.0,62.5,0.0678196037817448,0.1690073727563933,0.2735562310030395,2.462006079027356,0.0596280118541033,2.7355623100303954,3.556231003039514,3.2826747720364744,0.0971510443768996,17.78115501519757,CM/AM,90,93,71,93,61,51,83,19,81,39,76,32,46,29,65,51,51,44,20,50,90,36,80,32,50,52,24,40,29,20,44,35,48,38,79,27,75,74,95,81,67,62,80,93,88,57,93,50,51,64,12,74,39,64,19,38,19,55,36,36,33,20,29,86,36,74,32,50,52,24,40,29,20,44,35,48,26,67,21,60,60,93,76,60,38,71,Ekstraklasa
Wisła Kraków,a226arvd7ujft5jacs8ooc1p7,dnnv0ts8b4ov8id729wyoeuax,É. Youan,Élie Youan,27,Attacker,France,Striker,14.0,29.0,3.0,43.0,1.0,0.0,13.0,0.0,101.0,0.0,0.0,0.0,2.0,2.0,0.0,1.0,7.0,7.0,1.0,1.0,9.0,1.0,6.0,3.0,1.0,0.0,87.76,100.0,0.0,85.71,50.0,65.0,0.0,60.0,0.1628059891332106,0.0,0.0,6.0,0.1805339,1.0,2.0,2.0,0.0568494799999999,14.0,12.475247524752476,25.84158415841584,2.6732673267326734,38.31683168316832,0.8910891089108911,0.0,11.584158415841584,0.0,0.0,0.0,0.0,1.7821782178217822,1.7821782178217822,0.0,0.8910891089108911,6.237623762376238,6.237623762376238,0.8910891089108911,0.8910891089108911,8.01980198019802,0.8910891089108911,5.346534653465347,2.6732673267326734,0.8910891089108911,0.0,87.76,100.0,0.0,85.71,50.0,65.0,0.0,60.0,0.1450746437820688,0.0,0.0,5.346534653465347,0.1608717920792079,0.8910891089108911,1.7821782178217822,1.7821782178217822,0.0506579524752474,12.475247524752476,RW,25,25,88,25,50,62,50,38,25,50,25,25,38,25,62,100,100,88,50,75,25,100,75,75,62,100,100,25,75,75,100,38,75,25,25,25,62,75,25,25,25,25,25,100,100,100,100,75,62,100,38,25,50,25,75,75,25,75,100,100,100,75,100,50,100,100,100,62,100,100,25,75,75,100,38,75,50,25,25,75,100,75,25,50,25,100,Ekstraklasa
Wisła Kraków,a226arvd7ujft5jacs8ooc1p7,dotkwvd1jke7a2b94bkosw6hh,A. Uryga,Alan Uryga,32,Defender,Poland,Defender,175.0,71.0,12.0,246.0,16.0,0.0,26.0,26.0,450.0,0.0,1.0,1.0,5.0,4.0,1.0,2.0,1.0,1.0,4.0,1.0,9.0,2.0,0.0,5.0,0.0,0.0,89.78,52.17,0.0,0.0,20.0,68.42,66.67,62.5,0.540870314959116,0.1161510787402101,1.0,7.0,0.25077936,1.0,14.0,9.0,0.5586163099999999,167.0,35.0,14.2,2.4,49.2,3.2,0.0,5.2,5.2,0.0,0.2,0.2,1.0,0.8,0.2,0.4,0.2,0.2,0.8,0.2,1.8,0.4,0.0,1.0,0.0,0.0,89.78,52.17,0.0,0.0,20.0,68.42,66.67,62.5,0.1081740629918232,0.023230215748042,0.2,1.4,0.050155872,0.2,2.8,1.8,0.1117232619999999,33.4,CB,100,84,80,98,88,47,91,84,43,91,59,87,87,84,93,67,65,74,87,91,66,35,92,43,51,70,72,43,35,81,86,71,56,86,74,81,84,91,72,85,64,93,98,81,50,50,74,79,47,77,44,43,88,47,83,85,77,85,58,53,51,78,81,51,35,76,43,51,70,72,43,35,81,86,71,56,81,65,73,77,81,67,63,44,81,86,Ekstraklasa
Wisła Kraków,a226arvd7ujft5jacs8ooc1p7,f0mbf2tcxdp2g1c8l29ece1d6,Frederico Duarte,Frederico Fonseca Pires de Almeida Duarte,27,Midfielder,Portugal,Midfielder,23.0,70.0,3.0,90.0,1.0,0.0,13.0,0.0,332.0,3.0,0.0,5.0,7.0,4.0,3.0,4.0,8.0,9.0,1.0,2.0,12.0,7.0,3.0,2.0,0.0,0.0,86.54,60.0,18.75,37.5,28.57,38.24,33.33,100.0,0.443113271019614,0.4870996209856567,2.0,15.0,0.37270525,9.0,6.0,12.0,0.8222071000000001,43.0,6.234939759036144,18.97590361445783,0.8132530120481927,24.397590361445783,0.2710843373493976,0.0,3.5240963855421685,0.0,0.8132530120481927,0.0,1.355421686746988,1.897590361445783,1.0843373493975903,0.8132530120481927,1.0843373493975903,2.1686746987951806,2.439759036144578,0.2710843373493976,0.5421686746987951,3.2530120481927707,1.897590361445783,0.8132530120481927,0.5421686746987951,0.0,0.0,86.54,60.0,18.75,37.5,28.57,38.24,33.33,100.0,0.120121067445076,0.1320450779780394,0.5421686746987951,4.066265060240964,0.1010345557228915,2.439759036144578,1.6265060240963851,3.2530120481927707,0.2228874668674698,11.656626506024097,CM/AM,56,68,56,69,37,51,54,6,67,39,63,74,67,74,88,80,83,44,63,77,68,65,45,32,50,79,65,43,45,57,24,45,89,52,64,54,88,83,92,46,67,90,64,38,48,48,40,29,51,31,6,50,39,45,57,55,57,83,69,71,31,64,62,55,52,33,32,50,79,65,43,45,57,24,45,89,45,45,50,81,79,90,31,52,90,45,Ekstraklasa
Wisła Płock,afx3euq4owjdonw2gmsu842nz,1fv3h5xbsw70cyxm4chcojg89,A. Radwański,Adam Radwanski,28,Midfielder,Poland,Midfielder,65.0,96.0,12.0,156.0,2.0,0.0,27.0,6.0,357.0,5.0,0.0,10.0,4.0,0.0,4.0,2.0,7.0,7.0,3.0,1.0,0.0,14.0,4.0,8.0,0.0,0.0,82.11,60.0,31.25,57.14,25.0,55.1,50.0,100.0,0.2104823873609799,0.9765346843444708,2.0,5.0,0.11127506,4.0,29.0,24.0,0.55282394,73.0,16.386554621848738,24.201680672268907,3.0252100840336134,39.32773109243697,0.5042016806722689,0.0,6.80672268907563,1.512605042016807,1.2605042016806722,0.0,2.5210084033613445,1.0084033613445378,0.0,1.0084033613445378,0.5042016806722689,1.7647058823529411,1.7647058823529411,0.7563025210084033,0.2521008403361344,0.0,3.5294117647058822,1.0084033613445378,2.016806722689076,0.0,0.0,82.11,60.0,31.25,57.14,25.0,55.1,50.0,100.0,0.0530627867296588,0.2461852145406228,0.5042016806722689,1.2605042016806722,0.0280525361344537,1.0084033613445378,7.310924369747899,6.050420168067227,0.1393673798319327,18.403361344537814,CM/AM,93,83,94,88,61,51,90,89,81,39,88,43,12,87,65,74,70,87,48,4,100,80,94,32,50,45,65,57,70,50,74,71,89,33,88,54,43,38,65,99,95,79,86,90,71,93,81,43,51,86,76,69,39,79,26,12,71,45,52,45,74,40,4,90,67,88,32,50,45,65,57,70,50,74,71,89,21,81,43,21,19,45,98,88,64,76,Ekstraklasa
Wisła Płock,afx3euq4owjdonw2gmsu842nz,1lr0yxnntc0hxc8dw2zm02iju,Jorge Jiménez,Jorge Jiménez,27,Midfielder,Spain,Midfielder,26.0,32.0,0.0,56.0,3.0,0.0,11.0,0.0,263.0,2.0,0.0,2.0,2.0,1.0,1.0,1.0,3.0,3.0,0.0,1.0,7.0,5.0,1.0,1.0,0.0,0.0,83.58,0.0,66.67,33.33,50.0,61.11,0.0,33.33,0.114961725197455,0.1391133056163959,1.0,6.0,0.1530067399999999,1.0,4.0,3.0,0.39813231,24.0,8.897338403041825,10.950570342205324,0.0,19.16349809885932,1.0266159695817492,0.0,3.76425855513308,0.0,0.6844106463878328,0.0,0.6844106463878328,0.6844106463878328,0.3422053231939164,0.3422053231939164,0.3422053231939164,1.0266159695817492,1.0266159695817492,0.0,0.3422053231939164,2.3954372623574147,1.711026615969582,0.3422053231939164,0.3422053231939164,0.0,0.0,83.58,0.0,66.67,33.33,50.0,61.11,0.0,33.33,0.0393405143261252,0.0476053137090328,0.3422053231939164,2.0532319391634983,0.0523597209125474,0.3422053231939164,1.3688212927756656,1.0266159695817492,0.1362429958174905,8.212927756653993,RM/RCM,71,43,17,57,76,52,52,10,60,38,45,31,21,48,64,29,26,12,45,57,83,36,36,31,52,81,17,98,45,79,81,21,33,14,38,48,50,57,31,57,29,67,52,57,14,17,29,62,52,24,10,48,38,38,19,10,43,52,29,29,12,29,38,71,29,33,31,52,81,17,98,45,79,81,21,33,10,33,38,52,48,19,43,19,38,29,Ekstraklasa
Wisła Płock,afx3euq4owjdonw2gmsu842nz,3u8xi2yflj0fnf3eqz1jm5pzp,P. Kun,Patryk Kun,31,Defender,Poland,Defender,40.0,49.0,1.0,88.0,1.0,0.0,18.0,7.0,322.0,1.0,0.0,5.0,2.0,1.0,1.0,1.0,3.0,3.0,2.0,0.0,8.0,6.0,1.0,5.0,0.0,0.0,85.44,20.0,11.11,33.33,0.0,54.55,25.0,50.0,0.1460743398722609,0.5172635285655597,0.0,11.0,0.26259967,6.0,4.0,7.0,0.43512236,43.0,11.180124223602483,13.695652173913045,0.2795031055900621,24.596273291925463,0.2795031055900621,0.0,5.0310559006211175,1.9565217391304344,0.2795031055900621,0.0,1.3975155279503104,0.5590062111801242,0.2795031055900621,0.2795031055900621,0.2795031055900621,0.8385093167701863,0.8385093167701863,0.5590062111801242,0.0,2.2360248447204967,1.6770186335403725,0.2795031055900621,1.3975155279503104,0.0,0.0,85.44,20.0,11.11,33.33,0.0,54.55,25.0,50.0,0.0408282316413151,0.1445767626425477,0.0,3.074534161490683,0.0733974232919254,1.6770186335403725,1.1180124223602483,1.9565217391304344,0.121618050931677,12.01863354037267,LM/LCM,81,69,28,75,31,50,62,81,44,38,75,22,34,34,31,25,19,75,22,47,78,22,91,38,53,81,22,50,19,22,62,28,41,19,75,9,81,69,91,56,69,50,81,81,50,19,56,19,50,50,75,38,38,69,19,31,25,31,19,19,59,22,50,59,19,88,38,53,81,22,50,19,22,62,28,41,19,75,9,50,50,81,56,50,50,69,Ekstraklasa
Wisła Płock,afx3euq4owjdonw2gmsu842nz,4l461x94ngmi8p5fkiy2f7ill,Ž. Rogelj,Zan Rogelj,26,Midfielder,Slovenia,Midfielder,65.0,59.0,3.0,123.0,2.0,0.0,15.0,7.0,360.0,1.0,0.0,3.0,7.0,2.0,5.0,2.0,7.0,7.0,2.0,2.0,8.0,2.0,5.0,5.0,1.0,0.0,82.0,33.33,25.0,71.43,28.57,65.22,0.0,83.33,0.5203406503822874,0.1686475101739487,6.0,6.0,0.1626584,2.0,11.0,11.0,0.33661359,55.0,16.25,14.75,0.75,30.75,0.5,0.0,3.75,1.75,0.25,0.0,0.75,1.75,0.5,1.25,0.5,1.75,1.75,0.5,0.5,2.0,0.5,1.25,1.25,0.25,0.0,82.0,33.33,25.0,71.43,28.57,65.22,0.0,83.33,0.1300851625955718,0.0421618775434871,1.5,1.5,0.0406646,0.5,2.75,2.75,0.0841533975,13.75,RB/RCB,69,69,37,73,40,44,62,25,46,42,71,96,77,100,98,88,87,37,94,88,40,98,81,98,52,54,29,54,81,73,90,13,94,96,50,100,85,85,69,77,65,46,73,54,35,19,38,27,44,38,12,38,42,56,96,73,100,96,85,85,23,88,81,23,96,65,96,52,54,29,54,81,73,90,13,94,96,35,100,65,69,60,62,48,35,46,Ekstraklasa
Wisła Płock,afx3euq4owjdonw2gmsu842nz,4vprka7bsj2a4v2g7kz0b6k2c,S. Hamulić,Saïd Hamulic,25,Attacker,Bosnia and Herzegovina,Striker,8.0,15.0,0.0,23.0,11.0,0.0,20.0,4.0,317.0,0.0,0.0,2.0,17.0,11.0,6.0,3.0,8.0,9.0,1.0,6.0,21.0,4.0,5.0,0.0,1.0,0.0,58.97,0.0,0.0,62.5,35.29,52.63,55.0,0.0,1.7188567507873391,0.0,6.0,2.0,0.0703287,0.0,0.0,1.0,0.02020094,4.0,2.271293375394322,4.2586750788643535,0.0,6.529968454258675,3.123028391167193,0.0,5.678233438485805,1.135646687697161,0.0,0.0,0.5678233438485805,4.826498422712934,3.123028391167193,1.7034700315457414,0.8517350157728707,2.271293375394322,2.555205047318612,0.2839116719242902,1.7034700315457414,5.962145110410095,1.135646687697161,1.4195583596214512,0.0,0.2839116719242902,0.0,58.97,0.0,0.0,62.5,35.29,52.63,55.0,0.0,0.4880034939143865,0.0,1.7034700315457414,0.5678233438485805,0.0199671388012618,0.0,0.0,0.2839116719242902,0.0057352826498422,1.135646687697161,ST,33,28,25,29,81,50,78,65,39,42,35,96,83,94,71,92,92,67,92,78,62,93,21,64,51,14,25,39,78,53,83,75,21,92,10,93,42,44,22,12,24,17,17,19,3,25,3,67,50,53,61,39,42,19,94,75,92,61,83,86,61,81,69,47,86,21,58,51,14,25,39,78,53,83,75,21,89,10,89,36,31,22,12,22,14,8,Ekstraklasa
Wisła Płock,afx3euq4owjdonw2gmsu842nz,53y125i13ynopn64v5y9sxgmi,O. Kobacki,Olaf Kobacki,25,Midfielder,Poland,Midfielder,6.0,12.0,0.0,16.0,2.0,0.0,19.0,1.0,185.0,2.0,0.0,2.0,2.0,1.0,1.0,1.0,5.0,6.0,1.0,0.0,2.0,7.0,2.0,6.0,0.0,0.0,50.0,0.0,28.57,40.0,0.0,55.88,66.67,75.0,0.4069478592666073,0.2139403224979484,2.0,3.0,0.08876838,2.0,0.0,4.0,0.22129882,9.0,2.91891891891892,5.837837837837839,0.0,7.783783783783784,0.972972972972973,0.0,9.243243243243244,0.4864864864864865,0.972972972972973,0.0,0.972972972972973,0.972972972972973,0.4864864864864865,0.4864864864864865,0.4864864864864865,2.4324324324324325,2.91891891891892,0.4864864864864865,0.0,0.972972972972973,3.4054054054054057,0.972972972972973,2.91891891891892,0.0,0.0,50.0,0.0,28.57,40.0,0.0,55.88,66.67,75.0,0.1979746342378089,0.1040790758098127,0.972972972972973,1.4594594594594597,0.0431846172972973,0.972972972972973,0.0,1.945945945945946,0.1076588854054054,4.378378378378379,LM/LCM,16,6,9,9,56,50,75,28,69,38,34,22,34,34,31,41,44,47,22,28,88,41,100,38,53,6,9,88,34,22,69,100,81,69,44,62,28,25,44,9,34,31,22,12,6,9,6,69,50,100,38,81,38,44,25,38,50,50,44,44,44,22,25,100,38,100,38,53,6,9,88,34,22,69,100,81,88,50,69,38,31,62,9,44,38,12,Ekstraklasa
Wisła Płock,afx3euq4owjdonw2gmsu842nz,56778yiuv1zz1odnro6km2gic,D. Gallapeni,Dion Gallapeni,21,Defender,Kosovo,Defender,32.0,20.0,2.0,51.0,0.0,0.0,15.0,3.0,144.0,1.0,0.0,2.0,4.0,1.0,3.0,3.0,6.0,6.0,0.0,0.0,5.0,2.0,2.0,10.0,0.0,0.0,78.46,50.0,14.29,33.33,0.0,50.0,0.0,90.91,0.2607262076077293,0.202330602662231,3.0,1.0,0.01870347,0.0,6.0,3.0,0.17176902,28.0,20.0,12.5,1.25,31.875,0.0,0.0,9.375,1.875,0.625,0.0,1.25,2.5,0.625,1.875,1.875,3.75,3.75,0.0,0.0,3.125,1.25,1.25,6.25,0.0,0.0,78.46,50.0,14.29,33.33,0.0,50.0,0.0,90.91,0.1629538797548308,0.1264566266638943,1.875,0.625,0.01168966875,0.0,3.75,1.875,0.1073556374999999,17.5,LB/LCB,31,8,17,12,8,52,62,8,48,44,38,65,44,85,98,85,77,8,27,60,52,62,94,38,52,21,54,48,35,27,48,8,92,58,42,90,17,17,12,35,12,25,19,75,17,38,50,8,52,100,17,67,44,67,96,67,100,100,100,100,8,27,96,75,92,100,38,52,21,54,48,35,27,48,8,92,83,67,100,21,21,12,73,12,50,62,Ekstraklasa
Wisła Płock,afx3euq4owjdonw2gmsu842nz,7xrmotwktdg8s6zvc0i7zr2l1,M. Haglind-Sangré,Marcus Haglind-Sangré,31,Defender,Sweden,Defender,106.0,70.0,7.0,176.0,10.0,1.0,18.0,15.0,360.0,0.0,0.0,3.0,4.0,4.0,0.0,0.0,0.0,0.0,3.0,3.0,8.0,3.0,0.0,4.0,0.0,0.0,88.89,46.67,0.0,0.0,75.0,54.55,52.63,80.0,0.4603656634624763,0.2283814303089322,0.0,4.0,0.0810045099999999,2.0,10.0,11.0,0.26423788,107.0,26.5,17.5,1.75,44.0,2.5,0.25,4.5,3.75,0.0,0.0,0.75,1.0,1.0,0.0,0.0,0.0,0.0,0.75,0.75,2.0,0.75,0.0,1.0,0.0,0.0,88.89,46.67,0.0,0.0,75.0,54.55,52.63,80.0,0.115091415865619,0.057095357577233,0.0,1.0,0.0202511274999999,0.5,2.5,2.75,0.06605947,26.75,RB/RCB,88,77,79,85,92,94,79,73,19,42,71,87,96,35,37,17,17,54,100,88,65,25,63,48,52,75,58,19,25,96,69,77,85,92,62,37,62,58,69,69,65,38,85,81,46,62,73,88,92,62,58,19,42,56,85,92,35,37,17,17,42,96,81,50,25,46,48,52,75,58,19,25,96,69,77,85,85,42,37,54,46,60,50,48,23,88,Ekstraklasa
Wisła Płock,afx3euq4owjdonw2gmsu842nz,8nlphjo32zk03s0f96kbx1lnt,J. Pršir,Jurica Prsir,26,Midfielder,Croatia,Midfielder,3.0,17.0,0.0,17.0,0.0,0.0,6.0,2.0,99.0,3.0,0.0,3.0,1.0,0.0,1.0,1.0,2.0,3.0,1.0,0.0,3.0,3.0,2.0,1.0,0.0,0.0,73.91,0.0,33.33,100.0,0.0,54.55,0.0,100.0,0.1265664987618125,0.4107818053148664,1.0,1.0,0.02756312,1.0,1.0,1.0,0.01791737,4.0,2.727272727272727,15.454545454545451,0.0,15.454545454545451,0.0,0.0,5.454545454545454,1.818181818181818,2.727272727272727,0.0,2.727272727272727,0.9090909090909092,0.0,0.9090909090909092,0.9090909090909092,1.818181818181818,2.727272727272727,0.9090909090909092,0.0,2.727272727272727,2.727272727272727,1.818181818181818,0.9090909090909092,0.0,0.0,73.91,0.0,33.33,100.0,0.0,54.55,0.0,100.0,0.1150604534198295,0.3734380048316967,0.9090909090909092,0.9090909090909092,0.0250573818181818,0.9090909090909092,0.9090909090909092,0.9090909090909092,0.0162885181818181,3.636363636363636,CM/AM,5,10,8,7,11,51,18,38,67,39,44,11,12,29,42,27,37,44,20,23,40,51,25,32,50,17,8,67,98,20,71,12,89,21,55,27,5,5,23,11,6,2,2,10,26,8,17,11,51,60,83,95,39,81,21,12,60,67,55,74,83,20,52,81,90,52,32,50,17,8,67,98,20,71,12,89,43,95,69,12,17,43,17,10,2,2,Ekstraklasa
Wisła Płock,afx3euq4owjdonw2gmsu842nz,bjjll8tgbxink1ly3gmw5w4ph,M. Kamiński,Marcin Kaminski,34,Defender,Poland,Defender,130.0,53.0,7.0,183.0,8.0,0.0,11.0,15.0,360.0,0.0,0.0,1.0,2.0,2.0,0.0,1.0,0.0,0.0,3.0,0.0,5.0,0.0,0.0,0.0,0.0,0.0,88.83,50.0,0.0,0.0,0.0,50.0,50.0,0.0,0.2716169137813538,0.0420295033233472,0.0,2.0,0.03682666,0.0,8.0,9.0,0.24445315,113.0,32.5,13.25,1.75,45.75,2.0,0.0,2.75,3.75,0.0,0.0,0.25,0.5,0.5,0.0,0.25,0.0,0.0,0.75,0.0,1.25,0.0,0.0,0.0,0.0,0.0,88.83,50.0,0.0,0.0,0.0,50.0,50.0,0.0,0.0679042284453384,0.0105073758308368,0.0,0.5,0.009206665,0.0,2.0,2.25,0.0611132875,28.25,CB,84,63,52,86,64,47,50,47,43,42,59,63,69,38,77,29,27,59,38,67,15,35,13,43,51,63,66,43,35,38,37,41,13,72,53,36,64,63,34,57,64,72,86,79,44,35,58,49,47,21,16,43,42,53,50,58,38,74,29,27,47,38,57,15,35,13,43,51,63,66,43,35,38,37,41,13,63,53,36,60,58,34,43,51,56,70,Ekstraklasa
Wisła Płock,afx3euq4owjdonw2gmsu842nz,dlokww3j6hg5294om0fg057f9,M. Flis,Marcin Flis,32,Defender,Poland,Defender,32.0,25.0,6.0,57.0,6.0,0.0,11.0,11.0,225.0,0.0,0.0,2.0,6.0,6.0,0.0,0.0,0.0,0.0,2.0,2.0,9.0,3.0,0.0,2.0,1.0,0.0,71.25,33.33,0.0,0.0,33.33,52.38,46.15,100.0,0.6919448081649309,0.2199716619157503,0.0,0.0,0.0,0.0,5.0,8.0,0.1196491,39.0,12.8,10.0,2.4,22.8,2.4,0.0,4.4,4.4,0.0,0.0,0.8,2.4,2.4,0.0,0.0,0.0,0.0,0.8,0.8,3.6,1.2,0.0,0.8,0.4,0.0,71.25,33.33,0.0,0.0,33.33,52.38,46.15,100.0,0.2767779232659723,0.0879886647663001,0.0,0.0,0.0,0.0,2.0,3.2,0.0478596399999999,15.6,LB/LCB,31,12,65,21,81,52,38,52,19,44,38,85,88,23,25,12,12,46,81,73,71,17,35,88,52,4,27,19,17,67,58,67,98,88,46,27,8,8,12,23,33,17,38,38,8,75,12,88,52,50,75,19,44,38,92,100,23,25,12,12,48,92,100,71,17,31,100,52,4,27,19,17,67,58,67,98,96,46,27,8,8,12,38,62,17,50,Ekstraklasa
Wisła Płock,afx3euq4owjdonw2gmsu842nz,kf64kva23jsbokj9h97o7qad,Dani Pacheco,Daniel Pacheco Lobato,35,Midfielder,Spain,Midfielder,44.0,63.0,15.0,102.0,0.0,0.0,6.0,4.0,232.0,5.0,1.0,5.0,2.0,0.0,2.0,1.0,4.0,4.0,4.0,0.0,0.0,3.0,2.0,0.0,0.0,0.0,86.44,65.22,33.33,50.0,0.0,35.29,0.0,0.0,0.0967957745024978,0.5316657191358894,2.0,4.0,0.07864379,0.0,11.0,13.0,0.4423394199999998,54.0,17.068965517241377,24.43965517241379,5.818965517241379,39.568965517241374,0.0,0.0,2.327586206896552,1.5517241379310345,1.939655172413793,0.3879310344827586,1.939655172413793,0.7758620689655172,0.0,0.7758620689655172,0.3879310344827586,1.5517241379310345,1.5517241379310345,1.5517241379310345,0.0,0.0,1.1637931034482758,0.7758620689655172,0.0,0.0,0.0,86.44,65.22,33.33,50.0,0.0,35.29,0.0,0.0,0.0375500849363137,0.2062496324234053,0.7758620689655172,1.5517241379310345,0.0305083668103448,0.0,4.267241379310344,5.043103448275862,0.1715971887931033,20.948275862068964,DM/CM,52,55,94,53,8,52,18,32,97,95,89,39,24,59,73,85,83,65,24,9,48,77,9,45,52,58,76,76,52,24,17,9,9,24,88,76,39,27,9,59,71,73,55,58,67,100,55,8,52,12,36,100,94,88,48,24,67,76,85,85,79,24,9,52,88,9,45,52,58,76,76,52,24,17,9,9,21,94,76,36,30,9,70,82,82,52,Ekstraklasa
