Team,contestantId,playerId,Short Name,Player Name,Age,Position_x,Nationality,Position_y,total accurate back zone pass_Total,total accurate fwd zone pass_Total,total accurate long balls_Total,total accurate pass_Total,total aerial won_Total,total att assist_Total,total attempt_Total,total attempts ibox_Total,total contest_Total,total dribbles attempted_Total,total duels won_Total,total effective clearance_Total,total goals_Total,total mins played,total ontarget attempt_Total,total touches in opposition box_Total,total was fouled_Total,total won contest_Total,total won tackle_Total,total interception_Total,total big chances saved_Total,total accurate cross_Total,total assists_Total,total attempts obox_Total,total blocked scoring att_Total,pass_success_pct_Total,long_balls_success_pct_Total,cross_success_pct_Total,dribble_success_pct_Total,attempt_success_pct_Total,duel_success_pct_Total,aerial_success_pct_Total,tackle_success_pct_Total,xG_Total,xA_Total,CreatedOwnShot_Total,Total Carries_Total,Total Carry xT_Total,Total Final Third Carries_Total,passes_into_final_third_Total,progressive_passes_Total,xT_pass_Total,forward_passes_Total,total accurate back zone pass_p90,total accurate fwd zone pass_p90,total accurate long balls_p90,total accurate pass_p90,total aerial won_p90,total att assist_p90,total attempt_p90,total attempts ibox_p90,total contest_p90,total dribbles attempted_p90,total duels won_p90,total effective clearance_p90,total goals_p90,total ontarget attempt_p90,total touches in opposition box_p90,total was fouled_p90,total won contest_p90,total won tackle_p90,total interception_p90,total big chances saved_p90,total accurate cross_p90,total assists_p90,total attempts obox_p90,total blocked scoring att_p90,pass_success_pct_p90,long_balls_success_pct_p90,cross_success_pct_p90,dribble_success_pct_p90,attempt_success_pct_p90,duel_success_pct_p90,aerial_success_pct_p90,tackle_success_pct_p90,xG_p90,xA_p90,CreatedOwnShot_p90,Total Carries_p90,Total Carry xT_p90,Total Final Third Carries_p90,passes_into_final_third_p90,progressive_passes_p90,xT_pass_p90,forward_passes_p90,Pos.,total accurate back zone pass_TotalPR,total accurate fwd zone pass_TotalPR,total accurate long balls_TotalPR,total accurate pass_TotalPR,total aerial won_TotalPR,total att assist_TotalPR,total attempt_TotalPR,total attempts ibox_TotalPR,total contest_TotalPR,total dribbles attempted_TotalPR,total duels won_TotalPR,total effective clearance_TotalPR,total goals_TotalPR,total ontarget attempt_TotalPR,total touches in opposition box_TotalPR,total was fouled_TotalPR,total won contest_TotalPR,total won tackle_TotalPR,total interception_TotalPR,total big chances saved_TotalPR,total accurate cross_TotalPR,total assists_TotalPR,total attempts obox_TotalPR,total blocked scoring att_TotalPR,pass_success_pct_TotalPR,long_balls_success_pct_TotalPR,cross_success_pct_TotalPR,dribble_success_pct_TotalPR,attempt_success_pct_TotalPR,duel_success_pct_TotalPR,aerial_success_pct_TotalPR,tackle_success_pct_TotalPR,xG_TotalPR,xA_TotalPR,CreatedOwnShot_TotalPR,Total Carries_TotalPR,Total Carry xT_TotalPR,Total Final Third Carries_TotalPR,passes_into_final_third_TotalPR,progressive_passes_TotalPR,xT_pass_TotalPR,forward_passes_TotalPR,total accurate back zone pass_p90PR,total accurate fwd zone pass_p90PR,total accurate long balls_p90PR,total accurate pass_p90PR,total aerial won_p90PR,total att assist_p90PR,total attempt_p90PR,total attempts ibox_p90PR,total contest_p90PR,total dribbles attempted_p90PR,total duels won_p90PR,total effective clearance_p90PR,total goals_p90PR,total ontarget attempt_p90PR,total touches in opposition box_p90PR,total was fouled_p90PR,total won contest_p90PR,total won tackle_p90PR,total interception_p90PR,total big chances saved_p90PR,total accurate cross_p90PR,total assists_p90PR,total attempts obox_p90PR,total blocked scoring att_p90PR,pass_success_pct_p90PR,long_balls_success_pct_p90PR,cross_success_pct_p90PR,dribble_success_pct_p90PR,attempt_success_pct_p90PR,duel_success_pct_p90PR,aerial_success_pct_p90PR,tackle_success_pct_p90PR,xG_p90PR,xA_p90PR,CreatedOwnShot_p90PR,Total Carries_p90PR,Total Carry xT_p90PR,Total Final Third Carries_p90PR,passes_into_final_third_p90PR,progressive_passes_p90PR,xT_pass_p90PR,forward_passes_p90PR,League
Académico de Viseu,e7u3mygqhm9cwdarcsm03t6d1,1lyedukw5k3tit02e25631m21,C. Kahraman,Cihan Kahraman,27.0,Midfielder,Türkiye,Midfielder,20.0,33.0,0.0,50.0,0.0,4.0,1.0,1.0,7.0,8.0,8.0,1.0,0.0,217.0,0.0,1.0,2.0,4.0,2.0,2.0,0.0,3.0,1.0,0.0,0.0,83.33,0.0,42.86,57.14,0.0,38.1,0.0,100.0,0.100056458719001,0.4529473399966935,1.0,7.0,0.16141687,5.0,2.0,5.0,0.09943175,23.0,8.294930875576037,13.68663594470046,0.0,20.737327188940093,0.0,1.6589861751152075,0.4147465437788019,0.4147465437788019,2.903225806451613,3.317972350230415,3.317972350230415,0.4147465437788019,0.0,0.0,0.4147465437788019,0.8294930875576038,1.6589861751152075,0.8294930875576038,0.8294930875576038,0.0,1.2442396313364057,0.4147465437788019,0.0,0.0,83.33,0.0,42.86,57.14,0.0,38.1,0.0,100.0,0.041498070436452,0.1878583437774305,0.4147465437788019,2.903225806451613,0.0669470889400921,2.0737327188940093,0.8294930875576038,2.0737327188940093,0.0412389746543778,9.539170506912445,CM/AM,43,43,10,43,14,76,14,21,71,76,31,36,33,14,10,40,74,45,76,52,76,83,19,24,40,10,86,71,14,24,24,90,19,76,50,100,90,95,19,57,29,57,48,38,10,38,14,62,10,19,76,76,19,29,33,14,14,38,71,43,76,52,71,86,19,24,40,10,86,71,14,24,24,90,19,71,52,90,81,100,19,43,29,48,Liga Portugal
Académico de Viseu,e7u3mygqhm9cwdarcsm03t6d1,1xfp8m5avfbrw5xsbi5n34ep6,N. Michelis,Nikos Michelis,25.0,Defender,Greece,Defender,64.0,21.0,7.0,85.0,4.0,0.0,0.0,0.0,0.0,0.0,6.0,12.0,0.0,135.0,0.0,2.0,1.0,0.0,1.0,0.0,0.0,0.0,0.0,0.0,0.0,87.63,50.0,0.0,0.0,0.0,75.0,80.0,100.0,0.0,0.0,0.0,0.0,0.0,0.0,0.0,0.0,0.0,0.0,42.66666666666666,14.0,4.666666666666667,56.66666666666666,2.6666666666666665,0.0,0.0,0.0,0.0,0.0,4.0,8.0,0.0,0.0,1.3333333333333333,0.6666666666666666,0.0,0.6666666666666666,0.0,0.0,0.0,0.0,0.0,0.0,87.63,50.0,0.0,0.0,0.0,75.0,80.0,100.0,0.0,0.0,0.0,0.0,0.0,0.0,0.0,0.0,0.0,0.0,CB,41,28,55,35,52,30,20,24,30,30,31,45,45,42,64,49,32,45,10,46,45,49,41,44,40,60,45,32,42,94,96,82,21,36,44,31,31,34,21,20,20,20,68,42,79,52,71,30,20,24,30,30,60,85,45,42,79,64,32,60,10,46,45,49,41,44,40,60,45,32,42,94,96,82,21,36,44,31,31,34,21,20,20,20,Liga Portugal
Académico de Viseu,e7u3mygqhm9cwdarcsm03t6d1,20ch97kml3q3k5vpszpbibjdh,Igor Milioransa,Igor Milioransa,29.0,Defender,Brazil,Defender,42.0,14.0,3.0,55.0,1.0,1.0,0.0,0.0,4.0,4.0,5.0,6.0,0.0,135.0,0.0,0.0,0.0,2.0,2.0,1.0,0.0,1.0,0.0,0.0,0.0,78.57,37.5,100.0,50.0,0.0,41.67,0.0,100.0,0.0,0.1156325001932411,0.0,1.0,0.02122129,1.0,2.0,4.0,0.14830912,21.0,28.0,9.333333333333334,2.0,36.66666666666666,0.6666666666666666,0.6666666666666666,0.0,0.0,2.6666666666666665,2.6666666666666665,3.333333333333333,4.0,0.0,0.0,0.0,0.0,1.3333333333333333,1.3333333333333333,0.6666666666666666,0.0,0.6666666666666666,0.0,0.0,0.0,78.57,37.5,100.0,50.0,0.0,41.67,0.0,100.0,0.0,0.0770883334621607,0.0,0.6666666666666666,0.0141475266666666,0.6666666666666666,1.3333333333333333,2.6666666666666665,0.0988727466666666,14.0,LB/LCB,68,11,50,32,21,45,37,50,71,71,18,55,50,47,24,18,74,39,37,50,55,47,37,47,16,39,100,74,47,26,13,92,37,58,42,66,66,61,45,58,53,53,100,11,71,79,24,53,37,50,84,84,42,79,50,47,24,18,89,66,42,50,61,47,37,47,16,39,100,74,47,26,13,92,37,63,42,68,74,58,47,84,63,68,Liga Portugal
Académico de Viseu,e7u3mygqhm9cwdarcsm03t6d1,26xfdtho3pl5695tlebo6hcrt,Pedro Barcelos,Pedro Henrique Barcelos Silva,30.0,Defender,Brazil,Defender,28.0,26.0,3.0,54.0,3.0,1.0,0.0,0.0,0.0,0.0,13.0,4.0,0.0,141.0,0.0,0.0,2.0,0.0,6.0,2.0,0.0,0.0,0.0,0.0,0.0,87.1,42.86,0.0,0.0,0.0,72.22,60.0,75.0,0.0,0.0328942946478796,0.0,0.0,0.0,2.0,2.0,3.0,0.06033029,16.0,17.872340425531917,16.595744680851062,1.9148936170212767,34.46808510638298,1.9148936170212767,0.6382978723404256,0.0,0.0,0.0,0.0,8.297872340425531,2.5531914893617023,0.0,0.0,0.0,1.2765957446808511,0.0,3.8297872340425534,1.2765957446808511,0.0,0.0,0.0,0.0,0.0,87.1,42.86,0.0,0.0,0.0,72.22,60.0,75.0,0.0,0.0209963582858805,0.0,0.0,0.0,1.2765957446808511,1.2765957446808511,1.9148936170212767,0.0385086957446808,10.212765957446807,LB/LCB,21,42,50,24,58,45,37,50,8,8,79,26,50,47,24,66,18,95,58,50,24,47,37,47,89,58,24,18,47,95,53,68,37,42,42,29,29,79,45,42,42,42,63,68,63,63,95,47,37,50,8,8,95,53,50,47,24,79,18,100,79,50,24,47,37,47,89,58,24,18,47,95,53,68,37,42,42,29,29,89,42,53,37,53,Liga Portugal
Académico de Viseu,e7u3mygqhm9cwdarcsm03t6d1,2hap44i3j488f2tdolqk3ty39,André Ceitil,André Filipe Castanheira Ceitil,31.0,Midfielder,Portugal,Midfielder,22.0,9.0,4.0,31.0,2.0,0.0,0.0,0.0,0.0,0.0,3.0,7.0,0.0,117.0,0.0,0.0,1.0,0.0,0.0,2.0,0.0,0.0,0.0,0.0,0.0,83.78,66.67,0.0,0.0,0.0,30.0,50.0,0.0,0.0,0.0,0.0,0.0,0.0,0.0,0.0,0.0,0.0,0.0,16.923076923076923,6.9230769230769225,3.0769230769230766,23.846153846153847,1.5384615384615383,0.0,0.0,0.0,0.0,0.0,2.3076923076923075,5.384615384615384,0.0,0.0,0.0,0.7692307692307692,0.0,0.0,1.5384615384615383,0.0,0.0,0.0,0.0,0.0,83.78,66.67,0.0,0.0,0.0,30.0,50.0,0.0,0.0,0.0,0.0,0.0,0.0,0.0,0.0,0.0,0.0,0.0,CM,100,100,100,100,100,100,100,100,100,100,100,100,100,100,100,100,100,100,100,100,100,100,100,100,100,100,100,100,100,100,100,100,100,100,100,100,100,100,100,100,100,100,100,100,100,100,100,100,100,100,100,100,100,100,100,100,100,100,100,100,100,100,100,100,100,100,100,100,100,100,100,100,100,100,100,100,100,100,100,100,100,100,100,100,Liga Portugal
Académico de Viseu,e7u3mygqhm9cwdarcsm03t6d1,5fuhsuoevtbczleyh6aqmqne,A. Correia,Anthony Correia,26.0,Defender,France,Defender,102.0,33.0,13.0,135.0,6.0,1.0,1.0,1.0,0.0,0.0,7.0,16.0,0.0,270.0,0.0,4.0,0.0,0.0,1.0,1.0,0.0,0.0,1.0,0.0,0.0,86.54,52.0,0.0,0.0,0.0,43.75,66.67,100.0,0.0,0.0,0.0,0.0,0.0,0.0,0.0,0.0,0.0,0.0,34.0,11.0,4.333333333333333,45.0,2.0,0.3333333333333333,0.3333333333333333,0.3333333333333333,0.0,0.0,2.333333333333333,5.333333333333333,0.0,0.0,1.3333333333333333,0.0,0.0,0.3333333333333333,0.3333333333333333,0.0,0.0,0.3333333333333333,0.0,0.0,86.54,52.0,0.0,0.0,0.0,43.75,66.67,100.0,0.0,0.0,0.0,0.0,0.0,0.0,0.0,0.0,0.0,0.0,CB,65,40,85,65,72,70,54,62,30,30,40,71,45,42,88,15,32,45,34,46,45,99,41,44,32,72,45,32,42,20,82,82,21,36,44,31,31,34,21,20,20,20,42,29,75,30,54,65,46,54,30,30,12,45,45,42,79,15,32,32,25,46,45,99,41,44,32,72,45,32,42,20,82,82,21,36,44,31,31,34,21,20,20,20,Liga Portugal
Académico de Viseu,e7u3mygqhm9cwdarcsm03t6d1,8yuez76ecj9uhh9m4k2llf5gq,S. Messeguem,Soufiane Messeguem,25.0,Midfielder,Germany,Midfielder,13.0,25.0,3.0,36.0,2.0,3.0,2.0,1.0,5.0,6.0,12.0,5.0,1.0,259.0,2.0,6.0,7.0,0.0,1.0,1.0,0.0,2.0,0.0,1.0,0.0,70.59,42.86,25.0,0.0,100.0,36.36,33.33,33.33,0.3977297169080124,0.3528474670880266,2.0,0.0,0.0,0.0,2.0,2.0,0.0677419099999999,19.0,4.517374517374518,8.687258687258687,1.0424710424710424,12.50965250965251,0.694980694980695,1.0424710424710424,0.694980694980695,0.3474903474903475,1.7374517374517375,2.0849420849420848,4.1698841698841695,1.7374517374517375,0.3474903474903475,0.694980694980695,2.0849420849420848,2.4324324324324325,0.0,0.3474903474903475,0.3474903474903475,0.0,0.694980694980695,0.0,0.3474903474903475,0.0,70.59,42.86,25.0,0.0,100.0,36.36,33.33,33.33,0.1382072375356027,0.1226110889495073,0.694980694980695,0.0,0.0,0.0,0.694980694980695,0.694980694980695,0.0235396598455598,6.602316602316602,CM/AM,24,24,67,14,67,57,29,21,55,62,60,95,81,60,43,86,14,26,50,52,62,36,48,24,14,38,62,14,93,10,64,17,57,67,76,7,7,14,19,19,19,24,5,5,67,5,57,48,24,10,57,52,38,90,76,52,29,76,14,14,43,52,62,36,38,24,14,38,62,14,93,10,64,17,52,48,67,7,7,14,10,19,19,10,Liga Portugal
Académico de Viseu,e7u3mygqhm9cwdarcsm03t6d1,9epqc9jcj8ooissi177o2qc8a,Rúben Pereira,Rúben Filipe Gomes Pereira,28.0,Defender,Portugal,Defender,64.0,10.0,0.0,74.0,4.0,0.0,3.0,3.0,0.0,0.0,5.0,6.0,1.0,118.0,2.0,4.0,0.0,0.0,1.0,2.0,0.0,0.0,0.0,0.0,0.0,96.1,0.0,0.0,0.0,66.67,50.0,66.67,100.0,0.4454188038183783,0.0,0.0,0.0,0.0,0.0,1.0,2.0,0.04834674,39.0,48.813559322033896,7.627118644067797,0.0,56.440677966101696,3.0508474576271185,0.0,2.288135593220339,2.288135593220339,0.0,0.0,3.8135593220338975,4.576271186440678,0.7627118644067796,1.5254237288135593,3.0508474576271185,0.0,0.0,0.7627118644067796,1.5254237288135593,0.0,0.0,0.0,0.0,0.0,96.1,0.0,0.0,0.0,66.67,50.0,66.67,100.0,0.3397262063021529,0.0,0.0,0.0,0.0,0.0,0.7627118644067796,1.5254237288135593,0.0368746322033898,29.74576271186441,CB,41,10,5,28,52,30,89,95,30,30,24,20,95,99,88,15,32,45,55,46,45,49,41,44,98,5,45,32,95,34,82,82,98,36,44,31,31,34,45,50,40,57,78,10,5,50,88,30,100,100,30,30,50,35,100,100,100,15,32,65,72,46,45,49,41,44,98,5,45,32,95,34,82,82,100,36,44,31,31,34,42,52,45,65,Liga Portugal
Académico de Viseu,e7u3mygqhm9cwdarcsm03t6d1,a9f7xwldytd5pztz8r1ymmyhg,L. Gohi,Lorougnon Gohi,22.0,Attacker,Côte d'Ivoire,Striker,3.0,14.0,0.0,15.0,2.0,3.0,2.0,2.0,5.0,5.0,9.0,2.0,0.0,101.0,1.0,6.0,1.0,2.0,3.0,0.0,0.0,2.0,0.0,0.0,0.0,65.22,0.0,40.0,40.0,50.0,50.0,66.67,75.0,0.1242137798573074,0.256358590887892,1.0,5.0,0.1348403599999999,1.0,1.0,7.0,0.4094524199999998,9.0,2.6732673267326734,12.475247524752476,0.0,13.366336633663366,1.7821782178217822,2.6732673267326734,1.7821782178217822,1.7821782178217822,4.455445544554456,4.455445544554456,8.01980198019802,1.7821782178217822,0.0,0.8910891089108911,5.346534653465347,0.8910891089108911,1.7821782178217822,2.6732673267326734,0.0,0.0,1.7821782178217822,0.0,0.0,0.0,65.22,0.0,40.0,40.0,50.0,50.0,66.67,75.0,0.1106855464075016,0.2284383483159433,0.8910891089108911,4.455445544554456,0.1201547762376236,0.8910891089108911,0.8910891089108911,6.237623762376238,0.3648585920792077,8.01980198019802,ST,12,43,24,27,46,64,26,34,73,70,57,64,26,46,39,22,73,88,31,51,86,41,24,26,32,24,89,65,73,73,91,68,30,68,47,80,76,58,46,93,86,53,22,81,24,62,62,95,43,59,95,95,86,92,26,65,76,32,92,100,31,51,97,41,24,26,32,24,89,65,73,73,91,68,32,89,70,95,92,70,65,100,100,86,Liga Portugal
Académico de Viseu,e7u3mygqhm9cwdarcsm03t6d1,bd0g0d91h9zyiyk8mktnmfpt6,Á. Zamora,Álvaro Zamora,24.0,Attacker,Costa Rica,Striker,15.0,24.0,3.0,39.0,1.0,1.0,2.0,2.0,1.0,3.0,7.0,0.0,0.0,169.0,1.0,3.0,6.0,0.0,0.0,1.0,0.0,0.0,0.0,0.0,0.0,76.47,75.0,0.0,0.0,50.0,46.67,50.0,0.0,0.1505223779616559,0.077450912720478,1.0,2.0,0.03992476,1.0,6.0,6.0,0.1369582,14.0,7.988165680473373,12.781065088757396,1.5976331360946745,20.76923076923077,0.5325443786982249,0.5325443786982249,1.0650887573964498,1.0650887573964498,0.5325443786982249,1.5976331360946745,3.727810650887574,0.0,0.0,0.5325443786982249,1.5976331360946745,3.195266272189349,0.0,0.0,0.5325443786982249,0.0,0.0,0.0,0.0,0.0,76.47,75.0,0.0,0.0,50.0,46.67,50.0,0.0,0.0801598462517694,0.0412460481943373,0.5325443786982249,1.0650887573964498,0.0212617065088757,0.5325443786982249,3.195266272189349,3.195266272189349,0.0729363195266272,7.455621301775148,LW,50,38,75,50,56,25,19,56,19,25,38,25,50,44,44,62,19,25,44,56,25,44,12,25,38,81,25,19,81,62,81,25,25,12,12,44,25,56,81,62,50,44,50,50,75,50,62,25,12,62,12,25,38,25,50,38,38,88,19,25,50,56,25,44,12,25,38,81,25,19,81,62,81,25,25,12,12,38,25,50,88,75,50,62,Liga Portugal
Académico de Viseu,e7u3mygqhm9cwdarcsm03t6d1,bozw8m0wz31bzaa7jyktg3cic,João Guilherme,João Guilherme de Sousa Crispim,25.0,Midfielder,Brazil,Midfielder,23.0,26.0,0.0,47.0,6.0,2.0,9.0,6.0,10.0,11.0,31.0,4.0,0.0,270.0,1.0,13.0,10.0,7.0,5.0,1.0,0.0,2.0,0.0,3.0,2.0,79.66,0.0,50.0,70.0,11.11,59.62,40.0,62.5,0.8578717188169027,0.1136057184476475,2.0,4.0,0.12726997,2.0,1.0,3.0,0.08054752,17.0,7.666666666666667,8.666666666666666,0.0,15.666666666666666,2.0,0.6666666666666666,3.0,2.0,3.333333333333333,3.6666666666666665,10.333333333333334,1.3333333333333333,0.0,0.3333333333333333,4.333333333333333,3.333333333333333,2.333333333333333,1.6666666666666667,0.3333333333333333,0.0,0.6666666666666666,0.0,1.0,0.6666666666666666,79.66,0.0,50.0,70.0,11.11,59.62,40.0,62.5,0.2859572396056342,0.0378685728158825,0.6666666666666666,1.3333333333333333,0.0424233233333333,0.6666666666666666,0.3333333333333333,1.0,0.0268491733333333,5.666666666666667,RM/RCM,75,25,38,25,100,25,100,100,50,50,100,100,62,88,75,75,50,100,62,62,75,38,88,50,75,38,100,100,75,50,100,50,100,25,38,25,25,25,38,25,25,25,50,25,38,25,100,25,100,100,50,50,100,100,62,75,50,75,50,100,50,62,75,38,75,25,75,38,100,100,75,50,100,50,100,25,25,25,25,25,25,25,25,25,Liga Portugal
Académico de Viseu,e7u3mygqhm9cwdarcsm03t6d1,cczre91rv404v648514qs00es,Alejandro Mestanza,Alejandro Mestanza,21.0,Midfielder,Spain,Midfielder,48.0,36.0,4.0,84.0,3.0,2.0,1.0,0.0,6.0,6.0,15.0,0.0,0.0,174.0,0.0,2.0,3.0,3.0,5.0,2.0,0.0,0.0,0.0,1.0,0.0,86.6,57.14,0.0,50.0,0.0,60.0,75.0,83.33,0.03241333423453,0.2035121325472254,1.0,2.0,0.07488208,0.0,5.0,4.0,0.1108448599999999,48.0,24.82758620689655,18.620689655172413,2.0689655172413794,43.44827586206897,1.5517241379310345,1.0344827586206895,0.5172413793103449,0.0,3.103448275862069,3.103448275862069,7.758620689655173,0.0,0.0,0.0,1.0344827586206895,1.5517241379310345,1.5517241379310345,2.586206896551724,1.0344827586206895,0.0,0.0,0.0,0.5172413793103449,0.0,86.6,57.14,0.0,50.0,0.0,60.0,75.0,83.33,0.0167655177075155,0.1052648961451165,0.5172413793103449,1.0344827586206895,0.0387321103448275,0.0,2.586206896551724,2.0689655172413794,0.057333548275862,24.82758620689655,DM/CM,63,56,54,64,66,70,43,34,97,97,77,11,47,39,69,60,91,86,53,50,43,49,60,33,49,59,43,63,39,81,97,86,31,83,61,54,83,24,43,37,46,69,86,63,66,74,60,74,40,34,100,100,91,11,47,39,69,66,100,89,54,50,43,49,66,33,49,59,43,63,39,81,97,86,34,86,69,57,86,24,46,40,46,80,Liga Portugal
Académico de Viseu,e7u3mygqhm9cwdarcsm03t6d1,duxfzjk9pqglkcvbapryvveju,Robinho,Ricardo Alexandre Ribeiro Vieira,29.0,Attacker,Portugal,Striker,62.0,26.0,8.0,85.0,5.0,3.0,0.0,0.0,5.0,5.0,21.0,6.0,0.0,270.0,0.0,1.0,3.0,3.0,4.0,5.0,1.0,3.0,1.0,0.0,0.0,75.89,44.44,33.33,60.0,0.0,58.33,55.56,40.0,0.0,0.4014951256525709,0.0,2.0,0.0409104899999999,1.0,5.0,8.0,0.54630142,28.0,20.666666666666668,8.666666666666666,2.6666666666666665,28.33333333333333,1.6666666666666667,1.0,0.0,0.0,1.6666666666666667,1.6666666666666667,7.0,2.0,0.0,0.0,0.3333333333333333,1.0,1.0,1.3333333333333333,1.6666666666666667,0.3333333333333333,1.0,0.3333333333333333,0.0,0.0,75.89,44.44,33.33,60.0,0.0,58.33,55.56,40.0,0.0,0.1338317085508569,0.0,0.6666666666666666,0.0136368299999999,0.3333333333333333,1.6666666666666667,2.6666666666666665,0.1821004733333333,9.333333333333334,RW,100,50,100,100,88,62,12,12,56,56,100,88,44,19,12,88,75,94,100,100,100,88,31,31,75,62,81,88,19,100,100,44,12,88,38,31,38,62,75,81,88,88,100,38,100,100,75,38,12,12,56,56,100,88,44,19,12,62,62,75,100,100,100,75,31,31,75,62,81,88,19,100,100,44,12,62,38,25,25,62,62,50,75,88,Liga Portugal
Académico de Viseu,e7u3mygqhm9cwdarcsm03t6d1,f2snfr7qvzltfng9r3bmp20o9,André Clóvis,André Clóvis Silva Filho,28.0,Attacker,Brazil,Striker,7.0,6.0,1.0,13.0,3.0,2.0,6.0,6.0,1.0,1.0,5.0,3.0,2.0,208.0,4.0,6.0,3.0,0.0,0.0,0.0,0.0,0.0,0.0,0.0,1.0,65.0,33.33,0.0,0.0,66.67,25.0,33.33,0.0,0.7147626258667024,0.1546779749397797,0.0,0.0,0.0,0.0,1.0,1.0,0.0291786399999998,5.0,3.028846153846154,2.5961538461538463,0.4326923076923077,5.625000000000001,1.2980769230769231,0.8653846153846154,2.5961538461538463,2.5961538461538463,0.4326923076923077,0.4326923076923077,2.1634615384615388,1.2980769230769231,0.8653846153846154,1.7307692307692308,2.5961538461538463,1.2980769230769231,0.0,0.0,0.0,0.0,0.0,0.0,0.0,0.4326923076923077,65.0,33.33,0.0,0.0,66.67,25.0,33.33,0.0,0.309272290038477,0.0669279699258662,0.0,0.0,0.0,0.0,0.4326923076923077,0.4326923076923077,0.0126253730769229,2.1634615384615388,ST,35,14,54,22,59,51,69,81,20,18,27,81,89,86,39,54,19,15,31,51,35,41,24,58,27,49,35,19,91,11,42,15,68,51,16,15,15,23,46,35,32,27,27,8,54,8,57,41,68,78,19,14,14,81,81,84,30,49,19,15,31,51,35,41,24,57,27,49,35,19,91,11,42,15,70,46,16,15,15,23,43,30,30,19,Liga Portugal
Nacional,99xu9ofwhlbp0lg1j4eiplgrg,12oo0syi7lvkf1ydzhjd607op,Filipe Soares,Filipe Miguel Barros Soares,27.0,Midfielder,Portugal,Midfielder,43.0,42.0,7.0,82.0,3.0,3.0,3.0,2.0,4.0,4.0,17.0,1.0,0.0,209.0,0.0,7.0,7.0,2.0,3.0,4.0,0.0,3.0,0.0,1.0,1.0,82.0,70.0,33.33,50.0,0.0,56.67,42.86,60.0,0.4483840602223438,0.3113838099469265,0.0,6.0,0.13243298,2.0,5.0,4.0,0.1541282899999999,42.0,18.51674641148325,18.086124401913874,3.014354066985646,35.31100478468899,1.2918660287081338,1.2918660287081338,1.2918660287081338,0.8612440191387559,1.7224880382775118,1.7224880382775118,7.320574162679425,0.4306220095693779,0.0,0.0,3.014354066985646,3.014354066985646,0.8612440191387559,1.2918660287081338,1.7224880382775118,0.0,1.2918660287081338,0.0,0.4306220095693779,0.4306220095693779,82.0,70.0,33.33,50.0,0.0,56.67,42.86,60.0,0.1930840450718226,0.1340887219867147,0.0,2.583732057416268,0.0570285559808612,0.8612440191387559,2.15311004784689,1.7224880382775118,0.0663710339712918,18.086124401913874,CM/AM,90,67,95,79,93,57,45,48,48,48,88,36,33,14,52,86,57,60,93,52,76,36,48,60,29,79,71,55,14,90,86,50,62,52,19,83,71,52,57,36,43,90,95,57,100,81,95,52,48,43,52,48,90,33,33,14,52,90,62,67,95,52,76,36,48,57,29,79,71,55,14,90,86,50,67,52,19,86,71,48,57,38,38,95,Liga Portugal
Nacional,99xu9ofwhlbp0lg1j4eiplgrg,1b32j0lqi7ggcabdra4tygxzo,M. Jensen,Markus Jensen,21.0,Midfielder,Denmark,Midfielder,21.0,27.0,1.0,47.0,2.0,1.0,2.0,1.0,14.0,14.0,16.0,4.0,0.0,250.0,0.0,5.0,6.0,3.0,4.0,1.0,0.0,1.0,0.0,1.0,1.0,77.05,25.0,16.67,21.43,0.0,48.48,40.0,80.0,0.1474335624724614,0.0767272362061799,1.0,2.0,0.06468513,2.0,4.0,3.0,0.13431154,23.0,7.56,9.72,0.36,16.92,0.72,0.36,0.72,0.36,5.04,5.04,5.76,1.44,0.0,0.0,1.8,2.16,1.08,1.44,0.36,0.0,0.36,0.0,0.36,0.36,77.05,25.0,16.67,21.43,0.0,48.48,40.0,80.0,0.0530760824900861,0.0276218050342247,0.36,0.72,0.0232866467999999,0.72,1.44,1.08,0.0483521544,8.280000000000001,LM/LCM,50,50,25,50,75,62,62,50,100,100,88,75,38,25,75,100,100,88,50,62,88,62,75,88,25,25,75,50,25,50,50,62,50,50,88,88,100,62,62,25,75,50,25,25,25,25,75,50,75,50,100,100,100,50,38,25,75,100,100,100,50,62,75,62,50,75,25,25,75,50,25,50,50,62,50,50,75,75,75,50,25,25,50,50,Liga Portugal
Nacional,99xu9ofwhlbp0lg1j4eiplgrg,4xx1a0gslcsf2zartt5nbonx0,Zé Vitor,José Vítor Lima Cardoso,25.0,Defender,Brazil,Defender,114.0,60.0,21.0,172.0,9.0,2.0,3.0,0.0,1.0,1.0,19.0,22.0,1.0,270.0,1.0,3.0,2.0,1.0,3.0,1.0,0.0,2.0,0.0,3.0,1.0,84.31,53.85,66.67,100.0,33.33,57.58,56.25,42.86,0.1333844507148807,0.0835792074210651,3.0,1.0,0.0241224,1.0,23.0,29.0,0.5238597599999997,97.0,38.0,20.0,7.0,57.333333333333336,3.0,0.6666666666666666,1.0,0.0,0.3333333333333333,0.3333333333333333,6.333333333333333,7.333333333333333,0.3333333333333333,0.3333333333333333,1.0,0.6666666666666666,0.3333333333333333,1.0,0.3333333333333333,0.0,0.6666666666666666,0.0,1.0,0.3333333333333333,84.31,53.85,66.67,100.0,33.33,57.58,56.25,42.86,0.0444614835716269,0.0278597358070217,1.0,0.3333333333333333,0.0080407999999999,0.3333333333333333,7.666666666666667,9.666666666666666,0.1746199199999999,32.333333333333336,CB,78,85,100,82,91,88,89,24,71,70,100,88,95,90,79,79,79,82,34,46,96,49,99,91,15,75,95,88,89,57,62,38,62,78,98,68,72,76,100,100,98,80,55,72,98,55,81,85,80,24,65,65,95,72,94,88,70,64,70,72,25,46,96,49,96,89,15,75,95,88,89,57,62,38,57,78,96,65,72,71,92,92,95,68,Liga Portugal
Nacional,99xu9ofwhlbp0lg1j4eiplgrg,5igsj45agcp6j6yh0abxrmuei,Matheus Dias,Matheus dos Santos Dias,24.0,Midfielder,Brazil,Midfielder,106.0,19.0,3.0,125.0,8.0,1.0,0.0,0.0,0.0,0.0,10.0,13.0,0.0,236.0,0.0,1.0,1.0,0.0,1.0,2.0,1.0,0.0,0.0,0.0,0.0,85.03,20.0,0.0,0.0,0.0,45.45,57.14,100.0,0.0,0.0352978847395809,0.0,1.0,0.01935132,0.0,2.0,3.0,0.10000711,94.0,40.42372881355932,7.245762711864407,1.1440677966101696,47.66949152542373,3.0508474576271185,0.3813559322033898,0.0,0.0,0.0,0.0,3.8135593220338975,4.957627118644068,0.0,0.0,0.3813559322033898,0.3813559322033898,0.0,0.3813559322033898,0.7627118644067796,0.3813559322033898,0.0,0.0,0.0,0.0,85.03,20.0,0.0,0.0,0.0,45.45,57.14,100.0,0.0,0.0134610577396706,0.0,0.3813559322033898,0.0073797406779661,0.0,0.7627118644067796,1.1440677966101696,0.0381383046610169,35.847457627118644,DM/CM,97,11,40,91,99,47,16,34,13,13,46,100,47,39,46,24,26,29,53,100,43,49,23,33,37,13,43,26,39,34,64,96,16,37,24,40,36,24,19,26,37,97,97,6,26,80,94,40,16,34,13,13,26,97,47,39,43,26,26,20,34,100,43,49,23,33,37,13,43,26,39,34,64,96,16,34,24,34,34,24,14,23,29,94,Liga Portugal
Nacional,99xu9ofwhlbp0lg1j4eiplgrg,6vqxkwgcx3qa1ke5oeutrp250,Daniel Júnior,Daniel de Melo Araujo Júnior,24.0,Midfielder,Brazil,Midfielder,29.0,42.0,7.0,68.0,0.0,6.0,3.0,0.0,7.0,7.0,20.0,1.0,0.0,251.0,0.0,0.0,13.0,4.0,2.0,1.0,0.0,3.0,1.0,3.0,2.0,80.0,63.64,33.33,57.14,0.0,66.67,0.0,66.67,0.1784498172719645,0.5762700053845871,2.0,12.0,0.29090838,3.0,7.0,7.0,0.2573061,20.0,10.398406374501992,15.0597609561753,2.50996015936255,24.382470119521912,0.0,2.1513944223107573,1.0756972111553786,0.0,2.50996015936255,2.50996015936255,7.171314741035857,0.3585657370517928,0.0,0.0,0.0,4.661354581673307,1.4342629482071714,0.7171314741035857,0.3585657370517928,0.0,1.0756972111553786,0.3585657370517928,1.0756972111553786,0.7171314741035857,80.0,63.64,33.33,57.14,0.0,66.67,0.0,66.67,0.0639859902568797,0.206630679221565,0.7171314741035857,4.302788844621515,0.104309777689243,1.0756972111553786,2.50996015936255,2.50996015936255,0.0922611513944223,7.171314741035857,RM/RCM,100,50,100,75,50,100,38,25,25,25,75,50,62,38,25,100,25,50,62,62,100,75,88,50,100,100,75,50,38,100,50,75,25,100,38,100,75,50,100,75,50,50,100,50,100,50,50,100,25,25,25,25,50,25,62,38,25,100,25,50,75,62,100,75,100,50,100,100,75,50,38,100,50,75,25,100,50,100,75,50,75,75,50,50,Liga Portugal
Nacional,99xu9ofwhlbp0lg1j4eiplgrg,94vz9l4bhvsvs9909kksvs3qh,Wesley Andrade,Wesley David de Oliveira Andrade,26.0,Defender,Brazil,Defender,28.0,43.0,1.0,66.0,2.0,3.0,5.0,2.0,3.0,5.0,9.0,7.0,0.0,219.0,0.0,7.0,2.0,2.0,1.0,5.0,0.0,5.0,0.0,3.0,3.0,88.0,33.33,50.0,66.67,0.0,47.37,40.0,33.33,0.2595278917726573,0.2863600189594052,4.0,8.0,0.20921636,2.0,3.0,1.0,0.33053652,29.0,11.506849315068497,17.67123287671233,0.4109589041095891,27.12328767123288,0.8219178082191781,1.2328767123287672,2.054794520547945,0.8219178082191781,1.2328767123287672,2.054794520547945,3.6986301369863015,2.876712328767124,0.0,0.0,2.876712328767124,0.8219178082191781,0.8219178082191781,0.4109589041095891,2.054794520547945,0.0,2.054794520547945,0.0,1.2328767123287672,1.2328767123287672,88.0,33.33,50.0,66.67,0.0,47.37,40.0,33.33,0.1066552979887632,0.1176821995723583,1.6438356164383563,3.2876712328767126,0.0859793260273972,0.8219178082191781,1.2328767123287672,0.4109589041095891,0.1358369260273972,11.917808219178085,CB,8,57,12,20,25,96,99,85,96,99,60,28,45,42,98,79,98,45,86,46,100,49,99,100,42,30,92,71,42,22,31,32,88,98,100,100,100,92,52,42,88,45,5,62,10,8,18,98,98,82,92,100,45,8,45,42,98,75,95,45,90,46,100,49,100,100,42,30,92,71,42,22,31,32,85,95,100,100,100,98,52,42,85,48,Liga Portugal
Nacional,99xu9ofwhlbp0lg1j4eiplgrg,9i1n0wl49q3swmwb582a6vg15,Léo Santos,Leonardo Rodrigues dos Santos,27.0,Defender,Brazil,Defender,124.0,47.0,18.0,169.0,12.0,4.0,5.0,5.0,1.0,1.0,16.0,20.0,1.0,270.0,1.0,8.0,1.0,1.0,1.0,1.0,1.0,2.0,1.0,0.0,0.0,85.35,50.0,100.0,100.0,20.0,64.0,66.67,50.0,0.6333217345395437,0.358584886031313,0.0,5.0,0.14465169,2.0,9.0,14.0,0.7516622700000001,88.0,41.333333333333336,15.666666666666666,6.0,56.333333333333336,4.0,1.3333333333333333,1.6666666666666667,1.6666666666666667,0.3333333333333333,0.3333333333333333,5.333333333333333,6.666666666666667,0.3333333333333333,0.3333333333333333,2.6666666666666665,0.3333333333333333,0.3333333333333333,0.3333333333333333,0.3333333333333333,0.3333333333333333,0.6666666666666666,0.3333333333333333,0.0,0.0,85.35,50.0,100.0,100.0,20.0,64.0,66.67,50.0,0.2111072448465145,0.119528295343771,0.0,1.6666666666666667,0.04821723,0.6666666666666666,3.0,4.666666666666667,0.25055409,29.33333333333333,CB,82,65,96,79,99,100,99,100,71,70,96,80,95,90,100,49,79,45,34,96,96,99,41,44,22,60,99,88,85,80,82,45,100,100,44,96,98,92,76,84,100,76,65,52,94,48,98,100,95,98,65,65,90,65,94,88,95,38,70,32,25,94,96,99,41,44,22,60,99,88,85,80,82,45,98,98,44,95,98,90,74,80,100,62,Liga Portugal
Nacional,99xu9ofwhlbp0lg1j4eiplgrg,9umchhzzczfkymvx52hhni7d,Liziero,Igor Matheus Liziero Pereira,28.0,Midfielder,Brazil,Midfielder,65.0,45.0,4.0,110.0,1.0,2.0,3.0,1.0,2.0,2.0,16.0,2.0,1.0,248.0,2.0,1.0,6.0,0.0,3.0,4.0,0.0,0.0,0.0,2.0,0.0,85.27,36.36,0.0,0.0,66.67,51.61,0.0,33.33,0.1295728266650999,0.1024673137433879,1.0,3.0,0.06458782,1.0,11.0,8.0,0.21430107,56.0,23.58870967741936,16.330645161290324,1.4516129032258065,39.91935483870968,0.3629032258064516,0.7258064516129032,1.0887096774193548,0.3629032258064516,0.7258064516129032,0.7258064516129032,5.806451612903226,0.7258064516129032,0.3629032258064516,0.7258064516129032,0.3629032258064516,2.177419354838709,0.0,1.0887096774193548,1.4516129032258065,0.0,0.0,0.0,0.7258064516129032,0.0,85.27,36.36,0.0,0.0,66.67,51.61,0.0,33.33,0.0470223967736249,0.0371857186971972,0.3629032258064516,1.0887096774193548,0.0234391282258064,0.3629032258064516,3.991935483870968,2.903225806451613,0.0777705495967742,20.32258064516129,CM/AM,100,71,79,95,38,33,45,21,26,24,81,55,81,60,10,74,14,60,93,52,24,36,76,24,67,33,24,14,76,76,24,17,33,29,50,45,48,33,88,69,62,100,100,48,76,100,38,29,38,14,19,19,71,48,81,57,10,67,14,62,86,52,24,36,76,24,67,33,24,14,76,76,24,17,24,29,38,29,29,33,86,67,48,100,Liga Portugal
Nacional,99xu9ofwhlbp0lg1j4eiplgrg,c38u6t2mr5f441tcuxlwpulpm,Miguel Baeza,Miguel Baeza,26.0,Midfielder,Spain,Midfielder,24.0,21.0,3.0,44.0,2.0,2.0,1.0,1.0,1.0,1.0,4.0,3.0,1.0,194.0,1.0,4.0,1.0,0.0,1.0,0.0,0.0,1.0,0.0,0.0,0.0,88.0,100.0,100.0,0.0,100.0,44.44,40.0,100.0,0.1030722025797006,0.2167441125536654,0.0,2.0,0.04282587,1.0,6.0,5.0,0.1898201899999999,25.0,11.134020618556702,9.742268041237114,1.3917525773195878,20.41237113402062,0.9278350515463918,0.9278350515463918,0.4639175257731959,0.4639175257731959,0.4639175257731959,0.4639175257731959,1.855670103092784,1.3917525773195878,0.4639175257731959,0.4639175257731959,1.855670103092784,0.4639175257731959,0.0,0.4639175257731959,0.0,0.0,0.4639175257731959,0.0,0.0,0.0,88.0,100.0,100.0,0.0,100.0,44.44,40.0,100.0,0.0478170011967683,0.1005513924218035,0.0,0.9278350515463918,0.0198676716494845,0.4639175257731959,2.783505154639176,2.31958762886598,0.0880609128865979,11.597938144329898,CM/AM,71,10,67,31,67,33,14,21,7,7,10,69,81,36,24,17,14,26,17,52,50,36,19,24,81,93,100,14,93,38,76,90,24,43,19,29,33,33,71,57,57,62,67,14,71,33,67,33,14,24,5,5,5,76,90,29,24,14,14,19,17,52,48,36,19,24,81,93,100,14,93,38,76,90,29,38,19,24,24,38,67,52,57,62,Liga Portugal
Nacional,99xu9ofwhlbp0lg1j4eiplgrg,dpuj6vhkxhoujjxlqq3uw11jo,Pablo Ruan,Pablo Ruan Messias Cardozo,23.0,Attacker,Brazil,Striker,12.0,18.0,1.0,30.0,10.0,2.0,8.0,7.0,0.0,0.0,14.0,2.0,0.0,268.0,1.0,11.0,3.0,0.0,1.0,0.0,0.0,0.0,0.0,1.0,3.0,71.43,100.0,0.0,0.0,12.5,50.0,52.63,100.0,0.7603798104106195,0.0,1.0,0.0,0.0,0.0,1.0,2.0,0.0227400399999999,7.0,4.029850746268656,6.044776119402985,0.335820895522388,10.07462686567164,3.3582089552238803,0.6716417910447761,2.686567164179104,2.3507462686567164,0.0,0.0,4.701492537313433,0.6716417910447761,0.0,0.335820895522388,3.694029850746269,1.007462686567164,0.0,0.335820895522388,0.0,0.0,0.0,0.0,0.335820895522388,1.007462686567164,71.43,100.0,0.0,0.0,12.5,50.0,52.63,100.0,0.2553514288692379,0.0,0.335820895522388,0.0,0.0,0.0,0.335820895522388,0.6716417910447761,0.0076365805970148,2.3507462686567164,RW,38,25,62,25,100,25,100,100,12,12,88,56,44,56,88,88,19,44,44,50,12,38,75,100,38,94,12,19,38,88,88,94,88,12,81,12,12,31,19,12,12,12,25,25,62,25,100,25,88,100,12,12,62,38,44,50,88,88,19,38,44,50,12,38,62,100,38,94,12,19,38,88,88,94,88,12,75,12,12,31,12,12,12,12,Liga Portugal
Santa Clara,cmbqc74mshg77ra7mywec2a6b,1i7lxt3ijmk984rn2ioys94ut,Pedro Pacheco,Pedro Jorge Pacheco Seabra,29.0,Defender,Portugal,Defender,91.0,30.0,12.0,121.0,2.0,0.0,1.0,0.0,0.0,0.0,6.0,25.0,0.0,270.0,0.0,1.0,1.0,0.0,2.0,5.0,0.0,0.0,0.0,1.0,0.0,85.21,48.0,0.0,0.0,0.0,50.0,50.0,66.67,0.0398409446952133,0.0,0.0,2.0,0.0348216,0.0,8.0,10.0,0.16170304,81.0,30.33333333333333,10.0,4.0,40.333333333333336,0.6666666666666666,0.0,0.3333333333333333,0.0,0.0,0.0,2.0,8.333333333333334,0.0,0.0,0.3333333333333333,0.3333333333333333,0.0,0.6666666666666666,1.6666666666666667,0.0,0.0,0.0,0.3333333333333333,0.0,85.21,48.0,0.0,0.0,0.0,50.0,50.0,66.67,0.0132803148984044,0.0,0.0,0.6666666666666666,0.0116072,0.0,2.6666666666666665,3.333333333333333,0.0539010133333333,27.0,CB,57,38,80,48,25,30,54,24,30,30,31,95,45,42,40,49,32,69,86,46,45,49,88,44,20,52,45,32,42,34,48,57,48,36,44,79,75,34,70,72,62,68,25,22,65,25,14,30,46,24,30,30,9,92,45,42,32,38,32,60,75,46,45,49,85,44,20,52,45,32,42,34,48,57,45,36,44,76,75,34,69,71,57,57,Liga Portugal
Santa Clara,cmbqc74mshg77ra7mywec2a6b,2aumz6rtq4ufba7z7zn5v8frp,Gonçalo Paciência,Gonçalo Mendes Paciência,32.0,Attacker,Portugal,Striker,9.0,15.0,3.0,24.0,6.0,1.0,14.0,9.0,8.0,8.0,18.0,3.0,4.0,227.0,7.0,11.0,5.0,4.0,3.0,0.0,0.0,0.0,0.0,5.0,3.0,58.54,42.86,0.0,50.0,50.0,46.15,54.55,100.0,1.8565005623827264,0.1468206458259797,3.0,1.0,0.02401521,1.0,3.0,5.0,0.13186891,12.0,3.5682819383259914,5.9471365638766525,1.1894273127753303,9.515418502202644,2.378854625550661,0.3964757709251101,5.550660792951542,3.5682819383259914,3.1718061674008813,3.1718061674008813,7.136563876651983,1.1894273127753303,1.5859030837004406,2.775330396475771,4.361233480176211,1.9823788546255507,1.5859030837004406,1.1894273127753303,0.0,0.0,0.0,0.0,1.9823788546255507,1.1894273127753303,58.54,42.86,0.0,50.0,50.0,46.15,54.55,100.0,0.736057491693592,0.0582108287415778,1.1894273127753303,0.3964757709251101,0.0095214488986784,0.3964757709251101,1.1894273127753303,1.9823788546255507,0.0522828277533039,4.757709251101322,ST,55,46,88,46,88,31,99,95,91,88,82,81,99,100,65,84,88,88,31,51,35,41,99,96,11,57,35,77,73,62,77,86,95,49,88,41,41,58,76,76,54,77,32,32,89,24,78,22,97,89,81,78,76,76,97,97,62,73,84,78,31,51,35,41,100,89,11,57,35,77,73,62,77,86,97,43,84,36,35,49,76,73,51,59,Liga Portugal
Santa Clara,cmbqc74mshg77ra7mywec2a6b,2qm5o47nieer84hlce71ol7o4,Sorriso,Luiz Fernando Salles de Castro,20.0,Attacker,Brazil,Striker,11.0,20.0,2.0,27.0,2.0,5.0,6.0,4.0,8.0,9.0,11.0,3.0,0.0,205.0,1.0,11.0,4.0,4.0,0.0,1.0,0.0,4.0,1.0,2.0,5.0,79.41,40.0,80.0,50.0,16.67,45.83,40.0,0.0,0.4677295292934018,0.3966312795089004,5.0,3.0,0.08220714,1.0,2.0,6.0,0.2476044699999999,10.0,4.829268292682927,8.78048780487805,0.8780487804878049,11.853658536585366,0.8780487804878049,2.1951219512195124,2.6341463414634148,1.7560975609756098,3.5121951219512195,3.951219512195122,4.829268292682927,1.3170731707317074,0.0,0.4390243902439024,4.829268292682927,1.7560975609756098,1.7560975609756098,0.0,0.4390243902439024,0.0,1.7560975609756098,0.4390243902439024,0.8780487804878049,2.1951219512195124,79.41,40.0,80.0,50.0,16.67,45.83,40.0,0.0,0.2053446713971032,0.1741308056380538,2.1951219512195124,1.3170731707317074,0.0360909395121951,0.4390243902439024,0.8780487804878049,2.6341463414634148,0.1087044014634146,4.390243902439025,ST,74,55,72,53,46,86,69,59,91,92,73,81,26,46,65,69,88,15,73,51,95,89,80,100,70,53,100,77,36,59,51,15,51,86,97,69,73,58,66,85,70,64,57,59,73,43,35,92,70,57,84,89,57,84,26,46,70,68,89,15,70,51,95,89,76,100,70,53,100,77,36,59,51,15,54,86,97,65,68,54,62,86,70,51,Liga Portugal
Santa Clara,cmbqc74mshg77ra7mywec2a6b,3776gjrdiqfvch2wk5kde2w2x,Diogo Calila,Diogo dos Santos Cabral,27.0,Defender,Mozambique,Defender,43.0,35.0,7.0,74.0,4.0,3.0,1.0,1.0,2.0,2.0,18.0,7.0,0.0,265.0,0.0,2.0,5.0,0.0,6.0,5.0,0.0,4.0,1.0,0.0,0.0,77.08,46.67,40.0,0.0,0.0,54.55,44.44,66.67,0.0743535134844776,0.2786513612155688,0.0,5.0,0.10901275,5.0,5.0,9.0,0.2109452799999999,37.0,14.60377358490566,11.886792452830187,2.3773584905660377,25.132075471698112,1.3584905660377358,1.018867924528302,0.3396226415094339,0.3396226415094339,0.6792452830188679,0.6792452830188679,6.113207547169811,2.3773584905660377,0.0,0.0,0.6792452830188679,1.6981132075471697,0.0,2.037735849056604,1.6981132075471697,0.0,1.3584905660377358,0.3396226415094339,0.0,0.0,77.08,46.67,40.0,0.0,0.0,54.55,44.44,66.67,0.0252521366551056,0.0946363113562309,0.0,1.6981132075471697,0.0370231981132075,1.6981132075471697,1.6981132075471697,3.056603773584905,0.0716417932075471,12.566037735849056,RB/RCB,62,66,78,59,78,72,69,78,59,56,94,53,53,44,62,91,25,94,97,53,91,94,47,44,19,69,75,25,44,44,56,56,69,75,44,84,81,88,69,84,62,75,38,38,75,31,69,62,62,75,38,38,69,38,53,44,50,88,25,81,81,53,94,88,47,44,19,69,75,25,44,44,56,56,56,69,44,88,75,88,69,81,62,62,Liga Portugal
Santa Clara,cmbqc74mshg77ra7mywec2a6b,4dwkdr1ctq1vxtbyforskrhn8,Djé Tavares,José Luís Rocha Tavares,23.0,Midfielder,Cabo Verde,Midfielder,20.0,18.0,3.0,38.0,3.0,3.0,1.0,1.0,5.0,5.0,16.0,4.0,0.0,234.0,0.0,1.0,3.0,3.0,4.0,0.0,0.0,0.0,0.0,0.0,1.0,79.17,42.86,0.0,60.0,0.0,55.17,0.0,57.14,0.1127450662126412,0.129246506175602,0.0,1.0,0.03511326,0.0,5.0,4.0,0.08046273,15.0,7.692307692307692,6.9230769230769225,1.1538461538461535,14.615384615384617,1.1538461538461535,1.1538461538461535,0.3846153846153846,0.3846153846153846,1.923076923076923,1.923076923076923,6.153846153846153,1.5384615384615383,0.0,0.0,0.3846153846153846,1.1538461538461535,1.1538461538461535,1.5384615384615383,0.0,0.0,0.0,0.0,0.0,0.3846153846153846,79.17,42.86,0.0,60.0,0.0,55.17,0.0,57.14,0.043363487004862,0.0497101946829238,0.0,0.3846153846153846,0.0135050999999999,0.0,1.923076923076923,1.5384615384615383,0.0309472038461538,5.769230769230769,DM/CM,7,6,40,3,66,83,43,76,93,91,84,64,47,39,46,60,91,79,11,50,43,49,23,81,16,34,43,67,39,63,17,56,63,69,24,40,49,24,43,37,23,14,3,3,31,3,54,80,34,71,89,89,80,57,47,39,46,49,87,74,11,50,43,49,23,79,16,34,43,67,39,63,17,56,51,63,24,37,43,24,37,31,17,14,Liga Portugal
Santa Clara,cmbqc74mshg77ra7mywec2a6b,54ufz1uj4hkihp7ghf9u4x1m2,Vinícius Lopes,Vinícius Lopes da Silva,27.0,Attacker,Brazil,Striker,10.0,13.0,0.0,21.0,0.0,4.0,3.0,2.0,14.0,14.0,20.0,1.0,0.0,208.0,1.0,13.0,5.0,7.0,5.0,1.0,0.0,2.0,0.0,1.0,0.0,72.41,0.0,50.0,50.0,33.33,48.78,0.0,62.5,0.385385975740214,0.2335222214794757,2.0,2.0,0.07020264,2.0,0.0,0.0,0.46181792,6.0,4.3269230769230775,5.625000000000001,0.0,9.086538461538462,0.0,1.7307692307692308,1.2980769230769231,0.8653846153846154,6.057692307692308,6.057692307692308,8.653846153846155,0.4326923076923077,0.0,0.4326923076923077,5.625000000000001,2.1634615384615388,3.028846153846154,2.1634615384615388,0.4326923076923077,0.0,0.8653846153846154,0.0,0.4326923076923077,0.0,72.41,0.0,50.0,50.0,33.33,48.78,0.0,62.5,0.1667535471952849,0.1010432689093885,0.8653846153846154,0.8653846153846154,0.0303761423076923,0.8653846153846154,0.0,0.0,0.1998250615384615,2.5961538461538463,ST,65,41,24,42,12,74,36,34,97,97,88,50,26,46,80,84,100,96,73,51,86,41,59,26,49,24,93,77,50,68,12,57,43,62,74,58,68,78,16,14,92,34,49,27,24,22,12,70,30,30,100,100,89,46,26,43,78,86,97,97,68,51,84,41,57,26,49,24,93,77,50,68,12,57,43,62,68,57,59,68,16,14,86,30,Liga Portugal
Santa Clara,cmbqc74mshg77ra7mywec2a6b,6fno1nklmlp93liytohma0mol,Pedro Ferreira,Pedro Miguel Dinis Ferreira,28.0,Midfielder,Portugal,Midfielder,53.0,42.0,6.0,95.0,3.0,2.0,2.0,0.0,0.0,0.0,15.0,5.0,0.0,270.0,0.0,2.0,1.0,0.0,8.0,4.0,0.0,0.0,0.0,2.0,1.0,79.17,28.57,0.0,0.0,0.0,60.0,75.0,72.73,0.0817991299149731,0.0740741529789541,2.0,3.0,0.05740611,0.0,5.0,6.0,0.1044449599999999,47.0,17.666666666666668,14.0,2.0,31.666666666666668,1.0,0.6666666666666666,0.6666666666666666,0.0,0.0,0.0,5.0,1.6666666666666667,0.0,0.0,0.6666666666666666,0.3333333333333333,0.0,2.6666666666666665,1.3333333333333333,0.0,0.0,0.0,0.6666666666666666,0.3333333333333333,79.17,28.57,0.0,0.0,0.0,60.0,75.0,72.73,0.0272663766383243,0.024691384326318,0.6666666666666666,1.0,0.01913537,0.0,1.6666666666666667,2.0,0.0348149866666666,15.666666666666666,DM/CM,74,67,76,71,66,70,66,34,13,13,77,74,47,39,69,24,26,97,83,50,43,49,83,81,16,27,43,26,39,81,97,71,49,49,83,70,63,24,43,50,40,66,40,40,61,29,47,63,50,34,13,13,64,64,47,39,57,16,26,91,70,50,43,49,71,67,16,27,43,26,39,81,97,71,37,40,74,54,54,24,31,34,26,54,Liga Portugal
Santa Clara,cmbqc74mshg77ra7mywec2a6b,ca1yl6rf2gz4cs5omm9clf2sp,Sidney Lima,Sidney Alexssander Pena de Lima,29.0,Defender,Brazil,Defender,37.0,18.0,3.0,55.0,3.0,0.0,1.0,0.0,0.0,0.0,4.0,8.0,0.0,90.0,0.0,0.0,1.0,0.0,0.0,2.0,0.0,0.0,0.0,1.0,0.0,91.67,42.86,0.0,0.0,0.0,57.14,50.0,0.0,0.0385795149044639,0.0,1.0,0.0,0.0,0.0,1.0,2.0,0.05718808,36.0,37.0,18.0,3.0,55.0,3.0,0.0,1.0,0.0,0.0,0.0,4.0,8.0,0.0,0.0,0.0,1.0,0.0,0.0,2.0,0.0,0.0,0.0,1.0,0.0,91.67,42.86,0.0,0.0,0.0,57.14,50.0,0.0,0.0385795149044639,0.0,1.0,0.0,0.0,0.0,1.0,2.0,0.05718808,36.0,CB,16,25,30,12,39,30,54,24,30,30,16,34,45,42,15,49,32,14,55,46,45,49,88,44,71,48,45,32,42,52,48,14,45,36,91,31,31,34,45,50,45,50,51,65,45,44,81,30,80,24,30,30,60,85,45,42,15,84,32,14,86,46,45,49,96,44,71,48,45,32,42,52,48,14,55,36,96,31,31,34,46,59,62,72,Liga Portugal
Santa Clara,cmbqc74mshg77ra7mywec2a6b,dt01awyt3xvq2soxhr6oqb4lw,Emanuel Moreira,Emanuel Moreira Fernandes,23.0,Defender,Portugal,Defender,48.0,17.0,2.0,65.0,4.0,0.0,1.0,1.0,0.0,0.0,7.0,5.0,0.0,180.0,0.0,4.0,2.0,0.0,0.0,0.0,0.0,0.0,0.0,0.0,1.0,82.28,13.33,0.0,0.0,0.0,77.78,80.0,0.0,0.0980039445321554,0.0,0.0,0.0,0.0,0.0,3.0,3.0,0.0726555,38.0,24.0,8.5,1.0,32.5,2.0,0.0,0.5,0.5,0.0,0.0,3.5,2.5,0.0,0.0,2.0,1.0,0.0,0.0,0.0,0.0,0.0,0.0,0.0,0.5,82.28,13.33,0.0,0.0,0.0,77.78,80.0,0.0,0.0490019722660777,0.0,0.0,0.0,0.0,0.0,1.5,1.5,0.03632775,19.0,CB,22,22,21,16,52,30,54,62,30,30,40,14,45,42,88,79,32,14,10,46,45,49,41,91,10,12,45,32,42,98,96,14,50,36,44,31,31,34,52,55,50,54,12,18,22,10,54,30,59,71,30,30,39,5,45,42,89,84,32,14,10,46,45,49,41,95,10,12,45,32,42,98,96,14,62,36,44,31,31,34,55,50,42,54,Liga Portugal
Santa Clara,cmbqc74mshg77ra7mywec2a6b,et878b7bvcbvteu20cckyx6qy,Daniel Borges,Daniel Borges da Silva,23.0,Midfielder,Brazil,Midfielder,28.0,23.0,2.0,51.0,8.0,1.0,4.0,3.0,3.0,3.0,18.0,7.0,0.0,234.0,1.0,6.0,5.0,3.0,2.0,3.0,0.0,0.0,0.0,1.0,1.0,77.27,50.0,0.0,100.0,25.0,51.43,57.14,66.67,0.4343421297067735,0.0,2.0,0.0,0.0,1.0,2.0,3.0,0.0487665699999999,20.0,10.769230769230768,8.846153846153847,0.7692307692307692,19.615384615384613,3.0769230769230766,0.3846153846153846,1.5384615384615383,1.1538461538461535,1.1538461538461535,1.1538461538461535,6.9230769230769225,2.692307692307692,0.0,0.3846153846153846,2.3076923076923075,1.923076923076923,1.1538461538461535,0.7692307692307692,1.1538461538461535,0.0,0.0,0.0,0.3846153846153846,0.3846153846153846,77.27,50.0,0.0,100.0,25.0,51.43,57.14,66.67,0.1670546652718359,0.0,0.7692307692307692,0.0,0.0,0.3846153846153846,0.7692307692307692,1.1538461538461535,0.018756373076923,7.692307692307692,DM/CM,19,20,26,24,99,47,94,97,76,76,93,89,47,84,96,93,91,50,69,50,43,49,60,81,9,46,43,90,77,51,64,60,97,17,83,16,16,57,19,26,17,20,6,9,20,6,97,43,91,94,69,69,86,83,47,83,91,80,87,43,60,50,43,49,54,79,9,46,43,90,77,51,64,60,94,17,83,16,16,51,17,26,14,17,Liga Portugal
Santa Clara,cmbqc74mshg77ra7mywec2a6b,mlxww3jvhdzq13ecybrtw9gp,Guilherme Romão,Guilherme Kennedy Romão,28.0,Defender,Brazil,Defender,29.0,34.0,2.0,62.0,4.0,3.0,0.0,0.0,4.0,4.0,14.0,16.0,0.0,270.0,0.0,1.0,4.0,2.0,0.0,3.0,0.0,1.0,0.0,0.0,0.0,73.81,20.0,20.0,50.0,0.0,58.33,66.67,0.0,0.0,0.3257069729223308,0.0,1.0,0.02122129,4.0,9.0,5.0,0.2121284499999999,36.0,9.666666666666666,11.333333333333334,0.6666666666666666,20.666666666666668,1.3333333333333333,1.0,0.0,0.0,1.3333333333333333,1.3333333333333333,4.666666666666667,5.333333333333333,0.0,0.0,0.3333333333333333,1.3333333333333333,0.6666666666666666,0.0,1.0,0.0,0.3333333333333333,0.0,0.0,0.0,73.81,20.0,20.0,50.0,0.0,58.33,66.67,0.0,0.0,0.1085689909741102,0.0,0.3333333333333333,0.0070737633333333,1.3333333333333333,3.0,1.6666666666666667,0.0707094833333333,12.0,LB/LCB,26,63,24,47,82,79,37,50,71,71,87,100,50,47,58,92,74,5,74,50,55,47,37,47,5,8,47,74,47,58,66,5,37,95,42,66,66,100,87,71,68,79,11,37,11,11,63,66,37,50,47,47,74,100,50,47,50,84,50,5,63,50,47,47,37,47,5,8,47,74,47,58,66,5,37,68,42,61,58,95,79,42,53,58,Liga Portugal
Marítimo,7kfx3xpj2c2wxinsyi16i9gaz,1arszie3v8bks90bcetskhwfe,Adrián Butzke,Adrián Butzke,27.0,Attacker,Spain,Striker,8.0,21.0,3.0,28.0,13.0,5.0,6.0,6.0,2.0,2.0,20.0,5.0,1.0,250.0,1.0,16.0,5.0,0.0,1.0,0.0,0.0,1.0,0.0,0.0,1.0,56.0,100.0,33.33,0.0,16.67,50.0,48.15,50.0,0.7346719311369122,0.3638174573688947,1.0,3.0,0.06732521,2.0,1.0,3.0,0.26395083,11.0,2.88,7.56,1.08,10.08,4.680000000000001,1.8,2.16,2.16,0.72,0.72,7.2,1.8,0.36,0.36,5.76,1.8,0.0,0.36,0.0,0.0,0.36,0.0,0.0,0.36,56.0,100.0,33.33,0.0,16.67,50.0,48.15,50.0,0.2644818952092884,0.1309742846528021,0.36,1.08,0.0242370755999999,0.72,0.36,1.08,0.0950222988,3.96,ST,45,62,88,58,97,86,69,81,32,30,88,100,66,46,92,84,19,46,31,51,74,41,24,58,8,95,84,19,36,73,62,43,70,84,47,69,62,78,46,59,76,70,24,46,86,30,95,78,54,68,22,19,78,95,65,35,81,70,19,32,31,51,76,41,24,51,8,95,84,19,36,73,62,43,62,73,38,62,57,65,35,51,65,46,Liga Portugal
Marítimo,7kfx3xpj2c2wxinsyi16i9gaz,2jl9lfqd2q74iwamx7g0xva50,Rafael Fernandes,Rafael Tavares Gomes Fernandes,24.0,Defender,Portugal,Defender,97.0,15.0,2.0,112.0,11.0,1.0,1.0,1.0,0.0,0.0,15.0,24.0,0.0,270.0,0.0,2.0,2.0,0.0,3.0,1.0,0.0,0.0,0.0,0.0,0.0,86.15,22.22,0.0,0.0,0.0,65.22,64.71,100.0,0.1415262705727044,0.0,0.0,0.0,0.0,0.0,0.0,1.0,0.0624549299999999,33.0,32.333333333333336,5.0,0.6666666666666666,37.333333333333336,3.6666666666666665,0.3333333333333333,0.3333333333333333,0.3333333333333333,0.0,0.0,5.0,8.0,0.0,0.0,0.6666666666666666,0.6666666666666666,0.0,1.0,0.3333333333333333,0.0,0.0,0.0,0.0,0.0,86.15,22.22,0.0,0.0,0.0,65.22,64.71,100.0,0.0471754235242347,0.0,0.0,0.0,0.0,0.0,0.0,0.3333333333333333,0.0208183099999999,11.0,CB,62,18,21,42,95,70,54,62,30,30,92,92,45,42,64,79,32,82,34,46,45,49,41,44,30,18,45,32,42,82,75,82,65,36,44,31,31,34,21,42,48,48,30,5,15,22,90,65,46,54,30,30,86,85,45,42,54,64,32,72,25,46,45,49,41,44,30,18,45,32,42,82,75,82,60,36,44,31,31,34,21,40,40,45,Liga Portugal
Marítimo,7kfx3xpj2c2wxinsyi16i9gaz,5cg0ahxt9ati55rhnamlf9qeh,S. Bouzaidi,Mohamed Bouzaidi Diouri,26.0,Attacker,Morocco,Striker,20.0,39.0,0.0,58.0,1.0,5.0,4.0,4.0,4.0,4.0,5.0,2.0,1.0,221.0,1.0,8.0,2.0,1.0,0.0,0.0,0.0,1.0,0.0,0.0,1.0,81.69,0.0,33.33,25.0,25.0,19.23,20.0,0.0,0.4981451853553414,0.4365775834263053,0.0,7.0,0.20379786,2.0,5.0,3.0,0.34452002,18.0,8.144796380090497,15.88235294117647,0.0,23.61990950226244,0.4072398190045249,2.0361990950226243,1.6289592760180995,1.6289592760180995,1.6289592760180995,1.6289592760180995,2.0361990950226243,0.8144796380090498,0.4072398190045249,0.4072398190045249,3.257918552036199,0.8144796380090498,0.4072398190045249,0.0,0.0,0.0,0.4072398190045249,0.0,0.0,0.4072398190045249,81.69,0.0,33.33,25.0,25.0,19.23,20.0,0.0,0.2028645551220847,0.1777917760559614,0.0,2.850678733031674,0.0829946036199095,0.8144796380090498,2.0361990950226243,1.2217194570135743,0.1403022705882352,7.330316742081448,RW,75,88,31,75,44,100,62,81,38,38,19,56,94,56,75,50,38,19,44,50,50,38,31,75,100,31,81,44,56,12,38,19,75,100,38,100,100,88,75,25,50,75,62,100,31,62,38,100,62,88,38,38,25,62,88,62,75,38,38,19,44,50,50,38,31,62,100,31,81,44,56,12,38,19,62,100,38,88,88,75,75,25,62,62,Liga Portugal
Marítimo,7kfx3xpj2c2wxinsyi16i9gaz,5zbaigi2kpo930z50irfq11p1,Paulo Henrique,Paulo Henrique Rodrigues Cabral,29.0,Defender,Portugal,Defender,42.0,29.0,6.0,67.0,5.0,0.0,3.0,2.0,4.0,4.0,12.0,7.0,1.0,270.0,1.0,3.0,2.0,2.0,3.0,4.0,0.0,4.0,0.0,1.0,0.0,82.72,60.0,23.53,50.0,33.33,50.0,71.43,100.0,0.2711442532702718,0.0,0.0,1.0,0.02385149,3.0,7.0,7.0,0.58243044,29.0,14.0,9.666666666666666,2.0,22.33333333333333,1.6666666666666667,0.0,1.0,0.6666666666666666,1.3333333333333333,1.3333333333333333,4.0,2.333333333333333,0.3333333333333333,0.3333333333333333,1.0,0.6666666666666666,0.6666666666666666,1.0,1.3333333333333333,0.0,1.3333333333333333,0.0,0.3333333333333333,0.0,82.72,60.0,23.53,50.0,33.33,50.0,71.43,100.0,0.0903814177567572,0.0,0.0,0.3333333333333333,0.0079504966666666,1.0,2.333333333333333,2.333333333333333,0.19414348,9.666666666666666,LB/LCB,68,47,84,53,97,16,97,100,71,71,68,71,100,97,89,66,74,68,87,50,100,47,84,47,47,79,53,74,97,47,82,92,100,21,42,66,74,92,79,89,100,71,21,16,71,21,82,16,97,100,47,47,55,39,100,97,82,55,50,39,84,50,100,47,74,47,47,79,53,74,97,47,82,92,100,21,42,61,63,84,68,74,95,42,Liga Portugal
Marítimo,7kfx3xpj2c2wxinsyi16i9gaz,731oal9g3hg04ku6mn4doxx7u,Romain Correia,Romain Rodrigues Correia,26.0,Defender,Portugal,Defender,106.0,25.0,7.0,131.0,4.0,0.0,2.0,2.0,1.0,1.0,8.0,15.0,0.0,270.0,0.0,2.0,1.0,1.0,2.0,3.0,0.0,0.0,0.0,0.0,0.0,90.34,38.89,0.0,100.0,0.0,57.14,50.0,100.0,0.2309074970014636,0.0,0.0,0.0,0.0,0.0,6.0,6.0,0.1592392099999999,84.0,35.333333333333336,8.333333333333334,2.333333333333333,43.66666666666666,1.3333333333333333,0.0,0.6666666666666666,0.6666666666666666,0.3333333333333333,0.3333333333333333,2.6666666666666665,5.0,0.0,0.0,0.6666666666666666,0.3333333333333333,0.3333333333333333,0.6666666666666666,1.0,0.0,0.0,0.0,0.0,0.0,90.34,38.89,0.0,100.0,0.0,57.14,50.0,100.0,0.0769691656671545,0.0,0.0,0.0,0.0,0.0,2.0,2.0,0.0530797366666666,28.0,CB,70,31,55,60,52,30,76,85,71,70,51,65,45,42,64,49,79,69,69,46,45,49,41,44,62,35,45,88,42,52,48,82,82,36,44,31,31,34,62,61,60,70,45,15,41,28,34,30,65,76,65,65,22,40,45,42,54,38,70,60,55,46,45,49,41,44,62,35,45,88,42,52,48,82,80,36,44,31,31,34,62,59,55,60,Liga Portugal
Marítimo,7kfx3xpj2c2wxinsyi16i9gaz,7m2za4jynw9fdc2ax1455ibpx,Igor Julião,Igor de Carvalho Julião,32.0,Defender,Brazil,Defender,21.0,26.0,1.0,47.0,3.0,3.0,0.0,0.0,3.0,4.0,15.0,7.0,0.0,270.0,0.0,2.0,2.0,1.0,5.0,4.0,0.0,0.0,0.0,0.0,0.0,78.33,33.33,0.0,33.33,0.0,48.39,37.5,55.56,0.0,0.2746955243796204,0.0,2.0,0.04467015,1.0,4.0,4.0,0.10536812,27.0,7.0,8.666666666666666,0.3333333333333333,15.666666666666666,1.0,1.0,0.0,0.0,1.0,1.3333333333333333,5.0,2.333333333333333,0.0,0.0,0.6666666666666666,0.6666666666666666,0.3333333333333333,1.6666666666666667,1.3333333333333333,0.0,0.0,0.0,0.0,0.0,78.33,33.33,0.0,33.33,0.0,48.39,37.5,55.56,0.0,0.0915651747932068,0.0,0.6666666666666666,0.01489005,0.3333333333333333,1.3333333333333333,1.3333333333333333,0.0351227066666666,9.0,RB/RCB,19,31,22,31,56,72,28,34,81,84,81,53,53,44,62,66,66,84,78,53,28,44,47,44,25,47,28,53,44,25,50,50,28,69,44,59,50,59,56,56,44,53,6,6,19,6,50,50,28,34,66,69,56,31,53,44,31,41,50,62,56,53,28,44,47,44,25,47,28,53,44,25,50,50,28,50,44,50,50,56,56,44,44,38,Liga Portugal
Marítimo,7kfx3xpj2c2wxinsyi16i9gaz,955yw97qoi7rsgbwqq5mm86sq,V. Danilović,Vladan Danilovic,27.0,Midfielder,Bosnia and Herzegovina,Midfielder,67.0,47.0,9.0,114.0,6.0,0.0,3.0,2.0,1.0,1.0,13.0,4.0,0.0,252.0,1.0,2.0,3.0,0.0,3.0,4.0,0.0,0.0,0.0,1.0,1.0,90.48,64.29,0.0,0.0,33.33,54.17,66.67,75.0,0.3231855524527505,0.0,1.0,3.0,0.0637928899999999,1.0,9.0,11.0,0.2577849299999999,59.0,23.92857142857143,16.78571428571429,3.2142857142857144,40.71428571428572,2.142857142857143,0.0,1.0714285714285714,0.7142857142857143,0.3571428571428571,0.3571428571428571,4.642857142857143,1.4285714285714286,0.0,0.3571428571428571,0.7142857142857143,1.0714285714285714,0.0,1.0714285714285714,1.4285714285714286,0.0,0.0,0.0,0.3571428571428571,0.3571428571428571,90.48,64.29,0.0,0.0,33.33,54.17,66.67,75.0,0.115423411590268,0.0,0.3571428571428571,1.0714285714285714,0.0227831749999999,0.3571428571428571,3.2142857142857144,3.928571428571429,0.0920660464285714,21.071428571428573,DM/CM,89,76,93,83,93,16,83,90,37,37,69,64,47,84,69,60,26,66,83,50,43,49,60,81,76,69,43,26,83,54,84,77,89,17,61,70,74,57,71,86,77,80,74,49,86,66,81,16,83,87,29,29,49,54,47,80,60,46,26,63,77,50,43,49,51,74,76,69,43,26,83,54,84,77,89,17,54,63,60,49,60,71,66,66,Liga Portugal
Marítimo,7kfx3xpj2c2wxinsyi16i9gaz,9dm359vn9nn8jzgh7nw614zkk,Rodrigo Andrade,Rodrigo Marcos Rodrigues Andrade,24.0,Midfielder,Portugal,Midfielder,41.0,28.0,2.0,69.0,5.0,1.0,2.0,0.0,0.0,0.0,18.0,9.0,0.0,268.0,0.0,0.0,3.0,0.0,7.0,1.0,0.0,0.0,0.0,2.0,1.0,82.14,50.0,0.0,0.0,0.0,54.55,71.43,70.0,0.1915346355610349,0.0997830689798854,0.0,1.0,0.01685596,2.0,5.0,6.0,0.160038,29.0,13.76865671641791,9.402985074626866,0.6716417910447761,23.17164179104477,1.67910447761194,0.335820895522388,0.6716417910447761,0.0,0.0,0.0,6.044776119402985,3.0223880597014925,0.0,0.0,0.0,1.007462686567164,0.0,2.3507462686567164,0.335820895522388,0.0,0.0,0.0,0.6716417910447761,0.335820895522388,82.14,50.0,0.0,0.0,0.0,54.55,71.43,70.0,0.0643213328376609,0.0335092395827973,0.0,0.335820895522388,0.0056605835820895,0.6716417910447761,1.67910447761194,2.014925373134328,0.0537441044776119,9.738805970149253,DM/CM,51,34,26,43,84,47,66,34,13,13,93,94,47,39,17,60,26,93,31,50,43,49,83,81,23,46,43,26,39,59,91,67,86,60,24,40,31,79,43,50,57,40,17,11,17,11,69,34,54,34,13,13,77,91,47,39,17,43,26,86,23,50,43,49,74,71,23,46,43,26,39,59,91,67,69,54,24,31,31,63,34,37,40,23,Liga Portugal
Marítimo,7kfx3xpj2c2wxinsyi16i9gaz,d0rkybarcfm1og9fejiz2347o,Martín Tejón,Martín Tejón,22.0,Midfielder,Spain,Midfielder,18.0,28.0,1.0,39.0,1.0,7.0,8.0,6.0,8.0,8.0,24.0,3.0,0.0,249.0,3.0,8.0,11.0,6.0,3.0,1.0,0.0,7.0,1.0,2.0,1.0,73.58,16.67,35.0,75.0,37.5,52.17,14.29,50.0,0.7422914242424767,0.9302622087443424,3.0,6.0,0.1503062299999999,3.0,2.0,8.0,0.4295267199999999,20.0,6.506024096385542,10.120481927710845,0.3614457831325301,14.096385542168674,0.3614457831325301,2.5301204819277108,2.891566265060241,2.1686746987951806,2.891566265060241,2.891566265060241,8.674698795180722,1.0843373493975903,0.0,1.0843373493975903,2.891566265060241,3.975903614457832,2.1686746987951806,1.0843373493975903,0.3614457831325301,0.0,2.5301204819277108,0.3614457831325301,0.7228915662650602,0.3614457831325301,73.58,16.67,35.0,75.0,37.5,52.17,14.29,50.0,0.2682981051478831,0.336239352558196,1.0843373493975903,2.1686746987951806,0.0543275530120481,1.0843373493975903,0.7228915662650602,2.891566265060241,0.1552506216867469,7.228915662650603,CM/AM,33,29,29,19,38,95,95,95,81,76,95,69,33,88,60,98,93,60,50,52,95,83,76,60,19,19,76,93,43,81,48,31,95,95,93,83,81,76,19,69,81,33,24,19,19,10,33,95,90,86,71,71,95,62,33,79,48,100,81,57,48,52,95,76,71,52,19,19,76,93,43,81,48,31,81,95,86,81,67,69,14,62,76,24,Liga Portugal
Marítimo,7kfx3xpj2c2wxinsyi16i9gaz,de1nmkgahbsrky75itebiitp1,Raphael Guzzo,Raphael Gregório Guzzo,31.0,Midfielder,Portugal,Midfielder,15.0,29.0,2.0,44.0,2.0,1.0,3.0,2.0,3.0,3.0,13.0,4.0,1.0,238.0,3.0,10.0,5.0,2.0,4.0,3.0,0.0,0.0,0.0,1.0,0.0,65.67,66.67,0.0,66.67,100.0,44.83,40.0,100.0,0.3138791658862045,0.0,1.0,1.0,0.0241224,2.0,5.0,4.0,0.0968733499999999,21.0,5.6722689075630255,10.966386554621849,0.7563025210084033,16.638655462184875,0.7563025210084033,0.3781512605042016,1.134453781512605,0.7563025210084033,1.134453781512605,1.134453781512605,4.915966386554622,1.512605042016807,0.3781512605042016,1.134453781512605,3.7815126050420167,1.8907563025210083,0.7563025210084033,1.512605042016807,1.134453781512605,0.0,0.0,0.0,0.3781512605042016,0.0,65.67,66.67,0.0,66.67,100.0,44.83,40.0,100.0,0.1186938022258756,0.0,0.3781512605042016,0.3781512605042016,0.0091219159663865,0.7563025210084033,1.8907563025210083,1.512605042016807,0.0366327794117646,7.9411764705882355,CM/AM,29,33,50,31,67,17,45,48,43,40,67,86,81,88,76,67,57,81,86,52,24,36,48,24,5,64,24,79,93,48,76,90,43,10,50,17,17,52,57,36,24,43,14,33,48,19,62,14,43,38,33,33,48,86,86,86,67,62,52,81,81,52,24,36,43,24,5,64,24,79,93,48,76,90,43,10,43,19,19,43,52,29,24,29,Liga Portugal
Casa Pia,ewsf6evtguu9j7k6js4tlgl89,26t2dvwvx2wqzf5hj59ws5all,L. Ofori,Lawrence Ofori,28.0,Midfielder,Ghana,Midfielder,49.0,63.0,1.0,112.0,1.0,3.0,2.0,1.0,3.0,3.0,11.0,5.0,0.0,270.0,0.0,1.0,5.0,1.0,3.0,4.0,0.0,0.0,0.0,1.0,1.0,86.82,25.0,0.0,33.33,0.0,47.83,25.0,75.0,0.0836450336431449,0.2053222093424338,1.0,4.0,0.07365332,0.0,15.0,16.0,0.39225533,61.0,16.333333333333332,21.0,0.3333333333333333,37.333333333333336,0.3333333333333333,1.0,0.6666666666666666,0.3333333333333333,1.0,1.0,3.6666666666666665,1.6666666666666667,0.0,0.0,0.3333333333333333,1.6666666666666667,0.3333333333333333,1.0,1.3333333333333333,0.0,0.0,0.0,0.3333333333333333,0.3333333333333333,86.82,25.0,0.0,33.33,0.0,47.83,25.0,75.0,0.0278816778810483,0.0684407364474779,0.3333333333333333,1.3333333333333333,0.0245511066666666,0.0,5.0,5.333333333333333,0.1307517766666666,20.33333333333333,DM/CM,66,89,13,80,29,83,66,76,76,76,57,74,47,39,46,93,57,66,83,50,43,49,60,81,51,20,43,56,39,39,36,77,51,86,61,86,80,24,91,93,100,86,31,74,11,60,20,70,50,69,59,59,23,64,47,39,36,74,51,56,70,50,43,49,47,67,51,20,43,56,39,39,36,77,40,74,50,67,63,24,79,80,86,60,Liga Portugal
Casa Pia,ewsf6evtguu9j7k6js4tlgl89,3k32vv3elrydevgh61aose3f9,André Geraldes,André Geraldes de Barros,35.0,Defender,Portugal,Defender,55.0,47.0,3.0,102.0,6.0,1.0,1.0,1.0,4.0,5.0,10.0,10.0,0.0,270.0,0.0,1.0,3.0,0.0,1.0,2.0,0.0,0.0,0.0,0.0,0.0,89.47,37.5,0.0,0.0,0.0,43.48,75.0,50.0,0.1013017413324785,0.0923811053958667,0.0,4.0,0.089702,3.0,7.0,7.0,0.1629967399999999,41.0,18.33333333333333,15.666666666666666,1.0,34.0,2.0,0.3333333333333333,0.3333333333333333,0.3333333333333333,1.3333333333333333,1.6666666666666667,3.333333333333333,3.333333333333333,0.0,0.0,0.3333333333333333,1.0,0.0,0.3333333333333333,0.6666666666666666,0.0,0.0,0.0,0.0,0.0,89.47,37.5,0.0,0.0,0.0,43.48,75.0,50.0,0.0337672471108261,0.0307937017986222,0.0,1.3333333333333333,0.0299006666666666,1.0,2.333333333333333,2.333333333333333,0.0543322466666666,13.666666666666666,CB,30,65,30,40,72,70,54,62,100,99,66,38,45,42,40,94,32,45,55,46,45,49,41,44,59,32,45,32,42,18,91,45,52,82,44,90,92,100,65,65,65,60,10,52,22,14,54,65,46,54,95,95,35,18,45,42,32,84,32,32,45,46,45,49,41,44,59,32,45,32,42,18,91,45,48,82,44,90,90,100,65,65,60,50,Liga Portugal
Casa Pia,ewsf6evtguu9j7k6js4tlgl89,47wasen155qbiu6pmyp3dowr9,S. Pérez,Seba Pérez,33.0,Midfielder,Colombia,Midfielder,57.0,28.0,7.0,83.0,0.0,2.0,2.0,1.0,1.0,1.0,10.0,1.0,0.0,214.0,0.0,2.0,5.0,0.0,1.0,6.0,0.0,2.0,0.0,1.0,1.0,87.37,70.0,66.67,0.0,0.0,41.67,0.0,20.0,0.1125449694242617,0.1267705920820266,1.0,0.0,0.0,0.0,7.0,10.0,0.3612377699999999,33.0,23.97196261682243,11.77570093457944,2.94392523364486,34.90654205607477,0.0,0.8411214953271028,0.8411214953271028,0.4205607476635514,0.4205607476635514,0.4205607476635514,4.205607476635514,0.4205607476635514,0.0,0.0,0.8411214953271028,2.102803738317757,0.0,0.4205607476635514,2.5233644859813085,0.0,0.8411214953271028,0.0,0.4205607476635514,0.4205607476635514,87.37,70.0,66.67,0.0,0.0,41.67,0.0,20.0,0.047331996486839,0.0533147349877681,0.4205607476635514,0.0,0.0,0.0,2.94392523364486,4.205607476635514,0.1519224266355139,13.878504672897195,DM/CM,83,34,83,60,10,70,66,76,37,37,46,29,47,39,69,93,26,29,96,50,96,49,60,81,57,86,97,26,39,17,17,17,60,66,61,16,16,24,61,81,97,50,77,26,80,49,10,66,69,77,37,37,43,26,47,39,63,94,26,29,97,50,94,49,60,89,57,86,97,26,39,17,17,17,57,69,63,16,16,24,57,74,91,43,Liga Portugal
Casa Pia,ewsf6evtguu9j7k6js4tlgl89,4v5t4x6emwd5wl7cuxl02xd2i,David Sousa,David Sousa Albino,25.0,Midfielder,Brazil,Midfielder,99.0,63.0,13.0,162.0,9.0,2.0,2.0,2.0,2.0,2.0,16.0,13.0,0.0,270.0,1.0,5.0,0.0,2.0,4.0,4.0,0.0,0.0,0.0,0.0,0.0,89.01,54.17,0.0,100.0,50.0,57.14,69.23,80.0,0.2491885559578385,0.0939419908889588,0.0,1.0,0.01870347,1.0,13.0,16.0,0.2961308599999999,101.0,33.0,21.0,4.333333333333333,54.0,3.0,0.6666666666666666,0.6666666666666666,0.6666666666666666,0.6666666666666666,0.6666666666666666,5.333333333333333,4.333333333333333,0.0,0.3333333333333333,1.6666666666666667,0.0,0.6666666666666666,1.3333333333333333,1.3333333333333333,0.0,0.0,0.0,0.0,0.0,89.01,54.17,0.0,100.0,50.0,57.14,69.23,80.0,0.0830628519859461,0.0313139969629862,0.0,0.3333333333333333,0.00623449,0.3333333333333333,4.333333333333333,5.333333333333333,0.0987102866666666,33.666666666666664,LM/LCM,100,100,100,100,100,100,62,75,50,50,88,100,38,75,75,25,75,88,100,62,38,62,25,38,50,50,38,100,75,100,100,62,75,75,38,38,25,25,100,100,100,100,100,100,100,100,100,100,50,75,25,25,75,100,38,50,50,25,75,75,75,62,38,62,25,38,50,50,38,100,75,100,100,62,75,75,38,25,25,25,100,100,100,100,Liga Portugal
Casa Pia,ewsf6evtguu9j7k6js4tlgl89,8uj1pf52hctbd2uxjz4s4tnxm,Henrique Araújo,Henrique Pereira Araújo,24.0,Attacker,Portugal,Striker,16.0,16.0,2.0,32.0,4.0,4.0,5.0,4.0,1.0,1.0,8.0,0.0,0.0,227.0,1.0,7.0,4.0,0.0,0.0,0.0,0.0,0.0,0.0,1.0,1.0,66.67,50.0,0.0,0.0,20.0,34.78,33.33,0.0,0.882512613474224,0.2297509201706237,1.0,1.0,0.01689528,0.0,1.0,1.0,0.11459385,8.0,6.343612334801763,6.343612334801763,0.7929515418502203,12.687224669603523,1.5859030837004406,1.5859030837004406,1.9823788546255507,1.5859030837004406,0.3964757709251101,0.3964757709251101,3.1718061674008813,0.0,0.0,0.3964757709251101,2.775330396475771,1.5859030837004406,0.0,0.0,0.0,0.0,0.0,0.0,0.3964757709251101,0.3964757709251101,66.67,50.0,0.0,0.0,20.0,34.78,33.33,0.0,0.3498948687783267,0.0910906731954014,0.3964757709251101,0.3964757709251101,0.0066985691629955,0.0,0.3964757709251101,0.3964757709251101,0.0454336850220264,3.1718061674008813,ST,89,49,72,69,73,74,59,59,20,18,49,22,26,46,45,69,19,15,31,51,35,41,59,58,35,65,35,19,41,38,42,15,84,59,47,41,30,23,46,35,49,43,81,35,68,57,59,68,49,49,14,11,24,22,26,41,32,62,19,15,31,51,35,41,49,54,35,65,35,19,41,38,42,15,78,54,41,36,30,23,41,27,46,43,Liga Portugal
Casa Pia,ewsf6evtguu9j7k6js4tlgl89,a7twqgp3fp43y1aoybfe2i8d1,Rochinha,Diogo Filipe Costa Rocha,31.0,Attacker,Portugal,Striker,17.0,29.0,6.0,43.0,1.0,3.0,6.0,3.0,8.0,8.0,12.0,3.0,0.0,244.0,2.0,5.0,7.0,2.0,0.0,1.0,0.0,3.0,0.0,3.0,2.0,74.14,75.0,21.43,25.0,33.33,42.86,33.33,0.0,1.1824727824248733,0.4275949788893938,5.0,1.0,0.01870347,0.0,10.0,6.0,0.4616922999999999,23.0,6.270491803278688,10.69672131147541,2.2131147540983607,15.860655737704915,0.3688524590163934,1.1065573770491803,2.2131147540983607,1.1065573770491803,2.950819672131148,2.950819672131148,4.426229508196721,1.1065573770491803,0.0,0.7377049180327868,1.8442622950819672,2.581967213114754,0.7377049180327868,0.0,0.3688524590163934,0.0,1.1065573770491803,0.0,1.1065573770491803,0.7377049180327868,74.14,75.0,21.43,25.0,33.33,42.86,33.33,0.0,0.4361579935173713,0.1577194594264157,1.8442622950819672,0.3688524590163934,0.0068988209016393,0.0,3.6885245901639343,2.2131147540983607,0.1702963401639343,8.48360655737705,LW,62,62,94,62,56,62,75,81,69,69,75,75,50,75,75,81,44,25,44,56,81,44,62,88,25,81,88,44,56,50,50,25,100,62,100,12,12,25,100,62,75,100,38,25,88,25,38,50,62,75,75,62,50,75,50,75,62,75,50,25,25,56,88,44,50,88,25,81,88,44,56,50,50,25,100,62,88,12,12,25,100,38,75,75,Liga Portugal
Casa Pia,ewsf6evtguu9j7k6js4tlgl89,cbbxxcaz7n6dpkdm38vxt7dre,João Goulart,João Pedro Goulart da Silva,26.0,Defender,Portugal,Defender,97.0,49.0,8.0,146.0,7.0,0.0,0.0,0.0,0.0,0.0,9.0,15.0,0.0,260.0,0.0,2.0,1.0,0.0,1.0,4.0,0.0,0.0,0.0,0.0,0.0,91.25,53.33,0.0,0.0,0.0,56.25,63.64,100.0,0.0,0.0,0.0,0.0,0.0,0.0,0.0,0.0,0.0,0.0,33.57692307692308,16.961538461538463,2.769230769230769,50.53846153846154,2.423076923076923,0.0,0.0,0.0,0.0,0.0,3.1153846153846154,5.1923076923076925,0.0,0.0,0.6923076923076923,0.3461538461538461,0.0,0.3461538461538461,1.3846153846153846,0.0,0.0,0.0,0.0,0.0,91.25,53.33,0.0,0.0,0.0,56.25,63.64,100.0,0.0,0.0,0.0,0.0,0.0,0.0,0.0,0.0,0.0,0.0,RB/RCB,100,88,91,94,100,22,28,34,9,9,59,88,53,44,62,34,25,38,78,53,28,44,47,44,100,75,28,25,44,50,69,91,28,25,44,25,25,28,22,19,19,19,94,62,88,81,94,22,28,34,9,9,31,81,53,44,56,19,25,38,62,53,28,44,47,44,100,75,28,25,44,50,69,91,28,25,44,25,25,28,22,19,19,19,Liga Portugal
Casa Pia,ewsf6evtguu9j7k6js4tlgl89,cnfy8f0cm21gcvmksimn571uc,Gabi Pereira,Márcio Gabriel Ferreira Pereira,26.0,Midfielder,Portugal,Midfielder,29.0,20.0,2.0,49.0,0.0,0.0,1.0,1.0,2.0,2.0,7.0,0.0,0.0,157.0,0.0,2.0,1.0,2.0,3.0,2.0,0.0,0.0,0.0,0.0,0.0,85.96,50.0,0.0,100.0,0.0,43.75,0.0,75.0,0.1223903235656849,0.0,0.0,0.0,0.0,2.0,5.0,4.0,0.09571001,21.0,16.62420382165605,11.46496815286624,1.1464968152866242,28.08917197452229,0.0,0.0,0.5732484076433121,0.5732484076433121,1.1464968152866242,1.1464968152866242,4.012738853503184,0.0,0.0,0.0,1.1464968152866242,0.5732484076433121,1.1464968152866242,1.7197452229299364,1.1464968152866242,0.0,0.0,0.0,0.0,0.0,85.96,50.0,0.0,100.0,0.0,43.75,0.0,75.0,0.0701600580949786,0.0,0.0,0.0,0.0,1.1464968152866242,2.8662420382165603,2.2929936305732483,0.0548656108280254,12.038216560509554,DM/CM,24,17,26,17,10,16,43,76,59,59,26,11,47,39,69,24,73,66,53,50,43,49,23,33,40,46,43,90,39,30,17,77,69,17,24,16,16,79,43,37,31,23,34,20,29,20,10,16,46,80,66,66,34,11,47,39,71,31,83,80,57,50,43,49,23,33,40,46,43,90,39,30,17,77,77,17,24,16,16,93,54,43,43,31,Liga Portugal
Casa Pia,ewsf6evtguu9j7k6js4tlgl89,dp54axygcdwqyv5rfeeinlmvo,Selvi Clua,Selvi Clua,21.0,Midfielder,Spain,Midfielder,26.0,25.0,4.0,49.0,3.0,0.0,1.0,1.0,1.0,1.0,11.0,3.0,0.0,126.0,0.0,2.0,2.0,1.0,2.0,1.0,0.0,2.0,0.0,0.0,0.0,90.74,66.67,40.0,100.0,0.0,68.75,75.0,40.0,0.0745040350889006,0.0,0.0,1.0,0.01935132,1.0,9.0,8.0,0.3056884999999999,33.0,18.571428571428573,17.857142857142858,2.857142857142857,35.0,2.142857142857143,0.0,0.7142857142857143,0.7142857142857143,0.7142857142857143,0.7142857142857143,7.857142857142858,2.142857142857143,0.0,0.0,1.4285714285714286,1.4285714285714286,0.7142857142857143,1.4285714285714286,0.7142857142857143,0.0,1.4285714285714286,0.0,0.0,0.0,90.74,66.67,40.0,100.0,0.0,68.75,75.0,40.0,0.0532171679206432,0.0,0.0,0.7142857142857143,0.0138223714285714,0.7142857142857143,6.428571428571429,5.714285714285714,0.2183489285714285,23.571428571428573,DM/CM,14,26,54,17,66,16,43,76,37,37,57,53,47,39,69,40,57,50,31,50,96,49,23,33,83,77,91,90,39,93,97,41,46,17,24,40,36,57,71,64,86,50,51,54,77,51,81,16,60,87,46,46,94,71,47,39,80,63,69,71,29,50,100,49,23,33,83,77,91,90,39,93,97,41,63,17,24,51,46,74,86,86,100,77,Liga Portugal
Casa Pia,ewsf6evtguu9j7k6js4tlgl89,dwu5macjd0b6xzukitk40st4a,K. Osundina,Korede Osundina,22.0,Attacker,USA,Striker,4.0,8.0,0.0,12.0,0.0,0.0,0.0,0.0,4.0,4.0,4.0,1.0,0.0,97.0,0.0,3.0,3.0,1.0,0.0,1.0,0.0,0.0,0.0,0.0,0.0,85.71,0.0,0.0,25.0,0.0,28.57,0.0,0.0,0.0,0.0,0.0,0.0,0.0,0.0,0.0,0.0,0.0,0.0,3.711340206185567,7.422680412371134,0.0,11.134020618556702,0.0,0.0,0.0,0.0,3.711340206185567,3.711340206185567,3.711340206185567,0.9278350515463918,0.0,0.0,2.783505154639176,2.783505154639176,0.9278350515463918,0.0,0.9278350515463918,0.0,0.0,0.0,0.0,0.0,85.71,0.0,0.0,25.0,0.0,28.57,0.0,0.0,0.0,0.0,0.0,0.0,0.0,0.0,0.0,0.0,0.0,0.0,ST,19,23,24,15,12,9,7,12,58,58,16,50,26,16,23,54,51,15,73,51,35,41,24,26,89,24,35,49,16,19,12,15,9,12,16,15,15,23,16,14,8,8,41,43,24,38,12,9,7,12,92,84,41,57,26,16,38,92,68,15,84,51,35,41,24,26,89,24,35,49,16,19,12,15,9,12,16,15,15,23,16,14,8,8,Liga Portugal
Casa Pia,ewsf6evtguu9j7k6js4tlgl89,e0tmfkagd1lmf2hw7gctbaqqd,Abdu Conté,Abdu Cadri Conté,28.0,Defender,Portugal,Defender,42.0,41.0,3.0,80.0,3.0,1.0,1.0,0.0,1.0,2.0,12.0,4.0,0.0,233.0,0.0,2.0,5.0,0.0,2.0,0.0,0.0,3.0,0.0,1.0,0.0,86.96,37.5,30.0,0.0,0.0,66.67,75.0,50.0,0.0348513755653997,0.0976600389207145,0.0,2.0,0.0581205199999999,0.0,6.0,6.0,0.11832925,26.0,16.223175965665234,15.836909871244634,1.1587982832618025,30.901287553648068,1.1587982832618025,0.3862660944206008,0.3862660944206008,0.0,0.3862660944206008,0.7725321888412017,4.63519313304721,1.5450643776824031,0.0,0.0,0.7725321888412017,1.931330472103004,0.0,0.7725321888412017,0.0,0.0,1.1587982832618025,0.0,0.3862660944206008,0.0,86.96,37.5,30.0,0.0,0.0,66.67,75.0,50.0,0.0134619047248325,0.0377227618148682,0.0,0.7725321888412017,0.0224499862660943,0.0,2.317596566523605,2.317596566523605,0.0457065772532188,10.042918454935622,LB/LCB,68,74,50,68,58,45,82,50,18,26,68,26,50,47,76,100,18,39,13,50,92,47,84,47,84,39,84,18,47,87,95,29,79,53,42,84,84,26,71,82,47,63,42,58,42,47,53,37,79,50,16,26,68,21,50,47,68,95,18,26,13,50,95,47,84,47,84,39,84,18,47,87,95,29,79,53,42,84,84,26,63,68,47,47,Liga Portugal
Casa Pia,ewsf6evtguu9j7k6js4tlgl89,ehtapnadbyj2lidam98ealv1m,A. Jatta,Alassana Jatta,27.0,Attacker,Gambia,Striker,2.0,7.0,0.0,9.0,4.0,0.0,0.0,0.0,1.0,1.0,8.0,0.0,0.0,112.0,0.0,3.0,0.0,1.0,2.0,0.0,0.0,0.0,0.0,0.0,0.0,60.0,0.0,0.0,100.0,0.0,53.33,57.14,66.67,0.0,0.0,0.0,0.0,0.0,0.0,0.0,0.0,0.0,0.0,1.6071428571428572,5.625,0.0,7.232142857142857,3.2142857142857144,0.0,0.0,0.0,0.8035714285714286,0.8035714285714286,6.428571428571429,0.0,0.0,0.0,2.4107142857142856,0.0,0.8035714285714286,1.6071428571428572,0.0,0.0,0.0,0.0,0.0,0.0,60.0,0.0,0.0,100.0,0.0,53.33,57.14,66.67,0.0,0.0,0.0,0.0,0.0,0.0,0.0,0.0,0.0,0.0,ST,7,16,24,8,73,9,7,12,20,18,49,22,26,16,23,7,51,73,31,51,35,41,24,26,16,24,35,96,16,78,81,62,9,12,16,15,15,23,16,14,8,8,8,23,24,14,89,9,7,12,24,22,70,22,26,16,22,7,62,86,31,51,35,41,24,26,16,24,35,96,16,78,81,62,9,12,16,15,15,23,16,14,8,8,Liga Portugal
Estrela,85nuf5511v5omdretfoh0c4k4,172ffv5hxcfkze13jwr1mln56,Bernardo Schappo,Bernardo Schappo,27.0,Defender,Brazil,Defender,25.0,9.0,4.0,34.0,2.0,0.0,1.0,1.0,0.0,0.0,3.0,4.0,0.0,90.0,0.0,1.0,0.0,0.0,0.0,1.0,0.0,0.0,0.0,0.0,0.0,89.47,80.0,0.0,0.0,0.0,37.5,40.0,0.0,0.0,0.0,0.0,0.0,0.0,0.0,0.0,0.0,0.0,0.0,25.0,9.0,4.0,34.0,2.0,0.0,1.0,1.0,0.0,0.0,3.0,4.0,0.0,0.0,1.0,0.0,0.0,0.0,1.0,0.0,0.0,0.0,0.0,0.0,89.47,80.0,0.0,0.0,0.0,37.5,40.0,0.0,0.0,0.0,0.0,0.0,0.0,0.0,0.0,0.0,0.0,0.0,CB,5,8,36,2,25,30,54,62,30,30,10,8,45,42,40,15,32,14,34,46,45,49,41,44,59,100,45,32,42,10,31,14,21,36,44,31,31,34,21,20,20,20,18,20,65,14,54,30,80,89,30,30,28,25,45,42,70,15,32,14,55,46,45,49,41,44,59,100,45,32,42,10,31,14,21,36,44,31,31,34,21,20,20,20,Liga Portugal
Estrela,85nuf5511v5omdretfoh0c4k4,362zqy0y3mlvlg76s8nz8mb6c,A. Marcus,Abraham Marcus,26.0,Attacker,Nigeria,Striker,11.0,24.0,3.0,34.0,4.0,3.0,4.0,3.0,10.0,11.0,10.0,2.0,1.0,179.0,3.0,6.0,2.0,4.0,1.0,0.0,0.0,1.0,0.0,1.0,0.0,72.34,100.0,100.0,40.0,75.0,33.33,50.0,100.0,1.0775247860755297,0.2939920131637284,1.0,6.0,0.17987111,2.0,5.0,6.0,0.25559079,15.0,5.5307262569832405,12.067039106145252,1.5083798882681565,17.094972067039105,2.011173184357542,1.5083798882681565,2.011173184357542,1.5083798882681565,5.027932960893855,5.5307262569832405,5.027932960893855,1.005586592178771,0.5027932960893855,1.5083798882681565,3.016759776536313,1.005586592178771,2.011173184357542,0.5027932960893855,0.0,0.0,0.5027932960893855,0.0,0.5027932960893855,0.0,72.34,100.0,100.0,40.0,75.0,33.33,50.0,100.0,0.5417722388089256,0.147817213322545,0.5027932960893855,3.016759776536313,0.0904379882681564,1.005586592178771,2.5139664804469275,3.016759776536313,0.1285093357541899,7.541899441340782,RW,25,38,75,38,75,62,62,62,100,100,62,56,94,88,56,50,94,44,44,50,50,38,75,31,50,94,100,75,100,38,69,94,100,62,81,88,88,88,75,56,38,50,50,50,75,50,88,75,75,75,100,100,75,75,100,88,62,75,100,50,44,50,62,38,75,31,50,94,100,75,100,38,69,94,100,88,88,100,100,100,100,75,38,75,Liga Portugal
Estrela,85nuf5511v5omdretfoh0c4k4,6hknd2raz8p9o3s6i7j683vje,Luan Patrick,Luan Patrick Wiedthauper,24.0,Defender,Brazil,Defender,62.0,34.0,15.0,96.0,2.0,0.0,0.0,0.0,0.0,0.0,6.0,13.0,0.0,180.0,0.0,0.0,1.0,0.0,0.0,3.0,0.0,0.0,0.0,0.0,0.0,88.07,65.22,0.0,0.0,0.0,66.67,0.0,0.0,0.0,0.0,0.0,0.0,0.0,0.0,0.0,0.0,0.0,0.0,31.0,17.0,7.5,48.0,1.0,0.0,0.0,0.0,0.0,0.0,3.0,6.5,0.0,0.0,0.0,0.5,0.0,0.0,1.5,0.0,0.0,0.0,0.0,0.0,88.07,65.22,0.0,0.0,0.0,66.67,0.0,0.0,0.0,0.0,0.0,0.0,0.0,0.0,0.0,0.0,0.0,0.0,RB/RCB,75,56,100,69,44,22,28,34,9,9,25,81,53,44,9,34,25,16,50,53,28,44,47,44,88,81,28,25,44,84,22,16,28,25,44,25,25,28,22,19,19,19,88,69,100,75,50,22,28,34,9,9,25,94,53,44,9,25,25,16,69,53,28,44,47,44,88,81,28,25,44,84,22,16,28,25,44,25,25,28,22,19,19,19,Liga Portugal
Estrela,85nuf5511v5omdretfoh0c4k4,9ycla34wygru1jgq34wlcysr8,L. Zvonarek,Lovro Zvonarek,21.0,Midfielder,Croatia,Midfielder,11.0,21.0,2.0,32.0,2.0,1.0,2.0,2.0,2.0,2.0,7.0,2.0,0.0,180.0,1.0,5.0,2.0,1.0,1.0,1.0,0.0,0.0,0.0,0.0,1.0,69.57,28.57,0.0,50.0,50.0,41.18,66.67,50.0,0.0,0.0,0.0,0.0,0.0,0.0,0.0,0.0,0.0,0.0,5.5,10.5,1.0,16.0,1.0,0.5,1.0,1.0,1.0,1.0,3.5,1.0,0.0,0.5,2.5,1.0,0.5,0.5,0.5,0.0,0.0,0.0,0.0,0.5,69.57,28.57,0.0,50.0,50.0,41.18,66.67,50.0,0.0,0.0,0.0,0.0,0.0,0.0,0.0,0.0,0.0,0.0,CM/AM,17,10,50,7,67,17,29,48,26,24,21,55,33,36,31,40,38,26,50,52,24,36,19,60,10,24,24,55,60,29,98,31,7,10,19,7,7,14,5,7,5,5,10,29,60,14,74,24,31,50,29,29,24,57,33,36,38,43,38,24,60,52,24,36,19,64,10,24,24,55,60,29,98,31,7,10,19,7,7,14,5,7,5,5,Liga Portugal
Estrela,85nuf5511v5omdretfoh0c4k4,b9bz5r34tmt9ji5306z5a7koa,L. Antonetti,Leandro Antonetti,23.0,Attacker,Puerto Rico,Striker,10.0,10.0,0.0,20.0,4.0,1.0,6.0,5.0,4.0,4.0,10.0,1.0,2.0,177.0,4.0,9.0,2.0,1.0,2.0,0.0,0.0,0.0,0.0,1.0,0.0,68.97,0.0,0.0,25.0,66.67,34.48,33.33,66.67,0.6197711721796881,0.1550928576620255,2.0,1.0,0.01935132,0.0,1.0,1.0,0.09353182,9.0,5.084745762711865,5.084745762711865,0.0,10.16949152542373,2.0338983050847457,0.5084745762711864,3.050847457627119,2.5423728813559325,2.0338983050847457,2.0338983050847457,5.084745762711865,0.5084745762711864,1.0169491525423728,2.0338983050847457,4.576271186440678,1.0169491525423728,0.5084745762711864,1.0169491525423728,0.0,0.0,0.0,0.0,0.5084745762711864,0.0,68.97,0.0,0.0,25.0,66.67,34.48,33.33,66.67,0.3151378841591635,0.0788607750823858,1.0169491525423728,0.5084745762711864,0.0098396542372881,0.0,0.5084745762711864,0.5084745762711864,0.0475585525423728,4.576271186440678,ST,65,30,24,36,73,31,69,72,58,58,65,50,89,86,53,39,51,73,31,51,35,41,59,26,38,24,35,49,91,35,42,62,65,54,74,41,34,23,46,35,43,53,65,19,24,32,70,27,81,73,62,59,59,51,89,89,68,41,46,70,31,51,35,41,59,26,38,24,35,49,91,35,42,62,73,49,76,43,38,23,49,35,49,57,Liga Portugal
Estrela,85nuf5511v5omdretfoh0c4k4,c7ssypokoa0z3mts1d6bpwu8k,E. Doué,Eddy Doué,20.0,Midfielder,Côte d'Ivoire,Midfielder,30.0,37.0,12.0,67.0,5.0,1.0,1.0,0.0,5.0,5.0,17.0,2.0,0.0,180.0,0.0,0.0,4.0,3.0,4.0,3.0,0.0,0.0,0.0,1.0,1.0,83.75,100.0,0.0,60.0,0.0,50.0,62.5,80.0,0.0939980863684934,0.0333850144506467,1.0,3.0,0.05805396,1.0,10.0,9.0,0.12897807,42.0,15.0,18.5,6.0,33.5,2.5,0.5,0.5,0.0,2.5,2.5,8.5,1.0,0.0,0.0,0.0,2.0,1.5,2.0,1.5,0.0,0.0,0.0,0.5,0.5,83.75,100.0,0.0,60.0,0.0,50.0,62.5,80.0,0.0469990431842467,0.0166925072253233,0.5,1.5,0.02902698,0.5,5.0,4.5,0.064489035,21.0,DM/CM,33,60,97,40,84,47,43,34,93,91,89,41,47,39,17,81,91,79,69,50,43,49,60,81,29,97,43,67,39,46,76,83,57,34,61,70,66,57,77,74,51,60,23,60,96,40,89,51,37,34,97,94,97,43,47,39,17,86,96,83,80,50,43,49,63,91,29,97,43,67,39,46,76,83,54,37,66,71,69,57,79,77,57,63,Liga Portugal
Estrela,85nuf5511v5omdretfoh0c4k4,ciks4dkw33w5f4n3juleggr9w,M. Scholze,Max Scholze,21.0,Defender,Germany,Defender,27.0,15.0,0.0,42.0,1.0,0.0,0.0,0.0,1.0,1.0,8.0,3.0,0.0,100.0,0.0,0.0,1.0,0.0,2.0,1.0,0.0,0.0,0.0,0.0,0.0,84.0,0.0,0.0,0.0,0.0,50.0,33.33,33.33,0.0,0.0,0.0,0.0,0.0,0.0,0.0,0.0,0.0,0.0,24.3,13.5,0.0,37.8,0.8999999999999999,0.0,0.0,0.0,0.8999999999999999,0.8999999999999999,7.199999999999999,2.7,0.0,0.0,0.0,0.8999999999999999,0.0,1.7999999999999998,0.8999999999999999,0.0,0.0,0.0,0.0,0.0,84.0,0.0,0.0,0.0,0.0,50.0,33.33,33.33,0.0,0.0,0.0,0.0,0.0,0.0,0.0,0.0,0.0,0.0,RB/RCB,28,12,9,12,38,22,28,34,31,28,41,22,53,44,9,34,25,53,31,53,28,44,47,44,44,9,28,25,44,34,44,34,28,25,44,25,25,28,22,19,19,19,62,44,9,50,38,22,28,34,56,50,88,50,53,44,9,69,25,75,31,53,28,44,47,44,44,9,28,25,44,34,44,34,28,25,44,25,25,28,22,19,19,19,Liga Portugal
Estrela,85nuf5511v5omdretfoh0c4k4,d29kspi5hcnnl38om4ikn1xck,S. Leković,Stefan Lekovic,22.0,Defender,Serbia,Defender,40.0,11.0,2.0,51.0,4.0,0.0,0.0,0.0,0.0,0.0,7.0,4.0,0.0,90.0,0.0,0.0,2.0,0.0,1.0,0.0,0.0,0.0,0.0,0.0,0.0,96.23,50.0,0.0,0.0,0.0,87.5,0.0,100.0,0.0,0.0,0.0,0.0,0.0,0.0,0.0,0.0,0.0,0.0,40.0,11.0,2.0,51.0,4.0,0.0,0.0,0.0,0.0,0.0,7.0,4.0,0.0,0.0,0.0,2.0,0.0,1.0,0.0,0.0,0.0,0.0,0.0,0.0,96.23,50.0,0.0,0.0,0.0,87.5,0.0,100.0,0.0,0.0,0.0,0.0,0.0,0.0,0.0,0.0,0.0,0.0,CB,20,12,21,9,52,30,20,24,30,30,40,8,45,42,15,79,32,45,10,46,45,49,41,44,100,60,45,32,42,100,9,82,21,36,44,31,31,34,21,20,20,20,62,29,34,40,98,30,20,24,30,30,98,25,45,42,15,98,32,72,10,46,45,49,41,44,100,60,45,32,42,100,9,82,21,36,44,31,31,34,21,20,20,20,Liga Portugal
Estrela,85nuf5511v5omdretfoh0c4k4,dd7eh3o62jbq1qw4smmf5tvbp,Rafa Soares,Luís Rafael Soares Alves,31.0,Defender,Portugal,Defender,36.0,20.0,3.0,54.0,2.0,3.0,0.0,0.0,1.0,1.0,6.0,5.0,0.0,179.0,0.0,1.0,0.0,0.0,2.0,1.0,0.0,2.0,2.0,0.0,0.0,84.38,42.86,28.57,0.0,0.0,46.15,66.67,50.0,0.0,0.2920985667230689,0.0,0.0,0.0,0.0,5.0,4.0,0.3350748,29.0,18.10055865921788,10.05586592178771,1.5083798882681565,27.15083798882681,1.005586592178771,1.5083798882681565,0.0,0.0,0.5027932960893855,0.5027932960893855,3.016759776536313,2.5139664804469275,0.0,0.0,0.5027932960893855,0.0,0.0,1.005586592178771,0.5027932960893855,0.0,1.005586592178771,1.005586592178771,0.0,0.0,84.38,42.86,28.57,0.0,0.0,46.15,66.67,50.0,0.0,0.146865201145677,0.0,0.0,0.0,0.0,2.5139664804469275,2.011173184357542,0.1684733631284916,14.58100558659218,LB/LCB,32,16,50,24,37,79,37,50,18,16,32,42,50,47,58,18,18,39,37,50,76,100,37,47,53,58,76,18,47,37,66,29,37,89,42,29,29,26,63,58,79,71,68,26,47,26,42,84,37,50,21,16,26,47,50,47,58,18,18,47,37,50,89,100,37,47,53,58,76,18,47,37,66,29,37,89,42,29,29,26,74,58,84,79,Liga Portugal
Estrela,85nuf5511v5omdretfoh0c4k4,qnsnqdqm51676zz6cn4ypjsa,I. Stoica,Ianis Stoica,23.0,Attacker,Romania,Striker,14.0,19.0,1.0,33.0,1.0,2.0,2.0,0.0,1.0,1.0,5.0,1.0,0.0,138.0,1.0,2.0,3.0,0.0,0.0,2.0,0.0,0.0,1.0,2.0,0.0,89.19,33.33,0.0,0.0,50.0,35.71,50.0,0.0,0.0752374720974302,0.160028997866422,2.0,2.0,0.0427186799999999,1.0,1.0,4.0,0.0751738,14.0,9.130434782608695,12.391304347826086,0.6521739130434783,21.52173913043478,0.6521739130434783,1.3043478260869563,1.3043478260869563,0.0,0.6521739130434783,0.6521739130434783,3.260869565217391,0.6521739130434783,0.0,0.6521739130434783,1.3043478260869563,1.9565217391304344,0.0,0.0,1.3043478260869563,0.0,0.0,0.6521739130434783,1.3043478260869563,0.0,89.19,33.33,0.0,0.0,50.0,35.71,50.0,0.0,0.0490679165852805,0.1043667377389708,1.3043478260869563,1.3043478260869563,0.0278600086956521,0.6521739130434783,0.6521739130434783,2.608695652173913,0.0490263913043478,9.130434782608695,LW,38,25,38,31,56,50,19,25,19,12,12,56,50,44,25,38,19,25,81,56,25,88,31,25,100,38,25,19,81,25,81,25,12,50,50,44,38,56,25,38,12,44,62,38,62,62,75,62,25,25,25,12,25,62,50,62,25,38,19,25,88,56,25,88,62,25,100,38,25,19,81,25,81,25,12,50,75,62,62,62,25,50,12,100,Liga Portugal
Alverca,2f40cprg8nv4stxq2o4yxpx54,19wdr5lrjw3aqm0ap9nklwefo,Y. Bojang,Yaya Bojang,21.0,Defender,Gambia,Defender,90.0,35.0,6.0,125.0,6.0,0.0,2.0,1.0,0.0,0.0,10.0,15.0,0.0,240.0,1.0,1.0,2.0,0.0,0.0,2.0,0.0,0.0,0.0,1.0,0.0,91.24,42.86,0.0,0.0,50.0,66.67,85.71,0.0,0.1663624249766356,0.0,0.0,0.0,0.0,0.0,3.0,2.0,0.1310710899999999,88.0,33.75,13.125,2.25,46.875,2.25,0.0,0.75,0.375,0.0,0.0,3.75,5.625,0.0,0.375,0.375,0.75,0.0,0.0,0.75,0.0,0.0,0.0,0.375,0.0,91.24,42.86,0.0,0.0,50.0,66.67,85.71,0.0,0.0623859093662383,0.0,0.0,0.0,0.0,0.0,1.125,0.75,0.0491516587499999,33.0,CB,55,45,46,52,72,30,76,62,30,30,66,65,45,90,40,79,32,14,55,46,45,49,88,44,65,48,45,32,92,86,100,14,72,36,44,31,31,34,52,50,55,76,40,40,38,32,62,30,72,65,30,30,48,48,45,95,42,72,32,14,48,46,45,49,90,44,65,48,45,32,92,86,100,14,70,36,44,31,31,34,50,45,50,70,Liga Portugal
Alverca,2f40cprg8nv4stxq2o4yxpx54,2lazx19wotf1b8jqx9mqeg4tm,Chiquinho,Francisco Jorge Tavares Oliveira,26.0,Attacker,Portugal,Striker,5.0,18.0,1.0,18.0,2.0,6.0,5.0,0.0,11.0,13.0,20.0,0.0,0.0,164.0,1.0,0.0,8.0,4.0,6.0,1.0,0.0,5.0,0.0,5.0,0.0,69.23,50.0,27.78,36.36,20.0,54.05,40.0,100.0,0.3978661286634003,0.583868836163404,4.0,3.0,0.06794459,3.0,5.0,6.0,0.11439212,9.0,2.7439024390243905,9.878048780487806,0.5487804878048781,9.878048780487806,1.0975609756097562,3.292682926829269,2.7439024390243905,0.0,6.036585365853659,7.134146341463415,10.975609756097562,0.0,0.0,0.5487804878048781,0.0,4.390243902439025,2.1951219512195124,3.292682926829269,0.5487804878048781,0.0,2.7439024390243905,0.0,2.7439024390243905,0.0,69.23,50.0,27.78,36.36,20.0,54.05,40.0,100.0,0.2183411681689392,0.3204158247238193,2.1951219512195124,1.6463414634146345,0.0372866652439024,1.6463414634146345,2.7439024390243905,3.292682926829269,0.0627761634146341,4.939024390243903,LW,12,12,38,12,88,100,62,25,88,94,88,25,50,44,12,100,88,100,44,56,100,44,100,25,12,50,100,62,25,88,62,88,62,88,88,75,75,81,62,62,38,25,12,12,38,12,88,100,75,25,100,100,100,25,50,50,12,100,88,100,62,56,100,44,100,25,12,50,100,62,25,88,62,88,62,100,100,75,75,100,62,88,25,25,Liga Portugal
Alverca,2f40cprg8nv4stxq2o4yxpx54,3z0aknj901kdnvsp4sld6ejv8,Vivaldo Semedo,Vivaldo Leandro Semedo Moura Sousa,21.0,Attacker,Portugal,Striker,5.0,8.0,0.0,13.0,2.0,2.0,6.0,6.0,3.0,3.0,4.0,4.0,1.0,199.0,2.0,11.0,2.0,0.0,0.0,0.0,0.0,0.0,0.0,0.0,2.0,72.22,0.0,0.0,0.0,33.33,17.39,25.0,0.0,0.7388756083557144,0.0515229014227775,1.0,1.0,0.02385149,1.0,0.0,0.0,0.00276627,5.0,2.2613065326633164,3.618090452261306,0.0,5.879396984924623,0.9045226130653266,0.9045226130653266,2.71356783919598,2.71356783919598,1.3567839195979898,1.3567839195979898,1.809045226130653,1.809045226130653,0.4522613065326633,0.9045226130653266,4.974874371859296,0.9045226130653266,0.0,0.0,0.0,0.0,0.0,0.0,0.0,0.9045226130653266,72.22,0.0,0.0,0.0,33.33,17.39,25.0,0.0,0.3341648480000718,0.0233018147138189,0.4522613065326633,0.4522613065326633,0.0107871060301507,0.4522613065326633,0.0,0.0,0.0012510768844221,2.2613065326633164,ST,27,23,24,22,46,51,69,81,43,43,16,96,66,68,65,39,19,15,31,51,35,41,24,80,46,24,35,19,50,8,30,15,73,32,47,41,38,58,16,14,19,27,19,14,24,11,38,43,76,81,41,41,11,97,73,68,73,35,19,15,31,51,35,41,24,78,46,24,35,19,50,8,30,15,76,32,46,41,43,57,16,14,19,22,Liga Portugal
Alverca,2f40cprg8nv4stxq2o4yxpx54,44wb3y75edln1avlcmdjrvc44,Figueiredo,Lucas Figueiredo dos Santos,25.0,Attacker,Brazil,Striker,18.0,42.0,4.0,58.0,3.0,5.0,8.0,4.0,5.0,6.0,21.0,1.0,1.0,259.0,2.0,8.0,8.0,4.0,5.0,1.0,0.0,2.0,0.0,4.0,2.0,65.17,50.0,28.57,80.0,25.0,58.33,75.0,83.33,0.5580113069882671,0.4043338368602901,3.0,8.0,0.1630257199999999,3.0,7.0,6.0,0.16554478,25.0,6.254826254826255,14.594594594594597,1.38996138996139,20.15444015444016,1.0424710424710424,1.7374517374517375,2.77992277992278,1.38996138996139,1.7374517374517375,2.0849420849420848,7.297297297297297,0.3474903474903475,0.3474903474903475,0.694980694980695,2.77992277992278,2.77992277992278,1.38996138996139,1.7374517374517375,0.3474903474903475,0.0,0.694980694980695,0.0,1.38996138996139,0.694980694980695,65.17,50.0,28.57,80.0,25.0,58.33,75.0,83.33,0.1939035429688959,0.1405021054726876,1.0424710424710424,2.77992277992278,0.056649864092664,1.0424710424710424,2.4324324324324325,2.0849420849420848,0.0575252131274131,8.687258687258687,ST,92,97,95,95,59,86,84,59,73,81,92,50,66,68,49,99,88,96,73,51,86,41,93,80,30,65,78,86,43,91,95,70,62,89,88,95,84,91,99,85,62,92,78,89,92,89,51,73,78,41,51,65,81,43,57,54,35,89,78,89,65,51,81,41,95,68,30,65,78,86,43,91,95,70,49,78,81,86,76,84,95,81,54,89,Liga Portugal
Alverca,2f40cprg8nv4stxq2o4yxpx54,4p2kx0e559rhalafn5xbao1zo,I. James,Isaac James,21.0,Defender,Nigeria,Defender,41.0,45.0,2.0,84.0,2.0,4.0,0.0,0.0,5.0,5.0,10.0,4.0,0.0,255.0,0.0,3.0,0.0,2.0,2.0,2.0,0.0,2.0,1.0,0.0,0.0,81.55,22.22,40.0,40.0,0.0,58.82,50.0,33.33,0.0,0.5265396829105515,0.0,2.0,0.0834634,2.0,6.0,5.0,0.55353317,45.0,14.470588235294118,15.88235294117647,0.7058823529411764,29.64705882352941,0.7058823529411764,1.4117647058823528,0.0,0.0,1.7647058823529411,1.7647058823529411,3.5294117647058822,1.4117647058823528,0.0,0.0,1.0588235294117647,0.0,0.7058823529411764,0.7058823529411764,0.7058823529411764,0.0,0.7058823529411764,0.3529411764705882,0.0,0.0,81.55,22.22,40.0,40.0,0.0,58.82,50.0,33.33,0.0,0.1858375351449005,0.0,0.7058823529411764,0.0294576705882352,0.7058823529411764,2.117647058823529,1.7647058823529411,0.1953646482352941,15.88235294117647,LB/LCB,58,79,24,74,37,95,37,50,89,89,50,26,50,47,89,18,74,39,58,50,76,95,37,47,37,18,95,58,47,63,47,11,37,100,42,84,95,79,71,71,95,89,26,63,16,37,32,79,37,50,68,68,47,11,50,47,89,18,63,21,47,50,68,95,37,47,37,18,95,58,47,63,47,11,37,100,42,74,89,63,58,47,100,89,Liga Portugal
Alverca,2f40cprg8nv4stxq2o4yxpx54,6hqvayy5szer7oyxdsrfj6cyc,D. Gui,Davy Gui,20.0,Midfielder,Côte d'Ivoire,Midfielder,55.0,36.0,4.0,91.0,1.0,0.0,3.0,0.0,0.0,0.0,12.0,1.0,0.0,224.0,1.0,0.0,1.0,0.0,4.0,0.0,0.0,0.0,0.0,3.0,1.0,91.0,66.67,0.0,0.0,33.33,57.14,50.0,40.0,0.1643687745020141,0.0,3.0,4.0,0.08187698,1.0,5.0,3.0,0.08263802,34.0,22.098214285714285,14.464285714285714,1.6071428571428572,36.5625,0.4017857142857143,0.0,1.2053571428571428,0.0,0.0,0.0,4.821428571428571,0.4017857142857143,0.0,0.4017857142857143,0.0,0.4017857142857143,0.0,1.6071428571428572,0.0,0.0,0.0,0.0,1.2053571428571428,0.4017857142857143,91.0,66.67,0.0,0.0,33.33,57.14,50.0,40.0,0.0660410254695592,0.0,1.2053571428571428,1.6071428571428572,0.0328970008928571,0.4017857142857143,2.008928571428571,1.2053571428571428,0.0332027758928571,13.660714285714285,DM/CM,80,56,54,69,29,16,83,34,13,13,64,29,47,84,17,24,26,79,11,50,43,49,96,81,86,77,43,26,83,66,54,41,74,17,96,86,89,57,43,26,26,54,69,46,46,56,34,16,86,34,13,13,57,23,47,86,17,29,26,77,11,50,43,49,94,86,86,77,43,26,83,66,54,41,74,17,94,77,77,54,43,29,23,40,Liga Portugal
Alverca,2f40cprg8nv4stxq2o4yxpx54,7ttgds8qa0z6ngoj6o1l5flzo,Francisco Chissumba,Francisco Edgar Chissumba Rodrigues,21.0,Defender,Portugal,Defender,11.0,12.0,1.0,23.0,0.0,4.0,0.0,0.0,3.0,3.0,3.0,1.0,0.0,111.0,0.0,0.0,0.0,1.0,1.0,0.0,0.0,0.0,0.0,0.0,0.0,79.31,50.0,0.0,33.33,0.0,25.0,0.0,50.0,0.0,0.1861276521852031,0.0,1.0,0.01611813,1.0,1.0,3.0,0.05174884,11.0,8.91891891891892,9.72972972972973,0.8108108108108107,18.64864864864865,0.0,3.243243243243243,0.0,0.0,2.4324324324324325,2.4324324324324325,2.4324324324324325,0.8108108108108107,0.0,0.0,0.0,0.0,0.8108108108108107,0.8108108108108107,0.0,0.0,0.0,0.0,0.0,0.0,79.31,50.0,0.0,33.33,0.0,25.0,0.0,50.0,0.0,0.1509143125825971,0.0,0.8108108108108107,0.013068754054054,0.8108108108108107,0.8108108108108107,2.4324324324324325,0.0419585189189189,8.91891891891892,LB/LCB,5,5,8,5,8,95,37,50,45,45,5,5,50,47,24,18,45,16,13,50,24,47,37,47,21,68,24,47,47,5,13,29,37,74,42,66,58,61,37,42,37,37,5,21,21,5,8,100,37,50,74,74,5,5,50,47,24,18,74,32,13,50,24,47,37,47,21,68,24,47,47,5,13,29,37,95,42,89,68,74,37,79,42,37,Liga Portugal
Alverca,2f40cprg8nv4stxq2o4yxpx54,99tqv7us82sxwm3z4o5wutch6,Ian Luccas,Ian Luccas Baroni Boetto,23.0,Midfielder,Brazil,Midfielder,29.0,30.0,4.0,59.0,1.0,1.0,5.0,5.0,3.0,3.0,8.0,2.0,1.0,232.0,2.0,6.0,2.0,3.0,1.0,3.0,0.0,0.0,0.0,0.0,0.0,70.24,50.0,0.0,100.0,40.0,50.0,25.0,50.0,0.7653338845531918,0.0654397514658772,1.0,1.0,0.0241224,2.0,5.0,8.0,0.12630305,32.0,11.25,11.637931034482758,1.5517241379310345,22.88793103448276,0.3879310344827586,0.3879310344827586,1.939655172413793,1.939655172413793,1.1637931034482758,1.1637931034482758,3.103448275862069,0.7758620689655172,0.3879310344827586,0.7758620689655172,2.327586206896552,0.7758620689655172,1.1637931034482758,0.3879310344827586,1.1637931034482758,0.0,0.0,0.0,0.0,0.0,70.24,50.0,0.0,100.0,40.0,50.0,25.0,50.0,0.2968967655594278,0.0253861104824523,0.3879310344827586,0.3879310344827586,0.0093578275862068,0.7758620689655172,1.939655172413793,3.103448275862069,0.0489968728448275,12.413793103448276,DM/CM,24,40,54,29,29,47,100,100,76,76,30,41,97,97,96,40,91,29,69,50,43,49,23,33,3,46,43,90,89,46,36,49,100,46,61,40,43,79,43,64,49,44,9,23,40,9,29,46,97,100,71,71,11,40,97,97,94,34,91,23,63,50,43,49,23,33,3,46,43,90,89,46,36,49,100,43,57,40,37,77,40,60,34,34,Liga Portugal
Alverca,2f40cprg8nv4stxq2o4yxpx54,apq8vqgkq347yr6iqc1riqjca,N. Touaizi,Nabil Touaizi,25.0,Attacker,Morocco,Striker,27.0,46.0,6.0,72.0,1.0,2.0,4.0,4.0,5.0,5.0,10.0,7.0,0.0,270.0,1.0,6.0,0.0,4.0,2.0,2.0,0.0,1.0,0.0,0.0,0.0,78.26,60.0,16.67,80.0,25.0,47.62,25.0,40.0,0.3497797994632317,0.1583414134447659,0.0,4.0,0.12859533,0.0,7.0,9.0,0.40231745,39.0,9.0,15.333333333333334,2.0,24.0,0.3333333333333333,0.6666666666666666,1.3333333333333333,1.3333333333333333,1.6666666666666667,1.6666666666666667,3.333333333333333,2.333333333333333,0.0,0.3333333333333333,2.0,0.0,1.3333333333333333,0.6666666666666666,0.6666666666666666,0.0,0.3333333333333333,0.0,0.0,0.0,78.26,60.0,16.67,80.0,25.0,47.62,25.0,40.0,0.1165932664877438,0.0527804711482553,0.0,1.3333333333333333,0.04286511,0.0,2.333333333333333,3.0,0.1341058166666666,13.0,RW,88,100,88,88,44,25,62,81,56,56,62,100,44,56,56,12,94,62,88,50,50,38,31,31,88,75,50,100,56,75,50,44,50,38,38,62,62,31,100,100,75,100,75,75,88,75,25,12,50,62,56,56,38,100,44,38,38,12,88,62,88,50,25,38,31,31,88,75,50,100,56,75,50,44,38,25,38,50,62,31,88,62,50,100,Liga Portugal
Alverca,2f40cprg8nv4stxq2o4yxpx54,awyyzv4dkzojyd9zg363i4s9g,S. Baseya,Steven Baseya,21.0,Defender,France,Defender,83.0,44.0,4.0,127.0,4.0,0.0,2.0,2.0,8.0,8.0,22.0,17.0,0.0,270.0,1.0,2.0,7.0,7.0,0.0,5.0,0.0,0.0,0.0,0.0,0.0,84.67,30.77,0.0,87.5,50.0,84.62,66.67,0.0,0.2112608920035847,0.0,0.0,5.0,0.08515631,0.0,9.0,5.0,0.2291314599999999,79.0,27.666666666666668,14.666666666666666,1.3333333333333333,42.333333333333336,1.3333333333333333,0.0,0.6666666666666666,0.6666666666666666,2.6666666666666665,2.6666666666666665,7.333333333333333,5.666666666666667,0.0,0.3333333333333333,0.6666666666666666,2.333333333333333,2.333333333333333,0.0,1.6666666666666667,0.0,0.0,0.0,0.0,0.0,84.67,30.77,0.0,87.5,50.0,84.62,66.67,0.0,0.0704202973345282,0.0,0.0,1.6666666666666667,0.0283854366666666,0.0,3.0,1.6666666666666667,0.0763771533333333,26.33333333333333,RB/RCB,88,81,66,88,78,22,88,94,94,94,100,94,53,94,62,100,100,16,97,53,28,44,47,44,50,38,28,88,100,100,81,16,94,25,44,84,75,28,88,69,69,100,75,50,44,62,62,22,81,94,94,94,94,88,53,88,31,94,94,16,75,53,28,44,47,44,50,38,28,88,100,100,81,16,88,25,44,81,62,28,75,50,69,100,Liga Portugal
Alverca,2f40cprg8nv4stxq2o4yxpx54,eg3mx23k0j077ep5aqfmbfwno,B. Meupiyou,Bastien Meupiyou,20.0,Defender,France,Defender,45.0,30.0,7.0,75.0,0.0,1.0,0.0,0.0,0.0,0.0,6.0,6.0,0.0,173.0,0.0,1.0,2.0,0.0,3.0,0.0,0.0,0.0,0.0,0.0,0.0,88.24,63.64,0.0,0.0,0.0,60.0,0.0,75.0,0.0,0.0,0.0,0.0,0.0,0.0,0.0,0.0,0.0,0.0,23.41040462427745,15.60693641618497,3.6416184971098255,39.017341040462426,0.0,0.5202312138728323,0.0,0.0,0.0,0.0,3.121387283236994,3.121387283236994,0.0,0.0,0.5202312138728323,1.0404624277456649,0.0,1.560693641618497,0.0,0.0,0.0,0.0,0.0,0.0,88.24,63.64,0.0,0.0,0.0,60.0,0.0,75.0,0.0,0.0,0.0,0.0,0.0,0.0,0.0,0.0,0.0,0.0,LB/LCB,79,53,89,63,8,45,37,50,8,8,32,55,50,47,58,66,18,68,13,50,24,47,37,47,95,89,24,18,47,68,13,68,37,21,42,29,29,26,18,18,18,18,95,53,89,89,8,42,37,50,8,8,32,68,50,47,63,68,18,74,13,50,24,47,37,47,95,89,24,18,47,68,13,68,37,21,42,29,29,26,18,18,18,18,Liga Portugal
Arouca,dich5v7sw466smbqap0d9rbyj,28di7m86rlpzjuq6m4kg9vhbe,O. Lebedenko,Orest Lebedenko,27.0,Defender,Ukraine,Defender,39.0,31.0,1.0,70.0,4.0,0.0,0.0,0.0,7.0,8.0,10.0,10.0,0.0,205.0,0.0,0.0,1.0,1.0,3.0,4.0,0.0,0.0,0.0,0.0,0.0,85.37,20.0,0.0,14.29,0.0,47.62,66.67,75.0,0.0,0.0,0.0,0.0,0.0,0.0,0.0,0.0,0.0,0.0,17.121951219512194,13.609756097560975,0.4390243902439024,30.731707317073173,1.7560975609756098,0.0,0.0,0.0,3.073170731707317,3.5121951219512195,4.390243902439025,4.390243902439025,0.0,0.0,0.0,0.4390243902439024,0.4390243902439024,1.3170731707317074,1.7560975609756098,0.0,0.0,0.0,0.0,0.0,85.37,20.0,0.0,14.29,0.0,47.62,66.67,75.0,0.0,0.0,0.0,0.0,0.0,0.0,0.0,0.0,0.0,0.0,LB/LCB,53,58,8,58,82,16,37,50,97,97,50,84,50,47,24,42,45,68,87,50,24,47,37,47,79,8,24,37,47,42,66,68,37,21,42,29,29,26,18,18,18,18,58,42,5,42,89,16,37,50,95,95,63,84,50,47,24,42,37,58,95,50,24,47,37,47,79,8,24,37,47,42,66,68,37,21,42,29,29,26,18,18,18,18,Liga Portugal
Arouca,dich5v7sw466smbqap0d9rbyj,32pfghvfogjnpbgsj5mk2jhpm,José Fontán,José Fontán,26.0,Defender,Spain,Defender,165.0,44.0,15.0,209.0,4.0,0.0,2.0,2.0,0.0,0.0,13.0,27.0,1.0,270.0,2.0,2.0,3.0,0.0,1.0,4.0,1.0,0.0,0.0,0.0,0.0,87.08,39.47,0.0,0.0,100.0,61.9,50.0,16.67,0.2214052650145413,0.0,0.0,1.0,0.01870347,0.0,10.0,10.0,0.2543808899999999,120.0,55.0,14.666666666666666,5.0,69.66666666666667,1.3333333333333333,0.0,0.6666666666666666,0.6666666666666666,0.0,0.0,4.333333333333333,9.0,0.3333333333333333,0.6666666666666666,0.6666666666666666,1.0,0.0,0.3333333333333333,1.3333333333333333,0.3333333333333333,0.0,0.0,0.0,0.0,87.08,39.47,0.0,0.0,100.0,61.9,50.0,16.67,0.0738017550048471,0.0,0.0,0.3333333333333333,0.00623449,0.0,3.333333333333333,3.333333333333333,0.0847936299999999,40.0,CB,100,60,91,90,52,30,76,85,30,30,78,98,95,99,64,94,32,45,79,96,45,49,41,44,35,38,45,32,99,78,48,28,80,36,44,68,69,34,80,72,75,91,95,48,86,80,34,30,65,76,30,30,71,95,94,98,54,84,32,32,65,94,45,49,41,44,35,38,45,32,99,78,48,28,75,36,44,65,68,34,78,71,70,84,Liga Portugal
Arouca,dich5v7sw466smbqap0d9rbyj,37l1sqw1z7gqwd6gfw7nt7j84,T. Fukui,Taichi Fukui,22.0,Midfielder,Japan,Midfielder,79.0,56.0,7.0,133.0,1.0,5.0,3.0,0.0,4.0,5.0,16.0,7.0,0.0,259.0,2.0,1.0,6.0,3.0,3.0,6.0,0.0,2.0,0.0,3.0,0.0,90.48,46.67,50.0,75.0,66.67,59.26,33.33,50.0,0.1701256472745933,0.3824316840733764,3.0,2.0,0.05240351,3.0,11.0,10.0,0.2273093999999999,65.0,27.45173745173745,19.45945945945946,2.4324324324324325,46.21621621621622,0.3474903474903475,1.7374517374517375,1.0424710424710424,0.0,1.38996138996139,1.7374517374517375,5.55984555984556,2.4324324324324325,0.0,0.694980694980695,0.3474903474903475,2.0849420849420848,1.0424710424710424,1.0424710424710424,2.0849420849420848,0.0,0.694980694980695,0.0,1.0424710424710424,0.0,90.48,46.67,50.0,75.0,66.67,59.26,33.33,50.0,0.0591170202884687,0.1328913187899763,1.0424710424710424,0.694980694980695,0.0182097138996139,1.0424710424710424,3.8223938223938223,3.474903474903475,0.0789878223938223,22.586872586872587,DM/CM,94,86,83,94,29,100,83,34,87,91,84,89,47,97,46,100,91,66,96,50,96,49,96,33,76,37,94,77,97,74,41,49,77,100,96,54,54,94,80,81,71,93,89,69,71,77,23,97,80,34,77,86,71,77,47,94,40,91,77,60,89,50,91,49,91,33,76,37,94,77,97,74,41,49,66,100,91,49,51,86,66,66,60,74,Liga Portugal
Arouca,dich5v7sw466smbqap0d9rbyj,4fjr74igamnglla1q6njvcley,A. Trezza,Alfonso Trezza,27.0,Attacker,Uruguay,Striker,13.0,14.0,0.0,26.0,0.0,4.0,2.0,2.0,1.0,1.0,5.0,2.0,0.0,234.0,0.0,2.0,3.0,0.0,0.0,0.0,0.0,1.0,0.0,0.0,0.0,74.29,0.0,16.67,0.0,0.0,31.25,0.0,0.0,0.3186310080547491,0.2453893991914787,0.0,2.0,0.03555943,0.0,2.0,4.0,0.17359449,9.0,5.0,5.384615384615384,0.0,10.0,0.0,1.5384615384615383,0.7692307692307692,0.7692307692307692,0.3846153846153846,0.3846153846153846,1.923076923076923,0.7692307692307692,0.0,0.0,0.7692307692307692,1.1538461538461535,0.0,0.0,0.0,0.0,0.3846153846153846,0.0,0.0,0.0,74.29,0.0,16.67,0.0,0.0,31.25,0.0,0.0,0.122550387713365,0.0943805381505687,0.0,0.7692307692307692,0.0136767038461538,0.0,0.7692307692307692,1.5384615384615383,0.0667671115384615,3.461538461538461,RW,50,12,31,12,12,88,31,44,25,25,19,56,44,19,25,88,19,19,44,50,50,38,31,31,62,31,50,19,19,25,19,19,38,50,38,31,25,31,38,38,25,25,38,12,31,12,12,88,25,38,25,25,12,50,44,19,25,100,19,19,44,50,38,38,31,31,62,31,50,19,19,25,19,19,50,50,38,38,38,31,38,38,25,25,Liga Portugal
Arouca,dich5v7sw466smbqap0d9rbyj,56rmdrb8cf96r2e6c8bt5fug9,N. Djouahra,Naïs Djouahra,26.0,Attacker,France,Striker,33.0,42.0,1.0,73.0,0.0,5.0,4.0,2.0,8.0,8.0,6.0,5.0,0.0,270.0,1.0,6.0,0.0,2.0,1.0,9.0,0.0,2.0,3.0,2.0,1.0,81.11,16.67,20.0,25.0,25.0,35.29,0.0,25.0,0.3434374863677434,0.6308289643009524,2.0,5.0,0.1434822,4.0,4.0,9.0,0.61438577,21.0,11.0,14.0,0.3333333333333333,24.33333333333333,0.0,1.6666666666666667,1.3333333333333333,0.6666666666666666,2.6666666666666665,2.6666666666666665,2.0,1.6666666666666667,0.0,0.3333333333333333,2.0,0.0,0.6666666666666666,0.3333333333333333,3.0,0.0,0.6666666666666666,1.0,0.6666666666666666,0.3333333333333333,81.11,16.67,20.0,25.0,25.0,35.29,0.0,25.0,0.1144791621225811,0.2102763214336508,0.6666666666666666,1.6666666666666667,0.0478274,1.3333333333333333,1.3333333333333333,3.0,0.2047952566666666,7.0,LW,100,88,38,100,19,88,50,56,69,69,25,100,50,44,88,12,44,62,100,56,62,100,31,62,62,12,75,44,38,12,25,50,50,100,50,88,88,100,50,94,88,88,100,62,12,75,19,88,38,50,62,50,12,100,50,25,88,12,38,50,100,56,62,100,25,50,62,12,75,44,38,12,25,50,50,88,25,88,88,88,50,62,88,38,Liga Portugal
Arouca,dich5v7sw466smbqap0d9rbyj,71lya4jkyu0uqacr0pvl0cjmy,Barbero,Iván Martínez Gonzálvez,28.0,Attacker,Spain,Striker,15.0,12.0,1.0,27.0,4.0,0.0,4.0,4.0,3.0,3.0,11.0,3.0,2.0,186.0,3.0,4.0,3.0,0.0,2.0,0.0,0.0,0.0,0.0,0.0,0.0,77.14,50.0,0.0,0.0,75.0,50.0,44.44,50.0,0.7453733521549385,0.0,0.0,0.0,0.0,0.0,1.0,1.0,0.0189018,9.0,7.258064516129031,5.806451612903225,0.4838709677419354,13.064516129032256,1.935483870967741,0.0,1.935483870967741,1.935483870967741,1.4516129032258065,1.4516129032258065,5.32258064516129,1.4516129032258065,0.9677419354838708,1.4516129032258065,1.935483870967741,1.4516129032258065,0.0,0.9677419354838708,0.0,0.0,0.0,0.0,0.0,0.0,77.14,50.0,0.0,0.0,75.0,50.0,44.44,50.0,0.3606645252362605,0.0,0.0,0.0,0.0,0.0,0.4838709677419354,0.4838709677419354,0.0091460322580645,4.354838709677419,ST,84,35,54,53,73,9,50,59,43,43,73,81,89,77,32,54,19,73,31,51,35,41,24,26,57,65,35,19,97,73,59,43,78,12,16,15,15,23,46,35,27,53,92,30,57,59,65,9,46,62,43,43,62,89,84,78,16,57,19,62,31,51,35,41,24,26,57,65,35,19,97,73,59,43,81,12,16,15,15,23,46,32,27,49,Liga Portugal
Arouca,dich5v7sw466smbqap0d9rbyj,7cd65zsn4cnrilrablg47svmc,Lee Hyun-Ju,Hyun-Ju Lee,23.0,Midfielder,Korea Republic,Midfielder,21.0,21.0,1.0,42.0,0.0,1.0,4.0,3.0,2.0,2.0,6.0,1.0,0.0,204.0,0.0,5.0,3.0,0.0,2.0,1.0,0.0,0.0,1.0,1.0,2.0,84.0,100.0,0.0,0.0,0.0,28.57,0.0,66.67,0.2921084200310067,0.0811786636448505,2.0,3.0,0.06067815,0.0,4.0,0.0,0.0395088499999999,15.0,9.264705882352942,9.264705882352942,0.4411764705882353,18.529411764705884,0.0,0.4411764705882353,1.7647058823529411,1.3235294117647058,0.8823529411764706,0.8823529411764706,2.647058823529412,0.4411764705882353,0.0,0.0,2.2058823529411766,1.3235294117647058,0.0,0.8823529411764706,0.4411764705882353,0.0,0.0,0.4411764705882353,0.4411764705882353,0.8823529411764706,84.0,100.0,0.0,0.0,0.0,28.57,0.0,66.67,0.1288713617783853,0.0358141163139046,0.8823529411764706,1.3235294117647058,0.0267697720588235,0.0,1.7647058823529411,0.0,0.0174303749999999,6.61764705882353,CM/AM,55,10,29,24,14,17,64,69,26,24,14,36,33,14,31,55,14,45,50,52,24,83,48,83,57,93,24,14,14,5,24,62,38,24,76,45,43,14,43,7,14,19,52,10,24,29,14,19,62,67,24,24,14,38,33,14,33,57,14,48,52,52,24,90,52,86,57,93,24,14,14,5,24,62,48,24,76,36,33,14,48,7,10,14,Liga Portugal
Arouca,dich5v7sw466smbqap0d9rbyj,9f83clp1v95kvlxdb376tgbth,Javi Sánchez,Javi Sánchez,29.0,Defender,Spain,Defender,133.0,36.0,12.0,169.0,3.0,0.0,0.0,0.0,1.0,1.0,7.0,22.0,0.0,253.0,0.0,0.0,0.0,1.0,1.0,5.0,0.0,0.0,0.0,0.0,0.0,95.48,60.0,0.0,100.0,0.0,53.85,37.5,33.33,0.0,0.0,0.0,0.0,0.0,0.0,0.0,0.0,0.0,0.0,47.31225296442688,12.806324110671936,4.2687747035573125,60.11857707509882,1.067193675889328,0.0,0.0,0.0,0.3557312252964427,0.3557312252964427,2.490118577075099,7.82608695652174,0.0,0.0,0.0,0.0,0.3557312252964427,0.3557312252964427,1.7786561264822136,0.0,0.0,0.0,0.0,0.0,95.48,60.0,0.0,100.0,0.0,53.85,37.5,33.33,0.0,0.0,0.0,0.0,0.0,0.0,0.0,0.0,0.0,0.0,CB,85,48,80,79,39,30,20,24,71,70,40,88,45,42,15,15,79,45,86,46,45,49,41,44,95,82,45,88,42,44,22,32,21,36,44,31,31,34,21,20,20,20,75,38,72,60,28,30,20,24,75,72,15,80,45,42,15,15,80,42,80,46,45,49,41,44,95,82,45,88,42,44,22,32,21,36,44,31,31,34,21,20,20,20,Liga Portugal
Arouca,dich5v7sw466smbqap0d9rbyj,djb8j3hb7mnnghg9jmd15w0r9,Tiago Esgaio,Tiago Alexandre de Sousa Esgaio,31.0,Defender,Portugal,Defender,34.0,35.0,3.0,68.0,6.0,3.0,1.0,1.0,2.0,2.0,12.0,8.0,0.0,268.0,0.0,2.0,2.0,1.0,1.0,3.0,0.0,1.0,0.0,0.0,0.0,73.12,27.27,16.67,50.0,0.0,66.67,66.67,33.33,0.0984576478019472,0.2740931165460721,0.0,4.0,0.32971363,3.0,5.0,9.0,0.17562478,36.0,11.417910447761194,11.75373134328358,1.007462686567164,22.83582089552239,2.014925373134328,1.007462686567164,0.335820895522388,0.335820895522388,0.6716417910447761,0.6716417910447761,4.029850746268656,2.686567164179104,0.0,0.0,0.6716417910447761,0.6716417910447761,0.335820895522388,0.335820895522388,1.007462686567164,0.0,0.335820895522388,0.0,0.0,0.0,73.12,27.27,16.67,50.0,0.0,66.67,66.67,33.33,0.0330641354558777,0.0920461958550242,0.0,1.343283582089552,0.1107247264925373,1.007462686567164,1.67910447761194,3.0223880597014925,0.0589784708955223,12.08955223880597,RB/RCB,47,66,50,47,94,72,69,78,59,56,72,66,53,44,62,66,66,38,50,53,69,44,47,44,6,25,59,66,44,84,81,34,75,62,44,75,100,81,69,84,56,69,12,31,38,12,88,56,56,69,31,31,38,44,53,44,44,50,56,31,44,53,56,44,47,44,6,25,59,66,44,84,81,34,69,56,44,69,100,69,62,75,50,50,Liga Portugal
Arouca,dich5v7sw466smbqap0d9rbyj,drutqywn51qzby01rhveqk1ec,E. van Ee,Espen van Ee,23.0,Midfielder,Netherlands,Midfielder,44.0,28.0,4.0,72.0,4.0,0.0,0.0,0.0,1.0,1.0,10.0,5.0,0.0,222.0,0.0,1.0,3.0,0.0,1.0,4.0,0.0,0.0,0.0,0.0,0.0,84.71,66.67,0.0,0.0,0.0,41.67,50.0,33.33,0.0,0.0,0.0,0.0,0.0,0.0,0.0,0.0,0.0,0.0,17.83783783783784,11.35135135135135,1.6216216216216215,29.18918918918919,1.6216216216216215,0.0,0.0,0.0,0.4054054054054054,0.4054054054054054,4.0540540540540535,2.0270270270270268,0.0,0.0,0.4054054054054054,1.2162162162162162,0.0,0.4054054054054054,1.6216216216216215,0.0,0.0,0.0,0.0,0.0,84.71,66.67,0.0,0.0,0.0,41.67,50.0,33.33,0.0,0.0,0.0,0.0,0.0,0.0,0.0,0.0,0.0,0.0,DM/CM,57,34,54,46,77,16,16,34,37,37,46,74,47,39,46,60,26,29,83,50,43,49,23,33,31,77,43,26,39,17,54,29,16,17,24,16,16,24,7,7,7,7,43,17,49,26,66,16,16,34,34,34,37,69,47,39,49,54,26,26,86,50,43,49,23,33,31,77,43,26,39,17,54,29,16,17,24,16,16,24,7,7,7,7,Liga Portugal
Famalicão,5c0sf1eaipcxvdw9o22of2jdp,13kt8nywmdunqt6k815iqmnhm,L. Realpe,Léo Realpe,25.0,Defender,Ecuador,Defender,156.0,71.0,9.0,227.0,7.0,0.0,0.0,0.0,1.0,2.0,14.0,22.0,0.0,261.0,0.0,1.0,2.0,1.0,0.0,5.0,0.0,0.0,0.0,0.0,0.0,91.9,40.91,0.0,100.0,0.0,56.0,50.0,0.0,0.0,0.0,0.0,0.0,0.0,0.0,0.0,0.0,0.0,0.0,53.793103448275865,24.48275862068965,3.103448275862069,78.27586206896552,2.413793103448276,0.0,0.0,0.0,0.3448275862068966,0.6896551724137931,4.827586206896552,7.586206896551724,0.0,0.0,0.3448275862068966,0.6896551724137931,0.3448275862068966,0.0,1.7241379310344829,0.0,0.0,0.0,0.0,0.0,91.9,40.91,0.0,100.0,0.0,56.0,50.0,0.0,0.0,0.0,0.0,0.0,0.0,0.0,0.0,0.0,0.0,0.0,CB,98,94,68,98,80,30,20,24,71,88,86,88,45,42,40,79,79,14,86,46,45,49,41,44,75,42,45,88,42,48,48,14,21,36,44,31,31,34,21,20,20,20,92,82,48,98,65,30,20,24,72,85,82,78,45,42,38,70,78,14,78,46,45,49,41,44,75,42,45,88,42,48,48,14,21,36,44,31,31,34,21,20,20,20,Liga Portugal
Famalicão,5c0sf1eaipcxvdw9o22of2jdp,2p9rec142i26zn4jpjcjpk74k,Mathias de Amorim,Mathias de Amorim,21.0,Midfielder,Portugal,Midfielder,47.0,72.0,3.0,119.0,2.0,1.0,0.0,0.0,10.0,10.0,27.0,6.0,0.0,270.0,0.0,1.0,11.0,7.0,4.0,6.0,0.0,0.0,0.0,0.0,0.0,88.81,50.0,0.0,70.0,0.0,54.0,40.0,57.14,0.0,0.0457516566727621,0.0,5.0,0.12720011,3.0,9.0,13.0,0.17921813,41.0,15.666666666666666,24.0,1.0,39.66666666666666,0.6666666666666666,0.3333333333333333,0.0,0.0,3.333333333333333,3.333333333333333,9.0,2.0,0.0,0.0,0.3333333333333333,3.6666666666666665,2.333333333333333,1.3333333333333333,2.0,0.0,0.0,0.0,0.0,0.0,88.81,50.0,0.0,70.0,0.0,54.0,40.0,57.14,0.0,0.015250552224254,0.0,1.6666666666666667,0.0424000366666666,1.0,3.0,4.333333333333333,0.0597393766666666,13.666666666666666,CM/AM,95,100,67,100,67,17,5,5,95,95,100,100,33,14,10,98,100,81,100,52,24,36,19,24,90,45,24,86,14,86,76,43,7,19,19,62,67,76,81,88,48,83,90,88,60,95,50,10,5,5,81,81,100,95,33,14,5,95,86,74,100,52,24,36,19,24,90,45,24,86,14,86,76,43,7,19,19,57,57,57,74,79,33,74,Liga Portugal
Famalicão,5c0sf1eaipcxvdw9o22of2jdp,2tdxcr1wkubis5n81sg4pzyz9,Gil Dias,Gil Bastião Dias,29.0,Attacker,Portugal,Striker,18.0,29.0,0.0,46.0,1.0,2.0,2.0,1.0,6.0,6.0,10.0,1.0,0.0,167.0,1.0,5.0,1.0,2.0,4.0,0.0,0.0,1.0,1.0,1.0,1.0,63.89,0.0,16.67,33.33,50.0,38.46,0.0,66.67,0.1727209719358062,0.1342385524758598,0.0,3.0,0.06488638,0.0,1.0,6.0,0.3561768099999999,13.0,9.70059880239521,15.62874251497006,0.0,24.790419161676645,0.5389221556886228,1.0778443113772456,1.0778443113772456,0.5389221556886228,3.2335329341317363,3.2335329341317363,5.389221556886227,0.5389221556886228,0.0,0.5389221556886228,2.694610778443113,0.5389221556886228,1.0778443113772456,2.155688622754491,0.0,0.0,0.5389221556886228,0.5389221556886228,0.5389221556886228,0.5389221556886228,63.89,0.0,16.67,33.33,50.0,38.46,0.0,66.67,0.0930831585282788,0.0723441300768106,0.0,1.616766467065868,0.0349687077844311,0.0,0.5389221556886228,3.2335329341317363,0.1919515742514969,7.005988023952096,RW,62,62,31,62,44,25,31,25,75,75,62,19,44,56,38,25,56,94,44,50,50,88,75,75,12,31,50,62,75,50,19,62,25,25,38,50,50,31,19,56,62,38,88,88,31,88,62,50,38,25,75,75,88,25,44,75,50,25,75,100,44,50,75,100,88,88,12,31,50,62,75,50,19,62,25,38,38,62,50,31,25,88,88,38,Liga Portugal
Famalicão,5c0sf1eaipcxvdw9o22of2jdp,482oia33ewkfi8iwtz6m3nevo,Sorriso,Marcos Vinicios Lopes Moura,25.0,Attacker,Brazil,Striker,27.0,46.0,1.0,70.0,6.0,4.0,9.0,6.0,13.0,13.0,22.0,4.0,0.0,252.0,3.0,14.0,7.0,8.0,1.0,2.0,0.0,3.0,0.0,3.0,4.0,76.92,20.0,15.79,61.54,33.33,53.66,54.55,100.0,0.7894632045042944,0.5201171622789863,2.0,16.0,0.49985213,3.0,3.0,2.0,0.6960215999999999,20.0,9.642857142857144,16.42857142857143,0.3571428571428571,25.0,2.142857142857143,1.4285714285714286,3.2142857142857144,2.142857142857143,4.642857142857143,4.642857142857143,7.857142857142858,1.4285714285714286,0.0,1.0714285714285714,5.0,2.5,2.857142857142857,0.3571428571428571,0.7142857142857143,0.0,1.0714285714285714,0.0,1.0714285714285714,1.4285714285714286,76.92,20.0,15.79,61.54,33.33,53.66,54.55,100.0,0.2819511444658194,0.1857561293853522,0.7142857142857143,5.714285714285714,0.1785186178571428,1.0714285714285714,1.0714285714285714,0.7142857142857143,0.2485791428571428,7.142857142857143,LW,88,100,38,88,100,75,100,100,100,94,100,88,50,88,100,81,100,62,81,56,81,44,62,100,50,25,62,88,56,75,100,88,88,75,50,100,100,81,38,25,100,75,75,100,25,100,100,75,88,100,88,88,88,88,50,88,100,62,100,62,75,56,75,44,38,100,50,25,62,88,56,75,100,88,88,75,38,100,100,75,38,25,100,50,Liga Portugal
Famalicão,5c0sf1eaipcxvdw9o22of2jdp,5a7h31ukgi0uza80oskg64msq,Rodrigo Pinheiro,Rodrigo Pinheiro Ferreira,23.0,Defender,Portugal,Defender,78.0,78.0,2.0,152.0,3.0,4.0,0.0,0.0,3.0,3.0,16.0,11.0,0.0,270.0,0.0,2.0,2.0,2.0,7.0,3.0,0.0,4.0,0.0,0.0,0.0,86.36,33.33,44.44,66.67,0.0,59.26,50.0,77.78,0.0,0.302419530192977,0.0,6.0,0.1347668199999999,6.0,10.0,15.0,0.4943874499999999,71.0,26.0,26.0,0.6666666666666666,50.66666666666666,1.0,1.3333333333333333,0.0,0.0,1.0,1.0,5.333333333333333,3.6666666666666665,0.0,0.0,0.6666666666666666,0.6666666666666666,0.6666666666666666,2.333333333333333,1.0,0.0,1.3333333333333333,0.0,0.0,0.0,86.36,33.33,44.44,66.67,0.0,59.26,50.0,77.78,0.0,0.1008065100643256,0.0,2.0,0.0449222733333333,2.0,3.333333333333333,5.0,0.1647958166666666,23.666666666666668,RB/RCB,81,100,34,100,56,91,28,34,81,75,88,75,53,44,62,66,88,100,50,53,91,44,47,44,66,47,81,81,44,56,62,75,28,81,44,94,88,97,94,94,94,94,69,94,25,88,50,75,28,34,66,56,62,62,53,44,31,41,81,88,38,53,88,44,47,44,66,47,81,81,44,56,62,75,28,75,44,94,81,94,81,88,75,94,Liga Portugal
Famalicão,5c0sf1eaipcxvdw9o22of2jdp,935srx8zzpfqhkqdl14tohf1m,G. Koutsias,Georgios Koutsias,22.0,Attacker,Greece,Striker,11.0,18.0,2.0,29.0,1.0,1.0,2.0,2.0,3.0,3.0,4.0,0.0,1.0,245.0,1.0,11.0,1.0,2.0,0.0,0.0,0.0,0.0,0.0,0.0,0.0,80.56,66.67,0.0,66.67,50.0,33.33,16.67,0.0,0.3388641621482651,0.0389085008477103,0.0,1.0,0.06442595,0.0,1.0,0.0,0.0104335699999998,7.0,4.040816326530612,6.612244897959183,0.7346938775510203,10.653061224489797,0.3673469387755101,0.3673469387755101,0.7346938775510203,0.7346938775510203,1.1020408163265305,1.1020408163265305,1.469387755102041,0.0,0.3673469387755101,0.3673469387755101,4.040816326530612,0.3673469387755101,0.7346938775510203,0.0,0.0,0.0,0.0,0.0,0.0,0.0,80.56,66.67,0.0,66.67,50.0,33.33,16.67,0.0,0.1244807126258932,0.0142929186787507,0.0,0.3673469387755101,0.023666675510204,0.0,0.3673469387755101,0.0,0.0038327399999999,2.571428571428571,ST,74,51,72,62,31,31,26,34,43,43,16,22,66,46,65,22,73,15,31,51,35,41,24,26,73,77,35,84,73,31,24,15,35,30,16,41,59,23,46,14,22,39,43,38,65,35,27,19,16,27,35,35,8,22,68,38,57,14,59,15,31,51,35,41,24,26,73,77,35,84,73,31,24,15,35,24,16,32,51,23,38,14,22,27,Liga Portugal
Famalicão,5c0sf1eaipcxvdw9o22of2jdp,9oajgqqc9gkgbcz090it0tlhw,F. van Breemen,Finn van Breemen,23.0,Defender,Netherlands,Defender,153.0,93.0,7.0,246.0,6.0,1.0,1.0,1.0,2.0,2.0,12.0,28.0,1.0,270.0,1.0,1.0,1.0,2.0,0.0,7.0,0.0,0.0,0.0,0.0,0.0,91.45,31.82,0.0,100.0,100.0,50.0,60.0,0.0,0.111216627748625,0.0401535556968919,0.0,0.0,0.0,1.0,20.0,20.0,0.2793176599999999,112.0,51.0,31.0,2.333333333333333,82.0,2.0,0.3333333333333333,0.3333333333333333,0.3333333333333333,0.6666666666666666,0.6666666666666666,4.0,9.333333333333334,0.3333333333333333,0.3333333333333333,0.3333333333333333,0.3333333333333333,0.6666666666666666,0.0,2.333333333333333,0.0,0.0,0.0,0.0,0.0,91.45,31.82,0.0,100.0,100.0,50.0,60.0,0.0,0.0370722092495416,0.0133845185656306,0.0,0.0,0.0,0.3333333333333333,6.666666666666667,6.666666666666667,0.0931058866666666,37.333333333333336,CB,95,100,55,100,72,70,54,62,89,88,72,100,95,90,40,49,98,14,98,46,45,49,41,44,68,28,45,88,99,34,65,14,55,72,44,31,31,76,96,94,80,85,88,92,41,100,54,65,46,54,85,82,60,98,94,88,32,38,92,14,95,46,45,49,41,44,68,28,45,88,99,34,65,14,50,72,44,31,31,71,90,88,75,75,Liga Portugal
Famalicão,5c0sf1eaipcxvdw9o22of2jdp,9swvyuy90djyox6ezfmposums,Pedro Bondo,Pedro Bondo Francisco,21.0,Defender,Angola,Defender,55.0,48.0,4.0,103.0,3.0,0.0,0.0,0.0,7.0,8.0,15.0,11.0,0.0,221.0,0.0,3.0,2.0,4.0,4.0,3.0,0.0,0.0,0.0,0.0,0.0,84.43,33.33,0.0,57.14,0.0,57.69,42.86,66.67,0.0,0.0,0.0,0.0,0.0,0.0,0.0,0.0,0.0,0.0,22.398190045248867,19.5475113122172,1.6289592760180995,41.94570135746606,1.2217194570135743,0.0,0.0,0.0,2.850678733031674,3.257918552036199,6.108597285067873,4.479638009049774,0.0,0.0,1.2217194570135743,0.8144796380090498,1.6289592760180995,1.6289592760180995,1.2217194570135743,0.0,0.0,0.0,0.0,0.0,84.43,33.33,0.0,57.14,0.0,57.69,42.86,66.67,0.0,0.0,0.0,0.0,0.0,0.0,0.0,0.0,0.0,0.0,LB/LCB,100,84,71,95,58,16,37,50,97,97,95,92,50,47,89,66,100,87,74,50,24,47,37,47,58,29,24,89,47,53,42,53,37,21,42,29,29,26,18,18,18,18,89,84,58,95,58,16,37,50,89,89,84,89,50,47,95,63,95,79,74,50,24,47,37,47,58,29,24,89,47,53,42,53,37,21,42,29,29,26,18,18,18,18,Liga Portugal
Famalicão,5c0sf1eaipcxvdw9o22of2jdp,c6aimwjdxhprw9yq0eab1w5ih,T. van de Looi,Tom van de Looi,27.0,Midfielder,Netherlands,Midfielder,74.0,110.0,2.0,184.0,6.0,4.0,3.0,0.0,0.0,0.0,15.0,10.0,0.0,270.0,0.0,4.0,1.0,0.0,3.0,0.0,0.0,0.0,0.0,3.0,2.0,88.46,20.0,0.0,0.0,0.0,57.69,60.0,37.5,0.1185717991220204,0.33841933906519,3.0,5.0,0.10231053,3.0,17.0,21.0,0.3327584999999998,107.0,24.666666666666668,36.66666666666666,0.6666666666666666,61.333333333333336,2.0,1.3333333333333333,1.0,0.0,0.0,0.0,5.0,3.333333333333333,0.0,0.0,1.3333333333333333,0.3333333333333333,0.0,1.0,0.0,0.0,0.0,0.0,1.0,0.6666666666666666,88.46,20.0,0.0,0.0,0.0,57.69,60.0,37.5,0.0395239330406734,0.1128064463550633,1.0,1.6666666666666667,0.03410351,1.0,5.666666666666667,7.0,0.1109194999999999,35.666666666666664,DM/CM,91,100,26,97,93,94,83,34,13,13,77,97,47,39,87,24,26,66,11,50,43,49,96,100,66,13,43,26,39,69,70,37,66,97,96,93,91,94,97,100,94,100,80,94,14,86,73,83,76,34,13,13,64,94,47,39,77,16,26,56,11,50,43,49,87,100,66,13,43,26,39,69,70,37,49,89,87,83,80,83,83,91,77,91,Liga Portugal
Famalicão,5c0sf1eaipcxvdw9o22of2jdp,et6guovyhypg06lgr08a5rpck,Pedro Santos,Pedro Miguel Costa Santos,23.0,Attacker,Portugal,Striker,20.0,36.0,2.0,56.0,0.0,1.0,2.0,0.0,0.0,0.0,7.0,0.0,0.0,176.0,0.0,1.0,4.0,0.0,2.0,3.0,0.0,0.0,0.0,2.0,1.0,86.15,66.67,0.0,0.0,0.0,33.33,0.0,66.67,0.0522793714118925,0.0626953087772598,2.0,1.0,0.01935132,0.0,2.0,4.0,0.0594147399999999,12.0,10.227272727272728,18.40909090909091,1.0227272727272727,28.63636363636364,0.0,0.5113636363636364,1.0227272727272727,0.0,0.0,0.0,3.5795454545454546,0.0,0.0,0.0,0.5113636363636364,2.0454545454545454,0.0,1.0227272727272727,1.5340909090909092,0.0,0.0,0.0,1.0227272727272727,0.5113636363636364,86.15,66.67,0.0,0.0,0.0,33.33,0.0,66.67,0.0267337694719904,0.0320601010792805,1.0227272727272727,0.5113636363636364,0.0098955613636363,0.0,1.0227272727272727,2.0454545454545454,0.0303825374999999,6.136363636363637,ST,96,92,72,92,12,31,26,12,5,5,38,22,26,16,9,69,19,73,93,51,35,41,80,58,95,77,35,19,16,31,12,62,22,35,74,41,34,23,66,68,38,77,100,95,76,95,12,30,24,12,5,5,35,22,26,16,8,76,19,73,95,51,35,41,86,59,95,77,35,19,16,31,12,62,19,35,78,46,41,23,70,76,38,76,Liga Portugal
Porto,66bsnl0zjb7l5akwo00h0y5me,19s3ei718jouszy30uxli8xd5,Z. Sanusi,Zaidu Sanusi,29.0,Defender,Nigeria,Defender,51.0,56.0,8.0,105.0,5.0,0.0,0.0,0.0,4.0,4.0,12.0,8.0,0.0,270.0,0.0,0.0,2.0,3.0,1.0,1.0,0.0,2.0,0.0,0.0,0.0,84.68,72.73,28.57,75.0,0.0,63.16,71.43,50.0,0.0,0.0,0.0,0.0,0.0,0.0,0.0,0.0,0.0,0.0,17.0,18.666666666666668,2.6666666666666665,35.0,1.6666666666666667,0.0,0.0,0.0,1.3333333333333333,1.3333333333333333,4.0,2.6666666666666665,0.0,0.0,0.0,0.6666666666666666,1.0,0.3333333333333333,0.3333333333333333,0.0,0.6666666666666666,0.0,0.0,0.0,84.68,72.73,28.57,75.0,0.0,63.16,71.43,50.0,0.0,0.0,0.0,0.0,0.0,0.0,0.0,0.0,0.0,0.0,LB/LCB,92,95,95,100,97,16,37,50,71,71,68,79,50,47,24,66,95,16,37,50,76,47,37,47,63,100,76,100,47,79,82,29,37,21,42,29,29,26,18,18,18,18,50,79,79,74,82,16,37,50,47,47,55,58,50,47,24,55,84,11,26,50,61,47,37,47,63,100,76,100,47,79,82,29,37,21,42,29,29,26,18,18,18,18,Liga Portugal
Porto,66bsnl0zjb7l5akwo00h0y5me,1bcq4ix63ss3i9gj3mwlvipsk,D. Gül,Deniz Gül,22.0,Attacker,Türkiye,Striker,2.0,8.0,0.0,10.0,1.0,3.0,4.0,3.0,1.0,1.0,4.0,0.0,0.0,92.0,0.0,7.0,0.0,1.0,1.0,0.0,0.0,0.0,0.0,1.0,1.0,62.5,0.0,0.0,100.0,0.0,40.0,50.0,50.0,0.438523429995285,0.2735259612580714,2.0,2.0,0.06064062,1.0,1.0,2.0,0.1637353,6.0,1.956521739130435,7.82608695652174,0.0,9.782608695652174,0.9782608695652176,2.9347826086956523,3.91304347826087,2.9347826086956523,0.9782608695652176,0.9782608695652176,3.91304347826087,0.0,0.0,0.0,6.847826086956522,0.0,0.9782608695652176,0.9782608695652176,0.0,0.0,0.0,0.0,0.9782608695652176,0.9782608695652176,62.5,0.0,0.0,100.0,0.0,40.0,50.0,50.0,0.4289903119519092,0.2675797447089829,1.956521739130435,1.956521739130435,0.0593223456521739,0.9782608695652176,0.9782608695652176,1.956521739130435,0.1601758369565217,5.869565217391305,ST,7,23,24,11,31,64,50,47,20,18,16,22,26,16,45,7,51,46,31,51,35,41,59,58,22,24,35,96,16,47,68,43,46,70,74,58,57,58,46,50,59,34,14,51,24,27,41,97,84,86,32,32,43,22,26,16,84,7,70,65,31,51,35,41,78,81,22,24,35,96,16,47,68,43,84,97,95,76,78,73,68,70,81,73,Liga Portugal
Porto,66bsnl0zjb7l5akwo00h0y5me,1tbc8iokapjgu8zjrc1knq28l,J. Bednarek,Jan Bednarek,30.0,Defender,Poland,Defender,149.0,61.0,12.0,210.0,8.0,2.0,2.0,2.0,0.0,0.0,11.0,15.0,0.0,268.0,0.0,4.0,1.0,0.0,1.0,3.0,0.0,0.0,0.0,0.0,0.0,94.59,75.0,0.0,0.0,0.0,47.83,50.0,50.0,0.4386982471396075,0.1459097477880971,0.0,5.0,0.09737573,1.0,16.0,14.0,0.3008255399999999,130.0,50.037313432835816,20.48507462686567,4.029850746268656,70.52238805970148,2.686567164179104,0.6716417910447761,0.6716417910447761,0.6716417910447761,0.0,0.0,3.694029850746269,5.037313432835821,0.0,0.0,1.343283582089552,0.335820895522388,0.0,0.335820895522388,1.007462686567164,0.0,0.0,0.0,0.0,0.0,94.59,75.0,0.0,0.0,0.0,47.83,50.0,50.0,0.1473240382185248,0.0489995421676445,0.0,1.67910447761194,0.0327008048507462,0.335820895522388,5.3731343283582085,4.701492537313433,0.1010235022388059,43.656716417910445,CB,92,88,80,92,85,88,76,85,30,30,70,65,45,42,88,49,32,45,69,46,45,49,41,44,92,98,45,32,42,25,48,45,95,90,44,96,95,76,88,84,85,98,85,75,70,82,75,90,70,80,30,30,42,42,45,42,82,48,32,40,62,46,45,49,41,44,92,98,45,32,42,25,48,45,92,90,44,98,92,78,85,82,80,90,Liga Portugal
Porto,66bsnl0zjb7l5akwo00h0y5me,37b6tzaexinmfadvi4you5wmi,Gabri Veiga,Gabri Veiga,24.0,Midfielder,Spain,Midfielder,33.0,62.0,2.0,87.0,3.0,9.0,7.0,4.0,6.0,6.0,14.0,3.0,2.0,221.0,3.0,12.0,1.0,2.0,4.0,2.0,0.0,8.0,1.0,3.0,2.0,86.14,66.67,32.0,33.33,42.86,50.0,0.0,50.0,0.6262326989916833,1.03007362937403,1.0,5.0,0.09903232,0.0,17.0,21.0,0.4993187899999999,44.0,13.43891402714932,25.248868778280546,0.8144796380090498,35.42986425339366,1.2217194570135743,3.665158371040724,2.850678733031674,1.6289592760180995,2.443438914027149,2.443438914027149,5.701357466063348,1.2217194570135743,0.8144796380090498,1.2217194570135743,4.886877828054298,0.4072398190045249,0.8144796380090498,1.6289592760180995,0.8144796380090498,0.0,3.257918552036199,0.4072398190045249,1.2217194570135743,0.8144796380090498,86.14,66.67,32.0,33.33,42.86,50.0,0.0,50.0,0.2550268909920882,0.419486998387614,0.4072398190045249,2.0361990950226243,0.0403299040723981,0.0,6.9230769230769225,8.552036199095022,0.2033424936651583,17.918552036199095,CM/AM,81,90,50,86,93,100,86,83,64,62,71,69,100,88,95,17,57,81,76,52,100,83,95,83,76,64,67,33,48,67,24,31,76,100,50,62,52,14,100,100,90,95,81,95,52,86,90,100,86,81,62,62,62,67,100,90,86,10,57,86,71,52,100,81,86,81,76,64,67,33,48,67,24,31,76,100,48,76,52,14,100,100,86,90,Liga Portugal
Porto,66bsnl0zjb7l5akwo00h0y5me,4t3melft6fc2ams9zcyxnqqz8,William Gomes,William Gomes Carvalho Santos,20.0,Attacker,Brazil,Striker,7.0,30.0,0.0,35.0,1.0,3.0,7.0,2.0,8.0,8.0,9.0,1.0,0.0,200.0,4.0,13.0,2.0,2.0,3.0,0.0,0.0,2.0,1.0,5.0,1.0,70.0,0.0,12.5,25.0,57.14,42.86,50.0,75.0,0.4545950129119682,0.3227046540738146,4.0,5.0,0.15265858,2.0,3.0,8.0,0.7044832399999998,16.0,3.15,13.5,0.0,15.75,0.4499999999999999,1.35,3.15,0.8999999999999999,3.6,3.6,4.05,0.4499999999999999,0.0,1.7999999999999998,5.85,0.8999999999999999,0.8999999999999999,1.35,0.0,0.0,0.8999999999999999,0.4499999999999999,2.25,0.4499999999999999,70.0,0.0,12.5,25.0,57.14,42.86,50.0,75.0,0.2045677558103856,0.1452170943332165,1.7999999999999998,2.25,0.068696361,0.8999999999999999,1.35,3.6,0.3170174579999999,7.199999999999999,RW,12,75,31,50,44,62,88,44,88,88,38,19,44,100,100,50,56,75,44,50,88,88,100,75,25,31,25,44,88,62,69,75,62,75,100,75,75,88,50,81,100,62,12,62,31,38,50,62,100,50,88,88,50,12,44,100,100,50,50,88,44,50,88,88,100,75,25,31,25,44,88,62,69,75,75,75,100,75,75,88,50,100,100,50,Liga Portugal
Porto,66bsnl0zjb7l5akwo00h0y5me,8585juruxxi6z8ih6kfqvrj6x,J. Kiwior,Jakub Kiwior,26.0,Defender,Poland,Defender,147.0,71.0,15.0,218.0,9.0,2.0,3.0,3.0,0.0,0.0,14.0,21.0,0.0,270.0,0.0,5.0,0.0,0.0,3.0,1.0,0.0,0.0,0.0,0.0,2.0,88.98,51.72,0.0,0.0,0.0,58.33,64.29,60.0,0.2915825992430319,0.1415829568525474,0.0,1.0,0.01689528,2.0,19.0,24.0,0.47491603,141.0,49.0,23.666666666666668,5.0,72.66666666666667,3.0,0.6666666666666666,1.0,1.0,0.0,0.0,4.666666666666667,7.0,0.0,0.0,1.6666666666666667,0.0,0.0,1.0,0.3333333333333333,0.0,0.0,0.0,0.0,0.6666666666666666,88.98,51.72,0.0,0.0,0.0,58.33,64.29,60.0,0.0971941997476773,0.0471943189508491,0.0,0.3333333333333333,0.0056317599999999,0.6666666666666666,6.333333333333333,8.0,0.1583053433333333,47.0,CB,90,94,91,95,91,88,89,95,30,30,86,82,45,42,95,15,32,82,34,46,45,49,41,98,52,68,45,32,42,60,72,52,90,88,44,68,65,92,92,98,95,100,80,80,86,88,81,85,80,89,30,30,78,69,45,42,85,15,32,72,25,46,45,49,41,98,52,68,45,32,42,60,72,52,82,85,44,65,62,90,88,90,90,95,Liga Portugal
Porto,66bsnl0zjb7l5akwo00h0y5me,a6r2hqalh9ydoy2a8uv9rztux,Pepê,Eduardo Gabriel Aquino Cossa,29.0,Attacker,Brazil,Striker,25.0,39.0,7.0,63.0,2.0,4.0,8.0,5.0,6.0,6.0,7.0,0.0,0.0,269.0,0.0,13.0,2.0,1.0,2.0,1.0,0.0,1.0,1.0,3.0,3.0,77.78,77.78,25.0,16.67,0.0,31.82,33.33,100.0,0.7969382429354294,0.4355743213106423,1.0,6.0,0.1498652,2.0,5.0,12.0,0.4214957200000002,33.0,8.364312267657992,13.048327137546467,2.3420074349442377,21.07806691449814,0.6691449814126395,1.338289962825279,2.676579925650558,1.6728624535315986,2.007434944237918,2.007434944237918,2.3420074349442377,0.0,0.0,0.0,4.349442379182156,0.6691449814126395,0.3345724907063197,0.6691449814126395,0.3345724907063197,0.0,0.3345724907063197,0.3345724907063197,1.003717472118959,1.003717472118959,77.78,77.78,25.0,16.67,0.0,31.82,33.33,100.0,0.2666336128780247,0.1457311855686163,0.3345724907063197,2.007434944237918,0.0501407732342007,0.6691449814126395,1.6728624535315986,4.014869888475836,0.1410208728624536,11.04089219330855,ST,100,95,100,97,46,74,84,72,84,81,38,22,26,16,80,39,51,73,73,51,74,89,89,96,64,86,76,38,16,26,42,86,81,92,47,86,78,78,91,100,89,97,97,84,100,92,30,65,73,54,59,57,19,22,26,16,59,27,41,57,62,51,70,81,84,84,64,86,76,38,16,26,42,86,65,81,35,78,73,59,84,95,76,97,Liga Portugal
Porto,66bsnl0zjb7l5akwo00h0y5me,bsvlql13pj2qf2z45r7no9hqs,Alberto Costa,Alberto Oliveira Baio,22.0,Defender,Portugal,Defender,17.0,12.0,2.0,28.0,4.0,4.0,0.0,0.0,2.0,2.0,9.0,4.0,0.0,110.0,0.0,1.0,0.0,1.0,3.0,0.0,0.0,1.0,0.0,0.0,0.0,82.35,100.0,50.0,50.0,0.0,75.0,80.0,75.0,0.0,0.379290023492599,0.0,2.0,0.05710404,2.0,0.0,3.0,0.3397809699999999,15.0,13.909090909090908,9.818181818181817,1.6363636363636362,22.909090909090907,3.2727272727272725,3.2727272727272725,0.0,0.0,1.6363636363636362,1.6363636363636362,7.363636363636363,3.2727272727272725,0.0,0.0,0.8181818181818181,0.0,0.8181818181818181,2.454545454545454,0.0,0.0,0.8181818181818181,0.0,0.0,0.0,82.35,100.0,50.0,50.0,0.0,75.0,80.0,75.0,0.0,0.3103282010393992,0.0,1.6363636363636362,0.0467214872727272,1.6363636363636362,0.0,2.454545454545454,0.2780026118181817,12.272727272727272,RB/RCB,9,6,34,6,78,91,28,34,59,56,59,38,53,44,25,9,66,69,16,53,69,44,47,44,31,100,91,66,44,94,100,69,28,94,44,59,69,72,22,44,75,38,31,12,56,19,100,100,28,34,88,75,100,56,53,44,69,9,88,94,16,53,81,44,47,44,31,100,91,66,44,94,100,69,28,94,44,75,88,81,22,69,88,56,Liga Portugal
Porto,66bsnl0zjb7l5akwo00h0y5me,c9u2w9ikckbrra8vln2ucbf9w,V. Froholdt,Victor Froholdt,20.0,Midfielder,Denmark,Midfielder,22.0,31.0,2.0,51.0,3.0,3.0,4.0,4.0,5.0,5.0,11.0,0.0,0.0,270.0,3.0,11.0,2.0,1.0,3.0,0.0,0.0,2.0,0.0,0.0,0.0,83.61,66.67,66.67,20.0,75.0,36.67,30.0,60.0,0.496322881214595,0.3640481015500016,0.0,6.0,0.15067466,3.0,4.0,5.0,0.7379438199999998,20.0,7.333333333333333,10.333333333333334,0.6666666666666666,17.0,1.0,1.0,1.3333333333333333,1.3333333333333333,1.6666666666666667,1.6666666666666667,3.6666666666666665,0.0,0.0,1.0,3.6666666666666665,0.6666666666666666,0.3333333333333333,1.0,0.0,0.0,0.6666666666666666,0.0,0.0,0.0,83.61,66.67,66.67,20.0,75.0,36.67,30.0,60.0,0.165440960404865,0.1213493671833338,0.0,2.0,0.0502248866666666,1.0,1.3333333333333333,1.6666666666666667,0.2459812733333332,6.666666666666667,CM/AM,62,38,50,48,93,57,64,83,55,52,50,12,33,88,86,40,38,60,17,52,62,36,19,24,48,64,95,29,81,14,57,50,67,71,19,83,86,76,43,57,100,33,43,24,40,24,74,40,52,74,48,43,29,12,33,62,62,31,29,52,17,52,55,36,19,24,48,64,95,29,81,14,57,50,57,43,19,64,62,57,29,33,100,19,Liga Portugal
Porto,66bsnl0zjb7l5akwo00h0y5me,dhhmffih4gl51nlu92hfctqs5,André Silva,André Miguel Valente da Silva,30.0,Attacker,Portugal,Striker,7.0,21.0,2.0,28.0,2.0,1.0,2.0,2.0,5.0,6.0,7.0,2.0,1.0,174.0,1.0,15.0,3.0,1.0,1.0,0.0,0.0,0.0,0.0,0.0,0.0,71.79,100.0,0.0,20.0,50.0,38.89,66.67,100.0,0.1326558732797168,0.0,0.0,3.0,0.06767368,3.0,4.0,7.0,0.1425821599999999,13.0,3.6206896551724137,10.862068965517242,1.0344827586206895,14.482758620689657,1.0344827586206895,0.5172413793103449,1.0344827586206895,1.0344827586206895,2.586206896551724,3.103448275862069,3.6206896551724137,1.0344827586206895,0.5172413793103449,0.5172413793103449,7.758620689655173,1.5517241379310345,0.5172413793103449,0.5172413793103449,0.0,0.0,0.0,0.0,0.0,0.0,71.79,100.0,0.0,20.0,50.0,38.89,66.67,100.0,0.068615106868819,0.0,0.0,1.5517241379310345,0.0350036275862069,1.5517241379310345,2.0689655172413794,3.6206896551724137,0.0737493931034482,6.724137931034483,ST,35,62,72,58,46,31,26,34,73,81,38,64,66,46,86,54,51,46,31,51,35,41,24,26,43,95,35,42,73,43,91,86,32,12,16,69,65,91,84,93,57,81,35,62,78,70,49,32,27,35,70,76,38,65,76,49,86,59,49,43,31,51,35,41,24,26,43,95,35,42,73,43,91,86,27,12,16,70,65,95,92,92,59,81,Liga Portugal
Porto,66bsnl0zjb7l5akwo00h0y5me,vja0xo3xiuax8eh0b6q3y09,P. Rosario,Pablo Rosario,29.0,Midfielder,Dominican Republic,Midfielder,43.0,33.0,5.0,76.0,1.0,0.0,0.0,0.0,4.0,4.0,11.0,3.0,0.0,212.0,0.0,4.0,3.0,1.0,2.0,2.0,0.0,0.0,0.0,0.0,0.0,82.61,50.0,0.0,25.0,0.0,47.83,50.0,33.33,0.0,0.0,0.0,0.0,0.0,0.0,0.0,0.0,0.0,0.0,18.25471698113208,14.00943396226415,2.1226415094339623,32.264150943396224,0.4245283018867924,0.0,0.0,0.0,1.6981132075471697,1.6981132075471697,4.669811320754717,1.2735849056603774,0.0,0.0,1.6981132075471697,1.2735849056603774,0.4245283018867924,0.8490566037735848,0.8490566037735848,0.0,0.0,0.0,0.0,0.0,82.61,50.0,0.0,25.0,0.0,47.83,50.0,33.33,0.0,0.0,0.0,0.0,0.0,0.0,0.0,0.0,0.0,0.0,DM/CM,54,51,69,49,29,16,16,34,87,86,57,53,47,39,87,60,57,50,53,50,43,49,23,33,26,46,43,51,39,39,54,29,16,17,24,16,16,24,7,7,7,7,46,43,69,37,37,16,16,34,86,83,51,49,47,39,86,57,57,51,46,50,43,49,23,33,26,46,43,51,39,39,54,29,16,17,24,16,16,24,7,7,7,7,Liga Portugal
Estoril,22mo7qbsnyi8wtucpvhgvhw2q,2imz9ikcnqdhrbdwmb8un53ze,A. Tsoungui,Antef Tsoungui,23.0,Defender,Belgium,Defender,36.0,29.0,5.0,65.0,0.0,3.0,3.0,1.0,2.0,2.0,9.0,2.0,0.0,248.0,1.0,1.0,4.0,0.0,3.0,4.0,0.0,0.0,0.0,2.0,1.0,78.31,50.0,0.0,0.0,33.33,37.5,0.0,60.0,0.1991801280145815,0.2065900235902161,1.0,1.0,0.01685596,2.0,5.0,6.0,0.1125003599999999,28.0,13.064516129032258,10.524193548387096,1.814516129032258,23.58870967741936,0.0,1.0887096774193548,1.0887096774193548,0.3629032258064516,0.7258064516129032,0.7258064516129032,3.2661290322580645,0.7258064516129032,0.0,0.3629032258064516,0.3629032258064516,1.4516129032258065,0.0,1.0887096774193548,1.4516129032258065,0.0,0.0,0.0,0.7258064516129032,0.3629032258064516,78.31,50.0,0.0,0.0,33.33,37.5,0.0,60.0,0.0722831109730336,0.0749721859803203,0.3629032258064516,0.3629032258064516,0.0061170822580645,0.7258064516129032,1.814516129032258,2.177419354838709,0.040826743548387,10.161290322580646,CB,12,35,41,16,4,96,89,62,89,88,60,2,45,90,40,100,32,82,79,46,45,49,95,91,8,60,45,32,89,10,9,52,75,92,91,68,62,92,60,61,52,42,8,25,30,5,4,95,88,62,88,88,32,2,45,92,40,95,32,80,68,46,45,49,92,92,8,60,45,32,89,10,9,52,72,92,92,70,65,95,60,62,48,42,Liga Portugal
Estoril,22mo7qbsnyi8wtucpvhgvhw2q,3khjldonug93pcmztu04ytobu,Ricard Sánchez,Ricard Sánchez,26.0,Defender,Spain,Defender,17.0,34.0,1.0,51.0,4.0,1.0,1.0,1.0,2.0,2.0,13.0,7.0,0.0,210.0,0.0,2.0,1.0,1.0,8.0,1.0,1.0,0.0,0.0,0.0,0.0,76.12,16.67,0.0,50.0,0.0,43.33,50.0,100.0,0.1259430677327885,0.1119544366593395,0.0,1.0,0.01870347,1.0,4.0,4.0,0.20373901,22.0,7.285714285714286,14.571428571428571,0.4285714285714285,21.85714285714285,1.7142857142857142,0.4285714285714285,0.4285714285714285,0.4285714285714285,0.8571428571428571,0.8571428571428571,5.571428571428571,3.0,0.0,0.0,0.8571428571428571,0.4285714285714285,0.4285714285714285,3.4285714285714284,0.4285714285714285,0.4285714285714285,0.0,0.0,0.0,0.0,76.12,16.67,0.0,50.0,0.0,43.33,50.0,100.0,0.0539756004569093,0.0479804728540026,0.0,0.4285714285714285,0.0080157728571428,0.4285714285714285,1.7142857142857142,1.7142857142857142,0.0873167185714285,9.428571428571429,CB,2,42,12,9,52,70,54,62,89,88,78,28,45,42,64,49,79,100,34,96,45,49,41,44,5,15,45,66,42,15,48,82,60,85,44,68,69,76,57,57,70,40,2,45,12,2,45,72,55,68,90,90,92,11,45,42,62,50,82,100,32,98,45,49,41,44,5,15,45,66,42,15,48,82,68,88,44,72,70,80,57,55,72,40,Liga Portugal
Estoril,22mo7qbsnyi8wtucpvhgvhw2q,513jimgihzk9w1kuad57jrnxl,R. Guitane,Rafik Guitane,27.0,Midfielder,Algeria,Midfielder,19.0,58.0,0.0,76.0,0.0,5.0,4.0,3.0,16.0,18.0,16.0,1.0,0.0,229.0,0.0,22.0,3.0,8.0,4.0,2.0,0.0,1.0,0.0,1.0,3.0,79.17,0.0,11.11,50.0,0.0,45.71,0.0,80.0,0.2877405348547659,0.4777027287989853,4.0,10.0,0.32441565,4.0,1.0,6.0,0.4216811299999999,24.0,7.467248908296944,22.79475982532752,0.0,29.868995633187776,0.0,1.9650655021834065,1.572052401746725,1.1790393013100438,6.2882096069869,7.074235807860262,6.2882096069869,0.3930131004366812,0.0,0.0,8.646288209606988,1.1790393013100438,3.14410480349345,1.572052401746725,0.7860262008733625,0.0,0.3930131004366812,0.0,0.3930131004366812,1.1790393013100438,79.17,0.0,11.11,50.0,0.0,45.71,0.0,80.0,0.1130857997245805,0.1877434305323523,1.572052401746725,3.930131004366813,0.1274996004366812,1.572052401746725,0.3930131004366812,2.3580786026200875,0.1657262082969432,9.43231441048035,RM/RCM,25,100,38,100,50,75,75,75,100,100,25,50,62,38,100,25,88,75,100,62,38,38,25,100,50,38,25,25,38,25,50,100,75,75,100,75,100,75,38,50,75,75,25,100,38,100,50,75,75,75,100,100,25,50,62,38,100,25,75,75,100,62,25,38,25,100,50,38,25,25,38,25,50,100,75,50,100,75,100,75,50,50,75,75,Liga Portugal
Estoril,22mo7qbsnyi8wtucpvhgvhw2q,8esvhatpiwl4amussu6wmamfo,André Lacximicant,André Filipe Ferreira Lacximicant,25.0,Attacker,Portugal,Striker,11.0,27.0,1.0,37.0,3.0,5.0,6.0,5.0,1.0,2.0,10.0,0.0,0.0,219.0,4.0,9.0,5.0,1.0,1.0,0.0,0.0,1.0,0.0,1.0,0.0,84.09,50.0,20.0,100.0,66.67,55.56,60.0,100.0,0.5392266865101031,0.3246698261959381,2.0,5.0,0.1648237199999999,1.0,4.0,2.0,0.3470482399999999,14.0,4.52054794520548,11.095890410958903,0.4109589041095891,15.205479452054796,1.2328767123287672,2.054794520547945,2.4657534246575343,2.054794520547945,0.4109589041095891,0.8219178082191781,4.109589041095891,0.0,0.0,1.6438356164383563,3.6986301369863015,2.054794520547945,0.4109589041095891,0.4109589041095891,0.0,0.0,0.4109589041095891,0.0,0.4109589041095891,0.0,84.09,50.0,20.0,100.0,66.67,55.56,60.0,100.0,0.2216000081548369,0.1334259559709334,0.8219178082191781,2.054794520547945,0.0677357753424657,0.4109589041095891,1.6438356164383563,0.8219178082191781,0.1426225643835616,5.753424657534247,ST,74,80,54,78,59,86,69,72,20,30,65,22,26,86,53,84,51,46,31,51,74,41,59,26,84,65,72,96,91,86,85,86,59,81,74,80,86,58,84,50,78,84,51,65,51,76,54,86,59,65,16,24,51,22,26,81,46,78,43,38,31,51,78,41,54,26,84,65,72,96,91,86,85,86,57,76,65,81,84,51,81,41,78,70,Liga Portugal
Estoril,22mo7qbsnyi8wtucpvhgvhw2q,a3b3bwtqfx22nmw8toxb430no,Tiago Brito,Tiago Araújo Brito,22.0,Midfielder,Portugal,Midfielder,23.0,19.0,1.0,42.0,3.0,0.0,1.0,0.0,1.0,1.0,5.0,3.0,0.0,99.0,0.0,2.0,1.0,0.0,0.0,1.0,0.0,0.0,0.0,1.0,0.0,71.19,25.0,0.0,0.0,0.0,35.71,42.86,0.0,0.0520736603799988,0.0,0.0,0.0,0.0,0.0,1.0,1.0,0.04591682,16.0,20.909090909090907,17.27272727272727,0.9090909090909092,38.18181818181818,2.727272727272727,0.0,0.9090909090909092,0.0,0.9090909090909092,0.9090909090909092,4.545454545454545,2.727272727272727,0.0,0.0,1.818181818181818,0.9090909090909092,0.0,0.0,0.9090909090909092,0.0,0.0,0.0,0.9090909090909092,0.0,71.19,25.0,0.0,0.0,0.0,35.71,42.86,0.0,0.0473396912545443,0.0,0.0,0.0,0.0,0.0,0.9090909090909092,0.9090909090909092,0.0417425636363636,14.545454545454543,DM/CM,11,11,13,6,66,16,43,34,37,37,16,53,47,39,69,24,26,9,31,50,43,49,60,33,6,20,43,26,39,6,46,9,37,17,24,16,16,24,14,16,14,17,63,51,23,63,91,16,71,34,54,54,46,86,47,39,89,37,26,9,49,50,43,49,83,33,6,20,43,26,39,6,46,9,60,17,24,16,16,24,20,17,31,46,Liga Portugal
Estoril,22mo7qbsnyi8wtucpvhgvhw2q,bv6u6k40izwaoyzyahynyfqax,Fernando Medrano,Fernando Medrano,26.0,Defender,Spain,Defender,50.0,37.0,4.0,87.0,3.0,3.0,1.0,0.0,3.0,3.0,14.0,4.0,0.0,234.0,0.0,0.0,3.0,2.0,3.0,1.0,0.0,0.0,0.0,1.0,1.0,81.31,40.0,0.0,66.67,0.0,66.67,75.0,50.0,0.0753537792598504,0.1463498934840619,1.0,2.0,0.04130209,2.0,9.0,6.0,0.1963855099999999,43.0,19.23076923076923,14.23076923076923,1.5384615384615383,33.46153846153846,1.1538461538461535,1.1538461538461535,0.3846153846153846,0.0,1.1538461538461535,1.1538461538461535,5.384615384615384,1.5384615384615383,0.0,0.0,0.0,1.1538461538461535,0.7692307692307692,1.1538461538461535,0.3846153846153846,0.0,0.0,0.0,0.3846153846153846,0.3846153846153846,81.31,40.0,0.0,66.67,0.0,66.67,75.0,50.0,0.0289822227922501,0.056288420570793,0.3846153846153846,0.7692307692307692,0.0158854192307692,0.7692307692307692,3.461538461538461,2.3076923076923075,0.0755328884615384,16.538461538461537,LB/LCB,84,68,71,79,58,79,82,50,45,45,87,26,50,47,24,84,74,68,37,50,24,47,84,97,32,47,24,95,47,87,95,29,89,68,92,84,79,79,87,82,63,84,84,47,53,58,47,74,74,50,37,37,79,16,50,47,24,74,68,53,32,50,24,47,79,100,32,47,24,95,47,87,95,29,84,58,89,79,79,68,89,63,58,95,Liga Portugal
Estoril,22mo7qbsnyi8wtucpvhgvhw2q,bvugj4shhvjqfhzyobkbup34k,Isma Sierra,Ismael Sierra,23.0,Defender,Spain,Defender,138.0,47.0,14.0,185.0,12.0,0.0,4.0,3.0,0.0,0.0,13.0,17.0,0.0,270.0,0.0,3.0,1.0,0.0,0.0,6.0,0.0,0.0,0.0,1.0,0.0,88.94,51.85,0.0,0.0,0.0,59.09,66.67,0.0,0.3960209434322007,0.0,1.0,4.0,0.07880156,1.0,14.0,15.0,0.29013984,120.0,46.0,15.666666666666666,4.666666666666667,61.66666666666666,4.0,0.0,1.3333333333333333,1.0,0.0,0.0,4.333333333333333,5.666666666666667,0.0,0.0,1.0,0.3333333333333333,0.0,0.0,2.0,0.0,0.0,0.0,0.3333333333333333,0.0,88.94,51.85,0.0,0.0,0.0,59.09,66.67,0.0,0.1320069811440669,0.0,0.3333333333333333,1.3333333333333333,0.0262671866666666,0.3333333333333333,4.666666666666667,5.0,0.09671328,40.0,CB,88,65,88,88,99,30,95,95,30,30,78,76,45,42,79,49,32,14,92,46,45,49,88,44,50,70,45,32,42,62,82,14,92,36,91,90,90,76,85,88,82,91,71,52,79,65,98,30,92,89,30,30,71,50,45,42,70,38,32,14,86,46,45,49,85,44,50,70,45,32,42,62,82,14,88,36,89,90,88,71,82,85,78,84,Liga Portugal
Estoril,22mo7qbsnyi8wtucpvhgvhw2q,c7xltzkcj4u5qmw4j1e9gxmmt,Xeka,Miguel Ângelo da Silva Rocha,31.0,Midfielder,Portugal,Midfielder,18.0,26.0,2.0,44.0,2.0,2.0,4.0,2.0,2.0,2.0,4.0,0.0,0.0,115.0,2.0,4.0,2.0,0.0,1.0,2.0,0.0,0.0,0.0,2.0,0.0,89.8,100.0,0.0,0.0,50.0,25.0,66.67,100.0,0.3626317031924448,0.0370289665719601,2.0,2.0,0.03932202,1.0,6.0,7.0,0.10895864,24.0,14.08695652173913,20.347826086956523,1.565217391304348,34.434782608695656,1.565217391304348,1.565217391304348,3.130434782608696,1.565217391304348,1.565217391304348,1.565217391304348,3.130434782608696,0.0,0.0,1.565217391304348,3.130434782608696,1.565217391304348,0.0,0.782608695652174,1.565217391304348,0.0,0.0,0.0,1.565217391304348,0.0,89.8,100.0,0.0,0.0,50.0,25.0,66.67,100.0,0.2837987242375655,0.0289791912302296,1.565217391304348,1.565217391304348,0.0307737547826086,0.782608695652174,4.695652173913044,5.478260869565218,0.0852719791304347,18.782608695652176,DM/CM,3,29,26,9,47,70,94,90,59,59,7,11,47,97,87,40,26,29,53,50,43,49,83,33,71,97,43,26,93,3,84,96,94,40,83,54,51,57,57,56,43,34,20,71,43,46,63,89,100,97,80,77,14,11,47,100,97,69,26,46,83,50,43,49,97,33,71,97,43,26,93,3,84,96,97,46,97,74,71,80,74,83,63,57,Liga Portugal
Estoril,22mo7qbsnyi8wtucpvhgvhw2q,dyeuxixz75ematbmtiwzcvhzp,João Carvalho,João António Antunes Carvalho,29.0,Midfielder,Portugal,Midfielder,20.0,59.0,5.0,77.0,0.0,6.0,7.0,3.0,8.0,8.0,15.0,1.0,0.0,270.0,2.0,8.0,7.0,3.0,4.0,1.0,0.0,2.0,0.0,4.0,1.0,77.0,62.5,18.18,37.5,28.57,46.88,0.0,80.0,0.5447668842514406,0.525490685820503,4.0,6.0,0.2301995599999999,3.0,12.0,13.0,0.2882901599999999,41.0,6.666666666666667,19.666666666666668,1.6666666666666667,25.666666666666668,0.0,2.0,2.333333333333333,1.0,2.6666666666666665,2.6666666666666665,5.0,0.3333333333333333,0.0,0.6666666666666666,2.6666666666666665,2.333333333333333,1.0,1.3333333333333333,0.3333333333333333,0.0,0.6666666666666666,0.0,1.3333333333333333,0.3333333333333333,77.0,62.5,18.18,37.5,28.57,46.88,0.0,80.0,0.1815889614171468,0.1751635619401676,1.3333333333333333,2.0,0.0767331866666666,1.0,4.0,4.333333333333333,0.0960967199999999,13.666666666666666,CM/AM,43,86,86,71,14,88,86,69,81,76,76,36,33,60,60,86,67,81,50,52,62,36,100,60,24,52,48,43,31,52,24,69,71,81,100,83,95,76,95,88,67,83,29,62,81,48,14,79,76,50,67,67,52,24,33,48,43,71,67,74,33,52,55,36,98,48,24,52,48,43,31,52,24,69,62,62,95,64,86,57,93,79,62,74,Liga Portugal
Estoril,22mo7qbsnyi8wtucpvhgvhw2q,e65zqndnze1xzef4qlkhd1v4l,Ferro,Francisco Reis Ferreira,29.0,Defender,Portugal,Defender,89.0,53.0,11.0,142.0,5.0,1.0,0.0,0.0,0.0,0.0,14.0,14.0,0.0,270.0,0.0,2.0,1.0,0.0,4.0,7.0,0.0,0.0,0.0,0.0,0.0,88.2,57.89,0.0,0.0,0.0,60.87,62.5,44.44,0.0,0.0808711815148916,0.0,2.0,0.04070745,1.0,8.0,12.0,0.1863113099999999,57.0,29.666666666666668,17.666666666666668,3.6666666666666665,47.333333333333336,1.6666666666666667,0.3333333333333333,0.0,0.0,0.0,0.0,4.666666666666667,4.666666666666667,0.0,0.0,0.6666666666666666,0.3333333333333333,0.0,1.3333333333333333,2.333333333333333,0.0,0.0,0.0,0.0,0.0,88.2,57.89,0.0,0.0,0.0,60.87,62.5,44.44,0.0,0.0269570605049638,0.0,0.6666666666666666,0.01356915,0.3333333333333333,2.6666666666666665,4.0,0.0621037699999999,19.0,CB,52,74,75,70,64,70,20,24,30,30,86,60,45,42,64,49,32,95,98,46,45,49,41,44,45,78,45,32,42,69,70,40,21,75,44,79,80,76,70,80,68,65,22,60,60,35,42,65,20,24,30,30,78,38,45,42,54,38,32,82,95,46,45,49,41,44,45,78,45,32,42,69,70,40,21,75,44,76,78,71,69,78,65,54,Liga Portugal
Estoril,22mo7qbsnyi8wtucpvhgvhw2q,en42iersp8me42z7r4lzhwiga,Y. Begraoui,Yanis Begraoui,25.0,Attacker,Morocco,Striker,15.0,26.0,0.0,41.0,1.0,4.0,7.0,5.0,4.0,4.0,7.0,3.0,1.0,270.0,3.0,12.0,5.0,1.0,0.0,0.0,0.0,0.0,0.0,2.0,2.0,91.11,0.0,0.0,25.0,42.86,43.75,25.0,0.0,0.7397842448631722,0.3191676791496125,1.0,4.0,0.1914090799999999,5.0,2.0,4.0,0.1826227899999999,21.0,5.0,8.666666666666666,0.0,13.666666666666666,0.3333333333333333,1.3333333333333333,2.333333333333333,1.6666666666666667,1.3333333333333333,1.3333333333333333,2.333333333333333,1.0,0.3333333333333333,1.0,4.0,1.6666666666666667,0.3333333333333333,0.0,0.0,0.0,0.0,0.0,0.6666666666666666,0.6666666666666666,91.11,0.0,0.0,25.0,42.86,43.75,25.0,0.0,0.246594748287724,0.1063892263832041,0.3333333333333333,1.3333333333333333,0.0638030266666666,1.6666666666666667,0.6666666666666666,1.3333333333333333,0.0608742633333332,7.0,ST,84,76,24,84,31,74,78,72,58,58,38,81,66,77,76,84,51,15,31,51,35,41,80,80,97,24,35,49,62,51,30,15,76,78,47,76,89,99,66,68,65,89,61,57,24,65,24,62,57,51,38,38,16,59,51,73,54,65,38,15,31,51,35,41,65,62,97,24,35,49,62,51,30,15,59,68,32,68,81,97,54,62,57,84,Liga Portugal
Gil Vicente,bwt8yfk8rkcwiwyr0mopd7wqd,10k53pv13mw9hzllv70umgzbp,Ricardo Esgaio,Ricardo de Sousa Esgaio,33.0,Defender,Portugal,Defender,49.0,53.0,3.0,101.0,1.0,1.0,0.0,0.0,1.0,1.0,7.0,8.0,0.0,180.0,0.0,0.0,0.0,1.0,4.0,1.0,0.0,1.0,0.0,0.0,0.0,85.59,42.86,25.0,100.0,0.0,53.85,33.33,80.0,0.0,0.0,0.0,0.0,0.0,0.0,0.0,0.0,0.0,0.0,24.5,26.5,1.5,50.5,0.5,0.5,0.0,0.0,0.5,0.5,3.5,4.0,0.0,0.0,0.0,0.0,0.5,2.0,0.5,0.0,0.5,0.0,0.0,0.0,85.59,42.86,25.0,100.0,0.0,53.85,33.33,80.0,0.0,0.0,0.0,0.0,0.0,0.0,0.0,0.0,0.0,0.0,CB,25,74,30,38,11,70,20,24,71,70,40,34,45,42,15,15,79,95,34,46,91,49,41,44,25,48,90,88,42,44,18,62,21,36,44,31,31,34,21,20,20,20,15,88,28,38,10,79,20,24,80,78,39,25,45,42,15,15,88,94,41,46,91,49,41,44,25,48,90,88,42,44,18,62,21,36,44,31,31,34,21,20,20,20,Liga Portugal
Gil Vicente,bwt8yfk8rkcwiwyr0mopd7wqd,1xruon30s04okjq684c3v4s4q,F. Cáseres,Facundo Cáseres,25.0,Midfielder,Argentina,Midfielder,54.0,53.0,3.0,105.0,2.0,3.0,0.0,0.0,0.0,0.0,6.0,1.0,0.0,139.0,0.0,1.0,3.0,0.0,1.0,0.0,0.0,2.0,0.0,0.0,0.0,90.52,100.0,100.0,0.0,0.0,75.0,0.0,100.0,0.0,0.1915456845039096,0.0,3.0,0.05617798,0.0,15.0,17.0,0.3312215399999999,58.0,34.96402877697842,34.31654676258993,1.9424460431654675,67.98561151079136,1.2949640287769784,1.9424460431654675,0.0,0.0,0.0,0.0,3.884892086330935,0.6474820143884892,0.0,0.0,0.6474820143884892,1.9424460431654675,0.0,0.6474820143884892,0.0,0.0,1.2949640287769784,0.0,0.0,0.0,90.52,100.0,100.0,0.0,0.0,75.0,0.0,100.0,0.0,0.1240223856500134,0.0,1.9424460431654675,0.0363742316546762,0.0,9.712230215827338,11.007194244604316,0.2144599899280575,37.55395683453237,DM/CM,77,83,40,77,47,83,16,34,13,13,23,29,47,39,46,60,26,29,11,50,96,49,23,33,80,97,100,26,39,100,17,96,16,80,24,70,60,24,91,97,91,77,91,91,57,91,57,100,16,34,13,13,29,34,47,39,54,83,26,33,11,50,97,49,23,33,80,97,100,26,39,100,17,96,16,97,24,89,83,24,97,100,97,97,Liga Portugal
Gil Vicente,bwt8yfk8rkcwiwyr0mopd7wqd,3ca3uctce3rk29scnh57clbmc,M. Elimbi,Marvin Elimbi,23.0,Defender,France,Defender,92.0,41.0,4.0,133.0,3.0,0.0,0.0,0.0,1.0,1.0,5.0,13.0,0.0,180.0,0.0,0.0,0.0,1.0,0.0,0.0,0.0,0.0,0.0,0.0,0.0,93.66,50.0,0.0,100.0,0.0,33.33,37.5,0.0,0.0,0.0,0.0,0.0,0.0,0.0,0.0,0.0,0.0,0.0,46.0,20.5,2.0,66.5,1.5,0.0,0.0,0.0,0.5,0.5,2.5,6.5,0.0,0.0,0.0,0.0,0.5,0.0,0.0,0.0,0.0,0.0,0.0,0.0,93.66,50.0,0.0,100.0,0.0,33.33,37.5,0.0,0.0,0.0,0.0,0.0,0.0,0.0,0.0,0.0,0.0,0.0,CB,60,55,36,62,39,30,20,24,71,70,24,55,45,42,15,15,79,14,10,46,45,49,41,44,88,60,45,88,42,5,22,14,21,36,44,31,31,34,21,20,20,20,71,78,34,75,39,30,20,24,80,78,19,61,45,42,15,15,88,14,10,46,45,49,41,44,88,60,45,88,42,5,22,14,21,36,44,31,31,34,21,20,20,20,Liga Portugal
Gil Vicente,bwt8yfk8rkcwiwyr0mopd7wqd,3p3i8f3iz2t0tqui5uihqt2zu,Santi García,Santi García,24.0,Midfielder,Spain,Midfielder,20.0,40.0,1.0,60.0,0.0,2.0,2.0,1.0,9.0,9.0,12.0,3.0,0.0,180.0,1.0,2.0,6.0,5.0,0.0,1.0,0.0,0.0,0.0,1.0,1.0,92.31,100.0,0.0,55.56,50.0,48.0,0.0,0.0,0.081620429065733,0.1334990067605604,2.0,3.0,0.05959185,4.0,6.0,9.0,0.1503742299999999,26.0,10.0,20.0,0.5,30.0,0.0,1.0,1.0,0.5,4.5,4.5,6.0,1.5,0.0,0.5,1.0,3.0,2.5,0.0,0.5,0.0,0.0,0.0,0.5,0.5,92.31,100.0,0.0,55.56,50.0,48.0,0.0,0.0,0.0408102145328665,0.0667495033802802,1.0,1.5,0.029795925,2.0,3.0,4.5,0.0751871149999999,13.0,CM/AM,43,62,29,64,14,33,29,21,90,88,60,69,33,36,19,74,83,7,50,52,24,36,48,60,100,93,24,67,60,57,24,7,14,33,76,45,38,90,71,79,38,67,57,67,29,60,14,40,31,29,90,90,81,81,33,36,19,83,90,7,60,52,24,36,57,64,100,93,24,67,60,57,24,7,14,33,81,45,43,88,74,86,43,67,Liga Portugal
Gil Vicente,bwt8yfk8rkcwiwyr0mopd7wqd,6ys90hkocv68glss19acsvgq2,Carlos Eduardo,Carlos Eduardo Borges Parente,24.0,Attacker,Brazil,Striker,4.0,2.0,0.0,6.0,3.0,0.0,3.0,3.0,1.0,1.0,4.0,3.0,0.0,106.0,1.0,3.0,0.0,0.0,0.0,0.0,0.0,0.0,0.0,0.0,1.0,54.55,0.0,0.0,0.0,33.33,26.67,42.86,0.0,0.0,0.0,0.0,0.0,0.0,0.0,0.0,0.0,0.0,0.0,3.39622641509434,1.6981132075471697,0.0,5.09433962264151,2.547169811320755,0.0,2.547169811320755,2.547169811320755,0.8490566037735848,0.8490566037735848,3.39622641509434,2.547169811320755,0.0,0.8490566037735848,2.547169811320755,0.0,0.0,0.0,0.0,0.0,0.0,0.0,0.0,0.8490566037735848,54.55,0.0,0.0,0.0,33.33,26.67,42.86,0.0,0.0,0.0,0.0,0.0,0.0,0.0,0.0,0.0,0.0,0.0,ST,19,3,24,3,59,9,36,47,20,18,16,81,26,46,23,7,19,15,31,51,35,41,24,58,5,24,35,19,50,15,57,15,9,12,16,15,15,23,16,14,8,8,30,3,24,5,84,9,65,76,27,27,27,100,26,62,27,7,19,15,31,51,35,41,24,76,5,24,35,19,50,15,57,15,9,12,16,15,15,23,16,14,8,8,Liga Portugal
Gil Vicente,bwt8yfk8rkcwiwyr0mopd7wqd,aa43uokg23dh0ls3pgzu4b74l,Jonathan Buatu,Jonathan Buatu Mananga,32.0,Defender,Angola,Defender,66.0,57.0,0.0,123.0,5.0,0.0,0.0,0.0,0.0,0.0,8.0,12.0,0.0,180.0,0.0,0.0,0.0,0.0,3.0,0.0,0.0,0.0,0.0,0.0,0.0,93.89,0.0,0.0,0.0,0.0,66.67,55.56,100.0,0.0,0.0,0.0,0.0,0.0,0.0,0.0,0.0,0.0,0.0,33.0,28.5,0.0,61.5,2.5,0.0,0.0,0.0,0.0,0.0,4.0,6.0,0.0,0.0,0.0,0.0,0.0,1.5,0.0,0.0,0.0,0.0,0.0,0.0,93.89,0.0,0.0,0.0,0.0,66.67,55.56,100.0,0.0,0.0,0.0,0.0,0.0,0.0,0.0,0.0,0.0,0.0,CB,46,82,5,50,64,30,20,24,30,30,51,45,45,42,15,15,32,82,10,46,45,49,41,44,90,5,45,32,42,86,60,82,21,36,44,31,31,34,21,20,20,20,36,90,5,62,68,30,20,24,30,30,60,55,45,42,15,15,32,88,10,46,45,49,41,44,90,5,45,32,42,86,60,82,21,36,44,31,31,34,21,20,20,20,Liga Portugal
Gil Vicente,bwt8yfk8rkcwiwyr0mopd7wqd,ajzwef2am5u4bzfdlkr33bml0,Gil Martins,Gil Pinto Martins,20.0,Midfielder,Portugal,Midfielder,15.0,26.0,3.0,40.0,0.0,1.0,4.0,3.0,2.0,2.0,2.0,2.0,1.0,156.0,1.0,5.0,1.0,0.0,1.0,0.0,0.0,1.0,0.0,1.0,1.0,93.02,75.0,25.0,0.0,25.0,20.0,0.0,100.0,0.4040873332251019,0.1163551940166957,0.0,2.0,0.0535479299999999,3.0,4.0,4.0,0.06962,9.0,8.653846153846153,15.0,1.7307692307692306,23.07692307692308,0.0,0.5769230769230769,2.3076923076923075,1.7307692307692306,1.1538461538461535,1.1538461538461535,1.1538461538461535,1.1538461538461535,0.5769230769230769,0.5769230769230769,2.8846153846153846,0.5769230769230769,0.0,0.5769230769230769,0.0,0.0,0.5769230769230769,0.0,0.5769230769230769,0.5769230769230769,93.02,75.0,25.0,0.0,25.0,20.0,0.0,100.0,0.2331273076298664,0.0671279965480936,0.0,1.1538461538461535,0.0308930365384614,1.7307692307692306,2.3076923076923075,2.3076923076923075,0.0401653846153846,5.1923076923076925,LM/LCM,25,25,62,25,25,62,100,100,50,50,25,25,88,75,75,50,25,25,25,62,88,62,75,88,100,100,100,25,50,25,25,100,100,100,38,88,75,100,62,62,25,25,50,50,75,50,25,75,100,100,75,75,25,25,100,100,100,50,25,25,25,62,100,62,100,100,100,100,100,25,50,25,25,100,100,100,38,100,100,100,75,75,25,25,Liga Portugal
Gil Vicente,bwt8yfk8rkcwiwyr0mopd7wqd,ate1ymumg2iwzn8uyyf3ts222,A. Lausen,Andreas Lausen,23.0,Midfielder,Denmark,Midfielder,23.0,36.0,4.0,59.0,0.0,0.0,1.0,1.0,2.0,2.0,3.0,1.0,0.0,136.0,1.0,6.0,1.0,0.0,1.0,1.0,0.0,0.0,0.0,0.0,0.0,88.06,66.67,0.0,0.0,100.0,37.5,0.0,50.0,0.1163551940166957,0.0,0.0,2.0,0.04087117,0.0,2.0,1.0,0.03437756,13.0,15.220588235294118,23.823529411764707,2.647058823529412,39.044117647058826,0.0,0.0,0.6617647058823529,0.6617647058823529,1.3235294117647058,1.3235294117647058,1.9852941176470589,0.6617647058823529,0.0,0.6617647058823529,3.9705882352941178,0.6617647058823529,0.0,0.6617647058823529,0.6617647058823529,0.0,0.0,0.0,0.0,0.0,88.06,66.67,0.0,0.0,100.0,37.5,0.0,50.0,0.0769997607463427,0.0,0.0,1.3235294117647058,0.0270470977941176,0.0,1.3235294117647058,0.6617647058823529,0.0227498558823529,8.602941176470589,CM/AM,67,50,79,57,14,5,14,21,26,24,5,36,33,36,43,17,14,26,50,52,24,36,19,24,86,64,24,14,93,19,24,31,29,10,19,29,24,14,19,14,10,14,86,76,95,90,14,5,19,33,38,38,10,43,33,43,71,24,14,29,67,52,24,36,19,24,86,64,24,14,93,19,24,31,33,10,19,36,38,14,24,14,14,38,Liga Portugal
Gil Vicente,bwt8yfk8rkcwiwyr0mopd7wqd,avrafbh1kctz4io6h1fthedih,Weverson,Weverson Moreira da Costa,26.0,Defender,Brazil,Defender,18.0,24.0,5.0,42.0,1.0,1.0,1.0,0.0,3.0,3.0,4.0,6.0,0.0,109.0,0.0,1.0,0.0,1.0,2.0,1.0,0.0,0.0,0.0,1.0,0.0,91.3,71.43,0.0,33.33,0.0,44.44,33.33,100.0,0.0435505894019473,0.1418697030207812,1.0,0.0,0.0,1.0,4.0,4.0,0.1509276199999999,17.0,14.862385321100918,19.81651376146789,4.128440366972478,34.67889908256881,0.8256880733944955,0.8256880733944955,0.8256880733944955,0.0,2.4770642201834865,2.4770642201834865,3.302752293577982,4.954128440366973,0.0,0.0,0.8256880733944955,0.0,0.8256880733944955,1.651376146788991,0.8256880733944955,0.0,0.0,0.0,0.8256880733944955,0.0,91.3,71.43,0.0,33.33,0.0,44.44,33.33,100.0,0.0359592022584886,0.117140121760278,0.8256880733944955,0.0,0.0,0.8256880733944955,3.302752293577982,3.302752293577982,0.1246191357798164,14.036697247706424,LB/LCB,16,26,79,16,21,45,82,50,45,45,11,55,50,47,58,18,45,39,37,50,24,47,84,47,100,95,24,47,47,32,34,92,84,63,92,29,29,61,58,58,58,47,32,89,95,68,37,58,89,50,79,79,37,95,50,47,74,18,79,84,53,50,24,47,95,47,100,95,24,47,47,32,34,92,89,79,100,29,29,79,84,89,68,74,Liga Portugal
Gil Vicente,bwt8yfk8rkcwiwyr0mopd7wqd,cuhq4744nzue53ay6piahgzu2,Joelson Fernandes,Joelson Augusto Mendes Mango Fernandes,23.0,Attacker,Portugal,Striker,8.0,26.0,1.0,33.0,0.0,1.0,3.0,0.0,4.0,5.0,8.0,1.0,0.0,150.0,0.0,3.0,2.0,3.0,1.0,0.0,0.0,1.0,0.0,3.0,1.0,82.5,100.0,6.25,75.0,0.0,38.1,0.0,33.33,0.1521453269621652,0.1353067044803467,2.0,2.0,0.04336653,0.0,0.0,1.0,0.10516717,3.0,4.8,15.6,0.6,19.8,0.0,0.6,1.7999999999999998,0.0,2.4,3.0,4.8,0.6,0.0,0.0,1.7999999999999998,1.2,1.7999999999999998,0.6,0.0,0.0,0.6,0.0,1.7999999999999998,0.6,82.5,100.0,6.25,75.0,0.0,38.1,0.0,33.33,0.0912871961772991,0.081184022688208,1.2,1.2,0.026019918,0.0,0.0,0.6,0.063100302,1.7999999999999998,LW,25,50,38,31,19,25,38,25,38,44,50,56,50,12,44,25,69,62,12,56,50,44,62,62,88,100,50,100,12,38,25,62,38,38,50,44,50,25,12,12,25,12,25,88,50,38,19,38,50,25,50,75,62,50,50,12,50,25,75,75,12,56,50,44,75,75,88,100,50,100,12,38,25,62,38,38,62,50,50,25,12,12,38,12,Liga Portugal
Moreirense,4a3yqn3kt1l18oklr7zxo4f1s,19mq6gsvnfvnzugpbfwniqj1l,Maracás,Jóbson de Brito Gonzaga,32.0,Defender,Brazil,Defender,66.0,8.0,1.0,74.0,1.0,0.0,0.0,0.0,0.0,0.0,2.0,6.0,0.0,90.0,0.0,0.0,1.0,0.0,0.0,0.0,0.0,0.0,0.0,0.0,0.0,85.06,9.09,0.0,0.0,0.0,50.0,0.0,0.0,0.0006684181245648,0.0,0.0,0.0,0.0,0.0,1.0,1.0,0.0510445899999999,38.0,66.0,8.0,1.0,74.0,1.0,0.0,0.0,0.0,0.0,0.0,2.0,6.0,0.0,0.0,0.0,1.0,0.0,0.0,0.0,0.0,0.0,0.0,0.0,0.0,85.06,9.09,0.0,0.0,0.0,50.0,0.0,0.0,0.0006684181245648,0.0,0.0,0.0,0.0,0.0,1.0,1.0,0.0510445899999999,38.0,CB,46,5,12,28,11,30,20,24,30,30,4,20,45,42,15,49,32,14,10,46,45,49,41,44,18,10,45,32,42,34,9,14,42,36,44,31,31,34,45,42,42,54,100,12,22,91,22,30,20,24,30,30,9,55,45,42,15,84,32,14,10,46,45,49,41,44,18,10,45,32,42,34,9,14,42,36,44,31,31,34,46,48,52,80,Liga Portugal
Moreirense,4a3yqn3kt1l18oklr7zxo4f1s,1m62lxr5fsbqib8b1uf0tjx0,A. Duville-Parsemain,Alexandre Duville-Parsemain,23.0,Attacker,France,Striker,4.0,4.0,0.0,8.0,5.0,2.0,3.0,3.0,0.0,0.0,7.0,1.0,0.0,180.0,2.0,5.0,1.0,0.0,1.0,1.0,0.0,0.0,1.0,0.0,0.0,33.33,0.0,0.0,0.0,66.67,31.82,33.33,100.0,0.3715084746187952,0.0870715065483153,1.0,0.0,0.0,0.0,0.0,0.0,0.0021440899999999,2.0,2.0,2.0,0.0,4.0,2.5,1.0,1.5,1.5,0.0,0.0,3.5,0.5,0.0,1.0,2.5,0.5,0.0,0.5,0.5,0.0,0.0,0.5,0.0,0.0,33.33,0.0,0.0,0.0,66.67,31.82,33.33,100.0,0.1857542373093976,0.0435357532741576,0.5,0.0,0.0,0.0,0.0,0.0,0.0010720449999999,1.0,ST,19,7,24,5,82,51,36,47,5,5,38,50,26,68,35,22,19,46,73,51,35,89,24,26,3,24,35,19,91,26,42,86,41,41,47,15,15,23,16,14,16,16,16,5,24,3,81,49,38,46,5,5,32,49,26,73,24,16,19,41,73,51,35,92,24,26,3,24,35,19,91,26,42,86,46,38,49,15,15,23,16,14,16,16,Liga Portugal
Moreirense,4a3yqn3kt1l18oklr7zxo4f1s,1orxuwwmw6m5647h08t6ym3o4,Leandro Santos,Leandro Henrique de Sousa Santos,20.0,Defender,Portugal,Defender,27.0,20.0,4.0,46.0,3.0,2.0,1.0,1.0,9.0,10.0,12.0,8.0,0.0,175.0,0.0,1.0,1.0,5.0,3.0,0.0,0.0,1.0,0.0,0.0,1.0,76.67,44.44,16.67,55.56,0.0,60.0,75.0,100.0,0.0575930009275701,0.1790500088134974,1.0,2.0,0.04888404,0.0,1.0,4.0,0.13452741,19.0,13.885714285714286,10.285714285714286,2.0571428571428574,23.65714285714286,1.542857142857143,1.0285714285714287,0.5142857142857143,0.5142857142857143,4.628571428571429,5.142857142857143,6.171428571428572,4.114285714285715,0.0,0.0,0.5142857142857143,0.5142857142857143,2.571428571428572,1.542857142857143,0.0,0.0,0.5142857142857143,0.0,0.0,0.5142857142857143,76.67,44.44,16.67,55.56,0.0,60.0,75.0,100.0,0.0296192576198931,0.0920828616755129,0.5142857142857143,1.0285714285714287,0.0251403634285714,0.0,0.5142857142857143,2.0571428571428574,0.0691855251428571,9.771428571428572,RB/RCB,28,19,66,25,56,53,69,78,100,100,72,66,53,44,25,34,94,69,16,53,69,44,47,94,12,62,59,75,44,62,94,91,62,50,94,59,56,28,47,56,50,44,25,25,62,25,81,69,75,88,100,100,75,69,53,44,19,31,100,56,16,53,62,44,47,88,12,62,59,75,44,62,94,91,62,62,88,56,56,28,50,56,56,44,Liga Portugal
Moreirense,4a3yqn3kt1l18oklr7zxo4f1s,4lvinau49hg0a7m5e1ii9h5as,Afonso Vieira,Afonso Fernandes Lopes Vieira,19.0,Attacker,Portugal,Striker,8.0,5.0,0.0,13.0,0.0,0.0,0.0,0.0,1.0,1.0,1.0,0.0,0.0,104.0,0.0,0.0,0.0,0.0,1.0,4.0,0.0,0.0,0.0,0.0,0.0,81.25,0.0,0.0,0.0,0.0,10.0,0.0,100.0,0.0,0.0,0.0,0.0,0.0,0.0,0.0,0.0,0.0,0.0,6.923076923076923,4.3269230769230775,0.0,11.250000000000002,0.0,0.0,0.0,0.0,0.8653846153846154,0.8653846153846154,0.8653846153846154,0.0,0.0,0.0,0.0,0.0,0.0,0.8653846153846154,3.4615384615384617,0.0,0.0,0.0,0.0,0.0,81.25,0.0,0.0,0.0,0.0,10.0,0.0,100.0,0.0,0.0,0.0,0.0,0.0,0.0,0.0,0.0,0.0,0.0,ST,45,11,24,22,12,9,7,12,20,18,3,22,26,16,4,7,19,46,99,51,35,41,24,26,76,24,35,19,16,3,12,86,9,12,16,15,15,23,16,14,8,8,86,16,24,41,12,9,7,12,30,30,3,22,26,16,4,7,19,59,100,51,35,41,24,26,76,24,35,19,16,3,12,86,9,12,16,15,15,23,16,14,8,8,Liga Portugal
Moreirense,4a3yqn3kt1l18oklr7zxo4f1s,5r77c92sjgkfvx5h4vdcqpixg,Landerson,Landerson Costa Araújo,19.0,Attacker,Brazil,Striker,9.0,12.0,0.0,21.0,4.0,1.0,0.0,0.0,5.0,5.0,8.0,2.0,0.0,153.0,0.0,1.0,2.0,0.0,1.0,2.0,0.0,0.0,0.0,0.0,0.0,84.0,0.0,0.0,0.0,0.0,47.06,80.0,50.0,0.0,0.0384481123342879,0.0,3.0,0.07897773,2.0,1.0,2.0,0.03660922,5.0,5.294117647058823,7.0588235294117645,0.0,12.352941176470589,2.3529411764705883,0.5882352941176471,0.0,0.0,2.9411764705882355,2.9411764705882355,4.705882352941177,1.1764705882352942,0.0,0.0,0.5882352941176471,1.1764705882352942,0.0,0.5882352941176471,1.1764705882352942,0.0,0.0,0.0,0.0,0.0,84.0,0.0,0.0,0.0,0.0,47.06,80.0,50.0,0.0,0.0226165366672281,0.0,1.7647058823529411,0.0464574882352941,1.1764705882352942,0.5882352941176471,1.1764705882352942,0.0215348352941176,2.9411764705882355,ST,55,35,24,42,73,31,7,12,73,70,49,64,26,16,9,39,19,46,88,51,35,41,24,26,81,24,35,19,16,65,97,43,9,27,16,69,70,78,46,50,35,27,72,41,24,49,76,38,7,12,73,70,54,73,26,16,11,43,19,49,89,51,35,41,24,26,81,24,35,19,16,65,97,43,9,30,16,73,70,89,51,54,32,35,Liga Portugal
Moreirense,4a3yqn3kt1l18oklr7zxo4f1s,5v5n8dvhqf1995r4ayrjo76ui,N. John,Nile John,23.0,Midfielder,England,Midfielder,28.0,24.0,0.0,51.0,0.0,1.0,3.0,0.0,3.0,3.0,5.0,0.0,1.0,165.0,1.0,0.0,3.0,1.0,0.0,4.0,0.0,1.0,0.0,3.0,1.0,92.73,0.0,20.0,33.33,33.33,41.67,0.0,0.0,0.1867922911169443,0.0567129694631054,3.0,0.0,0.0,0.0,5.0,5.0,0.0594905899999999,23.0,15.272727272727272,13.090909090909092,0.0,27.81818181818182,0.0,0.5454545454545455,1.6363636363636365,0.0,1.6363636363636365,1.6363636363636365,2.7272727272727275,0.0,0.5454545454545455,0.5454545454545455,0.0,1.6363636363636365,0.5454545454545455,0.0,2.181818181818182,0.0,0.5454545454545455,0.0,1.6363636363636365,0.5454545454545455,92.73,0.0,20.0,33.33,33.33,41.67,0.0,0.0,0.1018867042456059,0.0309343469798756,1.6363636363636365,0.0,0.0,0.0,2.7272727272727275,2.7272727272727275,0.0324494127272726,12.545454545454549,DM/CM,19,23,6,24,10,47,83,34,76,76,16,11,97,84,17,60,57,9,83,50,87,49,96,81,91,6,89,56,83,17,17,9,83,43,96,16,16,24,43,44,20,30,26,37,6,17,10,54,94,34,83,80,3,11,100,91,17,71,60,9,91,50,89,49,100,94,91,6,89,56,83,17,17,9,86,49,100,16,16,24,49,51,20,37,Liga Portugal
Moreirense,4a3yqn3kt1l18oklr7zxo4f1s,78v0oip5so79klfocih87htec,Gilberto Batista,Gilberto Dambi Batista,22.0,Defender,Guinea-Bissau,Defender,103.0,25.0,7.0,127.0,2.0,0.0,0.0,0.0,1.0,1.0,8.0,12.0,0.0,180.0,0.0,0.0,1.0,1.0,4.0,2.0,1.0,1.0,0.0,0.0,0.0,83.55,30.43,100.0,100.0,0.0,61.54,40.0,100.0,0.0,0.0,0.0,0.0,0.0,0.0,0.0,0.0,0.0,0.0,51.5,12.5,3.5,63.5,1.0,0.0,0.0,0.0,0.5,0.5,4.0,6.0,0.0,0.0,0.0,0.5,0.5,2.0,1.0,0.5,0.5,0.0,0.0,0.0,83.55,30.43,100.0,100.0,0.0,61.54,40.0,100.0,0.0,0.0,0.0,0.0,0.0,0.0,0.0,0.0,0.0,0.0,CB,68,31,55,56,25,30,20,24,71,70,51,45,45,42,15,49,79,95,55,96,91,49,41,44,12,24,99,88,42,74,31,82,21,36,44,31,31,34,21,20,20,20,90,35,55,69,22,30,20,24,80,78,60,55,45,42,15,55,88,94,55,100,91,49,41,44,12,24,99,88,42,74,31,82,21,36,44,31,31,34,21,20,20,20,Liga Portugal
Moreirense,4a3yqn3kt1l18oklr7zxo4f1s,7qyi7q5gfunxb6vsm35g5fw9g,Kiko,Francisco Miguel Teixeira Domingues,24.0,Defender,Portugal,Defender,38.0,22.0,2.0,58.0,1.0,2.0,1.0,0.0,3.0,3.0,5.0,6.0,0.0,180.0,0.0,2.0,1.0,1.0,1.0,5.0,1.0,2.0,0.0,1.0,0.0,81.69,22.22,25.0,33.33,0.0,33.33,25.0,50.0,0.0224656690897449,0.2202087143363866,1.0,0.0,0.0,0.0,3.0,3.0,0.28036586,25.0,19.0,11.0,1.0,29.0,0.5,1.0,0.5,0.0,1.5,1.5,2.5,3.0,0.0,0.0,1.0,0.5,0.5,0.5,2.5,0.5,1.0,0.0,0.5,0.0,81.69,22.22,25.0,33.33,0.0,33.33,25.0,50.0,0.0112328345448724,0.1101043571681933,0.5,0.0,0.0,0.0,1.5,1.5,0.14018293,12.5,LB/LCB,47,21,24,37,21,66,82,50,45,45,18,55,50,47,76,42,45,16,97,100,76,47,84,47,42,18,63,47,47,11,26,29,74,79,92,29,29,26,53,42,74,58,79,32,29,32,16,66,84,50,63,63,11,63,50,47,82,47,42,16,100,100,79,47,89,47,42,18,63,47,47,11,26,29,74,74,95,29,29,26,53,37,74,63,Liga Portugal
Moreirense,4a3yqn3kt1l18oklr7zxo4f1s,ar0fef65re8lnth2zfgutdfro,Kevyn Monteiro,Kevyn Henrique Monteiro de Souza,20.0,Defender,Brazil,Defender,33.0,3.0,0.0,36.0,1.0,0.0,0.0,0.0,0.0,0.0,4.0,12.0,0.0,90.0,0.0,0.0,3.0,0.0,0.0,1.0,0.0,0.0,0.0,0.0,0.0,85.71,0.0,0.0,0.0,0.0,57.14,50.0,0.0,0.0,0.0,0.0,0.0,0.0,0.0,0.0,0.0,0.0,0.0,33.0,3.0,0.0,36.0,1.0,0.0,0.0,0.0,0.0,0.0,4.0,12.0,0.0,0.0,0.0,3.0,0.0,0.0,1.0,0.0,0.0,0.0,0.0,0.0,85.71,0.0,0.0,0.0,0.0,57.14,50.0,0.0,0.0,0.0,0.0,0.0,0.0,0.0,0.0,0.0,0.0,0.0,CB,10,2,5,5,11,30,20,24,30,30,16,45,45,42,15,94,32,14,34,46,45,49,41,44,28,5,45,32,42,52,48,14,21,36,44,31,31,34,21,20,20,20,36,2,5,20,22,30,20,24,30,30,60,100,45,42,15,100,32,14,55,46,45,49,41,44,28,5,45,32,42,52,48,14,21,36,44,31,31,34,21,20,20,20,Liga Portugal
Moreirense,4a3yqn3kt1l18oklr7zxo4f1s,ercfwn1wpo1uuw5sts42ewmzu,Guilherme Liberato,Guilherme Liberato Tomás de Aquino,25.0,Midfielder,Brazil,Midfielder,30.0,15.0,2.0,45.0,0.0,0.0,0.0,0.0,3.0,3.0,9.0,4.0,0.0,120.0,0.0,0.0,4.0,2.0,1.0,1.0,0.0,0.0,0.0,0.0,0.0,78.95,28.57,0.0,66.67,0.0,60.0,0.0,33.33,0.0,0.0,0.0,0.0,0.0,0.0,0.0,0.0,0.0,0.0,22.5,11.25,1.5,33.75,0.0,0.0,0.0,0.0,2.25,2.25,6.75,3.0,0.0,0.0,0.0,3.0,1.5,0.75,0.75,0.0,0.0,0.0,0.0,0.0,78.95,28.57,0.0,66.67,0.0,60.0,0.0,33.33,0.0,0.0,0.0,0.0,0.0,0.0,0.0,0.0,0.0,0.0,DM/CM,33,3,26,11,10,16,16,34,76,76,36,64,47,39,17,81,73,29,31,50,43,49,23,33,11,27,43,73,39,81,17,29,16,17,24,16,16,24,7,7,7,7,71,14,37,43,10,16,16,34,91,91,83,89,47,39,17,100,96,40,31,50,43,49,23,33,11,27,43,73,39,81,17,29,16,17,24,16,16,24,7,7,7,7,Liga Portugal
Moreirense,4a3yqn3kt1l18oklr7zxo4f1s,fwjwegjstc3k5oj7ywlm702c,Rodri Alonso,Rodrigo Alonso Martín,23.0,Midfielder,Spain,Midfielder,30.0,19.0,0.0,49.0,0.0,1.0,0.0,0.0,2.0,2.0,5.0,0.0,0.0,139.0,0.0,0.0,4.0,0.0,1.0,2.0,0.0,0.0,0.0,0.0,0.0,87.5,0.0,0.0,0.0,0.0,38.46,0.0,100.0,0.0,0.0822345712829941,0.0,1.0,0.02385149,1.0,5.0,5.0,0.09278775,23.0,19.42446043165468,12.302158273381297,0.0,31.72661870503597,0.0,0.6474820143884892,0.0,0.0,1.2949640287769784,1.2949640287769784,3.237410071942446,0.0,0.0,0.0,0.0,2.5899280575539567,0.0,0.6474820143884892,1.2949640287769784,0.0,0.0,0.0,0.0,0.0,87.5,0.0,0.0,0.0,0.0,38.46,0.0,100.0,0.0,0.0532454058666868,0.0,0.6474820143884892,0.0154434107913669,0.6474820143884892,3.237410071942446,3.237410071942446,0.0600783992805755,14.892086330935252,DM/CM,33,11,6,17,10,47,16,34,59,59,16,11,47,39,17,81,26,29,53,50,43,49,23,33,61,6,43,26,39,9,17,96,16,51,24,40,40,57,43,44,29,30,54,29,6,31,10,60,16,34,74,74,17,11,47,39,17,97,26,33,66,50,43,49,23,33,61,6,43,26,39,9,17,96,16,66,24,46,49,60,63,63,49,49,Liga Portugal
Rio Ave,cgvbluoerzbzcr7aaxge3wkcv,1ikn6ky7wi06swbwfegv7w1gq,F. Petrasso,Francisco Petrasso,24.0,Defender,Argentina,Defender,85.0,29.0,7.0,114.0,4.0,0.0,1.0,1.0,1.0,1.0,5.0,20.0,0.0,256.0,0.0,3.0,0.0,1.0,0.0,3.0,0.0,0.0,0.0,0.0,0.0,86.36,30.43,0.0,100.0,0.0,62.5,66.67,0.0,0.1214241875671676,0.0,0.0,0.0,0.0,0.0,1.0,1.0,0.0827746499999999,41.0,29.8828125,10.1953125,2.4609375,40.078125,1.40625,0.0,0.3515625,0.3515625,0.3515625,0.3515625,1.7578125,7.03125,0.0,0.0,1.0546875,0.0,0.3515625,0.0,1.0546875,0.0,0.0,0.0,0.0,0.0,86.36,30.43,0.0,100.0,0.0,62.5,66.67,0.0,0.0426881909415823,0.0,0.0,0.0,0.0,0.0,0.3515625,0.3515625,0.0291004628906249,14.4140625,RB/RCB,94,44,78,81,78,22,69,78,31,28,16,100,53,44,94,9,66,16,50,53,28,44,47,44,66,31,28,97,44,75,81,16,81,25,44,25,25,28,47,38,38,81,81,19,81,56,75,22,69,81,19,19,12,100,53,44,75,9,62,16,50,53,28,44,47,44,66,31,28,97,44,75,81,16,81,25,44,25,25,28,44,38,38,69,Liga Portugal
Rio Ave,cgvbluoerzbzcr7aaxge3wkcv,2h8ono3z5nscm9pngv3mak0oa,R. Galčík,Roland Galcík,25.0,Attacker,Slovakia,Striker,11.0,20.0,3.0,31.0,0.0,1.0,1.0,0.0,3.0,3.0,2.0,2.0,0.0,161.0,0.0,0.0,1.0,0.0,1.0,0.0,0.0,0.0,0.0,1.0,0.0,86.11,100.0,0.0,0.0,0.0,13.33,0.0,100.0,0.0802230720499624,0.0338998341527664,1.0,6.0,0.15599457,2.0,6.0,6.0,0.1914247199999999,9.0,6.149068322981366,11.180124223602483,1.6770186335403725,17.32919254658385,0.0,0.5590062111801242,0.5590062111801242,0.0,1.6770186335403725,1.6770186335403725,1.1180124223602483,1.1180124223602483,0.0,0.0,0.0,0.5590062111801242,0.0,0.5590062111801242,0.0,0.0,0.0,0.0,0.5590062111801242,0.0,86.11,100.0,0.0,0.0,0.0,13.33,0.0,100.0,0.0448451955558796,0.0189502178493725,0.5590062111801242,3.354037267080745,0.0872019335403726,1.1180124223602483,3.354037267080745,3.354037267080745,0.107007607453416,5.0310559006211175,ST,74,55,88,65,12,31,16,12,43,43,5,64,26,16,4,22,19,46,31,51,35,41,59,26,92,95,35,19,16,5,12,86,24,24,47,86,81,78,95,85,68,53,76,68,95,84,12,35,14,12,46,46,5,70,26,16,4,19,19,46,31,51,35,41,62,26,92,95,35,19,16,5,12,86,24,27,51,92,89,86,97,89,68,62,Liga Portugal
Rio Ave,cgvbluoerzbzcr7aaxge3wkcv,3t5uimhk4o7nwccz03ioxyicq,N. Abbey,Nelson Abbey,22.0,Defender,England,Defender,37.0,25.0,3.0,61.0,4.0,0.0,0.0,0.0,4.0,4.0,20.0,11.0,0.0,257.0,0.0,0.0,4.0,2.0,8.0,5.0,0.0,1.0,0.0,0.0,0.0,84.72,42.86,25.0,50.0,0.0,74.07,0.0,80.0,0.0,0.0,0.0,0.0,0.0,0.0,0.0,0.0,0.0,0.0,12.957198443579768,8.754863813229571,1.050583657587549,21.361867704280154,1.4007782101167314,0.0,0.0,0.0,1.4007782101167314,1.4007782101167314,7.003891050583658,3.852140077821012,0.0,0.0,0.0,1.4007782101167314,0.7003891050583657,2.801556420233463,1.7509727626459144,0.0,0.3501945525291828,0.0,0.0,0.0,84.72,42.86,25.0,50.0,0.0,74.07,0.0,80.0,0.0,0.0,0.0,0.0,0.0,0.0,0.0,0.0,0.0,0.0,LB/LCB,39,34,50,42,82,16,37,50,71,71,100,92,50,47,24,92,74,100,97,50,55,47,37,47,68,58,63,74,47,100,13,79,37,21,42,29,29,26,18,18,18,18,16,5,37,16,68,16,37,50,58,58,89,74,50,47,24,89,58,89,89,50,53,47,37,47,68,58,63,74,47,100,13,79,37,21,42,29,29,26,18,18,18,18,Liga Portugal
Rio Ave,cgvbluoerzbzcr7aaxge3wkcv,69dpsk0py5jd6hai3vm27z2fo,Diogo Bezerra,Diogo Bezerra de Oliveira,24.0,Attacker,Brazil,Striker,15.0,35.0,6.0,42.0,0.0,6.0,4.0,0.0,16.0,17.0,10.0,0.0,0.0,263.0,0.0,2.0,2.0,5.0,3.0,2.0,0.0,8.0,1.0,4.0,2.0,77.78,75.0,36.36,31.25,0.0,31.25,0.0,100.0,0.47228771585975,0.6757267752487921,4.0,9.0,0.2355333599999999,3.0,2.0,6.0,0.56052311,26.0,5.133079847908745,11.977186311787072,2.0532319391634983,14.372623574144487,0.0,2.0532319391634983,1.3688212927756656,0.0,5.475285171102662,5.817490494296578,3.422053231939164,0.0,0.0,0.0,0.6844106463878328,0.6844106463878328,1.711026615969582,1.0266159695817492,0.6844106463878328,0.0,2.737642585551331,0.3422053231939164,1.3688212927756656,0.6844106463878328,77.78,75.0,36.36,31.25,0.0,31.25,0.0,100.0,0.1616193704463022,0.2312372995147958,1.3688212927756656,3.0798479087452475,0.080600769581749,1.0266159695817492,0.6844106463878328,2.0532319391634983,0.1918139920152091,8.897338403041825,ST,84,88,97,86,12,96,50,12,100,100,65,22,26,16,14,39,95,88,88,51,100,89,93,80,64,84,86,54,16,22,12,86,54,95,93,97,92,91,66,85,95,95,68,73,97,68,12,84,32,12,97,97,30,22,26,16,14,30,86,76,81,51,100,84,92,65,64,84,86,54,16,22,12,86,41,92,86,89,86,81,57,78,84,92,Liga Portugal
Rio Ave,cgvbluoerzbzcr7aaxge3wkcv,6wz9pjhkwz4iprotyn6gyb9ck,Tamble Monteiro,Tamble Ulisses Folgado Monteiro,25.0,Attacker,Guinea-Bissau,Striker,9.0,29.0,2.0,38.0,12.0,1.0,4.0,3.0,5.0,5.0,23.0,3.0,1.0,220.0,2.0,11.0,8.0,2.0,1.0,0.0,0.0,0.0,0.0,1.0,0.0,70.37,66.67,0.0,40.0,50.0,53.49,50.0,100.0,0.4934926014206017,0.1136256726860989,1.0,2.0,0.04803042,3.0,4.0,3.0,0.10885204,11.0,3.6818181818181817,11.863636363636363,0.8181818181818181,15.545454545454543,4.909090909090908,0.409090909090909,1.6363636363636362,1.227272727272727,2.0454545454545454,2.0454545454545454,9.409090909090908,1.227272727272727,0.409090909090909,0.8181818181818181,4.5,3.2727272727272725,0.8181818181818181,0.409090909090909,0.0,0.0,0.0,0.0,0.409090909090909,0.0,70.37,66.67,0.0,40.0,50.0,53.49,50.0,100.0,0.2018833369447915,0.0464832297352222,0.409090909090909,0.8181818181818181,0.0196488081818181,1.227272727272727,1.6363636363636362,1.227272727272727,0.0445303799999999,4.5,ST,55,84,72,81,95,31,50,47,73,70,97,81,66,68,65,99,73,46,31,51,35,41,59,26,41,77,35,65,73,81,68,86,57,46,47,58,51,91,84,59,46,70,38,70,70,78,97,24,41,38,65,62,95,78,70,59,65,95,65,35,31,51,35,41,51,26,41,77,35,65,73,81,68,86,51,41,43,54,49,92,78,57,43,54,Liga Portugal
Rio Ave,cgvbluoerzbzcr7aaxge3wkcv,761rlv533gduv62g6ai82lv1m,G. Liavas,Georgios Liavas,25.0,Midfielder,Greece,Midfielder,47.0,38.0,5.0,84.0,2.0,1.0,2.0,0.0,2.0,2.0,12.0,7.0,0.0,263.0,0.0,0.0,1.0,2.0,4.0,4.0,0.0,1.0,0.0,2.0,0.0,81.55,25.0,16.67,100.0,0.0,54.55,50.0,57.14,0.0841722629929137,0.1358099351592899,2.0,0.0,0.0,2.0,4.0,3.0,0.17960178,32.0,16.08365019011407,13.003802281368822,1.711026615969582,28.74524714828897,0.6844106463878328,0.3422053231939164,0.6844106463878328,0.0,0.6844106463878328,0.6844106463878328,4.106463878326997,2.3954372623574147,0.0,0.0,0.0,0.3422053231939164,0.6844106463878328,1.3688212927756656,1.3688212927756656,0.0,0.3422053231939164,0.0,0.6844106463878328,0.0,81.55,25.0,16.67,100.0,0.0,54.55,50.0,57.14,0.0288041964614533,0.0464748827541296,0.6844106463878328,0.0,0.0,0.6844106463878328,1.3688212927756656,1.0266159695817492,0.0614606851711026,10.950570342205324,DM/CM,60,63,69,64,47,47,66,34,59,59,64,89,47,39,17,24,73,79,83,50,87,49,83,33,20,20,86,90,39,59,54,56,54,71,83,16,16,79,27,26,60,44,29,34,54,23,40,37,57,34,43,43,40,74,47,39,17,20,66,69,74,50,86,49,77,33,20,20,86,90,39,59,54,56,43,60,77,16,16,66,26,20,51,29,Liga Portugal
Rio Ave,cgvbluoerzbzcr7aaxge3wkcv,7de0uy8a51bjehkrlq6iuioh6,Diogo Nascimento,Diogo André Santos Nascimento,23.0,Midfielder,Portugal,Midfielder,52.0,52.0,4.0,104.0,1.0,3.0,0.0,0.0,1.0,1.0,8.0,2.0,0.0,256.0,0.0,0.0,4.0,1.0,1.0,0.0,0.0,0.0,0.0,0.0,0.0,88.89,66.67,0.0,100.0,0.0,42.11,33.33,50.0,0.0,0.1851692191304099,0.0,3.0,0.06009809,2.0,4.0,7.0,0.3292070299999999,43.0,18.28125,18.28125,1.40625,36.5625,0.3515625,1.0546875,0.0,0.0,0.3515625,0.3515625,2.8125,0.703125,0.0,0.0,0.0,1.40625,0.3515625,0.3515625,0.0,0.0,0.0,0.0,0.0,0.0,88.89,66.67,0.0,100.0,0.0,42.11,33.33,50.0,0.0,0.0650985536005347,0.0,1.0546875,0.021128234765625,0.703125,1.40625,2.4609375,0.1157368464843749,15.1171875,DM/CM,71,80,54,74,29,83,16,34,37,37,30,41,47,39,17,81,57,29,11,50,43,49,23,33,69,77,43,90,39,23,41,49,16,77,24,70,71,79,27,56,89,63,49,57,34,56,26,77,16,34,26,26,6,37,47,39,17,60,54,17,11,50,43,49,23,33,69,77,43,90,39,23,41,49,16,71,24,60,57,71,29,46,80,51,Liga Portugal
Rio Ave,cgvbluoerzbzcr7aaxge3wkcv,846tbctevdy65ylth8k0o915g,Jalen Blesa,Jalen Blesa,25.0,Attacker,Spain,Striker,20.0,25.0,1.0,44.0,6.0,3.0,4.0,2.0,5.0,5.0,17.0,3.0,1.0,262.0,2.0,11.0,6.0,2.0,1.0,0.0,0.0,1.0,1.0,2.0,0.0,77.19,100.0,50.0,40.0,50.0,58.62,54.55,25.0,0.3653888907102922,0.3000310089007065,2.0,1.0,0.0241224,0.0,3.0,3.0,0.2591853399999999,7.0,6.870229007633588,8.587786259541986,0.3435114503816794,15.114503816793894,2.0610687022900764,1.0305343511450382,1.3740458015267176,0.6870229007633588,1.717557251908397,1.717557251908397,5.8396946564885495,1.0305343511450382,0.3435114503816794,0.6870229007633588,3.7786259541984735,2.0610687022900764,0.6870229007633588,0.3435114503816794,0.0,0.0,0.3435114503816794,0.3435114503816794,0.6870229007633588,0.0,77.19,100.0,50.0,40.0,50.0,58.62,54.55,25.0,0.1255152678012454,0.1030640870269602,0.6870229007633588,0.3435114503816794,0.008286320610687,0.0,1.0305343511450382,1.0305343511450382,0.0890331320610686,2.404580152671756,ST,96,72,54,89,88,64,50,34,73,70,78,81,66,68,65,92,73,46,31,51,74,89,80,26,59,95,93,65,73,95,77,30,38,76,74,41,45,23,76,59,73,39,84,54,49,73,73,54,35,24,49,49,68,62,54,51,49,81,54,30,31,51,73,86,68,26,59,95,93,65,73,95,77,30,38,65,59,30,32,23,73,49,62,24,Liga Portugal
Rio Ave,cgvbluoerzbzcr7aaxge3wkcv,9tg2ugyo8h1tsuy5974rf7310,Gustavo Mancha,Gustavo Teixeira Lopes da Conceição,22.0,Defender,Brazil,Defender,57.0,16.0,7.0,73.0,1.0,0.0,0.0,0.0,0.0,0.0,2.0,17.0,0.0,189.0,0.0,0.0,0.0,0.0,1.0,1.0,0.0,0.0,0.0,0.0,0.0,76.04,30.43,0.0,0.0,0.0,0.0,0.0,100.0,0.0,0.0,0.0,0.0,0.0,0.0,0.0,0.0,0.0,0.0,27.142857142857142,7.619047619047619,3.333333333333333,34.76190476190476,0.4761904761904761,0.0,0.0,0.0,0.0,0.0,0.9523809523809524,8.095238095238095,0.0,0.0,0.0,0.0,0.0,0.4761904761904761,0.4761904761904761,0.0,0.0,0.0,0.0,0.0,76.04,30.43,0.0,0.0,0.0,0.0,0.0,100.0,0.0,0.0,0.0,0.0,0.0,0.0,0.0,0.0,0.0,0.0,CB,32,20,55,22,11,30,20,24,30,30,4,76,45,42,15,15,32,45,34,46,45,49,41,44,2,24,45,32,42,2,9,82,21,36,44,31,31,34,21,20,20,20,20,8,51,18,8,30,20,24,30,30,2,90,45,42,15,15,32,48,38,46,45,49,41,44,2,24,45,32,42,2,9,82,21,36,44,31,31,34,21,20,20,20,Liga Portugal
Rio Ave,cgvbluoerzbzcr7aaxge3wkcv,cd6l176fmei1qgylqbf0btg8a,T. Nikitscher,Tamás Nikitscher,26.0,Midfielder,Hungary,Midfielder,31.0,31.0,4.0,62.0,5.0,1.0,2.0,1.0,2.0,2.0,22.0,6.0,0.0,220.0,1.0,3.0,5.0,2.0,7.0,2.0,0.0,0.0,0.0,1.0,0.0,86.11,57.14,0.0,100.0,50.0,68.75,0.0,70.0,0.1589286785298652,0.100942820277292,1.0,1.0,0.02855202,0.0,3.0,1.0,0.12923661,22.0,12.681818181818182,12.681818181818182,1.6363636363636362,25.363636363636363,2.0454545454545454,0.409090909090909,0.8181818181818181,0.409090909090909,0.8181818181818181,0.8181818181818181,9.0,2.454545454545454,0.0,0.409090909090909,1.227272727272727,2.0454545454545454,0.8181818181818181,2.863636363636364,0.8181818181818181,0.0,0.0,0.0,0.409090909090909,0.0,86.11,57.14,0.0,100.0,50.0,68.75,0.0,70.0,0.0650162775803993,0.0412947901134376,0.409090909090909,0.409090909090909,0.0116803718181818,0.0,1.227272727272727,0.409090909090909,0.0528695222727272,9.0,DM/CM,41,46,54,36,84,47,66,76,59,59,100,81,47,84,80,93,73,93,53,50,43,49,60,33,46,59,43,90,93,93,17,67,71,63,61,40,46,24,23,16,54,26,11,31,51,14,77,49,66,74,49,49,100,80,47,89,74,89,71,94,40,50,43,49,57,33,46,59,43,90,93,93,17,67,71,57,60,43,40,24,23,14,37,20,Liga Portugal
Benfica,9ldqu49smv1xg2va0n2cy28zl,37ao6cj3w5pd5v5ap79fqlxw5,Rafa,Rafael Alexandre Fernandes Ferreira da Silva,33.0,Midfielder,Portugal,Midfielder,9.0,36.0,1.0,45.0,1.0,3.0,4.0,2.0,8.0,9.0,9.0,0.0,1.0,135.0,2.0,12.0,1.0,6.0,1.0,0.0,0.0,0.0,0.0,2.0,2.0,83.33,50.0,0.0,75.0,50.0,69.23,0.0,100.0,0.6810801156678897,0.2147717923380576,1.0,6.0,0.134329,3.0,6.0,9.0,0.1811367599999999,22.0,6.0,24.0,0.6666666666666666,30.0,0.6666666666666666,2.0,2.6666666666666665,1.3333333333333333,5.333333333333333,6.0,6.0,0.0,0.6666666666666666,1.3333333333333333,8.0,0.6666666666666666,4.0,0.6666666666666666,0.0,0.0,0.0,0.0,1.3333333333333333,1.3333333333333333,83.33,50.0,0.0,75.0,50.0,69.23,0.0,100.0,0.4540534104452598,0.1431811948920384,0.6666666666666666,4.0,0.0895526666666666,2.0,4.0,6.0,0.1207578399999999,14.666666666666666,CM/AM,7,50,29,38,38,57,64,48,81,88,38,12,81,60,95,17,93,26,17,52,24,36,76,83,40,45,24,93,60,100,24,90,90,38,50,83,76,76,71,79,52,50,19,88,40,60,50,79,81,74,100,100,81,12,95,100,100,31,100,33,17,52,24,36,98,95,40,45,24,93,60,100,24,90,95,57,57,100,100,88,93,95,67,86,Liga Portugal
Benfica,9ldqu49smv1xg2va0n2cy28zl,3gsprcdyogabeb8lr2y0bmytx,C. Lenglet,Clément Lenglet,31.0,Defender,France,Defender,62.0,75.0,10.0,137.0,6.0,2.0,1.0,1.0,0.0,0.0,8.0,6.0,0.0,180.0,0.0,2.0,1.0,0.0,1.0,1.0,0.0,0.0,0.0,0.0,0.0,93.2,62.5,0.0,0.0,0.0,50.0,75.0,100.0,0.1484615855507508,0.2666928084641269,0.0,2.0,0.03870264,1.0,18.0,20.0,0.4311883299999998,99.0,31.0,37.5,5.0,68.5,3.0,1.0,0.5,0.5,0.0,0.0,4.0,3.0,0.0,0.0,1.0,0.5,0.0,0.5,0.5,0.0,0.0,0.0,0.0,0.0,93.2,62.5,0.0,0.0,0.0,50.0,75.0,100.0,0.0742307927753754,0.1333464042320634,0.0,1.0,0.01935132,0.5,9.0,10.0,0.2155941649999999,49.5,CB,36,98,71,68,72,88,54,62,30,30,51,20,45,42,64,49,32,45,34,46,45,49,41,44,82,85,45,32,42,34,91,82,70,95,44,79,78,76,90,94,92,82,28,95,86,78,81,92,59,71,30,30,60,11,45,42,70,55,32,51,41,46,45,49,41,44,82,85,45,32,42,34,91,82,78,100,44,81,81,82,98,96,98,98,Liga Portugal
Benfica,9ldqu49smv1xg2va0n2cy28zl,5f5e6wufz0x041bvqzor10k16,E. Barrenechea,Enzo Barrenechea,25.0,Midfielder,Argentina,Midfielder,38.0,81.0,7.0,119.0,2.0,3.0,0.0,0.0,1.0,1.0,10.0,1.0,0.0,157.0,0.0,1.0,3.0,0.0,2.0,0.0,0.0,0.0,1.0,0.0,0.0,92.97,63.64,0.0,0.0,0.0,71.43,50.0,33.33,0.0,0.2129699342268275,0.0,8.0,0.1669078,2.0,19.0,16.0,0.21835239,60.0,21.78343949044586,46.43312101910828,4.012738853503184,68.21656050955414,1.1464968152866242,1.7197452229299364,0.0,0.0,0.5732484076433121,0.5732484076433121,5.732484076433121,0.5732484076433121,0.0,0.0,0.5732484076433121,1.7197452229299364,0.0,1.1464968152866242,0.0,0.0,0.0,0.5732484076433121,0.0,0.0,92.97,63.64,0.0,0.0,0.0,71.43,50.0,33.33,0.0,0.1220846756714297,0.0,4.585987261146497,0.0956796305732484,1.1464968152866242,10.89171974522293,9.171974522292992,0.1251701598726114,34.394904458598724,DM/CM,49,94,83,86,47,83,16,34,37,37,46,29,47,39,46,60,26,50,11,50,43,99,23,33,94,66,43,26,39,97,54,29,16,89,24,97,97,79,100,93,69,83,66,100,89,94,51,94,16,34,40,40,74,31,47,39,51,77,26,66,11,50,43,97,23,33,94,66,43,26,39,97,54,29,16,94,24,100,100,93,100,97,83,86,Liga Portugal
Benfica,9ldqu49smv1xg2va0n2cy28zl,5i2tc06romjqx7a7wlu1iye7e,S. Dahl,Samuel Dahl,23.0,Defender,Sweden,Defender,37.0,63.0,2.0,100.0,3.0,4.0,0.0,0.0,2.0,2.0,6.0,4.0,0.0,180.0,0.0,9.0,0.0,0.0,2.0,2.0,0.0,0.0,0.0,0.0,0.0,84.75,33.33,0.0,0.0,0.0,40.0,75.0,66.67,0.0,0.2758758687526063,0.0,4.0,0.07111886,3.0,17.0,18.0,0.3598478299999998,60.0,18.5,31.5,1.0,50.0,1.5,2.0,0.0,0.0,1.0,1.0,3.0,2.0,0.0,0.0,4.5,0.0,0.0,1.0,1.0,0.0,0.0,0.0,0.0,0.0,84.75,33.33,0.0,0.0,0.0,40.0,75.0,66.67,0.0,0.1379379343763031,0.0,2.0,0.03555943,1.5,8.5,9.0,0.1799239149999999,30.0,LB/LCB,39,100,24,87,58,95,37,50,29,26,32,26,50,47,100,18,18,39,58,50,24,47,37,47,74,29,24,18,47,21,95,53,37,84,42,95,89,92,97,95,84,100,74,100,29,100,74,92,37,50,32,32,18,29,50,47,100,18,18,39,63,50,24,47,37,47,74,29,24,18,47,21,95,53,37,84,42,100,100,100,100,100,89,100,Liga Portugal
Benfica,9ldqu49smv1xg2va0n2cy28zl,6pavdf2072176dag5nt8qni8k,G. Prestianni,Gianluca Prestianni,20.0,Attacker,Argentina,Striker,9.0,64.0,2.0,71.0,0.0,7.0,10.0,8.0,7.0,8.0,18.0,0.0,2.0,172.0,4.0,25.0,7.0,6.0,3.0,1.0,0.0,2.0,1.0,2.0,2.0,82.56,40.0,66.67,85.71,40.0,81.82,0.0,60.0,1.0249223723634835,0.7316229145744142,10.0,14.0,0.4334757399999999,5.0,7.0,11.0,0.6593633,42.0,4.709302325581395,33.48837209302325,1.0465116279069766,37.15116279069768,0.0,3.6627906976744176,5.232558139534883,4.186046511627906,3.6627906976744176,4.186046511627906,9.41860465116279,0.0,1.0465116279069766,2.093023255813953,13.081395348837209,3.6627906976744176,3.13953488372093,1.569767441860465,0.5232558139534883,0.0,1.0465116279069766,0.5232558139534883,1.0465116279069766,1.0465116279069766,82.56,40.0,66.67,85.71,40.0,81.82,0.0,60.0,0.5362965901901948,0.3828259436726586,5.232558139534883,7.325581395348837,0.2268187011627906,2.6162790697674416,3.6627906976744176,5.755813953488372,0.3450156802325581,21.97674418604651,ST,55,100,72,100,12,100,91,89,86,88,82,22,89,86,100,95,97,88,73,51,86,89,80,80,78,53,97,89,59,100,12,53,89,100,100,100,100,99,99,97,97,100,54,100,81,100,12,100,92,92,89,92,97,22,92,92,97,97,100,84,76,51,86,95,89,86,78,53,97,89,59,100,12,53,86,100,100,100,97,100,100,97,97,100,Liga Portugal
Benfica,9ldqu49smv1xg2va0n2cy28zl,7sd87ylfbtgwgpb70hf68cel1,V. Pavlidis,Vangelis Pavlidis,27.0,Attacker,Greece,Striker,7.0,25.0,0.0,32.0,5.0,2.0,10.0,10.0,3.0,3.0,11.0,0.0,4.0,149.0,6.0,22.0,1.0,3.0,1.0,0.0,0.0,0.0,1.0,0.0,2.0,74.42,0.0,0.0,100.0,60.0,55.0,41.67,50.0,1.9948634082679089,0.2147346431159009,1.0,1.0,0.05491138,0.0,3.0,4.0,0.36541783,11.0,4.228187919463087,15.100671140939598,0.0,19.328859060402685,3.02013422818792,1.2080536912751678,6.04026845637584,6.04026845637584,1.812080536912752,1.812080536912752,6.644295302013424,0.0,2.416107382550336,3.624161073825504,13.288590604026847,0.6040268456375839,1.812080536912752,0.6040268456375839,0.0,0.0,0.0,0.6040268456375839,0.0,1.2080536912751678,74.42,0.0,0.0,100.0,60.0,55.0,41.67,50.0,1.2049510519739048,0.1297054891304099,0.6040268456375839,0.6040268456375839,0.0331679476510067,0.0,1.812080536912752,2.416107382550336,0.2207221791946308,6.644295302013424,ST,35,72,24,69,82,51,91,97,43,43,73,22,99,97,95,22,81,46,31,51,35,89,24,80,51,24,35,96,84,84,54,43,100,57,47,41,54,23,76,68,81,70,46,92,24,86,86,57,100,100,54,51,73,22,100,100,100,22,95,51,31,51,35,97,24,92,51,24,35,96,84,84,54,43,100,70,54,49,62,23,89,84,89,78,Liga Portugal
Benfica,9ldqu49smv1xg2va0n2cy28zl,9j0v9bomstpbku7nnmqp8n7c9,A. Bah,Alexander Bah,28.0,Defender,Denmark,Defender,33.0,71.0,3.0,103.0,0.0,3.0,3.0,3.0,3.0,4.0,5.0,3.0,0.0,172.0,1.0,8.0,3.0,1.0,1.0,4.0,0.0,1.0,1.0,0.0,1.0,86.55,37.5,20.0,33.33,33.33,45.45,0.0,100.0,0.2988369829278355,0.3284703412725603,0.0,7.0,0.1886688,6.0,11.0,18.0,0.48475025,43.0,17.267441860465116,37.15116279069768,1.569767441860465,53.8953488372093,0.0,1.569767441860465,1.569767441860465,1.569767441860465,1.569767441860465,2.093023255813953,2.6162790697674416,1.569767441860465,0.0,0.5232558139534883,4.186046511627906,1.569767441860465,0.5232558139534883,0.5232558139534883,2.093023255813953,0.0,0.5232558139534883,0.5232558139534883,0.0,0.5232558139534883,86.55,37.5,20.0,33.33,33.33,45.45,0.0,100.0,0.1563681887413092,0.1718740157821536,0.0,3.6627906976744176,0.0987220465116279,3.13953488372093,5.755813953488372,9.41860465116279,0.2536483866279069,22.5,RB/RCB,38,94,50,75,19,72,97,100,81,84,16,22,53,94,100,81,66,38,78,53,69,94,47,94,81,56,69,53,91,12,22,91,100,88,44,100,94,97,100,100,88,88,44,100,50,94,19,81,94,100,81,88,19,12,53,94,100,81,69,44,94,53,69,94,47,94,81,56,69,53,91,12,22,91,100,88,44,100,94,100,100,100,81,88,Liga Portugal
Benfica,9ldqu49smv1xg2va0n2cy28zl,as0t8xi6k6nl4l06g23u3jcru,Tomás Araújo,Tomás Lemos Araújo,24.0,Defender,Portugal,Defender,54.0,66.0,6.0,120.0,2.0,0.0,2.0,2.0,0.0,0.0,3.0,5.0,0.0,149.0,0.0,4.0,0.0,0.0,1.0,3.0,0.0,0.0,0.0,0.0,0.0,93.02,66.67,0.0,0.0,0.0,37.5,0.0,100.0,0.2352238576814648,0.0,0.0,2.0,0.07176734,1.0,20.0,17.0,0.2670846199999999,86.0,32.61744966442953,39.86577181208054,3.624161073825504,72.48322147651007,1.2080536912751678,0.0,1.2080536912751678,1.2080536912751678,0.0,0.0,1.812080536912752,3.02013422818792,0.0,0.0,2.416107382550336,0.0,0.0,0.6040268456375839,1.812080536912752,0.0,0.0,0.0,0.0,0.0,93.02,66.67,0.0,0.0,0.0,37.5,0.0,100.0,0.1420815247740391,0.0,0.0,1.2080536912751678,0.0433494,0.6040268456375839,12.08053691275168,10.268456375838928,0.1613262805369127,51.94630872483222,CB,28,90,46,45,25,30,76,85,30,30,10,14,45,42,88,15,32,45,69,46,45,49,41,44,80,88,45,32,42,10,9,82,85,36,44,79,85,76,96,90,78,72,32,98,57,85,30,30,90,95,30,30,5,15,45,42,92,15,32,55,82,46,45,49,41,44,80,88,45,32,42,10,9,82,90,36,44,85,95,85,100,100,92,100,Liga Portugal
Benfica,9ldqu49smv1xg2va0n2cy28zl,f2dutxek3uf0yi1ee32a3u2cq,H. Sudakov,Heorhiy Sudakov,23.0,Midfielder,Ukraine,Midfielder,11.0,46.0,1.0,54.0,1.0,3.0,7.0,5.0,6.0,6.0,7.0,0.0,0.0,142.0,2.0,10.0,1.0,4.0,0.0,0.0,0.0,3.0,0.0,2.0,4.0,85.71,33.33,37.5,66.67,28.57,50.0,0.0,0.0,0.6535067544357058,0.3383929431166594,2.0,5.0,0.12240917,2.0,4.0,4.0,0.34363466,22.0,6.971830985915493,29.154929577464788,0.6338028169014085,34.225352112676056,0.6338028169014085,1.9014084507042253,4.436619718309859,3.1690140845070425,3.802816901408451,3.802816901408451,4.436619718309859,0.0,0.0,1.267605633802817,6.338028169014085,0.6338028169014085,2.535211267605634,0.0,0.0,0.0,1.9014084507042253,0.0,1.267605633802817,2.535211267605634,85.71,33.33,37.5,66.67,28.57,50.0,0.0,0.0,0.4141944218254473,0.2144744005668968,1.267605633802817,3.1690140845070425,0.0775832767605633,1.267605633802817,2.535211267605634,2.535211267605634,0.2177966154929577,13.943661971830986,CM/AM,17,76,29,52,38,57,86,90,64,62,21,12,33,60,76,17,74,7,17,52,76,36,76,100,71,29,81,79,31,67,24,7,86,62,76,62,62,52,43,36,76,50,38,100,33,76,43,71,100,100,86,86,43,12,33,95,95,19,95,7,17,52,90,36,90,100,71,29,81,79,31,67,24,7,90,90,90,95,90,76,62,57,90,81,Liga Portugal
Benfica,9ldqu49smv1xg2va0n2cy28zl,l469vtpe0jbgg5sq1v2e67e1,L. Barreiro,Leandro Barreiro,26.0,Midfielder,Luxembourg,Midfielder,21.0,39.0,0.0,60.0,2.0,3.0,4.0,2.0,1.0,1.0,10.0,4.0,0.0,166.0,2.0,10.0,2.0,1.0,4.0,0.0,0.0,0.0,1.0,2.0,1.0,82.19,0.0,0.0,100.0,50.0,58.82,66.67,80.0,0.3840474487167448,0.3335433269896249,3.0,3.0,0.1197037,2.0,3.0,4.0,0.1502848499999999,20.0,11.385542168674698,21.14457831325301,0.0,32.53012048192771,1.0843373493975903,1.6265060240963851,2.1686746987951806,1.0843373493975903,0.5421686746987951,0.5421686746987951,5.421686746987952,2.1686746987951806,0.0,1.0843373493975903,5.421686746987952,1.0843373493975903,0.5421686746987951,2.1686746987951806,0.0,0.0,0.0,0.5421686746987951,1.0843373493975903,0.5421686746987951,82.19,0.0,0.0,100.0,50.0,58.82,66.67,80.0,0.208218496292211,0.1808367435485918,1.6265060240963851,1.6265060240963851,0.0648995963855421,1.0843373493975903,1.6265060240963851,2.1686746987951806,0.0814797379518071,10.843373493975903,CM/AM,55,57,10,64,67,57,64,48,7,7,43,86,33,60,76,40,38,81,17,52,24,83,76,60,33,10,24,100,60,95,98,69,52,57,93,45,57,52,33,36,33,33,71,71,10,67,86,57,67,62,10,10,57,100,33,79,90,52,43,100,17,52,24,95,81,71,33,10,24,100,60,95,98,69,71,67,100,52,76,69,38,48,52,57,Liga Portugal
Sporting Braga,26t6lvlpql4w5wu1ih73qpy36,1zf9egrh7cjofd7td62oc5tk9,Fran Navarro,Fran Navarro,28.0,Attacker,Spain,Striker,5.0,12.0,0.0,17.0,1.0,1.0,1.0,1.0,0.0,0.0,4.0,0.0,1.0,90.0,1.0,3.0,1.0,0.0,2.0,0.0,0.0,0.0,0.0,0.0,0.0,94.44,0.0,0.0,0.0,100.0,36.36,33.33,100.0,0.0913302171185466,0.0800968106695461,0.0,1.0,0.0241224,1.0,0.0,1.0,0.02716639,3.0,5.0,12.0,0.0,17.0,1.0,1.0,1.0,1.0,0.0,0.0,4.0,0.0,1.0,1.0,3.0,1.0,0.0,2.0,0.0,0.0,0.0,0.0,0.0,0.0,94.44,0.0,0.0,0.0,100.0,36.36,33.33,100.0,0.0913302171185466,0.0800968106695461,0.0,1.0,0.0241224,1.0,0.0,1.0,0.02716639,3.0,ST,27,35,24,30,31,31,16,24,5,5,16,22,66,46,23,22,19,73,31,51,35,41,24,26,100,24,35,19,100,41,42,86,27,38,16,41,45,58,16,35,30,19,61,76,24,81,45,49,20,32,5,5,49,22,86,73,42,38,19,92,31,51,35,41,24,26,100,24,35,19,100,41,42,86,30,51,16,59,54,77,16,45,35,38,Liga Portugal
Sporting Braga,26t6lvlpql4w5wu1ih73qpy36,2r6ma23qtyq2l18m21eksjp7u,Gabriel Silva,Gabriel Silva Vieira,24.0,Attacker,Brazil,Striker,8.0,27.0,0.0,35.0,1.0,1.0,1.0,0.0,3.0,3.0,9.0,0.0,0.0,90.0,0.0,3.0,4.0,1.0,1.0,1.0,0.0,0.0,0.0,1.0,0.0,85.37,0.0,0.0,33.33,0.0,64.29,50.0,33.33,0.0444698881812566,0.0912867805525353,1.0,7.0,0.26665396,1.0,0.0,1.0,0.12669645,10.0,8.0,27.0,0.0,35.0,1.0,1.0,1.0,0.0,3.0,3.0,9.0,0.0,0.0,0.0,3.0,4.0,1.0,1.0,1.0,0.0,0.0,0.0,1.0,0.0,85.37,0.0,0.0,33.33,0.0,64.29,50.0,33.33,0.0444698881812566,0.0912867805525353,1.0,7.0,0.26665396,1.0,0.0,1.0,0.12669645,10.0,ST,45,80,24,74,31,31,16,12,43,43,57,22,26,16,23,69,51,46,73,51,35,41,59,26,86,24,35,58,16,97,68,32,19,43,47,92,95,58,16,35,51,64,95,97,24,97,45,49,20,12,76,73,92,22,26,16,42,100,73,68,86,51,35,41,81,26,86,24,35,58,16,97,68,32,22,57,73,97,100,77,16,45,73,95,Liga Portugal
Sporting Braga,26t6lvlpql4w5wu1ih73qpy36,5p4q1zolt4e4h07jzknksyzv8,J. Gorby,Jean-Baptiste Gorby,24.0,Midfielder,France,Midfielder,20.0,42.0,2.0,62.0,2.0,0.0,1.0,0.0,0.0,0.0,3.0,0.0,0.0,90.0,0.0,1.0,0.0,0.0,0.0,0.0,0.0,0.0,0.0,1.0,0.0,84.93,33.33,0.0,0.0,0.0,42.86,66.67,0.0,0.0706493664210357,0.0,1.0,3.0,0.06721802,3.0,8.0,3.0,0.0990516799999999,35.0,20.0,42.0,2.0,62.0,2.0,0.0,1.0,0.0,0.0,0.0,3.0,0.0,0.0,0.0,1.0,0.0,0.0,0.0,0.0,0.0,0.0,0.0,1.0,0.0,84.93,33.33,0.0,0.0,0.0,42.86,66.67,0.0,0.0706493664210357,0.0,1.0,3.0,0.06721802,3.0,8.0,3.0,0.0990516799999999,35.0,DM/CM,7,67,26,36,47,16,43,34,13,13,3,11,47,39,46,7,26,9,11,50,43,49,60,33,34,31,43,26,39,26,84,9,43,17,61,70,77,94,66,26,34,57,60,97,61,89,73,16,76,34,13,13,9,11,47,39,66,7,26,9,11,50,43,49,87,33,34,31,43,26,39,26,84,9,80,17,87,93,94,100,89,54,74,89,Liga Portugal
Sporting Braga,26t6lvlpql4w5wu1ih73qpy36,94e7xh7d38gbt8zw2u4clb4ve,G. Lagerbielke,Gustaf Lagerbielke,26.0,Defender,Sweden,Defender,37.0,40.0,5.0,77.0,2.0,0.0,1.0,1.0,2.0,2.0,5.0,7.0,0.0,90.0,0.0,2.0,0.0,1.0,2.0,0.0,0.0,0.0,0.0,0.0,0.0,91.67,71.43,0.0,50.0,0.0,71.43,66.67,100.0,0.2089648602817648,0.0,0.0,0.0,0.0,0.0,8.0,10.0,0.1435733,46.0,37.0,40.0,5.0,77.0,2.0,0.0,1.0,1.0,2.0,2.0,5.0,7.0,0.0,0.0,2.0,0.0,1.0,2.0,0.0,0.0,0.0,0.0,0.0,0.0,91.67,71.43,0.0,50.0,0.0,71.43,66.67,100.0,0.2089648602817648,0.0,0.0,0.0,0.0,0.0,8.0,10.0,0.1435733,46.0,CB,16,52,41,32,25,30,54,62,89,88,24,28,45,42,64,15,79,69,10,46,45,49,41,44,71,92,45,66,42,90,82,82,78,36,44,31,31,34,70,72,57,62,51,100,86,95,54,30,80,89,100,98,86,69,45,42,89,15,100,94,10,46,45,49,41,44,71,92,45,66,42,90,82,82,95,36,44,31,31,34,95,96,88,92,Liga Portugal
Sporting Braga,26t6lvlpql4w5wu1ih73qpy36,c01muomxuk015zrf9n21ztq7d,Vítor Carvalho,Vítor Carvalho Vieira,29.0,Midfielder,Brazil,Midfielder,50.0,31.0,8.0,81.0,5.0,1.0,0.0,0.0,0.0,0.0,5.0,6.0,0.0,90.0,0.0,0.0,0.0,0.0,0.0,1.0,0.0,0.0,1.0,0.0,0.0,92.05,61.54,0.0,0.0,0.0,62.5,62.5,0.0,0.0,0.0867301888953827,0.0,3.0,0.0599121,0.0,9.0,8.0,0.20408684,57.0,50.0,31.0,8.0,81.0,5.0,1.0,0.0,0.0,0.0,0.0,5.0,6.0,0.0,0.0,0.0,0.0,0.0,0.0,1.0,0.0,0.0,1.0,0.0,0.0,92.05,61.54,0.0,0.0,0.0,62.5,62.5,0.0,0.0,0.0867301888953827,0.0,3.0,0.0599121,0.0,9.0,8.0,0.20408684,57.0,DM/CM,69,46,89,57,84,47,16,34,13,13,16,81,47,39,17,7,26,9,31,50,43,99,23,33,89,63,43,26,39,89,76,9,16,54,24,70,69,24,71,64,66,74,100,86,100,100,100,70,16,34,13,13,64,100,47,39,17,7,26,9,51,50,43,100,23,33,89,63,43,26,39,89,76,9,16,80,24,93,91,24,94,94,94,100,Liga Portugal
Sporting CP,7catg5lpivcmpf4xhggh6d8rk,1t1uhpv8wc9gyalnbdrsn4tn8,I. Doumbia,Issa Doumbia,22.0,Midfielder,Italy,Midfielder,58.0,64.0,9.0,122.0,2.0,4.0,4.0,2.0,7.0,8.0,14.0,3.0,0.0,262.0,0.0,10.0,1.0,3.0,2.0,1.0,0.0,0.0,0.0,2.0,0.0,93.13,90.0,0.0,42.86,0.0,43.75,66.67,25.0,0.357306834626484,0.2569721862770986,2.0,5.0,0.1507027899999999,2.0,13.0,9.0,0.2781962199999999,63.0,19.923664122137406,21.98473282442748,3.0916030534351147,41.908396946564885,0.6870229007633588,1.3740458015267176,1.3740458015267176,0.6870229007633588,2.404580152671756,2.748091603053436,4.809160305343512,1.0305343511450382,0.0,0.0,3.435114503816794,0.3435114503816794,1.0305343511450382,0.6870229007633588,0.3435114503816794,0.0,0.0,0.0,0.6870229007633588,0.0,93.13,90.0,0.0,42.86,0.0,43.75,66.67,25.0,0.1227389889938303,0.0882728884157972,0.6870229007633588,1.717557251908397,0.0517681339694656,0.6870229007633588,4.465648854961832,3.0916030534351147,0.0955635870229007,21.6412213740458,DM/CM,86,91,93,89,47,94,94,90,100,100,71,53,47,39,100,24,91,50,31,50,43,49,83,33,97,89,43,60,39,30,84,20,91,91,83,93,94,79,83,74,83,89,57,77,83,69,43,86,89,83,94,97,54,46,47,39,100,23,74,37,26,50,43,49,80,33,97,89,43,60,39,30,84,20,91,83,80,86,89,69,69,57,71,69,Liga Portugal
Sporting CP,7catg5lpivcmpf4xhggh6d8rk,1wzbok5h048nfbmusztsc3joq,M. Araújo,Maxi Araújo,26.0,Midfielder,Uruguay,Midfielder,46.0,31.0,3.0,77.0,1.0,0.0,1.0,0.0,2.0,2.0,9.0,3.0,1.0,180.0,1.0,0.0,4.0,1.0,2.0,3.0,0.0,0.0,0.0,1.0,0.0,91.67,60.0,0.0,50.0,100.0,50.0,50.0,66.67,0.0698813462334476,0.0,1.0,1.0,0.02401521,2.0,3.0,4.0,0.11751472,33.0,23.0,15.5,1.5,38.5,0.5,0.0,0.5,0.0,1.0,1.0,4.5,1.5,0.5,0.5,0.0,2.0,0.5,1.0,1.5,0.0,0.0,0.0,0.5,0.0,91.67,60.0,0.0,50.0,100.0,50.0,50.0,66.67,0.0349406731167238,0.0,0.5,0.5,0.012007605,1.0,1.5,2.0,0.05875736,16.5,LM/LCM,75,75,62,75,50,25,25,25,50,50,50,50,88,75,25,75,50,50,75,62,38,62,75,38,75,75,38,75,100,75,75,25,25,25,88,38,50,62,25,62,50,75,75,75,50,75,50,25,25,25,50,50,50,75,75,75,25,75,50,50,100,62,38,62,75,38,75,75,38,75,100,75,75,25,25,25,100,50,50,75,50,50,75,75,Liga Portugal
Sporting CP,7catg5lpivcmpf4xhggh6d8rk,3ddndtvkd6vomq5hfcw6po650,Rodrigo Dias,Rodrigo Miguel Amores Dias,21.0,Defender,Portugal,Defender,15.0,25.0,3.0,39.0,4.0,2.0,0.0,0.0,4.0,4.0,11.0,2.0,0.0,90.0,0.0,0.0,2.0,2.0,3.0,0.0,0.0,1.0,0.0,0.0,0.0,81.25,60.0,33.33,50.0,0.0,61.11,66.67,100.0,0.0,0.0,0.0,0.0,0.0,0.0,0.0,0.0,0.0,0.0,15.0,25.0,3.0,39.0,4.0,2.0,0.0,0.0,4.0,4.0,11.0,2.0,0.0,0.0,0.0,2.0,2.0,3.0,0.0,0.0,1.0,0.0,0.0,0.0,81.25,60.0,33.33,50.0,0.0,61.11,66.67,100.0,0.0,0.0,0.0,0.0,0.0,0.0,0.0,0.0,0.0,0.0,LB/LCB,11,34,50,11,82,66,37,50,71,71,58,11,50,47,24,66,74,68,13,50,55,47,37,47,26,79,89,74,47,74,66,92,37,21,42,29,29,26,18,18,18,18,37,95,84,84,100,92,37,50,100,100,100,29,50,47,24,100,100,95,13,50,79,47,37,47,26,79,89,74,47,74,66,92,37,21,42,29,29,26,18,18,18,18,Liga Portugal
Sporting CP,7catg5lpivcmpf4xhggh6d8rk,59e0uusbhyz9wo8c3rtqlcve,G. Vagiannidis,Georgios Vagiannidis,24.0,Defender,Greece,Defender,34.0,29.0,0.0,63.0,0.0,1.0,0.0,0.0,1.0,1.0,8.0,3.0,0.0,161.0,0.0,2.0,5.0,1.0,2.0,4.0,0.0,0.0,0.0,0.0,0.0,88.73,0.0,0.0,100.0,0.0,50.0,0.0,100.0,0.0,0.0,0.0,0.0,0.0,0.0,0.0,0.0,0.0,0.0,19.00621118012422,16.211180124223603,0.0,35.21739130434783,0.0,0.5590062111801242,0.0,0.0,0.5590062111801242,0.5590062111801242,4.472049689440993,1.6770186335403725,0.0,0.0,1.1180124223602483,2.795031055900621,0.5590062111801242,1.1180124223602483,2.2360248447204967,0.0,0.0,0.0,0.0,0.0,88.73,0.0,0.0,100.0,0.0,50.0,0.0,100.0,0.0,0.0,0.0,0.0,0.0,0.0,0.0,0.0,0.0,0.0,RB/RCB,47,44,9,38,19,44,28,34,31,28,41,22,53,44,62,91,66,53,78,53,28,44,47,44,94,9,28,97,44,34,22,91,28,25,44,25,25,28,22,19,19,19,50,56,9,38,19,44,28,34,25,25,44,19,53,44,81,100,75,50,100,53,28,44,47,44,94,9,28,97,44,34,22,91,28,25,44,25,25,28,22,19,19,19,Liga Portugal
Sporting CP,7catg5lpivcmpf4xhggh6d8rk,5neiwdz7rtkhzj0cneic4xcoa,Eduardo Quaresma,Eduardo Filipe Quaresma Vieira Coimbra Simões,24.0,Defender,Portugal,Defender,107.0,37.0,2.0,144.0,8.0,1.0,0.0,0.0,3.0,3.0,16.0,16.0,0.0,195.0,0.0,1.0,3.0,2.0,3.0,1.0,0.0,0.0,0.0,0.0,0.0,92.31,28.57,0.0,66.67,0.0,61.54,61.54,75.0,0.0,0.0,0.0,0.0,0.0,0.0,0.0,0.0,0.0,0.0,49.38461538461539,17.076923076923077,0.9230769230769232,66.46153846153847,3.692307692307693,0.4615384615384615,0.0,0.0,1.3846153846153848,1.3846153846153848,7.384615384615385,7.384615384615385,0.0,0.0,0.4615384615384615,1.3846153846153848,0.9230769230769232,1.3846153846153848,0.4615384615384615,0.0,0.0,0.0,0.0,0.0,92.31,28.57,0.0,66.67,0.0,61.54,61.54,75.0,0.0,0.0,0.0,0.0,0.0,0.0,0.0,0.0,0.0,0.0,CB,72,50,21,72,85,70,20,24,96,95,96,71,45,42,40,94,98,82,34,46,45,49,41,44,78,20,45,71,42,74,68,60,21,36,44,31,31,34,21,20,20,20,82,57,18,72,92,75,20,24,98,92,100,75,45,42,45,92,98,85,35,46,45,49,41,44,78,20,45,71,42,74,68,60,21,36,44,31,31,34,21,20,20,20,Liga Portugal
Sporting CP,7catg5lpivcmpf4xhggh6d8rk,5o07mnpidavbe0hqoqzwgom50,Sergi Altimira,Sergi Altimira,25.0,Midfielder,Spain,Midfielder,114.0,102.0,18.0,216.0,3.0,1.0,1.0,0.0,3.0,3.0,21.0,4.0,1.0,270.0,1.0,1.0,3.0,2.0,9.0,9.0,0.0,0.0,0.0,1.0,0.0,94.32,94.74,0.0,66.67,100.0,60.0,60.0,69.23,0.0492822806337361,0.094722517319645,1.0,4.0,0.07494924,0.0,14.0,8.0,0.1874603899999999,65.0,38.0,34.0,6.0,72.0,1.0,0.3333333333333333,0.3333333333333333,0.0,1.0,1.0,7.0,1.3333333333333333,0.3333333333333333,0.3333333333333333,0.3333333333333333,1.0,0.6666666666666666,3.0,3.0,0.0,0.0,0.0,0.3333333333333333,0.0,94.32,94.74,0.0,66.67,100.0,60.0,60.0,69.23,0.016427426877912,0.0315741724398816,0.3333333333333333,1.3333333333333333,0.02498308,0.0,4.666666666666667,2.6666666666666665,0.0624867966666666,21.666666666666668,DM/CM,100,97,100,100,66,47,43,34,76,76,97,64,97,84,46,60,73,100,100,50,43,49,60,33,100,91,43,73,100,81,70,63,34,57,61,86,86,24,86,64,63,93,94,89,96,97,47,31,31,34,59,59,89,51,94,77,36,40,63,97,100,50,43,49,47,33,100,91,43,73,100,81,70,63,31,51,50,67,66,24,71,49,54,71,Liga Portugal
Sporting CP,7catg5lpivcmpf4xhggh6d8rk,5xk3t1pi394ojwyrhm00com7e,F. Ioannidis,Fotis Ioannidis,26.0,Attacker,Greece,Striker,8.0,4.0,0.0,12.0,3.0,2.0,8.0,8.0,3.0,3.0,6.0,0.0,2.0,136.0,4.0,15.0,1.0,1.0,1.0,1.0,0.0,0.0,2.0,0.0,0.0,75.0,0.0,0.0,33.33,50.0,40.0,60.0,100.0,0.0,0.0,0.0,0.0,0.0,0.0,0.0,0.0,0.0,0.0,5.294117647058823,2.647058823529412,0.0,7.9411764705882355,1.9852941176470589,1.3235294117647058,5.294117647058823,5.294117647058823,1.9852941176470589,1.9852941176470589,3.9705882352941178,0.0,1.3235294117647058,2.647058823529412,9.926470588235292,0.6617647058823529,0.6617647058823529,0.6617647058823529,0.6617647058823529,0.0,0.0,1.3235294117647058,0.0,0.0,75.0,0.0,0.0,33.33,50.0,40.0,60.0,100.0,0.0,0.0,0.0,0.0,0.0,0.0,0.0,0.0,0.0,0.0,ST,45,7,24,15,59,51,84,89,43,43,30,22,89,86,86,22,51,46,73,51,35,100,24,26,54,24,35,58,73,47,85,86,9,12,16,15,15,23,16,14,8,8,72,11,24,16,68,59,95,97,57,54,46,22,95,95,95,24,51,54,78,51,35,100,24,26,54,24,35,58,73,47,85,86,9,12,16,15,15,23,16,14,8,8,Liga Portugal
Sporting CP,7catg5lpivcmpf4xhggh6d8rk,8fzbg2qdd8d00nwn1kinqr71m,Geny Catamo,Geny Cipriano Catamo,25.0,Midfielder,Mozambique,Midfielder,20.0,48.0,1.0,67.0,0.0,4.0,3.0,1.0,13.0,13.0,17.0,1.0,0.0,212.0,1.0,11.0,6.0,8.0,0.0,0.0,0.0,1.0,3.0,2.0,2.0,77.01,25.0,25.0,61.54,33.33,60.71,0.0,0.0,0.2100550851274399,0.4496576053757257,3.0,8.0,0.2379711999999998,6.0,6.0,10.0,0.5367363199999999,32.0,8.49056603773585,20.37735849056604,0.4245283018867924,28.443396226415093,0.0,1.6981132075471697,1.2735849056603774,0.4245283018867924,5.518867924528302,5.518867924528302,7.216981132075471,0.4245283018867924,0.0,0.4245283018867924,4.669811320754717,2.547169811320755,3.39622641509434,0.0,0.0,0.0,0.4245283018867924,1.2735849056603774,0.8490566037735848,0.8490566037735848,77.01,25.0,25.0,61.54,33.33,60.71,0.0,0.0,0.0891743285918376,0.1908923796406382,1.2735849056603774,3.39622641509434,0.1010255094339621,2.547169811320755,2.547169811320755,4.245283018867925,0.227859758490566,13.584905660377355,RM/RCM,50,75,75,50,50,50,38,50,75,75,50,50,62,88,50,50,88,25,25,62,38,100,50,50,25,75,50,75,100,75,50,25,50,50,75,50,50,100,75,100,100,100,75,75,75,75,50,50,50,50,75,75,75,75,62,100,75,50,100,25,25,62,50,100,50,75,25,75,50,75,100,75,50,25,50,75,75,50,50,100,100,100,100,100,Liga Portugal
Sporting CP,7catg5lpivcmpf4xhggh6d8rk,a79rjcskizfbnop2i35luoff8,I. Ba,Ibrahima Ba,21.0,Defender,Senegal,Defender,62.0,12.0,8.0,74.0,0.0,0.0,0.0,0.0,0.0,0.0,3.0,4.0,0.0,90.0,0.0,1.0,1.0,0.0,2.0,3.0,0.0,0.0,0.0,0.0,0.0,89.16,72.73,0.0,0.0,0.0,75.0,0.0,100.0,0.0,0.0,0.0,0.0,0.0,0.0,0.0,0.0,0.0,0.0,62.0,12.0,8.0,74.0,0.0,0.0,0.0,0.0,0.0,0.0,3.0,4.0,0.0,0.0,1.0,1.0,0.0,2.0,3.0,0.0,0.0,0.0,0.0,0.0,89.16,72.73,0.0,0.0,0.0,75.0,0.0,100.0,0.0,0.0,0.0,0.0,0.0,0.0,0.0,0.0,0.0,0.0,CB,36,15,64,28,4,30,20,24,30,30,10,8,45,42,40,49,32,69,69,46,45,49,41,44,55,95,45,32,42,94,9,82,21,36,44,31,31,34,21,20,20,20,98,32,100,91,4,30,20,24,30,30,28,25,45,42,70,84,32,94,100,46,45,49,41,44,55,95,45,32,42,94,9,82,21,36,44,31,31,34,21,20,20,20,Liga Portugal
Sporting CP,7catg5lpivcmpf4xhggh6d8rk,bax0ggbhejk7kpcezkyg3hai2,R. Zalazar,Rodrigo Zalazar,27.0,Midfielder,Uruguay,Midfielder,30.0,71.0,7.0,97.0,3.0,5.0,5.0,3.0,14.0,14.0,17.0,0.0,1.0,268.0,3.0,9.0,3.0,5.0,5.0,1.0,0.0,4.0,1.0,2.0,2.0,83.62,70.0,19.05,35.71,60.0,44.74,33.33,83.33,0.3274211774640646,0.590558904869101,0.0,6.0,0.2648699399999999,6.0,5.0,4.0,0.5477519199999998,28.0,10.07462686567164,23.84328358208955,2.3507462686567164,32.57462686567164,1.007462686567164,1.67910447761194,1.67910447761194,1.007462686567164,4.701492537313433,4.701492537313433,5.708955223880597,0.0,0.335820895522388,1.007462686567164,3.0223880597014925,1.007462686567164,1.67910447761194,1.67910447761194,0.335820895522388,0.0,1.343283582089552,0.335820895522388,0.6716417910447761,0.6716417910447761,83.62,70.0,19.05,35.71,60.0,44.74,33.33,83.33,0.1099548730289769,0.1983220202918622,0.0,2.014925373134328,0.0889488604477611,2.014925373134328,1.67910447761194,1.343283582089552,0.1839465402985074,9.402985074626866,CM/AM,76,95,95,90,93,81,76,69,100,100,88,12,81,88,67,55,83,98,50,52,88,83,76,83,52,79,52,38,71,43,64,76,48,86,19,83,100,100,57,36,95,71,62,81,88,71,81,67,57,57,95,95,67,12,69,69,57,48,76,93,38,52,83,71,64,76,52,79,52,38,71,43,64,76,38,76,19,71,95,95,43,24,81,43,Liga Portugal
Sporting CP,7catg5lpivcmpf4xhggh6d8rk,cayu6id8xmj67n29s2x3bsbxm,Gonçalo Inácio,Gonçalo Bernardo Inácio,25.0,Defender,Portugal,Defender,78.0,49.0,8.0,127.0,3.0,1.0,0.0,0.0,0.0,0.0,5.0,13.0,0.0,180.0,0.0,0.0,1.0,0.0,1.0,3.0,0.0,0.0,0.0,0.0,0.0,87.59,40.0,0.0,0.0,0.0,50.0,37.5,100.0,0.0,0.0,0.0,0.0,0.0,0.0,0.0,0.0,0.0,0.0,39.0,24.5,4.0,63.5,1.5,0.5,0.0,0.0,0.0,0.0,2.5,6.5,0.0,0.0,0.0,0.5,0.0,0.5,1.5,0.0,0.0,0.0,0.0,0.0,87.59,40.0,0.0,0.0,0.0,50.0,37.5,100.0,0.0,0.0,0.0,0.0,0.0,0.0,0.0,0.0,0.0,0.0,CB,50,70,64,56,39,70,20,24,30,30,24,55,45,42,15,49,32,45,69,46,45,49,41,44,38,40,45,32,42,34,22,82,21,36,44,31,31,34,21,20,20,20,57,85,65,69,39,79,20,24,30,30,19,61,45,42,15,55,32,51,70,46,45,49,41,44,38,40,45,32,42,34,22,82,21,36,44,31,31,34,21,20,20,20,Liga Portugal
Sporting CP,7catg5lpivcmpf4xhggh6d8rk,d1d3v27d4r6vme6n2w5umaacp,L. Suárez,Luis Suárez,28.0,Attacker,Colombia,Striker,10.0,8.0,1.0,18.0,1.0,0.0,3.0,2.0,5.0,5.0,4.0,0.0,1.0,128.0,1.0,3.0,3.0,1.0,0.0,0.0,0.0,0.0,0.0,1.0,2.0,78.26,50.0,0.0,20.0,33.33,26.67,25.0,0.0,0.9003904921469377,0.0,2.0,0.0,0.0,1.0,1.0,1.0,0.0112085,4.0,7.03125,5.625,0.703125,12.65625,0.703125,0.0,2.109375,1.40625,3.515625,3.515625,2.8125,0.0,0.703125,0.703125,2.109375,2.109375,0.703125,0.0,0.0,0.0,0.0,0.0,0.703125,1.40625,78.26,50.0,0.0,20.0,33.33,26.67,25.0,0.0,0.6330870647908156,0.0,1.40625,0.0,0.0,0.703125,0.703125,0.703125,0.0078809765625,2.8125,ST,65,23,54,32,31,9,36,34,73,70,16,22,66,46,23,54,51,15,31,51,35,41,59,80,68,65,35,42,50,15,30,15,86,12,74,15,15,58,46,35,24,22,89,23,62,51,32,9,51,43,86,81,22,22,78,57,19,84,57,15,31,51,35,41,73,97,68,65,35,42,50,15,30,15,89,12,92,15,15,62,59,38,24,32,Liga Portugal
Sporting CP,7catg5lpivcmpf4xhggh6d8rk,dka9aakcyyvh98m2uhkvs6qz8,Iván Fresneda,Iván Fresneda,21.0,Defender,Spain,Defender,45.0,23.0,1.0,68.0,0.0,0.0,0.0,0.0,1.0,2.0,8.0,5.0,0.0,109.0,0.0,2.0,1.0,0.0,5.0,0.0,0.0,0.0,0.0,0.0,0.0,85.0,25.0,0.0,0.0,0.0,61.54,0.0,71.43,0.0,0.0,0.0,0.0,0.0,0.0,0.0,0.0,0.0,0.0,37.1559633027523,18.9908256880734,0.8256880733944955,56.14678899082569,0.0,0.0,0.0,0.0,0.8256880733944955,1.651376146788991,6.605504587155964,4.128440366972478,0.0,0.0,1.651376146788991,0.8256880733944955,0.0,4.128440366972478,0.0,0.0,0.0,0.0,0.0,0.0,85.0,25.0,0.0,0.0,0.0,61.54,0.0,71.43,0.0,0.0,0.0,0.0,0.0,0.0,0.0,0.0,0.0,0.0,RB/RCB,69,25,22,47,19,22,28,34,31,56,41,44,53,44,62,34,25,84,16,53,28,44,47,44,56,19,28,25,44,69,22,62,28,25,44,25,25,28,22,19,19,19,100,75,31,100,19,22,28,34,50,81,81,75,53,44,94,62,25,100,16,53,28,44,47,44,56,19,28,25,44,69,22,62,28,25,44,25,25,28,22,19,19,19,Liga Portugal
Sporting CP,7catg5lpivcmpf4xhggh6d8rk,dth6ucthavpw8lux9pm3f6qdw,Flávio Gonçalves,Flávio Ferreira Gonçalves,19.0,Attacker,Portugal,Striker,22.0,31.0,6.0,53.0,1.0,1.0,7.0,3.0,5.0,5.0,11.0,0.0,1.0,195.0,4.0,4.0,5.0,3.0,2.0,1.0,0.0,0.0,0.0,4.0,1.0,81.54,66.67,0.0,60.0,57.14,57.89,0.0,100.0,0.6006643568847113,0.0922532951248394,2.0,2.0,0.05256723,0.0,6.0,9.0,0.2578418,19.0,10.153846153846157,14.307692307692308,2.7692307692307696,24.461538461538463,0.4615384615384615,0.4615384615384615,3.230769230769231,1.3846153846153848,2.307692307692308,2.307692307692308,5.0769230769230775,0.0,0.4615384615384615,1.8461538461538465,1.8461538461538465,2.307692307692308,1.3846153846153848,0.9230769230769232,0.4615384615384615,0.0,0.0,0.0,1.8461538461538465,0.4615384615384615,81.54,66.67,0.0,60.0,57.14,57.89,0.0,100.0,0.2772297031775591,0.042578443903772,0.9230769230769232,0.9230769230769232,0.0242617984615384,0.0,2.7692307692307696,4.153846153846154,0.1190039076923077,8.76923076923077,LW,75,75,94,75,56,25,88,81,50,44,62,25,100,100,62,50,69,88,44,56,25,44,88,62,75,62,25,75,100,100,25,88,75,25,50,44,62,25,81,94,62,62,88,75,100,88,50,12,100,88,38,38,75,25,100,100,75,50,62,88,38,56,25,44,88,62,75,62,25,75,100,100,25,88,75,25,50,25,38,25,75,100,62,88,Liga Portugal
Vitória Guimarães,8gvg1ranyf93hprfkwx3ofl2y,1d78n2z8g4jkcejuk3otoup04,Thiago Balieiro,Thiago Balieiro Lourenço de Carvalho,23.0,Defender,Brazil,Defender,119.0,55.0,10.0,174.0,2.0,0.0,2.0,1.0,1.0,1.0,9.0,12.0,0.0,270.0,0.0,2.0,1.0,1.0,3.0,7.0,0.0,0.0,0.0,1.0,1.0,93.55,58.82,0.0,100.0,0.0,60.0,40.0,60.0,0.1478577148788132,0.0,1.0,3.0,0.05805396,0.0,9.0,8.0,0.2485746299999999,121.0,39.66666666666666,18.33333333333333,3.333333333333333,58.0,0.6666666666666666,0.0,0.6666666666666666,0.3333333333333333,0.3333333333333333,0.3333333333333333,3.0,4.0,0.0,0.0,0.6666666666666666,0.3333333333333333,0.3333333333333333,1.0,2.333333333333333,0.0,0.0,0.0,0.3333333333333333,0.3333333333333333,93.55,58.82,0.0,100.0,0.0,60.0,40.0,60.0,0.0492859049596043,0.0,0.3333333333333333,1.0,0.01935132,0.0,3.0,2.6666666666666665,0.0828582099999999,40.333333333333336,CB,80,78,71,85,25,30,76,62,71,70,60,45,45,42,64,49,79,82,98,46,45,49,88,91,85,80,45,88,42,65,31,52,68,36,91,85,82,34,76,68,72,95,60,68,51,57,14,30,65,54,65,65,28,25,45,42,54,38,70,72,95,46,45,49,85,89,85,80,45,88,42,65,31,52,65,36,89,81,81,34,74,68,68,88,Liga Portugal
Vitória Guimarães,8gvg1ranyf93hprfkwx3ofl2y,1otm8rmlwrddxqeqelo6vhtec,L. Doucet,Lohann Doucet,23.0,Midfielder,Burkina Faso,Midfielder,30.0,31.0,6.0,61.0,3.0,0.0,0.0,0.0,1.0,1.0,4.0,2.0,0.0,109.0,0.0,0.0,0.0,0.0,0.0,1.0,0.0,0.0,0.0,0.0,0.0,87.14,66.67,0.0,0.0,0.0,40.0,0.0,0.0,0.0,0.0,0.0,0.0,0.0,0.0,0.0,0.0,0.0,0.0,24.770642201834864,25.59633027522936,4.954128440366973,50.36697247706422,2.4770642201834865,0.0,0.0,0.0,0.8256880733944955,0.8256880733944955,3.302752293577982,1.651376146788991,0.0,0.0,0.0,0.0,0.0,0.0,0.8256880733944955,0.0,0.0,0.0,0.0,0.0,87.14,66.67,0.0,0.0,0.0,40.0,0.0,0.0,0.0,0.0,0.0,0.0,0.0,0.0,0.0,0.0,0.0,0.0,DM/CM,33,46,76,31,66,16,16,34,37,37,7,41,47,39,17,7,26,9,31,50,43,49,23,33,54,77,43,26,39,11,17,9,16,17,24,16,16,24,7,7,7,7,83,83,91,83,86,16,16,34,51,51,20,60,47,39,17,7,26,9,43,50,43,49,23,33,54,77,43,26,39,11,17,9,16,17,24,16,16,24,7,7,7,7,Liga Portugal
Vitória Guimarães,8gvg1ranyf93hprfkwx3ofl2y,575pl0igxsevhmf6nfmjwwyxh,Samu,Fábio Samuel Amorim da Silva,30.0,Midfielder,Portugal,Midfielder,38.0,48.0,7.0,82.0,1.0,6.0,10.0,8.0,2.0,2.0,11.0,4.0,1.0,268.0,3.0,12.0,1.0,1.0,5.0,0.0,0.0,4.0,0.0,2.0,3.0,84.54,100.0,23.53,50.0,30.0,44.0,20.0,62.5,1.0590118029371869,0.6212962059992406,2.0,1.0,0.0241224,1.0,11.0,14.0,0.4528323499999999,32.0,12.761194029850746,16.119402985074625,2.3507462686567164,27.53731343283582,0.335820895522388,2.014925373134328,3.3582089552238803,2.686567164179104,0.6716417910447761,0.6716417910447761,3.694029850746269,1.343283582089552,0.335820895522388,1.007462686567164,4.029850746268656,0.335820895522388,0.335820895522388,1.67910447761194,0.0,0.0,1.343283582089552,0.0,0.6716417910447761,1.007462686567164,84.54,100.0,23.53,50.0,30.0,44.0,20.0,62.5,0.3556382920311448,0.208644248283327,0.6716417910447761,0.335820895522388,0.0081008059701492,0.335820895522388,3.694029850746269,4.701492537313433,0.1520705652985074,10.746268656716415,CM/AM,86,81,95,79,38,88,100,100,26,24,50,86,81,88,95,17,38,98,17,52,88,36,76,95,62,93,57,55,38,33,52,57,100,90,76,17,17,33,88,95,86,76,76,43,88,52,29,86,95,95,14,14,33,71,69,69,76,5,33,93,17,52,83,36,64,90,62,93,57,55,38,33,52,57,86,81,62,14,14,29,81,90,71,52,Liga Portugal
Vitória Guimarães,8gvg1ranyf93hprfkwx3ofl2y,5vdaexx0jnv7shichfmowutt6,Beni Mukendi,Benedito Mambuene Mukendi,24.0,Midfielder,Angola,Midfielder,31.0,46.0,5.0,77.0,0.0,1.0,1.0,0.0,2.0,2.0,9.0,1.0,0.0,162.0,0.0,0.0,0.0,2.0,6.0,4.0,0.0,0.0,0.0,1.0,1.0,87.5,55.56,0.0,100.0,0.0,50.0,0.0,85.71,0.055113819999924,0.1405037594140289,1.0,3.0,0.0555586,2.0,15.0,12.0,0.2697475099999999,50.0,17.22222222222222,25.55555555555556,2.7777777777777777,42.77777777777778,0.0,0.5555555555555556,0.5555555555555556,0.0,1.1111111111111112,1.1111111111111112,5.0,0.5555555555555556,0.0,0.0,0.0,0.0,1.1111111111111112,3.333333333333333,2.2222222222222223,0.0,0.0,0.0,0.5555555555555556,0.5555555555555556,87.5,55.56,0.0,100.0,0.0,50.0,0.0,85.71,0.0306187888888466,0.0780576441189049,0.5555555555555556,1.6666666666666663,0.0308658888888888,1.1111111111111112,8.333333333333334,6.666666666666666,0.1498597277777777,27.77777777777778,DM/CM,41,71,69,51,10,47,43,34,59,59,36,29,47,39,17,7,73,89,83,50,43,49,60,81,61,54,43,90,39,46,17,89,40,74,61,70,57,79,91,89,80,71,37,80,74,71,10,57,43,34,63,63,64,29,47,39,17,7,80,100,94,50,43,49,69,97,61,54,43,90,39,46,17,89,46,77,71,80,74,89,91,89,89,83,Liga Portugal
Vitória Guimarães,8gvg1ranyf93hprfkwx3ofl2y,5z3eofvko1ngmwb05nrrc7fje,Óscar Rivas,Óscar Rivas,26.0,Defender,Spain,Defender,109.0,56.0,18.0,165.0,8.0,2.0,1.0,1.0,1.0,1.0,14.0,13.0,0.0,270.0,0.0,2.0,2.0,1.0,1.0,3.0,0.0,0.0,0.0,0.0,0.0,88.71,69.23,0.0,100.0,0.0,60.87,50.0,33.33,0.1134772366999032,0.0841689025195297,0.0,4.0,0.0756927699999999,2.0,11.0,11.0,0.3368944299999999,113.0,36.333333333333336,18.666666666666668,6.0,55.0,2.6666666666666665,0.6666666666666666,0.3333333333333333,0.3333333333333333,0.3333333333333333,0.3333333333333333,4.666666666666667,4.333333333333333,0.0,0.0,0.6666666666666666,0.6666666666666666,0.3333333333333333,0.3333333333333333,1.0,0.0,0.0,0.0,0.0,0.0,88.71,69.23,0.0,100.0,0.0,60.87,50.0,33.33,0.0378257455666344,0.0280563008398432,0.0,1.3333333333333333,0.0252309233333332,0.6666666666666666,3.6666666666666665,3.6666666666666665,0.1122981433333333,37.66666666666666,CB,75,80,96,75,85,88,54,62,71,70,86,55,45,42,64,79,79,45,69,46,45,49,41,44,48,90,45,88,42,69,48,32,57,80,44,90,88,92,82,78,90,88,48,70,94,44,71,85,46,54,65,65,78,32,45,42,54,64,70,32,55,46,45,49,41,44,48,90,45,88,42,69,48,32,52,80,44,90,85,90,80,75,82,78,Liga Portugal
Vitória Guimarães,8gvg1ranyf93hprfkwx3ofl2y,79oq0uhoimgb2mbme5i08y87o,Miguel Nogueira,João Miguel da Costa Nogueira,21.0,Midfielder,Portugal,Midfielder,9.0,24.0,0.0,32.0,2.0,3.0,3.0,3.0,2.0,3.0,8.0,1.0,0.0,120.0,0.0,6.0,4.0,1.0,1.0,2.0,0.0,1.0,2.0,0.0,0.0,91.43,0.0,50.0,50.0,0.0,50.0,50.0,100.0,0.6406154416006569,0.2818577224686914,1.0,2.0,0.0427186799999999,2.0,2.0,4.0,0.29133651,11.0,6.75,18.0,0.0,24.0,1.5,2.25,2.25,2.25,1.5,2.25,6.0,0.75,0.0,0.0,4.5,3.0,0.75,0.75,1.5,0.0,0.75,1.5,0.0,0.0,91.43,0.0,50.0,50.0,0.0,50.0,50.0,100.0,0.4804615812004926,0.2113932918515185,0.75,1.5,0.0320390099999999,1.5,1.5,3.0,0.2185023825,8.25,CM/AM,7,19,10,7,67,57,45,69,26,40,31,36,33,14,43,62,38,26,76,52,50,100,19,24,95,10,90,55,14,67,90,90,81,48,50,29,29,52,19,36,71,10,33,52,10,43,100,90,71,90,43,57,81,52,33,14,81,83,48,38,90,52,67,100,19,24,95,10,90,55,14,67,90,90,100,86,71,45,48,81,33,71,95,33,Liga Portugal
Vitória Guimarães,8gvg1ranyf93hprfkwx3ofl2y,bwbkfosv9xvhd2m0adp9h3ims,A. Ndoye,Alioune Ndoye,24.0,Attacker,Senegal,Striker,3.0,22.0,2.0,25.0,18.0,5.0,13.0,8.0,1.0,2.0,22.0,3.0,1.0,258.0,1.0,11.0,4.0,0.0,0.0,0.0,0.0,0.0,0.0,5.0,2.0,64.1,66.67,0.0,0.0,7.69,44.9,51.43,0.0,1.8450056191687347,0.2802210934948328,4.0,2.0,0.0440930999999999,0.0,1.0,5.0,0.0900581,9.0,1.0465116279069768,7.674418604651163,0.6976744186046512,8.720930232558139,6.27906976744186,1.744186046511628,4.534883720930233,2.7906976744186047,0.3488372093023256,0.6976744186046512,7.674418604651163,1.0465116279069768,0.3488372093023256,0.3488372093023256,3.8372093023255816,1.3953488372093024,0.0,0.0,0.0,0.0,0.0,0.0,1.744186046511628,0.6976744186046512,64.1,66.67,0.0,0.0,7.69,44.9,51.43,0.0,0.6436066113379307,0.0977515442423835,1.3953488372093024,0.6976744186046512,0.0153813139534883,0.0,0.3488372093023256,1.744186046511628,0.0314156162790697,3.13953488372093,ST,12,68,72,49,100,86,95,89,20,30,95,81,66,46,65,69,19,15,31,51,35,41,99,80,24,77,35,19,32,54,73,15,92,73,93,58,49,23,46,76,41,53,5,49,59,19,100,76,86,84,11,16,84,68,59,32,51,51,19,15,31,51,35,41,97,70,24,77,35,19,32,54,73,15,92,59,89,51,46,23,32,65,41,41,Liga Portugal
Vitória Guimarães,8gvg1ranyf93hprfkwx3ofl2y,bwspu6tx4l27e605fmtym3ztg,Gustavo Silva,Gustavo da Silva Cunha,27.0,Attacker,Brazil,Striker,5.0,35.0,3.0,35.0,10.0,6.0,14.0,12.0,9.0,11.0,28.0,4.0,1.0,257.0,5.0,24.0,4.0,4.0,6.0,4.0,0.0,5.0,0.0,2.0,2.0,61.4,100.0,29.41,44.44,35.71,58.33,83.33,60.0,1.922483871308447,0.6799304232645706,2.0,6.0,0.39961741,1.0,5.0,5.0,0.70120683,16.0,1.7509727626459144,12.2568093385214,1.050583657587549,12.2568093385214,3.501945525291829,2.1011673151750974,4.90272373540856,4.202334630350195,3.151750972762646,3.852140077821012,9.80544747081712,1.4007782101167314,0.3501945525291828,1.7509727626459144,8.40466926070039,1.4007782101167314,1.4007782101167314,2.1011673151750974,1.4007782101167314,0.0,1.7509727626459144,0.0,0.7003891050583657,0.7003891050583657,61.4,100.0,29.41,44.44,35.71,58.33,83.33,60.0,0.6732433790574327,0.2381079303261142,0.7003891050583657,2.1011673151750974,0.139943840077821,0.3501945525291828,1.7509727626459144,1.7509727626459144,0.2455588120622568,5.603112840466926,ST,27,88,88,74,92,96,99,100,95,95,100,96,66,95,97,69,88,100,99,51,97,41,80,80,19,95,81,70,57,91,100,53,97,97,74,86,97,58,91,76,100,86,11,78,84,46,92,89,89,95,78,86,100,86,62,86,89,54,81,95,92,51,92,41,70,73,19,95,81,70,57,91,100,53,95,95,62,84,95,46,86,68,95,65,Liga Portugal
Vitória Guimarães,8gvg1ranyf93hprfkwx3ofl2y,bz0wspuepgtymiddqy0v67n1m,João Mendes,João Miguel Teixeira Mendes,26.0,Defender,Portugal,Defender,51.0,52.0,15.0,100.0,2.0,1.0,3.0,0.0,2.0,2.0,9.0,7.0,0.0,270.0,1.0,1.0,1.0,0.0,4.0,3.0,0.0,3.0,0.0,3.0,1.0,77.52,60.0,25.0,0.0,33.33,36.0,33.33,66.67,0.13888938497689,0.0960503861642055,1.0,5.0,0.09954426,1.0,17.0,19.0,0.4853594599999998,47.0,17.0,17.333333333333332,5.0,33.333333333333336,0.6666666666666666,0.3333333333333333,1.0,0.0,0.6666666666666666,0.6666666666666666,3.0,2.333333333333333,0.0,0.3333333333333333,0.3333333333333333,0.3333333333333333,0.0,1.3333333333333333,1.0,0.0,1.0,0.0,1.0,0.3333333333333333,77.52,60.0,25.0,0.0,33.33,36.0,33.33,66.67,0.0462964616589633,0.0320167953880685,0.3333333333333333,1.6666666666666667,0.0331814199999999,0.3333333333333333,5.666666666666667,6.333333333333333,0.1617864866666666,15.666666666666666,LB/LCB,92,89,100,87,37,45,97,50,29,26,42,71,50,97,58,42,18,87,74,50,92,47,100,97,11,79,63,18,97,16,34,53,95,47,92,100,100,61,97,100,89,95,50,74,100,53,24,32,97,50,26,21,18,39,50,97,50,37,18,66,63,50,79,47,100,95,11,79,63,18,97,16,34,53,95,47,84,95,95,53,95,95,79,84,Liga Portugal
Vitória Guimarães,8gvg1ranyf93hprfkwx3ofl2y,ce6z3bhvhmoplnisz3a1bcf10,T. Strata,Tony Strata,21.0,Defender,Romania,Defender,40.0,39.0,8.0,74.0,0.0,5.0,3.0,0.0,2.0,2.0,8.0,3.0,0.0,156.0,1.0,2.0,2.0,0.0,3.0,3.0,0.0,5.0,1.0,3.0,0.0,83.15,66.67,55.56,0.0,33.33,47.06,0.0,50.0,0.1601219548816392,0.6501657522610631,1.0,2.0,0.0535479299999999,2.0,7.0,4.0,0.7883328600000002,35.0,23.07692307692308,22.5,4.615384615384615,42.69230769230769,0.0,2.8846153846153846,1.7307692307692306,0.0,1.1538461538461535,1.1538461538461535,4.615384615384615,1.7307692307692306,0.0,0.5769230769230769,1.1538461538461535,1.1538461538461535,0.0,1.7307692307692306,1.7307692307692306,0.0,2.8846153846153846,0.5769230769230769,1.7307692307692306,0.0,83.15,66.67,55.56,0.0,33.33,47.06,0.0,50.0,0.0923780508932533,0.3750956263044595,0.5769230769230769,1.1538461538461535,0.0308930365384614,1.1538461538461535,4.038461538461538,2.3076923076923075,0.4548074192307693,20.19230769230769,RB/RCB,56,75,91,59,19,100,97,34,59,56,41,22,53,94,62,66,25,69,50,53,100,94,100,44,38,88,100,25,91,19,22,44,88,100,94,59,62,72,81,56,100,62,56,81,94,69,19,94,100,34,75,62,50,25,53,100,88,75,25,69,88,53,100,100,100,44,38,88,100,25,91,19,22,44,94,100,94,62,69,75,94,62,100,75,Liga Portugal
Vitória Guimarães,8gvg1ranyf93hprfkwx3ofl2y,cyoz8jv8z5z2tvc2czhr2ya6s,O. Camara,Oumar Camara,19.0,Attacker,France,Striker,1.0,21.0,0.0,20.0,0.0,3.0,4.0,4.0,4.0,4.0,9.0,1.0,0.0,142.0,0.0,15.0,2.0,2.0,2.0,3.0,0.0,2.0,0.0,0.0,2.0,58.82,0.0,20.0,50.0,0.0,45.0,0.0,40.0,0.4497265543027747,0.2403832148487259,1.0,0.0,0.0,0.0,0.0,2.0,0.384253,9.0,0.6338028169014085,13.309859154929578,0.0,12.67605633802817,0.0,1.9014084507042253,2.535211267605634,2.535211267605634,2.535211267605634,2.535211267605634,5.704225352112676,0.6338028169014085,0.0,0.0,9.507042253521128,1.267605633802817,1.267605633802817,1.267605633802817,1.9014084507042253,0.0,1.267605633802817,0.0,0.0,1.267605633802817,58.82,0.0,20.0,50.0,0.0,45.0,0.0,40.0,0.2850379569524628,0.1523555587069389,0.6338028169014085,0.0,0.0,0.0,0.0,1.267605633802817,0.2435406338028169,5.704225352112676,ST,3,62,24,36,12,64,50,59,58,58,57,50,26,16,86,39,73,73,93,51,86,41,24,80,14,24,72,77,16,57,12,35,49,65,47,15,15,23,16,50,84,53,3,86,24,54,12,81,62,70,68,68,65,54,26,16,92,46,76,81,97,51,89,41,24,95,14,24,72,77,16,57,12,35,68,84,57,15,15,23,16,59,92,68,Liga Portugal
Vitória Guimarães,8gvg1ranyf93hprfkwx3ofl2y,d30uqfrs7mqb6jnj99qgyr28k,Miguel Maga,Miguel Ângelo Gomes Ferreira Magalhães,23.0,Defender,Portugal,Defender,17.0,29.0,3.0,45.0,0.0,2.0,1.0,0.0,1.0,1.0,2.0,1.0,0.0,114.0,0.0,1.0,1.0,0.0,0.0,0.0,0.0,1.0,0.0,1.0,1.0,86.54,75.0,50.0,0.0,0.0,33.33,0.0,0.0,0.0502202046525377,0.1969987681847063,1.0,0.0,0.0,1.0,5.0,8.0,0.37503661,27.0,13.421052631578949,22.894736842105264,2.368421052631579,35.526315789473685,0.0,1.5789473684210529,0.7894736842105263,0.0,0.7894736842105263,0.7894736842105263,1.5789473684210529,0.7894736842105263,0.0,0.0,0.7894736842105263,0.7894736842105263,0.0,0.0,0.0,0.0,0.7894736842105263,0.0,0.7894736842105263,0.7894736842105263,86.54,75.0,50.0,0.0,0.0,33.33,0.0,0.0,0.0396475299888455,0.1555253433037155,0.7894736842105263,0.0,0.0,0.7894736842105263,3.947368421052632,6.315789473684211,0.2960815342105263,21.31578947368421,RB/RCB,9,44,50,19,19,53,69,34,31,28,6,6,53,44,25,34,25,16,16,53,69,44,94,94,75,94,91,25,44,6,22,16,56,56,94,25,25,59,69,75,81,53,19,88,69,44,19,88,88,34,44,44,6,6,53,44,62,56,25,16,16,53,75,44,94,100,75,94,91,25,44,6,22,16,75,81,100,25,25,62,88,94,94,81,Liga Portugal
Vitória Guimarães,8gvg1ranyf93hprfkwx3ofl2y,dbwqkrelivlfmvk4t8aa1beac,Gonçalo Nogueira,Gonçalo Teixeira Nogueira,22.0,Midfielder,Portugal,Midfielder,33.0,47.0,0.0,80.0,1.0,4.0,2.0,2.0,1.0,1.0,10.0,0.0,0.0,226.0,0.0,4.0,3.0,0.0,2.0,2.0,0.0,0.0,0.0,0.0,1.0,86.02,0.0,0.0,0.0,0.0,58.82,0.0,33.33,0.1835639597776107,0.2834594970186692,0.0,9.0,0.22648656,5.0,7.0,9.0,0.23295621,27.0,13.141592920353984,18.716814159292035,0.0,31.858407079646017,0.3982300884955752,1.592920353982301,0.7964601769911505,0.7964601769911505,0.3982300884955752,0.3982300884955752,3.982300884955752,0.0,0.0,0.0,1.592920353982301,1.1946902654867255,0.0,0.7964601769911505,0.7964601769911505,0.0,0.0,0.0,0.0,0.3982300884955752,86.02,0.0,0.0,0.0,0.0,58.82,0.0,33.33,0.0731006919468361,0.1128821005826558,0.0,3.584070796460177,0.0901937628318584,1.991150442477876,2.7876106194690267,3.584070796460177,0.0927701721238938,10.752212389380531,DM/CM,46,76,6,54,29,94,66,90,37,37,46,11,47,39,87,60,26,50,53,50,43,49,23,81,43,6,43,26,39,71,17,29,80,94,24,100,100,100,61,74,74,37,14,66,6,34,31,91,63,91,31,31,31,11,47,39,83,51,26,49,37,50,43,49,23,83,43,6,43,26,39,71,17,29,83,91,24,97,97,97,51,69,69,26,Liga Portugal
