Team,contestantId,playerId,Short Name,Player Name,Age,Position_x,Nationality,Position_y,total accurate back zone pass_Total,total accurate fwd zone pass_Total,total accurate pass_Total,total attempt_Total,total attempts ibox_Total,total attempts obox_Total,total blocked scoring att_Total,total contest_Total,total dribbles attempted_Total,total duels won_Total,total goals_Total,total mins played,total ontarget attempt_Total,total touches in opposition box_Total,total was fouled_Total,total accurate cross_Total,total accurate long balls_Total,total aerial won_Total,total att assist_Total,total effective clearance_Total,total interception_Total,total won tackle_Total,total won contest_Total,total big chances saved_Total,total assists_Total,pass_success_pct_Total,long_balls_success_pct_Total,cross_success_pct_Total,dribble_success_pct_Total,attempt_success_pct_Total,duel_success_pct_Total,aerial_success_pct_Total,tackle_success_pct_Total,xG_Total,xA_Total,CreatedOwnShot_Total,Total Carries_Total,Total Carry xT_Total,Total Final Third Carries_Total,passes_into_final_third_Total,progressive_passes_Total,xT_pass_Total,forward_passes_Total,total accurate back zone pass_p90,total accurate fwd zone pass_p90,total accurate pass_p90,total attempt_p90,total attempts ibox_p90,total attempts obox_p90,total blocked scoring att_p90,total contest_p90,total dribbles attempted_p90,total duels won_p90,total goals_p90,total ontarget attempt_p90,total touches in opposition box_p90,total was fouled_p90,total accurate cross_p90,total accurate long balls_p90,total aerial won_p90,total att assist_p90,total effective clearance_p90,total interception_p90,total won tackle_p90,total won contest_p90,total big chances saved_p90,total assists_p90,pass_success_pct_p90,long_balls_success_pct_p90,cross_success_pct_p90,dribble_success_pct_p90,attempt_success_pct_p90,duel_success_pct_p90,aerial_success_pct_p90,tackle_success_pct_p90,xG_p90,xA_p90,CreatedOwnShot_p90,Total Carries_p90,Total Carry xT_p90,Total Final Third Carries_p90,passes_into_final_third_p90,progressive_passes_p90,xT_pass_p90,forward_passes_p90,Pos.,total accurate back zone pass_TotalPR,total accurate fwd zone pass_TotalPR,total accurate pass_TotalPR,total attempt_TotalPR,total attempts ibox_TotalPR,total attempts obox_TotalPR,total blocked scoring att_TotalPR,total contest_TotalPR,total dribbles attempted_TotalPR,total duels won_TotalPR,total goals_TotalPR,total ontarget attempt_TotalPR,total touches in opposition box_TotalPR,total was fouled_TotalPR,total accurate cross_TotalPR,total accurate long balls_TotalPR,total aerial won_TotalPR,total att assist_TotalPR,total effective clearance_TotalPR,total interception_TotalPR,total won tackle_TotalPR,total won contest_TotalPR,total big chances saved_TotalPR,total assists_TotalPR,pass_success_pct_TotalPR,long_balls_success_pct_TotalPR,cross_success_pct_TotalPR,dribble_success_pct_TotalPR,attempt_success_pct_TotalPR,duel_success_pct_TotalPR,aerial_success_pct_TotalPR,tackle_success_pct_TotalPR,xG_TotalPR,xA_TotalPR,CreatedOwnShot_TotalPR,Total Carries_TotalPR,Total Carry xT_TotalPR,Total Final Third Carries_TotalPR,passes_into_final_third_TotalPR,progressive_passes_TotalPR,xT_pass_TotalPR,forward_passes_TotalPR,total accurate back zone pass_p90PR,total accurate fwd zone pass_p90PR,total accurate pass_p90PR,total attempt_p90PR,total attempts ibox_p90PR,total attempts obox_p90PR,total blocked scoring att_p90PR,total contest_p90PR,total dribbles attempted_p90PR,total duels won_p90PR,total goals_p90PR,total ontarget attempt_p90PR,total touches in opposition box_p90PR,total was fouled_p90PR,total accurate cross_p90PR,total accurate long balls_p90PR,total aerial won_p90PR,total att assist_p90PR,total effective clearance_p90PR,total interception_p90PR,total won tackle_p90PR,total won contest_p90PR,total big chances saved_p90PR,total assists_p90PR,pass_success_pct_p90PR,long_balls_success_pct_p90PR,cross_success_pct_p90PR,dribble_success_pct_p90PR,attempt_success_pct_p90PR,duel_success_pct_p90PR,aerial_success_pct_p90PR,tackle_success_pct_p90PR,xG_p90PR,xA_p90PR,CreatedOwnShot_p90PR,Total Carries_p90PR,Total Carry xT_p90PR,Total Final Third Carries_p90PR,passes_into_final_third_p90PR,progressive_passes_p90PR,xT_pass_p90PR,forward_passes_p90PR,League
Aberdeen,841zp0njrq63yv4fvw6lgf60q,4bu2v4f3cdx0hxdxo23q1aoa2,N. Guinness-Walker,Nesta Guinness-Walker,26.0,Defender,England,Defender,26.0,32.0,57.0,0.0,0.0,0.0,0.0,4.0,4.0,19.0,0.0,173.0,0.0,0.0,7.0,1.0,6.0,4.0,0.0,9.0,3.0,3.0,3.0,0.0,0.0,74.03,46.15,14.29,75.0,0.0,73.08,57.14,60.0,0.0,0.0,0.0,0.0,0.0,0.0,0.0,0.0,0.0,0.0,13.52601156069364,16.647398843930635,29.653179190751445,0.0,0.0,0.0,0.0,2.0809248554913293,2.0809248554913293,9.884393063583817,0.0,0.0,0.0,3.6416184971098255,0.5202312138728323,3.121387283236994,2.0809248554913293,0.0,4.682080924855491,1.560693641618497,1.560693641618497,1.560693641618497,0.0,0.0,74.03,46.15,14.29,75.0,0.0,73.08,57.14,60.0,0.0,0.0,0.0,0.0,0.0,0.0,0.0,0.0,0.0,0.0,LB/LCB,54,64,61,32,43,39,43,71,68,100,50,43,18,100,50,82,61,18,71,86,75,89,54,43,43,71,50,93,43,93,71,68,36,21,50,29,29,29,21,21,21,21,50,57,50,32,43,39,43,64,64,86,50,43,18,93,50,86,64,18,57,89,68,86,54,43,43,71,50,93,43,93,71,68,36,21,50,29,29,29,21,21,21,21,Premiership
Aberdeen,841zp0njrq63yv4fvw6lgf60q,4w3ipvncxgip8rxi2sf0l971l,K. Nisbet,Kevin Nisbet,29.0,Attacker,Scotland,Striker,4.0,9.0,13.0,5.0,4.0,1.0,2.0,1.0,1.0,7.0,1.0,180.0,2.0,11.0,1.0,0.0,0.0,5.0,1.0,3.0,0.0,0.0,1.0,0.0,1.0,52.0,0.0,0.0,100.0,40.0,38.89,41.67,0.0,0.4607686352826339,0.0,0.0,0.0,0.0,0.0,1.0,3.0,0.10839472,9.0,2.0,4.5,6.5,2.5,2.0,0.5,1.0,0.5,0.5,3.5,0.5,1.0,5.5,0.5,0.0,0.0,2.5,0.5,1.5,0.0,0.0,0.5,0.0,0.5,52.0,0.0,0.0,100.0,40.0,38.89,41.67,0.0,0.2303843176413169,0.0,0.0,0.0,0.0,0.0,0.5,1.5,0.05419736,4.5,ST,31,15,21,67,67,63,75,31,27,50,79,71,79,27,33,31,85,23,79,35,21,60,50,83,8,31,33,94,54,54,69,21,58,10,31,12,12,23,54,75,50,63,19,4,8,60,62,58,67,23,19,35,75,67,58,17,33,31,81,17,73,35,21,52,50,77,8,31,33,94,54,54,69,21,54,10,31,12,12,23,52,69,46,54,Premiership
Aberdeen,841zp0njrq63yv4fvw6lgf60q,77flvpigla5xf7spyu6trwo2x,D. Happe,Dan Happe,27.0,Defender,England,Defender,69.0,34.0,103.0,4.0,4.0,0.0,0.0,0.0,0.0,17.0,0.0,180.0,2.0,8.0,0.0,0.0,14.0,13.0,1.0,22.0,3.0,2.0,0.0,0.0,0.0,83.06,60.87,0.0,0.0,50.0,85.0,92.86,50.0,0.5326576433729943,0.0417157340525691,0.0,0.0,0.0,0.0,9.0,8.0,0.18136777,66.0,34.5,17.0,51.5,2.0,2.0,0.0,0.0,0.0,0.0,8.5,0.0,1.0,4.0,0.0,0.0,7.0,6.5,0.5,11.0,1.5,1.0,0.0,0.0,0.0,83.06,60.87,0.0,0.0,50.0,85.0,92.86,50.0,0.2663288216864971,0.0208578670262845,0.0,0.0,0.0,0.0,4.5,4.0,0.090683885,33.0,CB,68,64,68,98,100,43,41,30,30,77,45,98,98,23,48,100,86,59,82,68,73,32,45,52,36,77,48,32,89,86,100,39,100,59,43,27,27,41,84,73,64,73,59,64,59,98,100,43,41,30,30,86,45,100,98,23,48,98,91,59,95,68,73,32,45,52,36,77,48,32,89,86,100,39,100,59,43,27,27,41,93,70,64,68,Premiership
Aberdeen,841zp0njrq63yv4fvw6lgf60q,8a3sqpvhe5l3dcez6r4vvbjhm,A. Aremu,Afeez Aremu,26.0,Midfielder,Nigeria,Midfielder,24.0,25.0,49.0,1.0,0.0,1.0,0.0,2.0,2.0,9.0,0.0,118.0,0.0,0.0,3.0,0.0,7.0,1.0,0.0,1.0,2.0,3.0,1.0,0.0,0.0,83.05,87.5,0.0,50.0,0.0,56.25,33.33,75.0,0.0452763982208466,0.0,1.0,2.0,0.04255496,2.0,8.0,7.0,0.15091198,22.0,18.30508474576272,19.06779661016949,37.3728813559322,0.7627118644067796,0.0,0.7627118644067796,0.0,1.5254237288135593,1.5254237288135593,6.864406779661017,0.0,0.0,0.0,2.288135593220339,0.0,5.338983050847458,0.7627118644067796,0.0,0.7627118644067796,1.5254237288135593,2.288135593220339,0.7627118644067796,0.0,0.0,83.05,87.5,0.0,50.0,0.0,56.25,33.33,75.0,0.0345328461006457,0.0,0.7627118644067796,1.5254237288135593,0.0324571728813559,1.5254237288135593,6.101694915254237,5.338983050847458,0.1151023576271186,16.779661016949152,DM/CM,23,27,23,36,23,59,32,55,52,43,48,41,11,64,39,95,34,18,36,50,61,45,52,50,45,91,39,45,41,64,41,75,41,20,64,52,55,73,75,64,45,27,45,41,36,45,23,68,32,77,77,59,48,41,11,77,39,100,45,18,50,64,77,73,52,50,45,91,39,45,41,64,41,75,41,20,82,59,64,82,86,77,59,45,Premiership
Aberdeen,841zp0njrq63yv4fvw6lgf60q,99h9xs07yghgz8erbeysxdec,T. Yogane,Tony Yogane,20.0,Attacker,England,Striker,2.0,9.0,11.0,2.0,0.0,2.0,2.0,5.0,6.0,10.0,0.0,118.0,0.0,0.0,2.0,0.0,0.0,3.0,0.0,0.0,1.0,0.0,4.0,0.0,0.0,68.75,0.0,0.0,80.0,0.0,58.82,37.5,0.0,0.1145597600200605,0.0,2.0,2.0,0.05914719,1.0,1.0,2.0,0.0340437599999999,2.0,1.5254237288135593,6.864406779661017,8.389830508474576,1.5254237288135593,0.0,1.5254237288135593,1.5254237288135593,3.8135593220338975,4.576271186440678,7.627118644067797,0.0,0.0,0.0,1.5254237288135593,0.0,0.0,2.288135593220339,0.0,0.0,0.7627118644067796,0.0,3.0508474576271185,0.0,0.0,68.75,0.0,0.0,80.0,0.0,58.82,37.5,0.0,0.0873760881508936,0.0,1.5254237288135593,1.5254237288135593,0.045112263559322,0.7627118644067796,0.7627118644067796,1.5254237288135593,0.0259655796610168,1.5254237288135593,LM/LCM,33,33,33,100,50,100,100,67,67,67,67,67,33,67,33,50,67,33,33,50,33,83,67,67,33,50,33,100,67,67,67,33,100,33,100,50,67,33,33,33,33,33,33,33,33,100,50,100,100,100,100,67,67,67,33,67,33,50,100,33,33,67,33,100,67,67,33,50,33,100,67,67,67,33,100,33,100,100,100,67,33,33,33,33,Premiership
Aberdeen,841zp0njrq63yv4fvw6lgf60q,9coe01drgpmlz3ee9qfond815,L. Mayo,Lewis Mayo,26.0,Defender,Scotland,Defender,42.0,20.0,62.0,2.0,2.0,0.0,0.0,0.0,0.0,7.0,1.0,154.0,1.0,2.0,0.0,0.0,3.0,6.0,0.0,23.0,2.0,0.0,0.0,0.0,0.0,83.78,50.0,0.0,0.0,50.0,58.33,66.67,0.0,0.3513924668457934,0.0,0.0,1.0,0.01685596,0.0,4.0,5.0,0.11283419,34.0,24.545454545454547,11.688311688311687,36.23376623376623,1.168831168831169,1.168831168831169,0.0,0.0,0.0,0.0,4.090909090909091,0.5844155844155845,0.5844155844155845,1.168831168831169,0.0,0.0,1.7532467532467533,3.5064935064935066,0.0,13.441558441558442,1.168831168831169,0.0,0.0,0.0,0.0,83.78,50.0,0.0,0.0,50.0,58.33,66.67,0.0,0.2053592338709182,0.0,0.0,0.5844155844155845,0.0098508857142857,0.0,2.337662337662338,2.9220779220779223,0.0659420590909091,19.87012987012988,CB,23,39,27,70,75,43,41,30,30,41,95,82,50,23,48,39,59,20,89,57,18,32,45,52,50,66,48,32,89,32,64,18,82,27,43,64,55,41,59,55,41,45,23,36,23,82,91,43,41,30,30,32,100,91,45,23,48,41,55,20,100,59,18,32,45,52,50,66,48,32,89,32,64,18,91,27,43,68,64,41,59,55,50,50,Premiership
Aberdeen,841zp0njrq63yv4fvw6lgf60q,atf7aycphllb4i8h9jnld4bmd,B. Lyons,Brad Lyons,29.0,Midfielder,Northern Ireland,Midfielder,21.0,19.0,40.0,0.0,0.0,0.0,0.0,0.0,0.0,8.0,0.0,90.0,0.0,1.0,3.0,0.0,4.0,1.0,0.0,4.0,2.0,2.0,0.0,0.0,0.0,83.33,66.67,0.0,0.0,0.0,61.54,33.33,50.0,0.0,0.0,0.0,0.0,0.0,0.0,0.0,0.0,0.0,0.0,21.0,19.0,40.0,0.0,0.0,0.0,0.0,0.0,0.0,8.0,0.0,0.0,1.0,3.0,0.0,4.0,1.0,0.0,4.0,2.0,2.0,0.0,0.0,0.0,83.33,66.67,0.0,0.0,0.0,61.54,33.33,50.0,0.0,0.0,0.0,0.0,0.0,0.0,0.0,0.0,0.0,0.0,DM/CM,18,11,16,16,23,25,32,7,7,32,48,41,36,64,39,70,34,18,80,50,32,14,52,50,55,75,39,14,41,77,41,25,16,20,30,14,14,23,9,11,9,9,59,36,48,16,23,25,32,7,7,84,48,41,55,93,39,91,55,18,95,80,70,14,52,50,55,75,39,14,41,77,41,25,16,20,30,14,14,23,9,11,9,9,Premiership
Aberdeen,841zp0njrq63yv4fvw6lgf60q,axnmil0bg1giwhoa31tks7ljp,S. Armstrong,Stuart Armstrong,34.0,Midfielder,Scotland,Midfielder,14.0,42.0,51.0,0.0,0.0,0.0,0.0,2.0,2.0,4.0,0.0,107.0,0.0,3.0,2.0,5.0,2.0,0.0,5.0,3.0,1.0,1.0,0.0,0.0,0.0,78.46,22.22,62.5,0.0,0.0,40.0,0.0,50.0,0.0,0.5893230099900396,0.0,1.0,0.02401521,1.0,13.0,11.0,0.4414665699999999,34.0,11.77570093457944,35.32710280373832,42.89719626168225,0.0,0.0,0.0,0.0,1.6822429906542056,1.6822429906542056,3.364485981308411,0.0,0.0,2.5233644859813085,1.6822429906542056,4.205607476635514,1.6822429906542056,0.0,4.205607476635514,2.5233644859813085,0.8411214953271028,0.8411214953271028,0.0,0.0,0.0,78.46,22.22,62.5,0.0,0.0,40.0,0.0,50.0,0.0,0.4956922513934912,0.0,0.8411214953271028,0.0201997093457943,0.8411214953271028,10.934579439252335,9.25233644859813,0.371327021495327,28.59813084112149,CM/AM,56,78,78,11,17,28,22,39,39,17,39,22,22,61,100,56,22,94,78,56,50,22,56,56,44,22,100,22,22,44,28,44,17,100,28,33,33,61,100,89,89,89,100,89,89,11,17,28,22,56,56,44,39,22,33,67,100,78,22,100,100,67,67,22,56,56,44,22,100,22,22,44,28,44,17,100,28,33,33,78,100,89,100,100,Premiership
Aberdeen,841zp0njrq63yv4fvw6lgf60q,cs5ejx87ge8am8ir8w0lj4wk5,C. Cadden,Chris Cadden,29.0,Defender,Scotland,Defender,9.0,23.0,31.0,3.0,2.0,1.0,1.0,2.0,2.0,9.0,0.0,163.0,1.0,2.0,1.0,1.0,1.0,3.0,0.0,6.0,1.0,4.0,0.0,0.0,0.0,59.62,33.33,9.09,0.0,33.33,52.94,50.0,80.0,0.2374744688997009,0.0,2.0,2.0,0.03867189,0.0,3.0,3.0,0.1366987599999999,13.0,4.969325153374233,12.699386503067483,17.116564417177916,1.656441717791411,1.1042944785276074,0.5521472392638037,0.5521472392638037,1.1042944785276074,1.1042944785276074,4.969325153374233,0.0,0.5521472392638037,1.1042944785276074,0.5521472392638037,0.5521472392638037,0.5521472392638037,1.656441717791411,0.0,3.312883435582822,0.5521472392638037,2.208588957055215,0.0,0.0,0.0,59.62,33.33,9.09,0.0,33.33,52.94,50.0,80.0,0.1311208723986078,0.0,1.1042944785276074,1.1042944785276074,0.0213525773006134,0.0,1.656441717791411,1.656441717791411,0.0754778429447852,7.177914110429448,RB/RCB,18,43,14,100,96,96,79,82,82,64,54,100,46,25,68,18,71,29,43,18,96,32,43,54,7,39,64,32,100,29,64,68,93,36,100,68,64,29,46,46,50,43,7,43,7,93,100,93,86,86,86,57,54,100,50,36,71,21,64,29,29,21,93,32,43,54,7,39,64,32,100,29,64,68,100,36,100,64,64,29,43,43,57,43,Premiership
Aberdeen,841zp0njrq63yv4fvw6lgf60q,eosd8dmfqtaol3dnkypyswn3d,T. Olusanya,Toyosi Olusanya,28.0,Attacker,England,Striker,1.0,17.0,16.0,0.0,0.0,0.0,0.0,1.0,1.0,10.0,0.0,177.0,0.0,9.0,5.0,2.0,0.0,2.0,3.0,0.0,0.0,3.0,0.0,0.0,0.0,69.57,0.0,66.67,0.0,0.0,35.71,20.0,100.0,0.0,0.3560284502653881,0.0,3.0,0.1112695299999999,1.0,0.0,0.0,0.19217597,3.0,0.5084745762711864,8.64406779661017,8.135593220338983,0.0,0.0,0.0,0.0,0.5084745762711864,0.5084745762711864,5.084745762711865,0.0,0.0,4.576271186440678,2.5423728813559325,1.0169491525423728,0.0,1.0169491525423728,1.5254237288135597,0.0,0.0,1.5254237288135597,0.0,0.0,0.0,69.57,0.0,66.67,0.0,0.0,35.71,20.0,100.0,0.0,0.1810314153891804,0.0,1.5254237288135597,0.056577727118644,0.5084745762711864,0.0,0.0,0.0977165949152542,1.5254237288135597,ST,8,67,33,4,6,27,23,31,27,75,33,10,58,96,85,31,48,65,19,35,98,23,50,37,42,31,96,23,10,38,37,90,8,85,31,77,73,62,23,13,69,17,8,50,19,4,6,27,23,31,27,50,33,10,50,96,81,31,46,58,19,35,92,23,50,37,42,31,96,23,10,38,37,90,8,77,31,65,69,54,23,13,58,12,Premiership
Celtic,dvnjvad3p09dugr79gktlrtll,2r893xoeuqhgoe2w2auhqb696,K. Høgh,Kasper Høgh,25.0,Attacker,Denmark,Striker,14.0,9.0,23.0,13.0,13.0,0.0,2.0,0.0,0.0,11.0,3.0,172.0,5.0,20.0,1.0,0.0,2.0,9.0,3.0,3.0,0.0,0.0,0.0,0.0,0.0,60.53,66.67,0.0,0.0,38.46,47.83,69.23,0.0,1.6735559143067684,0.2679481440847389,0.0,0.0,0.0,0.0,2.0,0.0,0.02551211,7.0,7.325581395348837,4.709302325581395,12.034883720930232,6.8023255813953485,6.8023255813953485,0.0,1.0465116279069766,0.0,0.0,5.755813953488372,1.569767441860465,2.6162790697674416,10.465116279069766,0.5232558139534883,0.0,1.0465116279069766,4.709302325581395,1.569767441860465,1.569767441860465,0.0,0.0,0.0,0.0,0.0,60.53,66.67,0.0,0.0,38.46,47.83,69.23,0.0,0.8756978621372625,0.1402054242303866,0.0,0.0,0.0,0.0,1.0465116279069766,0.0,0.0133493598837209,3.6627906976744176,ST,79,15,62,100,100,27,75,10,8,85,100,100,96,27,33,88,100,65,79,35,21,23,50,37,15,94,33,23,46,81,96,21,100,65,31,12,12,23,69,13,23,50,73,8,46,100,100,27,81,10,8,62,100,100,92,27,33,92,96,62,77,35,21,23,50,37,15,94,33,23,46,81,96,21,100,58,31,12,12,23,65,13,19,50,Premiership
Celtic,dvnjvad3p09dugr79gktlrtll,3bvr4z5z4cyb8fadfwtgxrx0p,A. Trusty,Auston Trusty,28.0,Defender,USA,Defender,112.0,52.0,164.0,0.0,0.0,0.0,0.0,0.0,0.0,7.0,0.0,180.0,0.0,1.0,0.0,0.0,5.0,6.0,1.0,6.0,3.0,1.0,0.0,2.0,0.0,95.91,62.5,0.0,0.0,0.0,46.67,60.0,100.0,0.0,0.0,0.0,0.0,0.0,0.0,0.0,0.0,0.0,0.0,56.0,26.0,82.0,0.0,0.0,0.0,0.0,0.0,0.0,3.5,0.0,0.0,0.5,0.0,0.0,2.5,3.0,0.5,3.0,1.5,0.5,0.0,1.0,0.0,95.91,62.5,0.0,0.0,0.0,46.67,60.0,100.0,0.0,0.0,0.0,0.0,0.0,0.0,0.0,0.0,0.0,0.0,CB,91,95,95,20,23,43,41,30,30,41,45,36,34,23,48,55,59,59,23,68,50,32,100,52,100,86,48,32,36,14,43,82,20,27,43,27,27,41,16,16,16,16,82,95,91,20,23,43,41,30,30,23,45,36,32,23,48,57,45,59,9,68,41,32,100,52,100,86,48,32,36,14,43,82,20,27,43,27,27,41,16,16,16,16,Premiership
Celtic,dvnjvad3p09dugr79gktlrtll,5uqf7a0y0fd1hf2rrmgx11tuy,B. Nygren,Benjamin Nygren,25.0,Attacker,Sweden,Striker,27.0,48.0,74.0,6.0,6.0,0.0,2.0,3.0,3.0,5.0,2.0,157.0,3.0,8.0,1.0,1.0,1.0,0.0,7.0,0.0,0.0,1.0,2.0,0.0,1.0,90.24,50.0,33.33,66.67,50.0,33.33,0.0,50.0,0.839067613717805,0.5235469764571565,0.0,11.0,0.25324516,5.0,10.0,13.0,0.4396878899999999,33.0,15.477707006369426,27.515923566878985,42.4203821656051,3.4394904458598727,3.4394904458598727,0.0,1.1464968152866242,1.7197452229299364,1.7197452229299364,2.8662420382165603,1.1464968152866242,1.7197452229299364,4.585987261146497,0.5732484076433121,0.5732484076433121,0.5732484076433121,0.0,4.012738853503184,0.0,0.0,0.5732484076433121,1.1464968152866242,0.0,0.5732484076433121,90.24,50.0,33.33,66.67,50.0,33.33,0.0,50.0,0.4809941734688054,0.3001224705805356,0.0,6.305732484076433,0.1451723847133758,2.8662420382165603,5.732484076433121,7.452229299363057,0.2520503828025477,18.9171974522293,ST,100,100,100,83,90,27,75,71,69,27,96,92,48,27,71,69,12,98,19,35,56,83,50,83,100,79,79,79,71,29,13,58,92,96,31,100,96,98,100,100,96,100,100,100,100,81,88,27,85,65,62,27,96,88,54,31,69,73,12,100,19,35,46,77,50,81,100,79,79,79,71,29,13,58,88,96,31,100,92,100,100,100,100,100,Premiership
Celtic,dvnjvad3p09dugr79gktlrtll,8i5ee4fmkqhl1rcuo31qomxud,K. Tierney,Kieran Tierney,29.0,Defender,Scotland,Defender,68.0,54.0,116.0,6.0,5.0,1.0,2.0,1.0,1.0,6.0,0.0,173.0,4.0,7.0,0.0,6.0,5.0,0.0,8.0,8.0,3.0,3.0,1.0,0.0,1.0,87.22,38.46,40.0,100.0,66.67,66.67,0.0,60.0,0.6385880564538238,0.9264099944571006,1.0,4.0,0.12819506,2.0,10.0,16.0,1.25478908,55.0,35.3757225433526,28.09248554913295,60.34682080924856,3.121387283236994,2.601156069364162,0.5202312138728323,1.0404624277456649,0.5202312138728323,0.5202312138728323,3.121387283236994,0.0,2.0809248554913293,3.6416184971098255,0.0,3.121387283236994,2.601156069364162,0.0,4.161849710982659,4.161849710982659,1.560693641618497,1.560693641618497,0.5202312138728323,0.0,0.5202312138728323,87.22,38.46,40.0,100.0,66.67,66.67,0.0,60.0,0.3322134397736655,0.4819473959603413,0.5202312138728323,2.0809248554913293,0.0666910716763005,1.0404624277456649,5.202312138728324,8.323699421965317,0.6527804462427745,28.61271676300578,LB/LCB,93,100,93,100,100,89,100,32,32,36,50,100,100,25,100,71,11,100,64,86,75,57,54,93,86,57,79,100,93,82,11,68,100,100,100,86,93,79,71,100,100,93,86,100,93,100,100,93,100,29,29,29,50,100,100,25,100,64,11,100,50,89,68,64,54,86,86,57,79,100,93,82,11,68,100,100,100,79,86,79,64,100,100,93,Premiership
Celtic,dvnjvad3p09dugr79gktlrtll,c4dvhy1z0op9iwj9aqdgzh0q1,C. Carter-Vickers,Cameron Carter-Vickers,28.0,Defender,USA,Defender,116.0,49.0,165.0,1.0,0.0,1.0,0.0,0.0,0.0,16.0,0.0,180.0,0.0,1.0,2.0,0.0,7.0,11.0,1.0,18.0,4.0,3.0,0.0,0.0,0.0,91.67,70.0,0.0,0.0,0.0,76.19,84.62,100.0,0.0584110777897365,0.0686555036082498,1.0,0.0,0.0,0.0,9.0,12.0,0.24026538,106.0,58.0,24.5,82.5,0.5,0.0,0.5,0.0,0.0,0.0,8.0,0.0,0.0,0.5,1.0,0.0,3.5,5.5,0.5,9.0,2.0,1.5,0.0,0.0,0.0,91.67,70.0,0.0,0.0,0.0,76.19,84.62,100.0,0.0292055388948682,0.0343277518041249,0.5,0.0,0.0,0.0,4.5,6.0,0.12013269,53.0,CB,95,86,100,50,23,93,41,30,30,73,45,36,34,89,48,73,77,59,73,80,89,32,45,52,82,91,48,32,36,77,86,82,41,73,93,27,27,41,84,91,73,100,86,91,95,45,23,95,41,30,30,77,45,36,32,89,48,80,77,59,80,86,91,32,45,52,82,91,48,32,36,77,86,82,41,68,95,27,27,41,93,95,77,100,Premiership
Celtic,dvnjvad3p09dugr79gktlrtll,clj0vy9st6zmjavz5yf8dbac4,C. Durán,Camilo Durán,24.0,Attacker,Colombia,Striker,11.0,37.0,48.0,6.0,6.0,0.0,1.0,5.0,5.0,7.0,0.0,142.0,2.0,11.0,3.0,0.0,1.0,1.0,2.0,1.0,0.0,1.0,2.0,0.0,1.0,81.36,50.0,0.0,40.0,33.33,58.33,50.0,100.0,0.529905364085212,0.1771427062380753,3.0,7.0,0.21631113,2.0,3.0,8.0,0.3859897,19.0,6.971830985915493,23.450704225352112,30.422535211267608,3.802816901408451,3.802816901408451,0.0,0.6338028169014085,3.1690140845070425,3.1690140845070425,4.436619718309859,0.0,1.267605633802817,6.971830985915493,1.9014084507042253,0.0,0.6338028169014085,0.6338028169014085,1.267605633802817,0.6338028169014085,0.0,0.6338028169014085,1.267605633802817,0.0,0.6338028169014085,81.36,50.0,0.0,40.0,33.33,58.33,50.0,100.0,0.3358555124483738,0.1122735462072308,1.9014084507042253,4.436619718309859,0.1370986035211267,1.267605633802817,1.9014084507042253,5.070422535211268,0.2446413591549295,12.042253521126762,RW,57,86,86,100,100,29,50,79,64,71,57,100,100,86,50,71,71,71,64,36,64,57,57,93,43,71,50,57,100,86,79,93,100,71,86,93,86,71,79,86,100,71,57,86,71,100,100,29,43,71,50,57,57,100,100,86,50,71,64,86,50,36,57,57,57,100,43,71,50,57,100,86,79,93,86,86,100,86,71,64,71,86,100,71,Premiership
Celtic,dvnjvad3p09dugr79gktlrtll,cx59kxpqiabi3c5vl9mxvlyhh,C. McGregor,Callum McGregor,33.0,Midfielder,Scotland,Midfielder,77.0,76.0,153.0,2.0,0.0,2.0,0.0,1.0,1.0,6.0,0.0,180.0,0.0,1.0,1.0,0.0,1.0,1.0,1.0,4.0,3.0,2.0,1.0,0.0,0.0,94.44,33.33,0.0,100.0,0.0,66.67,33.33,66.67,0.1584718141972332,0.0523764435273921,2.0,5.0,0.10575489,1.0,11.0,11.0,0.2745936399999998,84.0,38.5,38.0,76.5,1.0,0.0,1.0,0.0,0.5,0.5,3.0,0.0,0.0,0.5,0.5,0.0,0.5,0.5,0.5,2.0,1.5,1.0,0.5,0.0,0.0,94.44,33.33,0.0,100.0,0.0,66.67,33.33,66.67,0.0792359070986166,0.026188221763696,1.0,2.5,0.052877445,0.5,5.5,5.5,0.1372968199999999,42.0,DM/CM,95,91,95,57,23,80,32,27,27,7,48,41,36,16,39,25,34,48,80,66,32,45,52,50,95,45,39,86,41,89,41,59,64,45,86,82,73,55,89,91,77,100,100,95,100,50,23,80,32,14,14,5,48,41,32,14,39,23,20,43,77,59,20,34,52,50,95,45,39,86,41,89,41,59,64,45,89,77,77,52,82,84,73,100,Premiership
Celtic,dvnjvad3p09dugr79gktlrtll,epwfc94g7m7ed1nbt9wbgo6ei,A. Johnston,Alistair Johnston,27.0,Defender,Canada,Defender,24.0,48.0,72.0,0.0,0.0,0.0,0.0,0.0,1.0,6.0,0.0,135.0,0.0,4.0,2.0,0.0,3.0,1.0,1.0,7.0,2.0,3.0,0.0,0.0,0.0,85.71,50.0,0.0,0.0,0.0,66.67,50.0,100.0,0.0,0.089917688428189,0.0,4.0,0.10724009,2.0,12.0,7.0,0.25360042,44.0,16.0,32.0,48.0,0.0,0.0,0.0,0.0,0.0,0.6666666666666666,4.0,0.0,0.0,2.6666666666666665,1.3333333333333333,0.0,2.0,0.6666666666666666,0.6666666666666666,4.666666666666667,1.3333333333333333,2.0,0.0,0.0,0.0,85.71,50.0,0.0,0.0,0.0,66.67,50.0,100.0,0.0,0.0599451256187926,0.0,2.6666666666666665,0.0714933933333333,1.3333333333333333,8.0,4.666666666666667,0.1690669466666666,29.33333333333333,RB/RCB,57,100,86,21,21,46,29,25,57,14,54,50,71,54,32,64,18,61,50,50,79,32,43,54,86,82,32,32,50,79,64,89,25,71,50,93,86,82,100,93,100,93,71,100,100,21,21,46,29,25,64,32,54,50,86,68,32,68,21,68,57,71,79,32,43,54,86,82,32,32,50,79,64,89,25,71,50,93,86,86,100,100,100,100,Premiership
Celtic,dvnjvad3p09dugr79gktlrtll,mvn1u3p4yeecbjobvsuontp0,Yang Hyun-Jun,Hyun-Jun Yang,24.0,Attacker,Korea Republic,Striker,26.0,55.0,81.0,5.0,3.0,2.0,2.0,5.0,6.0,13.0,0.0,152.0,1.0,8.0,2.0,0.0,0.0,0.0,2.0,3.0,1.0,5.0,3.0,0.0,0.0,85.26,0.0,0.0,60.0,20.0,48.15,0.0,62.5,0.4395674714082359,0.148769739442303,3.0,5.0,0.12070942,4.0,6.0,12.0,0.3038957799999999,32.0,15.394736842105264,32.56578947368421,47.96052631578947,2.960526315789474,1.7763157894736843,1.1842105263157894,1.1842105263157894,2.960526315789474,3.5526315789473686,7.697368421052632,0.0,0.5921052631578947,4.7368421052631575,1.1842105263157894,0.0,0.0,0.0,1.1842105263157894,1.7763157894736843,0.5921052631578947,2.960526315789474,1.7763157894736843,0.0,0.0,85.26,0.0,0.0,60.0,20.0,48.15,0.0,62.5,0.2602702133338239,0.0880873457224162,1.7763157894736843,2.960526315789474,0.0714726828947368,2.3684210526315788,3.5526315789473686,7.105263157894737,0.1799382907894736,18.94736842105263,RW,100,100,100,86,71,93,86,79,86,100,57,79,64,57,50,36,29,71,100,79,100,86,57,43,100,36,50,86,71,71,29,57,71,57,86,57,43,100,100,100,86,100,86,100,100,57,71,86,86,57,71,100,57,86,57,57,50,36,29,71,100,71,100,71,57,43,100,36,50,86,71,71,29,57,71,57,86,57,43,100,100,100,71,86,Premiership
Dundee,g7em7tpuicehjy3wmsbimsee,19n65zzzqrvxdjkxv7hv61kyy,F. Robertson,Finlay Robertson,23.0,Midfielder,Scotland,Midfielder,11.0,19.0,26.0,0.0,0.0,0.0,0.0,2.0,2.0,8.0,0.0,100.0,0.0,3.0,1.0,4.0,2.0,3.0,4.0,0.0,0.0,2.0,2.0,0.0,0.0,60.47,28.57,40.0,100.0,0.0,66.67,60.0,100.0,0.0,0.3914523404068102,0.0,1.0,0.02756312,1.0,2.0,3.0,0.10819651,14.0,9.9,17.099999999999998,23.4,0.0,0.0,0.0,0.0,1.7999999999999998,1.7999999999999998,7.199999999999999,0.0,0.0,2.7,0.8999999999999999,3.6,1.7999999999999998,2.7,3.6,0.0,0.0,1.7999999999999998,1.7999999999999998,0.0,0.0,60.47,28.57,40.0,100.0,0.0,66.67,60.0,100.0,0.0,0.3523071063661291,0.0,0.8999999999999999,0.024806808,0.8999999999999999,1.7999999999999998,2.7,0.097376859,12.6,DM/CM,5,11,7,16,23,25,32,55,52,32,48,41,70,16,100,45,70,89,14,9,32,80,52,50,7,36,91,86,41,89,84,93,16,95,30,36,45,55,25,25,32,18,14,32,18,16,23,25,32,82,82,68,48,41,95,23,100,55,95,95,14,9,64,91,52,50,7,36,91,86,41,89,84,93,16,100,30,45,50,68,36,45,55,32,Premiership
Dundee,g7em7tpuicehjy3wmsbimsee,23s9kwgzvgh27d393ymk0006h,R. Astley,Ryan Astley,24.0,Defender,Wales,Defender,44.0,33.0,77.0,2.0,2.0,0.0,1.0,0.0,0.0,17.0,0.0,270.0,0.0,6.0,4.0,0.0,10.0,11.0,2.0,28.0,10.0,1.0,0.0,2.0,0.0,79.38,41.67,0.0,0.0,0.0,56.67,55.0,50.0,0.2436537548224184,0.278680476195821,0.0,0.0,0.0,0.0,6.0,11.0,0.16142935,43.0,14.666666666666666,11.0,25.666666666666668,0.6666666666666666,0.6666666666666666,0.0,0.3333333333333333,0.0,0.0,5.666666666666667,0.0,0.0,2.0,1.3333333333333333,0.0,3.333333333333333,3.6666666666666665,0.6666666666666666,9.333333333333334,3.333333333333333,0.3333333333333333,0.0,0.6666666666666666,0.0,79.38,41.67,0.0,0.0,0.0,56.67,55.0,50.0,0.0812179182741394,0.0928934920652736,0.0,0.0,0.0,0.0,2.0,3.6666666666666665,0.0538097833333333,14.333333333333334,RB/RCB,93,75,93,89,96,46,79,25,21,96,54,50,93,93,32,100,100,79,100,100,21,32,100,54,57,64,32,32,50,43,86,36,100,93,50,21,21,29,82,100,71,82,64,25,36,79,79,46,57,25,21,64,54,50,71,68,32,93,86,68,100,100,7,32,100,54,57,64,32,32,50,43,86,36,93,86,50,21,21,29,50,86,43,64,Premiership
Dundee,g7em7tpuicehjy3wmsbimsee,2ezi9zjj3pmt475woji11gi51,D. Wright,Drey Wright,31.0,Midfielder,England,Midfielder,27.0,25.0,51.0,2.0,1.0,1.0,1.0,2.0,3.0,14.0,1.0,260.0,1.0,1.0,4.0,1.0,6.0,7.0,1.0,12.0,6.0,3.0,0.0,0.0,0.0,61.45,26.09,25.0,0.0,50.0,66.67,87.5,100.0,0.1206359111976146,0.0901745487014725,1.0,4.0,0.0931513299999999,3.0,5.0,8.0,0.2388509699999999,30.0,9.346153846153848,8.653846153846153,17.653846153846153,0.6923076923076923,0.3461538461538461,0.3461538461538461,0.3461538461538461,0.6923076923076923,1.0384615384615383,4.846153846153846,0.3461538461538461,0.3461538461538461,0.3461538461538461,1.3846153846153846,0.3461538461538461,2.076923076923077,2.423076923076923,0.3461538461538461,4.153846153846154,2.076923076923077,1.0384615384615383,0.0,0.0,0.0,61.45,26.09,25.0,0.0,50.0,66.67,87.5,100.0,0.0417585846453281,0.031214266858202,0.3461538461538461,1.3846153846153846,0.0322446911538461,1.0384615384615383,1.7307692307692308,2.769230769230769,0.0826791819230769,10.384615384615383,DM/CM,27,27,27,57,61,59,77,55,68,77,98,86,36,84,84,89,100,48,100,95,61,14,52,50,14,32,77,14,89,89,100,93,55,50,64,70,68,86,45,73,73,43,9,5,9,41,59,50,77,45,50,32,95,86,27,50,82,59,91,36,100,86,27,14,52,50,14,32,77,14,89,89,100,93,45,50,59,55,59,73,32,50,45,27,Premiership
Dundee,g7em7tpuicehjy3wmsbimsee,2nxbbsjijt194xd9g1lkowqhg,J. Westley,Joe Westley,21.0,Attacker,England,Striker,14.0,15.0,29.0,7.0,5.0,2.0,3.0,3.0,3.0,6.0,1.0,260.0,2.0,10.0,1.0,0.0,0.0,4.0,0.0,6.0,0.0,0.0,1.0,0.0,0.0,74.36,0.0,0.0,33.33,28.57,14.63,14.29,0.0,0.7615955457777166,0.0,1.0,2.0,0.04984922,0.0,1.0,1.0,0.0477874,9.0,4.846153846153846,5.1923076923076925,10.038461538461538,2.423076923076923,1.7307692307692308,0.6923076923076923,1.0384615384615383,1.0384615384615383,1.0384615384615383,2.076923076923077,0.3461538461538461,0.6923076923076923,3.4615384615384617,0.3461538461538461,0.0,0.0,1.3846153846153846,0.0,2.076923076923077,0.0,0.0,0.3461538461538461,0.0,0.0,74.36,0.0,0.0,33.33,28.57,14.63,14.29,0.0,0.2636292273845942,0.0,0.3461538461538461,0.6923076923076923,0.0172554992307692,0.0,0.3461538461538461,0.3461538461538461,0.0165417923076923,3.1153846153846154,ST,79,62,77,94,83,87,92,71,69,38,79,71,67,27,33,31,77,8,96,35,21,60,50,37,69,31,33,54,33,8,27,21,85,10,73,52,46,23,54,46,27,63,54,15,31,54,52,62,77,46,42,15,65,35,27,8,33,31,58,8,81,35,21,46,50,37,69,31,33,54,33,8,27,21,58,10,62,31,31,23,46,27,27,38,Premiership
Dundee,g7em7tpuicehjy3wmsbimsee,45q4thlqd0d9hu4bb8us2ol0q,I. Odutayo,Idris Odutayo,23.0,Defender,England,Defender,37.0,22.0,59.0,0.0,0.0,0.0,0.0,2.0,2.0,12.0,0.0,270.0,0.0,0.0,3.0,0.0,0.0,7.0,1.0,17.0,4.0,1.0,1.0,0.0,0.0,65.56,0.0,0.0,50.0,0.0,50.0,46.67,100.0,0.0,0.0460079633344151,0.0,0.0,0.0,1.0,4.0,6.0,0.10413096,34.0,12.333333333333334,7.333333333333333,19.666666666666668,0.0,0.0,0.0,0.0,0.6666666666666666,0.6666666666666666,4.0,0.0,0.0,0.0,1.0,0.0,0.0,2.333333333333333,0.3333333333333333,5.666666666666667,1.3333333333333333,0.3333333333333333,0.3333333333333333,0.0,0.0,65.56,0.0,0.0,50.0,0.0,50.0,46.67,100.0,0.0,0.0153359877781383,0.0,0.0,0.0,0.3333333333333333,1.3333333333333333,2.0,0.0347103199999999,11.333333333333334,LB/LCB,79,57,71,32,43,39,43,50,50,68,50,43,18,79,25,7,96,46,100,100,39,57,54,43,29,7,25,64,43,39,43,96,36,50,50,29,29,57,57,61,43,64,36,21,14,32,43,39,43,36,36,36,50,43,18,64,25,7,71,36,64,79,29,43,54,43,29,7,25,64,43,39,43,96,36,43,50,29,29,57,50,43,43,50,Premiership
Dundee,g7em7tpuicehjy3wmsbimsee,4obzlvdnr5rtqv8x3yw19hxt6,C. Reilly,Charlie Reilly,24.0,Attacker,Scotland,Striker,10.0,17.0,24.0,4.0,2.0,2.0,1.0,2.0,2.0,7.0,0.0,170.0,0.0,4.0,5.0,3.0,1.0,1.0,3.0,5.0,1.0,0.0,1.0,0.0,0.0,70.59,50.0,17.65,50.0,0.0,58.33,0.0,0.0,0.2983443660221317,0.2039473545740295,0.0,2.0,0.06582853,0.0,4.0,4.0,0.09175138,11.0,5.294117647058823,9.0,12.705882352941178,2.117647058823529,1.0588235294117647,1.0588235294117647,0.5294117647058824,1.0588235294117647,1.0588235294117647,3.7058823529411766,0.0,0.0,2.117647058823529,2.647058823529412,1.5882352941176472,0.5294117647058824,0.5294117647058824,1.5882352941176472,2.647058823529412,0.5294117647058824,0.0,0.5294117647058824,0.0,0.0,70.59,50.0,17.65,50.0,0.0,58.33,0.0,0.0,0.1579470173058344,0.1079721288921332,0.0,1.0588235294117647,0.0348503982352941,0.0,2.117647058823529,2.117647058823529,0.04857426,5.823529411764706,ST,63,67,65,48,38,87,54,54,50,50,33,10,15,96,94,69,27,65,92,75,21,60,50,37,50,79,69,65,10,92,13,21,46,50,31,52,54,23,85,87,42,73,62,54,54,38,35,81,58,50,46,42,33,10,4,100,92,69,23,65,88,73,21,62,50,37,50,79,69,65,10,92,13,21,46,42,31,50,50,23,85,88,42,65,Premiership
Dundee,g7em7tpuicehjy3wmsbimsee,5abi92gsj9ceiv261x4jo7190,O. Bevan,Owen Bevan,22.0,Defender,Wales,Defender,78.0,13.0,91.0,3.0,3.0,0.0,0.0,1.0,1.0,20.0,1.0,270.0,2.0,6.0,0.0,0.0,6.0,17.0,1.0,31.0,8.0,3.0,0.0,0.0,0.0,78.45,35.29,0.0,0.0,66.67,57.14,60.71,100.0,0.4185978762157452,0.1329316057185764,1.0,0.0,0.0,0.0,3.0,5.0,0.1186831899999999,57.0,26.0,4.333333333333333,30.33333333333333,1.0,1.0,0.0,0.0,0.3333333333333333,0.3333333333333333,6.666666666666667,0.3333333333333333,0.6666666666666666,2.0,0.0,0.0,2.0,5.666666666666667,0.3333333333333333,10.333333333333334,2.6666666666666665,1.0,0.0,0.0,0.0,78.45,35.29,0.0,0.0,66.67,57.14,60.71,100.0,0.1395326254052483,0.0443105352395254,0.3333333333333333,0.0,0.0,0.0,1.0,1.6666666666666667,0.0395610633333333,19.0,CB,75,23,55,86,91,43,41,68,68,86,95,98,80,23,48,64,91,59,100,95,89,32,45,52,18,36,48,32,95,23,50,82,91,86,93,27,27,41,50,55,50,59,27,9,14,68,75,43,41,59,59,68,91,95,66,23,48,45,86,43,91,95,73,32,45,52,18,36,48,32,95,23,50,82,73,73,86,27,27,41,34,36,36,41,Premiership
Dundee,g7em7tpuicehjy3wmsbimsee,7d9la6gbbobi9yie2ejf9uj1l,E. Hamilton,Ethan Hamilton,27.0,Midfielder,Scotland,Midfielder,53.0,31.0,84.0,4.0,1.0,3.0,1.0,4.0,4.0,14.0,0.0,270.0,0.0,2.0,2.0,0.0,0.0,5.0,2.0,8.0,3.0,3.0,2.0,0.0,0.0,77.78,0.0,0.0,50.0,0.0,46.67,55.56,60.0,0.278418243557487,0.1745869748162147,2.0,1.0,0.01935132,0.0,2.0,3.0,0.14881497,24.0,17.666666666666668,10.333333333333334,28.0,1.3333333333333333,0.3333333333333333,1.0,0.3333333333333333,1.3333333333333333,1.3333333333333333,4.666666666666667,0.0,0.0,0.6666666666666666,0.6666666666666666,0.0,0.0,1.6666666666666667,0.6666666666666666,2.6666666666666665,1.0,1.0,0.6666666666666666,0.0,0.0,77.78,0.0,0.0,50.0,0.0,46.67,55.56,60.0,0.092806081185829,0.0581956582720715,0.6666666666666666,0.3333333333333333,0.00645044,0.0,0.6666666666666666,1.0,0.0496049899999999,8.0,DM/CM,86,41,68,93,61,95,77,86,84,77,48,41,59,34,39,9,93,70,95,66,61,80,52,50,23,9,39,45,41,23,77,41,86,73,86,36,36,23,25,25,41,34,41,18,23,70,48,80,66,64,61,25,48,41,45,18,39,9,77,59,86,43,20,61,52,50,23,9,39,45,41,23,77,41,73,59,68,27,27,23,18,23,27,18,Premiership
Dundee,g7em7tpuicehjy3wmsbimsee,9bwl8is56w0vq2g204xkfep78,J. Bevan,Joe Bevan,22.0,Midfielder,Scotland,Midfielder,8.0,22.0,29.0,8.0,7.0,1.0,1.0,12.0,12.0,12.0,1.0,225.0,3.0,13.0,0.0,1.0,0.0,4.0,2.0,2.0,2.0,5.0,3.0,0.0,1.0,60.42,0.0,14.29,25.0,37.5,41.38,66.67,100.0,0.6606983685068484,0.1712158400312357,5.0,5.0,0.11838638,4.0,3.0,6.0,0.16721201,18.0,3.2,8.8,11.6,3.2,2.8,0.4,0.4,4.8,4.8,4.8,0.4,1.2,5.2,0.0,0.4,0.0,1.6,0.8,0.8,0.8,2.0,1.2,0.0,0.4,60.42,0.0,14.29,25.0,37.5,41.38,66.67,100.0,0.2642793474027393,0.0684863360124942,2.0,2.0,0.047354552,1.6,1.2,2.4,0.0668848039999999,7.2,RM/RCM,17,67,17,100,100,83,75,100,100,67,92,100,100,25,92,17,83,83,42,75,83,67,58,100,17,17,83,67,83,33,92,92,100,83,100,100,100,100,67,75,83,50,17,33,17,100,100,83,67,83,83,50,83,100,100,25,83,17,83,83,33,50,67,67,58,100,17,17,83,67,83,33,92,92,100,83,100,100,100,100,67,67,83,50,Premiership
Dundee,g7em7tpuicehjy3wmsbimsee,f48c8vds4wpfu9wl7is4y3sgl,S. Murray,Simon Murray,34.0,Attacker,Scotland,Striker,7.0,9.0,16.0,1.0,1.0,0.0,0.0,0.0,1.0,4.0,0.0,125.0,1.0,3.0,2.0,0.0,0.0,1.0,2.0,1.0,0.0,1.0,0.0,0.0,0.0,80.0,0.0,0.0,0.0,100.0,33.33,25.0,100.0,0.1269165188013665,0.175256270028025,0.0,2.0,0.29256688,1.0,0.0,0.0,0.02233718,5.0,5.04,6.48,11.52,0.72,0.72,0.0,0.0,0.0,0.72,2.88,0.0,0.72,2.16,1.44,0.0,0.0,0.72,1.44,0.72,0.0,0.72,0.0,0.0,0.0,80.0,0.0,0.0,0.0,100.0,33.33,25.0,100.0,0.0913798935369838,0.126184514420178,0.0,1.44,0.2106481536,0.72,0.0,0.0,0.0160827696,3.6,ST,48,15,33,15,21,27,23,10,27,17,33,37,6,62,33,31,27,44,46,35,56,23,50,37,92,31,33,23,94,29,48,90,19,46,31,52,100,62,23,13,19,40,58,23,42,12,19,27,23,10,31,31,33,42,8,63,33,31,27,50,44,35,54,23,50,37,92,31,33,23,94,29,48,90,23,50,31,58,100,62,23,13,23,46,Premiership
Dundee,g7em7tpuicehjy3wmsbimsee,qf0thkiw5e7er4ldew9rrfh0,R. Finnigan,Ryan Finnigan,22.0,Midfielder,England,Midfielder,32.0,29.0,61.0,4.0,1.0,3.0,1.0,2.0,2.0,26.0,0.0,261.0,0.0,1.0,7.0,0.0,1.0,4.0,2.0,7.0,4.0,5.0,2.0,0.0,0.0,81.33,100.0,0.0,100.0,0.0,66.67,50.0,38.46,0.3613688667755642,0.1180067108383625,2.0,0.0,0.0,1.0,6.0,4.0,0.23556532,30.0,11.03448275862069,10.0,21.03448275862069,1.3793103448275863,0.3448275862068966,1.0344827586206895,0.3448275862068966,0.6896551724137931,0.6896551724137931,8.965517241379311,0.0,0.0,0.3448275862068966,2.413793103448276,0.0,0.3448275862068966,1.3793103448275863,0.6896551724137931,2.413793103448276,1.3793103448275863,1.7241379310344829,0.6896551724137931,0.0,0.0,81.33,100.0,0.0,100.0,0.0,66.67,50.0,38.46,0.1246099540605393,0.0406919692546077,0.6896551724137931,0.0,0.0,0.3448275862068966,2.0689655172413794,1.3793103448275863,0.0812294206896551,10.344827586206897,DM/CM,55,36,36,93,61,95,77,55,52,100,48,41,36,95,39,25,84,70,91,82,82,80,52,50,41,98,39,86,41,89,64,14,100,59,86,14,14,55,50,39,68,43,18,14,14,77,55,91,73,41,41,100,48,41,23,82,39,18,64,64,82,55,59,68,52,50,41,98,39,86,41,89,64,14,82,55,77,14,14,45,45,27,41,23,Premiership
Dundee,g7em7tpuicehjy3wmsbimsee,ucsmsk8k5wn69tdpz70ytyad,A. Forrest,Alan Forrest,29.0,Attacker,Scotland,Striker,8.0,14.0,20.0,2.0,1.0,1.0,0.0,5.0,7.0,8.0,0.0,103.0,1.0,3.0,1.0,2.0,0.0,0.0,4.0,4.0,2.0,2.0,2.0,0.0,1.0,64.52,0.0,50.0,40.0,50.0,38.1,0.0,40.0,0.1276205963559414,0.3133633070682837,1.0,4.0,0.19445299,1.0,0.0,1.0,0.19583324,10.0,6.990291262135923,12.233009708737864,17.475728155339805,1.7475728155339807,0.8737864077669903,0.8737864077669903,0.0,4.368932038834951,6.116504854368932,6.990291262135923,0.0,0.8737864077669903,2.621359223300971,0.8737864077669903,1.7475728155339807,0.0,0.0,3.4951456310679614,3.4951456310679614,1.7475728155339807,1.7475728155339807,1.7475728155339807,0.0,0.8737864077669903,64.52,0.0,50.0,40.0,50.0,38.1,0.0,40.0,0.111513142446939,0.2738125984091799,0.8737864077669903,3.4951456310679614,0.1699103796116504,0.8737864077669903,0.0,0.8737864077669903,0.1711164233009708,8.737864077669903,ST,56,56,48,27,21,63,23,85,90,62,33,37,6,27,85,31,12,83,88,92,83,83,50,83,31,31,90,58,71,50,13,46,23,81,73,90,92,62,23,46,73,69,69,77,65,27,29,73,23,96,96,88,33,60,23,37,96,31,12,85,96,100,96,92,50,92,31,31,90,58,71,50,13,46,27,92,85,96,96,75,23,58,81,85,Premiership
Dundee United,4qdzzur2cuuridyb0jso8mksi,2mcmtd938ghenrhl2j6wt15ux,M. Merghem,Mehdi Merghem,29.0,Attacker,Algeria,Striker,17.0,22.0,37.0,3.0,1.0,2.0,2.0,4.0,4.0,5.0,0.0,90.0,0.0,4.0,1.0,2.0,5.0,2.0,3.0,1.0,0.0,0.0,2.0,0.0,0.0,82.22,62.5,28.57,50.0,0.0,45.45,66.67,0.0,0.1875006403172547,0.2569347265923822,1.0,6.0,0.14117121,2.0,2.0,4.0,0.2304867599999999,19.0,17.0,22.0,37.0,3.0,1.0,2.0,2.0,4.0,4.0,5.0,0.0,0.0,4.0,1.0,2.0,5.0,2.0,3.0,1.0,0.0,0.0,2.0,0.0,0.0,82.22,62.5,28.57,50.0,0.0,45.45,66.67,0.0,0.1875006403172547,0.2569347265923822,1.0,6.0,0.14117121,2.0,2.0,4.0,0.2304867599999999,19.0,RW,86,57,57,43,36,93,86,50,43,29,57,36,36,21,100,100,100,100,64,36,29,57,57,43,57,86,100,71,36,43,100,29,43,100,50,71,71,71,50,57,71,71,100,71,86,71,43,100,100,86,86,71,57,36,43,29,100,100,100,100,86,36,29,86,57,43,57,86,100,71,36,43,100,29,43,100,57,100,100,86,86,71,86,100,Premiership
Dundee United,4qdzzur2cuuridyb0jso8mksi,2mlp8fydf5qodhl88jhylnk2y,D. Tait,Dylan Tait,24.0,Midfielder,Scotland,Midfielder,82.0,78.0,159.0,4.0,1.0,3.0,1.0,3.0,4.0,24.0,0.0,270.0,1.0,5.0,8.0,1.0,13.0,2.0,4.0,2.0,5.0,10.0,1.0,0.0,0.0,79.5,43.33,33.33,33.33,25.0,55.81,50.0,76.92,0.2757555367156908,0.2723089081483219,2.0,5.0,0.10628917,2.0,19.0,20.0,0.44339288,65.0,27.33333333333333,26.0,53.0,1.3333333333333333,0.3333333333333333,1.0,0.3333333333333333,1.0,1.3333333333333333,8.0,0.0,0.3333333333333333,1.6666666666666667,2.6666666666666665,0.3333333333333333,4.333333333333333,0.6666666666666666,1.3333333333333333,0.6666666666666666,1.6666666666666667,3.333333333333333,0.3333333333333333,0.0,0.0,79.5,43.33,33.33,33.33,25.0,55.81,50.0,76.92,0.0919185122385636,0.0907696360494406,0.6666666666666666,1.6666666666666667,0.0354297233333333,0.6666666666666666,6.333333333333333,6.666666666666667,0.1477976266666666,21.666666666666668,DM/CM,100,100,100,93,61,95,77,73,84,95,48,86,95,100,84,100,57,89,52,91,100,45,52,50,27,59,84,30,82,59,64,82,82,86,86,82,82,73,100,100,100,91,82,77,77,70,48,80,66,52,61,84,48,82,68,86,77,95,41,80,41,73,91,27,52,50,27,59,84,30,82,59,64,82,68,68,68,73,68,64,91,100,77,50,Premiership
Dundee United,4qdzzur2cuuridyb0jso8mksi,2wvwvhtzwgg975e5b0xqphbmc,D. Bennie,Daniel Bennie,20.0,Attacker,Australia,Striker,5.0,23.0,28.0,4.0,2.0,2.0,1.0,3.0,3.0,11.0,0.0,125.0,0.0,10.0,2.0,0.0,2.0,5.0,5.0,1.0,0.0,2.0,2.0,0.0,0.0,73.68,100.0,0.0,66.67,0.0,44.0,50.0,100.0,0.3829421851437261,0.3682675451331,2.0,3.0,0.07739942,3.0,2.0,4.0,0.08686168,12.0,3.6,16.560000000000002,20.16,2.88,1.44,1.44,0.72,2.16,2.16,7.92,0.0,0.0,7.2,1.44,0.0,1.44,3.6,3.6,0.72,0.0,1.44,1.44,0.0,0.0,73.68,100.0,0.0,66.67,0.0,44.0,50.0,100.0,0.2757183733034828,0.265152632495832,1.44,2.16,0.0557275823999999,2.16,1.44,2.88,0.0625404096,8.64,ST,37,81,73,48,38,87,54,71,69,85,33,10,67,62,33,88,85,92,46,35,83,83,50,37,58,100,33,79,10,73,88,90,50,88,94,77,65,90,69,87,38,77,38,88,81,65,38,92,62,77,73,92,33,10,81,63,33,96,88,90,44,35,85,85,50,37,58,100,33,79,10,73,88,90,62,85,96,81,65,92,69,92,50,81,Premiership
Dundee United,4qdzzur2cuuridyb0jso8mksi,33kmvqsctqwkosi4o2lumxap6,B. Esselink,Bert Esselink,27.0,Defender,Netherlands,Defender,98.0,51.0,149.0,4.0,3.0,1.0,1.0,2.0,2.0,19.0,0.0,242.0,1.0,7.0,2.0,0.0,9.0,12.0,0.0,23.0,5.0,2.0,2.0,0.0,0.0,91.98,90.0,0.0,100.0,25.0,57.58,50.0,66.67,0.4099475028526219,0.0,0.0,1.0,0.01689528,0.0,11.0,15.0,0.27326974,101.0,36.446280991735534,18.966942148760328,55.413223140495866,1.487603305785124,1.1157024793388428,0.371900826446281,0.371900826446281,0.743801652892562,0.743801652892562,7.066115702479339,0.0,0.371900826446281,2.603305785123967,0.743801652892562,0.0,3.3471074380165287,4.462809917355371,0.0,8.553719008264462,1.8595041322314048,0.743801652892562,0.743801652892562,0.0,0.0,91.98,90.0,0.0,100.0,25.0,57.58,50.0,66.67,0.1524598151104792,0.0,0.0,0.371900826446281,0.0062833685950413,0.0,4.090909090909091,5.578512396694214,0.1016292421487603,37.56198347107438,CB,82,91,86,98,91,93,91,84,84,82,45,82,89,89,48,82,82,20,89,86,73,91,45,52,86,100,48,91,73,27,34,52,86,27,43,64,64,41,93,100,77,91,64,68,73,86,86,86,82,77,77,73,45,73,77,64,48,73,64,20,68,77,55,82,45,52,86,100,48,91,73,27,34,52,82,27,43,59,55,41,82,91,68,86,Premiership
Dundee United,4qdzzur2cuuridyb0jso8mksi,4i81y9jhkouk3zmd03gjp1gx5,W. Ferry,Will Ferry,25.0,Midfielder,Republic of Ireland,Midfielder,39.0,40.0,76.0,1.0,1.0,0.0,1.0,7.0,8.0,24.0,0.0,270.0,0.0,2.0,6.0,3.0,9.0,5.0,5.0,14.0,7.0,7.0,4.0,0.0,0.0,73.08,37.5,15.0,57.14,0.0,70.59,71.43,77.78,0.0481394718721017,0.5940101629435116,0.0,4.0,0.07726418,2.0,12.0,14.0,0.40059486,32.0,13.0,13.333333333333334,25.33333333333333,0.3333333333333333,0.3333333333333333,0.0,0.3333333333333333,2.333333333333333,2.6666666666666665,8.0,0.0,0.0,0.6666666666666666,2.0,1.0,3.0,1.6666666666666667,1.6666666666666667,4.666666666666667,2.333333333333333,2.333333333333333,1.3333333333333333,0.0,0.0,73.08,37.5,15.0,57.14,0.0,70.59,71.43,77.78,0.0160464906240339,0.1980033876478372,0.0,1.3333333333333333,0.0257547266666666,0.6666666666666666,4.0,4.666666666666667,0.13353162,10.666666666666666,LM/LCM,100,100,100,50,100,33,67,100,100,100,67,67,67,100,100,100,100,100,100,100,100,83,67,67,67,100,67,67,67,100,100,67,67,100,33,100,100,67,100,100,100,100,100,67,100,33,100,33,67,33,67,100,67,67,67,100,100,100,67,100,100,100,100,67,67,67,67,100,67,67,67,100,100,67,33,100,33,67,33,33,100,100,67,100,Premiership
Dundee United,4qdzzur2cuuridyb0jso8mksi,5qwergu94zpb6wglhk008qbro,I. Metsoko,Idjessi Metsoko,24.0,Attacker,France,Striker,10.0,11.0,21.0,1.0,1.0,0.0,0.0,1.0,1.0,7.0,0.0,103.0,1.0,4.0,1.0,0.0,0.0,5.0,1.0,0.0,0.0,1.0,0.0,0.0,0.0,77.78,0.0,0.0,0.0,100.0,46.67,45.45,100.0,0.0,0.0814900849191803,0.0,2.0,0.04382219,1.0,0.0,0.0,0.0144285199999999,3.0,8.737864077669903,9.611650485436892,18.3495145631068,0.8737864077669903,0.8737864077669903,0.0,0.0,0.8737864077669903,0.8737864077669903,6.116504854368932,0.0,0.8737864077669903,3.4951456310679614,0.8737864077669903,0.0,0.0,4.368932038834951,0.8737864077669903,0.0,0.0,0.8737864077669903,0.0,0.0,0.0,77.78,0.0,0.0,0.0,100.0,46.67,45.45,100.0,0.0,0.0712049285701575,0.0,1.7475728155339807,0.0382912339805825,0.8737864077669903,0.0,0.0,0.012607444660194,2.621359223300971,ST,63,35,56,15,21,27,23,31,27,50,33,37,15,27,33,31,85,23,19,35,56,23,50,37,85,31,33,23,94,77,77,90,8,19,31,52,38,62,23,13,8,17,92,62,69,19,29,27,23,38,35,81,33,60,31,37,33,31,92,27,19,35,69,23,50,37,85,31,33,23,94,77,77,90,8,23,31,73,58,75,23,13,12,27,Premiership
Dundee United,4qdzzur2cuuridyb0jso8mksi,5vdl6vrqi5zfv3ur364yzv85w,E. Agyei,Emmanuel Agyei,21.0,Midfielder,Ghana,Midfielder,12.0,14.0,26.0,3.0,2.0,1.0,2.0,4.0,4.0,13.0,0.0,135.0,0.0,5.0,2.0,0.0,0.0,5.0,0.0,1.0,3.0,2.0,2.0,0.0,0.0,60.47,0.0,0.0,50.0,0.0,52.0,45.45,50.0,0.0,0.0,0.0,0.0,0.0,0.0,0.0,0.0,0.0,0.0,8.0,9.333333333333334,17.333333333333332,2.0,1.3333333333333333,0.6666666666666666,1.3333333333333333,2.6666666666666665,2.6666666666666665,8.666666666666666,0.0,0.0,3.333333333333333,1.3333333333333333,0.0,0.0,3.333333333333333,0.0,0.6666666666666666,2.0,1.3333333333333333,1.3333333333333333,0.0,0.0,60.47,0.0,0.0,50.0,0.0,52.0,45.45,50.0,0.0,0.0,0.0,0.0,0.0,0.0,0.0,0.0,0.0,0.0,DM/CM,9,5,7,77,91,59,95,86,84,66,48,41,95,34,39,9,93,18,36,66,32,80,52,50,7,9,39,45,41,39,50,25,16,20,30,14,14,23,9,11,9,9,5,9,5,93,93,61,95,91,91,95,48,41,100,43,39,9,100,18,41,80,39,86,52,50,7,9,39,45,41,39,50,25,16,20,30,14,14,23,9,11,9,9,Premiership
Dundee United,4qdzzur2cuuridyb0jso8mksi,683w7bqk233kdcznry98ld23t,Panutche Camará,Panutche Amadu Pereira Camará,29.0,Midfielder,Guinea-Bissau,Midfielder,38.0,40.0,78.0,0.0,0.0,0.0,0.0,5.0,5.0,9.0,0.0,120.0,0.0,1.0,0.0,0.0,3.0,0.0,5.0,0.0,0.0,5.0,4.0,0.0,0.0,90.7,75.0,0.0,80.0,0.0,37.5,0.0,100.0,0.0,0.3635808280721067,0.0,4.0,0.10622861,2.0,3.0,6.0,0.17069073,37.0,28.5,30.0,58.5,0.0,0.0,0.0,0.0,3.75,3.75,6.75,0.0,0.0,0.75,0.0,0.0,2.25,0.0,3.75,0.0,0.0,3.75,3.0,0.0,0.0,90.7,75.0,0.0,80.0,0.0,37.5,0.0,100.0,0.0,0.27268562105408,0.0,3.0,0.0796714575,1.5,2.25,4.5,0.1280180475,27.75,DM/CM,61,64,64,16,23,25,32,95,95,43,48,41,36,7,39,59,9,98,14,9,82,95,52,50,82,86,39,68,41,5,16,93,16,91,30,70,77,73,39,55,50,52,86,91,86,16,23,25,32,95,95,50,48,41,50,7,39,68,9,100,14,9,100,100,52,50,82,86,39,68,41,5,16,93,16,95,30,82,91,77,50,68,64,82,Premiership
Dundee United,4qdzzur2cuuridyb0jso8mksi,7dv9tspzacsct8m47j0j970bu,V. Ševelj,Vicko Sevelj,25.0,Defender,Croatia,Defender,48.0,60.0,106.0,3.0,2.0,1.0,1.0,5.0,5.0,22.0,0.0,240.0,1.0,7.0,2.0,2.0,11.0,6.0,2.0,10.0,10.0,6.0,4.0,0.0,0.0,77.94,61.11,33.33,80.0,33.33,66.67,60.0,54.55,0.2503257364269809,0.2434136990204021,1.0,3.0,0.0547923,2.0,11.0,13.0,0.53175049,51.0,18.0,22.5,39.75,1.125,0.75,0.375,0.375,1.875,1.875,8.25,0.0,0.375,2.625,0.75,0.75,4.125,2.25,0.75,3.75,3.75,2.25,1.5,0.0,0.0,77.94,61.11,33.33,80.0,33.33,66.67,60.0,54.55,0.0938721511601178,0.0912801371326507,0.375,1.125,0.0205471125,0.75,4.125,4.875,0.19940643375,19.125,CB,36,100,75,86,75,93,91,100,100,91,45,82,89,89,98,93,59,89,52,100,100,100,45,52,14,82,95,77,80,57,43,45,73,95,93,91,91,95,93,95,95,50,18,82,32,77,64,91,86,95,95,82,45,77,82,68,95,86,32,82,14,100,95,95,45,52,14,82,95,77,80,57,43,45,64,95,91,82,77,95,86,77,91,45,Premiership
Dundee United,4qdzzur2cuuridyb0jso8mksi,84isfq4ix06ebaf7a7jcvd9wq,J. Rawlins,Joshua Rawlins,22.0,Defender,Australia,Defender,15.0,22.0,37.0,1.0,1.0,0.0,1.0,0.0,0.0,5.0,0.0,180.0,0.0,1.0,1.0,0.0,3.0,2.0,0.0,9.0,2.0,2.0,0.0,1.0,0.0,72.55,42.86,0.0,0.0,0.0,55.56,50.0,100.0,0.078526863510233,0.0,0.0,1.0,0.01685596,0.0,2.0,2.0,0.03687993,9.0,7.5,11.0,18.5,0.5,0.5,0.0,0.5,0.0,0.0,2.5,0.0,0.0,0.5,0.5,0.0,1.5,1.0,0.0,4.5,1.0,1.0,0.0,0.5,0.0,72.55,42.86,0.0,0.0,0.0,55.56,50.0,100.0,0.0392634317551165,0.0,0.0,0.5,0.00842798,0.0,1.0,1.0,0.018439965,4.5,RB/RCB,29,32,25,61,64,46,79,25,21,7,54,50,29,25,32,64,50,29,64,50,54,32,89,54,21,71,32,32,50,36,64,89,71,36,50,50,43,29,36,36,36,36,14,25,14,50,50,46,68,25,21,7,54,50,25,18,32,50,39,29,50,36,50,32,86,54,21,71,32,32,50,36,64,89,57,36,50,50,43,29,36,36,36,36,Premiership
Dundee United,4qdzzur2cuuridyb0jso8mksi,906itj33c7nzyzhkvxswvaxas,L. Rose,Lachlan Rose,27.0,Attacker,Australia,Striker,3.0,10.0,13.0,6.0,4.0,2.0,4.0,3.0,3.0,3.0,1.0,152.0,1.0,11.0,0.0,0.0,0.0,3.0,2.0,0.0,0.0,0.0,0.0,0.0,0.0,61.9,0.0,0.0,0.0,16.67,12.5,18.75,0.0,0.7448358933416613,0.1283318192188779,1.0,1.0,0.02385149,2.0,0.0,1.0,0.0172941699999999,4.0,1.7763157894736843,5.921052631578948,7.697368421052632,3.5526315789473686,2.3684210526315788,1.1842105263157894,2.3684210526315788,1.7763157894736843,1.7763157894736843,1.7763157894736843,0.5921052631578947,0.5921052631578947,6.5131578947368425,0.0,0.0,0.0,1.7763157894736843,1.1842105263157894,0.0,0.0,0.0,0.0,0.0,0.0,61.9,0.0,0.0,0.0,16.67,12.5,18.75,0.0,0.44102125263651,0.075985945590125,0.5921052631578947,0.5921052631578947,0.0141225927631578,1.1842105263157894,0.0,0.5921052631578947,0.0102399690789473,2.3684210526315788,ST,21,29,21,83,67,87,100,71,69,10,79,37,79,4,33,31,69,44,19,35,21,23,50,37,21,31,33,23,21,4,31,21,81,35,73,29,29,83,23,46,12,29,12,19,15,85,73,85,100,69,65,8,88,27,73,4,33,31,69,38,19,35,21,23,50,37,21,31,33,23,21,4,31,21,85,31,73,27,23,81,23,42,8,23,Premiership
Dundee United,4qdzzur2cuuridyb0jso8mksi,c3hzkxxmd1p7v7fn6ctxbngiy,J. Randall,Jesse Randall,24.0,Attacker,New Zealand,Striker,11.0,18.0,26.0,5.0,4.0,1.0,1.0,10.0,10.0,13.0,0.0,208.0,2.0,13.0,4.0,3.0,2.0,2.0,3.0,2.0,2.0,2.0,3.0,0.0,1.0,65.0,33.33,21.43,30.0,40.0,43.33,40.0,50.0,0.4371348202778617,0.3798536208417372,1.0,2.0,0.07059961,1.0,0.0,1.0,0.52942336,8.0,4.759615384615385,7.788461538461539,11.250000000000002,2.1634615384615388,1.7307692307692308,0.4326923076923077,0.4326923076923077,4.3269230769230775,4.3269230769230775,5.625000000000001,0.0,0.8653846153846154,5.625000000000001,1.7307692307692308,1.2980769230769231,0.8653846153846154,0.8653846153846154,1.2980769230769231,0.8653846153846154,0.8653846153846154,0.8653846153846154,1.2980769230769231,0.0,0.4326923076923077,65.0,33.33,21.43,30.0,40.0,43.33,40.0,50.0,0.1891448741586902,0.1643597397872901,0.4326923076923077,0.8653846153846154,0.0305479081730769,0.4326923076923077,0.0,0.4326923076923077,0.2290774153846154,3.4615384615384617,ST,69,73,69,67,67,63,54,96,96,96,33,71,87,88,94,88,48,65,63,92,83,94,50,83,35,67,73,50,54,69,65,58,54,92,73,52,58,62,23,46,100,56,50,38,38,46,52,54,46,92,88,54,33,54,62,77,85,81,31,46,54,77,65,81,50,73,35,67,73,50,54,69,65,58,50,73,65,38,42,46,23,31,92,42,Premiership
Dundee United,4qdzzur2cuuridyb0jso8mksi,dibzzrnilocouody8wf130fmc,M. Forbes,Michael Forbes,22.0,Defender,Northern Ireland,Defender,117.0,40.0,157.0,2.0,2.0,0.0,0.0,0.0,0.0,33.0,0.0,270.0,0.0,8.0,2.0,0.0,10.0,28.0,1.0,26.0,6.0,3.0,0.0,0.0,0.0,85.33,41.67,0.0,0.0,0.0,64.71,65.12,100.0,0.2199028577296674,0.1401421836940816,0.0,1.0,0.04066992,1.0,6.0,10.0,0.3616497199999997,102.0,39.0,13.333333333333334,52.333333333333336,0.6666666666666666,0.6666666666666666,0.0,0.0,0.0,0.0,11.0,0.0,0.0,2.6666666666666665,0.6666666666666666,0.0,3.333333333333333,9.333333333333334,0.3333333333333333,8.666666666666666,2.0,1.0,0.0,0.0,0.0,85.33,41.67,0.0,0.0,0.0,64.71,65.12,100.0,0.0733009525765557,0.0467140612313605,0.0,0.3333333333333333,0.01355664,0.3333333333333333,2.0,3.333333333333333,0.1205499066666665,34.0,CB,100,73,91,70,75,43,41,30,30,100,45,36,98,89,48,86,100,59,95,91,89,32,45,52,59,41,48,32,36,50,55,82,68,91,43,64,77,86,70,77,91,95,68,45,64,59,59,43,41,30,30,95,45,36,86,59,48,68,95,43,73,86,73,32,45,52,59,41,48,32,36,50,55,82,59,77,43,55,68,82,52,59,82,77,Premiership
Dundee United,4qdzzur2cuuridyb0jso8mksi,v9xcxlic45xllm9t5gvxf1ii,Z. Sapsford,Zachary Sapsford,24.0,Midfielder,Australia,Midfielder,5.0,21.0,25.0,4.0,4.0,0.0,1.0,5.0,5.0,9.0,0.0,152.0,0.0,12.0,3.0,1.0,0.0,3.0,5.0,1.0,2.0,1.0,2.0,0.0,0.0,64.1,0.0,33.33,40.0,0.0,36.0,30.0,100.0,0.3282119443378174,0.3063039637953088,2.0,3.0,0.08792541,0.0,4.0,4.0,0.3351951,12.0,2.960526315789474,12.43421052631579,14.802631578947368,2.3684210526315788,2.3684210526315788,0.0,0.5921052631578947,2.960526315789474,2.960526315789474,5.328947368421052,0.0,0.0,7.105263157894737,1.7763157894736843,0.5921052631578947,0.0,1.7763157894736843,2.960526315789474,0.5921052631578947,1.1842105263157894,0.5921052631578947,1.1842105263157894,0.0,0.0,64.1,0.0,33.33,40.0,0.0,36.0,30.0,100.0,0.1943360196737076,0.1813641890893275,1.1842105263157894,1.7763157894736843,0.0520610980263157,0.0,2.3684210526315788,2.3684210526315788,0.1984707828947368,7.105263157894737,CM/AM,11,22,11,72,89,28,61,83,83,83,39,22,100,78,50,11,89,94,17,83,50,78,56,56,11,11,83,61,22,22,56,94,56,56,78,78,78,22,28,28,78,22,11,11,11,78,89,28,61,89,89,100,39,22,89,78,56,11,100,89,17,89,50,89,56,56,11,11,83,61,22,22,56,94,67,78,83,78,78,22,28,33,78,22,Premiership
Falkirk,1pq8av8ecx28pshgtpkdj36nt,1xfip5eeswsdq2xc6t370w3kk,F. Barbrook,Finley Barbrook,21.0,Midfielder,England,Midfielder,16.0,24.0,40.0,2.0,2.0,0.0,1.0,1.0,1.0,7.0,0.0,90.0,0.0,2.0,3.0,0.0,1.0,1.0,1.0,0.0,1.0,2.0,0.0,0.0,0.0,86.96,25.0,0.0,0.0,0.0,53.85,0.0,66.67,0.2498795642301842,0.0975071722649036,0.0,0.0,0.0,0.0,2.0,0.0,0.0361016,16.0,16.0,24.0,40.0,2.0,2.0,0.0,1.0,1.0,1.0,7.0,0.0,0.0,2.0,3.0,0.0,1.0,1.0,1.0,0.0,1.0,2.0,0.0,0.0,0.0,86.96,25.0,0.0,0.0,0.0,53.85,0.0,66.67,0.2498795642301842,0.0975071722649036,0.0,0.0,0.0,0.0,2.0,0.0,0.0361016,16.0,DM/CM,14,18,16,57,91,25,77,27,27,18,48,41,59,64,39,25,34,48,14,30,32,14,52,50,64,23,39,14,41,55,16,59,73,55,30,14,14,23,25,11,18,23,27,68,48,93,100,25,91,52,45,64,48,41,75,93,39,39,55,68,14,43,70,14,52,50,64,23,39,14,41,55,16,59,100,73,30,14,14,23,41,11,18,41,Premiership
Falkirk,1pq8av8ecx28pshgtpkdj36nt,29esjzxfxu8drcog8en5ytkdm,E. Ross,Ethan Ross,25.0,Attacker,Scotland,Striker,6.0,11.0,16.0,6.0,1.0,5.0,3.0,10.0,10.0,13.0,0.0,110.0,1.0,6.0,4.0,1.0,3.0,0.0,0.0,1.0,1.0,3.0,4.0,0.0,0.0,80.0,75.0,33.33,40.0,16.67,48.15,0.0,60.0,0.4970168440976497,0.0,5.0,4.0,0.09058538,1.0,2.0,1.0,0.0584126799999999,5.0,4.909090909090908,9.0,13.09090909090909,4.909090909090908,0.8181818181818181,4.090909090909091,2.454545454545454,8.181818181818182,8.181818181818182,10.636363636363637,0.0,0.8181818181818181,4.909090909090908,3.2727272727272725,0.8181818181818181,2.454545454545454,0.0,0.0,0.8181818181818181,0.8181818181818181,2.454545454545454,3.2727272727272725,0.0,0.0,80.0,75.0,33.33,40.0,16.67,48.15,0.0,60.0,0.4066501451708042,0.0,4.090909090909091,3.2727272727272725,0.0741153109090909,0.8181818181818181,1.6363636363636362,0.8181818181818181,0.0477921927272726,4.090909090909091,LW,33,33,33,100,83,100,100,100,100,100,67,83,67,100,67,100,67,33,67,67,83,100,67,67,100,100,100,100,67,100,67,83,100,33,100,100,67,67,33,33,33,33,33,33,33,100,100,100,100,100,100,100,67,100,100,100,67,100,67,33,67,67,100,100,67,67,100,100,100,100,67,100,67,83,100,33,100,100,67,67,33,33,33,33,Premiership
Falkirk,1pq8av8ecx28pshgtpkdj36nt,3jyid2g273zr668fxeeplegnp,R. Strain,Ryan Strain,29.0,Defender,Australia,Defender,39.0,44.0,79.0,1.0,1.0,0.0,1.0,3.0,3.0,17.0,0.0,180.0,0.0,8.0,7.0,4.0,9.0,6.0,3.0,4.0,2.0,4.0,1.0,0.0,0.0,83.16,64.29,28.57,33.33,0.0,62.96,0.0,80.0,0.0700487364318594,0.2734004381309054,0.0,7.0,0.19232025,5.0,5.0,5.0,0.1884544,32.0,19.5,22.0,39.5,0.5,0.5,0.0,0.5,1.5,1.5,8.5,0.0,0.0,4.0,3.5,2.0,4.5,3.0,1.5,2.0,1.0,2.0,0.5,0.0,0.0,83.16,64.29,28.57,33.33,0.0,62.96,0.0,80.0,0.0350243682159297,0.1367002190654527,0.0,3.5,0.096160125,2.5,2.5,2.5,0.0942272,16.0,RB/RCB,86,93,100,61,64,46,79,93,93,96,54,50,100,100,100,93,79,96,7,50,96,75,43,54,71,93,75,64,50,71,7,68,64,86,50,100,100,100,68,61,79,71,86,86,93,50,50,46,68,93,93,93,54,50,93,100,96,100,79,86,7,36,79,71,43,54,71,93,75,64,50,71,7,68,50,93,50,100,93,100,57,50,71,79,Premiership
Falkirk,1pq8av8ecx28pshgtpkdj36nt,3wqtz6lddzxrp93xcvuu9bi09,R. MacIver,Ross MacIver,27.0,Attacker,Scotland,Striker,2.0,12.0,13.0,1.0,0.0,1.0,0.0,0.0,0.0,6.0,0.0,92.0,0.0,10.0,1.0,1.0,0.0,2.0,1.0,0.0,1.0,2.0,0.0,0.0,0.0,68.42,0.0,50.0,0.0,0.0,40.0,25.0,66.67,0.0779181369728372,0.0906912117599586,0.0,0.0,0.0,0.0,2.0,1.0,0.1327371,5.0,1.956521739130435,11.73913043478261,12.717391304347828,0.9782608695652176,0.0,0.9782608695652176,0.0,0.0,0.0,5.869565217391305,0.0,0.0,9.782608695652174,0.9782608695652176,0.9782608695652176,0.0,1.956521739130435,0.9782608695652176,0.0,0.9782608695652176,1.956521739130435,0.0,0.0,0.0,68.42,0.0,50.0,0.0,0.0,40.0,25.0,66.67,0.0762242644299494,0.0887196636782203,0.0,0.0,0.0,0.0,1.956521739130435,0.9782608695652176,0.1298515108695652,4.891304347826087,ST,12,40,21,15,6,63,23,10,8,38,33,10,67,27,71,31,48,23,19,75,83,23,50,37,38,31,90,23,10,63,48,71,15,23,31,12,12,23,69,46,58,40,15,69,58,23,6,77,23,10,8,69,33,10,88,42,73,31,73,31,19,81,100,23,50,37,38,31,90,23,10,63,48,71,15,38,31,12,12,23,77,65,73,62,Premiership
Falkirk,1pq8av8ecx28pshgtpkdj36nt,59uahiztn1qxczy3vqf4wivze,L. McCann,Leon McCann,26.0,Defender,Scotland,Defender,12.0,13.0,23.0,0.0,0.0,0.0,0.0,4.0,5.0,12.0,0.0,101.0,0.0,0.0,5.0,2.0,1.0,1.0,0.0,3.0,1.0,3.0,2.0,0.0,0.0,63.89,25.0,50.0,50.0,0.0,63.16,33.33,75.0,0.0,0.0,0.0,0.0,0.0,0.0,0.0,0.0,0.0,0.0,10.693069306930694,11.584158415841584,20.495049504950494,0.0,0.0,0.0,0.0,3.5643564356435644,4.455445544554456,10.693069306930694,0.0,0.0,0.0,4.455445544554456,1.7821782178217822,0.8910891089108911,0.8910891089108911,0.0,2.6732673267326734,0.8910891089108911,2.6732673267326734,1.7821782178217822,0.0,0.0,63.89,25.0,50.0,50.0,0.0,63.16,33.33,75.0,0.0,0.0,0.0,0.0,0.0,0.0,0.0,0.0,0.0,0.0,LB/LCB,18,29,14,32,43,39,43,71,86,68,50,43,18,93,64,18,32,18,21,43,75,79,54,43,7,14,89,64,43,64,32,79,36,21,50,29,29,29,21,21,21,21,14,43,21,32,43,39,43,86,93,100,50,43,18,100,79,14,21,18,29,50,93,93,54,43,7,14,89,64,43,64,32,79,36,21,50,29,29,29,21,21,21,21,Premiership
Falkirk,1pq8av8ecx28pshgtpkdj36nt,9c0qb9xsb68z3jpufdh0u6mdx,L. Henderson,Liam Henderson,30.0,Defender,Scotland,Defender,64.0,44.0,106.0,1.0,1.0,0.0,1.0,1.0,1.0,10.0,0.0,180.0,0.0,4.0,2.0,2.0,11.0,4.0,1.0,10.0,4.0,2.0,1.0,1.0,0.0,81.54,42.31,66.67,100.0,0.0,52.63,80.0,66.67,0.1396633411861728,0.0476088308352502,0.0,2.0,0.04888404,1.0,14.0,11.0,0.3616362899999999,67.0,32.0,22.0,53.0,0.5,0.5,0.0,0.5,0.5,0.5,5.0,0.0,0.0,2.0,1.0,1.0,5.5,2.0,0.5,5.0,2.0,1.0,0.5,0.5,0.0,81.54,42.31,66.67,100.0,0.0,52.63,80.0,66.67,0.0698316705930864,0.0238044154176251,0.0,1.0,0.02444202,0.5,7.0,5.5,0.1808181449999999,33.5,CB,52,77,75,50,55,43,91,68,68,66,45,36,68,89,98,93,30,59,52,80,73,73,93,52,27,45,100,91,36,18,73,52,59,64,43,82,86,86,100,84,86,77,48,77,68,45,48,43,95,68,68,43,45,36,66,89,100,91,23,59,36,86,73,68,91,52,27,45,100,91,36,18,73,52,55,64,43,75,82,86,100,84,86,73,Premiership
Falkirk,1pq8av8ecx28pshgtpkdj36nt,9cvr2kc3qaunrrjl1jyfeaihg,A. Doherty,Aodhan Doherty,20.0,Attacker,Northern Ireland,Striker,4.0,20.0,24.0,0.0,0.0,0.0,0.0,3.0,3.0,3.0,0.0,99.0,0.0,3.0,2.0,0.0,0.0,0.0,1.0,0.0,1.0,0.0,0.0,0.0,0.0,77.42,0.0,0.0,0.0,0.0,18.75,0.0,0.0,0.0,0.0383885679575997,0.0,0.0,0.0,0.0,2.0,3.0,0.0395179899999999,9.0,3.636363636363636,18.18181818181818,21.818181818181817,0.0,0.0,0.0,0.0,2.727272727272727,2.727272727272727,2.727272727272727,0.0,0.0,2.727272727272727,1.818181818181818,0.0,0.0,0.0,0.9090909090909092,0.0,0.9090909090909092,0.0,0.0,0.0,0.0,77.42,0.0,0.0,0.0,0.0,18.75,0.0,0.0,0.0,0.0348986981432724,0.0,0.0,0.0,0.0,1.818181818181818,2.727272727272727,0.0359254454545453,8.181818181818182,RW,36,43,43,14,14,29,21,29,29,14,57,36,14,57,50,36,29,36,21,79,29,21,57,43,29,36,50,21,36,14,29,29,14,29,21,21,21,29,50,43,43,43,43,57,43,14,14,29,21,43,29,14,57,36,14,71,50,36,29,43,21,86,29,21,57,43,29,36,50,21,36,14,29,29,14,29,21,21,21,29,57,43,43,43,Premiership
Falkirk,1pq8av8ecx28pshgtpkdj36nt,aqgrddi0lgqphjeksr0rkd0ph,C. Sibbald,Craig Sibbald,31.0,Midfielder,Scotland,Midfielder,31.0,36.0,67.0,3.0,2.0,1.0,3.0,1.0,1.0,7.0,0.0,135.0,0.0,4.0,2.0,0.0,4.0,0.0,2.0,1.0,1.0,2.0,1.0,0.0,0.0,80.72,33.33,0.0,100.0,0.0,50.0,0.0,50.0,0.3023987971253511,0.1829448299933108,1.0,5.0,0.11066327,5.0,8.0,4.0,0.20004646,37.0,20.666666666666668,24.0,44.66666666666666,2.0,1.3333333333333333,0.6666666666666666,2.0,0.6666666666666666,0.6666666666666666,4.666666666666667,0.0,0.0,2.6666666666666665,1.3333333333333333,0.0,2.6666666666666665,0.0,1.3333333333333333,0.6666666666666666,0.6666666666666666,1.3333333333333333,0.6666666666666666,0.0,0.0,80.72,33.33,0.0,100.0,0.0,50.0,0.0,50.0,0.2015991980835674,0.1219632199955405,0.6666666666666666,3.333333333333333,0.0737755133333333,3.333333333333333,5.333333333333333,2.6666666666666665,0.1333643066666666,24.666666666666668,DM/CM,43,52,45,77,91,59,100,27,27,18,48,41,82,34,39,70,9,70,36,30,32,45,52,50,32,45,39,86,41,27,16,25,91,77,64,82,86,95,75,39,59,52,55,68,59,93,93,61,100,36,36,25,48,41,91,43,39,77,9,80,41,36,39,61,52,50,32,45,39,86,41,27,16,25,91,82,68,91,86,100,73,41,68,68,Premiership
Falkirk,1pq8av8ecx28pshgtpkdj36nt,b7xenzvbhb0tuj0oyyw9a48kq,D. Meļņiks,Deniss Melniks,23.0,Midfielder,Latvia,Midfielder,43.0,9.0,52.0,0.0,0.0,0.0,0.0,0.0,0.0,3.0,0.0,90.0,0.0,0.0,1.0,0.0,1.0,1.0,0.0,2.0,0.0,0.0,0.0,0.0,0.0,83.87,16.67,0.0,0.0,0.0,60.0,50.0,0.0,0.0,0.0,0.0,0.0,0.0,0.0,0.0,0.0,0.0,0.0,43.0,9.0,52.0,0.0,0.0,0.0,0.0,0.0,0.0,3.0,0.0,0.0,0.0,1.0,0.0,1.0,1.0,0.0,2.0,0.0,0.0,0.0,0.0,0.0,83.87,16.67,0.0,0.0,0.0,60.0,50.0,0.0,0.0,0.0,0.0,0.0,0.0,0.0,0.0,0.0,0.0,0.0,RM/RCM,67,17,50,33,33,42,33,25,25,17,42,42,17,58,42,33,25,33,42,17,17,33,58,50,67,33,42,33,42,83,67,17,33,33,42,33,33,33,25,25,25,25,100,50,83,33,33,42,33,25,25,17,42,42,17,75,42,42,42,33,50,17,17,33,58,50,67,33,42,33,42,83,67,17,33,33,42,33,33,33,25,25,25,25,Premiership
Falkirk,1pq8av8ecx28pshgtpkdj36nt,bgzc9ozb1qel3aw808tip6bu2,L. Neilson,Lewis Neilson,23.0,Defender,Scotland,Defender,29.0,9.0,38.0,0.0,0.0,0.0,0.0,0.0,0.0,3.0,0.0,90.0,0.0,0.0,0.0,0.0,0.0,2.0,0.0,4.0,1.0,1.0,0.0,0.0,0.0,82.61,0.0,0.0,0.0,0.0,75.0,0.0,100.0,0.0,0.0,0.0,0.0,0.0,0.0,0.0,0.0,0.0,0.0,29.0,9.0,38.0,0.0,0.0,0.0,0.0,0.0,0.0,3.0,0.0,0.0,0.0,0.0,0.0,0.0,2.0,0.0,4.0,1.0,1.0,0.0,0.0,0.0,82.61,0.0,0.0,0.0,0.0,75.0,0.0,100.0,0.0,0.0,0.0,0.0,0.0,0.0,0.0,0.0,0.0,0.0,CB,16,18,14,20,23,43,41,30,30,11,45,36,14,23,48,11,18,20,11,43,50,32,45,52,32,11,48,32,36,70,14,82,20,27,43,27,27,41,16,16,16,16,41,27,27,20,23,43,41,30,30,16,45,36,14,23,48,11,23,20,23,48,73,32,45,52,32,11,48,32,36,70,14,82,20,27,43,27,27,41,16,16,16,16,Premiership
Falkirk,1pq8av8ecx28pshgtpkdj36nt,eh8scxbiiro8x298l7clwng9g,F. Yeats,Finn Yeats,22.0,Midfielder,Scotland,Midfielder,9.0,19.0,28.0,3.0,3.0,0.0,2.0,1.0,1.0,7.0,0.0,135.0,1.0,4.0,1.0,0.0,2.0,1.0,2.0,2.0,0.0,2.0,1.0,0.0,0.0,68.29,40.0,0.0,100.0,33.33,46.67,33.33,50.0,0.0,0.0,0.0,0.0,0.0,0.0,0.0,0.0,0.0,0.0,6.0,12.666666666666666,18.666666666666668,2.0,2.0,0.0,1.3333333333333333,0.6666666666666666,0.6666666666666666,4.666666666666667,0.0,0.6666666666666666,2.6666666666666665,0.6666666666666666,0.0,1.3333333333333333,0.6666666666666666,1.3333333333333333,1.3333333333333333,0.0,1.3333333333333333,0.6666666666666666,0.0,0.0,68.29,40.0,0.0,100.0,33.33,46.67,33.33,50.0,0.0,0.0,0.0,0.0,0.0,0.0,0.0,0.0,0.0,0.0,CM/AM,22,11,22,39,67,28,94,22,22,56,39,56,39,44,22,56,50,33,44,22,89,50,56,56,22,56,22,94,56,67,72,44,17,17,28,17,17,22,11,11,11,11,22,22,22,61,78,28,100,22,22,67,39,67,56,44,22,44,56,33,44,22,100,56,56,56,22,56,22,94,56,67,72,44,17,17,28,17,17,22,11,11,11,11,Premiership
Heart of Midlothian,1hcbcuu846pa3iw6qskiws1cu,3qmpow56h8e5oncbsvij69hey,Cláudio Braga,Cláudio Rafael Soares Braga,26.0,Attacker,Portugal,Striker,17.0,20.0,37.0,7.0,7.0,0.0,3.0,6.0,7.0,5.0,1.0,174.0,2.0,13.0,2.0,0.0,1.0,2.0,4.0,1.0,2.0,1.0,0.0,0.0,2.0,71.15,50.0,0.0,0.0,28.57,20.0,22.22,100.0,0.8201006289395416,0.2769785206902421,0.0,2.0,0.06438344,1.0,3.0,3.0,0.25469345,16.0,8.793103448275861,10.344827586206897,19.13793103448276,3.6206896551724137,3.6206896551724137,0.0,1.5517241379310345,3.103448275862069,3.6206896551724137,2.586206896551724,0.5172413793103449,1.0344827586206895,6.724137931034483,1.0344827586206895,0.0,0.5172413793103449,1.0344827586206895,2.0689655172413794,0.5172413793103449,1.0344827586206895,0.5172413793103449,0.0,0.0,1.0344827586206895,71.15,50.0,0.0,0.0,28.57,20.0,22.22,100.0,0.4241899804859698,0.1432647520811597,0.0,1.0344827586206895,0.0333017793103448,0.5172413793103449,1.5517241379310345,1.5517241379310345,0.1317379913793103,8.275862068965518,ST,94,77,83,94,96,27,92,92,90,27,79,71,87,62,33,69,48,83,46,92,56,23,50,98,54,79,33,23,33,15,42,90,88,69,31,52,50,62,77,75,85,83,96,65,77,88,92,27,92,85,85,23,85,73,77,50,33,65,50,77,38,96,42,23,50,100,54,79,33,23,33,15,42,90,77,62,31,46,46,58,73,73,77,77,Premiership
Heart of Midlothian,1hcbcuu846pa3iw6qskiws1cu,5zkdl1olsiy05l1aw15fk0178,J. Altena,Jordi Altena,22.0,Defender,Netherlands,Defender,26.0,24.0,50.0,0.0,0.0,0.0,0.0,1.0,1.0,7.0,0.0,163.0,0.0,0.0,3.0,0.0,5.0,2.0,0.0,8.0,2.0,1.0,0.0,0.0,0.0,89.29,100.0,0.0,0.0,0.0,36.84,40.0,50.0,0.0,0.0,0.0,0.0,0.0,0.0,0.0,0.0,0.0,0.0,14.355828220858896,13.251533742331288,27.607361963190183,0.0,0.0,0.0,0.0,0.5521472392638037,0.5521472392638037,3.8650306748466257,0.0,0.0,0.0,1.656441717791411,0.0,2.7607361963190185,1.1042944785276074,0.0,4.41717791411043,1.1042944785276074,0.5521472392638037,0.0,0.0,0.0,89.29,100.0,0.0,0.0,0.0,36.84,40.0,50.0,0.0,0.0,0.0,0.0,0.0,0.0,0.0,0.0,0.0,0.0,RB/RCB,64,54,50,21,21,46,29,61,57,32,54,50,11,79,32,82,50,29,57,50,21,32,43,54,93,100,32,32,50,7,39,36,25,36,50,21,21,29,18,18,18,18,50,50,50,21,21,46,29,64,57,21,54,50,11,79,32,79,57,29,43,50,29,32,43,54,93,100,32,32,50,7,39,36,25,36,50,21,21,29,18,18,18,18,Premiership
Heart of Midlothian,1hcbcuu846pa3iw6qskiws1cu,6axbj3uylrbf0l29vj3vdmd3p,B. Spittal,Blair Spittal,30.0,Midfielder,Scotland,Midfielder,22.0,46.0,65.0,3.0,0.0,3.0,1.0,0.0,0.0,5.0,0.0,170.0,1.0,1.0,0.0,3.0,12.0,3.0,4.0,4.0,2.0,1.0,0.0,0.0,0.0,80.25,57.14,33.33,0.0,33.33,62.5,0.0,50.0,0.1545011730733578,0.3411748153219993,2.0,2.0,0.05338421,2.0,9.0,18.0,0.49668316,42.0,11.647058823529411,24.35294117647059,34.411764705882355,1.5882352941176472,0.0,1.5882352941176472,0.5294117647058824,0.0,0.0,2.647058823529412,0.0,0.5294117647058824,0.5294117647058824,0.0,1.5882352941176472,6.352941176470589,1.5882352941176472,2.117647058823529,2.117647058823529,1.0588235294117647,0.5294117647058824,0.0,0.0,0.0,80.25,57.14,33.33,0.0,33.33,62.5,0.0,50.0,0.0817947386858953,0.1806219610528231,1.0588235294117647,1.0588235294117647,0.0282622288235294,1.0588235294117647,4.764705882352941,9.529411764705882,0.2629499082352941,22.23529411764705,CM/AM,100,89,100,39,17,94,61,11,11,33,39,56,11,22,78,100,89,67,100,83,50,22,56,56,67,100,83,22,56,100,28,44,33,78,78,56,56,94,89,100,100,100,89,78,78,33,17,89,44,11,11,11,39,44,11,22,78,100,89,78,89,78,33,22,56,56,67,100,83,22,56,100,28,44,33,67,67,56,44,100,78,100,89,89,Premiership
Heart of Midlothian,1hcbcuu846pa3iw6qskiws1cu,8iazetrjur71kb2xfez7hromi,O. McEntee,Oisin McEntee,25.0,Midfielder,Republic of Ireland,Midfielder,60.0,10.0,70.0,2.0,2.0,0.0,1.0,0.0,0.0,13.0,1.0,180.0,1.0,2.0,1.0,0.0,8.0,6.0,0.0,15.0,2.0,5.0,0.0,0.0,0.0,75.27,30.77,0.0,0.0,50.0,81.25,0.0,83.33,0.2385940837964913,0.0,0.0,0.0,0.0,0.0,2.0,3.0,0.08994938,34.0,30.0,5.0,35.0,1.0,1.0,0.0,0.5,0.0,0.0,6.5,0.5,0.5,1.0,0.5,0.0,4.0,3.0,0.0,7.5,1.0,2.5,0.0,0.0,0.0,75.27,30.77,0.0,0.0,50.0,81.25,0.0,83.33,0.1192970418982456,0.0,0.0,0.0,0.0,0.0,1.0,1.5,0.04497469,17.0,RM/RCM,92,33,83,67,83,42,75,25,25,83,92,83,42,58,42,100,100,33,100,75,83,33,58,50,50,50,42,33,100,100,25,67,83,33,42,33,33,33,50,50,50,100,67,17,67,67,83,42,83,25,25,83,100,83,33,50,42,100,100,33,100,75,92,33,58,50,50,50,42,33,100,100,25,67,83,33,42,33,33,33,50,50,50,100,Premiership
Heart of Midlothian,1hcbcuu846pa3iw6qskiws1cu,b75m7mxo0evpz949k8ekwukbu,S. Kerjota,Sabah Kerjota,25.0,Attacker,Albania,Striker,13.0,27.0,40.0,4.0,3.0,1.0,2.0,9.0,10.0,7.0,0.0,165.0,1.0,10.0,2.0,0.0,3.0,0.0,2.0,0.0,2.0,2.0,2.0,0.0,1.0,83.33,75.0,0.0,22.22,25.0,25.0,0.0,66.67,0.3568973567350031,0.1894057992520398,3.0,7.0,0.25625839,0.0,3.0,5.0,0.21754563,19.0,7.090909090909091,14.727272727272728,21.81818181818182,2.181818181818182,1.6363636363636365,0.5454545454545455,1.090909090909091,4.909090909090909,5.454545454545455,3.8181818181818175,0.0,0.5454545454545455,5.454545454545455,1.090909090909091,0.0,1.6363636363636365,0.0,1.090909090909091,0.0,1.090909090909091,1.090909090909091,1.090909090909091,0.0,0.5454545454545455,83.33,75.0,0.0,22.22,25.0,25.0,0.0,66.67,0.1946712854918199,0.1033122541374762,1.6363636363636365,3.8181818181818175,0.1397773036363636,0.0,1.6363636363636365,2.7272727272727275,0.1186612527272727,10.363636363636363,RW,71,71,71,64,71,64,86,100,100,71,57,79,86,57,50,86,29,71,21,100,86,57,57,93,79,100,50,43,86,29,29,71,57,86,86,93,100,29,79,71,57,71,71,43,57,43,57,57,71,100,100,43,57,71,86,43,50,86,29,57,21,100,86,43,57,86,79,100,50,43,86,29,29,71,57,71,71,71,86,29,43,57,57,57,Premiership
Heart of Midlothian,1hcbcuu846pa3iw6qskiws1cu,cqfbp8me2n00cve66v797omvp,S. Findlay,Stuart Findlay,30.0,Defender,Scotland,Defender,8.0,5.0,13.0,1.0,1.0,0.0,0.0,1.0,1.0,3.0,0.0,90.0,0.0,4.0,1.0,0.0,0.0,1.0,0.0,9.0,1.0,0.0,1.0,0.0,0.0,65.0,0.0,0.0,100.0,0.0,37.5,33.33,0.0,0.1055317029875319,0.0,0.0,1.0,0.01689528,0.0,2.0,4.0,0.0282726,9.0,8.0,5.0,13.0,1.0,1.0,0.0,0.0,1.0,1.0,3.0,0.0,0.0,4.0,1.0,0.0,0.0,1.0,0.0,9.0,1.0,0.0,1.0,0.0,0.0,65.0,0.0,0.0,100.0,0.0,37.5,33.33,0.0,0.1055317029875319,0.0,0.0,1.0,0.01689528,0.0,2.0,4.0,0.0282726,9.0,CB,5,9,5,50,55,43,41,68,68,11,45,36,68,59,48,11,7,20,43,43,18,73,45,52,5,11,48,91,36,5,27,18,45,27,43,64,64,41,36,43,32,32,5,14,5,68,75,43,41,82,82,16,45,36,98,89,48,11,11,20,80,48,18,89,45,52,5,11,48,91,36,5,27,18,68,27,43,75,73,41,52,70,32,32,Premiership
Heart of Midlothian,1hcbcuu846pa3iw6qskiws1cu,cu7va0dq02wylua4gxv5rrf85,C. Miller,Calvin Miller,28.0,Attacker,Scotland,Striker,17.0,26.0,42.0,4.0,4.0,0.0,2.0,1.0,1.0,12.0,1.0,180.0,2.0,5.0,1.0,1.0,3.0,7.0,1.0,7.0,2.0,3.0,0.0,0.0,0.0,76.36,60.0,6.25,0.0,50.0,60.0,70.0,75.0,0.2933613883832792,0.1052712291054631,1.0,0.0,0.0,0.0,1.0,1.0,0.06046622,18.0,8.5,13.0,21.0,2.0,2.0,0.0,1.0,0.5,0.5,6.0,0.5,1.0,2.5,0.5,0.5,1.5,3.5,0.5,3.5,1.0,1.5,0.0,0.0,0.0,76.36,60.0,6.25,0.0,50.0,60.0,70.0,75.0,0.1466806941916396,0.0526356145527315,0.5,0.0,0.0,0.0,0.5,0.5,0.03023311,9.0,ST,94,88,88,48,67,27,75,31,27,92,79,71,25,27,71,100,92,23,100,92,98,23,50,37,77,88,65,23,71,96,100,77,42,31,73,12,12,23,54,46,31,88,88,81,88,33,62,27,67,23,19,73,75,67,17,17,65,100,85,17,100,90,88,23,50,37,77,88,65,23,71,96,100,77,38,19,69,12,12,23,52,37,31,88,Premiership
Heart of Midlothian,1hcbcuu846pa3iw6qskiws1cu,cv2vn7p4ragx29bqbqn36p756,A. Ba-Sy,Amadou Ba-Sy,25.0,Attacker,France,Striker,0.0,9.0,7.0,3.0,2.0,1.0,0.0,5.0,6.0,8.0,0.0,124.0,1.0,10.0,2.0,2.0,0.0,0.0,2.0,1.0,0.0,1.0,3.0,0.0,0.0,70.0,0.0,100.0,60.0,33.33,32.0,0.0,33.33,0.1955649377237816,0.2155756910322767,1.0,3.0,0.12524008,1.0,0.0,1.0,0.2884499,4.0,0.0,6.532258064516129,5.080645161290323,2.177419354838709,1.4516129032258065,0.7258064516129032,0.0,3.629032258064516,4.354838709677419,5.806451612903226,0.0,0.7258064516129032,7.258064516129032,1.4516129032258065,1.4516129032258065,0.0,0.0,1.4516129032258065,0.7258064516129032,0.0,0.7258064516129032,2.177419354838709,0.0,0.0,70.0,0.0,100.0,60.0,33.33,32.0,0.0,33.33,0.1419422935091963,0.1564662273621363,0.7258064516129032,2.177419354838709,0.0909000580645161,0.7258064516129032,0.0,0.7258064516129032,0.2093587983870967,2.903225806451613,ST,4,15,4,33,38,63,23,85,85,62,33,37,67,62,85,31,12,44,46,35,56,94,50,37,46,31,100,73,40,23,13,42,35,58,73,77,81,62,23,46,88,29,4,31,4,50,42,65,23,88,92,65,33,46,85,69,88,31,12,54,50,35,58,96,50,37,46,31,100,73,40,23,13,42,35,69,77,85,85,65,23,50,88,31,Premiership
Heart of Midlothian,1hcbcuu846pa3iw6qskiws1cu,eh8c98y5vpxqv2n9djm4ezoid,J. McCart,Jamie McCart,29.0,Defender,Scotland,Defender,24.0,4.0,28.0,0.0,0.0,0.0,0.0,0.0,0.0,9.0,0.0,105.0,0.0,1.0,1.0,0.0,3.0,6.0,0.0,11.0,3.0,1.0,0.0,0.0,0.0,73.68,37.5,0.0,0.0,0.0,64.29,60.0,50.0,0.0,0.0,0.0,0.0,0.0,0.0,0.0,0.0,0.0,0.0,20.57142857142857,3.4285714285714284,24.0,0.0,0.0,0.0,0.0,0.0,0.0,7.7142857142857135,0.0,0.0,0.8571428571428571,0.8571428571428571,0.0,2.571428571428571,5.142857142857142,0.0,9.428571428571429,2.571428571428571,0.8571428571428571,0.0,0.0,0.0,73.68,37.5,0.0,0.0,0.0,64.29,60.0,50.0,0.0,0.0,0.0,0.0,0.0,0.0,0.0,0.0,0.0,0.0,LB/LCB,43,7,21,32,43,39,43,14,14,43,50,43,50,54,25,54,86,18,79,86,39,21,54,43,36,50,25,21,43,71,79,39,36,21,50,29,29,29,21,21,21,21,64,7,36,32,43,39,43,14,14,71,50,43,50,57,25,57,100,18,100,100,43,21,54,43,36,50,25,21,43,71,79,39,36,21,50,29,29,29,21,21,21,21,Premiership
Heart of Midlothian,1hcbcuu846pa3iw6qskiws1cu,rs1rlzz0r2quf5bsydrcbzl5,H. Milne,Harry Milne,29.0,Defender,Scotland,Defender,9.0,20.0,29.0,2.0,1.0,1.0,0.0,3.0,3.0,9.0,0.0,90.0,0.0,2.0,1.0,0.0,1.0,2.0,2.0,4.0,1.0,3.0,2.0,0.0,0.0,76.32,50.0,0.0,66.67,0.0,60.0,66.67,75.0,0.1847562479735081,0.0,1.0,2.0,0.04146581,0.0,3.0,7.0,0.27583597,23.0,9.0,20.0,29.0,2.0,1.0,1.0,0.0,3.0,3.0,9.0,0.0,0.0,2.0,1.0,0.0,1.0,2.0,2.0,4.0,1.0,3.0,2.0,0.0,0.0,76.32,50.0,0.0,66.67,0.0,60.0,66.67,75.0,0.1847562479735081,0.0,1.0,2.0,0.04146581,0.0,3.0,7.0,0.27583597,23.0,CB,9,39,9,70,55,93,41,93,93,57,45,36,50,59,48,25,18,89,11,43,89,91,45,52,9,66,48,70,36,39,64,59,64,27,93,82,82,41,50,66,82,36,9,73,9,98,75,100,41,100,100,91,45,36,66,89,48,27,23,98,23,48,100,100,45,52,9,66,48,70,36,39,64,59,86,27,100,91,91,41,68,100,95,55,Premiership
Hibernian,c9ky1957qli8v2lylfga7io8b,11mfhxezbxlrha648ys9buoes,M. Chaiwa,Miguel Chaiwa,22.0,Midfielder,Zambia,Midfielder,31.0,25.0,56.0,0.0,0.0,0.0,0.0,1.0,1.0,10.0,0.0,163.0,0.0,0.0,4.0,0.0,2.0,3.0,0.0,3.0,4.0,2.0,1.0,0.0,0.0,83.58,33.33,0.0,100.0,0.0,52.63,50.0,100.0,0.000872245903418,0.0,0.0,3.0,0.06929879,1.0,2.0,4.0,0.10146693,24.0,17.116564417177916,13.803680981595091,30.920245398773005,0.0,0.0,0.0,0.0,0.5521472392638037,0.5521472392638037,5.521472392638037,0.0,0.0,0.0,2.208588957055215,0.0,1.1042944785276074,1.656441717791411,0.0,1.656441717791411,2.208588957055215,1.1042944785276074,0.5521472392638037,0.0,0.0,83.58,33.33,0.0,100.0,0.0,52.63,50.0,100.0,0.0004816081675314,0.0,0.0,1.656441717791411,0.038263135582822,0.5521472392638037,1.1042944785276074,2.208588957055215,0.0560246852760736,13.251533742331288,DM/CM,43,27,32,16,23,25,32,27,27,55,48,41,11,84,39,45,70,18,66,82,32,45,52,50,59,45,39,86,41,45,64,93,36,20,30,61,64,55,25,39,27,34,36,23,27,16,23,25,32,27,27,41,48,41,11,73,39,50,73,18,64,95,32,45,52,50,59,45,39,86,41,45,64,93,32,20,30,68,73,59,23,36,32,36,Premiership
Hibernian,c9ky1957qli8v2lylfga7io8b,1kw6qz2pi7wlam068oeirztud,J. Obita,Jordan Obita,32.0,Defender,Uganda,Defender,18.0,42.0,57.0,0.0,0.0,0.0,0.0,0.0,0.0,3.0,0.0,180.0,0.0,1.0,0.0,3.0,4.0,2.0,2.0,16.0,1.0,0.0,0.0,0.0,0.0,82.61,33.33,30.0,0.0,0.0,30.0,66.67,0.0,0.0,0.228871088389494,0.0,3.0,0.05989318,2.0,13.0,15.0,0.3032280699999999,41.0,9.0,21.0,28.5,0.0,0.0,0.0,0.0,0.0,0.0,1.5,0.0,0.0,0.5,0.0,1.5,2.0,1.0,1.0,8.0,0.5,0.0,0.0,0.0,0.0,82.61,33.33,30.0,0.0,0.0,30.0,66.67,0.0,0.0,0.114435544194747,0.0,1.5,0.02994659,1.0,6.5,7.5,0.1516140349999999,20.5,LB/LCB,29,71,61,32,43,39,43,14,14,21,50,43,50,25,82,64,50,64,93,43,14,21,54,43,64,32,71,21,43,14,86,14,36,71,50,75,71,79,86,89,71,75,7,71,43,32,43,39,43,14,14,14,50,43,39,25,71,43,39,57,93,25,14,21,54,43,64,32,71,21,43,14,86,14,36,71,50,71,71,68,79,89,64,68,Premiership
Hibernian,c9ky1957qli8v2lylfga7io8b,2hhatd33vvokrbemn4echivhl,W. O'Hora,Warren O'Hora,27.0,Defender,Republic of Ireland,Defender,33.0,35.0,67.0,0.0,0.0,0.0,0.0,0.0,0.0,7.0,0.0,180.0,0.0,1.0,1.0,1.0,2.0,2.0,2.0,10.0,2.0,2.0,0.0,0.0,0.0,90.54,40.0,100.0,0.0,0.0,50.0,28.57,50.0,0.0,0.1568480102152306,0.0,1.0,0.02401521,2.0,7.0,6.0,0.2365576799999999,43.0,16.5,17.5,33.5,0.0,0.0,0.0,0.0,0.0,0.0,3.5,0.0,0.0,0.5,0.5,0.5,1.0,1.0,1.0,5.0,1.0,1.0,0.0,0.0,0.0,90.54,40.0,100.0,0.0,0.0,50.0,28.57,50.0,0.0,0.0784240051076153,0.0,0.5,0.012007605,1.0,3.5,3.0,0.1182788399999999,21.5,RB/RCB,71,86,71,21,21,46,29,25,21,32,54,50,29,25,68,43,50,79,75,50,54,32,43,54,100,57,100,32,50,18,14,36,25,79,50,50,50,82,93,79,86,82,79,79,71,21,21,46,29,25,21,14,54,50,25,18,64,36,39,79,68,36,50,32,43,54,100,57,100,32,50,18,14,36,25,79,50,50,50,71,93,75,79,86,Premiership
Hibernian,c9ky1957qli8v2lylfga7io8b,3xs4gkk9je0g3fl24wim4piad,J. Kerr,Jason Kerr,29.0,Defender,Scotland,Defender,54.0,32.0,86.0,2.0,2.0,0.0,1.0,0.0,0.0,9.0,0.0,180.0,0.0,4.0,2.0,0.0,3.0,5.0,1.0,9.0,0.0,1.0,0.0,0.0,0.0,92.47,60.0,0.0,0.0,0.0,60.0,50.0,50.0,0.2845062135820622,0.0,0.0,0.0,0.0,0.0,2.0,4.0,0.1182215799999999,61.0,27.0,16.0,43.0,1.0,1.0,0.0,0.5,0.0,0.0,4.5,0.0,0.0,2.0,1.0,0.0,1.5,2.5,0.5,4.5,0.0,0.5,0.0,0.0,0.0,92.47,60.0,0.0,0.0,0.0,60.0,50.0,50.0,0.1422531067910311,0.0,0.0,0.0,0.0,0.0,1.0,2.0,0.0591107899999999,30.5,CB,41,59,45,70,75,43,91,30,30,57,45,36,68,89,48,39,43,59,43,18,50,32,45,52,95,73,48,32,36,39,34,39,77,27,43,27,27,41,36,43,45,68,32,50,41,68,75,43,95,30,30,36,45,36,66,89,48,34,36,59,32,18,41,32,45,52,95,73,48,32,36,39,34,39,77,27,43,27,27,41,34,41,41,64,Premiership
Hibernian,c9ky1957qli8v2lylfga7io8b,7gik3tsvqcnvjikze1sqj2rfu,J. Mulligan,Josh Mulligan,23.0,Midfielder,Scotland,Midfielder,18.0,40.0,58.0,3.0,1.0,2.0,2.0,3.0,3.0,9.0,0.0,180.0,0.0,6.0,2.0,0.0,2.0,2.0,1.0,0.0,2.0,5.0,0.0,0.0,0.0,84.06,40.0,0.0,0.0,0.0,42.86,0.0,100.0,0.153100503729839,0.0282307657082533,2.0,2.0,0.0478667,1.0,8.0,9.0,0.1890681699999999,30.0,9.0,20.0,29.0,1.5,0.5,1.0,1.0,1.5,1.5,4.5,0.0,0.0,3.0,1.0,0.0,1.0,1.0,0.5,0.0,1.0,2.5,0.0,0.0,0.0,84.06,40.0,0.0,0.0,0.0,42.86,0.0,100.0,0.0765502518649195,0.0141153828541266,1.0,1.0,0.02393335,0.5,4.0,4.5,0.0945340849999999,15.0,RM/RCM,50,100,67,83,67,100,100,50,50,42,42,42,83,83,42,58,58,67,17,75,83,33,58,50,83,75,42,33,42,50,25,92,67,67,83,67,67,67,100,100,100,83,50,83,50,83,67,100,100,50,50,33,42,42,83,75,42,42,42,67,17,75,92,33,58,50,83,75,42,33,42,50,25,92,67,67,83,67,67,67,100,100,100,67,Premiership
Hibernian,c9ky1957qli8v2lylfga7io8b,88llk7uinnhsg3xcipf05d9g4,N. Lowe,Nathan Lowe,20.0,Attacker,England,Striker,3.0,7.0,10.0,4.0,3.0,1.0,0.0,2.0,3.0,9.0,0.0,123.0,2.0,6.0,3.0,0.0,0.0,2.0,3.0,0.0,0.0,1.0,2.0,0.0,1.0,50.0,0.0,0.0,100.0,50.0,50.0,33.33,50.0,1.0546415702255552,0.1623423446895023,1.0,1.0,0.02385149,1.0,0.0,0.0,0.01795309,4.0,2.1951219512195124,5.121951219512195,7.317073170731708,2.926829268292683,2.1951219512195124,0.7317073170731707,0.0,1.4634146341463414,2.1951219512195124,6.585365853658536,0.0,1.4634146341463414,4.390243902439025,2.1951219512195124,0.0,0.0,1.4634146341463414,2.1951219512195124,0.0,0.0,0.7317073170731707,1.4634146341463414,0.0,0.7317073170731707,50.0,0.0,0.0,100.0,50.0,50.0,33.33,50.0,0.7716889538235769,0.1187870814801236,0.7317073170731707,0.7317073170731707,0.0174523097560975,0.7317073170731707,0.0,0.0,0.0131364073170731,2.926829268292683,ST,21,4,8,48,50,63,23,54,69,69,33,71,35,81,33,31,48,65,19,35,56,83,50,83,4,31,33,94,71,87,62,58,96,38,73,29,29,62,23,13,15,29,27,12,12,69,69,69,23,58,77,85,33,77,42,85,33,31,62,81,19,35,62,88,50,88,4,31,33,94,71,87,62,58,96,46,81,35,35,69,23,13,15,35,Premiership
Hibernian,c9ky1957qli8v2lylfga7io8b,apgbqplqtvuc1dmdxi5gqhd04,A. Mayor,Adam Mayor,21.0,Attacker,England,Striker,9.0,15.0,22.0,1.0,0.0,1.0,0.0,3.0,3.0,6.0,0.0,149.0,0.0,2.0,0.0,2.0,2.0,0.0,2.0,2.0,2.0,3.0,1.0,0.0,0.0,68.75,40.0,12.5,33.33,0.0,35.29,0.0,60.0,0.0722700432835724,0.1953314406739962,1.0,1.0,0.0379259,0.0,3.0,5.0,0.15064319,10.0,5.436241610738255,9.060402684563758,13.288590604026847,0.6040268456375839,0.0,0.6040268456375839,0.0,1.812080536912752,1.812080536912752,3.624161073825504,0.0,0.0,1.2080536912751678,0.0,1.2080536912751678,1.2080536912751678,0.0,1.2080536912751678,1.2080536912751678,1.2080536912751678,1.812080536912752,0.6040268456375839,0.0,0.0,68.75,40.0,12.5,33.33,0.0,35.29,0.0,60.0,0.0436530462786678,0.1179854339641587,0.6040268456375839,0.6040268456375839,0.0229082617449664,0.0,1.812080536912752,3.02013422818792,0.0909925308724832,6.04026845637584,LW,83,67,67,50,33,67,50,67,67,67,67,33,33,33,100,67,67,100,100,100,83,67,67,67,33,67,67,67,33,67,67,83,33,100,67,33,33,33,83,83,67,67,100,67,67,67,33,67,50,67,67,67,67,33,33,33,100,67,67,100,100,100,67,67,67,67,33,67,67,67,33,67,67,83,33,100,67,33,33,33,100,100,67,67,Premiership
Hibernian,c9ky1957qli8v2lylfga7io8b,culbbgu1o5fdbl3gxz54rbn4l,F. Passlack,Felix Passlack,28.0,Defender,Germany,Defender,9.0,30.0,37.0,1.0,1.0,0.0,1.0,1.0,1.0,10.0,0.0,104.0,0.0,5.0,3.0,2.0,1.0,1.0,0.0,5.0,3.0,3.0,1.0,0.0,0.0,80.43,50.0,28.57,100.0,0.0,58.82,33.33,50.0,0.0683566901498853,0.0,0.0,3.0,0.1124563699999999,2.0,3.0,3.0,0.14877825,16.0,7.788461538461539,25.961538461538463,32.019230769230774,0.8653846153846154,0.8653846153846154,0.0,0.8653846153846154,0.8653846153846154,0.8653846153846154,8.653846153846155,0.0,0.0,4.3269230769230775,2.5961538461538463,1.7307692307692308,0.8653846153846154,0.8653846153846154,0.0,4.3269230769230775,2.5961538461538463,2.5961538461538463,0.8653846153846154,0.0,0.0,80.43,50.0,28.57,100.0,0.0,58.82,33.33,50.0,0.0591548280143238,0.0,0.0,2.5961538461538463,0.0973180124999999,1.7307692307692308,2.5961538461538463,2.5961538461538463,0.1287504086538461,13.846153846153848,RB/RCB,18,64,25,61,64,46,79,61,57,71,54,50,82,79,82,18,18,29,25,82,79,75,43,54,64,82,75,89,50,57,25,36,57,36,50,82,93,82,46,46,64,50,21,93,64,86,86,46,100,71,71,100,54,50,100,86,79,29,29,29,36,93,100,86,43,54,64,82,75,89,50,57,25,36,79,36,50,86,100,93,71,64,86,57,Premiership
Hibernian,c9ky1957qli8v2lylfga7io8b,puakkba90jtpban99qwkm80k,O. Elding,Owen Elding,20.0,Attacker,England,Striker,8.0,14.0,21.0,5.0,3.0,2.0,2.0,2.0,2.0,5.0,0.0,91.0,2.0,6.0,1.0,1.0,0.0,1.0,2.0,1.0,1.0,1.0,1.0,0.0,0.0,80.77,0.0,33.33,50.0,40.0,50.0,50.0,50.0,0.6388524298204064,0.2091114195137087,2.0,1.0,0.01870347,0.0,4.0,2.0,0.25319207,8.0,7.912087912087912,13.846153846153848,20.76923076923077,4.945054945054945,2.967032967032967,1.978021978021978,1.978021978021978,1.978021978021978,1.978021978021978,4.945054945054945,0.0,1.978021978021978,5.934065934065934,0.989010989010989,0.989010989010989,0.0,0.989010989010989,1.978021978021978,0.989010989010989,0.989010989010989,0.989010989010989,0.989010989010989,0.0,0.0,80.77,0.0,33.33,50.0,40.0,50.0,50.0,50.0,0.6318320734487536,0.2068134918267448,1.978021978021978,0.989010989010989,0.0184979373626373,0.0,3.956043956043956,1.978021978021978,0.2504097395604395,7.912087912087912,ST,56,56,56,67,50,87,75,54,50,27,33,71,35,27,71,31,27,44,46,75,56,60,50,37,96,31,79,65,54,87,88,58,65,54,94,29,23,23,85,69,81,56,85,85,85,96,81,100,96,73,69,46,33,96,69,46,77,31,35,69,58,85,73,73,50,37,96,31,79,65,54,87,88,58,92,81,100,42,38,23,96,77,96,69,Premiership
Kilmarnock,enzoyc121va61wtmjf4cm7p3d,2q18wbzv28zfat8yubj7yysfe,J. Yfeko,Johnly Yfeko,23.0,Defender,England,Defender,26.0,9.0,35.0,0.0,0.0,0.0,0.0,0.0,0.0,5.0,0.0,90.0,0.0,1.0,0.0,0.0,3.0,1.0,0.0,2.0,1.0,2.0,0.0,0.0,0.0,89.74,75.0,0.0,0.0,0.0,45.45,33.33,50.0,0.0,0.0,0.0,0.0,0.0,0.0,0.0,0.0,0.0,0.0,26.0,9.0,35.0,0.0,0.0,0.0,0.0,0.0,0.0,5.0,0.0,0.0,1.0,0.0,0.0,3.0,1.0,0.0,2.0,1.0,2.0,0.0,0.0,0.0,89.74,75.0,0.0,0.0,0.0,45.45,33.33,50.0,0.0,0.0,0.0,0.0,0.0,0.0,0.0,0.0,0.0,0.0,LB/LCB,54,21,36,32,43,39,43,14,14,29,50,43,50,25,25,54,32,18,14,43,57,21,54,43,93,100,25,21,43,29,32,39,36,21,50,29,29,29,21,21,21,21,79,29,64,32,43,39,43,14,14,43,50,43,61,25,25,75,39,18,18,64,82,21,54,43,93,100,25,21,43,29,32,39,36,21,50,29,29,29,21,21,21,21,Premiership
Kilmarnock,enzoyc121va61wtmjf4cm7p3d,3agoezihnwgu4ak8bnwtmyqj9,A. Tshibola,Aaron Tshibola,31.0,Midfielder,Congo DR,Midfielder,38.0,36.0,74.0,2.0,2.0,0.0,0.0,0.0,0.0,6.0,0.0,149.0,2.0,4.0,2.0,0.0,4.0,3.0,2.0,3.0,2.0,0.0,0.0,0.0,0.0,89.16,66.67,0.0,0.0,100.0,40.0,50.0,0.0,0.3538955961744631,0.2607463626701444,0.0,1.0,0.01689528,0.0,11.0,8.0,0.3141700599999999,43.0,22.95302013422819,21.74496644295302,44.69798657718121,1.2080536912751678,1.2080536912751678,0.0,0.0,0.0,0.0,3.624161073825504,0.0,1.2080536912751678,2.416107382550336,1.2080536912751678,0.0,2.416107382550336,1.812080536912752,1.2080536912751678,1.812080536912752,1.2080536912751678,0.0,0.0,0.0,0.0,89.16,66.67,0.0,0.0,100.0,40.0,50.0,0.0,0.2137624406422931,0.1574978029551207,0.0,0.6040268456375839,0.0102052026845637,0.0,6.644295302013424,4.832214765100671,0.1897671503355704,25.97315436241611,DM/CM,61,52,55,57,91,25,32,7,7,7,48,95,82,34,39,70,70,70,66,50,7,14,52,50,73,75,39,14,100,9,64,7,95,82,30,36,27,23,89,73,86,61,73,50,64,64,86,25,32,7,7,14,48,95,82,36,39,73,82,73,73,50,7,14,52,50,73,75,39,14,100,9,64,7,95,86,30,41,36,23,95,73,95,73,Premiership
Kilmarnock,enzoyc121va61wtmjf4cm7p3d,4j14wvtclmprw5o8wtwzd1atw,E. Ring,Erik Ring,24.0,Midfielder,Sweden,Midfielder,13.0,20.0,32.0,0.0,0.0,0.0,0.0,10.0,10.0,9.0,0.0,156.0,0.0,2.0,0.0,1.0,2.0,1.0,0.0,7.0,1.0,2.0,4.0,0.0,0.0,74.42,40.0,50.0,40.0,0.0,37.5,33.33,50.0,0.0,0.0,0.0,0.0,0.0,0.0,0.0,0.0,0.0,0.0,7.5,11.538461538461538,18.46153846153846,0.0,0.0,0.0,0.0,5.769230769230769,5.769230769230769,5.1923076923076925,0.0,0.0,1.1538461538461535,0.0,0.5769230769230769,1.1538461538461535,0.5769230769230769,0.0,4.038461538461538,0.5769230769230769,1.1538461538461535,2.3076923076923075,0.0,0.0,74.42,40.0,50.0,40.0,0.0,37.5,33.33,50.0,0.0,0.0,0.0,0.0,0.0,0.0,0.0,0.0,0.0,0.0,RM/RCM,33,50,33,33,33,42,33,83,83,42,42,42,42,25,92,58,25,33,83,33,33,92,58,50,33,75,100,83,42,17,50,33,33,33,42,33,33,33,25,25,25,25,33,67,33,33,33,42,33,100,100,67,42,42,50,25,100,67,17,33,83,33,33,83,58,50,33,75,100,83,42,17,50,33,33,33,42,33,33,33,25,25,25,25,Premiership
Kilmarnock,enzoyc121va61wtmjf4cm7p3d,610qf6vm0fsq97hvdcpj4ka95,T. Lowery,Tom Lowery,28.0,Midfielder,Wales,Midfielder,45.0,48.0,92.0,1.0,1.0,0.0,0.0,3.0,3.0,7.0,0.0,180.0,0.0,5.0,2.0,1.0,2.0,2.0,5.0,0.0,1.0,0.0,2.0,0.0,2.0,87.62,40.0,33.33,66.67,0.0,58.33,66.67,0.0,0.0908297800513568,0.445966732302775,0.0,9.0,0.30987227,6.0,7.0,11.0,0.3856185799999999,54.0,22.5,24.0,46.0,0.5,0.5,0.0,0.0,1.5,1.5,3.5,0.0,0.0,2.5,1.0,0.5,1.0,1.0,2.5,0.0,0.5,0.0,1.0,0.0,1.0,87.62,40.0,33.33,66.67,0.0,58.33,66.67,0.0,0.0454148900256784,0.2229833661513875,0.0,4.5,0.154936135,3.0,3.5,5.5,0.1928092899999999,27.0,DM/CM,73,82,77,36,61,25,32,73,68,18,48,41,95,34,84,45,57,98,14,30,7,80,52,100,68,55,84,64,41,73,93,7,45,100,30,100,100,100,61,91,95,86,68,68,68,34,66,25,32,70,70,9,48,41,86,27,89,39,55,91,14,20,7,80,52,100,68,55,84,64,41,73,93,7,50,91,30,100,100,95,55,84,100,77,Premiership
Kilmarnock,enzoyc121va61wtmjf4cm7p3d,8r6ckwdkz9mueryruzqhwjx4a,G. Stanger,George Stanger,26.0,Defender,New Zealand,Defender,52.0,19.0,71.0,1.0,1.0,0.0,0.0,1.0,1.0,13.0,0.0,180.0,0.0,3.0,2.0,0.0,1.0,8.0,0.0,13.0,3.0,1.0,1.0,0.0,0.0,78.89,12.5,0.0,100.0,0.0,81.25,80.0,50.0,0.1086453085486023,0.0,0.0,1.0,0.0241224,1.0,6.0,6.0,0.1126450599999999,53.0,26.0,9.5,35.5,0.5,0.5,0.0,0.0,0.5,0.5,6.5,0.0,0.0,1.5,1.0,0.0,0.5,4.0,0.0,6.5,1.5,0.5,0.5,0.0,0.0,78.89,12.5,0.0,100.0,0.0,81.25,80.0,50.0,0.0543226542743011,0.0,0.0,0.5,0.0120612,0.5,3.0,3.0,0.0563225299999999,26.5,RB/RCB,100,21,79,61,64,46,29,61,57,82,54,50,61,54,32,18,86,29,93,82,21,75,43,54,50,7,32,89,50,93,93,36,79,36,50,50,57,61,82,79,43,100,100,7,86,50,50,46,29,54,46,71,54,50,57,46,32,11,93,29,93,79,14,71,43,54,50,7,32,89,50,93,93,36,71,36,50,50,57,57,86,75,50,93,Premiership
Kilmarnock,enzoyc121va61wtmjf4cm7p3d,ctqn305re0qsih8mh5nufg89h,G. Kiltie,Greg Kiltie,29.0,Attacker,Scotland,Striker,19.0,32.0,48.0,3.0,3.0,0.0,0.0,5.0,5.0,10.0,1.0,175.0,2.0,5.0,5.0,3.0,1.0,0.0,4.0,2.0,0.0,2.0,2.0,0.0,0.0,82.76,25.0,25.0,40.0,66.67,47.62,0.0,66.67,0.4190198996064975,0.4281572464705641,0.0,4.0,0.14503727,1.0,6.0,7.0,0.24174706,20.0,9.771428571428572,16.45714285714286,24.685714285714287,1.542857142857143,1.542857142857143,0.0,0.0,2.571428571428572,2.571428571428572,5.142857142857143,0.5142857142857143,1.0285714285714287,2.571428571428572,2.571428571428572,1.542857142857143,0.5142857142857143,0.0,2.0571428571428574,1.0285714285714287,0.0,1.0285714285714287,1.0285714285714287,0.0,0.0,82.76,25.0,25.0,40.0,66.67,47.62,0.0,66.67,0.2154959483690558,0.2201951553277186,0.0,2.0571428571428574,0.074590596,0.5142857142857143,3.085714285714286,3.6,0.1243270594285714,10.285714285714286,CM/AM,89,50,61,39,67,28,22,83,83,100,83,83,56,94,78,28,22,67,44,22,89,78,56,56,89,33,67,61,89,78,28,72,78,89,28,89,89,61,50,56,67,67,67,44,56,22,56,28,22,78,78,89,78,78,44,89,67,33,22,67,33,22,89,78,56,56,89,33,67,61,89,78,28,72,78,89,28,89,89,44,44,56,44,56,Premiership
Kilmarnock,enzoyc121va61wtmjf4cm7p3d,d4xnxle3pcv60nd7oauwfmuei,M. Schjønning-Larsen,Michael Schjønning-Larsen,25.0,Defender,Estonia,Defender,29.0,30.0,59.0,1.0,1.0,0.0,0.0,2.0,2.0,2.0,1.0,164.0,1.0,3.0,0.0,0.0,0.0,1.0,1.0,4.0,1.0,0.0,1.0,0.0,0.0,80.82,0.0,0.0,50.0,100.0,40.0,0.0,0.0,0.1142799680262807,0.0852773870117767,0.0,5.0,0.14056312,1.0,6.0,7.0,0.1332975599999999,30.0,15.914634146341465,16.463414634146343,32.3780487804878,0.5487804878048781,0.5487804878048781,0.0,0.0,1.0975609756097562,1.0975609756097562,1.0975609756097562,0.5487804878048781,0.5487804878048781,1.6463414634146345,0.0,0.0,0.0,0.5487804878048781,0.5487804878048781,2.1951219512195124,0.5487804878048781,0.0,0.5487804878048781,0.0,0.0,80.82,0.0,0.0,50.0,100.0,40.0,0.0,0.0,0.0627146165997881,0.0467985660430481,0.0,2.7439024390243905,0.0771382975609756,0.5487804878048781,3.292682926829269,3.841463414634146,0.0731510999999999,16.463414634146343,CB,16,55,23,50,55,43,41,84,84,5,95,82,59,23,48,11,7,59,11,43,18,73,45,52,23,11,48,64,100,9,14,18,50,77,43,95,100,86,70,66,59,41,14,55,18,55,55,43,41,86,86,5,95,86,55,23,48,11,5,73,5,36,18,77,45,52,23,11,48,64,100,9,14,18,45,82,43,95,100,91,73,64,55,36,Premiership
Kilmarnock,enzoyc121va61wtmjf4cm7p3d,epoveky29f4wroi3w6p1xcyy1,T. John-Jules,Tyreece John-Jules,25.0,Attacker,England,Striker,6.0,12.0,18.0,1.0,1.0,0.0,0.0,2.0,2.0,8.0,0.0,119.0,1.0,6.0,3.0,0.0,0.0,3.0,1.0,3.0,0.0,0.0,0.0,0.0,0.0,62.07,0.0,0.0,0.0,100.0,34.78,42.86,0.0,0.1843878663654165,0.0999403254079335,0.0,4.0,0.15380867,2.0,1.0,1.0,0.13107096,6.0,4.53781512605042,9.07563025210084,13.61344537815126,0.7563025210084033,0.7563025210084033,0.0,0.0,1.512605042016807,1.512605042016807,6.050420168067227,0.0,0.7563025210084033,4.53781512605042,2.26890756302521,0.0,0.0,2.26890756302521,0.7563025210084033,2.26890756302521,0.0,0.0,0.0,0.0,0.0,62.07,0.0,0.0,0.0,100.0,34.78,42.86,0.0,0.139453008175525,0.0755851200564203,0.0,3.0252100840336134,0.1163258848739495,1.512605042016807,0.7563025210084033,0.7563025210084033,0.0991292974789915,4.53781512605042,ST,42,40,40,15,21,27,23,54,50,62,33,37,35,81,33,31,69,23,79,35,21,23,50,37,27,31,33,23,94,35,73,21,31,27,31,90,88,83,54,46,54,46,46,58,62,15,23,27,23,62,58,77,33,50,46,88,33,31,77,23,85,35,21,23,50,37,27,31,33,23,94,35,73,21,31,27,31,92,88,85,58,54,62,58,Premiership
Kilmarnock,enzoyc121va61wtmjf4cm7p3d,etlv5711rl4ssssl1do689rai,J. Hugill,Joe Hugill,22.0,Attacker,England,Striker,5.0,13.0,18.0,5.0,5.0,0.0,1.0,0.0,0.0,2.0,1.0,180.0,3.0,8.0,1.0,0.0,0.0,0.0,0.0,0.0,0.0,0.0,0.0,0.0,0.0,78.26,0.0,0.0,0.0,60.0,16.67,0.0,0.0,0.7208491840923669,0.0,0.0,1.0,0.02855202,1.0,0.0,1.0,0.09637604,4.0,2.5,6.5,9.0,2.5,2.5,0.0,0.5,0.0,0.0,1.0,0.5,1.5,4.0,0.5,0.0,0.0,0.0,0.0,0.0,0.0,0.0,0.0,0.0,0.0,78.26,0.0,0.0,0.0,60.0,16.67,0.0,0.0,0.3604245920461834,0.0,0.0,0.5,0.01427601,0.5,0.0,0.5,0.04818802,2.0,ST,37,48,40,67,83,27,54,10,8,4,79,92,48,27,33,31,12,8,19,35,21,23,50,37,88,31,33,23,85,12,13,21,77,10,31,29,35,62,23,46,46,29,31,27,23,60,77,27,52,10,8,4,75,83,35,17,33,31,12,8,19,35,21,23,50,37,88,31,33,23,85,12,13,21,73,10,31,23,27,50,23,37,38,19,Premiership
Kilmarnock,enzoyc121va61wtmjf4cm7p3d,f104wb7oezb00w1lmyebcow6h,J. Brandon,Jamie Brandon,28.0,Defender,Scotland,Defender,22.0,22.0,41.0,1.0,1.0,0.0,1.0,4.0,6.0,7.0,0.0,136.0,0.0,3.0,0.0,3.0,3.0,1.0,3.0,5.0,2.0,3.0,3.0,1.0,0.0,78.85,37.5,50.0,75.0,0.0,50.0,33.33,100.0,0.0667794737909496,0.2934789178620963,0.0,2.0,0.05886593,2.0,4.0,6.0,0.2441726699999999,20.0,14.558823529411764,14.558823529411764,27.13235294117647,0.6617647058823529,0.6617647058823529,0.0,0.6617647058823529,2.647058823529412,3.9705882352941178,4.632352941176471,0.0,0.0,1.9852941176470589,0.0,1.9852941176470589,1.9852941176470589,0.6617647058823529,1.9852941176470589,3.308823529411765,1.3235294117647058,1.9852941176470589,1.9852941176470589,0.6617647058823529,0.0,78.85,37.5,50.0,75.0,0.0,50.0,33.33,100.0,0.044192298832246,0.1942139897616813,0.0,1.3235294117647058,0.0389553948529411,1.3235294117647058,2.647058823529412,3.9705882352941178,0.1615848551470587,13.23529411764706,RB/RCB,46,32,36,61,64,46,79,100,100,32,54,50,61,7,93,64,18,96,25,50,79,100,89,54,43,50,89,71,50,18,25,89,50,100,50,68,71,82,57,79,93,57,57,57,43,71,71,46,93,100,100,50,54,50,64,7,86,57,14,93,21,64,64,100,93,54,43,50,89,71,50,18,25,89,64,100,50,71,79,79,79,93,93,50,Premiership
Kilmarnock,enzoyc121va61wtmjf4cm7p3d,f3m60k7nbbfagxays3o344c2c,E. Brown,Ethan Schilte-Brown,21.0,Defender,Canada,Defender,43.0,3.0,46.0,0.0,0.0,0.0,0.0,0.0,0.0,6.0,0.0,90.0,0.0,0.0,0.0,0.0,0.0,5.0,0.0,7.0,0.0,1.0,0.0,0.0,0.0,83.64,0.0,0.0,0.0,0.0,66.67,83.33,100.0,0.0,0.0,0.0,0.0,0.0,0.0,0.0,0.0,0.0,0.0,43.0,3.0,46.0,0.0,0.0,0.0,0.0,0.0,0.0,6.0,0.0,0.0,0.0,0.0,0.0,0.0,5.0,0.0,7.0,0.0,1.0,0.0,0.0,0.0,83.64,0.0,0.0,0.0,0.0,66.67,83.33,100.0,0.0,0.0,0.0,0.0,0.0,0.0,0.0,0.0,0.0,0.0,CB,27,5,18,20,23,43,41,30,30,27,45,36,14,23,48,11,43,20,30,18,50,32,45,52,45,11,48,32,36,57,80,82,20,27,43,27,27,41,16,16,16,16,73,5,50,20,23,43,41,30,30,57,45,36,14,23,48,11,73,20,55,18,73,32,45,52,45,11,48,32,36,57,80,82,20,27,43,27,27,41,16,16,16,16,Premiership
Motherwell,759fhii7hsnldanli06j5jmf6,3wgsxsp1pqts0zjpdudvxrlgq,W. Vogt,Willy Vogt,24.0,Attacker,Switzerland,Striker,4.0,15.0,19.0,1.0,1.0,0.0,0.0,4.0,5.0,6.0,0.0,142.0,0.0,8.0,1.0,0.0,0.0,1.0,0.0,1.0,0.0,0.0,4.0,0.0,0.0,76.0,0.0,0.0,100.0,0.0,60.0,50.0,0.0,0.0701154855012165,0.0,0.0,3.0,0.14055862,2.0,0.0,1.0,0.0257782499999999,5.0,2.535211267605634,9.507042253521128,12.042253521126762,0.6338028169014085,0.6338028169014085,0.0,0.0,2.535211267605634,3.1690140845070425,3.802816901408451,0.0,0.0,5.070422535211268,0.6338028169014085,0.0,0.0,0.6338028169014085,0.0,0.6338028169014085,0.0,0.0,2.535211267605634,0.0,0.0,76.0,0.0,0.0,100.0,0.0,60.0,50.0,0.0,0.0444393922190808,0.0,0.0,1.9014084507042253,0.0890864492957746,1.267605633802817,0.0,0.6338028169014085,0.0163383274647886,3.1690140845070425,RW,36,29,29,29,36,29,21,50,64,43,57,36,64,21,50,36,71,14,64,36,29,100,57,43,14,36,50,100,36,100,79,29,29,14,21,43,57,71,21,29,29,29,29,29,29,29,29,29,21,29,50,29,57,36,71,14,50,36,64,14,50,36,29,100,57,43,14,36,50,100,36,100,79,29,29,14,21,43,57,64,21,29,29,29,Premiership
Motherwell,759fhii7hsnldanli06j5jmf6,7w7ufa4v85hmj1qxnmqc4zgiy,I. Said,Ibrahim Said,24.0,Attacker,Nigeria,Striker,15.0,38.0,53.0,4.0,4.0,0.0,1.0,13.0,13.0,21.0,1.0,180.0,1.0,5.0,5.0,0.0,1.0,2.0,2.0,2.0,2.0,2.0,11.0,0.0,0.0,76.81,33.33,0.0,84.62,25.0,61.76,50.0,66.67,0.6918010654618194,0.1666831474387755,0.0,6.0,0.14796033,5.0,5.0,4.0,0.2296874499999999,30.0,7.5,19.0,26.5,2.0,2.0,0.0,0.5,6.5,6.5,10.5,0.5,0.5,2.5,2.5,0.0,0.5,1.0,1.0,1.0,1.0,1.0,5.5,0.0,0.0,76.81,33.33,0.0,84.62,25.0,61.76,50.0,66.67,0.3459005327309097,0.0833415737193877,0.0,3.0,0.073980165,2.5,2.5,2.0,0.1148437249999999,15.0,ST,87,92,96,48,67,27,54,100,100,100,79,37,25,96,33,69,48,44,63,92,83,100,50,37,81,67,33,85,27,100,88,71,73,42,31,96,85,98,94,87,77,96,77,92,96,33,62,27,52,100,100,100,75,19,17,92,33,62,40,35,63,90,77,100,50,37,81,67,33,85,27,100,88,71,69,35,31,88,81,96,88,83,65,96,Premiership
Motherwell,759fhii7hsnldanli06j5jmf6,a5z6a6lnuxjb8rb13pfe83ms4,O. Priestman,Oscar Priestman,23.0,Midfielder,Australia,Midfielder,48.0,37.0,85.0,0.0,0.0,0.0,0.0,1.0,1.0,8.0,0.0,172.0,0.0,1.0,3.0,0.0,4.0,1.0,1.0,2.0,3.0,3.0,0.0,0.0,0.0,89.47,66.67,0.0,0.0,0.0,53.33,50.0,75.0,0.0,0.1384699595914076,0.0,6.0,0.12492835,3.0,7.0,6.0,0.34440474,43.0,25.11627906976744,19.36046511627907,44.47674418604651,0.0,0.0,0.0,0.0,0.5232558139534883,0.5232558139534883,4.186046511627906,0.0,0.0,0.5232558139534883,1.569767441860465,0.0,2.093023255813953,0.5232558139534883,0.5232558139534883,1.0465116279069766,1.569767441860465,1.569767441860465,0.0,0.0,0.0,89.47,66.67,0.0,0.0,0.0,53.33,50.0,75.0,0.0,0.0724552114141086,0.0,3.13953488372093,0.0653694854651162,1.569767441860465,3.6627906976744176,3.13953488372093,0.1802117825581395,22.5,DM/CM,77,59,73,16,23,25,32,27,27,32,48,41,36,64,39,70,34,48,52,66,61,14,52,50,77,75,39,14,41,50,64,75,16,64,30,93,91,86,61,55,91,61,77,45,55,16,23,25,32,20,20,18,48,41,36,61,39,64,27,50,55,68,50,14,52,50,77,75,39,14,41,50,64,75,16,64,30,86,82,86,61,57,91,57,Premiership
Motherwell,759fhii7hsnldanli06j5jmf6,akopyu6vzbx7vg83jv7ish756,M. Moormann,Martin Moormann,25.0,Defender,Austria,Defender,111.0,17.0,128.0,0.0,0.0,0.0,0.0,0.0,0.0,7.0,0.0,155.0,0.0,0.0,1.0,0.0,5.0,5.0,1.0,12.0,0.0,1.0,0.0,1.0,0.0,91.43,45.45,0.0,0.0,0.0,70.0,83.33,100.0,0.0,0.1243330673948863,0.0,0.0,0.0,0.0,3.0,2.0,0.1899510599999999,81.0,64.45161290322581,9.870967741935484,74.32258064516128,0.0,0.0,0.0,0.0,0.0,0.0,4.064516129032258,0.0,0.0,0.0,0.5806451612903225,0.0,2.9032258064516125,2.9032258064516125,0.5806451612903225,6.967741935483871,0.0,0.5806451612903225,0.0,0.5806451612903225,0.0,91.43,45.45,0.0,0.0,0.0,70.0,83.33,100.0,0.0,0.0721933939712242,0.0,0.0,0.0,0.0,1.7419354838709675,1.161290322580645,0.1102941638709676,47.03225806451613,CB,86,32,82,20,23,43,41,30,30,41,45,36,14,59,48,55,43,59,59,18,50,32,93,52,77,59,48,32,36,64,80,82,20,82,43,27,27,41,50,32,68,86,100,32,82,20,23,43,41,30,30,27,45,36,14,55,48,64,41,77,50,18,50,32,95,52,77,59,48,32,36,64,80,82,20,91,43,27,27,41,45,32,73,95,Premiership
Motherwell,759fhii7hsnldanli06j5jmf6,avtbng9l03cdal3qxjtuhppg4,J. Knight-Lebel,Jamie Knight-Lebel,21.0,Defender,Canada,Defender,78.0,21.0,99.0,0.0,0.0,0.0,0.0,0.0,0.0,8.0,0.0,114.0,0.0,2.0,1.0,0.0,3.0,7.0,2.0,8.0,0.0,0.0,0.0,0.0,0.0,90.0,30.0,0.0,0.0,0.0,88.89,87.5,0.0,0.0,0.0647762327514005,0.0,2.0,0.03867417,0.0,2.0,3.0,0.1024164199999999,58.0,61.578947368421055,16.578947368421055,78.15789473684211,0.0,0.0,0.0,0.0,0.0,0.0,6.315789473684211,0.0,0.0,1.5789473684210529,0.7894736842105263,0.0,2.368421052631579,5.526315789473684,1.5789473684210529,6.315789473684211,0.0,0.0,0.0,0.0,0.0,90.0,30.0,0.0,0.0,0.0,88.89,87.5,0.0,0.0,0.0511391311195267,0.0,1.5789473684210529,0.0305322394736842,0.0,1.5789473684210529,2.368421052631579,0.0808550684210525,45.78947368421053,CB,75,45,59,20,23,43,41,30,30,50,45,36,50,59,48,39,70,89,36,18,18,32,45,52,64,27,48,32,36,95,91,18,20,68,43,82,73,41,36,36,36,64,91,59,86,20,23,43,41,30,30,64,45,36,50,73,48,50,82,91,41,18,18,32,45,52,64,27,48,32,36,95,91,18,20,86,43,86,86,41,41,45,59,91,Premiership
Motherwell,759fhii7hsnldanli06j5jmf6,bofzw9xfhdsaar6kxio07ihyi,T. Maswanhise,Tawanda Maswanhise,23.0,Attacker,Zimbabwe,Striker,2.0,3.0,5.0,4.0,3.0,1.0,1.0,2.0,2.0,7.0,0.0,114.0,0.0,4.0,5.0,0.0,0.0,1.0,1.0,1.0,0.0,1.0,0.0,0.0,0.0,83.33,0.0,0.0,0.0,0.0,46.67,25.0,100.0,0.4975311882424884,0.0714444421913245,1.0,0.0,0.0,0.0,0.0,0.0,0.0029940199999999,1.0,1.5789473684210529,2.368421052631579,3.947368421052632,3.1578947368421053,2.368421052631579,0.7894736842105263,0.7894736842105263,1.5789473684210529,1.5789473684210529,5.526315789473684,0.0,0.0,3.1578947368421053,3.947368421052632,0.0,0.0,0.7894736842105263,0.7894736842105263,0.7894736842105263,0.0,0.7894736842105263,0.0,0.0,0.0,83.33,0.0,0.0,0.0,0.0,46.67,25.0,100.0,0.3927877801914382,0.0564035069931509,0.7894736842105263,0.0,0.0,0.0,0.0,0.0,0.0023636999999999,0.7894736842105263,RW,14,14,14,64,71,64,50,14,14,71,57,36,36,100,50,36,71,36,64,36,64,21,57,43,79,36,50,21,36,57,57,93,86,43,50,21,21,29,21,14,14,14,14,14,14,86,86,71,57,14,14,86,57,36,29,100,50,36,86,29,71,36,71,21,57,43,79,36,50,21,36,57,57,93,100,43,43,21,21,29,21,14,14,14,Premiership
Motherwell,759fhii7hsnldanli06j5jmf6,bvesmwgntot79952ng81ok50q,L. Fadinger,Lukas Fadinger,25.0,Midfielder,Austria,Midfielder,74.0,45.0,119.0,4.0,2.0,2.0,0.0,3.0,3.0,10.0,1.0,180.0,3.0,4.0,3.0,0.0,2.0,1.0,0.0,3.0,7.0,3.0,1.0,0.0,0.0,90.84,100.0,0.0,33.33,75.0,45.45,0.0,60.0,0.2510958084749885,0.0,2.0,2.0,0.0348216,1.0,3.0,4.0,0.07371456,45.0,37.0,22.5,59.5,2.0,1.0,1.0,0.0,1.5,1.5,5.0,0.5,1.5,2.0,1.5,0.0,1.0,0.5,0.0,1.5,3.5,1.5,0.5,0.0,0.0,90.84,100.0,0.0,33.33,75.0,45.45,0.0,60.0,0.1255479042374942,0.0,1.0,1.0,0.0174108,0.5,1.5,2.0,0.03685728,22.5,DM/CM,91,75,89,93,91,80,32,73,68,55,98,100,82,64,39,45,34,18,66,100,61,45,52,50,86,98,39,30,95,18,16,41,77,20,86,52,50,55,39,39,23,70,95,59,91,93,82,80,32,70,70,36,100,100,75,55,39,39,20,18,59,100,45,34,52,50,86,98,39,30,95,18,16,41,86,20,89,50,45,52,27,32,23,57,Premiership
Motherwell,759fhii7hsnldanli06j5jmf6,bw94bkrr4okgzyimwqek5d59l,E. Longelo,Emmanuel Longelo,25.0,Defender,England,Defender,23.0,19.0,38.0,0.0,0.0,0.0,0.0,7.0,8.0,14.0,0.0,158.0,0.0,2.0,2.0,4.0,2.0,5.0,3.0,6.0,1.0,1.0,5.0,0.0,0.0,65.52,40.0,50.0,71.43,0.0,66.67,83.33,50.0,0.0,0.4044361652396913,0.0,8.0,0.2442487699999999,2.0,3.0,4.0,0.48146984,17.0,13.10126582278481,10.822784810126585,21.64556962025317,0.0,0.0,0.0,0.0,3.987341772151898,4.556962025316456,7.974683544303797,0.0,0.0,1.139240506329114,1.139240506329114,2.278481012658228,1.139240506329114,2.848101265822785,1.7088607594936709,3.4177215189873418,0.569620253164557,0.569620253164557,2.848101265822785,0.0,0.0,65.52,40.0,50.0,71.43,0.0,66.67,83.33,50.0,0.0,0.2303750308327355,0.0,4.556962025316456,0.1391290462025315,1.139240506329114,1.7088607594936709,2.278481012658228,0.2742549721518987,9.683544303797468,LB/LCB,36,43,43,32,43,39,43,100,100,86,50,43,71,64,93,36,75,75,39,43,39,100,54,43,21,64,89,86,43,82,93,39,36,86,50,100,100,79,50,50,93,43,43,36,29,32,43,39,43,93,100,79,50,43,71,71,86,29,86,79,36,43,36,100,54,43,21,64,89,86,43,82,93,39,36,86,50,100,100,86,57,50,93,43,Premiership
Motherwell,759fhii7hsnldanli06j5jmf6,debf7ngbvj4ij8w0qq84ufnfu,T. Sparrow,Tom Sparrow,23.0,Midfielder,Wales,Midfielder,60.0,39.0,99.0,0.0,0.0,0.0,0.0,6.0,7.0,15.0,0.0,154.0,0.0,3.0,4.0,0.0,3.0,2.0,3.0,4.0,2.0,3.0,4.0,0.0,0.0,86.84,42.86,0.0,66.67,0.0,53.57,66.67,60.0,0.0,0.2548647358383583,0.0,3.0,0.07542333,2.0,5.0,6.0,0.10542701,28.0,35.064935064935064,22.7922077922078,57.85714285714286,0.0,0.0,0.0,0.0,3.5064935064935066,4.090909090909091,8.766233766233766,0.0,0.0,1.7532467532467533,2.337662337662338,0.0,1.7532467532467533,1.168831168831169,1.7532467532467533,2.337662337662338,1.168831168831169,1.7532467532467533,2.337662337662338,0.0,0.0,86.84,42.86,0.0,66.67,0.0,53.57,66.67,60.0,0.0,0.1489469235418977,0.0,1.7532467532467533,0.0440785694805194,1.168831168831169,2.9220779220779223,3.5064935064935066,0.0616131876623376,16.363636363636363,RM/RCM,92,83,100,33,33,42,33,67,67,100,42,42,67,100,42,83,58,100,67,75,50,92,58,50,100,100,42,100,42,67,92,50,33,100,42,83,83,83,83,75,67,67,83,100,100,33,33,42,33,67,67,100,42,42,67,100,42,83,67,100,67,100,50,100,58,50,100,100,42,100,42,67,92,50,33,100,42,83,83,83,83,83,67,83,Premiership
Motherwell,759fhii7hsnldanli06j5jmf6,ejxxguqwzmf6oe6yczjqqapnu,D. Williams,Dylan Williams,22.0,Defender,England,Defender,36.0,15.0,51.0,0.0,0.0,0.0,0.0,2.0,2.0,1.0,0.0,90.0,0.0,0.0,0.0,0.0,2.0,0.0,1.0,1.0,1.0,0.0,0.0,0.0,1.0,82.26,33.33,0.0,0.0,0.0,14.29,0.0,0.0,0.0,0.1138579494624155,0.0,0.0,0.0,0.0,1.0,3.0,0.15860023,21.0,36.0,15.0,51.0,0.0,0.0,0.0,0.0,2.0,2.0,1.0,0.0,0.0,0.0,0.0,0.0,2.0,0.0,1.0,1.0,1.0,0.0,0.0,0.0,1.0,82.26,33.33,0.0,0.0,0.0,14.29,0.0,0.0,0.0,0.1138579494624155,0.0,0.0,0.0,0.0,1.0,3.0,0.15860023,21.0,LB/LCB,71,36,50,32,43,39,43,50,50,7,50,43,18,25,25,36,11,46,7,43,14,21,54,93,57,32,25,21,43,7,11,14,36,64,50,29,29,29,43,43,57,57,93,50,86,32,43,39,43,57,57,7,50,43,18,25,25,43,11,57,7,64,14,21,54,96,57,32,25,21,43,7,11,14,36,64,50,29,29,29,43,57,71,79,Premiership
Motherwell,759fhii7hsnldanli06j5jmf6,emzxhx2ki2r67c5l33hfv8844,J. Girdwood-Reich,Jake Girdwood-Reich,22.0,Defender,Australia,Defender,65.0,7.0,72.0,0.0,0.0,0.0,0.0,0.0,0.0,6.0,0.0,91.0,0.0,0.0,0.0,0.0,1.0,5.0,0.0,7.0,0.0,0.0,0.0,0.0,0.0,92.31,25.0,0.0,0.0,0.0,85.71,0.0,0.0,0.0,0.0,0.0,0.0,0.0,0.0,0.0,0.0,0.0,0.0,64.28571428571429,6.923076923076923,71.20879120879121,0.0,0.0,0.0,0.0,0.0,0.0,5.934065934065934,0.0,0.0,0.0,0.0,0.0,0.989010989010989,4.945054945054945,0.0,6.923076923076923,0.0,0.0,0.0,0.0,0.0,92.31,25.0,0.0,0.0,0.0,85.71,0.0,0.0,0.0,0.0,0.0,0.0,0.0,0.0,0.0,0.0,0.0,0.0,CB,59,14,32,20,23,43,41,30,30,27,45,36,14,23,48,25,43,20,30,18,18,32,45,52,91,23,48,32,36,91,14,18,20,27,43,27,27,41,16,16,16,16,95,18,77,20,23,43,41,30,30,50,45,36,14,23,48,23,68,20,45,18,18,32,45,52,91,23,48,32,36,91,14,18,20,27,43,27,27,41,16,16,16,16,Premiership
Rangers,cnnku8uihko7u4th0fms4pvg6,46hksgr3nx4uo993u3mx7yzca,T. Aasgaard,Thelo Aasgaard,24.0,Midfielder,Norway,Midfielder,12.0,47.0,56.0,5.0,2.0,3.0,1.0,6.0,7.0,4.0,1.0,112.0,2.0,9.0,0.0,3.0,2.0,0.0,2.0,2.0,0.0,0.0,4.0,0.0,0.0,87.5,50.0,20.0,66.67,40.0,33.33,0.0,0.0,0.493746538377914,0.2050681233442899,5.0,6.0,0.15442908,1.0,6.0,9.0,0.2142688999999999,25.0,9.642857142857142,37.76785714285714,45.0,4.017857142857142,1.6071428571428572,2.4107142857142856,0.8035714285714286,4.821428571428571,5.625,3.2142857142857144,0.8035714285714286,1.6071428571428572,7.232142857142857,0.0,2.4107142857142856,1.6071428571428572,0.0,1.6071428571428572,1.6071428571428572,0.0,0.0,3.2142857142857144,0.0,0.0,87.5,50.0,20.0,66.67,40.0,33.33,0.0,0.0,0.396760611196538,0.1647868848302329,4.017857142857142,4.821428571428571,0.1240947964285714,0.8035714285714286,4.821428571428571,7.232142857142857,0.1721803660714284,20.089285714285715,CM/AM,33,100,89,89,44,94,61,100,100,17,83,83,78,22,78,56,22,33,44,22,17,100,56,56,100,78,56,78,78,11,28,17,89,44,100,100,100,61,50,78,44,78,56,100,100,100,67,100,78,100,100,33,89,89,100,22,89,67,22,44,78,22,17,100,56,56,100,78,56,78,78,11,28,17,100,56,100,100,100,67,89,78,67,78,Premiership
Rangers,cnnku8uihko7u4th0fms4pvg6,472h3avx9tsf4luz4ioefh3e2,R. Naderi,Ryan Naderi,23.0,Attacker,Germany,Striker,3.0,9.0,12.0,4.0,4.0,0.0,0.0,1.0,1.0,10.0,0.0,99.0,2.0,14.0,2.0,0.0,0.0,8.0,4.0,3.0,0.0,0.0,0.0,1.0,0.0,54.55,0.0,0.0,0.0,50.0,40.0,47.06,0.0,0.475873274353418,0.2919316571423587,0.0,2.0,0.04823619,0.0,1.0,1.0,0.1355156299999999,2.0,2.727272727272727,8.181818181818182,10.909090909090908,3.636363636363636,3.636363636363636,0.0,0.0,0.9090909090909092,0.9090909090909092,9.09090909090909,0.0,1.818181818181818,12.727272727272728,1.818181818181818,0.0,0.0,7.272727272727272,3.636363636363636,2.727272727272727,0.0,0.0,0.0,0.9090909090909092,0.0,54.55,0.0,0.0,0.0,50.0,40.0,47.06,0.0,0.4326120675940163,0.2653924155839624,0.0,1.818181818181818,0.0438510818181818,0.0,0.9090909090909092,0.9090909090909092,0.1231960272727271,1.818181818181818,ST,21,15,12,48,67,27,23,31,27,75,33,71,92,62,33,31,96,83,79,35,21,23,100,37,12,31,33,23,71,63,81,21,62,73,31,52,42,23,54,46,62,10,35,46,35,92,96,27,23,42,38,96,33,92,100,81,33,31,100,96,92,35,21,23,100,37,12,31,33,23,71,63,81,21,81,88,31,77,62,23,62,62,69,15,Premiership
Rangers,cnnku8uihko7u4th0fms4pvg6,53ipmesg7cuaty2uzqm1a2xn9,L. Shankland,Lawrence Shankland,31.0,Attacker,Scotland,Striker,13.0,24.0,37.0,6.0,6.0,0.0,3.0,1.0,1.0,4.0,0.0,180.0,3.0,21.0,1.0,0.0,2.0,2.0,4.0,2.0,0.0,0.0,1.0,0.0,0.0,74.0,66.67,0.0,100.0,50.0,25.0,20.0,0.0,0.6848162437969503,0.3065402971011715,2.0,3.0,0.11710037,0.0,4.0,4.0,0.1687328099999999,16.0,6.5,12.0,18.5,3.0,3.0,0.0,1.5,0.5,0.5,2.0,0.0,1.5,10.5,0.5,0.0,1.0,1.0,2.0,1.0,0.0,0.0,0.5,0.0,0.0,74.0,66.67,0.0,100.0,50.0,25.0,20.0,0.0,0.3424081218984751,0.1532701485505857,1.0,1.5,0.058550185,0.0,2.0,2.0,0.0843664049999999,8.0,ST,73,85,83,83,90,27,92,31,27,17,33,92,100,27,33,88,48,83,63,35,21,60,50,37,62,94,33,94,71,19,37,21,69,77,94,77,77,23,85,87,65,83,65,73,73,73,85,27,88,23,19,12,33,83,96,17,33,85,40,73,63,35,21,52,50,37,62,94,33,94,71,19,37,21,65,65,88,62,73,23,81,83,54,73,Premiership
Rangers,cnnku8uihko7u4th0fms4pvg6,71q8hhitlftls3jwjkzuenfmd,D. Sterling,Dujon Sterling,26.0,Defender,England,Defender,8.0,17.0,23.0,2.0,1.0,1.0,0.0,0.0,0.0,7.0,0.0,90.0,0.0,1.0,3.0,2.0,2.0,2.0,2.0,5.0,0.0,2.0,0.0,0.0,0.0,69.7,28.57,50.0,0.0,0.0,58.33,40.0,100.0,0.0,0.0,0.0,0.0,0.0,0.0,0.0,0.0,0.0,0.0,8.0,17.0,23.0,2.0,1.0,1.0,0.0,0.0,0.0,7.0,0.0,0.0,1.0,3.0,2.0,2.0,2.0,2.0,5.0,0.0,2.0,0.0,0.0,0.0,69.7,28.57,50.0,0.0,0.0,58.33,40.0,100.0,0.0,0.0,0.0,0.0,0.0,0.0,0.0,0.0,0.0,0.0,RB/RCB,7,14,7,89,64,96,29,25,21,32,54,50,29,79,82,43,50,79,25,7,54,32,43,54,14,21,89,32,50,50,39,89,25,36,50,21,21,29,18,18,18,18,29,64,29,100,93,100,29,25,21,79,54,50,36,93,96,68,71,100,68,7,79,32,43,54,14,21,89,32,50,50,39,89,25,36,50,21,21,29,18,18,18,18,Premiership
Rangers,cnnku8uihko7u4th0fms4pvg6,7tx36b9v0w35xs0402q76qycq,E. Fernandez,Emmanuel Fernandez,25.0,Defender,Nigeria,Defender,55.0,46.0,101.0,3.0,3.0,0.0,1.0,3.0,3.0,23.0,0.0,180.0,1.0,6.0,1.0,0.0,7.0,20.0,4.0,17.0,3.0,0.0,2.0,0.0,0.0,83.47,43.75,0.0,66.67,33.33,79.31,90.91,0.0,0.4245972230593109,0.4521615416098,0.0,6.0,0.12139562,4.0,7.0,11.0,0.6084417,70.0,27.5,23.0,50.5,1.5,1.5,0.0,0.5,1.5,1.5,11.5,0.0,0.5,3.0,0.5,0.0,3.5,10.0,2.0,8.5,1.5,0.0,1.0,0.0,0.0,83.47,43.75,0.0,66.67,33.33,79.31,90.91,0.0,0.2122986115296554,0.2260807708049,0.0,3.0,0.06069781,2.0,3.5,5.5,0.30422085,35.0,CB,45,82,64,86,91,43,91,93,93,95,45,82,80,59,48,73,95,100,68,68,18,91,45,52,41,55,48,70,80,82,95,18,95,100,43,100,95,100,77,84,100,82,36,86,55,91,95,43,95,91,91,100,45,82,91,48,48,80,100,98,64,68,18,89,45,52,41,55,48,70,80,82,95,18,95,100,43,100,95,100,77,84,100,82,Premiership
Rangers,cnnku8uihko7u4th0fms4pvg6,894vnlr3zfyyadmhx9n3y6fl6,C. Devlin,Cameron Devlin,28.0,Midfielder,Australia,Midfielder,42.0,77.0,119.0,2.0,1.0,1.0,0.0,1.0,1.0,13.0,0.0,172.0,1.0,2.0,3.0,0.0,6.0,0.0,0.0,1.0,4.0,6.0,1.0,0.0,0.0,92.97,66.67,0.0,100.0,50.0,52.0,0.0,66.67,0.1457278137759701,0.0,0.0,1.0,0.01935132,0.0,7.0,6.0,0.1732802499999998,68.0,21.97674418604651,40.2906976744186,62.26744186046511,1.0465116279069766,0.5232558139534883,0.5232558139534883,0.0,0.5232558139534883,0.5232558139534883,6.8023255813953485,0.0,0.5232558139534883,1.0465116279069766,1.569767441860465,0.0,3.13953488372093,0.0,0.0,0.5232558139534883,2.093023255813953,3.13953488372093,0.5232558139534883,0.0,0.0,92.97,66.67,0.0,100.0,50.0,52.0,0.0,66.67,0.0762529258130076,0.0,0.0,0.5232558139534883,0.0101256906976744,0.0,3.6627906976744176,3.13953488372093,0.0906698982558138,35.581395348837205,DM/CM,68,95,89,57,61,59,32,27,27,66,48,86,59,64,39,89,9,18,36,82,91,45,52,50,91,75,39,86,89,39,16,59,59,20,30,36,36,23,61,55,55,95,64,100,95,55,73,55,32,20,20,55,48,91,59,61,39,86,9,18,27,91,86,41,52,50,91,75,39,86,89,39,16,59,59,20,30,32,32,23,61,57,50,95,Premiership
Rangers,cnnku8uihko7u4th0fms4pvg6,8d52pw246hh32r4ubxbp6cfai,T. Rommens,Tuur Rommens,23.0,Defender,Belgium,Defender,31.0,51.0,80.0,1.0,0.0,1.0,0.0,5.0,5.0,15.0,0.0,180.0,1.0,1.0,3.0,2.0,7.0,5.0,7.0,7.0,1.0,3.0,1.0,0.0,0.0,80.0,70.0,15.38,20.0,100.0,55.56,55.56,50.0,0.0461079286459495,0.4633666591960608,0.0,2.0,0.0452365,2.0,14.0,13.0,0.4291273499999999,52.0,15.5,25.5,40.0,0.5,0.0,0.5,0.0,2.5,2.5,7.5,0.0,0.5,0.5,1.5,1.0,3.5,2.5,3.5,3.5,0.5,1.5,0.5,0.0,0.0,80.0,70.0,15.38,20.0,100.0,55.56,55.56,50.0,0.0230539643229747,0.2316833295980304,0.0,1.0,0.02261825,1.0,7.0,6.5,0.2145636749999999,26.0,LB/LCB,64,93,79,75,43,89,43,89,86,93,50,89,50,79,64,93,75,93,54,43,75,57,54,43,50,89,57,43,100,50,64,39,71,93,50,64,64,79,96,71,79,86,57,93,71,68,43,82,43,75,75,64,50,89,39,79,61,93,79,86,43,25,57,54,54,43,50,89,57,43,100,50,64,39,71,93,50,64,64,68,93,71,79,86,Premiership
Rangers,cnnku8uihko7u4th0fms4pvg6,a3qa9kw3vbh8nu5mgns92czro,O. Makhanya,Olwethu Makhanya,22.0,Defender,South Africa,Defender,44.0,39.0,83.0,0.0,0.0,0.0,0.0,0.0,0.0,6.0,0.0,90.0,0.0,1.0,1.0,0.0,7.0,4.0,0.0,4.0,0.0,1.0,0.0,0.0,0.0,91.21,77.78,0.0,0.0,0.0,75.0,66.67,100.0,0.0,0.0,0.0,0.0,0.0,0.0,0.0,0.0,0.0,0.0,44.0,39.0,83.0,0.0,0.0,0.0,0.0,0.0,0.0,6.0,0.0,0.0,1.0,1.0,0.0,7.0,4.0,0.0,4.0,0.0,1.0,0.0,0.0,0.0,91.21,77.78,0.0,0.0,0.0,75.0,66.67,100.0,0.0,0.0,0.0,0.0,0.0,0.0,0.0,0.0,0.0,0.0,CB,32,68,36,20,23,43,41,30,30,27,45,36,34,59,48,73,30,20,11,18,50,32,45,52,73,95,48,32,36,70,64,82,20,27,43,27,27,41,16,16,16,16,77,100,100,20,23,43,41,30,30,57,45,36,41,89,48,98,59,20,23,18,73,32,45,52,73,95,48,32,36,70,64,82,20,27,43,27,27,41,16,16,16,16,Premiership
St. Johnstone,ez46dadmx0virt38cgeq2n6pf,1dzmlop3jwm8aeqxkmihjl7xm,C. Diabate,Cheick Diabate,24.0,Defender,England,Defender,80.0,48.0,128.0,3.0,3.0,0.0,1.0,5.0,5.0,11.0,1.0,180.0,1.0,3.0,0.0,0.0,14.0,7.0,1.0,13.0,1.0,0.0,3.0,0.0,0.0,91.43,70.0,0.0,60.0,33.33,78.57,87.5,0.0,0.353490519986961,0.0468932568388507,0.0,6.0,0.10854271,0.0,14.0,15.0,0.2757323599999999,83.0,40.0,24.0,64.0,1.5,1.5,0.0,0.5,2.5,2.5,5.5,0.5,0.5,1.5,0.0,0.0,7.0,3.5,0.5,6.5,0.5,0.0,1.5,0.0,0.0,91.43,70.0,0.0,60.0,33.33,78.57,87.5,0.0,0.1767452599934805,0.0234466284194253,0.0,3.0,0.054271355,0.0,7.0,7.5,0.1378661799999999,41.5,LB/LCB,100,79,100,93,93,39,89,89,86,57,100,89,82,25,25,100,96,46,86,43,14,89,54,43,100,89,25,79,86,100,100,14,93,57,50,93,86,29,96,89,64,100,100,79,100,93,93,39,86,75,75,50,100,89,79,25,25,100,93,43,79,25,14,79,54,43,100,89,25,79,86,100,100,14,93,50,50,89,79,29,93,89,57,100,Premiership
St. Johnstone,ez46dadmx0virt38cgeq2n6pf,68jyn13uu405w4npr317v5las,Z. Mitchell,Zach Mitchell,21.0,Defender,England,Defender,64.0,26.0,90.0,0.0,0.0,0.0,0.0,1.0,1.0,10.0,0.0,180.0,0.0,0.0,1.0,0.0,5.0,7.0,0.0,16.0,0.0,1.0,1.0,0.0,0.0,84.11,33.33,0.0,100.0,0.0,90.91,0.0,100.0,0.0,0.0,0.0,0.0,0.0,0.0,0.0,0.0,0.0,0.0,32.0,13.0,45.0,0.0,0.0,0.0,0.0,0.5,0.5,5.0,0.0,0.0,0.0,0.5,0.0,2.5,3.5,0.0,8.0,0.0,0.5,0.5,0.0,0.0,84.11,33.33,0.0,100.0,0.0,90.91,0.0,100.0,0.0,0.0,0.0,0.0,0.0,0.0,0.0,0.0,0.0,0.0,CB,52,50,50,20,23,43,41,68,68,66,45,36,14,59,48,55,70,20,64,18,50,73,45,52,55,32,48,91,36,100,14,82,20,27,43,27,27,41,16,16,16,16,48,41,45,20,23,43,41,68,68,43,45,36,14,48,48,57,50,20,59,18,41,68,45,52,55,32,48,91,36,100,14,82,20,27,43,27,27,41,16,16,16,16,Premiership
St. Johnstone,ez46dadmx0virt38cgeq2n6pf,6c2l1ppjdc2iey5btxtpyv23u,R. McAlear,Reece McAlear,24.0,Midfielder,Scotland,Midfielder,52.0,49.0,99.0,2.0,0.0,2.0,1.0,1.0,1.0,15.0,0.0,159.0,0.0,0.0,2.0,2.0,5.0,4.0,0.0,3.0,1.0,5.0,1.0,0.0,0.0,83.19,45.45,66.67,100.0,0.0,57.69,66.67,62.5,0.1066419346302294,0.0,2.0,1.0,0.01935132,0.0,7.0,11.0,0.28436813,53.0,29.433962264150946,27.735849056603776,56.0377358490566,1.1320754716981132,0.0,1.1320754716981132,0.5660377358490566,0.5660377358490566,0.5660377358490566,8.49056603773585,0.0,0.0,0.0,1.1320754716981132,1.1320754716981132,2.830188679245284,2.2641509433962264,0.0,1.69811320754717,0.5660377358490566,2.830188679245284,0.5660377358490566,0.0,0.0,83.19,45.45,66.67,100.0,0.0,57.69,66.67,62.5,0.0603633592246581,0.0,1.1320754716981132,0.5660377358490566,0.0109535773584905,0.0,3.962264150943396,6.226415094339623,0.1609630924528302,30.0,DM/CM,82,86,82,57,23,80,77,27,27,89,48,41,11,34,95,82,84,18,66,30,82,45,52,50,50,64,100,86,41,68,93,50,50,20,86,36,36,23,61,91,82,82,91,82,82,59,23,100,86,32,32,91,48,41,11,32,95,82,86,18,68,32,82,50,52,50,50,64,100,86,41,68,93,50,55,20,100,36,41,23,68,91,86,86,Premiership
St. Johnstone,ez46dadmx0virt38cgeq2n6pf,6qd345eq0qetz31gjjk7jft9l,M. Foulds,Matty Foulds,28.0,Defender,England,Defender,42.0,50.0,90.0,1.0,0.0,1.0,0.0,2.0,2.0,13.0,0.0,180.0,0.0,5.0,1.0,2.0,6.0,4.0,3.0,4.0,1.0,4.0,1.0,0.0,0.0,84.11,50.0,25.0,50.0,0.0,56.52,50.0,57.14,0.0746430627998479,0.2830838431088249,0.0,1.0,0.02122129,4.0,12.0,14.0,0.4341744999999999,41.0,21.0,25.0,45.0,0.5,0.0,0.5,0.0,1.0,1.0,6.5,0.0,0.0,2.5,0.5,1.0,3.0,2.0,1.5,2.0,0.5,2.0,0.5,0.0,0.0,84.11,50.0,25.0,50.0,0.0,56.52,50.0,57.14,0.0373215313999239,0.1415419215544124,0.0,0.5,0.010610645,2.0,6.0,7.0,0.2170872499999999,20.5,LB/LCB,86,86,86,75,43,89,43,50,50,79,50,43,93,54,64,82,61,75,29,43,96,57,54,43,71,79,64,64,43,57,54,57,86,79,50,57,57,100,79,79,86,75,71,86,79,68,43,82,43,46,46,57,50,43,86,50,61,75,57,71,18,25,82,54,54,43,71,79,64,64,43,57,54,57,79,79,50,57,57,96,71,79,86,68,Premiership
St. Johnstone,ez46dadmx0virt38cgeq2n6pf,88rox9mne5fv60ztacpvtyzqi,J. Gullan,Jamie Gullan,27.0,Attacker,Scotland,Striker,15.0,39.0,48.0,6.0,3.0,3.0,2.0,5.0,5.0,11.0,0.0,175.0,1.0,8.0,3.0,6.0,2.0,3.0,7.0,2.0,1.0,2.0,1.0,0.0,2.0,75.0,25.0,37.5,20.0,16.67,39.29,30.0,50.0,0.2876077475253094,0.9279855130022376,2.0,3.0,0.07335491,3.0,5.0,9.0,0.3987913,21.0,7.714285714285714,20.057142857142857,24.685714285714287,3.085714285714286,1.542857142857143,1.542857142857143,1.0285714285714287,2.571428571428572,2.571428571428572,5.6571428571428575,0.0,0.5142857142857143,4.114285714285715,1.542857142857143,3.085714285714286,1.0285714285714287,1.542857142857143,3.6,1.0285714285714287,0.5142857142857143,1.0285714285714287,0.5142857142857143,0.0,1.0285714285714287,75.0,25.0,37.5,20.0,16.67,39.29,30.0,50.0,0.1479125558701591,0.4772496924011508,1.0285714285714287,1.542857142857143,0.0377253822857142,1.542857142857143,2.571428571428572,4.628571428571429,0.2050926685714285,10.8,ST,87,96,92,83,50,100,75,85,81,85,33,37,48,81,100,88,69,98,63,75,83,60,50,98,73,62,85,46,21,58,58,58,38,100,94,77,62,90,94,96,92,92,81,96,92,77,46,96,73,81,81,58,33,23,38,73,100,88,65,90,69,69,81,58,50,96,73,62,85,46,21,58,58,58,42,100,92,69,54,88,92,96,85,92,Premiership
St. Johnstone,ez46dadmx0virt38cgeq2n6pf,a5fpw5f7bvu01i8drfir8ugut,L. Smith,Liam Smith,30.0,Defender,Scotland,Defender,22.0,33.0,55.0,1.0,1.0,0.0,1.0,2.0,2.0,8.0,0.0,174.0,0.0,2.0,1.0,0.0,2.0,2.0,0.0,5.0,5.0,1.0,2.0,0.0,0.0,84.62,33.33,0.0,100.0,0.0,61.54,50.0,33.33,0.1416499289588789,0.0,0.0,3.0,0.06657017,1.0,5.0,5.0,0.14829347,28.0,11.379310344827584,17.06896551724138,28.448275862068964,0.5172413793103449,0.5172413793103449,0.0,0.5172413793103449,1.0344827586206895,1.0344827586206895,4.137931034482759,0.0,0.0,1.0344827586206895,0.5172413793103449,0.0,1.0344827586206895,1.0344827586206895,0.0,2.586206896551724,2.586206896551724,0.5172413793103449,1.0344827586206895,0.0,0.0,84.62,33.33,0.0,100.0,0.0,61.54,50.0,33.33,0.0732672046339028,0.0,0.0,1.5517241379310345,0.0344328465517241,0.5172413793103449,2.586206896551724,2.586206896551724,0.0767035189655172,14.482758620689657,RB/RCB,46,75,64,61,64,46,79,82,82,54,54,50,46,25,32,43,50,29,25,93,21,93,43,54,79,39,32,89,50,64,64,7,86,36,50,82,79,61,68,61,57,64,43,71,57,64,64,46,79,79,79,43,54,50,43,29,32,43,50,29,14,86,21,93,43,54,79,39,32,89,50,64,64,7,86,36,50,79,71,64,64,57,64,71,Premiership
St. Johnstone,ez46dadmx0virt38cgeq2n6pf,cwdqe0rv5dcshhfhke86j9z2t,J. Holt,Jason Holt,33.0,Midfielder,Scotland,Midfielder,31.0,45.0,76.0,0.0,0.0,0.0,0.0,2.0,2.0,10.0,0.0,140.0,0.0,0.0,6.0,0.0,0.0,1.0,3.0,1.0,0.0,1.0,1.0,0.0,0.0,95.0,0.0,0.0,50.0,0.0,71.43,0.0,50.0,0.0007560713993068,0.1743680737057516,0.0,6.0,0.13012178,3.0,14.0,10.0,0.2329715299999999,47.0,19.928571428571427,28.928571428571427,48.85714285714285,0.0,0.0,0.0,0.0,1.2857142857142856,1.2857142857142856,6.428571428571429,0.0,0.0,0.0,3.857142857142857,0.0,0.0,0.6428571428571428,1.9285714285714288,0.6428571428571428,0.0,0.6428571428571428,0.6428571428571428,0.0,0.0,95.0,0.0,0.0,50.0,0.0,71.43,0.0,50.0,0.0004860458995543,0.1120937616679831,0.0,3.857142857142857,0.0836497157142857,1.9285714285714288,9.0,6.428571428571429,0.149767412142857,30.214285714285715,DM/CM,43,75,59,16,23,25,32,55,52,55,48,41,11,91,39,9,34,82,36,9,14,45,52,50,100,9,39,45,41,100,16,25,32,68,30,93,95,86,95,82,64,77,50,86,73,16,23,25,32,59,55,45,48,41,11,100,39,9,36,86,32,9,14,55,52,50,100,9,39,45,41,100,16,25,36,77,30,95,95,91,100,95,82,91,Premiership
St. Johnstone,ez46dadmx0virt38cgeq2n6pf,cy21ens9gwdhkmwfpdwz3e2cq,R. Paton,Ruari Paton,26.0,Attacker,Republic of Ireland,Striker,9.0,22.0,31.0,1.0,1.0,0.0,0.0,0.0,0.0,1.0,0.0,151.0,1.0,7.0,1.0,0.0,0.0,0.0,1.0,0.0,0.0,0.0,0.0,0.0,0.0,79.49,0.0,0.0,0.0,100.0,14.29,0.0,0.0,0.1133950209080211,0.1058820222300157,0.0,3.0,0.1507697,2.0,3.0,5.0,0.16919713,18.0,5.364238410596027,13.112582781456954,18.47682119205298,0.5960264900662251,0.5960264900662251,0.0,0.0,0.0,0.0,0.5960264900662251,0.0,0.5960264900662251,4.172185430463576,0.5960264900662251,0.0,0.0,0.0,0.5960264900662251,0.0,0.0,0.0,0.0,0.0,0.0,79.49,0.0,0.0,0.0,100.0,14.29,0.0,0.0,0.067586436302794,0.0631084900708702,0.0,1.7880794701986755,0.0898627350993377,1.1920529801324502,1.7880794701986755,2.980132450331126,0.1008459715231788,10.728476821192054,LW,83,100,100,50,83,33,50,33,33,33,67,83,100,67,33,33,67,67,33,33,33,33,67,67,67,33,33,33,100,33,67,33,67,67,33,67,100,100,83,83,100,100,67,100,100,33,67,33,50,33,33,33,67,67,67,67,33,33,67,67,33,33,33,33,67,67,67,33,33,33,100,33,67,33,67,67,33,67,100,100,67,67,100,100,Premiership
St. Johnstone,ez46dadmx0virt38cgeq2n6pf,d5y51fsln791r9ngx2fc03pxw,J. Fowler,Josh Fowler,24.0,Attacker,Scotland,Striker,7.0,13.0,20.0,1.0,1.0,0.0,0.0,1.0,2.0,6.0,1.0,148.0,1.0,4.0,2.0,0.0,0.0,2.0,2.0,0.0,0.0,1.0,1.0,0.0,1.0,74.07,0.0,0.0,100.0,100.0,37.5,28.57,100.0,0.1340382143945973,0.2214429657797892,0.0,2.0,0.11090316,0.0,0.0,1.0,0.07747888,2.0,4.256756756756757,7.905405405405406,12.162162162162163,0.6081081081081081,0.6081081081081081,0.0,0.0,0.6081081081081081,1.2162162162162162,3.6486486486486487,0.6081081081081081,0.6081081081081081,2.4324324324324325,1.2162162162162162,0.0,0.0,1.2162162162162162,1.2162162162162162,0.0,0.0,0.6081081081081081,0.6081081081081081,0.0,0.6081081081081081,74.07,0.0,0.0,100.0,100.0,37.5,28.57,100.0,0.0815097249696875,0.1346612629741961,0.0,1.2162162162162162,0.0674411108108108,0.0,0.0,0.6081081081081081,0.0471155351351351,1.2162162162162162,ST,48,48,48,15,21,27,23,31,50,38,79,37,15,62,33,31,48,44,19,35,56,60,50,83,65,31,33,94,94,44,54,90,27,62,31,52,69,23,23,46,35,10,42,42,50,8,12,27,23,35,50,38,92,31,12,54,33,31,54,42,19,35,50,65,50,85,65,31,33,94,94,44,54,90,19,54,31,54,77,23,23,46,35,8,Premiership
St. Johnstone,ez46dadmx0virt38cgeq2n6pf,dpvmqjqhtd3r0eoaefpux42d,S. Stanton,Sam Stanton,32.0,Midfielder,Scotland,Midfielder,15.0,32.0,47.0,4.0,3.0,1.0,2.0,2.0,2.0,6.0,0.0,180.0,0.0,6.0,0.0,0.0,1.0,1.0,1.0,3.0,4.0,0.0,2.0,0.0,0.0,79.66,33.33,0.0,100.0,0.0,54.55,33.33,0.0,0.3287734686171645,0.0,0.0,0.0,0.0,0.0,7.0,4.0,0.0546836099999999,18.0,7.5,16.0,23.5,2.0,1.5,0.5,1.0,1.0,1.0,3.0,0.0,0.0,3.0,0.0,0.0,0.5,0.5,0.5,1.5,2.0,0.0,1.0,0.0,0.0,79.66,33.33,0.0,100.0,0.0,54.55,33.33,0.0,0.1643867343085822,0.0,0.0,0.0,0.0,0.0,3.5,2.0,0.0273418049999999,9.0,CM/AM,67,50,39,72,67,61,94,39,39,44,39,22,67,22,22,28,50,11,78,100,17,78,56,56,56,44,22,94,22,89,72,17,67,17,28,17,17,22,72,28,22,39,44,33,33,61,44,61,89,33,33,22,39,22,67,22,22,22,44,11,61,100,17,67,56,56,56,44,22,94,22,89,72,17,56,17,28,17,17,22,61,22,22,33,Premiership
St. Mirren,muo4d1nfi1vgyvz5n07tjmoo,16x7shxmsfll6pytg8b8v0dbe,J. Richardson,Jayden Richardson,25.0,Defender,England,Defender,18.0,24.0,42.0,0.0,0.0,0.0,0.0,1.0,1.0,8.0,0.0,180.0,0.0,5.0,2.0,0.0,1.0,1.0,1.0,11.0,1.0,2.0,1.0,0.0,0.0,77.78,16.67,0.0,100.0,0.0,72.73,50.0,50.0,0.0,0.0,0.0,0.0,0.0,0.0,0.0,0.0,0.0,0.0,9.0,12.0,21.0,0.0,0.0,0.0,0.0,0.5,0.5,4.0,0.0,0.0,2.5,1.0,0.0,0.5,0.5,0.5,5.5,0.5,1.0,0.5,0.0,0.0,77.78,16.67,0.0,100.0,0.0,72.73,50.0,50.0,0.0,0.0,0.0,0.0,0.0,0.0,0.0,0.0,0.0,0.0,RB/RCB,36,54,43,21,21,46,29,61,57,54,54,50,82,54,32,18,18,61,86,18,54,75,43,54,29,14,32,89,50,86,64,36,25,36,50,21,21,29,18,18,18,18,36,36,21,21,21,46,29,54,46,32,54,50,79,46,32,11,7,57,79,14,50,71,43,54,29,14,32,89,50,86,64,36,25,36,50,21,21,29,18,18,18,18,Premiership
St. Mirren,muo4d1nfi1vgyvz5n07tjmoo,3s6h7ah3aw6x091rky1zu3tka,Samuel Ramos,Samuel Ramos,26.0,Midfielder,Spain,Midfielder,17.0,30.0,47.0,3.0,1.0,2.0,1.0,3.0,3.0,8.0,0.0,152.0,1.0,4.0,5.0,0.0,3.0,2.0,2.0,1.0,1.0,1.0,0.0,0.0,0.0,81.03,50.0,0.0,0.0,33.33,44.44,50.0,100.0,0.2570321624075269,0.1025922247826928,2.0,2.0,0.04797389,1.0,4.0,8.0,0.2239169999999999,18.0,10.06578947368421,17.763157894736842,27.82894736842105,1.7763157894736843,0.5921052631578947,1.1842105263157894,0.5921052631578947,1.7763157894736843,1.7763157894736843,4.7368421052631575,0.0,0.5921052631578947,2.3684210526315788,2.960526315789474,0.0,1.7763157894736843,1.1842105263157894,1.1842105263157894,0.5921052631578947,0.5921052631578947,0.5921052631578947,0.0,0.0,0.0,81.03,50.0,0.0,0.0,33.33,44.44,50.0,100.0,0.1521900961623514,0.0607453962529102,1.1842105263157894,1.1842105263157894,0.0284055927631578,0.5921052631578947,2.3684210526315788,4.7368421052631575,0.1325824342105262,10.657894736842104,CM/AM,78,33,39,39,33,78,61,61,61,67,39,56,39,94,22,83,67,33,17,56,50,22,56,56,78,78,22,22,56,56,100,94,44,33,78,56,44,61,28,67,56,39,78,56,67,44,33,78,61,67,67,78,39,56,22,100,22,89,67,22,17,56,50,22,56,56,78,78,22,22,56,56,100,94,44,33,83,67,56,56,28,67,56,67,Premiership
St. Mirren,muo4d1nfi1vgyvz5n07tjmoo,64tpd90skhh1yj8yztefhahn9,D. John,Declan John,31.0,Defender,Wales,Defender,12.0,20.0,32.0,1.0,0.0,1.0,1.0,1.0,1.0,2.0,0.0,90.0,0.0,3.0,0.0,0.0,1.0,1.0,1.0,6.0,1.0,1.0,0.0,0.0,0.0,84.21,33.33,0.0,0.0,0.0,50.0,50.0,100.0,0.0495636136134125,0.0364445821852764,0.0,3.0,0.07289925,2.0,7.0,6.0,0.1153158299999999,19.0,12.0,20.0,32.0,1.0,0.0,1.0,1.0,1.0,1.0,2.0,0.0,0.0,3.0,0.0,0.0,1.0,1.0,1.0,6.0,1.0,1.0,0.0,0.0,0.0,84.21,33.33,0.0,0.0,0.0,50.0,50.0,100.0,0.0495636136134125,0.0364445821852764,0.0,3.0,0.07289925,2.0,7.0,6.0,0.1153158299999999,19.0,LB/LCB,18,50,29,75,43,89,89,32,32,14,50,43,82,25,25,18,32,46,39,43,39,21,54,43,79,32,25,21,43,39,54,96,79,43,50,75,79,79,64,61,50,50,29,64,57,82,43,100,93,46,46,21,50,43,93,25,25,21,39,57,71,64,50,21,54,43,79,32,25,21,43,39,54,96,86,57,50,89,93,96,93,64,50,57,Premiership
St. Mirren,muo4d1nfi1vgyvz5n07tjmoo,6t0n68hbpi4fa6lzt815gyc5w,K. Phillips,Killian Phillips,24.0,Midfielder,Republic of Ireland,Midfielder,13.0,36.0,48.0,6.0,5.0,1.0,0.0,3.0,3.0,9.0,3.0,180.0,5.0,11.0,2.0,1.0,3.0,3.0,4.0,3.0,1.0,2.0,1.0,0.0,0.0,73.85,50.0,14.29,33.33,83.33,39.13,42.86,66.67,0.631461090062572,0.3143702278670146,1.0,2.0,0.07176734,2.0,7.0,6.0,0.20471206,19.0,6.5,18.0,24.0,3.0,2.5,0.5,0.0,1.5,1.5,4.5,1.5,2.5,5.5,1.0,0.5,1.5,1.5,2.0,1.5,0.5,1.0,0.5,0.0,0.0,73.85,50.0,14.29,33.33,83.33,39.13,42.86,66.67,0.315730545031286,0.1571851139335073,0.5,1.0,0.03588367,1.0,3.5,3.0,0.10235603,9.5,CM/AM,44,67,61,100,100,61,22,61,61,83,100,100,89,61,50,83,89,67,78,56,89,50,56,56,33,78,44,44,100,33,89,72,100,67,56,56,67,94,72,44,33,56,33,67,44,89,100,61,22,44,44,56,100,100,78,56,44,56,78,56,61,44,78,44,56,56,33,78,44,44,100,33,89,72,89,44,56,44,67,89,61,44,33,44,Premiership
St. Mirren,muo4d1nfi1vgyvz5n07tjmoo,7ey49srzbe1bgi3kjal7fz6dw,E. Sule,Eseosa Sule,20.0,Attacker,Nigeria,Striker,3.0,10.0,13.0,3.0,1.0,2.0,0.0,2.0,2.0,3.0,0.0,127.0,1.0,8.0,2.0,0.0,1.0,0.0,0.0,0.0,0.0,0.0,1.0,0.0,0.0,61.9,50.0,0.0,50.0,33.33,37.5,0.0,0.0,0.0,0.0,0.0,0.0,0.0,0.0,0.0,0.0,0.0,0.0,2.125984251968504,7.086614173228346,9.21259842519685,2.125984251968504,0.7086614173228346,1.4173228346456692,0.0,1.4173228346456692,1.4173228346456692,2.125984251968504,0.0,0.7086614173228346,5.669291338582677,1.4173228346456692,0.0,0.7086614173228346,0.0,0.0,0.0,0.0,0.0,0.7086614173228346,0.0,0.0,61.9,50.0,0.0,50.0,33.33,37.5,0.0,0.0,0.0,0.0,0.0,0.0,0.0,0.0,0.0,0.0,0.0,0.0,ST,21,29,21,33,21,87,23,54,50,10,33,37,48,62,33,69,12,8,19,35,21,60,50,37,21,79,33,65,40,44,13,21,8,10,31,12,12,23,23,13,4,4,23,35,27,42,15,88,23,54,54,19,33,38,65,58,33,77,12,8,19,35,21,69,50,37,21,79,33,65,40,44,13,21,8,10,31,12,12,23,23,13,4,4,Premiership
St. Mirren,muo4d1nfi1vgyvz5n07tjmoo,8kteu42jbj080ouby8i4qjaj8,P. Nsio,Paul Nsio,20.0,Midfielder,England,Midfielder,30.0,33.0,62.0,1.0,1.0,0.0,0.0,4.0,4.0,15.0,0.0,180.0,0.0,3.0,0.0,1.0,2.0,3.0,1.0,6.0,1.0,7.0,2.0,0.0,0.0,72.09,25.0,50.0,50.0,0.0,51.72,60.0,70.0,0.0,0.0,0.0,0.0,0.0,0.0,0.0,0.0,0.0,0.0,15.0,16.5,31.0,0.5,0.5,0.0,0.0,2.0,2.0,7.5,0.0,0.0,1.5,0.0,0.5,1.0,1.5,0.5,3.0,0.5,3.5,1.0,0.0,0.0,72.09,25.0,50.0,50.0,0.0,51.72,60.0,70.0,0.0,0.0,0.0,0.0,0.0,0.0,0.0,0.0,0.0,0.0,DM/CM,32,45,41,36,61,25,32,86,84,89,48,41,70,7,84,45,70,48,86,30,95,80,52,50,18,23,95,45,41,32,84,68,16,20,30,14,14,23,9,11,9,9,23,27,32,34,66,25,32,86,86,73,48,41,64,7,89,39,68,43,91,20,95,80,52,50,18,23,95,45,41,32,84,68,16,20,30,14,14,23,9,11,9,9,Premiership
St. Mirren,muo4d1nfi1vgyvz5n07tjmoo,9d2p89e7bftxqhk80hy9ldeqd,A. Gogić,Alex Gogic,32.0,Defender,Cyprus,Defender,68.0,16.0,84.0,1.0,1.0,0.0,0.0,1.0,1.0,5.0,0.0,180.0,0.0,1.0,0.0,0.0,3.0,2.0,2.0,19.0,2.0,0.0,1.0,0.0,0.0,90.32,42.86,0.0,100.0,0.0,62.5,0.0,0.0,0.1312674461052879,0.0410032546338752,0.0,1.0,0.01689528,0.0,5.0,5.0,0.12468142,54.0,34.0,8.0,42.0,0.5,0.5,0.0,0.0,0.5,0.5,2.5,0.0,0.0,0.5,0.0,0.0,1.5,1.0,1.0,9.5,1.0,0.0,0.5,0.0,0.0,90.32,42.86,0.0,100.0,0.0,62.5,0.0,0.0,0.0656337230526439,0.0205016273169376,0.0,0.5,0.00844764,0.0,2.5,2.5,0.06234071,27.0,CB,64,27,41,50,55,43,41,68,68,18,45,36,34,23,48,39,18,89,77,57,18,73,45,52,68,50,48,91,36,45,14,18,55,55,43,64,64,41,64,55,55,55,55,23,36,45,48,43,41,68,68,9,45,36,32,23,48,34,11,86,86,48,18,68,45,52,68,50,48,91,36,45,14,18,50,55,43,64,59,41,64,50,45,59,Premiership
St. Mirren,muo4d1nfi1vgyvz5n07tjmoo,b5zjhbc8klgjrafy0v3loh9g4,R. Carr,Ryan Carr,21.0,Midfielder,Scotland,Midfielder,31.0,41.0,72.0,3.0,1.0,2.0,1.0,8.0,9.0,14.0,0.0,166.0,0.0,1.0,3.0,0.0,1.0,1.0,1.0,0.0,1.0,3.0,5.0,0.0,0.0,80.9,25.0,0.0,62.5,0.0,45.16,25.0,60.0,0.2157332162662963,0.0393086595029822,2.0,3.0,0.05929272,0.0,10.0,8.0,0.1474101499999999,45.0,16.807228915662648,22.2289156626506,39.03614457831325,1.6265060240963851,0.5421686746987951,1.0843373493975903,0.5421686746987951,4.337349397590361,4.879518072289156,7.590361445783132,0.0,0.0,0.5421686746987951,1.6265060240963851,0.0,0.5421686746987951,0.5421686746987951,0.5421686746987951,0.0,0.5421686746987951,1.6265060240963851,2.710843373493976,0.0,0.0,80.9,25.0,0.0,62.5,0.0,45.16,25.0,60.0,0.1169637919516064,0.021311923826918,1.0843373493975903,1.6265060240963851,0.0321466554216867,0.0,5.421686746987952,4.337349397590361,0.0799211656626505,24.397590361445783,DM/CM,43,68,50,77,61,80,77,100,100,77,48,41,36,64,39,25,34,48,14,30,61,100,52,50,36,23,39,59,41,14,32,41,68,41,86,61,59,23,82,73,36,70,32,55,41,82,77,95,82,100,100,77,48,41,41,68,39,27,32,55,14,27,55,95,52,50,36,23,39,59,41,14,32,41,77,41,95,64,55,23,77,64,36,64,Premiership
St. Mirren,muo4d1nfi1vgyvz5n07tjmoo,bope7x42xo591997erreb21as,H. Fieldson,Henry Fieldson,21.0,Defender,England,Defender,11.0,7.0,15.0,1.0,1.0,0.0,0.0,4.0,4.0,10.0,0.0,90.0,0.0,1.0,3.0,3.0,2.0,1.0,4.0,7.0,0.0,4.0,1.0,0.0,1.0,65.22,33.33,75.0,25.0,0.0,43.48,14.29,80.0,0.0,0.0,0.0,0.0,0.0,0.0,0.0,0.0,0.0,0.0,11.0,7.0,15.0,1.0,1.0,0.0,0.0,4.0,4.0,10.0,0.0,0.0,1.0,3.0,3.0,2.0,1.0,4.0,7.0,0.0,4.0,1.0,0.0,1.0,65.22,33.33,75.0,25.0,0.0,43.48,14.29,80.0,0.0,0.0,0.0,0.0,0.0,0.0,0.0,0.0,0.0,0.0,LB/LCB,7,14,7,75,86,39,43,71,68,50,50,43,50,79,82,36,32,86,54,7,96,57,54,93,14,32,100,50,43,21,21,86,36,21,50,29,29,29,21,21,21,21,21,14,7,82,86,39,43,100,86,93,50,43,61,86,93,43,39,93,86,7,100,71,54,96,14,32,100,50,43,21,21,86,36,21,50,29,29,29,21,21,21,21,Premiership
St. Mirren,muo4d1nfi1vgyvz5n07tjmoo,elt8lu5do3h4jcl9ujgaqlm1h,M. Fraser,Marcus Fraser,32.0,Defender,Scotland,Defender,38.0,16.0,54.0,0.0,0.0,0.0,0.0,0.0,0.0,13.0,0.0,141.0,0.0,0.0,2.0,0.0,5.0,9.0,0.0,10.0,2.0,1.0,0.0,0.0,0.0,78.26,31.25,0.0,0.0,0.0,86.67,81.82,50.0,0.0,0.0,0.0,0.0,0.0,0.0,0.0,0.0,0.0,0.0,24.25531914893617,10.212765957446807,34.46808510638298,0.0,0.0,0.0,0.0,0.0,0.0,8.297872340425531,0.0,0.0,0.0,1.2765957446808511,0.0,3.191489361702128,5.74468085106383,0.0,6.382978723404255,1.2765957446808511,0.6382978723404256,0.0,0.0,0.0,78.26,31.25,0.0,0.0,0.0,86.67,81.82,50.0,0.0,0.0,0.0,0.0,0.0,0.0,0.0,0.0,0.0,0.0,RB/RCB,79,7,57,21,21,46,29,25,21,82,54,50,11,54,32,82,93,29,75,50,21,32,43,54,36,29,32,32,50,100,100,36,25,36,50,21,21,29,18,18,18,18,93,14,79,21,21,46,29,25,21,86,54,50,11,57,32,86,100,29,86,57,36,32,43,54,36,29,32,32,50,100,100,36,25,36,50,21,21,29,18,18,18,18,Premiership
St. Mirren,muo4d1nfi1vgyvz5n07tjmoo,tl63zwx337ppsjkzc40ztyi,C. Mochrie,Chris Mochrie,23.0,Midfielder,Scotland,Midfielder,12.0,29.0,40.0,1.0,0.0,1.0,0.0,4.0,4.0,4.0,0.0,147.0,0.0,3.0,1.0,1.0,0.0,0.0,2.0,2.0,1.0,1.0,2.0,0.0,0.0,76.92,0.0,50.0,50.0,0.0,30.77,0.0,100.0,0.0411555981983828,0.2131873202705029,1.0,2.0,0.05141461,3.0,2.0,3.0,0.27135662,17.0,7.346938775510204,17.755102040816325,24.489795918367346,0.6122448979591837,0.0,0.6122448979591837,0.0,2.4489795918367347,2.4489795918367347,2.4489795918367347,0.0,0.0,1.836734693877551,0.6122448979591837,0.6122448979591837,0.0,0.0,1.2244897959183674,1.2244897959183674,0.6122448979591837,0.6122448979591837,1.2244897959183674,0.0,0.0,76.92,0.0,50.0,50.0,0.0,30.77,0.0,100.0,0.025197305019418,0.1305228491452058,0.6122448979591837,1.2244897959183674,0.0314783326530612,1.836734693877551,1.2244897959183674,1.836734693877551,0.166136706122449,10.408163265306122,LM/LCM,67,67,67,50,50,67,33,33,33,33,67,67,100,33,67,50,33,67,67,50,67,33,67,67,100,50,100,33,67,33,33,100,33,67,67,50,33,100,67,67,67,67,67,100,67,67,50,67,33,67,33,33,67,67,100,33,67,50,33,67,67,33,67,33,67,67,100,50,100,33,67,33,33,100,67,67,67,33,67,100,67,67,100,67,Premiership
