Team,contestantId,playerId,Short Name,Player Name,Age,Position_x,Nationality,Position_y,total accurate back zone pass_Total,total accurate fwd zone pass_Total,total accurate long balls_Total,total accurate pass_Total,total aerial won_Total,total attempt_Total,total attempts ibox_Total,total duels won_Total,total mins played,total touches in opposition box_Total,total assists_Total,total att assist_Total,total attempts obox_Total,total blocked scoring att_Total,total contest_Total,total dribbles attempted_Total,total effective clearance_Total,total goals_Total,total ontarget attempt_Total,total was fouled_Total,total won contest_Total,total won tackle_Total,total interception_Total,total big chances saved_Total,total accurate cross_Total,total direct setpiece goals_Total,pass_success_pct_Total,long_balls_success_pct_Total,cross_success_pct_Total,dribble_success_pct_Total,attempt_success_pct_Total,duel_success_pct_Total,aerial_success_pct_Total,tackle_success_pct_Total,xG_Total,xA_Total,CreatedOwnShot_Total,Total Carries_Total,Total Carry xT_Total,Total Final Third Carries_Total,passes_into_final_third_Total,progressive_passes_Total,xT_pass_Total,forward_passes_Total,total accurate back zone pass_p90,total accurate fwd zone pass_p90,total accurate long balls_p90,total accurate pass_p90,total aerial won_p90,total attempt_p90,total attempts ibox_p90,total duels won_p90,total touches in opposition box_p90,total assists_p90,total att assist_p90,total attempts obox_p90,total blocked scoring att_p90,total contest_p90,total dribbles attempted_p90,total effective clearance_p90,total goals_p90,total ontarget attempt_p90,total was fouled_p90,total won contest_p90,total won tackle_p90,total interception_p90,total big chances saved_p90,total accurate cross_p90,total direct setpiece goals_p90,pass_success_pct_p90,long_balls_success_pct_p90,cross_success_pct_p90,dribble_success_pct_p90,attempt_success_pct_p90,duel_success_pct_p90,aerial_success_pct_p90,tackle_success_pct_p90,xG_p90,xA_p90,CreatedOwnShot_p90,Total Carries_p90,Total Carry xT_p90,Total Final Third Carries_p90,passes_into_final_third_p90,progressive_passes_p90,xT_pass_p90,forward_passes_p90,Pos.,total accurate back zone pass_TotalPR,total accurate fwd zone pass_TotalPR,total accurate long balls_TotalPR,total accurate pass_TotalPR,total aerial won_TotalPR,total attempt_TotalPR,total attempts ibox_TotalPR,total duels won_TotalPR,total touches in opposition box_TotalPR,total assists_TotalPR,total att assist_TotalPR,total attempts obox_TotalPR,total blocked scoring att_TotalPR,total contest_TotalPR,total dribbles attempted_TotalPR,total effective clearance_TotalPR,total goals_TotalPR,total ontarget attempt_TotalPR,total was fouled_TotalPR,total won contest_TotalPR,total won tackle_TotalPR,total interception_TotalPR,total big chances saved_TotalPR,total accurate cross_TotalPR,total direct setpiece goals_TotalPR,pass_success_pct_TotalPR,long_balls_success_pct_TotalPR,cross_success_pct_TotalPR,dribble_success_pct_TotalPR,attempt_success_pct_TotalPR,duel_success_pct_TotalPR,aerial_success_pct_TotalPR,tackle_success_pct_TotalPR,xG_TotalPR,xA_TotalPR,CreatedOwnShot_TotalPR,Total Carries_TotalPR,Total Carry xT_TotalPR,Total Final Third Carries_TotalPR,passes_into_final_third_TotalPR,progressive_passes_TotalPR,xT_pass_TotalPR,forward_passes_TotalPR,total accurate back zone pass_p90PR,total accurate fwd zone pass_p90PR,total accurate long balls_p90PR,total accurate pass_p90PR,total aerial won_p90PR,total attempt_p90PR,total attempts ibox_p90PR,total duels won_p90PR,total touches in opposition box_p90PR,total assists_p90PR,total att assist_p90PR,total attempts obox_p90PR,total blocked scoring att_p90PR,total contest_p90PR,total dribbles attempted_p90PR,total effective clearance_p90PR,total goals_p90PR,total ontarget attempt_p90PR,total was fouled_p90PR,total won contest_p90PR,total won tackle_p90PR,total interception_p90PR,total big chances saved_p90PR,total accurate cross_p90PR,total direct setpiece goals_p90PR,pass_success_pct_p90PR,long_balls_success_pct_p90PR,cross_success_pct_p90PR,dribble_success_pct_p90PR,attempt_success_pct_p90PR,duel_success_pct_p90PR,aerial_success_pct_p90PR,tackle_success_pct_p90PR,xG_p90PR,xA_p90PR,CreatedOwnShot_p90PR,Total Carries_p90PR,Total Carry xT_p90PR,Total Final Third Carries_p90PR,passes_into_final_third_p90PR,progressive_passes_p90PR,xT_pass_p90PR,forward_passes_p90PR,League
Crvena zvezda,81lpho34qr3dad0xzalq0abja,2v3bbqm0o4jx6r3zrmlzh1cyd,M. Ivanić,Mirko Ivanic,32.0,Midfielder,Montenegro,Midfielder,20.0,48.0,6.0,67.0,1.0,6.0,3.0,4.0,197.0,11.0,1.0,5.0,3.0,0.0,3.0,5.0,3.0,0.0,3.0,0.0,3.0,0.0,0.0,0.0,1.0,0.0,78.82,50.0,100.0,100.0,50.0,66.67,50.0,0.0,0.6228183096354588,0.4879778450355231,1.0,8.0,0.2074814599999999,3.0,14.0,19.0,0.55635784,37.0,9.137055837563452,21.92893401015228,2.741116751269036,30.60913705583756,0.4568527918781725,2.741116751269036,1.3705583756345177,1.8274111675126905,5.025380710659898,0.4568527918781725,2.284263959390863,1.3705583756345177,0.0,1.3705583756345177,2.284263959390863,1.3705583756345177,0.0,1.3705583756345177,0.0,1.3705583756345177,0.0,0.0,0.0,0.4568527918781725,0.0,78.82,50.0,100.0,100.0,50.0,66.67,50.0,0.0,0.2845362835898035,0.2229340408791729,0.4568527918781725,3.654822335025381,0.0947884842639593,1.3705583756345177,6.395939086294415,8.680203045685278,0.2541736324873096,16.903553299492383,LM/LCM,69,69,88,62,44,62,62,25,69,94,62,88,25,50,50,75,38,69,12,62,19,25,56,69,56,50,44,100,94,81,88,62,19,62,62,31,62,62,62,100,100,88,75,62,88,88,75,50,62,62,12,88,100,75,88,25,62,75,88,38,75,12,75,19,25,56,75,56,50,44,100,94,81,88,62,19,88,75,38,75,75,75,88,88,100,88,Serbian SuperLeague
Crvena zvezda,81lpho34qr3dad0xzalq0abja,3brp9vcz7bja0nfic48rx4p1x,Rodrigão,Rodrigo de Souza Prado,30.0,Defender,Brazil,Defender,47.0,24.0,2.0,71.0,0.0,0.0,0.0,0.0,90.0,1.0,0.0,0.0,0.0,0.0,0.0,0.0,3.0,0.0,0.0,0.0,0.0,0.0,1.0,0.0,0.0,0.0,93.42,33.33,0.0,0.0,0.0,0.0,0.0,0.0,0.0,0.0,0.0,0.0,0.0,0.0,0.0,0.0,0.0,0.0,47.0,24.0,2.0,71.0,0.0,0.0,0.0,0.0,1.0,0.0,0.0,0.0,0.0,0.0,0.0,3.0,0.0,0.0,0.0,0.0,0.0,1.0,0.0,0.0,0.0,93.42,33.33,0.0,0.0,0.0,0.0,0.0,0.0,0.0,0.0,0.0,0.0,0.0,0.0,0.0,0.0,0.0,0.0,CB,26,23,10,27,6,15,23,2,31,48,20,32,34,17,15,8,48,33,10,25,11,23,51,38,51,92,24,38,25,33,4,9,11,16,23,31,15,15,23,9,10,9,9,92,81,40,92,6,15,23,2,67,48,20,32,34,17,15,28,48,33,10,25,11,57,51,38,51,92,24,38,25,33,4,9,11,16,23,31,15,15,23,9,10,9,9,Serbian SuperLeague
Crvena zvezda,81lpho34qr3dad0xzalq0abja,3oub3l3mryzafp6wobgjbgxjp,A. Katai,Aleksandar Katai,35.0,Midfielder,Serbia,Midfielder,10.0,45.0,2.0,55.0,3.0,14.0,10.0,9.0,219.0,28.0,3.0,9.0,4.0,1.0,6.0,6.0,2.0,1.0,9.0,3.0,2.0,1.0,0.0,0.0,0.0,0.0,68.75,66.67,0.0,33.33,64.29,37.5,50.0,100.0,1.5504438657108282,0.7115382233337826,4.0,8.0,0.2323020499999999,2.0,8.0,9.0,0.61089346,28.0,4.109589041095891,18.493150684931507,0.8219178082191781,22.6027397260274,1.2328767123287672,5.753424657534247,4.109589041095891,3.6986301369863015,11.506849315068497,1.2328767123287672,3.6986301369863015,1.6438356164383563,0.4109589041095891,2.4657534246575343,2.4657534246575343,0.8219178082191781,0.4109589041095891,3.6986301369863015,1.2328767123287672,0.8219178082191781,0.4109589041095891,0.0,0.0,0.0,0.0,68.75,66.67,0.0,33.33,64.29,37.5,50.0,100.0,0.6371687119359568,0.2924129684933353,1.6438356164383563,3.2876712328767126,0.0954665958904109,0.8219178082191781,3.2876712328767126,3.6986301369863015,0.2510521068493151,11.506849315068497,CM/AM,9,43,18,32,68,96,96,29,96,96,80,68,39,71,66,62,73,100,29,62,21,9,52,20,50,7,59,20,43,89,21,84,91,96,75,70,57,57,43,48,39,82,38,7,64,18,36,79,100,96,29,100,100,89,64,43,75,68,68,86,100,43,68,29,9,52,20,50,7,59,20,43,89,21,84,91,96,82,75,75,82,50,50,54,89,39,Serbian SuperLeague
Crvena zvezda,81lpho34qr3dad0xzalq0abja,40ht1vwlzsf29ipe2rlyd59uc,M. Gashtarov,Matej Gashtarov,19.0,Midfielder,North Macedonia,Midfielder,22.0,22.0,1.0,44.0,2.0,0.0,0.0,4.0,90.0,0.0,0.0,0.0,0.0,0.0,0.0,0.0,2.0,0.0,0.0,0.0,0.0,1.0,0.0,0.0,0.0,0.0,80.0,50.0,0.0,0.0,0.0,57.14,66.67,50.0,0.0,0.0,0.0,0.0,0.0,0.0,0.0,0.0,0.0,0.0,22.0,22.0,1.0,44.0,2.0,0.0,0.0,4.0,0.0,0.0,0.0,0.0,0.0,0.0,0.0,2.0,0.0,0.0,0.0,0.0,1.0,0.0,0.0,0.0,0.0,80.0,50.0,0.0,0.0,0.0,57.14,66.67,50.0,0.0,0.0,0.0,0.0,0.0,0.0,0.0,0.0,0.0,0.0,DM/CM,23,17,8,19,21,12,25,4,17,44,13,13,29,8,8,25,42,25,6,12,8,6,52,27,52,40,38,27,12,25,60,63,21,12,13,13,10,10,17,8,10,8,8,85,81,17,85,75,12,25,15,17,44,13,13,29,8,8,71,42,25,6,12,31,6,52,27,52,40,38,27,12,25,60,63,21,12,13,13,10,10,17,8,10,8,8,Serbian SuperLeague
Crvena zvezda,81lpho34qr3dad0xzalq0abja,4fkb8m4vdcyn1iwck0ukhofmc,F. Tebo Uchenna,Franklin Tebo Uchenna,26.0,Defender,Nigeria,Defender,70.0,35.0,4.0,105.0,4.0,0.0,0.0,6.0,135.0,0.0,0.0,0.0,0.0,0.0,0.0,0.0,3.0,0.0,0.0,1.0,0.0,1.0,2.0,0.0,0.0,0.0,94.59,80.0,0.0,0.0,0.0,85.71,0.0,100.0,0.0,0.0,0.0,0.0,0.0,0.0,0.0,0.0,0.0,0.0,46.66666666666666,23.33333333333333,2.6666666666666665,70.0,2.6666666666666665,0.0,0.0,4.0,0.0,0.0,0.0,0.0,0.0,0.0,0.0,2.0,0.0,0.0,0.6666666666666666,0.0,0.6666666666666666,1.3333333333333333,0.0,0.0,0.0,94.59,80.0,0.0,0.0,0.0,85.71,0.0,100.0,0.0,0.0,0.0,0.0,0.0,0.0,0.0,0.0,0.0,0.0,CB,41,46,31,43,32,15,23,19,11,48,20,32,34,17,15,8,48,33,29,25,32,40,51,38,51,96,92,38,25,33,100,9,94,16,23,31,15,15,23,9,10,9,9,90,79,65,90,61,15,23,33,11,48,20,32,34,17,15,14,48,33,46,25,56,76,51,38,51,96,92,38,25,33,100,9,94,16,23,31,15,15,23,9,10,9,9,Serbian SuperLeague
Crvena zvezda,81lpho34qr3dad0xzalq0abja,55pnhqsxzsj97rrp45trw5wq1,M. Abu Fani,Mohamed Abu Fani,28.0,Midfielder,Israel,Midfielder,73.0,128.0,22.0,194.0,1.0,8.0,3.0,7.0,259.0,9.0,1.0,10.0,5.0,4.0,0.0,0.0,2.0,0.0,2.0,4.0,0.0,1.0,2.0,0.0,7.0,0.0,88.58,70.97,41.18,0.0,25.0,46.67,50.0,50.0,0.5092598362175139,1.132141365795427,5.0,12.0,0.2902902499999999,2.0,36.0,44.0,1.3745802300000003,103.0,25.366795366795365,44.47876447876448,7.644787644787645,67.41312741312741,0.3474903474903475,2.77992277992278,1.0424710424710424,2.4324324324324325,3.1274131274131274,0.3474903474903475,3.474903474903475,1.7374517374517375,1.38996138996139,0.0,0.0,0.694980694980695,0.0,0.694980694980695,1.38996138996139,0.0,0.3474903474903475,0.694980694980695,0.0,2.4324324324324325,0.0,88.58,70.97,41.18,0.0,25.0,46.67,50.0,50.0,0.1769628774501013,0.3934081966084495,1.7374517374517375,4.1698841698841695,0.1008730598455598,0.694980694980695,12.50965250965251,15.28957528957529,0.4776533617760619,35.79150579150579,CM/AM,91,93,96,93,32,64,61,14,66,77,86,77,82,4,4,62,29,46,45,11,21,54,52,89,50,89,71,93,11,29,50,84,32,46,93,77,89,82,43,96,96,96,93,100,93,100,100,29,71,64,11,71,82,86,71,93,4,4,61,29,46,50,11,21,57,52,89,50,89,71,93,11,29,50,84,32,57,93,82,89,86,39,96,100,100,96,Serbian SuperLeague
Crvena zvezda,81lpho34qr3dad0xzalq0abja,5v56mooqawkgwrfuhkkp9x7qi,L. Loizou,Loizos Loizou,23.0,Attacker,Cyprus,Striker,24.0,45.0,3.0,69.0,0.0,8.0,8.0,8.0,201.0,19.0,0.0,4.0,0.0,2.0,8.0,8.0,0.0,1.0,3.0,4.0,3.0,1.0,0.0,0.0,0.0,0.0,83.13,75.0,0.0,37.5,37.5,40.0,0.0,100.0,0.7508058572971767,0.4569732156592229,4.0,7.0,0.44994098,4.0,5.0,10.0,0.4388636599999998,27.0,10.746268656716415,20.149253731343283,1.343283582089552,30.8955223880597,0.0,3.582089552238806,3.582089552238806,3.582089552238806,8.507462686567164,0.0,1.791044776119403,0.0,0.8955223880597015,3.582089552238806,3.582089552238806,0.0,0.4477611940298507,1.343283582089552,1.791044776119403,1.343283582089552,0.4477611940298507,0.0,0.0,0.0,0.0,83.13,75.0,0.0,37.5,37.5,40.0,0.0,100.0,0.3361817271479896,0.2046148726832341,1.791044776119403,3.134328358208955,0.2014661104477612,1.791044776119403,2.238805970149253,4.477611940298507,0.1965061164179103,12.08955223880597,RW,93,75,61,89,11,75,100,29,93,39,61,11,61,64,61,21,82,75,71,39,43,18,54,14,54,79,79,14,21,68,36,18,96,71,64,71,64,93,86,71,86,64,79,100,93,57,93,11,93,93,29,93,39,50,11,71,86,71,21,93,86,86,64,50,18,54,14,54,79,79,14,21,68,36,18,96,93,86,86,71,100,93,71,71,79,93,Serbian SuperLeague
Crvena zvezda,81lpho34qr3dad0xzalq0abja,6kge6vcoa9ocnh6tb8qznfzkl,M. Veljković,Milos Veljkovic,30.0,Defender,Serbia,Defender,74.0,52.0,4.0,126.0,7.0,0.0,0.0,9.0,180.0,1.0,0.0,1.0,0.0,0.0,1.0,1.0,6.0,0.0,0.0,1.0,1.0,0.0,1.0,0.0,0.0,0.0,88.73,50.0,0.0,100.0,0.0,42.86,46.67,0.0,0.0,0.0,0.0,0.0,0.0,0.0,0.0,0.0,0.0,0.0,37.0,26.0,2.0,63.0,3.5,0.0,0.0,4.5,0.5,0.0,0.5,0.0,0.0,0.5,0.5,3.0,0.0,0.0,0.5,0.5,0.0,0.5,0.0,0.0,0.0,88.73,50.0,0.0,100.0,0.0,42.86,46.67,0.0,0.0,0.0,0.0,0.0,0.0,0.0,0.0,0.0,0.0,0.0,CB,44,62,31,50,52,15,23,30,31,48,52,32,34,53,51,29,48,33,29,67,11,23,51,38,51,77,68,38,84,33,21,34,11,16,23,31,15,15,23,9,10,9,9,79,85,40,85,86,15,23,46,44,48,65,32,34,69,68,28,48,33,39,82,11,26,51,38,51,77,68,38,84,33,21,34,11,16,23,31,15,15,23,9,10,9,9,Serbian SuperLeague
Crvena zvezda,81lpho34qr3dad0xzalq0abja,7nv0wf9kmny9w7p36ahdsitat,T. Elšnik,Timi Max Elsnik,28.0,Midfielder,Slovenia,Midfielder,60.0,42.0,7.0,102.0,6.0,4.0,3.0,12.0,215.0,4.0,0.0,1.0,1.0,1.0,2.0,2.0,2.0,0.0,0.0,0.0,0.0,1.0,3.0,0.0,0.0,0.0,90.27,87.5,0.0,0.0,0.0,54.55,75.0,16.67,0.4241853765043415,0.0961952983698176,0.0,2.0,0.04797389,1.0,8.0,12.0,0.31385999,55.0,25.116279069767444,17.58139534883721,2.9302325581395348,42.69767441860465,2.511627906976744,1.6744186046511629,1.255813953488372,5.023255813953488,1.6744186046511629,0.0,0.4186046511627907,0.4186046511627907,0.4186046511627907,0.8372093023255814,0.8372093023255814,0.8372093023255814,0.0,0.0,0.0,0.0,0.4186046511627907,1.255813953488372,0.0,0.0,0.0,90.27,87.5,0.0,0.0,0.0,54.55,75.0,16.67,0.1775659715599569,0.040267799317598,0.0,0.8372093023255814,0.020082093488372,0.4186046511627907,3.3488372093023258,5.023255813953488,0.1313832516279069,23.02325581395349,CM/AM,82,38,62,57,89,36,61,45,30,34,7,12,39,27,25,62,29,11,5,11,21,71,52,20,50,100,89,20,11,11,71,100,11,43,7,7,12,9,29,48,61,39,64,96,50,75,89,100,36,79,68,32,34,7,18,46,25,25,71,29,11,5,11,32,89,52,20,50,100,89,20,11,11,71,100,11,61,11,7,14,14,29,54,75,54,89,Serbian SuperLeague
Crvena zvezda,81lpho34qr3dad0xzalq0abja,86w42766wl1zw6u52u3hnni1g,M. Strika,Matej Strika,17.0,Defender,Serbia,Defender,33.0,27.0,2.0,60.0,2.0,0.0,0.0,6.0,90.0,1.0,0.0,1.0,0.0,0.0,3.0,3.0,1.0,0.0,0.0,0.0,2.0,0.0,0.0,0.0,0.0,0.0,89.55,50.0,0.0,66.67,0.0,60.0,66.67,0.0,0.0,0.0,0.0,0.0,0.0,0.0,0.0,0.0,0.0,0.0,33.0,27.0,2.0,60.0,2.0,0.0,0.0,6.0,1.0,0.0,1.0,0.0,0.0,3.0,3.0,1.0,0.0,0.0,0.0,2.0,0.0,0.0,0.0,0.0,0.0,89.55,50.0,0.0,66.67,0.0,60.0,66.67,0.0,0.0,0.0,0.0,0.0,0.0,0.0,0.0,0.0,0.0,0.0,LB/LCB,38,19,19,19,28,12,19,12,25,44,28,25,34,38,34,6,44,31,9,56,6,9,53,12,53,100,84,12,75,31,66,75,6,12,12,25,6,6,12,6,6,6,6,94,100,44,94,75,12,19,94,47,44,75,25,34,100,94,6,44,31,9,100,6,9,53,12,53,100,84,12,75,31,66,75,6,12,12,25,6,6,12,6,6,6,6,Serbian SuperLeague
Crvena zvezda,81lpho34qr3dad0xzalq0abja,8cfopdu7tyfve6iu3sinme1gp,Bruno Duarte,Bruno Duarte da Silva,30.0,Attacker,Brazil,Striker,8.0,15.0,0.0,21.0,4.0,9.0,8.0,6.0,139.0,12.0,3.0,4.0,1.0,2.0,1.0,1.0,1.0,1.0,5.0,1.0,0.0,1.0,0.0,0.0,2.0,0.0,77.78,0.0,33.33,0.0,55.56,40.0,44.44,100.0,1.1640948992752729,0.3774140171092938,0.0,2.0,0.07059961,1.0,1.0,1.0,0.33338697,11.0,5.179856115107913,9.712230215827338,0.0,13.597122302158272,2.5899280575539567,5.827338129496403,5.179856115107913,3.884892086330935,7.76978417266187,1.9424460431654675,2.5899280575539567,0.6474820143884892,1.2949640287769784,0.6474820143884892,0.6474820143884892,0.6474820143884892,0.6474820143884892,3.237410071942446,0.6474820143884892,0.0,0.6474820143884892,0.0,0.0,1.2949640287769784,0.0,77.78,0.0,33.33,0.0,55.56,40.0,44.44,100.0,0.7537305103221191,0.2443687880563772,0.0,1.2949640287769784,0.0457119776978417,0.6474820143884892,0.6474820143884892,0.6474820143884892,0.2158620669064748,7.122302158273381,ST,27,23,13,21,49,60,77,10,49,100,56,37,53,14,14,33,70,92,5,17,35,28,51,77,51,79,13,85,17,95,31,59,85,77,72,13,28,37,36,23,17,79,29,63,56,13,49,65,98,100,21,93,100,91,60,86,17,17,49,91,100,12,17,67,28,51,88,51,79,13,85,17,95,31,59,85,95,98,13,47,58,53,30,28,93,71,Serbian SuperLeague
Crvena zvezda,81lpho34qr3dad0xzalq0abja,8fuik0j594o6zdppn2jaxrzmc,S. Gudelj,Stefan Gudelj,20.0,Defender,Serbia,Defender,109.0,20.0,2.0,129.0,12.0,1.0,1.0,17.0,196.0,1.0,0.0,0.0,0.0,0.0,1.0,1.0,15.0,0.0,0.0,1.0,0.0,2.0,5.0,0.0,0.0,0.0,92.14,25.0,0.0,0.0,0.0,70.83,85.71,50.0,0.1379284753582869,0.0,0.0,0.0,0.0,0.0,1.0,2.0,0.10528919,84.0,50.05102040816327,9.183673469387756,0.9183673469387756,59.234693877551024,5.510204081632653,0.4591836734693878,0.4591836734693878,7.806122448979592,0.4591836734693878,0.0,0.0,0.0,0.0,0.4591836734693878,0.4591836734693878,6.887755102040817,0.0,0.0,0.4591836734693878,0.0,0.9183673469387756,2.295918367346939,0.0,0.0,0.0,92.14,25.0,0.0,0.0,0.0,70.83,85.71,50.0,0.0633345039910501,0.0,0.0,0.0,0.0,0.0,0.4591836734693878,0.9183673469387756,0.0483470770408163,38.57142857142858,CB,68,19,10,54,76,41,57,59,31,48,20,32,34,53,51,57,48,33,29,25,50,72,51,38,51,90,10,38,25,33,90,98,44,56,23,31,15,15,23,23,22,27,56,96,27,6,83,100,42,65,100,38,48,20,32,34,62,60,88,48,33,31,25,71,96,51,38,51,90,10,38,25,33,90,98,44,67,23,31,15,15,23,23,23,23,92,Serbian SuperLeague
Crvena zvezda,81lpho34qr3dad0xzalq0abja,8s5u921me5pvsfyvysjgpu2qy,M. Cham,Muhammed Cham,25.0,Midfielder,Austria,Midfielder,24.0,35.0,9.0,55.0,0.0,2.0,1.0,10.0,118.0,7.0,0.0,8.0,1.0,0.0,2.0,2.0,0.0,0.0,1.0,5.0,2.0,2.0,1.0,0.0,4.0,0.0,77.46,75.0,40.0,100.0,50.0,71.43,0.0,66.67,0.1971802590762209,0.7493234736543005,0.0,5.0,0.11601165,0.0,6.0,10.0,0.39262766,19.0,18.30508474576272,26.694915254237287,6.864406779661017,41.94915254237288,0.0,1.5254237288135593,0.7627118644067796,7.627118644067797,5.338983050847458,0.0,6.101694915254237,0.7627118644067796,0.0,1.5254237288135593,1.5254237288135593,0.0,0.0,0.7627118644067796,3.8135593220338975,1.5254237288135593,1.5254237288135593,0.7627118644067796,0.0,3.0508474576271185,0.0,77.46,75.0,40.0,100.0,50.0,71.43,0.0,66.67,0.1503917230242362,0.571517903634636,0.0,3.8135593220338975,0.0884834618644067,0.0,4.576271186440678,7.627118644067797,0.2994617745762711,14.491525423728811,CM/AM,41,23,77,32,9,9,27,38,48,34,71,12,14,27,25,18,29,27,57,62,46,30,52,80,50,32,79,82,96,73,100,11,59,18,79,7,36,29,12,34,46,57,14,86,89,96,86,9,32,50,89,86,34,96,36,14,61,61,18,29,54,93,86,93,64,52,96,50,32,79,82,96,73,100,11,59,46,100,7,82,71,12,75,89,93,57,Serbian SuperLeague
Crvena zvezda,81lpho34qr3dad0xzalq0abja,96hvhj2ridutroyglbiwotxck,J. Enem,Jay Enem,23.0,Attacker,Netherlands,Striker,3.0,7.0,0.0,10.0,5.0,6.0,5.0,8.0,104.0,8.0,0.0,0.0,1.0,2.0,1.0,1.0,0.0,1.0,2.0,3.0,0.0,0.0,0.0,0.0,0.0,0.0,71.43,0.0,0.0,0.0,33.33,61.54,83.33,0.0,0.9584347200881448,0.0,1.0,0.0,0.0,0.0,0.0,1.0,0.02318042,1.0,2.5961538461538463,6.057692307692308,0.0,8.653846153846155,4.3269230769230775,5.1923076923076925,4.3269230769230775,6.923076923076923,6.923076923076923,0.0,0.0,0.8653846153846154,1.7307692307692308,0.8653846153846154,0.8653846153846154,0.0,0.8653846153846154,1.7307692307692308,2.5961538461538463,0.0,0.0,0.0,0.0,0.0,0.0,71.43,0.0,0.0,0.0,33.33,61.54,83.33,0.0,0.8294146616147408,0.0,0.8653846153846154,0.0,0.0,0.0,0.0,0.8653846153846154,0.0200599788461538,0.8653846153846154,ST,6,8,13,5,55,37,51,22,23,42,6,37,53,14,14,10,70,45,28,17,10,28,51,33,51,48,13,33,17,62,98,100,10,67,9,34,8,8,14,7,17,12,7,14,14,13,9,81,95,95,77,88,42,6,63,93,30,30,10,98,93,79,17,10,28,51,33,51,48,13,33,17,62,98,100,10,98,9,65,8,8,14,7,35,28,7,Serbian SuperLeague
Crvena zvezda,81lpho34qr3dad0xzalq0abja,9c3yhbh6ggjj7o4gkbxqlfazu,S. Eraković,Strahinja Erakovic,25.0,Defender,Serbia,Defender,99.0,61.0,5.0,160.0,5.0,1.0,1.0,11.0,182.0,2.0,0.0,1.0,0.0,0.0,1.0,1.0,4.0,0.0,0.0,2.0,1.0,2.0,2.0,0.0,0.0,0.0,98.16,100.0,0.0,100.0,0.0,73.33,83.33,66.67,0.1455033787054819,0.0517104431472917,0.0,2.0,0.03805479,0.0,14.0,16.0,0.3107768799999998,125.0,48.95604395604396,30.164835164835164,2.4725274725274726,79.12087912087912,2.4725274725274726,0.4945054945054945,0.4945054945054945,5.43956043956044,0.989010989010989,0.0,0.4945054945054945,0.0,0.0,0.4945054945054945,0.4945054945054945,1.978021978021978,0.0,0.0,0.989010989010989,0.4945054945054945,0.989010989010989,0.989010989010989,0.0,0.0,0.0,98.16,100.0,0.0,100.0,0.0,73.33,83.33,66.67,0.0719522202389745,0.0255710982596497,0.0,0.989010989010989,0.0188183027472527,0.0,6.923076923076923,7.912087912087912,0.1536808747252746,61.81318681318682,CB,56,70,42,65,39,41,57,36,48,48,52,32,34,53,51,16,48,33,49,67,50,40,51,38,51,98,99,38,84,33,94,96,67,58,50,31,46,44,23,74,77,54,75,94,96,58,94,52,46,67,69,62,48,58,32,34,65,62,10,48,33,67,77,73,50,51,38,51,98,99,38,84,33,94,96,67,79,54,31,62,54,23,94,94,85,100,Serbian SuperLeague
Crvena zvezda,81lpho34qr3dad0xzalq0abja,eb85cx88u62iezjp4i0jjbg9g,V. Kostov,Vasilije Kostov,18.0,Midfielder,Serbia,Midfielder,19.0,22.0,1.0,40.0,1.0,10.0,6.0,4.0,193.0,13.0,1.0,3.0,4.0,2.0,2.0,2.0,1.0,3.0,5.0,0.0,1.0,2.0,1.0,0.0,1.0,0.0,76.92,33.33,33.33,50.0,50.0,44.44,33.33,100.0,1.0496184106369,0.2195783198482604,1.0,3.0,0.1085665,2.0,1.0,0.0,0.0320125299999999,11.0,8.860103626943005,10.259067357512954,0.466321243523316,18.652849740932645,0.466321243523316,4.663212435233161,2.7979274611398965,1.865284974093264,6.062176165803109,0.466321243523316,1.3989637305699485,1.865284974093264,0.932642487046632,0.932642487046632,0.932642487046632,0.466321243523316,1.3989637305699485,2.3316062176165806,0.0,0.466321243523316,0.932642487046632,0.466321243523316,0.0,0.466321243523316,0.0,76.92,33.33,33.33,50.0,50.0,44.44,33.33,100.0,0.4894593624731658,0.1023940351624012,0.466321243523316,1.3989637305699485,0.050626865284974,0.932642487046632,0.466321243523316,0.0,0.0149281227979274,5.129533678756477,CM/AM,36,11,9,12,32,71,86,4,79,77,21,68,57,27,25,45,98,91,5,36,46,30,52,52,50,21,11,71,71,73,46,45,91,89,25,25,23,25,43,5,4,4,7,46,14,11,21,39,93,93,7,89,89,32,79,75,36,36,50,100,96,5,57,57,39,52,61,50,21,11,71,71,73,46,45,91,93,36,39,29,39,61,4,4,4,7,Serbian SuperLeague
Crvena zvezda,81lpho34qr3dad0xzalq0abja,eifui3hrv21plt57hxo8dhl62,Seol Young-Woo,Young-Woo Seol,27.0,Defender,Korea Republic,Defender,73.0,87.0,13.0,155.0,1.0,3.0,0.0,4.0,270.0,4.0,0.0,7.0,3.0,0.0,1.0,1.0,9.0,0.0,0.0,2.0,0.0,1.0,4.0,0.0,5.0,0.0,88.57,61.9,55.56,0.0,0.0,33.33,33.33,100.0,0.1870744795261485,0.8854545407444472,2.0,3.0,0.11229265,2.0,25.0,29.0,1.4843587499999995,94.0,24.33333333333333,29.0,4.333333333333333,51.66666666666666,0.3333333333333333,1.0,0.0,1.3333333333333333,1.3333333333333333,0.0,2.333333333333333,1.0,0.0,0.3333333333333333,0.3333333333333333,3.0,0.0,0.0,0.6666666666666666,0.0,0.3333333333333333,1.3333333333333333,0.0,1.6666666666666667,0.0,88.57,61.9,55.56,0.0,0.0,33.33,33.33,100.0,0.0623581598420495,0.2951515135814824,0.6666666666666666,1.0,0.0374308833333333,0.6666666666666666,8.333333333333334,9.666666666666666,0.4947862499999998,31.33333333333333,RB/RCB,79,86,86,79,11,86,36,14,79,39,96,96,32,25,25,61,54,43,39,25,21,50,54,93,54,100,93,100,25,43,14,32,93,79,100,82,50,64,61,93,93,100,86,100,100,93,100,7,89,36,7,79,39,93,89,32,29,29,64,54,43,39,25,14,54,54,79,54,100,93,100,25,43,14,32,93,86,93,86,54,71,71,100,100,100,100,Serbian SuperLeague
IMT Novi Beograd,bxdyd1x6lw23oh0k6ydzbvmis,1lqk1u3zo9vl0zj6jfqcc8npw,T. Cojic,Tadija Cojic,16.0,Midfielder,Serbia,Midfielder,12.0,37.0,3.0,49.0,1.0,6.0,3.0,10.0,246.0,8.0,1.0,8.0,3.0,1.0,1.0,1.0,1.0,1.0,3.0,4.0,1.0,4.0,1.0,0.0,0.0,0.0,81.67,75.0,0.0,100.0,50.0,47.62,20.0,100.0,0.6374716405485858,0.5499567319507188,2.0,5.0,0.23253574,0.0,8.0,9.0,0.3501990999999998,31.0,4.390243902439025,13.53658536585366,1.0975609756097562,17.926829268292682,0.3658536585365853,2.1951219512195124,1.0975609756097562,3.658536585365854,2.926829268292683,0.3658536585365853,2.926829268292683,1.0975609756097562,0.3658536585365853,0.3658536585365853,0.3658536585365853,0.3658536585365853,0.3658536585365853,1.0975609756097562,1.4634146341463414,0.3658536585365853,1.4634146341463414,0.3658536585365853,0.0,0.0,0.0,81.67,75.0,0.0,100.0,50.0,47.62,20.0,100.0,0.2332213319080192,0.2012036824209946,0.7317073170731707,1.829268292682927,0.0850740512195121,0.0,2.926829268292683,3.292682926829268,0.1281216219512194,11.341463414634148,CM/AM,21,32,30,21,32,48,61,38,59,77,71,54,39,11,11,45,73,71,45,36,77,30,52,20,50,57,79,20,96,73,54,29,91,64,61,48,36,64,12,48,39,43,43,11,18,29,18,32,61,68,25,54,86,79,50,36,11,11,46,79,79,54,43,89,29,52,20,50,57,79,20,96,73,54,29,91,79,64,50,43,68,12,39,43,50,36,Serbian SuperLeague
IMT Novi Beograd,bxdyd1x6lw23oh0k6ydzbvmis,30u098sq9lrtri0nfrhqjkc0l,L. Luković,Luka Lukovic,29.0,Attacker,Serbia,Striker,32.0,53.0,5.0,83.0,5.0,8.0,7.0,19.0,314.0,16.0,0.0,10.0,1.0,3.0,6.0,6.0,3.0,0.0,2.0,2.0,4.0,5.0,1.0,0.0,2.0,0.0,81.37,62.5,25.0,66.67,25.0,44.19,55.56,62.5,0.8571094409962696,0.8373068633116921,3.0,6.0,0.1751366699999999,3.0,9.0,12.0,0.8598155399999999,41.0,9.171974522292992,15.19108280254777,1.4331210191082802,23.78980891719745,1.4331210191082802,2.2929936305732483,2.006369426751592,5.445859872611465,4.585987261146497,0.0,2.8662420382165603,0.286624203821656,0.8598726114649682,1.7197452229299364,1.7197452229299364,0.8598726114649682,0.0,0.5732484076433121,0.5732484076433121,1.1464968152866242,1.4331210191082802,0.286624203821656,0.0,0.5732484076433121,0.0,81.37,62.5,25.0,66.67,25.0,44.19,55.56,62.5,0.2456683111135804,0.2399924130511219,0.8598726114649682,1.7197452229299364,0.050198408598726,0.8598726114649682,2.579617834394905,3.4394904458598727,0.2464439445859872,11.751592356687896,RW,100,100,86,100,100,75,89,86,82,39,100,29,82,50,50,86,36,50,43,64,86,54,54,68,54,71,57,64,86,43,57,100,71,86,93,50,57,57,75,96,93,100,100,93,79,64,79,100,57,86,79,71,39,100,21,64,36,36,86,36,43,36,57,71,43,54,64,54,71,57,64,86,43,57,100,71,79,100,36,43,50,57,93,64,93,86,Serbian SuperLeague
IMT Novi Beograd,bxdyd1x6lw23oh0k6ydzbvmis,3cpxiyk87t1j3idphau3oiokp,Ismael Casas,Ismael Casas,25.0,Defender,Spain,Defender,43.0,61.0,9.0,103.0,2.0,2.0,0.0,11.0,259.0,2.0,0.0,2.0,2.0,1.0,2.0,2.0,4.0,0.0,0.0,6.0,1.0,2.0,4.0,0.0,1.0,0.0,83.06,45.0,33.33,50.0,0.0,42.31,22.22,100.0,0.1417731903714164,0.2061578349819094,2.0,6.0,0.19143598,4.0,10.0,10.0,0.26064306,41.0,14.942084942084945,21.1969111969112,3.1274131274131274,35.79150579150579,0.694980694980695,0.694980694980695,0.0,3.8223938223938223,0.694980694980695,0.0,0.694980694980695,0.694980694980695,0.3474903474903475,0.694980694980695,0.694980694980695,1.38996138996139,0.0,0.0,2.0849420849420848,0.3474903474903475,0.694980694980695,1.38996138996139,0.0,0.3474903474903475,0.0,83.06,45.0,33.33,50.0,0.0,42.31,22.22,100.0,0.0492648151869786,0.0716378577157214,0.694980694980695,2.0849420849420848,0.0665221552123552,1.38996138996139,3.474903474903475,3.474903474903475,0.0905709474903474,14.247104247104248,RB/RCB,57,71,68,57,32,61,36,43,46,39,39,82,82,43,43,21,54,43,93,54,39,50,54,43,54,79,43,75,71,43,36,14,93,57,64,82,82,93,86,54,43,29,57,64,86,79,86,29,71,36,57,43,39,50,79,100,36,36,14,54,43,93,50,50,71,54,50,54,79,43,75,71,43,36,14,93,64,57,100,86,86,93,79,50,43,64,Serbian SuperLeague
IMT Novi Beograd,bxdyd1x6lw23oh0k6ydzbvmis,4atismim9noozx6v0ozn6pe6s,J. Tiendrébéogo,Josué Tiendrébéogo,23.0,Midfielder,Burkina Faso,Midfielder,55.0,75.0,10.0,128.0,4.0,12.0,1.0,27.0,429.0,2.0,0.0,9.0,11.0,5.0,6.0,6.0,1.0,0.0,2.0,10.0,2.0,6.0,5.0,0.0,2.0,0.0,79.01,45.45,66.67,33.33,16.67,41.54,40.0,54.55,0.7635192598663446,0.669940259291308,8.0,10.0,0.23513854,7.0,20.0,23.0,0.4618283899999999,65.0,11.538461538461538,15.734265734265737,2.097902097902098,26.853146853146853,0.8391608391608392,2.517482517482517,0.2097902097902098,5.664335664335664,0.4195804195804196,0.0,1.888111888111888,2.307692307692308,1.048951048951049,1.2587412587412588,1.2587412587412588,0.2097902097902098,0.0,0.4195804195804196,2.097902097902098,0.4195804195804196,1.2587412587412588,1.048951048951049,0.0,0.4195804195804196,0.0,79.01,45.45,66.67,33.33,16.67,41.54,40.0,54.55,0.1601788657062261,0.140546907543631,1.6783216783216783,2.097902097902098,0.0493297636363636,1.4685314685314683,4.195804195804196,4.825174825174825,0.0968870748251748,13.636363636363637,CM/AM,71,68,84,77,75,89,27,93,14,34,80,96,96,71,66,45,29,46,96,62,93,93,52,70,50,43,25,96,43,25,36,68,39,75,71,98,70,71,100,86,82,64,79,61,29,64,46,64,68,21,79,11,34,50,89,82,50,39,36,29,25,75,50,71,86,52,57,50,43,25,96,43,25,36,68,39,50,54,79,50,32,89,68,71,32,46,Serbian SuperLeague
IMT Novi Beograd,bxdyd1x6lw23oh0k6ydzbvmis,5zddz3oc2dbnico3amxr02ot0,D. Žagar,Dušan Žagar,19.0,Midfielder,Serbia,Midfielder,19.0,53.0,4.0,68.0,0.0,18.0,9.0,10.0,473.0,17.0,0.0,6.0,9.0,5.0,7.0,8.0,3.0,1.0,8.0,3.0,3.0,2.0,2.0,0.0,4.0,0.0,73.12,57.14,21.05,42.86,44.44,30.3,0.0,50.0,1.360508681675929,0.5451751018095854,12.0,13.0,0.31633248,7.0,3.0,8.0,0.595992,31.0,3.61522198731501,10.084566596194502,0.7610993657505285,12.938689217758986,0.0,3.4249471458773786,1.7124735729386893,1.9027484143763207,3.2346723044397465,0.0,1.1416490486257929,1.7124735729386893,0.9513742071881608,1.331923890063425,1.522198731501057,0.5708245243128964,0.1902748414376321,1.522198731501057,0.5708245243128964,0.5708245243128964,0.3805496828752642,0.3805496828752642,0.0,0.7610993657505285,0.0,73.12,57.14,21.05,42.86,44.44,30.3,0.0,50.0,0.2588705736804093,0.1037331060525638,2.2832980972515857,2.473572938689218,0.0601901124735729,1.331923890063425,0.5708245243128964,1.522198731501057,0.1134022832980972,5.898520084566596,LM/LCM,50,88,62,75,19,100,88,38,88,44,81,100,100,88,81,75,88,100,44,62,62,62,56,94,56,25,62,75,50,50,12,19,56,100,88,100,75,75,88,25,62,100,62,25,38,38,25,19,88,75,25,62,44,62,100,88,50,50,12,75,88,25,50,50,50,56,88,56,25,62,75,50,50,12,19,56,62,62,100,62,50,62,12,25,62,12,Serbian SuperLeague
IMT Novi Beograd,bxdyd1x6lw23oh0k6ydzbvmis,7nl0hn7670l84eqqbp2ecjdux,S. Šapić,Stefan Sapic,29.0,Defender,Serbia,Defender,174.0,80.0,12.0,254.0,14.0,3.0,3.0,22.0,534.0,5.0,0.0,4.0,0.0,0.0,2.0,2.0,36.0,1.0,2.0,1.0,2.0,3.0,7.0,0.0,0.0,0.0,89.75,50.0,0.0,100.0,66.67,61.11,63.64,60.0,0.4192198383491692,0.2494777348431623,0.0,7.0,0.13832587,1.0,20.0,14.0,0.4864638999999998,154.0,29.325842696629213,13.48314606741573,2.02247191011236,42.80898876404494,2.359550561797753,0.5056179775280899,0.5056179775280899,3.7078651685393256,0.8426966292134831,0.0,0.6741573033707865,0.0,0.0,0.3370786516853932,0.3370786516853932,6.067415730337078,0.1685393258426966,0.3370786516853932,0.1685393258426966,0.3370786516853932,0.5056179775280899,1.1797752808988764,0.0,0.0,0.0,89.75,50.0,0.0,100.0,66.67,61.11,63.64,60.0,0.0706550289352532,0.0420468092432296,0.0,1.1797752808988764,0.0233133488764044,0.1685393258426966,3.3707865168539324,2.359550561797753,0.0819882977528089,25.95505617977528,CB,98,85,72,96,84,80,88,74,80,48,91,32,34,80,79,92,97,98,29,90,67,85,51,38,51,79,68,38,84,94,67,69,56,88,88,31,88,85,52,89,65,77,86,65,56,48,56,46,65,83,29,58,48,77,32,34,56,52,75,96,90,21,71,44,69,51,38,51,79,68,38,84,94,67,69,56,77,73,31,73,65,50,67,50,48,60,Serbian SuperLeague
IMT Novi Beograd,bxdyd1x6lw23oh0k6ydzbvmis,altp5cpci5xpzw995ecd47v1l,Iván Martos,Iván Martos,29.0,Defender,Spain,Defender,88.0,77.0,17.0,163.0,6.0,4.0,2.0,33.0,540.0,6.0,0.0,3.0,2.0,1.0,0.0,1.0,17.0,1.0,1.0,12.0,0.0,5.0,6.0,0.0,2.0,0.0,75.12,41.46,14.29,0.0,25.0,64.71,54.55,33.33,0.5137814606553875,0.2844077058819808,2.0,3.0,0.09904107,3.0,15.0,16.0,0.8778820500000003,64.0,14.666666666666666,12.833333333333334,2.833333333333333,27.166666666666668,1.0,0.6666666666666666,0.3333333333333333,5.5,1.0,0.0,0.5,0.3333333333333333,0.1666666666666666,0.0,0.1666666666666666,2.833333333333333,0.1666666666666666,0.1666666666666666,2.0,0.0,0.8333333333333334,1.0,0.0,0.3333333333333333,0.0,75.12,41.46,14.29,0.0,25.0,64.71,54.55,33.33,0.0856302434425645,0.0474012843136634,0.3333333333333333,0.5,0.016506845,0.5,2.5,2.6666666666666665,0.146313675,10.666666666666666,LB/LCB,81,88,94,81,59,88,75,100,78,44,62,84,78,12,19,94,94,78,100,19,72,78,53,69,53,50,44,38,19,69,81,62,12,94,56,84,34,50,88,81,72,94,81,50,38,69,50,31,66,44,75,47,44,31,62,69,12,19,44,88,62,100,19,50,50,53,44,53,50,44,38,19,69,81,62,12,88,44,69,19,38,44,62,50,88,38,Serbian SuperLeague
IMT Novi Beograd,bxdyd1x6lw23oh0k6ydzbvmis,an3zmtjrwmjuo5ojsi6hzz40k,V. Novičić,Vasilije Novicic,18.0,Midfielder,Serbia,Midfielder,94.0,144.0,20.0,229.0,10.0,5.0,2.0,24.0,540.0,2.0,2.0,15.0,3.0,0.0,1.0,1.0,9.0,1.0,3.0,5.0,1.0,3.0,6.0,0.0,9.0,0.0,83.27,60.61,22.5,100.0,60.0,54.55,47.62,37.5,0.1348622081999951,1.8554176600864376,1.0,5.0,0.10016389,6.0,27.0,25.0,0.59776189,123.0,15.666666666666666,24.0,3.333333333333333,38.16666666666666,1.6666666666666667,0.8333333333333334,0.3333333333333333,4.0,0.3333333333333333,0.3333333333333333,2.5,0.5,0.0,0.1666666666666666,0.1666666666666666,1.5,0.1666666666666666,0.5,0.8333333333333334,0.1666666666666666,0.5,1.0,0.0,1.5,0.0,83.27,60.61,22.5,100.0,60.0,54.55,47.62,37.5,0.0224770346999991,0.3092362766810729,0.1666666666666666,0.8333333333333334,0.0166939816666666,1.0,4.5,4.166666666666667,0.0996269816666666,20.5,CM/AM,100,96,93,96,98,43,45,89,14,91,96,54,14,11,11,96,73,71,57,36,64,96,52,95,50,68,50,54,96,86,71,73,21,11,100,25,36,21,93,93,91,79,96,79,82,86,82,86,14,32,43,7,79,71,25,14,7,7,89,57,29,18,21,39,73,52,86,50,68,50,54,96,86,71,73,21,4,89,14,11,11,70,71,64,36,86,Serbian SuperLeague
IMT Novi Beograd,bxdyd1x6lw23oh0k6ydzbvmis,c9sz06z9m4zw3ibnlr1em2qui,V. Radočaj,Vladimir Radočaj,27.0,Midfielder,Serbia,Midfielder,19.0,30.0,7.0,46.0,5.0,2.0,1.0,16.0,278.0,4.0,0.0,4.0,1.0,0.0,3.0,3.0,9.0,0.0,1.0,3.0,0.0,7.0,5.0,0.0,3.0,0.0,62.16,43.75,23.08,0.0,50.0,45.71,35.71,87.5,0.1259886231260017,0.4615155209453998,2.0,4.0,0.10687646,1.0,8.0,9.0,0.53703814,25.0,6.151079136690647,9.712230215827338,2.2661870503597124,14.892086330935252,1.618705035971223,0.6474820143884892,0.3237410071942446,5.179856115107913,1.2949640287769784,0.0,1.2949640287769784,0.3237410071942446,0.0,0.9712230215827338,0.9712230215827338,2.913669064748201,0.0,0.3237410071942446,0.9712230215827338,0.0,2.2661870503597124,1.618705035971223,0.0,0.9712230215827338,0.0,62.16,43.75,23.08,0.0,50.0,45.71,35.71,87.5,0.0407876837458278,0.1494114995866402,0.6474820143884892,1.2949640287769784,0.0346002928057554,0.3237410071942446,2.5899280575539567,2.913669064748201,0.1738612683453237,8.093525179856115,RM/RCM,33,50,100,33,83,33,42,83,33,42,67,33,42,33,33,83,50,50,67,17,100,92,58,83,58,33,50,50,17,83,83,67,83,33,67,75,58,50,42,67,58,50,50,33,50,100,50,100,33,33,100,50,42,67,17,42,33,33,83,50,50,50,17,100,100,58,67,58,33,50,50,17,83,83,67,83,33,67,67,50,50,33,67,83,50,50,Serbian SuperLeague
IMT Novi Beograd,bxdyd1x6lw23oh0k6ydzbvmis,car0gajfp7l7yuf7g9mfi9uui,M. Sissako,Moussa Sissako,25.0,Defender,Mali,Defender,171.0,103.0,17.0,274.0,15.0,3.0,3.0,27.0,540.0,4.0,0.0,1.0,0.0,2.0,1.0,1.0,28.0,0.0,0.0,5.0,1.0,3.0,8.0,0.0,0.0,0.0,84.31,38.64,0.0,100.0,0.0,64.29,71.43,50.0,0.4208995712518747,0.0495300501789824,0.0,6.0,0.11951521,3.0,20.0,22.0,0.4370635999999998,162.0,28.5,17.166666666666668,2.833333333333333,45.66666666666666,2.5,0.5,0.5,4.5,0.6666666666666666,0.0,0.1666666666666666,0.0,0.3333333333333333,0.1666666666666666,0.1666666666666666,4.666666666666667,0.0,0.0,0.8333333333333334,0.1666666666666666,0.5,1.3333333333333333,0.0,0.0,0.0,84.31,38.64,0.0,100.0,0.0,64.29,71.43,50.0,0.0701499285419791,0.0082550083631637,0.0,1.0,0.0199192016666666,0.5,3.333333333333333,3.6666666666666665,0.0728439333333332,27.0,CB,94,96,86,98,90,80,88,90,67,48,52,32,97,53,51,81,48,33,78,67,67,92,51,38,51,50,38,38,84,33,78,81,44,90,48,31,82,73,86,89,88,75,96,60,67,67,60,55,56,75,46,50,48,42,32,89,35,32,58,48,33,55,52,40,76,51,38,51,50,38,38,84,33,78,81,44,73,48,31,66,60,71,65,58,42,71,Serbian SuperLeague
IMT Novi Beograd,bxdyd1x6lw23oh0k6ydzbvmis,cyg0aontkk6i8o1d4xkzisu8k,A. Mitić,Aleksa Mitić,16.0,Attacker,Serbia,Striker,5.0,11.0,0.0,16.0,9.0,2.0,2.0,15.0,124.0,6.0,0.0,0.0,0.0,0.0,0.0,0.0,2.0,0.0,1.0,2.0,0.0,3.0,0.0,0.0,0.0,0.0,69.57,0.0,0.0,0.0,50.0,38.46,28.12,75.0,0.2509485731035213,0.0,0.0,1.0,0.0199707,1.0,1.0,0.0,0.1034631699999999,9.0,3.629032258064516,7.983870967741936,0.0,11.612903225806452,6.532258064516129,1.4516129032258065,1.4516129032258065,10.887096774193548,4.354838709677419,0.0,0.0,0.0,0.0,0.0,0.0,1.4516129032258065,0.0,0.7258064516129032,1.4516129032258065,0.0,2.177419354838709,0.0,0.0,0.0,0.0,69.57,0.0,0.0,0.0,50.0,38.46,28.12,75.0,0.182140093381588,0.0,0.0,0.7258064516129032,0.0144948629032258,0.7258064516129032,0.7258064516129032,0.0,0.0750942362903225,6.532258064516129,ST,14,14,13,13,77,14,17,49,13,42,6,15,14,3,3,50,28,24,14,17,83,28,51,33,51,33,13,33,17,86,21,26,58,16,9,13,17,16,36,23,6,37,26,28,37,13,30,98,26,40,100,58,42,6,15,14,3,3,77,28,44,30,17,100,28,51,33,51,33,13,33,17,86,21,26,58,40,9,13,23,19,60,40,6,67,65,Serbian SuperLeague
IMT Novi Beograd,bxdyd1x6lw23oh0k6ydzbvmis,eliwxex2d6793ejmwpkrhl6qy,C. Keïta,Charly Keita,27.0,Attacker,France,Striker,12.0,28.0,0.0,40.0,28.0,13.0,12.0,40.0,381.0,24.0,0.0,7.0,1.0,1.0,5.0,5.0,1.0,1.0,4.0,11.0,0.0,1.0,0.0,0.0,0.0,0.0,65.57,0.0,0.0,0.0,30.77,54.79,66.67,100.0,1.6947537144866236,0.3010893540815887,0.0,8.0,0.25546527,6.0,4.0,5.0,0.07754947,15.0,2.8346456692913384,6.6141732283464565,0.0,9.448818897637794,6.6141732283464565,3.070866141732284,2.8346456692913384,9.448818897637794,5.669291338582677,0.0,1.653543307086614,0.2362204724409448,0.2362204724409448,1.1811023622047243,1.1811023622047243,0.2362204724409448,0.2362204724409448,0.9448818897637796,2.598425196850393,0.0,0.2362204724409448,0.0,0.0,0.0,0.0,65.57,0.0,0.0,0.0,30.77,54.79,66.67,100.0,0.4003355231070764,0.0711234694680918,0.0,1.889763779527559,0.0603461267716535,1.4173228346456692,0.9448818897637796,1.1811023622047243,0.0183187724409448,3.543307086614173,ST,48,53,13,48,100,85,97,95,98,42,90,37,35,56,52,33,70,83,91,17,35,28,51,33,51,14,13,33,17,51,79,91,85,88,60,13,74,84,98,69,57,30,52,16,21,13,12,100,70,78,93,79,42,70,30,30,42,42,21,63,58,81,17,23,28,51,33,51,14,13,33,17,51,79,91,85,77,37,13,72,74,91,49,47,23,23,Serbian SuperLeague
IMT Novi Beograd,bxdyd1x6lw23oh0k6ydzbvmis,f2uzuei7d1za7daczmq4vc2dw,N. Glišić,Nikola Glisis,27.0,Defender,Serbia,Defender,17.0,49.0,2.0,65.0,6.0,17.0,15.0,27.0,453.0,29.0,1.0,4.0,2.0,4.0,15.0,16.0,8.0,1.0,7.0,10.0,5.0,4.0,3.0,0.0,1.0,0.0,69.89,25.0,10.0,33.33,41.18,45.0,42.86,66.67,1.7395051162244386,0.3698509669764694,3.0,11.0,0.34738628,0.0,3.0,5.0,0.3547117899999999,24.0,3.377483443708609,9.735099337748345,0.3973509933774835,12.913907284768213,1.1920529801324504,3.377483443708609,2.980132450331126,5.364238410596027,5.761589403973511,0.1986754966887417,0.794701986754967,0.3973509933774835,0.794701986754967,2.980132450331126,3.178807947019868,1.589403973509934,0.1986754966887417,1.390728476821192,1.9867549668874167,0.9933774834437088,0.794701986754967,0.5960264900662252,0.0,0.1986754966887417,0.0,69.89,25.0,10.0,33.33,41.18,45.0,42.86,66.67,0.3455970429584977,0.0734803245648614,0.5960264900662252,2.185430463576159,0.0690171417218543,0.0,0.5960264900662252,0.9933774834437088,0.0704725410596026,4.768211920529802,LB/LCB,19,62,19,34,59,100,100,81,100,91,78,84,100,100,100,31,94,100,91,100,56,41,53,41,53,19,12,31,44,88,19,44,62,100,75,97,100,100,12,22,31,56,25,6,25,6,12,38,100,100,62,100,94,62,81,100,94,100,12,94,100,94,75,38,25,53,25,53,19,12,31,44,88,19,44,62,100,69,94,88,94,12,12,12,44,12,Serbian SuperLeague
Mačva Šabac,ajxqiqjev2oopks7tsbxqx9ar,1rtgzy97b7388dcutjywi8962,K. Tojčić,Kristijan Tojcic,26.0,Defender,Bosnia and Herzegovina,Defender,91.0,27.0,8.0,118.0,8.0,1.0,1.0,24.0,447.0,2.0,0.0,0.0,0.0,0.0,4.0,4.0,16.0,0.0,1.0,7.0,2.0,3.0,8.0,0.0,0.0,0.0,83.1,50.0,0.0,50.0,100.0,52.17,66.67,37.5,0.1255569728753379,0.0,0.0,2.0,0.13190251,1.0,6.0,7.0,0.26054788,66.0,18.32214765100672,5.436241610738255,1.610738255033557,23.758389261744966,1.610738255033557,0.2013422818791946,0.2013422818791946,4.832214765100671,0.4026845637583892,0.0,0.0,0.0,0.0,0.8053691275167785,0.8053691275167785,3.221476510067114,0.0,0.2013422818791946,1.4093959731543624,0.4026845637583892,0.6040268456375839,1.610738255033557,0.0,0.0,0.0,83.1,50.0,0.0,50.0,100.0,52.17,66.67,37.5,0.0252799274245646,0.0,0.0,0.4026845637583892,0.0265575523489932,0.2013422818791946,1.2080536912751678,1.4093959731543624,0.0524593046979865,13.288590604026846,CB,52,32,52,46,60,41,57,80,48,48,20,32,34,94,94,62,48,81,92,90,67,92,51,38,51,42,68,38,58,98,40,75,33,48,23,31,46,83,52,42,41,44,51,29,8,23,25,35,35,50,56,35,48,20,32,34,81,81,38,48,73,79,73,52,83,51,38,51,42,68,38,58,98,40,75,33,40,23,31,35,69,52,29,27,29,40,Serbian SuperLeague
Mačva Šabac,ajxqiqjev2oopks7tsbxqx9ar,32nxl9ylis1sl8ey8ylhykciy,B. Vraštanović,Bosko Vrastanovic,31.0,Midfielder,Serbia,Midfielder,54.0,31.0,6.0,83.0,4.0,2.0,1.0,14.0,307.0,4.0,0.0,2.0,1.0,1.0,2.0,2.0,4.0,0.0,0.0,4.0,1.0,5.0,5.0,0.0,2.0,0.0,76.85,33.33,33.33,50.0,0.0,38.89,33.33,100.0,0.0844373004739965,0.1975022175170853,1.0,3.0,0.06738174,3.0,7.0,8.0,0.4216698499999998,45.0,15.830618892508143,9.087947882736156,1.7589576547231272,24.332247557003257,1.1726384364820848,0.5863192182410424,0.2931596091205212,4.1042345276872965,1.1726384364820848,0.0,0.5863192182410424,0.2931596091205212,0.2931596091205212,0.5863192182410424,0.5863192182410424,1.1726384364820848,0.0,0.0,1.1726384364820848,0.2931596091205212,1.4657980456026058,1.4657980456026058,0.0,0.5863192182410424,0.0,76.85,33.33,33.33,50.0,0.0,38.89,33.33,100.0,0.0247536060021488,0.0578996728877448,0.2931596091205212,0.8794788273615636,0.0197536045602605,0.8794788273615636,2.052117263843648,2.345276872964169,0.1236165684039087,13.192182410423452,DM/CM,50,33,33,38,58,33,65,42,65,44,44,33,69,31,31,46,42,25,58,35,65,71,52,77,52,23,12,71,44,25,12,17,94,23,62,35,54,50,87,37,37,69,42,54,15,35,23,46,35,73,23,65,44,46,35,77,31,31,27,42,25,54,35,62,73,52,81,52,23,12,71,44,25,12,17,94,23,54,38,46,42,88,31,31,69,35,Serbian SuperLeague
Mačva Šabac,ajxqiqjev2oopks7tsbxqx9ar,34ax6mwxehdxb6876mbf7actm,U. Blagojević,Uros Blagojevic,24.0,Defender,Serbia,Defender,11.0,4.0,2.0,15.0,0.0,0.0,0.0,3.0,90.0,0.0,0.0,0.0,0.0,0.0,1.0,1.0,6.0,0.0,0.0,0.0,1.0,2.0,0.0,0.0,0.0,0.0,93.75,100.0,0.0,100.0,0.0,0.0,0.0,100.0,0.0,0.0,0.0,0.0,0.0,0.0,0.0,0.0,0.0,0.0,11.0,4.0,2.0,15.0,0.0,0.0,0.0,3.0,0.0,0.0,0.0,0.0,0.0,1.0,1.0,6.0,0.0,0.0,0.0,1.0,2.0,0.0,0.0,0.0,0.0,93.75,100.0,0.0,100.0,0.0,0.0,0.0,100.0,0.0,0.0,0.0,0.0,0.0,0.0,0.0,0.0,0.0,0.0,CB,9,2,10,3,6,15,23,9,11,48,20,32,34,53,51,29,48,33,10,67,50,9,51,38,51,94,99,38,84,33,4,9,94,16,23,31,15,15,23,9,10,9,9,14,6,40,8,6,15,23,21,11,48,20,32,34,88,88,72,48,33,10,94,94,9,51,38,51,94,99,38,84,33,4,9,94,16,23,31,15,15,23,9,10,9,9,Serbian SuperLeague
Mačva Šabac,ajxqiqjev2oopks7tsbxqx9ar,362qp3h45vdb3wgt3raf70jkk,V. Rakić,Vladimir Rakic,19.0,Midfielder,Serbia,Midfielder,29.0,11.0,3.0,39.0,5.0,3.0,0.0,18.0,328.0,5.0,0.0,2.0,3.0,0.0,8.0,8.0,5.0,0.0,0.0,2.0,2.0,7.0,4.0,0.0,1.0,0.0,72.22,37.5,100.0,25.0,0.0,42.86,83.33,77.78,0.1405761463304091,0.209890430746567,3.0,2.0,0.08377727,0.0,1.0,0.0,0.28490382,15.0,7.9573170731707314,3.018292682926829,0.8231707317073171,10.701219512195122,1.3719512195121952,0.8231707317073171,0.0,4.939024390243903,1.3719512195121952,0.0,0.5487804878048781,0.8231707317073171,0.0,2.1951219512195124,2.1951219512195124,1.3719512195121952,0.0,0.0,0.5487804878048781,0.5487804878048781,1.920731707317073,1.0975609756097562,0.0,0.274390243902439,0.0,72.22,37.5,100.0,25.0,0.0,42.86,83.33,77.78,0.0385727230784659,0.0575918864853385,0.8231707317073171,0.5487804878048781,0.0229876655487804,0.0,0.274390243902439,0.0,0.0781748286585365,4.115853658536586,DM/CM,29,4,19,12,71,54,25,54,81,44,44,71,29,85,85,58,42,25,25,56,85,62,52,62,52,8,17,98,29,25,23,96,73,38,65,83,40,54,17,15,10,46,15,8,4,8,4,62,58,25,46,81,44,38,73,29,92,92,46,42,25,19,50,88,50,52,65,52,8,17,98,29,25,23,96,73,38,50,73,31,46,17,15,10,54,15,Serbian SuperLeague
Mačva Šabac,ajxqiqjev2oopks7tsbxqx9ar,3wv4ng54ikadwohto89q91990,N. Lainović,Nikola Lainovic,24.0,Defender,Serbia,Defender,53.0,27.0,9.0,78.0,2.0,2.0,1.0,24.0,341.0,4.0,0.0,3.0,1.0,1.0,12.0,13.0,15.0,0.0,0.0,8.0,8.0,3.0,4.0,0.0,2.0,0.0,78.79,69.23,25.0,66.67,0.0,66.67,66.67,50.0,0.1486619564932118,0.3045115250772363,1.0,3.0,0.06279657,1.0,6.0,7.0,0.24218639,41.0,13.988269794721408,7.126099706744868,2.375366568914956,20.58651026392962,0.5278592375366569,0.5278592375366569,0.2639296187683284,6.334310850439883,1.0557184750733135,0.0,0.7917888563049854,0.2639296187683284,0.2639296187683284,3.1671554252199416,3.43108504398827,3.958944281524927,0.0,0.0,2.1114369501466275,2.1114369501466275,0.7917888563049854,1.0557184750733135,0.0,0.5278592375366569,0.0,78.79,69.23,25.0,66.67,0.0,66.67,66.67,50.0,0.0392362935026072,0.0803696107241972,0.2639296187683284,0.7917888563049854,0.0165738747800586,0.2639296187683284,1.5835777126099708,1.8475073313783,0.0639201615835777,10.821114369501467,CB,31,32,59,31,22,61,57,80,67,48,85,77,80,100,100,57,48,33,97,100,67,62,51,86,51,27,90,79,66,33,82,75,44,60,90,76,57,54,52,42,41,40,34,23,17,54,17,21,69,58,88,71,48,79,81,83,100,100,52,48,33,90,100,65,65,51,88,51,27,90,79,66,33,82,75,44,52,83,81,52,50,56,42,35,33,31,Serbian SuperLeague
Mačva Šabac,ajxqiqjev2oopks7tsbxqx9ar,505sls39j0ryj82alv86mc50q,V. Ilić,Vladimir Ilić,27.0,Defender,Serbia,Defender,40.0,20.0,0.0,59.0,3.0,2.0,1.0,28.0,442.0,2.0,0.0,4.0,1.0,1.0,11.0,11.0,14.0,0.0,0.0,13.0,8.0,2.0,4.0,0.0,1.0,0.0,71.95,0.0,16.67,72.73,0.0,50.0,37.5,50.0,0.1673729188583845,0.1633316892039689,2.0,1.0,0.02122129,2.0,2.0,3.0,0.12510614,27.0,8.144796380090497,4.072398190045249,0.0,12.013574660633484,0.6108597285067873,0.4072398190045249,0.2036199095022624,5.701357466063348,0.4072398190045249,0.0,0.8144796380090498,0.2036199095022624,0.2036199095022624,2.239819004524887,2.239819004524887,2.850678733031674,0.0,0.0,2.647058823529412,1.6289592760180995,0.4072398190045249,0.8144796380090498,0.0,0.2036199095022624,0.0,71.95,0.0,16.67,72.73,0.0,50.0,37.5,50.0,0.0340804585910737,0.0332575837745638,0.4072398190045249,0.2036199095022624,0.0043210771493212,0.4072398190045249,0.4072398190045249,0.6108597285067873,0.0254741009049773,5.497737556561086,RB/RCB,50,29,11,39,50,61,79,100,46,39,79,64,82,100,100,79,54,43,100,100,39,50,54,43,54,21,11,50,86,43,50,43,32,64,36,82,25,21,61,29,29,14,36,43,7,11,7,21,43,71,93,21,39,57,57,71,93,93,50,54,43,100,93,29,29,54,36,54,21,11,50,86,43,50,43,32,57,29,71,21,21,50,21,21,14,14,Serbian SuperLeague
Mačva Šabac,ajxqiqjev2oopks7tsbxqx9ar,5t73eklfz27sq5xxbwe2x6txw,Đ. Đorđić,Dorde Dordic,21.0,Midfielder,Serbia,Midfielder,47.0,42.0,3.0,85.0,3.0,5.0,1.0,32.0,483.0,4.0,0.0,6.0,4.0,1.0,19.0,20.0,1.0,1.0,2.0,8.0,11.0,8.0,1.0,0.0,4.0,0.0,67.46,27.27,30.77,57.89,40.0,58.18,50.0,80.0,0.3384232569275771,0.4034711308613446,3.0,1.0,0.02401521,2.0,12.0,12.0,0.1807806599999999,44.0,8.75776397515528,7.82608695652174,0.5590062111801243,15.838509316770187,0.5590062111801243,0.9316770186335404,0.1863354037267081,5.962732919254659,0.7453416149068324,0.0,1.1180124223602486,0.7453416149068324,0.1863354037267081,3.5403726708074537,3.726708074534162,0.1863354037267081,0.1863354037267081,0.3726708074534162,1.4906832298136647,2.049689440993789,1.4906832298136647,0.1863354037267081,0.0,0.7453416149068324,0.0,67.46,27.27,30.77,57.89,40.0,58.18,50.0,80.0,0.0630602342101075,0.0751809560611201,0.5590062111801243,0.1863354037267081,0.0044748838509316,0.3726708074534162,2.236024844720497,2.236024844720497,0.0336858372670807,8.198757763975156,DM/CM,42,46,19,42,37,79,65,88,65,44,92,85,69,100,100,10,90,79,81,100,88,17,52,88,52,4,4,65,58,79,65,37,79,77,81,83,23,23,71,54,50,35,38,12,12,4,8,15,65,58,73,58,44,73,65,62,100,100,4,85,73,69,96,69,12,52,88,52,4,4,65,58,79,65,37,79,69,65,54,23,23,54,35,27,23,19,Serbian SuperLeague
Mačva Šabac,ajxqiqjev2oopks7tsbxqx9ar,6c4ckgmkakdqaj1n7l87mhudw,A. Muhamed,Abdulahi Muhamed,22.0,Attacker,Nigeria,Striker,14.0,17.0,0.0,30.0,4.0,4.0,2.0,14.0,330.0,6.0,0.0,3.0,2.0,1.0,4.0,4.0,2.0,0.0,1.0,2.0,3.0,3.0,3.0,0.0,1.0,0.0,61.22,0.0,20.0,75.0,25.0,38.89,36.36,60.0,0.344679732317654,0.2071115524313902,3.0,4.0,0.16471989,1.0,0.0,0.0,0.07326412,10.0,3.8181818181818175,4.636363636363637,0.0,8.181818181818182,1.090909090909091,1.090909090909091,0.5454545454545455,3.8181818181818175,1.6363636363636365,0.0,0.8181818181818182,0.5454545454545455,0.2727272727272727,1.090909090909091,1.090909090909091,0.5454545454545455,0.0,0.2727272727272727,0.5454545454545455,0.8181818181818182,0.8181818181818182,0.8181818181818182,0.0,0.2727272727272727,0.0,61.22,0.0,20.0,75.0,25.0,38.89,36.36,60.0,0.0940035633593601,0.0564849688449246,0.8181818181818182,1.090909090909091,0.0449236063636363,0.2727272727272727,0.0,0.0,0.0199811236363636,2.7272727272727275,RW,64,32,7,36,89,36,43,64,29,39,43,46,39,32,32,75,36,32,43,39,68,93,54,39,54,21,7,50,96,43,21,71,57,50,36,50,36,50,29,7,7,14,25,36,7,7,7,79,14,25,36,18,39,36,29,36,7,7,71,36,29,25,21,57,79,54,36,54,21,7,50,96,43,21,71,57,21,29,29,14,43,21,7,7,7,7,Serbian SuperLeague
Mačva Šabac,ajxqiqjev2oopks7tsbxqx9ar,7ck6bhrujs564fty6op4r9d78,N. Stevanović,Nemanja Stevanovic,24.0,Defender,Serbia,Defender,16.0,17.0,2.0,32.0,1.0,2.0,1.0,15.0,251.0,1.0,0.0,2.0,1.0,0.0,4.0,4.0,8.0,0.0,1.0,5.0,0.0,6.0,3.0,0.0,1.0,0.0,61.54,12.5,25.0,0.0,50.0,42.86,16.67,66.67,0.1817640028691974,0.1087319658138594,1.0,2.0,0.0452365,2.0,2.0,4.0,0.1630980899999999,22.0,5.7370517928286855,6.095617529880478,0.7171314741035857,11.474103585657373,0.3585657370517928,0.7171314741035857,0.3585657370517928,5.378486055776893,0.3585657370517928,0.0,0.7171314741035857,0.3585657370517928,0.0,1.4342629482071714,1.4342629482071714,2.8685258964143427,0.0,0.3585657370517928,1.7928286852589643,0.0,2.1513944223107573,1.0756972111553786,0.0,0.3585657370517928,0.0,61.54,12.5,25.0,0.0,50.0,42.86,16.67,66.67,0.0651743436582779,0.0389875574631368,0.3585657370517928,0.7171314741035857,0.0162202589641434,0.7171314741035857,0.7171314741035857,1.4342629482071714,0.0584813868525896,7.888446215139442,LB/LCB,12,6,19,6,9,50,47,47,25,44,47,59,34,62,56,31,44,78,72,19,88,41,53,41,53,6,6,66,19,97,12,31,62,62,38,62,22,25,53,12,25,31,19,19,6,19,6,12,81,50,69,19,44,56,69,34,69,56,50,44,88,81,19,100,56,53,56,53,6,6,66,19,97,12,31,62,69,38,75,38,31,69,19,31,25,19,Serbian SuperLeague
Mačva Šabac,ajxqiqjev2oopks7tsbxqx9ar,8lodq1t7arl3hu8j3jg437joq,M. Ergelaš,Mitar Ergelas,24.0,Attacker,Serbia,Striker,6.0,12.0,3.0,16.0,1.0,0.0,0.0,2.0,100.0,0.0,1.0,3.0,0.0,0.0,2.0,3.0,0.0,0.0,0.0,0.0,1.0,0.0,1.0,0.0,2.0,0.0,57.14,33.33,28.57,50.0,0.0,28.57,0.0,0.0,0.0,0.2235956310947987,0.0,1.0,0.0241224,1.0,2.0,5.0,0.1386183299999999,7.0,5.4,10.8,2.7,14.4,0.8999999999999999,0.0,0.0,1.7999999999999998,0.0,0.8999999999999999,2.7,0.0,0.0,1.7999999999999998,2.7,0.0,0.0,0.0,0.0,0.8999999999999999,0.0,0.8999999999999999,0.0,1.7999999999999998,0.0,57.14,33.33,28.57,50.0,0.0,28.57,0.0,0.0,0.0,0.2012360679853188,0.0,0.8999999999999999,0.02171016,0.8999999999999999,1.7999999999999998,4.5,0.1247564969999999,6.3,RW,18,7,61,7,32,7,7,7,7,82,43,11,18,7,14,21,36,14,7,14,18,54,54,68,54,7,21,82,46,14,14,18,18,7,43,7,7,7,29,29,46,36,7,64,50,93,57,71,7,7,7,7,100,93,11,18,43,57,21,36,14,7,29,18,86,54,93,54,7,21,82,46,14,14,18,18,7,79,7,7,7,64,57,82,43,50,Serbian SuperLeague
Mačva Šabac,ajxqiqjev2oopks7tsbxqx9ar,9jqyga5a8fh7mb50dqhtdn47o,L. Pejović,Luka Pejovic,27.0,Attacker,Serbia,Striker,36.0,34.0,5.0,67.0,7.0,7.0,4.0,33.0,415.0,9.0,0.0,5.0,3.0,1.0,9.0,10.0,5.0,1.0,3.0,9.0,4.0,8.0,5.0,0.0,3.0,0.0,68.37,41.67,25.0,44.44,42.86,47.14,46.67,61.54,0.603056882926693,0.5503521726034212,3.0,5.0,0.18081776,0.0,4.0,5.0,0.50771688,33.0,7.807228915662651,7.373493975903615,1.0843373493975903,14.530120481927712,1.5180722891566267,1.5180722891566267,0.8674698795180724,7.156626506024097,1.9518072289156627,0.0,1.0843373493975903,0.6506024096385543,0.2168674698795181,1.9518072289156627,2.168674698795181,1.0843373493975903,0.2168674698795181,0.6506024096385543,1.9518072289156627,0.8674698795180724,1.7349397590361448,1.0843373493975903,0.0,0.6506024096385543,0.0,68.37,41.67,25.0,44.44,42.86,47.14,46.67,61.54,0.1307834203937406,0.1193534832151997,0.6506024096385543,1.0843373493975903,0.0392134901204819,0.0,0.8674698795180724,1.0843373493975903,0.1101072751807229,7.156626506024097,LW,100,25,75,62,100,62,62,100,50,38,50,50,56,62,62,88,75,75,75,50,100,94,56,56,56,25,25,50,62,75,62,100,25,50,50,44,25,25,19,44,25,50,50,88,12,38,12,100,38,38,100,25,38,25,38,50,38,38,75,62,50,62,38,100,75,56,62,56,25,25,50,62,75,62,100,25,25,38,38,12,12,19,25,12,12,38,Serbian SuperLeague
Mačva Šabac,ajxqiqjev2oopks7tsbxqx9ar,9llyw739ny1hjiztduz70gaok,S. Sladojević,Slobodan Sladojevic,23.0,Midfielder,Serbia,Midfielder,126.0,19.0,14.0,145.0,21.0,2.0,2.0,31.0,540.0,3.0,1.0,1.0,0.0,1.0,0.0,0.0,53.0,0.0,1.0,5.0,0.0,3.0,10.0,0.0,0.0,0.0,74.36,30.43,0.0,0.0,50.0,53.45,52.5,60.0,0.2760728374835853,0.1908313441454553,1.0,0.0,0.0,0.0,4.0,5.0,0.3356499099999999,69.0,21.0,3.1666666666666665,2.333333333333333,24.166666666666668,3.5,0.3333333333333333,0.3333333333333333,5.166666666666667,0.5,0.1666666666666666,0.1666666666666666,0.0,0.1666666666666666,0.0,0.0,8.833333333333334,0.0,0.1666666666666666,0.8333333333333334,0.0,0.5,1.6666666666666667,0.0,0.0,0.0,74.36,30.43,0.0,0.0,50.0,53.45,52.5,60.0,0.0460121395805975,0.0318052240242425,0.1666666666666666,0.0,0.0,0.0,0.6666666666666666,0.8333333333333334,0.0559416516666666,11.5,LM/LCM,100,12,100,100,100,38,50,100,38,94,25,12,56,19,19,100,38,38,62,25,81,100,56,31,56,38,25,31,25,81,50,75,75,50,38,31,12,12,19,38,19,62,100,100,12,75,50,88,25,38,50,38,88,25,12,50,19,19,100,38,25,38,25,62,100,56,31,56,38,25,31,25,81,50,75,75,25,25,12,12,12,19,25,12,38,62,Serbian SuperLeague
Mačva Šabac,ajxqiqjev2oopks7tsbxqx9ar,dj18x0ufj4eufuugl6l9nakq2,M. Vidakov,Milan Vidakov,26.0,Attacker,Serbia,Striker,32.0,27.0,4.0,59.0,26.0,16.0,11.0,47.0,493.0,22.0,0.0,2.0,5.0,5.0,7.0,8.0,7.0,2.0,4.0,13.0,2.0,6.0,2.0,0.0,0.0,0.0,56.73,33.33,0.0,28.57,25.0,41.59,40.62,85.71,1.6557259415126966,0.0,4.0,3.0,0.05948466,2.0,1.0,3.0,0.0613312299999999,12.0,5.841784989858012,4.929006085192698,0.7302231237322515,10.77079107505071,4.746450304259635,2.920892494929006,2.0081135902636915,8.580121703853955,4.016227180527383,0.0,0.3651115618661257,0.9127789046653144,0.9127789046653144,1.27789046653144,1.460446247464503,1.27789046653144,0.3651115618661257,0.7302231237322515,2.3732251521298173,0.3651115618661257,1.0953346855983772,0.3651115618661257,0.0,0.0,0.0,56.73,33.33,0.0,28.57,25.0,41.59,40.62,85.71,0.3022623422639811,0.0,0.7302231237322515,0.5476673427991886,0.0108592685598377,0.3651115618661257,0.1825557809330628,0.5476673427991886,0.0111963705882352,2.1906693711967544,ST,92,47,88,77,98,97,92,100,92,42,29,86,94,72,72,85,91,83,94,55,97,70,51,33,51,7,41,33,36,37,47,47,67,86,9,78,41,35,51,23,43,26,37,74,7,70,23,86,51,53,86,47,42,19,67,74,47,49,74,79,47,67,35,84,63,51,33,51,7,41,33,36,37,47,47,67,65,9,58,19,16,35,14,23,9,12,Serbian SuperLeague
Mačva Šabac,ajxqiqjev2oopks7tsbxqx9ar,e9gfnmxx1ruo96kgyq0msdm1h,I. Ristivojević,Igor Ristivojevic,38.0,Defender,Serbia,Defender,82.0,12.0,14.0,94.0,9.0,2.0,1.0,14.0,380.0,2.0,0.0,1.0,1.0,1.0,0.0,0.0,41.0,0.0,0.0,2.0,0.0,2.0,5.0,0.0,0.0,0.0,67.14,29.79,0.0,0.0,0.0,46.67,45.0,66.67,0.1754258058678506,0.1470741016051615,1.0,0.0,0.0,0.0,1.0,2.0,0.2618931899999999,49.0,19.42105263157895,2.8421052631578947,3.3157894736842106,22.26315789473684,2.131578947368421,0.4736842105263157,0.2368421052631578,3.3157894736842106,0.4736842105263157,0.0,0.2368421052631578,0.2368421052631578,0.2368421052631578,0.0,0.0,9.710526315789474,0.0,0.0,0.4736842105263157,0.0,0.4736842105263157,1.1842105263157894,0.0,0.0,0.0,67.14,29.79,0.0,0.0,0.0,46.67,45.0,66.67,0.0415482171792277,0.034833339853854,0.2368421052631578,0.0,0.0,0.0,0.2368421052631578,0.4736842105263157,0.0620273344736841,11.605263157894736,CB,50,8,80,38,66,61,57,47,48,48,52,77,80,17,15,97,48,33,49,25,50,72,51,38,51,12,19,38,25,33,29,29,67,62,71,76,15,15,23,23,22,46,42,31,2,75,23,44,44,52,23,40,48,46,71,73,17,15,100,48,33,33,25,35,71,51,38,51,12,19,38,25,33,29,29,67,54,65,69,15,15,23,19,21,31,35,Serbian SuperLeague
Mačva Šabac,ajxqiqjev2oopks7tsbxqx9ar,eyf43sg2ktg85c9a50qey14b8,D. Terzić,Darko Terzić,27.0,Midfielder,Serbia,Midfielder,74.0,34.0,11.0,108.0,2.0,6.0,1.0,9.0,308.0,5.0,0.0,2.0,5.0,5.0,6.0,6.0,7.0,0.0,0.0,1.0,4.0,1.0,2.0,0.0,0.0,0.0,73.47,45.83,0.0,66.67,0.0,33.33,25.0,50.0,0.3948535360633975,0.0779299132091307,3.0,2.0,0.0399414,0.0,8.0,11.0,0.24272074,50.0,21.623376623376625,9.935064935064936,3.2142857142857144,31.55844155844156,0.5844155844155845,1.7532467532467533,0.2922077922077922,2.62987012987013,1.4610389610389611,0.0,0.5844155844155845,1.4610389610389611,1.4610389610389611,1.7532467532467533,1.7532467532467533,2.0454545454545454,0.0,0.0,0.2922077922077922,1.168831168831169,0.2922077922077922,0.5844155844155845,0.0,0.0,0.0,73.47,45.83,0.0,66.67,0.0,33.33,25.0,50.0,0.1153792800185252,0.0227717278857849,0.8766233766233766,0.5844155844155845,0.0116711883116883,0.0,2.337662337662338,3.2142857142857144,0.0709248915584415,14.61038961038961,DM/CM,69,38,63,46,21,85,65,17,81,44,44,92,100,75,75,67,42,25,13,77,8,33,52,27,52,12,31,27,77,25,4,4,21,81,31,83,40,35,17,44,44,42,46,81,19,77,58,19,85,69,4,85,44,42,88,100,73,73,77,42,25,15,85,4,31,52,27,52,12,31,27,77,25,4,4,21,77,42,85,35,31,17,38,42,42,42,Serbian SuperLeague
Mladost Lučani,16agx0zka9x8hdd5t3xyn1goq,1oiugm9rbf9v8o5h2u3atfyeh,J. Uzuegbunam,John Mary,33.0,Attacker,Cameroon,Striker,19.0,37.0,1.0,56.0,14.0,10.0,8.0,23.0,442.0,20.0,0.0,1.0,2.0,2.0,9.0,9.0,10.0,0.0,2.0,4.0,4.0,1.0,0.0,0.0,0.0,0.0,70.0,50.0,0.0,44.44,20.0,35.38,46.67,100.0,1.071076080086158,0.0736666374866769,3.0,9.0,0.22790894,3.0,1.0,2.0,0.08488171,12.0,3.868778280542986,7.53393665158371,0.2036199095022624,11.402714932126695,2.850678733031674,2.0361990950226243,1.6289592760180995,4.683257918552036,4.072398190045249,0.0,0.2036199095022624,0.4072398190045249,0.4072398190045249,1.832579185520362,1.832579185520362,2.0361990950226243,0.0,0.4072398190045249,0.8144796380090498,0.8144796380090498,0.2036199095022624,0.0,0.0,0.0,0.0,70.0,50.0,0.0,44.44,20.0,35.38,46.67,100.0,0.2180924144971815,0.0149999940583731,0.6108597285067873,1.832579185520362,0.0464067977375565,0.6108597285067873,0.2036199095022624,0.4072398190045249,0.0172836061085972,2.443438914027149,ST,67,67,40,73,88,72,77,79,83,42,15,55,53,84,81,97,28,45,41,79,35,28,51,33,51,35,60,33,52,22,16,67,85,74,21,70,83,70,65,23,31,33,37,33,33,26,28,70,40,49,35,51,42,12,40,42,58,53,84,28,30,16,58,21,28,51,33,51,35,60,33,52,22,16,67,85,42,21,51,70,63,51,16,16,21,14,Serbian SuperLeague
Mladost Lučani,16agx0zka9x8hdd5t3xyn1goq,1qghzct7966bwc7kyw49rvqi,F. Žunić,Filip Žunić,24.0,Defender,Serbia,Defender,13.0,13.0,0.0,26.0,0.0,0.0,0.0,5.0,157.0,1.0,0.0,1.0,0.0,0.0,1.0,1.0,3.0,0.0,0.0,4.0,0.0,1.0,1.0,0.0,0.0,0.0,76.47,0.0,0.0,0.0,0.0,41.67,0.0,100.0,0.0,0.0597826823956313,0.0,0.0,0.0,0.0,5.0,5.0,0.08805504,13.0,7.452229299363057,7.452229299363057,0.0,14.904458598726114,0.0,0.0,0.0,2.8662420382165603,0.5732484076433121,0.0,0.5732484076433121,0.0,0.0,0.5732484076433121,0.5732484076433121,1.7197452229299364,0.0,0.0,2.2929936305732483,0.0,0.5732484076433121,0.5732484076433121,0.0,0.0,0.0,76.47,0.0,0.0,0.0,0.0,41.67,0.0,100.0,0.0,0.0342703274879415,0.0,0.0,0.0,0.0,2.8662420382165603,2.8662420382165603,0.0504774114649681,7.452229299363057,CB,12,10,2,7,6,15,23,14,31,48,52,32,34,53,51,8,48,33,70,25,32,23,51,38,51,19,2,38,25,33,19,9,94,16,52,31,15,15,23,33,29,21,21,8,21,2,6,6,15,23,19,46,48,73,32,34,75,75,8,48,33,92,25,50,33,51,38,51,19,2,38,25,33,19,9,94,16,62,31,15,15,23,56,52,25,23,Serbian SuperLeague
Mladost Lučani,16agx0zka9x8hdd5t3xyn1goq,4293mvh11wls7fe7os25kt10q,V. Kijevčanin,Veljko Kijevčanin,27.0,Midfielder,Serbia,Midfielder,58.0,54.0,8.0,111.0,4.0,3.0,1.0,22.0,359.0,5.0,2.0,4.0,2.0,0.0,6.0,6.0,4.0,0.0,1.0,4.0,3.0,5.0,2.0,0.0,1.0,0.0,77.08,44.44,50.0,50.0,33.33,42.31,66.67,45.45,0.1509009824680987,0.3283194073682428,3.0,2.0,0.04282587,1.0,20.0,16.0,0.61922226,66.0,14.540389972144848,13.537604456824512,2.0055710306406684,27.82729805013928,1.0027855153203342,0.7520891364902507,0.2506963788300835,5.515320334261839,1.2534818941504178,0.5013927576601671,1.0027855153203342,0.5013927576601671,0.0,1.504178272980501,1.504178272980501,1.0027855153203342,0.0,0.2506963788300835,1.0027855153203342,0.7520891364902507,1.2534818941504178,0.5013927576601671,0.0,0.2506963788300835,0.0,77.08,44.44,50.0,50.0,33.33,42.31,66.67,45.45,0.0378303298666542,0.0823084865268575,0.7520891364902507,0.5013927576601671,0.0107362905292479,0.2506963788300835,5.013927576601671,4.011142061281337,0.1552367782729805,16.545961002785514,DM/CM,54,52,42,50,58,54,65,62,81,100,73,52,29,75,75,46,42,60,58,69,65,33,52,62,52,27,27,87,44,65,19,63,12,42,73,83,40,46,46,73,62,81,54,46,46,42,38,42,50,65,58,69,100,69,42,29,62,62,19,42,62,46,58,54,27,52,62,52,27,27,87,44,65,19,63,12,35,73,65,27,27,42,85,73,85,65,Serbian SuperLeague
Mladost Lučani,16agx0zka9x8hdd5t3xyn1goq,7df38kmznofllg5uc81ohdjpw,V. Tašovski,Vasil Tašovski,19.0,Attacker,Serbia,Striker,16.0,40.0,2.0,56.0,0.0,10.0,8.0,20.0,323.0,19.0,0.0,4.0,2.0,0.0,13.0,14.0,4.0,2.0,5.0,6.0,6.0,4.0,5.0,0.0,0.0,0.0,78.87,33.33,0.0,46.15,50.0,39.22,0.0,50.0,1.0656355471123218,0.2523273243039369,5.0,4.0,0.08000473,2.0,4.0,6.0,0.1466279399999999,20.0,4.458204334365325,11.145510835913312,0.5572755417956656,15.603715170278637,0.0,2.786377708978328,2.2291021671826625,5.572755417956656,5.294117647058823,0.0,1.1145510835913313,0.5572755417956656,0.0,3.622291021671826,3.900928792569659,1.1145510835913313,0.5572755417956656,1.393188854489164,1.671826625386997,1.671826625386997,1.1145510835913313,1.393188854489164,0.0,0.0,0.0,78.87,33.33,0.0,46.15,50.0,39.22,0.0,50.0,0.2969263134368698,0.0703079231806635,1.393188854489164,1.1145510835913313,0.0222923396284829,0.5572755417956656,1.1145510835913313,1.671826625386997,0.0408560823529411,5.572755417956656,ST,64,74,65,73,7,72,77,70,79,42,56,55,14,94,94,73,91,92,67,92,88,98,51,33,51,81,41,33,59,86,26,7,34,72,51,86,50,40,51,69,66,47,70,49,72,51,72,7,49,65,58,74,42,51,51,14,95,98,67,88,84,42,91,88,95,51,33,51,81,41,33,59,86,26,7,34,56,35,91,42,28,44,58,60,35,51,Serbian SuperLeague
Mladost Lučani,16agx0zka9x8hdd5t3xyn1goq,7e2jffj0b5794c14m2jcla3o4,M. Todosijević,Mihailo Todosijević,18.0,Defender,Serbia,Defender,10.0,28.0,4.0,36.0,14.0,10.0,6.0,24.0,368.0,11.0,0.0,5.0,4.0,2.0,7.0,8.0,2.0,3.0,4.0,3.0,4.0,1.0,2.0,0.0,2.0,0.0,60.0,40.0,40.0,57.14,40.0,38.1,45.16,33.33,0.9313296509746216,0.3678296587728872,4.0,4.0,0.13160101,2.0,1.0,5.0,0.3322424499999999,14.0,2.4456521739130435,6.847826086956522,0.9782608695652176,8.804347826086957,3.423913043478261,2.4456521739130435,1.4673913043478262,5.869565217391305,2.690217391304348,0.0,1.2228260869565215,0.9782608695652176,0.4891304347826087,1.7119565217391306,1.956521739130435,0.4891304347826087,0.7336956521739131,0.9782608695652176,0.7336956521739131,0.9782608695652176,0.2445652173913043,0.4891304347826087,0.0,0.4891304347826087,0.0,60.0,40.0,40.0,57.14,40.0,38.1,45.16,33.33,0.2277708385535759,0.0899583404607604,0.9782608695652176,0.9782608695652176,0.0321850296195652,0.4891304347826087,0.2445652173913043,1.2228260869565215,0.0812549470108695,3.423913043478261,CB,6,38,31,11,84,100,100,80,100,48,94,100,97,97,97,4,100,100,64,98,32,40,51,86,51,2,44,90,62,83,10,31,27,100,92,100,68,81,70,23,29,56,24,2,15,9,2,81,100,98,79,98,48,90,98,92,96,96,4,100,100,50,92,23,23,51,83,51,2,44,90,62,83,10,31,27,98,88,100,59,85,65,21,25,46,19,Serbian SuperLeague
Mladost Lučani,16agx0zka9x8hdd5t3xyn1goq,a1yjw13pr1tysq5mlzzkrrvca,V. Marković,Vukašin Marković,25.0,Midfielder,Serbia,Midfielder,12.0,17.0,1.0,29.0,3.0,2.0,1.0,12.0,90.0,3.0,0.0,2.0,1.0,0.0,2.0,2.0,2.0,0.0,1.0,3.0,1.0,3.0,2.0,0.0,0.0,0.0,80.56,100.0,0.0,50.0,50.0,57.14,60.0,60.0,0.1663368034296296,0.0846927449189558,1.0,1.0,0.0241224,1.0,4.0,4.0,0.1775945,19.0,12.0,17.0,1.0,29.0,3.0,2.0,1.0,12.0,3.0,0.0,2.0,1.0,0.0,2.0,2.0,2.0,0.0,1.0,3.0,1.0,3.0,2.0,0.0,0.0,0.0,80.56,100.0,0.0,50.0,50.0,57.14,60.0,60.0,0.1663368034296296,0.0846927449189558,1.0,1.0,0.0241224,1.0,4.0,4.0,0.1775945,19.0,DM/CM,4,12,8,4,37,33,65,31,54,44,44,33,29,31,31,25,42,60,38,35,25,33,52,27,52,46,98,27,44,85,60,52,40,46,35,35,23,27,46,23,25,31,23,35,62,17,42,100,92,96,100,96,44,96,85,29,88,88,71,42,92,96,77,96,92,52,27,52,46,98,27,44,85,60,52,40,92,81,92,50,50,92,63,67,92,77,Serbian SuperLeague
Mladost Lučani,16agx0zka9x8hdd5t3xyn1goq,amuy3aajjrtr1lgdeaazy45w5,N. Andrić,Nikola Andric,34.0,Defender,Serbia,Defender,87.0,39.0,16.0,126.0,10.0,3.0,3.0,22.0,540.0,3.0,0.0,2.0,0.0,0.0,1.0,1.0,38.0,0.0,1.0,2.0,0.0,5.0,8.0,0.0,0.0,0.0,77.78,51.61,0.0,0.0,33.33,51.16,47.62,50.0,0.4271844424269825,0.056229147668649,0.0,0.0,0.0,1.0,14.0,16.0,0.31112418,72.0,14.5,6.5,2.6666666666666665,21.0,1.6666666666666667,0.5,0.5,3.6666666666666665,0.5,0.0,0.3333333333333333,0.0,0.0,0.1666666666666666,0.1666666666666666,6.333333333333333,0.0,0.1666666666666666,0.3333333333333333,0.0,0.8333333333333334,1.3333333333333333,0.0,0.0,0.0,77.78,51.61,0.0,0.0,33.33,51.16,47.62,50.0,0.0711974070711637,0.0093715246114414,0.0,0.0,0.0,0.1666666666666666,2.333333333333333,2.6666666666666665,0.0518540299999999,12.0,RB/RCB,89,43,96,71,100,86,93,89,68,39,39,29,32,25,25,100,54,89,39,25,89,86,54,18,54,50,79,18,25,86,61,57,32,93,14,29,11,11,29,71,61,36,71,57,14,64,43,71,61,93,39,29,39,21,29,32,18,18,100,54,86,14,25,71,54,54,18,54,50,79,18,25,86,61,57,32,93,14,29,11,11,21,43,43,21,43,Serbian SuperLeague
Mladost Lučani,16agx0zka9x8hdd5t3xyn1goq,b268aocn5m2swiupslpdpwclx,N. Ćirković,Nikola Cirkovic,34.0,Midfielder,Serbia,Midfielder,120.0,28.0,8.0,148.0,13.0,2.0,2.0,25.0,540.0,2.0,0.0,0.0,0.0,0.0,2.0,2.0,34.0,2.0,2.0,4.0,1.0,5.0,5.0,0.0,0.0,0.0,80.0,28.57,0.0,50.0,100.0,71.43,72.22,71.43,0.243024034197727,0.0,0.0,0.0,0.0,0.0,7.0,6.0,0.1720978999999999,96.0,20.0,4.666666666666667,1.3333333333333333,24.666666666666668,2.1666666666666665,0.3333333333333333,0.3333333333333333,4.166666666666667,0.3333333333333333,0.0,0.0,0.0,0.0,0.3333333333333333,0.3333333333333333,5.666666666666667,0.3333333333333333,0.3333333333333333,0.6666666666666666,0.1666666666666666,0.8333333333333334,0.8333333333333334,0.0,0.0,0.0,80.0,28.57,0.0,50.0,100.0,71.43,72.22,71.43,0.0405040056996211,0.0,0.0,0.0,0.0,0.0,1.1666666666666667,1.0,0.0286829833333333,16.0,DM/CM,92,23,42,62,94,33,88,77,46,44,13,13,29,31,31,100,100,79,58,35,65,71,52,27,52,40,8,27,44,98,98,81,67,62,13,13,10,10,17,37,31,27,81,77,8,27,27,81,23,77,27,42,44,13,13,29,19,19,96,96,67,23,23,15,42,52,27,52,40,8,27,44,98,98,81,67,46,13,13,10,10,17,19,19,15,60,Serbian SuperLeague
Mladost Lučani,16agx0zka9x8hdd5t3xyn1goq,buc11s6kueqgbm7czxeoxyfx0,J. Ćirić,Jovan Ciric,19.0,Midfielder,Serbia,Midfielder,27.0,30.0,1.0,56.0,2.0,10.0,4.0,16.0,401.0,15.0,1.0,3.0,6.0,4.0,17.0,20.0,1.0,0.0,5.0,9.0,4.0,1.0,4.0,0.0,1.0,0.0,77.78,100.0,10.0,23.53,50.0,38.1,33.33,100.0,0.6206232566863074,0.4014897259986475,5.0,6.0,0.15609107,5.0,3.0,8.0,0.4993341499999999,25.0,6.059850374064838,6.733167082294264,0.2244389027431421,12.56857855361596,0.4488778054862842,2.244389027431421,0.8977556109725685,3.591022443890274,3.366583541147132,0.2244389027431421,0.6733167082294265,1.346633416458853,0.8977556109725685,3.815461346633416,4.488778054862843,0.2244389027431421,0.0,1.1221945137157108,2.0199501246882794,0.8977556109725685,0.2244389027431421,0.8977556109725685,0.0,0.2244389027431421,0.0,77.78,100.0,10.0,23.53,50.0,38.1,33.33,100.0,0.1392920027475502,0.0901099135657812,1.1221945137157108,1.346633416458853,0.0350329084788029,1.1221945137157108,0.6733167082294265,1.795511221945137,0.1120700087281795,5.610972568578553,CM/AM,52,16,9,39,55,71,75,55,84,77,21,84,82,95,100,45,29,91,89,82,21,86,52,52,50,36,98,43,32,73,29,45,91,61,46,77,48,46,82,12,30,71,29,36,7,7,7,36,64,57,21,79,68,14,57,71,89,93,39,29,86,71,71,14,68,52,43,50,36,98,43,32,73,29,45,91,39,29,64,25,25,79,11,14,43,14,Serbian SuperLeague
Mladost Lučani,16agx0zka9x8hdd5t3xyn1goq,demj0v7b3jqe4on3nsjsmb55h,M. Joksimović,Milan Joksimović,36.0,Defender,Serbia,Defender,112.0,63.0,21.0,173.0,9.0,0.0,0.0,11.0,539.0,0.0,0.0,3.0,0.0,0.0,0.0,0.0,33.0,0.0,0.0,0.0,0.0,2.0,4.0,0.0,2.0,0.0,77.93,42.86,40.0,0.0,0.0,37.93,52.94,100.0,0.0,0.3458858360201218,0.0,3.0,0.0542629,0.0,23.0,30.0,0.7391042199999996,115.0,18.7012987012987,10.51948051948052,3.5064935064935066,28.88682745825603,1.50278293135436,0.0,0.0,1.836734693877551,0.0,0.0,0.5009276437847866,0.0,0.0,0.0,0.0,5.510204081632653,0.0,0.0,0.0,0.0,0.3339517625231911,0.6679035250463822,0.0,0.3339517625231911,0.0,77.93,42.86,40.0,0.0,0.0,37.93,52.94,100.0,0.0,0.0577545922853635,0.0,0.5009276437847866,0.0090605955473098,0.0,3.8404452690166977,5.009276437847866,0.1234125784786641,19.20222634508349,LB/LCB,88,81,100,88,88,12,19,19,9,44,62,25,34,12,9,100,44,31,9,19,28,62,53,69,53,62,62,94,19,31,6,50,94,12,69,25,34,31,12,94,100,88,91,81,31,88,56,56,12,19,6,9,44,38,25,34,12,9,100,44,31,9,19,12,31,53,50,53,62,62,94,19,31,6,50,94,12,62,25,25,19,12,88,88,69,88,Serbian SuperLeague
Mladost Lučani,16agx0zka9x8hdd5t3xyn1goq,dr7b9imftjmz7trrgr6oimz9,A. Varjačić,Aleksandar Varjačić,35.0,Midfielder,Serbia,Midfielder,41.0,56.0,5.0,80.0,6.0,5.0,3.0,24.0,538.0,6.0,3.0,12.0,2.0,1.0,6.0,7.0,18.0,0.0,2.0,10.0,2.0,2.0,4.0,0.0,17.0,0.0,64.0,21.74,31.48,33.33,40.0,51.06,42.86,33.33,0.3304757135604415,1.7150941329606506,2.0,3.0,0.08363513,7.0,8.0,13.0,1.08527333,52.0,6.858736059479554,9.36802973977695,0.8364312267657993,13.382899628252789,1.003717472118959,0.8364312267657993,0.5018587360594795,4.014869888475836,1.003717472118959,0.5018587360594795,2.007434944237918,0.3345724907063197,0.1672862453531598,1.003717472118959,1.1710037174721188,3.011152416356877,0.0,0.3345724907063197,1.6728624535315986,0.3345724907063197,0.3345724907063197,0.6691449814126395,0.0,2.8438661710037176,0.0,64.0,21.74,31.48,33.33,40.0,51.06,42.86,33.33,0.0552840413019325,0.2869116579302203,0.3345724907063197,0.5018587360594795,0.0139910068773234,1.1710037174721188,1.338289962825279,2.174721189591078,0.1815513005576208,8.698884758364311,RM/RCM,67,83,67,67,100,100,92,100,58,100,100,83,83,67,75,100,50,83,100,75,67,67,58,100,58,50,17,83,58,67,100,83,25,83,100,75,33,33,92,67,83,100,83,50,33,50,33,83,67,83,67,33,100,100,50,83,50,50,100,50,67,100,33,33,67,58,100,58,50,17,83,58,67,100,83,25,50,100,50,33,33,83,17,33,67,67,Serbian SuperLeague
Mladost Lučani,16agx0zka9x8hdd5t3xyn1goq,dwpit61zllr4c95xddq2jaxud,D. Jovančić,Dusan Jovancic,35.0,Midfielder,Serbia,Midfielder,89.0,82.0,11.0,171.0,14.0,3.0,2.0,50.0,475.0,7.0,0.0,2.0,1.0,2.0,10.0,10.0,15.0,0.0,0.0,18.0,5.0,10.0,11.0,0.0,0.0,0.0,82.61,52.38,0.0,50.0,0.0,60.24,87.5,71.43,0.3125319198556036,0.1155471407633714,1.0,11.0,0.29577619,1.0,15.0,21.0,0.4660892899999998,79.0,16.863157894736844,15.536842105263158,2.0842105263157893,32.4,2.6526315789473687,0.5684210526315789,0.3789473684210526,9.473684210526317,1.3263157894736843,0.0,0.3789473684210526,0.1894736842105263,0.3789473684210526,1.8947368421052635,1.8947368421052635,2.8421052631578947,0.0,0.0,3.4105263157894736,0.9473684210526316,1.8947368421052635,2.0842105263157893,0.0,0.0,0.0,82.61,52.38,0.0,50.0,0.0,60.24,87.5,71.43,0.0592165742884301,0.0218931424604282,0.1894736842105263,2.0842105263157893,0.0560418044210526,0.1894736842105263,2.8421052631578947,3.978947368421053,0.0883116549473684,14.968421052631578,DM/CM,81,81,63,85,100,54,88,100,92,44,44,33,88,96,96,88,42,25,100,83,96,100,52,27,52,69,46,27,44,25,69,100,67,73,50,35,92,92,46,60,79,73,65,65,54,46,62,92,31,81,96,77,44,35,27,85,81,81,88,42,25,100,65,85,96,52,27,52,69,46,27,44,25,69,100,67,65,35,27,81,85,35,46,62,62,50,Serbian SuperLeague
Novi Pazar,ctuzznbzdmug74ywjlq53frtf,1n1iqt63gkt8nly9lia2wbkt0,D. Sadi,Dominic Sadi,22.0,Attacker,England,Striker,22.0,61.0,5.0,75.0,2.0,16.0,11.0,24.0,464.0,18.0,1.0,10.0,5.0,5.0,12.0,12.0,6.0,0.0,6.0,9.0,8.0,2.0,1.0,0.0,8.0,0.0,75.76,55.56,25.81,66.67,37.5,53.33,16.67,40.0,1.7178875272831378,0.7886982877832506,3.0,8.0,0.24564403,4.0,9.0,9.0,0.3087358,37.0,4.267241379310344,11.831896551724135,0.9698275862068964,14.547413793103448,0.3879310344827586,3.103448275862069,2.133620689655172,4.655172413793103,3.4913793103448274,0.1939655172413793,1.939655172413793,0.9698275862068964,0.9698275862068964,2.327586206896552,2.327586206896552,1.1637931034482758,0.0,1.1637931034482758,1.7456896551724137,1.5517241379310345,0.3879310344827586,0.1939655172413793,0.0,1.5517241379310345,0.0,75.76,55.56,25.81,66.67,37.5,53.33,16.67,40.0,0.3332109427919879,0.1529802713372684,0.5818965517241379,1.5517241379310345,0.0476464713362069,0.7758620689655172,1.7456896551724137,1.7456896551724137,0.059884099137931,7.176724137931034,ST,78,95,91,88,23,97,92,83,77,90,98,86,94,91,87,81,28,98,85,97,64,58,51,99,51,70,70,79,78,73,74,14,26,91,95,70,74,77,81,92,86,77,91,44,79,81,58,16,72,58,33,30,84,79,72,77,79,67,70,28,79,47,84,42,56,51,93,51,70,70,79,78,73,74,14,26,70,79,47,59,65,67,81,63,60,74,Serbian SuperLeague
Novi Pazar,ctuzznbzdmug74ywjlq53frtf,3ov0p21d20ljqnun1ow7yfbis,P. Gadio,Papa Amady Gadio,24.0,Midfielder,Senegal,Midfielder,21.0,22.0,9.0,43.0,3.0,0.0,0.0,12.0,182.0,0.0,0.0,0.0,0.0,0.0,3.0,3.0,1.0,0.0,0.0,2.0,2.0,3.0,3.0,0.0,0.0,0.0,74.14,64.29,0.0,66.67,0.0,54.55,75.0,60.0,0.0,0.0,0.0,0.0,0.0,0.0,0.0,0.0,0.0,0.0,10.384615384615383,10.87912087912088,4.450549450549451,21.263736263736263,1.4835164835164836,0.0,0.0,5.934065934065934,0.0,0.0,0.0,0.0,0.0,1.4835164835164836,1.4835164835164836,0.4945054945054945,0.0,0.0,0.989010989010989,0.989010989010989,1.4835164835164836,1.4835164835164836,0.0,0.0,0.0,74.14,64.29,0.0,66.67,0.0,54.55,75.0,60.0,0.0,0.0,0.0,0.0,0.0,0.0,0.0,0.0,0.0,0.0,DM/CM,19,17,52,15,37,12,25,31,17,44,13,13,29,46,46,10,42,25,25,56,25,48,52,27,52,15,73,27,77,25,40,85,40,12,13,13,10,10,17,8,10,8,8,15,23,85,15,65,12,25,65,17,44,13,13,29,58,58,15,42,25,38,69,65,77,52,27,52,15,73,27,77,25,40,85,40,12,13,13,10,10,17,8,10,8,8,Serbian SuperLeague
Novi Pazar,ctuzznbzdmug74ywjlq53frtf,463p3v1x5z6tjmnvuc9dg15hw,D. Agwom,Dauda Johnson Agwom,19.0,Attacker,Nigeria,Striker,13.0,45.0,3.0,57.0,3.0,8.0,4.0,25.0,397.0,10.0,1.0,8.0,4.0,4.0,14.0,15.0,5.0,0.0,3.0,4.0,9.0,7.0,1.0,0.0,1.0,0.0,69.51,50.0,12.5,64.29,37.5,41.67,21.43,77.78,0.4750800689989389,0.8457914193496181,4.0,5.0,0.12546648,2.0,6.0,8.0,0.6893154599999999,23.0,2.947103274559194,10.201511335012594,0.6801007556675063,12.92191435768262,0.6801007556675063,1.81360201511335,0.906801007556675,5.6675062972292185,2.267002518891688,0.2267002518891687,1.81360201511335,0.906801007556675,0.906801007556675,3.1738035264483626,3.400503778337532,1.1335012594458438,0.0,0.6801007556675063,0.906801007556675,2.040302267002519,1.5869017632241813,0.2267002518891687,0.0,0.2267002518891687,0.0,69.51,50.0,12.5,64.29,37.5,41.67,21.43,77.78,0.1077007713095831,0.1917411278122559,0.906801007556675,1.1335012594458438,0.0284432826196473,0.4534005037783375,1.3602015113350123,1.81360201511335,0.1562679884130982,5.214105793450881,RW,57,75,61,79,71,75,57,100,54,82,89,86,96,96,93,93,36,75,71,100,96,54,54,39,54,50,39,32,79,68,43,43,82,57,100,71,46,36,54,79,71,86,64,29,43,36,21,50,43,50,86,29,79,57,50,79,64,64,93,36,64,50,79,79,36,54,29,54,50,39,32,79,68,43,43,82,43,64,43,21,14,36,43,43,64,36,Serbian SuperLeague
Novi Pazar,ctuzznbzdmug74ywjlq53frtf,5o4455f3efcjarbo8wqsfdm95,T. Dadić,Tomislav Dadic,28.0,Defender,Croatia,Defender,57.0,46.0,14.0,102.0,1.0,1.0,1.0,12.0,315.0,4.0,0.0,1.0,0.0,1.0,5.0,6.0,15.0,0.0,0.0,3.0,2.0,5.0,3.0,0.0,1.0,0.0,76.12,42.42,7.69,40.0,0.0,60.0,0.0,83.33,0.1147813306577667,0.1043161739090745,1.0,6.0,0.11290321,2.0,10.0,17.0,0.2726347599999999,50.0,16.285714285714285,13.142857142857142,4.0,29.142857142857142,0.2857142857142857,0.2857142857142857,0.2857142857142857,3.4285714285714284,1.1428571428571428,0.0,0.2857142857142857,0.0,0.2857142857142857,1.4285714285714286,1.7142857142857142,4.285714285714286,0.0,0.0,0.8571428571428571,0.5714285714285714,1.4285714285714286,0.8571428571428571,0.0,0.2857142857142857,0.0,76.12,42.42,7.69,40.0,0.0,60.0,0.0,83.33,0.032794665902219,0.0298046211168784,0.2857142857142857,1.7142857142857142,0.03225806,0.5714285714285714,2.857142857142857,4.857142857142857,0.0778956457142856,14.285714285714286,LB/LCB,75,50,81,75,9,28,47,25,50,44,28,25,78,84,88,78,44,31,44,56,72,41,53,41,53,56,56,25,50,31,66,16,75,38,31,62,69,62,53,56,81,44,62,62,44,100,62,6,25,38,19,62,44,19,25,88,62,81,94,44,31,44,50,81,44,53,38,53,56,56,25,50,31,66,16,75,38,31,62,75,56,56,69,81,50,56,Serbian SuperLeague
Novi Pazar,ctuzznbzdmug74ywjlq53frtf,5v3sd56kh9pmvzk6wczhs9o4q,V. Kotzebue,Vieiri Kotzebue,23.0,Attacker,Netherlands,Striker,15.0,22.0,2.0,36.0,6.0,7.0,7.0,17.0,319.0,13.0,0.0,5.0,0.0,1.0,5.0,6.0,3.0,1.0,4.0,8.0,0.0,2.0,0.0,0.0,1.0,0.0,70.59,50.0,100.0,0.0,57.14,39.53,25.0,66.67,0.551411611986779,0.3824953686412663,2.0,5.0,0.1162249599999999,0.0,4.0,2.0,0.20917713,14.0,4.231974921630094,6.206896551724138,0.5642633228840126,10.156739811912226,1.6927899686520378,1.974921630094044,1.974921630094044,4.7962382445141065,3.6677115987460818,0.0,1.4106583072100314,0.0,0.2821316614420063,1.4106583072100314,1.6927899686520378,0.8463949843260189,0.2821316614420063,1.1285266457680252,2.2570532915360504,0.0,0.5642633228840126,0.0,0.0,0.2821316614420063,0.0,70.59,50.0,100.0,0.0,57.14,39.53,25.0,66.67,0.1555706742282448,0.1079140538486331,0.5642633228840126,1.4106583072100314,0.0327907410658306,0.0,1.1285266457680252,0.5642633228840126,0.0590154912225705,3.949843260188088,ST,59,31,65,40,59,45,67,56,57,42,70,15,35,56,58,62,70,83,79,17,64,28,51,67,51,41,60,99,17,98,28,22,45,40,74,53,59,51,14,69,31,63,48,42,19,53,21,56,35,51,40,35,42,63,15,33,51,51,58,67,77,65,17,53,28,51,67,51,41,60,99,17,98,28,22,45,30,65,44,51,40,14,60,26,56,37,Serbian SuperLeague
Novi Pazar,ctuzznbzdmug74ywjlq53frtf,5ye0r3edkdi6ipdvygbosiej8,S. Togbe,Skima Togbe,20.0,Midfielder,Ghana,Midfielder,19.0,35.0,10.0,54.0,1.0,2.0,0.0,7.0,234.0,0.0,0.0,3.0,2.0,0.0,0.0,0.0,3.0,0.0,2.0,2.0,0.0,4.0,7.0,0.0,0.0,0.0,77.14,62.5,0.0,0.0,100.0,35.0,33.33,100.0,0.1138619858698227,0.1836537817981082,2.0,2.0,0.0399414,0.0,8.0,8.0,0.14045975,33.0,7.3076923076923075,13.461538461538462,3.846153846153846,20.76923076923077,0.3846153846153846,0.7692307692307692,0.0,2.692307692307692,0.0,0.0,1.1538461538461535,0.7692307692307692,0.0,0.0,0.0,1.1538461538461535,0.0,0.7692307692307692,0.7692307692307692,0.0,1.5384615384615383,2.692307692307692,0.0,0.0,0.0,77.14,62.5,0.0,0.0,100.0,35.0,33.33,100.0,0.0437930714883933,0.0706360699223493,0.7692307692307692,0.7692307692307692,0.0153620769230769,0.0,3.0769230769230766,3.0769230769230766,0.0540229807692307,12.692307692307692,DM/CM,12,42,58,27,10,33,25,10,17,44,62,52,29,8,8,35,42,79,25,12,42,90,52,27,52,31,65,27,12,98,8,17,94,31,58,60,40,35,17,44,37,23,31,4,42,81,12,8,54,25,8,17,44,77,69,29,8,8,23,42,85,27,12,73,100,52,27,52,31,65,27,12,98,8,17,94,50,62,69,38,35,17,50,35,31,31,Serbian SuperLeague
Novi Pazar,ctuzznbzdmug74ywjlq53frtf,6c1v2cokgltv9ze2dbvc3n6z8,V. Mirosavić,Veljko Mirosavic,21.0,Defender,Serbia,Defender,26.0,26.0,10.0,49.0,1.0,3.0,0.0,6.0,212.0,0.0,0.0,1.0,3.0,0.0,1.0,1.0,8.0,0.0,1.0,2.0,1.0,1.0,3.0,0.0,3.0,0.0,66.22,47.62,30.0,100.0,33.33,75.0,0.0,50.0,0.1281388136433946,0.1473640685668532,2.0,1.0,0.02401521,0.0,6.0,11.0,0.67581618,20.0,11.037735849056604,11.037735849056604,4.245283018867925,20.80188679245283,0.4245283018867924,1.2735849056603774,0.0,2.547169811320755,0.0,0.0,0.4245283018867924,1.2735849056603774,0.0,0.4245283018867924,0.4245283018867924,3.39622641509434,0.0,0.4245283018867924,0.8490566037735848,0.4245283018867924,0.4245283018867924,1.2735849056603774,0.0,1.2735849056603774,0.0,66.22,47.62,30.0,100.0,33.33,75.0,0.0,50.0,0.0543985529618184,0.062560217787815,0.8490566037735848,0.4245283018867924,0.0101951363207547,0.0,2.547169811320755,4.669811320754717,0.2869030952830188,8.49056603773585,CB,19,29,65,17,16,80,23,19,11,48,52,97,34,53,51,39,48,81,49,67,32,54,51,94,51,10,56,86,84,77,97,9,44,50,73,94,33,35,23,42,54,90,27,17,40,85,21,12,96,23,15,11,48,56,100,34,58,56,40,48,94,58,75,33,73,51,98,51,10,56,86,84,77,97,9,44,58,79,94,38,38,23,54,73,98,25,Serbian SuperLeague
Novi Pazar,ctuzznbzdmug74ywjlq53frtf,6tdvjlbc9jwxktllu7fa0dhbd,J. Marinković,Jovan Marinkovic,29.0,Defender,Serbia,Defender,173.0,66.0,21.0,239.0,7.0,3.0,3.0,21.0,540.0,4.0,0.0,0.0,0.0,1.0,1.0,1.0,30.0,0.0,0.0,2.0,1.0,4.0,7.0,0.0,0.0,0.0,86.91,43.75,0.0,100.0,0.0,45.65,29.17,36.36,0.4369309519996779,0.0,0.0,4.0,0.07245388,0.0,12.0,14.0,0.5700608400000001,159.0,28.83333333333333,11.0,3.5,39.833333333333336,1.1666666666666667,0.5,0.5,3.5,0.6666666666666666,0.0,0.0,0.0,0.1666666666666666,0.1666666666666666,0.1666666666666666,5.0,0.0,0.0,0.3333333333333333,0.1666666666666666,0.6666666666666666,1.1666666666666667,0.0,0.0,0.0,86.91,43.75,0.0,100.0,0.0,45.65,29.17,36.36,0.0728218253332796,0.0,0.0,0.6666666666666666,0.0120756466666666,0.0,2.0,2.333333333333333,0.09501014,26.5,CB,96,73,96,92,52,80,88,69,67,48,20,32,80,53,51,84,48,33,49,67,80,85,51,38,51,67,52,38,84,33,25,21,31,94,23,31,68,58,23,65,65,83,93,62,36,77,54,30,56,75,26,50,48,20,32,69,35,32,64,48,33,27,52,56,67,51,38,51,67,52,38,84,33,25,21,31,81,23,31,48,44,23,46,47,60,64,Serbian SuperLeague
Novi Pazar,ctuzznbzdmug74ywjlq53frtf,7rwv2m8660qffrhluftyhgno5,F. Mulić,Fejsal Mulic,31.0,Attacker,Serbia,Striker,15.0,28.0,3.0,43.0,14.0,14.0,8.0,20.0,285.0,14.0,0.0,2.0,6.0,2.0,1.0,1.0,10.0,1.0,3.0,5.0,0.0,1.0,0.0,0.0,0.0,0.0,60.56,50.0,0.0,0.0,21.43,50.0,60.87,100.0,2.0733101103356,0.0771509198298522,2.0,2.0,0.05446458,0.0,4.0,3.0,0.0494085,12.0,4.736842105263158,8.842105263157896,0.9473684210526316,13.578947368421051,4.421052631578948,4.421052631578948,2.5263157894736845,6.315789473684211,4.421052631578948,0.0,0.6315789473684211,1.8947368421052635,0.6315789473684211,0.3157894736842105,0.3157894736842105,3.1578947368421053,0.3157894736842105,0.9473684210526316,1.5789473684210529,0.0,0.3157894736842105,0.0,0.0,0.0,0.0,60.56,50.0,0.0,0.0,21.43,50.0,60.87,100.0,0.6547295085270316,0.0243634483673217,0.6315789473684211,0.6315789473684211,0.0171993410526315,0.0,1.2631578947368425,0.9473684210526316,0.0156026842105263,3.789473684210527,ST,59,53,81,55,88,90,77,70,65,42,29,95,53,14,14,97,70,67,53,17,35,28,51,33,51,12,60,33,17,26,67,86,85,98,23,53,28,24,14,69,43,19,37,55,51,79,47,84,91,70,70,60,42,21,95,56,7,7,93,74,60,36,17,30,28,51,33,51,12,60,33,17,26,67,86,85,93,23,56,21,21,14,65,37,19,33,Serbian SuperLeague
Novi Pazar,ctuzznbzdmug74ywjlq53frtf,87053iegtdwurbot4rq2v29zo,N. Stanković,Nikola Stanković,23.0,Midfielder,Serbia,Midfielder,13.0,26.0,4.0,39.0,0.0,1.0,0.0,2.0,94.0,0.0,0.0,0.0,1.0,0.0,0.0,0.0,1.0,0.0,1.0,1.0,0.0,1.0,0.0,0.0,0.0,0.0,82.98,50.0,0.0,0.0,100.0,50.0,0.0,100.0,0.0514020170669266,0.0,1.0,2.0,0.0399414,1.0,11.0,13.0,0.21125158,27.0,12.446808510638297,24.8936170212766,3.829787234042553,37.34042553191489,0.0,0.9574468085106382,0.0,1.9148936170212765,0.0,0.0,0.0,0.9574468085106382,0.0,0.0,0.0,0.9574468085106382,0.0,0.9574468085106382,0.9574468085106382,0.0,0.9574468085106382,0.0,0.0,0.0,0.0,82.98,50.0,0.0,0.0,100.0,50.0,0.0,100.0,0.0492146971917382,0.0,0.9574468085106382,1.9148936170212765,0.0382417659574468,0.9574468085106382,10.53191489361702,12.446808510638297,0.2022621510638297,25.85106382978724,LM/LCM,38,38,62,12,19,19,19,12,12,44,12,38,25,19,19,19,38,38,25,25,44,25,56,31,56,88,44,31,25,100,25,19,94,12,12,31,25,25,44,88,88,50,50,75,100,100,100,19,38,19,38,12,44,12,62,25,19,19,75,38,62,62,25,75,25,56,31,56,88,44,31,25,100,25,19,94,38,12,75,38,38,50,100,100,88,100,Serbian SuperLeague
Novi Pazar,ctuzznbzdmug74ywjlq53frtf,8v14jaivcptsnz714zp776led,A. Miljković,Aleksandar Miljkovic,36.0,Defender,Serbia,Defender,101.0,69.0,7.0,170.0,8.0,5.0,5.0,22.0,540.0,9.0,0.0,3.0,0.0,1.0,1.0,1.0,23.0,0.0,3.0,4.0,0.0,8.0,10.0,0.0,0.0,0.0,84.16,46.67,0.0,0.0,60.0,51.16,57.14,80.0,0.674709248224751,0.20853003354998,2.0,3.0,0.06238472,2.0,19.0,22.0,0.3253678099999998,89.0,16.833333333333332,11.5,1.1666666666666667,28.33333333333333,1.3333333333333333,0.8333333333333334,0.8333333333333334,3.6666666666666665,1.5,0.0,0.5,0.0,0.1666666666666666,0.1666666666666666,0.1666666666666666,3.8333333333333335,0.0,0.5,0.6666666666666666,0.0,1.3333333333333333,1.6666666666666667,0.0,0.0,0.0,84.16,46.67,0.0,0.0,60.0,51.16,57.14,80.0,0.1124515413707918,0.0347550055916633,0.3333333333333333,0.5,0.0103974533333333,0.3333333333333333,3.1666666666666665,3.6666666666666665,0.0542279683333333,14.833333333333334,RB/RCB,100,79,57,93,89,100,100,89,100,39,64,29,82,25,25,93,54,100,68,25,100,100,54,18,54,86,50,18,25,93,61,79,71,100,71,82,50,43,61,79,79,43,79,79,36,29,57,64,79,100,39,86,39,36,29,64,18,18,86,54,93,39,25,86,79,54,18,54,86,50,18,25,93,61,79,71,100,36,64,29,29,36,64,57,29,71,Serbian SuperLeague
Novi Pazar,ctuzznbzdmug74ywjlq53frtf,ae5xvogby8bzm2vvfjw68zbpw,I. Davidović,Ivan Davidovic,30.0,Attacker,Serbia,Striker,91.0,60.0,12.0,150.0,7.0,9.0,4.0,21.0,491.0,10.0,0.0,6.0,5.0,2.0,3.0,3.0,9.0,1.0,3.0,9.0,0.0,2.0,4.0,0.0,1.0,0.0,84.75,60.0,12.5,0.0,33.33,55.26,77.78,40.0,0.548832633916592,0.4263740868101147,5.0,6.0,0.23721678,3.0,9.0,12.0,0.28352434,57.0,16.680244399185337,10.9979633401222,2.19959266802444,27.494908350305497,1.2830957230142566,1.64969450101833,0.7331975560081466,3.84928716904277,1.8329938900203664,0.0,1.09979633401222,0.9164969450101832,0.3665987780040733,0.5498981670061099,0.5498981670061099,1.64969450101833,0.1832993890020366,0.5498981670061099,1.64969450101833,0.0,0.3665987780040733,0.7331975560081466,0.0,0.1832993890020366,0.0,84.75,60.0,12.5,0.0,33.33,55.26,77.78,40.0,0.1006006864612897,0.0781541095985953,0.9164969450101832,1.09979633401222,0.0434816908350305,0.5498981670061099,1.64969450101833,2.19959266802444,0.0519698382892057,10.44806517311609,ST,100,93,100,100,67,60,38,74,40,42,81,86,53,41,41,93,70,67,85,17,64,90,51,67,51,95,72,65,17,62,84,98,26,37,77,86,66,74,65,92,95,74,100,100,67,100,95,44,33,21,19,5,42,49,70,40,14,14,81,56,37,40,17,40,77,51,65,51,95,72,65,17,62,84,98,26,19,47,67,40,56,42,77,72,51,93,Serbian SuperLeague
Novi Pazar,ctuzznbzdmug74ywjlq53frtf,bjbtmpqw8yjqyd367rpo8ic5w,M. Petrović,Mihajlo Petrovic,20.0,Midfielder,Serbia,Midfielder,16.0,19.0,4.0,34.0,2.0,2.0,0.0,5.0,102.0,1.0,0.0,0.0,2.0,0.0,1.0,1.0,1.0,0.0,2.0,2.0,0.0,1.0,2.0,0.0,1.0,0.0,69.39,57.14,25.0,0.0,100.0,31.25,33.33,100.0,0.0910874137935132,0.0,2.0,2.0,0.12740234,0.0,4.0,4.0,0.08083715,17.0,14.117647058823527,16.764705882352942,3.5294117647058822,30.0,1.7647058823529411,1.7647058823529411,0.0,4.411764705882353,0.8823529411764706,0.0,0.0,1.7647058823529411,0.0,0.8823529411764706,0.8823529411764706,0.8823529411764706,0.0,1.7647058823529411,1.7647058823529411,0.0,0.8823529411764706,1.7647058823529411,0.0,0.8823529411764706,0.0,69.39,57.14,25.0,0.0,100.0,31.25,33.33,100.0,0.0803712474648646,0.0,1.7647058823529411,1.7647058823529411,0.1124138294117647,0.0,3.5294117647058822,3.5294117647058822,0.0713268970588235,15.0,CM/AM,29,7,43,7,55,9,9,7,5,34,4,32,14,11,11,45,29,46,14,11,21,54,52,52,50,14,36,59,11,100,7,45,91,4,4,48,12,32,12,18,11,7,11,75,39,89,61,89,46,9,61,14,34,4,75,14,29,29,75,29,93,61,11,54,96,52,75,50,14,36,59,11,100,7,45,91,25,4,86,39,89,12,61,46,21,68,Serbian SuperLeague
Novi Pazar,ctuzznbzdmug74ywjlq53frtf,ek7wsrbeq1yoqrxrxposjv3f8,K. Dixon,Kaheim Dixon,21.0,Attacker,Jamaica,Striker,19.0,41.0,4.0,58.0,3.0,4.0,2.0,23.0,324.0,7.0,1.0,5.0,2.0,0.0,7.0,7.0,5.0,1.0,2.0,8.0,4.0,4.0,1.0,0.0,2.0,0.0,65.17,40.0,66.67,57.14,50.0,51.11,27.27,50.0,0.8109372094227256,0.6243265240107922,2.0,13.0,0.34383321,9.0,2.0,10.0,0.51864884,38.0,5.277777777777778,11.38888888888889,1.1111111111111112,16.11111111111111,0.8333333333333333,1.1111111111111112,0.5555555555555556,6.388888888888888,1.9444444444444444,0.2777777777777778,1.3888888888888888,0.5555555555555556,0.0,1.9444444444444444,1.9444444444444444,1.3888888888888888,0.2777777777777778,0.5555555555555556,2.2222222222222223,1.1111111111111112,1.1111111111111112,0.2777777777777778,0.0,0.5555555555555556,0.0,65.17,40.0,66.67,57.14,50.0,51.11,27.27,50.0,0.2252603359507571,0.1734240344474422,0.5555555555555556,3.611111111111111,0.095509225,2.5,0.5555555555555556,2.7777777777777777,0.1440691222222222,10.555555555555555,LW,50,62,56,50,81,25,31,50,25,81,50,31,25,44,44,88,75,50,56,50,62,44,56,38,56,12,12,100,88,94,75,62,12,75,62,25,69,38,100,12,50,62,75,50,38,62,50,88,25,25,88,12,88,50,25,25,25,25,88,88,38,75,75,88,50,56,50,56,12,12,100,88,94,75,62,12,62,75,25,50,50,100,12,50,62,62,Serbian SuperLeague
Novi Pazar,ctuzznbzdmug74ywjlq53frtf,epgpjsjwvk39k1zwsfnxxc7is,A. Hadžimujović,Ahmed Hadzimujovic,19.0,Defender,Serbia,Defender,157.0,79.0,45.0,236.0,4.0,3.0,2.0,10.0,540.0,6.0,0.0,9.0,1.0,0.0,0.0,1.0,42.0,0.0,1.0,2.0,0.0,3.0,4.0,0.0,0.0,0.0,82.23,53.57,0.0,0.0,33.33,40.0,30.77,75.0,0.327289286863297,0.9317602879731958,1.0,9.0,0.16860148,1.0,19.0,30.0,0.58374777,159.0,26.166666666666668,13.166666666666666,7.5,39.333333333333336,0.6666666666666666,0.5,0.3333333333333333,1.6666666666666667,1.0,0.0,1.5,0.1666666666666666,0.0,0.0,0.1666666666666666,7.0,0.0,0.1666666666666666,0.3333333333333333,0.0,0.5,0.6666666666666666,0.0,0.0,0.0,82.23,53.57,0.0,0.0,33.33,40.0,30.77,75.0,0.0545482144772161,0.1552933813288659,0.1666666666666666,1.5,0.0281002466666666,0.1666666666666666,3.1666666666666665,5.0,0.097291295,26.5,CB,88,83,100,90,32,80,76,33,91,48,100,77,34,17,51,100,48,81,49,25,67,62,51,38,51,35,79,38,25,77,15,25,72,81,100,76,94,94,52,84,94,85,93,50,54,100,52,23,56,61,6,67,48,95,66,34,17,32,91,48,68,27,25,40,40,51,38,51,35,79,38,25,77,15,25,72,60,98,62,83,73,47,61,78,67,64,Serbian SuperLeague
Novi Pazar,ctuzznbzdmug74ywjlq53frtf,wzd4lu3edayiy81s9jd53qlm,Jonny Robert,Jonny Robert do Nascimento Torres,28.0,Attacker,Brazil,Striker,6.0,17.0,3.0,20.0,1.0,4.0,1.0,3.0,138.0,5.0,0.0,3.0,3.0,2.0,3.0,3.0,0.0,0.0,1.0,1.0,1.0,0.0,0.0,0.0,3.0,0.0,62.5,33.33,60.0,33.33,25.0,18.75,16.67,0.0,0.3100352385893228,0.3082524980162285,2.0,3.0,0.06499357,0.0,3.0,5.0,0.31529739,15.0,3.913043478260869,11.086956521739127,1.9565217391304344,13.043478260869565,0.6521739130434783,2.608695652173913,0.6521739130434783,1.9565217391304344,3.260869565217391,0.0,1.9565217391304344,1.9565217391304344,1.3043478260869563,1.9565217391304344,1.9565217391304344,0.0,0.0,0.6521739130434783,0.6521739130434783,0.6521739130434783,0.0,0.0,0.0,1.9565217391304344,0.0,62.5,33.33,60.0,33.33,25.0,18.75,16.67,0.0,0.202196894732167,0.2010342378366707,1.3043478260869563,1.9565217391304344,0.0423871108695652,0.0,1.9565217391304344,3.260869565217391,0.2056287326086956,9.782608695652174,RW,18,32,61,21,32,36,21,14,21,39,43,68,61,18,14,21,36,32,21,14,18,18,54,93,54,29,21,100,11,43,7,36,18,36,57,29,21,14,11,50,46,57,50,43,57,79,29,43,64,43,14,50,39,64,100,100,57,43,21,36,57,43,14,18,18,54,100,54,29,21,100,11,43,7,36,18,57,71,57,50,29,11,64,57,86,71,Serbian SuperLeague
Partizan,c0d1qca7kz0fi0ypx7aw4nusc,115kqbrlwsdlm1zj2sm6pcems,Jeh,Jeferson Marinho dos Santos,26.0,Attacker,Brazil,Striker,6.0,19.0,0.0,25.0,10.0,13.0,9.0,20.0,187.0,22.0,0.0,2.0,4.0,6.0,6.0,8.0,1.0,0.0,3.0,6.0,2.0,2.0,0.0,0.0,0.0,0.0,71.43,0.0,0.0,33.33,23.08,45.45,43.48,100.0,1.9176332567559704,0.1959549209868186,6.0,2.0,0.0589647499999999,1.0,1.0,1.0,0.0545328199999999,7.0,2.887700534759358,9.144385026737968,0.0,12.032085561497324,4.81283422459893,6.256684491978609,4.331550802139037,9.62566844919786,10.588235294117649,0.0,0.962566844919786,1.925133689839572,2.887700534759358,2.887700534759358,3.850267379679144,0.481283422459893,0.0,1.443850267379679,2.887700534759358,0.962566844919786,0.962566844919786,0.0,0.0,0.0,0.0,71.43,0.0,0.0,33.33,23.08,45.45,43.48,100.0,0.922925096834424,0.0943098550203939,2.887700534759358,0.962566844919786,0.0283787566844919,0.481283422459893,0.481283422459893,0.481283422459893,0.0262457422459892,3.368983957219251,ST,20,26,13,26,81,85,85,70,92,42,29,76,100,63,72,33,28,67,67,55,64,28,51,33,51,48,13,33,41,33,51,53,85,95,40,97,28,33,36,23,17,23,15,19,53,13,35,88,100,98,95,100,42,37,98,100,86,91,37,28,88,88,67,79,28,51,33,51,48,13,33,41,33,51,53,85,100,60,100,33,35,40,19,21,33,21,Serbian SuperLeague
Partizan,c0d1qca7kz0fi0ypx7aw4nusc,18607htxxlicutuplkwzbg26s,B. Kostić,Bogdan Kostic,19.0,Attacker,Serbia,Striker,16.0,31.0,2.0,47.0,0.0,6.0,2.0,3.0,131.0,5.0,0.0,1.0,4.0,2.0,4.0,4.0,1.0,0.0,2.0,2.0,0.0,1.0,0.0,0.0,0.0,0.0,85.45,66.67,0.0,0.0,33.33,23.08,0.0,100.0,0.4975764758334117,0.1202003365519094,4.0,3.0,0.07175483,1.0,8.0,12.0,0.4316086299999999,20.0,10.99236641221374,21.29770992366412,1.3740458015267176,32.29007633587786,0.0,4.122137404580153,1.3740458015267176,2.0610687022900764,3.435114503816794,0.0,0.6870229007633588,2.748091603053436,1.3740458015267176,2.748091603053436,2.748091603053436,0.6870229007633588,0.0,1.3740458015267176,1.3740458015267176,0.0,0.6870229007633588,0.0,0.0,0.0,0.0,85.45,66.67,0.0,0.0,33.33,23.08,0.0,100.0,0.3418464337786798,0.0825803838906247,2.748091603053436,2.0610687022900764,0.0492972114503816,0.6870229007633588,5.496183206106871,8.244274809160306,0.2965250129770991,13.740458015267176,LW,38,12,31,25,25,50,31,12,12,38,12,62,75,25,25,19,31,50,25,19,19,19,56,19,56,88,100,19,19,38,12,25,88,38,25,69,12,12,38,88,62,38,25,100,100,75,100,25,100,88,12,38,38,12,100,88,62,50,50,31,100,38,19,38,19,56,19,56,88,100,19,19,38,12,25,88,88,25,100,25,25,50,100,100,88,88,Serbian SuperLeague
Partizan,c0d1qca7kz0fi0ypx7aw4nusc,32sds4yk7ch30mng0gyzhdk9h,S. Mitrović,Stefan Mitrovic,36.0,Defender,Serbia,Defender,117.0,61.0,9.0,178.0,2.0,0.0,0.0,3.0,180.0,0.0,0.0,0.0,0.0,0.0,0.0,0.0,5.0,0.0,0.0,1.0,0.0,0.0,0.0,0.0,0.0,0.0,98.89,81.82,0.0,0.0,0.0,25.0,33.33,0.0,0.0,0.0,0.0,0.0,0.0,0.0,0.0,0.0,0.0,0.0,58.5,30.5,4.5,89.0,1.0,0.0,0.0,1.5,0.0,0.0,0.0,0.0,0.0,0.0,0.0,2.5,0.0,0.0,0.5,0.0,0.0,0.0,0.0,0.0,0.0,98.89,81.82,0.0,0.0,0.0,25.0,33.33,0.0,0.0,0.0,0.0,0.0,0.0,0.0,0.0,0.0,0.0,0.0,CB,73,70,59,69,22,15,23,9,11,48,20,32,34,17,15,22,48,33,29,25,11,9,51,38,51,100,94,38,25,33,8,27,11,16,23,31,15,15,23,9,10,9,9,100,98,92,100,27,15,23,4,11,48,20,32,34,17,15,19,48,33,39,25,11,9,51,38,51,100,94,38,25,33,8,27,11,16,23,31,15,15,23,9,10,9,9,Serbian SuperLeague
Partizan,c0d1qca7kz0fi0ypx7aw4nusc,49qtvqh1a3gvmf5syjg0ocjkk,S. Nwulu,Samson Nwulu,19.0,Defender,Nigeria,Defender,59.0,46.0,5.0,103.0,1.0,1.0,0.0,12.0,180.0,4.0,0.0,2.0,1.0,1.0,1.0,1.0,6.0,0.0,0.0,5.0,1.0,4.0,2.0,0.0,2.0,0.0,90.35,83.33,18.18,100.0,0.0,75.0,50.0,80.0,0.0535673451078688,0.222996191803638,1.0,7.0,0.14246896,3.0,11.0,16.0,0.81629401,50.0,29.5,23.0,2.5,51.5,0.5,0.5,0.0,6.0,2.0,0.0,1.0,0.5,0.5,0.5,0.5,3.0,0.0,0.0,2.5,0.5,2.0,1.0,0.0,1.0,0.0,90.35,83.33,18.18,100.0,0.0,75.0,50.0,80.0,0.0267836725539344,0.111498095901819,0.5,3.5,0.07123448,1.5,5.5,8.0,0.408147005,25.0,CB,35,54,42,40,16,41,23,41,67,48,74,77,80,53,51,29,48,33,78,67,80,40,51,86,51,85,96,77,84,33,97,40,76,35,83,76,88,88,86,60,77,96,44,67,77,60,73,16,56,23,85,93,48,88,85,94,69,68,28,48,33,95,82,94,57,51,93,51,85,96,77,84,33,97,40,76,42,92,88,98,96,97,88,96,100,58,Serbian SuperLeague
Partizan,c0d1qca7kz0fi0ypx7aw4nusc,4oi7t62g5b8a6yyw72auwsis4,V. Đurđević,Vukasin Djurdjevic,22.0,Defender,Serbia,Defender,124.0,100.0,13.0,220.0,14.0,3.0,2.0,21.0,360.0,10.0,0.0,6.0,1.0,0.0,3.0,3.0,14.0,0.0,1.0,2.0,1.0,1.0,2.0,0.0,4.0,0.0,83.02,59.09,50.0,33.33,33.33,60.0,87.5,25.0,0.2335033270484001,0.4644506791041556,1.0,11.0,0.26480651,3.0,21.0,26.0,0.94098015,132.0,31.0,25.0,3.25,55.0,3.5,0.75,0.5,5.25,2.5,0.0,1.5,0.25,0.0,0.75,0.75,3.5,0.0,0.25,0.5,0.25,0.25,0.5,0.0,1.0,0.0,83.02,59.09,50.0,33.33,33.33,60.0,87.5,25.0,0.0583758317621,0.1161126697760389,0.25,2.75,0.0662016275,0.75,5.25,6.5,0.2352450375,33.0,CB,77,94,76,81,84,80,76,69,98,48,96,77,34,90,89,52,48,81,49,67,32,40,51,99,51,40,83,93,51,77,59,100,23,71,96,76,99,100,86,92,91,100,79,69,83,73,77,86,77,75,67,96,48,95,77,34,77,77,42,48,80,39,61,26,26,51,93,51,40,83,93,51,77,59,100,23,65,94,76,94,94,84,83,88,96,82,Serbian SuperLeague
Partizan,c0d1qca7kz0fi0ypx7aw4nusc,57cal7rutdcgbfisiywladdzo,I. Zubairu,Ibrahim Zubairu,22.0,Midfielder,Ghana,Midfielder,6.0,48.0,1.0,54.0,8.0,11.0,10.0,29.0,249.0,20.0,0.0,11.0,1.0,1.0,6.0,8.0,2.0,1.0,5.0,9.0,6.0,3.0,0.0,0.0,0.0,0.0,79.41,20.0,0.0,100.0,45.45,67.44,61.54,50.0,1.1666122265062326,0.6700824507706036,2.0,14.0,0.47751379,4.0,2.0,7.0,0.4134631,21.0,2.1686746987951806,17.349397590361445,0.3614457831325301,19.518072289156628,2.891566265060241,3.975903614457832,3.614457831325301,10.481927710843374,7.228915662650603,0.0,3.975903614457832,0.3614457831325301,0.3614457831325301,2.1686746987951806,2.891566265060241,0.7228915662650602,0.3614457831325301,1.8072289156626504,3.253012048192771,2.1686746987951806,1.0843373493975903,0.0,0.0,0.0,0.0,79.41,20.0,0.0,100.0,45.45,67.44,61.54,50.0,0.4216670698215299,0.2421984761821458,0.7228915662650602,5.0602409638554215,0.1725953457831325,1.4457831325301205,0.7228915662650602,2.5301204819277108,0.1494444939759036,7.590361445783133,LM/LCM,12,69,12,50,75,88,100,88,100,44,100,38,56,69,81,44,88,88,100,100,81,25,56,31,56,75,12,31,94,62,100,88,56,88,100,69,88,88,75,12,50,75,25,12,50,12,38,75,100,100,100,100,44,100,38,62,88,88,50,88,100,88,88,88,25,56,31,56,75,12,31,94,62,100,88,56,100,88,50,88,100,88,38,50,75,50,Serbian SuperLeague
Partizan,c0d1qca7kz0fi0ypx7aw4nusc,5gvrq1nynyzsrykbfj7tvlses,E. Kojzek,Erik Kojzek,20.0,Attacker,Austria,Striker,14.0,22.0,0.0,36.0,4.0,0.0,0.0,9.0,238.0,11.0,2.0,3.0,0.0,0.0,2.0,2.0,1.0,0.0,0.0,3.0,0.0,2.0,0.0,0.0,0.0,0.0,70.59,0.0,0.0,0.0,0.0,37.5,57.14,100.0,0.0,0.2277999865757605,0.0,4.0,0.20026832,4.0,2.0,1.0,0.16304821,5.0,5.294117647058823,8.319327731092438,0.0,13.61344537815126,1.512605042016807,0.0,0.0,3.403361344537815,4.159663865546219,0.7563025210084033,1.134453781512605,0.0,0.0,0.7563025210084033,0.7563025210084033,0.3781512605042016,0.0,0.0,1.134453781512605,0.0,0.7563025210084033,0.0,0.0,0.0,0.0,70.59,0.0,0.0,0.0,0.0,37.5,57.14,100.0,0.0,0.086142852066464,0.0,1.512605042016807,0.0757317176470588,1.512605042016807,0.7563025210084033,0.3781512605042016,0.0616568861344537,1.8907563025210083,ST,55,31,13,40,49,5,6,26,44,98,43,15,14,29,29,33,28,8,28,17,64,28,51,33,51,41,13,33,17,8,19,81,85,5,44,13,50,63,81,40,17,53,12,65,42,13,51,51,5,6,9,53,98,53,15,14,26,26,30,28,8,23,17,70,28,51,33,51,41,13,33,17,8,19,81,85,5,53,13,55,88,93,42,14,63,9,Serbian SuperLeague
Partizan,c0d1qca7kz0fi0ypx7aw4nusc,7961scoo2gyi0q8kobul9qql0,O. Ugrešić,Ognjen Ugresic,20.0,Midfielder,Serbia,Midfielder,58.0,53.0,6.0,110.0,1.0,11.0,4.0,18.0,265.0,9.0,0.0,2.0,7.0,4.0,2.0,2.0,3.0,1.0,3.0,7.0,1.0,7.0,1.0,0.0,1.0,0.0,88.71,60.0,33.33,50.0,27.27,58.06,33.33,77.78,0.909753073245678,0.175389033641898,7.0,2.0,0.04797389,2.0,10.0,8.0,0.36918362,59.0,19.69811320754717,18.0,2.037735849056604,37.35849056603773,0.3396226415094339,3.735849056603773,1.3584905660377358,6.113207547169811,3.056603773584905,0.0,0.6792452830188679,2.3773584905660377,1.3584905660377358,0.6792452830188679,0.6792452830188679,1.018867924528302,0.3396226415094339,1.018867924528302,2.3773584905660377,0.3396226415094339,2.3773584905660377,0.3396226415094339,0.0,0.3396226415094339,0.0,88.71,60.0,33.33,50.0,27.27,58.06,33.33,77.78,0.3089727418570226,0.0595660868972483,2.3773584905660377,0.6792452830188679,0.016293019245283,0.6792452830188679,3.39622641509434,2.7169811320754715,0.125383116226415,20.0377358490566,CM/AM,77,57,55,64,32,82,75,75,66,34,12,89,82,27,25,75,73,71,75,36,96,30,52,52,50,93,45,71,71,36,89,45,68,82,14,93,12,9,43,59,30,54,71,89,57,61,79,25,86,82,82,61,34,18,93,89,21,21,79,75,71,86,38,100,25,52,52,50,93,45,71,71,36,89,45,68,86,18,96,7,7,36,57,32,46,82,Serbian SuperLeague
Partizan,c0d1qca7kz0fi0ypx7aw4nusc,7n4feroz4fvbr2k1s7eil1zbo,C. Traorè,Chaka Traorè,21.0,Midfielder,Côte d'Ivoire,Midfielder,11.0,42.0,3.0,53.0,0.0,11.0,8.0,17.0,173.0,20.0,0.0,4.0,3.0,4.0,10.0,10.0,0.0,1.0,3.0,9.0,5.0,2.0,0.0,0.0,0.0,0.0,82.81,60.0,0.0,50.0,27.27,58.62,0.0,66.67,1.265601971647585,0.4360223130838093,6.0,12.0,0.38820597,3.0,5.0,5.0,0.2146033,20.0,5.722543352601156,21.84971098265896,1.560693641618497,27.57225433526012,0.0,5.722543352601156,4.161849710982659,8.84393063583815,10.404624277456648,0.0,2.0809248554913293,1.560693641618497,2.0809248554913293,5.202312138728324,5.202312138728324,0.0,0.5202312138728323,1.560693641618497,4.682080924855491,2.601156069364162,1.0404624277456649,0.0,0.0,0.0,0.0,82.81,60.0,0.0,50.0,27.27,58.62,0.0,66.67,0.6584056499900731,0.2268324172112302,3.121387283236994,6.242774566473988,0.2019568630057803,1.560693641618497,2.601156069364162,2.601156069364162,0.1116433352601156,10.404624277456648,CM/AM,14,38,30,25,9,82,91,64,93,34,32,54,82,82,82,18,73,71,89,88,46,9,52,20,50,64,45,20,71,36,93,11,59,93,50,86,89,96,57,25,18,14,20,25,75,50,50,9,96,100,96,96,34,57,61,96,96,96,18,89,89,100,96,64,9,52,20,50,64,45,20,71,36,93,11,59,100,71,100,100,100,93,32,29,39,29,Serbian SuperLeague
Partizan,c0d1qca7kz0fi0ypx7aw4nusc,7rpkv4tfdw0numvekzf18d82c,M. Roganović,Milan Roganovic,20.0,Defender,Montenegro,Defender,87.0,109.0,11.0,188.0,8.0,2.0,0.0,20.0,360.0,3.0,1.0,7.0,2.0,1.0,4.0,4.0,9.0,0.0,0.0,4.0,3.0,3.0,4.0,0.0,8.0,0.0,85.45,47.83,40.0,75.0,0.0,76.92,72.73,60.0,0.1145583879695892,0.7326894227989287,2.0,6.0,0.1352126699999999,5.0,23.0,27.0,1.2139542799999996,102.0,21.75,27.25,2.75,47.0,2.0,0.5,0.0,5.0,0.75,0.25,1.75,0.5,0.25,1.0,1.0,2.25,0.0,0.0,1.0,0.75,0.75,1.0,0.0,2.0,0.0,85.45,47.83,40.0,75.0,0.0,76.92,72.73,60.0,0.0286395969923973,0.1831723556997321,0.5,1.5,0.0338031674999999,1.25,5.75,6.75,0.3034885699999999,25.5,RB/RCB,89,100,79,100,89,61,36,79,68,89,96,82,82,71,68,61,54,43,68,82,61,50,54,100,54,93,64,86,93,43,100,93,57,43,93,82,82,79,96,86,86,93,93,86,93,71,93,86,61,36,71,50,93,86,71,86,54,54,43,54,43,64,79,64,36,54,89,54,93,64,86,93,43,100,93,57,43,86,79,71,64,86,86,86,86,93,Serbian SuperLeague
Partizan,c0d1qca7kz0fi0ypx7aw4nusc,7t2ltk50ams794o3f6doyn6ga,M. Vukotić,Milan Vukotic,23.0,Midfielder,Montenegro,Midfielder,69.0,178.0,25.0,235.0,5.0,13.0,1.0,20.0,342.0,6.0,2.0,18.0,12.0,8.0,5.0,5.0,0.0,1.0,2.0,7.0,3.0,5.0,1.0,0.0,12.0,1.0,89.35,78.12,40.0,60.0,15.38,57.14,71.43,100.0,0.7153143031959502,1.7137429443103798,8.0,16.0,0.33728929,6.0,43.0,52.0,1.71243285,155.0,18.157894736842103,46.8421052631579,6.578947368421053,61.8421052631579,1.3157894736842106,3.421052631578948,0.2631578947368421,5.2631578947368425,1.5789473684210529,0.5263157894736842,4.736842105263158,3.1578947368421053,2.1052631578947367,1.3157894736842106,1.3157894736842106,0.0,0.2631578947368421,0.5263157894736842,1.842105263157895,0.7894736842105263,1.3157894736842106,0.2631578947368421,0.0,3.1578947368421053,0.2631578947368421,89.35,78.12,40.0,60.0,15.38,57.14,71.43,100.0,0.1882406061041974,0.4509849853448368,2.1052631578947367,4.2105263157894735,0.0887603394736842,1.5789473684210529,11.31578947368421,13.68421052631579,0.4506402236842105,40.78947368421053,CM/AM,86,100,100,100,82,93,27,86,38,91,100,100,100,61,54,18,73,46,75,77,88,30,52,100,100,96,86,82,89,21,86,96,91,68,96,98,96,93,93,100,100,100,100,82,96,93,96,82,82,25,71,25,93,93,100,100,54,43,18,68,36,68,64,79,18,52,100,100,96,86,82,89,21,86,96,91,68,96,89,93,75,96,93,96,96,100,Serbian SuperLeague
Partizan,c0d1qca7kz0fi0ypx7aw4nusc,9tylqkyhp34z6r7py95pp7or8,N. Simić,Nikola Simic,19.0,Defender,Serbia,Defender,81.0,59.0,9.0,140.0,8.0,2.0,2.0,13.0,270.0,6.0,0.0,0.0,0.0,0.0,1.0,1.0,6.0,0.0,0.0,2.0,1.0,1.0,2.0,0.0,0.0,0.0,86.42,52.94,0.0,100.0,0.0,61.9,57.14,50.0,0.2550419181569645,0.0,0.0,3.0,0.05760273,2.0,12.0,14.0,0.3344415699999999,101.0,27.0,19.666666666666668,3.0,46.66666666666666,2.6666666666666665,0.6666666666666666,0.6666666666666666,4.333333333333333,2.0,0.0,0.0,0.0,0.0,0.3333333333333333,0.3333333333333333,2.0,0.0,0.0,0.6666666666666666,0.3333333333333333,0.3333333333333333,0.6666666666666666,0.0,0.0,0.0,86.42,52.94,0.0,100.0,0.0,61.9,57.14,50.0,0.0850139727189881,0.0,0.0,1.0,0.0192009099999999,0.6666666666666666,4.0,4.666666666666667,0.1114805233333333,33.666666666666664,CB,47,67,59,58,60,61,76,44,91,48,20,32,34,53,51,29,48,33,49,67,32,40,51,38,51,62,77,38,84,33,70,47,44,73,23,31,57,52,70,65,65,58,65,54,73,70,65,61,72,85,42,93,48,20,32,34,53,50,14,48,33,46,69,29,40,51,38,51,62,77,38,84,33,70,47,44,88,23,31,66,58,80,73,71,77,85,Serbian SuperLeague
Partizan,c0d1qca7kz0fi0ypx7aw4nusc,9x5o4ojsq2bz1xuurka6sj8k4,N. Trifunović,Nemanja Trifunovic,22.0,Midfielder,Serbia,Midfielder,6.0,35.0,1.0,37.0,0.0,5.0,3.0,11.0,207.0,9.0,0.0,5.0,2.0,1.0,7.0,7.0,1.0,0.0,2.0,4.0,6.0,1.0,0.0,0.0,4.0,0.0,86.05,50.0,26.67,85.71,40.0,57.89,0.0,100.0,0.4356673718361572,0.3633055041211468,3.0,12.0,0.4031147,3.0,4.0,4.0,0.25672293,15.0,2.608695652173913,15.217391304347828,0.4347826086956522,16.086956521739133,0.0,2.173913043478261,1.3043478260869563,4.782608695652175,3.91304347826087,0.0,2.173913043478261,0.8695652173913044,0.4347826086956522,3.0434782608695654,3.0434782608695654,0.4347826086956522,0.0,0.8695652173913044,1.7391304347826089,2.608695652173913,0.4347826086956522,0.0,0.0,1.7391304347826089,0.0,86.05,50.0,26.67,85.71,40.0,57.89,0.0,100.0,0.1894205964505031,0.1579589148352812,1.3043478260869563,5.217391304347826,0.1752672608695652,1.3043478260869563,1.7391304347826089,1.7391304347826089,0.1116186652173913,6.521739130434783,LW,12,38,12,12,25,38,50,38,50,38,50,31,56,44,44,19,31,50,38,88,19,19,56,81,56,100,62,62,100,62,100,25,88,25,38,44,50,62,56,44,12,25,12,12,62,12,38,25,50,75,38,50,38,75,50,62,88,62,12,31,62,50,100,12,19,56,88,56,100,62,62,100,62,100,25,88,50,50,75,88,88,62,75,25,25,12,Serbian SuperLeague
Partizan,c0d1qca7kz0fi0ypx7aw4nusc,a2rjxibqk9d2yatzz2dx04nx0,D. Seck,Demba Seck,25.0,Attacker,Senegal,Striker,8.0,44.0,2.0,52.0,0.0,7.0,6.0,8.0,147.0,16.0,0.0,1.0,1.0,2.0,11.0,13.0,0.0,2.0,5.0,2.0,5.0,0.0,0.0,0.0,0.0,0.0,86.67,100.0,0.0,45.45,71.43,47.06,0.0,0.0,0.794799186049812,0.0659047812958855,4.0,12.0,0.29145762,3.0,4.0,9.0,0.30275879,24.0,4.8979591836734695,26.93877551020408,1.2244897959183674,31.83673469387756,0.0,4.285714285714286,3.673469387755102,4.8979591836734695,9.79591836734694,0.0,0.6122448979591837,0.6122448979591837,1.2244897959183674,6.73469387755102,7.959183673469388,0.0,1.2244897959183674,3.061224489795918,1.2244897959183674,3.061224489795918,0.0,0.0,0.0,0.0,0.0,86.67,100.0,0.0,45.45,71.43,47.06,0.0,0.0,0.4866117465611094,0.0403498660995217,2.4489795918367347,7.346938775510204,0.1784434408163265,1.836734693877551,2.4489795918367347,5.510204081632653,0.1853625244897959,14.693877551020408,RW,43,64,32,57,11,57,79,29,82,39,14,29,61,86,86,21,100,96,43,79,18,18,54,14,54,100,96,14,36,93,79,18,18,79,14,71,86,71,75,64,79,50,71,57,100,50,100,11,100,100,64,100,39,14,36,93,93,100,21,100,100,71,100,18,18,54,14,54,100,96,14,36,93,79,18,18,100,14,100,100,93,100,86,100,71,100,Serbian SuperLeague
Partizan,c0d1qca7kz0fi0ypx7aw4nusc,a7uy4gpcruteqevpmmgf8nd3o,M. Aleksić,Milan Aleksic,20.0,Attacker,Serbia,Striker,31.0,59.0,7.0,82.0,0.0,10.0,5.0,3.0,296.0,13.0,0.0,9.0,5.0,4.0,7.0,7.0,0.0,1.0,2.0,2.0,0.0,1.0,4.0,0.0,8.0,0.0,77.36,50.0,28.57,0.0,20.0,12.5,0.0,100.0,0.8780159956270626,0.6499887734745319,5.0,7.0,0.24940044,2.0,10.0,10.0,0.19689409,32.0,9.425675675675675,17.93918918918919,2.1283783783783785,24.932432432432435,0.0,3.040540540540541,1.5202702702702704,0.9121621621621622,3.952702702702703,0.0,2.7364864864864864,1.5202702702702704,1.2162162162162162,2.1283783783783785,2.1283783783783785,0.0,0.304054054054054,0.6081081081081081,0.6081081081081081,0.0,0.304054054054054,1.2162162162162162,0.0,2.4324324324324325,0.0,77.36,50.0,28.57,0.0,20.0,12.5,0.0,100.0,0.2669643229947149,0.1976317216645536,1.5202702702702704,2.1283783783783785,0.0758312148648648,0.6081081081081081,3.040540540540541,3.040540540540541,0.0598664462837837,9.72972972972973,ST,88,91,95,91,7,72,51,3,57,42,94,86,84,72,64,10,70,45,14,17,35,90,51,99,51,77,60,81,17,22,2,7,85,63,91,86,70,79,51,95,90,60,88,95,91,98,88,7,65,42,2,42,42,93,86,81,72,63,10,70,40,7,17,28,93,51,98,51,77,60,81,17,22,2,7,85,51,86,95,79,91,49,100,91,58,88,Serbian SuperLeague
Partizan,c0d1qca7kz0fi0ypx7aw4nusc,d89e52u9ocshqj57lm8k9r40k,I. Miladinović,Igor Miladinovic,23.0,Midfielder,Serbia,Midfielder,12.0,47.0,3.0,59.0,1.0,2.0,0.0,9.0,90.0,3.0,0.0,7.0,2.0,0.0,11.0,11.0,0.0,0.0,1.0,3.0,5.0,0.0,1.0,0.0,0.0,0.0,85.51,42.86,0.0,45.45,50.0,56.25,50.0,0.0,0.1366592162199996,0.2692589901024888,1.0,6.0,0.13505658,1.0,18.0,13.0,0.22339163,35.0,12.0,47.0,3.0,59.0,1.0,2.0,0.0,9.0,3.0,0.0,7.0,2.0,0.0,11.0,11.0,0.0,0.0,1.0,3.0,5.0,0.0,1.0,0.0,0.0,0.0,85.51,42.86,0.0,45.45,50.0,56.25,50.0,0.0,0.1366592162199996,0.2692589901024888,1.0,6.0,0.13505658,1.0,18.0,13.0,0.22339163,35.0,CM/AM,21,46,30,43,32,9,9,29,23,34,59,32,14,88,88,18,29,27,29,88,5,30,52,20,50,82,18,20,54,73,82,84,5,14,32,25,48,36,29,77,68,18,46,64,100,79,93,68,50,9,100,57,34,100,82,14,100,100,18,29,68,89,100,5,73,52,20,50,82,18,20,54,73,82,84,5,36,75,61,96,96,70,100,93,82,93,Serbian SuperLeague
Partizan,c0d1qca7kz0fi0ypx7aw4nusc,dfnzcdcgl25zxg2glfzh3mfvt,N. Čumić,Nikola Cumic,27.0,Attacker,Serbia,Striker,2.0,24.0,1.0,26.0,0.0,3.0,3.0,7.0,90.0,4.0,0.0,2.0,0.0,0.0,1.0,1.0,0.0,0.0,2.0,3.0,1.0,2.0,0.0,0.0,0.0,0.0,74.29,25.0,0.0,100.0,66.67,50.0,0.0,66.67,0.3250495380259049,0.1447978513269662,1.0,2.0,0.04024053,0.0,3.0,6.0,0.3670257900000001,13.0,2.0,24.0,1.0,26.0,0.0,3.0,3.0,7.0,4.0,0.0,2.0,0.0,0.0,1.0,1.0,0.0,0.0,2.0,3.0,1.0,2.0,0.0,0.0,0.0,0.0,74.29,25.0,0.0,100.0,66.67,50.0,0.0,66.67,0.3250495380259049,0.1447978513269662,1.0,2.0,0.04024053,0.0,3.0,6.0,0.3670257900000001,13.0,ST,2,37,40,28,7,22,29,16,7,42,29,15,14,14,14,10,28,45,28,40,64,28,51,33,51,58,29,33,94,100,67,7,45,21,30,34,28,19,14,53,66,86,44,5,98,85,93,7,58,81,81,44,42,81,15,14,37,37,10,28,95,91,70,98,28,51,33,51,58,29,33,94,100,67,7,45,67,77,72,77,49,14,98,100,98,95,Serbian SuperLeague
Partizan,c0d1qca7kz0fi0ypx7aw4nusc,dmwbhii4pl75ibp3k49z3dskp,S. Milić,Stefan Milic,26.0,Defender,Montenegro,Defender,110.0,116.0,19.0,225.0,11.0,3.0,2.0,27.0,360.0,6.0,0.0,2.0,1.0,1.0,1.0,1.0,15.0,0.0,0.0,7.0,0.0,8.0,7.0,0.0,1.0,0.0,87.21,61.29,14.29,0.0,0.0,69.23,57.89,88.89,0.2966828003857195,0.103577378913439,1.0,5.0,0.1211440499999999,6.0,26.0,38.0,0.6985449799999998,154.0,27.5,29.0,4.75,56.25,2.75,0.75,0.5,6.75,1.5,0.0,0.5,0.25,0.25,0.25,0.25,3.75,0.0,0.0,1.75,0.0,2.0,1.75,0.0,0.25,0.0,87.21,61.29,14.29,0.0,0.0,69.23,57.89,88.89,0.0741707000964298,0.0258943447283597,0.25,1.25,0.0302860124999999,1.5,6.5,9.5,0.1746362449999999,38.5,CB,71,100,91,85,70,80,76,90,91,48,74,77,80,53,51,57,48,33,92,25,97,85,51,78,51,71,85,75,25,33,88,50,84,77,62,76,77,75,98,97,100,92,86,58,94,96,79,67,77,75,95,81,48,65,77,79,47,45,46,48,33,85,25,94,88,51,77,51,71,85,75,25,33,88,50,84,83,56,76,78,81,97,92,100,90,90,Serbian SuperLeague
Radnik Surdulica,c3uvbv6uzqxzqqqm7hw86885g,3dgcwh8662eltdb6cxyl0ox9m,M. Novaković,Martin Novakovic,25.0,Midfielder,Serbia,Midfielder,39.0,87.0,10.0,125.0,1.0,11.0,3.0,29.0,348.0,12.0,0.0,7.0,8.0,4.0,17.0,17.0,1.0,0.0,3.0,7.0,8.0,8.0,4.0,0.0,1.0,0.0,81.17,66.67,8.33,47.06,27.27,52.73,11.11,61.54,0.8670413359711011,0.357863706852044,6.0,12.0,0.29676826,5.0,18.0,15.0,0.27197087,55.0,10.086206896551724,22.5,2.586206896551724,32.32758620689655,0.2586206896551724,2.8448275862068964,0.7758620689655172,7.5,3.103448275862069,0.0,1.8103448275862069,2.0689655172413794,1.0344827586206895,4.396551724137931,4.396551724137931,0.2586206896551724,0.0,0.7758620689655172,1.8103448275862069,2.0689655172413794,2.0689655172413794,1.0344827586206895,0.0,0.2586206896551724,0.0,81.17,66.67,8.33,47.06,27.27,52.73,11.11,61.54,0.2242348282683882,0.092550958668632,1.5517241379310345,3.103448275862069,0.0767504120689655,1.293103448275862,4.655172413793103,3.8793103448275854,0.0703372939655172,14.224137931034482,CM/AM,64,88,84,71,32,82,61,96,73,34,59,93,82,95,93,45,29,71,75,100,100,86,52,52,50,50,59,39,57,36,64,21,50,79,43,86,89,86,82,77,71,32,64,57,79,68,71,21,75,54,86,66,34,43,86,79,93,89,43,29,57,64,93,96,82,52,46,50,50,59,39,57,36,64,21,50,75,32,71,71,64,82,82,57,18,54,Serbian SuperLeague
Radnik Surdulica,c3uvbv6uzqxzqqqm7hw86885g,3f991ppzv2ey9kihz2javfpjo,L. Jovanović,Luka Jovanović,18.0,Attacker,Serbia,Striker,10.0,24.0,2.0,32.0,3.0,11.0,4.0,14.0,290.0,9.0,0.0,1.0,7.0,5.0,6.0,8.0,3.0,1.0,3.0,6.0,2.0,2.0,1.0,0.0,2.0,0.0,68.09,40.0,20.0,33.33,27.27,51.85,50.0,66.67,0.7845491280598338,0.0467567371029436,4.0,5.0,0.13808854,4.0,3.0,5.0,0.13726132,16.0,3.103448275862069,7.448275862068965,0.6206896551724138,9.93103448275862,0.9310344827586208,3.413793103448276,1.2413793103448276,4.344827586206897,2.793103448275862,0.0,0.3103448275862069,2.1724137931034484,1.5517241379310345,1.862068965517241,2.4827586206896552,0.9310344827586208,0.3103448275862069,0.9310344827586208,1.862068965517241,0.6206896551724138,0.6206896551724138,0.3103448275862069,0.0,0.6206896551724138,0.0,68.09,40.0,20.0,33.33,27.27,51.85,50.0,66.67,0.243480763880638,0.0145107115147066,1.2413793103448276,1.5517241379310345,0.042855064137931,1.2413793103448276,0.9310344827586208,1.5517241379310345,0.0425983406896551,4.965517241379311,ST,37,37,65,30,36,79,38,45,33,42,15,99,94,63,72,62,70,67,67,55,64,58,51,77,51,21,49,73,41,42,72,74,45,58,19,78,59,56,81,53,57,44,56,23,30,60,19,33,77,35,29,19,42,14,100,88,60,77,60,72,56,49,49,62,60,51,79,51,21,49,73,41,42,72,74,45,47,19,84,59,53,86,47,56,37,42,Serbian SuperLeague
Radnik Surdulica,c3uvbv6uzqxzqqqm7hw86885g,3mzcysroikjypfhulye47logk,David Stojanović,David Stojanović,24.0,Defender,Serbia,Defender,104.0,90.0,19.0,194.0,12.0,2.0,0.0,26.0,450.0,1.0,1.0,2.0,2.0,0.0,0.0,0.0,32.0,0.0,0.0,7.0,0.0,5.0,9.0,0.0,0.0,0.0,82.2,43.18,0.0,0.0,0.0,61.9,60.0,62.5,0.0750461774979863,0.1217979925380119,2.0,10.0,0.19797079,2.0,29.0,31.0,0.5256429399999999,155.0,20.8,18.0,3.8,38.8,2.4,0.4,0.0,5.2,0.2,0.2,0.4,0.4,0.0,0.0,0.0,6.4,0.0,0.0,1.4,0.0,1.0,1.8,0.0,0.0,0.0,82.2,43.18,0.0,0.0,0.0,61.9,60.0,62.5,0.0150092354995972,0.0243595985076023,0.4,2.0,0.039594158,0.4,5.8,6.2,0.1051285879999999,31.0,CB,62,90,91,75,76,61,23,85,31,98,74,93,34,17,15,88,48,33,92,25,88,97,51,38,51,33,50,38,25,33,70,56,60,38,69,94,96,96,70,100,97,81,90,35,71,79,50,50,40,23,65,23,99,54,83,34,17,15,79,48,33,77,25,78,90,51,38,51,33,50,38,25,33,70,56,60,38,52,85,89,90,61,90,85,73,79,Serbian SuperLeague
Radnik Surdulica,c3uvbv6uzqxzqqqm7hw86885g,3t7e7ns157heoz0jp9fbut1ck,Darko Stojanović,Darko Stojanovic,22.0,Midfielder,Serbia,Midfielder,4.0,36.0,0.0,40.0,1.0,7.0,2.0,7.0,162.0,3.0,0.0,4.0,5.0,0.0,4.0,5.0,0.0,1.0,2.0,2.0,2.0,0.0,0.0,0.0,0.0,0.0,72.73,0.0,0.0,50.0,28.57,36.84,33.33,0.0,0.5553579799715218,0.2279642081731656,4.0,7.0,0.16503219,6.0,5.0,5.0,0.27105548,23.0,2.2222222222222223,20.0,0.0,22.22222222222222,0.5555555555555556,3.888888888888889,1.1111111111111112,3.888888888888889,1.6666666666666663,0.0,2.2222222222222223,2.7777777777777777,0.0,2.2222222222222223,2.7777777777777777,0.0,0.5555555555555556,1.1111111111111112,1.1111111111111112,1.1111111111111112,0.0,0.0,0.0,0.0,0.0,72.73,0.0,0.0,50.0,28.57,36.84,33.33,0.0,0.3085322110952899,0.1266467823184253,2.2222222222222223,3.888888888888889,0.0916845499999999,3.333333333333333,2.7777777777777777,2.7777777777777777,0.1505863777777777,12.777777777777777,CM/AM,4,29,4,12,32,57,45,14,23,34,32,77,14,46,54,18,73,46,14,62,5,9,52,20,50,18,4,20,71,46,18,45,5,54,29,70,54,50,93,25,18,29,25,4,68,4,29,43,89,71,39,29,34,64,96,14,64,75,18,93,82,25,79,5,9,52,20,50,18,4,20,71,46,18,45,5,82,50,93,86,79,100,36,36,61,43,Serbian SuperLeague
Radnik Surdulica,c3uvbv6uzqxzqqqm7hw86885g,72yqcjf4p1i19cojhbaq1a5sl,A. Pejović,Aleksandar Pejovic,35.0,Midfielder,Serbia,Midfielder,45.0,77.0,13.0,116.0,4.0,5.0,1.0,17.0,208.0,3.0,1.0,10.0,4.0,0.0,7.0,7.0,4.0,1.0,2.0,4.0,6.0,2.0,1.0,0.0,6.0,0.0,77.85,50.0,37.5,85.71,40.0,65.38,80.0,66.67,0.2797201531163775,0.9414553362321506,2.0,7.0,0.13834505,1.0,21.0,17.0,1.1171708700000005,74.0,19.471153846153847,33.31730769230769,5.625000000000001,50.1923076923077,1.7307692307692308,2.1634615384615388,0.4326923076923077,7.355769230769232,1.2980769230769231,0.4326923076923077,4.3269230769230775,1.7307692307692308,0.0,3.028846153846154,3.028846153846154,1.7307692307692308,0.4326923076923077,0.8653846153846154,1.7307692307692308,2.5961538461538463,0.8653846153846154,0.4326923076923077,0.0,2.5961538461538463,0.0,77.85,50.0,37.5,85.71,40.0,65.38,80.0,66.67,0.121032758559971,0.4073604820235267,0.8653846153846154,3.028846153846154,0.0598608389423077,0.4326923076923077,9.086538461538462,7.355769230769232,0.4833912418269233,32.019230769230774,DM/CM,38,73,75,54,58,79,65,50,54,92,100,85,29,81,81,46,90,79,58,92,15,17,52,96,52,35,38,77,88,79,81,90,56,69,100,60,65,58,46,81,67,100,58,73,96,92,92,69,96,85,88,73,96,100,96,29,96,96,58,100,88,77,100,19,23,52,100,52,35,38,77,88,79,81,90,56,85,100,77,96,88,65,100,100,100,96,Serbian SuperLeague
Radnik Surdulica,c3uvbv6uzqxzqqqm7hw86885g,7nidikajt72hjuqa2n1nikxsk,T. Lakic,Teo Lakic,18.0,Attacker,Bosnia and Herzegovina,Striker,4.0,4.0,1.0,8.0,1.0,0.0,0.0,4.0,90.0,1.0,0.0,0.0,0.0,0.0,2.0,2.0,4.0,0.0,0.0,2.0,0.0,0.0,3.0,0.0,0.0,0.0,80.0,100.0,0.0,0.0,0.0,40.0,50.0,0.0,0.0,0.0,0.0,0.0,0.0,0.0,0.0,0.0,0.0,0.0,4.0,4.0,1.0,8.0,1.0,0.0,0.0,4.0,1.0,0.0,0.0,0.0,0.0,2.0,2.0,4.0,0.0,0.0,2.0,0.0,0.0,3.0,0.0,0.0,0.0,80.0,100.0,0.0,0.0,0.0,40.0,50.0,0.0,0.0,0.0,0.0,0.0,0.0,0.0,0.0,0.0,0.0,0.0,ST,9,2,40,2,16,5,6,7,2,42,6,15,14,29,29,73,28,8,14,17,10,81,51,33,51,84,91,33,17,8,31,74,10,5,9,13,8,8,14,7,6,3,3,35,5,85,5,35,5,6,23,2,42,6,15,14,63,58,98,28,8,51,17,10,100,51,33,51,84,91,33,17,8,31,74,10,5,9,13,8,8,14,7,6,3,3,Serbian SuperLeague
Radnik Surdulica,c3uvbv6uzqxzqqqm7hw86885g,95uwy78evjir4tfime3ll7mdw,M. Popović,Milos Popovic,22.0,Midfielder,Serbia,Midfielder,64.0,99.0,14.0,163.0,6.0,9.0,1.0,22.0,450.0,3.0,0.0,5.0,8.0,1.0,3.0,3.0,6.0,0.0,3.0,7.0,0.0,5.0,4.0,0.0,0.0,0.0,81.09,60.87,0.0,0.0,33.33,55.0,42.86,55.56,0.5480396084074021,0.293945383799696,7.0,10.0,0.20007898,2.0,22.0,20.0,0.7520905299999999,92.0,12.8,19.8,2.8,32.6,1.2,1.8,0.2,4.4,0.6,0.0,1.0,1.6,0.2,0.6,0.6,1.2,0.0,0.6,1.4,0.0,1.0,0.8,0.0,0.0,0.0,81.09,60.87,0.0,0.0,33.33,55.0,42.86,55.56,0.1096079216814804,0.0587890767599392,1.4,2.0,0.040015796,0.4,4.4,4.0,0.150418106,18.4,DM/CM,62,85,81,77,77,96,65,62,54,44,85,96,69,46,46,62,42,90,77,12,65,62,52,27,52,54,62,27,12,65,48,27,35,85,69,98,87,81,71,87,73,92,77,42,73,62,65,54,88,62,38,46,44,65,92,65,35,35,31,42,77,65,12,31,38,52,27,52,54,62,27,12,65,48,27,35,73,58,96,75,69,58,77,67,81,73,Serbian SuperLeague
Radnik Surdulica,c3uvbv6uzqxzqqqm7hw86885g,a5ghf3t481f45w0ijc0aqwbv8,E. Quarshie,Emmanuel Quarshie Jr.,19.0,Attacker,Ghana,Striker,7.0,30.0,2.0,35.0,2.0,5.0,2.0,11.0,292.0,10.0,0.0,7.0,3.0,2.0,5.0,5.0,1.0,1.0,2.0,1.0,3.0,3.0,1.0,0.0,2.0,0.0,60.34,33.33,28.57,60.0,40.0,39.29,25.0,60.0,0.3142168873956811,0.6997873291834377,2.0,5.0,0.14026555,2.0,1.0,4.0,0.5050391399999999,12.0,2.1575342465753424,9.246575342465754,0.6164383561643836,10.787671232876711,0.6164383561643836,1.5410958904109588,0.6164383561643836,3.3904109589041096,3.0821917808219177,0.0,2.1575342465753424,0.9246575342465754,0.6164383561643836,1.5410958904109588,1.5410958904109588,0.3082191780821918,0.3082191780821918,0.6164383561643836,0.3082191780821918,0.9246575342465754,0.9246575342465754,0.3082191780821918,0.0,0.6164383561643836,0.0,60.34,33.33,28.57,60.0,40.0,39.29,25.0,60.0,0.0968476707726414,0.2156878754332513,0.6164383561643836,1.5410958904109588,0.0432325325342465,0.6164383561643836,0.3082191780821918,1.2328767123287672,0.1556627486301369,3.6986301369863015,RW,32,50,32,43,54,50,43,43,54,39,79,68,61,43,43,54,82,50,21,39,68,54,54,68,54,14,21,82,68,79,29,54,57,43,79,29,46,43,54,14,29,71,36,14,21,29,14,36,29,36,21,43,39,86,57,43,21,21,50,79,50,14,36,64,50,54,71,54,14,21,82,68,79,29,54,57,29,93,21,29,36,50,14,36,57,21,Serbian SuperLeague
Radnik Surdulica,c3uvbv6uzqxzqqqm7hw86885g,a647k0ga5ilpdku9rzyxi4tuc,Tijan,Tijan Sonha,25.0,Defender,Gambia,Defender,39.0,61.0,9.0,98.0,7.0,2.0,0.0,21.0,362.0,4.0,0.0,6.0,2.0,0.0,6.0,6.0,14.0,0.0,0.0,3.0,4.0,3.0,7.0,0.0,2.0,0.0,73.13,47.37,18.18,66.67,0.0,67.74,0.0,42.86,0.0791326111016077,0.459658354222441,2.0,7.0,0.19283897,3.0,15.0,11.0,0.5721655799999997,62.0,9.696132596685082,15.165745856353592,2.2375690607734806,24.364640883977906,1.7403314917127073,0.4972375690607735,0.0,5.220994475138122,0.994475138121547,0.0,1.4917127071823204,0.4972375690607735,0.0,1.4917127071823204,1.4917127071823204,3.4806629834254146,0.0,0.0,0.7458563535911602,0.994475138121547,0.7458563535911602,1.7403314917127073,0.0,0.4972375690607735,0.0,73.13,47.37,18.18,66.67,0.0,67.74,0.0,42.86,0.0196738535887974,0.1142797013260212,0.4972375690607735,1.7403314917127073,0.0479433903314917,0.7458563535911602,3.729281767955801,2.7348066298342544,0.1422511110497236,15.414364640883978,LB/LCB,50,75,59,62,75,50,19,72,50,44,97,84,34,94,88,66,44,31,44,94,47,88,53,69,53,31,75,53,75,31,94,16,19,31,88,84,81,81,88,81,53,75,75,31,56,56,38,69,38,19,38,38,44,94,88,34,75,62,62,44,31,25,81,31,94,53,69,53,31,75,53,75,31,94,16,19,25,88,88,81,75,75,81,56,81,69,Serbian SuperLeague
Radnik Surdulica,c3uvbv6uzqxzqqqm7hw86885g,afoyq178wlfglgz8a89cret5g,M. Gašić,Mateja Gašić,23.0,Defender,Serbia,Defender,12.0,25.0,9.0,33.0,1.0,0.0,0.0,9.0,151.0,1.0,0.0,6.0,0.0,0.0,3.0,3.0,5.0,0.0,0.0,1.0,1.0,5.0,1.0,0.0,4.0,0.0,61.11,47.37,30.77,33.33,0.0,52.94,33.33,83.33,0.0,0.6924541138522018,0.0,2.0,0.0535479299999999,2.0,2.0,3.0,0.4813475899999999,19.0,7.152317880794702,14.900662251655628,5.364238410596027,19.66887417218543,0.5960264900662251,0.0,0.0,5.364238410596027,0.5960264900662251,0.0,3.576158940397351,0.0,0.0,1.7880794701986755,1.7880794701986755,2.980132450331126,0.0,0.0,0.5960264900662251,0.5960264900662251,2.980132450331126,0.5960264900662251,0.0,2.3841059602649004,0.0,61.11,47.37,30.77,33.33,0.0,52.94,33.33,83.33,0.0,0.4127209950112461,0.0,1.1920529801324502,0.0319159847682118,1.1920529801324502,1.1920529801324502,1.7880794701986755,0.2868959145695363,11.324503311258278,RB/RCB,14,36,68,14,11,18,36,36,18,39,86,29,32,57,54,32,54,43,21,54,89,18,54,86,54,7,57,64,57,43,79,32,79,21,86,29,36,36,61,29,29,64,29,21,64,100,29,14,18,36,86,36,39,100,29,32,71,71,57,54,43,29,57,93,21,54,100,54,7,57,64,57,43,79,32,79,21,100,29,64,57,79,36,36,79,36,Serbian SuperLeague
Radnik Surdulica,c3uvbv6uzqxzqqqm7hw86885g,bivo0fd42te25n0onyqaprf2s,Đ. Jovanović,Đorđe Jovanović,25.0,Attacker,Serbia,Striker,14.0,40.0,3.0,52.0,7.0,10.0,7.0,16.0,260.0,14.0,0.0,6.0,3.0,3.0,2.0,2.0,8.0,0.0,3.0,6.0,0.0,1.0,2.0,0.0,2.0,0.0,75.36,100.0,20.0,0.0,30.0,48.48,70.0,33.33,0.6695008670593162,0.3383381969476843,3.0,10.0,0.2284963699999999,2.0,4.0,8.0,0.27036693,24.0,4.846153846153846,13.846153846153848,1.0384615384615383,18.0,2.423076923076923,3.4615384615384617,2.423076923076923,5.538461538461538,4.846153846153846,0.0,2.076923076923077,1.0384615384615383,1.0384615384615383,0.6923076923076923,0.6923076923076923,2.769230769230769,0.0,1.0384615384615383,2.076923076923077,0.0,0.3461538461538461,0.6923076923076923,0.0,0.6923076923076923,0.0,75.36,100.0,20.0,0.0,30.0,48.48,70.0,33.33,0.2317503001359171,0.1171170681741984,1.0384615384615383,3.4615384615384617,0.0790948973076922,0.6923076923076923,1.3846153846153846,2.769230769230769,0.0935885526923076,8.307692307692308,ST,55,74,81,69,67,72,67,51,65,42,81,69,71,29,29,90,28,67,67,17,35,70,51,77,51,65,91,73,17,48,63,93,21,47,65,70,88,72,51,69,81,72,74,58,84,88,79,60,79,67,52,69,42,84,74,79,22,22,88,28,72,56,17,35,74,51,84,51,65,91,73,17,48,63,93,21,44,67,74,95,93,56,67,84,77,81,Serbian SuperLeague
Radnik Surdulica,c3uvbv6uzqxzqqqm7hw86885g,chm3ii1itbjlscretvkecwdwq,S. Abubakar,Sadick Abubakar,28.0,Defender,Ghana,Defender,107.0,49.0,11.0,156.0,19.0,1.0,0.0,33.0,450.0,2.0,1.0,3.0,1.0,0.0,1.0,1.0,37.0,0.0,0.0,5.0,0.0,8.0,8.0,0.0,0.0,0.0,76.1,26.19,0.0,0.0,0.0,55.93,65.52,88.89,0.0469837793195016,0.1491203447865415,1.0,4.0,0.09527272,2.0,7.0,8.0,0.25261789,96.0,21.4,9.8,2.2,31.2,3.8,0.2,0.0,6.6,0.4,0.2,0.6,0.2,0.0,0.2,0.2,7.4,0.0,0.0,1.0,0.0,1.6,1.6,0.0,0.0,0.0,76.1,26.19,0.0,0.0,0.0,55.93,65.52,88.89,0.0093967558639003,0.0298240689573082,0.2,0.8,0.019054544,0.4,1.4,1.6,0.050523578,19.2,CB,65,56,68,62,96,41,23,100,48,98,85,77,34,53,51,94,48,33,78,25,97,92,51,38,51,17,15,38,25,33,44,71,84,33,75,76,68,67,70,48,47,42,62,38,31,52,33,94,33,23,92,33,99,75,69,34,41,39,94,48,33,72,25,83,81,51,38,51,17,15,38,25,33,44,71,84,31,60,66,56,56,61,35,31,27,46,Serbian SuperLeague
Radnik Surdulica,c3uvbv6uzqxzqqqm7hw86885g,eo99bjcr7q0eo1vcz4ib2xwtm,U. Lazić,Uros Lazic,23.0,Defender,Serbia,Defender,25.0,41.0,3.0,62.0,5.0,3.0,0.0,21.0,317.0,1.0,0.0,2.0,3.0,0.0,3.0,3.0,9.0,0.0,1.0,5.0,1.0,9.0,2.0,0.0,4.0,0.0,62.63,15.79,28.57,33.33,33.33,56.76,62.5,81.82,0.2053214983636007,0.1567775676786435,3.0,4.0,0.10179038,2.0,8.0,7.0,0.5125820499999998,41.0,7.097791798107256,11.6403785488959,0.8517350157728707,17.602523659305994,1.4195583596214512,0.8517350157728707,0.0,5.962145110410095,0.2839116719242902,0.0,0.5678233438485805,0.8517350157728707,0.0,0.8517350157728707,0.8517350157728707,2.555205047318612,0.0,0.2839116719242902,1.4195583596214512,0.2839116719242902,2.555205047318612,0.5678233438485805,0.0,1.135646687697161,0.0,62.63,15.79,28.57,33.33,33.33,56.76,62.5,81.82,0.0582931698824102,0.0445109813598672,0.8517350157728707,1.135646687697161,0.0288994769716088,0.5678233438485805,2.271293375394322,1.987381703470032,0.14552802681388,11.6403785488959,CB,16,48,20,21,39,80,23,69,31,48,74,97,34,90,89,43,48,81,78,67,100,40,51,99,51,6,4,83,51,77,46,65,79,69,77,98,68,69,70,50,41,79,34,4,42,4,10,33,83,23,83,27,48,71,94,34,83,83,23,48,85,81,67,100,31,51,96,51,6,4,83,51,77,46,65,79,62,75,96,69,75,77,48,38,83,38,Serbian SuperLeague
Radnik Surdulica,c3uvbv6uzqxzqqqm7hw86885g,m19qp49tn84pb39f8kouze95,L. Zorić,Luka Zoric,28.0,Defender,Serbia,Defender,9.0,17.0,2.0,26.0,3.0,3.0,2.0,6.0,113.0,4.0,0.0,2.0,1.0,1.0,1.0,1.0,4.0,0.0,0.0,0.0,1.0,1.0,0.0,0.0,0.0,0.0,63.41,28.57,0.0,100.0,0.0,60.0,75.0,50.0,0.3225856555828969,0.1083086639349842,1.0,1.0,0.01935132,0.0,1.0,4.0,0.09510995,14.0,7.168141592920354,13.539823008849558,1.592920353982301,20.70796460176992,2.3893805309734515,2.3893805309734515,1.592920353982301,4.778761061946903,3.185840707964602,0.0,1.592920353982301,0.7964601769911505,0.7964601769911505,0.7964601769911505,0.7964601769911505,3.185840707964602,0.0,0.0,0.0,0.7964601769911505,0.7964601769911505,0.0,0.0,0.0,0.0,63.41,28.57,0.0,100.0,0.0,60.0,75.0,50.0,0.2569266283403604,0.0862635376473325,0.7964601769911505,0.7964601769911505,0.0154125557522123,0.0,0.7964601769911505,3.185840707964602,0.0757512876106194,11.150442477876108,CB,3,14,10,7,27,80,76,19,67,48,74,77,80,53,51,16,48,33,10,67,32,9,51,38,51,8,17,38,84,33,59,86,44,79,65,76,33,30,23,23,25,23,24,6,58,21,19,48,98,100,52,100,48,98,90,100,79,79,35,48,33,10,90,67,9,51,38,51,8,17,38,84,33,59,86,44,100,85,90,54,48,23,25,56,44,33,Serbian SuperLeague
Radnik Surdulica,c3uvbv6uzqxzqqqm7hw86885g,z3qgzbqn6di8wty7skg3cwh6,V. Bogdanović,Vukasin Bogdanovic,23.0,Attacker,Serbia,Striker,22.0,42.0,1.0,64.0,21.0,12.0,10.0,39.0,353.0,23.0,0.0,4.0,2.0,5.0,2.0,2.0,1.0,1.0,4.0,13.0,2.0,3.0,1.0,0.0,0.0,0.0,73.56,100.0,0.0,100.0,33.33,58.21,56.76,100.0,1.1722978196540934,0.2365460359010707,2.0,5.0,0.14986985,3.0,3.0,3.0,0.07481725,14.0,5.609065155807365,10.708215297450426,0.254957507082153,16.31728045325779,5.354107648725213,3.059490084985836,2.54957507082153,9.943342776203966,5.864022662889519,0.0,1.019830028328612,0.509915014164306,1.274787535410765,0.509915014164306,0.509915014164306,0.254957507082153,0.254957507082153,1.019830028328612,3.314447592067989,0.509915014164306,0.764872521246459,0.254957507082153,0.0,0.0,0.0,73.56,100.0,0.0,100.0,33.33,58.21,56.76,100.0,0.298886129656851,0.0603091876235024,0.509915014164306,1.274787535410765,0.0382104433427762,0.764872521246459,0.764872521246459,0.764872521246459,0.0190752195467422,3.5694050991501416,ST,78,79,40,79,95,81,88,93,95,42,56,55,94,29,29,33,70,83,94,55,83,58,51,33,51,56,91,33,94,62,91,79,85,79,47,53,59,60,65,53,43,28,48,70,65,28,74,93,67,72,98,84,42,44,47,84,12,12,23,65,70,95,42,72,58,51,33,51,56,91,33,94,62,91,79,85,63,30,42,44,44,65,44,33,26,26,Serbian SuperLeague
Radnički Kragujevac,3z0tiyynmxdyozfrpasdbpm0p,2wh8nza2u4px1l6cpyre87ka2,M. Cissé,Mohamed Cissé,25.0,Attacker,France,Striker,5.0,47.0,1.0,47.0,3.0,10.0,5.0,22.0,327.0,17.0,0.0,7.0,5.0,3.0,13.0,14.0,0.0,2.0,3.0,10.0,6.0,2.0,0.0,0.0,5.0,0.0,71.21,50.0,38.46,46.15,30.0,55.0,37.5,66.67,0.6372115165639796,0.7630479647284526,5.0,12.0,0.36941237,3.0,2.0,8.0,1.1238693400000002,25.0,1.3761467889908257,12.935779816513762,0.2752293577981651,12.935779816513762,0.8256880733944955,2.752293577981652,1.3761467889908257,6.055045871559633,4.678899082568807,0.0,1.926605504587156,1.3761467889908257,0.8256880733944955,3.5779816513761467,3.853211009174312,0.0,0.5504587155963303,0.8256880733944955,2.752293577981652,1.651376146788991,0.5504587155963303,0.0,0.0,1.3761467889908257,0.0,71.21,50.0,38.46,46.15,30.0,55.0,37.5,66.67,0.1753793164854989,0.2100132013014089,1.3761467889908257,3.302752293577982,0.1016731293577981,0.8256880733944955,0.5504587155963303,2.201834862385321,0.3093218366972478,6.8807339449541285,ST,14,84,40,64,36,72,51,77,74,42,90,86,71,94,94,10,91,67,88,92,64,28,51,94,51,44,60,93,59,48,81,42,45,44,93,86,97,98,65,40,81,100,77,2,81,30,44,28,47,37,67,63,42,77,77,67,93,93,10,86,49,84,88,51,28,51,91,51,44,60,93,59,48,81,42,45,37,93,88,93,95,70,23,74,95,67,Serbian SuperLeague
Radnički Kragujevac,3z0tiyynmxdyozfrpasdbpm0p,5uddkhbb8dyilqjybrjuyzg2c,S. Alić,Semir Alic,22.0,Midfielder,Serbia,Midfielder,12.0,35.0,2.0,45.0,0.0,2.0,0.0,9.0,232.0,8.0,0.0,5.0,2.0,1.0,6.0,7.0,5.0,0.0,0.0,3.0,1.0,2.0,1.0,0.0,2.0,0.0,69.23,40.0,40.0,16.67,0.0,34.62,0.0,40.0,0.1053988463592526,0.2971167637753539,1.0,5.0,0.15228776,2.0,3.0,6.0,0.36379837,27.0,4.655172413793103,13.577586206896552,0.7758620689655172,17.456896551724135,0.0,0.7758620689655172,0.0,3.4913793103448274,3.103448275862069,0.0,1.939655172413793,0.7758620689655172,0.3879310344827586,2.327586206896552,2.71551724137931,1.939655172413793,0.0,0.0,1.1637931034482758,0.3879310344827586,0.7758620689655172,0.3879310344827586,0.0,0.7758620689655172,0.0,69.23,40.0,40.0,16.67,0.0,34.62,0.0,40.0,0.0408874835014341,0.1152608135335424,0.3879310344827586,1.939655172413793,0.059077148275862,0.7758620689655172,1.1637931034482758,2.327586206896552,0.1411286780172413,10.474137931034482,CM/AM,21,23,18,18,9,9,9,29,59,34,45,32,39,71,75,88,29,11,29,36,46,30,52,70,50,11,14,82,21,11,11,11,25,7,36,25,36,39,43,12,25,46,32,14,21,14,14,9,7,9,18,66,34,54,39,39,68,71,96,29,11,32,46,50,32,52,71,50,11,14,82,21,11,11,11,25,7,39,29,46,50,46,18,25,57,32,Serbian SuperLeague
Radnički Kragujevac,3z0tiyynmxdyozfrpasdbpm0p,5ujf1qwekbimtowyzv3euju1h,M. Kuzmanović,Mico Kuzmanovic,30.0,Defender,Bosnia and Herzegovina,Defender,9.0,6.0,1.0,15.0,0.0,0.0,0.0,7.0,92.0,2.0,0.0,1.0,0.0,0.0,3.0,3.0,4.0,0.0,0.0,3.0,2.0,2.0,0.0,0.0,0.0,0.0,62.5,25.0,0.0,66.67,0.0,63.64,0.0,100.0,0.0,0.1024429213870464,0.0,1.0,0.02855202,0.0,1.0,0.0,0.0694168,5.0,8.804347826086957,5.869565217391305,0.9782608695652176,14.673913043478262,0.0,0.0,0.0,6.847826086956522,1.956521739130435,0.0,0.9782608695652176,0.0,0.0,2.9347826086956523,2.9347826086956523,3.91304347826087,0.0,0.0,2.9347826086956523,1.956521739130435,1.956521739130435,0.0,0.0,0.0,0.0,62.5,25.0,0.0,66.67,0.0,63.64,0.0,100.0,0.0,0.1002159013568932,0.0,0.9782608695652176,0.0279313239130434,0.0,0.9782608695652176,0.0,0.0679077391304347,4.891304347826087,CB,3,4,4,3,6,15,23,25,48,48,52,32,34,90,89,16,48,33,64,90,50,9,51,38,51,4,10,38,66,33,73,9,94,16,60,31,33,38,23,23,10,19,19,10,10,9,4,6,15,23,98,90,48,85,32,34,98,98,50,48,33,98,98,90,9,51,38,51,4,10,38,66,33,73,9,94,16,90,31,59,71,23,27,10,40,21,Serbian SuperLeague
Radnički Kragujevac,3z0tiyynmxdyozfrpasdbpm0p,5uo1gs2j84w8c3mhj1uwy18t1,N. Glavčić,Nemanja Glavcic,29.0,Midfielder,Serbia,Midfielder,32.0,85.0,3.0,108.0,2.0,7.0,1.0,14.0,311.0,7.0,1.0,12.0,6.0,4.0,4.0,5.0,5.0,0.0,2.0,4.0,2.0,5.0,2.0,0.0,9.0,0.0,80.0,23.08,40.91,50.0,28.57,48.28,33.33,83.33,0.5931094487595691,0.9933961208300632,3.0,10.0,0.23453768,3.0,16.0,24.0,0.7593897800000001,61.0,9.260450160771704,24.59807073954984,0.8681672025723473,31.2540192926045,0.5787781350482315,2.02572347266881,0.2893890675241157,4.05144694533762,2.02572347266881,0.2893890675241157,3.472668810289389,1.7363344051446945,1.157556270096463,1.157556270096463,1.4469453376205788,1.4469453376205788,0.0,0.5787781350482315,1.157556270096463,0.5787781350482315,1.4469453376205788,0.5787781350482315,0.0,2.604501607717041,0.0,80.0,23.08,40.91,50.0,28.57,48.28,33.33,83.33,0.171639390316274,0.2874779770890858,0.8681672025723473,2.893890675241157,0.0678726405144694,0.8681672025723473,4.630225080385852,6.945337620578778,0.2197591003215434,17.65273311897106,CM/AM,59,79,30,61,55,57,27,50,48,77,93,84,82,46,54,88,29,46,45,62,88,54,52,95,50,46,7,89,71,46,57,45,79,57,86,62,70,68,57,70,86,86,75,54,86,21,68,46,54,29,46,46,75,82,68,86,39,54,86,29,39,29,61,86,46,52,93,50,46,7,89,71,46,57,45,79,54,79,57,68,57,57,79,86,79,75,Serbian SuperLeague
Radnički Kragujevac,3z0tiyynmxdyozfrpasdbpm0p,6ovwfmtohoxhz56q962x2t149,B. Nikčević,Bojica Nikcevic,26.0,Defender,Montenegro,Defender,42.0,70.0,5.0,110.0,0.0,4.0,2.0,10.0,450.0,15.0,2.0,5.0,2.0,2.0,8.0,9.0,8.0,0.0,1.0,2.0,5.0,1.0,5.0,0.0,2.0,0.0,77.46,45.45,9.09,62.5,25.0,32.26,0.0,33.33,0.3172847142719013,0.5518764687818967,1.0,13.0,0.30141575,3.0,14.0,14.0,1.07833294,56.0,8.4,14.0,1.0,22.0,0.0,0.8,0.4,2.0,3.0,0.4,1.0,0.4,0.4,1.6,1.8,1.6,0.0,0.2,0.4,1.0,0.2,1.0,0.0,0.4,0.0,77.46,45.45,9.09,62.5,25.0,32.26,0.0,33.33,0.0634569428543802,0.1103752937563793,0.2,2.6,0.0602831499999999,0.6,2.8,2.8,0.215666588,11.2,RM/RCM,83,100,67,100,33,75,67,50,100,83,83,83,100,100,100,67,50,50,33,100,33,92,58,50,58,67,67,33,83,33,50,33,25,67,83,25,83,83,67,100,100,83,100,67,83,67,83,33,50,67,33,83,83,42,67,100,67,67,50,50,33,17,100,17,83,58,33,58,67,67,33,83,33,50,33,25,67,50,17,67,67,50,100,67,83,83,Serbian SuperLeague
Radnički Kragujevac,3z0tiyynmxdyozfrpasdbpm0p,7hzwkvpglkqwz1g6ox2x2fg9g,U. Sremčević,Uros Sremcevic,20.0,Attacker,Serbia,Striker,10.0,24.0,0.0,34.0,6.0,9.0,9.0,14.0,215.0,21.0,0.0,4.0,0.0,4.0,3.0,3.0,7.0,2.0,3.0,5.0,2.0,0.0,0.0,0.0,0.0,0.0,69.39,0.0,0.0,66.67,33.33,48.28,46.15,0.0,1.0339396568601775,0.2366197111844568,1.0,4.0,0.0919598,1.0,3.0,3.0,0.05410104,12.0,4.186046511627907,10.046511627906977,0.0,14.232558139534884,2.511627906976744,3.767441860465116,3.767441860465116,5.8604651162790695,8.790697674418604,0.0,1.6744186046511629,0.0,1.6744186046511629,1.255813953488372,1.255813953488372,2.9302325581395348,0.8372093023255814,1.255813953488372,2.0930232558139537,0.8372093023255814,0.0,0.0,0.0,0.0,0.0,69.39,0.0,0.0,66.67,33.33,48.28,46.15,0.0,0.4328119493833301,0.0990501116586098,0.4186046511627907,1.6744186046511629,0.0384947999999999,0.4186046511627907,1.255813953488372,1.255813953488372,0.0226469469767441,5.023255813953488,ST,37,37,13,35,59,60,85,45,87,42,56,15,84,41,41,85,91,67,53,55,10,28,51,33,51,30,13,33,78,62,60,65,10,70,49,34,50,44,36,53,43,21,37,37,58,13,56,63,81,91,63,98,42,72,15,91,44,44,91,95,81,58,60,10,28,51,33,51,30,13,33,78,62,60,65,10,86,63,35,67,47,37,63,49,30,44,Serbian SuperLeague
Radnički Kragujevac,3z0tiyynmxdyozfrpasdbpm0p,9s6tngm50l92s35bu4zt1fv8p,A. Marušić,Aleksa Marusic,27.0,Attacker,Montenegro,Striker,9.0,14.0,0.0,23.0,2.0,6.0,5.0,7.0,171.0,9.0,0.0,2.0,1.0,0.0,4.0,5.0,0.0,0.0,1.0,3.0,2.0,0.0,0.0,0.0,0.0,0.0,76.67,0.0,0.0,50.0,16.67,41.18,40.0,0.0,0.6787504781666224,0.1602519002419935,0.0,2.0,0.0575652,0.0,1.0,2.0,0.02372869,7.0,4.736842105263158,7.36842105263158,0.0,12.105263157894738,1.0526315789473684,3.1578947368421053,2.631578947368421,3.68421052631579,4.736842105263158,0.0,1.0526315789473684,0.5263157894736842,0.0,2.1052631578947367,2.631578947368421,0.0,0.0,0.5263157894736842,1.5789473684210529,1.0526315789473684,0.0,0.0,0.0,0.0,0.0,76.67,0.0,0.0,50.0,16.67,41.18,40.0,0.0,0.3572370937719065,0.0843431053905229,0.0,1.0526315789473684,0.0302974736842105,0.0,0.5263157894736842,1.0526315789473684,0.0124887842105263,3.68421052631579,ST,30,21,13,23,23,37,51,16,33,42,29,37,14,49,52,10,28,24,28,55,10,28,51,33,51,74,13,33,69,17,42,44,10,51,33,13,28,30,14,23,31,14,15,55,28,13,37,37,74,74,14,65,42,47,49,14,67,79,10,28,35,36,77,10,28,51,33,51,74,13,33,69,17,42,44,10,74,51,13,35,37,14,21,42,16,28,Serbian SuperLeague
Radnički Kragujevac,3z0tiyynmxdyozfrpasdbpm0p,bx9j7zlcib4gzax226s9ee5ed,S. Simović,Slobodan Simovic,37.0,Defender,Serbia,Defender,146.0,73.0,24.0,219.0,10.0,7.0,6.0,28.0,411.0,8.0,0.0,0.0,1.0,0.0,1.0,1.0,28.0,1.0,5.0,10.0,0.0,5.0,6.0,0.0,0.0,0.0,86.9,57.14,0.0,0.0,71.43,62.22,52.63,62.5,0.9012430679284668,0.0,1.0,10.0,0.21289088,5.0,15.0,28.0,0.4008558399999999,139.0,31.97080291970803,15.985401459854016,5.255474452554745,47.956204379562045,2.18978102189781,1.5328467153284673,1.3138686131386863,6.131386861313869,1.7518248175182485,0.0,0.0,0.218978102189781,0.0,0.218978102189781,0.218978102189781,6.131386861313869,0.218978102189781,1.094890510948905,2.18978102189781,0.0,1.094890510948905,1.3138686131386863,0.0,0.0,0.0,86.9,57.14,0.0,0.0,71.43,62.22,52.63,62.5,0.1973524966266715,0.0,0.218978102189781,2.18978102189781,0.0466184408759124,1.094890510948905,3.2846715328467155,6.131386861313869,0.0877786510948905,30.437956204379564,DM/CM,100,67,92,96,85,90,100,81,96,44,13,33,29,17,17,96,90,98,90,12,65,81,52,27,52,88,56,27,12,88,73,46,46,100,13,35,87,85,96,60,96,54,100,96,58,88,88,85,81,100,77,92,44,13,31,29,15,15,100,88,96,85,12,42,65,52,27,52,88,56,27,12,88,73,46,46,96,13,35,85,77,96,54,92,58,92,Serbian SuperLeague
Radnički Kragujevac,3z0tiyynmxdyozfrpasdbpm0p,ccqxc13lyqta2wtrkd4qteane,J. Ilić,Jovan Ilic,26.0,Midfielder,Bosnia and Herzegovina,Midfielder,33.0,54.0,6.0,81.0,3.0,4.0,2.0,13.0,270.0,5.0,0.0,5.0,2.0,2.0,5.0,5.0,1.0,0.0,1.0,3.0,3.0,4.0,1.0,0.0,6.0,0.0,81.82,85.71,40.0,60.0,25.0,52.0,33.33,100.0,0.7313213451683542,0.687825641373982,2.0,7.0,0.18056446,2.0,5.0,11.0,0.18815662,36.0,11.0,18.0,2.0,27.0,1.0,1.3333333333333333,0.6666666666666666,4.333333333333333,1.6666666666666667,0.0,1.6666666666666667,0.6666666666666666,0.6666666666666666,1.6666666666666667,1.6666666666666667,0.3333333333333333,0.0,0.3333333333333333,1.0,1.0,1.3333333333333333,0.3333333333333333,0.0,2.0,0.0,81.82,85.71,40.0,60.0,25.0,52.0,33.33,100.0,0.2437737817227847,0.2292752137913273,0.6666666666666666,2.333333333333333,0.0601881533333333,0.6666666666666666,1.6666666666666667,3.6666666666666665,0.0627188733333333,12.0,DM/CM,35,52,33,35,37,69,88,38,81,44,85,52,88,63,63,10,42,60,38,69,42,17,52,96,52,62,92,81,63,56,35,17,94,96,96,60,65,77,71,29,44,38,35,27,65,38,35,37,73,88,31,88,44,88,56,96,67,67,12,42,67,42,77,58,17,52,96,52,62,92,81,63,56,35,17,94,100,96,60,88,92,77,27,54,35,27,Serbian SuperLeague
Radnički Kragujevac,3z0tiyynmxdyozfrpasdbpm0p,cqwjl27qlms7fxa3edgkvpr6d,A. Suljić,Asmir Suljic,34.0,Attacker,Bosnia and Herzegovina,Striker,14.0,38.0,2.0,52.0,0.0,0.0,0.0,4.0,163.0,9.0,0.0,2.0,0.0,0.0,3.0,3.0,4.0,0.0,0.0,1.0,0.0,2.0,2.0,0.0,0.0,0.0,80.0,50.0,0.0,0.0,0.0,30.77,0.0,66.67,0.0,0.1003458023044298,0.0,10.0,0.35625088,3.0,3.0,8.0,0.23322889,26.0,7.730061349693251,20.98159509202454,1.1042944785276074,28.7116564417178,0.0,0.0,0.0,2.208588957055215,4.969325153374233,0.0,1.1042944785276074,0.0,0.0,1.656441717791411,1.656441717791411,2.208588957055215,0.0,0.0,0.5521472392638037,0.0,1.1042944785276074,1.1042944785276074,0.0,0.0,0.0,80.0,50.0,0.0,0.0,0.0,30.77,0.0,66.67,0.0,0.0554056577141023,0.0,5.521472392638037,0.1967029398773006,1.656441717791411,1.656441717791411,4.41717791411043,0.1287766877300613,14.355828220858896,LW,25,50,31,38,25,12,12,25,50,38,25,12,25,12,12,62,31,19,12,19,38,69,56,19,56,75,62,19,19,19,25,25,44,12,12,12,38,50,56,25,38,12,38,62,88,50,88,25,12,12,25,75,38,38,12,25,12,12,100,31,19,12,19,75,88,56,19,56,75,62,19,19,19,25,25,44,12,12,12,100,100,88,62,75,50,100,Serbian SuperLeague
Radnički Kragujevac,3z0tiyynmxdyozfrpasdbpm0p,d681f54qps1fop6a5pvhkpbzd,M. Ristić,Milos Ristic,31.0,Midfielder,Serbia,Midfielder,37.0,31.0,4.0,67.0,6.0,2.0,0.0,14.0,214.0,4.0,0.0,0.0,2.0,0.0,0.0,1.0,4.0,0.0,1.0,0.0,0.0,5.0,2.0,0.0,1.0,0.0,79.76,50.0,100.0,0.0,50.0,58.33,60.0,62.5,0.0784691626586464,0.0,2.0,0.0,0.0,0.0,4.0,5.0,0.2059519699999999,45.0,15.5607476635514,13.037383177570094,1.6822429906542056,28.177570093457945,2.5233644859813085,0.8411214953271028,0.0,5.88785046728972,1.6822429906542056,0.0,0.0,0.8411214953271028,0.0,0.0,0.4205607476635514,1.6822429906542056,0.0,0.4205607476635514,0.0,0.0,2.102803738317757,0.8411214953271028,0.0,0.4205607476635514,0.0,79.76,50.0,100.0,0.0,50.0,58.33,60.0,62.5,0.0330010497162531,0.0,0.8411214953271028,0.0,0.0,0.0,1.6822429906542056,2.102803738317757,0.0866153144859812,18.92523364485981,CB,23,43,31,25,45,61,23,47,67,48,20,93,34,17,51,16,48,81,10,25,88,40,51,78,51,29,68,98,25,89,49,56,60,40,23,94,15,15,23,29,29,33,40,25,52,25,27,58,81,23,81,88,48,20,92,34,17,54,6,48,92,10,25,98,48,51,81,51,29,68,98,25,89,49,56,60,48,23,92,15,15,23,44,42,54,44,Serbian SuperLeague
Radnički Kragujevac,3z0tiyynmxdyozfrpasdbpm0p,el3oddwdsic90982ksyqu1kwk,J. Živković,Jovan Zivkovic,20.0,Attacker,Austria,Striker,10.0,28.0,2.0,33.0,0.0,8.0,5.0,7.0,145.0,14.0,0.0,5.0,3.0,4.0,5.0,6.0,4.0,0.0,0.0,2.0,4.0,1.0,0.0,0.0,5.0,0.0,82.5,100.0,55.56,80.0,0.0,53.85,0.0,100.0,0.4811852310092102,0.5972026465152951,3.0,9.0,0.35200283,5.0,1.0,7.0,0.7599623,15.0,6.206896551724138,17.379310344827587,1.2413793103448276,20.48275862068965,0.0,4.965517241379311,3.103448275862069,4.344827586206897,8.689655172413794,0.0,3.103448275862069,1.862068965517241,2.4827586206896552,3.103448275862069,3.724137931034482,2.4827586206896552,0.0,0.0,1.2413793103448276,2.4827586206896552,0.6206896551724138,0.0,0.0,3.103448275862069,0.0,82.5,100.0,55.56,80.0,0.0,53.85,0.0,100.0,0.2986666951091649,0.3706775047336314,1.862068965517241,5.586206896551724,0.2184845151724137,3.103448275862069,0.6206896551724138,4.344827586206897,0.4717007379310344,9.310344827586206,ST,37,53,65,33,7,51,51,16,65,42,70,69,84,56,58,73,28,8,14,79,35,28,51,94,51,88,91,95,86,8,77,7,85,33,86,70,83,95,93,23,74,95,52,79,88,93,81,7,93,88,29,95,42,98,93,98,88,88,86,28,8,28,100,62,28,51,100,51,88,91,95,86,8,77,7,85,60,100,98,98,98,100,28,98,100,86,Serbian SuperLeague
Radnički Kragujevac,3z0tiyynmxdyozfrpasdbpm0p,ewqhckq1kzwj895im3q4w9lg5,N. Miletić,Nemanja Miletic,35.0,Defender,Serbia,Defender,11.0,28.0,2.0,36.0,3.0,0.0,0.0,5.0,90.0,0.0,0.0,3.0,0.0,0.0,0.0,0.0,7.0,0.0,0.0,1.0,0.0,1.0,2.0,0.0,3.0,0.0,78.26,33.33,27.27,0.0,0.0,0.0,0.0,100.0,0.0,0.3688148760984318,0.0,6.0,0.1238639,4.0,9.0,6.0,0.15551998,22.0,11.0,28.0,2.0,36.0,3.0,0.0,0.0,5.0,0.0,0.0,3.0,0.0,0.0,0.0,0.0,7.0,0.0,0.0,1.0,0.0,1.0,2.0,0.0,3.0,0.0,78.26,33.33,27.27,0.0,0.0,0.0,0.0,100.0,0.0,0.3688148760984318,0.0,6.0,0.1238639,4.0,9.0,6.0,0.15551998,22.0,CB,9,38,10,11,27,15,23,14,11,48,85,32,34,17,15,35,48,33,29,25,32,40,51,94,51,21,24,81,25,33,4,9,94,16,94,31,82,77,95,54,34,29,29,14,90,40,44,75,15,23,60,11,48,100,32,34,17,15,91,48,33,72,25,78,93,51,100,51,21,24,81,25,33,4,9,94,16,100,31,100,100,100,100,82,88,54,Serbian SuperLeague
Radnički Kragujevac,3z0tiyynmxdyozfrpasdbpm0p,iax337lluzn7aprfcrzm9b3e,I. Babić,Ilija Babic,24.0,Attacker,Serbia,Striker,32.0,40.0,3.0,70.0,1.0,3.0,2.0,12.0,306.0,8.0,1.0,4.0,1.0,0.0,7.0,8.0,15.0,0.0,1.0,5.0,2.0,2.0,3.0,0.0,2.0,0.0,81.4,30.0,25.0,28.57,33.33,35.29,20.0,50.0,0.2210081287742032,0.428703817828808,1.0,9.0,0.22758853,4.0,8.0,6.0,0.45238886,27.0,9.411764705882351,11.764705882352942,0.8823529411764706,20.58823529411765,0.2941176470588235,0.8823529411764706,0.5882352941176471,3.5294117647058822,2.3529411764705883,0.2941176470588235,1.1764705882352942,0.2941176470588235,0.0,2.058823529411765,2.3529411764705883,4.411764705882353,0.0,0.2941176470588235,1.4705882352941178,0.5882352941176471,0.5882352941176471,0.8823529411764706,0.0,0.5882352941176471,0.0,81.4,30.0,25.0,28.57,33.33,35.29,20.0,50.0,0.0650023908159421,0.1260893581849435,0.2941176470588235,2.647058823529412,0.0669378029411764,1.1764705882352942,2.3529411764705883,1.7647058823529411,0.1330555470588235,7.9411764705882355,ST,92,74,81,81,16,22,17,36,23,90,56,37,14,72,72,100,28,24,53,55,64,81,51,77,51,86,33,77,36,62,13,17,34,12,79,34,83,67,81,88,66,93,83,93,77,74,84,14,16,14,12,9,93,56,35,14,65,70,100,28,21,33,47,56,86,51,72,51,86,33,77,36,62,13,17,34,9,72,26,88,81,81,91,65,88,79,Serbian SuperLeague
Radnički Kragujevac,3z0tiyynmxdyozfrpasdbpm0p,jwccqs25f4zoquejjyq7m904,N. Marjanović,Nikola Marjanovic,28.0,Defender,Serbia,Defender,158.0,86.0,9.0,244.0,23.0,5.0,5.0,32.0,450.0,6.0,0.0,4.0,0.0,1.0,1.0,1.0,33.0,0.0,1.0,5.0,1.0,2.0,10.0,0.0,0.0,0.0,84.72,39.13,0.0,100.0,20.0,53.33,60.53,66.67,0.6867974100129468,0.1996497184443061,1.0,11.0,0.22799034,7.0,18.0,21.0,0.4167249499999997,133.0,31.6,17.2,1.8,48.8,4.6,1.0,1.0,6.4,1.2,0.0,0.8,0.0,0.2,0.2,0.2,6.6,0.0,0.2,1.0,0.2,0.4,2.0,0.0,0.0,0.0,84.72,39.13,0.0,100.0,20.0,53.33,60.53,66.67,0.1373594820025893,0.0399299436888612,0.2,2.2,0.045598068,1.4,3.6,4.2,0.0833449899999999,26.6,CB,91,88,59,94,100,98,98,98,91,48,91,32,80,53,51,90,48,81,78,67,50,100,51,38,51,56,42,38,84,67,42,60,67,98,79,76,99,98,100,80,85,73,81,73,69,29,69,96,90,92,90,75,48,81,32,71,41,39,81,48,71,72,56,31,93,51,38,51,56,42,38,84,67,42,60,67,92,71,66,92,92,94,69,67,50,67,Serbian SuperLeague
Radnički Kragujevac,3z0tiyynmxdyozfrpasdbpm0p,ljyd3iwjdqq10b8zd1ex591w,V. Tomić,Vanja Tomic,21.0,Midfielder,Serbia,Midfielder,18.0,31.0,4.0,49.0,4.0,0.0,0.0,9.0,146.0,1.0,0.0,0.0,0.0,0.0,1.0,1.0,2.0,0.0,0.0,0.0,1.0,1.0,3.0,0.0,0.0,0.0,83.05,57.14,0.0,100.0,0.0,64.29,80.0,25.0,0.0,0.0,0.0,0.0,0.0,0.0,0.0,0.0,0.0,0.0,11.095890410958903,19.10958904109589,2.4657534246575343,30.2054794520548,2.4657534246575343,0.0,0.0,5.547945205479452,0.6164383561643836,0.0,0.0,0.0,0.0,0.6164383561643836,0.6164383561643836,1.2328767123287672,0.0,0.0,0.0,0.6164383561643836,0.6164383561643836,1.8493150684931507,0.0,0.0,0.0,83.05,57.14,0.0,100.0,0.0,64.29,80.0,25.0,0.0,0.0,0.0,0.0,0.0,0.0,0.0,0.0,0.0,0.0,DM/CM,8,33,27,23,58,12,25,17,38,44,13,13,29,17,17,25,42,25,6,35,8,48,52,27,52,77,56,27,96,25,77,90,4,12,13,13,10,10,17,8,10,8,8,31,69,54,54,88,12,25,62,50,44,13,13,29,38,38,35,42,25,6,54,12,88,52,27,52,77,56,27,96,25,77,90,4,12,13,13,10,10,17,8,10,8,8,Serbian SuperLeague
Radnički Niš,7p4uh0u9hdw8yf80y786lh1sa,1hdf5mit5sn8g9vguj2grq3u1,M. Spasić,Milos Spasic,29.0,Attacker,Serbia,Striker,12.0,27.0,2.0,39.0,10.0,5.0,3.0,19.0,287.0,8.0,1.0,5.0,2.0,2.0,3.0,3.0,1.0,0.0,0.0,2.0,3.0,3.0,2.0,0.0,0.0,0.0,75.0,100.0,0.0,100.0,0.0,47.5,45.45,75.0,0.3996118415573565,0.2846339832432174,2.0,3.0,0.08768049,1.0,7.0,5.0,0.1569305,18.0,3.763066202090592,8.466898954703833,0.627177700348432,12.229965156794425,3.1358885017421603,1.56794425087108,0.940766550522648,5.958188153310104,2.508710801393728,0.313588850174216,1.56794425087108,0.627177700348432,0.627177700348432,0.940766550522648,0.940766550522648,0.313588850174216,0.0,0.0,0.627177700348432,0.940766550522648,0.940766550522648,0.627177700348432,0.0,0.0,0.0,75.0,100.0,0.0,100.0,0.0,47.5,45.45,75.0,0.1253138179099724,0.0892580435257476,0.627177700348432,0.940766550522648,0.0274956240418118,0.313588850174216,2.195121951219512,1.56794425087108,0.0492116550522648,5.644599303135888,ST,48,47,65,44,81,30,29,63,23,90,70,55,53,41,41,33,28,8,14,70,83,70,51,33,51,63,91,33,94,8,56,63,58,28,56,53,41,42,36,85,57,51,60,30,44,63,40,72,28,26,65,12,95,67,56,51,35,35,26,28,8,9,65,77,67,51,33,51,63,91,33,94,8,56,63,58,23,56,53,30,30,28,88,58,49,53,Serbian SuperLeague
Radnički Niš,7p4uh0u9hdw8yf80y786lh1sa,24t5tc4udc408spgvown23wno,L. Izderić,Luka Izderic,20.0,Midfielder,Austria,Midfielder,24.0,71.0,6.0,95.0,5.0,4.0,4.0,18.0,383.0,17.0,0.0,3.0,0.0,1.0,5.0,6.0,3.0,1.0,3.0,7.0,1.0,3.0,2.0,0.0,0.0,0.0,82.61,66.67,0.0,20.0,75.0,43.9,38.46,60.0,0.3302513797328008,0.1918356921185996,1.0,11.0,0.29774525,4.0,7.0,12.0,0.2378949,39.0,5.639686684073107,16.68407310704961,1.4099216710182767,22.323759791122715,1.174934725848564,0.9399477806788512,0.9399477806788512,4.229765013054831,3.9947780678851177,0.0,0.7049608355091384,0.0,0.2349869451697128,1.174934725848564,1.4099216710182767,0.7049608355091384,0.2349869451697128,0.7049608355091384,1.6449086161879896,0.2349869451697128,0.7049608355091384,0.4699738903394256,0.0,0.0,0.0,82.61,66.67,0.0,20.0,75.0,43.9,38.46,60.0,0.0776047628614936,0.0450788832654672,0.2349869451697128,2.5848563968668405,0.0699662467362924,0.9399477806788512,1.6449086161879896,2.8198433420365534,0.0559021958224543,9.164490861618798,CM/AM,41,64,55,54,82,36,75,75,89,34,21,4,39,61,66,75,73,71,75,36,64,54,52,20,50,61,59,20,27,95,43,62,46,39,18,25,80,89,70,39,61,21,50,21,36,46,32,75,18,61,57,82,34,21,4,29,43,50,64,61,50,57,29,46,43,52,20,50,61,59,20,27,95,43,62,46,21,14,18,57,61,64,29,39,11,21,Serbian SuperLeague
Radnički Niš,7p4uh0u9hdw8yf80y786lh1sa,2hb3pg41kkgklmwy461s3el90,Đ. Petrović,Đorđe Petrović,20.0,Defender,Serbia,Defender,15.0,19.0,4.0,34.0,2.0,0.0,0.0,6.0,167.0,2.0,1.0,2.0,0.0,0.0,0.0,0.0,2.0,0.0,0.0,1.0,0.0,1.0,1.0,0.0,0.0,0.0,75.56,50.0,0.0,0.0,0.0,33.33,40.0,33.33,0.0,0.163389994296244,0.0,5.0,0.12475737,1.0,2.0,3.0,0.13112042,15.0,8.08383233532934,10.239520958083832,2.155688622754491,18.323353293413174,1.0778443113772456,0.0,0.0,3.2335329341317363,1.0778443113772456,0.5389221556886228,1.0778443113772456,0.0,0.0,0.0,0.0,1.0778443113772456,0.0,0.0,0.5389221556886228,0.0,0.5389221556886228,0.5389221556886228,0.0,0.0,0.0,75.56,50.0,0.0,0.0,0.0,33.33,40.0,33.33,0.0,0.0880544879440835,0.0,2.694610778443113,0.0672345107784431,0.5389221556886228,1.0778443113772456,1.616766467065868,0.0706636994011976,8.08383233532934,RB/RCB,21,21,32,25,32,18,36,21,46,89,39,29,32,7,7,11,54,43,21,25,21,18,54,18,54,43,71,18,25,43,14,50,18,21,43,29,71,71,29,29,29,21,21,36,29,57,21,43,18,36,21,64,100,79,29,32,7,7,7,54,43,21,25,36,14,54,18,54,43,71,18,25,43,14,50,18,21,64,29,93,93,64,29,29,36,21,Serbian SuperLeague
Radnički Niš,7p4uh0u9hdw8yf80y786lh1sa,2sg4ja3von72na7oc2jhklnje,A. Vidović,Aleksandar Vidović,25.0,Defender,Serbia,Defender,13.0,24.0,1.0,36.0,2.0,0.0,0.0,5.0,133.0,0.0,0.0,1.0,0.0,0.0,0.0,0.0,3.0,0.0,0.0,2.0,0.0,1.0,0.0,0.0,1.0,0.0,80.0,100.0,16.67,0.0,0.0,62.5,0.0,100.0,0.0,0.0423900980158429,0.0,4.0,0.09866884,3.0,3.0,2.0,0.10259075,19.0,8.796992481203008,16.240601503759397,0.6766917293233082,24.360902255639097,1.3533834586466165,0.0,0.0,3.3834586466165413,0.0,0.0,0.6766917293233082,0.0,0.0,0.0,0.0,2.0300751879699246,0.0,0.0,1.3533834586466165,0.0,0.6766917293233082,0.0,0.0,0.6766917293233082,0.0,80.0,100.0,16.67,0.0,0.0,62.5,0.0,100.0,0.0,0.0286850287325252,0.0,2.706766917293233,0.0667683879699248,2.0300751879699246,2.0300751879699246,1.3533834586466165,0.0694223120300751,12.857142857142856,LB/LCB,6,12,6,12,28,12,19,6,9,44,28,25,34,12,9,12,44,31,28,19,12,9,53,41,53,75,100,44,19,31,75,16,94,12,25,25,50,44,88,22,12,12,12,25,69,12,31,44,12,19,12,9,44,50,25,34,12,9,25,44,31,62,19,25,9,53,81,53,75,100,44,19,31,75,16,94,12,25,25,100,88,100,31,25,38,50,Serbian SuperLeague
Radnički Niš,7p4uh0u9hdw8yf80y786lh1sa,37zmr7fi9ri66vro3b3dslhx,I. Ivanović,Igor Ivanovic,29.0,Attacker,Serbia,Striker,21.0,51.0,7.0,69.0,4.0,4.0,1.0,15.0,260.0,8.0,0.0,6.0,3.0,0.0,10.0,11.0,1.0,0.0,3.0,5.0,6.0,0.0,0.0,0.0,3.0,0.0,79.31,77.78,30.0,60.0,75.0,46.88,44.44,0.0,0.2616104904721332,0.4922898380560112,3.0,12.0,0.33722686,5.0,9.0,15.0,0.7793809300000001,29.0,7.269230769230769,17.653846153846153,2.423076923076923,23.884615384615383,1.3846153846153846,1.3846153846153846,0.3461538461538461,5.1923076923076925,2.769230769230769,0.0,2.076923076923077,1.0384615384615383,0.0,3.4615384615384617,3.807692307692308,0.3461538461538461,0.0,1.0384615384615383,1.7307692307692308,2.076923076923077,0.0,0.0,0.0,1.0384615384615383,0.0,79.31,77.78,30.0,60.0,75.0,46.88,44.44,0.0,0.090557477471123,0.1704080208655423,1.0384615384615383,4.153846153846154,0.1167323746153846,1.7307692307692308,3.1153846153846154,5.1923076923076925,0.2697857065384615,10.038461538461538,RW,86,93,100,89,89,36,21,71,36,39,71,68,18,79,79,54,36,75,89,86,18,18,54,93,54,64,86,93,68,100,71,93,18,29,71,50,86,79,96,96,100,93,86,86,86,86,86,93,21,14,71,36,39,79,64,18,79,79,57,36,79,79,86,18,18,54,86,54,64,86,93,68,100,71,93,18,14,50,50,86,79,86,100,93,100,79,Serbian SuperLeague
Radnički Niš,7p4uh0u9hdw8yf80y786lh1sa,3js0c8h0w4wdwhfpz6ch0jpx,U. Vitas,Uros Vitas,34.0,Defender,Serbia,Defender,128.0,78.0,16.0,206.0,18.0,4.0,4.0,20.0,329.0,6.0,0.0,0.0,0.0,1.0,1.0,1.0,18.0,0.0,0.0,0.0,0.0,0.0,3.0,0.0,0.0,0.0,84.77,50.0,0.0,0.0,0.0,60.61,66.67,0.0,0.5569898150062882,0.0,1.0,5.0,0.1099367,4.0,14.0,14.0,0.3466806999999999,131.0,35.015197568389056,21.337386018237083,4.376899696048632,56.35258358662614,4.924012158054712,1.094224924012158,1.094224924012158,5.471124620060791,1.6413373860182372,0.0,0.0,0.0,0.2735562310030395,0.2735562310030395,0.2735562310030395,4.924012158054712,0.0,0.0,0.0,0.0,0.0,0.8206686930091186,0.0,0.0,0.0,84.77,50.0,0.0,0.0,0.0,60.61,66.67,0.0,0.1523680345002004,0.0,0.2735562310030395,1.3677811550151977,0.0300738693009118,1.094224924012158,3.8297872340425534,3.8297872340425534,0.0948366656534954,35.83586626139818,CB,79,81,83,79,94,94,95,65,91,48,20,32,80,53,51,67,48,33,10,25,11,54,51,38,51,58,68,38,25,33,65,75,11,96,23,76,77,71,95,74,65,62,77,77,75,90,81,98,92,94,73,85,48,20,32,85,50,48,60,48,33,10,25,11,46,51,38,51,58,68,38,25,33,65,75,11,94,23,83,81,79,92,71,62,58,88,Serbian SuperLeague
Radnički Niš,7p4uh0u9hdw8yf80y786lh1sa,47z2phkn1i9z8p32zqlu53j6x,I. Abass,Issah Abass,27.0,Attacker,Ghana,Striker,35.0,93.0,13.0,124.0,2.0,10.0,5.0,25.0,405.0,31.0,0.0,12.0,5.0,0.0,12.0,14.0,3.0,1.0,5.0,13.0,4.0,4.0,5.0,0.0,4.0,0.0,74.25,59.09,20.0,33.33,50.0,45.45,40.0,66.67,1.119297907481679,1.168967561957931,4.0,20.0,0.61448148,7.0,16.0,28.0,1.4730181300000005,61.0,7.777777777777778,20.666666666666668,2.888888888888889,27.55555555555556,0.4444444444444444,2.2222222222222223,1.1111111111111112,5.555555555555555,6.888888888888889,0.0,2.6666666666666665,1.1111111111111112,0.0,2.6666666666666665,3.111111111111111,0.6666666666666666,0.2222222222222222,1.1111111111111112,2.888888888888889,0.8888888888888888,0.8888888888888888,1.1111111111111112,0.0,0.8888888888888888,0.0,74.25,59.09,20.0,33.33,50.0,45.45,40.0,66.67,0.2487328683292619,0.2597705693239847,0.8888888888888888,4.444444444444445,0.13655144,1.5555555555555556,3.555555555555556,6.222222222222222,0.3273373622222223,13.555555555555555,LW,88,100,100,100,56,75,75,69,88,38,88,75,25,75,75,44,75,88,100,50,62,94,56,81,56,62,88,38,44,94,50,75,44,88,88,69,94,88,88,100,100,100,100,75,75,100,75,62,62,50,75,100,38,88,62,25,50,75,38,75,75,100,50,50,100,56,75,56,62,88,38,44,94,50,75,44,75,88,50,75,75,75,88,88,100,75,Serbian SuperLeague
Radnički Niš,7p4uh0u9hdw8yf80y786lh1sa,5lswof3sckkq17ox3naxfvrze,K. Osei,Kwaku Osei,26.0,Attacker,Ghana,Striker,7.0,38.0,0.0,45.0,0.0,6.0,4.0,3.0,127.0,10.0,0.0,6.0,2.0,3.0,3.0,3.0,1.0,0.0,2.0,3.0,0.0,0.0,0.0,0.0,0.0,0.0,93.75,0.0,0.0,0.0,33.33,33.33,0.0,0.0,0.5702545547362451,0.2935939202465021,2.0,12.0,0.34428727,4.0,3.0,4.0,0.13293053,19.0,4.960629921259843,26.929133858267715,0.0,31.88976377952756,0.0,4.251968503937007,2.8346456692913384,2.125984251968504,7.086614173228346,0.0,4.251968503937007,1.4173228346456692,2.125984251968504,2.125984251968504,2.125984251968504,0.7086614173228346,0.0,1.4173228346456692,2.125984251968504,0.0,0.0,0.0,0.0,0.0,0.0,93.75,0.0,0.0,0.0,33.33,33.33,0.0,0.0,0.4041174009941894,0.2080586836392534,1.4173228346456692,8.503937007874015,0.2439831047244094,2.8346456692913384,2.125984251968504,2.8346456692913384,0.0942027377952755,13.464566929133856,ST,23,70,13,58,7,37,38,3,40,42,81,55,71,41,41,33,28,45,28,17,10,28,51,33,51,100,13,33,17,62,9,7,10,42,58,53,97,93,81,53,50,42,65,60,100,13,100,7,88,78,5,91,42,100,84,95,70,60,53,28,86,60,17,10,28,51,33,51,100,13,33,17,62,9,7,10,81,91,93,100,100,98,86,86,79,98,Serbian SuperLeague
Radnički Niš,7p4uh0u9hdw8yf80y786lh1sa,5sobeblelb6fl7aafw833iwwk,N. Zečević,Nikola Zecevic,22.0,Defender,Serbia,Defender,94.0,50.0,14.0,144.0,9.0,1.0,1.0,15.0,270.0,1.0,0.0,0.0,0.0,0.0,0.0,0.0,13.0,0.0,0.0,0.0,0.0,3.0,5.0,0.0,0.0,0.0,83.72,48.28,0.0,0.0,0.0,50.0,60.0,50.0,0.1081329907659476,0.0,0.0,1.0,0.01935132,2.0,13.0,15.0,0.2900770699999999,88.0,31.33333333333333,16.666666666666668,4.666666666666667,48.0,3.0,0.3333333333333333,0.3333333333333333,5.0,0.3333333333333333,0.0,0.0,0.0,0.0,0.0,0.0,4.333333333333333,0.0,0.0,0.0,0.0,1.0,1.6666666666666667,0.0,0.0,0.0,83.72,48.28,0.0,0.0,0.0,50.0,60.0,50.0,0.0360443302553158,0.0,0.0,0.3333333333333333,0.00645044,0.6666666666666666,4.333333333333333,5.0,0.0966923566666666,29.33333333333333,CB,54,58,80,60,66,41,57,50,31,48,20,32,34,17,15,49,48,33,10,25,67,72,51,38,51,46,58,38,25,33,35,56,44,46,23,31,33,30,70,69,72,52,58,71,62,94,67,75,38,61,60,30,48,20,32,34,17,15,55,48,33,10,25,78,85,51,38,51,46,58,38,25,33,35,56,44,50,23,31,31,32,80,75,78,65,75,Serbian SuperLeague
Radnički Niš,7p4uh0u9hdw8yf80y786lh1sa,5t6orbh2x1qgn87z8oygao79x,M. Mijailović,Marko Mijailovic,29.0,Defender,Serbia,Defender,23.0,58.0,6.0,78.0,7.0,3.0,0.0,15.0,264.0,5.0,0.0,3.0,3.0,1.0,6.0,6.0,6.0,0.0,0.0,3.0,2.0,1.0,4.0,0.0,3.0,0.0,79.59,40.0,15.79,33.33,0.0,53.57,63.64,33.33,0.182623536225887,0.2668359594790158,2.0,8.0,0.22296833,5.0,9.0,13.0,0.60956365,36.0,7.840909090909092,19.77272727272728,2.0454545454545454,26.590909090909093,2.3863636363636367,1.0227272727272727,0.0,5.113636363636364,1.7045454545454546,0.0,1.0227272727272727,1.0227272727272727,0.3409090909090909,2.0454545454545454,2.0454545454545454,2.0454545454545454,0.0,0.0,1.0227272727272727,0.6818181818181819,0.3409090909090909,1.3636363636363638,0.0,1.0227272727272727,0.0,79.59,40.0,15.79,33.33,0.0,53.57,63.64,33.33,0.0622580237133705,0.0909668043678463,0.6818181818181819,2.7272727272727275,0.0760119306818181,1.7045454545454546,3.0681818181818183,4.431818181818183,0.2078057897727273,12.272727272727272,RB/RCB,39,64,50,50,79,86,36,57,89,39,64,96,82,86,86,43,54,43,54,68,21,50,54,71,54,64,36,43,57,43,86,86,18,71,79,82,100,100,96,43,50,71,50,29,79,50,50,100,100,36,79,93,39,71,100,93,86,86,36,54,43,79,71,21,64,54,71,54,64,36,43,57,43,86,86,18,79,71,93,100,100,100,57,71,71,50,Serbian SuperLeague
Radnički Niš,7p4uh0u9hdw8yf80y786lh1sa,9ydh38nidc9xud39g65y3mlpm,R. Jokić,Ranko Jokic,27.0,Defender,Serbia,Defender,131.0,94.0,20.0,223.0,12.0,4.0,4.0,16.0,301.0,4.0,0.0,1.0,0.0,2.0,0.0,0.0,13.0,0.0,1.0,3.0,0.0,0.0,2.0,0.0,2.0,0.0,84.79,38.46,100.0,0.0,25.0,64.0,80.0,0.0,0.4071086221033213,0.0,0.0,4.0,0.07395245,3.0,26.0,31.0,0.6156041299999999,146.0,39.16943521594684,28.106312292358805,5.980066445182724,66.67774086378738,3.5880398671096345,1.196013289036545,1.196013289036545,4.78405315614618,1.196013289036545,0.0,0.2990033222591362,0.0,0.5980066445182725,0.0,0.0,3.88704318936877,0.0,0.2990033222591362,0.8970099667774086,0.0,0.0,0.5980066445182725,0.0,0.5980066445182725,0.0,84.79,38.46,100.0,0.0,25.0,64.0,80.0,0.0,0.1217268305292322,0.0,0.0,1.196013289036545,0.0221120282392026,0.8970099667774086,7.774086378737541,9.269102990033222,0.1840676800664451,43.65448504983389,CB,81,92,94,83,76,94,95,54,67,48,52,32,97,17,15,49,48,81,64,25,11,40,51,86,51,60,35,98,25,70,75,94,11,85,23,31,68,60,86,97,97,88,83,83,92,98,88,92,94,96,54,73,48,50,32,98,17,15,48,48,88,62,25,11,35,51,90,51,60,35,98,25,70,75,94,11,90,23,31,75,62,90,96,98,92,94,Serbian SuperLeague
Radnički Niš,7p4uh0u9hdw8yf80y786lh1sa,e39ptybywas170812d3g1fz6x,B. Kovačević,Bojan Kovacevic,30.0,Defender,Serbia,Defender,45.0,59.0,9.0,101.0,2.0,2.0,2.0,17.0,270.0,7.0,0.0,1.0,0.0,0.0,4.0,5.0,12.0,0.0,0.0,3.0,3.0,5.0,1.0,0.0,3.0,0.0,79.53,37.5,27.27,75.0,0.0,73.91,0.0,55.56,0.1626456299067022,0.154009993475908,0.0,4.0,0.0899741699999999,2.0,15.0,16.0,0.5849133700000001,53.0,15.0,19.666666666666668,3.0,33.666666666666664,0.6666666666666666,0.6666666666666666,0.6666666666666666,5.666666666666667,2.333333333333333,0.0,0.3333333333333333,0.0,0.0,1.3333333333333333,1.6666666666666667,4.0,0.0,0.0,1.0,1.0,1.6666666666666667,0.3333333333333333,0.0,1.0,0.0,79.53,37.5,27.27,75.0,0.0,73.91,0.0,55.56,0.0542152099689007,0.0513366644919693,0.0,1.3333333333333333,0.0299913899999999,0.6666666666666666,5.0,5.333333333333333,0.1949711233333333,17.666666666666668,LB/LCB,56,69,59,69,28,50,75,56,88,44,28,25,34,62,72,56,44,31,44,81,72,19,53,84,53,69,38,75,91,31,100,16,34,50,44,25,50,38,53,81,72,81,69,56,88,75,75,25,66,88,81,94,44,25,25,34,56,75,81,44,31,53,88,88,19,53,88,53,69,38,75,91,31,100,16,34,56,56,25,44,50,62,94,94,94,81,Serbian SuperLeague
Radnički Niš,7p4uh0u9hdw8yf80y786lh1sa,estgv50nlkreqwjhfftmmml4a,I. Mustapha,Ibrahim Mustapha,26.0,Attacker,Ghana,Striker,13.0,30.0,1.0,42.0,3.0,2.0,2.0,11.0,149.0,6.0,0.0,5.0,0.0,1.0,4.0,4.0,2.0,0.0,0.0,4.0,3.0,1.0,2.0,0.0,1.0,0.0,89.36,50.0,100.0,75.0,0.0,57.89,33.33,100.0,0.2285722769537741,0.3578580102894922,0.0,4.0,0.11834025,2.0,1.0,4.0,0.18232142,12.0,7.852348993288591,18.12080536912752,0.6040268456375839,25.369127516778526,1.812080536912752,1.2080536912751678,1.2080536912751678,6.644295302013424,3.624161073825504,0.0,3.02013422818792,0.0,0.6040268456375839,2.416107382550336,2.416107382550336,1.2080536912751678,0.0,0.0,2.416107382550336,1.812080536912752,0.6040268456375839,1.2080536912751678,0.0,0.6040268456375839,0.0,89.36,50.0,100.0,75.0,0.0,57.89,33.33,100.0,0.1380637914485884,0.216155845141304,0.0,2.416107382550336,0.071480687919463,1.2080536912751678,0.6040268456375839,2.416107382550336,0.1101270322147651,7.248322147651007,ST,51,59,40,51,36,14,17,33,13,42,70,15,35,49,48,50,28,8,41,70,35,70,51,67,51,98,60,99,84,8,88,31,85,14,70,13,50,53,51,23,50,58,37,86,93,58,91,58,19,33,72,33,42,95,15,49,81,74,72,28,8,70,95,58,91,51,77,51,98,60,99,84,8,88,31,85,26,95,13,86,84,84,26,79,84,77,Serbian SuperLeague
Radnički Niš,7p4uh0u9hdw8yf80y786lh1sa,sqef6515cb5pj5n59xu3in6x,F. Kanouté,Franck Kanouté,27.0,Midfielder,Senegal,Midfielder,73.0,116.0,29.0,188.0,3.0,14.0,0.0,24.0,409.0,1.0,0.0,3.0,14.0,3.0,9.0,9.0,10.0,0.0,5.0,10.0,6.0,4.0,6.0,0.0,1.0,0.0,83.19,70.73,50.0,66.67,35.71,55.81,50.0,80.0,0.6874356038244361,0.1769948900836677,7.0,8.0,0.15498956,2.0,30.0,29.0,0.6243771799999999,108.0,16.06356968215159,25.525672371638144,6.381418092909536,41.36919315403423,0.6601466992665037,3.0806845965770173,0.0,5.28117359413203,0.2200488997555012,0.0,0.6601466992665037,3.0806845965770173,0.6601466992665037,1.9804400977995111,1.9804400977995111,2.2004889975550124,0.0,1.1002444987775062,2.2004889975550124,1.3202933985330074,0.880195599022005,1.3202933985330074,0.0,0.2200488997555012,0.0,83.19,70.73,50.0,66.67,35.71,55.81,50.0,80.0,0.1512694482743258,0.0389475308252569,1.5403422982885089,1.76039119804401,0.0341052821515892,0.4400977995110025,6.601466992665037,6.381418092909536,0.1373935114914425,23.765281173594133,DM/CM,65,92,98,88,37,100,25,71,38,44,62,100,96,90,90,83,42,98,90,92,42,81,52,62,52,81,85,87,77,73,54,37,79,92,54,98,75,65,71,100,100,85,92,58,92,96,81,23,100,25,50,35,44,50,100,92,85,85,85,42,100,88,92,23,69,52,54,52,81,85,87,77,73,54,37,79,88,46,100,65,58,69,88,96,77,85,Serbian SuperLeague
Radnički Niš,7p4uh0u9hdw8yf80y786lh1sa,yxriuh8decr39mzegj2tiitx,R. Milosavljević,Radomir Milosavljevic,34.0,Midfielder,Serbia,Midfielder,52.0,118.0,8.0,168.0,13.0,7.0,4.0,33.0,431.0,15.0,0.0,7.0,3.0,1.0,9.0,9.0,10.0,0.0,1.0,4.0,6.0,5.0,3.0,0.0,2.0,0.0,81.55,42.11,25.0,66.67,14.29,51.56,61.9,50.0,0.5729930999598715,0.6325933997901861,1.0,14.0,0.32711424,2.0,20.0,26.0,0.9844009899999996,107.0,10.8584686774942,24.640371229698378,1.6705336426914157,35.08120649651972,2.71461716937355,1.4617169373549883,0.8352668213457077,6.890951276102088,3.132250580046404,0.0,1.4617169373549883,0.6264501160092808,0.2088167053364269,1.8793503480278424,1.8793503480278424,2.0881670533642693,0.0,0.2088167053364269,0.8352668213457077,1.2529002320185616,1.0440835266821349,0.6264501160092808,0.0,0.4176334106728538,0.0,81.55,42.11,25.0,66.67,14.29,51.56,61.9,50.0,0.1196505313141263,0.1320960695617558,0.2088167053364269,2.923433874709977,0.0683069178654292,0.4176334106728538,4.176334106728539,5.4292343387471,0.2055593714617168,22.34338747099768,DM/CM,46,96,42,81,94,90,96,92,100,44,96,71,69,90,90,83,42,60,58,92,65,48,52,77,52,58,23,58,77,50,31,58,21,88,92,35,96,96,71,73,88,96,88,19,88,31,69,96,77,92,81,100,44,85,50,69,77,77,81,42,54,31,88,38,35,52,77,52,58,23,58,77,50,31,58,21,81,88,31,92,96,62,69,85,96,81,Serbian SuperLeague
Vojvodina,5dogxolrtabaz69epd35liubg,28i8olljbhsvtwfqsv7gb0ay2,I. Đakovac,Ifet Djakovac,28.0,Midfielder,Bosnia and Herzegovina,Midfielder,27.0,52.0,4.0,78.0,2.0,3.0,0.0,12.0,265.0,4.0,0.0,5.0,3.0,1.0,4.0,4.0,0.0,0.0,0.0,4.0,1.0,4.0,3.0,0.0,1.0,0.0,83.87,57.14,33.33,25.0,0.0,54.55,0.0,80.0,0.2187743639766771,0.5599478387374139,2.0,3.0,0.07137789,1.0,11.0,12.0,0.55911795,47.0,9.169811320754716,17.660377358490564,1.3584905660377358,26.49056603773585,0.6792452830188679,1.018867924528302,0.0,4.075471698113208,1.3584905660377358,0.0,1.6981132075471697,1.018867924528302,0.3396226415094339,1.3584905660377358,1.3584905660377358,0.0,0.0,0.0,1.3584905660377358,0.3396226415094339,1.3584905660377358,1.018867924528302,0.0,0.3396226415094339,0.0,83.87,57.14,33.33,25.0,0.0,54.55,0.0,80.0,0.0743007273883054,0.190170964099499,0.6792452830188679,1.018867924528302,0.0242415475471698,0.3396226415094339,3.735849056603773,4.075471698113208,0.1898891150943396,15.962264150943396,CM/AM,52,52,43,50,55,23,9,45,30,34,45,54,39,46,43,18,29,11,45,36,77,71,52,52,50,75,36,71,36,11,71,11,73,21,64,48,23,18,29,64,61,75,54,50,54,39,43,57,21,9,50,21,34,39,46,32,57,46,18,29,11,46,38,82,79,52,52,50,75,36,71,36,11,71,11,73,18,61,46,18,18,25,64,61,71,71,Serbian SuperLeague
Vojvodina,5dogxolrtabaz69epd35liubg,2oyvofr6ygb7h7fjxp71m3js9,N. Petrović,Njegos Petrovic,27.0,Midfielder,Serbia,Midfielder,90.0,109.0,15.0,193.0,4.0,4.0,1.0,22.0,485.0,4.0,1.0,5.0,3.0,1.0,5.0,5.0,8.0,0.0,1.0,6.0,1.0,6.0,6.0,0.0,6.0,0.0,82.83,65.22,30.0,20.0,25.0,40.74,26.67,54.55,0.2488474890922347,0.4779340973507947,2.0,9.0,0.22338166,2.0,26.0,17.0,0.4208491399999997,97.0,16.70103092783505,20.22680412371134,2.783505154639175,35.81443298969072,0.7422680412371133,0.7422680412371133,0.1855670103092783,4.082474226804123,0.7422680412371133,0.1855670103092783,0.9278350515463916,0.556701030927835,0.1855670103092783,0.9278350515463916,0.9278350515463916,1.4845360824742266,0.0,0.1855670103092783,1.11340206185567,0.1855670103092783,1.11340206185567,1.11340206185567,0.0,1.11340206185567,0.0,82.83,65.22,30.0,20.0,25.0,40.74,26.67,54.55,0.0461778845738167,0.0886888015702505,0.3711340206185566,1.670103092783505,0.0414522668041237,0.3711340206185566,4.824742268041237,3.154639175257732,0.0780957167010308,18.0,DM/CM,85,88,85,92,58,69,65,62,65,92,85,71,69,63,63,75,42,60,73,35,81,81,52,96,52,73,77,62,23,56,15,8,31,65,88,60,81,88,71,92,67,65,85,62,77,58,77,27,46,50,19,54,88,58,46,58,46,46,50,42,50,50,27,46,54,52,92,52,73,77,62,23,56,15,8,31,54,85,42,58,73,50,81,38,50,69,Serbian SuperLeague
Vojvodina,5dogxolrtabaz69epd35liubg,43qb2jqa5nnuwh1dt2fxjmzmd,A. Vukanović,Aleksa Vukanovic,34.0,Attacker,Serbia,Striker,5.0,12.0,1.0,17.0,3.0,6.0,6.0,10.0,178.0,8.0,0.0,2.0,0.0,0.0,1.0,1.0,1.0,0.0,2.0,5.0,1.0,1.0,0.0,0.0,0.0,0.0,56.67,100.0,0.0,100.0,33.33,47.62,42.86,100.0,0.6739504516728598,0.1639568546077348,1.0,0.0,0.0,0.0,2.0,2.0,0.0857180599999999,8.0,2.528089887640449,6.067415730337078,0.5056179775280899,8.595505617977528,1.5168539325842696,3.033707865168539,3.033707865168539,5.056179775280898,4.044943820224719,0.0,1.0112359550561798,0.0,0.0,0.5056179775280899,0.5056179775280899,0.5056179775280899,0.0,1.0112359550561798,2.528089887640449,0.5056179775280899,0.5056179775280899,0.0,0.0,0.0,0.0,56.67,100.0,0.0,100.0,33.33,47.62,42.86,100.0,0.3407614643289741,0.0828995332286299,0.5056179775280899,0.0,0.0,0.0,1.0112359550561798,1.0112359550561798,0.0433405921348314,4.044943820224719,ST,14,17,40,16,36,37,62,29,23,42,29,15,14,14,14,33,28,45,53,40,35,28,51,33,51,5,91,33,94,62,58,50,85,49,35,34,8,8,14,40,31,35,21,12,16,47,7,53,63,86,42,49,42,42,15,14,9,9,40,28,67,72,40,49,28,51,33,51,5,91,33,94,62,58,50,85,72,49,40,8,8,14,53,40,40,40,Serbian SuperLeague
Vojvodina,5dogxolrtabaz69epd35liubg,4gy8q8xmnng9q6bl98o6qyxyi,K. Szűcs,Kornél Szucs,24.0,Defender,Hungary,Defender,158.0,74.0,13.0,232.0,17.0,4.0,3.0,28.0,540.0,4.0,0.0,1.0,1.0,2.0,1.0,1.0,19.0,0.0,1.0,2.0,1.0,5.0,6.0,0.0,0.0,0.0,87.88,52.0,0.0,100.0,25.0,59.57,58.62,62.5,0.4229360330641823,0.0,0.0,2.0,0.03870264,0.0,14.0,19.0,0.4055791299999997,165.0,26.33333333333333,12.333333333333334,2.1666666666666665,38.66666666666666,2.833333333333333,0.6666666666666666,0.5,4.666666666666667,0.6666666666666666,0.0,0.1666666666666666,0.1666666666666666,0.3333333333333333,0.1666666666666666,0.1666666666666666,3.1666666666666665,0.0,0.1666666666666666,0.3333333333333333,0.1666666666666666,0.8333333333333334,1.0,0.0,0.0,0.0,87.88,52.0,0.0,100.0,25.0,59.57,58.62,62.5,0.0704893388440303,0.0,0.0,0.3333333333333333,0.00645044,0.0,2.333333333333333,3.1666666666666665,0.0675965216666666,27.5,CB,91,79,76,88,92,94,88,94,67,48,52,77,97,53,51,69,48,81,49,67,88,79,51,38,51,73,75,38,84,70,54,52,60,92,23,31,46,46,23,74,82,69,98,52,48,50,48,69,72,75,50,50,48,42,66,89,35,32,33,48,68,27,52,69,57,51,38,51,73,75,38,84,70,54,52,60,75,23,31,31,32,23,51,54,38,73,Serbian SuperLeague
Vojvodina,5dogxolrtabaz69epd35liubg,5b7l72meswx74s6m97wd95jvt,L. Ranđelović,Lazar Randjelovic,29.0,Midfielder,Serbia,Midfielder,44.0,87.0,7.0,128.0,3.0,15.0,12.0,19.0,459.0,38.0,4.0,11.0,3.0,4.0,18.0,19.0,0.0,2.0,5.0,6.0,7.0,1.0,3.0,0.0,3.0,0.0,81.53,70.0,16.67,38.89,33.33,38.0,37.5,33.33,2.0748131204463496,1.070090724332076,6.0,18.0,0.60304087,3.0,8.0,11.0,1.20413544,51.0,8.627450980392158,17.058823529411764,1.3725490196078431,25.09803921568628,0.5882352941176471,2.9411764705882355,2.3529411764705883,3.725490196078432,7.450980392156863,0.7843137254901962,2.1568627450980395,0.5882352941176471,0.7843137254901962,3.5294117647058827,3.725490196078432,0.0,0.3921568627450981,0.9803921568627452,1.1764705882352942,1.3725490196078431,0.196078431372549,0.5882352941176471,0.0,0.5882352941176471,0.0,81.53,70.0,16.67,38.89,33.33,38.0,37.5,33.33,0.4068261020483039,0.2098217106533482,1.1764705882352942,3.5294117647058827,0.1182433078431372,0.5882352941176471,1.5686274509803924,2.1568627450980395,0.2361049882352941,10.0,CM/AM,68,88,62,77,68,100,100,82,100,100,89,54,82,100,96,18,93,91,64,96,21,71,52,75,50,54,68,46,50,57,25,57,18,100,89,86,100,100,57,48,52,93,57,43,46,43,39,54,79,89,32,93,96,61,29,68,86,86,18,82,64,39,82,11,50,52,68,50,54,68,46,50,57,25,57,18,89,68,68,79,93,32,25,18,86,25,Serbian SuperLeague
Vojvodina,5dogxolrtabaz69epd35liubg,6r8z1zp70apsuwzefrfnxsoa,N. Mulahusejnović,Nardin Mulahusejnovic,28.0,Attacker,Bosnia and Herzegovina,Striker,10.0,30.0,2.0,40.0,14.0,14.0,13.0,19.0,309.0,20.0,1.0,5.0,1.0,3.0,4.0,4.0,2.0,3.0,7.0,1.0,2.0,1.0,0.0,0.0,0.0,0.0,75.47,66.67,0.0,50.0,50.0,42.22,48.28,50.0,1.7930715752362565,0.4787735700883172,2.0,3.0,0.094881,3.0,6.0,7.0,0.3377815699999999,19.0,2.912621359223301,8.737864077669903,0.5825242718446603,11.650485436893204,4.077669902912621,4.077669902912621,3.7864077669902914,5.533980582524272,5.825242718446602,0.2912621359223301,1.4563106796116505,0.2912621359223301,0.8737864077669903,1.1650485436893203,1.1650485436893203,0.5825242718446603,0.8737864077669903,2.0388349514563107,0.2912621359223301,0.5825242718446603,0.2912621359223301,0.0,0.0,0.0,0.0,75.47,66.67,0.0,50.0,50.0,42.22,48.28,50.0,0.5222538568649291,0.1394486126470827,0.5825242718446603,0.8737864077669903,0.0276352427184466,0.8737864077669903,1.7475728155339807,2.0388349514563107,0.098382981553398,5.533980582524272,ST,37,59,65,48,88,90,100,63,83,90,70,37,71,49,48,50,99,100,5,55,35,28,51,33,51,67,76,33,69,86,49,70,34,93,84,53,41,47,65,80,74,81,65,21,47,56,33,79,86,93,49,81,91,65,33,72,40,40,44,100,98,2,44,26,28,51,33,51,67,76,33,69,86,49,70,34,88,74,49,28,33,72,84,70,81,49,Serbian SuperLeague
Vojvodina,5dogxolrtabaz69epd35liubg,7e1c3szplwxvnhf408o80fjl5,M. Butean,Mihai Butean,29.0,Defender,Romania,Defender,7.0,13.0,0.0,20.0,2.0,1.0,0.0,2.0,90.0,1.0,0.0,0.0,1.0,0.0,1.0,1.0,5.0,0.0,1.0,0.0,0.0,0.0,3.0,0.0,0.0,0.0,62.5,0.0,0.0,0.0,100.0,33.33,0.0,0.0,0.0,0.0,0.0,0.0,0.0,0.0,0.0,0.0,0.0,0.0,7.0,13.0,0.0,20.0,2.0,1.0,0.0,2.0,1.0,0.0,0.0,1.0,0.0,1.0,1.0,5.0,0.0,1.0,0.0,0.0,0.0,3.0,0.0,0.0,0.0,62.5,0.0,0.0,0.0,100.0,33.33,0.0,0.0,0.0,0.0,0.0,0.0,0.0,0.0,0.0,0.0,0.0,0.0,RB/RCB,7,11,11,7,32,39,36,7,18,39,7,64,32,25,25,32,54,89,7,25,7,29,54,18,54,14,11,18,25,100,14,7,7,21,7,29,11,11,11,11,11,7,7,14,46,11,36,86,89,36,14,57,39,7,89,32,54,54,93,54,100,7,25,7,100,54,18,54,14,11,18,25,100,14,7,7,21,7,29,11,11,11,11,11,7,7,Serbian SuperLeague
Vojvodina,5dogxolrtabaz69epd35liubg,7me9tyjhn1la4cojdkz6a8s4q,D. Zukić,Dejan Zukic,25.0,Midfielder,Serbia,Midfielder,58.0,85.0,8.0,142.0,5.0,10.0,8.0,16.0,419.0,15.0,0.0,7.0,2.0,3.0,2.0,2.0,3.0,3.0,5.0,5.0,0.0,3.0,3.0,0.0,1.0,0.0,86.06,88.89,100.0,0.0,50.0,41.03,38.46,50.0,0.9829138238644743,0.655369109332878,2.0,10.0,0.2575134,4.0,25.0,25.0,0.8899118500000001,69.0,12.458233890214796,18.25775656324582,1.7183770883054892,30.50119331742244,1.0739856801909309,2.1479713603818613,1.7183770883054892,3.4367541766109784,3.221957040572792,0.0,1.503579952267303,0.4295942720763723,0.6443914081145584,0.4295942720763723,0.4295942720763723,0.6443914081145584,0.6443914081145584,1.0739856801909309,1.0739856801909309,0.0,0.6443914081145584,0.6443914081145584,0.0,0.2147971360381861,0.0,86.06,88.89,100.0,0.0,50.0,41.03,38.46,50.0,0.2111270743384312,0.140771407732599,0.4295942720763723,2.1479713603818613,0.0553131408114558,0.8591885441527446,5.369928400954653,5.369928400954653,0.1911505167064439,14.821002386634843,CM/AM,77,79,70,82,82,71,91,55,84,34,59,32,66,27,25,75,98,91,57,11,64,71,52,52,50,86,93,100,11,73,32,62,32,86,68,48,70,79,70,89,91,89,82,68,61,54,64,71,57,86,14,75,34,36,21,61,18,14,57,96,75,21,11,43,54,52,39,50,86,93,100,11,73,32,62,32,71,57,32,54,43,54,89,82,75,64,Serbian SuperLeague
Vojvodina,5dogxolrtabaz69epd35liubg,8ksi5s9he1uxai3lfcq46grf9,E. Mašović,Erhan Masovic,27.0,Defender,Serbia,Defender,25.0,17.0,5.0,42.0,0.0,1.0,1.0,2.0,104.0,1.0,0.0,0.0,0.0,0.0,1.0,1.0,0.0,0.0,1.0,2.0,0.0,0.0,0.0,0.0,0.0,0.0,84.0,45.45,0.0,0.0,100.0,40.0,0.0,0.0,0.1782281308770983,0.0,0.0,2.0,0.03375124,0.0,6.0,9.0,0.1039969299999999,23.0,21.634615384615387,14.711538461538463,4.3269230769230775,36.34615384615385,0.0,0.8653846153846154,0.8653846153846154,1.7307692307692308,0.8653846153846154,0.0,0.0,0.0,0.0,0.8653846153846154,0.8653846153846154,0.0,0.0,0.8653846153846154,1.7307692307692308,0.0,0.0,0.0,0.0,0.0,0.0,84.0,45.45,0.0,0.0,100.0,40.0,0.0,0.0,0.1542358824897966,0.0,0.0,1.7307692307692308,0.0292078038461538,0.0,5.1923076923076925,7.788461538461539,0.0899973432692307,19.90384615384616,CB,16,14,42,15,6,41,57,5,31,48,20,32,34,53,51,2,48,81,49,25,11,9,51,38,51,48,54,38,25,98,15,9,11,65,23,31,46,40,23,42,51,25,31,40,60,88,46,6,85,90,8,60,48,20,32,34,85,85,2,48,96,83,25,11,9,51,38,51,48,54,38,25,98,15,9,11,96,23,31,85,77,23,81,90,56,48,Serbian SuperLeague
Vojvodina,5dogxolrtabaz69epd35liubg,8owicepgwxjqrblo8py0jkaok,D. Kokanović,Dragan Kokanovic,24.0,Midfielder,Serbia,Midfielder,10.0,15.0,2.0,24.0,1.0,3.0,1.0,7.0,154.0,2.0,0.0,4.0,2.0,1.0,4.0,4.0,0.0,0.0,1.0,2.0,0.0,2.0,4.0,0.0,1.0,0.0,77.42,100.0,25.0,0.0,33.33,23.33,14.29,50.0,0.2488604007378397,0.2018394750507078,1.0,2.0,0.0580847399999999,0.0,1.0,1.0,0.2756458599999999,9.0,5.8441558441558445,8.766233766233766,1.168831168831169,14.025974025974026,0.5844155844155845,1.7532467532467533,0.5844155844155845,4.090909090909091,1.168831168831169,0.0,2.337662337662338,1.168831168831169,0.5844155844155845,2.337662337662338,2.337662337662338,0.0,0.0,0.5844155844155845,1.168831168831169,0.0,1.168831168831169,2.337662337662338,0.0,0.5844155844155845,0.0,77.42,100.0,25.0,0.0,33.33,23.33,14.29,50.0,0.1454378965351011,0.1179581347698941,0.5844155844155845,1.168831168831169,0.0339456272727272,0.0,0.5844155844155845,0.5844155844155845,0.1610917363636363,5.25974025974026,CM/AM,9,4,18,4,32,23,27,14,14,34,32,32,39,46,43,18,29,27,14,11,46,86,52,52,50,29,98,59,11,57,4,25,32,29,21,25,12,14,12,5,7,36,4,29,11,32,11,50,39,39,54,18,34,68,54,57,71,64,18,29,43,36,11,68,100,52,64,50,29,98,59,11,57,4,25,32,43,46,43,21,21,12,7,7,68,11,Serbian SuperLeague
Vojvodina,5dogxolrtabaz69epd35liubg,8yvxvgfv6q6fwxzf3ue7oqfpw,M. Kolarević,Milan Kolarevic,22.0,Attacker,Serbia,Striker,25.0,69.0,9.0,83.0,3.0,12.0,6.0,25.0,445.0,20.0,1.0,18.0,6.0,7.0,15.0,17.0,3.0,0.0,0.0,11.0,5.0,5.0,2.0,0.0,11.0,0.0,70.94,47.37,36.67,33.33,0.0,52.08,42.86,83.33,0.7894442060935335,1.7196171755328058,5.0,20.0,0.66612704,0.0,7.0,17.0,1.22740488,36.0,5.056179775280898,13.95505617977528,1.820224719101124,16.786516853932582,0.6067415730337078,2.426966292134831,1.2134831460674156,5.056179775280898,4.044943820224719,0.2022471910112359,3.640449438202247,1.2134831460674156,1.4157303370786516,3.033707865168539,3.438202247191011,0.6067415730337078,0.0,0.0,2.224719101123596,1.0112359550561798,1.0112359550561798,0.4044943820224719,0.0,2.224719101123596,0.0,70.94,47.37,36.67,33.33,0.0,52.08,42.86,83.33,0.1596628731425123,0.3477877433661854,1.0112359550561798,4.044943820224719,0.1347223226966292,0.0,1.4157303370786516,3.438202247191011,0.2482391892134831,7.280898876404494,LW,62,88,88,75,81,88,88,69,75,81,100,88,88,88,88,44,31,19,88,75,88,69,56,100,56,38,38,75,44,19,88,88,62,62,100,88,94,100,19,75,88,88,62,38,50,88,62,75,75,62,62,62,75,100,88,100,75,88,25,31,19,88,62,62,62,56,100,56,38,38,75,44,19,88,88,62,38,100,62,62,62,19,50,62,75,50,Serbian SuperLeague
Vojvodina,5dogxolrtabaz69epd35liubg,ackvb5pp7jiziocny2goze21h,Đ. Crnomarković,Djordje Crnomarkovic,32.0,Defender,Serbia,Defender,109.0,68.0,17.0,177.0,7.0,2.0,1.0,9.0,362.0,2.0,0.0,2.0,1.0,1.0,1.0,1.0,21.0,0.0,1.0,0.0,1.0,0.0,0.0,0.0,0.0,0.0,84.69,48.57,0.0,100.0,50.0,50.0,70.0,0.0,0.1299017234046322,0.1171799958544887,1.0,3.0,0.06810831,2.0,22.0,19.0,0.4133551699999997,121.0,27.099447513812155,16.906077348066297,4.226519337016574,44.005524861878456,1.7403314917127073,0.4972375690607735,0.2486187845303867,2.2375690607734806,0.4972375690607735,0.0,0.4972375690607735,0.2486187845303867,0.2486187845303867,0.2486187845303867,0.2486187845303867,5.220994475138122,0.0,0.2486187845303867,0.0,0.2486187845303867,0.0,0.0,0.0,0.0,0.0,84.69,48.57,0.0,100.0,50.0,50.0,70.0,0.0,0.0322960085812621,0.0291331481406187,0.2486187845303867,0.7458563535911602,0.0169330052486187,0.4972375690607735,5.469613259668509,4.723756906077348,0.1027678599447513,30.0828729281768,CB,68,75,86,67,52,61,57,30,48,48,74,77,80,53,51,71,48,81,10,67,11,9,51,38,51,54,60,38,84,89,35,79,11,52,67,76,57,56,70,94,82,71,71,56,65,83,58,38,48,54,12,42,48,60,73,75,44,42,67,48,75,10,58,11,9,51,38,51,54,60,38,84,89,35,79,11,46,58,71,50,52,67,85,75,71,77,Serbian SuperLeague
Vojvodina,5dogxolrtabaz69epd35liubg,b9nh1xzeksagrookgnfjzvvxm,Lucas Barros,Lucas Barros da Cunha,27.0,Defender,Brazil,Defender,26.0,44.0,5.0,63.0,5.0,1.0,1.0,13.0,224.0,4.0,0.0,4.0,0.0,0.0,4.0,4.0,4.0,0.0,0.0,4.0,2.0,2.0,3.0,0.0,7.0,0.0,80.77,50.0,53.85,50.0,0.0,50.0,71.43,100.0,0.0621421723673537,0.5616692397152883,0.0,6.0,0.1727902599999999,1.0,8.0,14.0,1.1697325900000002,38.0,10.446428571428571,17.678571428571427,2.008928571428571,25.3125,2.008928571428571,0.4017857142857143,0.4017857142857143,5.223214285714286,1.6071428571428572,0.0,1.6071428571428572,0.0,0.0,1.6071428571428572,1.6071428571428572,1.6071428571428572,0.0,0.0,1.6071428571428572,0.8035714285714286,0.8035714285714286,1.2053571428571428,0.0,2.8125,0.0,80.77,50.0,53.85,50.0,0.0,50.0,71.43,100.0,0.0249678371118831,0.2256706766713211,0.0,2.4107142857142856,0.0694246580357142,0.4017857142857143,3.2142857142857144,5.625,0.4699818441964286,15.267857142857142,LB/LCB,25,38,38,25,44,28,47,31,50,44,78,25,34,62,56,19,44,31,59,56,28,41,53,100,53,81,84,100,56,31,31,88,94,25,100,25,69,75,28,50,62,100,50,38,81,50,44,81,31,62,44,75,44,100,25,34,81,69,19,44,31,69,69,44,69,53,100,53,81,84,100,56,31,31,88,94,31,100,25,94,100,38,75,100,100,62,Serbian SuperLeague
Vojvodina,5dogxolrtabaz69epd35liubg,bpcjhiz3193uzsnd6pq87inzd,M. Vidosavljević,Milutin Vidosavljevic,25.0,Attacker,Serbia,Striker,30.0,46.0,1.0,72.0,1.0,9.0,5.0,13.0,210.0,9.0,0.0,6.0,4.0,2.0,9.0,9.0,0.0,0.0,2.0,4.0,4.0,3.0,2.0,0.0,4.0,0.0,84.71,33.33,36.36,44.44,22.22,46.43,33.33,75.0,0.935909307508792,0.4784689833486896,2.0,2.0,0.04797389,3.0,4.0,10.0,0.2641845299999998,39.0,12.857142857142856,19.71428571428571,0.4285714285714285,30.85714285714285,0.4285714285714285,3.8571428571428568,2.142857142857143,5.571428571428571,3.8571428571428568,0.0,2.571428571428571,1.7142857142857142,0.8571428571428571,3.8571428571428568,3.8571428571428568,0.0,0.0,0.8571428571428571,1.7142857142857142,1.7142857142857142,1.2857142857142856,0.8571428571428571,0.0,1.7142857142857142,0.0,84.71,33.33,36.36,44.44,22.22,46.43,33.33,75.0,0.4011039889323394,0.2050581357208669,0.8571428571428571,0.8571428571428571,0.0205602385714285,1.2857142857142856,1.7142857142857142,4.285714285714286,0.1132219414285713,16.71428571428571,ST,86,81,40,84,16,60,51,41,33,42,81,76,53,84,81,10,28,45,41,79,83,70,51,90,51,93,41,88,52,29,53,31,58,65,81,53,28,21,65,69,90,70,93,98,95,42,98,19,84,63,56,40,42,88,91,70,98,95,10,28,51,44,93,93,84,51,95,51,93,41,88,52,29,53,31,58,79,88,63,26,26,88,79,95,86,100,Serbian SuperLeague
Vojvodina,5dogxolrtabaz69epd35liubg,daz92aie55a0hru8ut41dhdrd,L. Nikolić,Lazar Nikolic,27.0,Defender,Serbia,Defender,70.0,94.0,16.0,161.0,6.0,0.0,0.0,19.0,450.0,1.0,1.0,3.0,0.0,0.0,9.0,9.0,16.0,0.0,0.0,5.0,3.0,3.0,6.0,0.0,3.0,0.0,79.31,57.14,21.43,33.33,0.0,40.43,50.0,60.0,0.0,0.1993402315903842,0.0,4.0,0.08090312,2.0,37.0,34.0,0.96928499,104.0,14.0,18.8,3.2,32.2,1.2,0.0,0.0,3.8,0.2,0.2,0.6,0.0,0.0,1.8,1.8,3.2,0.0,0.0,1.0,0.6,0.6,1.2,0.0,0.6,0.0,79.31,57.14,21.43,33.33,0.0,40.43,50.0,60.0,0.0,0.0398680463180768,0.0,0.8,0.0161806239999999,0.4,7.4,6.8,0.193856998,20.8,RB/RCB,71,93,96,86,71,18,36,68,18,89,64,29,32,93,93,86,54,43,82,82,61,71,54,71,54,57,86,57,57,43,29,68,57,21,57,29,64,57,61,100,100,86,100,50,71,86,71,50,18,36,50,7,79,43,29,32,79,79,71,54,43,64,64,43,43,54,57,54,57,86,57,57,43,29,68,57,21,43,29,43,43,43,93,93,64,86,Serbian SuperLeague
Vojvodina,5dogxolrtabaz69epd35liubg,ebrypatsa4d5pbnpwcgiofnro,P. Sukačev,Petar Sukacev,20.0,Midfielder,Serbia,Midfielder,37.0,53.0,9.0,88.0,7.0,15.0,8.0,27.0,452.0,21.0,1.0,4.0,7.0,4.0,21.0,23.0,8.0,2.0,5.0,3.0,10.0,5.0,4.0,0.0,2.0,0.0,68.22,33.33,15.38,47.62,33.33,39.13,35.0,71.43,1.4972488035817166,0.2687679583307896,6.0,8.0,0.29171775,3.0,14.0,18.0,0.3620781599999998,46.0,7.367256637168142,10.553097345132745,1.7920353982300885,17.52212389380531,1.393805309734513,2.9867256637168142,1.592920353982301,5.376106194690266,4.18141592920354,0.1991150442477876,0.7964601769911505,1.393805309734513,0.7964601769911505,4.18141592920354,4.579646017699115,1.592920353982301,0.3982300884955752,0.995575221238938,0.5973451327433629,1.991150442477876,0.995575221238938,0.7964601769911505,0.0,0.3982300884955752,0.0,68.22,33.33,15.38,47.62,33.33,39.13,35.0,71.43,0.2981247617751206,0.0535157439154227,1.1946902654867255,1.592920353982301,0.058085392699115,0.5973451327433629,2.7876106194690267,3.584070796460177,0.0720952088495574,9.15929203539823,ST,95,88,98,93,67,93,77,87,87,90,56,99,84,100,100,90,91,92,28,100,92,90,51,77,51,23,41,70,63,62,23,35,53,84,53,97,74,91,65,100,100,84,95,84,63,95,77,47,56,47,44,56,86,28,81,65,100,100,79,81,65,5,98,81,79,51,70,51,23,41,70,63,62,23,35,53,58,26,81,65,72,47,95,93,65,84,Serbian SuperLeague
Zemun,4ppegvbl5hgavq8ter9xctwes,18gprvspjefmkksbrejjzdwr8,N. Kalat,Nemanja Kalat,20.0,Midfielder,Serbia,Midfielder,25.0,30.0,4.0,55.0,10.0,6.0,5.0,17.0,404.0,12.0,0.0,2.0,1.0,2.0,4.0,4.0,8.0,0.0,0.0,3.0,2.0,2.0,2.0,0.0,0.0,0.0,67.07,66.67,0.0,50.0,0.0,43.59,47.62,66.67,0.5468912416181424,0.1387317504805072,2.0,1.0,0.02855202,0.0,5.0,5.0,0.11750237,20.0,5.569306930693069,6.683168316831683,0.8910891089108911,12.252475247524751,2.227722772277228,1.3366336633663367,1.113861386138614,3.787128712871287,2.6732673267326734,0.0,0.4455445544554455,0.2227722772277227,0.4455445544554455,0.8910891089108911,0.8910891089108911,1.7821782178217822,0.0,0.0,0.6683168316831684,0.4455445544554455,0.4455445544554455,0.4455445544554455,0.0,0.0,0.0,67.07,66.67,0.0,50.0,0.0,43.59,47.62,66.67,0.1218322072911703,0.0309055879783308,0.4455445544554455,0.2227722772277227,0.0063605985148514,0.0,1.113861386138614,1.113861386138614,0.0261762705445544,4.455445544554456,CM/AM,46,16,43,32,98,48,82,64,73,34,12,12,57,46,43,93,29,11,29,62,46,54,52,20,50,4,59,20,71,11,39,73,59,50,11,48,4,4,12,25,18,11,20,18,4,25,4,96,29,75,36,50,34,11,7,50,32,32,93,29,11,14,54,36,36,52,20,50,4,59,20,71,11,39,73,59,32,7,36,4,4,12,14,11,7,4,Serbian SuperLeague
Zemun,4ppegvbl5hgavq8ter9xctwes,21m5m3jrx23imng7skwxekpnt,O. Ilić,Ognjen Ilic,26.0,Midfielder,Serbia,Midfielder,84.0,78.0,16.0,160.0,7.0,3.0,1.0,40.0,484.0,5.0,0.0,1.0,2.0,2.0,5.0,5.0,7.0,0.0,0.0,13.0,5.0,10.0,9.0,0.0,2.0,0.0,84.66,64.0,66.67,100.0,0.0,71.43,70.0,66.67,0.1737292504842142,0.0661184146867001,2.0,7.0,0.1745198899999999,4.0,19.0,21.0,0.51845282,81.0,15.6198347107438,14.504132231404958,2.975206611570248,29.75206611570248,1.3016528925619837,0.5578512396694214,0.1859504132231405,7.438016528925619,0.9297520661157024,0.0,0.1859504132231405,0.371900826446281,0.371900826446281,0.9297520661157024,0.9297520661157024,1.3016528925619837,0.0,0.0,2.4173553719008263,0.9297520661157024,1.8595041322314048,1.6735537190082643,0.0,0.371900826446281,0.0,84.66,64.0,66.67,100.0,0.0,71.43,70.0,66.67,0.0323050259164861,0.0122947465326508,0.371900826446281,1.3016528925619837,0.032452045661157,0.743801652892562,3.5330578512396693,3.90495867768595,0.0964065161157024,15.06198347107438,DM/CM,73,77,88,73,81,54,65,96,81,44,29,52,88,63,63,67,42,25,96,83,96,96,52,77,52,85,69,92,96,25,98,73,56,54,27,60,65,73,92,65,79,77,69,50,50,69,50,58,27,54,92,62,44,31,38,81,50,50,38,42,25,92,62,81,81,52,73,52,85,69,92,96,25,98,73,56,31,27,46,54,54,81,58,58,65,54,Serbian SuperLeague
Zemun,4ppegvbl5hgavq8ter9xctwes,2h5igz4kvi43bxkew2zdvqxux,M. Šarić,Marko Saric,27.0,Attacker,Serbia,Striker,8.0,12.0,0.0,20.0,5.0,2.0,0.0,8.0,130.0,7.0,0.0,2.0,2.0,1.0,1.0,1.0,0.0,0.0,1.0,4.0,1.0,0.0,0.0,0.0,0.0,0.0,83.33,0.0,0.0,100.0,50.0,32.0,35.71,0.0,0.1506521302053683,0.1085601340643417,0.0,0.0,0.0,0.0,1.0,1.0,0.0171085799999999,4.0,5.538461538461538,8.307692307692308,0.0,13.846153846153848,3.4615384615384617,1.3846153846153846,0.0,5.538461538461538,4.846153846153846,0.0,1.3846153846153846,1.3846153846153846,0.6923076923076923,0.6923076923076923,0.6923076923076923,0.0,0.0,0.6923076923076923,2.769230769230769,0.6923076923076923,0.0,0.0,0.0,0.0,0.0,83.33,0.0,0.0,100.0,50.0,32.0,35.71,0.0,0.1042976286037165,0.0751570158906981,0.0,0.0,0.0,0.0,0.6923076923076923,0.6923076923076923,0.0118444015384614,2.769230769230769,ST,27,17,13,19,55,14,6,22,16,42,29,55,35,14,14,10,28,24,41,40,10,28,51,33,51,91,13,33,94,86,7,37,10,9,26,13,8,8,14,23,17,7,9,67,40,13,53,74,23,6,52,69,42,60,79,60,22,22,10,28,42,86,56,10,28,51,33,51,91,13,33,94,86,7,37,10,21,44,13,8,8,14,35,30,12,16,Serbian SuperLeague
Zemun,4ppegvbl5hgavq8ter9xctwes,2jx8rz98ombbqt6bl55sv50tm,Đ. Jovanović,Djordje Jovanovic,25.0,Defender,Serbia,Defender,56.0,8.0,3.0,64.0,6.0,0.0,0.0,12.0,198.0,0.0,0.0,0.0,0.0,0.0,1.0,1.0,15.0,0.0,0.0,2.0,0.0,4.0,1.0,0.0,0.0,0.0,86.49,42.86,0.0,0.0,0.0,60.0,50.0,100.0,0.0,0.0,0.0,0.0,0.0,0.0,0.0,0.0,0.0,0.0,25.454545454545453,3.636363636363636,1.3636363636363635,29.09090909090909,2.727272727272727,0.0,0.0,5.454545454545454,0.0,0.0,0.0,0.0,0.0,0.4545454545454545,0.4545454545454545,6.8181818181818175,0.0,0.0,0.9090909090909092,0.0,1.818181818181818,0.4545454545454545,0.0,0.0,0.0,86.49,42.86,0.0,0.0,0.0,60.0,50.0,100.0,0.0,0.0,0.0,0.0,0.0,0.0,0.0,0.0,0.0,0.0,CB,33,6,20,23,45,15,23,41,11,48,20,32,34,53,51,57,48,33,49,25,80,23,51,38,51,65,47,38,25,33,59,40,94,16,23,31,15,15,23,9,10,9,9,44,4,17,29,65,15,23,71,11,48,20,32,34,60,58,83,48,33,65,25,88,21,51,38,51,65,47,38,25,33,59,40,94,16,23,31,15,15,23,9,10,9,9,Serbian SuperLeague
Zemun,4ppegvbl5hgavq8ter9xctwes,3489xzkqzdzyotyikig3vdudw,G. Vadze,Godswill Vadze,24.0,Attacker,Ghana,Striker,11.0,35.0,1.0,46.0,2.0,8.0,3.0,17.0,284.0,12.0,0.0,3.0,5.0,2.0,7.0,7.0,1.0,0.0,3.0,8.0,5.0,2.0,5.0,0.0,0.0,0.0,65.71,16.67,0.0,71.43,37.5,40.48,20.0,66.67,0.5223725738136195,0.2140369128585278,3.0,5.0,0.14444966,1.0,5.0,8.0,0.1474917399999999,19.0,3.4859154929577465,11.091549295774648,0.3169014084507042,14.577464788732394,0.6338028169014085,2.535211267605634,0.9507042253521129,5.387323943661972,3.802816901408451,0.0,0.9507042253521129,1.5845070422535212,0.6338028169014085,2.218309859154929,2.218309859154929,0.3169014084507042,0.0,0.9507042253521129,2.535211267605634,1.5845070422535212,0.6338028169014085,1.5845070422535212,0.0,0.0,0.0,65.71,16.67,0.0,71.43,37.5,40.48,20.0,66.67,0.1655406043775554,0.0678285991453081,0.9507042253521129,1.5845070422535212,0.0457763007042253,0.3169014084507042,1.5845070422535212,2.535211267605634,0.046740340140845,6.021126760563381,ST,44,65,40,60,23,51,29,56,49,42,43,86,53,72,64,33,28,67,79,86,64,98,51,33,51,16,26,33,81,73,38,17,45,35,42,70,59,58,36,77,81,49,65,26,70,33,60,21,44,28,47,37,42,35,88,58,74,65,28,28,63,74,86,65,98,51,33,51,16,26,33,81,73,38,17,45,35,33,70,63,60,30,74,81,42,60,Serbian SuperLeague
Zemun,4ppegvbl5hgavq8ter9xctwes,3vxisvex2vxt59ckmvnjxrs9h,U. Ljubomirac,Uros Ljubomirac,36.0,Midfielder,Serbia,Midfielder,32.0,80.0,5.0,112.0,7.0,3.0,2.0,33.0,347.0,7.0,0.0,7.0,1.0,2.0,11.0,11.0,4.0,0.0,0.0,16.0,6.0,1.0,0.0,0.0,0.0,0.0,77.24,55.56,0.0,54.55,0.0,62.26,50.0,25.0,0.2470628477583014,0.4512892236078372,0.0,10.0,0.22315443,5.0,19.0,20.0,0.36591978,70.0,8.29971181556196,20.749279538904897,1.296829971181556,29.048991354466857,1.8155619596541783,0.7780979827089337,0.5187319884726225,8.559077809798271,1.8155619596541783,0.0,1.8155619596541783,0.2593659942363112,0.5187319884726225,2.8530259365994235,2.8530259365994235,1.037463976945245,0.0,0.0,4.14985590778098,1.5561959654178674,0.2593659942363112,0.0,0.0,0.0,0.0,77.24,55.56,0.0,54.55,0.0,62.26,50.0,25.0,0.0640797011476862,0.1170490781691796,0.0,2.593659942363112,0.0578786706051873,1.296829971181556,4.927953890489913,5.187319884726224,0.0949071475504322,18.155619596541783,CM/AM,59,71,50,68,93,23,45,100,48,34,59,12,57,88,88,82,29,11,100,93,21,9,52,20,50,25,29,20,86,11,96,84,14,25,54,7,70,54,82,82,75,50,86,39,71,36,54,93,11,36,93,39,34,46,11,54,79,79,82,29,11,96,89,18,9,52,20,50,25,29,20,86,11,96,84,14,14,43,7,61,46,86,86,79,29,79,Serbian SuperLeague
Zemun,4ppegvbl5hgavq8ter9xctwes,47jxoy34jrrq30hulbgo02162,D. Parađina,Dejan Parađina,27.0,Defender,Serbia,Defender,22.0,40.0,5.0,59.0,4.0,2.0,1.0,14.0,364.0,1.0,0.0,1.0,1.0,1.0,3.0,4.0,13.0,0.0,0.0,3.0,0.0,4.0,7.0,0.0,3.0,0.0,74.68,33.33,33.33,0.0,0.0,58.33,80.0,57.14,0.2121113448625591,0.0967174330195781,1.0,3.0,0.0643543199999999,2.0,10.0,16.0,0.6110515700000001,35.0,5.43956043956044,9.89010989010989,1.2362637362637363,14.587912087912088,0.989010989010989,0.4945054945054945,0.2472527472527472,3.4615384615384617,0.2472527472527472,0.0,0.2472527472527472,0.2472527472527472,0.2472527472527472,0.7417582417582418,0.989010989010989,3.2142857142857144,0.0,0.0,0.7417582417582418,0.0,0.989010989010989,1.7307692307692308,0.0,0.7417582417582418,0.0,74.68,33.33,33.33,0.0,0.0,58.33,80.0,57.14,0.0524451127407426,0.0239136510213242,0.2472527472527472,0.7417582417582418,0.0159117824175823,0.4945054945054945,2.4725274725274726,3.956043956043956,0.1510841793956044,8.653846153846153,RB/RCB,29,50,43,39,57,61,79,50,18,39,18,64,82,57,68,71,54,43,54,25,79,79,54,71,54,29,29,75,25,43,93,100,43,86,21,57,50,50,61,54,61,79,43,7,21,36,14,36,50,79,29,14,39,14,64,79,43,43,79,54,43,50,25,79,86,54,64,54,29,29,75,25,43,93,100,43,71,21,57,36,36,57,50,64,57,29,Serbian SuperLeague
Zemun,4ppegvbl5hgavq8ter9xctwes,6h3pu0m5bek2hbjev6dhdretx,M. Spremo,Milan Spremo,31.0,Defender,Serbia,Defender,36.0,33.0,4.0,65.0,6.0,4.0,1.0,14.0,198.0,1.0,0.0,2.0,3.0,0.0,4.0,6.0,8.0,0.0,1.0,1.0,3.0,2.0,3.0,0.0,4.0,0.0,72.22,28.57,18.18,75.0,25.0,53.85,75.0,50.0,0.2359236845431676,0.263490912499881,3.0,1.0,0.01870347,2.0,5.0,7.0,0.2491632,35.0,16.363636363636363,14.999999999999998,1.818181818181818,29.545454545454543,2.727272727272727,1.818181818181818,0.4545454545454545,6.363636363636363,0.4545454545454545,0.0,0.9090909090909092,1.3636363636363635,0.0,1.818181818181818,2.727272727272727,3.636363636363636,0.0,0.4545454545454545,0.4545454545454545,1.3636363636363635,0.9090909090909092,1.3636363636363635,0.0,1.818181818181818,0.0,72.22,28.57,18.18,75.0,25.0,53.85,75.0,50.0,0.1072380384287125,0.1197685965908549,1.3636363636363635,0.4545454545454545,0.0085015772727272,0.9090909090909092,2.2727272727272725,3.1818181818181817,0.113256,15.909090909090908,LB/LCB,44,31,31,34,59,88,47,38,25,44,47,100,34,62,88,31,44,78,19,81,28,41,53,94,53,25,19,53,91,69,44,94,25,69,50,97,12,12,53,31,38,38,38,69,50,38,69,94,94,69,100,25,44,69,100,34,88,88,75,44,94,19,94,56,75,53,94,53,25,19,53,91,69,44,94,25,94,94,100,12,12,94,50,62,62,75,Serbian SuperLeague
Zemun,4ppegvbl5hgavq8ter9xctwes,6vlj6wimbk7ukhi39h3dqpx7u,D. Miladinović,Danilo Miladinović,24.0,Midfielder,Serbia,Midfielder,20.0,15.0,1.0,35.0,1.0,0.0,0.0,7.0,106.0,0.0,0.0,2.0,0.0,0.0,0.0,0.0,2.0,0.0,0.0,2.0,0.0,4.0,2.0,0.0,0.0,0.0,89.74,100.0,0.0,0.0,0.0,70.0,50.0,100.0,0.0,0.0950089144877385,0.0,2.0,0.04057261,1.0,5.0,4.0,0.0543482199999999,17.0,16.9811320754717,12.735849056603774,0.8490566037735848,29.71698113207547,0.8490566037735848,0.0,0.0,5.943396226415095,0.0,0.0,1.6981132075471697,0.0,0.0,0.0,0.0,1.6981132075471697,0.0,0.0,1.6981132075471697,0.0,3.39622641509434,1.6981132075471697,0.0,0.0,0.0,89.74,100.0,0.0,0.0,0.0,70.0,50.0,100.0,0.0,0.0806679462631742,0.0,1.6981132075471697,0.0344484424528301,0.8490566037735848,4.245283018867925,3.39622641509434,0.0461447150943395,14.433962264150942,DM/CM,15,8,8,8,10,12,25,10,17,44,44,13,29,8,8,25,42,25,25,12,42,33,52,27,52,96,98,27,12,25,92,37,94,12,42,13,40,42,46,29,25,15,19,69,27,12,46,31,12,25,69,17,44,92,13,29,8,8,54,42,25,73,12,100,85,52,27,52,96,98,27,12,25,92,37,94,12,69,13,62,62,85,73,50,27,38,Serbian SuperLeague
Zemun,4ppegvbl5hgavq8ter9xctwes,7bqdgx6t1xhou1c4l7qxlxs7o,S. Knežević,Saša Knežević,22.0,Attacker,Serbia,Striker,12.0,15.0,5.0,26.0,1.0,3.0,1.0,8.0,165.0,3.0,0.0,1.0,2.0,0.0,3.0,3.0,7.0,0.0,0.0,1.0,1.0,3.0,2.0,0.0,1.0,0.0,72.22,55.56,12.5,33.33,0.0,42.11,33.33,60.0,0.1829136221838285,0.1154381438129956,1.0,3.0,0.07010533,0.0,2.0,5.0,0.2117920499999999,16.0,6.545454545454546,8.181818181818182,2.7272727272727275,14.181818181818182,0.5454545454545455,1.6363636363636365,0.5454545454545455,4.363636363636364,1.6363636363636365,0.0,0.5454545454545455,1.090909090909091,0.0,1.6363636363636365,1.6363636363636365,3.8181818181818175,0.0,0.0,0.5454545454545455,0.5454545454545455,1.6363636363636365,1.090909090909091,0.0,0.5454545454545455,0.0,72.22,55.56,12.5,33.33,0.0,42.11,33.33,60.0,0.0997710666457246,0.0629662602616339,0.5454545454545455,1.6363636363636365,0.0382392709090909,0.0,1.090909090909091,2.7272727272727275,0.1155229363636363,8.727272727272728,RW,50,14,86,29,32,18,21,29,14,39,14,46,18,18,14,100,36,14,21,14,68,82,54,39,54,57,50,32,11,14,50,64,57,14,21,14,21,21,11,29,46,43,57,79,14,100,43,21,36,25,43,18,39,7,71,18,29,29,100,36,14,25,7,86,93,54,50,54,57,50,32,11,14,50,64,57,36,36,14,36,21,11,29,50,36,64,Serbian SuperLeague
Zemun,4ppegvbl5hgavq8ter9xctwes,7s66dcvbaiqyzj36v519x9r10,N. Petrusić,Novak Petrusić,21.0,Attacker,Serbia,Striker,3.0,10.0,1.0,13.0,8.0,4.0,4.0,12.0,119.0,8.0,0.0,1.0,0.0,0.0,0.0,0.0,1.0,1.0,2.0,5.0,0.0,0.0,0.0,0.0,0.0,0.0,50.0,100.0,0.0,0.0,50.0,57.14,61.54,0.0,0.8164794802801848,0.1221260836985412,1.0,2.0,0.05446458,1.0,2.0,2.0,0.1153699899999999,8.0,2.26890756302521,7.563025210084033,0.7563025210084033,9.831932773109244,6.050420168067227,3.0252100840336134,3.0252100840336134,9.07563025210084,6.050420168067227,0.0,0.7563025210084033,0.0,0.0,0.0,0.0,0.7563025210084033,0.7563025210084033,1.512605042016807,3.7815126050420167,0.0,0.0,0.0,0.0,0.0,0.0,50.0,100.0,0.0,0.0,50.0,57.14,61.54,0.0,0.6175054892875348,0.0923642649820899,0.7563025210084033,1.512605042016807,0.0411916991596638,0.7563025210084033,1.512605042016807,1.512605042016807,0.0872546142857142,6.050420168067227,ST,6,12,40,8,74,27,38,36,23,42,15,15,14,3,3,33,70,45,53,17,10,28,51,33,51,2,91,33,17,86,86,88,10,60,28,34,28,24,36,40,31,40,21,7,35,72,16,95,60,84,91,86,42,26,15,14,3,3,56,93,91,98,17,10,28,51,33,51,2,91,33,17,86,86,88,10,91,58,60,55,51,63,72,53,74,63,Serbian SuperLeague
Zemun,4ppegvbl5hgavq8ter9xctwes,7uufcg0dvus42emi9yev9i9cl,N. Belaković,Nemanja Belakovic,29.0,Attacker,Serbia,Striker,28.0,50.0,2.0,74.0,4.0,6.0,3.0,33.0,428.0,12.0,1.0,9.0,3.0,3.0,11.0,13.0,2.0,0.0,1.0,15.0,5.0,6.0,2.0,0.0,4.0,0.0,74.75,66.67,12.9,45.45,16.67,63.46,44.44,66.67,0.4304184020906917,0.8064058201627328,5.0,11.0,0.29101823,5.0,7.0,6.0,0.3998188599999999,27.0,5.88785046728972,10.514018691588785,0.4205607476635514,15.5607476635514,0.8411214953271028,1.2616822429906542,0.6308411214953271,6.939252336448599,2.5233644859813085,0.2102803738317757,1.892523364485981,0.6308411214953271,0.6308411214953271,2.3130841121495327,2.733644859813084,0.4205607476635514,0.0,0.2102803738317757,3.154205607476636,1.0514018691588785,1.2616822429906542,0.4205607476635514,0.0,0.8411214953271028,0.0,74.75,66.67,12.9,45.45,16.67,63.46,44.44,66.67,0.0905085424957062,0.1695713173239391,1.0514018691588785,2.3130841121495327,0.0611954221962616,1.0514018691588785,1.47196261682243,1.2616822429906542,0.0840740593457943,5.677570093457944,ST,84,86,65,86,49,37,29,91,49,90,94,69,71,88,91,50,28,24,98,86,97,70,51,90,51,60,76,67,56,17,100,59,45,30,98,86,92,88,93,85,66,88,83,77,60,40,70,30,21,16,79,14,88,74,58,53,77,81,35,28,16,93,74,91,65,51,86,51,60,76,67,56,17,100,59,45,16,84,79,84,77,77,70,51,72,58,Serbian SuperLeague
Zemun,4ppegvbl5hgavq8ter9xctwes,93epkgphoibhoh2q3312viiok,D. Tabaković,Dimitrije Tabaković,22.0,Attacker,Serbia,Striker,21.0,31.0,2.0,52.0,3.0,4.0,2.0,13.0,414.0,13.0,0.0,3.0,2.0,1.0,8.0,9.0,3.0,0.0,1.0,3.0,3.0,2.0,3.0,0.0,0.0,0.0,68.42,100.0,0.0,37.5,25.0,28.26,25.0,50.0,0.3365988673547391,0.3430566929305782,2.0,6.0,0.22747219,5.0,3.0,5.0,0.2153571299999999,26.0,4.565217391304349,6.739130434782609,0.4347826086956522,11.304347826086955,0.6521739130434783,0.8695652173913044,0.4347826086956522,2.8260869565217392,2.8260869565217392,0.0,0.6521739130434783,0.4347826086956522,0.2173913043478261,1.7391304347826089,1.956521739130435,0.6521739130434783,0.0,0.2173913043478261,0.6521739130434783,0.6521739130434783,0.4347826086956522,0.6521739130434783,0.0,0.0,0.0,68.42,100.0,0.0,37.5,25.0,28.26,25.0,50.0,0.0731736668162476,0.07457754194143,0.4347826086956522,1.3043478260869563,0.0494504760869565,1.0869565217391306,0.6521739130434783,1.0869565217391306,0.0468167673913043,5.652173913043479,ST,74,63,65,69,36,27,17,41,57,42,43,55,35,79,81,62,28,24,28,70,64,81,51,33,51,27,91,33,44,37,5,22,34,23,67,53,66,65,93,53,57,65,79,51,23,44,26,23,14,12,7,23,42,23,42,28,53,56,51,28,19,14,51,47,72,51,33,51,27,91,33,44,37,5,22,34,12,42,37,49,67,79,33,44,44,56,Serbian SuperLeague
Zemun,4ppegvbl5hgavq8ter9xctwes,9e0b7tuor0m1meheaftqlmoh6,A. Kadijević,Aleksandar Kadijević,23.0,Defender,Serbia,Defender,46.0,31.0,7.0,77.0,2.0,2.0,0.0,19.0,352.0,2.0,0.0,0.0,2.0,1.0,3.0,3.0,14.0,0.0,0.0,7.0,2.0,5.0,6.0,0.0,0.0,0.0,74.76,36.84,0.0,66.67,0.0,59.38,33.33,55.56,0.1492122713128512,0.0,1.0,2.0,0.03733942,1.0,6.0,8.0,0.14607067,37.0,11.761363636363637,7.926136363636364,1.7897727272727273,19.6875,0.5113636363636364,0.5113636363636364,0.0,4.857954545454546,0.5113636363636364,0.0,0.0,0.5113636363636364,0.2556818181818182,0.7670454545454546,0.7670454545454546,3.5795454545454546,0.0,0.0,1.7897727272727273,0.5113636363636364,1.278409090909091,1.5340909090909092,0.0,0.0,0.0,74.76,36.84,0.0,66.67,0.0,59.38,33.33,55.56,0.0381508648243085,0.0,0.2556818181818182,0.5113636363636364,0.0095470107954545,0.2556818181818182,1.5340909090909092,2.0454545454545454,0.0373476144886363,9.460227272727272,LB/LCB,62,25,47,50,28,50,19,62,38,44,9,84,78,38,34,66,44,31,81,56,72,78,53,12,53,44,31,12,75,31,56,38,34,44,12,62,22,19,28,41,44,25,44,44,12,31,25,19,50,19,31,31,44,9,94,81,44,38,69,44,31,75,44,75,88,53,12,53,44,31,12,75,31,56,38,34,44,12,56,31,25,25,25,44,12,31,Serbian SuperLeague
Zemun,4ppegvbl5hgavq8ter9xctwes,a5rsje3kd8lffn27ydggth2ol,I. Ostojić,Ivan Ostojic,37.0,Defender,Serbia,Defender,118.0,72.0,23.0,189.0,21.0,0.0,0.0,30.0,540.0,5.0,0.0,2.0,0.0,0.0,0.0,0.0,30.0,0.0,0.0,4.0,0.0,4.0,2.0,0.0,1.0,0.0,81.82,58.97,50.0,0.0,0.0,68.18,72.41,80.0,0.0,0.2119074735956333,0.0,3.0,0.07609162,2.0,19.0,26.0,0.7430978099999996,124.0,19.666666666666668,12.0,3.8333333333333335,31.5,3.5,0.0,0.0,5.0,0.8333333333333334,0.0,0.3333333333333333,0.0,0.0,0.0,0.0,5.0,0.0,0.0,0.6666666666666666,0.0,0.6666666666666666,0.3333333333333333,0.0,0.1666666666666666,0.0,81.82,58.97,50.0,0.0,0.0,68.18,72.41,80.0,0.0,0.0353179122659388,0.0,0.5,0.0126819366666666,0.3333333333333333,3.1666666666666665,4.333333333333333,0.1238496349999999,20.666666666666668,CB,75,77,98,73,98,15,23,96,80,48,74,32,34,17,15,84,48,33,70,25,80,40,51,78,51,31,81,93,25,33,85,83,76,16,81,31,57,62,70,84,91,94,73,33,45,81,35,86,15,23,60,55,48,52,32,34,17,15,64,48,33,46,25,56,19,51,75,51,31,81,93,25,33,85,83,76,16,67,31,42,46,58,61,69,79,52,Serbian SuperLeague
Zemun,4ppegvbl5hgavq8ter9xctwes,ayp56wl21jdsgh0iahag2r4dl,V. Bakić,Vasilije Bakic,26.0,Defender,Serbia,Defender,102.0,31.0,7.0,133.0,14.0,2.0,2.0,27.0,360.0,4.0,0.0,0.0,0.0,0.0,2.0,2.0,23.0,0.0,1.0,3.0,2.0,7.0,6.0,0.0,0.0,0.0,86.93,36.84,0.0,100.0,50.0,71.05,77.78,87.5,0.2755299910359451,0.0,0.0,2.0,0.04097836,1.0,5.0,8.0,0.18893593,89.0,25.5,7.75,1.75,33.25,3.5,0.5,0.5,6.75,1.0,0.0,0.0,0.0,0.0,0.5,0.5,5.75,0.0,0.25,0.75,0.5,1.75,1.5,0.0,0.0,0.0,86.93,36.84,0.0,100.0,50.0,71.05,77.78,87.5,0.0688824977589862,0.0,0.0,0.5,0.01024459,0.25,1.25,2.0,0.0472339825,22.25,CB,60,43,48,56,84,61,76,90,67,48,20,32,34,80,79,73,48,81,64,90,94,79,51,38,51,69,29,38,84,89,92,91,81,75,23,31,46,48,52,33,47,31,60,46,23,27,42,86,56,75,95,67,48,20,32,34,69,68,69,48,80,52,82,85,79,51,38,51,69,29,38,84,89,92,91,81,71,23,31,42,40,54,32,40,21,56,Serbian SuperLeague
Zemun,4ppegvbl5hgavq8ter9xctwes,d23c9thwkc48480u8cziif2tw,Đ. Petrović,Đorđe Petrović,28.0,Midfielder,Serbia,Midfielder,27.0,26.0,2.0,53.0,0.0,3.0,1.0,5.0,227.0,2.0,0.0,1.0,2.0,0.0,1.0,1.0,1.0,1.0,1.0,2.0,1.0,1.0,1.0,0.0,0.0,0.0,80.3,33.33,0.0,100.0,33.33,20.83,0.0,50.0,0.2019482818592702,0.1292235001776999,2.0,0.0,0.0,0.0,4.0,7.0,0.1725313999999999,20.0,10.704845814977974,10.308370044052865,0.7929515418502203,21.01321585903084,0.0,1.1894273127753303,0.3964757709251101,1.9823788546255507,0.7929515418502203,0.0,0.3964757709251101,0.7929515418502203,0.0,0.3964757709251101,0.3964757709251101,0.3964757709251101,0.3964757709251101,0.3964757709251101,0.7929515418502203,0.3964757709251101,0.3964757709251101,0.3964757709251101,0.0,0.0,0.0,80.3,33.33,0.0,100.0,33.33,20.83,0.0,50.0,0.0800676007371555,0.0512339868545946,0.7929515418502203,0.0,0.0,0.0,1.5859030837004406,2.775330396475771,0.0684045198237885,7.929515418502203,RM/RCM,50,33,33,50,33,50,42,33,17,42,17,83,42,17,17,25,100,50,33,42,33,42,58,17,58,83,33,17,100,50,17,33,58,50,17,75,17,17,17,33,33,17,33,83,67,33,67,33,83,50,17,17,42,17,100,42,17,17,17,100,83,33,50,50,50,58,17,58,83,33,17,100,50,17,33,58,83,17,83,17,17,17,50,50,17,33,Serbian SuperLeague
Čukarički,c7o9hpr4axv7govpi4s5ohbnd,1wkcr4473tca3yl1suywrwyne,S. Sissoko,Sambou Sissoko,26.0,Midfielder,Mali,Midfielder,60.0,73.0,13.0,133.0,11.0,0.0,0.0,24.0,495.0,0.0,0.0,1.0,0.0,0.0,3.0,3.0,21.0,0.0,0.0,1.0,2.0,3.0,7.0,0.0,0.0,0.0,82.1,56.52,0.0,66.67,0.0,54.55,68.75,30.0,0.0,0.100273239217505,0.0,1.0,0.0199707,3.0,22.0,27.0,0.4068551899999998,88.0,10.909090909090908,13.272727272727272,2.363636363636364,24.181818181818183,2.0,0.0,0.0,4.363636363636363,0.0,0.0,0.1818181818181818,0.0,0.0,0.5454545454545454,0.5454545454545454,3.8181818181818175,0.0,0.0,0.1818181818181818,0.3636363636363636,0.5454545454545454,1.2727272727272727,0.0,0.0,0.0,82.1,56.52,0.0,66.67,0.0,54.55,68.75,30.0,0.0,0.0182314980395463,0.0,0.1818181818181818,0.0036310363636363,0.5454545454545454,4.0,4.909090909090909,0.0739736709090908,16.0,DM/CM,58,67,75,58,88,12,25,71,17,44,29,13,29,46,46,92,42,25,13,56,25,90,52,27,52,65,50,27,77,25,40,69,8,12,46,13,23,19,87,87,92,58,73,23,38,50,19,75,12,25,35,17,44,27,13,29,27,27,92,42,25,12,38,8,58,52,27,52,65,50,27,77,25,40,69,8,12,31,13,19,19,73,63,81,46,60,Serbian SuperLeague
Čukarički,c7o9hpr4axv7govpi4s5ohbnd,21mjw9o9sbhqgf6fcqtskxmvo,I. Maiga,Ismael Alves Gaetan Maiga,22.0,Defender,Côte d'Ivoire,Defender,148.0,51.0,11.0,199.0,7.0,1.0,1.0,24.0,540.0,2.0,0.0,1.0,0.0,0.0,2.0,3.0,41.0,0.0,0.0,6.0,0.0,6.0,4.0,0.0,0.0,0.0,84.32,33.33,0.0,0.0,0.0,60.0,46.67,54.55,0.083591206074731,0.0421722804978995,0.0,2.0,0.03546945,1.0,9.0,14.0,0.2761753099999999,108.0,24.666666666666668,8.5,1.8333333333333333,33.166666666666664,1.1666666666666667,0.1666666666666666,0.1666666666666666,4.0,0.3333333333333333,0.0,0.1666666666666666,0.0,0.0,0.3333333333333333,0.5,6.833333333333333,0.0,0.0,1.0,0.0,1.0,0.6666666666666666,0.0,0.0,0.0,84.32,33.33,0.0,0.0,0.0,60.0,46.67,54.55,0.0139318676791218,0.0070287134163165,0.0,0.3333333333333333,0.005911575,0.1666666666666666,1.5,2.333333333333333,0.0460292183333333,18.0,CB,85,60,68,77,52,41,57,80,48,48,52,32,34,80,89,97,48,33,86,25,92,62,51,38,51,52,24,38,25,33,59,34,54,42,46,31,46,42,52,54,65,50,69,42,25,31,40,30,30,47,33,30,48,42,32,34,53,68,85,48,33,72,25,78,40,51,38,51,52,24,38,25,33,59,34,54,33,46,31,31,29,47,38,47,19,42,Serbian SuperLeague
Čukarički,c7o9hpr4axv7govpi4s5ohbnd,2e0kjyftixsji3hhxydl179t6,L. Mijović,Lazar Mijovic,23.0,Midfielder,Montenegro,Midfielder,2.0,12.0,1.0,12.0,0.0,4.0,3.0,4.0,130.0,8.0,0.0,2.0,1.0,0.0,6.0,6.0,1.0,0.0,3.0,2.0,1.0,1.0,0.0,0.0,2.0,0.0,57.14,50.0,50.0,16.67,75.0,26.67,0.0,100.0,0.4005785198363665,0.2857881041162183,2.0,4.0,0.11821263,1.0,2.0,3.0,0.5541640099999999,7.0,1.3846153846153846,8.307692307692308,0.6923076923076923,8.307692307692308,0.0,2.769230769230769,2.076923076923077,2.769230769230769,5.538461538461538,0.0,1.3846153846153846,0.6923076923076923,0.0,4.153846153846154,4.153846153846154,0.6923076923076923,0.0,2.076923076923077,1.3846153846153846,0.6923076923076923,0.6923076923076923,0.0,0.0,1.3846153846153846,0.0,57.14,50.0,50.0,16.67,75.0,26.67,0.0,100.0,0.277323590655946,0.1978533028496896,1.3846153846153846,2.769230769230769,0.081839513076923,0.6923076923076923,1.3846153846153846,2.076923076923077,0.3836520069230769,4.846153846153846,RM/RCM,17,17,17,17,33,75,92,17,83,42,33,33,42,67,50,25,50,100,33,42,33,17,58,50,58,17,83,100,33,100,33,33,100,100,33,75,58,67,42,17,17,67,17,17,17,17,17,33,100,100,50,100,42,83,83,42,100,100,33,50,100,83,83,67,17,58,83,58,17,83,100,33,100,33,33,100,100,83,100,83,83,67,33,17,100,17,Serbian SuperLeague
Čukarički,c7o9hpr4axv7govpi4s5ohbnd,2rrvmbqz8849p8tym2wmy5c0k,U. Miladinović,Uros Miladinovic,22.0,Midfielder,Serbia,Midfielder,29.0,62.0,4.0,88.0,2.0,22.0,15.0,29.0,540.0,33.0,2.0,9.0,7.0,8.0,31.0,32.0,5.0,4.0,8.0,8.0,15.0,4.0,1.0,0.0,3.0,0.0,72.73,50.0,37.5,48.39,36.36,32.22,11.76,100.0,2.3207958762894374,0.9936145347216924,11.0,13.0,0.43682181,4.0,6.0,14.0,0.73865683,42.0,4.833333333333333,10.333333333333334,0.6666666666666666,14.666666666666666,0.3333333333333333,3.6666666666666665,2.5,4.833333333333333,5.5,0.3333333333333333,1.5,1.1666666666666667,1.3333333333333333,5.166666666666667,5.333333333333333,0.8333333333333334,0.6666666666666666,1.3333333333333333,1.3333333333333333,2.5,0.6666666666666666,0.1666666666666666,0.0,0.5,0.0,72.73,50.0,37.5,48.39,36.36,32.22,11.76,100.0,0.3867993127149062,0.1656024224536154,1.8333333333333333,2.1666666666666665,0.0728036349999999,0.6666666666666666,1.0,2.333333333333333,0.1231094716666666,7.0,LW,75,75,56,88,56,100,100,88,100,100,75,100,100,100,100,88,100,100,56,100,62,44,56,56,56,50,62,88,75,50,38,50,88,100,75,100,69,75,75,62,75,75,88,25,25,25,25,50,88,100,50,88,100,62,75,75,100,100,62,100,88,25,88,25,38,56,38,56,50,62,88,75,50,38,50,88,100,62,88,38,38,38,38,38,38,25,Serbian SuperLeague
Čukarički,c7o9hpr4axv7govpi4s5ohbnd,2xnchtiqivtpgvw4mnwazf2dx,M. Docić,Marko Docic,33.0,Midfielder,Serbia,Midfielder,73.0,85.0,16.0,153.0,1.0,3.0,1.0,8.0,471.0,1.0,0.0,5.0,2.0,0.0,2.0,3.0,14.0,0.0,1.0,3.0,1.0,2.0,7.0,0.0,5.0,0.0,78.06,44.44,26.32,50.0,33.33,34.78,25.0,66.67,0.2938989710372429,0.4522419650958775,2.0,9.0,0.23240346,4.0,16.0,22.0,0.40217373,77.0,13.94904458598726,16.24203821656051,3.057324840764331,29.23566878980892,0.1910828025477706,0.5732484076433121,0.1910828025477706,1.5286624203821657,0.1910828025477706,0.0,0.9554140127388536,0.3821656050955413,0.0,0.3821656050955413,0.5732484076433121,2.6751592356687897,0.0,0.1910828025477706,0.5732484076433121,0.1910828025477706,0.3821656050955413,1.3375796178343948,0.0,0.9554140127388536,0.0,78.06,44.44,26.32,50.0,33.33,34.78,25.0,66.67,0.0561590390517024,0.0864156621202313,0.3821656050955413,1.7197452229299364,0.0444083044585987,0.7643312101910827,3.057324840764331,4.203821656050955,0.0768484834394904,14.713375796178344,CM/AM,91,79,89,89,32,23,27,21,5,34,45,32,14,27,36,100,29,27,29,36,46,100,52,86,50,39,21,64,71,57,14,32,59,36,57,48,61,61,70,70,79,61,89,71,32,82,57,18,4,18,4,4,34,25,14,14,14,18,100,29,21,11,25,25,93,52,79,50,39,21,64,71,57,14,32,59,11,25,25,36,29,43,43,68,25,61,Serbian SuperLeague
Čukarički,c7o9hpr4axv7govpi4s5ohbnd,9q7c1bn4dgyhoqto46puqeevp,M. Pavkov,Milan Pavkov,32.0,Attacker,Serbia,Striker,10.0,6.0,1.0,16.0,3.0,0.0,0.0,6.0,96.0,3.0,0.0,0.0,0.0,0.0,1.0,1.0,4.0,0.0,0.0,1.0,1.0,1.0,0.0,0.0,0.0,0.0,72.73,50.0,0.0,100.0,0.0,35.29,30.0,100.0,0.0,0.0,0.0,0.0,0.0,0.0,0.0,0.0,0.0,0.0,9.375,5.625,0.9375,15.0,2.8125,0.0,0.0,5.625,2.8125,0.0,0.0,0.0,0.0,0.9375,0.9375,3.75,0.0,0.0,0.9375,0.9375,0.9375,0.0,0.0,0.0,0.0,72.73,50.0,0.0,100.0,0.0,35.29,30.0,100.0,0.0,0.0,0.0,0.0,0.0,0.0,0.0,0.0,0.0,0.0,ST,37,5,40,13,36,5,6,10,5,42,6,15,14,14,14,73,28,8,5,40,35,28,51,33,51,52,60,33,94,8,13,28,85,5,9,13,8,8,14,7,6,3,3,91,9,77,63,67,5,6,60,21,42,6,15,14,33,33,95,28,8,19,63,74,28,51,33,51,52,60,33,94,8,13,28,85,5,9,13,8,8,14,7,6,3,3,Serbian SuperLeague
Čukarički,c7o9hpr4axv7govpi4s5ohbnd,cctyocw3gqz5uo3offsak0kph,F. Durmishaj,Fjorin Durmishaj,29.0,Attacker,Greece,Striker,20.0,27.0,2.0,47.0,15.0,2.0,2.0,24.0,278.0,10.0,0.0,3.0,0.0,1.0,2.0,2.0,3.0,1.0,1.0,8.0,0.0,1.0,2.0,0.0,0.0,0.0,58.75,25.0,0.0,0.0,50.0,58.54,75.0,100.0,0.262446897096029,0.1795526798155206,0.0,1.0,0.05491138,1.0,3.0,7.0,0.1707913599999999,22.0,6.474820143884892,8.741007194244604,0.6474820143884892,15.215827338129497,4.856115107913669,0.6474820143884892,0.6474820143884892,7.76978417266187,3.237410071942446,0.0,0.9712230215827338,0.0,0.3237410071942446,0.6474820143884892,0.6474820143884892,0.9712230215827338,0.3237410071942446,0.3237410071942446,2.5899280575539567,0.0,0.3237410071942446,0.6474820143884892,0.0,0.0,0.0,58.75,25.0,0.0,0.0,50.0,58.54,75.0,100.0,0.0849648228008726,0.0581285654079023,0.0,0.3237410071942446,0.0177770654676258,0.3237410071942446,0.9712230215827338,2.2661870503597124,0.0552921669064747,7.122302158273381,ST,71,47,65,64,93,14,17,83,40,42,43,15,35,29,29,62,70,24,79,17,35,70,51,33,51,9,29,33,17,86,93,95,85,19,37,13,17,28,36,53,74,56,72,81,49,65,65,91,9,19,84,26,42,40,15,35,17,17,63,77,23,77,17,33,70,51,33,51,9,29,33,17,86,93,95,85,14,28,13,16,23,33,51,77,53,71,Serbian SuperLeague
Čukarički,c7o9hpr4axv7govpi4s5ohbnd,cira7gz5828oc2mkwdx23zp3p,N. Miletić,Nemanja Miletic,35.0,Defender,Serbia,Defender,70.0,56.0,6.0,123.0,3.0,1.0,1.0,17.0,540.0,5.0,1.0,8.0,0.0,0.0,7.0,8.0,26.0,0.0,0.0,5.0,3.0,3.0,6.0,0.0,3.0,0.0,83.67,42.86,30.0,42.86,0.0,44.74,30.0,50.0,0.0893326871812729,0.8898606574577993,0.0,7.0,0.1578081999999999,3.0,14.0,13.0,0.8439937700000002,62.0,11.666666666666666,9.333333333333334,1.0,20.5,0.5,0.1666666666666666,0.1666666666666666,2.833333333333333,0.8333333333333334,0.1666666666666666,1.3333333333333333,0.0,0.0,1.1666666666666667,1.3333333333333333,4.333333333333333,0.0,0.0,0.8333333333333334,0.5,0.5,1.0,0.0,0.5,0.0,83.67,42.86,30.0,42.86,0.0,44.74,30.0,50.0,0.0148887811968788,0.1483101095762999,0.0,1.1666666666666667,0.0263013666666666,0.5,2.333333333333333,2.1666666666666665,0.1406656283333333,10.333333333333334,CB,41,65,46,48,27,41,57,59,80,98,98,32,34,97,97,79,48,33,78,96,67,79,51,94,51,44,47,86,54,33,23,23,44,44,98,31,88,92,86,74,58,98,47,19,29,12,15,16,30,47,17,55,96,92,32,34,92,94,55,48,33,55,82,40,57,51,85,51,44,47,86,54,33,23,23,44,35,96,31,71,67,71,51,44,81,27,Serbian SuperLeague
Čukarički,c7o9hpr4axv7govpi4s5ohbnd,cuf2wkiimnknilv1ur2hdku1g,A. Cissé,Aboubacar Cissé,22.0,Midfielder,Senegal,Midfielder,20.0,26.0,3.0,43.0,3.0,9.0,7.0,17.0,407.0,15.0,0.0,4.0,2.0,2.0,6.0,6.0,5.0,1.0,2.0,5.0,3.0,5.0,5.0,0.0,3.0,0.0,66.15,42.86,33.33,50.0,22.22,40.48,42.86,83.33,1.2447646544249764,0.3224284644969137,6.0,9.0,0.27716179,4.0,0.0,2.0,0.22046612,17.0,4.422604422604422,5.749385749385749,0.6633906633906634,9.50859950859951,0.6633906633906634,1.9901719901719903,1.547911547911548,3.7592137592137593,3.316953316953317,0.0,0.8845208845208845,0.4422604422604422,0.4422604422604422,1.3267813267813269,1.3267813267813269,1.1056511056511056,0.2211302211302211,0.4422604422604422,1.1056511056511056,0.6633906633906634,1.1056511056511056,1.1056511056511056,0.0,0.6633906633906634,0.0,66.15,42.86,33.33,50.0,22.22,40.48,42.86,83.33,0.2752550832880783,0.0712986776528801,1.3267813267813269,1.9901719901719903,0.0612888479115479,0.8845208845208845,0.0,0.4422604422604422,0.0487517218673218,3.7592137592137593,ST,71,42,81,55,36,60,67,56,71,42,56,55,53,63,58,79,70,45,53,70,92,98,51,85,51,19,51,85,69,29,38,50,65,81,63,97,83,86,81,7,31,67,58,47,12,67,14,26,37,44,16,28,42,33,44,44,49,47,65,60,33,21,53,86,88,51,81,51,19,51,85,69,29,38,50,65,53,40,86,74,79,74,7,19,47,30,Serbian SuperLeague
Čukarički,c7o9hpr4axv7govpi4s5ohbnd,dvyp6jmn4ikyjw4vofj6jqqz8,M. Đoković,Milan Djokovic,22.0,Defender,Serbia,Defender,49.0,24.0,8.0,73.0,12.0,3.0,3.0,16.0,360.0,6.0,0.0,0.0,0.0,1.0,0.0,0.0,24.0,1.0,1.0,1.0,0.0,3.0,4.0,0.0,0.0,0.0,72.28,33.33,0.0,0.0,33.33,59.26,75.0,75.0,0.3360812668254422,0.0,1.0,0.0,0.0,0.0,5.0,6.0,0.33967966,42.0,12.25,6.0,2.0,18.25,3.0,0.75,0.75,4.0,1.5,0.0,0.0,0.0,0.25,0.0,0.0,6.0,0.25,0.25,0.25,0.0,0.75,1.0,0.0,0.0,0.0,72.28,33.33,0.0,0.0,33.33,59.26,75.0,75.0,0.0840203167063605,0.0,0.25,0.0,0.0,0.0,1.25,1.5,0.084919915,10.5,CB,29,23,52,29,76,80,88,54,91,48,20,32,80,17,15,75,97,81,29,25,67,62,51,38,51,15,24,38,25,77,52,86,72,83,23,76,15,15,23,33,34,60,38,21,12,40,12,75,77,88,33,81,48,20,32,79,17,15,72,98,80,23,25,61,57,51,38,51,15,24,38,25,77,52,86,72,85,23,76,15,15,23,32,29,52,29,Serbian SuperLeague
Čukarički,c7o9hpr4axv7govpi4s5ohbnd,en1ygwe0e5wsfkinp14ye2dck,V. Radosavljević,Veljko Radosavljevic,21.0,Midfielder,Serbia,Midfielder,20.0,22.0,2.0,42.0,16.0,10.0,8.0,22.0,314.0,11.0,0.0,2.0,2.0,3.0,2.0,3.0,3.0,0.0,3.0,3.0,0.0,1.0,4.0,0.0,0.0,0.0,67.74,66.67,0.0,0.0,30.0,55.0,72.73,33.33,0.961011786539343,0.1674122831642064,3.0,3.0,0.05867334,0.0,5.0,6.0,0.1272079099999999,25.0,5.732484076433121,6.305732484076433,0.5732484076433121,12.038216560509554,4.585987261146497,2.8662420382165603,2.2929936305732483,6.305732484076433,3.1528662420382165,0.0,0.5732484076433121,0.5732484076433121,0.8598726114649682,0.5732484076433121,0.8598726114649682,0.8598726114649682,0.0,0.8598726114649682,0.8598726114649682,0.0,0.286624203821656,1.1464968152866242,0.0,0.0,0.0,67.74,66.67,0.0,0.0,30.0,55.0,72.73,33.33,0.2754492381800665,0.0479844123719062,0.8598726114649682,0.8598726114649682,0.0168171993630573,0.0,1.4331210191082802,1.7197452229299364,0.0364608659235668,7.165605095541401,LM/LCM,69,25,25,38,88,75,75,75,69,44,44,69,88,38,38,75,38,69,44,25,44,88,56,31,56,12,88,31,25,25,62,100,38,75,25,88,38,38,19,56,38,12,38,38,25,25,12,100,75,88,75,50,44,38,50,75,38,38,62,38,50,50,25,38,88,56,31,56,12,88,31,25,25,62,100,38,75,38,62,25,25,19,50,38,12,38,Serbian SuperLeague
Čukarički,c7o9hpr4axv7govpi4s5ohbnd,epuiubjri2oyama7dt0v1p7u1,Z. Šehović,Zlatan Sehovic,26.0,Defender,Serbia,Defender,30.0,47.0,7.0,74.0,8.0,3.0,2.0,29.0,497.0,9.0,2.0,6.0,1.0,0.0,3.0,3.0,16.0,0.0,1.0,10.0,0.0,10.0,8.0,0.0,3.0,0.0,61.67,31.82,25.0,0.0,33.33,55.77,53.33,90.91,0.2547516204536269,0.4967962554723807,1.0,8.0,0.20659933,2.0,12.0,11.0,0.35074244,44.0,5.432595573440644,8.511066398390343,1.267605633802817,13.40040241448692,1.448692152917505,0.5432595573440644,0.3621730382293762,5.251509054325956,1.6297786720321932,0.3621730382293762,1.0865191146881288,0.1810865191146881,0.0,0.5432595573440644,0.5432595573440644,2.89738430583501,0.0,0.1810865191146881,1.8108651911468807,0.0,1.8108651911468807,1.448692152917505,0.0,0.5432595573440644,0.0,61.67,31.82,25.0,0.0,33.33,55.77,53.33,90.91,0.0461320841867734,0.0899631046127047,0.1810865191146881,1.448692152917505,0.0374123535211267,0.3621730382293762,2.1730382293762576,1.9919517102615687,0.0635147275653923,7.967806841046277,LB/LCB,31,56,47,44,81,72,75,94,94,100,97,59,34,38,34,88,44,78,91,19,100,97,53,84,53,12,25,66,19,81,50,56,81,75,94,62,91,88,53,62,53,50,56,12,19,25,19,50,56,56,56,81,100,81,56,34,25,25,56,44,75,88,19,94,81,53,75,53,12,25,66,19,81,50,56,81,50,75,50,56,62,31,38,38,31,25,Serbian SuperLeague
Železničar Pančevo,69yj0igv40jefp5ezs23ohmnd,13vbotdyjvth1utolkv4zo8wk,U. Tegeltija,Uros Tegeltija,20.0,Midfielder,Serbia,Midfielder,58.0,46.0,5.0,102.0,1.0,1.0,0.0,13.0,270.0,6.0,0.0,3.0,1.0,0.0,6.0,7.0,7.0,0.0,0.0,4.0,2.0,3.0,1.0,0.0,2.0,0.0,87.18,62.5,28.57,33.33,0.0,43.33,50.0,50.0,0.0736370018515435,0.2975206898283219,1.0,16.0,0.37815888,7.0,8.0,9.0,0.47011148,40.0,19.33333333333333,15.333333333333334,1.6666666666666667,34.0,0.3333333333333333,0.3333333333333333,0.0,4.333333333333333,2.0,0.0,1.0,0.3333333333333333,0.0,2.0,2.333333333333333,2.333333333333333,0.0,0.0,1.3333333333333333,0.6666666666666666,1.0,0.3333333333333333,0.0,0.6666666666666666,0.0,87.18,62.5,28.57,33.33,0.0,43.33,50.0,50.0,0.0245456672838478,0.0991735632761073,0.3333333333333333,5.333333333333333,0.12605296,2.333333333333333,2.6666666666666665,3.0,0.1567038266666666,13.333333333333334,RM/RCM,100,67,67,83,67,17,17,67,58,42,50,33,42,67,75,50,50,17,83,75,83,42,58,50,58,100,100,67,58,17,67,100,58,17,50,25,100,100,92,67,58,33,67,100,100,83,100,67,17,17,83,67,42,42,33,42,83,83,67,50,17,67,67,83,33,58,50,58,100,100,67,58,17,67,100,58,17,33,33,100,100,100,83,100,33,100,Serbian SuperLeague
Železničar Pančevo,69yj0igv40jefp5ezs23ohmnd,19kimwp506e7gkyfs0m932gb8,A. Kuljanin,Aleksa Kuljanin,22.0,Attacker,Serbia,Striker,3.0,16.0,1.0,19.0,1.0,3.0,2.0,12.0,120.0,11.0,0.0,1.0,1.0,1.0,9.0,10.0,0.0,0.0,0.0,4.0,4.0,3.0,1.0,0.0,0.0,0.0,63.33,50.0,0.0,44.44,0.0,60.0,0.0,100.0,0.2362271055727585,0.0413422793218549,2.0,3.0,0.0775631399999999,2.0,3.0,6.0,0.10993024,8.0,2.25,12.0,0.75,14.25,0.75,2.25,1.5,9.0,8.25,0.0,0.75,0.75,0.75,6.75,7.5,0.0,0.0,0.0,3.0,3.0,2.25,0.75,0.0,0.0,0.0,63.33,50.0,0.0,44.44,0.0,60.0,0.0,100.0,0.1771703291795688,0.0310067094913911,1.5,2.25,0.0581723549999999,1.5,2.25,4.5,0.08244768,6.0,RW,7,21,14,14,32,18,43,50,64,39,14,29,39,71,71,21,36,14,71,64,68,54,54,14,54,36,39,14,29,14,100,18,96,21,7,29,21,29,54,50,64,21,14,21,64,43,50,64,50,64,100,86,39,25,43,57,100,93,21,36,14,100,93,100,71,54,14,54,36,39,14,29,14,100,18,96,50,7,79,57,57,79,79,82,29,43,Serbian SuperLeague
Železničar Pančevo,69yj0igv40jefp5ezs23ohmnd,1pzcghsrs472onevuxx0h984q,M. Milikić,Mirko Milikic,24.0,Defender,Serbia,Defender,81.0,24.0,4.0,105.0,5.0,1.0,1.0,7.0,180.0,3.0,0.0,1.0,0.0,0.0,0.0,0.0,17.0,0.0,0.0,1.0,0.0,0.0,0.0,0.0,0.0,0.0,78.36,23.53,0.0,0.0,0.0,58.33,62.5,0.0,0.1316617845896464,0.0738243297849403,0.0,1.0,0.0199707,0.0,10.0,12.0,0.22106005,66.0,40.5,12.0,2.0,52.5,2.5,0.5,0.5,3.5,1.5,0.0,0.5,0.0,0.0,0.0,0.0,8.5,0.0,0.0,0.5,0.0,0.0,0.0,0.0,0.0,0.0,78.36,23.53,0.0,0.0,0.0,58.33,62.5,0.0,0.0658308922948232,0.0369121648924701,0.0,0.5,0.00998535,0.0,5.0,6.0,0.110530025,33.0,CB,47,23,31,43,39,41,57,25,56,48,52,32,34,17,15,65,48,33,29,25,11,9,51,38,51,23,6,38,25,33,49,65,11,54,54,31,33,33,23,58,56,38,51,85,45,40,75,55,56,75,26,81,48,65,32,34,17,15,98,48,33,39,25,11,9,51,38,51,23,6,38,25,33,49,65,11,69,69,31,42,35,23,79,82,75,82,Serbian SuperLeague
Železničar Pančevo,69yj0igv40jefp5ezs23ohmnd,68g4r734ed6xsjsg285juwwes,M. Sabo,Mamane Sabo,21.0,Midfielder,Niger,Midfielder,85.0,67.0,9.0,151.0,3.0,2.0,0.0,16.0,270.0,0.0,0.0,4.0,2.0,0.0,5.0,5.0,4.0,0.0,0.0,4.0,3.0,3.0,1.0,0.0,1.0,0.0,90.42,69.23,11.11,60.0,0.0,66.67,60.0,50.0,0.0881371477192173,0.4562192093156267,2.0,6.0,0.1485559099999999,1.0,20.0,14.0,0.40867768,76.0,28.33333333333333,22.33333333333333,3.0,50.333333333333336,1.0,0.6666666666666666,0.0,5.333333333333333,0.0,0.0,1.3333333333333333,0.6666666666666666,0.0,1.6666666666666667,1.6666666666666667,1.3333333333333333,0.0,0.0,1.3333333333333333,1.0,1.0,0.3333333333333333,0.0,0.3333333333333333,0.0,90.42,69.23,11.11,60.0,0.0,66.67,60.0,50.0,0.029379049239739,0.1520730697718755,0.6666666666666666,2.0,0.0495186366666666,0.3333333333333333,6.666666666666667,4.666666666666667,0.1362258933333333,25.33333333333333,DM/CM,77,62,52,67,37,33,25,46,17,44,73,52,29,63,63,46,42,25,58,69,25,17,52,62,52,100,81,54,63,25,85,52,21,27,85,60,58,62,46,73,56,62,62,92,85,73,96,37,38,25,54,17,44,81,56,29,67,67,42,42,25,62,77,31,17,52,69,52,100,81,54,63,25,85,52,21,27,92,60,75,81,46,92,77,73,88,Serbian SuperLeague
Železničar Pančevo,69yj0igv40jefp5ezs23ohmnd,7uez4vhiao7gmc4ak5tjo35gq,A. Yusif,Abdul Yusif,25.0,Defender,Ghana,Defender,23.0,13.0,2.0,34.0,2.0,0.0,0.0,8.0,90.0,2.0,0.0,1.0,0.0,0.0,3.0,3.0,2.0,0.0,0.0,1.0,2.0,3.0,0.0,0.0,2.0,0.0,82.93,66.67,50.0,66.67,0.0,44.44,28.57,100.0,0.0,0.1117275956973265,0.0,1.0,0.02855202,0.0,0.0,0.0,0.35464137,14.0,23.0,13.0,2.0,34.0,2.0,0.0,0.0,8.0,2.0,0.0,1.0,0.0,0.0,3.0,3.0,2.0,0.0,0.0,1.0,2.0,3.0,0.0,0.0,2.0,0.0,82.93,66.67,50.0,66.67,0.0,44.44,28.57,100.0,0.0,0.1117275956973265,0.0,1.0,0.02855202,0.0,0.0,0.0,0.35464137,14.0,RB/RCB,39,11,21,25,32,18,36,29,46,39,18,29,32,57,54,11,54,43,21,68,61,7,54,57,54,71,100,93,79,43,43,21,93,21,29,29,25,29,11,11,11,50,14,93,46,43,79,86,18,36,100,100,39,64,29,32,100,100,29,54,43,64,100,100,7,54,89,54,71,100,93,79,43,43,21,93,21,79,29,54,50,11,11,11,93,57,Serbian SuperLeague
Železničar Pančevo,69yj0igv40jefp5ezs23ohmnd,8frgv0pvohmbutgwmuls5dvkk,N. Vidojević,Nemanja Vidojevic,22.0,Defender,Serbia,Defender,211.0,111.0,12.0,322.0,7.0,0.0,0.0,18.0,360.0,0.0,0.0,1.0,0.0,0.0,0.0,0.0,25.0,0.0,0.0,8.0,0.0,3.0,4.0,0.0,0.0,0.0,92.0,38.71,0.0,0.0,0.0,64.29,77.78,100.0,0.0,0.0778790418946148,0.0,8.0,0.15361476,2.0,18.0,15.0,0.38655415,195.0,52.75,27.75,3.0,80.5,1.75,0.0,0.0,4.5,0.0,0.0,0.25,0.0,0.0,0.0,0.0,6.25,0.0,0.0,2.0,0.0,0.75,1.0,0.0,0.0,0.0,92.0,38.71,0.0,0.0,0.0,64.29,77.78,100.0,0.0,0.0194697604736537,0.0,2.0,0.03840369,0.5,4.5,3.75,0.0966385375,48.75,CB,100,98,72,100,52,15,23,62,11,48,52,32,34,17,15,77,48,33,97,25,67,62,51,38,51,88,40,38,25,33,78,91,94,16,56,31,92,90,70,80,72,67,100,98,88,70,98,40,15,23,46,11,48,48,32,34,17,15,77,48,33,88,25,61,57,51,38,51,88,40,38,25,33,78,91,94,16,50,31,89,88,71,77,60,62,96,Serbian SuperLeague
Železničar Pančevo,69yj0igv40jefp5ezs23ohmnd,9pjzsgyd3phhovj3z68lnxic4,N. Jovanović,Nikola Jovanovic,22.0,Attacker,Serbia,Striker,15.0,25.0,5.0,39.0,3.0,8.0,5.0,13.0,240.0,9.0,0.0,2.0,3.0,0.0,4.0,4.0,1.0,1.0,5.0,3.0,3.0,1.0,1.0,0.0,1.0,0.0,84.78,71.43,25.0,75.0,62.5,56.52,42.86,25.0,0.6263349571549243,0.1491778976663502,6.0,9.0,0.28264372,1.0,3.0,2.0,0.0665714799999999,13.0,5.625,9.375,1.875,14.625,1.125,3.0,1.875,4.875,3.375,0.0,0.75,1.125,0.0,1.5,1.5,0.375,0.375,1.875,1.125,1.125,0.375,0.375,0.0,0.375,0.0,84.78,71.43,25.0,75.0,62.5,56.52,42.86,25.0,0.2348756089330966,0.0559417116248813,2.25,3.375,0.105991395,0.375,1.125,0.75,0.0249643049999999,4.875,RW,71,43,86,50,71,75,68,57,43,39,29,68,18,32,32,54,82,96,57,39,43,54,54,39,54,86,71,64,96,86,93,86,36,64,29,96,71,64,29,50,18,7,43,71,29,71,64,86,79,79,57,57,39,25,79,18,14,14,64,86,93,57,50,43,57,54,43,54,86,71,64,96,86,93,86,36,71,21,93,79,71,29,36,21,14,29,Serbian SuperLeague
Železničar Pančevo,69yj0igv40jefp5ezs23ohmnd,abxh8q7eengtdm679rpxn9mok,A. Sawadogu,Abdoul Sawadogu,19.0,Defender,Burkina Faso,Defender,47.0,44.0,3.0,91.0,1.0,1.0,0.0,2.0,103.0,0.0,0.0,1.0,1.0,0.0,0.0,0.0,9.0,0.0,1.0,1.0,0.0,0.0,5.0,0.0,0.0,0.0,90.1,50.0,0.0,0.0,100.0,40.0,50.0,0.0,0.0333698260144916,0.079609094885996,1.0,4.0,0.09194994,1.0,9.0,9.0,0.21574115,62.0,41.067961165048544,38.44660194174757,2.621359223300971,79.51456310679612,0.8737864077669903,0.8737864077669903,0.0,1.7475728155339807,0.0,0.0,0.8737864077669903,0.8737864077669903,0.0,0.0,0.0,7.864077669902913,0.0,0.8737864077669903,0.8737864077669903,0.0,0.0,4.368932038834951,0.0,0.0,0.0,90.1,50.0,0.0,0.0,100.0,40.0,50.0,0.0,0.029158100401012,0.0695613450460159,0.8737864077669903,3.4951456310679614,0.0803446077669902,0.8737864077669903,7.864077669902913,7.864077669902913,0.1885116844660194,54.17475728155341,CB,26,51,20,35,16,41,23,5,11,48,52,77,34,17,15,43,48,81,29,25,11,72,51,38,51,83,68,38,25,98,15,40,11,31,58,76,68,65,52,54,51,35,47,88,100,62,96,25,88,23,10,11,48,83,96,34,17,15,96,48,98,60,25,11,100,51,38,51,83,68,38,25,98,15,40,11,44,81,98,96,98,88,98,92,94,98,Serbian SuperLeague
Železničar Pančevo,69yj0igv40jefp5ezs23ohmnd,b2kqtbv8qbr8fvv5wxmv1yn10,Simão Pedro,Simão Ambrósio Pedro,19.0,Attacker,Angola,Striker,7.0,49.0,2.0,54.0,2.0,11.0,5.0,16.0,328.0,13.0,2.0,4.0,6.0,4.0,7.0,8.0,2.0,1.0,3.0,8.0,4.0,1.0,2.0,0.0,2.0,0.0,85.71,100.0,15.38,57.14,27.27,50.0,25.0,50.0,0.915782373539746,0.2541731760203355,5.0,16.0,0.4938872900000001,5.0,2.0,2.0,0.11113529,10.0,1.920731707317073,13.445121951219512,0.5487804878048781,14.817073170731708,0.5487804878048781,3.018292682926829,1.3719512195121952,4.390243902439025,3.567073170731708,0.5487804878048781,1.0975609756097562,1.6463414634146345,1.0975609756097562,1.920731707317073,2.1951219512195124,0.5487804878048781,0.274390243902439,0.8231707317073171,2.1951219512195124,1.0975609756097562,0.274390243902439,0.5487804878048781,0.0,0.5487804878048781,0.0,85.71,100.0,15.38,57.14,27.27,50.0,25.0,50.0,0.2512817488371254,0.0697426397616774,1.3719512195121952,4.390243902439025,0.1355178539634146,1.3719512195121952,0.5487804878048781,0.5487804878048781,0.0304944393292682,2.7439024390243905,RW,32,86,32,68,54,93,68,79,71,96,61,100,96,57,61,75,82,75,100,64,43,82,54,68,54,93,96,43,57,57,86,54,43,93,50,86,100,100,96,29,18,29,25,7,71,21,71,29,86,57,50,64,93,43,93,86,50,50,79,71,71,93,43,36,64,54,57,54,93,96,43,57,57,86,54,43,86,43,64,93,86,71,21,14,21,14,Serbian SuperLeague
Železničar Pančevo,69yj0igv40jefp5ezs23ohmnd,b7p8sir7ovgwmpw8534snk6qc,K. Šekularac,Kristian Sekularac,22.0,Midfielder,Switzerland,Midfielder,54.0,70.0,4.0,123.0,1.0,1.0,0.0,18.0,313.0,1.0,0.0,2.0,1.0,0.0,6.0,6.0,2.0,0.0,0.0,8.0,3.0,6.0,3.0,0.0,1.0,0.0,92.48,100.0,20.0,50.0,0.0,52.94,33.33,100.0,0.0609680836038922,0.2016536195082,1.0,20.0,0.48947998,8.0,10.0,10.0,0.1781925499999999,44.0,15.527156549520766,20.12779552715655,1.1501597444089458,35.36741214057508,0.2875399361022364,0.2875399361022364,0.0,5.175718849840256,0.2875399361022364,0.0,0.5750798722044729,0.2875399361022364,0.0,1.7252396166134183,1.7252396166134183,0.5750798722044729,0.0,0.0,2.3003194888178915,0.8626198083067093,1.7252396166134183,0.8626198083067093,0.0,0.2875399361022364,0.0,92.48,100.0,20.0,50.0,0.0,52.94,33.33,100.0,0.0175307588637389,0.0579834688681725,0.2875399361022364,5.7507987220447285,0.1407450421725239,2.3003194888178915,2.8753993610223643,2.8753993610223643,0.0512374744408945,12.651757188498404,LM/LCM,88,100,62,88,44,19,19,62,25,44,44,38,25,69,62,44,38,12,81,62,100,75,56,69,56,100,100,62,69,12,38,50,94,25,50,31,100,100,100,75,75,38,88,88,62,50,88,38,12,19,62,25,44,50,25,25,75,62,25,38,12,75,62,100,75,56,62,56,100,100,62,69,12,38,50,94,12,50,25,100,88,100,62,62,25,75,Serbian SuperLeague
Železničar Pančevo,69yj0igv40jefp5ezs23ohmnd,bojt6aonaocgnpi9qqcisllw4,D. Ankeye,David Ankeye,24.0,Attacker,Nigeria,Striker,6.0,7.0,1.0,13.0,3.0,2.0,2.0,10.0,223.0,5.0,0.0,2.0,0.0,0.0,2.0,2.0,1.0,0.0,1.0,5.0,1.0,1.0,0.0,0.0,0.0,0.0,68.42,100.0,0.0,50.0,50.0,50.0,60.0,100.0,0.3802947748359134,0.0,1.0,0.0,0.0,0.0,0.0,0.0,0.01822775,8.0,2.42152466367713,2.825112107623318,0.4035874439461883,5.246636771300448,1.210762331838565,0.8071748878923767,0.8071748878923767,4.035874439461884,2.0179372197309418,0.0,0.8071748878923767,0.0,0.0,0.8071748878923767,0.8071748878923767,0.4035874439461883,0.0,0.4035874439461883,2.0179372197309418,0.4035874439461883,0.4035874439461883,0.0,0.0,0.0,0.0,68.42,100.0,0.0,50.0,50.0,50.0,60.0,100.0,0.1534821961221175,0.0,0.4035874439461883,0.0,0.0,0.0,0.0,0.0,0.0073564910313901,3.2286995515695067,ST,20,8,40,8,36,14,17,29,9,42,29,15,14,29,29,33,28,24,53,40,35,28,51,33,51,27,91,33,69,86,67,84,85,26,9,34,8,8,14,7,6,9,21,9,2,37,2,40,12,23,26,7,42,30,15,14,28,28,33,28,28,53,37,44,28,51,33,51,27,91,33,69,86,67,84,85,28,9,33,8,8,14,7,6,7,19,Serbian SuperLeague
Železničar Pančevo,69yj0igv40jefp5ezs23ohmnd,cfe7g0pw8eetltxugzj7l5tlg,J. Jevremović,Janko Jevremovic,22.0,Midfielder,Serbia,Midfielder,88.0,58.0,8.0,146.0,3.0,7.0,3.0,18.0,359.0,7.0,1.0,5.0,4.0,3.0,5.0,6.0,2.0,1.0,2.0,9.0,1.0,4.0,3.0,0.0,0.0,0.0,83.91,57.14,0.0,20.0,28.57,48.65,60.0,80.0,0.7259973365342044,0.3398092820479606,3.0,11.0,0.23678789,4.0,6.0,9.0,0.26850299,55.0,22.061281337047355,14.540389972144848,2.0055710306406684,36.6016713091922,0.7520891364902507,1.7548746518105849,0.7520891364902507,4.512534818941504,1.7548746518105849,0.2506963788300835,1.2534818941504178,1.0027855153203342,0.7520891364902507,1.2534818941504178,1.504178272980501,0.5013927576601671,0.2506963788300835,0.5013927576601671,2.256267409470752,0.2506963788300835,1.0027855153203342,0.7520891364902507,0.0,0.0,0.0,83.91,57.14,0.0,20.0,28.57,48.65,60.0,80.0,0.1820049033094105,0.0851889565022742,0.7520891364902507,2.75766016713092,0.0593618665738161,1.0027855153203342,1.504178272980501,2.256267409470752,0.0673127272980501,13.788300835654596,CM/AM,96,61,70,86,68,57,61,75,48,77,45,68,66,61,66,62,73,46,89,36,77,71,52,20,50,79,36,20,27,46,61,93,73,71,39,62,80,75,70,34,39,25,64,93,25,57,75,61,43,46,64,36,71,29,43,64,46,57,54,64,32,79,32,61,61,52,20,50,79,36,20,27,46,61,93,73,64,21,54,64,54,75,21,21,14,50,Serbian SuperLeague
Železničar Pančevo,69yj0igv40jefp5ezs23ohmnd,e8502uff170w8bv460jf5x6y2,N. Đuričić,Nikola Djuricic,26.0,Defender,Serbia,Defender,138.0,104.0,13.0,241.0,11.0,2.0,2.0,21.0,360.0,5.0,0.0,5.0,0.0,0.0,5.0,5.0,10.0,1.0,1.0,4.0,3.0,2.0,8.0,0.0,1.0,0.0,88.6,52.0,33.33,60.0,50.0,52.5,68.75,66.67,0.2915393690340827,0.3805417526617557,0.0,6.0,0.2083221,3.0,24.0,19.0,0.5006405099999996,115.0,34.5,26.0,3.25,60.25,2.75,0.5,0.5,5.25,1.25,0.0,1.25,0.0,0.0,1.25,1.25,2.5,0.25,0.25,1.0,0.75,0.5,2.0,0.0,0.25,0.0,88.6,52.0,33.33,60.0,50.0,52.5,68.75,66.67,0.0728848422585206,0.0951354381654389,0.0,1.5,0.052080525,0.75,6.0,4.75,0.1251601274999999,28.75,LB/LCB,100,100,75,100,100,50,75,72,66,44,88,25,34,84,72,44,94,78,59,81,28,97,53,41,53,94,94,84,62,97,38,81,62,81,81,25,69,94,88,100,91,62,91,100,94,81,100,100,44,75,50,69,44,88,25,34,50,50,31,100,81,53,56,19,100,53,31,53,94,94,84,62,97,38,81,62,75,81,25,62,81,81,100,75,75,100,Serbian SuperLeague
OFK Beograd,7kto5aea8tybeo2qmspftn1nz,1gr34ae328ctz0rwawmii1w16,E. Addo,Edmund Addo,26.0,Midfielder,Ghana,Midfielder,29.0,30.0,3.0,59.0,1.0,2.0,0.0,11.0,206.0,0.0,0.0,0.0,2.0,1.0,2.0,2.0,4.0,0.0,0.0,3.0,1.0,4.0,3.0,0.0,0.0,0.0,75.64,37.5,0.0,50.0,0.0,55.0,50.0,66.67,0.125414362813751,0.0,2.0,2.0,0.0399414,0.0,3.0,3.0,0.07319785,23.0,12.66990291262136,13.106796116504857,1.3106796116504855,25.776699029126217,0.4368932038834952,0.8737864077669903,0.0,4.805825242718447,0.0,0.0,0.0,0.8737864077669903,0.4368932038834952,0.8737864077669903,0.8737864077669903,1.7475728155339807,0.0,0.0,1.3106796116504855,0.4368932038834952,1.7475728155339807,1.3106796116504855,0.0,0.0,0.0,75.64,37.5,0.0,50.0,0.0,55.0,50.0,66.67,0.0547926827827067,0.0,0.8737864077669903,0.8737864077669903,0.0174501262135922,0.0,1.3106796116504855,1.3106796116504855,0.0319796432038834,10.04854368932039,DM/CM,29,27,19,31,10,33,25,23,17,44,13,52,69,31,31,46,42,25,38,35,42,48,52,27,52,19,17,27,44,25,48,37,56,35,13,60,40,35,17,19,19,19,27,38,31,23,31,12,62,25,42,17,44,13,77,88,42,42,62,42,25,58,42,77,62,52,27,52,19,17,27,44,25,48,37,56,58,13,81,42,38,17,23,23,19,23,Serbian SuperLeague
OFK Beograd,7kto5aea8tybeo2qmspftn1nz,2df227imkv34g4q7sewmellhw,A. Ayinde,Aderoju Hameed Ayinde,21.0,Attacker,Nigeria,Striker,17.0,40.0,2.0,54.0,3.0,12.0,7.0,24.0,368.0,20.0,2.0,8.0,5.0,3.0,14.0,16.0,1.0,0.0,2.0,5.0,7.0,7.0,7.0,0.0,3.0,0.0,67.5,66.67,25.0,50.0,16.67,44.44,37.5,77.78,0.9580844676066697,0.7410694481547924,6.0,12.0,0.40889329,2.0,7.0,5.0,0.6255352100000002,33.0,4.157608695652174,9.782608695652174,0.4891304347826087,13.206521739130435,0.7336956521739131,2.9347826086956523,1.7119565217391306,5.869565217391305,4.891304347826087,0.4891304347826087,1.956521739130435,1.2228260869565215,0.7336956521739131,3.423913043478261,3.91304347826087,0.2445652173913043,0.0,0.4891304347826087,1.2228260869565215,1.7119565217391306,1.7119565217391306,1.7119565217391306,0.0,0.7336956521739131,0.0,67.5,66.67,25.0,50.0,16.67,44.44,37.5,77.78,0.2343141360994572,0.1812398106900307,1.4673913043478262,2.9347826086956523,0.1000010763586956,0.4891304347826087,1.7119565217391306,1.2228260869565215,0.1529841546195653,8.070652173913045,RW,79,57,32,68,71,100,89,93,100,96,89,93,82,96,100,54,36,50,89,93,96,100,54,93,54,43,64,64,46,29,64,79,82,100,86,96,86,86,54,86,46,79,93,50,36,14,36,57,71,71,93,79,86,71,86,50,71,86,43,36,36,64,71,93,100,54,79,54,43,64,64,46,29,64,79,82,64,57,71,64,64,43,50,29,50,57,Serbian SuperLeague
OFK Beograd,7kto5aea8tybeo2qmspftn1nz,2e1l4p2kxtk1hd4yeuetyua51,S. Peña,Sergio Peña,30.0,Midfielder,Peru,Midfielder,136.0,139.0,29.0,272.0,1.0,4.0,0.0,12.0,372.0,1.0,1.0,4.0,4.0,0.0,4.0,4.0,1.0,1.0,3.0,4.0,1.0,5.0,0.0,0.0,3.0,0.0,89.47,76.32,33.33,25.0,75.0,48.0,33.33,83.33,0.2359947824490187,0.342677276269819,4.0,15.0,0.33273957,9.0,28.0,25.0,0.6591560499999999,137.0,32.90322580645161,33.62903225806451,7.016129032258064,65.80645161290322,0.2419354838709677,0.9677419354838708,0.0,2.9032258064516125,0.2419354838709677,0.2419354838709677,0.9677419354838708,0.9677419354838708,0.0,0.9677419354838708,0.9677419354838708,0.2419354838709677,0.2419354838709677,0.7258064516129031,0.9677419354838708,0.2419354838709677,1.2096774193548383,0.0,0.0,0.7258064516129031,0.0,89.47,76.32,33.33,25.0,75.0,48.0,33.33,83.33,0.0570955118828271,0.0829057926459239,0.9677419354838708,3.629032258064516,0.0805015088709677,2.177419354838709,6.774193548387096,6.048387096774193,0.1594732379032257,33.14516129032258,DM/CM,96,100,98,100,10,69,25,31,38,92,73,85,29,54,54,10,90,90,58,35,65,6,52,85,52,92,88,71,29,92,27,17,85,58,77,92,100,100,100,96,85,88,96,100,100,100,100,4,69,25,12,38,92,62,81,29,54,54,8,92,81,35,31,50,6,52,85,52,92,88,71,29,92,27,17,85,62,77,88,100,100,100,96,88,88,100,Serbian SuperLeague
OFK Beograd,7kto5aea8tybeo2qmspftn1nz,496qqpm1r28kvtbxgk1pgj5ec,A. Pavlović,Andrej Pavlovic,19.0,Defender,Serbia,Defender,100.0,28.0,4.0,127.0,11.0,0.0,0.0,16.0,347.0,1.0,0.0,2.0,0.0,0.0,2.0,2.0,8.0,0.0,0.0,0.0,1.0,2.0,9.0,0.0,1.0,0.0,82.47,25.0,100.0,50.0,0.0,47.06,55.0,50.0,0.0,0.2350770661135774,0.0,2.0,0.04540798,2.0,6.0,7.0,0.3854476799999998,78.0,25.93659942363112,7.262247838616714,1.037463976945245,32.93948126801153,2.8530259365994235,0.0,0.0,4.14985590778098,0.2593659942363112,0.0,0.5187319884726225,0.0,0.0,0.5187319884726225,0.5187319884726225,2.07492795389049,0.0,0.0,0.0,0.2593659942363112,0.5187319884726225,2.334293948126801,0.0,0.2593659942363112,0.0,82.47,25.0,100.0,50.0,0.0,47.06,55.0,50.0,0.0,0.060970996974703,0.0,0.5187319884726225,0.0117772858789625,0.5187319884726225,1.5561959654178674,1.8155619596541783,0.0999720207492794,20.23054755043228,CB,58,38,31,52,70,15,23,54,31,48,74,32,34,80,79,39,48,33,10,67,50,97,51,78,51,38,10,98,58,33,31,44,44,16,85,31,46,50,70,42,41,65,54,48,19,15,38,71,15,23,38,25,48,69,32,34,73,73,17,48,33,10,65,48,98,51,79,51,38,10,98,58,33,31,44,44,16,77,31,46,42,75,40,33,69,50,Serbian SuperLeague
OFK Beograd,7kto5aea8tybeo2qmspftn1nz,6gxe8mbp0bg9bhahupvurlbvu,S. Despotovski,Stefan Despotovski,23.0,Defender,North Macedonia,Defender,33.0,25.0,3.0,58.0,1.0,1.0,0.0,11.0,177.0,0.0,0.0,0.0,1.0,1.0,2.0,2.0,5.0,0.0,0.0,6.0,1.0,1.0,1.0,0.0,0.0,0.0,78.38,37.5,0.0,50.0,0.0,45.83,25.0,33.33,0.0,0.0,0.0,0.0,0.0,0.0,0.0,0.0,0.0,0.0,16.779661016949152,12.71186440677966,1.5254237288135597,29.491525423728817,0.5084745762711864,0.5084745762711864,0.0,5.593220338983051,0.0,0.0,0.0,0.5084745762711864,0.5084745762711864,1.0169491525423728,1.0169491525423728,2.5423728813559325,0.0,0.0,3.050847457627119,0.5084745762711864,0.5084745762711864,0.5084745762711864,0.0,0.0,0.0,78.38,37.5,0.0,50.0,0.0,45.83,25.0,33.33,0.0,0.0,0.0,0.0,0.0,0.0,0.0,0.0,0.0,0.0,CB,21,27,20,19,16,41,23,36,11,48,20,77,80,80,79,22,48,33,86,67,32,23,51,38,51,25,31,38,58,33,27,19,27,16,23,31,15,15,23,9,10,9,9,27,50,19,31,19,67,23,77,11,48,20,88,96,90,90,21,48,33,100,88,46,29,51,38,51,25,31,38,58,33,27,19,27,16,23,31,15,15,23,9,10,9,9,Serbian SuperLeague
OFK Beograd,7kto5aea8tybeo2qmspftn1nz,7cnscodi0dspjmpgqvr8rxr3e,E. Hoard,Ethan Hoard,25.0,Attacker,USA,Striker,16.0,20.0,1.0,36.0,10.0,7.0,6.0,19.0,253.0,15.0,0.0,1.0,1.0,1.0,7.0,8.0,0.0,0.0,3.0,6.0,3.0,0.0,0.0,0.0,0.0,0.0,76.6,33.33,0.0,42.86,42.86,40.43,50.0,0.0,0.7032946276189597,0.0,1.0,3.0,0.10379542,0.0,2.0,1.0,0.0345740299999999,11.0,5.691699604743083,7.114624505928854,0.3557312252964427,12.806324110671936,3.557312252964427,2.490118577075099,2.134387351778656,6.758893280632412,5.335968379446641,0.0,0.3557312252964427,0.3557312252964427,0.3557312252964427,2.490118577075099,2.845849802371541,0.0,0.0,1.067193675889328,2.134387351778656,1.067193675889328,0.0,0.0,0.0,0.0,0.0,76.6,33.33,0.0,42.86,42.86,40.43,50.0,0.0,0.2501838596272979,0.0,0.3557312252964427,1.067193675889328,0.0369232719367588,0.0,0.7114624505928854,0.3557312252964427,0.0122990620553359,3.91304347826087,ST,64,28,40,40,81,45,62,63,71,42,15,37,35,72,72,10,28,67,67,70,10,28,51,33,51,72,41,33,49,77,35,74,10,53,9,34,41,49,14,40,17,16,29,72,26,35,42,77,42,60,74,77,42,16,37,37,84,84,10,28,74,63,79,10,28,51,33,51,72,41,33,49,77,35,74,10,49,9,28,37,42,14,37,12,14,35,Serbian SuperLeague
OFK Beograd,7kto5aea8tybeo2qmspftn1nz,8whxmgrx136fkppwxahspaluc,A. Vukičević,Aleksej Vukicevic,21.0,Defender,Serbia,Defender,139.0,44.0,8.0,183.0,8.0,2.0,1.0,22.0,360.0,5.0,0.0,0.0,1.0,1.0,1.0,1.0,12.0,0.0,1.0,10.0,1.0,1.0,3.0,0.0,0.0,0.0,88.41,38.1,0.0,100.0,50.0,66.67,57.14,33.33,0.1992249493879463,0.0,1.0,5.0,0.12556632,3.0,12.0,16.0,0.2641433100000001,107.0,34.75,11.0,2.0,45.75,2.0,0.5,0.25,5.5,1.25,0.0,0.0,0.25,0.25,0.25,0.25,3.0,0.0,0.25,2.5,0.25,0.25,0.75,0.0,0.0,0.0,88.41,38.1,0.0,100.0,50.0,66.67,57.14,33.33,0.0498062373469865,0.0,0.25,1.25,0.03139158,0.75,3.0,4.0,0.0660358275,26.75,CB,83,51,52,71,60,61,57,74,80,48,20,77,80,53,51,46,48,81,100,67,32,54,51,38,51,75,33,38,84,89,82,47,27,67,23,76,77,79,86,65,77,48,67,75,36,40,62,42,56,56,75,77,48,20,77,79,47,45,28,48,80,95,61,26,44,51,38,51,75,33,38,84,89,82,47,27,56,23,76,78,83,84,58,65,35,69,Serbian SuperLeague
OFK Beograd,7kto5aea8tybeo2qmspftn1nz,918dv7pftktl1d2t5lhez1soa,M. Momčilović,Miljan Momčilović,25.0,Midfielder,Serbia,Midfielder,96.0,56.0,12.0,151.0,5.0,3.0,0.0,31.0,383.0,0.0,0.0,3.0,3.0,1.0,2.0,2.0,8.0,0.0,1.0,9.0,2.0,10.0,4.0,0.0,1.0,0.0,80.75,50.0,100.0,100.0,33.33,67.39,71.43,66.67,0.1703943334232355,0.0941564363068737,2.0,8.0,0.1581840399999999,1.0,10.0,14.0,0.29258696,63.0,22.558746736292427,13.159268929503916,2.8198433420365534,35.483028720626635,1.174934725848564,0.7049608355091384,0.0,7.284595300261096,0.0,0.0,0.7049608355091384,0.7049608355091384,0.2349869451697128,0.4699738903394256,0.4699738903394256,1.8798955613577024,0.0,0.2349869451697128,2.114882506527416,0.4699738903394256,2.349869451697128,0.9399477806788512,0.0,0.2349869451697128,0.0,80.75,50.0,100.0,100.0,33.33,67.39,71.43,66.67,0.0400404438853556,0.0221255333358188,0.4699738903394256,1.8798955613577024,0.0371711843342036,0.2349869451697128,2.349869451697128,3.289817232375979,0.0687541159268929,14.804177545691909,DM/CM,88,58,69,67,71,54,25,85,17,44,62,71,69,31,31,75,42,60,85,56,96,62,52,62,52,50,38,98,96,65,88,77,56,50,38,60,75,69,46,50,56,50,50,88,35,65,73,50,42,25,85,17,44,54,62,73,23,23,65,42,58,81,46,92,46,52,58,52,50,38,98,96,65,88,77,56,42,38,50,69,65,38,42,46,38,46,Serbian SuperLeague
OFK Beograd,7kto5aea8tybeo2qmspftn1nz,9g5qi226dysmtv1jlq6nrfpjo,J. Šljivić,Jovan Sljivic,20.0,Midfielder,Serbia,Midfielder,18.0,52.0,9.0,66.0,0.0,4.0,2.0,17.0,277.0,6.0,0.0,8.0,2.0,0.0,9.0,9.0,0.0,1.0,3.0,7.0,3.0,4.0,1.0,0.0,4.0,0.0,83.54,75.0,19.05,33.33,75.0,54.84,0.0,57.14,0.2909033824342399,0.9221669272933724,1.0,5.0,0.15348075,0.0,10.0,11.0,0.48206278,28.0,5.8483754512635375,16.895306859205775,2.9241877256317688,21.44404332129964,0.0,1.2996389891696751,0.6498194945848376,5.523465703971119,1.9494584837545128,0.0,2.5992779783393503,0.6498194945848376,0.0,2.9241877256317688,2.9241877256317688,0.0,0.3249097472924188,0.9747292418772564,2.274368231046932,0.9747292418772564,1.2996389891696751,0.3249097472924188,0.0,1.2996389891696751,0.0,83.54,75.0,19.05,33.33,75.0,54.84,0.0,57.14,0.0945173444732187,0.2996210233083159,0.3249097472924188,1.624548736462094,0.0498673916967509,0.0,3.249097472924188,3.574007220216606,0.1566268960288808,9.097472924187723,CM/AM,32,52,77,46,9,36,45,64,38,34,71,32,14,79,79,18,73,71,75,77,77,30,52,80,50,71,79,50,43,95,79,11,43,32,82,25,36,43,12,59,52,68,38,32,43,71,25,9,25,43,75,43,34,75,32,14,82,82,18,71,61,82,75,75,21,52,82,50,71,79,50,43,95,79,11,43,29,86,21,32,36,12,46,50,64,18,Serbian SuperLeague
OFK Beograd,7kto5aea8tybeo2qmspftn1nz,a27fye98mtm7cesybb2xr13bo,Y. Silué,Yacouba Silué,24.0,Attacker,Côte d'Ivoire,Striker,24.0,65.0,3.0,89.0,7.0,17.0,12.0,27.0,515.0,28.0,0.0,12.0,5.0,4.0,19.0,20.0,3.0,3.0,5.0,7.0,8.0,2.0,0.0,0.0,0.0,0.0,70.08,75.0,0.0,42.11,29.41,41.54,36.84,40.0,2.3288754179757944,0.9082580138999428,6.0,16.0,0.42912298,4.0,6.0,11.0,0.4495355499999999,29.0,4.194174757281553,11.359223300970871,0.5242718446601942,15.553398058252426,1.2233009708737863,2.970873786407767,2.0970873786407767,4.718446601941747,4.893203883495145,0.0,2.0970873786407767,0.8737864077669902,0.6990291262135923,3.320388349514563,3.495145631067961,0.5242718446601942,0.5242718446601942,0.8737864077669902,1.2233009708737863,1.3980582524271843,0.3495145631067961,0.0,0.0,0.0,0.0,70.08,75.0,0.0,42.11,29.41,41.54,36.84,40.0,0.4069879371219835,0.1587247014582424,1.0485436893203883,2.796116504854369,0.0749923654368932,0.6990291262135923,1.0485436893203883,1.922330097087379,0.0785596106796116,5.067961165048543,ST,81,98,81,95,67,100,97,87,100,42,100,86,84,98,98,62,99,92,74,97,64,28,51,33,51,37,79,33,47,44,44,40,26,100,100,97,100,100,81,80,93,91,86,40,74,49,67,42,53,56,37,72,42,86,65,63,91,86,42,84,53,26,81,37,28,51,33,51,37,79,33,47,44,44,40,26,84,81,77,91,86,58,56,67,70,47,Serbian SuperLeague
OFK Beograd,7kto5aea8tybeo2qmspftn1nz,b9zniv3fsnbbtyh4dqu1ovpwp,U. Stojanović,Uros Stojanovic,31.0,Defender,Serbia,Defender,120.0,91.0,16.0,211.0,10.0,4.0,3.0,28.0,529.0,6.0,1.0,3.0,1.0,1.0,4.0,4.0,15.0,0.0,1.0,5.0,1.0,7.0,5.0,0.0,0.0,0.0,84.74,47.06,0.0,25.0,25.0,49.12,62.5,58.33,0.453142691432354,0.2910744295575219,0.0,8.0,0.16711712,3.0,14.0,19.0,0.5617932400000002,121.0,20.415879017013232,15.4820415879017,2.722117202268431,35.89792060491493,1.7013232514177692,0.6805293005671077,0.5103969754253308,4.7637051039697536,1.0207939508506616,0.1701323251417769,0.5103969754253308,0.1701323251417769,0.1701323251417769,0.6805293005671077,0.6805293005671077,2.551984877126654,0.0,0.1701323251417769,0.8506616257088846,0.1701323251417769,1.1909262759924384,0.8506616257088846,0.0,0.0,0.0,84.74,47.06,0.0,25.0,25.0,49.12,62.5,58.33,0.0770942197143891,0.0495211694899375,0.0,1.3610586011342154,0.0284320241965973,0.5103969754253308,2.3818525519848768,3.2325141776937616,0.0955791901701323,20.586011342155007,LB/LCB,94,94,88,94,94,88,94,88,78,91,62,59,78,62,56,78,44,78,72,38,94,69,53,12,53,88,69,12,38,69,25,69,44,88,62,25,91,69,88,69,91,69,100,88,62,62,88,62,75,81,25,56,88,44,50,75,31,31,38,44,69,38,38,69,38,53,12,53,88,69,12,38,69,25,69,44,81,50,25,50,44,50,56,69,56,94,Serbian SuperLeague
OFK Beograd,7kto5aea8tybeo2qmspftn1nz,cj3fd7djmm3m1lvxoyzq0onh1,M. Rodic,Milan Rodic,35.0,Defender,Serbia,Defender,49.0,45.0,10.0,93.0,6.0,3.0,2.0,15.0,238.0,5.0,0.0,0.0,1.0,2.0,2.0,3.0,11.0,0.0,0.0,2.0,2.0,3.0,3.0,0.0,1.0,0.0,74.4,41.67,33.33,100.0,0.0,65.22,85.71,60.0,0.1717769327921153,0.0,1.0,4.0,0.10760958,2.0,6.0,3.0,0.12616494,33.0,18.529411764705884,17.016806722689076,3.7815126050420167,35.16806722689076,2.26890756302521,1.134453781512605,0.7563025210084033,5.6722689075630255,1.8907563025210083,0.0,0.0,0.3781512605042016,0.7563025210084033,0.7563025210084033,1.134453781512605,4.159663865546219,0.0,0.0,0.7563025210084033,0.7563025210084033,1.134453781512605,1.134453781512605,0.0,0.3781512605042016,0.0,74.4,41.67,33.33,100.0,0.0,65.22,85.71,60.0,0.0649576636608839,0.0,0.3781512605042016,1.512605042016807,0.0406926983193277,0.7563025210084033,2.26890756302521,1.134453781512605,0.0477094310924369,12.478991596638656,LB/LCB,69,44,69,56,59,72,75,47,66,44,9,59,94,25,34,50,44,31,28,56,47,41,53,41,53,38,50,84,100,31,88,100,50,56,12,62,50,56,53,41,19,19,31,75,75,94,81,88,88,94,88,88,44,9,75,94,38,44,88,44,31,31,62,62,62,53,62,53,38,50,84,100,31,88,100,50,62,12,81,69,69,88,44,19,19,44,Serbian SuperLeague
OFK Beograd,7kto5aea8tybeo2qmspftn1nz,cj8qm9lxbiv1ehb80nivvez85,M. Gobeljić,Marko Gobeljic,33.0,Defender,Serbia,Defender,62.0,54.0,4.0,115.0,5.0,1.0,1.0,19.0,363.0,5.0,1.0,2.0,0.0,0.0,5.0,5.0,8.0,0.0,0.0,5.0,4.0,3.0,9.0,0.0,1.0,0.0,75.16,22.22,9.09,80.0,0.0,52.78,50.0,60.0,0.136468088502527,0.1798146875281181,0.0,7.0,0.15477598,1.0,13.0,18.0,0.4471428699999999,63.0,15.371900826446282,13.388429752066116,0.9917355371900828,28.51239669421488,1.2396694214876034,0.2479338842975206,0.2479338842975206,4.710743801652892,1.2396694214876034,0.2479338842975206,0.4958677685950413,0.0,0.0,1.2396694214876034,1.2396694214876034,1.983471074380165,0.0,0.0,1.2396694214876034,0.9917355371900828,0.7438016528925621,2.231404958677686,0.0,0.2479338842975206,0.0,75.16,22.22,9.09,80.0,0.0,52.78,50.0,60.0,0.0338350632650893,0.0445821539325912,0.0,1.7355371900826446,0.0383742099173553,0.2479338842975206,3.2231404958677685,4.462809917355372,0.1108618685950413,15.619834710743802,RB/RCB,64,57,32,64,64,39,79,68,89,89,39,29,32,79,79,50,54,43,82,93,61,93,54,43,54,36,21,36,100,43,71,68,57,50,50,29,93,86,29,64,71,57,64,71,57,21,64,57,36,86,64,71,86,29,29,32,64,64,21,54,43,86,86,57,93,54,43,54,36,21,36,100,43,71,68,57,50,50,29,79,79,29,71,79,50,79,Serbian SuperLeague
OFK Beograd,7kto5aea8tybeo2qmspftn1nz,cxfq8o3k68x1acwci3wx812w9,T. De Barr,Tjay De Barr,26.0,Attacker,Gibraltar,Striker,40.0,83.0,6.0,120.0,7.0,8.0,5.0,43.0,448.0,13.0,0.0,6.0,3.0,3.0,9.0,12.0,3.0,1.0,2.0,22.0,5.0,7.0,4.0,0.0,3.0,0.0,72.73,33.33,37.5,55.56,25.0,59.72,43.75,77.78,0.7835711893878639,0.6237896809488551,2.0,11.0,0.25413085,8.0,12.0,15.0,0.9901797499999998,52.0,8.035714285714285,16.674107142857142,1.2053571428571428,24.107142857142858,1.40625,1.6071428571428572,1.0044642857142856,8.638392857142858,2.611607142857143,0.0,1.2053571428571428,0.6026785714285714,0.6026785714285714,1.8080357142857144,2.4107142857142856,0.6026785714285714,0.2008928571428571,0.4017857142857143,4.419642857142857,1.0044642857142856,1.40625,0.8035714285714286,0.0,0.6026785714285714,0.0,72.73,33.33,37.5,55.56,25.0,59.72,43.75,77.78,0.1574138550109547,0.1253148912620467,0.4017857142857143,2.2098214285714284,0.0510530725446428,1.6071428571428572,2.4107142857142856,3.013392857142857,0.1989200390624999,10.446428571428571,ST,98,100,93,98,67,51,51,98,57,42,81,69,71,84,87,62,70,45,100,86,100,90,51,85,51,52,41,91,74,37,95,56,63,56,88,53,92,81,100,98,98,98,98,88,86,91,86,49,30,30,88,16,42,58,53,47,56,72,47,58,26,100,72,95,81,51,74,51,52,41,91,74,37,95,56,63,33,70,30,81,70,95,93,88,91,91,Serbian SuperLeague
OFK Beograd,7kto5aea8tybeo2qmspftn1nz,eb6ir40kzprcv87hgu6k04c2c,Đ. Ranković,Dorde Rankovic,18.0,Midfielder,Serbia,Midfielder,10.0,35.0,3.0,41.0,2.0,3.0,1.0,16.0,152.0,8.0,0.0,6.0,2.0,2.0,10.0,11.0,1.0,1.0,1.0,8.0,5.0,0.0,1.0,0.0,4.0,0.0,78.85,60.0,36.36,50.0,33.33,57.14,28.57,0.0,0.2760227784967127,0.5304950661511437,2.0,4.0,0.10673902,1.0,5.0,5.0,0.1481682,11.0,5.921052631578948,20.723684210526315,1.7763157894736843,24.276315789473685,1.1842105263157894,1.7763157894736843,0.5921052631578947,9.473684210526317,4.7368421052631575,0.0,3.5526315789473686,1.1842105263157894,1.1842105263157894,5.921052631578948,6.5131578947368425,0.5921052631578947,0.5921052631578947,0.5921052631578947,4.7368421052631575,2.960526315789474,0.0,0.5921052631578947,0.0,2.3684210526315788,0.0,78.85,60.0,36.36,50.0,33.33,57.14,28.57,0.0,0.1634345398993693,0.3141089207473877,1.1842105263157894,2.3684210526315788,0.0632007355263157,0.5921052631578947,2.960526315789474,2.960526315789474,0.0877311710526315,6.5131578947368425,LM/LCM,25,50,38,25,62,50,38,50,50,44,81,69,75,100,100,19,88,38,81,88,19,50,56,94,56,62,75,88,69,38,75,38,19,38,75,69,50,50,44,56,19,25,12,50,75,62,62,62,50,50,88,75,44,88,75,100,100,100,38,100,38,100,100,19,62,56,100,56,62,75,88,69,38,75,38,19,50,100,88,50,62,38,75,75,50,25,Serbian SuperLeague
OFK Beograd,7kto5aea8tybeo2qmspftn1nz,erx6nfize9rfoygydzg0fyjh0,M. Fall,Moustapha Fall,21.0,Defender,Senegal,Defender,63.0,18.0,4.0,81.0,5.0,0.0,0.0,7.0,148.0,0.0,0.0,0.0,0.0,0.0,2.0,2.0,6.0,0.0,0.0,0.0,2.0,0.0,0.0,0.0,0.0,0.0,90.0,66.67,0.0,100.0,0.0,50.0,62.5,0.0,0.0,0.0,0.0,0.0,0.0,0.0,0.0,0.0,0.0,0.0,38.310810810810814,10.945945945945946,2.4324324324324325,49.25675675675676,3.040540540540541,0.0,0.0,4.256756756756757,0.0,0.0,0.0,0.0,0.0,1.2162162162162162,1.2162162162162162,3.6486486486486487,0.0,0.0,0.0,1.2162162162162162,0.0,0.0,0.0,0.0,0.0,90.0,66.67,0.0,100.0,0.0,50.0,62.5,0.0,0.0,0.0,0.0,0.0,0.0,0.0,0.0,0.0,0.0,0.0,CB,38,17,31,33,39,15,23,25,11,48,20,32,34,80,79,29,48,33,10,90,11,9,51,38,51,81,88,38,84,33,35,65,11,16,23,31,15,15,23,9,10,9,9,81,33,56,71,79,15,23,40,11,48,20,32,34,94,92,44,48,33,10,96,11,9,51,38,51,81,88,38,84,33,35,65,11,16,23,31,15,15,23,9,10,9,9,Serbian SuperLeague
