Team,contestantId,playerId,Short Name,Player Name,Age,Position_x,Nationality,Position_y,total accurate back zone pass_Total,total accurate cross_Total,total accurate fwd zone pass_Total,total accurate long balls_Total,total accurate pass_Total,total aerial won_Total,total att assist_Total,total attempt_Total,total attempts ibox_Total,total contest_Total,total dribbles attempted_Total,total duels won_Total,total effective clearance_Total,total interception_Total,total mins played,total ontarget attempt_Total,total touches in opposition box_Total,total was fouled_Total,total won contest_Total,total won tackle_Total,total assists_Total,total attempts obox_Total,total goals_Total,total blocked scoring att_Total,total big chances saved_Total,total direct setpiece goals_Total,pass_success_pct_Total,long_balls_success_pct_Total,cross_success_pct_Total,dribble_success_pct_Total,attempt_success_pct_Total,duel_success_pct_Total,aerial_success_pct_Total,tackle_success_pct_Total,xG_Total,xA_Total,CreatedOwnShot_Total,Total Carries_Total,Total Carry xT_Total,Total Final Third Carries_Total,passes_into_final_third_Total,progressive_passes_Total,xT_pass_Total,forward_passes_Total,total accurate back zone pass_p90,total accurate cross_p90,total accurate fwd zone pass_p90,total accurate long balls_p90,total accurate pass_p90,total aerial won_p90,total att assist_p90,total attempt_p90,total attempts ibox_p90,total contest_p90,total dribbles attempted_p90,total duels won_p90,total effective clearance_p90,total interception_p90,total ontarget attempt_p90,total touches in opposition box_p90,total was fouled_p90,total won contest_p90,total won tackle_p90,total assists_p90,total attempts obox_p90,total goals_p90,total blocked scoring att_p90,total big chances saved_p90,total direct setpiece goals_p90,pass_success_pct_p90,long_balls_success_pct_p90,cross_success_pct_p90,dribble_success_pct_p90,attempt_success_pct_p90,duel_success_pct_p90,aerial_success_pct_p90,tackle_success_pct_p90,xG_p90,xA_p90,CreatedOwnShot_p90,Total Carries_p90,Total Carry xT_p90,Total Final Third Carries_p90,passes_into_final_third_p90,progressive_passes_p90,xT_pass_p90,forward_passes_p90,Pos.,total accurate back zone pass_TotalPR,total accurate cross_TotalPR,total accurate fwd zone pass_TotalPR,total accurate long balls_TotalPR,total accurate pass_TotalPR,total aerial won_TotalPR,total att assist_TotalPR,total attempt_TotalPR,total attempts ibox_TotalPR,total contest_TotalPR,total dribbles attempted_TotalPR,total duels won_TotalPR,total effective clearance_TotalPR,total interception_TotalPR,total ontarget attempt_TotalPR,total touches in opposition box_TotalPR,total was fouled_TotalPR,total won contest_TotalPR,total won tackle_TotalPR,total assists_TotalPR,total attempts obox_TotalPR,total goals_TotalPR,total blocked scoring att_TotalPR,total big chances saved_TotalPR,total direct setpiece goals_TotalPR,pass_success_pct_TotalPR,long_balls_success_pct_TotalPR,cross_success_pct_TotalPR,dribble_success_pct_TotalPR,attempt_success_pct_TotalPR,duel_success_pct_TotalPR,aerial_success_pct_TotalPR,tackle_success_pct_TotalPR,xG_TotalPR,xA_TotalPR,CreatedOwnShot_TotalPR,Total Carries_TotalPR,Total Carry xT_TotalPR,Total Final Third Carries_TotalPR,passes_into_final_third_TotalPR,progressive_passes_TotalPR,xT_pass_TotalPR,forward_passes_TotalPR,total accurate back zone pass_p90PR,total accurate cross_p90PR,total accurate fwd zone pass_p90PR,total accurate long balls_p90PR,total accurate pass_p90PR,total aerial won_p90PR,total att assist_p90PR,total attempt_p90PR,total attempts ibox_p90PR,total contest_p90PR,total dribbles attempted_p90PR,total duels won_p90PR,total effective clearance_p90PR,total interception_p90PR,total ontarget attempt_p90PR,total touches in opposition box_p90PR,total was fouled_p90PR,total won contest_p90PR,total won tackle_p90PR,total assists_p90PR,total attempts obox_p90PR,total goals_p90PR,total blocked scoring att_p90PR,total big chances saved_p90PR,total direct setpiece goals_p90PR,pass_success_pct_p90PR,long_balls_success_pct_p90PR,cross_success_pct_p90PR,dribble_success_pct_p90PR,attempt_success_pct_p90PR,duel_success_pct_p90PR,aerial_success_pct_p90PR,tackle_success_pct_p90PR,xG_p90PR,xA_p90PR,CreatedOwnShot_p90PR,Total Carries_p90PR,Total Carry xT_p90PR,Total Final Third Carries_p90PR,passes_into_final_third_p90PR,progressive_passes_p90PR,xT_pass_p90PR,forward_passes_p90PR,League
Trenčín,d9r4z4nqawrz7mfu3t4o05rd2,18443jomfufijc5n6b35ejlcl,L. Skovajsa,Lukás Skovajsa,32.0,Defender,Slovakia,Defender,74.0,0.0,59.0,6.0,133.0,4.0,1.0,1.0,1.0,1.0,1.0,13.0,12.0,5.0,360.0,0.0,2.0,4.0,0.0,3.0,0.0,0.0,0.0,0.0,1.0,0.0,74.72,25.0,0.0,0.0,0.0,48.15,44.44,60.0,0.0904895971882557,0.0892798572249555,0.0,1.0,0.0174506,2.0,12.0,16.0,0.3669143199999999,63.0,18.5,0.0,14.75,1.5,33.25,1.0,0.25,0.25,0.25,0.25,0.25,3.25,3.0,1.25,0.0,0.5,1.0,0.0,0.75,0.0,0.0,0.0,0.0,0.25,0.0,74.72,25.0,0.0,0.0,0.0,48.15,44.44,60.0,0.0226223992970639,0.0223199643062388,0.0,0.25,0.00436265,0.5,3.0,4.0,0.0917285799999999,15.75,RB/RCB,78,28,75,45,85,50,45,35,55,30,30,40,72,62,35,40,75,25,42,40,28,45,30,100,52,30,20,28,25,35,30,35,40,45,50,30,35,30,70,70,68,60,75,68,28,55,20,60,35,38,30,48,20,20,15,55,60,35,28,62,25,25,40,28,45,30,100,52,30,20,28,25,35,30,35,40,35,40,30,35,35,60,60,57,35,55,Niké Liga
Trenčín,d9r4z4nqawrz7mfu3t4o05rd2,2rnrwn2zniypt4mt1krwtiqz8,P. Diouf,Pape Mamadou Diouf,20.0,Defender,Senegal,Defender,105.0,0.0,25.0,11.0,130.0,2.0,0.0,1.0,0.0,0.0,0.0,10.0,12.0,6.0,240.0,0.0,0.0,4.0,0.0,4.0,0.0,1.0,0.0,0.0,0.0,0.0,86.09,45.83,0.0,0.0,0.0,45.45,33.33,100.0,0.0316968981944401,0.0,1.0,2.0,0.03608883,0.0,3.0,4.0,0.1238574599999999,77.0,39.375,0.0,9.375,4.125,48.75,0.75,0.0,0.375,0.0,0.0,0.0,3.75,4.5,2.25,0.0,0.0,1.5,0.0,1.5,0.0,0.375,0.0,0.0,0.0,0.0,86.09,45.83,0.0,0.0,0.0,45.45,33.33,100.0,0.011886336822915,0.0,0.375,0.75,0.01353331125,0.0,1.125,1.5,0.0464465474999999,28.875,CB,71,38,24,69,63,25,18,26,16,28,28,37,57,96,22,12,90,29,76,47,74,43,29,49,51,65,44,38,29,22,31,26,87,21,21,76,68,62,29,28,29,29,62,74,38,18,79,68,26,18,24,16,28,28,38,53,91,22,12,85,29,82,47,76,43,29,49,51,65,44,38,29,22,31,26,87,21,21,76,69,65,29,26,24,24,68,Niké Liga
Trenčín,d9r4z4nqawrz7mfu3t4o05rd2,410p7dcz1zqvkje53kev8jk6h,R. Križan,Richard Krizan,28.0,Defender,Slovakia,Defender,142.0,0.0,38.0,9.0,180.0,11.0,2.0,2.0,2.0,0.0,0.0,18.0,20.0,0.0,336.0,1.0,4.0,1.0,0.0,5.0,0.0,0.0,0.0,0.0,0.0,0.0,91.84,60.0,0.0,0.0,50.0,62.07,73.33,83.33,0.2662591329950587,0.1670110725910913,0.0,1.0,0.01935132,0.0,6.0,8.0,0.2178719999999999,97.0,38.035714285714285,0.0,10.178571428571429,2.4107142857142856,48.21428571428572,2.946428571428571,0.5357142857142857,0.5357142857142857,0.5357142857142857,0.0,0.0,4.821428571428571,5.357142857142857,0.0,0.2678571428571428,1.0714285714285714,0.2678571428571428,0.0,1.3392857142857142,0.0,0.0,0.0,0.0,0.0,0.0,91.84,60.0,0.0,0.0,50.0,62.07,73.33,83.33,0.0713194106236764,0.0447351087297566,0.0,0.2678571428571428,0.0051833892857142,0.0,1.6071428571428572,2.142857142857143,0.0583585714285714,25.982142857142858,CB,79,38,44,54,79,87,72,47,59,28,28,81,75,6,60,50,43,29,88,47,29,43,29,49,51,94,81,38,29,74,74,82,65,65,68,32,50,47,29,40,44,41,79,71,38,21,26,62,71,65,38,53,28,28,65,68,6,50,43,35,29,74,47,29,43,29,49,51,94,81,38,29,74,74,82,65,53,62,32,50,47,29,38,35,35,65,Niké Liga
Trenčín,d9r4z4nqawrz7mfu3t4o05rd2,6epqdvfqoccu5z8qanqwnbqax,M. Poom,Markus Poom,27.0,Midfielder,Estonia,Midfielder,86.0,9.0,61.0,9.0,138.0,2.0,11.0,4.0,0.0,0.0,0.0,6.0,6.0,5.0,350.0,2.0,0.0,1.0,0.0,3.0,0.0,4.0,1.0,1.0,0.0,0.0,82.63,56.25,25.71,0.0,50.0,46.15,50.0,100.0,0.2333103952755948,1.3560450529034265,1.0,4.0,0.0709389,3.0,14.0,10.0,0.1761380299999999,67.0,22.11428571428572,2.3142857142857145,15.685714285714283,2.3142857142857145,35.48571428571429,0.5142857142857143,2.8285714285714287,1.0285714285714287,0.0,0.0,0.0,1.542857142857143,1.542857142857143,1.2857142857142858,0.5142857142857143,0.0,0.2571428571428572,0.0,0.7714285714285715,0.0,1.0285714285714287,0.2571428571428572,0.2571428571428572,0.0,0.0,82.63,56.25,25.71,0.0,50.0,46.15,50.0,100.0,0.0599941016422958,0.3486972993180239,0.2571428571428572,1.0285714285714287,0.0182414314285714,0.7714285714285715,3.6,2.571428571428572,0.0452926362857142,17.228571428571428,DM/CM,74,100,63,77,74,47,100,63,13,15,15,15,55,79,81,6,19,19,48,40,89,82,63,52,48,35,58,65,19,77,27,55,90,52,100,55,63,45,85,77,53,26,66,68,97,42,65,61,26,94,42,13,15,15,3,45,65,61,6,10,19,26,40,81,71,52,52,48,35,58,65,19,77,27,55,90,32,97,48,55,48,77,55,23,13,52,Niké Liga
Trenčín,d9r4z4nqawrz7mfu3t4o05rd2,789btd0gnhmy0qiwpij6pzuhg,D. Kam,Dylann Kam,21.0,Attacker,Burkina Faso,Striker,12.0,0.0,24.0,1.0,36.0,0.0,2.0,1.0,1.0,8.0,9.0,11.0,1.0,1.0,167.0,1.0,4.0,4.0,3.0,1.0,0.0,0.0,0.0,0.0,0.0,0.0,80.0,50.0,0.0,37.5,100.0,52.38,0.0,25.0,0.0813890602290572,0.1119430972244265,0.0,2.0,0.08133984,1.0,3.0,4.0,0.08668465,12.0,6.4670658682634725,0.0,12.934131736526943,0.5389221556886228,19.40119760479042,0.0,1.0778443113772456,0.5389221556886228,0.5389221556886228,4.311377245508982,4.850299401197605,5.92814371257485,0.5389221556886228,0.5389221556886228,0.5389221556886228,2.155688622754491,2.155688622754491,1.616766467065868,0.5389221556886228,0.0,0.0,0.0,0.0,0.0,0.0,80.0,50.0,0.0,37.5,100.0,52.38,0.0,25.0,0.0438623677881146,0.060328615270649,0.0,1.0778443113772456,0.0438358419161676,0.5389221556886228,1.616766467065868,2.155688622754491,0.0467162784431137,6.4670658682634725,RW,88,50,75,75,75,38,62,38,75,75,75,50,38,62,62,50,50,62,50,62,38,62,50,62,62,100,75,50,75,100,75,38,50,50,50,25,50,50,38,88,50,50,75,100,50,75,75,100,38,75,50,75,75,100,75,25,100,75,50,50,75,50,62,38,62,50,62,62,100,75,50,75,100,75,38,50,50,50,25,50,50,75,75,75,50,75,Niké Liga
Trenčín,d9r4z4nqawrz7mfu3t4o05rd2,7u2l210fe2s0v46x0aos9tqtw,N. Jovanović,Nikola Jovanovic,23.0,Defender,Serbia,Defender,40.0,0.0,35.0,2.0,75.0,3.0,1.0,1.0,0.0,10.0,10.0,17.0,5.0,2.0,203.0,0.0,4.0,4.0,5.0,3.0,0.0,1.0,0.0,1.0,0.0,0.0,79.79,22.22,0.0,50.0,0.0,48.57,50.0,60.0,0.0783461444535329,0.061303165206708,1.0,2.0,0.06241384,2.0,6.0,4.0,0.2106742999999999,43.0,17.733990147783253,0.0,15.517241379310343,0.8866995073891626,33.251231527093594,1.3300492610837438,0.4433497536945813,0.4433497536945813,0.0,4.433497536945813,4.433497536945813,7.536945812807882,2.2167487684729066,0.8866995073891626,0.0,1.7733990147783252,1.7733990147783252,2.2167487684729066,1.3300492610837438,0.0,0.4433497536945813,0.0,0.4433497536945813,0.0,0.0,79.79,22.22,0.0,50.0,0.0,48.57,50.0,60.0,0.0347347438463939,0.0271787431950922,0.4433497536945813,0.8866995073891626,0.027671160591133,0.8866995073891626,2.6600985221674875,1.7733990147783252,0.0934023990147782,19.064039408867,RB/RCB,50,28,38,12,35,28,45,35,22,90,90,62,35,42,35,70,75,90,42,40,68,45,72,50,52,60,15,28,72,35,35,52,40,40,35,70,50,55,70,40,30,35,57,55,28,70,15,65,55,55,45,22,100,100,95,45,50,35,80,100,100,40,40,80,45,90,50,52,60,15,28,72,35,35,52,40,40,45,80,60,65,85,50,30,40,75,Niké Liga
Trenčín,d9r4z4nqawrz7mfu3t4o05rd2,7xsfwboa87damxs9co25sf7ys,Eynel Soares,Eynel Domingos Rocha Soares,27.0,Midfielder,Cabo Verde,Midfielder,6.0,4.0,27.0,1.0,29.0,2.0,6.0,9.0,6.0,21.0,22.0,20.0,0.0,1.0,296.0,3.0,18.0,8.0,10.0,0.0,2.0,3.0,1.0,3.0,0.0,0.0,69.05,100.0,30.77,47.62,33.33,43.48,33.33,0.0,0.6133329181389541,0.7602521413583458,4.0,7.0,0.20257985,4.0,4.0,6.0,0.7764388000000002,21.0,1.8243243243243243,1.2162162162162162,8.20945945945946,0.304054054054054,8.817567567567568,0.6081081081081081,1.8243243243243243,2.7364864864864864,1.8243243243243243,6.385135135135135,6.6891891891891895,6.081081081081082,0.0,0.304054054054054,0.9121621621621622,5.472972972972973,2.4324324324324325,3.040540540540541,0.0,0.6081081081081081,0.9121621621621622,0.304054054054054,0.9121621621621622,0.0,0.0,69.05,100.0,30.77,47.62,33.33,43.48,33.33,0.0,0.1864863602449522,0.2311577456832808,1.2162162162162162,2.1283783783783785,0.0615952246621621,1.2162162162162162,1.2162162162162162,1.8243243243243243,0.2360793648648649,6.385135135135135,LM/LCM,60,80,60,70,60,80,60,100,80,100,100,90,30,50,70,80,80,100,20,100,100,80,100,60,60,20,90,60,40,50,60,60,20,80,60,90,80,80,80,60,70,100,60,20,80,60,60,20,60,20,100,60,100,100,60,30,60,60,80,80,100,20,100,100,80,100,60,60,20,90,60,40,50,60,60,20,60,60,40,60,80,80,60,80,100,60,Niké Liga
Trenčín,d9r4z4nqawrz7mfu3t4o05rd2,90n0jcctbgyj7ffuro7fyhiad,Pablo González,Pablo González,33.0,Midfielder,Spain,Midfielder,13.0,1.0,37.0,3.0,49.0,6.0,3.0,8.0,6.0,4.0,5.0,22.0,0.0,1.0,190.0,5.0,9.0,8.0,1.0,5.0,0.0,2.0,1.0,2.0,0.0,0.0,71.01,30.0,12.5,25.0,62.5,56.41,42.86,71.43,0.7517461254868834,0.1178370903502249,2.0,2.0,0.05482142,2.0,5.0,7.0,0.24626449,28.0,6.157894736842105,0.4736842105263157,17.526315789473685,1.4210526315789471,23.21052631578948,2.8421052631578947,1.4210526315789471,3.789473684210526,2.8421052631578947,1.894736842105263,2.3684210526315788,10.421052631578949,0.0,0.4736842105263157,2.3684210526315788,4.263157894736842,3.789473684210526,0.4736842105263157,2.3684210526315788,0.0,0.9473684210526316,0.4736842105263157,0.9473684210526316,0.0,0.0,71.01,30.0,12.5,25.0,62.5,56.41,42.86,71.43,0.356090269967471,0.0558175691132644,0.9473684210526316,0.9473684210526316,0.0259680410526315,0.9473684210526316,2.3684210526315788,3.3157894736842106,0.1166516005263157,13.263157894736842,RM/RCM,50,55,68,68,64,95,82,86,82,59,68,100,14,45,100,59,95,36,82,36,73,68,82,55,55,27,36,27,36,91,55,50,73,73,64,68,45,36,73,64,64,55,68,64,55,64,73,64,100,82,100,100,55,64,100,14,36,100,55,100,55,82,36,82,73,91,55,55,27,36,27,36,91,55,50,73,91,55,64,45,45,82,64,64,55,82,Niké Liga
Trenčín,d9r4z4nqawrz7mfu3t4o05rd2,a8arrpa5myjkzun3m4xfxy784,L. Mikulaj,Lukás Mikulaj,21.0,Attacker,Slovakia,Striker,28.0,0.0,35.0,3.0,63.0,12.0,5.0,7.0,7.0,6.0,6.0,24.0,3.0,2.0,360.0,2.0,10.0,5.0,5.0,2.0,0.0,0.0,1.0,1.0,0.0,0.0,79.75,75.0,0.0,83.33,28.57,42.86,44.44,100.0,0.9730661169063242,0.3372999310362339,0.0,4.0,0.07426207,0.0,8.0,10.0,0.1227686499999999,25.0,7.0,0.0,8.75,0.75,15.75,3.0,1.25,1.75,1.75,1.5,1.5,6.0,0.75,0.5,0.5,2.5,1.25,1.25,0.5,0.0,0.0,0.25,0.25,0.0,0.0,79.75,75.0,0.0,83.33,28.57,42.86,44.44,100.0,0.243266529226581,0.0843249827590584,0.0,1.0,0.0185655175,0.0,2.0,2.5,0.0306921624999999,6.25,ST,95,26,68,81,84,95,77,52,73,58,56,87,74,82,44,34,73,84,68,42,21,61,50,52,52,81,76,26,94,39,50,66,82,61,71,15,58,32,23,89,87,35,76,87,26,42,69,61,87,50,32,48,35,35,74,58,68,32,19,52,77,47,42,21,56,42,52,52,81,76,26,94,39,50,66,82,45,45,15,45,19,23,81,81,26,71,Niké Liga
Trenčín,d9r4z4nqawrz7mfu3t4o05rd2,b3b4ebv8jfukcu74rfyref5zo,T. Hájovský,Tadeás Hájovsky,20.0,Midfielder,Slovakia,Midfielder,46.0,3.0,67.0,3.0,110.0,2.0,3.0,6.0,1.0,1.0,2.0,20.0,4.0,7.0,335.0,1.0,6.0,14.0,1.0,1.0,0.0,5.0,0.0,0.0,0.0,0.0,85.27,50.0,37.5,100.0,16.67,64.52,50.0,33.33,0.4627557081788276,0.3177720633808664,2.0,4.0,0.08602868,4.0,12.0,10.0,0.43026827,64.0,12.35820895522388,0.8059701492537313,18.0,0.8059701492537313,29.55223880597015,0.5373134328358209,0.8059701492537313,1.611940298507463,0.2686567164179104,0.2686567164179104,0.5373134328358209,5.3731343283582085,1.0746268656716418,1.880597014925373,0.2686567164179104,1.611940298507463,3.761194029850746,0.2686567164179104,0.2686567164179104,0.0,1.343283582089552,0.0,0.0,0.0,0.0,85.27,50.0,37.5,100.0,16.67,64.52,50.0,33.33,0.1243224290629686,0.0853715991172476,0.5373134328358209,1.0746268656716418,0.0231121826865671,1.0746268656716418,3.2238805970149254,2.686567164179104,0.1155944605970149,17.19402985074627,DM/CM,55,81,76,24,55,47,65,89,39,37,50,79,39,92,50,77,100,55,15,40,95,34,21,52,48,61,35,81,92,31,87,55,13,77,65,74,63,58,94,60,53,74,61,23,74,61,13,52,29,52,77,32,32,45,71,26,84,39,68,97,52,10,40,87,34,21,52,48,61,35,81,92,31,87,55,13,74,61,65,61,52,94,48,29,61,48,Niké Liga
Trenčín,d9r4z4nqawrz7mfu3t4o05rd2,eim53fbgajnpydps3071jxivp,J. Paur,Jakub Paur,34.0,Attacker,Slovakia,Striker,16.0,0.0,26.0,2.0,42.0,4.0,2.0,6.0,4.0,2.0,3.0,9.0,7.0,0.0,237.0,1.0,8.0,2.0,1.0,1.0,0.0,2.0,1.0,2.0,0.0,0.0,73.68,50.0,0.0,50.0,16.67,32.14,28.57,50.0,0.7340446859303623,0.1846348043722792,0.0,5.0,0.14733765,3.0,2.0,3.0,0.1221312099999999,10.0,6.075949367088608,0.0,9.873417721518988,0.759493670886076,15.949367088607596,1.518987341772152,0.759493670886076,2.278481012658228,1.518987341772152,0.759493670886076,1.139240506329114,3.4177215189873418,2.6582278481012658,0.0,0.379746835443038,3.037974683544304,0.759493670886076,0.379746835443038,0.379746835443038,0.0,0.759493670886076,0.379746835443038,0.759493670886076,0.0,0.0,73.68,50.0,0.0,50.0,16.67,32.14,28.57,50.0,0.2787511465558338,0.0701144826730174,0.0,1.89873417721519,0.0559510063291139,1.139240506329114,0.759493670886076,1.139240506329114,0.046378940506329,3.79746835443038,ST,66,26,45,60,52,58,31,39,27,26,32,35,95,24,21,23,35,35,39,42,73,61,68,52,52,58,53,26,68,23,23,40,37,48,32,15,76,71,90,32,42,32,39,81,26,58,74,65,58,29,45,35,24,32,26,97,24,21,23,32,27,31,42,81,68,71,52,52,58,53,26,68,23,23,40,37,48,35,15,79,74,87,23,42,35,32,Niké Liga
Trenčín,d9r4z4nqawrz7mfu3t4o05rd2,z4fjg53quqxjh0sjx9u7hg4,H. Pávek,Hugo Pávek,21.0,Defender,Slovakia,Defender,97.0,3.0,49.0,8.0,143.0,7.0,1.0,0.0,0.0,4.0,4.0,29.0,15.0,5.0,346.0,0.0,2.0,5.0,2.0,9.0,0.0,0.0,0.0,0.0,0.0,0.0,80.79,50.0,30.0,50.0,0.0,76.32,70.0,60.0,0.0,0.1342364835724845,0.0,7.0,0.14911862,3.0,7.0,10.0,0.4139412700000001,74.0,25.23121387283237,0.7803468208092486,12.745664739884392,2.0809248554913293,37.19653179190751,1.8208092485549128,0.2601156069364161,0.0,0.0,1.0404624277456649,1.0404624277456649,7.543352601156069,3.9017341040462425,1.300578034682081,0.0,0.5202312138728323,1.300578034682081,0.5202312138728323,2.341040462427745,0.0,0.0,0.0,0.0,0.0,0.0,80.79,50.0,30.0,50.0,0.0,76.32,70.0,60.0,0.0,0.034917004397467,0.0,1.8208092485549128,0.0387880803468208,0.7803468208092486,1.8208092485549128,2.601156069364162,0.1076725846820809,19.2485549132948,RB/RCB,95,95,55,60,90,88,45,12,22,75,72,90,80,62,35,40,95,70,92,40,28,45,30,50,52,75,72,65,72,35,90,80,40,15,55,30,95,90,88,48,48,65,90,85,85,45,45,85,80,45,12,22,70,70,100,75,65,35,35,80,65,100,40,28,45,30,50,52,75,72,65,72,35,90,80,40,15,50,30,85,85,80,30,40,50,80,Niké Liga
DAC 1904,7o9tba6opekhoz7pcuq8gm93m,1gq668oo73fi2nyyrjol7axud,T. Kacharaba,Taras Kacharaba,31.0,Defender,Ukraine,Defender,67.0,0.0,45.0,23.0,112.0,6.0,1.0,0.0,0.0,0.0,0.0,7.0,10.0,2.0,135.0,0.0,0.0,0.0,0.0,1.0,0.0,0.0,0.0,0.0,1.0,0.0,86.82,76.67,0.0,0.0,0.0,87.5,85.71,100.0,0.0,0.0330897407040201,0.0,3.0,0.0682068899999999,1.0,11.0,19.0,0.46660334,72.0,44.66666666666666,0.0,30.0,15.333333333333334,74.66666666666667,4.0,0.6666666666666666,0.0,0.0,0.0,0.0,4.666666666666667,6.666666666666667,1.3333333333333333,0.0,0.0,0.0,0.0,0.6666666666666666,0.0,0.0,0.0,0.0,0.6666666666666666,0.0,86.82,76.67,0.0,0.0,0.0,87.5,85.71,100.0,0.0,0.0220598271360134,0.0,2.0,0.0454712599999999,0.6666666666666666,7.333333333333333,12.666666666666666,0.3110688933333333,48.0,CB,53,38,59,97,50,62,49,9,16,28,28,22,47,43,22,12,15,29,19,47,29,43,29,99,51,76,100,38,29,22,100,100,87,10,41,32,76,71,69,68,91,82,59,88,38,94,100,97,85,68,9,16,28,28,62,85,74,22,12,15,29,31,47,29,43,29,100,51,76,100,38,29,22,100,100,87,10,47,32,97,94,79,97,100,100,100,Niké Liga
DAC 1904,7o9tba6opekhoz7pcuq8gm93m,4fvgqwfpl4eezh867r1y53zai,G. Gagua,Giorgi Gagua,24.0,Attacker,Georgia,Striker,23.0,0.0,56.0,3.0,79.0,2.0,12.0,4.0,1.0,8.0,8.0,31.0,2.0,1.0,273.0,1.0,16.0,13.0,6.0,5.0,3.0,3.0,1.0,2.0,0.0,0.0,79.0,60.0,0.0,75.0,25.0,67.39,40.0,50.0,0.3533333149916318,0.9762927031769468,3.0,12.0,0.28227123,6.0,10.0,15.0,0.6468287100000001,42.0,7.582417582417583,0.0,18.461538461538463,0.989010989010989,26.043956043956044,0.6593406593406593,3.956043956043956,1.3186813186813189,0.3296703296703296,2.6373626373626373,2.6373626373626373,10.21978021978022,0.6593406593406593,0.3296703296703296,0.3296703296703296,5.274725274725275,4.285714285714286,1.978021978021978,1.6483516483516485,0.989010989010989,0.989010989010989,0.3296703296703296,0.6593406593406593,0.0,0.0,79.0,60.0,0.0,75.0,25.0,67.39,40.0,50.0,0.1164835104368016,0.3218547373110814,0.989010989010989,3.956043956043956,0.0930564494505494,1.978021978021978,3.296703296703297,4.945054945054945,0.2132402340659341,13.846153846153848,ST,87,26,94,81,94,32,100,19,10,81,74,94,50,61,21,66,98,87,92,98,84,61,68,52,52,74,66,26,87,31,100,58,37,23,100,79,100,94,100,94,97,90,97,90,26,90,81,90,32,100,13,6,71,68,100,48,58,13,52,100,97,94,97,87,61,68,52,52,74,66,26,87,31,100,58,37,16,100,87,97,87,100,97,100,97,100,Niké Liga
DAC 1904,7o9tba6opekhoz7pcuq8gm93m,4ryug5pbklraoj9dj5gygyju1,T. Kapanadze,Tsotne Kapanadze,24.0,Defender,Georgia,Defender,23.0,2.0,19.0,2.0,40.0,2.0,2.0,1.0,1.0,1.0,1.0,4.0,2.0,0.0,113.0,0.0,1.0,1.0,0.0,1.0,0.0,0.0,0.0,0.0,0.0,0.0,90.91,50.0,66.67,0.0,0.0,50.0,66.67,100.0,0.0690539346834926,0.1762461752870722,0.0,1.0,0.01935132,0.0,3.0,2.0,0.14885229,22.0,18.31858407079646,1.592920353982301,15.132743362831858,1.592920353982301,31.858407079646017,1.592920353982301,1.592920353982301,0.7964601769911505,0.7964601769911505,0.7964601769911505,0.7964601769911505,3.185840707964602,1.592920353982301,0.0,0.0,0.7964601769911505,0.7964601769911505,0.0,0.7964601769911505,0.0,0.0,0.0,0.0,0.0,0.0,90.91,50.0,66.67,0.0,0.0,50.0,66.67,100.0,0.0549987090399498,0.1403730599631548,0.0,0.7964601769911505,0.0154125557522123,0.0,2.3893805309734515,1.592920353982301,0.118554921238938,17.52212389380531,RB/RCB,18,82,20,12,15,18,70,35,55,30,30,5,12,8,35,22,30,25,18,40,28,45,30,50,52,100,72,95,25,35,42,70,92,30,70,30,35,40,25,20,20,30,35,60,100,65,30,55,70,95,70,85,60,55,10,25,8,35,45,50,25,30,40,28,45,30,50,52,100,72,95,25,35,42,70,92,55,95,30,55,45,25,45,25,65,70,Niké Liga
DAC 1904,7o9tba6opekhoz7pcuq8gm93m,88r9uvfwz3jsmgzoazwi2msyc,E. Bationo,Eymard Bationo,20.0,Midfielder,Côte d'Ivoire,Midfielder,37.0,0.0,35.0,6.0,72.0,5.0,3.0,5.0,3.0,3.0,3.0,14.0,3.0,5.0,204.0,2.0,5.0,2.0,1.0,2.0,0.0,2.0,0.0,1.0,0.0,0.0,83.72,75.0,0.0,33.33,40.0,53.85,62.5,33.33,0.4626770204722822,0.1973897692861157,1.0,0.0,0.0,1.0,9.0,9.0,0.12112197,42.0,16.323529411764707,0.0,15.441176470588236,2.647058823529412,31.764705882352946,2.2058823529411766,1.3235294117647058,2.2058823529411766,1.3235294117647058,1.3235294117647058,1.3235294117647058,6.176470588235294,1.3235294117647058,2.2058823529411766,0.8823529411764706,2.2058823529411766,0.8823529411764706,0.4411764705882353,0.8823529411764706,0.0,0.8823529411764706,0.0,0.4411764705882353,0.0,0.0,83.72,75.0,0.0,33.33,40.0,53.85,62.5,33.33,0.2041222149142421,0.0870837217438745,0.4411764705882353,0.0,0.0,0.4411764705882353,3.9705882352941178,3.9705882352941178,0.0534361632352941,18.529411764705884,CB,26,38,41,31,29,51,82,91,78,82,79,68,9,85,90,69,66,66,43,47,91,43,75,49,51,53,97,38,59,63,44,63,12,82,79,76,19,19,69,56,47,26,40,32,38,65,44,41,53,88,97,88,88,85,88,12,85,94,82,71,71,50,47,94,43,88,49,51,53,97,38,59,63,44,63,12,91,74,82,19,19,74,74,59,29,47,Niké Liga
DAC 1904,7o9tba6opekhoz7pcuq8gm93m,94jrke415kozp4ycyq1u5ysbt,F. Blažek,Filip Blazek,28.0,Defender,Slovakia,Defender,91.0,0.0,40.0,15.0,131.0,10.0,0.0,3.0,3.0,0.0,0.0,14.0,9.0,2.0,240.0,1.0,4.0,1.0,0.0,2.0,0.0,0.0,1.0,1.0,0.0,0.0,86.18,57.69,0.0,0.0,33.33,60.87,62.5,66.67,0.3848938356825462,0.0,0.0,1.0,0.01689528,0.0,8.0,12.0,0.3173605799999998,80.0,34.125,0.0,15.0,5.625,49.125,3.75,0.0,1.125,1.125,0.0,0.0,5.25,3.375,0.75,0.375,1.5,0.375,0.0,0.75,0.0,0.0,0.375,0.375,0.0,0.0,86.18,57.69,0.0,0.0,33.33,60.87,62.5,66.67,0.1443351883809548,0.0,0.0,0.375,0.0063357299999999,0.0,3.0,4.5,0.1190102174999999,30.0,CB,65,38,49,82,68,81,18,65,78,28,28,68,38,43,60,50,43,29,43,47,29,93,75,49,51,68,71,38,29,57,68,63,40,74,21,32,50,43,29,53,51,53,71,62,38,59,91,71,82,18,76,85,28,28,74,35,50,62,66,47,29,38,47,29,91,82,49,51,68,71,38,29,57,68,63,40,82,21,32,59,53,29,62,68,71,76,Niké Liga
DAC 1904,7o9tba6opekhoz7pcuq8gm93m,9stcnneilqay6ytmgfp9t69ec,F. Diongue,Fallou Diongue,19.0,Midfielder,Senegal,Midfielder,80.0,0.0,61.0,14.0,141.0,2.0,2.0,2.0,1.0,5.0,6.0,13.0,4.0,5.0,241.0,1.0,2.0,2.0,4.0,5.0,0.0,1.0,0.0,0.0,0.0,0.0,88.68,63.64,0.0,80.0,50.0,59.09,33.33,100.0,0.1498986301825208,0.1498301685712285,1.0,5.0,0.09515128,0.0,11.0,8.0,0.19807567,73.0,29.87551867219917,0.0,22.780082987551868,5.228215767634855,52.65560165975104,0.7468879668049793,0.7468879668049793,0.7468879668049793,0.3734439834024896,1.867219917012448,2.240663900414938,4.854771784232366,1.4937759336099583,1.867219917012448,0.3734439834024896,0.7468879668049793,0.7468879668049793,1.4937759336099583,1.867219917012448,0.0,0.3734439834024896,0.0,0.0,0.0,0.0,88.68,63.64,0.0,80.0,50.0,59.09,33.33,100.0,0.0559787415619372,0.055953174985106,0.3734439834024896,1.867219917012448,0.0355336730290456,0.0,4.107883817427386,2.987551867219917,0.073970167219917,27.261410788381745,DM/CM,71,27,63,89,77,47,48,29,39,85,90,50,39,79,50,26,44,95,77,40,42,34,21,52,48,81,77,27,81,77,71,27,90,32,42,55,76,61,21,55,39,35,77,94,27,81,97,90,58,42,29,48,84,87,61,42,81,52,26,39,87,84,40,35,34,21,52,48,81,77,27,81,77,71,27,90,29,32,58,77,65,21,68,42,39,94,Niké Liga
DAC 1904,7o9tba6opekhoz7pcuq8gm93m,a9i6blufzaamts0utvmkg3m22,S. Ouro,Samsondin Ouro,26.0,Midfielder,Togo,Midfielder,17.0,3.0,28.0,3.0,42.0,2.0,10.0,6.0,4.0,5.0,5.0,10.0,0.0,3.0,171.0,1.0,9.0,2.0,3.0,2.0,2.0,2.0,1.0,3.0,0.0,0.0,89.36,100.0,30.0,60.0,16.67,62.5,66.67,66.67,0.4989985438985591,0.7661949840652647,3.0,1.0,0.0199707,0.0,5.0,6.0,0.31933425,20.0,8.947368421052632,1.5789473684210529,14.73684210526316,1.5789473684210529,22.105263157894736,1.0526315789473684,5.2631578947368425,3.1578947368421053,2.1052631578947367,2.631578947368421,2.631578947368421,5.2631578947368425,0.0,1.5789473684210529,0.5263157894736842,4.736842105263158,1.0526315789473684,1.5789473684210529,1.0526315789473684,1.0526315789473684,1.0526315789473684,0.5263157894736842,1.5789473684210529,0.0,0.0,89.36,100.0,30.0,60.0,16.67,62.5,66.67,66.67,0.262630812578189,0.4032605179290867,1.5789473684210529,0.5263157894736842,0.0105108947368421,0.0,2.631578947368421,3.1578947368421053,0.1680706578947368,10.526315789473683,DM/CM,6,81,19,24,16,47,95,89,90,85,84,37,5,48,50,95,44,85,31,97,61,82,97,52,48,84,100,68,68,31,74,81,58,84,90,90,24,26,21,21,26,65,19,13,90,32,42,10,71,100,97,97,90,90,65,5,77,65,100,61,90,60,100,84,90,100,52,48,84,100,68,68,31,74,81,58,94,100,97,31,29,21,39,52,90,16,Niké Liga
DAC 1904,7o9tba6opekhoz7pcuq8gm93m,akxxpzh5qg4vk2na0xl3k9fdg,M. Jenčuš,Martin Jencus,18.0,Midfielder,Slovakia,Midfielder,11.0,1.0,21.0,3.0,31.0,1.0,1.0,1.0,1.0,1.0,1.0,7.0,2.0,3.0,99.0,1.0,4.0,2.0,1.0,3.0,0.0,0.0,0.0,0.0,0.0,0.0,83.78,75.0,100.0,100.0,100.0,70.0,0.0,100.0,0.126514676269803,0.142123431166026,0.0,0.0,0.0,0.0,1.0,4.0,0.13251993,13.0,10.0,0.9090909090909092,19.09090909090909,2.727272727272727,28.18181818181818,0.9090909090909092,0.9090909090909092,0.9090909090909092,0.9090909090909092,0.9090909090909092,0.9090909090909092,6.363636363636363,1.818181818181818,2.727272727272727,0.9090909090909092,3.636363636363636,1.818181818181818,0.9090909090909092,2.727272727272727,0.0,0.0,0.0,0.0,0.0,0.0,83.78,75.0,100.0,100.0,100.0,70.0,0.0,100.0,0.1150133420634572,0.1292031192418418,0.0,0.0,0.0,0.0,0.9090909090909092,3.636363636363636,0.1204726636363636,11.818181818181817,DM/CM,3,65,13,24,6,21,24,13,39,37,34,19,21,48,50,55,44,55,48,40,16,34,21,52,48,45,94,95,92,98,97,10,90,26,39,23,8,8,21,6,13,19,10,19,77,68,74,26,65,65,35,77,65,58,90,52,100,90,97,81,77,97,40,16,34,21,52,48,45,94,95,92,98,97,10,90,71,84,23,8,8,21,6,61,65,23,Niké Liga
DAC 1904,7o9tba6opekhoz7pcuq8gm93m,b7pknbmxeaiyhccj7fwy8e86h,Ž. Trontelj,Zan Trontelj,26.0,Defender,Slovenia,Defender,45.0,0.0,72.0,11.0,117.0,3.0,3.0,5.0,0.0,1.0,1.0,15.0,10.0,3.0,289.0,2.0,1.0,2.0,0.0,5.0,0.0,5.0,0.0,1.0,0.0,0.0,86.03,73.33,0.0,0.0,40.0,62.5,75.0,50.0,0.2220067590147453,0.234255414986277,5.0,12.0,0.26652481,5.0,13.0,22.0,0.3592224899999999,62.0,14.013840830449826,0.0,22.42214532871972,3.42560553633218,36.43598615916955,0.9342560553633218,0.9342560553633218,1.5570934256055362,0.0,0.3114186851211072,0.3114186851211072,4.671280276816609,3.1141868512110724,0.9342560553633218,0.6228373702422145,0.3114186851211072,0.6228373702422145,0.0,1.5570934256055362,0.0,1.5570934256055362,0.0,0.3114186851211072,0.0,0.0,86.03,73.33,0.0,0.0,40.0,62.5,75.0,50.0,0.0691370529803705,0.0729515133175257,1.5570934256055362,3.737024221453287,0.0830008058823529,1.5570934256055362,4.048442906574394,6.851211072664359,0.11186859550173,19.30795847750865,RB/RCB,57,28,85,85,75,28,78,90,22,30,30,45,57,50,95,22,45,25,55,40,98,45,72,50,52,90,100,28,25,85,70,85,28,65,75,98,100,100,98,75,88,55,70,45,28,95,95,70,25,75,80,22,25,25,55,60,55,95,20,35,25,55,40,100,45,80,50,52,90,100,28,25,85,70,85,28,75,65,95,100,100,95,75,90,55,85,Niké Liga
DAC 1904,7o9tba6opekhoz7pcuq8gm93m,bz2k6xcfh9658rbaex82134yd,S. Juklerød,Simen Juklerød,32.0,Defender,Norway,Defender,37.0,4.0,52.0,9.0,85.0,3.0,4.0,0.0,0.0,5.0,5.0,12.0,3.0,2.0,190.0,0.0,6.0,0.0,4.0,5.0,0.0,0.0,0.0,0.0,0.0,0.0,83.33,90.0,44.44,80.0,0.0,54.55,75.0,100.0,0.0,0.5415572982885478,0.0,5.0,0.1915697499999999,2.0,10.0,17.0,0.7717224000000004,51.0,17.526315789473685,1.894736842105263,24.63157894736842,4.263157894736842,40.26315789473684,1.4210526315789471,1.894736842105263,0.0,0.0,2.3684210526315788,2.3684210526315788,5.684210526315789,1.4210526315789471,0.9473684210526316,0.0,2.8421052631578947,0.0,1.894736842105263,2.3684210526315788,0.0,0.0,0.0,0.0,0.0,0.0,83.33,90.0,44.44,80.0,0.0,54.55,75.0,100.0,0.0,0.2565271412945752,0.0,2.3684210526315788,0.0907435657894736,0.9473684210526316,4.7368421052631575,8.052631578947368,0.3655527157894738,24.157894736842103,LB/LCB,60,80,67,80,60,50,67,17,17,70,70,50,13,30,23,83,23,90,73,50,30,37,30,50,53,70,100,80,80,23,47,87,97,17,80,30,70,80,63,67,77,87,60,53,93,93,93,80,47,87,17,17,93,93,87,20,33,23,87,23,93,87,50,30,37,30,50,53,70,100,80,80,23,47,87,97,17,93,30,73,87,80,80,87,100,80,Niké Liga
DAC 1904,7o9tba6opekhoz7pcuq8gm93m,cytkx7gkged2di00mjulgrqvp,K. Nemanič,Klemen Nemanic,29.0,Defender,Slovenia,Defender,186.0,0.0,75.0,16.0,261.0,6.0,2.0,4.0,4.0,4.0,4.0,16.0,16.0,2.0,360.0,2.0,5.0,1.0,3.0,4.0,1.0,0.0,0.0,0.0,0.0,0.0,91.26,59.26,0.0,75.0,50.0,64.0,50.0,66.67,0.5157229205707314,0.1768963993089909,0.0,0.0,0.0,0.0,18.0,22.0,0.4013558400000003,165.0,46.5,0.0,18.75,4.0,65.25,1.5,0.5,1.0,1.0,1.0,1.0,4.0,4.0,0.5,0.5,1.25,0.25,0.75,1.0,0.25,0.0,0.0,0.0,0.0,0.0,91.26,59.26,0.0,75.0,50.0,64.0,50.0,66.67,0.1289307301426828,0.0442240998272477,0.0,0.0,0.0,0.0,4.5,5.5,0.10033896,41.25,CB,100,38,94,87,100,62,72,79,91,93,90,75,66,43,90,69,43,93,76,97,29,43,29,49,51,91,74,38,81,74,76,44,40,85,76,32,19,19,29,96,97,71,100,94,38,79,72,85,44,53,68,78,81,81,43,46,25,76,49,32,85,65,94,29,43,29,49,51,91,74,38,81,74,76,44,40,74,59,32,19,19,29,81,85,62,97,Niké Liga
DAC 1904,7o9tba6opekhoz7pcuq8gm93m,dmr7cinj7twwsu92h48ruwglw,P. Owusu,Prince Owusu,20.0,Attacker,Ghana,Striker,8.0,0.0,28.0,0.0,36.0,1.0,3.0,6.0,5.0,5.0,6.0,7.0,0.0,1.0,153.0,3.0,9.0,3.0,2.0,0.0,0.0,1.0,0.0,0.0,0.0,0.0,92.31,0.0,0.0,40.0,50.0,50.0,0.0,0.0,0.4997850962515975,0.2496143600129639,1.0,7.0,0.20059052,0.0,2.0,2.0,0.15577782,16.0,4.705882352941177,0.0,16.47058823529412,0.0,21.176470588235293,0.5882352941176471,1.7647058823529411,3.5294117647058822,2.9411764705882355,2.9411764705882355,3.5294117647058822,4.11764705882353,0.0,0.5882352941176471,1.7647058823529411,5.294117647058823,1.7647058823529411,1.1764705882352942,0.0,0.0,0.5882352941176471,0.0,0.0,0.0,0.0,92.31,0.0,0.0,40.0,50.0,50.0,0.0,0.0,0.293991233089175,0.146831976478214,0.5882352941176471,4.11764705882353,0.1179944235294117,0.0,1.1764705882352942,1.1764705882352942,0.0916340117647059,9.411764705882351,ST,35,26,50,16,42,16,52,39,39,50,56,18,11,61,66,26,50,53,11,42,53,24,19,52,52,100,16,26,50,76,73,11,11,32,52,44,90,87,23,32,32,42,55,58,26,84,16,84,26,74,84,81,84,90,39,11,74,90,55,71,74,11,42,68,24,19,52,52,100,16,26,50,76,73,11,11,55,68,48,100,90,23,55,45,65,84,Niké Liga
DAC 1904,7o9tba6opekhoz7pcuq8gm93m,du28e4s5bntunw94yzsdh4acq,M. Trusa,Matej Trusa,25.0,Attacker,Slovakia,Striker,14.0,0.0,32.0,1.0,46.0,5.0,1.0,13.0,12.0,0.0,0.0,12.0,3.0,0.0,300.0,7.0,20.0,5.0,0.0,2.0,0.0,1.0,3.0,1.0,0.0,0.0,80.7,50.0,0.0,0.0,53.85,41.38,41.67,100.0,1.277372409179894,0.0604988517499338,2.0,3.0,0.0607174699999999,0.0,5.0,1.0,0.0456671999999999,18.0,4.2,0.0,9.6,0.3,13.8,1.5,0.3,3.9,3.6,0.0,0.0,3.6,0.8999999999999999,0.0,2.1,6.0,1.5,0.0,0.6,0.0,0.3,0.8999999999999999,0.3,0.0,0.0,80.7,50.0,0.0,0.0,53.85,41.38,41.67,100.0,0.3832117227539681,0.0181496555249801,0.6,0.8999999999999999,0.0182152409999999,0.0,1.5,0.3,0.0137001599999999,5.4,ST,53,26,61,40,61,71,13,90,98,8,8,50,74,24,97,89,73,13,68,42,53,94,50,52,52,87,53,26,13,84,40,61,82,81,10,66,42,29,23,73,19,16,61,42,26,52,32,52,55,13,87,90,8,8,31,68,24,97,81,61,13,58,42,42,90,48,52,52,87,53,26,13,84,40,61,82,68,6,52,39,16,23,65,13,13,52,Niké Liga
DAC 1904,7o9tba6opekhoz7pcuq8gm93m,efjgg9qr6hdz7ufboa07q5y7e,Ammar Ramadan,Ammar Manaf Ramadan,25.0,Midfielder,Syria,Midfielder,31.0,7.0,57.0,6.0,81.0,0.0,12.0,13.0,5.0,16.0,18.0,13.0,2.0,1.0,263.0,9.0,18.0,2.0,9.0,2.0,2.0,8.0,5.0,3.0,0.0,1.0,81.82,66.67,38.89,56.25,69.23,46.43,0.0,100.0,1.5087306236613696,1.4934734395040987,8.0,11.0,0.33401608,3.0,5.0,11.0,0.70334845,39.0,10.608365019011408,2.3954372623574147,19.50570342205324,2.0532319391634983,27.718631178707227,0.0,4.106463878326997,4.448669201520913,1.711026615969582,5.475285171102662,6.159695817490495,4.448669201520913,0.6844106463878328,0.3422053231939164,3.0798479087452475,6.159695817490495,0.6844106463878328,3.0798479087452475,0.6844106463878328,0.6844106463878328,2.737642585551331,1.711026615969582,1.0266159695817492,0.0,0.3422053231939164,81.82,66.67,38.89,56.25,69.23,46.43,0.0,100.0,0.516295650682598,0.51107456104703,2.737642585551331,3.76425855513308,0.114302080608365,1.0266159695817492,1.711026615969582,3.76425855513308,0.2406895836501901,13.346007604562738,LW,100,100,100,100,100,33,100,100,100,100,100,83,83,100,100,100,50,100,50,100,100,100,100,67,100,83,100,100,100,100,100,33,83,100,100,100,100,100,50,100,100,100,100,100,100,100,100,100,33,100,100,100,100,100,67,67,100,100,100,33,100,33,100,100,100,100,67,100,83,100,100,100,100,100,33,83,100,100,100,100,100,33,100,100,100,100,Niké Liga
DAC 1904,7o9tba6opekhoz7pcuq8gm93m,eirmawmzrjao5dgbsmnielrtg,U. Kabić,Uros Kabic,22.0,Attacker,Serbia,Striker,6.0,1.0,14.0,2.0,19.0,1.0,2.0,3.0,0.0,5.0,5.0,10.0,1.0,0.0,95.0,1.0,1.0,5.0,4.0,0.0,0.0,3.0,0.0,0.0,0.0,0.0,73.08,100.0,33.33,80.0,33.33,71.43,50.0,0.0,0.1594115166740633,0.135440038515917,2.0,4.0,0.09582679,4.0,3.0,5.0,0.09686457,11.0,5.684210526315789,0.9473684210526316,13.263157894736842,1.894736842105263,18.0,0.9473684210526316,1.894736842105263,2.8421052631578947,0.0,4.7368421052631575,4.7368421052631575,9.473684210526317,0.9473684210526316,0.0,0.9473684210526316,0.9473684210526316,4.7368421052631575,3.789473684210526,0.0,0.0,2.8421052631578947,0.0,0.0,0.0,0.0,73.08,100.0,33.33,80.0,33.33,71.43,50.0,0.0,0.1510214368491126,0.1283116154361318,1.894736842105263,3.789473684210526,0.0907832747368421,3.789473684210526,2.8421052631578947,4.7368421052631575,0.0917664347368421,10.421052631578949,RW,25,100,25,100,25,75,62,75,38,25,25,25,38,25,62,25,75,100,25,62,100,62,50,62,62,75,100,100,100,75,100,100,25,75,75,88,75,75,100,88,88,75,50,75,100,100,100,75,100,100,100,38,100,75,100,75,25,100,25,100,100,25,62,100,62,50,62,62,75,100,100,100,75,100,100,25,75,100,100,100,100,100,100,100,100,100,Niké Liga
DAC 1904,7o9tba6opekhoz7pcuq8gm93m,eo2n0d4wvaszqhhsyjnbd64no,A. Sylla,Alioune Sylla,23.0,Attacker,Senegal,Striker,9.0,1.0,33.0,0.0,41.0,3.0,1.0,4.0,3.0,8.0,10.0,15.0,1.0,1.0,200.0,0.0,10.0,4.0,1.0,6.0,0.0,1.0,0.0,1.0,0.0,0.0,77.36,0.0,20.0,12.5,0.0,48.39,42.86,85.71,1.039953228955374,0.1114860392380066,1.0,5.0,0.14452005,3.0,2.0,4.0,0.17950832,19.0,4.05,0.4499999999999999,14.85,0.0,18.45,1.35,0.4499999999999999,1.7999999999999998,1.35,3.6,4.5,6.75,0.4499999999999999,0.4499999999999999,0.0,4.5,1.7999999999999998,0.4499999999999999,2.7,0.0,0.4499999999999999,0.0,0.4499999999999999,0.0,0.0,77.36,0.0,20.0,12.5,0.0,48.39,42.86,85.71,0.4679789530299182,0.0501687176571029,0.4499999999999999,2.25,0.0650340225,1.35,0.8999999999999999,1.7999999999999998,0.080778744,8.549999999999999,RM/RCM,27,55,45,18,50,64,45,45,50,95,100,73,36,45,18,73,68,36,91,36,45,32,45,55,55,68,18,55,18,18,27,50,82,100,45,41,82,82,100,41,50,45,50,27,45,55,18,36,82,36,45,55,91,100,91,27,27,18,64,73,45,100,36,45,32,45,55,55,68,18,55,18,18,27,50,82,100,45,55,82,73,100,36,45,27,55,Niké Liga
FC Košice,dbdao4og2npxkgwkkan30knze,2dd2x7yrnumrilidnzlmw4mei,F. Lichý,Filip Lichy,25.0,Midfielder,Slovakia,Midfielder,67.0,0.0,63.0,5.0,130.0,2.0,6.0,12.0,5.0,6.0,6.0,13.0,3.0,8.0,360.0,5.0,12.0,2.0,4.0,4.0,3.0,7.0,1.0,3.0,0.0,0.0,77.38,23.81,0.0,66.67,41.67,46.43,25.0,80.0,0.8778265253193944,0.4179025946213944,8.0,7.0,0.2100775099999999,2.0,12.0,16.0,0.5067970099999999,67.0,16.75,0.0,15.75,1.25,32.5,0.5,1.5,3.0,1.25,1.5,1.5,3.25,0.75,2.0,1.25,3.0,0.5,1.0,1.0,0.75,1.75,0.25,0.75,0.0,0.0,77.38,23.81,0.0,66.67,41.67,46.43,25.0,80.0,0.2194566313298486,0.1044756486553486,2.0,1.75,0.0525193774999999,0.5,3.0,4.0,0.1266992524999999,16.75,DM/CM,60,27,69,48,65,47,87,100,100,92,90,50,31,97,100,100,44,95,63,100,100,82,97,52,48,10,6,27,74,65,32,21,71,97,84,100,95,97,68,60,79,81,66,52,27,45,29,55,19,77,94,87,77,74,23,19,92,97,94,23,84,45,97,94,68,90,52,48,10,6,27,74,65,32,21,71,90,71,100,74,87,58,42,68,71,45,Niké Liga
FC Košice,dbdao4og2npxkgwkkan30knze,2dfqwqvlzmlog1qjlctpemo7o,M. Rehuš,Milan Rehus,21.0,Midfielder,Slovakia,Midfielder,5.0,1.0,37.0,0.0,41.0,1.0,1.0,3.0,1.0,5.0,5.0,7.0,1.0,0.0,170.0,1.0,9.0,1.0,3.0,1.0,0.0,2.0,0.0,0.0,0.0,0.0,77.36,0.0,16.67,60.0,33.33,63.64,50.0,50.0,0.2153714266560834,0.1118301802198045,2.0,4.0,0.12414754,2.0,2.0,3.0,0.17529904,15.0,2.647058823529412,0.5294117647058824,19.58823529411765,0.0,21.705882352941178,0.5294117647058824,0.5294117647058824,1.5882352941176472,0.5294117647058824,2.647058823529412,2.647058823529412,3.7058823529411766,0.5294117647058824,0.0,0.5294117647058824,4.764705882352941,0.5294117647058824,1.5882352941176472,0.5294117647058824,0.0,1.0588235294117647,0.0,0.0,0.0,0.0,77.36,0.0,16.67,60.0,33.33,63.64,50.0,50.0,0.1140201670532206,0.0592042130575435,1.0588235294117647,2.117647058823529,0.0657251682352941,1.0588235294117647,1.0588235294117647,1.5882352941176472,0.092805374117647,7.9411764705882355,RM/RCM,18,55,68,18,50,36,45,23,14,77,68,27,36,14,45,59,27,91,27,36,73,32,14,55,55,68,18,45,82,73,82,73,45,18,55,68,73,73,73,41,27,36,36,18,64,91,18,55,36,45,36,9,82,73,36,36,14,45,82,18,91,27,36,91,32,14,55,55,68,18,45,82,73,82,73,45,27,64,73,73,82,91,45,36,36,45,Niké Liga
FC Košice,dbdao4og2npxkgwkkan30knze,3p9zmquh318g7ovqgmpuryllh,D. Kružliak,Dominik Kruzliak,30.0,Defender,Slovakia,Defender,64.0,0.0,60.0,13.0,124.0,13.0,1.0,3.0,2.0,2.0,2.0,22.0,20.0,2.0,360.0,2.0,5.0,2.0,1.0,4.0,0.0,1.0,0.0,1.0,0.0,0.0,77.99,52.0,0.0,50.0,66.67,57.89,72.22,66.67,0.2925163357429481,0.055622733969946,0.0,3.0,0.07208768,1.0,18.0,19.0,0.3560331199999999,84.0,16.0,0.0,15.0,3.25,31.0,3.25,0.25,0.75,0.5,0.5,0.5,5.5,5.0,0.5,0.5,1.25,0.5,0.25,1.0,0.0,0.25,0.0,0.25,0.0,0.0,77.99,52.0,0.0,50.0,66.67,57.89,72.22,66.67,0.073129083935737,0.0139056834924865,0.0,0.75,0.01802192,0.25,4.5,4.75,0.0890082799999999,21.0,CB,50,38,76,78,59,94,49,65,59,69,69,88,75,43,90,69,66,66,76,47,74,43,75,49,51,29,62,38,66,82,62,79,40,68,44,32,76,76,69,96,91,62,76,26,38,59,56,38,76,43,50,46,62,62,76,57,25,76,49,59,59,65,47,62,43,68,49,51,29,62,38,66,82,62,79,40,56,41,32,69,68,62,81,74,53,56,Niké Liga
FC Košice,dbdao4og2npxkgwkkan30knze,4fa1s0rx15g8zc72qnm1vohd5,O. Kakay,Osman Kakay,29.0,Defender,Sierra Leone,Defender,17.0,4.0,75.0,6.0,88.0,6.0,6.0,8.0,6.0,12.0,12.0,23.0,4.0,1.0,349.0,2.0,18.0,4.0,6.0,7.0,0.0,2.0,1.0,4.0,0.0,0.0,83.81,54.55,30.77,50.0,25.0,52.27,50.0,100.0,1.1361611052265443,0.4269944690556333,2.0,5.0,0.14447066,2.0,8.0,13.0,0.44632916,37.0,4.383954154727793,1.0315186246418335,19.340974212034386,1.5472779369627507,22.693409742120345,1.5472779369627507,1.5472779369627507,2.0630372492836675,1.5472779369627507,3.094555873925501,3.094555873925501,5.9312320916905446,1.0315186246418335,0.2578796561604584,0.5157593123209169,4.641833810888252,1.0315186246418335,1.5472779369627507,1.805157593123209,0.0,0.5157593123209169,0.2578796561604584,1.0315186246418335,0.0,0.0,83.81,54.55,30.77,50.0,25.0,52.27,50.0,100.0,0.2929928351587077,0.1101131868624842,0.5157593123209169,1.2893982808022924,0.0372560441260745,0.5157593123209169,2.0630372492836675,3.35243553008596,0.1150992103151862,9.541547277936962,RB/RCB,10,100,90,45,45,78,98,95,100,95,95,85,28,25,95,100,75,98,75,40,88,95,100,50,52,80,85,70,72,75,50,52,92,100,95,85,82,85,70,55,55,75,40,5,95,85,25,30,65,90,95,95,95,90,75,5,15,85,100,70,95,75,40,85,100,95,50,52,80,85,70,72,75,50,52,92,100,90,85,70,75,65,35,50,60,30,Niké Liga
FC Košice,dbdao4og2npxkgwkkan30knze,5i4hanhs1igx4grc5rt6cj4oa,K. Palumets,Kevor Palumets,23.0,Midfielder,Estonia,Midfielder,22.0,7.0,78.0,2.0,93.0,2.0,10.0,4.0,4.0,2.0,2.0,11.0,4.0,1.0,297.0,2.0,9.0,2.0,1.0,4.0,1.0,0.0,1.0,1.0,0.0,0.0,76.23,28.57,36.84,50.0,50.0,44.0,50.0,66.67,0.2587020423201288,0.9842772566868844,0.0,4.0,0.15194272,5.0,8.0,9.0,0.5294028,45.0,6.666666666666667,2.121212121212121,23.63636363636364,0.6060606060606061,28.181818181818183,0.6060606060606061,3.0303030303030303,1.2121212121212122,1.2121212121212122,0.6060606060606061,0.6060606060606061,3.333333333333333,1.2121212121212122,0.303030303030303,0.6060606060606061,2.7272727272727275,0.6060606060606061,0.303030303030303,1.2121212121212122,0.303030303030303,0.0,0.303030303030303,0.303030303030303,0.0,0.0,76.23,28.57,36.84,50.0,50.0,44.0,50.0,66.67,0.0783945582788269,0.2982658353596619,0.0,1.2121212121212122,0.0460432484848484,1.5151515151515151,2.4242424242424243,2.7272727272727275,0.1604250909090909,13.636363636363637,DM/CM,16,94,90,11,52,47,95,63,90,53,50,42,39,18,81,95,44,55,63,87,16,82,63,52,48,6,13,77,60,77,23,55,58,55,94,23,63,94,98,37,45,87,42,3,94,84,6,29,39,97,55,84,48,48,26,29,16,71,90,29,55,65,90,16,81,61,52,48,6,13,77,60,77,23,55,58,48,94,23,65,81,97,35,32,84,32,Niké Liga
FC Košice,dbdao4og2npxkgwkkan30knze,62kkn63nmhszi8rxgytyy4mqc,B. Damjanović,Bojan Damjanovic,20.0,Defender,Montenegro,Defender,13.0,1.0,18.0,5.0,30.0,4.0,1.0,0.0,0.0,1.0,1.0,6.0,7.0,1.0,135.0,0.0,0.0,0.0,1.0,1.0,1.0,0.0,0.0,0.0,0.0,0.0,66.67,33.33,50.0,100.0,0.0,54.55,66.67,100.0,0.0,0.1616610355191583,0.0,0.0,0.0,0.0,7.0,6.0,0.3351384099999999,19.0,8.666666666666666,0.6666666666666666,12.0,3.333333333333333,20.0,2.6666666666666665,0.6666666666666666,0.0,0.0,0.6666666666666666,0.6666666666666666,4.0,4.666666666666667,0.6666666666666666,0.0,0.0,0.0,0.6666666666666666,0.6666666666666666,0.6666666666666666,0.0,0.0,0.0,0.0,0.0,66.67,33.33,50.0,100.0,0.0,54.55,66.67,100.0,0.0,0.1077740236794388,0.0,0.0,0.0,0.0,4.666666666666667,4.0,0.2234256066666665,12.666666666666666,RB/RCB,5,62,15,35,5,50,45,12,22,30,30,15,40,25,35,10,12,55,18,88,28,45,30,50,52,8,40,88,95,35,55,70,92,15,65,30,15,15,25,48,35,45,30,20,75,35,88,15,90,60,12,22,50,50,40,85,30,35,10,12,70,18,95,28,45,30,50,52,8,40,88,95,35,55,70,92,15,85,30,15,15,25,90,57,95,45,Niké Liga
FC Košice,dbdao4og2npxkgwkkan30knze,88m1d6wwdft7cxtbg0fn77w15,M. Madleňák,Matej Madlenák,27.0,Defender,Slovakia,Defender,21.0,2.0,83.0,7.0,102.0,13.0,6.0,6.0,5.0,7.0,7.0,35.0,6.0,5.0,349.0,2.0,19.0,2.0,5.0,11.0,0.0,1.0,1.0,1.0,0.0,0.0,73.38,43.75,22.22,71.43,33.33,47.3,65.0,73.33,0.575246796911738,0.4507533136280089,1.0,12.0,0.5372276900000001,2.0,8.0,15.0,0.6109082000000002,59.0,5.415472779369628,0.5157593123209169,21.404011461318053,1.805157593123209,26.30372492836676,3.35243553008596,1.5472779369627507,1.5472779369627507,1.2893982808022924,1.805157593123209,1.805157593123209,9.025787965616043,1.5472779369627507,1.2893982808022924,0.5157593123209169,4.899713467048711,0.5157593123209169,1.2893982808022924,2.836676217765043,0.0,0.2578796561604584,0.2578796561604584,0.2578796561604584,0.0,0.0,73.38,43.75,22.22,71.43,33.33,47.3,65.0,73.33,0.148344446195004,0.1162401095315782,0.2578796561604584,3.094555873925501,0.1385400919770774,0.5157593123209169,2.0630372492836675,3.8681948424068766,0.1575407965616046,15.214899713467048,LB/LCB,27,63,87,70,67,100,87,97,100,93,93,100,50,70,93,97,67,100,100,50,77,87,70,50,53,33,73,53,67,57,27,67,67,100,67,73,93,100,63,57,60,67,67,13,60,73,60,40,100,67,100,100,80,80,100,27,67,93,100,60,87,100,50,87,93,73,50,53,33,73,53,67,57,27,67,67,100,60,73,87,100,53,40,60,67,53,Niké Liga
FC Košice,dbdao4og2npxkgwkkan30knze,8g19d0gj8kvx2g8ra6wwmgro4,A. Maraš,Aleksa Maras,24.0,Attacker,Montenegro,Striker,13.0,0.0,20.0,3.0,33.0,2.0,2.0,10.0,9.0,6.0,6.0,5.0,0.0,0.0,221.0,3.0,18.0,0.0,1.0,1.0,0.0,1.0,3.0,4.0,0.0,0.0,58.93,75.0,0.0,16.67,30.0,16.67,11.76,50.0,1.0609959991588611,0.119456569180467,2.0,2.0,0.05508396,0.0,4.0,5.0,0.0952990599999999,14.0,5.294117647058823,0.0,8.144796380090497,1.2217194570135743,13.43891402714932,0.8144796380090498,0.8144796380090498,4.072398190045249,3.665158371040724,2.443438914027149,2.443438914027149,2.0361990950226243,0.0,0.0,1.2217194570135743,7.330316742081448,0.0,0.4072398190045249,0.4072398190045249,0.0,0.4072398190045249,1.2217194570135743,1.6289592760180995,0.0,0.0,58.93,75.0,0.0,16.67,30.0,16.67,11.76,50.0,0.4320798186619796,0.0486474716119548,0.8144796380090498,0.8144796380090498,0.0224323819004524,0.0,1.6289592760180995,2.0361990950226243,0.0388095719457013,5.701357466063348,ST,48,26,31,81,39,32,31,85,87,58,56,6,11,24,66,81,5,35,39,42,53,94,90,52,52,6,76,26,26,47,3,23,37,74,26,66,27,26,23,61,60,26,45,65,26,39,97,45,42,35,94,94,65,58,6,11,24,68,97,5,32,35,42,52,97,94,52,52,6,76,26,26,47,3,23,37,81,29,68,32,32,23,74,65,32,61,Niké Liga
FC Košice,dbdao4og2npxkgwkkan30knze,95aokv8dk9sj9uq57k7t7po15,D. Magda,Daniel Magda,28.0,Defender,Slovakia,Defender,19.0,0.0,31.0,4.0,50.0,4.0,1.0,1.0,0.0,0.0,0.0,9.0,7.0,6.0,175.0,1.0,0.0,0.0,0.0,3.0,0.0,1.0,0.0,0.0,0.0,0.0,75.76,33.33,0.0,0.0,100.0,60.0,80.0,60.0,0.0657187188745141,0.0656952762593065,1.0,1.0,0.0241224,2.0,10.0,12.0,0.1757990799999999,36.0,9.771428571428572,0.0,15.942857142857145,2.0571428571428574,25.714285714285715,2.0571428571428574,0.5142857142857143,0.5142857142857143,0.0,0.0,0.0,4.628571428571429,3.6,3.085714285714286,0.5142857142857143,0.0,0.0,0.0,1.542857142857143,0.0,0.5142857142857143,0.0,0.0,0.0,0.0,75.76,33.33,0.0,0.0,100.0,60.0,80.0,60.0,0.0337981982783215,0.0337861420762147,0.5142857142857143,0.5142857142857143,0.0124058057142857,1.0285714285714287,5.142857142857143,6.171428571428572,0.0904109554285713,18.51428571428572,CB,6,38,29,18,12,41,49,26,16,28,28,28,24,96,60,12,15,29,63,47,74,43,29,49,51,21,26,38,29,93,65,97,25,29,47,76,50,59,82,62,51,35,28,15,38,74,21,18,50,56,32,16,28,28,56,38,97,82,12,15,29,85,47,82,43,29,49,51,21,26,38,29,93,65,97,25,26,50,88,65,62,88,88,88,56,44,Niké Liga
FC Košice,dbdao4og2npxkgwkkan30knze,9kmmlvfxro0meb5tngkoc3nkk,M. Sovič,Miroslav Sovic,22.0,Midfielder,Slovakia,Midfielder,14.0,1.0,38.0,2.0,51.0,1.0,5.0,3.0,3.0,0.0,2.0,5.0,1.0,4.0,213.0,2.0,6.0,1.0,0.0,2.0,2.0,0.0,0.0,1.0,0.0,0.0,68.0,25.0,12.5,0.0,66.67,31.25,16.67,66.67,0.258776725974162,0.5737877674021145,0.0,3.0,0.09823512,1.0,6.0,12.0,0.6150924999999999,30.0,5.915492957746479,0.4225352112676056,16.056338028169012,0.8450704225352113,21.549295774647888,0.4225352112676056,2.112676056338028,1.267605633802817,1.267605633802817,0.0,0.8450704225352113,2.112676056338028,0.4225352112676056,1.6901408450704225,0.8450704225352113,2.535211267605634,0.4225352112676056,0.0,0.8450704225352113,0.8450704225352113,0.0,0.0,0.4225352112676056,0.0,0.0,68.0,25.0,12.5,0.0,66.67,31.25,16.67,66.67,0.1093422785806318,0.2424455355220202,0.0,1.267605633802817,0.0415077971830985,0.4225352112676056,2.535211267605634,5.070422535211268,0.2598982394366196,12.676056338028168,CM/AM,25,54,39,46,27,46,70,32,61,4,16,14,27,84,54,38,7,12,48,95,12,30,39,50,50,14,18,43,12,98,18,45,54,39,82,11,29,39,29,59,66,75,50,25,64,57,43,46,46,75,39,64,4,25,7,36,96,64,43,7,12,50,96,12,30,43,50,50,14,18,43,12,98,18,45,54,43,89,11,32,46,39,68,79,93,71,Niké Liga
FC Košice,dbdao4og2npxkgwkkan30knze,dez9uf8qcs4xpk7xhwxg1dizu,S. Kóša,Sebastián Kósa,22.0,Defender,Slovakia,Defender,74.0,0.0,35.0,9.0,109.0,7.0,1.0,2.0,1.0,0.0,0.0,18.0,27.0,6.0,360.0,1.0,2.0,3.0,0.0,7.0,0.0,1.0,1.0,0.0,0.0,0.0,76.76,28.12,0.0,0.0,50.0,42.86,30.43,87.5,0.2021994358239441,0.0669607881726842,1.0,3.0,0.06279657,0.0,16.0,18.0,0.2440224799999999,67.0,18.5,0.0,8.75,2.25,27.25,1.75,0.25,0.5,0.25,0.0,0.0,4.5,6.75,1.5,0.25,0.5,0.75,0.0,1.75,0.0,0.25,0.25,0.0,0.0,0.0,76.76,28.12,0.0,0.0,50.0,42.86,30.43,87.5,0.050549858955986,0.016740197043171,0.25,0.75,0.0156991425,0.0,4.0,4.5,0.0610056199999999,16.75,RB/RCB,78,28,38,68,65,88,45,60,55,10,10,70,95,72,78,40,57,25,75,40,68,95,30,50,52,40,25,28,25,92,5,20,75,60,45,70,62,60,25,80,75,40,82,68,28,10,55,40,75,38,55,48,10,10,50,100,80,80,28,40,25,70,40,60,95,30,50,52,40,25,28,25,92,5,20,75,45,35,65,50,50,25,68,70,25,60,Niké Liga
FC Košice,dbdao4og2npxkgwkkan30knze,tbbthwwwpfkm7luezvil0no5,D. Gallovič,Dávid Gallovic,30.0,Midfielder,Slovakia,Midfielder,35.0,0.0,38.0,1.0,73.0,0.0,2.0,3.0,0.0,1.0,1.0,11.0,1.0,2.0,216.0,1.0,2.0,4.0,0.0,5.0,0.0,3.0,1.0,1.0,0.0,0.0,86.9,25.0,0.0,0.0,33.33,52.38,0.0,71.43,0.2108190432344847,0.1373866871955529,1.0,4.0,0.09223071,3.0,4.0,5.0,0.12779014,28.0,14.583333333333334,0.0,15.833333333333334,0.4166666666666667,30.416666666666668,0.0,0.8333333333333334,1.25,0.0,0.4166666666666667,0.4166666666666667,4.583333333333334,0.4166666666666667,0.8333333333333334,0.4166666666666667,0.8333333333333334,1.6666666666666667,0.0,2.083333333333333,0.0,1.25,0.4166666666666667,0.4166666666666667,0.0,0.0,86.9,25.0,0.0,0.0,33.33,52.38,0.0,71.43,0.0878412680143686,0.057244452998147,0.4166666666666667,1.6666666666666667,0.0384294625,1.25,1.6666666666666667,2.083333333333333,0.0532458916666666,11.666666666666668,CM/AM,84,21,39,16,64,20,21,32,16,9,4,45,27,57,38,12,57,12,84,32,62,75,39,50,50,75,18,21,12,59,79,21,62,32,25,34,39,29,66,46,21,14,45,96,21,50,14,79,20,14,36,16,11,4,54,30,70,38,14,64,12,89,32,75,75,39,50,50,75,18,21,12,59,79,21,62,32,21,32,39,39,75,39,25,14,64,Niké Liga
Spartak Trnava,e2eyddqxo12gs0dhbsb7l5pua,1zm6n6ts43tgwnfjpujq8oftg,D. Polťák,Dávid Polták,17.0,Attacker,Slovakia,Striker,4.0,0.0,15.0,0.0,19.0,6.0,3.0,7.0,7.0,0.0,0.0,11.0,2.0,0.0,241.0,5.0,17.0,4.0,0.0,0.0,1.0,0.0,2.0,0.0,0.0,0.0,59.38,0.0,0.0,0.0,71.43,39.29,31.58,0.0,0.8650752205609146,0.3551721596469319,0.0,2.0,0.09395867,0.0,1.0,3.0,0.0552651299999999,6.0,1.4937759336099583,0.0,5.601659751037345,0.0,7.095435684647304,2.240663900414938,1.120331950207469,2.6141078838174274,2.6141078838174274,0.0,0.0,4.107883817427386,0.7468879668049793,0.0,1.867219917012448,6.348547717842324,1.4937759336099583,0.0,0.0,0.3734439834024896,0.0,0.7468879668049793,0.0,0.0,0.0,59.38,0.0,0.0,0.0,71.43,39.29,31.58,0.0,0.3230571363090552,0.1326369060922152,0.0,0.7468879668049793,0.0350883,0.0,0.3734439834024896,1.120331950207469,0.0206384302904563,2.240663900414938,ST,8,26,18,16,16,81,52,52,73,8,8,40,50,24,89,74,61,13,11,87,21,81,19,52,52,10,16,26,13,97,32,45,11,52,74,15,27,45,23,16,42,19,19,3,26,6,16,3,71,45,55,68,8,8,35,55,24,94,87,58,13,11,90,21,84,19,52,52,10,16,26,13,97,32,45,11,61,65,15,23,48,23,13,39,19,13,Niké Liga
Spartak Trnava,e2eyddqxo12gs0dhbsb7l5pua,2jvbo8qpcd0ror8hvqdtkafh1,M. Mikovič,Martin Mikovic,35.0,Defender,Slovakia,Defender,29.0,7.0,69.0,9.0,91.0,3.0,9.0,3.0,2.0,2.0,2.0,11.0,9.0,3.0,311.0,1.0,8.0,1.0,1.0,5.0,0.0,1.0,0.0,1.0,0.0,0.0,71.65,42.86,26.92,50.0,33.33,64.71,0.0,83.33,0.1816556127242627,1.151944262049997,3.0,4.0,0.12716278,1.0,7.0,17.0,0.5836976500000001,45.0,8.392282958199356,2.02572347266881,19.967845659163988,2.604501607717041,26.33440514469453,0.8681672025723473,2.604501607717041,0.8681672025723473,0.5787781350482315,0.5787781350482315,0.5787781350482315,3.183279742765273,2.604501607717041,0.8681672025723473,0.2893890675241157,2.315112540192926,0.2893890675241157,0.2893890675241157,1.4469453376205788,0.0,0.2893890675241157,0.0,0.2893890675241157,0.0,0.0,71.65,42.86,26.92,50.0,33.33,64.71,0.0,83.33,0.0525691483767962,0.3333600758344042,0.8681672025723473,1.157556270096463,0.0367995183279742,0.2893890675241157,2.02572347266881,4.919614147909968,0.1689157186495177,13.022508038585208,CB,15,94,88,54,41,34,97,65,59,69,69,44,38,63,60,96,43,66,88,47,74,43,75,49,51,9,35,79,66,57,79,6,65,44,97,97,85,91,69,47,78,94,44,3,97,85,38,24,32,97,59,59,65,65,26,21,53,53,91,38,68,76,47,71,43,76,49,51,9,35,79,66,57,79,6,65,41,97,94,79,88,71,44,76,85,32,Niké Liga
Spartak Trnava,e2eyddqxo12gs0dhbsb7l5pua,32649nlo21dlxhgwz88j4rifo,I. Mensah,Ivan Mensah,22.0,Defender,Ghana,Defender,42.0,0.0,13.0,4.0,55.0,5.0,1.0,1.0,1.0,0.0,0.0,9.0,8.0,5.0,90.0,0.0,2.0,3.0,0.0,0.0,0.0,0.0,0.0,0.0,0.0,0.0,82.09,36.36,0.0,0.0,0.0,0.0,0.0,0.0,0.1139340539893339,0.1397047606465576,0.0,0.0,0.0,1.0,3.0,4.0,0.27312881,32.0,42.0,0.0,13.0,4.0,55.0,5.0,1.0,1.0,1.0,0.0,0.0,9.0,8.0,5.0,0.0,2.0,3.0,0.0,0.0,0.0,0.0,0.0,0.0,0.0,0.0,82.09,36.36,0.0,0.0,0.0,0.0,0.0,0.0,0.1139340539893339,0.1397047606465576,0.0,0.0,0.0,1.0,3.0,4.0,0.27312881,32.0,CB,31,38,13,18,15,51,49,26,38,28,28,28,29,85,22,31,81,29,6,47,29,43,29,49,51,47,31,38,29,22,3,6,6,35,62,32,19,19,69,28,29,50,24,81,38,41,72,74,99,75,68,78,28,28,94,93,100,22,74,99,29,6,47,29,43,29,49,51,47,31,38,29,22,3,6,6,71,91,32,19,19,85,62,62,97,82,Niké Liga
Spartak Trnava,e2eyddqxo12gs0dhbsb7l5pua,3jug5s4lmb833a9c5e6glmz8p,R. Begala,Roman Begala,27.0,Midfielder,Slovakia,Midfielder,41.0,0.0,47.0,5.0,88.0,3.0,1.0,5.0,1.0,2.0,2.0,27.0,2.0,5.0,401.0,2.0,7.0,11.0,1.0,6.0,0.0,4.0,0.0,1.0,0.0,0.0,83.81,55.56,0.0,50.0,40.0,57.45,42.86,50.0,0.3125015106495154,0.0477638296144448,3.0,3.0,0.0738159,0.0,8.0,7.0,0.13980741,35.0,9.201995012468828,0.0,10.54862842892768,1.1221945137157108,19.75062344139651,0.6733167082294265,0.2244389027431421,1.1221945137157108,0.2244389027431421,0.4488778054862842,0.4488778054862842,6.059850374064838,0.4488778054862842,1.1221945137157108,0.4488778054862842,1.5710723192019949,2.468827930174564,0.2244389027431421,1.346633416458853,0.0,0.8977556109725685,0.0,0.2244389027431421,0.0,0.0,83.81,55.56,0.0,50.0,40.0,57.45,42.86,50.0,0.0701374961557515,0.0107200615094763,0.6733167082294265,0.6733167082294265,0.0165671596009975,0.0,1.795511221945137,1.5710723192019949,0.0313782216957605,7.855361596009975,DM/CM,40,27,47,48,45,69,24,76,39,53,50,94,21,79,81,84,97,55,89,40,89,34,63,52,48,48,50,27,60,61,68,35,27,61,13,90,50,48,21,37,34,23,29,16,27,16,26,6,52,16,48,29,45,42,84,13,52,58,65,94,45,68,40,74,34,48,52,48,48,50,27,60,61,68,35,27,39,13,90,45,45,21,19,10,6,13,Niké Liga
Spartak Trnava,e2eyddqxo12gs0dhbsb7l5pua,4qcx1ql4jxov8vncghnqud5d6,T. Wildeboer,Tijmen Wildeboer,24.0,Attacker,Netherlands,Striker,4.0,0.0,9.0,0.0,13.0,5.0,0.0,7.0,7.0,1.0,1.0,11.0,0.0,0.0,108.0,1.0,7.0,2.0,1.0,1.0,0.0,0.0,0.0,4.0,0.0,0.0,68.42,0.0,0.0,100.0,14.29,61.11,50.0,33.33,0.9785588652085933,0.0,1.0,2.0,0.04382219,2.0,1.0,1.0,0.0242047199999999,6.0,3.333333333333333,0.0,7.5,0.0,10.833333333333334,4.166666666666667,0.0,5.833333333333334,5.833333333333334,0.8333333333333334,0.8333333333333334,9.166666666666668,0.0,0.0,0.8333333333333334,5.833333333333334,1.6666666666666667,0.8333333333333334,0.8333333333333334,0.0,0.0,0.0,3.333333333333333,0.0,0.0,68.42,0.0,0.0,100.0,14.29,61.11,50.0,33.33,0.8154657210071611,0.0,0.8333333333333334,1.6666666666666667,0.0365184916666666,1.6666666666666667,0.8333333333333334,0.8333333333333334,0.0201705999999999,5.0,ST,8,26,3,16,5,71,3,52,73,18,18,40,11,24,21,16,35,35,39,42,21,24,90,52,52,32,16,26,98,18,94,76,24,65,3,44,27,19,74,16,19,13,19,32,26,35,16,29,94,3,100,100,29,26,94,11,24,55,74,68,52,74,42,21,24,100,52,52,32,16,26,98,18,94,76,24,100,3,74,65,55,97,29,29,16,48,Niké Liga
Spartak Trnava,e2eyddqxo12gs0dhbsb7l5pua,4s2x327i20p6hm0fwo8fgges,F. Trello,Filip Trello,19.0,Midfielder,Slovakia,Midfielder,19.0,3.0,62.0,0.0,78.0,1.0,10.0,8.0,7.0,13.0,15.0,16.0,1.0,1.0,336.0,4.0,20.0,6.0,5.0,4.0,0.0,1.0,2.0,1.0,0.0,0.0,77.23,0.0,33.33,38.46,50.0,38.1,12.5,100.0,0.7812215713311725,0.9095197133081466,4.0,13.0,0.41888376,4.0,8.0,6.0,0.53665504,39.0,5.089285714285714,0.8035714285714286,16.607142857142858,0.0,20.892857142857142,0.2678571428571428,2.6785714285714284,2.142857142857143,1.875,3.482142857142857,4.017857142857142,4.285714285714286,0.2678571428571428,0.2678571428571428,1.0714285714285714,5.357142857142857,1.6071428571428572,1.3392857142857142,1.0714285714285714,0.0,0.2678571428571428,0.5357142857142857,0.2678571428571428,0.0,0.0,77.23,0.0,33.33,38.46,50.0,38.1,12.5,100.0,0.2092557780351355,0.2436213517789678,1.0714285714285714,3.482142857142857,0.1122010071428571,1.0714285714285714,2.142857142857143,1.6071428571428572,0.1437468857142857,10.446428571428571,LM/LCM,80,60,100,30,100,50,100,80,100,80,80,60,70,50,100,100,60,80,90,50,50,100,50,60,60,80,30,80,20,80,20,40,100,100,80,90,100,100,80,100,70,80,100,80,60,80,30,80,40,80,40,80,60,60,40,60,40,80,60,40,40,60,50,20,100,40,60,60,80,30,80,20,80,20,40,100,80,80,20,100,100,60,80,60,60,80,Niké Liga
Spartak Trnava,e2eyddqxo12gs0dhbsb7l5pua,6afxu9qxcnbhgv8dn7apkgaqy,T. Kudlička,Timotej Kudlicka,23.0,Attacker,Slovakia,Striker,21.0,0.0,33.0,0.0,54.0,6.0,4.0,16.0,14.0,6.0,6.0,20.0,4.0,2.0,386.0,8.0,33.0,4.0,3.0,5.0,1.0,2.0,2.0,4.0,0.0,0.0,65.06,0.0,0.0,50.0,50.0,44.44,50.0,71.43,2.2764856903557,0.1940920507762736,5.0,7.0,0.24813371,3.0,3.0,5.0,0.07916795,19.0,4.896373056994819,0.0,7.694300518134716,0.0,12.590673575129534,1.3989637305699485,0.932642487046632,3.730569948186528,3.2642487046632125,1.3989637305699485,1.3989637305699485,4.663212435233161,0.932642487046632,0.466321243523316,1.865284974093264,7.694300518134716,0.932642487046632,0.6994818652849741,1.1658031088082903,0.233160621761658,0.466321243523316,0.466321243523316,0.932642487046632,0.0,0.0,65.06,0.0,0.0,50.0,50.0,44.44,50.0,71.43,0.5307868189948522,0.0452546232379912,1.1658031088082903,1.6321243523316062,0.0578550101036269,0.6994818652849741,0.6994818652849741,1.1658031088082903,0.0184588484455958,4.430051813471502,CM/AM,45,21,25,4,36,89,50,100,100,66,66,82,77,57,100,100,57,70,84,75,43,96,82,50,50,11,4,21,79,84,57,80,62,100,32,89,70,71,66,29,21,11,29,18,21,11,4,11,82,21,96,100,39,32,57,57,43,100,93,39,43,64,64,30,86,71,50,50,11,4,21,79,84,57,80,62,100,14,68,36,57,46,11,7,4,7,Niké Liga
Spartak Trnava,e2eyddqxo12gs0dhbsb7l5pua,6caoi7byari78jdmr3q8cizxm,M. Laušić,Marin Lausic,25.0,Midfielder,Croatia,Midfielder,94.0,6.0,113.0,23.0,201.0,6.0,8.0,6.0,3.0,2.0,2.0,21.0,8.0,4.0,422.0,3.0,8.0,6.0,1.0,3.0,1.0,3.0,0.0,2.0,0.0,0.0,83.06,58.97,23.08,50.0,50.0,72.41,75.0,37.5,0.3999141364870541,1.0615141802469863,3.0,11.0,0.3070157499999999,5.0,23.0,26.0,1.1285160900000004,119.0,20.047393364928908,1.2796208530805686,24.09952606635071,4.90521327014218,42.86729857819905,1.2796208530805686,1.706161137440758,1.2796208530805686,0.6398104265402843,0.4265402843601895,0.4265402843601895,4.478672985781991,1.706161137440758,0.8530805687203791,0.6398104265402843,1.706161137440758,1.2796208530805686,0.2132701421800947,0.6398104265402843,0.2132701421800947,0.6398104265402843,0.0,0.4265402843601895,0.0,0.0,83.06,58.97,23.08,50.0,50.0,72.41,75.0,37.5,0.0852897447484238,0.2263892801474615,0.6398104265402843,2.3459715639810423,0.0654772926540284,1.066350710900474,4.90521327014218,5.545023696682464,0.2406787869668247,25.37914691943128,DM/CM,87,90,100,100,97,81,90,89,77,53,50,85,68,65,94,89,81,55,48,87,77,34,89,52,48,42,68,58,60,77,100,90,19,74,97,90,100,100,98,97,100,100,100,65,87,87,90,71,74,87,61,58,42,39,52,48,45,77,74,71,42,23,84,61,34,77,52,48,42,68,58,60,77,100,90,19,52,90,84,90,90,90,77,77,100,87,Niké Liga
Spartak Trnava,e2eyddqxo12gs0dhbsb7l5pua,8aafj44ljp6uds7sy7v8o9j3d,M. Tomič,Michal Tomic,27.0,Defender,Slovakia,Defender,23.0,1.0,15.0,3.0,37.0,4.0,1.0,2.0,2.0,0.0,0.0,6.0,2.0,0.0,90.0,1.0,3.0,0.0,0.0,2.0,0.0,0.0,0.0,0.0,0.0,0.0,77.08,50.0,33.33,0.0,50.0,85.71,0.0,100.0,0.2397222965055869,0.0638646621381025,0.0,2.0,0.03992476,2.0,4.0,8.0,0.1266154299999999,17.0,23.0,1.0,15.0,3.0,37.0,4.0,1.0,2.0,2.0,0.0,0.0,6.0,2.0,0.0,1.0,3.0,0.0,0.0,2.0,0.0,0.0,0.0,0.0,0.0,0.0,77.08,50.0,33.33,0.0,50.0,85.71,0.0,100.0,0.2397222965055869,0.0638646621381025,0.0,2.0,0.03992476,2.0,4.0,8.0,0.1266154299999999,17.0,RB/RCB,18,62,5,28,10,50,45,60,78,10,10,15,12,8,78,57,12,25,28,40,28,45,30,50,52,45,72,78,25,92,100,10,92,70,40,30,50,45,70,28,40,25,20,80,90,60,75,78,100,82,90,100,10,10,80,40,8,100,95,12,25,85,40,28,45,30,50,52,45,72,78,25,92,100,10,92,95,60,30,90,90,100,68,95,80,65,Niké Liga
Spartak Trnava,e2eyddqxo12gs0dhbsb7l5pua,8tqi52tmjp4wu908cwtx790k4,M. Bajrami,Melos Bajrami,24.0,Defender,Kosovo,Defender,42.0,0.0,24.0,6.0,66.0,5.0,0.0,0.0,0.0,1.0,1.0,13.0,10.0,1.0,90.0,0.0,0.0,3.0,1.0,3.0,0.0,0.0,0.0,0.0,0.0,0.0,79.52,31.58,0.0,100.0,0.0,86.67,71.43,75.0,0.0,0.0,0.0,0.0,0.0,0.0,0.0,0.0,0.0,0.0,42.0,0.0,24.0,6.0,66.0,5.0,0.0,0.0,0.0,1.0,1.0,13.0,10.0,1.0,0.0,0.0,3.0,1.0,3.0,0.0,0.0,0.0,0.0,0.0,0.0,79.52,31.58,0.0,100.0,0.0,86.67,71.43,75.0,0.0,0.0,0.0,0.0,0.0,0.0,0.0,0.0,0.0,0.0,CB,31,38,21,31,26,51,18,9,16,59,59,56,47,19,22,12,81,66,63,47,29,43,29,49,51,35,21,38,93,22,97,76,57,10,21,32,19,19,29,9,9,9,9,81,38,91,94,88,99,18,9,16,81,81,100,97,60,22,12,99,91,100,47,29,43,29,49,51,35,21,38,93,22,97,76,57,10,21,32,19,19,29,9,9,9,9,Niké Liga
Spartak Trnava,e2eyddqxo12gs0dhbsb7l5pua,94ur977ld30j48js3hk6x2cr8,L. Khorkheli,Luka Khorkheli,26.0,Midfielder,Georgia,Midfielder,25.0,0.0,57.0,1.0,82.0,6.0,8.0,11.0,7.0,11.0,11.0,22.0,1.0,2.0,336.0,4.0,20.0,5.0,5.0,2.0,1.0,4.0,1.0,4.0,0.0,0.0,79.61,100.0,0.0,45.45,36.36,51.16,46.15,33.33,1.5233579959786645,0.3791035772517183,5.0,9.0,0.35947503,4.0,4.0,11.0,0.3276129099999999,47.0,6.696428571428571,0.0,15.267857142857142,0.2678571428571428,21.964285714285715,1.6071428571428572,2.142857142857143,2.946428571428571,1.875,2.946428571428571,2.946428571428571,5.892857142857142,0.2678571428571428,0.5357142857142857,1.0714285714285714,5.357142857142857,1.3392857142857142,1.3392857142857142,0.5357142857142857,0.2678571428571428,1.0714285714285714,0.2678571428571428,1.0714285714285714,0.0,0.0,79.61,100.0,0.0,45.45,36.36,51.16,46.15,33.33,0.408042320351428,0.1015456010495673,1.3392857142857142,2.4107142857142856,0.0962879544642857,1.0714285714285714,1.0714285714285714,2.946428571428571,0.0877534580357142,12.589285714285714,CM/AM,64,21,75,16,75,89,89,93,91,80,77,89,27,57,93,89,73,88,48,75,79,75,82,50,50,61,91,21,66,64,71,75,18,89,54,89,86,89,82,46,61,43,86,39,21,43,7,50,86,79,71,79,75,68,71,18,50,75,86,46,79,32,68,64,61,79,50,50,61,91,21,66,64,71,75,18,89,39,82,68,82,71,25,46,25,68,Niké Liga
Spartak Trnava,e2eyddqxo12gs0dhbsb7l5pua,9jc85n5rijfpr03nzevx9q1as,L. Mehmeti,Lorent Mehmeti,22.0,Midfielder,Sweden,Midfielder,10.0,1.0,22.0,2.0,31.0,0.0,2.0,5.0,2.0,4.0,5.0,6.0,1.0,1.0,158.0,1.0,8.0,1.0,2.0,3.0,1.0,3.0,0.0,1.0,0.0,0.0,73.81,66.67,50.0,50.0,20.0,40.0,0.0,100.0,0.4238432973772334,0.2205523770064006,3.0,3.0,0.07579931,0.0,4.0,4.0,0.1726526099999999,13.0,5.69620253164557,0.569620253164557,12.531645569620252,1.139240506329114,17.658227848101266,0.0,1.139240506329114,2.848101265822785,1.139240506329114,2.278481012658228,2.848101265822785,3.4177215189873418,0.569620253164557,0.569620253164557,0.569620253164557,4.556962025316456,0.569620253164557,1.139240506329114,1.7088607594936709,0.569620253164557,1.7088607594936709,0.0,0.569620253164557,0.0,0.0,73.81,66.67,50.0,50.0,20.0,40.0,0.0,100.0,0.2414297263541203,0.1256311008264307,1.7088607594936709,1.7088607594936709,0.0431768221518987,0.0,2.278481012658228,2.278481012658228,0.0983464234177214,7.405063291139241,RM/RCM,36,55,18,55,18,14,68,64,32,59,68,9,36,45,45,45,27,68,59,82,95,32,45,55,55,45,73,82,64,36,9,18,95,45,73,86,64,64,18,55,50,27,27,45,73,27,64,27,14,73,73,36,73,82,18,45,45,55,73,27,64,73,91,100,32,55,55,55,45,73,82,64,36,9,18,95,55,73,91,64,64,18,55,55,45,27,Niké Liga
Spartak Trnava,e2eyddqxo12gs0dhbsb7l5pua,bpa4041uf6rhu659hwa08o1lg,M. Ujlaky,Marek Ujlaky,22.0,Defender,Slovakia,Defender,108.0,0.0,54.0,16.0,162.0,9.0,0.0,2.0,2.0,0.0,0.0,24.0,24.0,2.0,360.0,0.0,4.0,4.0,0.0,10.0,0.0,0.0,0.0,0.0,0.0,0.0,85.71,57.14,0.0,0.0,0.0,55.81,45.0,90.91,0.2639273676985249,0.0,1.0,1.0,0.0199707,0.0,16.0,15.0,0.3219482499999998,103.0,27.0,0.0,13.5,4.0,40.5,2.25,0.0,0.5,0.5,0.0,0.0,6.0,6.0,0.5,0.0,1.0,1.0,0.0,2.5,0.0,0.0,0.0,0.0,0.0,0.0,85.71,57.14,0.0,0.0,0.0,55.81,45.0,90.91,0.0659818419246312,0.0,0.25,0.25,0.004992675,0.0,4.0,3.75,0.0804870624999999,25.75,CB,76,38,71,87,74,75,18,47,59,28,28,97,91,43,22,50,90,29,97,47,29,43,29,49,51,62,68,38,29,22,50,35,71,62,21,76,50,51,29,91,66,59,82,56,38,44,72,53,56,18,29,46,28,28,82,76,25,22,37,76,29,94,47,29,43,29,49,51,62,68,38,29,22,50,35,71,50,21,68,44,44,29,76,56,44,62,Niké Liga
Spartak Trnava,e2eyddqxo12gs0dhbsb7l5pua,bq1i8z906frmxd7upktyfcgd1,K. Koštrna,Kristián Kostrna,32.0,Defender,Slovakia,Defender,51.0,4.0,61.0,10.0,108.0,2.0,5.0,3.0,2.0,1.0,1.0,18.0,13.0,4.0,348.0,0.0,8.0,7.0,1.0,6.0,1.0,1.0,0.0,1.0,0.0,0.0,77.7,45.45,28.57,100.0,0.0,54.55,33.33,75.0,0.228620929518739,0.424514133522528,1.0,9.0,0.22167786,7.0,10.0,18.0,0.5492310699999999,49.0,13.189655172413794,1.0344827586206895,15.775862068965518,2.586206896551724,27.93103448275862,0.5172413793103449,1.293103448275862,0.7758620689655172,0.5172413793103449,0.2586206896551724,0.2586206896551724,4.655172413793103,3.362068965517241,1.0344827586206895,0.0,2.0689655172413794,1.8103448275862069,0.2586206896551724,1.5517241379310345,0.2586206896551724,0.2586206896551724,0.0,0.2586206896551724,0.0,0.0,77.7,45.45,28.57,100.0,0.0,54.55,33.33,75.0,0.0591261024617428,0.1097881379799641,0.2586206896551724,2.327586206896552,0.0573304810344827,1.8103448275862069,2.586206896551724,4.655172413793103,0.1420425181034482,12.672413793103448,CB,44,91,79,62,47,25,88,65,59,59,59,81,62,74,22,96,94,66,94,97,74,43,75,49,51,26,41,84,93,22,47,26,57,56,85,76,100,100,100,62,85,91,47,18,91,68,35,26,18,85,53,50,56,56,59,32,65,22,76,88,62,88,97,65,43,71,49,51,26,41,84,93,22,47,26,57,47,79,71,100,100,100,47,71,79,29,Niké Liga
Spartak Trnava,e2eyddqxo12gs0dhbsb7l5pua,d9hdipnzq4k4cgojv6akpcyxh,E. Sabo,Erik Sabo,34.0,Midfielder,Slovakia,Midfielder,104.0,1.0,69.0,19.0,172.0,3.0,4.0,4.0,3.0,1.0,1.0,18.0,12.0,3.0,342.0,1.0,4.0,6.0,1.0,4.0,1.0,1.0,1.0,1.0,0.0,0.0,86.43,55.88,33.33,100.0,25.0,64.29,50.0,50.0,0.2015770832212541,0.3546626924753394,0.0,2.0,0.03555943,0.0,17.0,22.0,0.4286500599999998,112.0,27.36842105263158,0.2631578947368421,18.157894736842103,5.0,45.26315789473684,0.7894736842105263,1.0526315789473684,1.0526315789473684,0.7894736842105263,0.2631578947368421,0.2631578947368421,4.736842105263158,3.1578947368421053,0.7894736842105263,0.2631578947368421,1.0526315789473684,1.5789473684210529,0.2631578947368421,1.0526315789473684,0.2631578947368421,0.2631578947368421,0.2631578947368421,0.2631578947368421,0.0,0.0,86.43,55.88,33.33,100.0,25.0,64.29,50.0,50.0,0.0530466008476984,0.0933322874935103,0.0,0.5263157894736842,0.0093577447368421,0.0,4.473684210526316,5.789473684210527,0.112802647368421,29.47368421052632,DM/CM,94,65,82,94,87,69,74,63,77,37,34,74,92,48,50,55,81,55,63,87,42,82,63,52,48,71,55,73,92,40,81,55,27,39,81,23,40,32,21,87,97,71,97,84,58,65,94,77,61,68,45,68,29,29,58,81,32,35,39,74,48,60,87,32,74,55,52,48,71,55,73,92,40,81,55,27,26,65,23,31,26,21,74,87,58,97,Niké Liga
Spartak Trnava,e2eyddqxo12gs0dhbsb7l5pua,yft0jty4ozq3sinbp3zvizt,Juanmi Carrión,Juanmi Carrion,28.0,Defender,Spain,Defender,33.0,3.0,30.0,5.0,60.0,0.0,5.0,2.0,1.0,4.0,4.0,8.0,3.0,1.0,139.0,1.0,1.0,0.0,3.0,4.0,0.0,1.0,1.0,0.0,0.0,0.0,83.33,41.67,37.5,75.0,50.0,50.0,0.0,80.0,0.0829730968236391,0.5845675496166369,1.0,5.0,0.1227646199999999,2.0,5.0,5.0,0.5497805199999999,31.0,21.366906474820144,1.9424460431654675,19.42446043165468,3.237410071942446,38.84892086330935,0.0,3.237410071942446,1.2949640287769784,0.6474820143884892,2.5899280575539567,2.5899280575539567,5.179856115107913,1.9424460431654675,0.6474820143884892,0.6474820143884892,0.6474820143884892,0.0,1.9424460431654675,2.5899280575539567,0.0,0.6474820143884892,0.6474820143884892,0.0,0.0,0.0,83.33,41.67,37.5,75.0,50.0,50.0,0.0,80.0,0.0537235878714209,0.3784969745719231,0.6474820143884892,3.237410071942446,0.0794878834532373,1.2949640287769784,3.237410071942446,3.237410071942446,0.355972998561151,20.071942446043163,LB/LCB,47,73,40,47,40,7,77,53,40,60,60,33,13,20,63,17,23,73,60,50,77,87,30,50,53,70,60,67,73,87,37,10,87,40,87,73,70,73,63,33,33,60,33,67,100,67,73,73,7,100,93,80,100,100,67,37,20,100,20,23,100,93,50,100,100,30,50,53,70,60,67,73,87,37,10,87,47,100,93,100,80,93,67,53,93,67,Niké Liga
Podbrezová,htdr7aa5cwjma1fy1nob7sb7,39nfi2znhxob6953oqb579isq,R. Lampreht,Rene Lampreht,24.0,Defender,Slovenia,Defender,76.0,1.0,83.0,16.0,158.0,6.0,5.0,2.0,2.0,2.0,3.0,17.0,20.0,7.0,450.0,0.0,5.0,2.0,0.0,7.0,1.0,0.0,0.0,1.0,0.0,0.0,77.45,44.44,33.33,0.0,0.0,45.95,46.15,77.78,0.2710653593404142,0.3899612168011021,0.0,1.0,0.01870347,0.0,23.0,27.0,0.6316200599999999,100.0,15.2,0.2,16.6,3.2,31.6,1.2,1.0,0.4,0.4,0.4,0.6,3.4,4.0,1.4,0.0,1.0,0.4,0.0,1.4,0.2,0.0,0.0,0.2,0.0,0.0,77.45,44.44,33.33,0.0,0.0,45.95,46.15,77.78,0.0542130718680828,0.0779922433602204,0.0,0.2,0.003740694,0.0,4.6,5.4,0.1263240119999999,20.0,RB/RCB,85,62,95,100,95,78,90,60,78,52,60,62,85,82,35,80,45,25,75,88,28,45,72,50,52,50,55,78,25,35,20,45,70,80,90,30,35,35,25,95,95,95,95,50,55,80,80,50,50,82,40,60,35,40,25,80,70,35,55,30,25,50,80,28,45,60,50,52,50,55,78,25,35,20,45,70,50,70,30,30,30,25,80,80,75,90,Niké Liga
Podbrezová,htdr7aa5cwjma1fy1nob7sb7,4kyzzckx6o34dt4ioy3cdr02c,R. Šiler,Radek Siler,21.0,Attacker,Czechia,Striker,22.0,0.0,23.0,0.0,45.0,3.0,1.0,14.0,9.0,7.0,7.0,8.0,4.0,0.0,370.0,4.0,15.0,3.0,2.0,0.0,0.0,5.0,3.0,4.0,0.0,0.0,65.22,0.0,0.0,28.57,28.57,30.77,60.0,0.0,1.6862985875716876,0.097972014641248,4.0,5.0,0.1702136699999999,2.0,1.0,5.0,0.2135420699999999,19.0,5.351351351351352,0.0,5.594594594594595,0.0,10.945945945945947,0.7297297297297298,0.2432432432432432,3.4054054054054057,2.189189189189189,1.7027027027027029,1.7027027027027029,1.945945945945946,0.972972972972973,0.0,0.972972972972973,3.648648648648649,0.7297297297297298,0.4864864864864865,0.0,0.0,1.2162162162162162,0.7297297297297298,0.972972972972973,0.0,0.0,65.22,0.0,0.0,28.57,28.57,30.77,60.0,0.0,0.4101807375174375,0.0238310305884116,0.972972972972973,1.2162162162162162,0.0414033251351351,0.4864864864864865,0.2432432432432432,1.2162162162162162,0.0519426656756756,4.621621621621622,ST,79,26,40,16,58,48,13,95,87,69,66,27,84,24,82,58,50,53,11,42,98,94,90,52,52,23,16,26,32,39,19,92,11,90,19,92,76,77,74,16,60,61,65,68,26,3,16,35,39,10,77,55,42,42,3,71,24,65,29,26,35,11,42,94,77,81,52,52,23,16,26,32,39,19,92,11,77,10,84,55,65,61,10,50,39,45,Niké Liga
Podbrezová,htdr7aa5cwjma1fy1nob7sb7,5b2tbq19vxam77qz7y29utxt6,M. Rusnák,Matús Rusnák,26.0,Midfielder,Slovakia,Midfielder,4.0,0.0,11.0,1.0,15.0,1.0,0.0,1.0,1.0,3.0,3.0,7.0,3.0,1.0,142.0,0.0,3.0,1.0,2.0,1.0,0.0,0.0,0.0,1.0,0.0,0.0,55.56,50.0,0.0,66.67,0.0,58.33,0.0,33.33,0.0,0.0,0.0,0.0,0.0,0.0,0.0,0.0,0.0,0.0,2.535211267605634,0.0,6.971830985915493,0.6338028169014085,9.507042253521128,0.6338028169014085,0.0,0.6338028169014085,0.6338028169014085,1.9014084507042253,1.9014084507042253,4.436619718309859,1.9014084507042253,0.6338028169014085,0.0,1.9014084507042253,0.6338028169014085,1.267605633802817,0.6338028169014085,0.0,0.0,0.0,0.6338028169014085,0.0,0.0,55.56,50.0,0.0,66.67,0.0,58.33,0.0,33.33,0.0,0.0,0.0,0.0,0.0,0.0,0.0,0.0,0.0,0.0,RM/RCM,9,14,9,41,9,36,18,9,14,41,41,27,64,45,18,14,27,68,27,36,18,32,45,55,55,9,55,14,91,18,64,18,18,9,18,14,9,9,18,9,9,9,9,9,14,9,45,9,45,18,9,18,64,55,55,73,73,18,18,45,73,36,36,18,32,64,55,55,9,55,14,91,18,64,18,18,9,18,14,9,9,18,9,9,9,9,Niké Liga
Podbrezová,htdr7aa5cwjma1fy1nob7sb7,5vjwd4k2n8vpnb84g2wi15nu1,J. Krivák,Ján Krivák,32.0,Defender,Slovakia,Defender,35.0,0.0,12.0,2.0,47.0,1.0,0.0,0.0,0.0,0.0,0.0,2.0,10.0,1.0,180.0,0.0,0.0,1.0,0.0,0.0,0.0,0.0,0.0,0.0,0.0,0.0,88.68,66.67,0.0,0.0,0.0,20.0,25.0,0.0,0.0,0.0,0.0,0.0,0.0,0.0,0.0,0.0,0.0,0.0,17.5,0.0,6.0,1.0,23.5,0.5,0.0,0.0,0.0,0.0,0.0,1.0,5.0,0.5,0.0,0.0,0.5,0.0,0.0,0.0,0.0,0.0,0.0,0.0,0.0,88.68,66.67,0.0,0.0,0.0,20.0,25.0,0.0,0.0,0.0,0.0,0.0,0.0,0.0,0.0,0.0,0.0,0.0,CB,22,38,9,12,9,12,18,9,16,28,28,6,47,19,22,12,43,29,6,47,29,43,29,49,51,88,88,38,29,22,6,16,6,10,21,32,19,19,29,9,9,9,9,35,38,7,12,12,15,18,9,16,28,28,3,57,25,22,12,59,29,6,47,29,43,29,49,51,88,88,38,29,22,6,16,6,10,21,32,19,19,29,9,9,9,9,Niké Liga
Podbrezová,htdr7aa5cwjma1fy1nob7sb7,6l5nyyhk1f31h85a0lsyb74lw,Š. Faško,Šimon Faško,20.0,Midfielder,Slovakia,Midfielder,33.0,0.0,33.0,3.0,66.0,1.0,4.0,3.0,2.0,0.0,0.0,5.0,1.0,2.0,178.0,2.0,3.0,2.0,0.0,2.0,0.0,1.0,1.0,1.0,0.0,0.0,85.71,60.0,0.0,0.0,66.67,41.67,33.33,100.0,0.2645058417521012,0.2366481287145304,2.0,6.0,0.1350635899999999,3.0,13.0,11.0,0.22101431,37.0,16.685393258426966,0.0,16.685393258426966,1.5168539325842696,33.37078651685393,0.5056179775280899,2.02247191011236,1.5168539325842696,1.0112359550561798,0.0,0.0,2.528089887640449,0.5056179775280899,1.0112359550561798,1.0112359550561798,1.5168539325842696,1.0112359550561798,0.0,1.0112359550561798,0.0,0.5056179775280899,0.5056179775280899,0.5056179775280899,0.0,0.0,85.71,60.0,0.0,0.0,66.67,41.67,33.33,100.0,0.1337389087510624,0.1196535482264479,1.0112359550561798,3.033707865168539,0.0682905792134831,1.5168539325842696,6.573033707865168,5.561797752808989,0.1117488084269662,18.707865168539325,DM/CM,29,27,26,24,23,21,74,45,63,15,15,10,11,31,81,37,44,19,31,40,42,82,63,52,48,65,73,27,19,94,13,27,90,58,58,74,85,87,85,69,58,39,32,45,27,52,35,58,23,90,74,81,15,15,10,16,48,94,58,58,19,52,40,55,87,81,52,48,65,73,27,19,94,13,27,90,77,81,94,97,94,100,100,81,55,65,Niké Liga
Podbrezová,htdr7aa5cwjma1fy1nob7sb7,7zp84rnke5blo9z4rkug0m5ed,M. Chrien,Martin Chrien,30.0,Midfielder,Slovakia,Midfielder,23.0,1.0,50.0,2.0,72.0,12.0,4.0,3.0,3.0,1.0,2.0,16.0,5.0,5.0,270.0,2.0,12.0,1.0,1.0,0.0,0.0,0.0,1.0,1.0,0.0,0.0,74.23,40.0,100.0,100.0,66.67,50.0,66.67,0.0,0.4215533975631055,0.4037384200469338,0.0,8.0,0.27363215,4.0,2.0,6.0,0.32291218,32.0,7.666666666666667,0.3333333333333333,16.666666666666668,0.6666666666666666,24.0,4.0,1.3333333333333333,1.0,1.0,0.3333333333333333,0.6666666666666666,5.333333333333333,1.6666666666666667,1.6666666666666667,0.6666666666666666,4.0,0.3333333333333333,0.3333333333333333,0.0,0.0,0.0,0.3333333333333333,0.3333333333333333,0.0,0.0,74.23,40.0,100.0,100.0,66.67,50.0,66.67,0.0,0.1405177991877018,0.1345794733489779,0.0,2.6666666666666665,0.0912107166666666,1.3333333333333333,0.6666666666666666,2.0,0.1076373933333333,10.666666666666666,CM/AM,57,54,68,46,61,100,50,32,61,9,16,71,88,95,54,71,7,32,7,32,12,75,39,50,50,36,55,100,96,98,66,98,7,57,57,11,79,79,82,12,32,39,54,50,57,64,29,57,100,50,25,61,7,11,68,82,93,54,75,4,32,7,32,12,68,29,50,50,36,55,100,96,98,66,98,7,54,61,11,75,79,79,7,21,43,46,Niké Liga
Podbrezová,htdr7aa5cwjma1fy1nob7sb7,815rnisvgb7c9r69ndnwowzys,B. Mrvaljević,Balsa Mrvaljevic,20.0,Attacker,Montenegro,Striker,4.0,0.0,10.0,0.0,14.0,2.0,2.0,7.0,6.0,4.0,5.0,6.0,0.0,0.0,121.0,2.0,14.0,1.0,1.0,1.0,0.0,1.0,1.0,3.0,0.0,0.0,63.64,0.0,0.0,25.0,28.57,46.15,0.0,50.0,0.9124350752755354,0.1724766666300972,2.0,1.0,0.25745362,0.0,0.0,0.0,0.0065612399999999,1.0,2.975206611570248,0.0,7.438016528925619,0.0,10.413223140495868,1.487603305785124,1.487603305785124,5.206611570247934,4.462809917355371,2.975206611570248,3.7190082644628095,4.462809917355371,0.0,0.0,1.487603305785124,10.413223140495868,0.743801652892562,0.743801652892562,0.743801652892562,0.0,0.743801652892562,0.743801652892562,2.2314049586776856,0.0,0.0,63.64,0.0,0.0,25.0,28.57,46.15,0.0,50.0,0.6786707171470924,0.1282884297248656,1.487603305785124,0.743801652892562,0.1914944280991735,0.0,0.0,0.0,0.0048802611570247,0.743801652892562,ST,8,26,8,16,10,32,31,52,55,42,47,11,11,24,44,48,18,35,39,42,53,61,77,52,52,19,16,26,29,39,61,11,37,55,29,66,15,90,23,5,6,3,3,23,26,32,16,23,52,55,97,97,87,94,45,11,24,77,100,29,45,61,42,77,81,97,52,52,19,16,26,29,39,61,11,37,97,55,94,19,100,23,5,6,3,3,Niké Liga
Podbrezová,htdr7aa5cwjma1fy1nob7sb7,8wny8hakn0dgh86k3gaxdorje,P. Kováčik,Peter Kovácik,24.0,Midfielder,Slovakia,Midfielder,25.0,11.0,64.0,3.0,78.0,3.0,15.0,10.0,7.0,2.0,2.0,14.0,7.0,2.0,301.0,3.0,20.0,4.0,1.0,4.0,1.0,3.0,2.0,5.0,0.0,0.0,74.29,75.0,44.0,50.0,30.0,66.67,75.0,66.67,0.9388049365212744,1.6014894953248606,6.0,13.0,0.42400685,2.0,8.0,15.0,1.01262471,39.0,7.475083056478405,3.2890365448504983,19.13621262458472,0.8970099667774086,23.322259136212622,0.8970099667774086,4.485049833887043,2.990033222591362,2.093023255813953,0.5980066445182725,0.5980066445182725,4.186046511627906,2.093023255813953,0.5980066445182725,0.8970099667774086,5.980066445182724,1.196013289036545,0.2990033222591362,1.196013289036545,0.2990033222591362,0.8970099667774086,0.5980066445182725,1.495016611295681,0.0,0.0,74.29,75.0,44.0,50.0,30.0,66.67,75.0,66.67,0.2807057949731385,0.4788506796652407,1.7940199335548173,3.88704318936877,0.1267794568106312,0.5980066445182725,2.39202657807309,4.485049833887043,0.3027781524916944,11.661129568106311,RM/RCM,73,100,100,68,82,64,100,100,91,18,18,64,82,73,86,100,68,36,73,82,95,91,100,55,55,55,91,64,64,64,95,91,64,91,100,100,100,100,73,77,91,100,82,73,100,73,55,73,55,100,82,73,18,18,45,82,55,73,91,64,18,55,73,64,82,100,55,55,55,91,64,64,64,95,91,64,73,100,100,100,100,45,73,82,91,64,Niké Liga
Podbrezová,htdr7aa5cwjma1fy1nob7sb7,9r4kbfepg1z7ja7utufy2385w,M. Khiminets,Maksym Khiminets,20.0,Midfielder,Ukraine,Midfielder,4.0,3.0,14.0,1.0,15.0,0.0,4.0,2.0,0.0,2.0,2.0,4.0,2.0,0.0,100.0,0.0,4.0,3.0,0.0,1.0,0.0,2.0,0.0,1.0,0.0,0.0,57.69,14.29,27.27,0.0,0.0,33.33,0.0,100.0,0.14279360021999,0.4686524424447849,2.0,4.0,0.0944042,1.0,3.0,2.0,0.27511597,8.0,3.6,2.7,12.6,0.8999999999999999,13.5,0.0,3.6,1.7999999999999998,0.0,1.7999999999999998,1.7999999999999998,3.6,1.7999999999999998,0.0,0.0,3.6,2.7,0.0,0.8999999999999999,0.0,1.7999999999999998,0.0,0.8999999999999999,0.0,0.0,57.69,14.29,27.27,0.0,0.0,33.33,0.0,100.0,0.128514240197991,0.4217871982003063,1.7999999999999998,3.6,0.0849637799999999,0.8999999999999999,2.7,1.7999999999999998,0.247604373,7.199999999999999,CM/AM,4,73,9,16,4,20,50,20,16,21,16,5,50,16,18,27,36,12,25,32,43,30,39,50,50,7,7,75,12,18,23,21,89,21,71,52,39,36,29,29,5,36,7,11,96,29,50,14,20,93,46,16,50,46,32,86,16,18,64,86,12,57,32,93,30,68,50,50,7,7,75,12,18,23,21,89,50,93,93,89,75,57,71,14,86,21,Niké Liga
Podbrezová,htdr7aa5cwjma1fy1nob7sb7,bist0b8gg6qi30rdd8qx423h0,O. Deml,Ondrej Deml,21.0,Midfielder,Czechia,Midfielder,23.0,5.0,79.0,5.0,97.0,3.0,5.0,10.0,2.0,14.0,16.0,25.0,6.0,4.0,441.0,3.0,11.0,4.0,6.0,8.0,0.0,8.0,0.0,5.0,0.0,0.0,74.62,38.46,27.78,42.86,30.0,40.32,37.5,66.67,0.7746452167056299,0.5222128795471748,5.0,12.0,0.40115048,3.0,10.0,23.0,0.7434414699999998,46.0,4.693877551020408,1.020408163265306,16.122448979591837,1.020408163265306,19.79591836734694,0.6122448979591836,1.020408163265306,2.0408163265306123,0.4081632653061224,2.8571428571428568,3.265306122448979,5.1020408163265305,1.2244897959183672,0.8163265306122448,0.6122448979591836,2.2448979591836733,0.8163265306122448,1.2244897959183672,1.6326530612244896,0.0,1.6326530612244896,0.0,1.020408163265306,0.0,0.0,74.62,38.46,27.78,42.86,30.0,40.32,37.5,66.67,0.1580908605521693,0.1065740570504438,1.020408163265306,2.4489795918367343,0.0818674448979591,0.6122448979591836,2.0408163265306123,4.693877551020408,0.1517227489795918,9.387755102040815,CM/AM,57,93,93,80,89,75,70,86,45,96,96,96,93,84,77,68,57,93,96,32,100,30,93,50,50,39,50,79,61,54,39,71,54,71,75,89,95,93,66,73,96,89,82,14,75,61,61,32,57,29,54,36,71,79,64,75,64,50,36,21,71,82,32,86,30,75,50,50,39,50,79,61,54,39,71,54,57,43,57,71,68,43,54,71,68,32,Niké Liga
Podbrezová,htdr7aa5cwjma1fy1nob7sb7,bqxwqho31gkp20ghh33956x3o,J. Luka,Jakub Luka,23.0,Defender,Slovakia,Defender,158.0,1.0,65.0,17.0,222.0,5.0,1.0,2.0,2.0,0.0,0.0,10.0,17.0,5.0,420.0,0.0,5.0,2.0,0.0,3.0,0.0,0.0,0.0,1.0,0.0,0.0,86.38,50.0,33.33,0.0,0.0,41.67,50.0,100.0,0.1803954706645337,0.0694931597155307,0.0,0.0,0.0,1.0,15.0,19.0,0.4663065199999998,154.0,33.857142857142854,0.2142857142857142,13.928571428571429,3.642857142857143,47.57142857142857,1.0714285714285714,0.2142857142857142,0.4285714285714285,0.4285714285714285,0.0,0.0,2.142857142857143,3.642857142857143,1.0714285714285714,0.0,1.0714285714285714,0.4285714285714285,0.0,0.6428571428571428,0.0,0.0,0.0,0.2142857142857142,0.0,0.0,86.38,50.0,33.33,0.0,0.0,41.67,50.0,100.0,0.0386561722852572,0.0148913913676137,0.0,0.0,0.0,0.2142857142857142,3.214285714285714,4.071428571428571,0.0999228257142856,33.0,CB,88,81,85,93,94,51,49,47,59,28,28,37,71,85,22,69,66,29,63,47,29,43,75,49,51,71,53,90,29,22,21,44,87,41,50,32,19,19,69,87,91,79,97,59,79,47,59,59,38,35,26,41,28,28,15,41,71,22,43,50,29,26,47,29,43,59,49,51,71,53,90,29,22,21,44,87,29,44,32,19,19,59,68,65,59,85,Niké Liga
Podbrezová,htdr7aa5cwjma1fy1nob7sb7,bs25e89htou4kucgz3c9thej9,R. Paraj,René Paraj,34.0,Midfielder,Slovakia,Midfielder,24.0,1.0,63.0,3.0,86.0,3.0,5.0,2.0,2.0,0.0,0.0,21.0,9.0,4.0,272.0,0.0,2.0,6.0,0.0,10.0,0.0,0.0,0.0,1.0,0.0,0.0,85.15,33.33,100.0,0.0,0.0,47.73,50.0,83.33,0.2247529169352594,0.3374669357961076,0.0,6.0,0.13223262,2.0,16.0,17.0,0.3129804199999998,54.0,7.9411764705882355,0.3308823529411764,20.84558823529412,0.9926470588235294,28.455882352941178,0.9926470588235294,1.6544117647058825,0.6617647058823529,0.6617647058823529,0.0,0.0,6.948529411764706,2.9779411764705883,1.3235294117647058,0.0,0.6617647058823529,1.9852941176470589,0.0,3.308823529411765,0.0,0.0,0.0,0.3308823529411764,0.0,0.0,85.15,33.33,100.0,0.0,0.0,47.73,50.0,83.33,0.0743667739859314,0.111661853756065,0.0,1.9852941176470589,0.0437534404411764,0.6617647058823529,5.294117647058823,5.625,0.1035596977941175,17.86764705882353,DM/CM,26,65,69,24,39,69,82,29,63,15,15,85,79,65,15,26,81,19,100,40,16,34,63,52,48,58,21,95,19,15,35,55,76,48,68,23,85,84,68,82,85,58,50,6,68,74,19,39,68,84,26,61,15,15,94,77,68,15,23,85,19,100,40,16,34,68,52,48,58,21,95,19,15,35,55,76,42,74,23,84,77,74,90,84,45,58,Niké Liga
Podbrezová,htdr7aa5cwjma1fy1nob7sb7,c48bc2einekwfyew18c0zqf6y,K. Miljanič,Karlo Miljanic,24.0,Attacker,Croatia,Striker,5.0,1.0,23.0,0.0,27.0,2.0,7.0,8.0,4.0,7.0,8.0,7.0,1.0,2.0,279.0,1.0,15.0,1.0,3.0,1.0,2.0,4.0,0.0,2.0,0.0,0.0,72.97,0.0,100.0,42.86,12.5,28.0,16.67,100.0,1.9203643579388592,0.5802132152698861,3.0,3.0,0.11116234,0.0,3.0,2.0,0.4842594899999999,9.0,1.6129032258064515,0.3225806451612903,7.419354838709677,0.0,8.709677419354838,0.6451612903225806,2.258064516129032,2.5806451612903225,1.2903225806451613,2.258064516129032,2.5806451612903225,2.258064516129032,0.3225806451612903,0.6451612903225806,0.3225806451612903,4.838709677419355,0.3225806451612903,0.9677419354838708,0.3225806451612903,0.6451612903225806,1.2903225806451613,0.0,0.6451612903225806,0.0,0.0,72.97,0.0,100.0,42.86,12.5,28.0,16.67,100.0,0.6194723735286642,0.1871655533128665,0.9677419354838708,0.9677419354838708,0.0358588193548387,0.0,0.9677419354838708,0.6451612903225806,0.1562127387096774,2.903225806451613,ST,19,60,40,16,31,32,89,68,27,69,74,18,27,82,21,58,18,66,39,94,92,24,68,52,52,52,16,95,58,11,6,27,82,100,87,79,42,52,23,47,32,87,34,6,58,29,16,13,29,90,52,26,58,61,16,29,77,10,45,10,61,26,94,100,24,65,52,52,52,16,95,58,11,6,27,82,94,90,81,42,52,23,42,26,84,19,Niké Liga
Podbrezová,htdr7aa5cwjma1fy1nob7sb7,dyne11pf74cddy5qm9q0cbqc4,V. Chyla,Vincent Chyla,22.0,Midfielder,Slovakia,Midfielder,67.0,1.0,69.0,5.0,135.0,7.0,3.0,6.0,4.0,3.0,3.0,29.0,9.0,4.0,427.0,3.0,8.0,8.0,1.0,7.0,1.0,2.0,0.0,0.0,0.0,0.0,81.33,50.0,100.0,33.33,50.0,64.44,77.78,53.85,0.4734078438450031,0.3545853462134452,3.0,5.0,0.12026935,1.0,16.0,13.0,0.5242482699999997,63.0,14.121779859484777,0.2107728337236534,14.543325526932083,1.053864168618267,28.45433255269321,1.475409836065574,0.6323185011709602,1.2646370023419204,0.8430913348946136,0.6323185011709602,0.6323185011709602,6.112412177985949,1.8969555035128804,0.8430913348946136,0.6323185011709602,1.6861826697892273,1.6861826697892273,0.2107728337236534,1.475409836065574,0.2107728337236534,0.4215456674473068,0.0,0.0,0.0,0.0,81.33,50.0,100.0,33.33,50.0,64.44,77.78,53.85,0.0997815127542161,0.0747369582182905,0.6323185011709602,1.053864168618267,0.0253495117096018,0.2107728337236534,3.3723653395784545,2.740046838407494,0.1104972934426229,13.278688524590164,DM/CM,60,65,82,48,71,89,65,89,90,68,65,97,79,65,94,89,90,55,95,87,61,34,21,52,48,26,35,95,48,77,84,95,35,81,77,90,76,81,48,82,66,84,58,35,55,29,23,35,81,29,58,71,52,52,87,55,39,74,71,77,39,74,81,52,34,21,52,48,26,35,95,48,77,84,95,35,58,58,81,58,55,42,52,35,52,29,Niké Liga
Podbrezová,htdr7aa5cwjma1fy1nob7sb7,ehue5yrq2d0gldd87w47z6y21,L. Silagadze,Luka Silagadze,27.0,Midfielder,Georgia,Midfielder,25.0,7.0,43.0,2.0,61.0,0.0,8.0,5.0,4.0,5.0,6.0,9.0,4.0,0.0,212.0,0.0,6.0,3.0,4.0,1.0,0.0,1.0,0.0,2.0,0.0,0.0,83.56,40.0,41.18,80.0,0.0,47.37,0.0,50.0,0.3969619701304094,0.9096515736999112,3.0,5.0,0.1260137099999999,4.0,7.0,9.0,0.35231607,28.0,10.61320754716981,2.971698113207548,18.25471698113208,0.8490566037735848,25.89622641509434,0.0,3.39622641509434,2.1226415094339623,1.6981132075471697,2.1226415094339623,2.547169811320755,3.820754716981132,1.6981132075471697,0.0,0.0,2.547169811320755,1.2735849056603774,1.6981132075471697,0.4245283018867924,0.0,0.4245283018867924,0.0,0.8490566037735848,0.0,0.0,83.56,40.0,41.18,80.0,0.0,47.37,0.0,50.0,0.1685215910930983,0.3861728378914717,1.2735849056603774,2.1226415094339623,0.0534963863207546,1.6981132075471697,2.971698113207548,3.820754716981132,0.1495681429245283,11.88679245283019,LM/LCM,100,100,80,100,80,20,80,60,60,50,40,20,100,20,20,40,30,60,40,50,50,40,80,60,60,100,60,100,100,20,80,20,40,60,100,60,60,60,80,80,100,60,80,100,100,100,100,100,20,100,20,40,40,40,20,100,20,20,20,20,60,40,50,40,40,80,60,60,100,60,100,100,20,80,20,40,40,100,60,40,40,100,100,100,80,100,Niké Liga
Komárno,a5t4sy4a6qkknlm03h6e2jq39,175c3vqpypkfz0of6hf2kdtxx,Š. Šmehyl,Šimon Šmehyl,32.0,Defender,Slovakia,Defender,30.0,14.0,63.0,8.0,79.0,1.0,10.0,4.0,3.0,2.0,2.0,4.0,8.0,2.0,298.0,1.0,5.0,1.0,2.0,0.0,0.0,1.0,0.0,1.0,0.0,0.0,72.48,36.36,53.85,100.0,25.0,33.33,50.0,0.0,0.3569079196109235,1.3914028799915463,1.0,3.0,0.07652591,4.0,13.0,17.0,0.4930471299999999,36.0,9.060402684563758,4.228187919463087,19.026845637583893,2.416107382550336,23.85906040268457,0.3020134228187919,3.02013422818792,1.2080536912751678,0.906040268456376,0.6040268456375839,0.6040268456375839,1.2080536912751678,2.416107382550336,0.6040268456375839,0.3020134228187919,1.51006711409396,0.3020134228187919,0.6040268456375839,0.0,0.0,0.3020134228187919,0.0,0.3020134228187919,0.0,0.0,72.48,36.36,53.85,100.0,25.0,33.33,50.0,0.0,0.1077909824328292,0.4202223463061717,0.3020134228187919,0.906040268456376,0.0231118520134228,1.2080536912751678,3.926174496644296,5.134228187919463,0.1489068513422818,10.87248322147651,CB,18,100,82,47,32,12,100,79,78,69,69,12,29,43,60,69,43,81,6,47,74,43,75,49,51,12,31,97,93,49,12,44,6,71,100,76,76,79,94,75,78,88,28,9,100,82,29,15,6,100,79,71,68,68,9,18,38,56,71,41,76,6,47,74,43,79,49,51,12,31,97,93,49,12,44,6,68,100,74,74,76,94,71,82,82,24,Niké Liga
Komárno,a5t4sy4a6qkknlm03h6e2jq39,43ssius9znhjpkfvc93go6wa1,A. Krčík,Adam Krčík,30.0,Defender,Slovakia,Defender,45.0,2.0,48.0,6.0,91.0,4.0,1.0,3.0,2.0,6.0,6.0,20.0,4.0,2.0,336.0,2.0,4.0,5.0,4.0,3.0,1.0,1.0,0.0,0.0,0.0,0.0,79.82,46.15,22.22,66.67,66.67,60.61,57.14,42.86,0.2568659723500264,0.1438842858679568,1.0,5.0,0.14022166,0.0,10.0,16.0,0.6203023900000003,43.0,12.053571428571429,0.5357142857142857,12.857142857142858,1.6071428571428572,24.375,1.0714285714285714,0.2678571428571428,0.8035714285714286,0.5357142857142857,1.6071428571428572,1.6071428571428572,5.357142857142857,1.0714285714285714,0.5357142857142857,0.5357142857142857,1.0714285714285714,1.3392857142857142,1.0714285714285714,0.8035714285714286,0.2678571428571428,0.2678571428571428,0.0,0.0,0.0,0.0,79.82,46.15,22.22,66.67,66.67,60.61,57.14,42.86,0.0688033854508999,0.0385404337146312,0.2678571428571428,1.3392857142857142,0.0375593732142857,0.0,2.6785714285714284,4.285714285714286,0.1661524258928572,11.517857142857142,RB/RCB,57,82,50,45,50,50,45,80,78,80,80,75,28,42,95,70,95,85,42,88,68,45,30,50,52,65,60,60,85,100,65,60,15,75,60,70,82,80,25,60,68,90,57,35,70,50,35,35,45,50,75,70,80,80,70,10,25,90,60,90,80,35,90,65,45,30,50,52,65,60,60,85,100,65,60,15,70,55,70,75,80,25,55,65,85,35,Niké Liga
Komárno,a5t4sy4a6qkknlm03h6e2jq39,47b72vxpquq1a5sbncfp2c72t,R. Pillár,Róbert Pillár,35.0,Defender,Slovakia,Defender,162.0,0.0,49.0,17.0,211.0,15.0,1.0,4.0,4.0,0.0,0.0,23.0,23.0,4.0,407.0,2.0,6.0,1.0,0.0,4.0,0.0,0.0,0.0,1.0,0.0,0.0,88.66,51.52,0.0,0.0,50.0,67.65,65.22,57.14,0.589374309452469,0.0,0.0,1.0,0.01484598,0.0,13.0,15.0,0.3701018399999998,132.0,35.82309582309583,0.0,10.835380835380835,3.7592137592137593,46.65847665847666,3.316953316953317,0.2211302211302211,0.8845208845208845,0.8845208845208845,0.0,0.0,5.085995085995086,5.085995085995086,0.8845208845208845,0.4422604422604422,1.3267813267813269,0.2211302211302211,0.0,0.8845208845208845,0.0,0.0,0.0,0.2211302211302211,0.0,0.0,88.66,51.52,0.0,0.0,50.0,67.65,65.22,57.14,0.1303284713776958,0.0,0.0,0.2211302211302211,0.0032828948402948,0.0,2.8746928746928746,3.316953316953317,0.0818407017199016,29.18918918918919,CB,91,38,65,93,90,97,49,79,91,28,28,93,87,74,90,85,43,29,76,47,29,43,75,49,51,85,59,38,29,74,87,68,21,91,21,32,50,38,29,75,66,65,88,65,38,26,65,56,79,38,62,68,28,28,68,62,56,65,53,29,29,53,47,29,43,62,49,51,85,59,38,29,74,87,68,21,76,21,32,38,38,29,56,47,47,71,Niké Liga
Komárno,a5t4sy4a6qkknlm03h6e2jq39,497cva6ygshr07y7n2y4v1p79,M. Šimko,Martin Šimko,28.0,Defender,Slovakia,Defender,152.0,0.0,41.0,10.0,193.0,12.0,1.0,4.0,4.0,0.0,0.0,16.0,32.0,1.0,360.0,2.0,6.0,2.0,0.0,2.0,0.0,0.0,0.0,0.0,0.0,0.0,87.73,47.62,0.0,0.0,50.0,50.0,54.55,100.0,0.6060165990032699,0.0,0.0,2.0,0.03932202,0.0,7.0,13.0,0.4288124799999999,118.0,38.0,0.0,10.25,2.5,48.25,3.0,0.25,1.0,1.0,0.0,0.0,4.0,8.0,0.25,0.5,1.5,0.5,0.0,0.5,0.0,0.0,0.0,0.0,0.0,0.0,87.73,47.62,0.0,0.0,50.0,50.0,54.55,100.0,0.1515041497508174,0.0,0.0,0.5,0.009830505,0.0,1.75,3.25,0.1072031199999999,29.5,CB,82,38,53,62,82,91,49,79,91,28,28,75,100,19,90,85,66,29,43,47,29,43,29,49,51,79,47,38,29,74,38,56,87,97,21,32,68,65,29,47,56,74,85,68,38,24,32,65,74,43,68,78,28,28,43,93,12,76,66,59,29,21,47,29,43,29,49,51,79,47,38,29,74,38,56,87,85,21,32,62,59,29,41,44,68,74,Niké Liga
Komárno,a5t4sy4a6qkknlm03h6e2jq39,4qlhmu8vkocylqg9f8lkklc5x,J. Sylvestr,Jakub Sylvestr,37.0,Attacker,Slovakia,Striker,16.0,0.0,41.0,4.0,57.0,4.0,3.0,10.0,10.0,4.0,4.0,8.0,3.0,0.0,319.0,3.0,21.0,2.0,0.0,2.0,1.0,0.0,0.0,1.0,0.0,0.0,80.28,80.0,0.0,0.0,30.0,28.57,28.57,100.0,1.7339588976657003,0.2702662536995979,0.0,3.0,0.07909917,2.0,6.0,7.0,0.19258587,21.0,4.514106583072101,0.0,11.567398119122258,1.1285266457680252,16.08150470219436,1.1285266457680252,0.8463949843260189,2.8213166144200628,2.8213166144200628,1.1285266457680252,1.1285266457680252,2.2570532915360504,0.8463949843260189,0.0,0.8463949843260189,5.924764890282132,0.5642633228840126,0.0,0.5642633228840126,0.2821316614420063,0.0,0.0,0.2821316614420063,0.0,0.0,80.28,80.0,0.0,0.0,30.0,28.57,28.57,100.0,0.4892047046705738,0.0762506671879743,0.0,0.8463949843260189,0.0223163802507837,0.5642633228840126,1.6927899686520378,1.974921630094044,0.0543345714733542,5.924764890282132,ST,66,26,81,94,77,58,52,85,94,42,40,27,74,24,66,95,35,13,68,87,21,24,50,52,52,84,84,26,13,47,10,40,82,94,58,15,42,35,74,79,73,58,71,52,26,68,84,68,45,39,61,77,32,29,13,65,24,58,77,16,13,55,87,21,24,45,52,52,84,84,26,13,47,10,40,82,87,42,15,35,29,68,77,61,42,68,Niké Liga
Komárno,a5t4sy4a6qkknlm03h6e2jq39,50tfyk5k7qkm1kwv9rrneriwa,J. Bernát,Ján Bernát,25.0,Attacker,Slovakia,Striker,50.0,8.0,76.0,8.0,118.0,2.0,7.0,8.0,6.0,8.0,10.0,16.0,2.0,4.0,400.0,3.0,10.0,7.0,4.0,1.0,0.0,2.0,2.0,0.0,0.0,0.0,78.15,57.14,47.06,50.0,37.5,44.44,50.0,33.33,0.9353350751225952,0.8301131738640967,0.0,8.0,0.1734723899999999,1.0,11.0,19.0,0.8252746800000001,57.0,11.25,1.7999999999999998,17.099999999999998,1.7999999999999998,26.55,0.4499999999999999,1.575,1.7999999999999998,1.35,1.7999999999999998,2.25,3.6,0.4499999999999999,0.8999999999999999,0.6749999999999999,2.25,1.575,0.8999999999999999,0.2249999999999999,0.0,0.4499999999999999,0.4499999999999999,0.0,0.0,0.0,78.15,57.14,47.06,50.0,37.5,44.44,50.0,33.33,0.2104503919025839,0.1867754641194217,0.0,1.7999999999999998,0.0390312877499999,0.2249999999999999,2.475,4.275,0.185686803,12.825,ST,100,100,100,100,100,32,89,68,55,81,85,74,50,94,66,34,85,77,39,42,73,81,19,52,52,71,61,81,68,58,56,76,24,58,90,15,94,81,53,98,100,97,100,100,97,87,100,94,23,68,35,32,45,55,31,35,94,42,13,65,58,23,42,58,71,19,52,52,71,61,81,68,58,56,76,24,39,87,15,74,61,48,87,94,90,97,Niké Liga
Komárno,a5t4sy4a6qkknlm03h6e2jq39,5mbnxzg2xpqiylwiwogb1s8b8,J. Palán,Jakub Palán,20.0,Attacker,Czechia,Striker,7.0,0.0,23.0,1.0,30.0,2.0,2.0,2.0,0.0,3.0,3.0,8.0,2.0,0.0,167.0,0.0,5.0,2.0,1.0,2.0,0.0,2.0,0.0,0.0,0.0,0.0,71.43,20.0,0.0,33.33,0.0,42.11,40.0,66.67,0.143870826042312,0.1948748834697114,2.0,4.0,0.15608935,4.0,3.0,1.0,0.25456982,12.0,3.772455089820359,0.0,12.395209580838324,0.5389221556886228,16.16766467065868,1.0778443113772456,1.0778443113772456,1.0778443113772456,0.0,1.616766467065868,1.616766467065868,4.311377245508982,1.0778443113772456,0.0,0.0,2.694610778443113,1.0778443113772456,0.5389221556886228,1.0778443113772456,0.0,1.0778443113772456,0.0,0.0,0.0,0.0,71.43,20.0,0.0,33.33,0.0,42.11,40.0,66.67,0.0775351757114256,0.105022392289066,1.0778443113772456,2.155688622754491,0.0841200089820359,2.155688622754491,1.616766467065868,0.5389221556886228,0.1371933161676646,6.4670658682634725,LW,33,50,33,67,33,83,50,50,33,33,33,33,83,50,33,33,50,33,50,50,67,50,50,67,50,33,67,50,33,33,67,83,33,67,67,67,33,33,100,50,33,67,33,67,50,33,67,33,100,67,67,33,33,33,33,100,50,33,33,67,33,67,50,67,50,50,67,50,33,67,50,33,33,67,83,33,67,67,67,33,33,100,67,33,67,33,Niké Liga
Komárno,a5t4sy4a6qkknlm03h6e2jq39,60hb2iku0p4coba4zext3t53o,D. Žák,Dominik Žák,26.0,Midfielder,Czechia,Midfielder,87.0,1.0,74.0,11.0,160.0,6.0,6.0,5.0,3.0,2.0,2.0,23.0,3.0,5.0,335.0,3.0,8.0,6.0,0.0,6.0,1.0,2.0,0.0,0.0,0.0,0.0,85.56,68.75,14.29,0.0,60.0,52.27,66.67,54.55,0.4706455399174157,0.5644100268843106,0.0,1.0,0.0174506,1.0,24.0,24.0,0.7099515400000002,70.0,23.37313432835821,0.2686567164179104,19.88059701492537,2.955223880597015,42.98507462686567,1.611940298507463,1.611940298507463,1.343283582089552,0.8059701492537313,0.5373134328358209,0.5373134328358209,6.17910447761194,0.8059701492537313,1.343283582089552,0.8059701492537313,2.149253731343284,1.611940298507463,0.0,1.611940298507463,0.2686567164179104,0.5373134328358209,0.0,0.0,0.0,0.0,85.56,68.75,14.29,0.0,60.0,52.27,66.67,54.55,0.1264420853509475,0.1516325445360834,0.0,0.2686567164179104,0.0046882208955223,0.2686567164179104,6.447761194029851,6.447761194029851,0.1907332495522388,18.80597014925373,CM/AM,100,54,89,95,100,89,80,50,61,21,16,93,66,95,77,54,82,12,89,75,43,30,11,50,50,68,71,46,12,91,75,98,46,61,79,11,5,7,29,100,100,86,96,100,46,75,93,96,89,68,43,54,14,7,79,54,86,57,32,57,12,79,71,36,30,11,50,50,68,71,46,12,91,75,98,46,46,68,11,4,7,18,96,89,71,96,Niké Liga
Komárno,a5t4sy4a6qkknlm03h6e2jq39,66yrr8le38s34bbh7ga38cmsq,N. Tamás,Nándor Tamás,25.0,Attacker,Romania,Striker,7.0,3.0,17.0,1.0,21.0,0.0,3.0,0.0,0.0,3.0,3.0,3.0,3.0,0.0,103.0,0.0,0.0,1.0,1.0,1.0,0.0,0.0,0.0,0.0,0.0,0.0,84.0,100.0,50.0,33.33,0.0,30.0,0.0,100.0,0.0,0.2028340347930167,0.0,2.0,0.05338421,1.0,1.0,3.0,0.16416672,9.0,6.116504854368932,2.621359223300971,14.854368932038836,0.8737864077669903,18.3495145631068,0.0,2.621359223300971,0.0,0.0,2.621359223300971,2.621359223300971,2.621359223300971,2.621359223300971,0.0,0.0,0.0,0.8737864077669903,0.8737864077669903,0.8737864077669903,0.0,0.0,0.0,0.0,0.0,0.0,84.0,100.0,50.0,33.33,0.0,30.0,0.0,100.0,0.0,0.1772336226346748,0.0,1.7475728155339807,0.0466463970873786,0.8737864077669903,0.8737864077669903,2.621359223300971,0.1434466485436893,7.864077669902913,ST,29,92,23,40,23,6,52,3,3,34,32,3,74,24,5,3,18,35,39,42,21,24,19,52,52,94,94,85,39,5,13,11,82,3,35,15,27,23,53,16,42,48,34,84,100,81,77,77,6,94,3,3,68,65,19,94,24,5,3,39,55,77,42,21,24,19,52,52,94,94,85,39,5,13,11,82,3,84,15,71,68,84,32,84,81,74,Niké Liga
Komárno,a5t4sy4a6qkknlm03h6e2jq39,9jfn80efrwcbqvky609xxravp,F. Kiss,Filip Kiss,35.0,Midfielder,Slovakia,Midfielder,87.0,0.0,39.0,7.0,126.0,8.0,2.0,4.0,4.0,1.0,1.0,16.0,11.0,2.0,265.0,1.0,6.0,2.0,1.0,3.0,0.0,0.0,0.0,2.0,0.0,0.0,91.3,70.0,0.0,100.0,25.0,55.17,80.0,60.0,0.5256352647202587,0.1994186685210871,0.0,1.0,0.01935132,1.0,7.0,9.0,0.36195336,71.0,29.54716981132076,0.0,13.245283018867925,2.3773584905660377,42.79245283018868,2.7169811320754715,0.6792452830188679,1.3584905660377358,1.3584905660377358,0.3396226415094339,0.3396226415094339,5.433962264150943,3.735849056603773,0.6792452830188679,0.3396226415094339,2.037735849056604,0.6792452830188679,0.3396226415094339,1.018867924528302,0.0,0.0,0.0,0.6792452830188679,0.0,0.0,91.3,70.0,0.0,100.0,25.0,55.17,80.0,60.0,0.1785176370748048,0.0677270949694258,0.0,0.3396226415094339,0.0065721464150943,0.3396226415094339,2.3773584905660377,3.056603773584905,0.122927556226415,24.11320754716981,DM/CM,77,27,34,69,58,97,48,63,90,37,34,68,87,31,50,77,44,55,48,40,16,34,89,52,48,94,89,27,92,40,55,100,48,90,55,23,24,21,48,32,45,68,71,90,27,23,68,68,94,35,68,90,39,35,74,84,26,48,77,35,58,55,40,16,34,84,52,48,94,89,27,92,40,55,100,48,87,48,23,23,23,52,32,48,68,81,Niké Liga
Komárno,a5t4sy4a6qkknlm03h6e2jq39,bpbzcyqri0bsz95bwn6113hl,D. Špiriak,Dominik Spiriak,27.0,Defender,Slovakia,Defender,69.0,0.0,34.0,6.0,103.0,2.0,0.0,0.0,0.0,3.0,4.0,13.0,12.0,2.0,259.0,0.0,0.0,3.0,2.0,5.0,0.0,0.0,0.0,0.0,0.0,0.0,81.1,31.58,0.0,66.67,0.0,43.33,33.33,83.33,0.0,0.0,0.0,0.0,0.0,0.0,0.0,0.0,0.0,0.0,23.976833976833976,0.0,11.814671814671817,2.0849420849420848,35.79150579150579,0.694980694980695,0.0,0.0,0.0,1.0424710424710424,1.38996138996139,4.517374517374518,4.1698841698841695,0.694980694980695,0.0,0.0,1.0424710424710424,0.694980694980695,1.7374517374517375,0.0,0.0,0.0,0.0,0.0,0.0,81.1,31.58,0.0,66.67,0.0,43.33,33.33,83.33,0.0,0.0,0.0,0.0,0.0,0.0,0.0,0.0,0.0,0.0,CB,56,38,37,31,44,25,18,9,16,82,90,56,57,43,22,12,81,81,88,47,29,43,29,49,51,41,21,38,74,22,24,26,65,10,21,32,19,19,29,9,9,9,9,50,38,35,24,50,21,18,9,16,85,88,47,50,47,22,12,79,82,91,47,29,43,29,49,51,41,21,38,74,22,24,26,65,10,21,32,19,19,29,9,9,9,9,Niké Liga
Komárno,a5t4sy4a6qkknlm03h6e2jq39,eh53gml3lrkddodh97ooxkdzp,Matheus Leoni,Matheus Izidorio Leoni,34.0,Defender,Brazil,Defender,16.0,0.0,17.0,1.0,33.0,2.0,1.0,0.0,0.0,1.0,1.0,7.0,8.0,0.0,159.0,0.0,0.0,0.0,1.0,3.0,0.0,0.0,0.0,0.0,0.0,0.0,75.0,25.0,0.0,100.0,0.0,50.0,40.0,75.0,0.0,0.1064060213125332,0.0,1.0,0.02401521,1.0,5.0,3.0,0.18882325,20.0,9.056603773584904,0.0,9.622641509433963,0.5660377358490566,18.67924528301887,1.1320754716981132,0.5660377358490566,0.0,0.0,0.5660377358490566,0.5660377358490566,3.962264150943396,4.528301886792453,0.0,0.0,0.0,0.0,0.5660377358490566,1.69811320754717,0.0,0.0,0.0,0.0,0.0,0.0,75.0,25.0,0.0,100.0,0.0,50.0,40.0,75.0,0.0,0.0602298233844527,0.0,0.5660377358490566,0.0135935150943396,0.5660377358490566,2.830188679245284,1.69811320754717,0.1068810849056603,11.320754716981131,LB/LCB,13,27,27,13,17,30,30,17,17,23,23,27,73,10,23,7,23,43,50,50,30,37,30,50,53,43,40,27,93,23,37,30,77,17,33,30,23,17,43,33,20,33,27,33,27,40,13,27,40,47,17,17,33,33,33,80,10,23,7,23,53,73,50,30,37,30,50,53,43,40,27,93,23,37,30,77,17,53,30,27,20,60,60,20,53,40,Niké Liga
Komárno,a5t4sy4a6qkknlm03h6e2jq39,ellfertz7z7nftuv5pl4ukh9m,K. Domonkos,Kristóf Domonkos,28.0,Midfielder,Slovakia,Midfielder,126.0,0.0,85.0,11.0,211.0,3.0,1.0,4.0,2.0,0.0,0.0,20.0,7.0,2.0,450.0,1.0,6.0,10.0,0.0,4.0,0.0,2.0,0.0,1.0,0.0,0.0,87.19,44.0,0.0,0.0,25.0,55.56,37.5,57.14,0.3804246171169396,0.1191596467192159,3.0,4.0,0.07550083,3.0,26.0,20.0,0.8571665299999995,105.0,25.2,0.0,17.0,2.2,42.2,0.6,0.2,0.8,0.4,0.0,0.0,4.0,1.4,0.4,0.2,1.2,2.0,0.0,0.8,0.0,0.4,0.0,0.2,0.0,0.0,87.19,44.0,0.0,0.0,25.0,55.56,37.5,57.14,0.0760849234233879,0.0238319293438431,0.6,0.8,0.015100166,0.6,5.2,4.0,0.1714333059999999,21.0,DM/CM,100,27,94,84,100,69,24,63,63,15,15,79,61,31,50,77,94,19,63,40,61,34,63,52,48,77,26,27,19,40,61,32,45,71,35,90,63,52,85,100,94,97,90,74,27,55,58,65,35,13,32,53,15,15,40,35,19,31,42,90,19,32,40,42,34,44,52,48,77,26,27,19,40,61,32,45,45,16,71,52,42,65,87,68,94,71,Niké Liga
Komárno,a5t4sy4a6qkknlm03h6e2jq39,eu6y488eb9zhaf6cqp9gu16ok,A. Masaryk,Andy Masaryk,21.0,Attacker,Slovakia,Striker,12.0,0.0,30.0,0.0,42.0,2.0,3.0,7.0,7.0,9.0,11.0,16.0,4.0,2.0,379.0,2.0,23.0,2.0,3.0,4.0,0.0,0.0,0.0,2.0,0.0,0.0,68.85,0.0,0.0,33.33,28.57,34.78,25.0,44.44,0.7760364496016182,0.3240811509306852,2.0,6.0,0.2019108399999999,2.0,2.0,5.0,0.3267419099999999,13.0,2.849604221635884,0.0,7.124010554089709,0.0,9.973614775725594,0.4749340369393139,0.7124010554089709,1.6622691292875988,1.6622691292875988,2.1372031662269126,2.6121372031662267,3.799472295514512,0.949868073878628,0.4749340369393139,0.4749340369393139,5.461741424802111,0.4749340369393139,0.7124010554089709,0.949868073878628,0.0,0.0,0.0,0.4749340369393139,0.0,0.0,68.85,0.0,0.0,33.33,28.57,34.78,25.0,44.44,0.1842830619106745,0.0769585846537247,0.4749340369393139,1.4248021108179418,0.0479471651715039,0.4749340369393139,0.4749340369393139,1.1873350923482848,0.0775904271767809,3.0870712401055407,RW,88,50,100,38,100,100,100,100,100,100,100,100,100,100,100,100,25,62,88,62,38,62,100,62,62,25,38,50,50,50,25,75,75,100,100,88,100,100,75,38,88,100,100,25,50,50,38,25,75,50,75,100,25,25,25,100,75,50,100,25,25,75,62,38,62,100,62,62,25,38,50,50,50,25,75,75,100,75,75,75,75,50,25,50,75,25,Niké Liga
Dukla Banská Bystrica,4wplsg3qopnhc3v741nbme1re,1pspsqbqjrotk6c3x09o84id,J. Považanec,Jakub Povazanec,35.0,Midfielder,Slovakia,Midfielder,34.0,3.0,39.0,10.0,70.0,1.0,2.0,1.0,0.0,4.0,4.0,9.0,5.0,0.0,217.0,0.0,0.0,1.0,1.0,2.0,1.0,1.0,0.0,0.0,0.0,0.0,77.78,55.56,50.0,25.0,0.0,33.33,0.0,33.33,0.0318479477500769,0.1797236433646389,1.0,6.0,0.11981434,2.0,9.0,14.0,0.31870007,44.0,14.101382488479263,1.2442396313364057,16.175115207373274,4.147465437788019,29.03225806451613,0.4147465437788019,0.8294930875576038,0.4147465437788019,0.0,1.6589861751152075,1.6589861751152075,3.7327188940092166,2.0737327188940093,0.0,0.0,0.0,0.4147465437788019,0.4147465437788019,0.8294930875576038,0.4147465437788019,0.4147465437788019,0.0,0.0,0.0,0.0,77.78,55.56,50.0,25.0,0.0,33.33,0.0,33.33,0.0132088262557922,0.0745397599208179,0.4147465437788019,2.4884792626728114,0.0496925834101382,0.8294930875576038,3.7327188940092166,5.806451612903226,0.1321797525345622,18.24884792626728,DM/CM,32,81,34,81,29,21,48,13,13,79,76,32,47,8,15,6,19,55,31,87,42,34,21,52,48,15,50,87,39,15,5,10,13,6,48,55,85,77,68,42,71,61,39,32,84,48,81,45,15,55,18,13,81,81,32,61,8,15,6,19,66,35,94,47,34,21,52,48,15,50,87,39,15,5,10,13,6,55,61,94,84,81,58,92,74,61,Niké Liga
Dukla Banská Bystrica,4wplsg3qopnhc3v741nbme1re,2j5kwdbugepdsteyrt01tlz4k,A. Baláž,Adam Baláž,20.0,Defender,Slovakia,Defender,35.0,0.0,17.0,3.0,52.0,0.0,0.0,0.0,0.0,0.0,0.0,6.0,2.0,1.0,124.0,0.0,2.0,2.0,0.0,3.0,0.0,0.0,0.0,0.0,0.0,0.0,80.0,37.5,0.0,0.0,0.0,66.67,0.0,75.0,0.0,0.0,0.0,0.0,0.0,0.0,0.0,0.0,0.0,0.0,25.40322580645161,0.0,12.338709677419354,2.177419354838709,37.74193548387097,0.0,0.0,0.0,0.0,0.0,0.0,4.354838709677419,1.4516129032258065,0.7258064516129032,0.0,1.4516129032258065,1.4516129032258065,0.0,2.177419354838709,0.0,0.0,0.0,0.0,0.0,0.0,80.0,37.5,0.0,0.0,0.0,66.67,0.0,75.0,0.0,0.0,0.0,0.0,0.0,0.0,0.0,0.0,0.0,0.0,RB/RCB,40,28,10,28,20,5,12,12,22,10,10,15,12,25,35,40,45,25,42,40,28,45,30,50,52,70,45,28,25,35,80,10,62,15,12,30,15,15,25,10,10,10,10,90,28,40,50,90,5,12,12,22,10,10,45,15,35,35,75,95,25,90,40,28,45,30,50,52,70,45,28,25,35,80,10,62,15,12,30,15,15,25,10,10,10,10,Niké Liga
Dukla Banská Bystrica,4wplsg3qopnhc3v741nbme1re,2pfs20dchlreg9rvsmszjcqnd,V. Tóth,Viktor Tóth,28.0,Midfielder,Slovakia,Midfielder,14.0,0.0,23.0,0.0,37.0,3.0,0.0,4.0,4.0,2.0,2.0,9.0,10.0,6.0,229.0,1.0,7.0,5.0,1.0,0.0,0.0,0.0,0.0,1.0,0.0,0.0,62.71,0.0,0.0,50.0,25.0,42.86,50.0,0.0,0.4788179517903785,0.0,1.0,1.0,0.01611813,0.0,1.0,3.0,0.1035224499999999,19.0,5.502183406113537,0.0,9.039301310043667,0.0,14.541484716157209,1.1790393013100438,0.0,1.572052401746725,1.572052401746725,0.7860262008733625,0.7860262008733625,3.537117903930131,3.930131004366813,2.3580786026200875,0.3930131004366812,2.7510917030567685,1.9650655021834065,0.3930131004366812,0.0,0.0,0.0,0.0,0.3930131004366812,0.0,0.0,62.71,0.0,0.0,50.0,25.0,42.86,50.0,0.0,0.188181727777878,0.0,0.3930131004366812,0.3930131004366812,0.0063346362445414,0.0,0.3930131004366812,1.1790393013100438,0.0406856790393012,7.467248908296944,RM/RCM,64,14,27,18,27,64,18,45,64,18,18,55,100,100,45,32,82,36,9,36,18,32,45,55,55,18,18,14,64,50,18,73,9,55,18,41,23,18,18,23,27,18,50,36,14,18,18,18,73,18,27,64,27,27,27,100,100,36,36,82,36,9,36,18,32,36,55,55,18,18,14,64,50,18,73,9,45,18,45,27,27,18,18,18,18,36,Niké Liga
Dukla Banská Bystrica,4wplsg3qopnhc3v741nbme1re,3mw2djqxfp5qdhfhtwvtbab6c,K. Bolaji,Kazeem Bolaji,23.0,Defender,Nigeria,Defender,26.0,0.0,14.0,0.0,40.0,1.0,1.0,1.0,1.0,2.0,3.0,6.0,4.0,4.0,173.0,0.0,2.0,0.0,0.0,2.0,0.0,0.0,0.0,1.0,1.0,0.0,90.91,0.0,0.0,0.0,0.0,42.86,50.0,40.0,0.0738587043645969,0.0819352751142483,1.0,1.0,0.04066992,0.0,0.0,1.0,0.0692651699999999,11.0,13.52601156069364,0.0,7.283236994219653,0.0,20.809248554913296,0.5202312138728323,0.5202312138728323,0.5202312138728323,0.5202312138728323,1.0404624277456649,1.560693641618497,3.121387283236994,2.0809248554913293,2.0809248554913293,0.0,1.0404624277456649,0.0,0.0,1.0404624277456649,0.0,0.0,0.0,0.5202312138728323,0.5202312138728323,0.0,90.91,0.0,0.0,0.0,0.0,42.86,50.0,40.0,0.0384236034266689,0.0426252876316898,0.5202312138728323,0.5202312138728323,0.0211577618497109,0.0,0.0,0.5202312138728323,0.036033903468208,5.722543352601156,LB/LCB,40,27,13,7,27,13,30,37,40,43,50,17,30,50,23,33,23,17,37,50,30,37,70,100,53,100,7,27,17,23,10,43,30,33,20,73,23,27,20,10,13,20,17,47,27,13,7,33,20,40,47,67,53,73,13,53,87,23,53,23,17,47,50,30,37,87,100,53,100,7,27,17,23,10,43,30,33,40,87,20,40,20,10,13,20,13,Niké Liga
Dukla Banská Bystrica,4wplsg3qopnhc3v741nbme1re,3olhifvbewrgeudyi6n7ndlre,T. Slebodník,Tibor Slebodník,25.0,Midfielder,Slovakia,Midfielder,19.0,1.0,47.0,2.0,65.0,2.0,4.0,5.0,2.0,10.0,11.0,17.0,2.0,1.0,224.0,0.0,2.0,5.0,4.0,3.0,0.0,3.0,0.0,2.0,0.0,0.0,72.22,25.0,33.33,40.0,0.0,40.48,25.0,50.0,0.2548328508234794,0.3135614190004832,4.0,5.0,0.11492216,2.0,10.0,17.0,0.35608856,36.0,7.633928571428571,0.4017857142857143,18.88392857142857,0.8035714285714286,26.116071428571427,0.8035714285714286,1.6071428571428572,2.008928571428571,0.8035714285714286,4.017857142857142,4.419642857142857,6.830357142857142,0.8035714285714286,0.4017857142857143,0.0,0.8035714285714286,2.008928571428571,1.6071428571428572,1.2053571428571428,0.0,1.2053571428571428,0.0,0.8035714285714286,0.0,0.0,72.22,25.0,33.33,40.0,0.0,40.48,25.0,50.0,0.1023881989915765,0.1259844987055512,1.6071428571428572,2.008928571428571,0.0461740821428571,0.8035714285714286,4.017857142857142,6.830357142857142,0.1430712964285714,14.464285714285714,CM/AM,39,54,54,46,48,62,50,50,45,75,77,77,50,38,18,12,73,79,66,32,62,30,66,50,50,29,18,82,54,18,43,57,36,36,43,77,52,54,50,73,79,46,66,46,61,71,39,61,68,62,50,50,93,89,89,50,36,18,11,77,86,71,32,71,30,64,50,50,29,18,82,54,18,43,57,36,36,54,89,61,50,50,89,93,61,82,Niké Liga
Dukla Banská Bystrica,4wplsg3qopnhc3v741nbme1re,5juzvvtehiwcyg4erdnh845t6,R. Szánthó,Rego Szánthó,25.0,Midfielder,Hungary,Midfielder,22.0,4.0,49.0,5.0,67.0,3.0,4.0,7.0,2.0,6.0,6.0,12.0,2.0,0.0,288.0,3.0,9.0,3.0,2.0,1.0,0.0,5.0,2.0,1.0,0.0,1.0,87.01,55.56,21.05,33.33,42.86,42.86,50.0,25.0,0.3291917851470515,0.4477425569736109,4.0,3.0,0.09405413,5.0,5.0,9.0,0.4120158899999999,35.0,6.875,1.25,15.3125,1.5625,20.9375,0.9375,1.25,2.1875,0.625,1.875,1.875,3.75,0.625,0.0,0.9375,2.8125,0.9375,0.625,0.3125,0.0,1.5625,0.625,0.3125,0.0,0.3125,87.01,55.56,21.05,33.33,42.86,42.86,50.0,25.0,0.1028724328584535,0.1399195490542533,1.25,0.9375,0.0293919156249999,1.5625,1.5625,2.8125,0.1287549656249999,10.9375,CM/AM,50,84,62,80,55,75,50,70,45,66,66,52,50,16,77,62,36,54,25,32,89,96,39,50,100,79,68,64,45,79,50,80,14,46,64,77,29,32,95,54,50,61,61,43,79,46,82,43,75,43,57,43,54,50,36,39,16,71,46,43,39,18,32,82,100,25,50,100,79,68,64,45,79,50,80,14,39,64,75,18,25,82,32,38,54,57,Niké Liga
Dukla Banská Bystrica,4wplsg3qopnhc3v741nbme1re,6af32dsaqietkepdi4sblamp6,E. Arévalo,Enzo Mauro Arévalo Acosta,29.0,Midfielder,Uruguay,Midfielder,5.0,0.0,10.0,0.0,15.0,1.0,3.0,3.0,2.0,5.0,7.0,10.0,0.0,3.0,113.0,1.0,4.0,3.0,3.0,2.0,0.0,1.0,0.0,1.0,0.0,0.0,71.43,0.0,0.0,60.0,33.33,41.67,50.0,66.67,0.2009273098879097,0.1033617149796192,2.0,3.0,0.0722514,0.0,0.0,1.0,0.05677083,8.0,3.982300884955752,0.0,7.964601769911504,0.0,11.946902654867255,0.7964601769911505,2.3893805309734515,2.3893805309734515,1.592920353982301,3.982300884955752,5.575221238938053,7.964601769911504,0.0,2.3893805309734515,0.7964601769911505,3.185840707964602,2.3893805309734515,2.3893805309734515,1.592920353982301,0.0,0.7964601769911505,0.0,0.7964601769911505,0.0,0.0,71.43,0.0,0.0,60.0,33.33,41.67,50.0,66.67,0.1600306007956803,0.0823234898067763,1.592920353982301,2.3893805309734515,0.0575453628318584,0.0,0.0,0.7964601769911505,0.0452157053097345,6.371681415929204,LM/LCM,30,30,40,30,40,50,30,20,20,50,60,40,30,100,40,20,30,40,60,50,50,40,50,60,60,60,30,30,80,50,40,100,60,20,40,30,40,40,20,20,20,20,40,60,30,40,30,60,80,60,60,20,80,80,80,30,100,40,40,60,80,80,50,80,40,60,60,60,60,30,30,80,50,40,100,60,20,40,100,80,60,20,20,20,20,40,Niké Liga
Dukla Banská Bystrica,4wplsg3qopnhc3v741nbme1re,6csqfvbvn2v9jc3sofpx7qaga,M. Bakaľa,Mikulás Bakala,25.0,Midfielder,Slovakia,Midfielder,95.0,0.0,47.0,8.0,142.0,7.0,0.0,1.0,1.0,0.0,0.0,14.0,25.0,13.0,450.0,0.0,4.0,3.0,0.0,2.0,0.0,0.0,0.0,0.0,0.0,0.0,85.03,33.33,0.0,0.0,0.0,41.18,46.67,50.0,0.1203986754438528,0.0,0.0,3.0,0.05417292,2.0,10.0,15.0,0.2540799999999999,89.0,19.0,0.0,9.4,1.6,28.4,1.4,0.0,0.2,0.2,0.0,0.0,2.8,5.0,2.6,0.0,0.8,0.6,0.0,0.4,0.0,0.0,0.0,0.0,0.0,0.0,85.03,33.33,0.0,0.0,0.0,41.18,46.67,50.0,0.0240797350887705,0.0,0.0,0.6,0.010834584,0.4,2.0,3.0,0.0508159999999999,17.8,DM/CM,90,27,47,74,81,89,6,13,39,15,15,60,97,100,15,55,63,19,31,40,16,34,21,52,48,55,21,27,19,15,10,39,27,23,6,23,50,42,68,48,74,48,87,58,27,13,45,32,77,6,6,26,15,15,16,89,97,15,29,26,19,16,40,16,34,21,52,48,55,21,27,19,15,10,39,27,13,6,23,35,35,55,24,45,23,55,Niké Liga
Dukla Banská Bystrica,4wplsg3qopnhc3v741nbme1re,6hew65b32paemf47ffwkfjis5,Ľ. Willwéber,Ľubomír Willwéber,33.0,Defender,Slovakia,Defender,101.0,0.0,29.0,12.0,130.0,10.0,0.0,7.0,3.0,0.0,0.0,13.0,29.0,3.0,399.0,2.0,4.0,0.0,0.0,2.0,0.0,4.0,1.0,1.0,0.0,0.0,86.67,60.0,0.0,0.0,28.57,56.52,76.92,66.67,0.5968485657622424,0.0,4.0,1.0,0.01689528,0.0,7.0,7.0,0.20765621,82.0,22.78195488721805,0.0,6.541353383458646,2.706766917293233,29.32330827067669,2.255639097744361,0.0,1.5789473684210529,0.6766917293233082,0.0,0.0,2.932330827067669,6.541353383458646,0.6766917293233082,0.4511278195488721,0.9022556390977444,0.0,0.0,0.4511278195488721,0.0,0.9022556390977444,0.225563909774436,0.225563909774436,0.0,0.0,86.67,60.0,0.0,0.0,28.57,56.52,76.92,66.67,0.134627496036596,0.0,0.9022556390977444,0.225563909774436,0.0038109654135338,0.0,1.5789473684210529,1.5789473684210529,0.0468397466165413,18.49624060150376,CB,68,38,26,74,63,81,18,99,78,28,28,56,97,63,90,50,15,29,43,47,100,93,75,49,51,74,81,38,29,53,56,91,40,94,21,100,50,43,29,47,40,38,74,47,38,12,50,32,59,18,85,62,28,28,24,82,44,68,32,15,29,18,47,97,85,65,49,51,74,81,38,29,53,56,91,40,79,21,97,41,41,29,32,26,26,41,Niké Liga
Dukla Banská Bystrica,4wplsg3qopnhc3v741nbme1re,6mvmk0oww2bhds22i98kgmolw,A. Adewale,Alabi Toheeb Adewale,25.0,Defender,Nigeria,Defender,34.0,0.0,36.0,3.0,70.0,8.0,3.0,3.0,2.0,2.0,2.0,20.0,16.0,7.0,367.0,0.0,5.0,4.0,0.0,6.0,0.0,1.0,0.0,2.0,0.0,0.0,72.92,21.43,0.0,0.0,0.0,55.56,61.54,75.0,0.2322622026349372,0.2404377432866549,1.0,3.0,0.0828811399999999,3.0,7.0,11.0,0.2002441599999999,41.0,8.337874659400546,0.0,8.8283378746594,0.7356948228882835,17.166212534059948,1.9618528610354224,0.7356948228882835,0.7356948228882835,0.4904632152588556,0.4904632152588556,0.4904632152588556,4.904632152588556,3.923705722070845,1.7166212534059946,0.0,1.226158038147139,0.9809264305177112,0.0,1.471389645776567,0.0,0.2452316076294278,0.0,0.4904632152588556,0.0,0.0,72.92,21.43,0.0,0.0,0.0,55.56,61.54,75.0,0.0569580333437175,0.058962934320978,0.2452316076294278,0.7356948228882835,0.0203250752043596,0.7356948228882835,1.7166212534059946,2.697547683923706,0.0491061972752043,10.05449591280654,LB/LCB,53,27,47,37,47,77,57,73,67,43,40,73,87,93,23,70,87,17,87,50,77,37,87,50,53,27,13,27,17,23,57,57,77,53,53,73,50,40,87,47,47,40,53,27,27,27,20,20,53,53,53,40,20,20,47,73,73,23,67,73,17,67,50,67,37,80,50,53,27,13,27,17,23,57,57,77,53,47,60,47,33,73,20,33,27,33,Niké Liga
Dukla Banská Bystrica,4wplsg3qopnhc3v741nbme1re,71unvnpwjjeqq2oci02ev8us5,D. Richtárech,Dávid Richtárech,30.0,Midfielder,Slovakia,Midfielder,44.0,1.0,44.0,6.0,87.0,0.0,2.0,6.0,1.0,7.0,7.0,14.0,9.0,5.0,295.0,0.0,1.0,3.0,2.0,5.0,0.0,5.0,0.0,3.0,0.0,0.0,82.08,54.55,33.33,28.57,0.0,48.28,0.0,55.56,0.3494405964810985,0.237775616069835,2.0,2.0,0.04398591,2.0,10.0,9.0,0.2465913899999999,54.0,13.423728813559322,0.3050847457627119,13.423728813559322,1.8305084745762712,26.54237288135593,0.0,0.6101694915254238,1.8305084745762712,0.3050847457627119,2.135593220338983,2.135593220338983,4.271186440677966,2.745762711864407,1.5254237288135597,0.0,0.3050847457627119,0.9152542372881356,0.6101694915254238,1.5254237288135597,0.0,1.5254237288135597,0.0,0.9152542372881356,0.0,0.0,82.08,54.55,33.33,28.57,0.0,48.28,0.0,55.56,0.1066089955366063,0.0725417133772377,0.6101694915254238,0.6101694915254238,0.0134194301694915,0.6101694915254238,3.050847457627119,2.745762711864407,0.0752312715254237,16.47457627118644,DM/CM,48,65,42,60,42,6,48,89,39,97,97,60,79,79,15,16,63,76,77,40,95,34,97,52,48,32,45,73,42,15,42,10,40,68,61,74,40,39,68,48,45,45,50,26,61,26,52,16,6,26,84,35,87,84,48,71,74,15,13,48,71,77,40,90,34,97,52,48,32,45,73,42,15,42,10,40,61,52,74,39,39,68,45,39,42,42,Niké Liga
Dukla Banská Bystrica,4wplsg3qopnhc3v741nbme1re,8od1c130jxczrb7jan2hes3fu,N. Šikula,Nicolas Sikula,23.0,Defender,Slovakia,Defender,53.0,2.0,69.0,11.0,120.0,4.0,4.0,1.0,0.0,2.0,2.0,16.0,8.0,7.0,390.0,0.0,6.0,4.0,0.0,6.0,0.0,1.0,0.0,1.0,0.0,0.0,78.95,57.89,20.0,0.0,0.0,45.71,36.36,75.0,0.0756601411107072,0.3577655298840533,0.0,6.0,0.152829,5.0,20.0,28.0,0.7867817599999999,67.0,12.230769230769232,0.4615384615384615,15.923076923076923,2.5384615384615388,27.692307692307693,0.9230769230769232,0.9230769230769232,0.2307692307692307,0.0,0.4615384615384615,0.4615384615384615,3.692307692307693,1.8461538461538465,1.6153846153846154,0.0,1.3846153846153848,0.9230769230769232,0.0,1.3846153846153848,0.0,0.2307692307692307,0.0,0.2307692307692307,0.0,0.0,78.95,57.89,20.0,0.0,0.0,45.71,36.36,75.0,0.0174600325640093,0.0825612761270892,0.0,1.3846153846153848,0.0352682307692307,1.153846153846154,4.615384615384616,6.461538461538462,0.1815650215384615,15.461538461538463,RB/RCB,70,82,80,85,80,50,85,35,22,52,48,52,48,82,35,88,75,25,60,40,68,45,72,50,52,55,90,55,25,35,15,25,62,35,85,30,90,95,98,88,100,100,82,40,60,75,60,45,20,70,25,22,45,35,35,30,85,35,70,55,25,45,40,55,45,65,50,52,55,90,55,25,35,15,25,62,30,75,30,80,70,90,85,85,90,50,Niké Liga
Dukla Banská Bystrica,4wplsg3qopnhc3v741nbme1re,d22uux96bhwm9wahii0vzn1g4,A. Siviček,Adrian Siviček,19.0,Midfielder,Slovakia,Midfielder,20.0,0.0,15.0,1.0,35.0,1.0,1.0,1.0,0.0,3.0,3.0,10.0,3.0,3.0,217.0,0.0,5.0,0.0,1.0,5.0,0.0,1.0,0.0,0.0,0.0,0.0,77.78,50.0,0.0,33.33,0.0,55.56,50.0,62.5,0.0790470015471145,0.0713601434352655,0.0,0.0,0.0,0.0,4.0,3.0,0.12707959,15.0,8.294930875576037,0.0,6.221198156682028,0.4147465437788019,14.516129032258066,0.4147465437788019,0.4147465437788019,0.4147465437788019,0.0,1.2442396313364057,1.2442396313364057,4.147465437788019,1.2442396313364057,1.2442396313364057,0.0,2.0737327188940093,0.0,0.4147465437788019,2.0737327188940093,0.0,0.4147465437788019,0.0,0.0,0.0,0.0,77.78,50.0,0.0,33.33,0.0,55.56,50.0,62.5,0.0327844706877433,0.0295963728533359,0.0,0.0,0.0,0.0,1.6589861751152075,1.2442396313364057,0.0527058207373271,6.221198156682028,DM/CM,13,27,6,5,10,21,24,13,13,68,65,37,31,48,15,69,5,55,77,40,42,34,21,52,48,15,35,27,48,15,61,55,52,13,23,23,8,8,21,16,8,16,13,10,27,3,3,3,15,23,18,13,74,68,45,32,55,15,81,5,66,90,40,47,34,21,52,48,15,35,27,48,15,61,55,52,16,19,23,8,8,21,16,6,26,6,Niké Liga
Dukla Banská Bystrica,4wplsg3qopnhc3v741nbme1re,dua5ewk710pbnrnl3v7s5iyvo,A. Hanes,Adam Hanes,24.0,Attacker,Slovakia,Striker,15.0,1.0,34.0,2.0,48.0,10.0,6.0,5.0,5.0,2.0,2.0,19.0,7.0,2.0,264.0,2.0,15.0,0.0,0.0,5.0,0.0,0.0,0.0,1.0,0.0,0.0,68.57,40.0,33.33,0.0,40.0,51.35,55.56,55.56,0.4386142749723025,0.508854516521215,1.0,4.0,0.08501418,2.0,8.0,7.0,0.1838577899999998,26.0,5.113636363636364,0.3409090909090909,11.590909090909092,0.6818181818181819,16.363636363636363,3.409090909090909,2.0454545454545454,1.7045454545454546,1.7045454545454546,0.6818181818181819,0.6818181818181819,6.477272727272728,2.3863636363636367,0.6818181818181819,0.6818181818181819,5.113636363636364,0.0,0.0,1.7045454545454546,0.0,0.0,0.0,0.3409090909090909,0.0,0.0,68.57,40.0,33.33,0.0,40.0,51.35,55.56,55.56,0.1495275937405576,0.1734731306322324,0.3409090909090909,1.3636363636363638,0.0289821068181818,0.6818181818181819,2.7272727272727275,2.3863636363636367,0.0626787920454544,8.863636363636365,ST,60,60,65,60,65,89,82,29,39,26,24,82,95,82,44,58,5,13,92,42,21,24,50,52,52,35,40,71,13,61,77,87,52,29,81,44,58,39,74,89,73,55,82,61,61,71,58,74,90,87,29,45,19,19,81,90,84,45,48,5,13,97,42,21,24,55,52,52,35,40,71,13,61,77,87,52,29,81,35,61,42,81,94,74,48,81,Niké Liga
Dukla Banská Bystrica,4wplsg3qopnhc3v741nbme1re,e05abuimu2rhh0kiy0a9k6x1x,R. Polievka,Róbert Polievka,30.0,Attacker,Slovakia,Striker,23.0,6.0,38.0,3.0,55.0,0.0,6.0,14.0,9.0,15.0,15.0,19.0,1.0,3.0,360.0,7.0,19.0,9.0,7.0,2.0,0.0,5.0,1.0,6.0,0.0,0.0,79.71,75.0,25.0,46.67,50.0,54.29,0.0,66.67,1.268736097519087,0.5236730247388439,9.0,3.0,0.1166798499999999,0.0,3.0,4.0,0.4259079,17.0,5.75,1.5,9.5,0.75,13.75,0.0,1.5,3.5,2.25,3.75,3.75,4.75,0.25,0.75,1.75,4.75,2.25,1.75,0.5,0.0,1.25,0.25,1.5,0.0,0.0,79.71,75.0,25.0,46.67,50.0,54.29,0.0,66.67,0.3171840243797717,0.1309182561847109,2.25,0.75,0.0291699624999999,0.0,0.75,1.0,0.106476975,4.25,ST,87,97,77,81,74,6,82,95,87,97,97,82,27,90,97,84,90,90,68,42,98,61,100,52,52,77,76,56,61,76,87,11,61,77,84,100,42,55,23,47,50,81,58,74,94,48,69,48,6,58,81,58,97,97,52,26,87,87,42,87,87,47,42,97,56,87,52,52,77,76,56,61,76,87,11,61,58,58,100,26,45,23,19,32,71,42,Niké Liga
Dukla Banská Bystrica,4wplsg3qopnhc3v741nbme1re,jf5ow5qxswm7urne6c6pnzkl,M. Ďuriš,Michal Duris,38.0,Attacker,Slovakia,Striker,4.0,1.0,10.0,1.0,13.0,4.0,2.0,5.0,5.0,1.0,1.0,8.0,0.0,0.0,144.0,1.0,7.0,3.0,1.0,0.0,0.0,0.0,0.0,0.0,0.0,0.0,72.22,100.0,100.0,100.0,20.0,44.44,44.44,0.0,0.6290178789300497,0.2107289189120419,1.0,0.0,0.0,0.0,0.0,1.0,0.13218044,6.0,2.5,0.625,6.25,0.625,8.125,2.5,1.25,3.125,3.125,0.625,0.625,5.0,0.0,0.0,0.625,4.375,1.875,0.625,0.0,0.0,0.0,0.0,0.0,0.0,0.0,72.22,100.0,100.0,100.0,20.0,44.44,44.44,0.0,0.393136174331281,0.1317055743200262,0.625,0.0,0.0,0.0,0.0,0.625,0.082612775,3.75,ST,8,60,8,40,5,58,31,29,39,18,18,27,11,24,21,16,50,35,11,42,21,24,19,52,52,48,94,95,98,26,56,66,11,39,39,44,5,5,23,5,19,39,19,13,71,13,48,6,81,50,74,84,16,16,60,11,24,35,35,74,39,11,42,21,24,19,52,52,48,94,95,98,26,56,66,11,71,61,58,5,5,23,5,23,58,29,Niké Liga
Dukla Banská Bystrica,4wplsg3qopnhc3v741nbme1re,mjb1mpggdoekxjv3hjn15kwk,N. Kubala,Nikolas Kubala,18.0,Attacker,Slovakia,Striker,9.0,2.0,11.0,2.0,18.0,3.0,3.0,1.0,1.0,3.0,3.0,8.0,2.0,0.0,148.0,0.0,3.0,1.0,0.0,4.0,0.0,0.0,0.0,0.0,0.0,0.0,72.0,40.0,18.18,0.0,0.0,47.06,75.0,100.0,0.0721931556702902,0.2648299964251709,1.0,4.0,0.12699069,0.0,2.0,2.0,0.0921535399999999,3.0,5.472972972972973,1.2162162162162162,6.6891891891891895,1.2162162162162162,10.945945945945946,1.8243243243243243,1.8243243243243243,0.6081081081081081,0.6081081081081081,1.8243243243243243,1.8243243243243243,4.864864864864865,1.2162162162162162,0.0,0.0,1.8243243243243243,0.6081081081081081,0.0,2.4324324324324325,0.0,0.0,0.0,0.0,0.0,0.0,72.0,40.0,18.18,0.0,0.0,47.06,75.0,100.0,0.0439012433130143,0.1610452680963877,0.6081081081081081,2.4324324324324325,0.0772240682432432,0.0,1.2162162162162162,1.2162162162162162,0.0560393148648648,1.8243243243243243,ST,42,79,13,60,13,48,52,6,10,34,32,27,50,24,5,10,18,13,85,42,21,24,19,52,52,45,40,52,13,5,65,97,82,6,55,44,58,61,23,32,32,23,8,71,90,19,94,32,61,81,6,13,48,45,55,81,24,5,10,19,13,100,42,21,24,19,52,52,45,40,52,13,5,65,97,82,6,77,55,90,84,23,58,50,45,10,Niké Liga
Ružomberok,d7ju1d8fvjwosjm62zph5tqql,2mep8fe07gw5ptdiccuxv7e38,V. Hranoš,Vojtech Hranos,20.0,Midfielder,Czechia,Midfielder,5.0,1.0,20.0,1.0,24.0,6.0,1.0,10.0,6.0,3.0,3.0,11.0,1.0,0.0,321.0,2.0,15.0,3.0,0.0,1.0,0.0,4.0,1.0,4.0,0.0,0.0,57.14,50.0,16.67,0.0,20.0,39.29,60.0,50.0,1.0436734749442045,0.0,3.0,1.0,0.01611813,1.0,3.0,4.0,0.36608207,13.0,1.4018691588785046,0.2803738317757009,5.607476635514018,0.2803738317757009,6.728971962616822,1.6822429906542056,0.2803738317757009,2.803738317757009,1.6822429906542056,0.8411214953271028,0.8411214953271028,3.08411214953271,0.2803738317757009,0.0,0.5607476635514018,4.205607476635514,0.8411214953271028,0.0,0.2803738317757009,0.0,1.1214953271028036,0.2803738317757009,1.1214953271028036,0.0,0.0,57.14,50.0,16.67,0.0,20.0,39.29,60.0,50.0,0.2926187312927676,0.0,0.8411214953271028,0.2803738317757009,0.0045191018691588,0.2803738317757009,0.8411214953271028,1.1214953271028036,0.1026398327102803,3.644859813084112,CM/AM,7,54,14,16,14,89,9,86,84,34,30,45,27,16,54,77,36,12,25,32,79,75,82,50,50,4,62,52,12,39,32,91,36,86,5,62,5,4,29,29,14,50,18,4,50,4,11,4,93,4,68,71,25,21,21,21,16,46,79,29,12,14,32,68,64,86,50,50,4,62,52,12,39,32,91,36,71,5,50,7,4,21,14,4,36,4,Niké Liga
Ružomberok,d7ju1d8fvjwosjm62zph5tqql,3qszei9rfwcv722hlpq7j7e5m,S. Lavrinčík,Samuel Lavrincík,25.0,Midfielder,Slovakia,Midfielder,27.0,0.0,58.0,11.0,85.0,0.0,3.0,3.0,0.0,4.0,4.0,14.0,1.0,0.0,255.0,0.0,1.0,7.0,2.0,2.0,0.0,3.0,0.0,2.0,0.0,0.0,90.43,78.57,0.0,50.0,0.0,48.28,0.0,40.0,0.1872026135447511,0.1888379165220194,3.0,3.0,0.05740611,0.0,18.0,21.0,0.41159668,44.0,9.529411764705882,0.0,20.47058823529412,3.882352941176471,30.0,0.0,1.0588235294117647,1.0588235294117647,0.0,1.4117647058823528,1.4117647058823528,4.941176470588235,0.3529411764705882,0.0,0.0,0.3529411764705882,2.4705882352941173,0.7058823529411764,0.7058823529411764,0.0,1.0588235294117647,0.0,0.7058823529411764,0.0,0.0,90.43,78.57,0.0,50.0,0.0,48.28,0.0,40.0,0.0660715106628533,0.0666486764195362,1.0588235294117647,1.0588235294117647,0.02026098,0.0,6.352941176470588,7.411764705882352,0.1452694164705882,15.529411764705882,CM/AM,70,21,80,95,79,20,32,32,16,45,38,64,27,16,18,4,89,54,48,32,62,30,66,50,50,93,75,21,79,18,61,21,25,25,29,62,29,21,7,93,88,57,75,71,21,79,96,71,20,32,32,16,43,36,61,25,16,18,4,82,46,43,32,61,30,61,50,50,93,75,21,79,18,61,21,25,25,29,61,21,14,7,93,96,64,86,Niké Liga
Ružomberok,d7ju1d8fvjwosjm62zph5tqql,57ieklwt78roetp55kcgiczu2,A. Mojžiš,Alexander Mojzis,27.0,Defender,Slovakia,Defender,13.0,0.0,7.0,2.0,20.0,4.0,3.0,0.0,0.0,0.0,0.0,6.0,8.0,2.0,149.0,0.0,2.0,0.0,0.0,0.0,0.0,0.0,0.0,0.0,0.0,0.0,58.82,22.22,0.0,0.0,0.0,46.15,66.67,0.0,0.0,0.319880656734773,0.0,1.0,0.10805102,0.0,3.0,4.0,0.04421426,11.0,7.852348993288591,0.0,4.228187919463087,1.2080536912751678,12.08053691275168,2.416107382550336,1.812080536912752,0.0,0.0,0.0,0.0,3.624161073825504,4.832214765100671,1.2080536912751678,0.0,1.2080536912751678,0.0,0.0,0.0,0.0,0.0,0.0,0.0,0.0,0.0,58.82,22.22,0.0,0.0,0.0,46.15,66.67,0.0,0.0,0.1932165040679837,0.0,0.6040268456375839,0.0652657167785235,0.0,1.812080536912752,2.416107382550336,0.0267066,6.644295302013424,LB/LCB,7,27,7,23,7,60,57,17,17,7,7,17,73,30,23,33,23,17,7,50,30,37,30,50,53,7,23,27,17,23,20,77,7,17,60,30,23,67,20,20,27,13,17,20,27,7,33,13,73,77,17,17,7,7,20,93,53,23,60,23,17,7,50,30,37,30,50,53,7,23,27,17,23,20,77,7,17,80,30,37,67,20,33,27,13,27,Niké Liga
Ružomberok,d7ju1d8fvjwosjm62zph5tqql,5nq8a77t1enm36la314v0h5ka,O. Luterán,Oliver Luterán,24.0,Midfielder,Slovakia,Midfielder,40.0,1.0,52.0,14.0,91.0,4.0,0.0,4.0,3.0,2.0,2.0,19.0,9.0,4.0,328.0,0.0,7.0,8.0,0.0,3.0,0.0,1.0,0.0,1.0,0.0,0.0,72.22,41.18,14.29,0.0,0.0,59.38,50.0,42.86,0.3873648321425062,0.0,1.0,1.0,0.0174506,1.0,14.0,13.0,0.49747143,48.0,10.975609756097562,0.274390243902439,14.26829268292683,3.841463414634146,24.96951219512195,1.0975609756097562,0.0,1.0975609756097562,0.8231707317073171,0.5487804878048781,0.5487804878048781,5.213414634146342,2.4695121951219514,1.0975609756097562,0.0,1.920731707317073,2.1951219512195124,0.0,0.8231707317073171,0.0,0.274390243902439,0.0,0.274390243902439,0.0,0.0,72.22,41.18,14.29,0.0,0.0,59.38,50.0,42.86,0.1062891307708096,0.0,0.274390243902439,0.274390243902439,0.0047882743902439,0.274390243902439,3.841463414634146,3.567073170731708,0.1365013070121951,13.170731707317074,RM/RCM,91,55,82,100,91,82,18,45,50,18,18,91,91,91,18,32,95,9,59,36,45,32,45,55,55,36,45,36,9,18,73,73,27,36,18,41,23,27,41,91,82,73,91,82,27,45,82,82,64,18,18,27,9,9,73,91,91,18,27,91,9,45,36,36,32,27,55,55,36,45,36,9,18,73,73,27,18,18,27,18,18,36,82,73,64,73,Niké Liga
Ružomberok,d7ju1d8fvjwosjm62zph5tqql,5nrmy96rd53lt1lob9q0zaynd,M. Chobot,Marián Chobot,26.0,Midfielder,Slovakia,Midfielder,7.0,0.0,9.0,1.0,16.0,1.0,1.0,1.0,0.0,4.0,5.0,9.0,2.0,0.0,97.0,0.0,2.0,3.0,1.0,4.0,0.0,1.0,0.0,0.0,0.0,0.0,76.19,100.0,0.0,25.0,0.0,60.0,33.33,100.0,0.0525683335568845,0.0569612182275822,1.0,2.0,0.03996962,1.0,1.0,2.0,0.04931239,5.0,6.494845360824742,0.0,8.350515463917526,0.9278350515463918,14.845360824742269,0.9278350515463918,0.9278350515463918,0.9278350515463918,0.0,3.711340206185567,4.639175257731959,8.350515463917526,1.855670103092784,0.0,0.0,1.855670103092784,2.783505154639176,0.9278350515463918,3.711340206185567,0.0,0.9278350515463918,0.0,0.0,0.0,0.0,76.19,100.0,0.0,25.0,0.0,60.0,33.33,100.0,0.0487747424754598,0.052850614850334,0.9278350515463918,1.855670103092784,0.0370852144329896,0.9278350515463918,0.9278350515463918,1.855670103092784,0.0457537639175257,4.639175257731959,CM/AM,14,21,4,16,7,46,9,11,16,45,52,25,50,16,18,12,36,32,77,32,29,30,11,50,50,43,91,21,30,18,93,64,89,7,11,34,16,11,29,5,5,4,4,36,21,14,54,18,71,18,21,16,86,93,96,89,16,18,25,89,68,100,32,54,30,11,50,50,43,91,21,30,18,93,64,89,18,18,54,50,36,64,21,18,11,11,Niké Liga
Ružomberok,d7ju1d8fvjwosjm62zph5tqql,6ic5sfkz3qshtmltl3kar3cpg,T. Marušin,Tomás Marusin,21.0,Defender,Slovakia,Defender,56.0,0.0,34.0,10.0,90.0,4.0,0.0,2.0,2.0,0.0,0.0,7.0,9.0,5.0,243.0,2.0,6.0,1.0,0.0,1.0,0.0,0.0,0.0,0.0,0.0,0.0,81.82,43.48,0.0,0.0,100.0,36.84,30.77,50.0,0.2449056939607004,0.0,0.0,1.0,0.0199707,0.0,14.0,17.0,0.27268259,53.0,20.74074074074074,0.0,12.592592592592592,3.7037037037037033,33.33333333333333,1.4814814814814814,0.0,0.7407407407407407,0.7407407407407407,0.0,0.0,2.592592592592593,3.333333333333333,1.851851851851852,0.7407407407407407,2.222222222222222,0.3703703703703703,0.0,0.3703703703703703,0.0,0.0,0.0,0.0,0.0,0.0,81.82,43.48,0.0,0.0,100.0,36.84,30.77,50.0,0.0907058125780371,0.0,0.0,0.3703703703703703,0.0073965555555555,0.0,5.185185185185185,6.296296296296296,0.1009935518518518,19.62962962962963,CB,47,38,37,62,38,41,18,47,59,28,28,22,38,85,90,85,43,29,19,47,29,43,29,49,51,44,38,38,29,93,15,21,18,59,21,32,50,51,29,81,78,47,53,41,38,38,62,47,41,18,47,65,28,28,18,29,79,91,85,44,29,15,47,29,43,29,49,51,44,38,38,29,93,15,21,18,62,21,32,56,56,29,91,91,65,50,Niké Liga
Ružomberok,d7ju1d8fvjwosjm62zph5tqql,80imgew1o4dg6cjmaj8k15m95,D. Kostka,Dominik Kostka,30.0,Defender,Czechia,Defender,39.0,0.0,56.0,9.0,95.0,11.0,1.0,9.0,4.0,14.0,15.0,35.0,12.0,8.0,425.0,1.0,6.0,1.0,6.0,11.0,0.0,5.0,0.0,2.0,0.0,0.0,69.34,31.03,0.0,42.86,11.11,59.32,78.57,64.71,0.779641705338286,0.0375553343905228,5.0,2.0,0.04813761,3.0,11.0,14.0,0.35699494,55.0,8.258823529411764,0.0,11.858823529411763,1.9058823529411764,20.11764705882353,2.3294117647058825,0.2117647058823529,1.9058823529411764,0.8470588235294118,2.9647058823529413,3.176470588235294,7.411764705882352,2.541176470588235,1.6941176470588235,0.2117647058823529,1.2705882352941176,0.2117647058823529,1.2705882352941176,2.3294117647058825,0.0,1.0588235294117647,0.0,0.4235294117647059,0.0,0.0,69.34,31.03,0.0,42.86,11.11,59.32,78.57,64.71,0.1651005964245782,0.0079528943415224,1.0588235294117647,0.4235294117647059,0.0101938468235294,0.6352941176470588,2.3294117647058825,2.9647058823529413,0.0755989284705882,11.647058823529411,RB/RCB,45,28,70,68,55,95,45,100,95,100,100,100,72,90,78,88,30,98,100,40,98,45,92,50,52,15,35,28,60,70,60,95,50,95,25,98,50,50,88,65,60,50,65,15,28,30,40,20,85,25,85,90,90,95,85,50,90,70,65,25,85,95,40,90,45,85,50,52,15,35,28,60,70,60,95,50,90,25,90,40,40,70,40,45,30,40,Niké Liga
Ružomberok,d7ju1d8fvjwosjm62zph5tqql,8qo2ay0eobs7lyol641ljiv2t,D. Köstl,Daniel Köstl,28.0,Defender,Czechia,Defender,73.0,0.0,43.0,11.0,116.0,17.0,2.0,7.0,7.0,3.0,3.0,20.0,21.0,2.0,343.0,0.0,20.0,0.0,0.0,2.0,1.0,0.0,0.0,3.0,0.0,0.0,68.64,28.21,0.0,0.0,0.0,50.0,70.83,66.67,0.948498842023342,0.2559011528098869,0.0,1.0,0.02401521,1.0,10.0,14.0,0.24858229,78.0,19.15451895043732,0.0,11.282798833819244,2.8862973760932946,30.43731778425656,4.46064139941691,0.5247813411078718,1.836734693877551,1.836734693877551,0.7871720116618076,0.7871720116618076,5.247813411078718,5.510204081632653,0.5247813411078718,0.0,5.247813411078718,0.0,0.0,0.5247813411078718,0.2623906705539359,0.0,0.0,0.7871720116618076,0.0,0.0,68.64,28.21,0.0,0.0,0.0,50.0,70.83,66.67,0.2488772471781364,0.0671460750813114,0.0,0.2623906705539359,0.0063013670553935,0.2623906705539359,2.623906705539359,3.673469387755102,0.0652256737609329,20.466472303207,CB,59,38,56,69,56,100,72,99,100,82,79,85,79,43,22,100,15,29,43,97,29,43,99,49,51,3,12,38,29,22,38,74,40,100,82,32,50,56,69,62,60,44,65,38,38,32,53,35,91,59,88,97,72,72,71,71,32,22,100,15,29,24,100,29,43,99,49,51,3,12,38,29,22,38,74,40,97,68,32,47,50,65,50,53,38,53,Niké Liga
Ružomberok,d7ju1d8fvjwosjm62zph5tqql,94nt9fr8s7rcyslxlvpecxcoa,F. Souček,Filip Soucek,25.0,Defender,Czechia,Defender,48.0,8.0,73.0,13.0,113.0,4.0,7.0,5.0,2.0,4.0,4.0,35.0,4.0,3.0,446.0,1.0,3.0,9.0,3.0,14.0,0.0,3.0,0.0,2.0,0.0,0.0,74.83,48.15,36.36,75.0,20.0,56.45,44.44,73.68,0.4522862847588514,0.9219647759694846,2.0,7.0,0.18835306,3.0,14.0,17.0,0.6147012600000001,51.0,9.68609865470852,1.6143497757847534,14.730941704035876,2.623318385650224,22.80269058295964,0.8071748878923767,1.412556053811659,1.0089686098654709,0.4035874439461883,0.8071748878923767,0.8071748878923767,7.062780269058296,0.8071748878923767,0.6053811659192825,0.2017937219730941,0.6053811659192825,1.816143497757848,0.6053811659192825,2.825112107623318,0.0,0.6053811659192825,0.0,0.4035874439461883,0.0,0.0,74.83,48.15,36.36,75.0,20.0,56.45,44.44,73.68,0.0912685327988713,0.1860467036709722,0.4035874439461883,1.412556053811659,0.0380084650224215,0.6053811659192825,2.825112107623318,3.430493273542601,0.1240428551569507,10.291479820627805,CB,40,97,91,78,53,41,94,91,59,93,90,100,15,63,60,38,100,93,100,47,96,43,94,49,51,18,50,94,81,44,53,32,53,76,94,93,96,97,87,81,78,97,50,12,94,53,41,9,29,91,74,38,76,76,91,9,41,47,29,91,79,97,47,85,43,85,49,51,18,50,94,81,44,53,32,53,65,94,79,88,91,76,53,50,74,21,Niké Liga
Ružomberok,d7ju1d8fvjwosjm62zph5tqql,9mt84o1omv64u5kd94hsrxazt,M. Boďa,Martin Boda,29.0,Attacker,Slovakia,Striker,5.0,0.0,15.0,0.0,20.0,10.0,2.0,3.0,3.0,0.0,0.0,12.0,6.0,1.0,111.0,2.0,7.0,1.0,0.0,1.0,0.0,0.0,1.0,1.0,0.0,0.0,68.97,0.0,0.0,0.0,66.67,54.55,52.63,100.0,0.2487639345002913,0.0583259050236311,0.0,1.0,0.02401521,0.0,2.0,0.0,0.0137118899999999,5.0,4.0540540540540535,0.0,12.16216216216216,0.0,16.216216216216214,8.108108108108107,1.6216216216216215,2.4324324324324325,2.4324324324324325,0.0,0.0,9.72972972972973,4.864864864864865,0.8108108108108107,1.6216216216216215,5.675675675675675,0.8108108108108107,0.0,0.8108108108108107,0.0,0.0,0.8108108108108107,0.8108108108108107,0.0,0.0,68.97,0.0,0.0,0.0,66.67,54.55,52.63,100.0,0.2017004874326686,0.0472912743434846,0.0,0.8108108108108107,0.0194717918918918,0.0,1.6216216216216215,0.0,0.0111177486486485,4.0540540540540535,ST,19,26,18,16,19,89,31,11,19,8,8,50,90,61,44,16,18,13,39,42,21,61,50,52,52,39,16,26,13,94,90,84,82,16,6,15,15,13,23,32,6,6,13,39,26,74,16,71,100,71,48,65,8,8,97,100,90,81,65,35,13,71,42,21,87,74,52,52,39,16,26,13,94,90,84,82,35,26,15,29,23,23,71,6,10,35,Niké Liga
Ružomberok,d7ju1d8fvjwosjm62zph5tqql,9n54ox1i7fskj6esi9h8xvfqi,A. Selecký,Alexander Selecký,23.0,Defender,Slovakia,Defender,25.0,9.0,40.0,7.0,56.0,3.0,9.0,6.0,3.0,6.0,6.0,15.0,6.0,5.0,447.0,2.0,3.0,4.0,2.0,3.0,0.0,3.0,0.0,3.0,0.0,0.0,66.67,36.84,28.12,33.33,33.33,42.86,30.0,50.0,0.4045811307436193,0.8630960978556594,2.0,3.0,0.08373476,2.0,11.0,16.0,0.7561156,33.0,5.033557046979865,1.812080536912752,8.053691275167784,1.4093959731543624,11.2751677852349,0.6040268456375839,1.812080536912752,1.2080536912751678,0.6040268456375839,1.2080536912751678,1.2080536912751678,3.02013422818792,1.2080536912751678,1.006711409395973,0.4026845637583892,0.6040268456375839,0.8053691275167785,0.4026845637583892,0.6040268456375839,0.0,0.6040268456375839,0.0,0.6040268456375839,0.0,0.0,66.67,36.84,28.12,33.33,33.33,42.86,30.0,50.0,0.081459288069185,0.1737777378232871,0.4026845637583892,0.6040268456375839,0.0168593476510067,0.4026845637583892,2.214765100671141,3.221476510067114,0.1522380402684563,6.644295302013423,LB/LCB,33,100,53,70,33,50,93,97,87,83,83,60,50,70,93,53,87,60,50,50,100,37,97,50,53,13,53,60,37,57,10,20,47,87,93,93,50,47,63,73,67,80,40,7,87,20,47,7,27,77,87,73,60,53,7,13,47,73,13,67,47,27,50,93,37,93,50,53,13,53,60,37,57,10,20,47,80,73,80,37,27,47,47,47,60,20,Niké Liga
Ružomberok,d7ju1d8fvjwosjm62zph5tqql,aepfg6oyeyfxw5pyq62zfo0a2,A. Tučný,Adam Tucny,24.0,Midfielder,Slovakia,Midfielder,6.0,0.0,14.0,2.0,20.0,1.0,1.0,6.0,0.0,5.0,5.0,12.0,2.0,3.0,167.0,1.0,7.0,7.0,3.0,1.0,0.0,6.0,0.0,2.0,0.0,0.0,68.97,40.0,0.0,60.0,16.67,54.55,33.33,100.0,0.4755664287887369,0.0606491729901627,2.0,2.0,0.0535479299999999,0.0,3.0,3.0,0.1484806099999999,12.0,3.2335329341317363,0.0,7.544910179640718,1.0778443113772456,10.778443113772454,0.5389221556886228,0.5389221556886228,3.2335329341317363,0.0,2.694610778443113,2.694610778443113,6.4670658682634725,1.0778443113772456,1.616766467065868,0.5389221556886228,3.772455089820359,3.772455089820359,1.616766467065868,0.5389221556886228,0.0,3.2335329341317363,0.0,1.0778443113772456,0.0,0.0,68.97,40.0,0.0,60.0,16.67,54.55,33.33,100.0,0.256293284975966,0.0326851830485906,1.0778443113772456,1.0778443113772456,0.0288581658682634,0.0,1.616766467065868,1.616766467065868,0.0800194904191616,6.4670658682634725,CM/AM,11,21,9,46,11,46,9,62,16,57,52,52,50,73,38,45,89,70,25,32,96,30,66,50,50,18,55,21,89,36,86,64,89,64,14,52,16,14,7,29,11,21,12,7,21,7,64,7,54,11,86,16,64,61,86,61,89,43,71,96,89,36,32,100,30,82,50,50,18,55,21,89,36,86,64,89,68,11,64,25,21,7,36,11,21,18,Niké Liga
Ružomberok,d7ju1d8fvjwosjm62zph5tqql,bttabwlvc5fxvw9gphuohznfu,M. Koubek,Matej Koubek,26.0,Attacker,Czechia,Striker,8.0,2.0,22.0,0.0,28.0,15.0,2.0,5.0,5.0,0.0,0.0,18.0,2.0,1.0,293.0,3.0,11.0,3.0,0.0,0.0,0.0,0.0,0.0,1.0,0.0,0.0,58.33,0.0,100.0,0.0,60.0,42.86,51.72,0.0,0.3327442988192071,0.2473708791940754,1.0,0.0,0.0,2.0,3.0,1.0,0.09745751,8.0,2.4573378839590445,0.6143344709897611,6.757679180887372,0.0,8.600682593856655,4.607508532423208,0.6143344709897611,1.5358361774744027,1.5358361774744027,0.0,0.0,5.5290102389078495,0.6143344709897611,0.3071672354948805,0.9215017064846416,3.378839590443686,0.9215017064846416,0.0,0.0,0.0,0.0,0.0,0.3071672354948805,0.0,0.0,58.33,0.0,100.0,0.0,60.0,42.86,51.72,0.0,0.1022081463949782,0.0759842291039822,0.3071672354948805,0.0,0.0,0.6143344709897611,0.9215017064846416,0.3071672354948805,0.0299357539249146,2.4573378839590445,ST,35,79,35,16,35,100,31,29,39,8,8,77,50,61,66,42,50,13,11,42,21,24,50,52,52,3,16,95,13,87,50,81,11,19,45,44,5,5,74,47,19,29,29,10,68,23,16,10,97,26,19,39,8,8,68,45,55,61,26,45,13,11,42,21,24,52,52,52,3,16,95,13,87,50,81,11,13,39,32,5,5,74,39,16,23,16,Niké Liga
Ružomberok,d7ju1d8fvjwosjm62zph5tqql,byyv7bl9m3sh4on62lvuc11bd,J. Hladík,Jan Hladík,32.0,Attacker,Czechia,Striker,20.0,3.0,50.0,3.0,67.0,2.0,8.0,6.0,6.0,9.0,10.0,13.0,1.0,1.0,401.0,3.0,21.0,6.0,3.0,2.0,0.0,0.0,1.0,0.0,0.0,0.0,77.91,60.0,33.33,33.33,50.0,30.23,16.67,100.0,0.7001659201078816,0.8727800540015921,1.0,5.0,0.12819007,1.0,6.0,11.0,0.91765544,25.0,4.488778054862843,0.6733167082294265,11.221945137157109,0.6733167082294265,15.037406483790525,0.4488778054862842,1.795511221945137,1.346633416458853,1.346633416458853,2.0199501246882794,2.244389027431421,2.917705735660848,0.2244389027431421,0.2244389027431421,0.6733167082294265,4.713216957605985,1.346633416458853,0.6733167082294265,0.4488778054862842,0.0,0.0,0.2244389027431421,0.0,0.0,0.0,77.91,60.0,33.33,33.33,50.0,30.23,16.67,100.0,0.1571444708471554,0.1958857976562176,0.2244389027431421,1.1221945137157108,0.0287708386533665,0.2244389027431421,1.346633416458853,2.468827930174564,0.2059575800498753,5.610972568578553,ST,74,92,87,81,87,32,94,39,55,87,85,65,27,61,66,95,81,66,68,42,21,61,19,52,52,68,66,71,39,76,16,27,82,45,94,44,76,65,53,79,90,100,76,45,74,65,52,55,19,77,16,29,55,52,23,23,48,39,39,55,42,39,42,21,52,19,52,52,68,66,71,39,76,16,27,82,32,94,29,52,39,45,61,77,94,55,Niké Liga
Ružomberok,d7ju1d8fvjwosjm62zph5tqql,e5ifxbnnw1cusmhnh18sge2vo,P. Jevoš,Patrik Jevoš,19.0,Attacker,Slovakia,Striker,9.0,0.0,18.0,0.0,27.0,0.0,1.0,1.0,0.0,7.0,7.0,13.0,2.0,1.0,240.0,0.0,6.0,6.0,2.0,4.0,0.0,1.0,0.0,0.0,0.0,0.0,69.23,0.0,0.0,28.57,0.0,46.43,0.0,80.0,0.0490380973114594,0.0590148279439531,1.0,0.0,0.0,1.0,2.0,3.0,0.06544737,9.0,3.375,0.0,6.75,0.0,10.125,0.0,0.375,0.375,0.0,2.625,2.625,4.875,0.75,0.375,0.0,2.25,2.25,0.75,1.5,0.0,0.375,0.0,0.0,0.0,0.0,69.23,0.0,0.0,28.57,0.0,46.43,0.0,80.0,0.0183892864917972,0.0221305604789824,0.375,0.0,0.0,0.375,0.75,1.125,0.02454276375,3.375,RW,50,50,50,38,50,38,25,38,38,50,50,75,75,62,25,75,100,25,88,62,75,62,50,62,62,50,38,50,25,25,50,38,100,25,25,50,25,25,38,38,25,25,25,50,50,25,38,50,38,25,25,38,50,50,50,50,50,25,75,75,50,100,62,75,62,50,62,62,50,38,50,25,25,50,38,100,25,25,50,25,25,25,50,25,25,50,Niké Liga
Skalica,8z6b1xgghbcalbv9dg1jcmb5k,1lzqnhtefu81ttvcpe6a4e6l1,D. Bariš,Damián Baris,31.0,Midfielder,Slovakia,Midfielder,45.0,8.0,48.0,4.0,85.0,2.0,5.0,1.0,1.0,2.0,2.0,8.0,6.0,4.0,280.0,1.0,1.0,1.0,2.0,3.0,0.0,0.0,0.0,0.0,0.0,0.0,81.73,57.14,47.06,100.0,100.0,33.33,50.0,100.0,0.0574688319968345,0.5913505006991842,0.0,1.0,0.01611813,3.0,5.0,6.0,0.18660853,41.0,14.464285714285714,2.571428571428571,15.428571428571429,1.2857142857142856,27.32142857142857,0.6428571428571428,1.6071428571428572,0.3214285714285714,0.3214285714285714,0.6428571428571428,0.6428571428571428,2.571428571428571,1.9285714285714288,1.2857142857142856,0.3214285714285714,0.3214285714285714,0.3214285714285714,0.6428571428571428,0.9642857142857144,0.0,0.0,0.0,0.0,0.0,0.0,81.73,57.14,47.06,100.0,100.0,33.33,50.0,100.0,0.018472124570411,0.1900769466533091,0.0,0.3214285714285714,0.0051808275,0.9642857142857144,1.6071428571428572,1.9285714285714288,0.0599813132142857,13.178571428571429,DM/CM,52,97,52,39,35,47,82,13,39,53,50,26,55,65,50,16,19,76,48,40,16,34,21,52,48,29,63,84,92,98,5,55,90,10,87,23,24,16,85,21,26,29,35,39,100,35,32,23,42,81,10,42,55,55,13,58,61,42,16,13,74,39,40,16,34,21,52,48,29,63,84,92,98,5,55,90,10,87,23,19,19,87,13,16,32,26,Niké Liga
Skalica,8z6b1xgghbcalbv9dg1jcmb5k,2oauhtwpdagdbboxn9zylvjd,L. Nonikashvili,Levan Nonikashvili,31.0,Midfielder,Georgia,Midfielder,30.0,1.0,48.0,2.0,77.0,6.0,5.0,10.0,5.0,11.0,12.0,36.0,4.0,6.0,299.0,4.0,8.0,10.0,5.0,12.0,0.0,5.0,2.0,1.0,0.0,0.0,71.3,28.57,16.67,45.45,40.0,55.38,54.55,80.0,1.7542373956240118,0.378291103003144,4.0,4.0,0.1221294,3.0,12.0,12.0,0.38330569,36.0,9.03010033444816,0.3010033444816053,14.448160535117056,0.6020066889632106,23.17725752508361,1.806020066889632,1.5050167224080266,3.0100334448160533,1.5050167224080266,3.311036789297659,3.612040133779264,10.836120401337793,1.2040133779264213,1.806020066889632,1.2040133779264213,2.4080267558528425,3.0100334448160533,1.5050167224080266,3.612040133779264,0.0,1.5050167224080266,0.6020066889632106,0.3010033444816053,0.0,0.0,71.3,28.57,16.67,45.45,40.0,55.38,54.55,80.0,0.5280313230975286,0.1138668871915818,1.2040133779264213,1.2040133779264213,0.0367613578595317,0.903010033444816,3.612040133779264,3.612040133779264,0.1153762946488294,10.836120401337793,CM/AM,75,54,57,46,71,89,70,86,77,80,84,100,77,100,93,54,100,88,100,32,89,96,39,50,50,21,34,52,66,71,89,86,71,93,50,77,39,57,66,86,66,54,66,68,54,36,21,54,96,57,79,68,82,82,100,68,100,86,39,93,82,96,32,79,93,21,50,50,21,34,52,66,71,89,86,71,96,46,71,29,32,61,82,54,46,54,Niké Liga
Skalica,8z6b1xgghbcalbv9dg1jcmb5k,2tim10de6mjduagwk6r8dcrca,L. Šimko,Lukáš Šimko,27.0,Defender,Slovakia,Defender,31.0,2.0,37.0,2.0,66.0,4.0,3.0,3.0,3.0,7.0,8.0,21.0,8.0,9.0,376.0,1.0,10.0,5.0,2.0,7.0,1.0,0.0,1.0,1.0,0.0,0.0,69.47,12.5,50.0,28.57,33.33,45.65,40.0,70.0,0.6291411660275935,0.3451607033485242,1.0,3.0,0.1138845,2.0,4.0,10.0,0.4973121500000001,39.0,7.420212765957446,0.4787234042553191,8.856382978723405,0.4787234042553191,15.797872340425531,0.9574468085106382,0.7180851063829787,0.7180851063829787,0.7180851063829787,1.675531914893617,1.9148936170212765,5.026595744680851,1.9148936170212765,2.154255319148936,0.2393617021276595,2.3936170212765955,1.1968085106382975,0.4787234042553191,1.675531914893617,0.2393617021276595,0.0,0.2393617021276595,0.2393617021276595,0.0,0.0,69.47,12.5,50.0,28.57,33.33,45.65,40.0,70.0,0.1505923003789452,0.0826182534610829,0.2393617021276595,0.7180851063829787,0.0272595877659574,0.4787234042553191,0.9574468085106382,2.3936170212765955,0.1190374827127659,9.335106382978722,RB/RCB,35,82,45,12,30,50,78,80,90,85,85,80,48,95,78,95,95,70,75,88,28,95,72,50,52,20,5,88,50,80,10,30,55,90,80,70,62,75,70,28,48,85,50,10,65,15,5,5,30,65,65,75,85,85,60,35,95,75,90,75,60,65,85,28,90,75,50,52,20,5,88,50,80,10,30,55,85,80,60,45,60,55,20,35,70,25,Niké Liga
Skalica,8z6b1xgghbcalbv9dg1jcmb5k,417pgu52k0kpuqk56tp11wzu2,M. Mášík,Martin Mášík,27.0,Midfielder,Slovakia,Midfielder,19.0,0.0,10.0,2.0,29.0,4.0,1.0,3.0,0.0,1.0,2.0,6.0,12.0,0.0,116.0,1.0,2.0,1.0,0.0,1.0,0.0,3.0,1.0,1.0,0.0,1.0,70.73,25.0,0.0,0.0,33.33,46.15,57.14,100.0,0.143255427151317,0.0654855023296049,0.0,0.0,0.0,0.0,3.0,3.0,0.04178298,10.0,14.741379310344827,0.0,7.758620689655172,1.5517241379310345,22.5,3.103448275862069,0.7758620689655172,2.327586206896552,0.0,0.7758620689655172,1.5517241379310345,4.655172413793103,9.310344827586206,0.0,0.7758620689655172,1.5517241379310345,0.7758620689655172,0.0,0.7758620689655172,0.0,2.327586206896552,0.7758620689655172,0.7758620689655172,0.0,0.7758620689655172,70.73,25.0,0.0,0.0,33.33,46.15,57.14,100.0,0.1111464521001597,0.0508077173246934,0.0,0.0,0.0,0.0,2.327586206896552,2.327586206896552,0.0324178293103448,7.758620689655172,DM/CM,10,27,3,11,3,77,24,45,13,37,50,15,92,8,50,26,19,19,15,40,77,82,63,52,98,3,10,27,19,53,27,74,90,29,19,23,8,8,21,13,8,6,6,42,27,6,39,13,97,48,87,13,58,77,55,97,8,84,61,42,19,29,40,97,94,94,52,97,3,10,27,19,53,27,74,90,65,26,23,8,8,21,29,19,10,10,Niké Liga
Skalica,8z6b1xgghbcalbv9dg1jcmb5k,5nb31ongtpuay1rn17e7e9coa,P. Pudhorocký,Petr Pudhorocky,25.0,Midfielder,Czechia,Midfielder,35.0,4.0,44.0,3.0,75.0,1.0,4.0,1.0,0.0,4.0,4.0,10.0,3.0,2.0,224.0,0.0,4.0,5.0,2.0,1.0,1.0,1.0,0.0,1.0,1.0,0.0,76.53,30.0,57.14,50.0,0.0,40.0,16.67,50.0,0.0551184493529379,0.4291779141289741,1.0,2.0,0.05365512,1.0,1.0,7.0,0.4997413699999997,40.0,14.0625,1.6071428571428572,17.678571428571427,1.2053571428571428,30.13392857142857,0.4017857142857143,1.6071428571428572,0.4017857142857143,0.0,1.6071428571428572,1.6071428571428572,4.017857142857142,1.2053571428571428,0.8035714285714286,0.0,1.6071428571428572,2.008928571428571,0.8035714285714286,0.4017857142857143,0.4017857142857143,0.4017857142857143,0.0,0.4017857142857143,0.4017857142857143,0.0,76.53,30.0,57.14,50.0,0.0,40.0,16.67,50.0,0.0221458055435911,0.1724375547839628,0.4017857142857143,0.8035714285714286,0.0215578607142857,0.4017857142857143,0.4017857142857143,2.8125,0.2007889433035713,16.07142857142857,CM/AM,84,84,48,71,68,46,50,11,16,45,38,34,66,57,18,27,73,54,25,75,29,30,39,100,50,46,39,93,79,18,36,45,36,11,61,34,16,18,29,5,39,71,71,89,89,68,71,75,39,62,11,16,46,43,43,71,61,18,21,77,57,21,75,25,30,36,100,50,46,39,93,79,18,36,45,36,7,71,29,14,18,32,4,38,75,89,Niké Liga
Skalica,8z6b1xgghbcalbv9dg1jcmb5k,6sdt0s0rs32ng3ohq67krgx04,A. Ravas,Adam Ravas,18.0,Midfielder,Slovakia,Midfielder,34.0,1.0,53.0,3.0,86.0,2.0,4.0,3.0,0.0,3.0,3.0,10.0,5.0,2.0,379.0,0.0,8.0,3.0,1.0,2.0,0.0,3.0,0.0,2.0,0.0,0.0,77.48,27.27,20.0,33.33,0.0,27.03,20.0,50.0,0.1336118555364482,0.285666465904247,1.0,2.0,0.07180666,1.0,12.0,16.0,0.48719643,48.0,8.073878627968337,0.2374670184696569,12.58575197889182,0.7124010554089709,20.4221635883905,0.4749340369393139,0.949868073878628,0.7124010554089709,0.0,0.7124010554089709,0.7124010554089709,2.3746701846965697,1.1873350923482848,0.4749340369393139,0.0,1.899736147757256,0.7124010554089709,0.2374670184696569,0.4749340369393139,0.0,0.7124010554089709,0.0,0.4749340369393139,0.0,0.0,77.48,27.27,20.0,33.33,0.0,27.03,20.0,50.0,0.0317284089664388,0.0678363639350454,0.2374670184696569,0.4749340369393139,0.0170517134564643,0.2374670184696569,2.849604221635884,3.799472295514512,0.1156930836411609,11.398416886543536,CM/AM,79,54,71,71,82,62,50,32,16,34,30,34,88,57,18,54,36,32,48,32,62,30,66,50,50,50,29,61,45,18,11,52,36,18,39,34,16,25,29,86,75,64,89,57,43,25,32,39,50,25,14,16,18,14,14,64,46,18,29,18,25,29,32,43,30,54,50,50,50,29,61,45,18,11,52,36,11,32,21,11,11,14,75,61,50,61,Niké Liga
Skalica,8z6b1xgghbcalbv9dg1jcmb5k,8chxkqkwpvs373kg5z576eolw,M. Rýzek,Martin Ryzek,21.0,Defender,Slovakia,Defender,20.0,0.0,6.0,0.0,26.0,3.0,0.0,0.0,0.0,2.0,2.0,6.0,4.0,2.0,118.0,0.0,0.0,0.0,2.0,1.0,0.0,0.0,0.0,0.0,0.0,0.0,74.29,0.0,0.0,100.0,0.0,75.0,75.0,100.0,0.0,0.0,0.0,0.0,0.0,0.0,0.0,0.0,0.0,0.0,15.254237288135592,0.0,4.576271186440678,0.0,19.83050847457627,2.288135593220339,0.0,0.0,0.0,1.5254237288135593,1.5254237288135593,4.576271186440678,3.0508474576271185,1.5254237288135593,0.0,0.0,0.0,1.5254237288135593,0.7627118644067796,0.0,0.0,0.0,0.0,0.0,0.0,74.29,0.0,0.0,100.0,0.0,75.0,75.0,100.0,0.0,0.0,0.0,0.0,0.0,0.0,0.0,0.0,0.0,0.0,CB,12,38,3,4,3,34,18,9,16,69,69,18,15,43,22,12,15,81,19,47,29,43,29,49,51,15,4,38,93,22,91,87,87,10,21,32,19,19,29,9,9,9,9,24,38,3,4,3,62,18,9,16,94,94,53,26,76,22,12,15,97,41,47,29,43,29,49,51,15,4,38,93,22,91,87,87,10,21,32,19,19,29,9,9,9,9,Niké Liga
Skalica,8z6b1xgghbcalbv9dg1jcmb5k,8zewrjdmkri7d1j12kmlji978,P. Guinari,Peter Guinari,25.0,Defender,Central African Republic,Defender,48.0,0.0,13.0,1.0,61.0,9.0,1.0,4.0,4.0,0.0,0.0,12.0,22.0,0.0,195.0,1.0,5.0,1.0,0.0,2.0,0.0,0.0,1.0,1.0,0.0,0.0,79.22,12.5,0.0,0.0,25.0,57.14,60.0,100.0,0.5734090671746869,0.0913010013016835,0.0,0.0,0.0,0.0,1.0,3.0,0.0532860799999999,40.0,22.15384615384616,0.0,6.0,0.4615384615384615,28.15384615384616,4.153846153846154,0.4615384615384615,1.8461538461538465,1.8461538461538465,0.0,0.0,5.538461538461539,10.153846153846157,0.0,0.4615384615384615,2.307692307692308,0.4615384615384615,0.0,0.9230769230769232,0.0,0.0,0.4615384615384615,0.4615384615384615,0.0,0.0,79.22,12.5,0.0,0.0,25.0,57.14,60.0,100.0,0.2646503386960093,0.0421389236777,0.0,0.0,0.0,0.0,0.4615384615384615,1.3846153846153848,0.0245935753846153,18.461538461538463,CB,40,38,13,9,24,75,49,79,91,28,28,47,82,6,60,69,43,29,43,47,29,93,75,49,51,32,9,38,29,49,59,59,87,88,53,32,19,19,29,19,21,18,35,44,38,7,9,29,88,50,91,100,28,28,79,100,6,71,88,53,29,59,47,29,97,94,49,51,32,9,38,29,49,59,59,87,100,53,32,19,19,29,18,21,18,38,Niké Liga
Skalica,8z6b1xgghbcalbv9dg1jcmb5k,a0eof0c5ifjrxf1nbyfropdjp,E. Daniel,Erik Daniel,34.0,Midfielder,Czechia,Midfielder,38.0,7.0,62.0,8.0,93.0,2.0,10.0,15.0,10.0,19.0,20.0,21.0,7.0,3.0,444.0,4.0,21.0,8.0,9.0,0.0,2.0,5.0,0.0,7.0,0.0,0.0,71.54,34.78,25.0,47.37,26.67,42.0,33.33,0.0,1.8622544228312323,1.1007035799021376,7.0,9.0,0.29841838,2.0,11.0,21.0,1.2785074099999996,45.0,7.702702702702703,1.4189189189189189,12.567567567567568,1.6216216216216215,18.85135135135135,0.4054054054054054,2.0270270270270268,3.0405405405405403,2.0270270270270268,3.8513513513513513,4.0540540540540535,4.256756756756756,1.4189189189189189,0.6081081081081081,0.8108108108108107,4.256756756756756,1.6216216216216215,1.8243243243243243,0.0,0.4054054054054054,1.0135135135135134,0.0,1.4189189189189189,0.0,0.0,71.54,34.78,25.0,47.37,26.67,42.0,33.33,0.0,0.3774840046279525,0.2231155905207035,1.4189189189189189,1.8243243243243243,0.0604902121621621,0.4054054054054054,2.22972972972973,4.256756756756756,0.2591569074324323,9.12162162162162,CM/AM,89,96,86,89,86,62,96,96,96,100,100,86,96,73,93,95,96,100,7,95,89,30,100,50,50,25,43,71,71,46,46,64,7,96,93,100,86,82,50,79,88,100,79,54,82,21,86,25,43,71,82,82,89,86,46,79,54,61,82,61,96,7,79,57,30,89,50,50,25,43,71,71,46,46,64,7,86,82,86,46,61,36,57,68,89,29,Niké Liga
Skalica,8z6b1xgghbcalbv9dg1jcmb5k,alnhvswa0mkn6ls9x2fomlexh,A. Morong,Adam Morong,33.0,Midfielder,Slovakia,Midfielder,27.0,0.0,35.0,7.0,62.0,3.0,1.0,1.0,1.0,4.0,5.0,14.0,13.0,4.0,286.0,0.0,2.0,2.0,1.0,7.0,0.0,0.0,0.0,0.0,0.0,0.0,73.81,36.84,0.0,25.0,0.0,60.87,60.0,87.5,0.103921401446513,0.0,0.0,6.0,0.1143422,1.0,8.0,9.0,0.2185261499999999,34.0,8.496503496503497,0.0,11.013986013986017,2.202797202797203,19.51048951048951,0.944055944055944,0.3146853146853147,0.3146853146853147,0.3146853146853147,1.2587412587412588,1.5734265734265735,4.405594405594406,4.090909090909091,1.2587412587412588,0.0,0.6293706293706294,0.6293706293706294,0.3146853146853147,2.202797202797203,0.0,0.0,0.0,0.0,0.0,0.0,73.81,36.84,0.0,25.0,0.0,60.87,60.0,87.5,0.0327025389167348,0.0,0.0,1.888111888111888,0.0359818111888111,0.3146853146853147,2.517482517482517,2.8321678321678325,0.0687669702797202,10.6993006993007,CM/AM,70,21,30,86,43,75,9,11,32,45,52,64,100,84,18,12,18,32,93,32,12,30,11,50,50,32,46,21,30,18,96,91,75,14,5,11,61,50,29,68,50,25,57,64,21,18,89,29,79,7,7,32,32,39,50,100,82,18,7,11,29,93,32,12,30,11,50,50,32,46,21,30,18,96,91,75,14,5,11,57,29,25,64,43,18,50,Niké Liga
Skalica,8z6b1xgghbcalbv9dg1jcmb5k,as9w12k4pcyxfkpuvtld9skph,M. Černek,Martin Černek,31.0,Defender,Slovakia,Defender,19.0,0.0,11.0,6.0,30.0,6.0,0.0,2.0,2.0,0.0,0.0,13.0,8.0,3.0,121.0,0.0,2.0,2.0,0.0,2.0,0.0,0.0,0.0,0.0,0.0,0.0,69.77,60.0,0.0,0.0,0.0,61.9,75.0,40.0,0.2192059353950177,0.0,0.0,0.0,0.0,0.0,1.0,3.0,0.0620092099999999,17.0,14.132231404958675,0.0,8.181818181818182,4.462809917355371,22.314049586776857,4.462809917355371,0.0,1.487603305785124,1.487603305785124,0.0,0.0,9.669421487603303,5.950413223140496,2.2314049586776856,0.0,1.487603305785124,1.487603305785124,0.0,1.487603305785124,0.0,0.0,0.0,0.0,0.0,0.0,69.77,60.0,0.0,0.0,0.0,61.9,75.0,40.0,0.1630457370706743,0.0,0.0,0.0,0.0,0.0,0.743801652892562,2.2314049586776856,0.0461225528925619,12.644628099173552,CB,6,38,6,31,6,62,18,47,59,28,28,56,29,63,22,31,66,29,43,47,29,43,29,49,51,6,81,38,29,22,71,87,15,53,21,32,19,19,29,19,21,21,18,21,38,15,88,6,94,18,82,91,28,28,97,74,88,22,62,82,29,79,47,29,43,29,49,51,6,81,38,29,22,71,87,15,88,21,32,19,19,29,21,38,21,26,Niké Liga
Skalica,8z6b1xgghbcalbv9dg1jcmb5k,bkwvqabu13v1d8kt207rvc00k,P. Karhan,Patrick Karhan,23.0,Midfielder,Slovakia,Midfielder,91.0,0.0,43.0,22.0,134.0,21.0,0.0,2.0,2.0,0.0,0.0,30.0,60.0,7.0,450.0,1.0,3.0,0.0,0.0,5.0,0.0,0.0,0.0,1.0,0.0,0.0,77.91,50.0,0.0,0.0,50.0,68.18,70.0,55.56,0.211481108953853,0.0,1.0,1.0,0.01935132,0.0,10.0,13.0,0.26624874,79.0,18.2,0.0,8.6,4.4,26.8,4.2,0.0,0.4,0.4,0.0,0.0,6.0,12.0,1.4,0.2,0.6,0.0,0.0,1.0,0.0,0.0,0.0,0.2,0.0,0.0,77.91,50.0,0.0,0.0,50.0,68.18,70.0,55.56,0.0422962217907706,0.0,0.2,0.2,0.003870264,0.0,2.0,2.6,0.053249748,15.8,DM/CM,81,27,39,97,68,100,6,29,63,15,15,100,100,92,50,37,5,19,77,40,16,34,63,52,48,19,35,27,19,77,94,87,40,45,6,55,24,21,21,48,66,52,84,55,27,10,84,19,100,6,13,53,15,15,81,100,71,31,19,5,19,45,40,16,34,44,52,48,19,35,27,19,77,94,87,40,23,6,45,16,16,21,24,26,29,39,Niké Liga
Skalica,8z6b1xgghbcalbv9dg1jcmb5k,c0i4knjhwdhvva4mvb54kx3x0,P. Onyedika,Philip Obinna Onyedika,20.0,Attacker,Nigeria,Striker,17.0,1.0,45.0,6.0,61.0,12.0,4.0,15.0,12.0,22.0,24.0,44.0,2.0,0.0,448.0,7.0,29.0,13.0,9.0,6.0,1.0,3.0,3.0,1.0,0.0,0.0,69.32,75.0,33.33,40.91,46.67,40.74,36.36,60.0,1.444780492497244,0.3367718019885125,4.0,5.0,0.11863338,3.0,5.0,5.0,0.17481325,28.0,3.415178571428571,0.2008928571428571,9.040178571428571,1.2053571428571428,12.254464285714285,2.4107142857142856,0.8035714285714286,3.013392857142857,2.4107142857142856,4.419642857142857,4.821428571428571,8.839285714285714,0.4017857142857143,0.0,1.40625,5.825892857142857,2.611607142857143,1.8080357142857144,1.2053571428571428,0.2008928571428571,0.6026785714285714,0.6026785714285714,0.2008928571428571,0.0,0.0,69.32,75.0,33.33,40.91,46.67,40.74,36.36,60.0,0.2902460810820356,0.0676550495066208,0.8035714285714286,1.0044642857142856,0.0238325986607142,0.6026785714285714,1.0044642857142856,1.0044642857142856,0.0351187332589285,5.625,ST,71,60,84,97,81,95,69,100,98,100,100,100,50,24,97,100,98,98,97,87,84,94,50,52,52,42,76,71,55,68,35,52,56,84,68,92,76,58,90,73,60,52,87,35,52,45,90,42,74,32,65,61,100,100,90,32,24,74,71,94,90,87,84,71,74,39,52,52,42,76,71,55,68,35,52,56,52,32,65,48,35,71,48,35,29,58,Niké Liga
Skalica,8z6b1xgghbcalbv9dg1jcmb5k,dnzbafthal4rwaudpc54ew5m2,S. Sul'a,Samuel Sul'a,26.0,Defender,Slovakia,Defender,46.0,0.0,50.0,12.0,96.0,5.0,0.0,0.0,0.0,2.0,3.0,16.0,23.0,4.0,422.0,0.0,0.0,0.0,1.0,9.0,0.0,0.0,0.0,0.0,0.0,0.0,66.67,30.0,0.0,50.0,0.0,47.06,45.45,90.0,0.0,0.0,0.0,0.0,0.0,0.0,0.0,0.0,0.0,0.0,9.81042654028436,0.0,10.66350710900474,2.559241706161137,20.473933649289098,1.066350710900474,0.0,0.0,0.0,0.4265402843601895,0.6398104265402843,3.4123222748815163,4.90521327014218,0.8530805687203791,0.0,0.0,0.0,0.2132701421800947,1.919431279620853,0.0,0.0,0.0,0.0,0.0,0.0,66.67,30.0,0.0,50.0,0.0,47.06,45.45,90.0,0.0,0.0,0.0,0.0,0.0,0.0,0.0,0.0,0.0,0.0,RB/RCB,65,28,62,95,60,70,12,12,22,52,60,52,90,55,35,10,12,55,92,40,28,45,30,50,52,8,30,28,72,35,25,40,80,15,12,30,15,15,25,10,10,10,10,30,28,20,65,25,40,12,12,22,40,45,30,90,45,35,10,12,50,80,40,28,45,30,50,52,8,30,28,72,35,25,40,80,15,12,30,15,15,25,10,10,10,10,Niké Liga
Zemplín Michalovce,1qm038k9aqtouv4i738utxwdo,2epom5c0lfo6kxj7pqvz8m6zt,A. Zubairu,Abdul Zubairu,27.0,Midfielder,Nigeria,Midfielder,78.0,1.0,76.0,6.0,153.0,2.0,4.0,2.0,0.0,3.0,4.0,17.0,9.0,6.0,279.0,0.0,4.0,2.0,3.0,7.0,0.0,2.0,0.0,1.0,0.0,0.0,84.07,30.0,25.0,100.0,0.0,50.0,50.0,70.0,0.1085577018655552,0.3470488580411631,1.0,2.0,0.08377727,2.0,18.0,18.0,0.58883184,72.0,25.161290322580644,0.3225806451612903,24.516129032258064,1.935483870967741,49.354838709677416,0.6451612903225806,1.2903225806451613,0.6451612903225806,0.0,0.9677419354838708,1.2903225806451613,5.483870967741935,2.903225806451613,1.935483870967741,0.0,1.2903225806451613,0.6451612903225806,0.9677419354838708,2.258064516129032,0.0,0.6451612903225806,0.0,0.3225806451612903,0.0,0.0,84.07,30.0,25.0,100.0,0.0,50.0,50.0,70.0,0.0350186135050178,0.1119512445294074,0.3225806451612903,0.6451612903225806,0.0270249258064516,0.6451612903225806,5.806451612903226,5.806451612903226,0.1899457548387096,23.225806451612904,DM/CM,68,65,87,60,84,47,74,29,13,68,76,71,79,87,15,55,44,85,95,40,61,34,63,52,48,52,16,61,92,15,47,55,65,16,74,55,40,55,68,90,90,94,74,71,65,90,55,87,45,71,23,13,68,71,77,74,87,15,45,32,81,94,40,65,34,65,52,48,52,16,61,92,15,47,55,65,19,77,52,42,61,71,94,92,97,77,Niké Liga
Zemplín Michalovce,1qm038k9aqtouv4i738utxwdo,4n1s49nvjwknaqepz9nk6okyc,F. Bahi,Henry Franck Bahi,26.0,Defender,Guinea,Defender,18.0,0.0,15.0,3.0,33.0,2.0,0.0,0.0,0.0,1.0,1.0,5.0,3.0,0.0,90.0,0.0,1.0,1.0,1.0,1.0,0.0,0.0,0.0,0.0,0.0,0.0,75.0,60.0,0.0,100.0,0.0,55.56,40.0,100.0,0.0,0.0,0.0,0.0,0.0,0.0,0.0,0.0,0.0,0.0,18.0,0.0,15.0,3.0,33.0,2.0,0.0,0.0,0.0,1.0,1.0,5.0,3.0,0.0,0.0,1.0,1.0,1.0,1.0,0.0,0.0,0.0,0.0,0.0,0.0,75.0,60.0,0.0,100.0,0.0,55.56,40.0,100.0,0.0,0.0,0.0,0.0,0.0,0.0,0.0,0.0,0.0,0.0,LB/LCB,20,27,20,37,17,30,10,17,17,23,23,7,13,10,23,17,50,43,20,50,30,37,30,50,53,43,93,27,93,23,57,30,97,17,10,30,7,7,20,10,7,7,7,60,27,53,67,53,60,10,17,17,47,47,57,63,10,23,43,83,80,40,50,30,37,30,50,53,43,93,27,93,23,57,30,97,17,10,30,7,7,20,10,7,7,7,Niké Liga
Zemplín Michalovce,1qm038k9aqtouv4i738utxwdo,54vrwxfvshcftu7ffssh1reac,L. Lemishko,Luka Lemishko,20.0,Attacker,Ukraine,Striker,22.0,1.0,30.0,2.0,51.0,1.0,3.0,8.0,6.0,13.0,14.0,34.0,8.0,5.0,440.0,2.0,20.0,12.0,8.0,7.0,0.0,2.0,1.0,3.0,0.0,0.0,67.11,22.22,100.0,61.54,25.0,64.15,33.33,53.85,0.6712907019626986,0.2162112500486757,4.0,6.0,0.18649818,2.0,4.0,6.0,0.34763219,20.0,4.5,0.2045454545454545,6.136363636363636,0.409090909090909,10.431818181818182,0.2045454545454545,0.6136363636363635,1.6363636363636362,1.227272727272727,2.6590909090909087,2.863636363636364,6.954545454545454,1.6363636363636362,1.0227272727272727,0.409090909090909,4.090909090909091,2.454545454545454,1.6363636363636362,1.4318181818181817,0.0,0.409090909090909,0.2045454545454545,0.6136363636363635,0.0,0.0,67.11,22.22,100.0,61.54,25.0,64.15,33.33,53.85,0.1373094617650974,0.0442250284190472,0.8181818181818181,1.227272727272727,0.038147355,0.409090909090909,0.8181818181818181,1.227272727272727,0.0711065843181818,4.090909090909091,ST,79,60,58,60,71,16,52,68,55,94,94,97,100,98,44,89,94,94,100,42,73,61,77,52,52,26,32,95,81,31,97,48,48,42,42,92,87,84,74,61,68,74,68,48,55,10,39,26,13,23,26,23,74,74,87,84,97,29,32,90,84,90,42,55,48,61,52,52,26,32,95,81,31,97,48,48,23,23,71,58,58,58,26,55,55,39,Niké Liga
Zemplín Michalovce,1qm038k9aqtouv4i738utxwdo,5e06ig98tcuvgxut22sqojcic,T. Pilling,Tommy Pilling,21.0,Midfielder,England,Midfielder,23.0,0.0,17.0,1.0,40.0,1.0,1.0,2.0,2.0,4.0,4.0,14.0,2.0,0.0,124.0,1.0,3.0,7.0,3.0,2.0,0.0,0.0,0.0,1.0,0.0,0.0,80.0,16.67,0.0,75.0,50.0,63.64,50.0,66.67,0.2094902359442496,0.0931894215314705,0.0,1.0,0.10805102,0.0,2.0,5.0,0.0685152399999999,16.0,16.693548387096776,0.0,12.338709677419354,0.7258064516129032,29.032258064516128,0.7258064516129032,0.7258064516129032,1.4516129032258065,1.4516129032258065,2.903225806451613,2.903225806451613,10.161290322580646,1.4516129032258065,0.0,0.7258064516129032,2.177419354838709,5.080645161290323,2.177419354838709,1.4516129032258065,0.0,0.0,0.0,0.7258064516129032,0.0,0.0,80.0,16.67,0.0,75.0,50.0,63.64,50.0,66.67,0.1520493647982456,0.0676374833696156,0.0,0.7258064516129032,0.0784241274193548,0.0,1.4516129032258065,3.629032258064516,0.0497288032258063,11.612903225806452,DM/CM,21,27,10,5,13,21,24,29,63,79,76,60,21,8,50,37,87,85,31,40,16,34,63,52,48,23,3,27,77,77,77,55,58,42,26,23,24,65,21,10,18,10,16,48,27,19,10,42,55,39,71,94,94,94,100,39,8,81,84,100,97,71,40,16,34,87,52,48,23,3,27,77,77,77,55,58,84,45,23,48,97,21,10,58,19,19,Niké Liga
Zemplín Michalovce,1qm038k9aqtouv4i738utxwdo,5jd3xi68273u2xl2d1gsonc2d,L. Pauschek,Lukás Pauschek,33.0,Defender,Slovakia,Defender,81.0,1.0,79.0,7.0,159.0,2.0,6.0,1.0,0.0,7.0,7.0,14.0,11.0,5.0,450.0,1.0,5.0,3.0,3.0,4.0,0.0,1.0,0.0,0.0,0.0,0.0,83.68,53.85,20.0,42.86,100.0,45.16,25.0,66.67,0.0603789052409844,0.4495217209730443,1.0,7.0,0.15007821,4.0,15.0,14.0,0.3867701099999999,79.0,16.2,0.2,15.8,1.4,31.8,0.4,1.2,0.2,0.0,1.4,1.4,2.8,2.2,1.0,0.2,1.0,0.6,0.6,0.8,0.0,0.2,0.0,0.0,0.0,0.0,83.68,53.85,20.0,42.86,100.0,45.16,25.0,66.67,0.0120757810481968,0.0899043441946088,0.2,1.4,0.030015642,0.8,3.0,2.8,0.0773540219999999,15.8,CB,62,81,100,41,71,25,91,26,16,100,99,68,53,85,60,69,81,93,76,47,74,43,29,49,51,50,65,76,62,93,26,16,40,24,91,76,96,94,94,87,60,68,68,29,76,71,15,44,9,82,18,16,91,91,21,15,60,44,37,65,74,47,47,59,43,29,49,51,50,65,76,62,93,26,16,40,24,76,65,85,82,82,62,41,41,35,Niké Liga
Zemplín Michalovce,1qm038k9aqtouv4i738utxwdo,7676jh2vz7qsvhu5aulumyzh0,R. Korba,Rastislav Korba,20.0,Midfielder,Slovakia,Midfielder,5.0,0.0,9.0,1.0,14.0,4.0,3.0,4.0,3.0,2.0,2.0,20.0,1.0,2.0,136.0,3.0,9.0,10.0,1.0,4.0,0.0,1.0,0.0,0.0,0.0,0.0,70.0,100.0,0.0,50.0,75.0,62.5,44.44,80.0,0.3542731172154179,0.0828669144813662,2.0,1.0,0.02122129,1.0,1.0,2.0,0.1045371799999999,4.0,3.308823529411765,0.0,5.955882352941177,0.6617647058823529,9.264705882352942,2.647058823529412,1.9852941176470589,2.647058823529412,1.9852941176470589,1.3235294117647058,1.3235294117647058,13.23529411764706,0.6617647058823529,1.3235294117647058,1.9852941176470589,5.955882352941177,6.61764705882353,0.6617647058823529,2.647058823529412,0.0,0.6617647058823529,0.0,0.0,0.0,0.0,70.0,100.0,0.0,50.0,75.0,62.5,44.44,80.0,0.2344454452160853,0.0548383992891393,1.3235294117647058,0.6617647058823529,0.0140435007352941,0.6617647058823529,0.6617647058823529,1.3235294117647058,0.0691790161764705,2.647058823529412,LM/LCM,30,30,20,70,20,100,30,40,40,20,20,90,70,80,70,60,100,20,90,50,50,40,20,60,60,40,90,30,60,100,100,80,80,40,20,30,20,20,40,40,40,40,20,40,30,20,80,40,100,40,80,100,20,20,100,80,80,100,100,100,20,100,50,60,40,20,60,60,40,90,30,60,100,100,80,80,100,20,80,20,20,40,40,40,40,20,Niké Liga
Zemplín Michalovce,1qm038k9aqtouv4i738utxwdo,82l95d7jh9f8em7w6dn7smgpg,P. Volanakis,Polydefkis Volanakis,23.0,Defender,Greece,Defender,98.0,1.0,48.0,13.0,145.0,8.0,1.0,3.0,2.0,5.0,5.0,18.0,32.0,10.0,352.0,1.0,3.0,2.0,3.0,1.0,0.0,1.0,0.0,1.0,0.0,0.0,69.71,23.21,50.0,60.0,33.33,66.67,61.54,20.0,0.3076599173252321,0.1088379205474088,1.0,5.0,0.10657668,1.0,21.0,22.0,0.3546301,89.0,25.056818181818183,0.2556818181818182,12.272727272727272,3.3238636363636367,37.07386363636364,2.0454545454545454,0.2556818181818182,0.7670454545454546,0.5113636363636364,1.278409090909091,1.278409090909091,4.602272727272728,8.181818181818182,2.556818181818182,0.2556818181818182,0.7670454545454546,0.5113636363636364,0.7670454545454546,0.2556818181818182,0.0,0.2556818181818182,0.0,0.2556818181818182,0.0,0.0,69.71,23.21,50.0,60.0,33.33,66.67,61.54,20.0,0.0786630470433832,0.0278278774126897,0.2556818181818182,1.278409090909091,0.0272497193181818,0.2556818181818182,5.369318181818182,5.625,0.09067246875,22.75568181818182,LB/LCB,80,53,60,87,80,77,30,73,67,70,70,67,100,100,63,53,67,73,20,50,77,37,70,50,53,20,33,87,60,57,90,57,13,80,40,73,70,60,43,87,87,47,80,73,53,47,80,67,67,20,67,60,67,60,40,100,100,60,27,53,67,13,50,80,37,67,50,53,20,33,87,60,57,90,57,13,73,20,67,67,60,40,87,80,40,73,Niké Liga
Zemplín Michalovce,1qm038k9aqtouv4i738utxwdo,82lo0di4kinipycvz4zhl7ld5,M. Bednár,Martin Bednar,27.0,Defender,Slovakia,Defender,23.0,0.0,34.0,4.0,57.0,2.0,1.0,3.0,0.0,0.0,0.0,4.0,6.0,1.0,107.0,1.0,1.0,1.0,0.0,0.0,0.0,3.0,1.0,0.0,0.0,1.0,86.36,57.14,0.0,0.0,33.33,66.67,66.67,0.0,0.1183481972502921,0.0611491542325537,0.0,4.0,0.1104171799999999,1.0,6.0,7.0,0.19450705,32.0,19.345794392523363,0.0,28.59813084112149,3.364485981308411,47.94392523364486,1.6822429906542056,0.8411214953271028,2.5233644859813085,0.0,0.0,0.0,3.364485981308411,5.046728971962617,0.8411214953271028,0.8411214953271028,0.8411214953271028,0.8411214953271028,0.0,0.0,0.0,2.5233644859813085,0.8411214953271028,0.0,0.0,0.8411214953271028,86.36,57.14,0.0,0.0,33.33,66.67,66.67,0.0,0.0995452126404326,0.0514338680460732,0.0,3.364485981308411,0.0928742635514018,0.8411214953271028,5.046728971962617,5.88785046728972,0.1636040607476635,26.91588785046729,DM/CM,21,27,29,39,19,47,24,45,13,15,15,6,55,18,50,16,19,19,5,40,77,82,21,52,98,68,63,27,19,53,90,81,5,19,16,23,63,68,48,27,34,32,26,61,27,94,77,81,84,58,90,13,15,15,29,94,35,87,32,45,19,5,40,100,97,21,52,100,68,63,27,19,53,90,81,5,55,29,23,100,100,84,84,97,87,90,Niké Liga
Zemplín Michalovce,1qm038k9aqtouv4i738utxwdo,aekbf0mi3il1ts0s2xlheolqs,K. Brosnan,Kai Brosnan,24.0,Midfielder,England,Midfielder,13.0,0.0,38.0,2.0,51.0,0.0,3.0,9.0,7.0,5.0,5.0,10.0,0.0,1.0,229.0,3.0,18.0,4.0,2.0,3.0,0.0,2.0,1.0,5.0,0.0,0.0,86.44,100.0,0.0,40.0,33.33,35.71,0.0,75.0,0.8082119284677227,0.3256587982192858,6.0,7.0,0.27065922,1.0,3.0,6.0,0.2500763999999999,12.0,5.109170305676856,0.0,14.934497816593888,0.7860262008733625,20.043668122270745,0.0,1.1790393013100438,3.537117903930131,2.7510917030567685,1.9650655021834065,1.9650655021834065,3.930131004366813,0.0,0.3930131004366812,1.1790393013100438,7.074235807860262,1.572052401746725,0.7860262008733625,1.1790393013100438,0.0,0.7860262008733625,0.3930131004366812,1.9650655021834065,0.0,0.0,86.44,100.0,0.0,40.0,33.33,35.71,0.0,75.0,0.317637875817009,0.1279881739726451,2.3580786026200875,2.7510917030567685,0.1063726192139738,0.3930131004366812,1.1790393013100438,2.3580786026200875,0.0982833013100436,4.716157205240175,CM/AM,18,21,39,46,27,20,32,79,91,57,52,34,9,38,77,82,57,54,66,32,43,75,93,50,50,71,91,21,54,59,29,21,68,75,46,96,70,75,29,29,32,32,12,21,21,39,36,36,20,36,93,93,57,54,39,9,32,79,89,54,54,68,32,46,71,96,50,50,71,91,21,54,59,29,21,68,75,57,100,79,86,29,29,29,32,14,Niké Liga
Zemplín Michalovce,1qm038k9aqtouv4i738utxwdo,c83ms1i1lpmx77fl1ojbhs1qt,E. Mashike,Elvis Mashike,32.0,Attacker,Congo DR,Striker,14.0,0.0,29.0,3.0,43.0,9.0,1.0,9.0,5.0,12.0,12.0,26.0,2.0,1.0,395.0,3.0,10.0,4.0,9.0,4.0,0.0,4.0,0.0,4.0,0.0,0.0,63.24,50.0,0.0,75.0,33.33,38.24,28.12,100.0,1.7635168691744183,0.1105840381152272,4.0,3.0,0.0865278699999999,1.0,4.0,9.0,0.2918742599999999,13.0,3.1898734177215187,0.0,6.6075949367088604,0.6835443037974683,9.79746835443038,2.050632911392405,0.2278481012658227,2.050632911392405,1.1392405063291138,2.7341772151898733,2.7341772151898733,5.924050632911392,0.4556962025316455,0.2278481012658227,0.6835443037974683,2.278481012658228,0.9113924050632912,2.050632911392405,0.9113924050632912,0.0,0.9113924050632912,0.0,0.9113924050632912,0.0,0.0,63.24,50.0,0.0,75.0,33.33,38.24,28.12,100.0,0.4018139701916395,0.0251963631148618,0.9113924050632912,0.6835443037974683,0.0197152108860759,0.2278481012658227,0.9113924050632912,2.050632911392405,0.066502995949367,2.962025316455696,ST,53,26,55,81,55,84,13,79,39,90,90,90,50,61,66,34,61,98,85,42,92,24,90,52,52,13,53,26,87,53,29,35,82,97,23,92,42,42,53,61,82,71,42,29,26,16,61,16,68,6,39,16,77,71,71,39,52,48,16,42,100,81,42,84,24,77,52,52,13,53,26,87,53,29,35,82,74,16,77,16,26,52,35,68,52,23,Niké Liga
Zemplín Michalovce,1qm038k9aqtouv4i738utxwdo,co5fpren0lr78oq77d7pysxyh,T. Dzotsenidze,Tornike Dzotsenidze,26.0,Defender,Georgia,Defender,177.0,1.0,77.0,27.0,253.0,7.0,4.0,3.0,0.0,3.0,3.0,23.0,28.0,9.0,343.0,0.0,1.0,8.0,3.0,3.0,0.0,3.0,0.0,3.0,0.0,0.0,84.62,50.94,33.33,100.0,0.0,67.65,53.85,60.0,0.2132803939557287,0.4396159153764151,2.0,4.0,0.08485708,4.0,22.0,25.0,0.7681251300000002,147.0,46.44314868804665,0.2623906705539359,20.20408163265306,7.084548104956268,66.38483965014578,1.836734693877551,1.0495626822157436,0.7871720116618076,0.0,0.7871720116618076,0.7871720116618076,6.034985422740525,7.346938775510204,2.361516034985423,0.0,0.2623906705539359,2.099125364431487,0.7871720116618076,0.7871720116618076,0.0,0.7871720116618076,0.0,0.7871720116618076,0.0,0.0,84.62,50.94,33.33,100.0,0.0,67.65,53.85,60.0,0.0559627855860512,0.1153511148217998,0.5247813411078718,1.0495626822157436,0.0222657061224489,1.0495626822157436,5.772594752186589,6.559766763848397,0.2015488679300292,38.57142857142858,CB,94,81,97,100,97,69,85,65,16,82,79,93,94,100,22,25,97,93,63,47,96,43,99,49,51,56,56,90,93,22,87,53,25,50,88,93,85,85,94,100,100,100,94,91,82,88,97,91,47,79,56,16,72,72,85,88,94,22,24,94,88,44,47,91,43,99,49,51,56,56,90,93,22,87,53,25,44,85,91,76,74,91,94,94,91,94,Niké Liga
Zemplín Michalovce,1qm038k9aqtouv4i738utxwdo,e47my5u2v0s70vmi8nbfqsc4q,B. Cottrell,Ben Cottrell,24.0,Midfielder,England,Midfielder,52.0,4.0,103.0,3.0,151.0,0.0,11.0,5.0,2.0,13.0,13.0,14.0,2.0,4.0,432.0,2.0,15.0,4.0,4.0,4.0,0.0,3.0,0.0,0.0,0.0,0.0,80.32,25.0,23.53,30.77,40.0,33.33,0.0,66.67,0.3047104573545011,1.124121175220358,4.0,9.0,0.31657388,4.0,12.0,18.0,0.6746543900000003,78.0,10.833333333333334,0.8333333333333334,21.458333333333336,0.625,31.458333333333336,0.0,2.291666666666667,1.0416666666666667,0.4166666666666667,2.708333333333333,2.708333333333333,2.916666666666667,0.4166666666666667,0.8333333333333334,0.4166666666666667,3.125,0.8333333333333334,0.8333333333333334,0.8333333333333334,0.0,0.625,0.0,0.0,0.0,0.0,80.32,25.0,23.53,30.77,40.0,33.33,0.0,66.67,0.0634813452821877,0.2341919115042412,0.8333333333333334,1.875,0.0659528916666666,0.8333333333333334,2.5,3.75,0.1405529979166667,16.25,CM/AM,96,84,100,71,96,20,100,50,45,91,89,64,50,84,54,77,57,79,77,32,62,30,11,50,50,64,18,68,38,71,23,21,54,43,96,77,86,86,82,86,82,82,100,79,68,86,25,86,20,89,29,39,68,64,18,30,70,38,50,25,61,46,32,39,30,11,50,50,64,18,68,38,71,23,21,54,21,86,46,54,64,54,61,57,57,93,Niké Liga
Zemplín Michalovce,1qm038k9aqtouv4i738utxwdo,ehnabfyijt5uogw9avntw0yga,K. Taylor-Hart,Kido Taylor-Hart,23.0,Attacker,England,Striker,9.0,0.0,45.0,0.0,54.0,2.0,2.0,2.0,1.0,11.0,11.0,13.0,0.0,0.0,248.0,1.0,9.0,4.0,4.0,3.0,0.0,1.0,0.0,0.0,0.0,0.0,81.82,0.0,0.0,36.36,50.0,36.11,40.0,100.0,0.1378524085336594,0.1355909231061849,1.0,7.0,0.3057061,3.0,3.0,3.0,0.11403337,20.0,3.2661290322580645,0.0,16.330645161290324,0.0,19.596774193548388,0.7258064516129032,0.7258064516129032,0.7258064516129032,0.3629032258064516,3.991935483870968,3.991935483870968,4.717741935483871,0.0,0.0,0.3629032258064516,3.2661290322580645,1.4516129032258065,1.4516129032258065,1.0887096774193548,0.0,0.3629032258064516,0.0,0.0,0.0,0.0,81.82,0.0,0.0,36.36,50.0,36.11,40.0,100.0,0.0500270837420538,0.049206383385309,0.3629032258064516,2.540322580645161,0.1109417298387096,1.0887096774193548,1.0887096774193548,1.0887096774193548,0.0413830778225806,7.258064516129032,LW,67,50,67,33,67,83,50,50,67,67,67,83,33,50,67,67,100,67,100,50,33,50,50,67,50,83,33,50,67,67,33,83,83,33,33,33,67,67,50,50,67,33,67,33,50,67,33,67,67,33,33,67,67,67,100,33,50,67,67,100,67,100,50,33,50,50,67,50,83,33,50,67,67,33,83,83,33,33,33,67,67,67,33,67,33,67,Niké Liga
Zemplín Michalovce,1qm038k9aqtouv4i738utxwdo,mmhkaqptna9vap9gmpxcignp,M. Čurma,Matej Curma,30.0,Defender,Slovakia,Defender,28.0,0.0,26.0,2.0,54.0,2.0,0.0,2.0,1.0,3.0,3.0,10.0,10.0,1.0,270.0,0.0,2.0,3.0,1.0,2.0,0.0,1.0,0.0,0.0,0.0,0.0,70.13,20.0,0.0,33.33,0.0,66.67,66.67,50.0,0.1693883736769786,0.0,1.0,0.0,0.0,1.0,5.0,3.0,0.0678374599999999,18.0,9.333333333333334,0.0,8.666666666666666,0.6666666666666666,18.0,0.6666666666666666,0.0,0.6666666666666666,0.3333333333333333,1.0,1.0,3.333333333333333,3.333333333333333,0.3333333333333333,0.0,0.6666666666666666,1.0,0.3333333333333333,0.6666666666666666,0.0,0.3333333333333333,0.0,0.0,0.0,0.0,70.13,20.0,0.0,33.33,0.0,66.67,66.67,50.0,0.0564627912256595,0.0,0.3333333333333333,0.0,0.0,0.3333333333333333,1.6666666666666667,1.0,0.0226124866666666,6.0,RB/RCB,28,28,25,12,25,18,12,60,55,68,60,35,57,25,35,40,57,55,28,40,68,45,30,50,52,25,10,28,55,35,80,70,28,50,12,70,15,15,52,35,25,20,25,25,28,5,10,10,10,12,60,55,65,65,20,65,20,35,40,62,55,18,40,72,45,30,50,52,25,10,28,55,35,80,70,28,60,12,75,15,15,50,25,20,20,20,Niké Liga
Zemplín Michalovce,1qm038k9aqtouv4i738utxwdo,sb20iwbnf8j1bvi6cfuaaal0,Park Tae-Rang,Tae-Rang Park,23.0,Defender,Korea Republic,Defender,78.0,0.0,33.0,10.0,111.0,4.0,0.0,1.0,0.0,1.0,1.0,9.0,11.0,10.0,270.0,0.0,0.0,4.0,0.0,0.0,0.0,1.0,0.0,0.0,0.0,0.0,76.03,41.67,0.0,0.0,0.0,50.0,80.0,0.0,0.0,0.0,0.0,0.0,0.0,0.0,0.0,0.0,0.0,0.0,26.0,0.0,11.0,3.333333333333333,37.0,1.3333333333333333,0.0,0.3333333333333333,0.0,0.3333333333333333,0.3333333333333333,3.0,3.6666666666666665,3.333333333333333,0.0,0.0,1.3333333333333333,0.0,0.0,0.0,0.3333333333333333,0.0,0.0,0.0,0.0,76.03,41.67,0.0,0.0,0.0,50.0,80.0,0.0,0.0,0.0,0.0,0.0,0.0,0.0,0.0,0.0,0.0,0.0,RB/RCB,90,28,30,75,70,50,12,35,22,30,30,30,65,100,35,10,75,25,8,40,68,45,30,50,52,35,50,28,25,35,42,100,8,15,12,30,15,15,25,10,10,10,10,95,28,25,88,78,60,12,35,22,30,30,5,70,100,35,10,85,25,8,40,72,45,30,50,52,35,50,28,25,35,42,100,8,15,12,30,15,15,25,10,10,10,10,Niké Liga
Zemplín Michalovce,1qm038k9aqtouv4i738utxwdo,yzd69y1tcva7cd2ovik9wmei,N. Mihhailov,Nikita Mihhailov,24.0,Midfielder,Estonia,Midfielder,17.0,0.0,35.0,2.0,52.0,0.0,2.0,0.0,0.0,2.0,2.0,5.0,1.0,1.0,141.0,0.0,5.0,1.0,2.0,2.0,0.0,0.0,0.0,0.0,0.0,0.0,77.61,50.0,0.0,100.0,0.0,50.0,0.0,100.0,0.0,0.0991364122612511,0.0,7.0,0.17115078,5.0,6.0,10.0,0.1420209999999999,21.0,10.851063829787234,0.0,22.34042553191489,1.2765957446808511,33.191489361702125,0.0,1.2765957446808511,0.0,0.0,1.2765957446808511,1.2765957446808511,3.191489361702128,0.6382978723404256,0.6382978723404256,0.0,3.191489361702128,0.6382978723404256,1.2765957446808511,1.2765957446808511,0.0,0.0,0.0,0.0,0.0,0.0,77.61,50.0,0.0,100.0,0.0,50.0,0.0,100.0,0.0,0.0632785610178198,0.0,4.468085106382979,0.1092451787234042,3.191489361702128,3.8297872340425534,6.382978723404255,0.0906517021276595,13.404255319148936,CM/AM,36,21,30,46,32,20,21,4,16,21,16,14,27,38,18,32,7,54,48,32,12,30,11,50,50,54,62,21,96,18,66,21,89,4,18,11,70,61,95,59,57,18,36,82,21,89,79,89,20,46,4,16,36,29,25,43,57,18,54,14,75,75,32,12,30,11,50,50,54,62,21,96,18,66,21,89,4,25,11,93,89,100,86,86,29,79,Niké Liga
Žilina,c6q7rcydz4bslvyiw1l9nb9vq,17fh37y13hwtz5osjkf16ltxx,M. Faško,Michal Fasko,32.0,Attacker,Slovakia,Striker,14.0,2.0,29.0,1.0,41.0,0.0,5.0,6.0,2.0,5.0,5.0,5.0,0.0,1.0,207.0,3.0,3.0,2.0,2.0,1.0,1.0,4.0,1.0,1.0,0.0,0.0,78.85,25.0,18.18,40.0,50.0,29.41,0.0,100.0,0.8550822595793196,0.4649379053362174,1.0,5.0,0.10639636,0.0,7.0,9.0,0.4987235799999999,20.0,6.086956521739131,0.8695652173913044,12.608695652173914,0.4347826086956522,17.826086956521742,0.0,2.173913043478261,2.608695652173913,0.8695652173913044,2.173913043478261,2.173913043478261,2.173913043478261,0.0,0.4347826086956522,1.3043478260869563,1.3043478260869563,0.8695652173913044,0.8695652173913044,0.4347826086956522,0.4347826086956522,1.7391304347826089,0.4347826086956522,0.4347826086956522,0.0,0.0,78.85,25.0,18.18,40.0,50.0,29.41,0.0,100.0,0.3717748954692694,0.2021469153635728,0.4347826086956522,2.173913043478261,0.0462592869565217,0.0,3.0434782608695654,3.91304347826087,0.2168363391304347,8.695652173913045,CM/AM,25,68,21,16,18,20,70,62,45,57,52,14,9,38,77,21,18,54,25,75,79,75,39,50,50,57,18,57,54,84,14,21,89,82,68,34,52,43,7,64,50,68,32,29,71,32,18,21,20,82,64,57,61,57,11,9,39,93,18,36,64,25,82,89,82,46,50,50,57,18,57,54,84,14,21,89,82,75,36,64,54,7,79,64,79,25,Niké Liga
Žilina,c6q7rcydz4bslvyiw1l9nb9vq,4a7ei643udozfl8xcqdgl9u6s,T. Hranica,Timotej Hranica,21.0,Defender,Slovakia,Defender,19.0,2.0,40.0,0.0,57.0,1.0,2.0,5.0,4.0,6.0,7.0,10.0,1.0,1.0,197.0,2.0,7.0,2.0,4.0,2.0,0.0,1.0,1.0,1.0,0.0,0.0,77.03,0.0,28.57,66.67,40.0,38.46,20.0,66.67,0.4614115114211377,0.1536450306105444,1.0,4.0,0.07876224,3.0,3.0,4.0,0.4329616999999999,20.0,8.680203045685278,0.9137055837563453,18.274111675126903,0.0,26.040609137055835,0.4568527918781725,0.9137055837563453,2.284263959390863,1.8274111675126905,2.741116751269036,3.197969543147208,4.568527918781726,0.4568527918781725,0.4568527918781725,0.9137055837563453,3.197969543147208,0.9137055837563453,1.8274111675126905,0.9137055837563453,0.0,0.4568527918781725,0.4568527918781725,0.4568527918781725,0.0,0.0,77.03,0.0,28.57,66.67,40.0,38.46,20.0,66.67,0.210797137197474,0.0701931611926345,0.4568527918781725,1.8274111675126905,0.0359827492385786,1.3705583756345177,1.3705583756345177,1.8274111675126905,0.1977997614213197,9.137055837563452,CB,6,88,49,4,18,12,72,91,91,97,99,37,6,19,90,91,66,100,43,47,74,93,75,49,51,24,4,84,74,63,18,12,40,79,65,76,85,82,87,28,29,76,21,6,88,76,4,21,12,71,100,94,100,100,50,6,18,97,97,74,100,56,47,79,94,91,49,51,24,4,84,74,63,18,12,40,94,71,85,94,85,97,29,29,88,18,Niké Liga
Žilina,c6q7rcydz4bslvyiw1l9nb9vq,4xk6crcbt40xenux91yy011at,M. Káčer,Miroslav Kácer,30.0,Midfielder,Slovakia,Midfielder,76.0,0.0,53.0,6.0,129.0,0.0,2.0,3.0,2.0,3.0,3.0,8.0,2.0,2.0,238.0,1.0,4.0,1.0,1.0,5.0,0.0,1.0,1.0,1.0,0.0,0.0,86.58,50.0,0.0,33.33,33.33,42.11,0.0,83.33,0.1605478649944101,0.1731428303929846,0.0,1.0,0.02855202,0.0,13.0,16.0,0.28577917,57.0,28.73949579831933,0.0,20.04201680672269,2.26890756302521,48.78151260504202,0.0,0.7563025210084033,1.134453781512605,0.7563025210084033,1.134453781512605,1.134453781512605,3.0252100840336134,0.7563025210084033,0.7563025210084033,0.3781512605042016,1.512605042016807,0.3781512605042016,0.3781512605042016,1.8907563025210083,0.0,0.3781512605042016,0.3781512605042016,0.3781512605042016,0.0,0.0,86.58,50.0,0.0,33.33,33.33,42.11,0.0,83.33,0.0607113775188945,0.0654741795603723,0.0,0.3781512605042016,0.0107969823529411,0.0,4.915966386554622,6.050420168067227,0.1080677533613445,21.554621848739497,DM/CM,65,27,58,60,61,6,48,45,63,68,65,26,21,31,50,55,19,55,77,40,42,82,63,52,48,74,35,27,48,53,18,10,76,35,45,23,24,29,21,69,79,55,55,87,27,71,61,84,6,45,52,65,71,61,19,23,29,55,55,16,61,87,40,39,84,74,52,48,74,35,27,48,53,18,10,76,35,42,23,26,32,21,81,100,48,74,Niké Liga
Žilina,c6q7rcydz4bslvyiw1l9nb9vq,5uc8bmbfp3izb9s0gvqwq7yl1,J. Minárik,Ján Minárik,29.0,Defender,Slovakia,Defender,155.0,0.0,53.0,6.0,208.0,11.0,2.0,2.0,1.0,1.0,1.0,13.0,23.0,4.0,337.0,0.0,5.0,0.0,1.0,1.0,0.0,1.0,0.0,1.0,1.0,0.0,87.76,31.58,0.0,100.0,0.0,76.47,78.57,100.0,0.1959172891601162,0.169191202153968,0.0,5.0,0.10061955,1.0,6.0,7.0,0.4690462200000001,139.0,41.3946587537092,0.0,14.154302670623146,1.602373887240356,55.54896142433235,2.9376854599406528,0.5341246290801187,0.5341246290801187,0.2670623145400593,0.2670623145400593,0.2670623145400593,3.471810089020772,6.142433234421365,1.0682492581602374,0.0,1.3353115727002969,0.0,0.2670623145400593,0.2670623145400593,0.0,0.2670623145400593,0.0,0.2670623145400593,0.2670623145400593,0.0,87.76,31.58,0.0,100.0,0.0,76.47,78.57,100.0,0.0523221247015147,0.0451845940470537,0.0,1.3353115727002969,0.0268716899109792,0.2670623145400593,1.602373887240356,1.869436201780416,0.1252645691394659,37.12166172106825,CB,85,38,68,31,85,87,72,47,38,59,59,56,87,74,22,69,15,66,19,47,74,43,75,99,51,82,21,38,93,22,94,94,87,47,71,32,91,88,69,40,40,85,91,76,38,50,18,76,68,62,35,32,59,59,32,79,68,22,59,15,65,12,47,68,43,74,97,51,82,21,38,93,22,94,94,87,38,65,32,82,79,68,35,32,76,88,Niké Liga
Žilina,c6q7rcydz4bslvyiw1l9nb9vq,6ulrgv4ewbvup2m4xj6z5qsyc,M. Okál,Marek Okál,17.0,Defender,Slovakia,Defender,55.0,0.0,18.0,2.0,73.0,5.0,0.0,2.0,2.0,1.0,1.0,10.0,6.0,5.0,180.0,1.0,2.0,2.0,0.0,1.0,0.0,0.0,0.0,0.0,0.0,0.0,75.26,22.22,0.0,0.0,50.0,66.67,0.0,33.33,0.2419057370897811,0.0,0.0,2.0,0.04426868,0.0,5.0,8.0,0.1384491899999999,35.0,27.5,0.0,9.0,1.0,36.5,2.5,0.0,1.0,1.0,0.5,0.5,5.0,3.0,2.5,0.5,1.0,1.0,0.0,0.5,0.0,0.0,0.0,0.0,0.0,0.0,75.26,22.22,0.0,0.0,50.0,66.67,0.0,33.33,0.1209528685448905,0.0,0.0,1.0,0.02213434,0.0,2.5,4.0,0.0692245949999999,17.5,LB/LCB,67,27,33,23,53,67,10,53,67,23,23,40,50,70,63,33,67,17,20,50,30,37,30,50,53,53,23,27,17,87,90,10,20,67,10,30,40,33,20,33,40,27,47,80,27,33,27,60,83,10,73,93,27,27,57,63,93,87,43,83,17,20,50,30,37,30,50,53,53,23,27,17,87,90,10,20,87,10,30,53,53,20,53,67,33,60,Niké Liga
Žilina,c6q7rcydz4bslvyiw1l9nb9vq,8haqjdcasuh84nx51nux2qi8l,M. Roginić,Marko Roginic,30.0,Attacker,Croatia,Striker,12.0,0.0,28.0,0.0,40.0,3.0,4.0,7.0,7.0,4.0,4.0,13.0,5.0,1.0,234.0,1.0,14.0,5.0,3.0,2.0,0.0,0.0,0.0,4.0,0.0,0.0,74.07,0.0,0.0,75.0,14.29,52.0,60.0,100.0,0.6215650712996763,0.2487323648862417,0.0,1.0,0.0241224,3.0,4.0,5.0,0.2710465499999999,15.0,4.615384615384615,0.0,10.769230769230768,0.0,15.384615384615383,1.1538461538461535,1.5384615384615383,2.692307692307692,2.692307692307692,1.5384615384615383,1.5384615384615383,5.0,1.923076923076923,0.3846153846153846,0.3846153846153846,5.384615384615384,1.923076923076923,1.1538461538461535,0.7692307692307692,0.0,0.0,0.0,1.5384615384615383,0.0,0.0,74.07,0.0,0.0,75.0,14.29,52.0,60.0,100.0,0.2390634889614139,0.095666294187016,0.0,0.3846153846153846,0.0092778461538461,1.1538461538461535,1.5384615384615383,1.923076923076923,0.104248673076923,5.769230769230769,ST,45,26,50,16,47,48,69,52,73,42,40,65,87,61,21,48,73,66,68,42,21,24,90,52,52,61,16,26,87,18,81,92,82,35,48,15,15,16,90,61,60,68,50,55,26,61,16,58,48,61,58,74,39,39,60,87,65,26,58,81,71,65,42,21,24,90,52,52,61,16,26,87,18,81,92,82,42,48,15,13,13,90,68,58,68,65,Niké Liga
Žilina,c6q7rcydz4bslvyiw1l9nb9vq,8zkcuhb57u6yhqodvq6u3rx0,X. Adang,Xavier Adang,22.0,Midfielder,Cameroon,Midfielder,43.0,0.0,49.0,3.0,92.0,7.0,1.0,3.0,1.0,13.0,13.0,25.0,8.0,4.0,285.0,0.0,3.0,4.0,8.0,2.0,0.0,2.0,0.0,0.0,0.0,0.0,82.88,60.0,0.0,61.54,0.0,55.56,77.78,33.33,1.146416208108696,0.0948985640434591,2.0,6.0,0.1162476,1.0,13.0,6.0,0.23395332,49.0,13.578947368421051,0.0,15.473684210526317,0.9473684210526316,29.05263157894737,2.210526315789474,0.3157894736842105,0.9473684210526316,0.3157894736842105,4.105263157894737,4.105263157894737,7.894736842105264,2.5263157894736845,1.2631578947368425,0.0,0.9473684210526316,1.2631578947368425,2.5263157894736845,0.6315789473684211,0.0,0.6315789473684211,0.0,0.0,0.0,0.0,82.88,60.0,0.0,61.54,0.0,55.56,77.78,33.33,0.3620261709816935,0.0299679675926712,0.6315789473684211,1.8947368421052635,0.0367097684210526,0.3157894736842105,4.105263157894737,1.8947368421052635,0.0738799957894736,15.473684210526317,DM/CM,45,27,55,24,48,89,24,45,39,100,100,90,68,65,15,37,73,100,31,40,61,34,21,52,48,39,73,27,71,15,61,95,13,100,29,74,85,74,48,69,26,42,45,29,27,39,16,48,87,19,39,39,100,100,97,65,58,15,35,68,100,19,40,58,34,21,52,48,39,73,27,71,15,61,95,13,97,23,77,81,68,45,65,13,35,35,Niké Liga
Žilina,c6q7rcydz4bslvyiw1l9nb9vq,91okqildgt8vo2db9jcu7vthw,A. Narimanidze,Aleksandre Narimanidze,21.0,Defender,Georgia,Defender,133.0,0.0,87.0,15.0,220.0,12.0,2.0,2.0,2.0,3.0,3.0,24.0,19.0,4.0,360.0,1.0,5.0,0.0,1.0,8.0,0.0,0.0,1.0,0.0,0.0,0.0,86.27,45.45,0.0,33.33,50.0,64.86,80.0,72.73,0.2398234868233019,0.1367291253544507,0.0,5.0,0.08718633,0.0,15.0,17.0,0.4262926699999997,136.0,33.25,0.0,21.75,3.75,55.0,3.0,0.5,0.5,0.5,0.75,0.75,6.0,4.75,1.0,0.25,1.25,0.0,0.25,2.0,0.0,0.0,0.25,0.0,0.0,0.0,86.27,45.45,0.0,33.33,50.0,64.86,80.0,72.73,0.0599558717058254,0.0341822813386126,0.0,1.25,0.0217965825,0.0,3.75,4.25,0.1065731674999999,34.0,LB/LCB,93,27,93,93,87,93,47,53,67,53,50,90,93,50,63,70,23,43,93,50,30,87,30,50,53,87,80,27,37,87,73,100,60,60,47,30,70,53,20,80,77,53,93,93,27,87,87,87,93,33,40,50,40,40,93,87,40,50,73,23,33,80,50,30,83,30,50,53,87,80,27,37,87,73,100,60,60,33,30,60,47,20,73,73,47,93,Niké Liga
Žilina,c6q7rcydz4bslvyiw1l9nb9vq,9a1nd1e6k7ivy59r4zih7x5p0,Dani Homet,Dani Homet,27.0,Attacker,Spain,Striker,6.0,1.0,20.0,1.0,25.0,5.0,4.0,8.0,7.0,7.0,7.0,13.0,2.0,0.0,184.0,5.0,14.0,2.0,4.0,1.0,0.0,1.0,3.0,0.0,0.0,0.0,67.57,100.0,50.0,57.14,62.5,41.94,38.46,50.0,1.0000597261175046,0.3171223015806172,1.0,4.0,0.13401055,1.0,2.0,0.0,0.2433527099999999,7.0,2.9347826086956523,0.4891304347826087,9.782608695652174,0.4891304347826087,12.22826086956522,2.4456521739130435,1.956521739130435,3.91304347826087,3.423913043478261,3.423913043478261,3.423913043478261,6.358695652173914,0.9782608695652176,0.0,2.4456521739130435,6.847826086956522,0.9782608695652176,1.956521739130435,0.4891304347826087,0.0,0.4891304347826087,1.4673913043478262,0.0,0.0,0.0,67.57,100.0,50.0,57.14,62.5,41.94,38.46,50.0,0.4891596486444316,0.1551141692513888,0.4891304347826087,1.956521739130435,0.0655486385869565,0.4891304347826087,0.9782608695652176,0.0,0.119031216847826,3.423913043478261,ST,26,60,31,40,26,71,69,68,73,69,66,65,50,24,89,48,35,77,39,42,53,94,19,52,52,29,94,85,76,90,45,55,37,68,65,44,58,68,53,32,6,65,26,19,65,55,42,39,77,84,90,87,94,87,77,74,24,100,94,48,94,42,42,61,100,19,52,52,29,94,85,76,90,45,55,37,84,71,45,84,81,65,45,6,74,26,Niké Liga
Žilina,c6q7rcydz4bslvyiw1l9nb9vq,al4py7fz76sgmuoh91qufcpd6,K. Bari,Krisztián Bari,25.0,Defender,Slovakia,Defender,56.0,6.0,77.0,6.0,127.0,2.0,11.0,5.0,4.0,10.0,10.0,24.0,4.0,3.0,405.0,2.0,19.0,7.0,4.0,5.0,2.0,1.0,1.0,3.0,0.0,0.0,76.51,42.86,66.67,40.0,40.0,60.0,50.0,45.45,0.5452921711619099,1.1349923522251828,3.0,14.0,0.42208046,3.0,8.0,13.0,0.98943108,60.0,12.444444444444445,1.3333333333333333,17.11111111111111,1.3333333333333333,28.22222222222222,0.4444444444444444,2.4444444444444446,1.1111111111111112,0.8888888888888888,2.2222222222222223,2.2222222222222223,5.333333333333333,0.8888888888888888,0.6666666666666666,0.4444444444444444,4.222222222222222,1.5555555555555556,0.8888888888888888,1.1111111111111112,0.4444444444444444,0.2222222222222222,0.2222222222222222,0.6666666666666666,0.0,0.0,76.51,42.86,66.67,40.0,40.0,60.0,50.0,45.45,0.1211760380359799,0.2522205227167073,0.6666666666666666,3.111111111111111,0.0937956577777777,0.6666666666666666,1.7777777777777777,2.888888888888889,0.2198735733333333,13.333333333333334,LB/LCB,73,93,80,57,73,30,100,87,93,100,100,90,30,40,93,97,100,90,73,100,77,87,97,50,53,60,67,97,47,73,67,43,40,93,100,100,100,93,87,57,53,100,73,40,80,60,40,47,13,93,80,87,87,87,80,7,27,80,93,100,73,53,100,60,73,100,50,53,60,67,97,47,73,67,43,40,93,87,100,93,93,67,27,40,87,47,Niké Liga
Žilina,c6q7rcydz4bslvyiw1l9nb9vq,c4nzuyek1ds48k43zrzjt2044,A. Florea,Andrei Florea,21.0,Midfielder,Romania,Midfielder,21.0,0.0,26.0,2.0,47.0,1.0,2.0,7.0,4.0,2.0,5.0,10.0,4.0,2.0,147.0,2.0,6.0,7.0,0.0,1.0,1.0,3.0,1.0,3.0,0.0,0.0,88.68,100.0,0.0,0.0,28.57,43.48,20.0,50.0,0.6805802372688124,0.1200691881939365,3.0,5.0,0.2208737599999999,3.0,3.0,5.0,0.07397284,17.0,12.857142857142858,0.0,15.918367346938776,1.2244897959183674,28.77551020408164,0.6122448979591837,1.2244897959183674,4.285714285714286,2.4489795918367347,1.2244897959183674,3.061224489795918,6.122448979591836,2.4489795918367347,1.2244897959183674,1.2244897959183674,3.673469387755102,4.285714285714286,0.0,0.6122448979591837,0.6122448979591837,1.836734693877551,0.6122448979591837,1.836734693877551,0.0,0.0,88.68,100.0,0.0,0.0,28.57,43.48,20.0,50.0,0.4166817779196811,0.0735117478738386,1.836734693877551,3.061224489795918,0.1352288326530611,1.836734693877551,1.836734693877551,3.061224489795918,0.045289493877551,10.408163265306122,CM/AM,45,21,18,46,21,46,21,70,70,21,52,34,77,57,54,38,89,12,25,75,62,75,75,50,50,86,91,21,12,50,54,52,36,68,21,62,52,68,66,29,21,7,25,86,21,54,75,68,61,39,100,86,29,71,75,96,79,89,68,100,12,39,89,96,96,93,50,50,86,91,21,12,50,54,52,36,93,36,96,82,93,93,46,50,7,39,Niké Liga
Žilina,c6q7rcydz4bslvyiw1l9nb9vq,c6o9o0acmpv92q9s0cazftmju,S. Ďatko,Samuel Datko,25.0,Attacker,Slovakia,Striker,23.0,0.0,44.0,2.0,67.0,0.0,3.0,5.0,4.0,7.0,7.0,4.0,4.0,0.0,193.0,3.0,7.0,3.0,1.0,0.0,0.0,1.0,0.0,1.0,0.0,0.0,88.16,28.57,0.0,14.29,60.0,23.53,0.0,0.0,0.4052562841299958,0.2539351265757639,1.0,7.0,0.18071957,2.0,4.0,6.0,0.22529923,28.0,10.72538860103627,0.0,20.51813471502591,0.932642487046632,31.243523316062177,0.0,1.3989637305699485,2.3316062176165806,1.865284974093264,3.2642487046632125,3.2642487046632125,1.865284974093264,1.865284974093264,0.0,1.3989637305699485,3.2642487046632125,1.3989637305699485,0.466321243523316,0.0,0.0,0.466321243523316,0.0,0.466321243523316,0.0,0.0,88.16,28.57,0.0,14.29,60.0,23.53,0.0,0.0,0.1889796143611379,0.1184153439990608,0.466321243523316,3.2642487046632125,0.0842733746113989,0.932642487046632,1.865284974093264,2.7979274611398965,0.1050618170984456,13.05699481865285,CM/AM,57,21,48,46,55,20,32,50,70,71,71,5,77,16,77,45,36,32,7,32,29,30,39,50,50,82,34,21,25,91,4,21,7,54,36,34,70,64,50,46,32,29,45,75,21,82,57,82,20,54,61,75,79,75,4,93,16,96,57,50,36,7,32,30,30,50,50,50,82,34,21,25,91,4,21,7,61,50,39,86,71,68,50,32,39,75,Niké Liga
Žilina,c6q7rcydz4bslvyiw1l9nb9vq,c83z5v68ti7pbyjp2yfpat9be,P. Iľko,Patrik Ilko,25.0,Attacker,Slovakia,Striker,15.0,2.0,37.0,1.0,50.0,0.0,4.0,4.0,3.0,5.0,5.0,13.0,2.0,0.0,231.0,2.0,17.0,7.0,2.0,2.0,0.0,1.0,0.0,0.0,0.0,0.0,75.76,100.0,33.33,40.0,50.0,50.0,0.0,50.0,0.3822637831517882,0.4067690148363542,1.0,9.0,0.31055884,4.0,3.0,9.0,0.4359234999999999,26.0,5.844155844155844,0.7792207792207791,14.415584415584414,0.3896103896103896,19.48051948051948,0.0,1.5584415584415583,1.5584415584415583,1.1688311688311688,1.948051948051948,1.948051948051948,5.064935064935065,0.7792207792207791,0.0,0.7792207792207791,6.623376623376623,2.727272727272727,0.7792207792207791,0.7792207792207791,0.0,0.3896103896103896,0.0,0.0,0.0,0.0,75.76,100.0,33.33,40.0,50.0,50.0,0.0,50.0,0.1489339414877097,0.1584814343518263,0.3896103896103896,3.506493506493506,0.1209969506493506,1.5584415584415583,1.1688311688311688,3.506493506493506,0.1698403246753246,10.12987012987013,ST,60,79,73,40,68,6,69,19,19,50,47,65,50,24,44,74,85,53,68,42,53,24,19,52,52,65,94,71,50,76,73,11,37,26,77,44,97,97,97,47,82,84,82,77,84,77,35,81,6,65,23,19,52,48,65,61,24,52,90,97,48,68,42,48,24,19,52,52,65,94,71,50,76,73,11,37,26,74,42,94,94,94,52,90,87,87,Niké Liga
Žilina,c6q7rcydz4bslvyiw1l9nb9vq,cnb0gbtl8sd74w99bog5kuw44,F. Bzdyl,Fabian Bzdyl,18.0,Midfielder,Poland,Midfielder,93.0,4.0,105.0,6.0,194.0,2.0,3.0,6.0,3.0,3.0,4.0,14.0,1.0,3.0,317.0,2.0,5.0,4.0,0.0,6.0,0.0,3.0,1.0,1.0,0.0,0.0,91.51,66.67,21.05,0.0,33.33,51.85,66.67,75.0,0.5156425076641059,0.3431879374306411,2.0,7.0,0.138625,2.0,21.0,17.0,0.53701311,106.0,26.40378548895899,1.135646687697161,29.810725552050474,1.7034700315457414,55.07886435331231,0.5678233438485805,0.8517350157728707,1.7034700315457414,0.8517350157728707,0.8517350157728707,1.135646687697161,3.9747634069400632,0.2839116719242902,0.8517350157728707,0.5678233438485805,1.4195583596214512,1.135646687697161,0.0,1.7034700315457414,0.0,0.8517350157728707,0.2839116719242902,0.2839116719242902,0.0,0.0,91.51,66.67,21.05,0.0,33.33,51.85,66.67,75.0,0.1463969264661499,0.097435061100182,0.5678233438485805,1.987381703470032,0.0393572555205047,0.5678233438485805,5.962145110410095,4.826498422712934,0.1524642899053627,30.094637223974765,DM/CM,84,87,97,60,94,47,65,89,77,68,76,60,11,48,81,69,73,19,89,40,77,82,63,52,48,97,82,55,19,53,52,81,68,87,71,74,95,90,68,94,85,90,94,77,81,97,48,94,32,61,81,74,61,65,35,10,42,68,52,65,19,81,40,71,77,58,52,48,97,82,55,19,53,52,81,68,81,68,68,87,74,61,97,74,81,100,Niké Liga
Žilina,c6q7rcydz4bslvyiw1l9nb9vq,dn0cmj9g9hqefe4of9qripuj9,F. Kaša,Filip Kasa,32.0,Defender,Czechia,Defender,44.0,0.0,15.0,4.0,59.0,1.0,1.0,2.0,1.0,0.0,0.0,2.0,4.0,2.0,90.0,1.0,3.0,0.0,0.0,1.0,0.0,1.0,0.0,0.0,0.0,0.0,79.73,28.57,0.0,0.0,50.0,50.0,50.0,100.0,0.0891502137339899,0.1104592757858132,1.0,0.0,0.0,0.0,5.0,5.0,0.08467674,38.0,44.0,0.0,15.0,4.0,59.0,1.0,1.0,2.0,1.0,0.0,0.0,2.0,4.0,2.0,1.0,3.0,0.0,0.0,1.0,0.0,1.0,0.0,0.0,0.0,0.0,79.73,28.57,0.0,0.0,50.0,50.0,50.0,100.0,0.0891502137339899,0.1104592757858132,1.0,0.0,0.0,0.0,5.0,5.0,0.08467674,38.0,CB,35,38,18,18,21,12,49,47,38,28,28,6,15,43,60,38,15,29,19,47,74,43,29,49,51,38,15,38,29,74,38,44,87,32,56,76,19,19,29,35,35,24,32,85,38,59,72,79,35,75,94,78,28,28,12,46,82,100,94,15,29,65,47,100,43,29,49,51,38,15,38,29,74,38,44,87,59,82,100,19,19,29,85,79,50,91,Niké Liga
Žilina,c6q7rcydz4bslvyiw1l9nb9vq,dw2kvzu6l204zcj1a9hztxfkk,T. Pališčák,Tobiás Paliscák,18.0,Defender,Slovakia,Defender,134.0,0.0,90.0,11.0,224.0,14.0,1.0,2.0,2.0,3.0,4.0,32.0,28.0,6.0,383.0,0.0,4.0,0.0,3.0,7.0,0.0,0.0,0.0,1.0,0.0,0.0,85.5,50.0,0.0,100.0,0.0,66.67,77.78,46.67,0.2877826135489047,0.0486824988428916,0.0,4.0,0.07361422,0.0,25.0,22.0,0.4349807000000001,133.0,31.48825065274152,0.0,21.14882506527416,2.5848563968668405,52.63707571801567,3.289817232375979,0.2349869451697128,0.4699738903394256,0.4699738903394256,0.7049608355091384,0.9399477806788512,7.51958224543081,6.579634464751958,1.4099216710182767,0.0,0.9399477806788512,0.0,0.7049608355091384,1.6449086161879896,0.0,0.0,0.0,0.2349869451697128,0.0,0.0,85.5,50.0,0.0,100.0,0.0,66.67,77.78,46.67,0.0676251572308131,0.0114397516863191,0.0,0.9399477806788512,0.0172983806788511,0.0,5.87467362924282,5.169712793733681,0.1022147859007833,31.2532637075718,RB/RCB,100,28,100,85,100,100,45,60,78,68,72,95,100,72,35,70,12,80,75,40,28,45,72,50,52,85,72,28,95,35,80,90,20,85,30,30,72,65,25,100,88,70,100,100,28,90,70,95,95,30,50,65,55,60,90,95,75,35,50,12,75,60,40,28,45,70,50,52,85,72,28,95,35,80,90,20,65,30,30,65,55,25,95,75,45,100,Niké Liga
Žilina,c6q7rcydz4bslvyiw1l9nb9vq,e4zap9c794k07dzticfmz58no,P. Baleja,Patrik Baleja,19.0,Attacker,Slovakia,Striker,28.0,2.0,51.0,2.0,77.0,1.0,3.0,3.0,1.0,8.0,8.0,6.0,3.0,5.0,246.0,1.0,2.0,1.0,3.0,0.0,0.0,2.0,0.0,1.0,0.0,0.0,81.91,40.0,33.33,37.5,33.33,33.33,25.0,0.0,0.1660095609169255,0.2937633995403815,3.0,1.0,0.02122129,1.0,7.0,8.0,0.3893627499999999,29.0,10.24390243902439,0.7317073170731707,18.65853658536585,0.7317073170731707,28.17073170731708,0.3658536585365853,1.0975609756097562,1.0975609756097562,0.3658536585365853,2.926829268292683,2.926829268292683,2.1951219512195124,1.0975609756097562,1.829268292682927,0.3658536585365853,0.7317073170731707,0.3658536585365853,1.0975609756097562,0.0,0.0,0.7317073170731707,0.0,0.3658536585365853,0.0,0.0,81.91,40.0,33.33,37.5,33.33,33.33,25.0,0.0,0.0607352052135093,0.1074744144659932,1.0975609756097562,0.3658536585365853,0.0077638865853658,0.3658536585365853,2.5609756097560976,2.926829268292683,0.1424497865853658,10.609756097560975,ST,95,79,90,60,90,16,52,11,10,81,74,11,74,98,21,6,18,66,11,42,73,24,50,52,52,90,40,71,45,53,26,32,11,10,61,79,15,10,53,84,77,77,90,97,81,94,65,100,16,42,10,10,81,77,10,77,100,16,6,13,68,11,42,74,24,58,52,52,90,40,71,45,53,26,32,11,10,52,90,10,10,55,90,87,77,90,Niké Liga
Žilina,c6q7rcydz4bslvyiw1l9nb9vq,sd73yki6ae3b83djm76r5mvo,F. Kóša,Frantisek Kósa,20.0,Attacker,Slovakia,Striker,23.0,2.0,59.0,2.0,80.0,2.0,9.0,9.0,6.0,7.0,9.0,13.0,2.0,2.0,266.0,4.0,17.0,2.0,4.0,3.0,3.0,3.0,1.0,3.0,0.0,0.0,73.39,40.0,25.0,57.14,44.44,48.15,0.0,60.0,1.0149855314674836,0.9318243431443508,2.0,5.0,0.42077686,2.0,11.0,13.0,0.82077457,36.0,7.781954887218045,0.6766917293233082,19.9624060150376,0.6766917293233082,27.06766917293233,0.6766917293233082,3.045112781954887,3.045112781954887,2.0300751879699246,2.3684210526315788,3.045112781954887,4.398496240601504,0.6766917293233082,0.6766917293233082,1.3533834586466165,5.75187969924812,0.6766917293233082,1.3533834586466165,1.0150375939849623,1.0150375939849623,1.0150375939849623,0.3383458646616541,1.0150375939849623,0.0,0.0,73.39,40.0,25.0,57.14,44.44,48.15,0.0,60.0,0.3434161572634343,0.3152789130939533,0.6766917293233082,1.6917293233082706,0.1423681105263157,0.6766917293233082,3.721804511278195,4.398496240601504,0.2777056815789473,12.180451127819548,ST,87,79,97,60,97,32,97,79,55,69,81,65,50,82,82,74,35,77,81,98,84,61,77,52,52,55,40,56,76,65,68,11,56,71,97,66,76,100,74,98,94,94,94,94,77,97,55,97,35,97,71,52,61,81,42,52,81,71,68,23,81,84,100,90,65,84,52,52,55,40,56,76,65,68,11,56,65,97,61,68,97,77,100,97,100,94,Niké Liga
Slovan Bratislava,cmj1019uptq8i042n5y16itbd,24m1p3nyfn9nurqdvnvn2mrx1,K. Bajrič,Kenan Bajric,31.0,Defender,Slovenia,Defender,107.0,0.0,56.0,8.0,163.0,0.0,0.0,1.0,1.0,0.0,0.0,2.0,5.0,1.0,166.0,1.0,1.0,0.0,0.0,2.0,0.0,0.0,1.0,0.0,0.0,0.0,97.02,72.73,0.0,0.0,100.0,28.57,0.0,100.0,0.0,0.0,0.0,0.0,0.0,0.0,0.0,0.0,0.0,0.0,58.01204819277108,0.0,30.361445783132528,4.337349397590361,88.37349397590361,0.0,0.0,0.5421686746987951,0.5421686746987951,0.0,0.0,1.0843373493975903,2.710843373493976,0.5421686746987951,0.5421686746987951,0.5421686746987951,0.0,0.0,1.0843373493975903,0.0,0.0,0.5421686746987951,0.0,0.0,0.0,97.02,72.73,0.0,0.0,100.0,28.57,0.0,100.0,0.0,0.0,0.0,0.0,0.0,0.0,0.0,0.0,0.0,0.0,CB,74,38,74,47,76,3,18,26,38,28,28,6,21,19,60,25,15,29,43,47,29,93,29,49,51,100,93,38,29,93,9,6,87,10,21,32,19,19,29,9,9,9,9,97,38,97,85,100,3,18,41,56,28,28,6,24,35,85,26,15,29,71,47,29,100,29,49,51,100,93,38,29,93,9,6,87,10,21,32,19,19,29,9,9,9,9,Niké Liga
Slovan Bratislava,cmj1019uptq8i042n5y16itbd,2vd1l32utzuzqlnbu4h6toh9m,R. Čerepkai,Roman Cerepkai,24.0,Attacker,Slovakia,Striker,5.0,2.0,37.0,1.0,40.0,5.0,1.0,4.0,3.0,6.0,6.0,12.0,1.0,1.0,166.0,3.0,10.0,4.0,2.0,1.0,0.0,1.0,2.0,0.0,0.0,0.0,63.49,50.0,28.57,33.33,75.0,41.38,45.45,100.0,0.2341102164931311,0.0698404557895783,3.0,4.0,0.09712023,0.0,4.0,4.0,0.16389004,15.0,2.710843373493976,1.0843373493975903,20.06024096385542,0.5421686746987951,21.686746987951807,2.710843373493976,0.5421686746987951,2.1686746987951806,1.6265060240963851,3.2530120481927707,3.2530120481927707,6.506024096385541,0.5421686746987951,0.5421686746987951,1.6265060240963851,5.421686746987952,2.1686746987951806,1.0843373493975903,0.5421686746987951,0.0,0.5421686746987951,1.0843373493975903,0.0,0.0,0.0,63.49,50.0,28.57,33.33,75.0,41.38,45.45,100.0,0.1269272258095289,0.0378653073557954,1.6265060240963851,2.1686746987951806,0.0526555463855421,0.0,2.1686746987951806,2.1686746987951806,0.0888560457831325,8.132530120481928,ST,19,79,73,40,47,71,13,19,19,58,56,50,27,61,66,34,61,53,39,42,53,81,19,52,52,16,53,61,39,100,40,71,82,13,16,79,58,48,23,61,50,45,50,16,87,100,45,87,84,19,42,42,90,84,84,42,71,84,61,84,65,52,42,65,94,19,52,52,16,53,61,39,100,40,71,82,19,19,97,87,71,23,84,71,61,77,Niké Liga
Slovan Bratislava,cmj1019uptq8i042n5y16itbd,2x41wpt2f9djuf4jf42eewa1,D. Ihnatenko,Danylo Ihnatenko,29.0,Midfielder,Ukraine,Midfielder,112.0,1.0,67.0,14.0,178.0,7.0,2.0,4.0,1.0,1.0,1.0,12.0,8.0,2.0,270.0,1.0,4.0,3.0,0.0,1.0,0.0,3.0,0.0,1.0,0.0,0.0,91.28,70.0,100.0,0.0,25.0,48.0,53.85,50.0,0.3401651448411664,0.1841181904974382,1.0,4.0,0.1105093,1.0,13.0,12.0,0.4493564699999999,75.0,37.333333333333336,0.3333333333333333,22.33333333333333,4.666666666666667,59.333333333333336,2.333333333333333,0.6666666666666666,1.3333333333333333,0.3333333333333333,0.3333333333333333,0.3333333333333333,4.0,2.6666666666666665,0.6666666666666666,0.3333333333333333,1.3333333333333333,1.0,0.0,0.3333333333333333,0.0,1.0,0.0,0.3333333333333333,0.0,0.0,91.28,70.0,100.0,0.0,25.0,48.0,53.85,50.0,0.1133883816137221,0.0613727301658127,0.3333333333333333,1.3333333333333333,0.0368364333333333,0.3333333333333333,4.333333333333333,4.0,0.1497854899999999,25.0,DM/CM,97,65,76,89,90,89,48,63,39,37,34,45,68,31,50,55,63,19,15,40,77,34,63,52,48,90,89,95,19,40,39,71,27,65,52,55,63,71,48,69,61,77,81,97,71,77,87,97,90,32,65,45,35,32,40,68,23,45,48,53,19,13,40,77,34,71,52,48,90,89,95,19,40,39,71,27,68,35,55,71,71,48,71,68,77,84,Niké Liga
Slovan Bratislava,cmj1019uptq8i042n5y16itbd,2ysn3hzm96wgqqiuddkmjl3ze,D. Matsuoka,Daiki Matsuoka,25.0,Midfielder,Japan,Midfielder,43.0,1.0,60.0,12.0,102.0,6.0,6.0,8.0,8.0,5.0,5.0,18.0,4.0,3.0,277.0,2.0,11.0,3.0,1.0,8.0,1.0,0.0,1.0,2.0,0.0,0.0,84.3,60.0,50.0,20.0,25.0,54.55,85.71,100.0,0.8208047448619717,0.5226227892055909,1.0,2.0,0.07020264,2.0,19.0,33.0,0.58205694,60.0,13.971119133574009,0.3249097472924188,19.494584837545126,3.898916967509025,33.14079422382671,1.9494584837545128,1.9494584837545128,2.5992779783393503,2.5992779783393503,1.624548736462094,1.624548736462094,5.8483754512635375,1.2996389891696751,0.9747292418772564,0.6498194945848376,3.574007220216606,0.9747292418772564,0.3249097472924188,2.5992779783393503,0.3249097472924188,0.0,0.3249097472924188,0.6498194945848376,0.0,0.0,84.3,60.0,50.0,20.0,25.0,54.55,85.71,100.0,0.2666874622295215,0.1698052383700475,0.3249097472924188,0.6498194945848376,0.0228095220216606,0.6498194945848376,6.1732851985559565,10.72202166064982,0.1891159732851985,19.494584837545126,RM/RCM,100,55,91,91,100,95,91,86,100,77,68,82,73,82,68,82,55,36,100,82,18,68,82,55,55,82,64,82,27,50,45,100,95,82,91,41,45,55,73,100,100,82,100,91,36,82,91,91,91,91,64,91,36,36,82,64,82,64,45,55,27,91,82,18,64,73,55,55,82,64,82,27,50,45,100,95,64,91,36,36,36,64,100,100,82,100,Niké Liga
Slovan Bratislava,cmj1019uptq8i042n5y16itbd,2zemf0it3b7xqeoed0eczcx78,M. Kianga,Manasse Kianga,24.0,Midfielder,England,Striker,13.0,3.0,30.0,1.0,40.0,1.0,2.0,7.0,5.0,8.0,9.0,7.0,0.0,0.0,192.0,3.0,15.0,1.0,3.0,1.0,2.0,2.0,2.0,2.0,0.0,0.0,86.96,100.0,50.0,37.5,42.86,50.0,33.33,50.0,0.7139482077366646,0.2724300317711484,3.0,8.0,0.2222584299999999,2.0,1.0,3.0,0.6778928,10.0,6.09375,1.40625,14.0625,0.46875,18.75,0.46875,0.9375,3.28125,2.34375,3.75,4.21875,3.28125,0.0,0.0,1.40625,7.03125,0.46875,1.40625,0.46875,0.9375,0.9375,0.9375,0.9375,0.0,0.0,86.96,100.0,50.0,37.5,42.86,50.0,33.33,50.0,0.3346632223765615,0.1277015773927258,1.40625,3.75,0.1041836390624999,0.9375,0.46875,1.40625,0.3177622499999999,4.6875,RM/RCM,50,91,36,41,36,36,68,73,73,95,91,27,14,14,86,91,27,91,27,100,73,91,82,55,55,91,100,82,45,82,36,36,45,64,82,86,91,91,73,23,27,91,18,55,91,36,36,45,27,64,91,82,100,91,9,14,14,91,100,9,82,18,100,73,91,82,55,55,91,100,82,45,82,36,36,45,82,82,82,91,91,73,27,27,100,18,Niké Liga
Slovan Bratislava,cmj1019uptq8i042n5y16itbd,43jy22jv9mtezhrs22lppv3l5,S. Marković,Svetozar Markovic,26.0,Defender,Serbia,Defender,179.0,1.0,33.0,8.0,211.0,7.0,1.0,1.0,1.0,0.0,0.0,10.0,16.0,1.0,270.0,1.0,4.0,0.0,0.0,2.0,0.0,0.0,1.0,0.0,0.0,0.0,93.78,72.73,100.0,0.0,100.0,66.67,70.0,66.67,0.1181495073313357,0.127508412992471,0.0,1.0,0.05491138,0.0,3.0,3.0,0.16203133,64.0,59.66666666666666,0.3333333333333333,11.0,2.6666666666666665,70.33333333333333,2.333333333333333,0.3333333333333333,0.3333333333333333,0.3333333333333333,0.0,0.0,3.333333333333333,5.333333333333333,0.3333333333333333,0.3333333333333333,1.3333333333333333,0.0,0.0,0.6666666666666666,0.0,0.0,0.3333333333333333,0.0,0.0,0.0,93.78,72.73,100.0,0.0,100.0,66.67,70.0,66.67,0.0393831691104452,0.0425028043308236,0.0,0.3333333333333333,0.0183037933333333,0.0,1.0,1.0,0.0540104433333333,21.33333333333333,CB,97,81,32,47,90,69,49,26,38,28,28,37,66,19,60,50,15,29,43,47,29,93,29,49,51,97,93,100,29,93,82,71,40,38,59,32,50,68,29,28,21,32,56,100,85,29,47,94,65,47,21,35,28,28,29,65,15,59,56,15,29,31,47,29,88,29,49,51,97,93,100,29,93,82,71,40,32,56,32,53,71,29,24,18,32,59,Niké Liga
Slovan Bratislava,cmj1019uptq8i042n5y16itbd,6w6n644baxsqk6zs4h5sed6nd,S. Kozlovský,Samuel Kozlovsky,26.0,Defender,Slovakia,Defender,127.0,5.0,116.0,6.0,238.0,10.0,5.0,3.0,2.0,6.0,6.0,21.0,8.0,5.0,360.0,1.0,6.0,1.0,3.0,5.0,0.0,1.0,1.0,1.0,0.0,0.0,84.7,26.09,41.67,50.0,33.33,65.62,76.92,71.43,0.2560017609063887,0.4935880738149072,0.0,10.0,0.27669655,7.0,30.0,43.0,0.7827647899999999,112.0,31.75,1.25,29.0,1.5,59.5,2.5,1.25,0.75,0.5,1.5,1.5,5.25,2.0,1.25,0.25,1.5,0.25,0.75,1.25,0.0,0.25,0.25,0.25,0.0,0.0,84.7,26.09,41.67,50.0,33.33,65.62,76.92,71.43,0.0640004402265971,0.1233970184537268,0.0,2.5,0.0691741375,1.75,7.5,10.75,0.1956911974999999,28.0,LB/LCB,87,87,100,57,93,87,77,73,67,83,83,80,73,70,63,83,50,73,73,50,77,87,70,50,53,80,47,73,53,57,80,93,53,73,73,30,87,87,100,100,100,93,87,87,73,100,53,93,83,60,60,50,73,67,73,47,60,50,80,47,60,60,50,73,83,60,50,53,80,47,73,53,57,80,93,53,67,67,30,80,73,100,93,100,73,87,Niké Liga
Slovan Bratislava,cmj1019uptq8i042n5y16itbd,78rxvyelnj7orbbzs4u1fghrd,C. Blackman,César Blackman,28.0,Defender,Panama,Defender,28.0,1.0,50.0,7.0,77.0,1.0,6.0,3.0,1.0,2.0,2.0,7.0,2.0,1.0,118.0,0.0,3.0,1.0,2.0,0.0,4.0,2.0,0.0,2.0,0.0,0.0,89.53,63.64,100.0,100.0,0.0,77.78,0.0,0.0,0.1826963919922924,0.5031319969910273,3.0,4.0,0.09346067,1.0,20.0,19.0,0.48428966,38.0,21.35593220338983,0.7627118644067796,38.13559322033898,5.338983050847458,58.72881355932204,0.7627118644067796,4.576271186440678,2.288135593220339,0.7627118644067796,1.5254237288135593,1.5254237288135593,5.338983050847458,1.5254237288135593,0.7627118644067796,0.0,2.288135593220339,0.7627118644067796,1.5254237288135593,0.0,3.0508474576271185,1.5254237288135593,0.0,1.5254237288135593,0.0,0.0,89.53,63.64,100.0,100.0,0.0,77.78,0.0,0.0,0.1393447057568332,0.3837447434677327,2.288135593220339,3.0508474576271185,0.0712835618644067,0.7627118644067796,15.254237288135592,14.491525423728811,0.3693734694915254,28.983050847457623,RB/RCB,28,62,62,55,40,10,98,80,55,52,48,25,12,25,35,57,30,70,8,100,88,45,92,50,52,95,95,100,95,35,95,10,8,55,100,90,72,70,52,88,80,80,45,75,80,100,100,100,15,100,100,80,75,75,65,20,40,35,85,45,90,8,100,95,45,100,50,52,95,95,100,95,35,95,10,8,80,100,100,95,95,75,100,100,100,95,Niké Liga
Slovan Bratislava,cmj1019uptq8i042n5y16itbd,8qblbd58f4db62ju72eq9bcpg,A. Griger,Adam Griger,22.0,Attacker,Slovakia,Striker,8.0,0.0,19.0,3.0,27.0,5.0,1.0,8.0,7.0,2.0,2.0,12.0,0.0,1.0,237.0,1.0,16.0,5.0,1.0,1.0,0.0,1.0,0.0,0.0,0.0,0.0,90.0,100.0,0.0,50.0,12.5,52.17,83.33,100.0,1.5640497498204953,0.0652246532871048,1.0,5.0,0.1645461099999999,0.0,1.0,1.0,0.0162953499999999,3.0,3.037974683544304,0.0,7.215189873417722,1.139240506329114,10.253164556962023,1.89873417721519,0.379746835443038,3.037974683544304,2.6582278481012658,0.759493670886076,0.759493670886076,4.556962025316456,0.0,0.379746835443038,0.379746835443038,6.075949367088608,1.89873417721519,0.379746835443038,0.379746835443038,0.0,0.379746835443038,0.0,0.0,0.0,0.0,90.0,100.0,0.0,50.0,12.5,52.17,83.33,100.0,0.5939429429698083,0.0247688556786473,0.379746835443038,1.89873417721519,0.0624858645569619,0.0,0.379746835443038,0.379746835443038,0.0061881075949366,1.139240506329114,ST,35,26,26,81,31,71,13,68,73,26,24,50,11,61,21,66,73,35,39,42,53,24,19,52,52,97,94,26,68,11,84,100,82,87,13,44,76,74,23,16,19,10,8,26,26,26,87,19,65,16,68,71,24,23,48,11,61,21,84,77,27,31,42,45,24,19,52,52,97,94,26,68,11,84,100,82,90,13,39,79,77,23,16,19,6,6,Niké Liga
Slovan Bratislava,cmj1019uptq8i042n5y16itbd,9hkjwkdnvzeax9s0c4ghsqsfe,P. Pokorný,Peter Pokorny,25.0,Midfielder,Slovakia,Midfielder,39.0,0.0,32.0,7.0,71.0,0.0,0.0,0.0,0.0,0.0,0.0,2.0,5.0,2.0,90.0,0.0,0.0,1.0,0.0,1.0,0.0,0.0,0.0,0.0,0.0,0.0,95.95,87.5,0.0,0.0,0.0,50.0,0.0,100.0,0.0,0.0,0.0,0.0,0.0,0.0,0.0,0.0,0.0,0.0,39.0,0.0,32.0,7.0,71.0,0.0,0.0,0.0,0.0,0.0,0.0,2.0,5.0,2.0,0.0,0.0,1.0,0.0,1.0,0.0,0.0,0.0,0.0,0.0,0.0,95.95,87.5,0.0,0.0,0.0,50.0,0.0,100.0,0.0,0.0,0.0,0.0,0.0,0.0,0.0,0.0,0.0,0.0,DM/CM,35,27,23,69,32,6,6,3,13,15,15,3,47,31,15,6,19,19,15,40,16,34,21,52,48,100,97,27,19,15,47,10,90,3,6,23,8,8,21,3,3,3,3,100,27,100,100,100,6,6,3,13,15,15,6,89,92,15,6,53,19,45,40,16,34,21,52,48,100,97,27,19,15,47,10,90,3,6,23,8,8,21,3,3,3,3,Niké Liga
Slovan Bratislava,cmj1019uptq8i042n5y16itbd,9m0c5nlso2paawkh2y1zrrzrp,J. Medveděv,Jurij Medvedev,30.0,Defender,Czechia,Defender,35.0,0.0,48.0,6.0,83.0,1.0,2.0,1.0,0.0,3.0,4.0,5.0,0.0,0.0,125.0,1.0,3.0,1.0,2.0,1.0,0.0,1.0,0.0,0.0,0.0,0.0,84.69,60.0,0.0,66.67,100.0,45.45,50.0,100.0,0.0631666635841283,0.1760529301417205,0.0,2.0,0.07102951,0.0,12.0,16.0,0.3192082099999999,42.0,25.2,0.0,34.56,4.32,59.760000000000005,0.72,1.44,0.72,0.0,2.16,2.88,3.6,0.0,0.0,0.72,2.16,0.72,1.44,0.72,0.0,0.72,0.0,0.0,0.0,0.0,84.69,60.0,0.0,66.67,100.0,45.45,50.0,100.0,0.0454799977805723,0.1267581097020387,0.0,1.44,0.0511412472,0.0,8.64,11.52,0.2298299111999999,30.24,CB,22,38,62,31,35,12,72,26,16,82,90,15,3,6,60,38,43,81,19,47,74,43,29,49,51,59,81,38,74,93,31,44,87,26,74,32,68,74,29,71,71,56,40,53,38,100,82,82,24,94,44,16,97,97,35,3,6,88,79,68,94,35,47,88,43,29,49,51,59,81,38,74,93,31,44,87,35,88,32,91,97,29,100,97,94,79,Niké Liga
Slovan Bratislava,cmj1019uptq8i042n5y16itbd,a3pp88a52x123muu26sg4maxh,K. Wimmer,Kevin Wimmer,33.0,Defender,Austria,Defender,180.0,2.0,67.0,26.0,245.0,2.0,1.0,1.0,1.0,1.0,1.0,12.0,6.0,6.0,278.0,1.0,3.0,4.0,1.0,2.0,0.0,0.0,0.0,0.0,0.0,0.0,88.45,54.17,66.67,100.0,100.0,80.0,66.67,40.0,0.1334123987881887,0.1040794446227203,0.0,1.0,0.02401521,3.0,26.0,27.0,0.6502754500000001,162.0,58.273381294964025,0.6474820143884892,21.690647482014388,8.417266187050359,79.31654676258992,0.6474820143884892,0.3237410071942446,0.3237410071942446,0.3237410071942446,0.3237410071942446,0.3237410071942446,3.884892086330935,1.9424460431654675,1.9424460431654675,0.3237410071942446,0.9712230215827338,1.2949640287769784,0.3237410071942446,0.6474820143884892,0.0,0.0,0.0,0.0,0.0,0.0,88.45,54.17,66.67,100.0,100.0,80.0,66.67,40.0,0.0431910643558884,0.033694784230377,0.0,0.3237410071942446,0.0077747082733812,0.9712230215827338,8.417266187050359,8.741007194244604,0.2105208291366906,52.44604316546762,LB/LCB,100,63,73,100,100,30,30,37,40,23,23,50,50,87,63,53,87,43,37,50,30,37,30,50,53,93,87,97,93,100,100,77,30,47,27,30,23,17,87,93,93,73,100,100,67,80,100,100,33,27,33,33,13,13,27,37,80,67,33,93,40,33,50,30,37,30,50,53,93,87,97,93,100,100,77,30,40,27,30,13,13,87,100,93,80,100,Niké Liga
Slovan Bratislava,cmj1019uptq8i042n5y16itbd,b6h33b82fqk8rc31a8k5sg60a,A. Mustafić,Alen Mustafic,27.0,Midfielder,Bosnia and Herzegovina,Midfielder,39.0,1.0,35.0,7.0,73.0,0.0,1.0,3.0,2.0,3.0,3.0,8.0,2.0,1.0,148.0,2.0,3.0,1.0,3.0,2.0,0.0,1.0,2.0,0.0,0.0,0.0,91.25,70.0,100.0,100.0,66.67,66.67,0.0,50.0,0.2993264318147904,0.0665721964817856,0.0,2.0,0.0646459799999999,1.0,8.0,11.0,0.2635145199999998,28.0,23.716216216216218,0.6081081081081081,21.283783783783782,4.256756756756757,44.391891891891895,0.0,0.6081081081081081,1.8243243243243243,1.2162162162162162,1.8243243243243243,1.8243243243243243,4.864864864864865,1.2162162162162162,0.6081081081081081,1.2162162162162162,1.8243243243243243,0.6081081081081081,1.8243243243243243,1.2162162162162162,0.0,0.6081081081081081,1.2162162162162162,0.0,0.0,0.0,91.25,70.0,100.0,100.0,66.67,66.67,0.0,50.0,0.1820228301576428,0.0404830924551398,0.0,1.2162162162162162,0.0393117445945945,0.6081081081081081,4.864864864864865,6.6891891891891895,0.1602453162162161,17.027027027027028,RM/RCM,82,55,55,82,73,14,45,23,32,41,41,45,55,45,68,14,27,91,45,36,45,91,14,55,55,100,82,100,100,100,95,18,45,27,36,14,45,45,41,77,73,64,68,100,82,100,100,100,14,55,55,45,45,45,64,55,64,82,9,36,100,64,36,55,100,14,55,55,100,82,100,100,100,95,18,45,36,36,14,55,55,55,91,91,73,91,Niké Liga
Slovan Bratislava,cmj1019uptq8i042n5y16itbd,csll9sz4o457yv9f8k8ceoz6c,A. Maroš,Alexej Maros,21.0,Midfielder,Slovakia,Midfielder,15.0,8.0,58.0,2.0,65.0,0.0,9.0,8.0,6.0,13.0,15.0,8.0,0.0,2.0,211.0,2.0,21.0,2.0,4.0,2.0,2.0,2.0,1.0,5.0,0.0,0.0,90.28,100.0,50.0,30.77,25.0,25.81,0.0,100.0,0.8103690557574659,1.1748479108683263,3.0,12.0,0.4201446199999999,5.0,2.0,13.0,1.07637317,25.0,6.398104265402844,3.4123222748815163,24.739336492890995,0.8530805687203791,27.72511848341232,0.0,3.838862559241706,3.4123222748815163,2.559241706161137,5.545023696682464,6.398104265402844,3.4123222748815163,0.0,0.8530805687203791,0.8530805687203791,8.957345971563981,0.8530805687203791,1.706161137440758,0.8530805687203791,0.8530805687203791,0.8530805687203791,0.4265402843601895,2.132701421800948,0.0,0.0,90.28,100.0,50.0,30.77,25.0,25.81,0.0,100.0,0.3456550474794878,0.5011199619817506,1.2796208530805686,5.118483412322274,0.1792086056872037,2.132701421800948,0.8530805687203791,5.545023696682464,0.4591165180094786,10.66350710900474,CM/AM,32,100,80,46,48,20,93,75,84,91,93,21,9,57,54,95,18,79,48,95,43,75,93,50,50,89,91,89,38,43,7,21,89,79,100,62,95,96,95,12,71,96,39,32,100,93,46,64,20,96,89,89,96,96,29,9,75,68,96,32,93,54,100,50,79,100,50,50,89,91,89,38,43,7,21,89,79,100,79,96,96,96,18,82,96,43,Niké Liga
Slovan Bratislava,cmj1019uptq8i042n5y16itbd,cz0ivswd8ej4texqzly61p6hg,R. Ibrahim,Rahim Ibrahim,25.0,Midfielder,Ghana,Midfielder,41.0,0.0,26.0,4.0,67.0,1.0,2.0,5.0,4.0,6.0,6.0,8.0,0.0,0.0,136.0,3.0,4.0,3.0,3.0,0.0,0.0,1.0,2.0,0.0,0.0,0.0,90.54,66.67,0.0,50.0,60.0,42.11,25.0,0.0,0.6804326343045312,0.0978593334276705,1.0,2.0,0.03870264,0.0,6.0,5.0,0.07197292,30.0,27.13235294117647,0.0,17.205882352941178,2.647058823529412,44.338235294117645,0.6617647058823529,1.3235294117647058,3.308823529411765,2.647058823529412,3.9705882352941178,3.9705882352941178,5.294117647058823,0.0,0.0,1.9852941176470589,2.647058823529412,1.9852941176470589,1.9852941176470589,0.0,0.0,0.6617647058823529,1.3235294117647058,0.0,0.0,0.0,90.54,66.67,0.0,50.0,60.0,42.11,25.0,0.0,0.4502863021132927,0.0647598530036054,0.6617647058823529,1.3235294117647058,0.0256120411764705,0.0,3.9705882352941178,3.308823529411765,0.0476291382352941,19.852941176470587,DM/CM,40,27,16,39,26,21,48,76,90,92,90,26,5,8,94,55,63,85,5,40,42,100,21,52,48,87,82,27,60,90,18,21,5,94,32,55,40,35,21,27,18,13,23,81,27,58,71,74,48,74,100,100,97,97,68,5,8,100,87,85,94,5,40,68,100,21,52,48,87,82,27,60,90,18,21,5,100,39,87,68,58,21,61,55,16,68,Niké Liga
Slovan Bratislava,cmj1019uptq8i042n5y16itbd,e1n8z01dq1qvm7krrjwk3y61g,A. Gajdoš,Artur Gajdos,22.0,Midfielder,Slovakia,Midfielder,40.0,4.0,88.0,17.0,124.0,2.0,6.0,2.0,2.0,2.0,2.0,17.0,2.0,0.0,247.0,0.0,9.0,5.0,2.0,3.0,2.0,0.0,0.0,1.0,0.0,0.0,90.51,94.44,36.36,100.0,0.0,73.91,0.0,37.5,0.1875433151991122,0.5892025701449037,1.0,5.0,0.1088523999999999,5.0,21.0,22.0,0.6684071200000001,59.0,14.574898785425102,1.45748987854251,32.064777327935225,6.194331983805668,45.18218623481781,0.728744939271255,2.1862348178137654,0.728744939271255,0.728744939271255,0.728744939271255,0.728744939271255,6.194331983805668,0.728744939271255,0.0,0.0,3.279352226720648,1.8218623481781373,0.728744939271255,1.0931174089068827,0.728744939271255,0.0,0.0,0.3643724696356275,0.0,0.0,90.51,94.44,36.36,100.0,0.0,73.91,0.0,37.5,0.0683356209227534,0.2146891955993576,0.3643724696356275,1.8218623481781373,0.0396628178137651,1.8218623481781373,7.651821862348178,8.016194331983806,0.2435491530364373,21.497975708502025,CM/AM,93,84,96,100,93,62,80,20,45,21,16,77,50,16,18,62,73,54,66,95,12,30,39,50,50,96,79,86,96,18,100,21,21,29,86,34,52,46,95,96,93,79,93,93,86,100,100,100,64,86,18,46,21,18,82,46,16,18,61,71,50,61,93,12,30,32,50,50,96,79,86,96,18,100,21,21,29,79,25,43,43,89,100,100,82,100,Niké Liga
Slovan Bratislava,cmj1019uptq8i042n5y16itbd,ezec1c8uli4wz18eaysm5fuok,A. Yirajang,Alasana Yirajang,21.0,Midfielder,Gambia,Midfielder,14.0,3.0,49.0,2.0,60.0,0.0,7.0,5.0,5.0,12.0,12.0,13.0,0.0,0.0,150.0,2.0,19.0,3.0,7.0,3.0,1.0,0.0,1.0,1.0,0.0,0.0,93.75,100.0,60.0,58.33,40.0,54.17,0.0,100.0,0.4047024689312761,0.7485498574333356,1.0,14.0,0.5763157400000001,3.0,3.0,8.0,0.7892982399999999,16.0,8.4,1.7999999999999998,29.4,1.2,36.0,0.0,4.2,3.0,3.0,7.199999999999999,7.199999999999999,7.8,0.0,0.0,1.2,11.4,1.7999999999999998,4.2,1.7999999999999998,0.6,0.0,0.6,0.6,0.0,0.0,93.75,100.0,60.0,58.33,40.0,54.17,0.0,100.0,0.2428214813587656,0.4491299144600013,0.6,8.4,0.345789444,1.7999999999999998,1.7999999999999998,4.8,0.4735789439999999,9.6,CM/AM,25,73,62,46,39,20,86,50,77,86,84,57,9,16,54,86,36,96,66,75,12,75,39,50,50,100,91,96,86,71,82,21,89,50,89,34,100,100,66,29,43,93,21,61,93,96,68,93,20,100,75,96,100,100,93,9,16,82,100,68,100,86,86,12,89,57,50,50,100,91,96,86,71,82,21,89,64,96,43,100,100,86,43,75,100,36,Niké Liga
