Team,contestantId,playerId,Short Name,Player Name,Age,Position_x,Nationality,Position_y,total accurate back zone pass_Total,total accurate fwd zone pass_Total,total accurate long balls_Total,total accurate pass_Total,total aerial won_Total,total big chances saved_Total,total duels won_Total,total effective clearance_Total,total mins played,total was fouled_Total,total accurate cross_Total,total assists_Total,total att assist_Total,total attempt_Total,total attempts ibox_Total,total attempts obox_Total,total blocked scoring att_Total,total contest_Total,total dribbles attempted_Total,total goals_Total,total interception_Total,total ontarget attempt_Total,total touches in opposition box_Total,total won contest_Total,total won tackle_Total,total direct setpiece goals_Total,total direct corner goals_Total,pass_success_pct_Total,long_balls_success_pct_Total,cross_success_pct_Total,dribble_success_pct_Total,attempt_success_pct_Total,duel_success_pct_Total,aerial_success_pct_Total,tackle_success_pct_Total,xG_Total,xA_Total,CreatedOwnShot_Total,Total Carries_Total,Total Carry xT_Total,Total Final Third Carries_Total,passes_into_final_third_Total,progressive_passes_Total,xT_pass_Total,forward_passes_Total,total accurate back zone pass_p90,total accurate fwd zone pass_p90,total accurate long balls_p90,total accurate pass_p90,total aerial won_p90,total big chances saved_p90,total duels won_p90,total effective clearance_p90,total was fouled_p90,total accurate cross_p90,total assists_p90,total att assist_p90,total attempt_p90,total attempts ibox_p90,total attempts obox_p90,total blocked scoring att_p90,total contest_p90,total dribbles attempted_p90,total goals_p90,total interception_p90,total ontarget attempt_p90,total touches in opposition box_p90,total won contest_p90,total won tackle_p90,total direct setpiece goals_p90,total direct corner goals_p90,pass_success_pct_p90,long_balls_success_pct_p90,cross_success_pct_p90,dribble_success_pct_p90,attempt_success_pct_p90,duel_success_pct_p90,aerial_success_pct_p90,tackle_success_pct_p90,xG_p90,xA_p90,CreatedOwnShot_p90,Total Carries_p90,Total Carry xT_p90,Total Final Third Carries_p90,passes_into_final_third_p90,progressive_passes_p90,xT_pass_p90,forward_passes_p90,Pos.,total accurate back zone pass_TotalPR,total accurate fwd zone pass_TotalPR,total accurate long balls_TotalPR,total accurate pass_TotalPR,total aerial won_TotalPR,total big chances saved_TotalPR,total duels won_TotalPR,total effective clearance_TotalPR,total was fouled_TotalPR,total accurate cross_TotalPR,total assists_TotalPR,total att assist_TotalPR,total attempt_TotalPR,total attempts ibox_TotalPR,total attempts obox_TotalPR,total blocked scoring att_TotalPR,total contest_TotalPR,total dribbles attempted_TotalPR,total goals_TotalPR,total interception_TotalPR,total ontarget attempt_TotalPR,total touches in opposition box_TotalPR,total won contest_TotalPR,total won tackle_TotalPR,total direct setpiece goals_TotalPR,total direct corner goals_TotalPR,pass_success_pct_TotalPR,long_balls_success_pct_TotalPR,cross_success_pct_TotalPR,dribble_success_pct_TotalPR,attempt_success_pct_TotalPR,duel_success_pct_TotalPR,aerial_success_pct_TotalPR,tackle_success_pct_TotalPR,xG_TotalPR,xA_TotalPR,CreatedOwnShot_TotalPR,Total Carries_TotalPR,Total Carry xT_TotalPR,Total Final Third Carries_TotalPR,passes_into_final_third_TotalPR,progressive_passes_TotalPR,xT_pass_TotalPR,forward_passes_TotalPR,total accurate back zone pass_p90PR,total accurate fwd zone pass_p90PR,total accurate long balls_p90PR,total accurate pass_p90PR,total aerial won_p90PR,total big chances saved_p90PR,total duels won_p90PR,total effective clearance_p90PR,total was fouled_p90PR,total accurate cross_p90PR,total assists_p90PR,total att assist_p90PR,total attempt_p90PR,total attempts ibox_p90PR,total attempts obox_p90PR,total blocked scoring att_p90PR,total contest_p90PR,total dribbles attempted_p90PR,total goals_p90PR,total interception_p90PR,total ontarget attempt_p90PR,total touches in opposition box_p90PR,total won contest_p90PR,total won tackle_p90PR,total direct setpiece goals_p90PR,total direct corner goals_p90PR,pass_success_pct_p90PR,long_balls_success_pct_p90PR,cross_success_pct_p90PR,dribble_success_pct_p90PR,attempt_success_pct_p90PR,duel_success_pct_p90PR,aerial_success_pct_p90PR,tackle_success_pct_p90PR,xG_p90PR,xA_p90PR,CreatedOwnShot_p90PR,Total Carries_p90PR,Total Carry xT_p90PR,Total Final Third Carries_p90PR,passes_into_final_third_p90PR,progressive_passes_p90PR,xT_pass_p90PR,forward_passes_p90PR,League
AIK,5mbo4f0vps12dr0fcvjn3wyp5,289f8ysumkm0ilmx2z472cei2,I. Cissé,Ibrahim Cissé,27.0,Defender,Côte d'Ivoire,Defender,274.0,128.0,9.0,402.0,20.0,0.0,43.0,50.0,714.0,8.0,0.0,0.0,0.0,7.0,7.0,0.0,3.0,3.0,3.0,1.0,8.0,4.0,9.0,3.0,8.0,0.0,0.0,92.63,56.25,0.0,100.0,57.14,62.32,62.5,66.67,0.9628050009218728,0.0,0.0,10.0,0.19305666,3.0,15.0,19.0,0.4428443299999999,258.0,34.53781512605042,16.134453781512605,1.134453781512605,50.67226890756302,2.5210084033613445,0.0,5.42016806722689,6.302521008403361,1.0084033613445378,0.0,0.0,0.0,0.8823529411764706,0.8823529411764706,0.0,0.3781512605042016,0.3781512605042016,0.3781512605042016,0.1260504201680672,1.0084033613445378,0.5042016806722689,1.134453781512605,0.3781512605042016,1.0084033613445378,0.0,0.0,92.63,56.25,0.0,100.0,57.14,62.32,62.5,66.67,0.1213619749061184,0.0,0.0,1.2605042016806722,0.0243348731092436,0.3781512605042016,1.8907563025210083,2.394957983193277,0.0558207138655462,32.52100840336134,CB,56,47,23,50,62,39,56,65,70,30,41,11,69,79,28,92,55,55,71,46,89,55,79,58,51,51,91,88,30,89,94,71,59,67,77,14,27,71,68,56,35,39,38,58,64,50,12,61,79,39,80,83,74,30,41,11,80,86,28,86,58,58,73,51,94,54,76,62,51,51,91,88,30,89,94,71,59,67,83,14,27,70,65,55,27,32,20,61,Allsvenskan
AIK,5mbo4f0vps12dr0fcvjn3wyp5,2l14t89f2n27b28xqfguvr4es,S. Omondi,Stanley Omondi,20.0,Midfielder,Kenya,Midfielder,228.0,272.0,55.0,499.0,6.0,0.0,54.0,17.0,824.0,12.0,1.0,2.0,8.0,5.0,0.0,5.0,1.0,25.0,25.0,0.0,6.0,1.0,6.0,14.0,11.0,0.0,0.0,88.63,70.51,33.33,56.0,20.0,55.67,42.86,50.0,0.3396982837371318,0.5404405902900555,3.0,37.0,0.8805045199999998,13.0,63.0,64.0,1.6395919700000008,272.0,24.902912621359224,29.70873786407768,6.007281553398059,54.50242718446602,0.6553398058252428,0.0,5.898058252427185,1.8567961165048543,1.3106796116504855,0.1092233009708738,0.2184466019417476,0.8737864077669903,0.5461165048543689,0.0,0.5461165048543689,0.1092233009708738,2.7305825242718447,2.7305825242718447,0.0,0.6553398058252428,0.1092233009708738,0.6553398058252428,1.529126213592233,1.2014563106796117,0.0,0.0,88.63,70.51,33.33,56.0,20.0,55.67,42.86,50.0,0.03710296788391,0.0590287052501274,0.3276699029126214,4.04126213592233,0.0961716101941747,1.4199029126213594,6.881067961165049,6.990291262135923,0.1790816472087379,29.70873786407768,DM/CM,50,52,95,50,55,46,52,54,57,49,80,50,34,9,51,30,92,90,31,35,38,31,94,44,50,51,80,98,72,78,42,62,54,28,30,42,38,86,85,74,62,66,55,50,80,80,100,80,52,46,80,65,62,45,95,52,28,9,57,28,100,100,31,12,35,18,100,48,50,51,80,98,72,78,42,62,54,28,22,40,32,100,100,90,78,85,80,78,Allsvenskan
AIK,5mbo4f0vps12dr0fcvjn3wyp5,2q5dedfrzn793s2alaaig8i6s,A. Ali,Abdihakin Ali,24.0,Midfielder,Sweden,Midfielder,119.0,136.0,8.0,255.0,4.0,0.0,43.0,6.0,597.0,11.0,0.0,0.0,7.0,8.0,3.0,5.0,4.0,12.0,12.0,0.0,5.0,1.0,19.0,3.0,16.0,0.0,0.0,83.33,66.67,0.0,25.0,12.5,66.15,0.0,64.0,0.5105527540275215,0.3044220295473994,5.0,23.0,0.5216471,13.0,25.0,15.0,0.4882383099999999,112.0,17.93969849246231,20.50251256281407,1.2060301507537687,38.44221105527638,0.6030150753768844,0.0,6.482412060301507,0.9045226130653266,1.658291457286432,0.0,0.0,1.0552763819095476,1.2060301507537687,0.4522613065326633,0.7537688442211055,0.6030150753768844,1.809045226130653,1.809045226130653,0.0,0.7537688442211055,0.1507537688442211,2.8643216080402008,0.4522613065326633,2.412060301507537,0.0,0.0,83.33,66.67,0.0,25.0,12.5,66.15,0.0,64.0,0.0769677518634454,0.0458927682734772,0.7537688442211055,3.467336683417085,0.0786402663316582,1.9597989949748744,3.7688442211055273,2.2613065326633164,0.0736037653266331,16.884422110552762,CM/AM,71,51,58,53,55,51,50,50,45,12,20,32,36,26,54,50,46,45,24,49,18,40,27,87,51,51,61,89,12,16,14,98,8,57,27,14,54,57,49,68,55,40,27,55,90,55,55,69,55,51,73,49,63,12,20,22,29,24,59,65,57,53,24,45,16,37,31,96,51,51,61,89,12,16,14,98,8,57,14,8,65,82,69,96,67,27,18,69,Allsvenskan
AIK,5mbo4f0vps12dr0fcvjn3wyp5,3bxqgluj0fm03fst1ln0crg2c,K. Filling,Kevin Filling,17.0,Attacker,Sweden,Striker,53.0,138.0,6.0,188.0,5.0,0.0,47.0,3.0,938.0,23.0,3.0,3.0,10.0,19.0,9.0,10.0,7.0,15.0,15.0,2.0,8.0,6.0,32.0,10.0,6.0,0.0,0.0,80.69,75.0,30.0,66.67,31.58,49.47,23.81,66.67,1.7853130736211382,1.0007815955229569,9.0,20.0,0.6280312399999999,6.0,5.0,9.0,0.8329419799999999,39.0,5.085287846481876,13.2409381663113,0.5756929637526652,18.03837953091685,0.4797441364605543,0.0,4.509594882729211,0.2878464818763326,2.20682302771855,0.2878464818763326,0.2878464818763326,0.9594882729211088,1.8230277185501065,0.8635394456289979,0.9594882729211088,0.6716417910447761,1.439232409381663,1.439232409381663,0.1918976545842217,0.767590618336887,0.5756929637526652,3.070362473347548,0.9594882729211088,0.5756929637526652,0.0,0.0,80.69,75.0,30.0,66.67,31.58,49.47,23.81,66.67,0.1712986957632222,0.0960238204659553,0.8635394456289979,1.9189765458422168,0.0602588609808102,0.5756929637526652,0.4797441364605543,0.8635394456289979,0.0799198061833688,3.742004264392324,ST,67,82,83,77,37,50,69,35,92,87,95,74,63,40,88,77,63,62,62,88,55,59,82,71,51,51,82,83,82,88,38,85,31,51,54,79,82,86,85,74,46,58,79,54,56,79,72,77,23,50,41,13,82,82,92,46,28,15,85,62,49,41,46,77,26,18,69,49,51,51,82,83,82,88,38,85,31,51,23,69,72,74,72,59,23,41,69,36,Allsvenskan
AIK,5mbo4f0vps12dr0fcvjn3wyp5,45stt0xeohn9ti5cozz7vqhhw,E. Edh,Eskil Edh,24.0,Defender,Norway,Defender,34.0,42.0,7.0,75.0,2.0,0.0,8.0,13.0,180.0,2.0,1.0,0.0,2.0,0.0,0.0,0.0,0.0,3.0,3.0,0.0,1.0,0.0,0.0,1.0,2.0,0.0,0.0,76.53,38.89,33.33,33.33,0.0,38.1,40.0,66.67,0.0,0.1062636994340852,0.0,4.0,0.09862071,7.0,7.0,7.0,0.2137887799999999,38.0,17.0,21.0,3.5,37.5,1.0,0.0,4.0,6.5,1.0,0.5,0.0,1.0,0.0,0.0,0.0,0.0,1.5,1.5,0.0,0.5,0.0,0.0,0.5,1.0,0.0,0.0,76.53,38.89,33.33,33.33,0.0,38.1,40.0,66.67,0.0,0.0531318497170426,0.0,2.0,0.049310355,3.5,3.5,3.5,0.1068943899999999,19.0,CB,6,17,17,6,7,39,9,17,23,68,41,50,8,11,28,16,55,55,28,5,18,2,44,15,51,51,2,42,80,45,18,3,11,67,8,41,27,45,45,80,23,21,20,14,14,70,88,27,18,39,41,88,73,95,41,96,8,11,28,16,94,94,28,5,18,2,87,61,51,51,2,42,80,45,18,3,11,67,8,82,27,82,88,98,62,55,62,26,Allsvenskan
AIK,5mbo4f0vps12dr0fcvjn3wyp5,6pepyzak4dixdnxbegfg8etqs,F. Nissen,Fredrik Nissen,21.0,Defender,Sweden,Defender,65.0,40.0,13.0,105.0,2.0,0.0,5.0,8.0,154.0,0.0,0.0,0.0,0.0,1.0,0.0,1.0,1.0,1.0,1.0,0.0,1.0,0.0,1.0,0.0,0.0,0.0,0.0,92.92,68.42,0.0,0.0,0.0,45.45,40.0,0.0,0.0423265016108272,0.0,1.0,2.0,0.0399414,0.0,6.0,8.0,0.1372758699999999,69.0,37.98701298701299,23.37662337662337,7.597402597402597,61.36363636363637,1.168831168831169,0.0,2.9220779220779223,4.675324675324676,0.0,0.0,0.0,0.0,0.5844155844155845,0.0,0.5844155844155845,0.5844155844155845,0.5844155844155845,0.5844155844155845,0.0,0.5844155844155845,0.0,0.5844155844155845,0.0,0.0,0.0,0.0,92.92,68.42,0.0,0.0,0.0,45.45,40.0,0.0,0.0247362671751587,0.0,0.5844155844155845,1.168831168831169,0.0233423766233766,0.0,3.5064935064935066,4.675324675324676,0.0802261577922077,40.324675324675326,CB,9,15,36,12,7,39,5,8,5,30,41,11,19,11,69,48,27,26,28,5,18,6,14,3,51,51,94,100,30,14,18,8,11,3,17,14,64,34,30,16,20,23,14,21,73,79,100,79,21,39,17,42,5,30,41,11,58,11,95,95,73,71,28,12,18,18,14,3,51,51,94,100,30,14,18,8,11,3,23,14,97,67,64,16,64,77,45,89,Allsvenskan
AIK,5mbo4f0vps12dr0fcvjn3wyp5,6qsfpacj72gsgvk1nmtv0kidw,Y. Geiger,Yannick Geiger,19.0,Midfielder,Sweden,Midfielder,87.0,84.0,12.0,171.0,1.0,0.0,16.0,6.0,336.0,3.0,0.0,0.0,3.0,4.0,0.0,4.0,0.0,8.0,10.0,1.0,4.0,1.0,1.0,5.0,4.0,0.0,0.0,89.06,80.0,0.0,62.5,25.0,42.11,25.0,57.14,0.3155519402626725,0.0707319854318924,4.0,13.0,0.25661484,1.0,21.0,13.0,0.35268726,67.0,23.303571428571427,22.5,3.2142857142857144,45.80357142857143,0.2678571428571428,0.0,4.285714285714286,1.6071428571428572,0.8035714285714286,0.0,0.0,0.8035714285714286,1.0714285714285714,0.0,1.0714285714285714,0.0,2.142857142857143,2.6785714285714284,0.2678571428571428,1.0714285714285714,0.2678571428571428,0.2678571428571428,1.3392857142857142,1.0714285714285714,0.0,0.0,89.06,80.0,0.0,62.5,25.0,42.11,25.0,57.14,0.0845228411417872,0.0189460675263997,1.0714285714285714,3.482142857142857,0.0687361178571428,0.2678571428571428,5.625,3.482142857142857,0.0944698017857142,17.94642857142857,DM/CM,28,25,30,25,15,46,26,22,29,19,28,24,26,9,42,10,45,52,72,22,38,11,55,18,50,51,88,100,19,88,54,10,21,42,25,20,52,36,30,11,24,22,20,18,60,55,82,57,22,46,45,50,38,19,28,42,60,9,92,10,90,98,100,38,60,10,95,38,50,51,88,100,19,88,54,10,21,42,65,18,95,92,80,12,70,30,28,20,Allsvenskan
AIK,5mbo4f0vps12dr0fcvjn3wyp5,7jdeesmfaskq8lruce2hnum1g,C. Pavey,Charlie Pavey,18.0,Defender,Sweden,Defender,76.0,66.0,3.0,139.0,1.0,0.0,13.0,9.0,313.0,3.0,3.0,0.0,4.0,3.0,2.0,1.0,1.0,4.0,4.0,0.0,3.0,2.0,9.0,2.0,5.0,0.0,0.0,87.97,25.0,27.27,50.0,66.67,56.52,50.0,71.43,0.2028818004997156,0.4454360410726807,1.0,5.0,0.121143,2.0,10.0,13.0,0.5679259400000001,65.0,21.85303514376997,18.977635782747605,0.8626198083067093,39.96805111821086,0.2875399361022364,0.0,3.7380191693290734,2.587859424920128,0.8626198083067093,0.8626198083067093,0.0,1.1501597444089458,0.8626198083067093,0.5750798722044729,0.2875399361022364,0.2875399361022364,1.1501597444089458,1.1501597444089458,0.0,0.8626198083067093,0.5750798722044729,2.587859424920128,0.5750798722044729,1.437699680511182,0.0,0.0,87.97,25.0,27.27,50.0,66.67,56.52,50.0,71.43,0.0583366199519949,0.1280806507876717,0.2875399361022364,1.437699680511182,0.0348334504792332,0.5750798722044729,2.8753993610223643,3.7380191693290734,0.1633013884984025,18.690095846645367,RB/RCB,35,35,25,35,12,40,12,25,35,50,28,45,30,42,22,32,25,25,38,20,68,38,32,25,50,52,90,25,60,50,90,75,40,62,30,55,32,38,40,25,35,35,30,35,65,60,20,65,10,40,35,55,50,75,28,75,70,75,50,75,40,40,38,30,90,90,55,75,50,52,90,25,60,50,90,75,40,62,55,85,75,70,60,40,50,45,60,50,Allsvenskan
AIK,5mbo4f0vps12dr0fcvjn3wyp5,alxccjq2y6il5yjw108a0axnt,J. Hove,Johan Hove,25.0,Midfielder,Norway,Midfielder,142.0,248.0,39.0,386.0,18.0,0.0,61.0,20.0,1350.0,11.0,4.0,1.0,17.0,33.0,29.0,4.0,11.0,11.0,11.0,5.0,10.0,13.0,57.0,6.0,15.0,0.0,0.0,74.09,52.0,17.39,54.55,39.39,53.51,60.0,57.69,3.2574341220199665,1.25208044944507,6.0,24.0,0.73996548,15.0,59.0,58.0,1.7981701299999997,200.0,9.466666666666669,16.533333333333335,2.6,25.73333333333333,1.2,0.0,4.066666666666666,1.3333333333333333,0.7333333333333333,0.2666666666666666,0.0666666666666666,1.1333333333333333,2.2,1.933333333333333,0.2666666666666666,0.7333333333333333,0.7333333333333333,0.7333333333333333,0.3333333333333333,0.6666666666666666,0.8666666666666667,3.8,0.4,1.0,0.0,0.0,74.09,52.0,17.39,54.55,39.39,53.51,60.0,57.69,0.2171622748013311,0.0834720299630046,0.4,1.6,0.049331032,1.0,3.933333333333333,3.866666666666666,0.1198780086666666,13.333333333333334,CM/AM,78,69,98,73,98,51,77,97,45,68,54,76,92,100,41,92,42,41,95,71,90,88,59,84,51,51,14,59,47,84,69,88,95,41,90,69,66,61,67,83,88,82,78,76,45,37,92,43,84,51,31,73,16,53,43,31,73,94,16,73,10,10,86,39,80,59,20,41,51,51,14,59,47,84,69,88,95,41,80,29,31,29,29,34,69,57,43,55,Allsvenskan
AIK,5mbo4f0vps12dr0fcvjn3wyp5,b11ffe62rpm020r3u6t1lhvx1,M. Thychosen,Mads Thychosen,29.0,Defender,Denmark,Defender,174.0,204.0,15.0,376.0,15.0,1.0,47.0,23.0,865.0,9.0,2.0,0.0,3.0,4.0,0.0,4.0,2.0,13.0,14.0,0.0,6.0,0.0,9.0,6.0,11.0,0.0,0.0,76.73,31.25,9.52,46.15,0.0,55.95,55.56,64.71,0.1886017822348935,0.300555894915036,3.0,10.0,0.2229131499999999,13.0,39.0,45.0,0.9714900700000004,185.0,18.10404624277457,21.22543352601156,1.560693641618497,39.121387283237,1.560693641618497,0.1040462427745664,4.890173410404625,2.393063583815029,0.9364161849710984,0.2080924855491329,0.0,0.3121387283236994,0.4161849710982659,0.0,0.4161849710982659,0.2080924855491329,1.3526011560693645,1.4566473988439308,0.0,0.6242774566473989,0.0,0.9364161849710984,0.6242774566473989,1.1445086705202312,0.0,0.0,76.73,31.25,9.52,46.15,0.0,55.95,55.56,64.71,0.0196233068221276,0.0312717116096569,0.3121387283236994,1.0404624277456649,0.0231932757225433,1.3526011560693645,4.057803468208093,4.682080924855492,0.1010798916763006,19.2485549132948,RB/RCB,48,55,40,50,80,90,55,42,62,32,28,35,40,10,82,55,80,80,38,40,18,38,68,52,50,52,30,30,20,40,18,70,75,55,25,40,75,50,55,78,65,50,50,50,50,65,40,60,90,95,65,35,60,25,28,30,25,10,70,60,65,60,38,10,18,25,60,55,50,52,30,30,20,40,18,70,75,55,15,45,80,50,55,85,80,75,40,55,Allsvenskan
AIK,5mbo4f0vps12dr0fcvjn3wyp5,b5efwfrqbzdfknrjq3agklvdg,T. Ayari,Taha Ayari,21.0,Midfielder,Sweden,Midfielder,34.0,89.0,5.0,122.0,12.0,0.0,59.0,6.0,623.0,20.0,1.0,2.0,14.0,11.0,9.0,2.0,5.0,33.0,33.0,1.0,7.0,4.0,27.0,10.0,7.0,0.0,0.0,77.71,71.43,12.5,30.3,36.36,47.2,50.0,41.18,1.3902695705336794,1.106814478159112,6.0,10.0,0.28227778,9.0,10.0,21.0,0.90676743,54.0,4.911717495987158,12.857142857142856,0.7223113964686998,17.624398073836275,1.7335473515248796,0.0,8.523274478330658,0.8667736757624398,2.889245585874799,0.1444622792937399,0.2889245585874799,2.02247191011236,1.5890850722311396,1.3001605136436596,0.2889245585874799,0.7223113964686998,4.767255216693418,4.767255216693418,0.1444622792937399,1.0112359550561798,0.5778491171749599,3.9004815409309774,1.4446227929373996,1.0112359550561798,0.0,0.0,77.71,71.43,12.5,30.3,36.36,47.2,50.0,41.18,0.2008415109920243,0.1598929422701767,0.8667736757624398,1.4446227929373996,0.0407784914927768,1.3001605136436596,1.4446227929373996,3.033707865168539,0.1309936897271268,7.800963081861957,CM/AM,27,33,39,33,90,51,69,50,72,34,74,61,44,68,24,60,88,85,55,62,54,58,78,35,51,51,33,96,32,24,61,55,82,4,61,57,66,33,33,50,29,49,55,31,6,22,43,10,100,51,94,47,94,35,82,76,49,76,20,71,94,92,57,69,59,61,84,46,51,51,33,96,32,24,61,55,82,4,73,67,78,20,18,71,14,41,49,24,Allsvenskan
AIK,5mbo4f0vps12dr0fcvjn3wyp5,bdb1xrhi8k9munhdb0s2jnl78,L. Järeteg,Linus Järeteg,19.0,Midfielder,Sweden,Midfielder,16.0,32.0,3.0,48.0,0.0,0.0,11.0,4.0,112.0,1.0,0.0,0.0,1.0,1.0,0.0,1.0,1.0,8.0,8.0,0.0,0.0,0.0,2.0,4.0,6.0,0.0,0.0,81.36,50.0,0.0,50.0,0.0,47.83,0.0,100.0,0.1000006510667305,0.1377684291406797,1.0,5.0,0.11825747,2.0,3.0,4.0,0.2796505,16.0,12.857142857142858,25.714285714285715,2.4107142857142856,38.57142857142857,0.0,0.0,8.839285714285714,3.2142857142857144,0.8035714285714286,0.0,0.0,0.8035714285714286,0.8035714285714286,0.0,0.8035714285714286,0.8035714285714286,6.428571428571429,6.428571428571429,0.0,0.0,0.0,1.6071428571428572,3.2142857142857144,4.821428571428571,0.0,0.0,81.36,50.0,0.0,50.0,0.0,47.83,0.0,100.0,0.0803576660357655,0.1107067734166176,0.8035714285714286,4.017857142857142,0.0950283241071428,1.6071428571428572,2.4107142857142856,3.2142857142857144,0.2247191517857143,12.857142857142858,CM/AM,5,10,26,10,5,51,13,32,10,12,20,5,5,5,11,15,28,27,24,5,7,8,37,29,51,51,55,50,12,76,7,63,8,96,6,4,19,13,14,13,5,6,10,6,69,76,88,71,5,51,96,100,18,12,20,12,10,5,63,80,100,98,24,5,7,20,98,98,51,51,55,50,12,76,7,63,8,96,20,43,73,90,86,84,41,43,86,51,Allsvenskan
AIK,5mbo4f0vps12dr0fcvjn3wyp5,c09quzlxh0hscffbfzbtohi7e,L. Bergquist,Lars Bergquist,26.0,Defender,Sweden,Defender,151.0,145.0,6.0,290.0,6.0,0.0,30.0,24.0,638.0,7.0,6.0,1.0,11.0,4.0,1.0,3.0,3.0,9.0,11.0,0.0,14.0,0.0,9.0,3.0,10.0,0.0,0.0,81.23,17.65,15.79,33.33,0.0,51.72,54.55,71.43,0.2201124275485482,0.9613382602187728,3.0,8.0,0.15488862,5.0,24.0,18.0,1.0626765099999995,104.0,21.300940438871475,20.454545454545457,0.8463949843260189,40.909090909090914,0.8463949843260189,0.0,4.231974921630094,3.385579937304076,0.987460815047022,0.8463949843260189,0.1410658307210031,1.5517241379310345,0.5642633228840126,0.1410658307210031,0.4231974921630094,0.4231974921630094,1.2695924764890285,1.5517241379310345,0.0,1.974921630094044,0.0,1.2695924764890285,0.4231974921630094,1.4106583072100314,0.0,0.0,81.23,17.65,15.79,33.33,0.0,51.72,54.55,71.43,0.0310503424441525,0.135611980281645,0.4231974921630094,1.1285266457680252,0.0218494918495297,0.7053291536050157,3.385579937304076,2.539184952978057,0.1499073446708463,14.670846394984329,LB/LCB,48,36,12,44,28,42,36,46,42,48,64,60,30,28,52,76,56,56,36,66,20,28,38,46,50,50,44,4,32,24,20,40,48,76,24,60,66,26,24,34,40,24,40,32,56,64,12,60,32,42,56,56,60,60,76,72,44,32,68,84,64,76,36,92,20,28,52,64,50,50,44,4,32,24,20,40,48,76,32,76,80,40,24,20,60,24,48,28,Allsvenskan
AIK,5mbo4f0vps12dr0fcvjn3wyp5,c1f7vp2u7fndbs1q67yhze1hw,A. Kouame,Axel Kouame,22.0,Midfielder,Côte d'Ivoire,Midfielder,33.0,68.0,6.0,101.0,3.0,0.0,19.0,1.0,484.0,7.0,0.0,1.0,9.0,8.0,4.0,4.0,3.0,13.0,17.0,1.0,0.0,3.0,22.0,5.0,3.0,0.0,0.0,76.52,85.71,0.0,38.46,37.5,35.19,18.75,75.0,0.9699463651067016,0.6817938557543209,3.0,8.0,0.23041888,3.0,15.0,14.0,0.69100019,40.0,6.136363636363636,12.644628099173552,1.1157024793388428,18.78099173553719,0.5578512396694214,0.0,3.5330578512396693,0.1859504132231405,1.3016528925619837,0.0,0.1859504132231405,1.6735537190082643,1.487603305785124,0.743801652892562,0.743801652892562,0.5578512396694214,2.4173553719008263,3.161157024793388,0.1859504132231405,0.0,0.5578512396694214,4.090909090909091,0.9297520661157024,0.5578512396694214,0.0,0.0,76.52,85.71,0.0,38.46,37.5,35.19,18.75,75.0,0.1803619273958742,0.1267798492105142,0.5578512396694214,1.487603305785124,0.0428464859504132,0.5578512396694214,2.789256198347107,2.603305785123967,0.1284917708677685,7.438016528925619,CM/AM,24,22,48,18,48,51,24,8,30,12,54,42,36,31,41,38,50,59,55,5,40,45,48,14,51,51,29,100,12,45,65,12,29,76,41,39,41,26,29,26,43,36,35,21,14,20,51,14,51,51,22,10,45,12,65,61,41,37,57,55,67,76,67,5,57,67,63,10,51,51,29,100,12,45,65,12,29,76,65,55,53,27,22,20,47,37,45,20,Allsvenskan
AIK,5mbo4f0vps12dr0fcvjn3wyp5,cf22o1lk5y853tq6smti0mdjo,A. Helm,Adrián Helm,20.0,Attacker,Sweden,Striker,27.0,34.0,0.0,61.0,3.0,0.0,11.0,5.0,128.0,2.0,0.0,1.0,2.0,3.0,2.0,1.0,1.0,3.0,3.0,1.0,2.0,1.0,3.0,1.0,4.0,0.0,0.0,89.71,0.0,0.0,33.33,33.33,44.0,33.33,80.0,0.4905462978022404,0.1858886640478519,1.0,2.0,0.0884411599999999,3.0,6.0,3.0,0.2897148799999999,22.0,18.984375,23.90625,0.0,42.890625,2.109375,0.0,7.734375,3.515625,1.40625,0.0,0.703125,1.40625,2.109375,1.40625,0.703125,0.703125,2.109375,2.109375,0.703125,1.40625,0.703125,2.109375,0.703125,2.8125,0.0,0.0,89.71,0.0,0.0,33.33,33.33,44.0,33.33,80.0,0.3449153656422002,0.1307029669086458,0.703125,1.40625,0.0621851906249999,2.109375,4.21875,2.109375,0.2037057749999999,15.46875,LW,29,25,17,25,58,54,25,38,8,21,42,12,17,12,25,12,17,17,33,29,21,8,12,29,54,54,100,17,21,17,58,42,54,92,17,17,12,8,8,25,25,8,17,25,100,92,17,100,100,54,100,100,58,21,100,42,25,25,50,42,50,33,92,100,42,8,25,100,54,54,100,17,21,17,58,42,54,92,75,50,25,17,25,100,100,33,67,100,Allsvenskan
AIK,5mbo4f0vps12dr0fcvjn3wyp5,cnc315gcsm14gqs6h4pgczp5g,S. Gustafsson,Sixten Gustafsson,19.0,Attacker,Sweden,Striker,13.0,19.0,0.0,32.0,6.0,0.0,12.0,1.0,200.0,3.0,0.0,0.0,2.0,6.0,4.0,2.0,1.0,3.0,4.0,1.0,2.0,3.0,11.0,1.0,2.0,0.0,0.0,65.31,0.0,0.0,33.33,50.0,40.0,50.0,100.0,0.8386568489436056,0.2054940696308665,2.0,2.0,0.0427186799999999,1.0,6.0,5.0,0.17771619,12.0,5.85,8.549999999999999,0.0,14.4,2.7,0.0,5.4,0.4499999999999999,1.35,0.0,0.0,0.8999999999999999,2.7,1.7999999999999998,0.8999999999999999,0.4499999999999999,1.35,1.7999999999999998,0.4499999999999999,0.8999999999999999,1.35,4.95,0.4499999999999999,0.8999999999999999,0.0,0.0,65.31,0.0,0.0,33.33,50.0,40.0,50.0,100.0,0.3773955820246225,0.0924723313338899,0.8999999999999999,0.8999999999999999,0.0192234059999999,0.4499999999999999,2.7,2.25,0.0799722854999999,5.4,ST,21,21,14,23,46,50,22,15,21,31,26,15,23,19,44,19,17,21,46,56,36,24,14,27,51,51,21,14,31,32,85,45,90,96,31,28,36,19,18,21,54,41,36,22,72,51,14,59,85,50,62,23,51,31,26,44,69,46,82,41,41,59,74,82,92,67,26,69,51,51,21,14,31,32,85,45,90,96,82,67,79,38,28,54,92,79,72,62,Allsvenskan
AIK,5mbo4f0vps12dr0fcvjn3wyp5,cwkz9uxtres4bockr3spd4hxx,S. Papagiannopoulos,Sotirios Papagiannopoulos,35.0,Defender,Sweden,Defender,217.0,119.0,23.0,336.0,8.0,0.0,21.0,39.0,721.0,8.0,0.0,0.0,1.0,2.0,2.0,0.0,1.0,3.0,3.0,0.0,5.0,0.0,5.0,1.0,1.0,0.0,0.0,87.96,53.49,0.0,33.33,0.0,53.85,50.0,25.0,0.2441958604540216,0.0572038347900367,0.0,1.0,0.01689528,0.0,21.0,19.0,0.4737154199999998,230.0,27.0873786407767,14.854368932038836,2.871012482662968,41.94174757281554,0.9986130374479888,0.0,2.621359223300971,4.8682385575589455,0.9986130374479888,0.0,0.0,0.1248266296809986,0.2496532593619972,0.2496532593619972,0.0,0.1248266296809986,0.3744798890429958,0.3744798890429958,0.0,0.6241331484049931,0.0,0.6241331484049931,0.1248266296809986,0.1248266296809986,0.0,0.0,87.96,53.49,0.0,33.33,0.0,53.85,50.0,25.0,0.0304821462425269,0.0071405619016689,0.0,0.1248266296809986,0.0021089808599167,0.0,2.621359223300971,2.371705963938973,0.0591322993065187,28.71012482662968,CB,48,42,60,47,31,39,31,50,70,30,41,33,30,33,28,48,55,55,28,33,18,32,44,8,51,51,59,82,30,45,18,32,24,8,29,32,27,22,17,16,46,39,41,53,30,38,71,39,17,39,9,52,71,30,41,26,27,33,28,53,56,56,28,15,18,21,39,6,51,51,59,82,30,45,18,32,24,8,30,29,27,20,17,16,47,30,23,50,Allsvenskan
AIK,5mbo4f0vps12dr0fcvjn3wyp5,d6eq2hlmwh2hpbx4m3qjiuxud,H. Matthys,Hervé Matthys,30.0,Defender,Belgium,Defender,189.0,141.0,17.0,329.0,6.0,0.0,11.0,20.0,378.0,0.0,1.0,0.0,0.0,2.0,1.0,1.0,2.0,1.0,1.0,0.0,4.0,0.0,4.0,0.0,4.0,0.0,0.0,90.14,43.59,100.0,0.0,0.0,55.0,66.67,80.0,0.1941579105173559,0.0,1.0,9.0,0.16020942,1.0,33.0,27.0,0.8502549300000006,233.0,45.0,33.57142857142857,4.047619047619048,78.33333333333333,1.4285714285714286,0.0,2.619047619047619,4.761904761904762,0.0,0.238095238095238,0.0,0.0,0.4761904761904761,0.238095238095238,0.238095238095238,0.4761904761904761,0.238095238095238,0.238095238095238,0.0,0.9523809523809524,0.0,0.9523809523809524,0.0,0.9523809523809524,0.0,0.0,90.14,43.59,100.0,0.0,0.0,55.0,66.67,80.0,0.0462280739327037,0.0,0.238095238095238,2.142857142857143,0.0381450999999999,0.238095238095238,7.857142857142857,6.428571428571428,0.2024416500000001,55.47619047619048,CB,44,50,53,45,24,39,17,29,5,68,41,11,30,23,69,77,27,26,28,26,18,23,14,35,51,51,77,59,97,14,18,35,72,92,26,14,64,66,61,37,58,49,52,55,91,98,92,98,41,39,8,44,5,82,41,11,49,30,83,89,44,44,28,45,18,41,14,58,51,51,77,59,97,14,18,35,72,92,36,14,80,89,77,43,97,92,97,98,Allsvenskan
AIK,5mbo4f0vps12dr0fcvjn3wyp5,d8d3dx2hjcn883dnes7wdwy96,A. Mujanić,Amel Mujanic,25.0,Midfielder,Sweden,Midfielder,75.0,132.0,12.0,206.0,2.0,0.0,35.0,9.0,762.0,11.0,1.0,0.0,7.0,14.0,7.0,7.0,1.0,14.0,14.0,0.0,4.0,4.0,18.0,2.0,11.0,0.0,0.0,77.44,48.0,11.11,14.29,28.57,39.77,33.33,55.0,1.1589331396077358,0.4761944934323855,6.0,16.0,0.37250313,9.0,34.0,28.0,0.80093194,108.0,8.858267716535433,15.59055118110236,1.4173228346456692,24.33070866141732,0.2362204724409448,0.0,4.133858267716535,1.062992125984252,1.2992125984251968,0.1181102362204724,0.0,0.8267716535433071,1.653543307086614,0.8267716535433071,0.8267716535433071,0.1181102362204724,1.653543307086614,1.653543307086614,0.0,0.4724409448818897,0.4724409448818897,2.125984251968504,0.2362204724409448,1.2992125984251968,0.0,0.0,77.44,48.0,11.11,14.29,28.57,39.77,33.33,55.0,0.1368818668828034,0.0562434441061872,0.7086614173228346,1.889763779527559,0.0439964326771653,1.062992125984252,4.015748031496063,3.307086614173228,0.0945982606299212,12.755905511811024,CM/AM,49,49,69,48,35,51,38,63,45,34,20,32,58,54,70,15,55,53,24,41,54,37,16,53,51,51,31,43,27,10,42,24,53,33,51,29,66,44,39,50,63,56,43,53,43,31,67,33,33,51,33,61,43,29,20,16,55,45,65,8,43,41,24,31,51,24,12,59,51,51,31,43,27,10,42,24,53,33,43,10,61,35,27,46,71,49,29,49,Allsvenskan
AIK,5mbo4f0vps12dr0fcvjn3wyp5,dptjb2pmzpzagb4rcndchf7ro,L. Carlstrand,Linus Carlstrand,21.0,Attacker,Sweden,Striker,15.0,32.0,0.0,47.0,3.0,0.0,6.0,0.0,224.0,2.0,0.0,1.0,5.0,9.0,7.0,2.0,1.0,3.0,4.0,4.0,1.0,5.0,12.0,0.0,0.0,0.0,0.0,82.46,0.0,0.0,0.0,55.56,26.09,42.86,0.0,1.387084941588611,0.2580965739489915,3.0,5.0,0.13317855,2.0,3.0,2.0,0.07254477,15.0,6.026785714285714,12.857142857142858,0.0,18.88392857142857,1.2053571428571428,0.0,2.4107142857142856,0.0,0.8035714285714286,0.0,0.4017857142857143,2.008928571428571,3.616071428571429,2.8125,0.8035714285714286,0.4017857142857143,1.2053571428571428,1.6071428571428572,1.6071428571428572,0.4017857142857143,2.008928571428571,4.821428571428571,0.0,0.0,0.0,0.0,82.46,0.0,0.0,0.0,55.56,26.09,42.86,0.0,0.5573109140311384,0.1036995163187912,1.2053571428571428,2.008928571428571,0.0535092388392857,0.8035714285714286,1.2053571428571428,0.8035714285714286,0.0291474522321428,6.026785714285714,RW,37,27,17,33,70,53,13,17,23,20,67,50,43,40,37,17,13,17,87,27,60,37,10,17,53,53,73,17,20,10,100,7,80,17,60,40,33,43,40,33,57,23,13,33,73,53,17,60,80,53,20,17,40,20,93,87,67,93,60,20,13,33,100,47,100,53,10,17,53,53,73,17,20,10,100,7,80,17,100,40,60,33,27,47,73,20,13,53,Allsvenskan
AIK,5mbo4f0vps12dr0fcvjn3wyp5,eyqeg6wzhjibkt4zs5dfgzc9h,D. Beširović,Dino Besirovic,32.0,Midfielder,Bosnia and Herzegovina,Midfielder,211.0,248.0,26.0,456.0,10.0,0.0,53.0,30.0,1097.0,13.0,3.0,2.0,11.0,12.0,5.0,7.0,6.0,12.0,13.0,1.0,9.0,4.0,10.0,6.0,19.0,0.0,0.0,88.2,61.9,50.0,50.0,33.33,50.0,58.82,79.17,0.9393517267844068,0.8238801939154619,5.0,16.0,0.3782659,8.0,42.0,42.0,1.0937056800000002,222.0,17.310847766636282,20.346399270738377,2.1330902461257977,37.41112123974476,0.8204193254329991,0.0,4.348222424794895,2.461257976298997,1.0665451230628988,0.2461257976298997,0.1640838650865998,0.9024612579762992,0.984503190519599,0.4102096627164995,0.5742935278030994,0.4922515952597995,0.984503190519599,1.0665451230628988,0.0820419325432999,0.7383773928896992,0.3281677301731996,0.8204193254329991,0.4922515952597995,1.5587967183226985,0.0,0.0,88.2,61.9,50.0,50.0,33.33,50.0,58.82,79.17,0.0770662310032786,0.0675927232929731,0.4102096627164995,1.312670920692799,0.0310336654512306,0.6563354603463993,3.4457611668185963,3.4457611668185963,0.0897297276207839,18.21330902461258,DM/CM,48,48,60,45,70,46,50,84,61,69,80,65,71,68,68,84,62,64,72,45,72,45,62,71,50,51,78,90,96,62,71,45,85,88,62,55,62,50,48,48,42,41,40,42,28,30,50,30,68,46,50,88,52,65,82,57,55,68,60,80,55,65,75,20,70,32,65,62,50,51,78,90,96,62,71,45,85,88,52,50,57,30,28,35,28,28,25,22,Allsvenskan
AIK,5mbo4f0vps12dr0fcvjn3wyp5,odp8a70vcgs0bn2ue7jpme50,W. Olofsson,Wilmer Olofsson,20.0,Defender,Sweden,Defender,91.0,54.0,4.0,145.0,3.0,0.0,7.0,11.0,206.0,0.0,0.0,0.0,0.0,0.0,0.0,0.0,0.0,0.0,0.0,0.0,4.0,0.0,1.0,0.0,4.0,0.0,0.0,92.36,44.44,0.0,0.0,0.0,63.64,75.0,100.0,0.0,0.0,0.0,0.0,0.0,0.0,0.0,0.0,0.0,0.0,39.75728155339806,23.59223300970874,1.7475728155339807,63.3495145631068,1.3106796116504855,0.0,3.058252427184466,4.805825242718447,0.0,0.0,0.0,0.0,0.0,0.0,0.0,0.0,0.0,0.0,0.0,1.7475728155339807,0.0,0.4368932038834952,0.0,1.7475728155339807,0.0,0.0,92.36,44.44,0.0,0.0,0.0,63.64,75.0,100.0,0.0,0.0,0.0,0.0,0.0,0.0,0.0,0.0,0.0,0.0,CB,18,24,12,17,10,39,8,12,5,30,41,11,8,11,28,16,8,8,28,26,18,6,14,35,51,51,89,63,30,14,18,80,92,99,8,14,27,8,8,16,5,5,5,5,80,80,29,80,29,39,24,48,5,30,41,11,8,11,28,16,8,8,28,86,18,8,14,95,51,51,89,63,30,14,18,80,92,99,8,14,27,8,8,16,5,5,5,5,Allsvenskan
Häcken,9zqn9ugvg64it0lr5z8cq4g9v,286h6pd1df08n33n8mo1qulg4,A. Svanbäck,Adrian Svanbäck,22.0,Attacker,Finland,Striker,96.0,186.0,13.0,280.0,14.0,0.0,59.0,10.0,1367.0,14.0,2.0,5.0,17.0,34.0,31.0,3.0,15.0,15.0,18.0,4.0,18.0,12.0,74.0,7.0,16.0,0.0,0.0,73.88,50.0,12.5,46.67,35.29,39.6,40.0,66.67,3.943380590961498,1.771628484942471,6.0,23.0,0.7816305299999999,12.0,27.0,31.0,2.0102413600000006,123.0,6.320409656181419,12.2457937088515,0.8558888076079005,18.43452816386248,0.9217264081931236,0.0,3.884418434528164,0.6583760058522312,0.9217264081931236,0.1316752011704462,0.3291880029261156,1.1192392099487931,2.2384784198975862,2.0409656181419167,0.1975128017556693,0.9875640087783468,0.9875640087783468,1.185076810534016,0.2633504023408924,1.185076810534016,0.7900512070226774,4.871982443306511,0.4608632040965618,1.05340160936357,0.0,0.0,73.88,50.0,12.5,46.67,35.29,39.6,40.0,66.67,0.2596227163032442,0.1166397685770463,0.3950256035113387,1.5142648134601318,0.0514606786393562,0.7900512070226774,1.7776152158010243,2.0409656181419167,0.1323494677395757,8.098024871982444,ST,100,90,92,95,72,50,82,78,64,81,100,90,81,83,60,97,63,64,76,100,76,88,67,95,51,51,62,59,64,51,44,38,69,51,79,92,63,92,92,95,97,92,95,97,85,77,82,79,41,50,26,49,31,74,95,62,46,56,33,85,26,28,54,92,44,62,28,79,51,51,62,59,64,51,44,38,69,51,41,82,31,64,69,77,85,74,90,82,Allsvenskan
Häcken,9zqn9ugvg64it0lr5z8cq4g9v,3j10i32az64qfnkrjuiz2n4t0,G. Lindgren,Gustav Lindgren,25.0,Attacker,Sweden,Striker,84.0,101.0,4.0,185.0,7.0,0.0,39.0,7.0,1396.0,18.0,0.0,0.0,13.0,35.0,30.0,5.0,5.0,13.0,13.0,9.0,4.0,19.0,66.0,8.0,3.0,0.0,0.0,82.96,66.67,0.0,61.54,54.29,38.24,21.88,50.0,5.314614160239086,1.1161039138115625,7.0,14.0,0.43302587,7.0,16.0,16.0,0.5565291099999999,58.0,5.415472779369628,6.511461318051576,0.2578796561604584,11.926934097421205,0.4512893982808023,0.0,2.51432664756447,0.4512893982808023,1.160458452722063,0.0,0.0,0.83810888252149,2.256446991404012,1.9340974212034383,0.3223495702005731,0.3223495702005731,0.83810888252149,0.83810888252149,0.5802292263610315,0.2578796561604584,1.2249283667621778,4.255014326647564,0.5157593123209169,0.1934097421203438,0.0,0.0,82.96,66.67,0.0,61.54,54.29,38.24,21.88,50.0,0.3426327180669897,0.0719551233832669,0.4512893982808023,0.9025787965616046,0.0279171406160458,0.4512893982808023,1.0315186246418335,1.0315186246418335,0.0358793838825214,3.739255014326648,ST,90,69,72,73,51,50,60,60,82,31,26,82,85,79,79,64,59,59,92,68,92,82,73,40,51,51,87,77,31,79,95,31,28,28,92,85,74,74,69,81,81,77,69,74,62,31,54,44,18,50,8,26,38,31,26,38,49,54,38,23,21,21,85,38,79,36,36,21,51,51,87,77,31,79,95,31,28,28,64,51,38,41,44,56,62,54,46,33,Allsvenskan
Häcken,9zqn9ugvg64it0lr5z8cq4g9v,3kdo987cyshholc6o499t5skp,L. Väisänen,Leo Väisänen,29.0,Defender,Finland,Defender,115.0,34.0,3.0,149.0,4.0,0.0,4.0,12.0,202.0,0.0,0.0,0.0,1.0,0.0,0.0,0.0,0.0,0.0,0.0,0.0,2.0,0.0,2.0,0.0,0.0,0.0,0.0,93.12,60.0,0.0,0.0,0.0,57.14,66.67,0.0,0.0,0.1614432608210993,0.0,1.0,0.0199707,0.0,7.0,6.0,0.16627691,97.0,51.23762376237624,15.148514851485148,1.3366336633663367,66.38613861386139,1.7821782178217822,0.0,1.7821782178217822,5.346534653465347,0.0,0.0,0.0,0.4455445544554455,0.0,0.0,0.0,0.0,0.0,0.0,0.0,0.8910891089108911,0.0,0.8910891089108911,0.0,0.0,0.0,0.0,93.12,60.0,0.0,0.0,0.0,57.14,66.67,0.0,0.0,0.0719301657123709,0.0,0.4455445544554455,0.0088978366336633,0.0,3.118811881188119,2.6732673267326734,0.0740837717821782,43.21782178217822,CB,22,11,8,20,15,39,3,14,5,30,41,33,8,11,28,16,8,8,28,12,18,14,14,3,51,51,97,95,30,14,18,42,72,3,8,50,27,22,23,16,23,20,17,27,97,39,21,91,57,39,3,60,5,30,41,73,8,11,28,16,8,8,28,40,18,39,14,3,51,51,97,95,30,14,18,42,72,3,8,91,27,39,35,16,58,38,38,95,Allsvenskan
Häcken,9zqn9ugvg64it0lr5z8cq4g9v,3ks6pxe94hk9l4q46do2c628l,A. Lundkvist,Adam Lundkvist,32.0,Defender,Sweden,Defender,249.0,279.0,19.0,521.0,21.0,0.0,74.0,45.0,1356.0,15.0,7.0,3.0,13.0,8.0,6.0,2.0,2.0,15.0,17.0,0.0,16.0,0.0,20.0,7.0,18.0,0.0,0.0,82.83,27.54,21.21,46.67,0.0,58.27,60.0,58.06,0.5646255840842137,1.306553687377806,3.0,16.0,0.3958222199999999,15.0,41.0,54.0,2.7438937800000005,246.0,16.52654867256637,18.51769911504425,1.261061946902655,34.57964601769912,1.393805309734513,0.0,4.911504424778761,2.9867256637168142,0.995575221238938,0.4646017699115044,0.1991150442477876,0.8628318584070797,0.5309734513274337,0.3982300884955752,0.1327433628318584,0.1327433628318584,0.995575221238938,1.1283185840707963,0.0,1.0619469026548674,0.0,1.327433628318584,0.4646017699115044,1.1946902654867255,0.0,0.0,82.83,27.54,21.21,46.67,0.0,58.27,60.0,58.06,0.0374751493861203,0.0867181650914473,0.1991150442477876,1.0619469026548674,0.0262713862831858,0.995575221238938,2.721238938053097,3.584070796460177,0.1821168438053097,16.327433628318584,LB/LCB,76,80,56,84,88,42,92,74,84,54,94,66,66,76,38,48,78,80,36,78,20,68,80,78,50,50,64,12,44,60,20,72,72,20,64,72,66,66,60,74,64,76,92,84,36,52,28,36,80,42,76,48,64,36,96,40,36,56,32,28,52,52,36,44,20,40,60,52,50,50,64,12,44,60,20,72,72,20,40,44,58,36,32,50,36,48,76,56,Allsvenskan
Häcken,9zqn9ugvg64it0lr5z8cq4g9v,3usrzzduezg3zt3usvuayxxm2,S. Hestnes,Simen Hestnes,30.0,Midfielder,Norway,Midfielder,62.0,112.0,15.0,174.0,1.0,0.0,11.0,7.0,425.0,2.0,0.0,0.0,1.0,2.0,2.0,0.0,1.0,5.0,5.0,0.0,2.0,0.0,11.0,3.0,4.0,0.0,0.0,78.38,57.69,0.0,60.0,0.0,47.83,50.0,80.0,0.1787943905157245,0.0491889562797757,0.0,14.0,0.30046779,6.0,23.0,24.0,0.41167312,103.0,13.129411764705882,23.71764705882353,3.176470588235294,36.84705882352941,0.2117647058823529,0.0,2.3294117647058825,1.4823529411764709,0.4235294117647059,0.0,0.0,0.2117647058823529,0.4235294117647059,0.4235294117647059,0.0,0.2117647058823529,1.0588235294117647,1.0588235294117647,0.0,0.4235294117647059,0.0,2.3294117647058825,0.6352941176470588,0.8470588235294118,0.0,0.0,78.38,57.69,0.0,60.0,0.0,47.83,50.0,80.0,0.0378623415209769,0.0104164848592466,0.0,2.9647058823529413,0.0636284731764705,1.2705882352941176,4.870588235294117,5.08235294117647,0.0871778371764705,21.81176470588236,DM/CM,18,28,38,28,15,46,14,26,20,19,28,16,15,41,9,30,31,31,31,11,14,52,40,18,50,51,10,80,19,85,14,30,75,92,15,12,10,40,38,41,28,30,25,28,5,60,80,28,18,46,5,42,22,19,28,12,22,72,9,38,62,60,31,10,14,98,75,20,50,51,10,80,19,85,14,30,75,92,25,12,10,80,75,82,55,60,20,50,Allsvenskan
Häcken,9zqn9ugvg64it0lr5z8cq4g9v,4iguik2n53ywq82altuqoouwa,J. Lindberg,Julius Lindberg,27.0,Defender,Sweden,Defender,127.0,302.0,15.0,425.0,8.0,0.0,75.0,13.0,1282.0,30.0,4.0,5.0,33.0,45.0,26.0,19.0,10.0,43.0,43.0,5.0,6.0,18.0,73.0,17.0,11.0,0.0,0.0,81.26,55.56,7.69,39.53,40.0,47.17,42.11,55.0,4.457893420378853,2.6138235975726056,14.0,57.0,1.7425316599999991,22.0,36.0,51.0,2.22936952,164.0,8.91575663026521,21.201248049922,1.0530421216848675,29.836193447737912,0.561622464898596,0.0,5.265210608424337,0.9126365054602184,2.106084243369735,0.280811232449298,0.3510140405616225,2.3166926677067083,3.159126365054602,1.825273010920437,1.3338533541341655,0.702028081123245,3.018720748829953,3.018720748829953,0.3510140405616225,0.421216848673947,1.263650546021841,5.124804992199688,1.1934477379095163,0.7722308892355695,0.0,0.0,81.26,55.56,7.69,39.53,40.0,47.17,42.11,55.0,0.3129566363760505,0.1834977564598553,0.982839313572543,4.001560062402496,0.1223306157566302,1.544461778471139,2.527301092043682,3.5803432137285496,0.1565080006240249,11.513260530421215,CB,26,94,48,53,31,39,89,17,100,95,100,100,100,100,100,100,100,100,100,38,100,100,100,68,51,51,17,86,59,53,77,11,15,35,100,100,100,100,100,100,63,73,97,44,3,73,8,6,2,39,76,2,100,83,100,100,100,97,98,97,100,98,95,2,100,100,100,42,51,51,17,86,59,53,77,11,15,35,98,100,98,100,100,97,44,58,89,15,Allsvenskan
Häcken,9zqn9ugvg64it0lr5z8cq4g9v,4p1gi0hkamzt27nm2nf1j90bt,D. Seger,David Seger,27.0,Midfielder,Sweden,Midfielder,97.0,128.0,15.0,224.0,1.0,0.0,11.0,3.0,235.0,3.0,1.0,0.0,4.0,10.0,3.0,7.0,6.0,2.0,2.0,0.0,2.0,1.0,5.0,1.0,5.0,0.0,0.0,87.5,50.0,25.0,50.0,10.0,57.89,0.0,83.33,0.8196265780524161,0.4044221299664439,5.0,8.0,0.1923496099999999,10.0,28.0,28.0,0.8062013900000004,136.0,37.14893617021277,49.02127659574468,5.74468085106383,85.7872340425532,0.3829787234042553,0.0,4.212765957446808,1.1489361702127658,1.1489361702127658,0.3829787234042553,0.0,1.5319148936170213,3.829787234042553,1.1489361702127658,2.680851063829788,2.297872340425532,0.7659574468085106,0.7659574468085106,0.0,0.7659574468085106,0.3829787234042553,1.9148936170212765,0.3829787234042553,1.9148936170212765,0.0,0.0,87.5,50.0,25.0,50.0,10.0,57.89,0.0,83.33,0.3138995405307125,0.1548850710509785,1.9148936170212765,3.0638297872340425,0.0736658080851063,3.829787234042553,10.72340425531915,10.72340425531915,0.3087579791489363,52.08510638297872,DM/CM,32,32,38,32,15,46,14,15,29,49,28,29,64,57,68,84,16,14,31,11,38,25,24,22,50,51,69,46,52,62,30,72,9,98,60,38,62,28,28,59,38,36,32,35,100,100,98,100,32,46,40,25,55,75,28,92,100,95,100,100,42,35,31,22,78,85,50,72,50,51,69,46,52,62,30,72,9,98,100,98,100,85,88,100,100,100,100,100,Allsvenskan
Häcken,9zqn9ugvg64it0lr5z8cq4g9v,50xax4sqxz9mbfney5xxi47pw,H. Hilvenius,Harry Hilvenius,18.0,Defender,Sweden,Defender,449.0,172.0,27.0,621.0,20.0,0.0,61.0,76.0,1170.0,18.0,0.0,0.0,2.0,2.0,2.0,0.0,1.0,1.0,3.0,1.0,17.0,1.0,6.0,0.0,11.0,0.0,0.0,90.26,43.55,0.0,0.0,50.0,58.1,51.28,47.83,0.2479308886717917,0.1419448466849564,1.0,7.0,0.13355479,0.0,23.0,26.0,0.7670608099999998,427.0,34.53846153846154,13.23076923076923,2.076923076923077,47.76923076923077,1.5384615384615383,0.0,4.6923076923076925,5.846153846153846,1.3846153846153846,0.0,0.0,0.1538461538461538,0.1538461538461538,0.1538461538461538,0.0,0.0769230769230769,0.0769230769230769,0.2307692307692307,0.0769230769230769,1.3076923076923077,0.0769230769230769,0.4615384615384615,0.0,0.8461538461538461,0.0,0.0,90.26,43.55,0.0,0.0,50.0,58.1,51.28,47.83,0.019071606820907,0.0109188343603812,0.0769230769230769,0.5384615384615384,0.0102734453846153,0.0,1.7692307692307692,2.0,0.0590046776923076,32.84615384615385,CB,77,58,64,71,62,39,77,83,92,30,41,50,30,33,28,48,27,55,71,79,47,42,14,68,51,51,79,58,30,14,85,45,27,14,30,45,64,58,56,16,48,47,47,79,65,29,42,53,48,39,55,71,86,30,41,32,18,23,28,41,20,41,65,70,38,9,14,47,51,51,79,58,30,14,85,45,27,14,18,33,62,45,42,16,26,20,21,65,Allsvenskan
Häcken,9zqn9ugvg64it0lr5z8cq4g9v,5ut8weoywngm3wkcg50yojc9h,F. Helander,Filip Helander,33.0,Defender,Sweden,Defender,523.0,248.0,28.0,771.0,68.0,1.0,96.0,90.0,1428.0,10.0,0.0,0.0,2.0,8.0,8.0,0.0,1.0,1.0,1.0,1.0,16.0,3.0,18.0,0.0,12.0,0.0,0.0,87.22,37.33,0.0,0.0,37.5,68.09,74.73,66.67,0.963777041433485,0.2277246732203007,0.0,6.0,0.11977992,3.0,35.0,37.0,1.1200309899999998,473.0,32.96218487394958,15.630252100840336,1.7647058823529411,48.59243697478991,4.285714285714286,0.0630252100840336,6.050420168067227,5.672268907563025,0.6302521008403361,0.0,0.0,0.1260504201680672,0.5042016806722689,0.5042016806722689,0.0,0.0630252100840336,0.0630252100840336,0.0630252100840336,0.0630252100840336,1.0084033613445378,0.1890756302521008,1.134453781512605,0.0,0.7563025210084033,0.0,0.0,87.22,37.33,0.0,0.0,37.5,68.09,74.73,66.67,0.0607422505105137,0.0143523953710273,0.0,0.3781512605042016,0.0075491546218487,0.1890756302521008,2.205882352941176,2.3319327731092434,0.0705901884453781,29.81092436974789,CB,88,80,67,89,100,86,100,95,81,30,41,50,77,85,28,48,27,26,71,76,82,78,14,75,51,51,53,36,30,14,74,89,89,67,79,61,27,54,52,56,61,59,68,88,58,41,30,55,97,80,92,67,50,30,41,27,55,65,28,33,17,17,59,51,65,54,14,41,51,51,53,36,30,14,74,89,89,67,52,44,27,33,32,39,33,27,33,55,Allsvenskan
Häcken,9zqn9ugvg64it0lr5z8cq4g9v,6j3hswqzhcwsnv6jwazr4po2c,O. Samuelsson,Olle Samuelsson,22.0,Defender,Sweden,Defender,139.0,88.0,15.0,226.0,3.0,0.0,23.0,18.0,466.0,8.0,1.0,0.0,4.0,1.0,1.0,0.0,1.0,7.0,7.0,0.0,6.0,0.0,6.0,2.0,9.0,0.0,0.0,85.61,53.57,14.29,28.57,0.0,65.71,60.0,90.0,0.0895658367352936,0.4233798873526806,1.0,11.0,0.25426923,5.0,14.0,15.0,0.6888388999999999,111.0,26.84549356223176,16.99570815450644,2.896995708154506,43.648068669527895,0.5793991416309012,0.0,4.44206008583691,3.476394849785408,1.5450643776824031,0.1931330472103004,0.0,0.7725321888412017,0.1931330472103004,0.1931330472103004,0.0,0.1931330472103004,1.351931330472103,1.351931330472103,0.0,1.1587982832618025,0.0,1.1587982832618025,0.3862660944206008,1.7381974248927037,0.0,0.0,85.61,53.57,14.29,28.57,0.0,65.71,60.0,90.0,0.0172981229746275,0.0817686477719769,0.1931330472103004,2.124463519313305,0.0491077912017167,0.965665236051502,2.703862660944206,2.896995708154506,0.1330375557939914,21.437768240343345,LB/LCB,40,16,42,26,10,42,30,24,50,24,26,24,16,28,12,22,34,32,36,20,20,16,28,38,50,50,88,100,26,20,20,100,72,92,20,28,32,42,36,34,20,16,24,36,84,28,72,64,20,42,68,60,92,28,26,36,16,40,12,52,72,64,36,52,20,24,44,88,50,50,88,100,26,20,20,100,72,92,16,40,52,64,56,40,32,36,44,72,Allsvenskan
Häcken,9zqn9ugvg64it0lr5z8cq4g9v,7ctf2925tg7mc3a05unhxsd1w,H. Ibrahim,Harun Ibrahim,23.0,Midfielder,Sweden,Midfielder,29.0,45.0,2.0,73.0,1.0,1.0,12.0,4.0,185.0,3.0,1.0,0.0,3.0,3.0,2.0,1.0,1.0,8.0,8.0,0.0,0.0,0.0,4.0,4.0,1.0,0.0,0.0,86.9,50.0,33.33,50.0,0.0,34.29,50.0,25.0,0.2447289552888937,0.3017165361725601,0.0,5.0,0.13939782,2.0,4.0,5.0,0.1725867599999999,31.0,14.108108108108109,21.89189189189189,0.972972972972973,35.51351351351352,0.4864864864864865,0.4864864864864865,5.837837837837839,1.945945945945946,1.4594594594594597,0.4864864864864865,0.0,1.4594594594594597,1.4594594594594597,0.972972972972973,0.4864864864864865,0.4864864864864865,3.891891891891892,3.891891891891892,0.0,0.0,0.0,1.945945945945946,1.945945945945946,0.4864864864864865,0.0,0.0,86.9,50.0,33.33,50.0,0.0,34.29,50.0,25.0,0.1190573296000023,0.1467810175974616,0.0,2.4324324324324325,0.0678151556756756,0.972972972972973,1.945945945945946,2.4324324324324325,0.0839611264864864,15.081081081081082,RM/RCM,17,13,23,13,17,100,13,30,13,13,23,10,23,27,23,27,33,33,23,10,13,7,27,7,53,53,93,90,83,73,13,7,83,7,20,13,10,17,13,17,7,7,13,13,87,80,53,93,53,100,67,73,60,40,23,60,40,47,47,67,87,87,23,10,13,20,87,13,53,53,93,90,83,73,13,7,83,7,33,60,10,73,73,47,40,40,7,93,Allsvenskan
Häcken,9zqn9ugvg64it0lr5z8cq4g9v,81w1fqi66z0ibawynhraybaxg,S. Ngabo,Sanders Ngabo,22.0,Midfielder,Denmark,Midfielder,32.0,86.0,2.0,113.0,2.0,0.0,26.0,0.0,236.0,17.0,5.0,0.0,10.0,6.0,2.0,4.0,4.0,14.0,14.0,0.0,3.0,1.0,14.0,5.0,1.0,0.0,0.0,91.87,66.67,35.71,35.71,16.67,56.52,66.67,50.0,0.4729536622267802,1.0656430267100814,5.0,13.0,0.4492990700000001,4.0,4.0,13.0,0.91976041,48.0,12.203389830508474,32.79661016949152,0.7627118644067796,43.09322033898305,0.7627118644067796,0.0,9.915254237288137,0.0,6.483050847457627,1.9067796610169487,0.0,3.8135593220338975,2.288135593220339,0.7627118644067796,1.5254237288135593,1.5254237288135593,5.338983050847458,5.338983050847458,0.0,1.1440677966101696,0.3813559322033898,5.338983050847458,1.9067796610169487,0.3813559322033898,0.0,0.0,91.87,66.67,35.71,35.71,16.67,56.52,66.67,50.0,0.1803636847475009,0.4063892898470649,1.9067796610169487,4.957627118644068,0.1713428656779661,1.5254237288135593,1.5254237288135593,4.957627118644068,0.350756088559322,18.30508474576272,CM/AM,22,30,17,29,35,51,33,3,61,72,20,47,23,19,41,50,55,53,24,34,18,29,48,5,51,51,100,89,90,36,18,96,100,17,20,55,54,35,45,34,11,33,57,27,67,90,45,82,71,51,100,3,100,98,20,100,76,39,88,98,96,96,24,78,41,98,94,6,51,51,100,89,90,36,18,96,100,17,67,100,94,96,100,82,16,80,98,76,Allsvenskan
Häcken,9zqn9ugvg64it0lr5z8cq4g9v,a3p681d64e0k9qse621eqi9xx,B. Wembangomo,Brice Wembangomo,29.0,Defender,Norway,Defender,394.0,429.0,37.0,819.0,9.0,0.0,76.0,26.0,1431.0,20.0,4.0,2.0,9.0,7.0,2.0,5.0,5.0,43.0,45.0,0.0,23.0,0.0,21.0,24.0,11.0,0.0,0.0,87.31,56.92,13.33,55.81,0.0,50.67,69.23,47.83,0.396817479242516,1.0124919732977598,4.0,49.0,1.1674485999999995,23.0,64.0,88.0,2.9809652900000017,491.0,24.77987421383648,26.9811320754717,2.3270440251572326,51.50943396226415,0.5660377358490566,0.0,4.779874213836478,1.6352201257861634,1.2578616352201255,0.2515723270440251,0.1257861635220125,0.5660377358490566,0.440251572327044,0.1257861635220125,0.3144654088050314,0.3144654088050314,2.7044025157232703,2.830188679245283,0.0,1.4465408805031446,0.0,1.320754716981132,1.5094339622641508,0.6918238993710691,0.0,0.0,87.31,56.92,13.33,55.81,0.0,50.67,69.23,47.83,0.0249570741661959,0.0636787404589786,0.2515723270440251,3.081761006289308,0.0734244402515723,1.4465408805031446,4.0251572327044025,5.534591194968553,0.1874820937106919,30.88050314465409,RB/RCB,85,95,80,95,42,40,90,55,95,60,82,62,65,42,90,98,100,100,38,95,18,78,100,52,50,52,85,90,30,70,18,45,85,5,50,60,92,100,100,100,80,90,90,95,75,95,75,95,15,40,50,20,90,30,70,55,35,25,55,85,90,90,38,80,18,40,90,5,50,52,85,90,30,70,18,45,85,5,20,55,65,95,95,90,75,85,70,95,Allsvenskan
Häcken,9zqn9ugvg64it0lr5z8cq4g9v,aw59iypmgi1lnptw1wj611kb8,A. Doumbia,Abdoulaye Doumbia,18.0,Midfielder,Côte d'Ivoire,Midfielder,474.0,477.0,58.0,951.0,8.0,1.0,76.0,37.0,1448.0,23.0,0.0,1.0,11.0,21.0,8.0,13.0,8.0,17.0,17.0,2.0,59.0,6.0,13.0,6.0,20.0,0.0,0.0,89.46,60.42,0.0,35.29,28.57,50.67,40.0,51.28,1.865908491550368,0.943146690152974,10.0,27.0,0.8264761899999997,12.0,98.0,113.0,2.2298668599999987,538.0,29.46132596685083,29.64779005524862,3.604972375690608,59.10911602209945,0.4972375690607735,0.0621546961325966,4.723756906077348,2.2997237569060776,1.4295580110497237,0.0,0.0621546961325966,0.6837016574585636,1.3052486187845305,0.4972375690607735,0.8080110497237569,0.4972375690607735,1.0566298342541436,1.0566298342541436,0.1243093922651933,3.667127071823205,0.3729281767955801,0.8080110497237569,0.3729281767955801,1.2430939226519335,0.0,0.0,89.46,60.42,0.0,35.29,28.57,50.67,40.0,51.28,0.1159749753035449,0.0586209959349224,0.6215469613259669,1.6781767955801106,0.0513693764502762,0.7458563535911602,6.091160220994476,7.023480662983426,0.1385966970994474,33.43922651933702,DM/CM,100,92,100,95,66,95,78,92,81,19,61,65,95,91,95,94,74,72,90,100,85,60,62,79,50,51,90,88,19,32,64,48,38,35,95,65,92,68,78,69,94,95,78,95,98,78,90,88,42,92,60,80,70,19,62,32,82,80,80,82,60,57,85,98,75,30,48,50,50,51,90,88,19,32,64,48,38,35,80,32,72,42,60,50,75,88,65,88,Allsvenskan
Häcken,9zqn9ugvg64it0lr5z8cq4g9v,bar5tlyxm2vim2ewqauywgb85,M. Rygaard,Mikkel Rygaard,35.0,Midfielder,Denmark,Midfielder,220.0,392.0,45.0,586.0,2.0,0.0,45.0,10.0,1205.0,21.0,26.0,5.0,36.0,20.0,5.0,15.0,7.0,19.0,21.0,2.0,12.0,4.0,21.0,6.0,13.0,0.0,0.0,82.54,67.16,34.67,31.58,20.0,40.91,13.33,81.25,2.288040852398219,3.779154365079802,8.0,48.0,1.2176530799999994,14.0,60.0,85.0,2.612087879999999,302.0,16.431535269709542,29.278008298755186,3.3609958506224067,43.767634854771785,0.1493775933609958,0.0,3.3609958506224067,0.7468879668049793,1.5684647302904564,1.941908713692946,0.3734439834024896,2.688796680497925,1.4937759336099583,0.3734439834024896,1.120331950207469,0.5228215767634855,1.4190871369294606,1.5684647302904564,0.1493775933609958,0.896265560165975,0.2987551867219917,1.5684647302904564,0.4481327800829875,0.970954356846473,0.0,0.0,82.54,67.16,34.67,31.58,20.0,40.91,13.33,81.25,0.1708910180214437,0.2822604919976615,0.5975103734439834,3.5850622406639,0.090945043319502,1.045643153526971,4.481327800829876,6.348547717842323,0.1950937005809127,22.55601659751037,CM/AM,98,96,100,96,35,51,58,69,78,98,93,92,73,38,88,76,68,70,70,85,54,43,59,70,51,51,57,94,86,31,29,29,20,86,86,96,77,94,94,76,93,96,90,96,82,82,98,86,16,51,16,41,61,100,92,90,43,18,82,45,35,37,59,51,29,18,29,37,51,51,57,94,86,31,29,29,20,86,59,92,55,86,84,43,78,90,80,86,Allsvenskan
Degerfors,46yo78zak2j7kaxc5ak1fnm60,3e3iornyvm03cbixgyfkvb9xw,Ahmad Faqa,Ahmad Faqa,23.0,Defender,Syria,Defender,170.0,50.0,18.0,220.0,8.0,0.0,29.0,43.0,527.0,7.0,0.0,0.0,0.0,0.0,0.0,0.0,0.0,3.0,3.0,0.0,6.0,0.0,1.0,3.0,9.0,0.0,0.0,79.14,31.03,0.0,100.0,0.0,63.04,53.33,81.82,0.0,0.0,0.0,0.0,0.0,0.0,0.0,0.0,0.0,0.0,29.03225806451613,8.538899430740038,3.074003795066414,37.571157495256166,1.366223908918406,0.0,4.952561669829223,7.343453510436433,1.1954459203036054,0.0,0.0,0.0,0.0,0.0,0.0,0.0,0.5123339658444023,0.5123339658444023,0.0,1.0246679316888043,0.0,0.1707779886148007,0.5123339658444023,1.537001897533207,0.0,0.0,79.14,31.03,0.0,100.0,0.0,63.04,53.33,81.82,0.0,0.0,0.0,0.0,0.0,0.0,0.0,0.0,0.0,0.0,CB,39,23,55,27,31,39,45,56,61,30,41,11,8,11,28,16,55,55,28,38,18,6,79,62,51,51,9,9,30,89,18,77,30,94,8,14,27,8,8,16,5,5,5,5,38,9,76,29,35,39,64,92,80,30,41,11,8,11,28,16,67,65,28,53,18,3,89,88,51,51,9,9,30,89,18,77,30,94,8,14,27,8,8,16,5,5,5,5,Allsvenskan
Degerfors,46yo78zak2j7kaxc5ak1fnm60,3ihcnb7xmqlsefg10xbdraqqd,Carl-Robert Sebastian Ohlsson,Carl-Robert Sebastian Ohlsson,33.0,Midfielder,Sweden,Midfielder,417.0,135.0,21.0,551.0,17.0,0.0,85.0,61.0,1375.0,23.0,1.0,0.0,5.0,6.0,6.0,0.0,1.0,6.0,6.0,1.0,26.0,2.0,18.0,4.0,26.0,0.0,0.0,86.36,32.81,25.0,66.67,33.33,55.19,41.46,63.41,0.7625800796116843,0.5457536255284029,0.0,2.0,0.05937339,1.0,26.0,28.0,1.0721894100000005,320.0,27.294545454545453,8.836363636363636,1.3745454545454543,36.06545454545454,1.1127272727272726,0.0,5.563636363636364,3.9927272727272727,1.5054545454545454,0.0654545454545454,0.0,0.3272727272727272,0.3927272727272727,0.3927272727272727,0.0,0.0654545454545454,0.3927272727272727,0.3927272727272727,0.0654545454545454,1.7018181818181817,0.1309090909090909,1.1781818181818182,0.2618181818181818,1.7018181818181817,0.0,0.0,86.36,32.81,25.0,66.67,33.33,55.19,41.46,63.41,0.0499143324836738,0.0357220554891318,0.0,0.1309090909090909,0.0038862582545454,0.0654545454545454,1.7018181818181817,1.8327272727272723,0.0701796704727273,20.945454545454545,DM/CM,92,35,46,55,90,46,85,98,81,49,28,35,41,74,9,30,38,38,72,90,56,79,46,89,50,51,60,5,52,95,71,60,45,52,55,45,10,12,12,11,34,36,38,64,90,2,20,22,80,46,70,100,75,42,28,20,20,65,9,22,12,12,70,82,45,57,30,68,50,51,60,5,52,95,71,60,45,52,30,20,10,8,8,8,10,8,10,42,Allsvenskan
Degerfors,46yo78zak2j7kaxc5ak1fnm60,46tkh62a6q3ksxcyfi6122t5g,O. Leonardsson,Olle Leonardsson,19.0,Attacker,Sweden,Striker,14.0,30.0,0.0,44.0,3.0,0.0,19.0,1.0,240.0,6.0,0.0,0.0,3.0,2.0,2.0,0.0,2.0,8.0,9.0,0.0,0.0,0.0,9.0,5.0,2.0,0.0,0.0,84.62,0.0,0.0,62.5,0.0,44.19,20.0,40.0,0.2590429421373755,0.1121605375204814,0.0,6.0,0.23036226,3.0,5.0,4.0,0.0954996499999999,19.0,5.25,11.25,0.0,16.5,1.125,0.0,7.125,0.375,2.25,0.0,0.0,1.125,0.75,0.75,0.0,0.75,3.0,3.375,0.0,0.0,0.0,3.375,1.875,0.75,0.0,0.0,84.62,0.0,0.0,62.5,0.0,44.19,20.0,40.0,0.0971411033015158,0.0420602015701805,0.0,2.25,0.0863858475,1.125,1.875,1.5,0.0358123687499999,7.125,ST,26,36,14,36,19,50,28,15,38,31,26,26,6,10,9,36,41,45,18,12,5,15,53,27,51,51,95,14,31,82,5,67,24,21,10,21,5,45,49,51,46,35,26,41,59,67,14,67,44,50,87,21,87,31,26,64,5,10,9,67,82,85,18,12,5,21,95,59,51,51,95,14,31,82,5,67,24,21,10,31,5,85,95,92,87,64,44,72,Allsvenskan
Degerfors,46yo78zak2j7kaxc5ak1fnm60,4gepi2kie9mwuspoqcez7v6c5,D. Sundgren,Daniel Sundgren,35.0,Defender,Sweden,Defender,196.0,225.0,21.0,410.0,14.0,0.0,51.0,25.0,897.0,5.0,11.0,3.0,13.0,8.0,4.0,4.0,3.0,12.0,12.0,1.0,7.0,2.0,19.0,11.0,16.0,0.0,0.0,79.0,32.81,37.93,91.67,25.0,66.23,70.0,76.19,0.8553833514093998,1.1380879365844323,1.0,18.0,0.42268085,10.0,35.0,54.0,2.6374825800000026,267.0,19.66555183946488,22.5752508361204,2.1070234113712374,41.1371237458194,1.4046822742474916,0.0,5.117056856187291,2.508361204013378,0.5016722408026756,1.1036789297658862,0.3010033444816054,1.3043478260869563,0.802675585284281,0.4013377926421405,0.4013377926421405,0.3010033444816054,1.2040133779264215,1.2040133779264215,0.1003344481605351,0.7023411371237458,0.2006688963210702,1.9063545150501675,1.1036789297658862,1.605351170568562,0.0,0.0,79.0,32.81,37.93,91.67,25.0,66.23,70.0,76.19,0.0858244165293712,0.1141894250753611,0.1003344481605351,1.806020066889632,0.0424094498327759,1.0033444816053512,3.511705685618729,5.418060200668896,0.2646303591973247,26.789297658862875,RB/RCB,55,60,55,55,75,40,70,50,42,82,95,85,72,70,82,80,75,70,85,45,68,60,90,82,50,52,45,40,80,95,45,95,90,70,75,75,32,65,65,62,55,65,80,70,55,90,65,70,75,40,70,45,30,85,95,90,60,55,65,80,45,45,90,15,55,80,80,85,50,52,45,40,80,95,45,95,90,70,75,75,25,85,70,65,60,80,100,85,Allsvenskan
Degerfors,46yo78zak2j7kaxc5ak1fnm60,4w4fnup47fnga68td9bu83sut,L. Fritzson,Ludvig Fritzson,31.0,Attacker,Sweden,Striker,68.0,172.0,3.0,239.0,57.0,0.0,107.0,32.0,1279.0,23.0,1.0,0.0,8.0,17.0,15.0,2.0,5.0,20.0,22.0,0.0,7.0,7.0,64.0,6.0,11.0,0.0,0.0,69.48,20.0,11.11,30.0,41.18,46.12,45.6,52.38,1.9592233628393465,0.6144400012275606,3.0,14.0,0.44609335,9.0,13.0,13.0,0.4185146699999999,86.0,4.784988272087569,12.103205629397968,0.2111024237685692,16.817826426896012,4.010946051602815,0.0,7.529319781078969,2.251759186864738,1.618451915559031,0.070367474589523,0.0,0.5629397967161845,1.1962470680218922,1.055512118842846,0.1407349491790461,0.3518373729476153,1.4073494917904614,1.5480844409695076,0.0,0.4925723221266614,0.4925723221266614,4.503518373729476,0.4222048475371384,0.7740422204847538,0.0,0.0,69.48,20.0,11.11,30.0,41.18,46.12,45.6,52.38,0.1378656001997976,0.0432365911731668,0.2111024237685692,0.9851446442533228,0.0313904624706802,0.6333072713057076,0.9147771696637998,0.9147771696637998,0.0294498204065676,6.051602814698984,ST,74,87,62,85,100,50,100,100,92,69,26,59,59,64,44,64,76,79,18,82,59,76,60,88,51,51,36,33,62,23,62,77,82,31,59,67,49,74,72,90,74,71,62,82,51,74,44,69,95,50,92,95,67,64,26,18,13,21,31,28,46,51,18,64,15,44,23,62,51,51,36,33,62,23,62,77,82,31,18,33,23,49,54,64,51,44,33,69,Allsvenskan
Degerfors,46yo78zak2j7kaxc5ak1fnm60,64n88fymf988g8p4etuxx82z8,S. Diatara,Samba Diatara,22.0,Defender,Senegal,Defender,172.0,198.0,23.0,358.0,22.0,0.0,85.0,72.0,1455.0,12.0,12.0,1.0,8.0,8.0,3.0,5.0,2.0,22.0,23.0,1.0,17.0,2.0,14.0,9.0,27.0,1.0,1.0,72.47,30.67,26.67,40.91,25.0,52.15,64.71,64.29,0.4695592609922755,0.7837096557356759,2.0,16.0,0.51231651,19.0,30.0,35.0,1.7985026300000002,178.0,10.639175257731958,12.24742268041237,1.422680412371134,22.144329896907216,1.360824742268041,0.0,5.257731958762887,4.45360824742268,0.7422680412371133,0.7422680412371133,0.0618556701030927,0.4948453608247422,0.4948453608247422,0.1855670103092783,0.3092783505154639,0.1237113402061855,1.360824742268041,1.422680412371134,0.0618556701030927,1.0515463917525771,0.1237113402061855,0.8659793814432989,0.556701030927835,1.670103092783505,0.0618556701030927,0.0618556701030927,72.47,30.67,26.67,40.91,25.0,52.15,64.71,64.29,0.0290449027417902,0.0484768859217943,0.1237113402061855,0.9896907216494844,0.0316896810309278,1.1752577319587627,1.855670103092784,2.164948453608248,0.1112475853608247,11.010309278350515,LB/LCB,52,62,72,52,92,42,96,92,70,80,64,42,66,50,84,48,96,92,80,86,66,44,90,100,100,100,4,28,78,40,72,48,92,32,44,44,48,66,72,84,44,52,72,56,12,8,40,8,76,42,88,84,36,52,60,24,32,36,60,24,76,72,80,40,52,16,72,84,100,100,4,28,78,40,72,48,92,32,28,28,32,28,36,76,12,16,32,16,Allsvenskan
Degerfors,46yo78zak2j7kaxc5ak1fnm60,9469qatlpe6rdqko8c6ha4out,N. Girmai Netabay,Nahom Girmai Netabay,31.0,Midfielder,Sweden,Midfielder,206.0,311.0,26.0,497.0,4.0,0.0,61.0,8.0,1276.0,24.0,20.0,3.0,22.0,17.0,2.0,15.0,6.0,18.0,19.0,0.0,17.0,3.0,36.0,5.0,16.0,0.0,0.0,78.89,46.43,25.0,27.78,17.65,50.0,28.57,57.14,1.0643960899038758,2.0916320684580287,10.0,24.0,0.7458693399999997,12.0,42.0,46.0,2.168873469999999,211.0,14.529780564263325,21.935736677115987,1.8338557993730409,35.05485893416928,0.2821316614420063,0.0,4.302507836990596,0.5642633228840126,1.6927899686520378,1.4106583072100314,0.2115987460815047,1.5517241379310345,1.1990595611285266,0.1410658307210031,1.0579937304075235,0.4231974921630094,1.2695924764890285,1.34012539184953,0.0,1.1990595611285266,0.2115987460815047,2.539184952978057,0.3526645768025078,1.1285266457680252,0.0,0.0,78.89,46.43,25.0,27.78,17.65,50.0,28.57,57.14,0.0750749593192389,0.1475289076498609,0.7053291536050157,1.6927899686520378,0.0526083390282131,0.8463949843260189,2.962382445141066,3.2445141065830723,0.1529769688871472,14.882445141065832,CM/AM,96,82,90,88,55,51,77,61,91,94,83,84,68,19,88,67,63,64,24,92,40,74,48,87,51,51,41,41,61,20,20,76,47,38,47,84,81,61,69,61,69,71,80,80,73,61,84,65,37,51,41,27,67,92,69,55,27,12,76,37,22,27,24,84,22,33,18,53,51,51,41,41,61,20,20,76,47,38,12,59,57,31,41,24,55,45,59,59,Allsvenskan
Degerfors,46yo78zak2j7kaxc5ak1fnm60,a4f6z4alegkvrhm4k864w9lg5,Sebastian Jonas Ohlsson,Sebastian Jonas Ohlsson,33.0,Defender,Sweden,Defender,59.0,32.0,5.0,91.0,4.0,1.0,13.0,8.0,223.0,1.0,0.0,0.0,0.0,0.0,0.0,0.0,0.0,2.0,2.0,0.0,2.0,0.0,2.0,1.0,4.0,0.0,0.0,85.05,35.71,0.0,50.0,0.0,61.9,80.0,57.14,0.0,0.0,0.0,0.0,0.0,0.0,0.0,0.0,0.0,0.0,23.81165919282511,12.914798206278029,2.0179372197309418,36.72645739910314,1.6143497757847534,0.4035874439461883,5.246636771300448,3.2286995515695067,0.4035874439461883,0.0,0.0,0.0,0.0,0.0,0.0,0.0,0.8071748878923767,0.8071748878923767,0.0,0.8071748878923767,0.0,0.8071748878923767,0.4035874439461883,1.6143497757847534,0.0,0.0,85.05,35.71,0.0,50.0,0.0,61.9,80.0,57.14,0.0,0.0,0.0,0.0,0.0,0.0,0.0,0.0,0.0,0.0,CB,8,9,15,11,15,86,20,8,12,30,41,11,8,11,28,16,44,42,28,12,18,14,44,35,51,51,39,30,30,58,18,68,95,39,8,14,27,8,8,16,5,5,5,5,20,27,39,24,53,100,74,15,26,30,41,11,8,11,28,16,80,80,28,29,18,30,77,89,51,51,39,30,30,58,18,68,95,39,8,14,27,8,8,16,5,5,5,5,Allsvenskan
Degerfors,46yo78zak2j7kaxc5ak1fnm60,ar08l5yajxjdx0du3cvt6eq6s,N. Skuseth,Nikolai Skuseth,22.0,Defender,Norway,Defender,198.0,48.0,19.0,246.0,9.0,0.0,17.0,36.0,540.0,4.0,0.0,1.0,1.0,3.0,3.0,0.0,0.0,1.0,1.0,0.0,3.0,0.0,8.0,1.0,2.0,0.0,0.0,89.13,54.29,0.0,100.0,0.0,58.62,52.94,66.67,0.3674487677822949,0.1839912600353563,0.0,0.0,0.0,0.0,12.0,13.0,0.5161204899999999,139.0,33.0,8.0,3.1666666666666665,41.0,1.5,0.0,2.833333333333333,6.0,0.6666666666666666,0.0,0.1666666666666666,0.1666666666666666,0.5,0.5,0.0,0.0,0.1666666666666666,0.1666666666666666,0.0,0.5,0.0,1.3333333333333333,0.1666666666666666,0.3333333333333333,0.0,0.0,89.13,54.29,0.0,100.0,0.0,58.62,52.94,66.67,0.0612414612970491,0.0306652100058927,0.0,0.0,0.0,0.0,2.0,2.1666666666666665,0.0860200816666666,23.166666666666668,CB,47,21,56,36,38,39,27,45,39,30,89,33,45,46,28,16,27,26,28,19,18,49,44,15,51,51,64,83,30,89,18,48,29,67,41,52,27,8,8,16,30,29,42,36,59,6,79,38,44,39,15,76,52,30,96,36,52,63,28,16,31,30,28,5,18,67,50,15,51,51,64,83,30,89,18,48,29,67,53,62,27,8,8,16,30,24,48,35,Allsvenskan
Degerfors,46yo78zak2j7kaxc5ak1fnm60,au1328z9bxkwrtv9y2dczkwk5,D. Vukojević,Dijan Vukojevic,30.0,Attacker,Sweden,Striker,69.0,119.0,10.0,185.0,5.0,0.0,21.0,8.0,952.0,7.0,3.0,1.0,12.0,32.0,13.0,19.0,10.0,26.0,26.0,4.0,4.0,10.0,26.0,6.0,2.0,0.0,0.0,73.71,66.67,14.29,23.08,31.25,21.43,18.52,66.67,2.702174914151398,1.0290964691735065,15.0,11.0,0.25675942,8.0,17.0,23.0,0.8898750000000002,80.0,6.523109243697479,11.25,0.9453781512605042,17.48949579831933,0.4726890756302521,0.0,1.9852941176470589,0.7563025210084033,0.6617647058823529,0.2836134453781512,0.0945378151260504,1.134453781512605,3.0252100840336134,1.2289915966386555,1.796218487394958,0.9453781512605042,2.457983193277311,2.457983193277311,0.3781512605042016,0.3781512605042016,0.9453781512605042,2.457983193277311,0.5672268907563025,0.1890756302521008,0.0,0.0,73.71,66.67,14.29,23.08,31.25,21.43,18.52,66.67,0.255457712472296,0.0972885317495962,1.4180672268907564,1.0399159663865547,0.0242734745798319,0.7563025210084033,1.6071428571428572,2.17436974789916,0.0841268382352941,7.563025210084033,ST,77,74,90,73,37,50,33,67,45,87,63,77,74,58,97,88,87,87,76,68,72,44,60,27,51,51,59,77,67,18,36,3,18,51,67,82,95,60,51,86,85,85,82,79,87,67,85,72,21,50,3,59,13,79,54,67,74,23,97,79,72,69,67,51,56,10,44,18,51,51,59,77,67,18,36,3,18,51,38,72,95,54,33,74,77,77,79,79,Allsvenskan
Degerfors,46yo78zak2j7kaxc5ak1fnm60,b0rem4wo1p6sumrp6mb77f11w,K. Karlsson,Kazper Karlsson,21.0,Midfielder,Sweden,Midfielder,336.0,320.0,29.0,655.0,15.0,1.0,95.0,27.0,1438.0,29.0,1.0,0.0,5.0,6.0,3.0,3.0,3.0,17.0,17.0,0.0,27.0,0.0,11.0,10.0,26.0,0.0,0.0,84.73,43.94,16.67,58.82,0.0,49.74,41.67,61.9,0.4643530316471496,0.1967132366284069,3.0,23.0,0.5067372400000001,17.0,53.0,64.0,1.3131194099999997,358.0,21.02920723226704,20.02781641168289,1.8150208623087625,40.99443671766342,0.9388038942976356,0.062586926286509,5.945757997218359,1.689847009735744,1.8150208623087625,0.062586926286509,0.0,0.3129346314325452,0.3755215577190542,0.1877607788595271,0.1877607788595271,0.1877607788595271,1.0639777468706535,1.0639777468706535,0.0,1.689847009735744,0.0,0.6884561891515995,0.6258692628650904,1.627260083449235,0.0,0.0,84.73,43.94,16.67,58.82,0.0,49.74,41.67,61.9,0.0290624289626171,0.0123116768404427,0.1877607788595271,1.439499304589708,0.031715126286509,1.0639777468706535,3.31710709318498,4.0055632823365785,0.0821841077190542,22.40611961057024,DM/CM,80,66,70,78,86,95,90,78,88,49,28,35,41,57,35,54,74,72,31,95,14,52,86,89,50,51,35,25,40,80,14,42,49,49,40,25,38,62,60,91,50,66,45,78,50,25,38,48,78,95,85,52,85,38,28,18,18,32,22,35,65,62,31,78,14,22,72,65,50,51,35,25,40,80,14,42,49,49,18,15,22,32,30,70,25,42,18,55,Allsvenskan
Degerfors,46yo78zak2j7kaxc5ak1fnm60,b5kncgqkpiofwduo2snjz74dl,J. Pikkarainen,Juhani Pikkarainen,28.0,Defender,Finland,Defender,179.0,120.0,39.0,299.0,22.0,0.0,30.0,43.0,540.0,2.0,0.0,1.0,3.0,3.0,3.0,0.0,1.0,1.0,1.0,1.0,5.0,1.0,9.0,0.0,3.0,0.0,0.0,79.95,45.35,0.0,0.0,33.33,55.56,66.67,50.0,0.4036290963572208,0.3374161547617531,0.0,2.0,0.04347372,1.0,38.0,48.0,0.8520214800000008,212.0,29.83333333333333,20.0,6.5,49.833333333333336,3.6666666666666665,0.0,5.0,7.166666666666667,0.3333333333333333,0.0,0.1666666666666666,0.5,0.5,0.5,0.0,0.1666666666666666,0.1666666666666666,0.1666666666666666,0.1666666666666666,0.8333333333333334,0.1666666666666666,1.5,0.0,0.5,0.0,0.0,79.95,45.35,0.0,0.0,33.33,55.56,66.67,50.0,0.0672715160595368,0.0562360257936255,0.0,0.3333333333333333,0.00724562,0.1666666666666666,6.333333333333333,8.0,0.1420035800000001,35.333333333333336,CB,41,45,85,41,70,39,47,56,23,30,89,60,45,46,28,48,27,26,71,33,47,55,14,24,51,51,12,67,30,14,67,36,72,22,48,70,27,34,34,37,65,70,53,48,44,65,98,56,91,39,67,91,20,30,96,76,52,63,28,63,31,30,87,33,61,73,14,21,51,51,12,67,30,14,67,36,72,22,55,83,27,30,30,36,89,95,86,74,Allsvenskan
Degerfors,46yo78zak2j7kaxc5ak1fnm60,brsmkxpf8ucjg70vf3wiw8xzo,G. Yiriyon,Gideon Yiriyon,19.0,Midfielder,Ghana,Midfielder,103.0,180.0,16.0,277.0,9.0,0.0,43.0,13.0,825.0,4.0,6.0,0.0,6.0,20.0,10.0,10.0,6.0,6.0,6.0,1.0,7.0,1.0,25.0,5.0,17.0,0.0,0.0,77.81,38.1,30.0,83.33,5.0,42.57,33.33,68.0,1.482097023914949,0.5332596627253039,12.0,13.0,0.33579551,12.0,17.0,25.0,0.9623265200000004,122.0,11.236363636363636,19.63636363636364,1.7454545454545456,30.21818181818182,0.981818181818182,0.0,4.690909090909091,1.4181818181818182,0.4363636363636364,0.6545454545454545,0.0,0.6545454545454545,2.181818181818182,1.090909090909091,1.090909090909091,0.6545454545454545,0.6545454545454545,0.6545454545454545,0.1090909090909091,0.7636363636363637,0.1090909090909091,2.7272727272727275,0.5454545454545455,1.8545454545454547,0.0,0.0,77.81,38.1,30.0,83.33,5.0,42.57,33.33,68.0,0.1616833116998126,0.0581737813882149,1.309090909090909,1.4181818181818182,0.0366322374545454,1.309090909090909,1.8545454545454547,2.7272727272727275,0.1049810749090909,13.30909090909091,RM/RCM,67,60,80,67,70,50,47,67,23,73,23,37,80,60,80,83,13,13,57,70,37,53,47,93,53,53,40,53,73,100,27,20,33,60,60,27,87,40,40,77,57,57,40,73,60,67,93,60,73,50,47,53,7,60,23,27,80,53,80,73,7,7,60,67,33,53,20,100,53,53,40,53,73,100,27,20,33,60,53,20,87,27,20,73,27,60,27,67,Allsvenskan
Degerfors,46yo78zak2j7kaxc5ak1fnm60,c2pfggtw5hreyomdwogbhjpqs,E. Barsoum,Elias Barsoum,24.0,Midfielder,Sweden,Midfielder,128.0,221.0,6.0,345.0,3.0,0.0,70.0,6.0,1163.0,19.0,4.0,1.0,14.0,14.0,6.0,8.0,5.0,54.0,58.0,0.0,6.0,4.0,28.0,24.0,13.0,0.0,0.0,90.55,60.0,28.57,44.44,28.57,46.98,0.0,54.17,1.0037712754957742,1.6339899921272711,6.0,39.0,1.13651444,21.0,26.0,33.0,2.41241941,156.0,9.905417024935511,17.10232158211522,0.4643164230438521,26.698194325021497,0.232158211521926,0.0,5.417024935511607,0.4643164230438521,1.470335339638865,0.3095442820292347,0.0773860705073086,1.0834049871023217,1.0834049871023217,0.4643164230438521,0.6190885640584695,0.3869303525365434,4.178847807394669,4.488392089423904,0.0,0.4643164230438521,0.3095442820292347,2.166809974204643,1.8572656921754085,1.0060189165950129,0.0,0.0,90.55,60.0,28.57,44.44,28.57,46.98,0.0,54.17,0.0776779146987271,0.1264480647389977,0.4643164230438521,3.0180567497850386,0.0879503865864144,1.6251074806534824,2.0120378331900257,2.5537403267411865,0.18668765855546,12.072226999140154,CM/AM,73,65,48,65,48,51,89,50,69,68,54,61,58,46,76,60,98,98,24,57,54,61,96,70,51,51,96,74,71,61,42,53,8,31,45,80,66,86,90,93,58,63,88,67,51,43,18,47,31,51,57,20,59,57,45,27,20,27,45,35,90,90,24,29,33,27,90,43,51,51,96,74,71,61,42,53,8,31,16,53,41,76,80,86,29,35,76,45,Allsvenskan
Degerfors,46yo78zak2j7kaxc5ak1fnm60,c57cmqsy5y46vndbsqq3pyu7e,R. Dzabic,Robin Dzabic,25.0,Midfielder,Sweden,Midfielder,44.0,64.0,6.0,107.0,7.0,0.0,38.0,4.0,489.0,13.0,1.0,1.0,9.0,11.0,7.0,4.0,3.0,12.0,12.0,0.0,5.0,2.0,19.0,6.0,12.0,0.0,0.0,71.81,37.5,6.67,50.0,18.18,55.07,41.18,100.0,1.0923322410185765,0.7092510299769554,2.0,8.0,0.1578153699999999,3.0,7.0,7.0,0.71579883,39.0,8.098159509202453,11.779141104294478,1.1042944785276072,19.69325153374233,1.2883435582822085,0.0,6.993865030674846,0.7361963190184049,2.392638036809816,0.1840490797546012,0.1840490797546012,1.656441717791411,2.0245398773006134,1.2883435582822085,0.7361963190184049,0.5521472392638036,2.2085889570552144,2.2085889570552144,0.0,0.920245398773006,0.3680981595092024,3.496932515337423,1.1042944785276072,2.2085889570552144,0.0,0.0,71.81,37.5,6.67,50.0,18.18,55.07,41.18,100.0,0.2010427437457502,0.1305369993822617,0.3680981595092024,1.4723926380368098,0.0290457736196318,0.5521472392638036,1.2883435582822085,1.2883435582822085,0.1317421159509202,7.177914110429447,CM/AM,35,18,48,20,72,51,44,32,52,34,54,42,44,54,41,38,46,45,24,49,29,40,59,60,51,51,12,24,24,76,23,92,73,96,49,41,32,26,18,26,23,14,39,18,35,14,49,24,90,51,86,39,88,45,63,59,69,73,55,53,65,61,24,55,39,53,71,92,51,51,12,24,24,76,23,92,73,96,76,57,29,22,12,18,12,4,51,16,Allsvenskan
Degerfors,46yo78zak2j7kaxc5ak1fnm60,dwq0cjzdbt6dvc81bq316c2cp,B. Hussein,Bilal Hussein,26.0,Midfielder,Sweden,Midfielder,188.0,213.0,28.0,391.0,1.0,0.0,30.0,13.0,682.0,8.0,10.0,0.0,5.0,2.0,1.0,1.0,1.0,3.0,3.0,0.0,10.0,0.0,8.0,1.0,14.0,0.0,0.0,85.93,54.9,47.62,33.33,0.0,63.83,14.29,70.0,0.1523887950157205,0.2891107880306325,0.0,7.0,0.15443469,5.0,58.0,46.0,1.0100348699999997,242.0,24.80938416422288,28.10850439882698,3.6950146627566,51.59824046920821,0.1319648093841642,0.0,3.958944281524927,1.715542521994135,1.0557184750733135,1.3196480938416422,0.0,0.6598240469208211,0.2639296187683284,0.1319648093841642,0.1319648093841642,0.1319648093841642,0.3958944281524927,0.3958944281524927,0.0,1.3196480938416422,0.0,1.0557184750733135,0.1319648093841642,1.8475073313783,0.0,0.0,85.93,54.9,47.62,33.33,0.0,63.83,14.29,70.0,0.020109958286532,0.0381524500333679,0.0,0.9237536656891496,0.0203799444281524,0.6598240469208211,7.653958944281525,6.070381231671554,0.133289059090909,31.935483870967744,DM/CM,45,40,68,40,15,46,40,48,45,90,28,35,15,24,20,30,25,21,31,50,14,39,24,56,50,51,50,68,90,28,14,98,18,75,10,30,10,25,22,35,55,48,35,45,78,72,92,75,10,46,32,57,50,98,28,30,10,24,20,30,15,15,31,57,14,50,20,70,50,51,50,68,90,28,14,98,18,75,10,25,10,22,18,38,92,75,60,85,Allsvenskan
Degerfors,46yo78zak2j7kaxc5ak1fnm60,ec6qqle54cq9gck2jhnbpjzs9,E. Lindell,Erik Lindell,30.0,Defender,Sweden,Defender,17.0,37.0,2.0,51.0,4.0,0.0,14.0,8.0,180.0,4.0,3.0,0.0,2.0,5.0,4.0,1.0,2.0,5.0,5.0,1.0,2.0,2.0,5.0,1.0,3.0,0.0,0.0,77.27,33.33,37.5,20.0,40.0,50.0,57.14,60.0,0.5833952483053273,0.2501668932861877,1.0,2.0,0.04146581,2.0,2.0,2.0,0.38240341,23.0,8.5,18.5,1.0,25.5,2.0,0.0,7.0,4.0,2.0,1.5,0.0,1.0,2.5,2.0,0.5,1.0,2.5,2.5,0.5,1.0,1.0,2.5,0.5,1.5,0.0,0.0,77.27,33.33,37.5,20.0,40.0,50.0,57.14,60.0,0.2916976241526636,0.1250834466430938,0.5,1.0,0.020732905,1.0,1.0,1.0,0.191201705,11.5,CB,3,14,5,5,15,39,23,8,39,86,41,50,58,59,69,77,73,71,71,12,67,32,44,24,51,51,6,20,84,32,77,17,45,46,61,62,64,34,32,48,12,11,35,12,2,62,6,2,67,39,98,29,98,100,41,96,97,98,89,100,97,97,98,48,98,92,87,86,51,51,6,20,84,32,77,17,45,46,97,98,92,59,59,86,12,11,95,14,Allsvenskan
Degerfors,46yo78zak2j7kaxc5ak1fnm60,el14eiipsagmeuhborw0ksfoq,N. Moro,Nasiru Moro,29.0,Defender,Ghana,Defender,123.0,23.0,9.0,146.0,4.0,0.0,13.0,26.0,378.0,4.0,0.0,0.0,0.0,2.0,2.0,0.0,1.0,2.0,2.0,1.0,3.0,1.0,8.0,2.0,2.0,0.0,0.0,76.84,21.43,0.0,100.0,50.0,59.09,50.0,66.67,0.3739430141874545,0.0,0.0,1.0,0.0174506,1.0,5.0,5.0,0.14616657,99.0,29.285714285714285,5.476190476190476,2.142857142857143,34.76190476190476,0.9523809523809524,0.0,3.095238095238095,6.19047619047619,0.9523809523809524,0.0,0.0,0.0,0.4761904761904761,0.4761904761904761,0.0,0.238095238095238,0.4761904761904761,0.4761904761904761,0.238095238095238,0.7142857142857143,0.238095238095238,1.9047619047619049,0.4761904761904761,0.4761904761904761,0.0,0.0,76.84,21.43,0.0,100.0,50.0,59.09,50.0,66.67,0.0890340509970129,0.0,0.0,0.238095238095238,0.0041549047619047,0.238095238095238,1.1904761904761905,1.1904761904761905,0.0348015642857142,23.57142857142857,CB,24,6,23,18,15,39,20,33,39,30,41,11,30,33,28,48,44,42,71,19,47,49,65,15,51,51,3,3,30,89,85,55,24,67,42,14,27,22,18,37,18,17,15,30,39,2,48,18,14,39,26,80,70,30,41,11,49,61,28,79,62,62,91,23,74,85,85,20,51,51,3,3,30,89,85,55,24,67,77,14,27,26,23,43,14,14,11,36,Allsvenskan
Degerfors,46yo78zak2j7kaxc5ak1fnm60,m031ocyfq011rual3olkegdm,A. Taranis,Arman Taranis,25.0,Attacker,Denmark,Striker,29.0,60.0,2.0,89.0,3.0,1.0,36.0,2.0,757.0,7.0,0.0,0.0,7.0,15.0,11.0,4.0,3.0,24.0,24.0,2.0,4.0,8.0,32.0,14.0,9.0,0.0,0.0,71.2,40.0,0.0,58.33,53.33,40.0,18.75,75.0,1.3019470788124594,0.5507688929057218,6.0,13.0,0.6716959800000001,6.0,3.0,6.0,0.29868957,27.0,3.4478203434610304,7.133421400264201,0.23778071334214,10.581241743725233,0.35667107001321,0.11889035667107,4.28005284015852,0.23778071334214,0.8322324966974901,0.0,0.0,0.8322324966974901,1.7833553500660502,1.30779392338177,0.47556142668428,0.35667107001321,2.85336856010568,2.85336856010568,0.23778071334214,0.47556142668428,0.95112285336856,3.80449141347424,1.6644649933949802,1.07001321003963,0.0,0.0,71.2,40.0,0.0,58.33,53.33,40.0,18.75,75.0,0.154788952566871,0.0654811101208916,0.71334214002642,1.54557463672391,0.0798581746367239,0.71334214002642,0.35667107001321,0.71334214002642,0.0355113095112285,3.21003963011889,ST,46,51,51,51,19,100,50,28,45,31,26,51,54,50,73,45,83,82,62,68,63,59,92,82,51,51,49,46,31,74,92,45,21,67,38,62,63,65,87,74,31,46,51,49,28,36,51,31,15,100,38,10,26,31,26,36,21,28,51,31,77,77,51,59,59,28,92,82,51,51,49,46,31,74,92,45,21,67,21,46,51,67,90,72,15,28,41,21,Allsvenskan
Djurgården,czkf5t3ai00ghwbga03i5aqxw,3ohbqdzgocvaipgik7plvzpwp,J. Okkels,Jeppe Okkels,27.0,Attacker,Denmark,Striker,50.0,167.0,4.0,210.0,2.0,0.0,27.0,5.0,661.0,7.0,7.0,0.0,11.0,18.0,14.0,4.0,5.0,15.0,15.0,2.0,2.0,7.0,39.0,6.0,9.0,0.0,0.0,81.4,40.0,29.17,40.0,38.89,51.92,50.0,75.0,1.6457414171172795,0.9567841703445892,7.0,25.0,0.8115476799999998,5.0,16.0,21.0,1.8621351500000003,69.0,6.80786686838124,22.738275340393344,0.5446293494704992,28.593040847201213,0.2723146747352496,0.0,3.6762481089258703,0.680786686838124,0.9531013615733738,0.9531013615733738,0.0,1.497730711043873,2.4508320726172466,1.9062027231467475,0.5446293494704992,0.680786686838124,2.042360060514372,2.042360060514372,0.2723146747352496,0.2723146747352496,0.9531013615733738,5.310136157337368,0.8169440242057489,1.2254160363086233,0.0,0.0,81.4,40.0,29.17,40.0,38.89,51.92,50.0,75.0,0.2240797693503103,0.1302731850696112,0.9531013615733738,3.40393343419062,0.1104981712556732,0.680786686838124,2.178517397881997,2.859304084720121,0.2535433638426627,9.394856278366111,LW,50,67,50,58,42,54,42,38,50,58,17,54,50,50,46,50,42,42,58,29,46,50,46,62,54,54,83,58,83,33,67,83,92,79,50,50,46,50,50,33,58,58,67,50,75,75,58,83,33,54,25,58,25,83,17,50,50,58,33,33,33,17,58,33,50,42,33,75,54,54,83,58,83,33,67,83,92,79,42,33,42,50,50,25,75,58,100,58,Allsvenskan
Djurgården,czkf5t3ai00ghwbga03i5aqxw,3xughe5ngeamjas70lyheyezu,P. Åslund,Patric Åslund,24.0,Midfielder,Sweden,Midfielder,85.0,213.0,9.0,289.0,3.0,0.0,57.0,7.0,1216.0,21.0,9.0,0.0,24.0,24.0,19.0,5.0,2.0,35.0,35.0,5.0,6.0,17.0,74.0,14.0,13.0,0.0,0.0,75.85,50.0,27.27,40.0,70.83,50.89,42.86,68.42,2.8209849924375527,2.0643963219126893,8.0,24.0,0.7217632299999999,7.0,10.0,25.0,1.6273158100000007,95.0,6.291118421052632,15.764802631578949,0.6661184210526315,21.38980263157895,0.2220394736842105,0.0,4.21875,0.5180921052631579,1.5542763157894737,0.6661184210526315,0.0,1.7763157894736843,1.7763157894736843,1.40625,0.3700657894736842,0.1480263157894736,2.5904605263157894,2.5904605263157894,0.3700657894736842,0.4440789473684211,1.2582236842105263,5.476973684210527,1.0361842105263157,0.962171052631579,0.0,0.0,75.85,50.0,27.27,40.0,70.83,50.89,42.86,68.42,0.2087900076639636,0.1527924909310378,0.5921052631578947,1.7763157894736843,0.0534199759046052,0.5180921052631579,0.7401315789473685,1.850328947368421,0.1204427819901316,7.03125,RM/RCM,53,87,53,73,40,50,67,43,87,80,23,93,87,93,63,40,80,80,93,57,100,100,80,60,53,53,20,90,63,37,93,80,53,70,93,87,80,67,67,33,27,57,80,47,20,27,33,20,20,50,33,20,73,67,23,80,53,73,40,27,73,73,93,40,100,93,67,47,53,53,20,90,63,37,93,80,53,70,87,67,60,47,53,20,7,7,53,7,Allsvenskan
Djurgården,czkf5t3ai00ghwbga03i5aqxw,5jos8v6hr086q8at9iuyhwded,M. Tenho,Miro Tenho,31.0,Defender,Finland,Defender,497.0,385.0,32.0,879.0,50.0,0.0,66.0,101.0,1437.0,7.0,3.0,0.0,3.0,10.0,9.0,1.0,1.0,1.0,1.0,2.0,19.0,5.0,17.0,0.0,4.0,0.0,0.0,90.43,38.55,75.0,0.0,50.0,58.93,71.43,44.44,1.3573155496796607,0.2122404358702434,1.0,23.0,0.4425719800000001,8.0,97.0,101.0,1.8152007500000005,510.0,31.12734864300626,24.112734864300627,2.004175365344468,55.05219206680584,3.1315240083507305,0.0,4.133611691022964,6.325678496868476,0.4384133611691023,0.1878914405010438,0.0,0.1878914405010438,0.6263048016701461,0.5636743215031316,0.0626304801670146,0.0626304801670146,0.0626304801670146,0.0626304801670146,0.1252609603340292,1.1899791231732777,0.313152400835073,1.0647181628392484,0.0,0.2505219206680584,0.0,0.0,90.43,38.55,75.0,0.0,50.0,58.93,71.43,44.44,0.0850093246145925,0.0132927204094098,0.0626304801670146,1.440501043841336,0.0277184956158663,0.5010438413361169,6.075156576200418,6.325678496868476,0.113686894572025,31.941544885177453,CB,83,98,77,95,95,39,83,98,61,86,41,60,84,90,69,48,27,26,92,83,94,75,14,35,51,51,80,41,92,14,85,50,80,12,89,56,64,91,83,86,98,100,91,91,45,88,38,65,88,39,42,85,30,74,41,39,64,74,59,32,15,15,71,62,83,50,14,9,51,51,80,41,92,14,85,50,80,12,73,42,55,74,73,68,85,88,65,59,Allsvenskan
Djurgården,czkf5t3ai00ghwbga03i5aqxw,5t5ib5l818gj98xrztrj0kbca,O. Fallenius,Oskar Fallenius,24.0,Attacker,Sweden,Striker,33.0,164.0,3.0,195.0,5.0,0.0,44.0,1.0,649.0,6.0,2.0,3.0,11.0,28.0,20.0,8.0,9.0,34.0,35.0,1.0,6.0,8.0,61.0,17.0,9.0,0.0,0.0,80.58,42.86,15.38,50.0,28.57,47.83,50.0,56.25,3.4053525511937264,1.1072389326833687,12.0,26.0,0.8697706,7.0,11.0,25.0,1.04402731,82.0,4.576271186440678,22.742681047765792,0.4160246533127889,27.04160246533128,0.6933744221879815,0.0,6.101694915254237,0.1386748844375963,0.8320493066255777,0.2773497688751926,0.4160246533127889,1.5254237288135593,3.882896764252696,2.773497688751926,1.1093990755007703,1.2480739599383668,4.714946070878274,4.85362095531587,0.1386748844375963,0.8320493066255777,1.1093990755007703,8.459167950693374,2.357473035439137,1.2480739599383668,0.0,0.0,80.58,42.86,15.38,50.0,28.57,47.83,50.0,56.25,0.4722368715060637,0.1535462310346736,1.6640986132511555,3.605546995377504,0.1206153374422187,0.970724191063174,1.5254237288135593,3.4668721109399074,0.1447803665639445,11.371340523882896,LW,42,54,42,50,88,54,67,17,38,50,75,54,67,67,58,67,75,75,33,71,58,67,83,62,54,54,67,75,42,62,38,58,92,33,75,58,67,58,58,42,42,67,50,58,50,83,42,67,92,54,75,17,17,42,67,58,83,92,92,83,92,92,33,75,58,92,92,83,54,54,67,75,42,62,38,58,92,33,92,58,92,58,67,42,50,83,33,75,Allsvenskan
Djurgården,czkf5t3ai00ghwbga03i5aqxw,6051gs5j7d6zss35h2twoqnd,H. Finndell,Hampus Finndell,26.0,Midfielder,Sweden,Midfielder,179.0,312.0,20.0,488.0,13.0,0.0,59.0,18.0,1018.0,14.0,3.0,1.0,14.0,11.0,5.0,6.0,3.0,7.0,7.0,1.0,18.0,2.0,15.0,5.0,19.0,0.0,0.0,82.85,50.0,50.0,71.43,18.18,52.68,61.9,70.37,0.9125734680091704,1.1103988693891855,4.0,16.0,0.38910433,6.0,60.0,51.0,1.7461194800000008,257.0,15.825147347740668,27.583497053045186,1.768172888015717,43.14341846758349,1.149312377210216,0.0,5.216110019646365,1.5913555992141453,1.237721021611002,0.2652259332023575,0.0884086444007858,1.237721021611002,0.9724950884086444,0.4420432220039292,0.5304518664047151,0.2652259332023575,0.618860510805501,0.618860510805501,0.0884086444007858,1.5913555992141453,0.1768172888015717,1.3261296660117878,0.4420432220039292,1.6797642436149312,0.0,0.0,82.85,50.0,50.0,71.43,18.18,52.68,61.9,70.37,0.0806793832228146,0.0981688587868631,0.3536345776031434,1.4145383104125735,0.034400186345776,0.5304518664047151,5.304518664047151,4.508840864440078,0.1543720561886051,22.72102161100196,CM/AM,86,84,86,86,92,51,69,94,56,61,54,61,44,38,65,38,21,20,55,95,29,31,48,95,51,51,59,50,97,98,23,84,98,68,39,59,46,44,41,38,93,73,73,92,78,78,80,84,82,51,55,76,41,51,47,40,12,22,35,18,8,8,49,92,18,16,27,73,51,51,59,50,97,98,23,84,98,68,22,33,24,18,16,14,86,69,61,88,Allsvenskan
Djurgården,czkf5t3ai00ghwbga03i5aqxw,79b0b6eqck5vn4b3fawxsaok,P. Langhoff,Peter Langhoff,22.0,Midfielder,Denmark,Midfielder,39.0,70.0,1.0,109.0,0.0,0.0,16.0,5.0,205.0,7.0,0.0,0.0,4.0,0.0,0.0,0.0,0.0,4.0,4.0,0.0,2.0,0.0,2.0,2.0,5.0,0.0,0.0,90.08,33.33,0.0,50.0,0.0,45.71,0.0,71.43,0.0,0.3509142283181364,0.0,8.0,0.15430239,0.0,13.0,6.0,0.19591825,57.0,17.121951219512194,30.731707317073173,0.4390243902439024,47.85365853658537,0.0,0.0,7.024390243902439,2.1951219512195124,3.073170731707317,0.0,0.0,1.7560975609756098,0.0,0.0,0.0,0.0,1.7560975609756098,1.7560975609756098,0.0,0.8780487804878049,0.0,0.8780487804878049,0.8780487804878049,2.1951219512195124,0.0,0.0,90.08,33.33,0.0,50.0,0.0,45.71,0.0,71.43,0.0,0.1540599051152794,0.0,3.5121951219512195,0.0677425126829268,0.0,5.707317073170732,2.6341463414634148,0.0860128902439024,25.02439024390244,CM/AM,33,24,8,23,5,51,20,39,30,12,20,17,2,5,3,4,12,10,24,20,7,8,16,24,51,51,94,13,12,76,7,47,8,72,2,22,7,26,16,3,35,9,6,34,88,84,16,92,5,51,88,96,96,12,20,67,2,5,3,4,53,47,24,49,7,10,61,88,51,51,94,13,12,76,7,47,8,72,2,63,7,84,63,3,90,39,24,90,Allsvenskan
Djurgården,czkf5t3ai00ghwbga03i5aqxw,7yld2a7aw6d3lmmwpu1wovxsl,P. Johansson,Piotr Johansson,31.0,Defender,Sweden,Defender,162.0,281.0,16.0,432.0,11.0,0.0,41.0,32.0,1141.0,8.0,11.0,3.0,11.0,9.0,7.0,2.0,2.0,8.0,8.0,1.0,9.0,3.0,24.0,1.0,12.0,0.0,0.0,85.71,38.1,35.48,12.5,33.33,48.81,55.0,57.14,0.8700103591480621,1.2152468877091485,2.0,20.0,0.53031807,12.0,45.0,52.0,2.42312588,206.0,12.778264680105172,22.164767747589835,1.26205083260298,34.07537248028046,0.8676599474145487,0.0,3.234005258545136,2.52410166520596,0.63102541630149,0.8676599474145487,0.2366345311130587,0.8676599474145487,0.7099035933391762,0.5521472392638037,0.1577563540753725,0.1577563540753725,0.63102541630149,0.63102541630149,0.0788781770376862,0.7099035933391762,0.2366345311130587,1.89307624890447,0.0788781770376862,0.946538124452235,0.0,0.0,85.71,38.1,35.48,12.5,33.33,48.81,55.0,57.14,0.0686248311335018,0.0958564591532194,0.1577563540753725,1.577563540753725,0.041830522611744,0.946538124452235,3.549517966695881,4.1016652059596845,0.1911317521472393,16.248904469763367,RB/RCB,40,75,48,60,55,40,50,62,55,82,95,80,80,88,42,55,52,52,85,55,82,95,18,60,50,52,70,50,75,10,57,35,70,30,80,80,57,72,70,70,70,60,70,55,40,85,35,40,45,40,15,50,45,80,90,65,50,70,30,45,25,25,85,20,60,75,15,25,50,52,70,50,75,10,57,35,70,30,60,65,40,80,65,55,65,65,80,40,Allsvenskan
Djurgården,czkf5t3ai00ghwbga03i5aqxw,930c0oge6pi38eofh75m0u2y2,M. Marqués,Mikael Marqués,24.0,Defender,Sweden,Defender,237.0,236.0,14.0,470.0,11.0,0.0,22.0,31.0,649.0,5.0,3.0,1.0,5.0,8.0,4.0,4.0,2.0,0.0,0.0,1.0,13.0,2.0,6.0,0.0,4.0,0.0,0.0,89.35,36.84,42.86,0.0,25.0,61.11,73.33,57.14,0.8873484599205312,0.5804354649082425,3.0,19.0,0.42803483,9.0,51.0,46.0,1.3479623500000006,302.0,32.865947611710325,32.72727272727273,1.941448382126348,65.17719568567026,1.5254237288135593,0.0,3.0508474576271185,4.298921417565485,0.6933744221879815,0.4160246533127889,0.1386748844375963,0.6933744221879815,1.1093990755007703,0.5546995377503852,0.5546995377503852,0.2773497688751926,0.0,0.0,0.1386748844375963,1.802773497688752,0.2773497688751926,0.8320493066255777,0.0,0.5546995377503852,0.0,0.0,89.35,36.84,42.86,0.0,25.0,61.11,73.33,57.14,0.1230529451353587,0.080491821019633,0.4160246533127889,2.6348228043143296,0.0593576805855161,1.2480739599383668,7.072419106317411,6.37904468412943,0.1869285231124808,41.87981510015408,CB,52,77,42,55,45,39,34,39,48,86,89,82,77,59,91,77,8,8,71,70,67,42,14,35,51,51,70,33,88,14,52,64,86,39,71,88,89,81,80,89,80,67,77,61,56,97,36,83,45,39,23,33,53,91,92,86,86,73,92,82,8,8,82,89,77,36,14,26,51,51,70,33,88,14,52,64,86,39,85,95,89,95,92,91,95,91,94,91,Allsvenskan
Djurgården,czkf5t3ai00ghwbga03i5aqxw,bb7inex45spf3wj9dqw8sbqi,K. Lien,Kristian Lien,24.0,Attacker,Norway,Striker,65.0,81.0,1.0,145.0,21.0,0.0,53.0,16.0,1449.0,17.0,1.0,2.0,22.0,41.0,37.0,4.0,6.0,24.0,25.0,11.0,0.0,24.0,74.0,13.0,2.0,0.0,0.0,78.8,100.0,100.0,54.17,58.54,38.97,36.21,100.0,5.723770958362983,1.3886465758875102,6.0,10.0,0.3193828099999999,4.0,6.0,9.0,0.5645180800000003,52.0,4.037267080745341,5.0310559006211175,0.062111801242236,9.006211180124224,1.3043478260869563,0.0,3.291925465838509,0.9937888198757764,1.0559006211180124,0.062111801242236,0.124223602484472,1.3664596273291925,2.5465838509316767,2.2981366459627326,0.248447204968944,0.3726708074534161,1.4906832298136643,1.5527950310559004,0.6832298136645962,0.0,1.4906832298136643,4.596273291925465,0.8074534161490683,0.124223602484472,0.0,0.0,78.8,100.0,100.0,54.17,58.54,38.97,36.21,100.0,0.3555137241219244,0.0862513401172366,0.3726708074534161,0.6211180124223602,0.0198374416149068,0.248447204968944,0.3726708074534161,0.5590062111801242,0.0350632347826087,3.229813664596273,ST,72,59,36,67,82,50,77,97,79,69,83,92,90,96,73,71,83,85,99,12,97,88,90,27,51,51,74,95,97,69,100,36,56,96,97,90,63,55,54,60,54,58,72,69,44,13,28,15,51,50,21,72,36,62,59,74,59,67,36,33,51,54,95,12,95,46,59,15,51,51,74,95,97,69,100,36,56,96,67,62,28,26,31,21,18,21,38,26,Allsvenskan
Djurgården,czkf5t3ai00ghwbga03i5aqxw,bhaqw4112j43c753dlxhy61ud,D. Stensson,Daniel Stensson,29.0,Midfielder,Sweden,Midfielder,116.0,207.0,15.0,320.0,1.0,0.0,24.0,7.0,370.0,6.0,3.0,0.0,9.0,7.0,0.0,7.0,2.0,4.0,4.0,0.0,4.0,1.0,2.0,3.0,9.0,0.0,0.0,87.43,51.72,23.08,75.0,14.29,50.0,10.0,64.29,0.4932515164142441,0.933263920150999,4.0,9.0,0.21053583,2.0,45.0,41.0,1.1494490999999991,165.0,28.216216216216218,50.35135135135136,3.648648648648649,77.83783783783784,0.2432432432432432,0.0,5.837837837837839,1.7027027027027029,1.4594594594594597,0.7297297297297298,0.0,2.189189189189189,1.7027027027027029,0.0,1.7027027027027029,0.4864864864864865,0.972972972972973,0.972972972972973,0.0,0.972972972972973,0.2432432432432432,0.4864864864864865,0.7297297297297298,2.189189189189189,0.0,0.0,87.43,51.72,23.08,75.0,14.29,50.0,10.0,64.29,0.1199800985872485,0.2270101427394322,0.972972972972973,2.189189189189189,0.0512114181081081,0.4864864864864865,10.945945945945947,9.972972972972974,0.2795957270270268,40.13513513513514,CM/AM,67,61,72,63,17,51,31,58,23,61,20,42,31,5,70,28,12,10,24,41,18,8,27,43,51,51,80,57,57,100,16,76,16,59,24,49,46,31,22,13,73,65,61,69,100,100,100,100,35,51,69,86,57,73,20,80,59,5,92,43,16,16,24,61,24,4,55,86,51,51,80,57,57,100,16,76,16,59,29,86,80,47,37,10,100,98,94,100,Allsvenskan
Djurgården,czkf5t3ai00ghwbga03i5aqxw,bv57jiquzqjnzuxzw5r663aad,A. Ståhl,Adam Ståhl,31.0,Defender,Finland,Defender,82.0,167.0,10.0,246.0,15.0,0.0,32.0,33.0,685.0,7.0,3.0,1.0,6.0,3.0,3.0,0.0,0.0,6.0,6.0,1.0,4.0,1.0,22.0,1.0,6.0,0.0,0.0,83.67,58.82,30.0,16.67,33.33,50.0,50.0,66.67,0.4190020997945546,0.5924550732281194,0.0,17.0,0.5112757800000001,8.0,17.0,24.0,0.9025101200000002,91.0,10.773722627737229,21.94160583941606,1.3138686131386863,32.32116788321168,1.9708029197080288,0.0,4.204379562043796,4.335766423357664,0.9197080291970804,0.3941605839416058,0.1313868613138686,0.7883211678832117,0.3941605839416058,0.3941605839416058,0.0,0.0,0.7883211678832117,0.7883211678832117,0.1313868613138686,0.5255474452554745,0.1313868613138686,2.890510948905109,0.1313868613138686,0.7883211678832117,0.0,0.0,83.67,58.82,30.0,16.67,33.33,50.0,50.0,66.67,0.0550513707759268,0.0778408125409208,0.0,2.2335766423357666,0.06717492,1.051094890510949,2.2335766423357666,3.153284671532847,0.1185779719708029,11.956204379562044,CB,15,55,26,36,53,39,48,42,61,86,89,87,45,46,28,16,80,78,71,26,47,88,44,50,51,51,27,94,75,29,67,17,24,67,53,89,27,79,89,86,39,45,55,26,5,74,20,14,64,39,45,38,68,89,91,91,38,47,28,16,77,77,76,8,48,97,41,44,51,51,27,94,75,29,67,17,24,67,47,94,27,91,95,89,36,45,67,18,Allsvenskan
Djurgården,czkf5t3ai00ghwbga03i5aqxw,cprmadcy942qhykcpsv02ri1g,B. Hegland,Bo Hegland,22.0,Midfielder,Norway,Midfielder,99.0,357.0,29.0,428.0,3.0,0.0,77.0,6.0,1430.0,18.0,28.0,11.0,44.0,46.0,22.0,24.0,12.0,61.0,64.0,6.0,11.0,19.0,81.0,30.0,14.0,0.0,0.0,80.15,55.77,31.11,49.18,41.3,42.31,21.43,53.85,4.237090238232226,5.139783414658013,21.0,50.0,1.3674269899999991,27.0,53.0,74.0,4.127354449999995,199.0,6.230769230769231,22.468531468531467,1.8251748251748248,26.937062937062937,0.1888111888111888,0.0,4.846153846153846,0.3776223776223776,1.132867132867133,1.7622377622377623,0.6923076923076923,2.769230769230769,2.895104895104895,1.3846153846153846,1.5104895104895104,0.7552447552447552,3.839160839160839,4.027972027972028,0.3776223776223776,0.6923076923076923,1.1958041958041958,5.0979020979020975,1.888111888111888,0.8811188811188811,0.0,0.0,80.15,55.77,31.11,49.18,41.3,42.31,21.43,53.85,0.2666700149936366,0.3234828722512036,1.3216783216783217,3.1468531468531467,0.0860618385314684,1.6993006993006992,3.3356643356643354,4.6573426573426575,0.2597635667832164,12.524475524475523,CM/AM,55,94,94,78,48,51,96,50,65,100,100,100,96,93,96,96,100,100,99,78,98,100,100,80,51,51,49,63,78,67,78,35,37,27,100,100,98,96,98,97,84,88,98,73,17,63,82,49,24,51,49,18,33,96,98,92,90,80,86,78,86,86,88,41,94,92,92,33,51,51,49,63,78,67,78,35,37,27,92,98,88,80,76,88,61,71,90,47,Allsvenskan
Djurgården,czkf5t3ai00ghwbga03i5aqxw,dkc69jkzi4e9ysgmwldz249as,M. Siltanen,Matias Siltanen,19.0,Midfielder,Finland,Midfielder,354.0,564.0,27.0,916.0,10.0,0.0,69.0,20.0,1454.0,27.0,2.0,1.0,18.0,12.0,6.0,6.0,5.0,4.0,4.0,0.0,24.0,3.0,12.0,2.0,13.0,0.0,0.0,89.72,65.85,16.67,50.0,25.0,67.65,58.82,43.33,0.8734294538529515,1.1287428069252878,7.0,45.0,0.9615840699999996,18.0,123.0,103.0,2.4037929900000017,539.0,21.91196698762036,34.91059147180193,1.6712517193947731,56.698762035763416,0.6189821182943605,0.0,4.270976616231087,1.237964236588721,1.6712517193947731,0.123796423658872,0.061898211829436,1.114167812929849,0.7427785419532325,0.3713892709766162,0.3713892709766162,0.3094910591471802,0.2475928473177441,0.2475928473177441,0.0,1.485557083906465,0.1856946354883081,0.7427785419532325,0.123796423658872,0.8046767537826686,0.0,0.0,89.72,65.85,16.67,50.0,25.0,67.65,58.82,43.33,0.0540637213526586,0.0698671613640136,0.4332874828060523,2.785419532324622,0.0595203344566712,1.114167812929849,7.613480055020633,6.3755158184319125,0.1487904876891335,33.36313617606603,CM/AM,100,100,92,100,82,51,86,97,98,50,54,78,52,46,65,60,12,10,24,100,40,24,16,70,51,51,92,84,43,76,32,100,92,8,37,61,73,92,80,89,100,98,86,100,98,96,76,96,57,51,39,67,65,31,41,29,8,16,31,22,2,2,24,88,20,6,8,29,51,51,92,84,43,76,32,100,92,8,10,16,37,63,45,53,96,92,57,98,Allsvenskan
Djurgården,czkf5t3ai00ghwbga03i5aqxw,e5oacvmfe0ig0vfrk0oxaqcq1,N. Žugelj,Nino Zugelj,26.0,Attacker,Slovenia,Striker,13.0,40.0,3.0,53.0,1.0,0.0,10.0,3.0,119.0,4.0,0.0,0.0,1.0,6.0,3.0,3.0,2.0,8.0,8.0,1.0,0.0,2.0,6.0,3.0,2.0,0.0,0.0,89.83,100.0,0.0,37.5,33.33,50.0,0.0,100.0,0.5025195511755256,0.0553515291967796,4.0,3.0,0.08850584,3.0,1.0,6.0,0.18897875,16.0,9.831932773109244,30.252100840336134,2.26890756302521,40.08403361344538,0.7563025210084033,0.0,7.563025210084033,2.26890756302521,3.0252100840336134,0.0,0.0,0.7563025210084033,4.53781512605042,2.26890756302521,2.26890756302521,1.512605042016807,6.050420168067227,6.050420168067227,0.7563025210084033,0.0,1.512605042016807,4.53781512605042,2.26890756302521,1.512605042016807,0.0,0.0,89.83,100.0,0.0,37.5,33.33,50.0,0.0,100.0,0.3800568034100614,0.0418625010731946,3.0252100840336134,2.26890756302521,0.0669371899159664,2.26890756302521,0.7563025210084033,4.53781512605042,0.1429251050420168,12.100840336134452,RW,27,47,63,47,30,53,37,50,53,20,30,10,27,20,50,37,30,30,50,13,30,17,37,37,53,53,93,97,20,53,43,87,17,100,27,7,43,17,7,50,23,47,33,40,93,87,100,93,53,53,93,100,100,20,30,20,100,73,100,73,87,87,93,13,87,33,80,93,53,53,93,97,20,53,43,87,17,100,80,7,93,53,40,93,40,100,67,80,Allsvenskan
Djurgården,czkf5t3ai00ghwbga03i5aqxw,eatpbp8oxh5j7a5ofzkv2590,M. Larsson,Max Larsson,23.0,Midfielder,Sweden,Midfielder,161.0,366.0,29.0,515.0,13.0,0.0,58.0,39.0,1140.0,12.0,12.0,2.0,18.0,17.0,6.0,11.0,6.0,18.0,18.0,0.0,19.0,3.0,20.0,3.0,16.0,0.0,0.0,78.27,35.8,16.67,16.67,17.65,50.43,65.0,53.33,1.2583758222442294,1.9657323882651807,6.0,26.0,0.6745905399999997,24.0,42.0,64.0,2.5826534699999995,239.0,12.710526315789474,28.894736842105264,2.2894736842105265,40.65789473684211,1.0263157894736843,0.0,4.578947368421053,3.0789473684210527,0.9473684210526316,0.9473684210526316,0.1578947368421052,1.4210526315789471,1.3421052631578947,0.4736842105263158,0.868421052631579,0.4736842105263158,1.4210526315789471,1.4210526315789471,0.0,1.5,0.2368421052631579,1.5789473684210529,0.2368421052631579,1.2631578947368425,0.0,0.0,78.27,35.8,16.67,16.67,17.65,50.43,65.0,53.33,0.0993454596508602,0.1551893990735669,0.4736842105263158,2.0526315789473686,0.0532571478947368,1.8947368421052635,3.3157894736842106,5.052631578947369,0.2038936949999999,18.86842105263158,LM/LCM,88,100,100,100,100,50,88,100,62,100,81,81,75,50,88,81,62,62,38,94,56,50,31,100,56,56,25,25,69,25,12,62,100,50,75,100,75,62,50,100,88,100,100,100,62,88,100,62,75,50,12,88,25,100,62,62,50,38,62,62,38,38,38,88,25,25,25,50,56,56,25,25,69,25,12,62,100,50,38,75,50,25,25,88,50,75,75,88,Allsvenskan
Djurgården,czkf5t3ai00ghwbga03i5aqxw,ebhyx7fm13sy9qjf4vylzg89h,J. Une Larsson,Jacob Une Larsson,32.0,Defender,Sweden,Defender,348.0,256.0,15.0,604.0,20.0,1.0,41.0,68.0,975.0,8.0,0.0,0.0,1.0,0.0,0.0,0.0,0.0,2.0,2.0,0.0,10.0,0.0,13.0,2.0,9.0,0.0,0.0,90.96,38.46,0.0,100.0,0.0,52.56,58.82,75.0,0.0,0.0,0.0,0.0,0.0,0.0,0.0,0.0,0.0,0.0,32.12307692307692,23.63076923076923,1.3846153846153846,55.75384615384615,1.846153846153846,0.0923076923076923,3.784615384615385,6.276923076923077,0.7384615384615384,0.0,0.0,0.0923076923076923,0.0,0.0,0.0,0.0,0.1846153846153846,0.1846153846153846,0.0,0.923076923076923,0.0,1.2,0.1846153846153846,0.8307692307692307,0.0,0.0,90.96,38.46,0.0,100.0,0.0,52.56,58.82,75.0,0.0,0.0,0.0,0.0,0.0,0.0,0.0,0.0,0.0,0.0,CB,64,84,48,70,62,86,53,77,70,30,41,33,8,11,28,16,44,42,28,54,18,68,65,62,51,51,82,39,30,89,18,26,48,89,8,14,27,8,8,16,5,5,5,5,55,83,23,68,62,92,33,82,58,30,41,24,8,11,28,16,33,32,28,42,18,59,55,45,51,51,82,39,30,89,18,26,48,89,8,14,27,8,8,16,5,5,5,5,Allsvenskan
GAIS,33hzf6j2rd9r50g2n4agsytkd,1a112nxaob06fjynlat625u96,K. Holmén,Kevin Holmén,24.0,Midfielder,Sweden,Midfielder,19.0,23.0,3.0,42.0,0.0,0.0,5.0,2.0,90.0,1.0,0.0,0.0,2.0,1.0,0.0,1.0,0.0,2.0,3.0,0.0,1.0,1.0,1.0,0.0,2.0,0.0,0.0,68.85,42.86,0.0,0.0,100.0,41.67,0.0,50.0,0.0468524244441011,0.2459634001942703,1.0,1.0,0.0199707,1.0,6.0,6.0,0.35059477,21.0,19.0,23.0,3.0,42.0,0.0,0.0,5.0,2.0,1.0,0.0,0.0,2.0,1.0,0.0,1.0,0.0,2.0,3.0,0.0,1.0,1.0,1.0,0.0,2.0,0.0,0.0,68.85,42.86,0.0,0.0,100.0,41.67,0.0,50.0,0.0468524244441011,0.2459634001942703,1.0,1.0,0.0199707,1.0,6.0,6.0,0.35059477,21.0,CM/AM,12,6,26,8,5,51,5,15,10,12,20,8,5,5,11,4,6,6,24,10,18,3,4,9,51,51,6,39,12,4,100,33,8,17,4,10,19,5,5,6,19,9,14,12,94,65,94,76,5,51,51,94,24,12,20,73,16,5,73,4,61,71,24,65,88,12,4,82,51,51,6,39,12,4,100,33,8,17,8,90,82,8,8,34,92,86,96,82,Allsvenskan
GAIS,33hzf6j2rd9r50g2n4agsytkd,1lz298822pkgdar8bjjk7g1gq,H. Sletsjøe,Henry Sletsjøe,26.0,Midfielder,Norway,Midfielder,102.0,189.0,5.0,288.0,6.0,0.0,50.0,5.0,785.0,15.0,3.0,0.0,9.0,10.0,8.0,2.0,4.0,8.0,8.0,2.0,13.0,4.0,25.0,3.0,14.0,0.0,0.0,86.49,41.67,37.5,37.5,40.0,47.62,37.5,53.85,0.9875966602159808,0.6155075045160583,1.0,17.0,0.53229066,9.0,26.0,30.0,0.86174132,125.0,11.694267515923569,21.6687898089172,0.5732484076433122,33.01910828025478,0.6878980891719746,0.0,5.7324840764331215,0.5732484076433122,1.7197452229299364,0.3439490445859873,0.0,1.0318471337579618,1.1464968152866244,0.9171974522292996,0.2292993630573248,0.4585987261146497,0.9171974522292996,0.9171974522292996,0.2292993630573248,1.4904458598726116,0.4585987261146497,2.8662420382165608,0.3439490445859873,1.605095541401274,0.0,0.0,86.49,41.67,37.5,37.5,40.0,47.62,37.5,53.85,0.1132276425725328,0.0705677393712678,0.1146496815286624,1.9490445859872607,0.0610269546496815,1.0318471337579618,2.980891719745223,3.4394904458598727,0.0987983678980891,14.331210191082803,CM/AM,57,59,39,59,66,51,61,39,59,61,20,42,39,61,24,50,28,27,70,88,54,55,27,80,51,51,76,36,92,43,72,61,60,27,43,37,19,48,51,50,58,60,49,59,63,59,33,59,63,51,63,29,71,59,20,20,22,53,14,39,14,14,76,90,47,41,14,69,51,51,76,36,92,43,72,61,60,27,24,18,16,37,53,41,57,53,33,57,Allsvenskan
GAIS,33hzf6j2rd9r50g2n4agsytkd,26r92ir1kuhpz478ptjul5hqs,M. Bawa,Mohamed Bawa,22.0,Midfielder,Sweden,Midfielder,17.0,34.0,0.0,49.0,0.0,0.0,17.0,3.0,158.0,2.0,2.0,0.0,3.0,3.0,1.0,2.0,1.0,3.0,5.0,0.0,3.0,0.0,6.0,1.0,10.0,0.0,0.0,90.74,0.0,66.67,33.33,0.0,53.12,0.0,71.43,0.2075480120406931,0.2746135437295507,0.0,2.0,0.0535479299999999,2.0,4.0,3.0,0.3511457699999999,19.0,9.683544303797468,19.367088607594937,0.0,27.91139240506329,0.0,0.0,9.683544303797468,1.7088607594936709,1.139240506329114,1.139240506329114,0.0,1.7088607594936709,1.7088607594936709,0.569620253164557,1.139240506329114,0.569620253164557,1.7088607594936709,2.848101265822785,0.0,1.7088607594936709,0.0,3.4177215189873418,0.569620253164557,5.69620253164557,0.0,0.0,90.74,0.0,66.67,33.33,0.0,53.12,0.0,71.43,0.1182235511624201,0.1564254363016428,0.0,1.139240506329114,0.0305019854430379,1.139240506329114,2.278481012658228,1.7088607594936709,0.2000197424050632,10.822784810126585,CM/AM,9,12,2,12,5,51,22,24,15,50,20,12,10,12,24,15,8,16,24,34,7,16,9,48,51,51,98,2,100,33,7,86,8,72,8,12,7,9,8,13,11,3,18,10,47,53,2,53,5,51,98,88,37,86,20,65,61,31,84,61,47,67,24,96,7,51,41,100,51,51,98,2,100,33,7,86,8,72,27,65,7,12,14,59,37,16,84,37,Allsvenskan
GAIS,33hzf6j2rd9r50g2n4agsytkd,38fax12pwxzxc5h2d9h1z14wk,M. Andersson,Max Andersson,23.0,Midfielder,Sweden,Midfielder,48.0,185.0,2.0,231.0,13.0,0.0,39.0,7.0,905.0,11.0,2.0,1.0,13.0,18.0,16.0,2.0,7.0,26.0,26.0,2.0,2.0,6.0,48.0,8.0,4.0,0.0,0.0,79.93,28.57,11.11,30.77,33.33,36.45,43.33,57.14,1.9996104224362707,0.8813411243362074,4.0,41.0,1.0631710199999995,12.0,11.0,27.0,1.0056769099999998,81.0,4.773480662983426,18.39779005524862,0.1988950276243093,22.97237569060773,1.292817679558011,0.0,3.878453038674033,0.6961325966850829,1.0939226519337018,0.1988950276243093,0.0994475138121546,1.292817679558011,1.7900552486187846,1.591160220994475,0.1988950276243093,0.6961325966850829,2.585635359116022,2.585635359116022,0.1988950276243093,0.1988950276243093,0.5966850828729282,4.773480662983426,0.7955801104972375,0.3977900552486187,0.0,0.0,79.93,28.57,11.11,30.77,33.33,36.45,43.33,57.14,0.1988562851041595,0.0876471836356449,0.3977900552486187,4.077348066298343,0.1057297146961325,1.1933701657458564,1.0939226519337018,2.685082872928177,0.10001206839779,8.05524861878453,RM/RCM,27,67,23,40,87,50,40,43,60,20,60,67,73,77,37,93,73,73,77,23,77,80,60,33,53,53,60,27,13,20,73,13,60,40,80,60,43,87,93,77,33,67,47,33,7,53,20,27,80,50,27,27,40,13,47,53,67,93,33,87,67,67,67,20,73,87,47,7,53,53,60,27,13,20,73,13,60,40,73,33,40,87,80,60,13,53,20,20,Allsvenskan
GAIS,33hzf6j2rd9r50g2n4agsytkd,428z41hl7xg0i3l5if6n7reok,B. Dankwah,Blessing Dankwah,20.0,Attacker,Ghana,Striker,2.0,10.0,0.0,11.0,0.0,0.0,8.0,0.0,123.0,1.0,1.0,0.0,1.0,5.0,2.0,3.0,3.0,9.0,11.0,0.0,0.0,2.0,4.0,3.0,3.0,0.0,0.0,73.33,0.0,20.0,33.33,40.0,34.78,0.0,75.0,0.2644233798260152,0.0862763413552507,5.0,1.0,0.10805102,0.0,0.0,0.0,0.0782322899999999,1.0,1.4634146341463414,7.317073170731708,0.0,8.048780487804878,0.0,0.0,5.853658536585366,0.0,0.7317073170731707,0.7317073170731707,0.0,0.7317073170731707,3.658536585365854,1.4634146341463414,2.1951219512195124,2.1951219512195124,6.585365853658536,8.048780487804878,0.0,0.0,1.4634146341463414,2.926829268292683,2.1951219512195124,2.1951219512195124,0.0,0.0,73.33,0.0,20.0,33.33,40.0,34.78,0.0,75.0,0.1934805218239135,0.0631290302599395,3.658536585365854,0.7317073170731707,0.0790617219512195,0.0,0.0,0.0,0.0572431390243901,0.7317073170731707,RW,7,7,17,7,13,53,23,17,10,47,30,10,17,10,50,50,43,53,20,13,30,7,37,53,53,53,13,17,63,47,73,27,17,73,7,13,53,7,27,10,10,7,20,7,7,7,17,7,13,53,67,17,27,67,30,7,73,13,93,100,93,93,20,13,73,7,73,100,53,53,13,17,63,47,73,27,17,73,13,20,100,7,67,10,10,7,40,7,Allsvenskan
GAIS,33hzf6j2rd9r50g2n4agsytkd,48ffxxjaqagvfy72i4qvuvdnt,N. Vasić,Nikola Vasic,34.0,Attacker,Sweden,Striker,15.0,16.0,0.0,31.0,12.0,0.0,26.0,3.0,335.0,6.0,0.0,0.0,4.0,22.0,18.0,4.0,3.0,5.0,5.0,3.0,1.0,8.0,32.0,3.0,3.0,0.0,0.0,56.36,0.0,0.0,60.0,36.36,48.15,46.15,60.0,2.965554438528899,0.0,2.0,1.0,0.01689528,0.0,2.0,1.0,0.01763878,12.0,4.029850746268656,4.298507462686567,0.0,8.328358208955224,3.2238805970149254,0.0,6.985074626865671,0.8059701492537313,1.611940298507463,0.0,0.0,1.0746268656716418,5.91044776119403,4.835820895522388,1.0746268656716418,0.8059701492537313,1.343283582089552,1.343283582089552,0.8059701492537313,0.2686567164179104,2.149253731343284,8.597014925373134,0.8059701492537313,0.8059701492537313,0.0,0.0,56.36,0.0,0.0,60.0,36.36,48.15,46.15,60.0,0.7967161178137341,0.0,0.5373134328358209,0.2686567164179104,0.0045390304477611,0.0,0.5373134328358209,0.2686567164179104,0.0047387767164179,3.2238805970149254,ST,32,17,14,18,65,50,38,35,38,31,26,36,67,71,73,45,24,23,69,36,63,59,36,40,51,51,8,14,31,77,51,82,85,41,69,6,36,13,10,6,24,13,8,22,41,8,14,13,92,50,85,64,64,31,26,56,100,100,87,77,38,36,100,44,100,100,56,67,51,51,8,14,31,77,51,82,85,41,100,6,46,10,10,6,26,13,5,23,Allsvenskan
GAIS,33hzf6j2rd9r50g2n4agsytkd,4nx0njulsjs2hegiee011dxpl,R. Frej,Robin Frej,28.0,Defender,Sweden,Defender,367.0,299.0,36.0,661.0,27.0,0.0,64.0,45.0,1051.0,10.0,5.0,0.0,3.0,3.0,3.0,0.0,1.0,4.0,4.0,0.0,12.0,1.0,15.0,3.0,13.0,0.0,0.0,84.1,40.45,38.46,75.0,33.33,68.82,81.82,54.17,0.3867733388069565,0.3788298212558281,0.0,19.0,0.43927934,7.0,77.0,95.0,2.4497793800000003,380.0,31.427212178877262,25.60418648905804,3.0827783063748813,56.60323501427212,2.3120837297811607,0.0,5.480494766888678,3.853472882968602,0.8563273073263559,0.4281636536631779,0.0,0.2568981921979067,0.2568981921979067,0.2568981921979067,0.0,0.0856327307326356,0.3425309229305424,0.3425309229305424,0.0,1.027592768791627,0.0856327307326356,1.284490960989534,0.2568981921979067,1.1132254995242628,0.0,0.0,84.1,40.45,38.46,75.0,33.33,68.82,81.82,54.17,0.0331204571766185,0.0324402320770928,0.0,1.6270218839200763,0.0376166894386298,0.5994291151284491,6.593720266412941,8.135109419600381,0.2097812980019029,32.540437678401524,CB,70,92,81,79,80,39,81,61,81,98,41,60,45,46,28,48,65,64,28,66,47,73,79,81,51,51,32,52,86,75,67,92,98,31,44,74,27,81,82,80,95,98,100,70,47,91,77,71,76,39,82,23,62,94,41,50,29,35,28,47,53,52,28,55,41,64,67,71,51,51,32,52,86,75,67,92,98,31,35,64,27,76,76,77,91,97,98,62,Allsvenskan
GAIS,33hzf6j2rd9r50g2n4agsytkd,5ggjixg89r56xz7skcr1v9rf8,S. Salter,Samuel Salter,25.0,Attacker,Canada,Striker,31.0,107.0,3.0,137.0,27.0,0.0,68.0,13.0,1161.0,16.0,1.0,2.0,14.0,43.0,37.0,6.0,10.0,21.0,21.0,5.0,5.0,16.0,64.0,11.0,7.0,0.0,0.0,73.66,100.0,100.0,52.38,37.21,41.98,38.57,46.67,5.1211603269754,0.9784107515281588,10.0,14.0,0.44904466,5.0,11.0,21.0,0.72526451,54.0,2.4031007751937983,8.294573643410853,0.2325581395348837,10.62015503875969,2.093023255813953,0.0,5.271317829457364,1.007751937984496,1.2403100775193798,0.0775193798449612,0.1550387596899224,1.0852713178294573,3.333333333333333,2.8682170542635657,0.4651162790697674,0.7751937984496123,1.627906976744186,1.627906976744186,0.3875968992248061,0.3875968992248061,1.2403100775193798,4.961240310077519,0.8527131782945736,0.5426356589147286,0.0,0.0,73.66,100.0,100.0,52.38,37.21,41.98,38.57,46.67,0.3969891726337519,0.0758457946921053,0.7751937984496123,1.0852713178294573,0.0348096635658914,0.3875968992248061,0.8527131782945736,1.627906976744186,0.0562220550387596,4.186046511627906,ST,49,72,62,64,95,50,95,92,74,69,83,87,92,96,83,88,79,77,81,76,87,76,87,74,51,51,56,95,97,64,54,56,64,26,90,77,85,74,74,68,69,79,77,72,13,49,49,33,72,50,59,77,46,72,69,59,77,85,49,69,59,56,69,54,82,69,64,46,51,51,56,95,97,64,54,56,64,26,92,56,59,56,56,44,46,69,62,51,Allsvenskan
GAIS,33hzf6j2rd9r50g2n4agsytkd,5ijbt4bhic3y1zasavky12311,A. Wängberg,August Wängberg,32.0,Defender,Sweden,Defender,231.0,298.0,23.0,524.0,17.0,1.0,72.0,46.0,1256.0,13.0,5.0,1.0,10.0,6.0,3.0,3.0,2.0,30.0,32.0,0.0,19.0,0.0,23.0,18.0,15.0,0.0,0.0,78.92,34.85,14.29,60.0,0.0,54.55,68.0,62.5,0.5515324614915678,1.1181548238771044,1.0,20.0,0.6156640699999999,15.0,53.0,83.0,2.4443190100000023,237.0,16.552547770700638,21.35350318471337,1.6480891719745223,37.54777070063695,1.2181528662420382,0.071656050955414,5.159235668789809,3.2961783439490446,0.931528662420382,0.35828025477707,0.071656050955414,0.7165605095541401,0.4299363057324841,0.214968152866242,0.214968152866242,0.143312101910828,2.14968152866242,2.2929936305732483,0.0,1.3614649681528663,0.0,1.6480891719745223,1.2898089171974525,1.07484076433121,0.0,0.0,78.92,34.85,14.29,60.0,0.0,54.55,68.0,62.5,0.0395206381642046,0.0801225590357797,0.071656050955414,1.4331210191082802,0.0441160559713375,1.07484076433121,3.797770700636943,5.947452229299363,0.1751502475318473,16.98248407643312,RB/RCB,70,80,62,75,85,90,85,90,80,68,65,72,57,57,65,55,95,95,38,85,18,90,95,75,50,52,40,45,35,75,18,55,80,42,65,70,32,72,75,85,75,85,75,60,45,70,50,50,55,90,75,70,55,45,65,60,30,30,40,40,80,85,38,75,18,60,85,40,50,52,40,45,35,75,18,55,80,42,35,60,20,65,75,70,70,90,65,45,Allsvenskan
GAIS,33hzf6j2rd9r50g2n4agsytkd,6nh2bvbggqul1m3t1gv9k7pqs,A. Čardaklija,Anes Cardaklija,21.0,Defender,Bosnia and Herzegovina,Defender,308.0,243.0,23.0,551.0,23.0,0.0,51.0,49.0,876.0,8.0,0.0,0.0,2.0,2.0,2.0,0.0,0.0,2.0,2.0,1.0,12.0,1.0,5.0,2.0,12.0,0.0,0.0,87.32,35.94,0.0,100.0,50.0,61.45,60.53,66.67,0.2409534197401249,0.1492970217797246,0.0,10.0,0.18878656,4.0,66.0,62.0,1.04094115,370.0,31.64383561643836,24.96575342465753,2.3630136986301373,56.60958904109589,2.3630136986301373,0.0,5.239726027397261,5.034246575342467,0.8219178082191781,0.0,0.0,0.2054794520547945,0.2054794520547945,0.2054794520547945,0.0,0.0,0.2054794520547945,0.2054794520547945,0.1027397260273972,1.2328767123287672,0.1027397260273972,0.5136986301369864,0.2054794520547945,1.2328767123287672,0.0,0.0,87.32,35.94,0.0,100.0,50.0,61.45,60.53,66.67,0.0247554883294648,0.0153387351143552,0.0,1.0273972602739727,0.0193958794520547,0.4109589041095891,6.78082191780822,6.36986301369863,0.1069460085616438,38.01369863013699,CB,58,79,60,62,74,39,66,64,70,30,41,50,30,33,28,16,44,42,71,66,47,32,65,75,51,51,55,32,30,89,85,67,53,67,27,47,27,71,65,64,88,88,64,68,52,89,55,73,77,39,73,55,61,30,41,41,21,27,28,16,36,35,70,67,45,14,56,79,51,51,55,32,30,89,85,67,53,67,24,47,27,61,56,61,92,89,64,80,Allsvenskan
GAIS,33hzf6j2rd9r50g2n4agsytkd,7d9e5tvw9ghew36m4mh2nr23u,W. Milovanovic,William Milovanovic,24.0,Midfielder,Sweden,Midfielder,107.0,250.0,18.0,350.0,11.0,0.0,79.0,14.0,1270.0,20.0,7.0,4.0,15.0,24.0,11.0,13.0,8.0,18.0,19.0,2.0,19.0,9.0,35.0,8.0,24.0,0.0,0.0,75.27,40.91,31.82,44.44,37.5,41.15,40.74,60.0,2.258544906053685,1.5863094024821065,11.0,28.0,0.7199043699999996,15.0,40.0,56.0,2.7304874799999985,152.0,7.582677165354331,17.716535433070867,1.2755905511811023,24.80314960629921,0.7795275590551182,0.0,5.5984251968503935,0.9921259842519684,1.4173228346456694,0.4960629921259842,0.2834645669291338,1.062992125984252,1.7007874015748032,0.7795275590551182,0.9212598425196852,0.5669291338582677,1.2755905511811023,1.346456692913386,0.1417322834645669,1.346456692913386,0.6377952755905512,2.4803149606299213,0.5669291338582677,1.7007874015748032,0.0,0.0,75.27,40.91,31.82,44.44,37.5,41.15,40.74,60.0,0.1600543634211273,0.1124156269475508,0.7795275590551182,1.984251968503937,0.0510168451181102,1.062992125984252,2.834645669291339,3.968503937007874,0.1934991127559054,10.771653543307089,CM/AM,63,71,80,69,86,51,98,86,72,80,87,69,81,77,84,84,63,64,70,98,82,71,68,100,51,51,22,33,80,61,65,31,71,47,82,76,86,73,65,83,67,80,92,64,29,47,63,37,73,51,61,55,51,65,80,24,57,41,69,59,27,29,55,86,61,31,39,76,51,51,22,33,80,61,65,31,71,47,53,45,71,41,35,46,49,61,78,35,Allsvenskan
GAIS,33hzf6j2rd9r50g2n4agsytkd,7wesnkwthjcluc9b83s8ab1g4,O. Ågren,Oskar Ågren,27.0,Defender,Sweden,Defender,560.0,318.0,54.0,877.0,17.0,1.0,53.0,68.0,1206.0,8.0,1.0,0.0,4.0,1.0,0.0,1.0,0.0,3.0,3.0,0.0,19.0,0.0,3.0,1.0,16.0,0.0,0.0,91.45,52.43,100.0,33.33,0.0,63.86,73.91,59.26,0.0636481738236238,0.3693278675085863,1.0,35.0,0.6912724099999998,8.0,83.0,73.0,1.7292867900000009,517.0,41.7910447761194,23.73134328358209,4.029850746268656,65.44776119402985,1.2686567164179103,0.0746268656716417,3.955223880597015,5.074626865671641,0.5970149253731343,0.0746268656716417,0.0,0.2985074626865671,0.0746268656716417,0.0,0.0746268656716417,0.0,0.2238805970149253,0.2238805970149253,0.0,1.417910447761194,0.0,0.2238805970149253,0.0746268656716417,1.1940298507462686,0.0,0.0,91.45,52.43,100.0,33.33,0.0,63.86,73.91,59.26,0.0047498637181808,0.0275617811573571,0.0746268656716417,2.6119402985074625,0.051587493283582,0.5970149253731343,6.1940298507462686,5.447761194029851,0.1290512529850747,38.582089552238806,CB,92,95,97,94,58,86,70,77,70,68,41,71,19,11,69,16,55,55,28,83,18,19,44,89,51,51,86,76,97,45,18,82,88,44,18,73,64,97,95,86,97,92,89,94,83,85,91,85,26,85,39,56,48,62,41,58,17,11,67,16,39,38,28,74,18,6,33,76,51,51,86,76,97,45,18,82,88,44,17,59,61,94,91,76,88,83,79,83,Allsvenskan
GAIS,33hzf6j2rd9r50g2n4agsytkd,8wojr77rwwqwqy1t9s46rlroq,D. Collander,Dennis Collander,24.0,Midfielder,Sweden,Midfielder,10.0,26.0,0.0,36.0,0.0,0.0,8.0,1.0,123.0,2.0,0.0,0.0,3.0,3.0,1.0,2.0,0.0,2.0,2.0,0.0,0.0,0.0,5.0,1.0,2.0,0.0,0.0,81.82,0.0,0.0,50.0,0.0,50.0,0.0,40.0,0.2969920308206392,0.2437488959595805,1.0,3.0,0.08794302,1.0,7.0,6.0,0.16559084,17.0,7.317073170731708,19.02439024390244,0.0,26.341463414634145,0.0,0.0,5.853658536585366,0.7317073170731707,1.4634146341463414,0.0,0.0,2.1951219512195124,2.1951219512195124,0.7317073170731707,1.4634146341463414,0.0,1.4634146341463414,1.4634146341463414,0.0,0.0,0.0,3.658536585365854,0.7317073170731707,1.4634146341463414,0.0,0.0,81.82,0.0,0.0,50.0,0.0,50.0,0.0,40.0,0.2173112420638823,0.178352850702132,0.7317073170731707,2.1951219512195124,0.0643485512195121,0.7317073170731707,5.121951219512195,4.390243902439025,0.1211640292682926,12.439024390243905,RM/RCM,7,7,10,7,7,50,7,7,7,7,23,10,23,13,37,13,7,7,23,10,13,13,7,13,53,53,73,10,7,73,13,70,10,13,27,7,23,7,7,7,13,13,7,7,33,60,10,47,7,50,73,40,67,7,23,93,87,40,100,13,27,27,23,10,13,67,40,80,53,53,73,10,7,73,13,70,10,13,93,87,67,67,67,27,100,87,60,47,Allsvenskan
GAIS,33hzf6j2rd9r50g2n4agsytkd,9shzoahw01069twqf1vu6nb4k,R. Þorkelsson,Róbert Thorkelsson,21.0,Midfielder,Iceland,Midfielder,70.0,254.0,11.0,300.0,9.0,0.0,44.0,15.0,1401.0,9.0,24.0,0.0,36.0,40.0,25.0,15.0,14.0,25.0,28.0,3.0,8.0,15.0,77.0,9.0,9.0,0.0,0.0,71.26,36.67,30.0,36.0,37.5,37.61,32.14,52.94,3.727644622058489,3.343650616545887,11.0,42.0,1.2740343399999996,27.0,35.0,55.0,2.2648762599999994,152.0,4.496788008565311,16.3169164882227,0.7066381156316917,19.271948608137045,0.5781584582441114,0.0,2.8265524625267666,0.9635974304068524,0.5781584582441114,1.5417558886509637,0.0,2.312633832976445,2.569593147751606,1.605995717344754,0.9635974304068524,0.8993576017130621,1.605995717344754,1.7987152034261242,0.1927194860813704,0.5139186295503212,0.9635974304068524,4.946466809421842,0.5781584582441114,0.5781584582441114,0.0,0.0,71.26,36.67,30.0,36.0,37.5,37.61,32.14,52.94,0.2394632519523654,0.2147955428187936,0.7066381156316917,2.6980728051391862,0.0818437477516059,1.734475374732334,2.248394004282656,3.5331905781584583,0.1454952629550321,9.764453961456104,CM/AM,47,73,66,61,79,51,54,88,38,96,20,92,94,96,88,99,80,80,82,66,94,98,72,43,51,51,10,20,74,39,65,20,49,22,96,90,86,90,96,97,65,78,84,64,4,35,39,18,53,51,12,51,12,94,20,86,84,86,71,84,39,51,69,33,84,88,43,12,51,51,10,20,74,39,65,20,49,22,84,80,59,61,73,90,33,55,55,29,Allsvenskan
GAIS,33hzf6j2rd9r50g2n4agsytkd,9vyizhfym4y8vc07xrvba7skq,O. Pettersson,Oscar Pettersson,26.0,Attacker,Sweden,Striker,22.0,99.0,0.0,111.0,0.0,0.0,8.0,3.0,450.0,2.0,10.0,0.0,12.0,13.0,9.0,4.0,1.0,8.0,8.0,1.0,3.0,6.0,18.0,2.0,3.0,0.0,0.0,86.05,0.0,34.48,25.0,46.15,30.77,0.0,75.0,1.2932242815586248,1.349381112280817,6.0,12.0,0.3612920300000001,2.0,2.0,9.0,1.37140501,43.0,4.4,19.8,0.0,22.2,0.0,0.0,1.6,0.6,0.4,2.0,0.0,2.4,2.6,1.8,0.8,0.2,1.6,1.6,0.2,0.6,1.2,3.6,0.4,0.6,0.0,0.0,86.05,0.0,34.48,25.0,46.15,30.77,0.0,75.0,0.2586448563117249,0.2698762224561634,1.2,2.4,0.072258406,0.4,0.4,1.8,0.274281002,8.6,RW,60,73,17,67,13,53,23,50,23,93,30,77,67,53,63,17,30,30,50,67,67,50,27,53,53,53,87,17,93,23,87,20,17,73,53,80,60,53,53,33,40,73,80,73,53,73,17,73,13,53,7,47,7,100,30,100,40,40,53,7,33,27,53,67,60,20,27,40,53,53,87,17,93,23,87,20,17,73,40,100,53,67,47,27,27,67,100,73,Allsvenskan
GAIS,33hzf6j2rd9r50g2n4agsytkd,b3jbj4ayr4x1x0ynt9dcu5u6s,F. Beckman,Filip Beckman,23.0,Defender,Sweden,Defender,349.0,194.0,28.0,542.0,30.0,0.0,44.0,62.0,740.0,2.0,1.0,0.0,2.0,10.0,9.0,1.0,2.0,1.0,1.0,0.0,15.0,3.0,19.0,1.0,6.0,0.0,0.0,92.33,52.83,100.0,100.0,30.0,68.75,73.17,54.55,1.3045909698186633,0.1091503998521416,0.0,7.0,0.12990479,3.0,57.0,56.0,1.0051461800000003,303.0,42.44594594594595,23.5945945945946,3.4054054054054057,65.91891891891892,3.648648648648649,0.0,5.351351351351352,7.540540540540541,0.2432432432432432,0.1216216216216216,0.0,0.2432432432432432,1.2162162162162162,1.0945945945945947,0.1216216216216216,0.2432432432432432,0.1216216216216216,0.1216216216216216,0.0,1.8243243243243248,0.3648648648648649,2.310810810810811,0.1216216216216216,0.7297297297297298,0.0,0.0,92.33,52.83,100.0,100.0,30.0,68.75,73.17,54.55,0.1586664693022698,0.0132750486306658,0.0,0.8513513513513514,0.0157992312162162,0.3648648648648649,6.932432432432433,6.810810810810811,0.1222475083783784,36.85135135135136,CB,65,64,67,61,85,39,58,71,23,68,41,50,84,90,69,77,27,26,28,74,82,81,44,50,51,51,88,79,97,89,60,91,85,33,86,42,27,58,55,56,86,83,59,62,85,82,85,89,89,39,79,95,14,70,41,48,88,91,71,80,23,21,28,91,88,91,38,39,51,51,88,79,97,89,60,91,85,33,91,41,27,56,53,53,94,94,74,77,Allsvenskan
GAIS,33hzf6j2rd9r50g2n4agsytkd,bi57bgog4e5pmkde5tl4bvxg4,R. Niklasson Petrovic,Rasmus Niklasson Petrovic,23.0,Attacker,Sweden,Striker,59.0,172.0,11.0,222.0,7.0,0.0,51.0,9.0,1391.0,16.0,9.0,2.0,19.0,42.0,31.0,11.0,22.0,31.0,32.0,2.0,11.0,9.0,90.0,6.0,13.0,0.0,0.0,73.27,68.75,24.32,19.35,21.43,33.12,26.92,59.09,4.5043716435024415,2.015137774279856,13.0,34.0,0.9416661799999998,8.0,18.0,35.0,2.606080139999999,96.0,3.8173975557153126,11.128684399712435,0.7117181883537024,14.363767074047448,0.4529115744069015,0.0,3.299784327821711,0.582314881380302,1.0352264557872035,0.582314881380302,0.1294033069734004,1.229331416247304,2.717469446441409,2.005751258087707,0.7117181883537024,1.4234363767074047,2.005751258087707,2.070452911574407,0.1294033069734004,0.7117181883537024,0.582314881380302,5.823148813803019,0.3882099209202013,0.8411214953271028,0.0,0.0,73.27,68.75,24.32,19.35,21.43,33.12,26.92,59.09,0.2914402932532133,0.1303827459994155,0.8411214953271028,2.1998562185478074,0.0609273588785046,0.5176132278936018,1.164629762760604,2.264557872034508,0.1686176941768511,6.211358734723221,LW,67,75,79,67,100,54,83,88,75,67,62,75,83,92,75,100,67,67,58,83,67,75,46,79,54,54,17,92,67,8,25,8,42,42,83,75,75,71,67,54,67,75,75,67,25,8,67,8,50,54,17,42,42,50,33,33,58,67,58,100,17,25,25,50,25,67,8,50,54,54,17,92,67,8,25,8,42,42,67,42,33,25,17,8,17,42,50,25,Allsvenskan
GAIS,33hzf6j2rd9r50g2n4agsytkd,c8uz8jj2xzomls23oz4rcuiqy,J. Fagerjord,Joackim Fagerjord,28.0,Midfielder,Sweden,Midfielder,271.0,472.0,25.0,741.0,11.0,0.0,56.0,11.0,1098.0,9.0,2.0,1.0,18.0,9.0,4.0,5.0,4.0,11.0,11.0,1.0,17.0,2.0,11.0,8.0,19.0,0.0,0.0,84.78,52.08,50.0,72.73,22.22,57.73,47.83,67.86,0.544999998877856,1.4341143787975912,4.0,35.0,0.7461770599999997,16.0,111.0,120.0,3.380213229999994,419.0,22.213114754098363,38.68852459016394,2.0491803278688527,60.73770491803279,0.9016393442622952,0.0,4.59016393442623,0.9016393442622952,0.7377049180327869,0.1639344262295082,0.0819672131147541,1.475409836065574,0.7377049180327869,0.3278688524590164,0.4098360655737705,0.3278688524590164,0.9016393442622952,0.9016393442622952,0.0819672131147541,1.3934426229508197,0.1639344262295082,0.9016393442622952,0.6557377049180328,1.557377049180328,0.0,0.0,84.78,52.08,50.0,72.73,22.22,57.73,47.83,67.86,0.0446721310555619,0.1175503589178353,0.3278688524590164,2.8688524590163937,0.0611620540983606,1.3114754098360657,9.098360655737704,9.836065573770492,0.2770666581967208,34.34426229508197,DM/CM,62,90,54,88,74,46,61,38,49,62,61,80,59,65,51,62,57,57,72,62,56,52,75,71,50,51,38,57,96,100,48,70,68,72,45,75,52,82,70,84,98,98,98,90,52,95,48,92,75,46,57,15,30,52,65,88,42,48,40,60,48,45,72,60,48,35,80,60,50,51,38,57,96,100,48,70,68,72,28,92,35,72,72,85,98,95,98,90,Allsvenskan
GAIS,33hzf6j2rd9r50g2n4agsytkd,dmv7pgq61jimao9gruqvgm39w,S. Jørgensen,Simon Jørgensen,21.0,Attacker,Denmark,Striker,6.0,23.0,0.0,28.0,1.0,0.0,9.0,0.0,131.0,3.0,1.0,0.0,3.0,2.0,2.0,0.0,2.0,6.0,7.0,0.0,0.0,0.0,14.0,3.0,1.0,0.0,0.0,70.0,0.0,16.67,50.0,0.0,50.0,50.0,50.0,0.2275279319913578,0.3003710456638514,1.0,7.0,0.23428374,2.0,2.0,4.0,0.3256649299999999,9.0,4.122137404580153,15.801526717557252,0.0,19.236641221374047,0.6870229007633588,0.0,6.183206106870229,0.0,2.0610687022900764,0.6870229007633588,0.0,2.0610687022900764,1.3740458015267176,1.3740458015267176,0.0,1.3740458015267176,4.122137404580153,4.809160305343512,0.0,0.0,0.0,9.618320610687023,2.0610687022900764,0.6870229007633588,0.0,0.0,70.0,0.0,16.67,50.0,0.0,50.0,50.0,50.0,0.1563168998413908,0.2063617870973025,0.6870229007633588,4.809160305343512,0.1609582946564885,1.3740458015267176,1.3740458015267176,2.748091603053436,0.2237392648854961,6.183206106870229,LW,17,8,17,8,21,54,17,8,21,42,17,25,8,12,12,25,25,25,12,12,8,25,25,12,54,54,8,17,50,62,8,67,92,21,8,25,12,29,33,17,17,17,25,17,33,25,17,17,83,54,83,8,83,67,17,83,8,17,12,92,83,83,12,12,8,100,83,33,54,54,8,17,50,62,8,67,92,21,17,75,17,92,92,75,33,50,83,17,Allsvenskan
GAIS,33hzf6j2rd9r50g2n4agsytkd,f10q2mnvhe30a9au85fjnnt3o,R. Wendin Thomasson,Robin Wendin Thomasson,27.0,Defender,Sweden,Defender,122.0,111.0,12.0,226.0,6.0,0.0,21.0,9.0,462.0,5.0,7.0,0.0,8.0,4.0,0.0,4.0,1.0,8.0,8.0,0.0,7.0,2.0,7.0,1.0,6.0,0.0,0.0,82.18,30.0,23.33,12.5,50.0,42.86,46.15,66.67,0.2780220182823998,0.9754658071690784,2.0,11.0,0.27604779,4.0,19.0,23.0,0.6121293899999998,76.0,23.766233766233764,21.623376623376625,2.3376623376623376,44.02597402597402,1.1688311688311688,0.0,4.090909090909091,1.753246753246753,0.974025974025974,1.3636363636363635,0.0,1.5584415584415583,0.7792207792207791,0.0,0.7792207792207791,0.1948051948051948,1.5584415584415583,1.5584415584415583,0.0,1.3636363636363635,0.3896103896103896,1.3636363636363635,0.1948051948051948,1.1688311688311688,0.0,0.0,82.18,30.0,23.33,12.5,50.0,42.86,46.15,66.67,0.0541601334316363,0.1900258065913788,0.3896103896103896,2.142857142857143,0.0537755435064935,0.7792207792207791,3.701298701298701,4.48051948051948,0.119245985064935,14.805194805194803,LB/LCB,32,28,22,26,28,42,22,8,30,54,26,42,30,12,68,22,46,44,36,30,66,22,18,22,50,50,52,16,64,12,100,12,26,46,28,64,48,42,40,18,34,34,20,16,68,68,56,68,56,42,52,8,56,96,26,76,64,12,100,56,84,80,36,60,92,44,20,40,50,50,52,16,64,12,100,12,26,46,56,96,72,68,64,24,64,64,40,36,Allsvenskan
GAIS,33hzf6j2rd9r50g2n4agsytkd,f1qvh9qszr743tj8zb3kcvaei,M. de Brienne,Matteo de Brienne,24.0,Defender,Canada,Defender,203.0,195.0,19.0,384.0,14.0,0.0,58.0,43.0,1018.0,8.0,14.0,2.0,14.0,8.0,0.0,8.0,2.0,13.0,14.0,0.0,22.0,3.0,15.0,6.0,26.0,0.0,0.0,77.11,30.65,26.92,46.15,37.5,62.37,66.67,86.67,0.4466210614326077,1.62463469787074,6.0,29.0,0.63929247,9.0,47.0,53.0,2.28088062,175.0,17.94695481335953,17.239685658153242,1.6797642436149312,33.948919449901766,1.237721021611002,0.0,5.12770137524558,3.801571709233792,0.7072691552062867,1.237721021611002,0.1768172888015717,1.237721021611002,0.7072691552062867,0.0,0.7072691552062867,0.1768172888015717,1.149312377210216,1.237721021611002,0.0,1.9449901768172888,0.2652259332023575,1.3261296660117878,0.5304518664047151,2.298624754420432,0.0,0.0,77.11,30.65,26.92,46.15,37.5,62.37,66.67,86.67,0.0394851626020969,0.1436317512852324,0.5304518664047151,2.56385068762279,0.05651898064833,0.7956777996070726,4.155206286836935,4.68565815324165,0.2016495636542239,15.471512770137524,LB/LCB,64,56,56,56,72,42,72,68,50,84,84,74,66,12,92,48,70,70,36,92,84,50,68,94,50,50,24,22,84,56,88,80,96,88,40,80,96,80,80,48,82,72,80,52,44,36,48,32,60,42,84,68,28,92,84,64,56,12,92,40,56,56,36,88,84,36,68,100,50,50,24,22,84,56,88,80,96,88,44,88,88,76,72,28,72,72,88,48,Allsvenskan
Halmstad,6i936isoyj6d0uuxdj537uc97,3xpfng5pdiv25frh985emkl5g,O. Kapsimalis,Oliver Kapsimalis,19.0,Attacker,Sweden,Striker,44.0,74.0,6.0,113.0,5.0,0.0,37.0,11.0,725.0,11.0,5.0,0.0,7.0,13.0,7.0,6.0,4.0,37.0,39.0,0.0,15.0,4.0,16.0,6.0,9.0,0.0,0.0,67.66,31.58,23.81,16.22,30.77,33.94,33.33,60.0,1.0255848744645402,0.7019956645448703,7.0,18.0,0.52840483,3.0,10.0,8.0,0.6905119199999997,46.0,5.462068965517242,9.186206896551724,0.7448275862068966,14.027586206896553,0.6206896551724138,0.0,4.593103448275862,1.3655172413793104,1.3655172413793104,0.6206896551724138,0.0,0.8689655172413794,1.613793103448276,0.8689655172413794,0.7448275862068966,0.496551724137931,4.593103448275862,4.841379310344828,0.0,1.862068965517241,0.496551724137931,1.986206896551724,0.7448275862068966,1.1172413793103448,0.0,0.0,67.66,31.58,23.81,16.22,30.77,33.94,33.33,60.0,0.1273139844162877,0.087144289391777,0.8689655172413794,2.2344827586206897,0.0655950823448276,0.3724137931034483,1.2413793103448276,0.993103448275862,0.0857187211034482,5.710344827586207,ST,62,54,83,54,37,50,55,85,56,92,26,51,44,35,83,55,92,92,18,95,44,33,60,82,51,51,28,38,74,10,33,18,46,41,33,72,74,82,79,51,64,51,74,59,67,56,79,56,26,50,44,87,54,92,26,41,18,18,77,44,100,100,18,100,18,5,54,85,51,51,28,38,74,10,33,18,46,41,13,64,74,82,77,41,71,49,82,64,Allsvenskan
Halmstad,6i936isoyj6d0uuxdj537uc97,3zuutaowhz53ivr0i5sg5y8t0,H. Carneil,Hussein Carneil,23.0,Midfielder,Sweden,Midfielder,124.0,268.0,8.0,389.0,8.0,0.0,68.0,10.0,1073.0,15.0,3.0,2.0,18.0,44.0,17.0,27.0,15.0,40.0,42.0,2.0,8.0,15.0,31.0,20.0,13.0,0.0,0.0,80.21,42.11,12.0,50.0,34.09,45.03,42.11,52.0,3.057589269748225,1.6071779888531448,23.0,34.0,0.9306104599999998,13.0,46.0,62.0,2.03587816,188.0,10.400745573159366,22.479030754892825,0.6710158434296365,32.62814538676608,0.6710158434296365,0.0,5.70363466915191,0.8387698042870456,1.2581547064305685,0.2516309412861137,0.1677539608574091,1.5097856477166822,3.690587138863001,1.4259086672879775,2.2646784715750234,1.2581547064305685,3.3550792171481825,3.522833178005592,0.1677539608574091,0.6710158434296365,1.2581547064305685,2.600186393289841,1.6775396085740912,1.0904007455731592,0.0,0.0,80.21,42.11,12.0,50.0,34.09,45.03,42.11,52.0,0.256461355337689,0.1348052367164799,1.929170549860205,2.851817334575955,0.0780567953401677,1.0904007455731592,3.85834109972041,5.200372786579683,0.1707633125815471,15.768872320596458,LM/LCM,75,88,50,75,69,50,100,62,81,75,81,81,100,100,100,100,88,88,88,75,100,88,88,75,56,56,38,38,38,56,62,12,69,38,100,75,100,88,88,88,100,88,88,88,38,50,25,25,50,50,62,50,50,62,75,75,100,88,100,100,62,62,75,62,88,38,75,38,56,56,38,38,38,56,62,12,69,38,100,62,100,50,62,50,75,88,62,50,Allsvenskan
Halmstad,6i936isoyj6d0uuxdj537uc97,5dxrx40pty4wtwdrd341p0aju,O. Faraj,Omar Faraj,24.0,Attacker,Palestine,Striker,38.0,81.0,1.0,118.0,26.0,0.0,65.0,13.0,1165.0,20.0,1.0,0.0,9.0,46.0,35.0,11.0,13.0,17.0,20.0,3.0,2.0,12.0,65.0,8.0,8.0,0.0,0.0,65.56,16.67,50.0,47.06,26.09,38.69,35.62,72.73,4.869649664707891,0.4663608066552204,13.0,11.0,0.32458387,2.0,11.0,11.0,0.4922480599999999,49.0,2.9356223175965663,6.257510729613734,0.0772532188841201,9.11587982832618,2.0085836909871246,0.0,5.021459227467811,1.0042918454935623,1.5450643776824031,0.0772532188841201,0.0,0.6952789699570815,3.553648068669528,2.703862660944206,0.8497854077253219,1.0042918454935623,1.3133047210300428,1.5450643776824031,0.2317596566523605,0.1545064377682403,0.927038626609442,5.021459227467811,0.6180257510729613,0.6180257510729613,0.0,0.0,65.56,16.67,50.0,47.06,26.09,38.69,35.62,72.73,0.3761961114366611,0.0360278734755105,1.0042918454935623,0.8497854077253219,0.0250751487553648,0.1545064377682403,0.8497854077253219,0.8497854077253219,0.0380277471244635,3.785407725321889,ST,58,59,36,56,92,50,87,92,85,69,26,68,95,90,92,95,68,72,69,56,76,79,73,77,51,51,23,29,91,55,26,33,51,62,87,51,92,60,59,38,69,65,67,64,21,26,33,18,67,50,56,74,62,69,26,28,87,82,79,90,33,49,49,31,54,72,49,51,51,51,23,29,91,55,26,33,51,62,79,23,87,36,36,15,44,38,49,38,Allsvenskan
Halmstad,6i936isoyj6d0uuxdj537uc97,5h0by2ot7i2z6daqdqj6nyiqy,A. Boman,André Boman,24.0,Defender,Sweden,Defender,201.0,273.0,28.0,462.0,13.0,1.0,79.0,41.0,1474.0,19.0,12.0,1.0,21.0,2.0,1.0,1.0,1.0,11.0,13.0,0.0,20.0,1.0,19.0,6.0,23.0,0.0,0.0,77.52,38.36,29.27,54.55,50.0,61.24,41.94,56.1,0.1858070823866243,1.9347435854670905,1.0,23.0,0.7394816899999999,16.0,36.0,63.0,3.0864267999999995,240.0,12.272727272727272,16.668928086838537,1.7096336499321576,28.2089552238806,0.7937584803256446,0.0610583446404342,4.823609226594302,2.503392130257802,1.1601085481682498,0.7327001356852104,0.0610583446404342,1.282225237449118,0.1221166892808684,0.0610583446404342,0.0610583446404342,0.0610583446404342,0.6716417910447762,0.7937584803256446,0.0,1.2211668928086838,0.0610583446404342,1.1601085481682498,0.3663500678426052,1.4043419267299866,0.0,0.0,77.52,38.36,29.27,54.55,50.0,61.24,41.94,56.1,0.011345072872996,0.1181322406323189,0.0610583446404342,1.4043419267299866,0.0451515278833107,0.9769335142469472,2.198100407055631,3.8466757123473534,0.1884521112618724,14.654002713704209,RB/RCB,60,65,75,65,68,90,95,80,90,95,65,98,20,25,22,32,70,75,38,90,45,60,68,95,50,52,35,55,65,65,80,85,20,25,20,100,32,90,90,90,60,70,95,65,35,45,55,35,40,80,55,40,75,60,60,85,10,20,15,25,30,30,38,65,40,30,40,70,50,52,35,55,65,65,80,85,20,25,10,80,15,60,80,60,30,50,75,35,Allsvenskan
Halmstad,6i936isoyj6d0uuxdj537uc97,8vtsf7z4v2l6a2ljeu5vumiqy,E. Tõugjas,Erko Tõugjas,23.0,Defender,Estonia,Defender,332.0,155.0,29.0,486.0,14.0,0.0,51.0,80.0,1249.0,5.0,1.0,0.0,4.0,5.0,4.0,1.0,1.0,8.0,8.0,0.0,12.0,0.0,9.0,6.0,19.0,0.0,0.0,79.67,31.87,16.67,75.0,0.0,56.67,56.0,73.08,0.6517999428651936,0.3331095076752883,1.0,8.0,0.18910189,6.0,33.0,40.0,0.9671522899999996,311.0,23.923138510808645,11.168935148118496,2.089671737389912,35.020016012810245,1.0088070456365092,0.0,3.674939951961569,5.764611689351481,0.3602882305844676,0.0720576461168935,0.0,0.288230584467574,0.3602882305844676,0.288230584467574,0.0720576461168935,0.0720576461168935,0.5764611689351481,0.5764611689351481,0.0,0.8646917534027222,0.0,0.6485188150520416,0.4323458767013611,1.3690952762209767,0.0,0.0,79.67,31.87,16.67,75.0,0.0,56.67,56.0,73.08,0.0469671696219915,0.0240030870222385,0.0720576461168935,0.5764611689351481,0.0136262370696557,0.4323458767013611,2.3779023218574857,2.8823058446757406,0.0696907174539631,22.40992794235388,CB,61,53,71,58,50,39,66,89,48,68,41,71,58,59,69,48,86,85,28,66,18,55,95,95,51,51,11,14,65,75,18,38,36,86,62,68,64,63,67,74,58,61,56,64,21,17,45,20,20,39,30,70,23,61,41,55,36,39,65,39,71,70,28,36,18,23,83,83,51,51,11,14,65,75,18,38,36,86,42,52,59,48,48,64,39,42,32,32,Allsvenskan
Halmstad,6i936isoyj6d0uuxdj537uc97,9hybzhhut4ac2xinqk7kzzpwp,R. Kaib,Rami Kaib,29.0,Defender,Tunisia,Defender,196.0,248.0,39.0,428.0,6.0,1.0,39.0,48.0,1229.0,14.0,16.0,1.0,19.0,11.0,7.0,4.0,3.0,18.0,23.0,0.0,12.0,2.0,25.0,9.0,7.0,0.0,0.0,76.16,37.5,26.67,50.0,18.18,41.94,46.15,70.0,0.79627812120244,1.745805552061919,2.0,23.0,0.6125690300000001,15.0,42.0,58.0,2.2963481800000007,199.0,14.35313262815297,18.161106590724167,2.855980471928397,31.342554922701385,0.4393816110659073,0.0732302685109845,2.855980471928397,3.5150528885272583,1.0252237591537836,1.1716842961757528,0.0732302685109845,1.3913751017087064,0.80553295362083,0.5126118795768918,0.2929210740439382,0.2196908055329536,1.3181448331977217,1.6842961757526445,0.0,0.8787632221318146,0.1464605370219691,1.8307567127746136,0.6590724165988608,0.5126118795768918,0.0,0.0,76.16,37.5,26.67,50.0,18.18,41.94,46.15,70.0,0.0583116606250769,0.1278458093454619,0.1464605370219691,1.6842961757526445,0.0448585945484133,1.098454027664768,3.0756712774613506,4.247355573637104,0.1681621938161107,14.572823433685924,LB/LCB,60,72,92,64,28,88,44,80,80,90,64,92,88,86,68,76,88,92,36,56,66,80,90,28,50,50,12,54,78,68,52,4,26,60,76,88,48,76,76,74,72,84,84,64,20,44,68,20,16,84,8,64,68,88,64,68,72,68,56,64,68,84,36,28,60,56,80,12,50,50,12,54,78,68,52,4,26,60,72,68,36,52,52,68,44,60,64,20,Allsvenskan
Halmstad,6i936isoyj6d0uuxdj537uc97,9qebp1745dtdjh5kg5n4wfq7e,R. Ascone,Rocco Ascone,22.0,Midfielder,France,Midfielder,284.0,317.0,43.0,586.0,19.0,1.0,119.0,26.0,1332.0,18.0,15.0,0.0,24.0,22.0,7.0,15.0,7.0,35.0,37.0,3.0,21.0,8.0,28.0,19.0,39.0,0.0,0.0,83.48,53.09,28.3,54.29,36.36,59.8,50.0,61.9,1.755030344718758,1.524056698778698,11.0,32.0,0.8344406899999999,10.0,80.0,84.0,2.412321920000001,289.0,19.18918918918919,21.41891891891892,2.9054054054054053,39.59459459459459,1.2837837837837838,0.0675675675675675,8.04054054054054,1.7567567567567566,1.2162162162162162,1.0135135135135134,0.0,1.6216216216216215,1.4864864864864864,0.4729729729729729,1.0135135135135134,0.4729729729729729,2.364864864864865,2.5,0.2027027027027027,1.4189189189189189,0.5405405405405405,1.891891891891892,1.2837837837837838,2.635135135135135,0.0,0.0,83.48,53.09,28.3,54.29,36.36,59.8,50.0,61.9,0.118583131399916,0.1029768039715336,0.7432432432432432,2.162162162162162,0.0563811277027026,0.6756756756756757,5.405405405405405,5.675675675675675,0.1629947243243243,19.527027027027025,DM/CM,65,62,86,60,95,95,100,75,71,96,28,94,98,84,98,89,98,98,99,75,96,95,98,98,50,51,25,60,62,72,78,88,75,49,92,85,96,74,82,59,85,82,85,52,38,40,70,42,85,98,98,60,60,92,28,95,95,75,88,75,98,95,95,62,95,82,92,90,50,51,25,60,62,72,78,88,75,49,82,82,82,68,68,42,62,72,72,32,Allsvenskan
Halmstad,6i936isoyj6d0uuxdj537uc97,9uumw2ntt4397bee2p3m2qdt6,G. Wallentin,Gabriel Wallentin,25.0,Defender,Sweden,Defender,253.0,102.0,32.0,355.0,12.0,0.0,28.0,54.0,828.0,2.0,0.0,0.0,5.0,4.0,4.0,0.0,1.0,1.0,1.0,0.0,7.0,1.0,8.0,1.0,8.0,0.0,0.0,84.73,48.48,0.0,100.0,25.0,54.9,57.14,61.54,0.5213897591336358,0.3263704753600635,0.0,0.0,0.0,0.0,18.0,23.0,0.4170247099999999,218.0,27.500000000000004,11.08695652173913,3.4782608695652177,38.58695652173913,1.3043478260869563,0.0,3.0434782608695654,5.869565217391305,0.2173913043478261,0.0,0.0,0.5434782608695653,0.4347826086956522,0.4347826086956522,0.0,0.108695652173913,0.108695652173913,0.108695652173913,0.0,0.7608695652173914,0.108695652173913,0.8695652173913044,0.108695652173913,0.8695652173913044,0.0,0.0,84.73,48.48,0.0,100.0,25.0,54.9,57.14,61.54,0.0566727999058299,0.0354750516695721,0.0,0.0,0.0,0.0,1.956521739130435,2.5,0.0453287728260869,23.695652173913047,CB,53,39,77,48,48,39,42,67,23,30,41,82,54,59,28,48,27,26,28,42,47,49,44,58,51,51,33,71,30,89,52,33,45,53,58,65,27,8,8,16,42,44,36,50,33,15,86,30,27,39,21,74,12,30,41,79,44,55,28,48,21,20,28,26,47,38,36,48,51,51,33,71,30,89,52,33,45,53,48,67,27,8,8,16,29,35,15,38,Allsvenskan
Halmstad,6i936isoyj6d0uuxdj537uc97,bpzni5riygngh99pfbcu8f78q,A. Damnjanovic Nilsson,Aleksander Damnjanovic Nilsson,23.0,Midfielder,Sweden,Midfielder,54.0,56.0,5.0,109.0,3.0,0.0,16.0,11.0,340.0,6.0,1.0,0.0,0.0,5.0,1.0,4.0,2.0,2.0,2.0,0.0,8.0,1.0,1.0,1.0,4.0,0.0,0.0,87.2,50.0,20.0,50.0,20.0,55.17,75.0,66.67,0.5164065516947787,0.0,3.0,2.0,0.04803042,2.0,12.0,11.0,0.2988338200000001,54.0,14.294117647058824,14.823529411764708,1.3235294117647058,28.85294117647059,0.7941176470588236,0.0,4.235294117647059,2.911764705882353,1.5882352941176472,0.2647058823529412,0.0,0.0,1.3235294117647058,0.2647058823529412,1.0588235294117647,0.5294117647058824,0.5294117647058824,0.5294117647058824,0.0,2.117647058823529,0.2647058823529412,0.2647058823529412,0.2647058823529412,1.0588235294117647,0.0,0.0,87.2,50.0,20.0,50.0,20.0,55.17,75.0,66.67,0.1366958519192061,0.0,0.7941176470588236,0.5294117647058824,0.0127139347058823,0.5294117647058824,3.1764705882352944,2.911764705882353,0.07910307,14.294117647058824,DM/CM,12,10,18,10,34,46,26,38,42,49,28,6,34,24,42,46,16,14,31,41,38,11,24,18,50,51,62,46,42,62,42,57,100,66,42,6,38,12,10,21,15,16,15,10,10,10,18,8,65,46,42,92,78,68,28,6,85,45,90,85,20,20,31,90,57,8,32,32,50,51,62,46,42,62,42,57,100,66,92,6,90,10,10,22,22,15,15,8,Allsvenskan
Halmstad,6i936isoyj6d0uuxdj537uc97,bzm752bvefjt54nj6ruf9tbtg,L. Arvidsson,Ludvig Arvidsson,18.0,Attacker,Sweden,Striker,45.0,125.0,6.0,170.0,10.0,0.0,38.0,7.0,1189.0,8.0,0.0,1.0,12.0,23.0,17.0,6.0,9.0,29.0,31.0,1.0,6.0,9.0,39.0,9.0,7.0,0.0,0.0,75.56,60.0,0.0,31.03,39.13,34.86,32.26,63.64,3.040670934882827,0.9260086317713846,8.0,27.0,0.7264487299999998,11.0,18.0,23.0,0.5868232800000001,72.0,3.406223717409588,9.461732548359969,0.4541631623212784,12.867956265769555,0.7569386038687973,0.0,2.87636669470143,0.5298570227081582,0.6055508830950379,0.0,0.0756938603868797,0.9083263246425568,1.740958788898234,1.2867956265769556,0.4541631623212784,0.6812447434819177,2.1951219512195124,2.346509671993272,0.0756938603868797,0.4541631623212784,0.6812447434819177,2.95206055508831,0.6812447434819177,0.5298570227081582,0.0,0.0,75.56,60.0,0.0,31.03,39.13,34.86,32.26,63.64,0.2301601212274638,0.0700931680903487,0.6055508830950379,2.043734230445753,0.054987708746846,0.832632464255677,1.362489486963835,1.740958788898234,0.0444189194280908,5.449957947855341,RW,87,80,83,80,93,53,80,80,67,20,67,77,73,87,80,73,93,93,50,97,87,73,80,77,53,53,47,67,20,33,67,33,53,53,87,60,73,87,80,93,93,93,60,87,33,40,47,33,60,53,27,40,20,20,67,33,7,7,33,47,60,60,40,60,40,13,40,33,53,53,47,67,20,33,67,33,53,53,33,27,27,40,33,53,87,60,27,47,Allsvenskan
Halmstad,6i936isoyj6d0uuxdj537uc97,c36ffo382u9flu5foebt4di39,P. Gregor,Pascal Gregor,32.0,Defender,Denmark,Defender,430.0,195.0,48.0,625.0,23.0,1.0,47.0,95.0,1530.0,5.0,0.0,0.0,4.0,4.0,3.0,1.0,2.0,5.0,6.0,0.0,14.0,1.0,21.0,1.0,11.0,0.0,0.0,80.65,39.02,0.0,20.0,25.0,50.54,56.1,61.11,0.3596032950957688,0.6373939863662255,2.0,9.0,0.16983556,3.0,51.0,61.0,1.7170728000000004,418.0,25.294117647058822,11.470588235294118,2.823529411764706,36.76470588235294,1.3529411764705883,0.0588235294117647,2.764705882352941,5.588235294117647,0.2941176470588235,0.0,0.0,0.2352941176470588,0.2352941176470588,0.1764705882352941,0.0588235294117647,0.1176470588235294,0.2941176470588235,0.3529411764705882,0.0,0.8235294117647058,0.0588235294117647,1.2352941176470589,0.0588235294117647,0.6470588235294118,0.0,0.0,80.65,39.02,0.0,20.0,25.0,50.54,56.1,61.11,0.0211531350056334,0.0374937639038956,0.1176470588235294,0.5294117647058824,0.0099903270588235,0.1764705882352941,3.0,3.588235294117647,0.1010042823529412,24.58823529411765,CB,74,66,92,73,74,86,61,97,48,30,41,71,54,46,69,77,73,78,28,72,47,85,44,68,51,51,15,44,30,32,52,20,38,52,39,92,82,66,64,56,80,86,88,76,26,20,68,26,33,79,14,62,17,30,41,45,24,26,57,51,49,53,28,30,36,62,29,32,51,51,15,44,30,32,52,20,38,52,20,76,71,44,41,38,53,59,58,39,Allsvenskan
Halmstad,6i936isoyj6d0uuxdj537uc97,d4nz5uqb2xsmza0ui0l20sgk,M. Persson,Malte Persson,20.0,Attacker,Sweden,Striker,21.0,36.0,2.0,57.0,14.0,0.0,37.0,1.0,522.0,16.0,0.0,1.0,6.0,14.0,14.0,0.0,2.0,6.0,6.0,0.0,1.0,1.0,28.0,2.0,4.0,0.0,0.0,79.17,100.0,0.0,33.33,7.14,41.11,36.84,80.0,1.812404909862627,0.3008616627459939,1.0,3.0,0.0828246099999999,2.0,0.0,2.0,0.0926794499999998,15.0,3.6206896551724137,6.206896551724138,0.3448275862068966,9.827586206896552,2.413793103448276,0.0,6.379310344827586,0.1724137931034483,2.7586206896551726,0.0,0.1724137931034483,1.0344827586206895,2.413793103448276,2.413793103448276,0.0,0.3448275862068966,1.0344827586206895,1.0344827586206895,0.0,0.1724137931034483,0.1724137931034483,4.827586206896552,0.3448275862068966,0.6896551724137931,0.0,0.0,79.17,100.0,0.0,33.33,7.14,41.11,36.84,80.0,0.3124836051487288,0.0518727004734472,0.1724137931034483,0.5172413793103449,0.0142801051724137,0.3448275862068966,0.0,0.3448275862068966,0.0159792155172413,2.586206896551724,ST,41,44,51,41,72,50,55,15,74,31,63,44,50,62,9,36,31,29,18,36,14,51,27,50,51,51,77,95,31,32,10,49,60,78,56,41,18,24,23,38,8,21,23,31,33,23,67,26,82,50,82,8,95,31,79,54,54,72,9,26,28,26,18,36,10,59,21,56,51,51,77,95,31,32,10,49,60,78,59,38,15,15,18,38,8,15,13,13,Allsvenskan
Halmstad,6i936isoyj6d0uuxdj537uc97,e9q5sweea5ymhqqwh5tucuzth,N. Mäenpää,Niilo Mäenpää,28.0,Midfielder,Finland,Midfielder,96.0,126.0,4.0,222.0,4.0,0.0,13.0,3.0,307.0,1.0,0.0,0.0,6.0,4.0,2.0,2.0,2.0,2.0,3.0,0.0,4.0,0.0,6.0,1.0,3.0,0.0,0.0,89.88,66.67,0.0,50.0,0.0,43.33,30.77,42.86,0.3361059171025976,0.3497126522438658,3.0,13.0,0.29365025,6.0,25.0,22.0,0.6674326899999998,126.0,28.143322475570034,36.93811074918567,1.1726384364820848,65.0814332247557,1.1726384364820848,0.0,3.811074918566776,0.8794788273615636,0.2931596091205212,0.0,0.0,1.7589576547231272,1.1726384364820848,0.5863192182410424,0.5863192182410424,0.5863192182410424,0.5863192182410424,0.8794788273615636,0.0,1.1726384364820848,0.0,1.7589576547231272,0.2931596091205212,0.8794788273615636,0.0,0.0,89.88,66.67,0.0,50.0,0.0,43.33,30.77,42.86,0.0985326792808918,0.1025216244363124,0.8794788273615636,3.811074918566776,0.0860863925081433,1.7589576547231272,7.32899022801303,6.449511400651466,0.1956643065146579,36.93811074918567,DM/CM,30,30,14,30,42,46,20,15,12,19,28,41,26,41,29,46,16,21,31,22,14,31,24,11,50,51,95,95,19,62,14,18,30,12,28,35,38,36,35,41,30,28,30,30,92,92,12,95,82,46,30,10,15,19,28,98,80,88,62,90,22,42,31,50,14,80,38,25,50,51,95,95,19,62,14,18,30,12,70,80,92,95,95,95,85,80,90,92,Allsvenskan
Halmstad,6i936isoyj6d0uuxdj537uc97,edzj7i715cpyuuumcttajkc0l,J. Allansson,Joel Allansson,33.0,Midfielder,Sweden,Midfielder,298.0,355.0,26.0,644.0,12.0,0.0,56.0,17.0,1620.0,4.0,9.0,1.0,24.0,8.0,2.0,6.0,3.0,9.0,9.0,0.0,21.0,2.0,14.0,4.0,18.0,0.0,0.0,86.21,43.33,25.0,44.44,25.0,51.85,44.44,50.0,0.5877154115882124,1.8427335119209616,6.0,32.0,0.8312097599999999,11.0,70.0,83.0,2.32082416,360.0,16.555555555555557,19.72222222222222,1.4444444444444444,35.77777777777778,0.6666666666666666,0.0,3.111111111111111,0.9444444444444444,0.2222222222222222,0.5,0.0555555555555555,1.3333333333333333,0.4444444444444444,0.1111111111111111,0.3333333333333333,0.1666666666666666,0.5,0.5,0.0,1.1666666666666667,0.1111111111111111,0.7777777777777778,0.2222222222222222,1.0,0.0,0.0,86.21,43.33,25.0,44.44,25.0,51.85,44.44,50.0,0.0326508561993451,0.1023740839956089,0.3333333333333333,1.7777777777777777,0.0461783199999999,0.6111111111111112,3.888888888888889,4.611111111111111,0.1289346755555555,20.0,DM/CM,68,74,60,72,78,46,61,54,35,85,61,94,54,41,59,54,51,46,31,75,56,65,46,64,50,51,55,22,52,49,54,50,57,28,50,90,71,74,80,65,70,79,82,80,22,20,25,18,55,46,15,18,12,80,55,78,25,20,30,32,18,18,31,45,38,28,28,30,50,51,55,22,52,49,54,50,57,28,20,78,42,48,52,30,35,52,55,35,Allsvenskan
Halmstad,6i936isoyj6d0uuxdj537uc97,x624jie7b1ncpzqpklibjok4,M. Illary,Marvin Illary,19.0,Midfielder,Côte d'Ivoire,Midfielder,66.0,104.0,2.0,169.0,1.0,0.0,65.0,1.0,719.0,9.0,1.0,1.0,11.0,15.0,10.0,5.0,6.0,50.0,54.0,0.0,8.0,6.0,40.0,29.0,18.0,0.0,0.0,78.97,40.0,33.33,58.0,40.0,48.15,14.29,69.23,1.2198405899823452,0.9479780029228676,6.0,15.0,0.39949223,8.0,14.0,16.0,0.86958676,66.0,8.261474269819193,13.01808066759388,0.2503477051460361,21.15438108484005,0.125173852573018,0.0,8.136300417246176,0.125173852573018,1.1265646731571628,0.125173852573018,0.125173852573018,1.376912378303199,1.877607788595271,1.2517385257301807,0.6258692628650904,0.7510431154381085,6.258692628650904,6.759388038942976,0.0,1.0013908205841446,0.7510431154381085,5.006954102920723,3.630041724617525,2.2531293463143256,0.0,0.0,78.97,40.0,33.33,58.0,40.0,48.15,14.29,69.23,0.1526921461730334,0.1186620587803311,0.7510431154381085,1.877607788595271,0.0500059815020862,1.0013908205841446,1.7524339360222532,2.0027816411682893,0.1088495248956884,8.261474269819193,CM/AM,44,39,17,41,17,51,82,8,38,34,54,50,62,73,54,67,94,94,24,66,72,81,98,92,51,51,43,29,83,88,72,67,23,65,53,51,66,40,43,44,40,43,51,39,37,27,8,29,12,51,92,6,31,33,51,51,67,71,49,76,98,100,24,67,69,90,100,94,51,51,43,29,83,88,72,67,23,65,45,47,63,33,31,37,24,22,39,27,Allsvenskan
Hammarby,2nnlsjfbcea40t4jeclcbw9lk,18103nqwtc045zrke2z942j9w,O. Hagen,Oliver Hagen,20.0,Attacker,Norway,Striker,29.0,74.0,2.0,101.0,1.0,0.0,21.0,0.0,191.0,6.0,2.0,0.0,4.0,8.0,4.0,4.0,1.0,17.0,18.0,0.0,2.0,4.0,10.0,9.0,2.0,0.0,0.0,83.47,50.0,11.11,52.94,50.0,50.0,33.33,40.0,0.6220428960786614,0.3693129447186475,4.0,17.0,0.47067421,5.0,8.0,8.0,0.5127219,36.0,13.664921465968586,34.86910994764398,0.9424083769633508,47.59162303664922,0.4712041884816754,0.0,9.895287958115183,0.0,2.8272251308900525,0.9424083769633508,0.0,1.8848167539267016,3.769633507853403,1.8848167539267016,1.8848167539267016,0.4712041884816754,8.010471204188482,8.481675392670157,0.0,0.9424083769633508,1.8848167539267016,4.712041884816754,4.240837696335079,0.9424083769633508,0.0,0.0,83.47,50.0,11.11,52.94,50.0,50.0,33.33,40.0,0.2931092180475367,0.1740218064119281,1.8848167539267016,8.010471204188482,0.2217836591623036,2.356020942408377,3.769633507853403,3.769633507853403,0.2415967068062827,16.963350785340314,RW,67,60,47,60,30,53,53,17,60,60,30,40,33,30,63,17,67,67,20,43,47,27,80,37,53,53,80,60,40,93,93,87,60,33,33,47,43,67,60,67,73,63,53,67,100,100,80,100,47,53,100,17,93,80,30,73,93,60,80,27,100,100,20,87,93,47,100,47,53,53,80,60,40,93,93,87,60,33,53,93,73,93,93,100,100,93,87,100,Allsvenskan
Hammarby,2nnlsjfbcea40t4jeclcbw9lk,1ojl4m8rsuzsjufucdotav4es,H. Skoglund,Hampus Skoglund,22.0,Defender,Sweden,Defender,431.0,593.0,40.0,1014.0,12.0,0.0,92.0,23.0,1504.0,21.0,10.0,1.0,21.0,6.0,4.0,2.0,2.0,22.0,23.0,0.0,17.0,1.0,43.0,8.0,28.0,0.0,0.0,85.21,41.24,22.22,36.36,16.67,53.8,54.55,53.85,0.498344862661699,1.8670817026416315,2.0,40.0,1.0507543099999996,19.0,118.0,114.0,3.965179460000001,552.0,25.79122340425532,35.48537234042553,2.3936170212765955,60.6781914893617,0.7180851063829787,0.0,5.50531914893617,1.3763297872340423,1.256648936170213,0.5984042553191489,0.0598404255319148,1.256648936170213,0.3590425531914893,0.2393617021276595,0.1196808510638297,0.1196808510638297,1.3164893617021276,1.3763297872340423,0.0,1.0172872340425532,0.0598404255319148,2.5731382978723403,0.4787234042553191,1.675531914893617,0.0,0.0,85.21,41.24,22.22,36.36,16.67,53.8,54.55,53.85,0.0298211686433197,0.1117269635889274,0.1196808510638297,2.3936170212765955,0.0628775850398935,1.1369680851063828,7.061170212765957,6.821808510638298,0.2372780261968085,33.03191489361702,RB/RCB,95,100,85,100,60,40,100,42,100,75,65,98,57,70,42,55,90,90,38,72,45,100,80,100,50,52,65,60,45,25,35,50,65,15,55,90,57,95,95,95,100,100,100,100,90,100,80,100,35,40,85,15,85,55,55,80,20,45,25,35,55,50,38,45,35,85,50,90,50,52,65,60,45,25,35,50,65,15,25,70,35,90,90,75,100,100,90,100,Allsvenskan
Hammarby,2nnlsjfbcea40t4jeclcbw9lk,1rkikvibo6lmhhtyfbg21jtp0,N. Persson,Noah Persson,23.0,Defender,Sweden,Defender,185.0,283.0,13.0,457.0,19.0,0.0,50.0,22.0,1101.0,11.0,11.0,2.0,14.0,18.0,9.0,9.0,6.0,8.0,9.0,2.0,8.0,3.0,38.0,3.0,12.0,0.0,0.0,83.7,32.5,26.19,37.5,16.67,51.55,57.58,70.59,1.6281326506742897,1.3400394655803187,5.0,33.0,0.8918944899999998,20.0,47.0,50.0,2.102720829999999,197.0,15.122615803814714,23.133514986376024,1.0626702997275206,37.35694822888284,1.553133514986376,0.0,4.087193460490464,1.798365122615804,0.899182561307902,0.899182561307902,0.1634877384196185,1.1444141689373295,1.471389645776567,0.7356948228882835,0.7356948228882835,0.4904632152588556,0.6539509536784741,0.7356948228882835,0.1634877384196185,0.6539509536784741,0.2452316076294278,3.106267029972752,0.2452316076294278,0.9809264305177112,0.0,0.0,83.7,32.5,26.19,37.5,16.67,51.55,57.58,70.59,0.1330898624529392,0.1095400108103802,0.4087193460490463,2.697547683923706,0.0729069065395095,1.6348773841961854,3.841961852861036,4.087193460490464,0.1718845365122615,16.103542234332426,LB/LCB,56,84,30,72,84,42,64,34,60,76,84,74,98,96,96,96,46,50,94,36,84,100,38,52,50,50,68,36,72,28,46,36,60,68,96,76,88,84,84,90,82,66,76,60,24,80,20,40,84,42,48,12,48,68,80,56,96,84,96,92,24,32,92,16,76,92,28,32,50,50,68,36,72,28,46,36,60,68,92,60,76,88,84,84,68,52,68,52,Allsvenskan
Hammarby,2nnlsjfbcea40t4jeclcbw9lk,2e1xnfe3hisebv1tytnkzk178,F. Adjei,Frank Adjei,22.0,Midfielder,Ghana,Midfielder,105.0,307.0,18.0,409.0,1.0,0.0,39.0,5.0,640.0,18.0,3.0,1.0,20.0,26.0,8.0,18.0,7.0,18.0,18.0,2.0,5.0,9.0,23.0,12.0,5.0,0.0,0.0,87.58,64.29,18.75,66.67,34.62,54.17,20.0,62.5,1.8345456943834144,1.710869872558804,14.0,34.0,0.9045379899999998,13.0,59.0,82.0,2.767764419999998,227.0,14.765625,43.171875,2.53125,57.515625,0.140625,0.0,5.484375,0.703125,2.53125,0.421875,0.140625,2.8125,3.65625,1.125,2.53125,0.984375,2.53125,2.53125,0.28125,0.703125,1.265625,3.234375,1.6875,0.703125,0.0,0.0,87.58,64.29,18.75,66.67,34.62,54.17,20.0,62.5,0.2579829882726677,0.2405910758285818,1.96875,4.78125,0.1272006548437499,1.828125,8.296875,11.53125,0.3892168715624997,31.921875,CM/AM,61,80,80,76,17,51,47,39,65,61,54,80,85,61,92,76,63,61,70,49,82,50,89,24,51,51,82,81,51,96,59,90,33,53,76,82,92,78,76,68,88,94,94,86,76,98,90,98,14,51,59,37,90,61,53,94,96,67,98,90,69,63,80,43,98,47,88,22,51,51,82,81,51,96,59,90,33,53,90,88,98,94,94,92,98,100,100,96,Allsvenskan
Hammarby,2nnlsjfbcea40t4jeclcbw9lk,2rvopmj69lbwtn0eevmn8cn9x,O. Johansson Schellhas,Oscar Johansson Schellhas,31.0,Midfielder,Sweden,Midfielder,181.0,290.0,4.0,470.0,6.0,0.0,45.0,6.0,848.0,8.0,1.0,2.0,12.0,12.0,7.0,5.0,3.0,10.0,10.0,0.0,11.0,4.0,27.0,4.0,19.0,0.0,0.0,85.92,33.33,33.33,40.0,33.33,47.87,50.0,70.37,1.2256956627472009,0.928903298173802,3.0,27.0,0.6020528599999999,13.0,48.0,44.0,1.3548717299999995,245.0,19.20990566037736,30.77830188679245,0.4245283018867924,49.88207547169811,0.6367924528301887,0.0,4.775943396226415,0.6367924528301887,0.8490566037735848,0.1061320754716981,0.2122641509433962,1.2735849056603774,1.2735849056603774,0.7429245283018868,0.5306603773584906,0.3183962264150943,1.0613207547169812,1.0613207547169812,0.0,1.1674528301886793,0.4245283018867924,2.865566037735849,0.4245283018867924,2.016509433962264,0.0,0.0,85.92,33.33,33.33,40.0,33.33,47.87,50.0,70.37,0.1300856245840189,0.0985864349476912,0.3183962264150943,2.865566037735849,0.0638971195754716,1.3797169811320755,5.09433962264151,4.669811320754717,0.1437953487028301,26.00235849056604,CM/AM,88,78,33,84,66,51,58,50,35,34,74,54,52,54,54,38,37,36,24,78,54,58,37,95,51,51,69,13,83,47,53,65,82,68,55,47,41,70,57,68,78,69,65,88,96,86,14,94,59,51,45,35,22,27,73,45,37,35,37,27,18,18,24,80,45,39,24,84,51,51,69,13,83,47,53,65,82,68,33,35,22,65,57,76,82,73,53,92,Allsvenskan
Hammarby,2nnlsjfbcea40t4jeclcbw9lk,2v1tnyzorjyx7pyf3auj73ytw,Montader Madjed,Montader Harith Madjed,21.0,Attacker,Iraq,Striker,105.0,531.0,10.0,621.0,0.0,0.0,65.0,4.0,1404.0,24.0,15.0,0.0,30.0,58.0,30.0,28.0,17.0,80.0,84.0,5.0,6.0,22.0,104.0,37.0,0.0,0.0,0.0,90.66,76.92,21.74,46.25,37.93,47.45,0.0,0.0,5.2252131658585785,2.6594563029528047,33.0,168.0,5.229529720000004,32.0,37.0,52.0,3.2911016899999965,216.0,6.730769230769231,34.03846153846154,0.6410256410256411,39.80769230769231,0.0,0.0,4.166666666666667,0.2564102564102564,1.5384615384615383,0.9615384615384616,0.0,1.9230769230769231,3.717948717948718,1.9230769230769231,1.794871794871795,1.08974358974359,5.128205128205129,5.384615384615385,0.3205128205128205,0.3846153846153846,1.4102564102564104,6.666666666666667,2.371794871794872,0.0,0.0,0.0,90.66,76.92,21.74,46.25,37.93,47.45,0.0,0.0,0.3349495619140114,0.1704779681380003,2.1153846153846154,10.76923076923077,0.3352262641025643,2.0512820512820515,2.371794871794872,3.333333333333333,0.2109680570512818,13.846153846153848,RW,100,100,100,100,13,53,93,63,93,100,30,100,100,100,100,100,100,100,93,97,100,100,100,17,53,53,100,87,73,80,60,67,17,17,100,100,100,100,100,100,100,100,100,100,87,93,60,87,13,53,33,33,67,87,30,80,80,67,73,53,73,73,73,40,67,93,87,17,53,53,100,87,73,80,60,67,17,17,67,80,87,100,100,87,93,87,80,93,Allsvenskan
Hammarby,2nnlsjfbcea40t4jeclcbw9lk,3uj9aygyfvo2sm844e72oeesq,F. Winther,Frederik Winther,25.0,Defender,Denmark,Defender,721.0,473.0,44.0,1189.0,43.0,4.0,82.0,80.0,1508.0,9.0,5.0,0.0,18.0,24.0,15.0,9.0,3.0,8.0,9.0,1.0,20.0,3.0,33.0,5.0,17.0,0.0,0.0,89.6,38.26,62.5,62.5,12.5,58.99,63.24,68.0,2.647402406104465,1.3697297237181982,6.0,39.0,1.0772282899999996,15.0,102.0,86.0,2.3293056,670.0,43.03050397877984,28.22944297082228,2.625994694960212,70.96153846153845,2.56631299734748,0.2387267904509283,4.893899204244032,4.774535809018567,0.5371352785145889,0.2984084880636604,0.0,1.0742705570291775,1.4323607427055702,0.8952254641909814,0.5371352785145889,0.1790450928381962,0.4774535809018567,0.5371352785145889,0.059681697612732,1.1936339522546418,0.1790450928381962,1.969496021220159,0.2984084880636604,1.0145888594164456,0.0,0.0,89.6,38.26,62.5,62.5,12.5,58.99,63.24,68.0,0.158001469860346,0.0817477951821205,0.3580901856763925,2.327586206896552,0.0642908130636604,0.8952254641909814,6.087533156498673,5.13262599469496,0.1390169124668435,39.9867374005305,CB,98,100,89,100,91,100,94,89,77,98,41,98,98,97,97,92,86,89,71,87,82,96,92,93,51,51,74,38,91,67,39,53,62,77,97,98,98,98,98,97,100,97,98,98,86,94,62,94,80,97,58,45,41,88,41,98,94,88,91,67,64,67,58,64,64,86,71,64,51,51,74,38,91,67,39,53,62,77,89,97,83,92,94,83,86,82,83,88,Allsvenskan
Hammarby,2nnlsjfbcea40t4jeclcbw9lk,4mroygq2ruxkml5c5j4awwted,T. Tekie,Tesfaldet Tekie,29.0,Midfielder,Sweden,Midfielder,181.0,282.0,16.0,462.0,2.0,0.0,17.0,3.0,561.0,5.0,1.0,0.0,8.0,7.0,1.0,6.0,0.0,12.0,12.0,1.0,6.0,4.0,7.0,5.0,2.0,0.0,0.0,90.23,57.14,25.0,41.67,57.14,44.74,0.0,40.0,0.4267963061350814,0.5388781963783205,7.0,25.0,0.55432819,4.0,49.0,42.0,1.2143425500000005,269.0,29.03743315508021,45.24064171122995,2.5668449197860963,74.11764705882352,0.320855614973262,0.0,2.727272727272727,0.481283422459893,0.8021390374331551,0.160427807486631,0.0,1.2834224598930482,1.1229946524064172,0.160427807486631,0.962566844919786,0.0,1.925133689839572,1.925133689839572,0.160427807486631,0.962566844919786,0.6417112299465241,1.1229946524064172,0.8021390374331551,0.320855614973262,0.0,0.0,90.23,57.14,25.0,41.67,57.14,44.74,0.0,40.0,0.068469995636644,0.0864510475473241,1.1229946524064172,4.010695187165775,0.0889296561497326,0.6417112299465241,7.86096256684492,6.737967914438503,0.1948143128342246,43.155080213903744,DM/CM,42,55,42,48,26,46,32,15,39,49,28,50,48,24,59,10,62,60,72,35,72,35,55,8,50,51,98,75,52,45,100,25,9,8,38,40,81,65,65,31,46,41,42,48,95,98,60,98,25,46,8,2,35,50,28,75,72,30,85,10,88,88,88,35,100,55,82,5,50,51,98,75,52,45,100,25,9,8,48,62,98,98,98,32,95,82,85,98,Allsvenskan
Hammarby,2nnlsjfbcea40t4jeclcbw9lk,7qgiqoaaarr6c2bs4yffqwju2,V. Lind,Victor Lind,23.0,Attacker,Denmark,Striker,95.0,352.0,11.0,434.0,5.0,0.0,79.0,9.0,1307.0,25.0,13.0,8.0,41.0,59.0,30.0,29.0,16.0,37.0,37.0,8.0,15.0,23.0,91.0,16.0,22.0,0.0,0.0,80.22,32.35,25.0,43.24,38.98,55.24,35.71,66.67,5.333788059982327,3.970173363683381,24.0,69.0,2.02879801,17.0,37.0,54.0,3.414772389999999,167.0,6.541698546289212,24.23871461361897,0.7574598316755929,29.88523335883703,0.3442999234889058,0.0,5.439938791124713,0.6197398622800306,1.7214996174445294,0.8951798010711554,0.5508798775822494,2.8232593726090283,4.062739097169089,2.0657995409334355,1.9969395562356544,1.1017597551644989,2.5478194338179034,2.5478194338179034,0.5508798775822494,1.0328997704667178,1.5837796480489672,6.266258607498087,1.1017597551644989,1.514919663351186,0.0,0.0,80.22,32.35,25.0,43.24,38.98,55.24,35.71,66.67,0.367284564191591,0.273386077070776,1.6526396327467483,4.751338944146902,0.1397029999234889,1.17061973986228,2.5478194338179034,3.718439173680184,0.2351411745218056,11.499617444529456,LW,92,100,79,100,88,54,92,88,92,92,96,100,92,83,100,83,83,83,92,96,92,83,75,100,54,54,50,33,75,50,75,100,67,58,100,100,92,92,92,92,100,92,92,92,67,100,75,92,42,54,67,50,67,75,83,100,92,75,100,75,58,58,75,92,92,75,58,92,54,54,50,33,75,50,75,100,67,58,83,100,83,83,83,50,83,100,92,83,Allsvenskan
Hammarby,2nnlsjfbcea40t4jeclcbw9lk,840m8epnbm3hz70ppuzxhwnx0,W. Renecke,Waylon Renecke,20.0,Defender,South Africa,Defender,89.0,42.0,4.0,131.0,1.0,0.0,3.0,4.0,158.0,1.0,0.0,0.0,0.0,5.0,4.0,1.0,1.0,0.0,0.0,1.0,1.0,1.0,5.0,0.0,0.0,0.0,0.0,94.93,57.14,0.0,0.0,20.0,60.0,0.0,0.0,0.5540562856339271,0.0,1.0,2.0,0.05937339,0.0,3.0,8.0,0.2744465099999999,67.0,50.69620253164557,23.924050632911392,2.278481012658228,74.62025316455696,0.569620253164557,0.0,1.7088607594936709,2.278481012658228,0.569620253164557,0.0,0.0,0.0,2.848101265822785,2.278481012658228,0.569620253164557,0.569620253164557,0.0,0.0,0.569620253164557,0.569620253164557,0.569620253164557,2.848101265822785,0.0,0.0,0.0,0.0,94.93,57.14,0.0,0.0,20.0,60.0,0.0,0.0,0.3156016816902116,0.0,0.569620253164557,1.139240506329114,0.0338202854430379,0.0,1.7088607594936709,4.556962025316456,0.156330290506329,38.16455696202532,CB,17,17,12,15,3,39,2,4,12,30,41,11,58,59,69,48,8,8,71,5,47,32,14,3,51,51,100,91,30,14,47,58,2,3,59,14,64,34,39,16,15,23,23,20,95,86,52,95,3,39,2,9,44,30,41,11,98,100,94,94,8,8,100,11,95,95,14,3,51,51,100,91,30,14,47,58,2,3,100,14,95,65,74,16,24,70,88,82,Allsvenskan
Hammarby,2nnlsjfbcea40t4jeclcbw9lk,8fle9xgnd83jth2i2d6vh0k16,I. Fofana,Ibrahima Fofana,24.0,Defender,Guinea,Defender,470.0,290.0,13.0,759.0,18.0,0.0,47.0,29.0,908.0,5.0,1.0,1.0,4.0,8.0,4.0,4.0,2.0,4.0,4.0,1.0,10.0,1.0,10.0,1.0,17.0,0.0,0.0,93.59,37.14,20.0,25.0,12.5,67.14,75.0,70.83,0.7729770827494441,0.2132882282512948,4.0,10.0,0.20666926,7.0,51.0,47.0,1.2178065800000015,436.0,46.58590308370045,28.744493392070485,1.288546255506608,75.23127753303964,1.7841409691629957,0.0,4.658590308370044,2.8744493392070485,0.4955947136563877,0.0991189427312775,0.0991189427312775,0.3964757709251101,0.7929515418502203,0.3964757709251101,0.3964757709251101,0.198237885462555,0.3964757709251101,0.3964757709251101,0.0991189427312775,0.9911894273127754,0.0991189427312775,0.9911894273127754,0.0991189427312775,1.6850220264317182,0.0,0.0,93.59,37.14,20.0,25.0,12.5,67.14,75.0,70.83,0.0766166711976321,0.0211409036812957,0.3964757709251101,0.9911894273127754,0.0204848385462555,0.6938325991189428,5.0550660792951545,4.658590308370044,0.1207077006607931,43.215859030837,CB,82,89,36,88,59,39,61,37,48,68,89,71,77,59,91,77,65,64,71,54,47,59,44,93,51,51,98,35,68,36,39,88,92,80,67,58,92,71,73,80,80,68,73,80,92,95,18,97,59,39,53,14,39,67,88,70,74,48,85,71,59,59,68,47,44,47,35,94,51,51,98,35,68,36,39,88,92,80,67,48,88,58,58,79,79,74,71,94,Allsvenskan
Hammarby,2nnlsjfbcea40t4jeclcbw9lk,8hq0so8nzsuzmsffae5nwdwmi,P. Abraham,Paulos Abraham,24.0,Attacker,Sweden,Striker,64.0,208.0,4.0,272.0,5.0,0.0,62.0,5.0,1382.0,33.0,0.0,3.0,29.0,56.0,54.0,2.0,12.0,49.0,51.0,11.0,4.0,27.0,116.0,18.0,4.0,0.0,0.0,80.71,66.67,0.0,36.73,48.21,36.69,16.67,66.67,7.302904240101057,2.5599447854728736,11.0,34.0,1.0878725499999995,5.0,20.0,24.0,1.2406703,111.0,4.167872648335745,13.545586107091172,0.260492040520984,17.713458755426917,0.3256150506512301,0.0,4.0376266280752535,0.3256150506512301,2.149059334298119,0.0,0.195369030390738,1.8885672937771345,3.646888567293777,3.516642547033285,0.130246020260492,0.7814761215629522,3.191027496382055,3.321273516642547,0.7163531114327062,0.260492040520984,1.7583212735166425,7.554269175108538,1.1722141823444283,0.260492040520984,0.0,0.0,80.71,66.67,0.0,36.73,48.21,36.69,16.67,66.67,0.4755871068083177,0.1667113101972204,0.7163531114327062,2.2141823444283646,0.0708455350940665,0.3256150506512301,1.3024602026049203,1.5629522431259044,0.0807961845151953,7.228654124457308,ST,69,95,72,92,37,50,85,50,97,31,95,97,97,100,44,92,97,97,99,68,100,100,95,50,51,51,85,77,31,38,77,26,15,51,100,97,87,95,97,68,88,88,90,92,49,82,56,74,10,50,31,18,77,31,85,95,90,97,28,72,85,82,97,41,97,97,77,23,51,51,85,77,31,38,77,26,15,51,97,95,54,79,85,31,74,67,74,74,Allsvenskan
Hammarby,2nnlsjfbcea40t4jeclcbw9lk,9s3boszvqn3fzsx0r1xswqyqy,V. Eriksson,Victor Eriksson,25.0,Defender,Sweden,Defender,663.0,256.0,16.0,918.0,56.0,1.0,85.0,63.0,1258.0,10.0,1.0,0.0,2.0,12.0,12.0,0.0,2.0,1.0,1.0,1.0,25.0,2.0,17.0,1.0,13.0,0.0,0.0,91.34,43.24,100.0,100.0,16.67,64.89,71.79,72.22,1.7518716379966874,0.156709856421282,0.0,8.0,0.16694844,5.0,48.0,35.0,1.1157113100000002,595.0,47.43243243243244,18.314785373608903,1.1446740858505564,65.67567567567568,4.006359300476947,0.0715421303656597,6.081081081081081,4.507154213036566,0.7154213036565977,0.0715421303656597,0.0,0.1430842607313195,0.8585055643879174,0.8585055643879174,0.0,0.1430842607313195,0.0715421303656597,0.0715421303656597,0.0715421303656597,1.7885532591414943,0.1430842607313195,1.2162162162162162,0.0715421303656597,0.9300476947535772,0.0,0.0,91.34,43.24,100.0,100.0,16.67,64.89,71.79,72.22,0.1253326291094609,0.0112113569776751,0.0,0.5723370429252782,0.0119438470588235,0.3577106518282988,3.434022257551669,2.503974562798092,0.079820363990461,42.567567567567565,CB,97,84,52,97,97,86,95,74,81,68,41,50,90,94,28,77,27,26,71,96,67,75,44,81,51,51,85,56,97,89,45,85,83,85,94,48,27,63,62,70,76,54,67,95,94,59,14,88,95,83,94,41,55,59,41,29,79,85,28,58,18,18,61,88,52,61,30,53,51,51,85,56,97,89,45,85,83,85,86,35,27,47,44,52,61,36,44,92,Allsvenskan
Hammarby,2nnlsjfbcea40t4jeclcbw9lk,aybt4s09eeonv6pdk2v9c9v6c,A. Boudri,Amin Boudri,21.0,Midfielder,Sweden,Midfielder,31.0,107.0,3.0,137.0,1.0,0.0,24.0,0.0,246.0,8.0,1.0,2.0,8.0,8.0,7.0,1.0,3.0,12.0,13.0,0.0,1.0,4.0,19.0,3.0,5.0,0.0,0.0,90.13,75.0,11.11,25.0,50.0,48.0,0.0,41.67,0.6422186664077018,0.790235232006272,0.0,27.0,0.8724317899999997,11.0,10.0,15.0,0.6098753099999998,48.0,11.341463414634148,39.14634146341464,1.0975609756097562,50.12195121951219,0.3658536585365853,0.0,8.78048780487805,0.0,2.926829268292683,0.3658536585365853,0.7317073170731707,2.926829268292683,2.926829268292683,2.5609756097560976,0.3658536585365853,1.0975609756097562,4.390243902439025,4.7560975609756095,0.0,0.3658536585365853,1.4634146341463414,6.951219512195122,1.0975609756097562,1.829268292682927,0.0,0.0,90.13,75.0,11.11,25.0,50.0,48.0,0.0,41.67,0.2349580486857445,0.2891104507340019,0.0,9.878048780487804,0.3191823621951218,4.024390243902439,3.658536585365854,5.48780487804878,0.2231251134146341,17.5609756097561,LM/LCM,12,50,38,38,38,50,25,12,50,44,81,50,50,69,19,62,50,50,38,19,75,38,31,50,56,56,100,81,25,38,88,25,31,25,50,50,12,75,75,62,50,50,50,38,50,100,38,100,38,50,100,12,88,75,100,100,88,100,25,88,75,88,38,12,100,100,50,100,56,56,100,81,25,38,88,25,31,25,75,100,12,100,100,100,62,100,100,62,Allsvenskan
Hammarby,2nnlsjfbcea40t4jeclcbw9lk,chzhwdk4l54t2kf606bkuiaqd,N. Besara,Nahir Besara,35.0,Midfielder,Sweden,Midfielder,134.0,347.0,15.0,467.0,1.0,0.0,33.0,6.0,1132.0,18.0,14.0,5.0,42.0,52.0,26.0,26.0,8.0,16.0,16.0,5.0,3.0,21.0,62.0,7.0,7.0,0.0,0.0,87.78,57.69,27.45,43.75,40.38,46.48,25.0,100.0,4.131028584594517,3.85131826494909,24.0,37.0,1.0832133299999998,15.0,51.0,75.0,2.2443797900000004,219.0,10.653710247349824,27.58833922261484,1.1925795053003534,37.12897526501767,0.0795053003533568,0.0,2.6236749116607774,0.4770318021201413,1.431095406360424,1.1130742049469964,0.3975265017667844,3.3392226148409896,4.134275618374558,2.067137809187279,2.067137809187279,0.6360424028268551,1.2720848056537102,1.2720848056537102,0.3975265017667844,0.2385159010600706,1.6696113074204948,4.929328621908128,0.5565371024734982,0.5565371024734982,0.0,0.0,87.78,57.69,27.45,43.75,40.38,46.48,25.0,100.0,0.3284386683864899,0.3062002154111467,1.9081272084805647,2.941696113074205,0.0861212011484098,1.1925795053003534,4.054770318021202,5.962897526501767,0.1784400893109541,17.41166077738516,CM/AM,76,88,72,82,17,51,35,50,65,88,93,98,100,98,98,84,59,57,95,34,100,92,65,35,51,51,86,67,67,57,76,49,42,96,98,98,100,81,86,83,82,90,82,82,55,80,53,67,10,51,10,22,55,84,94,98,100,96,96,69,24,22,90,16,100,84,37,8,51,51,86,67,67,57,76,49,42,96,100,94,96,73,78,61,73,84,69,71,Allsvenskan
Hammarby,2nnlsjfbcea40t4jeclcbw9lk,cyfvxg9z9aqfsoydhz7sr3qxg,M. Karlsson,Markus Karlsson,22.0,Midfielder,Sweden,Midfielder,428.0,589.0,15.0,1017.0,11.0,0.0,94.0,16.0,1618.0,34.0,0.0,2.0,24.0,12.0,6.0,6.0,8.0,17.0,17.0,0.0,20.0,1.0,28.0,8.0,20.0,0.0,0.0,90.32,38.46,0.0,47.06,8.33,58.75,45.83,48.78,1.0156076591607477,1.7153734296144365,3.0,52.0,1.2337667499999996,20.0,98.0,78.0,2.107568839999999,558.0,23.80716934487021,32.76266996291718,0.8343634116192831,56.56983930778739,0.6118665018541409,0.0,5.228677379480841,0.8899876390605685,1.8912237330037085,0.0,0.111248454882571,1.3349814585908528,0.6674907292954264,0.3337453646477132,0.3337453646477132,0.4449938195302843,0.945611866501854,0.945611866501854,0.0,1.112484548825711,0.0556242274412855,1.557478368355995,0.4449938195302843,1.112484548825711,0.0,0.0,90.32,38.46,0.0,47.06,8.33,58.75,45.83,48.78,0.056492391424269,0.0954163217956114,0.1668726823238566,2.892459826946848,0.0686273223114956,1.112484548825711,5.451174289245983,4.338689740420272,0.1172318885043262,31.03831891223733,DM/CM,98,100,38,100,74,46,88,50,96,19,80,94,71,74,59,94,74,72,31,68,38,95,75,79,50,51,100,12,19,55,28,82,62,20,68,88,38,96,98,95,94,75,75,100,68,88,2,85,48,46,68,12,88,19,68,81,38,50,32,72,50,48,31,40,28,74,52,42,50,51,100,12,19,55,28,82,62,20,35,75,20,78,78,78,65,50,45,82,Allsvenskan
Brommapojkarna,ac8jow4mdkvnsv5s0och4qqm,17zz0x6tm20e9yfh4q5ehaf9x,S. Martinsson Ngouali,Serge-Junior Martinsson Ngouali,34.0,Midfielder,Gabon,Midfielder,24.0,18.0,3.0,42.0,0.0,0.0,10.0,2.0,106.0,3.0,0.0,0.0,1.0,0.0,0.0,0.0,0.0,0.0,0.0,0.0,2.0,0.0,0.0,0.0,3.0,0.0,0.0,77.78,33.33,0.0,0.0,0.0,71.43,0.0,42.86,0.0,0.0691072312227442,0.0,0.0,0.0,0.0,2.0,6.0,0.10412967,18.0,20.37735849056604,15.283018867924527,2.547169811320755,35.660377358490564,0.0,0.0,8.49056603773585,1.6981132075471697,2.547169811320755,0.0,0.0,0.8490566037735848,0.0,0.0,0.0,0.0,0.0,0.0,0.0,1.6981132075471697,0.0,0.0,0.0,2.547169811320755,0.0,0.0,77.78,33.33,0.0,0.0,0.0,71.43,0.0,42.86,0.0,0.058675951038179,0.0,0.0,0.0,0.0,1.6981132075471697,5.09433962264151,0.0884119839622641,15.283018867924527,DM/CM,6,6,8,8,4,46,9,5,29,19,28,16,5,9,9,10,5,5,31,11,14,4,9,11,50,51,8,8,19,9,14,100,9,12,5,18,10,4,4,4,8,8,8,8,45,15,55,15,4,46,100,55,100,19,28,50,5,9,9,10,5,5,31,80,14,4,9,88,50,51,8,8,19,9,14,100,9,12,5,35,10,4,4,4,8,62,22,12,Allsvenskan
Brommapojkarna,ac8jow4mdkvnsv5s0och4qqm,1902oagnhlo7x9xpumxvg1t78,L. Björklund,Lukas Björklund,22.0,Midfielder,Sweden,Midfielder,117.0,155.0,10.0,270.0,16.0,0.0,60.0,17.0,941.0,21.0,2.0,0.0,8.0,12.0,9.0,3.0,4.0,22.0,23.0,3.0,6.0,5.0,34.0,11.0,7.0,0.0,0.0,81.08,41.67,22.22,50.0,41.67,42.55,40.0,53.85,1.4005702064937544,0.8257093141550647,2.0,22.0,0.67554313,10.0,19.0,26.0,1.0149828600000002,115.0,11.190223166843785,14.824654622741765,0.9564293304994688,25.82359192348565,1.5302869287991498,0.0,5.738575982996812,1.6259298618490967,2.008501594048884,0.1912858660998937,0.0,0.7651434643995749,1.1477151965993624,0.8607863974495218,0.2869287991498406,0.3825717321997874,2.104144527098831,2.199787460148778,0.2869287991498406,0.5738575982996812,0.4782146652497343,3.251859723698193,1.0520722635494155,0.6695005313496281,0.0,0.0,81.08,41.67,22.22,50.0,41.67,42.55,40.0,53.85,0.1339546424914324,0.0789732606524503,0.1912858660998937,2.104144527098831,0.0646109263549415,0.9564293304994688,1.8172157279489904,2.4867162592986185,0.0970759377258236,10.99893730074389,CM/AM,69,53,62,57,96,51,73,91,78,50,20,37,52,68,34,50,74,76,82,57,66,69,84,35,51,51,53,36,55,76,81,37,68,27,63,43,32,54,63,55,46,53,59,57,59,29,47,45,92,51,65,78,76,47,20,10,24,47,18,33,63,59,82,35,53,49,69,18,51,51,53,36,55,76,81,37,68,27,35,22,20,45,59,29,27,31,31,39,Allsvenskan
Brommapojkarna,ac8jow4mdkvnsv5s0och4qqm,2lyhi7j3id7emsh54ehdva3ca,O. Zandén,Oliver Zandén,25.0,Defender,Sweden,Defender,458.0,416.0,43.0,858.0,31.0,0.0,90.0,74.0,1620.0,21.0,16.0,2.0,19.0,15.0,5.0,10.0,3.0,21.0,23.0,1.0,29.0,4.0,37.0,11.0,20.0,0.0,0.0,80.71,34.68,32.0,52.38,26.67,62.5,63.27,71.43,1.028542637427934,1.6636949887895631,10.0,41.0,1.384720289999999,20.0,79.0,91.0,4.231182069999997,448.0,25.444444444444443,23.11111111111111,2.388888888888889,47.66666666666666,1.7222222222222223,0.0,5.0,4.111111111111111,1.1666666666666667,0.8888888888888888,0.1111111111111111,1.0555555555555556,0.8333333333333334,0.2777777777777778,0.5555555555555556,0.1666666666666666,1.1666666666666667,1.2777777777777777,0.0555555555555555,1.6111111111111112,0.2222222222222222,2.055555555555556,0.6111111111111112,1.1111111111111112,0.0,0.0,80.71,34.68,32.0,52.38,26.67,62.5,63.27,71.43,0.0571412576348852,0.0924274993771979,0.5555555555555556,2.2777777777777777,0.0769289049999999,1.1111111111111112,4.388888888888889,5.055555555555555,0.2350656705555554,24.88888888888889,LB/LCB,96,96,96,92,98,42,100,96,100,90,84,92,92,68,100,76,92,92,80,100,94,96,96,88,50,50,36,44,100,76,80,84,88,76,88,84,100,92,96,90,96,96,100,96,72,76,60,80,92,42,80,76,84,64,68,52,76,48,80,32,60,60,72,72,72,72,76,36,50,50,36,44,100,76,80,84,88,76,64,48,96,72,92,72,80,84,92,88,Allsvenskan
Brommapojkarna,ac8jow4mdkvnsv5s0och4qqm,3slq45oyri6a8smz52fezhct0,K. Sever,Kamilcan Sever,19.0,Attacker,Türkiye,Striker,9.0,12.0,0.0,21.0,7.0,0.0,12.0,5.0,335.0,2.0,0.0,2.0,3.0,13.0,11.0,2.0,5.0,3.0,3.0,1.0,0.0,2.0,27.0,1.0,2.0,0.0,0.0,56.76,0.0,0.0,33.33,15.38,27.27,36.84,100.0,1.4575462073558934,0.0691983531950756,3.0,0.0,0.0,0.0,0.0,0.0,0.02107635,3.0,2.417910447761194,3.2238805970149254,0.0,5.641791044776119,1.880597014925373,0.0,3.2238805970149254,1.343283582089552,0.5373134328358209,0.0,0.5373134328358209,0.8059701492537313,3.492537313432836,2.955223880597015,0.5373134328358209,1.343283582089552,0.8059701492537313,0.8059701492537313,0.2686567164179104,0.0,0.5373134328358209,7.253731343283582,0.2686567164179104,0.5373134328358209,0.0,0.0,56.76,0.0,0.0,33.33,15.38,27.27,36.84,100.0,0.3915795780956131,0.0185906023509158,0.8059701492537313,0.0,0.0,0.0,0.0,0.0,0.0056623029850746,0.8059701492537313,ST,18,6,14,10,51,50,22,50,13,31,83,26,44,50,44,64,17,15,46,12,26,47,14,27,51,51,10,14,31,32,13,8,60,96,41,13,49,5,5,6,8,5,10,6,15,3,14,8,62,50,18,85,8,31,100,33,82,87,62,95,15,15,56,12,21,92,15,44,51,51,10,14,31,32,13,8,60,96,85,13,64,5,5,6,8,5,8,3,Allsvenskan
Brommapojkarna,ac8jow4mdkvnsv5s0och4qqm,47ymu9whey6w61nk2nx7gpv6c,D. Isso,David Isso,19.0,Attacker,Sweden,Striker,14.0,28.0,0.0,42.0,2.0,0.0,14.0,1.0,537.0,4.0,0.0,1.0,6.0,12.0,9.0,3.0,3.0,9.0,9.0,1.0,2.0,5.0,24.0,2.0,2.0,0.0,0.0,68.85,0.0,0.0,22.22,41.67,22.95,11.11,33.33,2.229962088234427,0.3588582495283722,2.0,6.0,0.17416339,2.0,5.0,4.0,0.26726085,17.0,2.346368715083799,4.692737430167598,0.0,7.039106145251396,0.3351955307262569,0.0,2.346368715083799,0.1675977653631284,0.6703910614525139,0.0,0.1675977653631284,1.005586592178771,2.011173184357542,1.5083798882681565,0.5027932960893855,0.5027932960893855,1.5083798882681565,1.5083798882681565,0.1675977653631284,0.3351955307262569,0.8379888268156425,4.022346368715084,0.3351955307262569,0.3351955307262569,0.0,0.0,68.85,0.0,0.0,22.22,41.67,22.95,11.11,33.33,0.3737366628325855,0.0601438407030791,0.3351955307262569,1.005586592178771,0.029189394972067,0.3351955307262569,0.8379888268156425,0.6703910614525139,0.0447923212290502,2.8491620111731844,ST,26,33,14,33,12,50,26,15,28,31,63,44,37,40,60,45,46,45,46,56,50,41,27,27,51,51,33,14,31,15,64,5,13,18,62,44,36,45,41,38,46,35,49,37,10,10,14,10,13,50,5,5,15,31,77,49,41,38,59,46,56,46,44,49,46,33,18,31,51,51,33,14,31,15,64,5,13,18,77,44,26,51,46,36,41,26,54,18,Allsvenskan
Brommapojkarna,ac8jow4mdkvnsv5s0och4qqm,596l1xqnkqh81ln2asqawewwk,M. Derbali,Mohamed Derbali,23.0,Midfielder,Tunisia,Midfielder,56.0,78.0,3.0,133.0,1.0,0.0,12.0,3.0,249.0,0.0,1.0,0.0,0.0,3.0,1.0,2.0,1.0,6.0,6.0,0.0,5.0,0.0,3.0,1.0,8.0,0.0,0.0,87.5,37.5,25.0,16.67,0.0,44.44,50.0,80.0,0.1761723132728342,0.0,2.0,5.0,0.11959588,3.0,20.0,11.0,0.27624832,76.0,20.24096385542169,28.19277108433735,1.0843373493975903,48.07228915662651,0.3614457831325301,0.0,4.337349397590361,1.0843373493975903,0.0,0.3614457831325301,0.0,0.0,1.0843373493975903,0.3614457831325301,0.7228915662650602,0.3614457831325301,2.1686746987951806,2.1686746987951806,0.0,1.8072289156626504,0.0,1.0843373493975903,0.3614457831325301,2.891566265060241,0.0,0.0,87.5,37.5,25.0,16.67,0.0,44.44,50.0,80.0,0.0636767397371689,0.0,0.7228915662650602,1.8072289156626504,0.0432274265060241,1.0843373493975903,7.228915662650603,3.975903614457832,0.0998487903614457,27.46987951807229,DM/CM,15,20,8,18,15,46,18,15,5,49,28,6,22,24,29,30,38,38,31,30,14,19,24,36,50,51,69,10,52,18,14,22,75,92,12,6,26,22,20,28,20,16,12,22,42,75,10,70,30,46,48,22,5,72,28,6,68,60,78,68,92,90,31,85,14,52,42,98,50,51,69,10,52,18,14,22,75,92,40,6,80,50,42,75,82,40,32,75,Allsvenskan
Brommapojkarna,ac8jow4mdkvnsv5s0och4qqm,5y0u2lslbutci98zk47gxwrv8,A. Wahlund,Atle Wahlund,18.0,Midfielder,Sweden,Midfielder,14.0,18.0,2.0,31.0,1.0,0.0,6.0,2.0,123.0,2.0,1.0,0.0,1.0,2.0,2.0,0.0,0.0,1.0,1.0,0.0,0.0,0.0,3.0,0.0,1.0,0.0,0.0,73.81,50.0,50.0,0.0,0.0,37.5,50.0,33.33,0.1885873014396456,0.0689619650436943,0.0,1.0,0.0199707,2.0,1.0,1.0,0.06161643,17.0,10.24390243902439,13.170731707317072,1.4634146341463414,22.682926829268293,0.7317073170731707,0.0,4.390243902439025,1.4634146341463414,1.4634146341463414,0.7317073170731707,0.0,0.7317073170731707,1.4634146341463414,1.4634146341463414,0.0,0.0,0.7317073170731707,0.7317073170731707,0.0,0.0,0.0,2.1951219512195124,0.0,0.7317073170731707,0.0,0.0,73.81,50.0,50.0,0.0,0.0,37.5,50.0,33.33,0.1379907083704724,0.0504599744222153,0.0,0.7317073170731707,0.0146127073170731,1.4634146341463414,0.7317073170731707,0.7317073170731707,0.0450851926829268,12.439024390243905,DM/CM,2,6,2,2,15,46,4,5,20,49,28,16,15,41,9,10,10,10,31,4,14,19,9,5,50,51,2,46,96,9,14,5,75,5,20,15,10,8,8,21,5,5,5,5,2,5,28,2,60,46,52,40,72,85,28,38,92,100,9,10,40,32,31,4,14,95,9,15,50,51,2,46,96,9,14,5,75,5,98,28,10,18,12,92,5,5,5,5,Allsvenskan
Brommapojkarna,ac8jow4mdkvnsv5s0och4qqm,76k8ic97o66kaq2e52bmp27ai,M. Hansen,Mads Hansen,24.0,Midfielder,Denmark,Midfielder,164.0,293.0,41.0,442.0,6.0,0.0,50.0,20.0,1202.0,16.0,15.0,6.0,25.0,33.0,21.0,12.0,11.0,36.0,38.0,6.0,6.0,10.0,50.0,16.0,11.0,0.0,0.0,84.84,64.06,26.32,44.44,30.3,46.3,50.0,91.67,2.754991016779708,2.458729209627853,15.0,61.0,1.6210316699999991,30.0,38.0,77.0,2.80881156,167.0,12.279534109816971,21.93843594009984,3.069883527454243,33.09484193011647,0.4492512479201331,0.0,3.7437603993344415,1.497504159733777,1.1980033277870217,1.123128119800333,0.4492512479201331,1.8718801996672207,2.470881863560732,1.5723793677204658,0.8985024958402662,0.8236272878535773,2.6955074875207985,2.845257903494176,0.4492512479201331,0.4492512479201331,0.7487520798668885,3.7437603993344415,1.1980033277870217,0.8236272878535773,0.0,0.0,84.84,64.06,26.32,44.44,30.3,46.3,50.0,91.67,0.20628052538284,0.1840978609538325,1.123128119800333,4.56738768718802,0.1213750834442595,2.2462562396006653,2.845257903494176,5.765391014975042,0.2103103497504159,12.504159733777035,RM/RCM,93,93,100,93,60,50,60,80,73,90,100,100,100,100,93,100,87,87,100,57,87,87,87,47,53,53,87,100,47,60,67,47,83,93,87,100,100,100,100,93,93,100,93,93,67,87,100,80,40,50,20,60,47,93,100,87,93,87,73,93,80,80,100,47,80,73,80,33,53,53,87,100,47,60,67,47,83,93,80,93,80,93,93,100,73,100,100,53,Allsvenskan
Brommapojkarna,ac8jow4mdkvnsv5s0och4qqm,av9lz5umeimwlq7v4q4d7twr8,A. Kurochkin,Anton Kurochkin,23.0,Midfielder,Sweden,Midfielder,16.0,26.0,2.0,41.0,2.0,0.0,10.0,0.0,146.0,5.0,1.0,2.0,3.0,6.0,1.0,5.0,3.0,7.0,8.0,1.0,3.0,2.0,8.0,2.0,1.0,0.0,0.0,74.55,66.67,12.5,28.57,33.33,35.71,0.0,100.0,0.2636090463915592,0.31803329305602,5.0,2.0,0.0834634,2.0,4.0,7.0,0.40146116,18.0,9.863013698630136,16.027397260273972,1.2328767123287672,25.273972602739725,1.2328767123287672,0.0,6.164383561643835,0.0,3.0821917808219177,0.6164383561643836,1.2328767123287672,1.8493150684931507,3.6986301369863015,0.6164383561643836,3.0821917808219177,1.8493150684931507,4.315068493150685,4.931506849315069,0.6164383561643836,1.8493150684931507,1.2328767123287672,4.931506849315069,1.2328767123287672,0.6164383561643836,0.0,0.0,74.55,66.67,12.5,28.57,33.33,35.71,0.0,100.0,0.1624987272276734,0.1960479203769986,3.0821917808219177,1.2328767123287672,0.0514500410958904,1.2328767123287672,2.4657534246575343,4.315068493150685,0.2474760575342465,11.095890410958903,CM/AM,5,8,17,6,35,51,10,3,20,34,74,12,23,12,54,38,21,27,55,34,29,19,16,5,51,51,20,89,32,22,53,17,8,96,12,18,54,9,10,13,11,14,22,8,49,33,61,39,86,51,71,3,98,69,100,69,98,33,100,100,92,94,94,98,96,86,80,14,51,51,20,89,32,22,53,17,8,96,55,76,100,14,39,65,43,67,88,41,Allsvenskan
Brommapojkarna,ac8jow4mdkvnsv5s0och4qqm,aw75jdzi3u012jkwj7t0eln2s,W. Odefalk,Wilmer Odefalk,21.0,Midfielder,Sweden,Midfielder,26.0,64.0,6.0,90.0,2.0,0.0,5.0,2.0,173.0,0.0,0.0,0.0,5.0,3.0,3.0,0.0,2.0,1.0,1.0,0.0,2.0,0.0,10.0,0.0,3.0,0.0,0.0,80.36,75.0,0.0,0.0,0.0,35.71,50.0,100.0,0.3716022114055108,0.3090600533603351,1.0,5.0,0.11712617,4.0,12.0,12.0,0.35078966,53.0,13.52601156069364,33.29479768786127,3.121387283236994,46.82080924855491,1.0404624277456649,0.0,2.601156069364162,1.0404624277456649,0.0,0.0,0.0,2.601156069364162,1.560693641618497,1.560693641618497,0.0,1.0404624277456649,0.5202312138728323,0.5202312138728323,0.0,1.0404624277456649,0.0,5.202312138728324,0.0,1.560693641618497,0.0,0.0,80.36,75.0,0.0,0.0,0.0,35.71,50.0,100.0,0.1933190695173177,0.1607826867192494,0.5202312138728323,2.601156069364162,0.0609326895953757,2.0809248554913293,6.242774566473988,6.242774566473988,0.1824917306358381,27.57225433526012,CM/AM,16,18,48,16,35,51,5,15,4,12,20,22,10,26,3,28,3,3,24,20,7,22,4,14,51,51,51,98,12,4,7,17,82,96,16,16,19,13,12,34,31,29,16,29,71,94,96,88,78,51,6,59,4,12,20,88,47,84,3,92,4,4,24,71,7,94,4,67,51,51,51,98,12,4,7,17,82,96,71,69,49,59,51,98,94,88,73,94,Allsvenskan
Brommapojkarna,ac8jow4mdkvnsv5s0och4qqm,b1sztx2xd79amygbbvdia24et,S. Strand,Simon Strand,33.0,Defender,Sweden,Defender,264.0,219.0,15.0,480.0,8.0,0.0,61.0,21.0,1246.0,26.0,3.0,0.0,11.0,19.0,6.0,13.0,7.0,5.0,5.0,2.0,30.0,2.0,11.0,3.0,13.0,0.0,0.0,87.11,40.54,27.27,60.0,10.53,57.01,47.06,54.17,1.4041052434114265,0.6264917036086536,6.0,15.0,0.35792543,11.0,39.0,45.0,1.0105585899999998,229.0,19.06902086677368,15.818619582664526,1.0834670947030498,34.670947030497594,0.5778491171749599,0.0,4.406099518459069,1.5168539325842696,1.87800963081862,0.2166934189406099,0.0,0.7945425361155698,1.3723916532905296,0.4333868378812199,0.9390048154093098,0.5056179775280899,0.3611556982343499,0.3611556982343499,0.1444622792937399,2.1669341894061,0.1444622792937399,0.7945425361155698,0.2166934189406099,0.9390048154093098,0.0,0.0,87.11,40.54,27.27,60.0,10.53,57.01,47.06,54.17,0.1014201219157531,0.0452522097309621,0.4333868378812199,1.0834670947030498,0.0258533617174959,0.7945425361155698,2.817014446227929,3.250401284109149,0.072993798635634,16.540930979133226,CB,55,71,48,56,31,39,77,31,98,86,41,97,95,73,98,98,73,71,92,100,67,63,79,81,51,51,52,53,73,64,36,41,20,31,92,91,98,77,77,92,67,65,61,52,15,42,9,17,5,39,47,5,97,77,41,92,89,53,97,91,55,55,85,98,53,29,58,55,51,51,52,53,73,64,36,41,20,31,79,79,91,62,68,82,48,48,35,23,Allsvenskan
Brommapojkarna,ac8jow4mdkvnsv5s0och4qqm,b9tsqyrv0xp0tt5nzwrmy9gb9,O. Berg,Oliver Berg,32.0,Midfielder,Norway,Midfielder,172.0,349.0,18.0,511.0,8.0,0.0,58.0,3.0,1325.0,21.0,10.0,5.0,25.0,26.0,21.0,5.0,7.0,22.0,23.0,3.0,5.0,11.0,72.0,9.0,10.0,0.0,0.0,86.76,64.29,17.54,40.91,42.31,43.61,36.36,50.0,2.677804089766948,2.498065702136157,6.0,38.0,1.1297101399999998,21.0,48.0,59.0,1.6519349100000005,222.0,11.68301886792453,23.70566037735849,1.2226415094339624,34.70943396226415,0.5433962264150943,0.0,3.939622641509434,0.2037735849056604,1.4264150943396228,0.679245283018868,0.339622641509434,1.69811320754717,1.7660377358490569,1.4264150943396228,0.339622641509434,0.4754716981132075,1.4943396226415095,1.5622641509433963,0.2037735849056604,0.339622641509434,0.7471698113207548,4.89056603773585,0.6113207547169812,0.679245283018868,0.0,0.0,86.76,64.29,17.54,40.91,42.31,43.61,36.36,50.0,0.1818885796822832,0.1696799344847201,0.4075471698113208,2.5811320754716984,0.0767350283773584,1.4264150943396228,3.260377358490566,4.007547169811321,0.1122068995471698,15.079245283018867,CM/AM,84,90,80,90,76,51,65,24,78,84,93,87,85,90,54,76,74,76,82,49,88,96,72,48,51,51,78,81,49,49,84,41,57,17,88,88,66,84,88,93,78,84,71,84,61,71,57,63,49,51,29,12,53,71,88,63,65,82,24,41,37,35,71,20,67,82,47,20,51,51,78,81,49,49,84,41,57,17,69,71,33,57,67,80,59,63,41,63,Allsvenskan
Brommapojkarna,ac8jow4mdkvnsv5s0och4qqm,bmkwmf5f2ssnw2cq7uga7yd5g,A. Troelsen,Andreas Troelsen,23.0,Defender,Denmark,Defender,959.0,210.0,58.0,1169.0,24.0,1.0,40.0,78.0,1620.0,3.0,0.0,0.0,3.0,12.0,8.0,4.0,3.0,4.0,4.0,3.0,10.0,4.0,14.0,4.0,5.0,0.0,0.0,89.3,39.19,0.0,100.0,33.33,52.63,47.06,50.0,1.3522488116383906,0.2261109537966729,2.0,2.0,0.04398591,1.0,47.0,60.0,1.839662840000001,680.0,53.27777777777778,11.666666666666666,3.2222222222222223,64.94444444444444,1.3333333333333333,0.0555555555555555,2.2222222222222223,4.333333333333333,0.1666666666666666,0.0,0.0,0.1666666666666666,0.6666666666666666,0.4444444444444444,0.2222222222222222,0.1666666666666666,0.2222222222222222,0.2222222222222222,0.1666666666666666,0.5555555555555556,0.2222222222222222,0.7777777777777778,0.2222222222222222,0.2777777777777778,0.0,0.0,89.3,39.19,0.0,100.0,33.33,52.63,47.06,50.0,0.0751249339799105,0.0125617196553707,0.1111111111111111,0.1111111111111111,0.0024436616666666,0.0555555555555555,2.611111111111111,3.333333333333333,0.1022034911111111,37.77777777777778,CB,100,70,98,98,77,86,52,86,33,30,41,60,90,85,91,92,65,64,97,54,89,71,89,45,51,51,68,45,30,89,67,27,20,22,88,59,82,34,36,37,73,85,92,100,98,21,80,82,31,77,6,36,9,30,41,36,67,56,80,63,38,36,87,9,70,27,61,12,51,51,68,45,30,89,67,27,20,22,62,39,70,17,20,32,45,52,59,79,Allsvenskan
Brommapojkarna,ac8jow4mdkvnsv5s0och4qqm,bpu2cfexsy3lcf7avl9im6gb8,O. Cotton,Oskar Cotton,20.0,Defender,Sweden,Defender,232.0,90.0,14.0,322.0,8.0,0.0,22.0,38.0,506.0,5.0,0.0,1.0,1.0,0.0,0.0,0.0,0.0,4.0,4.0,0.0,4.0,0.0,1.0,1.0,4.0,0.0,0.0,88.71,30.43,0.0,25.0,0.0,61.11,61.54,50.0,0.0,0.0,0.0,0.0,0.0,0.0,0.0,0.0,0.0,0.0,41.26482213438735,16.007905138339922,2.490118577075099,57.27272727272728,1.4229249011857708,0.0,3.91304347826087,6.758893280632412,0.8893280632411068,0.0,0.1778656126482213,0.1778656126482213,0.0,0.0,0.0,0.0,0.7114624505928854,0.7114624505928854,0.0,0.7114624505928854,0.0,0.1778656126482213,0.1778656126482213,0.7114624505928854,0.0,0.0,88.71,30.43,0.0,25.0,0.0,61.11,61.54,50.0,0.0,0.0,0.0,0.0,0.0,0.0,0.0,0.0,0.0,0.0,CB,50,33,42,42,31,39,34,48,48,30,89,33,8,11,28,16,65,64,28,26,18,6,44,35,51,51,62,6,30,36,18,64,57,22,8,14,27,8,8,16,5,5,5,5,82,47,56,76,39,39,38,89,67,30,98,38,8,11,28,16,76,74,28,21,18,5,53,38,51,51,62,6,30,36,18,64,57,22,8,14,27,8,8,16,5,5,5,5,Allsvenskan
Brommapojkarna,ac8jow4mdkvnsv5s0och4qqm,dxjb3lzx9qudbom1zbgyupt78,K. Barslund,Kaare Barslund,22.0,Defender,Denmark,Defender,330.0,271.0,12.0,598.0,21.0,1.0,76.0,33.0,1197.0,20.0,3.0,0.0,10.0,10.0,4.0,6.0,3.0,9.0,10.0,1.0,11.0,5.0,19.0,3.0,22.0,0.0,0.0,86.67,30.77,33.33,33.33,50.0,56.72,56.76,68.75,0.7579518474418024,0.8409899795221949,3.0,27.0,0.6140271499999997,12.0,47.0,48.0,1.5994894900000003,276.0,24.81203007518797,20.37593984962406,0.9022556390977444,44.9624060150376,1.5789473684210529,0.075187969924812,5.714285714285714,2.481203007518797,1.5037593984962403,0.225563909774436,0.0,0.7518796992481203,0.7518796992481203,0.3007518796992481,0.4511278195488721,0.225563909774436,0.6766917293233082,0.7518796992481203,0.075187969924812,0.8270676691729323,0.3759398496240601,1.4285714285714286,0.225563909774436,1.6541353383458646,0.0,0.0,86.67,30.77,33.33,33.33,50.0,56.72,56.76,68.75,0.0569888607099099,0.063232329287383,0.225563909774436,2.0300751879699246,0.046167454887218,0.9022556390977444,3.533834586466165,3.609022556390977,0.1202623676691729,20.75187969924812,CB,59,86,30,68,67,86,91,42,96,86,41,95,84,59,95,92,91,92,71,60,94,81,79,100,51,51,50,8,80,45,85,39,40,79,65,95,89,94,92,94,73,70,82,59,24,67,5,45,52,86,86,11,92,79,41,88,71,42,88,74,74,76,64,32,89,70,62,92,51,51,50,8,80,45,85,39,40,79,50,86,79,83,86,85,65,61,70,29,Allsvenskan
Brommapojkarna,ac8jow4mdkvnsv5s0och4qqm,e84iqdy5a1yx1ww7r1b9vhnv8,J. Simpson,Jordan Simpson,23.0,Defender,Sweden,Defender,571.0,150.0,29.0,721.0,12.0,2.0,25.0,73.0,1143.0,6.0,0.0,0.0,4.0,2.0,2.0,0.0,0.0,0.0,0.0,0.0,12.0,1.0,6.0,0.0,5.0,0.0,0.0,89.45,34.52,0.0,0.0,50.0,49.02,41.38,71.43,0.2837617494698004,0.3279643925031754,0.0,2.0,0.04347372,1.0,29.0,41.0,1.2137522700000012,445.0,44.96062992125984,11.811023622047244,2.283464566929134,56.77165354330709,0.9448818897637796,0.1574803149606299,1.968503937007874,5.748031496062993,0.4724409448818898,0.0,0.0,0.3149606299212598,0.1574803149606299,0.1574803149606299,0.0,0.0,0.0,0.0,0.0,0.9448818897637796,0.0787401574803149,0.4724409448818898,0.0,0.3937007874015748,0.0,0.0,89.45,34.52,0.0,0.0,50.0,49.02,41.38,71.43,0.0223434448401417,0.0258239679136358,0.0,0.1574803149606299,0.0034231275590551,0.0787401574803149,2.283464566929134,3.228346456692913,0.0955710448818898,35.03937007874016,CB,95,52,71,85,48,98,38,80,56,30,41,71,30,33,28,16,8,8,28,66,47,42,14,45,51,51,73,26,30,14,85,15,14,83,32,67,27,34,34,37,52,64,71,82,89,23,53,74,12,95,5,68,38,30,41,62,20,24,28,16,8,8,28,44,39,11,14,17,51,51,73,26,30,14,85,15,14,83,21,55,27,21,21,33,38,47,55,73,Allsvenskan
Brommapojkarna,ac8jow4mdkvnsv5s0och4qqm,emu9b7x0mtz4rp5p1fvd9wm39,R. Örqvist,Rasmus Örqvist,27.0,Midfielder,Sweden,Midfielder,148.0,103.0,7.0,248.0,11.0,0.0,47.0,20.0,720.0,10.0,3.0,1.0,4.0,1.0,1.0,0.0,0.0,13.0,13.0,0.0,8.0,0.0,7.0,5.0,14.0,0.0,0.0,80.26,33.33,27.27,38.46,0.0,54.02,73.33,66.67,0.104250146211697,0.461401180925871,0.0,11.0,0.26940655,8.0,17.0,19.0,0.8596762799999994,108.0,18.5,12.875,0.875,31.0,1.375,0.0,5.875,2.5,1.25,0.375,0.125,0.5,0.125,0.125,0.0,0.0,1.625,1.625,0.0,1.0,0.0,0.875,0.625,1.75,0.0,0.0,80.26,33.33,27.27,38.46,0.0,54.02,73.33,66.67,0.0130312682764621,0.0576751476157338,0.0,1.375,0.03367581875,1.0,2.125,2.375,0.1074595349999999,13.5,RM/RCM,87,27,47,53,80,50,53,80,53,30,60,20,10,13,10,13,47,43,23,83,13,20,47,80,53,53,67,47,63,27,13,87,100,53,13,20,10,33,33,50,57,40,27,53,93,13,47,73,93,50,80,93,53,33,60,7,7,7,10,13,33,33,23,87,13,7,27,87,53,53,67,47,63,27,13,87,100,53,7,13,10,20,13,53,60,33,33,73,Allsvenskan
Brommapojkarna,ac8jow4mdkvnsv5s0och4qqm,etz2bmorno30rw9efxkc0ufo,O. Okeke,Obilor Okeke,24.0,Midfielder,Norway,Midfielder,42.0,77.0,2.0,118.0,0.0,0.0,28.0,3.0,443.0,15.0,1.0,0.0,5.0,9.0,7.0,2.0,2.0,22.0,22.0,1.0,2.0,3.0,21.0,11.0,2.0,0.0,0.0,88.72,100.0,33.33,50.0,33.33,50.91,0.0,100.0,1.1094234003715795,0.3582571435142151,3.0,20.0,0.7493564,4.0,4.0,8.0,0.5537629100000001,40.0,8.53273137697517,15.643340857787807,0.4063205417607223,23.972911963882616,0.0,0.0,5.688487584650113,0.6094808126410834,3.0474040632054176,0.2031602708803611,0.0,1.015801354401806,1.8284424379232505,1.4221218961625282,0.4063205417607223,0.4063205417607223,4.469525959367946,4.469525959367946,0.2031602708803611,0.4063205417607223,0.6094808126410834,4.266365688487585,2.234762979683973,0.4063205417607223,0.0,0.0,88.72,100.0,33.33,50.0,33.33,50.91,0.0,100.0,0.2253907585405014,0.0727836183211723,0.6094808126410834,4.063205417607223,0.1522394492099322,0.8126410835214446,0.8126410835214446,1.6252821670428892,0.112502622799097,8.126410835214447,LM/LCM,38,38,19,25,19,50,38,44,81,44,25,38,62,69,50,50,75,75,75,38,56,62,75,12,56,56,88,100,100,56,44,88,31,100,62,38,62,50,62,25,12,38,38,25,12,25,12,12,19,50,50,38,100,50,25,38,62,75,50,50,88,75,88,25,62,75,88,25,56,56,88,100,100,56,44,88,31,100,62,38,62,88,88,25,12,25,38,12,Allsvenskan
Elfsborg,1939bnru25svvgv15k2c7tw2y,116vh3v105pa9vyw10hpvuwdm,F. Ihler,Frederik Ihler,23.0,Attacker,Denmark,Striker,37.0,35.0,1.0,69.0,10.0,0.0,29.0,4.0,547.0,3.0,3.0,1.0,7.0,16.0,13.0,3.0,6.0,8.0,8.0,2.0,1.0,6.0,29.0,3.0,9.0,0.0,0.0,72.63,50.0,50.0,37.5,37.5,51.79,52.63,69.23,1.67185176136035,0.4678253961005696,5.0,5.0,0.15648433,2.0,4.0,6.0,0.19725546,17.0,6.087751371115174,5.758683729433272,0.1645338208409506,11.352833638025595,1.6453382084095065,0.0,4.7714808043875685,0.6581352833638026,0.4936014625228519,0.4936014625228519,0.1645338208409506,1.1517367458866543,2.6325411334552102,2.1389396709323583,0.4936014625228519,0.9872029250457038,1.3162705667276051,1.3162705667276051,0.3290676416819013,0.1645338208409506,0.9872029250457038,4.7714808043875685,0.4936014625228519,1.480804387568556,0.0,0.0,72.63,50.0,50.0,37.5,37.5,51.79,52.63,69.23,0.2750761581762916,0.0769730999068579,0.8226691042047533,0.8226691042047533,0.0257469647166362,0.3290676416819013,0.6581352833638026,0.9872029250457038,0.0324551945155393,2.797074954296161,ST,54,41,36,46,59,50,41,44,21,87,63,51,56,58,60,71,41,40,62,36,55,54,36,82,51,51,54,59,91,41,56,90,92,59,49,54,56,40,36,38,37,46,41,37,79,18,36,41,56,50,51,46,5,87,74,69,62,59,54,82,36,33,62,33,64,56,31,92,51,51,54,59,91,41,56,90,92,59,46,59,67,33,38,33,31,46,36,15,Allsvenskan
Elfsborg,1939bnru25svvgv15k2c7tw2y,1vr7p76nx255ikv7w00s6gnsa,T. Silverholt,Taylor Silverholt,25.0,Attacker,Sweden,Striker,15.0,25.0,2.0,39.0,17.0,0.0,41.0,6.0,645.0,16.0,1.0,1.0,3.0,13.0,10.0,3.0,1.0,10.0,10.0,1.0,1.0,3.0,20.0,4.0,3.0,0.0,0.0,69.64,100.0,25.0,40.0,23.08,41.84,35.42,75.0,1.7157936734397097,0.1985402285304678,6.0,4.0,0.1162069299999999,3.0,0.0,3.0,0.1675289599999999,14.0,2.093023255813953,3.488372093023256,0.2790697674418604,5.441860465116279,2.3720930232558137,0.0,5.720930232558139,0.8372093023255813,2.232558139534884,0.1395348837209302,0.1395348837209302,0.4186046511627906,1.813953488372093,1.3953488372093024,0.4186046511627906,0.1395348837209302,1.3953488372093024,1.3953488372093024,0.1395348837209302,0.1395348837209302,0.4186046511627906,2.7906976744186047,0.5581395348837209,0.4186046511627906,0.0,0.0,69.64,100.0,25.0,40.0,23.08,41.84,35.42,75.0,0.2394130707125176,0.0277032877019257,0.8372093023255813,0.5581395348837209,0.0162149204651162,0.4186046511627906,0.0,0.4186046511627906,0.0233761339534883,1.9534883720930232,ST,32,31,51,28,79,50,64,55,74,69,63,26,44,45,60,19,50,50,46,36,36,38,45,40,51,51,38,95,78,47,21,54,49,67,51,26,63,32,33,51,8,27,33,27,8,5,59,5,79,50,77,67,85,77,64,13,26,33,44,8,44,38,41,28,13,15,41,38,51,51,38,95,78,47,21,54,49,67,36,18,69,21,26,49,8,18,18,10,Allsvenskan
Elfsborg,1939bnru25svvgv15k2c7tw2y,25ytwmg2c5xcqp5ta12oznm22,A. Sigurpálsson,Ari Sigurpálsson,23.0,Attacker,Iceland,Striker,27.0,88.0,1.0,115.0,3.0,0.0,22.0,6.0,534.0,6.0,0.0,0.0,6.0,14.0,10.0,4.0,3.0,12.0,13.0,3.0,3.0,7.0,23.0,5.0,4.0,0.0,0.0,80.42,33.33,0.0,41.67,50.0,44.9,33.33,50.0,1.2472133418465643,0.6096976610763667,7.0,23.0,0.7637642799999997,8.0,8.0,12.0,0.5694124700000001,37.0,4.550561797752809,14.831460674157302,0.1685393258426966,19.382022471910112,0.5056179775280899,0.0,3.7078651685393256,1.0112359550561798,1.0112359550561798,0.0,0.0,1.0112359550561798,2.359550561797753,1.6853932584269662,0.6741573033707865,0.5056179775280899,2.02247191011236,2.191011235955056,0.5056179775280899,0.5056179775280899,1.1797752808988764,3.8764044943820224,0.8426966292134831,0.6741573033707865,0.0,0.0,80.42,33.33,0.0,41.67,50.0,44.9,33.33,50.0,0.2102044958168366,0.1027580327656797,1.1797752808988764,3.8764044943820224,0.1287243168539325,1.348314606741573,1.348314606741573,2.02247191011236,0.0959683938202247,6.235955056179775,LW,29,33,33,33,58,54,33,54,38,21,17,38,42,42,46,33,33,33,79,42,46,42,33,29,54,54,58,46,21,42,96,50,54,21,42,42,46,42,42,54,33,42,42,33,42,17,33,25,67,54,33,67,33,21,17,17,42,42,42,8,25,50,67,42,75,25,42,25,54,54,58,46,21,42,96,50,54,21,33,25,58,67,75,67,25,17,25,33,Allsvenskan
Elfsborg,1939bnru25svvgv15k2c7tw2y,2d1dh619cfgvel4bv7tpfxjo5,N. Hult,Niklas Hult,36.0,Defender,Sweden,Defender,259.0,290.0,20.0,541.0,6.0,0.0,65.0,45.0,1461.0,17.0,8.0,1.0,19.0,10.0,7.0,3.0,1.0,15.0,17.0,1.0,17.0,4.0,35.0,6.0,19.0,0.0,0.0,86.01,40.82,22.22,40.0,40.0,50.39,31.58,52.78,0.8959226152144415,2.000565551616181,3.0,42.0,1.1179255799999996,33.0,32.0,56.0,2.4421642200000018,238.0,15.95482546201232,17.86447638603696,1.2320328542094454,33.3264887063655,0.3696098562628336,0.0,4.004106776180698,2.7720739219712525,1.0472279260780286,0.4928131416837782,0.0616016427104722,1.1704312114989732,0.6160164271047227,0.4312114989733059,0.1848049281314168,0.0616016427104722,0.924024640657084,1.0472279260780286,0.0616016427104722,1.0472279260780286,0.2464065708418891,2.1560574948665296,0.3696098562628336,1.1704312114989732,0.0,0.0,86.01,40.82,22.22,40.0,40.0,50.39,31.58,52.78,0.0551903048386719,0.1232381243295388,0.1848049281314168,2.587268993839836,0.0688660521560574,2.0328542094455853,1.9712525667351128,3.449691991786448,0.1504413277207393,14.661190965092402,LB/LCB,84,88,66,88,28,42,80,74,92,62,64,92,80,86,52,22,78,80,80,86,94,92,68,84,50,50,92,72,52,36,92,28,8,12,80,96,66,96,92,96,48,80,88,80,32,40,24,28,8,42,32,40,72,44,56,60,48,64,44,12,48,48,76,36,80,84,40,44,50,50,92,72,52,36,92,28,8,12,60,64,48,84,80,88,20,44,56,24,Allsvenskan
Elfsborg,1939bnru25svvgv15k2c7tw2y,3qwc0wzcchmdc3h3069ax0rv8,O. Nordvall,Ossian Nordvall,19.0,Midfielder,Sweden,Midfielder,24.0,15.0,3.0,39.0,3.0,0.0,6.0,2.0,91.0,0.0,0.0,0.0,0.0,0.0,0.0,0.0,0.0,0.0,0.0,0.0,4.0,0.0,1.0,0.0,0.0,0.0,0.0,88.64,60.0,0.0,0.0,0.0,60.0,0.0,0.0,0.0,0.0,0.0,0.0,0.0,0.0,0.0,0.0,0.0,0.0,23.736263736263737,14.835164835164836,2.967032967032967,38.57142857142857,2.967032967032967,0.0,5.934065934065934,1.978021978021978,0.0,0.0,0.0,0.0,0.0,0.0,0.0,0.0,0.0,0.0,0.0,3.956043956043956,0.0,0.989010989010989,0.0,0.0,0.0,0.0,88.64,60.0,0.0,0.0,0.0,60.0,0.0,0.0,0.0,0.0,0.0,0.0,0.0,0.0,0.0,0.0,0.0,0.0,DM/CM,6,2,8,5,34,46,4,5,5,19,28,6,5,9,9,10,5,5,31,22,14,11,9,2,50,51,82,85,19,9,14,90,9,2,5,6,10,4,4,4,2,2,2,2,65,12,75,40,100,46,82,70,5,19,28,6,5,9,9,10,5,5,31,100,14,40,9,2,50,51,82,85,19,9,14,90,9,2,5,6,10,4,4,4,2,2,2,2,Allsvenskan
Elfsborg,1939bnru25svvgv15k2c7tw2y,5l4q2q8nszqp6k8exo9eyqnrp,S. Hedlund,Simon Hedlund,33.0,Midfielder,Sweden,Midfielder,79.0,127.0,4.0,203.0,3.0,0.0,35.0,8.0,867.0,8.0,3.0,1.0,6.0,11.0,5.0,6.0,4.0,12.0,13.0,0.0,8.0,1.0,22.0,3.0,13.0,0.0,0.0,76.89,26.67,21.43,25.0,9.09,46.05,33.33,61.9,0.9430041196394504,0.6491479456954592,4.0,16.0,0.41585494,8.0,14.0,18.0,1.05162606,72.0,8.200692041522492,13.183391003460208,0.4152249134948097,21.072664359861594,0.3114186851211072,0.0,3.633217993079585,0.8304498269896194,0.8304498269896194,0.3114186851211072,0.1038062283737024,0.6228373702422145,1.1418685121107266,0.5190311418685122,0.6228373702422145,0.4152249134948097,1.245674740484429,1.3494809688581315,0.0,0.8304498269896194,0.1038062283737024,2.283737024221453,0.3114186851211072,1.3494809688581315,0.0,0.0,76.89,26.67,21.43,25.0,9.09,46.05,33.33,61.9,0.097889701000635,0.0673855998991826,0.4152249134948097,1.6608996539792389,0.0431683328719723,0.8304498269896194,1.453287197231834,1.868512110726644,0.1091653349480969,7.474048442906574,RM/RCM,47,40,40,33,40,50,33,53,43,30,60,37,43,40,73,60,40,43,23,83,37,47,13,60,53,53,27,20,33,13,33,40,33,47,40,40,43,47,47,50,40,33,53,27,40,20,27,13,27,50,13,47,27,27,53,20,27,33,60,60,20,20,23,80,27,47,13,60,53,53,27,20,33,13,33,40,33,47,27,27,47,40,27,33,20,13,40,13,Allsvenskan
Elfsborg,1939bnru25svvgv15k2c7tw2y,60fbyywnjiz6l8n7gmi2mjld5,S. Olsson,Simon Olsson,28.0,Midfielder,Sweden,Midfielder,245.0,373.0,35.0,615.0,3.0,0.0,71.0,12.0,1538.0,18.0,3.0,2.0,20.0,14.0,6.0,8.0,5.0,39.0,41.0,1.0,22.0,5.0,18.0,23.0,12.0,0.0,0.0,82.66,58.33,30.0,58.97,35.71,54.62,0.0,42.86,1.214712119134173,1.9058117749715824,8.0,53.0,1.2731581599999993,23.0,97.0,105.0,3.1376737200000004,392.0,14.336801040312094,21.82704811443433,2.0481144343303,35.98829648894669,0.1755526657997399,0.0,4.154746423927178,0.7022106631989598,1.0533159947984396,0.1755526657997399,0.1170351105331599,1.1703511053315996,0.8192457737321196,0.3511053315994799,0.4681404421326398,0.2925877763328999,2.282184655396619,2.399219765929779,0.0585175552665799,1.2873862158647595,0.2925877763328999,1.0533159947984396,1.3459037711313395,0.7022106631989598,0.0,0.0,82.66,58.33,30.0,58.97,35.71,54.62,0.0,42.86,0.0710819835644184,0.1115234458695984,0.4681404421326398,3.101430429128739,0.0745021029908972,1.3459037711313395,5.6762028608582575,6.144343302990897,0.1836089953185956,22.938881664499352,DM/CM,55,82,80,68,34,46,72,44,71,69,80,82,78,74,76,75,100,100,72,80,79,79,100,50,50,51,22,82,65,82,75,55,9,12,80,95,88,100,100,98,90,92,95,85,12,45,45,20,12,46,35,5,48,55,70,72,45,55,42,50,95,92,62,55,62,48,98,10,50,51,22,82,65,82,75,55,9,12,50,85,65,88,92,88,72,78,82,57,Allsvenskan
Elfsborg,1939bnru25svvgv15k2c7tw2y,6legryh9z8lvc4bq4s456m09h,S. Holmén,Sebastian Holmén,34.0,Defender,Sweden,Defender,338.0,163.0,25.0,501.0,18.0,0.0,48.0,44.0,1052.0,11.0,0.0,0.0,1.0,13.0,10.0,3.0,5.0,3.0,3.0,0.0,15.0,4.0,20.0,2.0,14.0,0.0,0.0,88.83,54.35,0.0,66.67,30.77,62.34,78.26,77.78,1.3984605923064617,0.0,5.0,10.0,0.19391056,5.0,33.0,47.0,0.8971307900000011,306.0,28.916349809885933,13.944866920152093,2.1387832699619773,42.86121673003802,1.5399239543726235,0.0,4.106463878326997,3.76425855513308,0.94106463878327,0.0,0.0,0.0855513307984791,1.1121673003802282,0.855513307984791,0.2566539923954373,0.4277566539923955,0.2566539923954373,0.2566539923954373,0.0,1.2832699619771863,0.3422053231939164,1.711026615969582,0.1711026615969582,1.1977186311787074,0.0,0.0,88.83,54.35,0.0,66.67,30.77,62.34,78.26,77.78,0.1196401647410471,0.0,0.4277566539923955,0.855513307984791,0.0165893064638783,0.4277566539923955,2.82319391634981,4.020912547528518,0.0767507329847909,26.1787072243346,RB/RCB,80,50,70,70,90,40,60,85,70,10,28,20,95,98,65,98,18,18,38,65,92,70,32,70,50,52,95,85,10,80,50,90,100,80,95,12,100,50,45,45,50,55,45,75,100,30,70,85,85,40,40,80,65,10,28,20,90,100,45,90,10,10,38,70,70,65,20,60,50,52,95,85,10,80,50,90,100,80,90,12,85,40,35,20,45,55,20,80,Allsvenskan
Elfsborg,1939bnru25svvgv15k2c7tw2y,9n2nm6smh0txgv2482qbwhixg,J. Beck,Julius Beck,21.0,Midfielder,Denmark,Midfielder,190.0,344.0,17.0,523.0,14.0,0.0,74.0,11.0,999.0,23.0,11.0,2.0,25.0,11.0,9.0,2.0,6.0,19.0,21.0,0.0,11.0,3.0,29.0,8.0,17.0,0.0,0.0,88.05,58.62,35.48,42.11,27.27,48.37,58.33,58.62,1.4014230857755932,2.395116240352481,2.0,22.0,0.6228079899999998,14.0,61.0,72.0,1.78529001,250.0,17.117117117117118,30.99099099099099,1.5315315315315317,47.11711711711712,1.2612612612612613,0.0,6.666666666666667,0.990990990990991,2.072072072072072,0.990990990990991,0.1801801801801802,2.2522522522522523,0.990990990990991,0.8108108108108109,0.1801801801801802,0.5405405405405406,1.7117117117117118,1.891891891891892,0.0,0.990990990990991,0.2702702702702703,2.612612612612613,0.7207207207207208,1.5315315315315317,0.0,0.0,88.05,58.62,35.48,42.11,27.27,48.37,58.33,58.62,0.1262543320518552,0.2157762378695928,0.1801801801801802,1.981981981981982,0.0561088279279279,1.2612612612612613,5.495495495495495,6.486486486486487,0.1608369378378378,22.52252252252252,CM/AM,92,86,76,92,94,51,94,77,87,86,74,87,44,68,24,67,68,70,24,78,40,63,68,90,51,51,88,69,88,51,37,69,90,43,65,86,32,54,59,76,96,86,76,90,86,88,71,90,88,51,82,53,80,82,61,82,14,43,10,47,49,55,24,63,27,35,53,65,51,51,88,69,88,51,37,69,90,43,31,82,18,39,43,69,88,94,65,84,Allsvenskan
Elfsborg,1939bnru25svvgv15k2c7tw2y,a7rlfpq55g6arlic50mgaw3ys,M. Kamara,Momoh Kamara,21.0,Midfielder,Sierra Leone,Midfielder,53.0,200.0,10.0,237.0,4.0,0.0,58.0,3.0,823.0,17.0,16.0,3.0,22.0,31.0,18.0,13.0,6.0,45.0,50.0,3.0,7.0,11.0,51.0,18.0,13.0,0.0,0.0,77.7,45.45,45.71,40.0,35.48,46.4,44.44,68.42,3.0090345844148048,2.1033688588980137,14.0,34.0,0.9866964499999996,11.0,28.0,38.0,1.7725556200000003,130.0,5.795868772782503,21.87120291616039,1.0935601458080195,25.917375455650063,0.4374240583232078,0.0,6.342648845686513,0.3280680437424058,1.859052247873633,1.7496962332928312,0.3280680437424058,2.405832320777643,3.3900364520048605,1.968408262454435,1.4216281895504252,0.6561360874848117,4.921020656136088,5.467800729040097,0.3280680437424058,0.7654921020656137,1.2029161603888214,5.5771567436209,1.968408262454435,1.4216281895504252,0.0,0.0,77.7,45.45,45.71,40.0,35.48,46.4,44.44,68.42,0.3290560298874027,0.2300160356024559,1.5309842041312274,3.718104495747266,0.1079011913730254,1.2029161603888214,3.0619684082624548,4.155528554070474,0.1938396182260024,14.216281895504254,RM/RCM,33,77,60,47,53,50,77,17,80,100,90,87,93,87,100,83,100,100,87,70,93,93,93,60,53,53,33,80,100,37,80,53,67,70,100,93,93,80,80,67,77,80,87,87,13,73,67,40,33,50,93,7,93,100,93,100,100,100,93,80,93,93,87,73,93,100,93,73,53,53,33,80,100,37,80,53,67,70,100,100,100,80,87,67,80,80,87,80,Allsvenskan
Elfsborg,1939bnru25svvgv15k2c7tw2y,agwvouyocx93y39g7tmwaojx1,A. Zeneli,Arbër Zeneli,31.0,Midfielder,Kosovo,Midfielder,93.0,239.0,15.0,327.0,0.0,0.0,53.0,3.0,860.0,18.0,5.0,2.0,19.0,22.0,13.0,9.0,6.0,45.0,48.0,4.0,4.0,6.0,54.0,27.0,3.0,0.0,0.0,86.28,75.0,18.52,60.0,27.27,49.07,0.0,37.5,2.2988878249051856,1.783963226556429,14.0,38.0,1.1757007999999998,7.0,17.0,39.0,1.9925333500000009,124.0,9.732558139534884,25.011627906976745,1.5697674418604652,34.22093023255814,0.0,0.0,5.546511627906977,0.313953488372093,1.8837209302325584,0.5232558139534884,0.2093023255813953,1.988372093023256,2.302325581395349,1.3604651162790695,0.9418604651162792,0.627906976744186,4.709302325581396,5.023255813953488,0.4186046511627907,0.4186046511627907,0.627906976744186,5.651162790697675,2.8255813953488373,0.313953488372093,0.0,0.0,86.28,75.0,18.52,60.0,27.27,49.07,0.0,37.5,0.2405812840017054,0.1866938260349751,1.4651162790697674,3.976744186046512,0.1230384558139534,0.7325581395348837,1.7790697674418603,4.0813953488372094,0.2085209319767443,12.976744186046512,LM/LCM,50,62,88,62,19,50,75,44,100,88,81,100,88,88,75,81,100,100,100,50,88,100,100,31,56,56,62,81,88,75,25,38,31,12,88,88,88,100,100,50,62,75,75,62,25,62,75,50,19,50,38,25,75,88,88,88,75,62,75,75,100,100,100,38,75,88,100,12,56,56,62,81,88,75,25,38,31,12,88,88,88,75,75,12,38,62,88,25,Allsvenskan
Elfsborg,1939bnru25svvgv15k2c7tw2y,amgtzrnw9lmo9o506a0mhzip6,R. Wikström,Rasmus Wikström,25.0,Defender,Sweden,Defender,355.0,132.0,27.0,486.0,25.0,1.0,58.0,78.0,1089.0,14.0,1.0,0.0,4.0,7.0,7.0,0.0,1.0,3.0,3.0,0.0,20.0,2.0,10.0,2.0,11.0,0.0,0.0,85.26,32.53,12.5,66.67,28.57,62.37,56.82,64.71,0.8246362608144606,0.266099639284984,1.0,0.0,0.0,4.0,30.0,36.0,0.7642513800000003,240.0,29.338842975206614,10.90909090909091,2.231404958677686,40.16528925619835,2.066115702479339,0.0826446280991735,4.793388429752066,6.446280991735537,1.15702479338843,0.0826446280991735,0.0,0.3305785123966942,0.578512396694215,0.578512396694215,0.0,0.0826446280991735,0.2479338842975206,0.2479338842975206,0.0,1.6528925619834711,0.1652892561983471,0.8264462809917356,0.1652892561983471,0.9090909090909092,0.0,0.0,85.26,32.53,12.5,66.67,28.57,62.37,56.82,64.71,0.0681517570921041,0.0219917057260317,0.0826446280991735,0.0,0.0,0.3305785123966942,2.479338842975207,2.975206611570248,0.0631612710743801,19.83471074380165,CB,68,48,64,58,79,86,74,86,89,68,41,71,69,79,28,48,55,55,28,87,67,59,65,68,51,51,41,15,61,70,57,73,42,56,70,64,64,8,8,64,53,57,45,56,41,14,50,33,70,91,56,86,77,65,41,65,56,77,28,45,45,45,28,85,59,35,48,52,51,51,41,15,61,70,57,73,42,56,56,50,65,8,8,48,42,44,26,27,Allsvenskan
Elfsborg,1939bnru25svvgv15k2c7tw2y,d83agzjsghnwbm4mq9b3x8dbe,A. Jensen,Alexander Jensen,25.0,Midfielder,Denmark,Midfielder,97.0,104.0,0.0,197.0,2.0,0.0,19.0,11.0,387.0,7.0,4.0,0.0,7.0,1.0,1.0,0.0,0.0,7.0,7.0,0.0,5.0,1.0,9.0,4.0,3.0,0.0,0.0,89.55,0.0,26.67,57.14,100.0,59.38,33.33,50.0,0.073340078264262,0.7611722711572858,1.0,5.0,0.19980927,2.0,16.0,15.0,0.6790516500000001,93.0,22.55813953488372,24.186046511627907,0.0,45.81395348837209,0.4651162790697674,0.0,4.418604651162791,2.558139534883721,1.627906976744186,0.9302325581395348,0.0,1.627906976744186,0.2325581395348837,0.2325581395348837,0.0,0.0,1.627906976744186,1.627906976744186,0.0,1.162790697674419,0.2325581395348837,2.0930232558139537,0.9302325581395348,0.6976744186046512,0.0,0.0,89.55,0.0,26.67,57.14,100.0,59.38,33.33,50.0,0.0170558321544795,0.1770168072458804,0.2325581395348837,1.162790697674419,0.0464672720930232,0.4651162790697674,3.72093023255814,3.488372093023256,0.157918988372093,21.627906976744185,RM/RCM,60,33,10,27,27,50,27,60,33,47,23,47,10,13,10,13,23,23,23,47,37,30,27,23,53,53,100,10,53,87,100,100,33,27,7,53,23,17,27,17,47,27,20,40,100,93,10,100,47,50,40,100,87,80,23,67,13,13,10,13,40,40,23,93,47,33,60,20,53,53,100,10,53,87,100,100,33,27,13,80,27,7,40,7,93,73,73,100,Allsvenskan
Elfsborg,1939bnru25svvgv15k2c7tw2y,dczigjj5jklu5214hs3rw1mvo,R. Mohammed,Rufai Mohammed,20.0,Defender,Ghana,Defender,174.0,99.0,23.0,270.0,9.0,1.0,25.0,36.0,624.0,0.0,3.0,1.0,3.0,8.0,5.0,3.0,0.0,9.0,10.0,0.0,17.0,3.0,10.0,3.0,10.0,0.0,0.0,80.84,51.11,33.33,33.33,37.5,45.45,52.94,76.92,0.8778411696115854,0.1983402872646561,3.0,2.0,0.0361540699999999,3.0,21.0,28.0,0.6829398699999998,164.0,25.096153846153847,14.278846153846152,3.317307692307692,38.94230769230769,1.2980769230769231,0.1442307692307692,3.605769230769231,5.1923076923076925,0.0,0.4326923076923076,0.1442307692307692,0.4326923076923076,1.1538461538461535,0.7211538461538461,0.4326923076923076,0.0,1.2980769230769231,1.4423076923076923,0.0,2.4519230769230766,0.4326923076923076,1.4423076923076923,0.4326923076923076,1.4423076923076923,0.0,0.0,80.84,51.11,33.33,33.33,37.5,45.45,52.94,76.92,0.1266117071555171,0.028606772201633,0.4326923076923076,0.2884615384615384,0.005214529326923,0.4326923076923076,3.0288461538461537,4.038461538461538,0.0985009427884615,23.65384615384616,RB/RCB,48,40,62,40,42,90,35,70,8,50,65,35,72,80,65,12,60,62,38,72,82,45,45,42,50,52,50,80,70,20,65,15,55,75,85,25,75,28,25,38,40,45,40,40,80,35,90,55,60,100,25,100,8,50,80,45,95,95,75,12,50,55,38,100,75,50,45,80,50,52,50,80,70,20,65,15,55,75,95,35,90,15,15,25,55,60,35,70,Allsvenskan
Elfsborg,1939bnru25svvgv15k2c7tw2y,dp4bh2qpsagd632sfe3qq4hqt,J. Magnússon,Júlíus Magnússon,28.0,Midfielder,Iceland,Midfielder,307.0,355.0,43.0,647.0,35.0,0.0,75.0,67.0,1519.0,5.0,15.0,3.0,10.0,19.0,9.0,10.0,4.0,3.0,3.0,3.0,35.0,8.0,17.0,1.0,18.0,1.0,0.0,82.32,50.59,46.88,33.33,42.11,61.48,71.43,52.94,1.685063433724572,1.0378224528135525,6.0,16.0,0.33405416,12.0,60.0,63.0,1.7659365199999992,320.0,18.18959842001317,21.033574720210662,2.547728768926926,38.33443054641212,2.0737327188940093,0.0,4.443712969058591,3.969716919025675,0.2962475312705728,0.8887425938117183,0.1777485187623436,0.5924950625411456,1.1257406188281764,0.533245556287031,0.5924950625411456,0.2369980250164582,0.1777485187623436,0.1777485187623436,0.1777485187623436,2.0737327188940093,0.4739960500329164,1.0072416063199474,0.0592495062541145,1.066491112574062,0.0592495062541145,0.0,82.32,50.59,46.88,33.33,42.11,61.48,71.43,52.94,0.0998391764550437,0.061490467908637,0.3554970375246873,0.9479921000658328,0.0197925440421329,0.7109940750493746,3.554970375246873,3.732718894009217,0.1046308668861092,18.95984200131666,DM/CM,70,74,86,75,100,46,75,100,39,96,95,59,92,96,84,62,25,21,99,98,96,72,24,64,100,51,20,52,88,28,85,95,98,40,90,70,71,50,42,69,60,62,68,64,32,35,57,35,98,46,55,98,18,88,88,22,75,82,65,45,10,10,90,88,90,42,18,35,100,51,20,52,88,28,85,95,98,40,72,42,48,25,15,48,32,32,38,25,Allsvenskan
Elfsborg,1939bnru25svvgv15k2c7tw2y,eqfhoh81e8uj2as95ev3yfnx1,T. Isherwood,Thomas Isherwood,28.0,Defender,Sweden,Defender,593.0,296.0,58.0,889.0,31.0,2.0,66.0,87.0,1612.0,6.0,0.0,1.0,4.0,6.0,2.0,4.0,3.0,6.0,7.0,0.0,15.0,1.0,18.0,3.0,16.0,0.0,0.0,84.19,37.66,0.0,50.0,16.67,63.46,60.78,61.54,0.5947452825444287,0.2810299267338143,3.0,9.0,0.18615887,5.0,77.0,85.0,1.566203479999999,504.0,33.107940446650126,16.52605459057072,3.238213399503722,49.63399503722084,1.7307692307692308,0.1116625310173697,3.684863523573201,4.857320099255583,0.3349875930521092,0.0,0.0558312655086848,0.2233250620347394,0.3349875930521092,0.1116625310173697,0.2233250620347394,0.1674937965260546,0.3349875930521092,0.390818858560794,0.0,0.8374689826302729,0.0558312655086848,1.0049627791563276,0.1674937965260546,0.8933002481389578,0.0,0.0,84.19,37.66,0.0,50.0,16.67,63.46,60.78,61.54,0.0332053817797758,0.0156902564553618,0.1674937965260546,0.5024813895781638,0.0103934852977667,0.2791563275434243,4.299007444168734,4.745657568238213,0.0874431223325061,28.13895781637717,LB/LCB,100,92,100,100,98,98,84,100,36,10,64,24,44,38,68,76,24,32,36,72,46,60,38,70,50,50,76,60,10,68,46,88,80,28,68,20,66,32,28,34,92,92,60,100,96,24,84,88,96,92,20,88,8,10,52,12,24,24,52,36,8,12,36,24,40,20,16,24,50,50,76,60,10,68,46,88,80,28,36,12,40,12,12,12,76,80,20,100,Allsvenskan
Elfsborg,1939bnru25svvgv15k2c7tw2y,eyn7izezzer5izneismz7dm8l,P. Frick,Per Frick,34.0,Attacker,Sweden,Striker,7.0,16.0,0.0,23.0,5.0,0.0,8.0,1.0,153.0,2.0,0.0,0.0,2.0,2.0,1.0,1.0,1.0,1.0,1.0,0.0,0.0,1.0,8.0,0.0,0.0,0.0,0.0,60.53,0.0,0.0,0.0,50.0,30.77,45.45,0.0,0.218730122015054,0.1862374949921273,1.0,0.0,0.0,0.0,4.0,4.0,0.08838679,14.0,4.11764705882353,9.411764705882351,0.0,13.529411764705882,2.9411764705882355,0.0,4.705882352941177,0.5882352941176471,1.1764705882352942,0.0,0.0,1.1764705882352942,1.1764705882352942,0.5882352941176471,0.5882352941176471,0.5882352941176471,0.5882352941176471,0.5882352941176471,0.0,0.0,0.5882352941176471,4.705882352941177,0.0,0.0,0.0,0.0,60.53,0.0,0.0,0.0,50.0,30.77,45.45,0.0,0.1286647776559141,0.1095514676424278,0.5882352941176471,0.0,0.0,0.0,2.3529411764705883,2.3529411764705883,0.0519922294117647,8.23529411764706,ST,10,17,14,13,37,50,9,15,13,31,26,15,6,5,26,19,8,6,18,12,14,10,4,8,51,51,18,14,31,4,85,10,79,8,5,23,18,5,5,6,37,35,21,27,46,62,14,54,87,50,46,33,41,31,26,72,10,5,67,56,10,8,18,12,28,51,4,8,51,51,18,14,31,4,85,10,79,8,15,79,49,5,5,6,90,85,59,85,Allsvenskan
Elfsborg,1939bnru25svvgv15k2c7tw2y,wv67qz43iwolqireq2ttfx1w,L. Östman,Leo Östman,20.0,Attacker,Sweden,Striker,38.0,81.0,2.0,119.0,22.0,0.0,56.0,3.0,882.0,12.0,0.0,0.0,4.0,19.0,18.0,1.0,4.0,17.0,19.0,5.0,1.0,9.0,54.0,8.0,11.0,0.0,0.0,70.0,50.0,0.0,47.06,47.37,45.53,41.51,78.57,3.000049784686559,0.253620336072889,4.0,4.0,0.10799513,4.0,11.0,14.0,0.37757254,43.0,3.877551020408163,8.26530612244898,0.2040816326530612,12.142857142857142,2.2448979591836733,0.0,5.7142857142857135,0.3061224489795918,1.2244897959183672,0.0,0.0,0.4081632653061224,1.9387755102040816,1.8367346938775508,0.1020408163265306,0.4081632653061224,1.7346938775510203,1.9387755102040816,0.5102040816326531,0.1020408163265306,0.9183673469387754,5.5102040816326525,0.8163265306122448,1.1224489795918366,0.0,0.0,70.0,50.0,0.0,47.06,47.37,45.53,41.51,78.57,0.3061275290496488,0.0258796261298866,0.4081632653061224,0.4081632653061224,0.0110199112244897,0.4081632653061224,1.1224489795918366,1.4285714285714284,0.0385278102040816,4.387755102040816,ST,58,59,51,59,86,50,79,35,62,31,26,36,63,71,26,55,68,67,81,36,68,72,73,88,51,51,44,59,31,55,74,74,72,72,72,33,54,32,31,60,69,74,56,56,36,46,41,46,77,50,74,15,44,31,26,10,33,49,26,36,62,62,79,26,51,79,62,87,51,51,44,59,31,55,74,74,72,72,56,15,36,13,13,46,64,62,51,56,Allsvenskan
IFK Göteborg,evf5hhqgnjhwjsth1m6pawxdp,1dy0207jxgg8gvuygsd95wdn8,D. Kruse,David Kruse,24.0,Midfielder,Denmark,Midfielder,322.0,395.0,25.0,717.0,13.0,0.0,80.0,19.0,1481.0,23.0,0.0,1.0,23.0,18.0,10.0,8.0,5.0,20.0,23.0,2.0,25.0,8.0,33.0,8.0,18.0,0.0,0.0,89.51,43.1,0.0,40.0,44.44,49.69,40.62,50.0,1.5611366884061098,1.460693090234941,7.0,47.0,0.9862693499999996,14.0,67.0,53.0,1.94456398,333.0,19.567859554355167,24.00405131667792,1.5192437542201216,43.57191087103308,0.7900067521944631,0.0,4.861580013504389,1.1546252532072925,1.3977042538825115,0.0,0.0607697501688048,1.3977042538825115,1.0938555030384876,0.6076975016880486,0.4861580013504389,0.3038487508440243,1.2153950033760972,1.3977042538825115,0.1215395003376097,1.5192437542201216,0.4861580013504389,2.0054017555705603,0.4861580013504389,1.0938555030384876,0.0,0.0,89.51,43.1,0.0,40.0,44.44,49.69,40.62,50.0,0.0948698865337946,0.0887659541668769,0.425388251181634,2.8561782579338284,0.0599353419986495,0.8507765023632681,4.071573261309926,3.220796758946657,0.1181706672518568,20.23632680621202,DM/CM,72,85,54,85,81,46,82,62,81,19,61,86,88,100,76,75,85,86,90,84,96,100,75,64,50,51,92,20,19,40,89,40,42,28,88,78,81,90,88,78,68,55,70,72,40,65,30,50,62,46,65,28,68,19,60,85,70,90,50,55,70,75,82,70,92,90,62,40,50,51,92,20,19,40,89,40,42,28,68,68,62,70,70,57,38,20,50,38,Allsvenskan
IFK Göteborg,evf5hhqgnjhwjsth1m6pawxdp,1vla5l510mtb859zevvplneju,F. Eriksson,Felix Eriksson,22.0,Defender,Sweden,Defender,191.0,221.0,35.0,408.0,8.0,0.0,64.0,37.0,1238.0,20.0,4.0,1.0,9.0,15.0,9.0,6.0,2.0,11.0,11.0,1.0,11.0,2.0,23.0,3.0,20.0,0.0,0.0,77.13,35.71,12.9,27.27,13.33,52.03,34.78,60.61,1.0535264296195144,0.8415532640311518,5.0,27.0,0.6944054499999998,14.0,45.0,55.0,1.6492929500000024,183.0,13.88529886914378,16.06623586429725,2.5444264943457187,29.66074313408724,0.5815831987075929,0.0,4.652665589660743,2.689822294022617,1.4539579967689822,0.2907915993537964,0.0726978998384491,0.654281098546042,1.0904684975767367,0.654281098546042,0.4361873990306946,0.1453957996768982,0.7996768982229402,0.7996768982229402,0.0726978998384491,0.7996768982229402,0.1453957996768982,1.6720516962843297,0.2180936995153473,1.4539579967689822,0.0,0.0,77.13,35.71,12.9,27.27,13.33,52.03,34.78,60.61,0.0765891588576383,0.0611791548972565,0.3634894991922455,1.9628432956381257,0.0504818178513731,1.0177705977382876,3.2714054927302096,3.998384491114701,0.1199001336833604,13.303715670436189,CB,45,74,79,52,31,39,81,47,96,95,89,94,94,90,95,77,94,94,71,60,67,92,79,98,51,51,5,30,64,41,41,21,8,49,83,97,95,94,97,95,70,81,83,47,8,48,59,5,6,39,52,12,91,85,85,85,83,79,86,61,79,79,62,27,55,76,59,85,51,51,5,30,64,41,41,21,8,49,65,85,85,80,89,88,59,67,68,21,Allsvenskan
IFK Göteborg,evf5hhqgnjhwjsth1m6pawxdp,2qbjyogtelebwdxfvfjgbqe39,S. Larsson,Sam Larsson,33.0,Midfielder,Sweden,Midfielder,29.0,103.0,3.0,126.0,1.0,0.0,14.0,1.0,396.0,3.0,6.0,1.0,14.0,12.0,8.0,4.0,4.0,14.0,14.0,4.0,4.0,5.0,16.0,5.0,4.0,0.0,0.0,76.36,37.5,30.0,35.71,41.67,29.17,20.0,80.0,0.7926663828709244,1.360786227883967,2.0,17.0,0.50523954,6.0,13.0,15.0,0.68446637,74.0,6.59090909090909,23.409090909090907,0.6818181818181818,28.63636363636364,0.2272727272727272,0.0,3.1818181818181817,0.2272727272727272,0.6818181818181818,1.3636363636363635,0.2272727272727272,3.1818181818181817,2.727272727272727,1.818181818181818,0.9090909090909092,0.9090909090909092,3.1818181818181817,3.1818181818181817,0.9090909090909092,0.9090909090909092,1.1363636363636362,3.636363636363636,1.1363636363636362,0.9090909090909092,0.0,0.0,76.36,37.5,30.0,35.71,41.67,29.17,20.0,80.0,0.1801514506524828,0.3092695972463561,0.4545454545454545,3.8636363636363633,0.1148271681818181,1.3636363636363635,2.954545454545454,3.4090909090909087,0.1555605386363636,16.818181818181817,CM/AM,18,37,26,35,17,51,17,8,18,77,54,61,52,61,41,50,55,53,89,41,66,34,48,19,51,51,27,24,74,36,81,8,33,83,35,73,32,48,47,38,35,40,33,42,22,67,37,55,29,51,14,14,14,90,76,96,86,92,67,86,82,80,100,53,92,55,73,35,51,51,27,24,74,36,81,8,33,83,63,96,39,88,92,73,53,51,63,65,Allsvenskan
IFK Göteborg,evf5hhqgnjhwjsth1m6pawxdp,2sbzil09dkqdz742kov8nee50,O. Månsson,Oliver Månsson,17.0,Attacker,Sweden,Striker,70.0,130.0,4.0,200.0,7.0,0.0,32.0,7.0,484.0,5.0,0.0,0.0,8.0,3.0,1.0,2.0,1.0,1.0,1.0,0.0,7.0,0.0,8.0,1.0,18.0,0.0,0.0,83.68,33.33,0.0,100.0,0.0,60.38,58.33,94.74,0.24021198839937,0.3992425326115199,1.0,14.0,0.32435609,8.0,25.0,24.0,0.47726088,103.0,13.016528925619834,24.17355371900826,0.743801652892562,37.1900826446281,1.3016528925619837,0.0,5.950413223140496,1.3016528925619837,0.9297520661157024,0.0,0.0,1.487603305785124,0.5578512396694214,0.1859504132231405,0.371900826446281,0.1859504132231405,0.1859504132231405,0.1859504132231405,0.0,1.3016528925619837,0.0,1.487603305785124,0.1859504132231405,3.3471074380165287,0.0,0.0,83.68,33.33,0.0,100.0,0.0,60.38,58.33,94.74,0.044667518504015,0.0742393139153652,0.1859504132231405,2.603305785123967,0.0603141489669421,1.487603305785124,4.648760330578512,4.462809917355371,0.0887468578512396,19.15289256198347,ST,81,78,72,79,51,50,44,60,33,31,26,59,10,5,44,19,8,6,18,82,5,10,14,100,51,51,90,42,31,97,5,100,97,90,8,46,18,74,56,86,95,88,64,87,95,95,77,97,49,50,79,82,33,31,26,77,3,3,41,13,5,3,18,97,5,3,10,100,51,51,90,42,31,97,5,100,97,90,3,54,18,90,74,97,97,95,85,97,Allsvenskan
IFK Göteborg,evf5hhqgnjhwjsth1m6pawxdp,3tbz518udos9vb9bqypn9il7t,A. Erlingmark,August Erlingmark,28.0,Defender,Sweden,Defender,504.0,360.0,29.0,862.0,50.0,2.0,89.0,73.0,1530.0,8.0,2.0,0.0,6.0,24.0,23.0,1.0,2.0,5.0,5.0,1.0,26.0,5.0,35.0,3.0,16.0,0.0,0.0,87.87,40.28,33.33,60.0,20.83,60.14,60.98,55.17,3.0384200748991423,0.2036381634886876,1.0,22.0,0.44321052,7.0,74.0,82.0,1.6525419499999991,620.0,29.647058823529413,21.176470588235293,1.7058823529411764,50.70588235294117,2.9411764705882355,0.1176470588235294,5.235294117647059,4.294117647058823,0.4705882352941176,0.1176470588235294,0.0,0.3529411764705882,1.411764705882353,1.3529411764705883,0.0588235294117647,0.1176470588235294,0.2941176470588235,0.2941176470588235,0.0588235294117647,1.5294117647058822,0.2941176470588235,2.0588235294117645,0.1764705882352941,0.9411764705882352,0.0,0.0,87.87,40.28,33.33,60.0,20.83,60.14,60.98,55.17,0.178730592641126,0.0119787154993345,0.0588235294117647,1.2941176470588236,0.0260712070588235,0.4117647058823529,4.352941176470588,4.823529411764706,0.0972083499999999,36.47058823529412,CB,85,97,71,92,95,98,97,80,70,79,41,87,98,98,69,77,73,71,71,98,94,98,79,89,51,51,58,50,80,64,48,59,55,36,98,55,64,89,85,80,94,95,85,97,42,71,26,62,85,94,71,32,36,68,41,67,91,94,57,51,49,48,56,76,80,89,52,56,51,51,58,50,80,64,48,59,55,36,94,38,53,71,70,62,74,79,56,76,Allsvenskan
IFK Göteborg,evf5hhqgnjhwjsth1m6pawxdp,5yi8jw1v804s5yefrm20zgxk9,A. Wiberg,Adam Wiberg,29.0,Attacker,Sweden,Striker,81.0,233.0,16.0,302.0,14.0,0.0,48.0,11.0,1459.0,10.0,12.0,3.0,28.0,32.0,22.0,10.0,9.0,19.0,20.0,1.0,10.0,9.0,76.0,4.0,16.0,0.0,0.0,78.04,50.0,33.33,21.05,28.12,33.8,27.45,80.0,3.026586285711105,2.5296536372988525,12.0,38.0,1.3927808499999996,18.0,16.0,37.0,2.9043259700000004,98.0,4.996572995202193,14.37285812200137,0.9869773817683344,18.62919808087732,0.8636052090472927,0.0,2.960932145305004,0.67854694996573,0.616860863605209,0.7402330363262508,0.1850582590815627,1.7272104180945853,1.9739547635366688,1.35709389993146,0.616860863605209,0.5551747772446881,1.172035640849897,1.233721727210418,0.0616860863605209,0.616860863605209,0.5551747772446881,4.688142563399588,0.2467443454420836,0.9869773817683344,0.0,0.0,78.04,50.0,33.33,21.05,28.12,33.8,27.45,80.0,0.1866982629979434,0.1560444327326228,0.7402330363262508,2.344071281699794,0.0859151997943796,1.1103495544893762,0.9869773817683344,2.2823851953392733,0.1791565026045236,6.045236463331048,ST,87,97,95,97,72,50,72,85,51,96,95,95,74,74,88,85,72,72,46,92,68,95,45,95,51,51,72,59,85,13,28,15,33,78,74,95,90,97,100,100,81,95,97,85,54,85,87,82,38,50,13,54,10,95,82,85,36,31,72,51,31,31,36,69,23,49,13,72,51,51,72,59,85,13,28,15,33,78,26,90,56,87,92,90,54,82,95,67,Allsvenskan
IFK Göteborg,evf5hhqgnjhwjsth1m6pawxdp,6wygyy5z5i0okllr83e9ej8ph,F. Ottosson,Filip Ottosson,29.0,Midfielder,Sweden,Midfielder,154.0,227.0,23.0,380.0,3.0,0.0,25.0,20.0,761.0,1.0,1.0,0.0,8.0,7.0,3.0,4.0,5.0,6.0,6.0,1.0,10.0,2.0,17.0,4.0,11.0,0.0,0.0,82.25,38.98,6.67,66.67,28.57,43.1,42.86,64.71,0.5779128649358548,0.5861414121950095,4.0,16.0,0.37574547,6.0,59.0,62.0,1.4612745299999994,210.0,18.21287779237845,26.84625492772668,2.7201051248357424,44.94086727989488,0.354796320630749,0.0,2.9566360052562417,2.365308804204993,0.1182654402102496,0.1182654402102496,0.0,0.9461235216819972,0.8278580814717477,0.354796320630749,0.4730617608409986,0.5913272010512484,0.709592641261498,0.709592641261498,0.1182654402102496,1.1826544021024967,0.2365308804204993,2.0105124835742445,0.4730617608409986,1.3009198423127464,0.0,0.0,82.25,38.98,6.67,66.67,28.57,43.1,42.86,64.71,0.0683471193748054,0.0693202721387002,0.4730617608409986,1.8922470433639944,0.0444377034165571,0.709592641261498,6.97766097240473,7.332457293035479,0.1728182755584756,24.83574244415243,DM/CM,38,45,50,38,34,46,38,65,12,49,28,50,48,57,42,75,38,38,72,50,56,72,46,44,50,51,18,15,38,95,64,15,54,60,48,50,52,50,45,41,57,60,52,40,35,70,65,55,28,46,10,85,10,48,28,60,48,57,48,92,38,30,80,52,55,92,57,52,50,51,18,15,38,95,64,15,54,60,45,57,68,52,45,45,80,90,78,68,Allsvenskan
IFK Göteborg,evf5hhqgnjhwjsth1m6pawxdp,7hi9yit8aifyojt7i0kg69as5,J. Bager,Jonas Bager,30.0,Defender,Denmark,Defender,142.0,102.0,14.0,244.0,10.0,0.0,19.0,42.0,622.0,5.0,0.0,0.0,1.0,2.0,1.0,1.0,1.0,1.0,1.0,0.0,14.0,0.0,4.0,1.0,1.0,0.0,0.0,80.0,29.17,0.0,100.0,0.0,35.85,40.0,33.33,0.1898680401221697,0.0,1.0,5.0,0.10016389,0.0,9.0,17.0,0.3467884099999998,146.0,20.546623794212216,14.758842443729902,2.02572347266881,35.30546623794212,1.4469453376205788,0.0,2.7491961414790995,6.077170418006431,0.7234726688102894,0.0,0.0,0.1446945337620578,0.2893890675241157,0.1446945337620578,0.1446945337620578,0.1446945337620578,0.1446945337620578,0.1446945337620578,0.0,2.02572347266881,0.0,0.5787781350482315,0.1446945337620578,0.1446945337620578,0.0,0.0,80.0,29.17,0.0,100.0,0.0,35.85,40.0,33.33,0.027472867541793,0.0,0.1446945337620578,0.7234726688102894,0.014493167363344,0.0,1.3022508038585208,2.459807073954984,0.0501783872990353,21.12540192926045,CB,31,39,42,33,42,39,29,53,48,30,41,33,30,23,69,48,27,26,28,72,18,23,44,8,51,51,14,5,30,89,18,2,11,9,24,14,64,50,47,16,27,36,33,39,18,36,41,21,42,39,12,79,56,30,41,30,32,21,77,59,26,24,28,94,18,17,45,8,51,51,14,5,30,89,18,2,11,9,26,14,77,53,52,16,18,33,17,30,Allsvenskan
IFK Göteborg,evf5hhqgnjhwjsth1m6pawxdp,80s55a7uw8kypoikefwhtdm5m,M. Fenger,Max Fenger,25.0,Attacker,Denmark,Striker,36.0,32.0,1.0,68.0,11.0,0.0,39.0,4.0,460.0,15.0,0.0,1.0,9.0,12.0,12.0,0.0,1.0,10.0,10.0,0.0,0.0,4.0,27.0,5.0,6.0,0.0,0.0,83.95,50.0,0.0,50.0,33.33,53.42,39.29,75.0,1.5218734779760927,0.4991723650310461,1.0,4.0,0.15824142,1.0,4.0,1.0,0.24456602,21.0,7.043478260869565,6.260869565217392,0.1956521739130435,13.304347826086955,2.1521739130434785,0.0,7.630434782608696,0.782608695652174,2.9347826086956523,0.0,0.1956521739130435,1.7608695652173914,2.347826086956522,2.347826086956522,0.0,0.1956521739130435,1.956521739130435,1.956521739130435,0.0,0.0,0.782608695652174,5.282608695652175,0.9782608695652176,1.173913043478261,0.0,0.0,83.95,50.0,0.0,50.0,33.33,53.42,39.29,75.0,0.2977578543866269,0.0976641583756394,0.1956521739130435,0.782608695652174,0.0309602778260869,0.1956521739130435,0.782608695652174,0.1956521739130435,0.0478498734782608,4.108695652173913,ST,51,38,36,44,62,50,60,44,68,31,63,68,37,54,9,19,50,50,18,12,44,47,53,71,51,51,92,59,31,60,41,95,67,67,44,56,18,32,38,21,37,13,46,44,90,28,38,51,74,50,95,62,100,31,87,87,51,69,9,15,64,64,18,12,41,74,74,90,51,51,92,59,31,60,41,95,67,67,54,74,21,31,51,18,36,10,56,49,Allsvenskan
IFK Göteborg,evf5hhqgnjhwjsth1m6pawxdp,8s2p8s6huogpkao0lce8m5n8,N. Tolf,Noah Tolf,21.0,Defender,Sweden,Defender,93.0,189.0,29.0,274.0,8.0,1.0,48.0,23.0,660.0,11.0,8.0,1.0,15.0,8.0,3.0,5.0,3.0,12.0,13.0,0.0,12.0,2.0,15.0,7.0,16.0,0.0,0.0,79.42,42.03,28.57,58.33,25.0,64.0,57.14,72.73,0.4798860722998398,0.9832306405786564,5.0,13.0,0.36072232,8.0,41.0,50.0,1.7645655900000012,138.0,12.681818181818182,25.77272727272728,3.954545454545455,37.36363636363637,1.090909090909091,0.1363636363636363,6.545454545454546,3.1363636363636367,1.5,1.090909090909091,0.1363636363636363,2.0454545454545454,1.090909090909091,0.4090909090909091,0.6818181818181819,0.4090909090909091,1.6363636363636365,1.7727272727272727,0.0,1.6363636363636365,0.2727272727272727,2.0454545454545454,0.9545454545454546,2.181818181818182,0.0,0.0,79.42,42.03,28.57,58.33,25.0,64.0,57.14,72.73,0.065439009859069,0.1340769055334531,0.6818181818181819,1.7727272727272727,0.0491894072727272,1.090909090909091,5.590909090909091,6.818181818181818,0.2406225804545456,18.81818181818182,LB/LCB,20,52,78,40,54,88,60,40,60,62,64,80,66,50,84,76,64,62,36,56,66,50,80,70,50,50,28,80,94,88,72,96,56,84,52,68,88,50,48,44,64,66,68,44,16,88,100,44,48,96,100,52,88,80,72,100,84,60,88,80,88,88,36,76,88,68,96,96,50,50,28,80,94,88,72,96,56,84,76,72,100,56,60,64,92,96,96,64,Allsvenskan
IFK Göteborg,evf5hhqgnjhwjsth1m6pawxdp,94i0qwhb3xu4pu37gofme9mnd,K. Þórðarson,Kolbeinn Thórdarson,26.0,Midfielder,Iceland,Midfielder,56.0,110.0,8.0,165.0,11.0,0.0,43.0,11.0,587.0,13.0,1.0,0.0,4.0,16.0,11.0,5.0,7.0,9.0,10.0,0.0,2.0,3.0,30.0,4.0,12.0,0.0,0.0,75.69,33.33,16.67,44.44,18.75,47.25,52.38,80.0,1.4724034730429445,0.2062949445613101,5.0,7.0,0.1754773,8.0,24.0,28.0,0.6492757499999999,75.0,8.58603066439523,16.86541737649063,1.2265758091993186,25.298126064735943,1.686541737649063,0.0,6.592844974446337,1.686541737649063,1.993185689948893,0.1533219761499148,0.0,0.6132879045996593,2.4531516183986373,1.686541737649063,0.7666098807495741,1.0732538330494037,1.3798977853492334,1.5332197614991483,0.0,0.3066439522998296,0.4599659284497445,4.599659284497445,0.6132879045996593,1.839863713798978,0.0,0.0,75.69,33.33,16.67,44.44,18.75,47.25,52.38,80.0,0.2257518101769421,0.0316295485698771,0.7666098807495741,1.0732538330494037,0.0269045264054514,1.2265758091993186,3.679727427597956,4.293015332197615,0.099548241056218,11.499148211243613,CM/AM,39,46,58,39,86,51,50,77,52,34,20,17,65,77,54,76,33,36,24,20,40,65,37,60,51,51,24,13,43,61,27,57,88,83,67,8,54,18,20,44,53,56,31,45,41,41,59,41,98,51,78,84,73,37,20,8,82,90,61,94,33,33,24,18,49,78,49,78,51,51,24,13,43,61,27,57,88,83,82,4,69,10,10,63,65,65,35,43,Allsvenskan
IFK Göteborg,evf5hhqgnjhwjsth1m6pawxdp,9x566mdkajzk1isw2sm40t5gp,A. Jallow,Alexander Jallow,28.0,Defender,Sweden,Defender,153.0,183.0,13.0,329.0,15.0,0.0,54.0,41.0,950.0,17.0,7.0,0.0,8.0,7.0,5.0,2.0,2.0,6.0,7.0,0.0,17.0,1.0,18.0,3.0,11.0,0.0,0.0,81.84,31.71,21.21,50.0,14.29,59.34,55.56,57.89,0.5135999820376967,0.6826621885390182,1.0,20.0,0.47112678,6.0,31.0,36.0,1.3132472700000004,138.0,14.494736842105263,17.33684210526316,1.231578947368421,31.16842105263158,1.4210526315789471,0.0,5.11578947368421,3.8842105263157896,1.6105263157894738,0.6631578947368422,0.0,0.7578947368421053,0.6631578947368422,0.4736842105263158,0.1894736842105263,0.1894736842105263,0.5684210526315789,0.6631578947368422,0.0,1.6105263157894738,0.0947368421052631,1.7052631578947368,0.2842105263157894,1.0421052631578946,0.0,0.0,81.84,31.71,21.21,50.0,14.29,59.34,55.56,57.89,0.0486568404035712,0.0646732599668543,0.0947368421052631,1.8947368421052635,0.044633063368421,0.5684210526315789,2.936842105263158,3.4105263157894736,0.1244128992631579,13.073684210526316,CB,35,59,36,45,53,39,71,52,91,100,41,92,69,67,85,77,80,82,28,79,47,78,79,68,51,51,20,11,71,58,43,56,33,42,56,94,64,83,86,74,55,57,76,35,11,56,17,11,38,39,68,24,94,97,41,89,65,59,79,70,68,73,28,83,42,77,70,67,51,51,20,11,71,58,43,56,33,42,44,88,68,79,85,73,52,53,76,20,Allsvenskan
IFK Göteborg,evf5hhqgnjhwjsth1m6pawxdp,artfyfgwwhlhvfvttogbtiy38,T. Coimbra,Tiago Coimbra,22.0,Attacker,Canada,Striker,5.0,12.0,0.0,16.0,3.0,0.0,9.0,1.0,147.0,4.0,1.0,0.0,3.0,4.0,4.0,0.0,1.0,1.0,1.0,0.0,1.0,2.0,8.0,1.0,0.0,0.0,0.0,57.14,0.0,100.0,100.0,50.0,52.94,60.0,0.0,0.5163444875905161,0.256740300097394,0.0,1.0,0.02385149,0.0,2.0,2.0,0.0463685799999999,7.0,3.061224489795918,7.346938775510204,0.0,9.79591836734694,1.836734693877551,0.0,5.510204081632653,0.6122448979591837,2.4489795918367347,0.6122448979591837,0.0,1.836734693877551,2.4489795918367347,2.4489795918367347,0.0,0.6122448979591837,0.6122448979591837,0.6122448979591837,0.0,0.6122448979591837,1.2244897959183674,4.8979591836734695,0.6122448979591837,0.0,0.0,0.0,57.14,0.0,100.0,100.0,50.0,52.94,60.0,0.0,0.3161292781166425,0.1571879388351392,0.0,0.6122448979591837,0.0146029530612244,0.0,1.2244897959183674,1.2244897959183674,0.0283889265306121,4.285714285714286,ST,8,6,14,6,19,50,14,15,28,69,26,26,13,19,9,19,8,6,18,36,26,10,14,8,51,51,13,14,97,97,85,92,100,8,18,36,5,13,13,6,24,21,18,13,23,38,14,23,59,50,69,36,90,90,26,92,56,74,9,59,13,10,18,67,77,64,46,8,51,51,13,14,97,97,85,92,100,8,62,92,5,23,21,6,67,56,31,54,Allsvenskan
IFK Göteborg,evf5hhqgnjhwjsth1m6pawxdp,as7qhgi67gngq0nb3zmwg8jro,S. Clemmensen,Sebastian Clemmensen,22.0,Attacker,Denmark,Striker,43.0,144.0,8.0,184.0,2.0,0.0,47.0,8.0,897.0,25.0,3.0,3.0,15.0,35.0,15.0,20.0,14.0,19.0,20.0,3.0,3.0,8.0,55.0,6.0,12.0,0.0,0.0,81.42,66.67,18.75,31.58,22.86,47.47,16.67,85.71,2.6601828783121886,1.5843598281886655,14.0,31.0,1.0099984899999996,9.0,9.0,19.0,1.3142532500000002,64.0,4.31438127090301,14.448160535117056,0.802675585284281,18.46153846153846,0.2006688963210702,0.0,4.715719063545151,0.802675585284281,2.508361204013378,0.3010033444816054,0.3010033444816054,1.5050167224080266,3.511705685618729,1.5050167224080266,2.0066889632107023,1.4046822742474916,1.9063545150501675,2.0066889632107023,0.3010033444816054,0.3010033444816054,0.802675585284281,5.518394648829432,0.6020066889632107,1.2040133779264215,0.0,0.0,81.42,66.67,18.75,31.58,22.86,47.47,16.67,85.71,0.2669079811015574,0.1589658690490299,1.4046822742474916,3.1103678929765888,0.1013376411371237,0.903010033444816,0.903010033444816,1.9063545150501675,0.1318648745819398,6.421404682274248,RW,80,87,93,87,50,53,87,87,100,67,100,90,93,73,93,93,73,73,80,67,80,87,67,93,53,53,67,77,53,40,27,73,33,93,80,93,93,93,93,80,80,80,73,80,47,60,73,53,27,53,60,80,87,47,80,67,60,27,87,67,47,47,67,33,47,60,33,67,53,53,67,77,53,40,27,73,33,93,47,67,67,80,80,60,67,80,53,60,Allsvenskan
IFK Göteborg,evf5hhqgnjhwjsth1m6pawxdp,b4bzaam658g6wf3knwxlghas5,R. Lundqvist,Ramon Lundqvist,29.0,Midfielder,Sweden,Midfielder,9.0,17.0,1.0,25.0,2.0,0.0,3.0,2.0,161.0,0.0,1.0,0.0,1.0,6.0,4.0,2.0,1.0,1.0,1.0,0.0,2.0,0.0,8.0,0.0,0.0,0.0,0.0,64.1,50.0,16.67,0.0,0.0,21.43,25.0,0.0,0.4823411973643374,0.1468192932393932,2.0,1.0,0.0199707,2.0,4.0,7.0,0.14525193,12.0,5.0310559006211175,9.50310559006211,0.5590062111801242,13.975155279503104,1.1180124223602483,0.0,1.6770186335403725,1.1180124223602483,0.0,0.5590062111801242,0.0,0.5590062111801242,3.354037267080745,2.2360248447204967,1.1180124223602483,0.5590062111801242,0.5590062111801242,0.5590062111801242,0.0,1.1180124223602483,0.0,4.472049689440993,0.0,0.0,0.0,0.0,64.1,50.0,16.67,0.0,0.0,21.43,25.0,0.0,0.2696317252347227,0.0820728968418968,1.1180124223602483,0.5590062111801242,0.0111637453416149,1.1180124223602483,2.2360248447204967,3.913043478260869,0.0811967310559006,6.70807453416149,CM/AM,2,4,8,2,35,51,2,15,4,34,20,5,23,31,24,15,3,3,24,20,7,19,4,2,51,51,2,50,43,4,7,2,42,2,22,6,32,5,5,13,11,14,4,3,10,6,31,2,80,51,2,63,4,67,20,6,94,98,80,57,6,6,24,76,7,73,4,2,51,51,2,50,43,4,7,2,42,2,94,24,84,4,4,55,31,59,22,12,Allsvenskan
IFK Göteborg,evf5hhqgnjhwjsth1m6pawxdp,d9ta7wtarys9urr5lzoxqv3d,T. Heintz,Tobias Heintz,28.0,Attacker,Norway,Striker,94.0,430.0,40.0,464.0,5.0,0.0,68.0,8.0,1430.0,23.0,60.0,2.0,57.0,58.0,34.0,24.0,16.0,52.0,55.0,6.0,17.0,21.0,75.0,20.0,16.0,0.0,0.0,74.12,44.44,33.71,38.46,36.21,42.24,35.71,80.0,4.425272985750459,5.642970494753843,26.0,42.0,1.0453855799999996,13.0,78.0,92.0,3.392445569999996,267.0,5.916083916083916,27.062937062937063,2.517482517482517,29.202797202797203,0.3146853146853147,0.0,4.27972027972028,0.5034965034965034,1.4475524475524475,3.776223776223776,0.1258741258741258,3.5874125874125875,3.6503496503496495,2.13986013986014,1.5104895104895104,1.0069930069930069,3.2727272727272725,3.461538461538461,0.3776223776223776,1.06993006993007,1.3216783216783217,4.72027972027972,1.2587412587412588,1.0069930069930069,0.0,0.0,74.12,44.44,33.71,38.46,36.21,42.24,35.71,80.0,0.278513684417861,0.3551519891803118,1.6363636363636362,2.643356643356644,0.065793498041958,0.8181818181818181,4.909090909090909,5.79020979020979,0.2135105603496501,16.804195804195803,ST,95,100,100,100,37,50,95,67,92,100,83,100,100,87,100,100,100,100,85,97,95,92,99,95,51,51,64,51,87,44,49,59,54,78,82,100,100,100,95,97,100,100,100,100,74,100,100,95,8,50,36,31,56,100,62,100,92,62,95,92,90,87,64,90,90,54,82,74,51,51,64,51,87,44,49,59,54,78,49,100,97,92,79,82,100,100,100,95,Allsvenskan
IFK Göteborg,evf5hhqgnjhwjsth1m6pawxdp,dnyndiiuuwxittgjyagyq5zh1,H. Hermannsson,Hjörtur Hermannsson,31.0,Defender,Iceland,Defender,132.0,91.0,15.0,222.0,3.0,0.0,10.0,15.0,305.0,2.0,1.0,0.0,2.0,1.0,1.0,0.0,1.0,0.0,0.0,0.0,3.0,0.0,2.0,0.0,4.0,0.0,0.0,89.16,50.0,100.0,0.0,0.0,41.67,30.0,80.0,0.0997782720990823,0.1353311861683379,0.0,7.0,0.14447635,2.0,33.0,40.0,0.8140219400000003,164.0,38.950819672131146,26.852459016393443,4.426229508196721,65.50819672131148,0.8852459016393442,0.0,2.950819672131148,4.426229508196721,0.5901639344262295,0.2950819672131147,0.0,0.5901639344262295,0.2950819672131147,0.2950819672131147,0.0,0.2950819672131147,0.0,0.0,0.0,0.8852459016393442,0.0,0.5901639344262295,0.0,1.180327868852459,0.0,0.0,89.16,50.0,100.0,0.0,0.0,41.67,30.0,80.0,0.0294427688161226,0.0399337926398374,0.0,2.065573770491804,0.0426323655737704,0.5901639344262295,9.737704918032788,11.80327868852459,0.2402031954098361,48.39344262295082,CB,27,35,48,29,10,39,14,22,23,68,41,50,19,23,28,48,8,8,28,19,18,14,14,35,51,51,65,73,97,14,18,6,5,92,20,44,27,58,59,48,58,61,48,44,77,92,94,86,9,39,18,39,47,86,41,83,33,41,28,83,8,8,28,38,18,20,14,74,51,51,65,73,97,14,18,6,5,92,27,77,27,85,82,74,100,100,100,97,Allsvenskan
IFK Göteborg,evf5hhqgnjhwjsth1m6pawxdp,doaozy32pdd4uze3cw28n1hjo,A. Borén,Alfons Borén,19.0,Attacker,Sweden,Striker,0.0,8.0,0.0,8.0,0.0,0.0,5.0,1.0,140.0,3.0,0.0,0.0,0.0,8.0,5.0,3.0,4.0,5.0,6.0,1.0,0.0,2.0,10.0,2.0,0.0,0.0,0.0,42.11,0.0,0.0,40.0,25.0,33.33,0.0,0.0,0.5559258516548914,0.0,7.0,1.0,0.02401521,1.0,0.0,0.0,0.0167619,2.0,0.0,5.142857142857142,0.0,5.142857142857142,0.0,0.0,3.2142857142857144,0.6428571428571428,1.9285714285714288,0.0,0.0,0.0,5.142857142857142,3.2142857142857144,1.9285714285714288,2.571428571428571,3.2142857142857144,3.857142857142857,0.6428571428571428,0.0,1.2857142857142856,6.428571428571429,1.2857142857142856,0.0,0.0,0.0,42.11,0.0,0.0,40.0,25.0,33.33,0.0,0.0,0.3573809046352873,0.0,4.5,0.6428571428571428,0.0154383492857142,0.6428571428571428,0.0,0.0,0.0107755071428571,1.2857142857142856,ST,3,3,14,3,3,50,3,15,21,31,26,5,31,27,60,55,24,29,46,12,26,19,27,8,51,51,3,14,31,47,23,13,6,8,21,6,74,13,15,21,8,5,5,3,3,15,14,3,3,50,15,44,69,31,26,5,97,92,100,100,87,95,90,12,85,85,85,8,51,51,3,14,31,47,23,13,6,8,72,6,100,28,23,67,8,5,10,8,Allsvenskan
IFK Göteborg,evf5hhqgnjhwjsth1m6pawxdp,e457dpvb3s2dna0yivjrmhudw,I. Seidu,Issaka Seidu,20.0,Defender,Ghana,Defender,36.0,36.0,1.0,72.0,0.0,0.0,11.0,3.0,167.0,3.0,0.0,0.0,3.0,1.0,1.0,0.0,1.0,9.0,9.0,0.0,0.0,0.0,7.0,5.0,3.0,0.0,0.0,83.72,33.33,0.0,55.56,0.0,45.83,0.0,100.0,0.0832683208333949,0.1921570001940422,1.0,6.0,0.1384521199999999,4.0,6.0,5.0,0.27829336,28.0,19.40119760479042,19.40119760479042,0.5389221556886228,38.80239520958084,0.0,0.0,5.92814371257485,1.616766467065868,1.616766467065868,0.0,0.0,1.616766467065868,0.5389221556886228,0.5389221556886228,0.0,0.5389221556886228,4.850299401197605,4.850299401197605,0.0,0.0,0.0,3.772455089820359,2.694610778443113,1.616766467065868,0.0,0.0,83.72,33.33,0.0,55.56,0.0,45.83,0.0,100.0,0.044875142964105,0.1035576647752323,0.5389221556886228,3.2335329341317363,0.0746149149700598,2.155688622754491,3.2335329341317363,2.694610778443113,0.1499784574850299,15.089820359281436,LB/LCB,4,4,4,4,4,42,8,4,18,10,26,16,16,28,12,22,56,50,36,4,20,22,56,14,50,50,72,40,10,80,20,20,4,98,16,12,32,20,20,18,8,8,12,8,52,56,4,48,4,42,92,4,96,10,26,84,40,72,12,96,100,100,36,4,20,100,100,80,50,50,72,40,10,80,20,20,4,98,48,56,92,92,88,92,52,32,52,44,Allsvenskan
Sirius,4jg5vd59i24chckyua90dr1lg,10lj2qekb1e4c8ful68b1pazt,T. Anker,Tobias Anker,25.0,Defender,Denmark,Defender,544.0,200.0,26.0,744.0,44.0,0.0,73.0,90.0,1340.0,7.0,0.0,1.0,4.0,7.0,6.0,1.0,1.0,3.0,3.0,2.0,11.0,3.0,20.0,2.0,13.0,0.0,0.0,89.21,35.62,0.0,66.67,42.86,72.28,81.48,65.0,1.0465187256190227,0.5375460139264915,2.0,4.0,0.31704547,3.0,36.0,35.0,0.98010335,453.0,36.53731343283582,13.43283582089552,1.7462686567164178,49.97014925373134,2.955223880597015,0.0,4.902985074626866,6.044776119402985,0.4701492537313432,0.0,0.0671641791044776,0.2686567164179104,0.4701492537313432,0.4029850746268656,0.0671641791044776,0.0671641791044776,0.2014925373134328,0.2014925373134328,0.1343283582089552,0.7388059701492538,0.2014925373134328,1.343283582089552,0.1343283582089552,0.8731343283582089,0.0,0.0,89.21,35.62,0.0,66.67,42.86,72.28,81.48,65.0,0.0702885711236657,0.0361038367562568,0.1343283582089552,0.2686567164179104,0.0212940987313432,0.2014925373134328,2.417910447761194,2.3507462686567164,0.0658278369402985,30.42537313432836,CB,91,68,62,86,92,39,87,95,61,30,89,71,69,73,69,48,55,55,92,60,82,83,65,81,51,51,67,27,30,70,79,98,97,58,82,83,82,45,76,56,63,54,58,85,70,32,27,58,86,39,60,77,35,30,83,52,45,50,61,36,35,33,77,24,67,68,42,50,51,51,67,27,30,70,79,98,97,58,59,71,76,27,61,41,41,29,27,58,Allsvenskan
Sirius,4jg5vd59i24chckyua90dr1lg,14ypgy7ikxp4yubgkr3yhh90p,O. Krusnell,Oscar Krusnell,27.0,Defender,Sweden,Defender,361.0,534.0,36.0,876.0,7.0,0.0,73.0,36.0,1493.0,16.0,19.0,3.0,33.0,4.0,2.0,2.0,3.0,29.0,30.0,0.0,23.0,0.0,26.0,13.0,26.0,0.0,0.0,81.79,41.38,18.81,44.83,0.0,51.77,41.18,70.27,0.4770741069425722,3.472428415857263,3.0,68.0,1.698003939999999,42.0,87.0,112.0,4.029231970000002,403.0,21.761553918285333,32.19022103148024,2.1701272605492297,52.80643000669792,0.4219691895512391,0.0,4.400535833891494,2.1701272605492297,0.9645010046885466,1.145344943067649,0.1808439383791024,1.989283322170128,0.2411252511721366,0.1205626255860683,0.1205626255860683,0.1808439383791024,1.7481580709979907,1.8084393837910249,0.0,1.3864701942397857,0.0,1.5673141326188882,0.7836570663094441,1.5673141326188882,0.0,0.0,81.79,41.38,18.81,44.83,0.0,51.77,41.18,70.27,0.0287586534660626,0.2093225434877118,0.1808439383791024,4.099129269926323,0.1023579066309443,2.5318151373074347,5.244474212993972,6.751507032819826,0.2428873926992633,24.29336905559277,LB/LCB,92,100,88,96,42,42,88,60,88,100,94,100,30,38,38,76,100,100,36,96,20,84,100,94,50,50,48,76,40,52,20,44,16,64,48,100,66,100,100,100,100,100,96,92,60,96,52,92,12,42,64,24,52,84,88,96,20,28,28,44,92,92,36,68,20,52,88,72,50,50,48,76,40,52,20,44,16,64,24,100,44,100,100,96,88,92,100,84,Allsvenskan
Sirius,4jg5vd59i24chckyua90dr1lg,1pvc501wrf76ytudhdktp1d78,N. Jönsson,Neo Jönsson,19.0,Attacker,Sweden,Striker,19.0,58.0,1.0,71.0,3.0,0.0,29.0,5.0,599.0,9.0,6.0,2.0,10.0,25.0,16.0,9.0,11.0,23.0,28.0,2.0,0.0,7.0,43.0,9.0,7.0,0.0,0.0,71.0,14.29,28.57,39.13,28.0,43.28,50.0,77.78,2.397729863737563,1.1248417450520862,13.0,14.0,0.51206939,4.0,2.0,8.0,1.1103837800000005,21.0,2.8547579298831383,8.714524207011685,0.1502504173622704,10.6677796327212,0.4507512520868113,0.0,4.3572621035058425,0.7512520868113522,1.352253756260434,0.9015025041736228,0.3005008347245408,1.5025041736227045,3.756260434056761,2.404006677796327,1.352253756260434,1.6527545909849748,3.4557595993322203,4.207011686143573,0.3005008347245408,0.0,1.0517529215358932,6.460767946577629,1.352253756260434,1.0517529215358932,0.0,0.0,71.0,14.29,28.57,39.13,28.0,43.28,50.0,77.78,0.3602599127485486,0.1690079416605805,1.953255425709516,2.1035058430717863,0.0769386395659432,0.6010016694490817,0.3005008347245408,1.2020033388981637,0.1668356263772955,3.15525876460768,RW,53,53,33,53,70,53,70,73,73,77,87,67,80,80,87,83,80,87,70,13,73,80,80,77,53,53,7,33,87,60,33,53,87,87,73,73,87,60,67,60,40,63,67,50,13,27,33,20,40,53,47,60,60,73,73,60,87,80,67,87,67,67,60,13,53,80,67,53,53,53,7,33,87,60,33,53,87,87,73,73,80,47,60,40,20,33,73,33,Allsvenskan
Sirius,4jg5vd59i24chckyua90dr1lg,21ht7s882is4sisnr8dpf61yi,J. Persson,Joakim Persson,24.0,Attacker,Sweden,Striker,15.0,36.0,3.0,50.0,2.0,0.0,29.0,4.0,435.0,10.0,1.0,2.0,5.0,11.0,9.0,2.0,6.0,10.0,11.0,0.0,2.0,0.0,30.0,4.0,6.0,0.0,0.0,74.63,33.33,12.5,40.0,0.0,50.0,18.18,46.15,2.034478867399608,0.5012660139270732,2.0,5.0,0.2224848999999999,0.0,4.0,6.0,0.2190880999999999,13.0,3.103448275862069,7.448275862068966,0.6206896551724138,10.344827586206897,0.4137931034482759,0.0,6.0,0.8275862068965518,2.0689655172413794,0.2068965517241379,0.4137931034482759,1.0344827586206895,2.2758620689655173,1.862068965517241,0.4137931034482759,1.2413793103448276,2.0689655172413794,2.2758620689655173,0.0,0.4137931034482759,0.0,6.206896551724138,0.8275862068965518,1.2413793103448276,0.0,0.0,74.63,33.33,12.5,40.0,0.0,50.0,18.18,46.15,0.4209266622206086,0.1037102097780151,0.4137931034482759,1.0344827586206895,0.0460313586206896,0.0,0.8275862068965518,1.2413793103448276,0.045328572413793,2.689655172413793,RW,37,40,63,40,50,53,70,63,80,47,87,50,53,53,37,67,53,53,20,43,13,60,47,67,53,53,27,47,47,67,13,87,40,40,67,53,23,43,47,10,67,47,47,27,27,13,53,13,33,53,73,87,80,40,100,40,27,53,27,60,53,53,20,53,13,73,53,80,53,53,27,47,47,67,13,87,40,40,87,47,13,13,20,10,53,40,33,20,Allsvenskan
Sirius,4jg5vd59i24chckyua90dr1lg,2cvq4wyrr0xtelibpirkxqpsk,N. Milleskog,Noel Milleskog,24.0,Attacker,Sweden,Striker,4.0,11.0,0.0,15.0,2.0,0.0,3.0,1.0,117.0,1.0,0.0,0.0,3.0,3.0,2.0,1.0,2.0,0.0,0.0,0.0,2.0,0.0,6.0,0.0,0.0,0.0,0.0,75.0,0.0,0.0,0.0,0.0,27.27,28.57,0.0,0.28593956266834,0.2029920126828119,1.0,3.0,0.10632599,2.0,1.0,2.0,0.02894766,4.0,3.0769230769230766,8.461538461538462,0.0,11.538461538461538,1.5384615384615383,0.0,2.3076923076923075,0.7692307692307692,0.7692307692307692,0.0,0.0,2.3076923076923075,2.3076923076923075,1.5384615384615383,0.7692307692307692,1.5384615384615383,0.0,0.0,0.0,1.5384615384615383,0.0,4.615384615384615,0.0,0.0,0.0,0.0,75.0,0.0,0.0,0.0,0.0,27.27,28.57,0.0,0.2199535097448769,0.1561477020637014,0.7692307692307692,2.3076923076923075,0.081789223076923,1.5384615384615383,0.7692307692307692,1.5384615384615383,0.0222674307692307,3.0769230769230766,RW,13,13,17,13,50,53,7,33,10,20,30,33,7,10,20,37,7,7,20,43,13,17,10,17,53,53,33,17,20,10,13,13,47,17,13,33,13,17,20,33,23,23,7,13,20,20,17,27,93,53,13,73,33,20,30,93,33,33,47,80,7,7,20,93,13,40,10,17,53,53,33,17,20,10,13,13,47,17,20,60,40,60,73,73,47,53,7,27,Allsvenskan
Sirius,4jg5vd59i24chckyua90dr1lg,3bjcqym12w7vgefmo40f3h8us,C. Nildén,Charlie Nildén,19.0,Midfielder,Sweden,Midfielder,74.0,69.0,7.0,143.0,1.0,0.0,10.0,8.0,451.0,0.0,0.0,0.0,4.0,7.0,6.0,1.0,4.0,3.0,4.0,0.0,4.0,1.0,8.0,0.0,6.0,0.0,0.0,81.25,46.67,0.0,0.0,14.29,29.41,25.0,66.67,0.686891364986012,0.3120086585360646,2.0,3.0,0.16728668,1.0,21.0,19.0,0.3661969699999999,77.0,14.76718403547672,13.76940133037694,1.3968957871396896,28.536585365853657,0.1995565410199556,0.0,1.9955654101995568,1.5964523281596452,0.0,0.0,0.0,0.7982261640798226,1.3968957871396896,1.197339246119734,0.1995565410199556,0.7982261640798226,0.5986696230598669,0.7982261640798226,0.0,0.7982261640798226,0.1995565410199556,1.5964523281596452,0.0,1.197339246119734,0.0,0.0,81.25,46.67,0.0,0.0,14.29,29.41,25.0,66.67,0.1370736648530844,0.0622633686657335,0.3991130820399113,0.5986696230598669,0.0333831512195121,0.1995565410199556,4.1906873614190685,3.791574279379157,0.0730770006651884,15.365853658536585,DM/CM,22,16,20,20,15,46,9,30,5,19,28,29,48,74,20,62,25,28,31,22,38,39,9,26,50,51,12,38,19,9,38,2,21,66,52,32,26,19,25,11,24,25,22,25,15,8,22,5,15,46,2,48,5,19,28,40,90,98,25,98,28,38,31,28,52,78,9,45,50,51,12,38,19,9,38,2,21,66,95,48,55,12,32,10,40,35,12,15,Allsvenskan
Sirius,4jg5vd59i24chckyua90dr1lg,451liwl34giar3r8y7b295w16,M. Lindberg,Marcus Lindberg,26.0,Midfielder,Denmark,Midfielder,418.0,575.0,54.0,984.0,15.0,0.0,115.0,38.0,1618.0,30.0,9.0,3.0,24.0,18.0,7.0,11.0,7.0,23.0,23.0,2.0,26.0,8.0,28.0,9.0,37.0,0.0,0.0,85.12,49.54,36.0,39.13,44.44,57.21,65.22,60.66,2.00346268838916,2.089829458665136,7.0,37.0,0.9891447899999996,16.0,137.0,168.0,3.72937817,547.0,23.250927070457355,31.983930778739182,3.003708281829419,54.73423980222497,0.8343634116192831,0.0,6.3967861557478365,2.1137206427688504,1.668726823238566,0.5006180469715699,0.1668726823238566,1.3349814585908528,1.0012360939431395,0.3893695920889987,0.6118665018541409,0.3893695920889987,1.2793572311495671,1.2793572311495671,0.111248454882571,1.446229913473424,0.4449938195302843,1.557478368355995,0.5006180469715699,2.0580964153275647,0.0,0.0,85.12,49.54,36.0,39.13,44.44,57.21,65.22,60.66,0.111441064249088,0.1162451491222881,0.3893695920889987,2.0580964153275647,0.0550204147713225,0.8899876390605685,7.620519159456118,9.344870210135973,0.2074437795426452,30.426452410383188,DM/CM,95,98,92,98,86,46,95,95,90,85,95,94,88,84,89,89,90,86,90,90,96,95,82,95,50,51,45,40,80,35,89,65,95,45,98,98,81,86,90,84,100,100,100,98,57,85,78,82,70,46,90,72,82,82,85,81,57,62,70,70,72,70,78,65,82,74,68,82,50,51,45,40,80,35,89,65,95,45,78,90,50,62,65,62,90,92,92,80,Allsvenskan
Sirius,4jg5vd59i24chckyua90dr1lg,48gi7n02q9rxj7u3ki0cp17o4,O. Liimatta,Otso Liimatta,22.0,Midfielder,Finland,Midfielder,45.0,64.0,4.0,109.0,1.0,0.0,37.0,7.0,501.0,12.0,0.0,0.0,7.0,7.0,5.0,2.0,2.0,20.0,20.0,4.0,9.0,4.0,23.0,11.0,11.0,0.0,0.0,78.42,66.67,0.0,55.0,57.14,51.39,16.67,84.62,1.7036324980071895,0.4607237441819704,2.0,14.0,0.3343297,3.0,13.0,14.0,0.3615316699999999,57.0,8.083832335329342,11.497005988023952,0.718562874251497,19.58083832335329,0.1796407185628742,0.0,6.646706586826348,1.25748502994012,2.155688622754491,0.0,0.0,1.25748502994012,1.25748502994012,0.8982035928143713,0.3592814371257485,0.3592814371257485,3.5928143712574854,3.5928143712574854,0.718562874251497,1.6167664670658684,0.718562874251497,4.131736526946108,1.9760479041916168,1.9760479041916168,0.0,0.0,78.42,66.67,0.0,55.0,57.14,51.39,16.67,84.62,0.3060417661090759,0.082764744463827,0.3592814371257485,2.51497005988024,0.0600592275449101,0.5389221556886228,2.335329341317365,2.51497005988024,0.0649458089820359,10.239520958083832,CM/AM,37,18,33,23,17,51,41,58,49,12,20,32,31,38,24,28,71,67,89,69,54,50,84,53,51,51,39,89,12,86,92,82,27,88,69,27,32,37,35,26,35,36,20,34,33,10,41,22,22,51,80,69,84,12,20,43,33,49,29,29,84,84,98,94,65,70,96,80,51,51,39,89,12,86,92,82,27,88,98,27,27,55,49,16,39,33,12,33,Allsvenskan
Sirius,4jg5vd59i24chckyua90dr1lg,546vmchsyl1wt10pr13r5oup6,M. Heier,Melker Heier,25.0,Midfielder,Sweden,Midfielder,375.0,414.0,49.0,786.0,2.0,0.0,63.0,18.0,1505.0,23.0,3.0,2.0,17.0,18.0,8.0,10.0,9.0,27.0,27.0,0.0,26.0,5.0,25.0,14.0,12.0,0.0,0.0,87.63,57.65,33.33,51.85,27.78,49.61,40.0,50.0,1.3750123677231718,1.4929084429601782,11.0,48.0,1.1988123199999994,17.0,94.0,94.0,2.5767453500000013,404.0,22.42524916943522,24.75747508305648,2.930232558139535,47.00332225913621,0.1196013289036544,0.0,3.767441860465116,1.0764119601328903,1.3754152823920267,0.1794019933554817,0.1196013289036544,1.0166112956810631,1.0764119601328903,0.4784053156146179,0.5980066445182725,0.5382059800664452,1.6146179401993357,1.6146179401993357,0.0,1.5548172757475085,0.2990033222591362,1.495016611295681,0.8372093023255814,0.717607973421927,0.0,0.0,87.63,57.65,33.33,51.85,27.78,49.61,40.0,50.0,0.0822266532193258,0.0892769168547615,0.6578073089700996,2.870431893687708,0.0716897732890365,1.0166112956810631,5.621262458471761,5.621262458471761,0.1540910840531562,24.15946843853821,DM/CM,88,88,90,90,26,46,69,59,81,69,80,78,88,91,84,98,95,95,31,90,79,86,94,50,50,51,72,78,72,70,60,38,38,28,82,82,96,92,92,91,88,88,88,88,55,68,72,68,8,46,22,20,65,57,72,68,62,78,68,88,82,80,31,72,68,68,85,12,50,51,72,78,72,70,60,38,38,28,57,70,75,75,82,65,68,70,68,62,Allsvenskan
Sirius,4jg5vd59i24chckyua90dr1lg,6lykrd3hzedl7xljr167gow5x,S. Sandberg,Simon Sandberg,32.0,Defender,Sweden,Defender,78.0,46.0,4.0,124.0,5.0,0.0,11.0,13.0,222.0,1.0,0.0,0.0,1.0,0.0,0.0,0.0,0.0,0.0,0.0,0.0,3.0,0.0,2.0,0.0,3.0,0.0,0.0,86.11,44.44,0.0,0.0,0.0,64.71,71.43,60.0,0.0,0.0924192211543519,0.0,1.0,0.01870347,1.0,10.0,5.0,0.21488358,84.0,31.62162162162162,18.64864864864865,1.6216216216216215,50.27027027027027,2.0270270270270268,0.0,4.45945945945946,5.27027027027027,0.4054054054054054,0.0,0.0,0.4054054054054054,0.0,0.0,0.0,0.0,0.0,0.0,0.0,1.2162162162162162,0.0,0.8108108108108107,0.0,1.2162162162162162,0.0,0.0,86.11,44.44,0.0,0.0,0.0,64.71,71.43,60.0,0.0,0.0374672518193318,0.0,0.4054054054054054,0.0075824878378378,0.4054054054054054,4.0540540540540535,2.0270270270270268,0.0871149648648648,34.05405405405405,CB,14,20,12,14,20,39,17,17,12,30,41,33,8,11,28,16,8,8,28,19,18,14,14,24,51,51,47,63,30,14,18,83,80,46,8,38,27,22,20,37,29,17,21,23,50,64,24,59,68,39,50,58,27,30,41,71,8,11,28,16,8,8,28,65,18,32,14,77,51,51,47,63,30,14,18,83,80,46,8,74,27,35,33,59,71,21,50,67,Allsvenskan
Sirius,4jg5vd59i24chckyua90dr1lg,6usylpvvapcqzwjbyzbe0vf2s,M. Soumah,Mohamed Soumah,23.0,Defender,Guinea,Defender,543.0,167.0,31.0,710.0,21.0,0.0,73.0,62.0,1340.0,19.0,0.0,0.0,1.0,9.0,8.0,1.0,2.0,13.0,13.0,4.0,23.0,5.0,11.0,9.0,16.0,0.0,0.0,92.69,54.39,0.0,69.23,55.56,62.93,56.76,66.67,1.2649563771994448,0.1014689655608055,1.0,10.0,0.19708864,2.0,21.0,32.0,0.8301541799999994,508.0,36.47014925373134,11.21641791044776,2.082089552238806,47.6865671641791,1.4104477611940298,0.0,4.902985074626866,4.164179104477612,1.2761194029850746,0.0,0.0,0.0671641791044776,0.6044776119402985,0.5373134328358209,0.0671641791044776,0.1343283582089552,0.8731343283582089,0.8731343283582089,0.2686567164179104,1.544776119402985,0.335820895522388,0.7388059701492538,0.6044776119402985,1.0746268656716418,0.0,0.0,92.69,54.39,0.0,69.23,55.56,62.93,56.76,66.67,0.0849597566775746,0.006815079776472,0.0671641791044776,0.6716417910447761,0.0132372967164179,0.1343283582089552,1.4104477611940298,2.149253731343284,0.0557566240298507,34.11940298507463,CB,89,55,74,83,67,39,87,71,94,30,41,33,80,85,69,77,95,95,98,94,94,63,97,89,51,51,92,85,30,73,92,76,40,67,85,39,64,71,70,48,46,52,50,89,68,18,44,52,36,39,60,30,83,30,41,23,61,68,61,55,83,83,92,79,86,26,92,68,51,51,92,85,30,73,92,76,40,67,71,27,56,50,47,35,20,23,18,68,Allsvenskan
Sirius,4jg5vd59i24chckyua90dr1lg,9jqz6yi90pj9dlvgktdwrsf10,V. Ekström,Victor Ekström,23.0,Defender,Sweden,Defender,142.0,90.0,13.0,231.0,9.0,0.0,42.0,29.0,655.0,9.0,1.0,0.0,2.0,3.0,2.0,1.0,1.0,8.0,8.0,1.0,17.0,1.0,6.0,3.0,14.0,0.0,0.0,83.7,50.0,12.5,37.5,33.33,57.53,60.0,66.67,0.3390765055869708,0.2026110652236346,2.0,3.0,0.07038899,4.0,16.0,16.0,0.4591592099999999,86.0,19.51145038167939,12.36641221374046,1.786259541984733,31.740458015267176,1.236641221374046,0.0,5.770992366412214,3.984732824427481,1.236641221374046,0.1374045801526717,0.0,0.2748091603053435,0.4122137404580153,0.2748091603053435,0.1374045801526717,0.1374045801526717,1.099236641221374,1.099236641221374,0.1374045801526717,2.33587786259542,0.1374045801526717,0.8244274809160306,0.4122137404580153,1.923664122137405,0.0,0.0,83.7,50.0,12.5,37.5,33.33,57.53,60.0,66.67,0.0465906648898127,0.0278396883513391,0.2748091603053435,0.4122137404580153,0.0096717696183206,0.549618320610687,2.198473282442748,2.198473282442748,0.0630905784732824,11.816793893129772,CB,31,33,36,32,38,39,55,37,77,68,41,50,45,33,69,48,86,85,71,79,47,42,79,85,51,51,29,73,61,51,67,44,51,67,38,53,82,41,41,64,37,33,39,24,17,24,32,12,24,39,88,27,82,71,41,53,39,38,74,56,86,86,79,100,50,33,80,98,51,51,29,73,61,51,67,44,51,67,41,61,82,36,39,71,32,26,24,17,Allsvenskan
Sirius,4jg5vd59i24chckyua90dr1lg,bwfqvyn5oz3fbeoqs587lzl04,M. Nartey,Matthias Nartey,21.0,Midfielder,Netherlands,Midfielder,20.0,14.0,1.0,34.0,3.0,0.0,14.0,3.0,165.0,1.0,0.0,0.0,0.0,4.0,2.0,2.0,1.0,5.0,5.0,0.0,0.0,0.0,4.0,3.0,3.0,0.0,0.0,68.0,50.0,0.0,60.0,0.0,56.0,60.0,42.86,0.4517963523301328,0.0,1.0,0.0,0.0,0.0,2.0,3.0,0.04661855,12.0,10.90909090909091,7.636363636363637,0.5454545454545455,18.545454545454547,1.6363636363636365,0.0,7.636363636363637,1.6363636363636365,0.5454545454545455,0.0,0.0,0.0,2.181818181818182,1.090909090909091,1.090909090909091,0.5454545454545455,2.7272727272727275,2.7272727272727275,0.0,0.0,0.0,2.181818181818182,1.6363636363636365,1.6363636363636365,0.0,0.0,68.0,50.0,0.0,60.0,0.0,56.0,60.0,42.86,0.2464343739982542,0.0,0.5454545454545455,0.0,0.0,0.0,1.090909090909091,1.6363636363636365,0.0254283,6.545454545454546,CM/AM,14,2,8,4,48,51,17,24,10,12,20,2,15,19,24,15,17,16,24,5,7,12,27,14,51,51,4,50,12,93,7,94,95,6,18,2,19,2,2,3,2,3,2,3,57,2,29,12,94,51,90,82,10,12,20,2,71,63,78,49,71,65,24,5,7,29,86,71,51,51,4,50,12,93,7,94,95,6,88,2,51,2,2,3,8,12,2,10,Allsvenskan
Sirius,4jg5vd59i24chckyua90dr1lg,cyfc3jp6b6p7a03s0x3c2g00k,O. Adindu,Odera Adindu,20.0,Attacker,Nigeria,Striker,37.0,96.0,6.0,126.0,7.0,0.0,26.0,9.0,542.0,3.0,7.0,2.0,9.0,12.0,11.0,1.0,4.0,11.0,11.0,1.0,5.0,4.0,35.0,5.0,8.0,0.0,0.0,78.75,35.29,43.75,45.45,33.33,41.94,41.18,66.67,1.0304568349562218,1.0386022393865164,7.0,21.0,0.68494103,9.0,3.0,6.0,1.48678426,29.0,6.143911439114391,15.940959409594097,0.996309963099631,20.92250922509225,1.1623616236162362,0.0,4.317343173431734,1.4944649446494465,0.4981549815498155,1.1623616236162362,0.3321033210332103,1.4944649446494465,1.992619926199262,1.826568265682657,0.1660516605166051,0.6642066420664207,1.826568265682657,1.826568265682657,0.1660516605166051,0.8302583025830258,0.6642066420664207,5.8118081180811805,0.8302583025830258,1.328413284132841,0.0,0.0,78.75,35.29,43.75,45.45,33.33,41.94,41.18,66.67,0.1711090685351659,0.1724616264663957,1.1623616236162362,3.487084870848709,0.1137355953874538,1.4944649446494465,0.4981549815498155,0.996309963099631,0.246882995202952,4.81549815498155,RW,73,67,83,73,80,53,60,93,40,87,87,60,60,67,20,60,60,53,50,87,47,67,57,87,53,53,60,53,100,73,43,47,73,60,40,67,67,73,73,80,57,47,87,60,80,67,87,67,73,53,40,93,13,93,87,53,20,47,13,40,40,40,47,80,33,67,60,87,53,53,60,53,100,73,43,47,73,60,7,87,47,87,87,67,33,27,93,40,Allsvenskan
Sirius,4jg5vd59i24chckyua90dr1lg,d9p7v146ey16f60njfophdyhh,H. Rönnlöf Castegren,Henrik Rönnlöf Castegren,30.0,Defender,Sweden,Defender,404.0,274.0,63.0,676.0,21.0,1.0,54.0,63.0,1440.0,5.0,2.0,0.0,5.0,17.0,10.0,7.0,3.0,7.0,7.0,2.0,18.0,9.0,21.0,3.0,16.0,1.0,0.0,87.11,58.33,15.38,42.86,52.94,46.55,50.0,64.0,1.598847045542096,0.3666821832234795,3.0,10.0,0.20117872,7.0,71.0,69.0,1.9763342100000023,416.0,25.25,17.125,3.9375,42.25,1.3125,0.0625,3.375,3.9375,0.3125,0.125,0.0,0.3125,1.0625,0.625,0.4375,0.1875,0.4375,0.4375,0.125,1.125,0.5625,1.3125,0.1875,1.0,0.0625,0.0,87.11,58.33,15.38,42.86,52.94,46.55,50.0,64.0,0.099927940346381,0.0229176364514674,0.1875,0.625,0.01257367,0.4375,4.4375,4.3125,0.1235208881250001,26.0,RB/RCB,90,70,95,85,98,90,75,95,42,32,28,52,100,98,100,80,42,40,100,80,100,78,45,82,100,52,80,95,40,35,85,20,40,50,100,50,75,50,50,52,85,80,60,85,85,50,100,80,65,85,20,90,15,20,28,35,80,82,80,55,20,20,95,55,85,35,25,30,100,52,80,95,40,35,85,20,40,50,85,30,45,28,20,30,90,70,50,75,Allsvenskan
Sirius,4jg5vd59i24chckyua90dr1lg,dy1lhnql8cpw307wcxw3brndg,V. Svensson,Victor Svensson,20.0,Midfielder,Sweden,Midfielder,60.0,110.0,5.0,170.0,11.0,0.0,70.0,10.0,1090.0,25.0,0.0,3.0,16.0,21.0,13.0,8.0,7.0,10.0,10.0,2.0,2.0,6.0,36.0,5.0,13.0,0.0,0.0,74.24,25.0,0.0,50.0,28.57,50.0,39.29,44.83,1.911683053459462,1.2001236623586875,5.0,7.0,0.22442694,2.0,19.0,21.0,0.8053449699999998,74.0,4.954128440366973,9.08256880733945,0.4128440366972477,14.036697247706424,0.908256880733945,0.0,5.779816513761468,0.8256880733944955,2.064220183486239,0.0,0.2477064220183486,1.3211009174311927,1.7339449541284404,1.073394495412844,0.6605504587155964,0.5779816513761468,0.8256880733944955,0.8256880733944955,0.1651376146788991,0.1651376146788991,0.4954128440366973,2.9724770642201834,0.4128440366972477,1.073394495412844,0.0,0.0,74.24,25.0,0.0,50.0,28.57,50.0,39.29,44.83,0.1578453897351849,0.099092779460809,0.4128440366972477,0.5779816513761468,0.0185306647706422,0.1651376146788991,1.5688073394495414,1.7339449541284404,0.0664963736697247,6.110091743119266,CM/AM,41,46,39,44,86,51,89,69,94,12,83,73,77,81,76,76,37,36,70,20,72,74,48,70,51,51,16,6,12,76,42,76,65,10,78,67,54,18,27,13,46,49,45,42,8,4,12,4,76,51,67,45,78,12,78,49,63,61,51,63,12,12,63,14,55,45,22,51,51,51,16,6,12,76,42,76,65,10,51,37,35,6,6,6,18,18,14,8,Allsvenskan
Sirius,4jg5vd59i24chckyua90dr1lg,es8z1xh8vhhtrjs8jrfbrqrro,A. Ljungberg,August Ljungberg,21.0,Attacker,Sweden,Striker,5.0,31.0,0.0,36.0,1.0,0.0,8.0,2.0,155.0,3.0,0.0,1.0,2.0,7.0,7.0,0.0,1.0,1.0,1.0,1.0,0.0,2.0,10.0,1.0,1.0,0.0,0.0,85.71,0.0,0.0,100.0,28.57,53.33,20.0,33.33,0.8134405487833712,0.1009373525587328,2.0,4.0,0.14252884,1.0,1.0,6.0,0.13851154,8.0,2.9032258064516125,18.0,0.0,20.90322580645161,0.5806451612903225,0.0,4.64516129032258,1.161290322580645,1.7419354838709675,0.0,0.5806451612903225,1.161290322580645,4.064516129032258,4.064516129032258,0.0,0.5806451612903225,0.5806451612903225,0.5806451612903225,0.5806451612903225,0.0,1.161290322580645,5.806451612903225,0.5806451612903225,0.5806451612903225,0.0,0.0,85.71,0.0,0.0,100.0,28.57,53.33,20.0,33.33,0.472320318648409,0.0586087853566835,1.161290322580645,2.32258064516129,0.0827586812903225,0.5806451612903225,0.5806451612903225,3.4838709677419355,0.0804260554838709,4.64516129032258,LW,8,17,17,17,21,54,8,25,21,21,42,12,25,29,12,12,8,8,33,12,33,17,12,12,54,54,92,17,21,100,38,92,33,8,25,8,25,17,17,8,8,25,8,8,8,42,17,33,75,54,50,75,75,21,92,25,100,100,12,17,8,8,83,12,67,58,17,8,54,54,92,17,21,100,38,92,33,8,100,8,50,33,33,17,8,92,17,8,Allsvenskan
Sirius,4jg5vd59i24chckyua90dr1lg,rxypx04u4hxdd5dfwoazp2xg,I. Bjerkebo,Isak Bjerkebo,23.0,Attacker,Sweden,Striker,63.0,337.0,8.0,382.0,1.0,0.0,49.0,7.0,1590.0,10.0,18.0,5.0,31.0,60.0,43.0,17.0,17.0,59.0,66.0,13.0,4.0,29.0,125.0,22.0,13.0,0.0,0.0,80.08,33.33,22.5,37.29,48.33,35.77,14.29,81.25,4.515547321148499,3.789154157615646,31.0,55.0,1.8107391799999992,15.0,26.0,53.0,3.762578459999998,154.0,3.5660377358490565,19.075471698113205,0.4528301886792452,21.62264150943396,0.0566037735849056,0.0,2.773584905660377,0.3962264150943396,0.5660377358490566,1.018867924528302,0.2830188679245283,1.7547169811320753,3.39622641509434,2.433962264150943,0.962264150943396,0.962264150943396,3.339622641509434,3.735849056603773,0.7358490566037735,0.2264150943396226,1.641509433962264,7.075471698113207,1.2452830188679245,0.7358490566037735,0.0,0.0,80.08,33.33,22.5,37.29,48.33,35.77,14.29,81.25,0.2555970181782169,0.2144804240159799,1.7547169811320753,3.113207547169812,0.1024946705660376,0.8490566037735848,1.471698113207547,3.0,0.2129761392452828,8.716981132075471,LW,75,92,67,83,21,54,75,67,67,100,83,83,100,100,92,92,92,92,100,50,100,100,92,79,54,54,33,46,58,25,83,17,8,100,92,92,100,83,83,83,83,83,100,83,17,58,50,42,8,54,8,33,8,92,58,67,75,83,75,58,75,75,100,25,100,83,67,42,54,54,33,46,58,25,83,17,8,100,58,83,100,42,42,33,42,67,75,50,Allsvenskan
Kalmar,bqtquhot4yruw677rkc607lk6,2briy00w77fxcs9ohym1h3lsk,C. Rosenqvist,Charlie Rosenqvist,19.0,Attacker,Sweden,Striker,70.0,217.0,5.0,281.0,15.0,0.0,75.0,13.0,1532.0,20.0,6.0,1.0,15.0,30.0,25.0,5.0,11.0,24.0,27.0,7.0,3.0,11.0,73.0,12.0,21.0,0.0,0.0,74.34,31.25,22.22,50.0,36.67,39.06,35.71,75.0,3.8160589252954553,1.4906435242296197,9.0,25.0,0.7551565199999998,9.0,15.0,22.0,1.7968973399999997,112.0,4.112271540469974,12.74804177545692,0.293733681462141,16.507832898172325,0.881201044386423,0.0,4.406005221932115,0.7637075718015666,1.174934725848564,0.3524804177545692,0.0587467362924282,0.881201044386423,1.762402088772846,1.468668407310705,0.293733681462141,0.6462140992167101,1.4099216710182767,1.5861618798955617,0.4112271540469974,0.1762402088772846,0.6462140992167101,4.288511749347259,0.7049608355091384,1.2336814621409922,0.0,0.0,74.34,31.25,22.22,50.0,36.67,39.06,35.71,75.0,0.224181007360699,0.0875704420239332,0.5287206266318538,1.468668407310705,0.0443629809399477,0.5287206266318538,0.881201044386423,1.2924281984334205,0.1055618541775456,6.579634464751958,RW,93,93,73,93,100,53,100,100,87,77,67,90,87,93,73,83,87,80,100,67,93,93,93,100,53,53,20,40,80,87,53,40,67,73,93,87,80,80,87,80,87,87,93,93,40,47,40,47,67,53,53,67,53,53,60,27,13,20,20,33,20,20,80,27,27,27,47,73,53,53,20,40,80,87,53,40,67,73,27,33,20,20,13,33,60,47,47,67,Allsvenskan
Kalmar,bqtquhot4yruw677rkc607lk6,2w5kpopglb9zy46o2ndxrfalm,A. Almqvist,Alexander Almqvist,26.0,Defender,Sweden,Defender,86.0,60.0,4.0,146.0,3.0,0.0,6.0,12.0,216.0,0.0,0.0,0.0,0.0,0.0,0.0,0.0,0.0,1.0,1.0,0.0,5.0,0.0,0.0,1.0,1.0,0.0,0.0,88.48,40.0,0.0,100.0,0.0,46.15,50.0,50.0,0.0,0.0,0.0,0.0,0.0,0.0,0.0,0.0,0.0,0.0,35.833333333333336,25.0,1.6666666666666667,60.833333333333336,1.25,0.0,2.5,5.0,0.0,0.0,0.0,0.0,0.0,0.0,0.0,0.0,0.4166666666666667,0.4166666666666667,0.0,2.083333333333333,0.0,0.0,0.4166666666666667,0.4166666666666667,0.0,0.0,88.48,40.0,0.0,100.0,0.0,46.15,50.0,50.0,0.0,0.0,0.0,0.0,0.0,0.0,0.0,0.0,0.0,0.0,LB/LCB,12,12,8,8,10,42,4,16,4,10,26,4,6,12,12,6,4,4,36,12,20,6,18,4,50,50,100,68,10,100,20,24,42,8,6,4,12,4,4,4,4,4,4,4,100,84,44,96,64,42,4,92,4,10,26,4,6,12,12,6,16,16,36,100,20,6,48,8,50,50,100,68,10,100,20,24,42,8,6,4,12,4,4,4,4,4,4,4,Allsvenskan
Kalmar,bqtquhot4yruw677rkc607lk6,3chh3soynyxwjgkf4iyd2rh90,N. Chourak,Nassef Chourak,22.0,Midfielder,Netherlands,Midfielder,183.0,266.0,19.0,444.0,5.0,0.0,57.0,13.0,1018.0,24.0,5.0,0.0,14.0,27.0,6.0,21.0,11.0,13.0,13.0,0.0,11.0,9.0,13.0,6.0,11.0,0.0,0.0,89.52,57.58,13.16,46.15,33.33,51.35,35.71,50.0,1.7793435480808295,1.1595904927988767,20.0,52.0,1.1892195399999992,14.0,48.0,53.0,1.4570513999999997,207.0,16.17878192534381,23.51669941060904,1.6797642436149312,39.25343811394892,0.4420432220039292,0.0,5.039292730844793,1.149312377210216,2.1218074656188604,0.4420432220039292,0.0,1.237721021611002,2.387033398821218,0.5304518664047151,1.856581532416503,0.9724950884086444,1.149312377210216,1.149312377210216,0.0,0.9724950884086444,0.7956777996070726,1.149312377210216,0.5304518664047151,0.9724950884086444,0.0,0.0,89.52,57.58,13.16,46.15,33.33,51.35,35.71,50.0,0.1573093510091106,0.1025178235283879,1.768172888015717,4.597249508840864,0.105137287426326,1.237721021611002,4.243614931237721,4.68565815324165,0.1288159390962671,18.30058939096267,CM/AM,90,76,84,80,60,51,63,83,91,72,20,61,88,46,94,92,50,49,24,78,82,27,59,53,51,51,90,65,35,65,53,80,55,17,73,63,95,98,92,76,78,76,69,78,80,69,78,73,45,51,53,65,82,63,20,40,80,29,94,88,20,20,24,57,73,14,35,39,51,51,90,65,35,65,53,80,55,17,49,41,92,92,88,67,76,76,47,73,Allsvenskan
Kalmar,bqtquhot4yruw677rkc607lk6,4r8xqhcqxugg2wk1g2n4x1at,L. Sætra,Lars Sætra,35.0,Defender,Norway,Defender,456.0,191.0,39.0,647.0,22.0,0.0,37.0,76.0,1222.0,5.0,0.0,0.0,4.0,3.0,3.0,0.0,0.0,2.0,2.0,0.0,8.0,0.0,13.0,1.0,6.0,0.0,0.0,89.36,52.7,0.0,50.0,0.0,53.62,62.86,66.67,0.4115161052158111,0.3594444289288577,0.0,7.0,0.12970222,0.0,51.0,53.0,1.1122667300000004,408.0,33.58428805237316,14.0671031096563,2.872340425531915,47.65139116202946,1.620294599018003,0.0,2.7250409165302782,5.597381342062193,0.3682487725040916,0.0,0.0,0.2945990180032733,0.220949263502455,0.220949263502455,0.0,0.0,0.1472995090016366,0.1472995090016366,0.0,0.5891980360065466,0.0,0.9574468085106383,0.0736497545008183,0.44189852700491,0.0,0.0,89.36,52.7,0.0,50.0,0.0,53.62,62.86,66.67,0.0303080601222774,0.0264729939472972,0.0,0.5155482815057283,0.0095525366612111,0.0,3.756137479541735,3.903436988543372,0.081918171603928,30.04909983633388,CB,79,61,85,76,70,39,50,83,48,30,41,71,45,46,28,16,44,42,28,46,18,68,44,50,51,51,71,77,30,58,18,30,61,67,52,71,27,58,53,16,80,77,65,73,62,35,73,50,55,39,11,64,24,30,41,56,23,29,28,16,27,26,28,14,18,42,32,18,51,51,71,77,30,58,18,30,61,67,29,56,27,41,36,16,70,65,47,56,Allsvenskan
Kalmar,bqtquhot4yruw677rkc607lk6,4w8yuib6lrya8ucle0j9maxka,V. Larsson,Victor Larsson,26.0,Defender,Sweden,Defender,230.0,252.0,15.0,481.0,17.0,0.0,60.0,42.0,1327.0,13.0,1.0,0.0,13.0,10.0,8.0,2.0,3.0,13.0,14.0,0.0,11.0,2.0,28.0,5.0,18.0,0.0,0.0,82.36,37.5,12.5,38.46,20.0,45.11,47.22,66.67,1.029076052627288,0.8879912393715922,0.0,38.0,0.9713503599999996,18.0,41.0,46.0,1.4592939,261.0,15.599095704596836,17.091183119819142,1.0173323285606632,32.622456669178604,1.1529766390354184,0.0,4.069329314242653,2.848530519969857,0.8816880180859081,0.0678221552373775,0.0,0.8816880180859081,0.6782215523737755,0.5425772418990203,0.1356443104747551,0.2034664657121326,0.8816880180859081,0.9495101733232856,0.0,0.746043707611153,0.1356443104747551,1.899020346646572,0.3391107761868877,1.2207987942727958,0.0,0.0,82.36,37.5,12.5,38.46,20.0,45.11,47.22,66.67,0.0697941557923556,0.0602254796860914,0.0,2.577241899020347,0.0658790749058025,1.2207987942727958,2.7807083647324795,3.119819140919367,0.0989724574227581,17.70158251695554,LB/LCB,72,76,42,80,80,42,76,64,76,24,26,66,80,92,38,76,70,70,36,48,66,88,56,78,50,50,56,54,20,32,60,16,36,46,92,52,12,88,88,80,64,58,56,88,28,32,16,24,52,42,44,44,40,20,26,44,52,76,36,60,40,40,36,20,56,60,36,56,50,50,56,54,20,32,60,16,36,46,84,32,12,80,76,80,40,40,28,60,Allsvenskan
Kalmar,bqtquhot4yruw677rkc607lk6,5evxshthg9jw1215rwe8mywvd,S. Øverby,Sivert Øverby,27.0,Defender,Norway,Defender,90.0,110.0,12.0,195.0,8.0,0.0,23.0,22.0,452.0,2.0,5.0,0.0,9.0,7.0,4.0,3.0,2.0,3.0,3.0,0.0,6.0,0.0,17.0,0.0,9.0,0.0,0.0,76.77,30.77,22.73,0.0,0.0,58.97,72.73,69.23,0.5555295978296922,0.7177276133173547,1.0,10.0,0.27943759,5.0,17.0,23.0,0.9692893199999998,74.0,17.920353982300885,21.90265486725664,2.3893805309734515,38.82743362831859,1.592920353982301,0.0,4.579646017699115,4.380530973451328,0.3982300884955752,0.995575221238938,0.0,1.7920353982300885,1.393805309734513,0.7964601769911505,0.5973451327433629,0.3982300884955752,0.5973451327433629,0.5973451327433629,0.0,1.1946902654867255,0.0,3.384955752212389,0.0,1.7920353982300885,0.0,0.0,76.77,30.77,22.73,0.0,0.0,58.97,72.73,69.23,0.1106143004528148,0.142910365483544,0.1991150442477876,1.991150442477876,0.0556402280973451,0.995575221238938,3.384955752212389,4.579646017699115,0.1930000858407079,14.734513274336283,LB/LCB,16,24,22,16,54,42,30,34,10,42,26,54,52,62,52,48,16,16,36,20,20,56,6,38,50,50,16,32,56,6,20,76,100,56,60,36,32,36,44,34,28,34,36,12,40,72,64,52,88,42,72,80,20,76,26,92,92,92,84,76,20,20,36,56,20,96,6,92,50,50,16,32,56,6,20,76,100,56,88,84,58,60,68,50,56,68,84,32,Allsvenskan
Kalmar,bqtquhot4yruw677rkc607lk6,5q20jb98g7acxc4ixvuhspwtm,A. Magashy,Abdussalam Magashy,28.0,Midfielder,Nigeria,Midfielder,36.0,75.0,1.0,110.0,2.0,0.0,21.0,10.0,520.0,6.0,1.0,1.0,5.0,7.0,6.0,1.0,1.0,10.0,10.0,1.0,2.0,2.0,23.0,2.0,7.0,0.0,0.0,85.27,16.67,50.0,20.0,28.57,29.58,25.0,63.64,0.7777398859179625,0.399018355356859,0.0,8.0,0.25160434,3.0,3.0,12.0,0.34235932,32.0,6.230769230769231,12.980769230769232,0.173076923076923,19.03846153846154,0.3461538461538461,0.0,3.6346153846153846,1.7307692307692308,1.0384615384615383,0.173076923076923,0.173076923076923,0.8653846153846154,1.2115384615384617,1.0384615384615383,0.173076923076923,0.173076923076923,1.7307692307692308,1.7307692307692308,0.173076923076923,0.3461538461538461,0.3461538461538461,3.980769230769231,0.3461538461538461,1.2115384615384617,0.0,0.0,85.27,16.67,50.0,20.0,28.57,29.58,25.0,63.64,0.1346088264088781,0.0690608691963794,0.0,1.3846153846153846,0.043546905,0.5192307692307693,0.5192307692307693,2.076923076923077,0.0592544976923077,5.538461538461538,CM/AM,29,27,8,27,35,51,28,69,23,34,54,22,31,46,11,15,37,36,55,20,29,50,16,35,51,51,67,4,97,12,42,10,42,55,33,24,7,26,31,26,5,29,12,15,17,24,4,16,41,51,27,90,27,43,59,18,31,57,8,12,51,45,65,22,37,63,16,57,51,51,67,4,97,12,42,10,42,55,37,14,7,16,24,12,4,24,8,4,Allsvenskan
Kalmar,bqtquhot4yruw677rkc607lk6,7hr8mxix88otsvgitsv184g0k,M. Söderbäck,Marius Söderbäck,22.0,Midfielder,Finland,Midfielder,66.0,107.0,3.0,170.0,7.0,0.0,68.0,5.0,901.0,26.0,3.0,2.0,12.0,15.0,9.0,6.0,3.0,28.0,29.0,0.0,12.0,7.0,40.0,6.0,22.0,0.0,0.0,79.81,60.0,27.27,21.43,46.67,49.64,50.0,75.86,1.3482394536923985,1.1998529579042398,5.0,29.0,0.8989884599999997,11.0,5.0,8.0,0.7909637000000002,58.0,6.592674805771365,10.688124306326303,0.2996670366259711,16.9811320754717,0.6992230854605993,0.0,6.79245283018868,0.4994450610432852,2.597114317425083,0.2996670366259711,0.1997780244173141,1.1986681465038846,1.4983351831298557,0.8990011098779135,0.5993340732519423,0.2996670366259711,2.796892341842397,2.8967813540510545,0.0,1.1986681465038846,0.6992230854605993,3.995560488346282,0.5993340732519423,2.197558268590455,0.0,0.0,79.81,60.0,27.27,21.43,46.67,49.64,50.0,75.86,0.1346743072500731,0.1198521267606898,0.4994450610432852,2.8967813540510545,0.0897990692563817,1.0987791342952276,0.4994450610432852,0.7991120976692564,0.0790085826859045,5.793562708102109,CM/AM,44,41,26,44,72,51,84,39,96,61,74,54,62,68,65,38,82,82,24,85,77,81,59,98,51,51,47,74,65,14,88,71,82,78,59,65,54,76,73,57,16,19,41,37,24,8,10,8,67,51,84,24,92,55,67,37,45,51,39,20,73,69,24,82,63,65,45,90,51,51,47,74,65,14,88,71,82,78,39,49,47,69,82,51,2,2,20,6,Allsvenskan
Kalmar,bqtquhot4yruw677rkc607lk6,7sgf9pd234xc0ebf4hw0phzbo,F. Björklund,Fabian Björklund,19.0,Defender,Sweden,Midfielder,12.0,19.0,0.0,29.0,3.0,0.0,14.0,5.0,156.0,2.0,2.0,0.0,0.0,0.0,0.0,0.0,0.0,3.0,3.0,0.0,2.0,0.0,0.0,0.0,5.0,0.0,0.0,72.5,0.0,66.67,0.0,0.0,73.68,75.0,55.56,0.0,0.0,0.0,0.0,0.0,0.0,0.0,0.0,0.0,0.0,6.9230769230769225,10.961538461538462,0.0,16.73076923076923,1.7307692307692306,0.0,8.076923076923077,2.8846153846153846,1.1538461538461535,1.1538461538461535,0.0,0.0,0.0,0.0,0.0,0.0,1.7307692307692306,1.7307692307692306,0.0,1.1538461538461535,0.0,0.0,0.0,2.8846153846153846,0.0,0.0,72.5,0.0,66.67,0.0,0.0,73.68,75.0,55.56,0.0,0.0,0.0,0.0,0.0,0.0,0.0,0.0,0.0,0.0,RB/RCB,15,10,10,15,25,40,22,20,22,32,28,10,5,10,8,12,18,18,38,10,18,5,5,25,50,52,20,10,100,5,18,100,95,20,5,12,8,5,5,5,5,5,5,5,20,15,10,5,95,40,95,65,70,90,28,10,5,10,8,12,70,70,38,60,18,5,5,95,50,52,20,10,100,5,18,100,95,20,5,12,8,5,5,5,5,5,5,5,Allsvenskan
Kalmar,bqtquhot4yruw677rkc607lk6,7xxqn9xu5izixdi9spsjf1t5h,M. Hallberg,Melker Hallberg,30.0,Midfielder,Sweden,Midfielder,327.0,288.0,21.0,601.0,18.0,2.0,43.0,35.0,1158.0,10.0,14.0,2.0,15.0,15.0,3.0,12.0,4.0,8.0,9.0,0.0,4.0,6.0,13.0,2.0,6.0,0.0,0.0,88.91,51.22,34.15,25.0,40.0,43.88,46.15,46.15,1.0714295056586824,1.4886972698275724,4.0,21.0,0.53479579,10.0,30.0,43.0,1.6745695000000025,316.0,25.414507772020723,22.38341968911917,1.6321243523316062,46.70984455958549,1.398963730569948,0.155440414507772,3.3419689119170983,2.7202072538860103,0.7772020725388601,1.088082901554404,0.155440414507772,1.16580310880829,1.16580310880829,0.233160621761658,0.932642487046632,0.310880829015544,0.6217616580310881,0.699481865284974,0.0,0.310880829015544,0.466321243523316,1.0103626943005182,0.155440414507772,0.466321243523316,0.0,0.0,88.91,51.22,34.15,25.0,40.0,43.88,46.15,46.15,0.0832717232377214,0.1157018603492932,0.310880829015544,1.6321243523316062,0.0415644396373056,0.7772020725388601,2.33160621761658,3.3419689119170983,0.1301478886010364,24.559585492227978,DM/CM,78,57,46,65,92,100,48,89,54,92,80,74,81,57,92,62,45,46,31,22,85,60,35,26,50,51,85,55,78,21,81,20,65,18,70,80,52,59,62,59,40,45,57,60,82,52,35,62,88,100,18,90,32,95,80,70,78,42,82,57,30,25,31,8,88,45,22,8,50,51,85,55,78,21,81,20,65,18,60,88,30,40,40,55,12,25,57,65,Allsvenskan
Kalmar,bqtquhot4yruw677rkc607lk6,86fokf6u54eq39xx5r5smyqui,C. Gustafsson,Carl Gustafsson,26.0,Midfielder,Sweden,Midfielder,251.0,326.0,33.0,568.0,6.0,0.0,55.0,21.0,845.0,19.0,9.0,0.0,6.0,13.0,2.0,11.0,2.0,8.0,8.0,2.0,20.0,6.0,13.0,2.0,18.0,0.0,0.0,81.26,46.48,27.27,25.0,46.15,59.78,60.0,64.29,1.1295323055247817,0.5530062623087206,7.0,19.0,0.42558328,10.0,71.0,95.0,2.291206579999999,347.0,26.733727810650887,34.721893491124256,3.514792899408284,60.49704142011834,0.6390532544378698,0.0,5.8579881656804735,2.2366863905325443,2.0236686390532546,0.9585798816568049,0.0,0.6390532544378698,1.3846153846153846,0.2130177514792899,1.1715976331360949,0.2130177514792899,0.8520710059171597,0.8520710059171597,0.2130177514792899,2.130177514792899,0.6390532544378698,1.3846153846153846,0.2130177514792899,1.9171597633136093,0.0,0.0,81.26,46.48,27.27,25.0,46.15,59.78,60.0,64.29,0.1203052159730536,0.058900075275485,0.7455621301775147,2.0236686390532546,0.0453283966863905,1.0650887573964496,7.562130177514793,10.118343195266272,0.2440338369230768,36.9585798816568,DM/CM,57,70,78,57,55,46,56,70,75,85,28,41,75,41,89,46,45,42,90,68,85,60,35,64,50,51,15,35,60,21,92,85,89,55,75,48,81,55,52,59,74,90,80,75,85,90,88,90,50,46,78,78,92,90,28,28,88,38,95,40,45,40,98,92,98,62,25,75,50,51,15,35,60,21,92,85,89,55,85,38,85,60,50,72,88,98,95,95,Allsvenskan
Kalmar,bqtquhot4yruw677rkc607lk6,8aj9c2doiu9g4hd573mq0mms5,R. Gojani,Robert Gojani,33.0,Midfielder,Sweden,Midfielder,241.0,306.0,27.0,543.0,6.0,0.0,42.0,21.0,1270.0,9.0,4.0,2.0,9.0,9.0,2.0,7.0,4.0,10.0,10.0,0.0,16.0,1.0,10.0,4.0,12.0,0.0,0.0,86.19,55.1,22.22,40.0,11.11,58.33,60.0,52.17,0.9634185120356484,0.8697352661718721,6.0,21.0,0.4860960099999999,16.0,71.0,69.0,1.6936683400000003,303.0,17.078740157480315,21.68503937007874,1.9133858267716537,38.480314960629926,0.4251968503937008,0.0,2.9763779527559056,1.4881889763779528,0.6377952755905512,0.2834645669291338,0.1417322834645669,0.6377952755905512,0.6377952755905512,0.1417322834645669,0.4960629921259842,0.2834645669291338,0.7086614173228347,0.7086614173228347,0.0,1.1338582677165354,0.0708661417322834,0.7086614173228347,0.2834645669291338,0.8503937007874016,0.0,0.0,86.19,55.1,22.22,40.0,11.11,58.33,60.0,52.17,0.0682737528214239,0.0616347826421011,0.4251968503937008,1.4881889763779528,0.0344477487401574,1.1338582677165354,5.031496062992126,4.889763779527559,0.1200237406299212,21.47244094488189,DM/CM,52,60,65,52,55,46,45,70,49,78,80,55,59,41,68,62,55,52,31,60,38,45,46,50,50,51,52,70,45,40,32,79,89,38,65,57,71,59,57,84,74,70,62,57,25,42,40,38,35,46,12,45,25,70,78,25,30,28,52,48,35,28,31,42,32,25,35,22,50,51,52,70,45,40,32,79,89,38,42,45,60,38,35,80,57,57,52,48,Allsvenskan
Kalmar,bqtquhot4yruw677rkc607lk6,8i0o1b8rjsab9se3v6vteqmfo,E. Nnamani,Emeka Nnamani,24.0,Attacker,Denmark,Striker,8.0,23.0,2.0,31.0,4.0,0.0,11.0,0.0,180.0,4.0,0.0,0.0,3.0,7.0,6.0,1.0,2.0,3.0,3.0,0.0,2.0,2.0,11.0,1.0,0.0,0.0,0.0,70.45,100.0,0.0,33.33,28.57,34.38,30.77,0.0,0.7865139129258404,0.2436606062121917,1.0,7.0,0.19186538,4.0,2.0,2.0,0.04331845,10.0,4.0,11.5,1.0,15.5,2.0,0.0,5.5,0.0,2.0,0.0,0.0,1.5,3.5,3.0,0.5,1.0,1.5,1.5,0.0,1.0,1.0,5.5,0.5,0.0,0.0,0.0,70.45,100.0,0.0,33.33,28.57,34.38,30.77,0.0,0.3932569564629202,0.1218303031060958,0.5,3.5,0.09593269,2.0,1.0,1.0,0.021659225,5.0,ST,14,24,51,18,27,50,18,3,28,31,26,26,28,31,26,36,17,15,18,56,26,24,14,8,51,51,46,95,31,32,31,21,38,8,28,31,18,49,46,60,24,21,15,18,38,72,90,64,64,50,67,3,72,31,26,79,85,90,56,87,54,44,18,85,67,77,33,8,51,51,46,95,31,32,31,21,38,8,87,85,41,100,97,100,59,51,15,59,Allsvenskan
Kalmar,bqtquhot4yruw677rkc607lk6,8rhulzkyg64bdhppxn86trf8,C. Sagoe,Charles Sagoe,22.0,Attacker,England,Striker,109.0,312.0,15.0,410.0,4.0,0.0,119.0,6.0,1550.0,38.0,11.0,8.0,32.0,40.0,25.0,15.0,15.0,95.0,99.0,3.0,15.0,12.0,96.0,49.0,17.0,0.0,0.0,79.46,40.54,29.73,51.58,30.0,51.29,36.36,60.71,3.2787932675522176,3.012802534867722,21.0,100.0,3.1599843900000013,32.0,33.0,55.0,3.2057929899999995,174.0,6.329032258064516,18.116129032258065,0.8709677419354839,23.806451612903228,0.232258064516129,0.0,6.909677419354839,0.3483870967741935,2.206451612903226,0.6387096774193549,0.4645161290322581,1.8580645161290323,2.3225806451612905,1.4516129032258065,0.8709677419354839,0.8709677419354839,5.516129032258065,5.748387096774194,0.1741935483870967,0.8709677419354839,0.6967741935483871,5.574193548387097,2.8451612903225807,0.9870967741935484,0.0,0.0,79.46,40.54,29.73,51.58,30.0,51.29,36.36,60.71,0.1903815445675481,0.1749369213794161,1.2193548387096775,5.806451612903226,0.1834829645806452,1.8580645161290323,1.9161290322580649,3.1935483870967745,0.1861428187741935,10.103225806451611,LW,100,83,100,92,75,54,100,54,100,79,96,92,75,75,83,75,100,100,79,96,79,92,100,92,54,54,25,67,92,75,50,75,75,50,67,83,83,100,100,100,92,100,83,100,58,50,92,50,25,54,92,25,92,58,75,75,33,33,67,50,100,100,42,83,33,50,100,67,54,54,25,67,92,75,50,75,75,50,25,67,67,100,100,92,58,75,58,67,Allsvenskan
Kalmar,bqtquhot4yruw677rkc607lk6,agw4ksz62ddb0q7h7lon4na0a,A. Keita,Aboubacar Keita,26.0,Defender,USA,Defender,145.0,57.0,12.0,202.0,9.0,0.0,25.0,15.0,409.0,5.0,0.0,0.0,1.0,5.0,5.0,0.0,1.0,6.0,6.0,2.0,5.0,3.0,5.0,3.0,5.0,0.0,0.0,83.13,34.29,0.0,50.0,60.0,69.44,69.23,62.5,0.7756515697376475,0.0523740688321951,0.0,1.0,0.0199707,0.0,14.0,17.0,0.31651144,133.0,31.90709046454768,12.54278728606357,2.640586797066015,44.44987775061125,1.9804400977995111,0.0,5.501222493887531,3.3007334963325183,1.1002444987775062,0.0,0.0,0.2200488997555012,1.1002444987775062,1.1002444987775062,0.0,0.2200488997555012,1.3202933985330074,1.3202933985330074,0.4400977995110025,1.1002444987775062,0.6601466992665037,1.1002444987775062,0.6601466992665037,1.1002444987775062,0.0,0.0,83.13,34.29,0.0,50.0,60.0,69.44,69.23,62.5,0.1706812745143967,0.0115248562222434,0.0,0.2200488997555012,0.0043945305623471,0.0,3.0806845965770173,3.740831295843521,0.0696479941320293,29.266503667481665,CB,33,27,30,24,38,39,38,22,48,30,41,33,58,67,28,48,80,78,92,33,82,32,79,45,51,51,23,24,30,58,95,95,76,55,68,30,27,22,23,16,33,36,29,33,53,26,64,44,65,39,83,17,76,30,41,42,85,92,28,73,92,92,97,58,97,52,94,70,51,51,23,24,30,58,95,95,76,55,92,36,27,23,24,16,56,62,30,52,Allsvenskan
Kalmar,bqtquhot4yruw677rkc607lk6,pa1381haxe650pg5nm782zv8,Z. Råvik,Zakarias Råvik,20.0,Defender,Sweden,Defender,135.0,35.0,7.0,170.0,6.0,1.0,16.0,19.0,345.0,3.0,0.0,0.0,0.0,1.0,1.0,0.0,0.0,5.0,5.0,0.0,4.0,0.0,5.0,1.0,5.0,0.0,0.0,85.0,31.82,0.0,20.0,0.0,48.48,85.71,83.33,0.1258797693703972,0.0,0.0,2.0,0.0478667,2.0,6.0,11.0,0.2928332699999998,98.0,35.21739130434783,9.130434782608695,1.826086956521739,44.34782608695652,1.5652173913043477,0.2608695652173913,4.173913043478261,4.956521739130435,0.7826086956521738,0.0,0.0,0.0,0.2608695652173913,0.2608695652173913,0.0,0.0,1.3043478260869563,1.3043478260869563,0.0,1.0434782608695652,0.0,1.3043478260869563,0.2608695652173913,1.3043478260869563,0.0,0.0,85.0,31.82,0.0,20.0,0.0,48.48,85.71,83.33,0.032838200705321,0.0,0.0,0.5217391304347826,0.0124869652173913,0.5217391304347826,1.5652173913043477,2.869565217391304,0.0763912878260869,25.565217391304348,CB,29,12,17,21,24,86,24,27,33,30,41,11,19,23,28,16,73,71,28,26,18,32,44,45,51,51,38,12,30,32,18,12,100,95,21,14,27,34,38,48,20,27,24,29,67,11,33,42,50,98,44,53,59,30,41,11,30,36,28,16,91,91,28,56,18,65,68,82,51,51,38,12,30,32,18,12,100,95,33,14,27,42,45,70,23,41,39,44,Allsvenskan
Malmö FF,93ohqui2qgqm8408viwmm1ken,18hvkqjcvc4g91pj4pf8cqkgk,A. Höög,Anton Höög,19.0,Midfielder,Sweden,Midfielder,31.0,86.0,1.0,117.0,1.0,0.0,11.0,3.0,425.0,2.0,0.0,1.0,7.0,6.0,5.0,1.0,1.0,8.0,8.0,1.0,2.0,4.0,23.0,1.0,4.0,0.0,0.0,84.78,33.33,0.0,12.5,66.67,23.91,14.29,57.14,0.7293403873041504,0.4830550156927517,0.0,24.0,0.7890805,9.0,6.0,8.0,0.21092795,32.0,6.564705882352941,18.211764705882352,0.2117647058823529,24.77647058823529,0.2117647058823529,0.0,2.3294117647058825,0.6352941176470588,0.4235294117647059,0.0,0.2117647058823529,1.4823529411764709,1.2705882352941176,1.0588235294117647,0.2117647058823529,0.2117647058823529,1.6941176470588235,1.6941176470588235,0.2117647058823529,0.4235294117647059,0.8470588235294118,4.870588235294117,0.2117647058823529,0.8470588235294118,0.0,0.0,84.78,33.33,0.0,12.5,66.67,23.91,14.29,57.14,0.1544485526055848,0.1022940033231709,0.0,5.08235294117647,0.1670993999999999,1.9058823529411764,1.2705882352941176,1.6941176470588235,0.0446670952941176,6.776470588235294,CM/AM,20,30,8,31,17,51,13,24,15,12,54,32,23,38,11,15,28,27,55,20,54,50,9,19,51,51,65,13,12,8,97,4,23,38,31,31,7,61,71,50,19,19,8,15,20,49,6,35,27,51,4,33,8,12,71,53,35,59,12,14,45,43,73,27,78,80,10,31,51,51,65,13,12,8,97,4,23,38,47,39,7,98,98,94,10,14,4,14,Allsvenskan
Malmö FF,93ohqui2qgqm8408viwmm1ken,1pkp4fqrgj87mk6x7lhryt6vo,A. Skogmar,Adrian Skogmar,20.0,Midfielder,Sweden,Midfielder,109.0,242.0,6.0,349.0,2.0,0.0,44.0,13.0,1150.0,14.0,2.0,0.0,21.0,19.0,14.0,5.0,8.0,39.0,40.0,4.0,14.0,5.0,58.0,12.0,9.0,0.0,0.0,84.3,37.5,14.29,30.77,26.32,37.93,20.0,56.25,1.7413283494221878,1.6045747738943752,1.0,37.0,1.0388634399999996,13.0,32.0,30.0,1.15596032,127.0,8.530434782608696,18.93913043478261,0.4695652173913043,27.31304347826087,0.1565217391304347,0.0,3.443478260869565,1.017391304347826,1.0956521739130434,0.1565217391304347,0.0,1.643478260869565,1.4869565217391305,1.0956521739130434,0.3913043478260869,0.6260869565217391,3.052173913043478,3.130434782608696,0.3130434782608695,1.0956521739130434,0.3913043478260869,4.539130434782608,0.9391304347826086,0.7043478260869565,0.0,0.0,84.3,37.5,14.29,30.77,26.32,37.93,20.0,56.25,0.1362778708243451,0.1255754170873858,0.0782608695652173,2.895652173913043,0.081302356173913,1.017391304347826,2.5043478260869563,2.347826086956521,0.0904664598260869,9.939130434782609,CM/AM,65,67,48,67,35,51,54,83,56,50,20,82,71,84,54,84,90,90,89,90,66,90,89,43,51,51,63,24,38,27,35,22,33,35,71,78,19,81,82,68,61,60,63,61,39,51,22,51,18,51,20,57,29,41,20,57,39,65,33,67,78,73,84,73,43,76,65,24,51,51,63,24,38,27,35,22,33,35,41,51,14,67,71,39,45,29,27,31,Allsvenskan
Malmö FF,93ohqui2qgqm8408viwmm1ken,206x6cuwvrtgzwytsk7pnb7bp,Y. Karabelyov,Yanis Karabelyov,30.0,Midfielder,Bulgaria,Midfielder,82.0,69.0,8.0,151.0,5.0,0.0,17.0,7.0,273.0,1.0,0.0,0.0,0.0,2.0,0.0,2.0,1.0,0.0,0.0,0.0,2.0,1.0,0.0,0.0,8.0,0.0,0.0,85.8,53.33,0.0,0.0,50.0,60.71,45.45,72.73,0.1794639502627538,0.0,1.0,3.0,0.06271785,1.0,9.0,8.0,0.1975411299999999,73.0,27.03296703296704,22.747252747252748,2.6373626373626373,49.78021978021978,1.6483516483516485,0.0,5.604395604395605,2.307692307692308,0.3296703296703296,0.0,0.0,0.0,0.6593406593406593,0.0,0.6593406593406593,0.3296703296703296,0.0,0.0,0.0,0.6593406593406593,0.3296703296703296,0.0,0.0,2.6373626373626373,0.0,0.0,85.8,53.33,0.0,0.0,50.0,60.71,45.45,72.73,0.0591639396470616,0.0,0.3296703296703296,0.989010989010989,0.0206762142857142,0.3296703296703296,2.967032967032967,2.6373626373626373,0.0651234494505494,24.065934065934066,DM/CM,25,16,22,22,49,46,32,26,12,19,28,6,15,9,29,30,5,5,31,11,38,4,9,36,50,51,48,62,19,9,96,92,60,85,18,6,21,19,15,11,10,11,10,20,88,57,62,72,92,46,72,82,20,19,28,6,32,9,72,62,5,5,31,15,72,4,9,92,50,51,48,62,19,9,96,92,60,85,38,6,38,28,20,15,18,12,8,60,Allsvenskan
Malmö FF,93ohqui2qgqm8408viwmm1ken,27w9691m35wlxy4ujti7sppn8,K. Busuladžić,Kenan Busuladzic,19.0,Midfielder,Sweden,Midfielder,180.0,226.0,13.0,406.0,7.0,0.0,63.0,12.0,917.0,17.0,0.0,2.0,10.0,11.0,7.0,4.0,5.0,17.0,18.0,2.0,8.0,3.0,25.0,11.0,20.0,0.0,0.0,84.58,46.43,0.0,64.71,27.27,52.07,58.33,71.43,1.089097158954203,0.9226740759043136,4.0,15.0,0.47371419,9.0,49.0,48.0,1.3914038099999997,194.0,17.66630316248637,22.18102508178844,1.2758996728462375,39.84732824427481,0.6870229007633588,0.0,6.183206106870229,1.177753544165758,1.668484187568157,0.0,0.1962922573609596,0.9814612868047984,1.0796074154852782,0.6870229007633588,0.3925845147219193,0.4907306434023991,1.668484187568157,1.766630316248637,0.1962922573609596,0.7851690294438387,0.2944383860414395,2.453653217011996,1.0796074154852782,1.9629225736095963,0.0,0.0,84.58,46.43,0.0,64.71,27.27,52.07,58.33,71.43,0.1068906699082642,0.0905568885838475,0.3925845147219193,1.4721919302071975,0.0464932138495092,0.8833151581243185,4.809160305343512,4.711014176663032,0.1365608973827698,19.040348964013088,DM/CM,40,42,32,42,61,46,69,44,68,19,80,59,68,84,42,75,74,80,90,41,66,86,90,79,50,51,30,32,19,90,57,52,82,78,72,62,52,44,55,51,46,50,50,38,30,50,15,45,57,46,88,30,80,19,92,62,65,92,38,78,85,85,92,25,65,100,90,78,50,51,30,32,19,90,57,52,82,78,75,72,52,35,55,60,52,55,62,28,Allsvenskan
Malmö FF,93ohqui2qgqm8408viwmm1ken,329r6jq5pn0m174v3berarh90,D. Guðjohnsen,Daníel Gudjohnsen,20.0,Attacker,Iceland,Striker,14.0,39.0,4.0,53.0,12.0,0.0,25.0,4.0,204.0,6.0,0.0,1.0,6.0,5.0,4.0,1.0,0.0,8.0,8.0,0.0,1.0,2.0,17.0,2.0,4.0,0.0,0.0,72.6,57.14,0.0,25.0,40.0,43.1,44.44,80.0,0.5148965704329782,0.5369505901524523,2.0,5.0,0.47779729,2.0,4.0,6.0,0.2138477,25.0,6.176470588235294,17.205882352941178,1.7647058823529411,23.38235294117647,5.294117647058823,0.0,11.029411764705882,1.7647058823529411,2.647058823529412,0.0,0.4411764705882353,2.647058823529412,2.2058823529411766,1.7647058823529411,0.4411764705882353,0.0,3.5294117647058822,3.5294117647058822,0.0,0.4411764705882353,0.8823529411764706,7.5,0.8823529411764706,1.7647058823529411,0.0,0.0,72.6,57.14,0.0,25.0,40.0,43.1,44.44,80.0,0.227160251661608,0.2368899662437289,0.8823529411764706,2.2058823529411766,0.2107929220588235,0.8823529411764706,1.7647058823529411,2.647058823529412,0.0943445735294117,11.029411764705882,ST,26,46,72,38,65,50,36,44,38,31,63,44,17,19,26,4,41,40,18,36,26,36,27,50,51,51,51,69,31,21,59,62,76,78,15,59,36,40,77,38,37,46,44,46,82,92,95,87,100,50,97,90,92,31,97,97,44,44,46,4,92,90,18,56,49,95,67,97,51,51,51,69,31,21,59,62,76,78,33,97,77,77,100,87,82,90,87,92,Allsvenskan
Malmö FF,93ohqui2qgqm8408viwmm1ken,38hr05l73amsfufzsowcuo6qc,O. Sjöstrand,Oscar Sjöstrand,21.0,Midfielder,Sweden,Midfielder,37.0,97.0,4.0,132.0,4.0,0.0,35.0,2.0,745.0,7.0,2.0,1.0,3.0,24.0,19.0,5.0,11.0,32.0,34.0,1.0,7.0,7.0,45.0,10.0,12.0,0.0,0.0,70.59,33.33,11.76,31.25,29.17,35.35,44.44,85.71,2.01306905245158,0.3333727971567692,13.0,26.0,0.92808841,7.0,7.0,12.0,0.88951671,44.0,4.469798657718121,11.718120805369129,0.4832214765100671,15.946308724832214,0.4832214765100671,0.0,4.228187919463087,0.2416107382550335,0.8456375838926173,0.2416107382550335,0.1208053691275167,0.3624161073825503,2.8993288590604025,2.2953020134228184,0.6040268456375838,1.3288590604026844,3.8657718120805367,4.10738255033557,0.1208053691275167,0.8456375838926173,0.8456375838926173,5.436241610738255,1.2080536912751676,1.4496644295302012,0.0,0.0,70.59,33.33,11.76,31.25,29.17,35.35,44.44,85.71,0.2431895499605935,0.0402732238175962,1.570469798657718,3.140939597315436,0.1121180629530201,0.8456375838926173,0.8456375838926173,1.4496644295302012,0.1074583944966442,5.315436241610738,CM/AM,31,35,33,37,55,51,38,15,30,50,54,12,81,86,54,92,85,88,55,62,77,84,78,60,51,51,8,13,29,29,47,14,76,90,80,20,90,67,78,41,23,29,53,24,2,12,24,6,47,51,35,16,20,49,49,4,92,100,41,96,88,88,51,47,76,100,78,63,51,51,8,13,29,29,47,14,76,90,86,6,90,78,90,22,6,6,37,2,Allsvenskan
Malmö FF,93ohqui2qgqm8408viwmm1ken,4imfkav743ep5bqdgzs5kd1t6,A. Đurić,Andrej Djuric,22.0,Defender,Montenegro,Defender,564.0,295.0,60.0,859.0,23.0,1.0,57.0,62.0,1155.0,11.0,0.0,0.0,0.0,8.0,7.0,1.0,3.0,6.0,6.0,1.0,11.0,2.0,13.0,2.0,15.0,0.0,0.0,91.0,60.61,0.0,33.33,25.0,61.96,69.7,71.43,0.9155932309376336,0.0,0.0,27.0,0.5095619100000001,5.0,67.0,75.0,1.556987770000001,511.0,43.94805194805195,22.987012987012985,4.675324675324675,66.93506493506493,1.792207792207792,0.0779220779220779,4.441558441558441,4.831168831168831,0.8571428571428571,0.0,0.0,0.0,0.6233766233766234,0.5454545454545454,0.0779220779220779,0.2337662337662337,0.4675324675324675,0.4675324675324675,0.0779220779220779,0.8571428571428571,0.1558441558441558,1.0129870129870129,0.1558441558441558,1.1688311688311688,0.0,0.0,91.0,60.61,0.0,33.33,25.0,61.96,69.7,71.43,0.0713449270860493,0.0,0.0,2.103896103896104,0.0397061228571428,0.3896103896103896,5.220779220779221,5.844155844155844,0.1213237223376624,39.81818181818181,CB,94,91,100,91,74,86,73,71,86,30,41,11,77,79,69,92,80,78,71,60,67,68,65,86,51,51,83,97,30,45,52,70,77,83,73,14,27,94,88,70,89,94,79,92,88,76,97,92,61,88,48,50,64,30,41,11,62,70,68,77,61,61,67,35,56,48,47,73,51,51,83,97,30,45,52,70,77,83,61,14,27,88,79,58,80,85,73,86,Allsvenskan
Malmö FF,93ohqui2qgqm8408viwmm1ken,4j6a6qec8m58zgojpbv8wxnf9,P. Jansson,Pontus Jansson,35.0,Defender,Sweden,Defender,72.0,18.0,2.0,90.0,4.0,0.0,9.0,17.0,270.0,1.0,0.0,0.0,0.0,3.0,3.0,0.0,0.0,1.0,1.0,1.0,6.0,1.0,5.0,0.0,2.0,0.0,0.0,84.91,18.18,0.0,0.0,33.33,52.94,44.44,50.0,0.4044728261234715,0.0,0.0,1.0,0.02122129,1.0,2.0,2.0,0.0778618099999999,51.0,24.0,6.0,0.6666666666666666,30.0,1.3333333333333333,0.0,3.0,5.666666666666667,0.3333333333333333,0.0,0.0,0.0,1.0,1.0,0.0,0.0,0.3333333333333333,0.3333333333333333,0.3333333333333333,2.0,0.3333333333333333,1.6666666666666667,0.0,0.6666666666666666,0.0,0.0,84.91,18.18,0.0,0.0,33.33,52.94,44.44,50.0,0.1348242753744905,0.0,0.0,0.3333333333333333,0.0070737633333333,0.3333333333333333,0.6666666666666666,0.6666666666666666,0.0259539366666666,17.0,CB,12,3,5,9,15,39,11,26,12,30,41,11,45,46,28,16,27,26,71,38,47,32,14,15,51,51,36,2,30,14,67,29,18,22,50,14,27,22,26,37,12,11,11,15,23,3,2,8,31,39,20,65,20,30,41,11,82,89,28,16,52,50,94,92,85,74,14,33,51,51,36,2,30,14,67,29,18,22,88,14,27,30,29,50,11,9,9,24,Allsvenskan
Malmö FF,93ohqui2qgqm8408viwmm1ken,4tfxftr5a5sqi5muo7sbtgu8k,M. Pålsson,Malte Pålsson,20.0,Defender,Sweden,Defender,339.0,220.0,21.0,558.0,6.0,0.0,21.0,27.0,564.0,8.0,1.0,0.0,1.0,2.0,2.0,0.0,2.0,1.0,1.0,0.0,7.0,0.0,3.0,0.0,4.0,0.0,0.0,93.0,58.33,50.0,0.0,0.0,63.64,60.0,57.14,0.3122428460115763,0.0626092724295254,0.0,13.0,0.2697539599999999,8.0,56.0,53.0,1.0364238500000005,369.0,54.09574468085106,35.1063829787234,3.351063829787234,89.04255319148936,0.9574468085106383,0.0,3.351063829787234,4.308510638297872,1.2765957446808511,0.1595744680851064,0.0,0.1595744680851064,0.3191489361702128,0.3191489361702128,0.0,0.3191489361702128,0.1595744680851064,0.1595744680851064,0.0,1.1170212765957448,0.0,0.4787234042553192,0.0,0.6382978723404256,0.0,0.0,93.0,58.33,50.0,0.0,0.0,63.64,60.0,57.14,0.049825986065677,0.009990841345137,0.0,2.074468085106383,0.043045844680851,1.2765957446808511,8.936170212765958,8.457446808510639,0.1653867845744681,58.88297872340426,CB,62,73,58,64,24,39,31,35,70,68,41,33,30,33,28,77,27,26,28,42,18,19,14,35,51,51,95,92,89,14,18,80,51,39,33,33,27,76,74,86,85,77,62,67,100,100,83,100,15,39,27,35,85,73,41,33,35,44,28,85,29,27,28,59,18,12,14,30,51,51,95,92,89,14,18,80,51,39,45,32,27,86,83,92,98,98,91,100,Allsvenskan
Malmö FF,93ohqui2qgqm8408viwmm1ken,4yg4i2wvdz87rrxpn0rqn2xg5,J. Stryger,Jens Stryger,35.0,Defender,Denmark,Defender,292.0,301.0,41.0,581.0,10.0,0.0,33.0,39.0,1266.0,7.0,12.0,2.0,16.0,10.0,7.0,3.0,3.0,2.0,2.0,1.0,8.0,4.0,22.0,1.0,13.0,0.0,0.0,82.29,42.27,26.09,50.0,40.0,55.0,47.62,86.67,1.039844256939252,1.888141914799293,3.0,22.0,0.7017760299999999,13.0,74.0,90.0,2.85660727,321.0,20.75829383886256,21.398104265402843,2.9146919431279623,41.30331753554503,0.7109004739336493,0.0,2.345971563981043,2.772511848341232,0.4976303317535545,0.8530805687203792,0.1421800947867298,1.1374407582938388,0.7109004739336493,0.4976303317535545,0.2132701421800948,0.2132701421800948,0.1421800947867298,0.1421800947867298,0.0710900473933649,0.5687203791469194,0.2843601895734597,1.5639810426540284,0.0710900473933649,0.924170616113744,0.0,0.0,82.29,42.27,26.09,50.0,40.0,55.0,47.62,86.67,0.0739225775075297,0.1342280982084805,0.2132701421800948,1.5639810426540284,0.0498892912322274,0.924170616113744,5.260663507109005,6.398104265402844,0.2030763462085308,22.819905213270143,RB/RCB,75,85,90,80,50,40,45,75,50,95,82,90,88,88,65,80,8,8,85,50,92,85,18,65,50,52,55,65,55,50,72,60,25,95,90,95,75,85,80,78,92,95,85,80,60,75,85,75,30,40,5,60,25,70,75,70,55,65,35,65,5,5,80,5,65,55,10,20,50,52,55,65,55,50,72,60,25,95,70,90,50,75,85,50,95,95,85,65,Allsvenskan
Malmö FF,93ohqui2qgqm8408viwmm1ken,53dvtfms2uxd500y87x5jf2eh,E. Botheim,Erik Botheim,26.0,Attacker,Norway,Striker,95.0,155.0,5.0,250.0,23.0,0.0,66.0,8.0,1495.0,36.0,0.0,2.0,13.0,32.0,31.0,1.0,7.0,7.0,7.0,10.0,0.0,16.0,71.0,1.0,5.0,0.0,0.0,76.92,62.5,0.0,14.29,50.0,41.25,31.94,83.33,4.834617019723625,0.8801807981185176,1.0,21.0,0.7246425,7.0,15.0,13.0,0.3933788899999999,66.0,5.719063545150502,9.331103678929766,0.3010033444816054,15.050167224080267,1.3846153846153846,0.0,3.973244147157191,0.4816053511705686,2.1672240802675584,0.0,0.1204013377926421,0.782608695652174,1.9264214046822743,1.8662207357859533,0.060200668896321,0.4214046822742475,0.4214046822742475,0.4214046822742475,0.6020066889632107,0.0,0.9632107023411371,4.274247491638796,0.060200668896321,0.3010033444816054,0.0,0.0,76.92,62.5,0.0,14.29,50.0,41.25,31.94,83.33,0.2910471784449005,0.0529874727964325,0.060200668896321,1.2642140468227423,0.0436239632107023,0.4214046822742475,0.903010033444816,0.782608695652174,0.0236816723076923,3.973244147157191,ST,97,85,79,90,90,50,90,67,100,31,83,82,74,83,26,77,36,36,95,12,87,85,14,62,51,51,69,72,31,8,85,51,44,86,85,74,18,90,90,81,77,71,59,77,69,59,62,62,54,50,28,28,79,31,56,31,31,51,18,38,8,5,87,12,62,38,8,28,51,51,69,72,31,8,85,51,44,86,51,41,10,59,59,51,49,31,21,41,Allsvenskan
Malmö FF,93ohqui2qgqm8408viwmm1ken,6mpwbyrqxm4b5o5wz92ccihp0,I. Assibu,Isaac Assibu,18.0,Attacker,Ghana,Striker,9.0,34.0,2.0,43.0,2.0,0.0,10.0,0.0,142.0,3.0,0.0,0.0,2.0,5.0,4.0,1.0,3.0,9.0,9.0,0.0,4.0,0.0,12.0,5.0,0.0,0.0,0.0,75.44,100.0,0.0,55.56,0.0,55.56,66.67,0.0,0.4978474669153771,0.1711215126600946,0.0,4.0,0.1161612799999999,3.0,2.0,3.0,0.2147848999999999,21.0,5.704225352112676,21.549295774647888,1.267605633802817,27.253521126760564,1.267605633802817,0.0,6.338028169014085,0.0,1.9014084507042253,0.0,0.0,1.267605633802817,3.1690140845070425,2.535211267605634,0.6338028169014085,1.9014084507042253,5.704225352112676,5.704225352112676,0.0,2.535211267605634,0.0,7.605633802816902,3.1690140845070425,0.0,0.0,0.0,75.44,100.0,0.0,55.56,0.0,55.56,66.67,0.0,0.3155371269181968,0.1084572967563979,0.0,2.535211267605634,0.0736233464788731,1.9014084507042253,1.267605633802817,1.9014084507042253,0.1361312746478872,13.309859154929578,RW,20,33,47,27,50,53,37,17,40,20,30,23,17,30,20,50,43,40,20,80,13,37,57,17,53,53,40,97,20,100,13,100,100,17,20,27,7,30,33,50,40,33,40,50,60,80,93,80,87,53,87,17,73,20,30,47,47,87,40,93,80,80,20,100,13,100,93,17,53,53,40,97,20,100,13,100,100,17,60,53,7,73,53,80,80,73,60,87,Allsvenskan
Malmö FF,93ohqui2qgqm8408viwmm1ken,7qy3e0pry4wdkimrffnus4zu2,Diego García,Diego García,26.0,Attacker,Spain,Striker,16.0,25.0,2.0,40.0,8.0,0.0,17.0,2.0,245.0,3.0,1.0,0.0,2.0,9.0,9.0,0.0,1.0,4.0,4.0,2.0,2.0,4.0,18.0,1.0,3.0,0.0,0.0,78.43,66.67,20.0,25.0,44.44,47.22,57.14,60.0,1.1602190360300175,0.1390713450262759,2.0,4.0,0.09150309,1.0,0.0,1.0,0.11354287,6.0,5.877551020408163,9.183673469387754,0.7346938775510203,14.693877551020408,2.9387755102040813,0.0,6.244897959183673,0.7346938775510203,1.1020408163265305,0.3673469387755101,0.0,0.7346938775510203,3.3061224489795915,3.3061224489795915,0.0,0.3673469387755101,1.469387755102041,1.469387755102041,0.7346938775510203,0.7346938775510203,1.469387755102041,6.612244897959183,0.3673469387755101,1.1020408163265305,0.0,0.0,78.43,66.67,20.0,25.0,44.44,47.22,57.14,60.0,0.4262029111947003,0.0510874328667952,0.7346938775510203,1.469387755102041,0.03361338,0.3673469387755101,0.0,0.3673469387755101,0.0417096257142857,2.204081632653061,RW,47,20,47,20,87,53,47,40,40,47,30,23,43,53,7,17,20,17,70,43,47,50,20,53,53,53,53,77,63,23,80,60,93,47,47,20,23,30,13,20,10,13,27,20,67,33,67,40,100,53,80,53,47,60,30,13,53,100,7,13,27,13,87,73,80,87,20,60,53,53,53,77,63,23,80,60,93,47,93,13,33,27,7,20,10,13,20,13,Allsvenskan
Malmö FF,93ohqui2qgqm8408viwmm1ken,8v1t7h0yv4scw5ymxxr8k8m50,N. Åstrand John,Noah Åstrand John,22.0,Defender,Sweden,Defender,143.0,179.0,17.0,318.0,5.0,0.0,20.0,10.0,458.0,2.0,4.0,1.0,8.0,4.0,4.0,0.0,2.0,7.0,7.0,0.0,7.0,1.0,11.0,4.0,6.0,0.0,0.0,86.65,48.57,25.0,57.14,25.0,42.55,45.45,66.67,0.2926371647595513,0.7185566252053941,0.0,18.0,0.40101748,13.0,34.0,33.0,0.9667644999999996,143.0,28.10043668122271,35.17467248908297,3.3406113537117905,62.48908296943232,0.9825327510917032,0.0,3.930131004366813,1.9650655021834065,0.3930131004366812,0.7860262008733625,0.1965065502183406,1.572052401746725,0.7860262008733625,0.7860262008733625,0.0,0.3930131004366812,1.3755458515283845,1.3755458515283845,0.0,1.3755458515283845,0.1965065502183406,2.161572052401747,0.7860262008733625,1.1790393013100438,0.0,0.0,86.65,48.57,25.0,57.14,25.0,42.55,45.45,66.67,0.0575051197125755,0.1412010835556451,0.0,3.537117903930131,0.0788025615720524,2.554585152838428,6.681222707423581,6.4847161572052405,0.1899755567685588,28.10043668122271,LB/LCB,44,48,48,48,16,42,16,12,10,36,64,42,30,62,12,48,34,32,36,30,46,34,48,22,50,50,96,92,68,84,72,8,20,46,32,40,12,72,64,68,56,48,32,48,92,100,88,100,44,42,28,20,16,56,92,80,68,88,12,72,80,68,36,64,68,88,92,48,50,50,96,92,68,84,72,8,20,46,68,80,12,96,96,100,100,88,80,96,Allsvenskan
Malmö FF,93ohqui2qgqm8408viwmm1ken,8ydeghsg8bdyovqjnr56hz8x5,S. Hakšabanović,Sead Haksabanovic,27.0,Midfielder,Montenegro,Midfielder,169.0,556.0,25.0,710.0,5.0,0.0,71.0,10.0,1503.0,22.0,15.0,6.0,38.0,47.0,20.0,27.0,14.0,52.0,56.0,4.0,11.0,16.0,69.0,22.0,13.0,0.0,0.0,86.06,64.1,28.3,42.31,34.04,45.22,50.0,59.09,3.584950514796457,3.6645206360722007,20.0,86.0,2.31733475,46.0,79.0,128.0,4.524807269999999,346.0,10.119760479041917,33.293413173652695,1.497005988023952,42.51497005988024,0.2994011976047904,0.0,4.251497005988024,0.5988023952095809,1.3173652694610778,0.8982035928143713,0.3592814371257485,2.275449101796408,2.81437125748503,1.1976047904191618,1.6167664670658684,0.8383233532934132,3.1137724550898205,3.353293413173653,0.2395209580838323,0.6586826347305389,0.9580838323353292,4.131736526946108,1.3173652694610778,0.7784431137724551,0.0,0.0,86.06,64.1,28.3,42.31,34.04,45.22,50.0,59.09,0.2146676954967938,0.219432373417497,1.1976047904191618,5.149700598802395,0.1387625598802395,2.754491017964072,4.730538922155689,7.664670658682635,0.2709465431137724,20.718562874251496,CM/AM,82,98,88,98,60,51,92,69,83,90,98,96,98,88,100,99,96,96,89,78,96,94,94,70,51,51,71,78,69,53,57,45,82,45,92,94,95,100,100,100,98,100,100,98,53,92,69,80,39,51,37,31,47,76,90,84,88,69,90,82,80,82,78,37,82,70,82,27,51,51,71,78,69,53,57,45,82,45,78,84,86,100,96,100,80,96,92,78,Allsvenskan
Malmö FF,93ohqui2qgqm8408viwmm1ken,b248ue8bteo0awvp627dokd0,B. Kurtulus,Bleon Kurtulus,19.0,Defender,Sweden,Defender,168.0,92.0,11.0,260.0,10.0,0.0,17.0,21.0,395.0,2.0,0.0,0.0,1.0,3.0,3.0,0.0,1.0,1.0,1.0,0.0,7.0,0.0,5.0,1.0,3.0,0.0,0.0,87.84,44.0,0.0,100.0,0.0,48.57,58.82,75.0,0.3881674207732989,0.0645876568499464,0.0,5.0,0.09734751,0.0,24.0,22.0,0.3426432999999999,143.0,38.27848101265823,20.96202531645569,2.5063291139240502,59.24050632911392,2.278481012658228,0.0,3.873417721518987,4.784810126582278,0.4556962025316455,0.0,0.0,0.2278481012658227,0.6835443037974683,0.6835443037974683,0.0,0.2278481012658227,0.2278481012658227,0.2278481012658227,0.0,1.5949367088607591,0.0,1.1392405063291138,0.2278481012658227,0.6835443037974683,0.0,0.0,87.84,44.0,0.0,100.0,0.0,48.57,58.82,75.0,0.0884432097964478,0.0147161749784687,0.0,1.1392405063291138,0.0221804453164556,0.0,5.468354430379747,5.0126582278481004,0.0780706253164556,32.58227848101266,CB,38,36,27,39,42,39,27,31,23,30,41,33,45,46,28,48,27,26,28,42,18,32,44,24,51,51,56,61,30,89,18,14,48,89,45,35,27,50,44,16,50,42,32,38,74,68,58,77,74,39,35,47,32,30,41,44,68,80,28,76,41,39,28,82,18,56,64,35,51,51,56,61,30,89,18,14,48,89,76,45,27,64,62,16,82,80,42,64,Allsvenskan
Malmö FF,93ohqui2qgqm8408viwmm1ken,carpl05zgalgbsd6gnk3akc89,Gabriel Busanello,Gabriel Dal Toé Busanello,27.0,Defender,Brazil,Defender,210.0,244.0,35.0,445.0,8.0,0.0,56.0,25.0,836.0,18.0,9.0,0.0,9.0,7.0,3.0,4.0,4.0,17.0,17.0,1.0,16.0,1.0,12.0,7.0,15.0,0.0,0.0,79.75,36.08,23.08,41.18,14.29,63.64,50.0,65.22,0.4814287041484336,0.90201383762214,1.0,14.0,0.39568677,10.0,55.0,67.0,1.4416416000000003,232.0,22.607655502392344,26.26794258373205,3.767942583732057,47.9066985645933,0.8612440191387559,0.0,6.028708133971292,2.691387559808612,1.9377990430622007,0.9688995215311004,0.0,0.9688995215311004,0.7535885167464115,0.3229665071770334,0.4306220095693779,0.4306220095693779,1.8301435406698563,1.8301435406698563,0.1076555023923444,1.7224880382775118,0.1076555023923444,1.2918660287081338,0.7535885167464115,1.6148325358851674,0.0,0.0,79.75,36.08,23.08,41.18,14.29,63.64,50.0,65.22,0.051828449011195,0.0971067528540581,0.1076555023923444,1.507177033492823,0.042597858014354,1.076555023923445,5.921052631578947,7.212918660287081,0.1552006507177033,24.976076555023923,LB/LCB,68,68,84,68,54,42,68,52,96,70,26,54,52,50,68,92,84,80,80,78,46,40,80,62,50,50,32,48,60,44,40,92,42,36,56,56,32,58,56,54,88,88,52,76,64,92,92,84,36,42,96,32,100,72,26,48,60,52,72,88,96,96,88,80,48,32,84,76,50,50,32,48,60,44,40,92,42,36,52,52,28,48,48,60,96,100,60,92,Allsvenskan
Malmö FF,93ohqui2qgqm8408viwmm1ken,d58ji96mcnebbci6skc46x9uc,O. Rosengren,Otto Rosengren,23.0,Midfielder,Sweden,Midfielder,393.0,498.0,56.0,865.0,7.0,0.0,78.0,35.0,1479.0,33.0,26.0,3.0,35.0,29.0,9.0,20.0,13.0,18.0,18.0,1.0,15.0,7.0,25.0,6.0,23.0,0.0,0.0,88.18,56.57,40.0,33.33,24.14,49.37,29.17,71.88,2.088550347838569,3.273958050447923,13.0,52.0,1.1993882099999995,35.0,73.0,86.0,2.664766020000001,440.0,23.914807302231235,30.30425963488844,3.407707910750507,52.63691683569979,0.4259634888438133,0.0,4.746450304259635,2.129817444219067,2.0081135902636915,1.5821501014198782,0.1825557809330628,2.129817444219067,1.7647058823529411,0.5476673427991886,1.2170385395537524,0.7910750507099391,1.0953346855983772,1.0953346855983772,0.0608519269776876,0.9127789046653144,0.4259634888438133,1.5212981744421907,0.3651115618661257,1.399594320486815,0.0,0.0,88.18,56.57,40.0,33.33,24.14,49.37,29.17,71.88,0.1270923132558967,0.1992266562138695,0.7910750507099391,3.1643002028397564,0.0729850837728194,2.129817444219067,4.442190669371197,5.233265720081135,0.1621561472616633,26.774847870182555,DM/CM,90,95,98,92,61,46,80,89,92,100,95,100,100,96,100,100,81,80,72,57,90,86,62,85,50,51,75,72,85,28,50,35,28,80,100,100,100,96,95,100,78,85,92,92,70,82,85,78,38,46,62,75,90,100,90,100,98,85,98,95,68,68,65,30,80,70,45,57,50,51,75,72,85,28,50,35,28,80,88,100,88,90,85,98,42,65,70,72,Allsvenskan
Malmö FF,93ohqui2qgqm8408viwmm1ken,exjh8bh8c2e3s273z1sc2gm50,T. Lundbergh,Theodor Lundbergh,18.0,Midfielder,Sweden,Midfielder,172.0,241.0,10.0,412.0,8.0,1.0,47.0,23.0,788.0,7.0,1.0,1.0,10.0,2.0,1.0,1.0,0.0,9.0,10.0,0.0,19.0,1.0,27.0,6.0,14.0,0.0,0.0,85.3,62.5,16.67,66.67,50.0,49.47,42.11,53.85,0.1602131027017163,0.877049548622923,1.0,18.0,0.5870883499999999,12.0,37.0,35.0,1.3173642200000002,176.0,19.64467005076142,27.525380710659896,1.1421319796954317,47.055837563451774,0.9137055837563453,0.1142131979695431,5.368020304568527,2.626903553299492,0.7994923857868019,0.1142131979695431,0.1142131979695431,1.1421319796954317,0.2284263959390862,0.1142131979695431,0.1142131979695431,0.0,1.027918781725888,1.1421319796954317,0.0,2.17005076142132,0.1142131979695431,3.083756345177665,0.6852791878172588,1.598984771573604,0.0,0.0,85.3,62.5,16.67,66.67,50.0,49.47,42.11,53.85,0.0182984508161858,0.1001706337259683,0.1142131979695431,2.0558375634517763,0.0670532379441624,1.3705583756345177,4.225888324873096,3.9974619289340096,0.1504603804568528,20.1015228426396,LM/LCM,100,75,69,88,69,100,62,88,38,44,50,62,19,25,19,25,25,25,38,94,19,75,50,88,56,56,50,50,69,88,88,50,69,62,25,62,25,38,38,75,75,62,62,75,75,75,50,88,62,100,25,75,12,25,50,50,12,25,12,25,25,25,38,100,12,50,38,75,56,56,50,50,69,88,88,50,69,62,12,50,25,38,38,62,100,50,50,100,Allsvenskan
Mjällby,spvvjmk37iid7hsky9g3nce7,13k94iyejsdn4e51jx32rb23u,J. Kjær,Jeppe Kjær,22.0,Midfielder,Denmark,Midfielder,69.0,200.0,13.0,264.0,1.0,0.0,58.0,4.0,706.0,23.0,5.0,1.0,13.0,14.0,3.0,11.0,2.0,44.0,46.0,2.0,3.0,6.0,16.0,22.0,9.0,0.0,0.0,83.54,44.83,19.23,50.0,42.86,44.96,20.0,75.0,1.0570808135747214,1.318042872105172,6.0,43.0,1.0619736599999998,15.0,28.0,39.0,1.0700666,112.0,8.796033994334278,25.495750708215297,1.6572237960339944,33.654390934844194,0.1274787535410765,0.0,7.393767705382436,0.509915014164306,2.93201133144476,0.6373937677053825,0.1274787535410765,1.6572237960339944,1.7847025495750708,0.3824362606232295,1.4022662889518414,0.254957507082153,5.609065155807365,5.864022662889519,0.254957507082153,0.3824362606232295,0.764872521246459,2.039660056657224,2.8045325779036827,1.1473087818696883,0.0,0.0,83.54,44.83,19.23,50.0,42.86,44.96,20.0,75.0,0.1347553445066925,0.1680224624496678,0.764872521246459,5.481586402266289,0.1353790784702549,1.912181303116148,3.5694050991501416,4.971671388101983,0.1364107563739376,14.277620396600566,RM/RCM,40,77,73,60,17,50,77,30,93,63,60,67,53,33,87,40,93,93,77,33,77,40,100,40,53,53,80,73,27,73,87,27,20,87,47,73,70,93,87,87,77,87,60,60,47,100,87,87,13,50,100,13,100,53,67,73,60,20,87,47,100,100,80,27,87,27,100,53,53,53,80,73,27,73,87,27,20,87,47,73,73,100,100,93,87,93,67,87,Allsvenskan
Mjällby,spvvjmk37iid7hsky9g3nce7,15mg49mqn215ce4ojukev0o2x,J. Bergström,Jacob Bergström,31.0,Attacker,Sweden,Striker,87.0,97.0,1.0,184.0,30.0,0.0,68.0,9.0,1300.0,21.0,0.0,0.0,8.0,26.0,25.0,1.0,4.0,12.0,12.0,7.0,7.0,15.0,53.0,8.0,5.0,0.0,0.0,74.19,16.67,0.0,66.67,57.69,37.57,31.25,55.56,3.7944930622399,0.4414524466995089,2.0,8.0,0.17903429,2.0,6.0,9.0,0.3547393799999999,50.0,6.023076923076923,6.715384615384616,0.0692307692307692,12.738461538461538,2.076923076923077,0.0,4.707692307692308,0.6230769230769231,1.4538461538461538,0.0,0.0,0.5538461538461539,1.8,1.7307692307692308,0.0692307692307692,0.2769230769230769,0.8307692307692307,0.8307692307692307,0.4846153846153846,0.4846153846153846,1.0384615384615383,3.669230769230769,0.5538461538461539,0.3461538461538461,0.0,0.0,74.19,16.67,0.0,66.67,57.69,37.57,31.25,55.56,0.2626956735396853,0.0305620924638121,0.1384615384615384,0.5538461538461539,0.0123946816153846,0.1384615384615384,0.4153846153846153,0.6230769230769231,0.0245588801538461,3.4615384615384617,ST,92,67,36,69,97,50,95,73,87,31,26,59,69,77,26,55,56,55,87,82,81,69,73,62,51,51,67,29,31,88,97,28,41,35,77,49,36,51,44,38,54,58,54,67,77,33,31,49,69,50,49,41,59,31,26,15,23,41,21,21,18,18,77,62,69,26,38,33,51,51,67,29,31,88,97,28,41,35,44,21,13,18,15,13,21,23,23,28,Allsvenskan
Mjällby,spvvjmk37iid7hsky9g3nce7,1su6q0dv81v8q5mjfhh9p5kwk,T. Helge,Teo Helge,21.0,Midfielder,Sweden,Midfielder,38.0,35.0,2.0,73.0,2.0,0.0,10.0,2.0,155.0,3.0,0.0,0.0,1.0,2.0,0.0,2.0,0.0,1.0,1.0,0.0,1.0,1.0,1.0,0.0,3.0,0.0,0.0,86.9,66.67,0.0,0.0,50.0,58.82,0.0,60.0,0.1049153149060479,0.0637486561998699,2.0,6.0,0.12824304,3.0,7.0,3.0,0.10779641,31.0,22.064516129032256,20.32258064516129,1.161290322580645,42.38709677419354,1.161290322580645,0.0,5.806451612903225,1.161290322580645,1.7419354838709675,0.0,0.0,0.5806451612903225,1.161290322580645,0.0,1.161290322580645,0.0,0.5806451612903225,0.5806451612903225,0.0,0.5806451612903225,0.5806451612903225,0.5806451612903225,0.0,1.7419354838709675,0.0,0.0,86.9,66.67,0.0,0.0,50.0,58.82,0.0,60.0,0.0609185699454471,0.0370153487612147,1.161290322580645,3.4838709677419355,0.0744637006451613,1.7419354838709675,4.064516129032258,1.7419354838709675,0.0625914638709677,18.0,LM/LCM,25,12,19,12,50,50,12,25,12,12,25,12,19,12,50,25,12,12,38,19,19,12,12,31,56,56,75,62,12,12,88,100,31,75,12,12,44,12,12,12,25,12,12,12,100,38,62,75,88,50,75,62,62,12,25,12,25,12,88,25,12,12,38,50,50,12,12,88,56,56,75,62,12,12,88,100,31,75,25,12,75,62,50,75,88,38,12,75,Allsvenskan
Mjällby,spvvjmk37iid7hsky9g3nce7,48wcoed2907qqcsfoyhd4y87o,O. Lindberg,Olle Lindberg,18.0,Midfielder,Sweden,Midfielder,17.0,51.0,2.0,68.0,2.0,0.0,8.0,5.0,276.0,0.0,0.0,1.0,6.0,5.0,4.0,1.0,0.0,5.0,5.0,2.0,0.0,3.0,16.0,3.0,2.0,0.0,0.0,78.16,50.0,0.0,60.0,60.0,25.81,25.0,66.67,0.5234764818126056,0.5785203064777608,0.0,7.0,0.21907501,3.0,9.0,10.0,0.5493957700000001,40.0,5.5434782608695645,16.630434782608695,0.6521739130434783,22.17391304347825,0.6521739130434783,0.0,2.608695652173913,1.6304347826086956,0.0,0.0,0.3260869565217391,1.9565217391304344,1.6304347826086956,1.3043478260869563,0.3260869565217391,0.0,1.6304347826086956,1.6304347826086956,0.6521739130434783,0.0,0.9782608695652172,5.217391304347826,0.9782608695652172,0.6521739130434783,0.0,0.0,78.16,50.0,0.0,60.0,60.0,25.81,25.0,66.67,0.1706988527649801,0.1886479260253567,0.0,2.282608695652174,0.0714375032608695,0.9782608695652172,2.934782608695652,3.260869565217391,0.1791507945652174,13.043478260869565,CM/AM,9,14,17,14,35,51,8,39,4,12,54,27,18,31,11,4,17,16,70,5,40,34,27,9,51,51,35,50,12,93,94,6,42,62,29,35,7,18,24,26,27,22,29,21,12,39,35,31,61,51,8,80,4,12,86,71,51,78,22,4,41,39,96,5,86,96,67,16,51,51,35,50,12,93,94,6,42,62,57,73,7,49,65,31,51,47,71,53,Allsvenskan
Mjällby,spvvjmk37iid7hsky9g3nce7,4zypjoj5r2y9fqpqxn8cd7o16,I. Hoffmann,Ian Hoffmann,24.0,Defender,USA,Defender,19.0,19.0,3.0,38.0,1.0,0.0,6.0,4.0,101.0,2.0,0.0,0.0,1.0,0.0,0.0,0.0,0.0,2.0,2.0,0.0,1.0,0.0,2.0,1.0,2.0,0.0,0.0,77.55,33.33,0.0,50.0,0.0,75.0,0.0,100.0,0.0,0.0742251656625896,0.0,4.0,0.10233234,4.0,4.0,4.0,0.1183,12.0,16.93069306930693,16.93069306930693,2.6732673267326734,33.86138613861386,0.8910891089108911,0.0,5.346534653465347,3.5643564356435644,1.7821782178217822,0.0,0.0,0.8910891089108911,0.0,0.0,0.0,0.0,1.7821782178217822,1.7821782178217822,0.0,0.8910891089108911,0.0,1.7821782178217822,0.8910891089108911,1.7821782178217822,0.0,0.0,77.55,33.33,0.0,50.0,0.0,75.0,0.0,100.0,0.0,0.0661412367290402,0.0,3.5643564356435644,0.0911872336633663,3.5643564356435644,3.5643564356435644,3.5643564356435644,0.1054158415841584,10.693069306930694,CB,5,5,8,2,3,39,6,4,23,30,41,33,8,11,28,16,44,42,28,5,18,14,44,15,51,51,8,20,30,58,18,100,2,99,8,36,27,45,48,64,17,14,12,9,12,55,65,15,11,39,77,20,95,30,41,94,8,11,28,16,95,95,28,40,18,79,98,97,51,51,8,20,30,58,18,100,2,99,8,89,27,98,98,100,67,56,61,12,Allsvenskan
Mjällby,spvvjmk37iid7hsky9g3nce7,507n9mr51v21q8isz9ll3m6eh,A. Norén,Axel Norén,27.0,Defender,Sweden,Defender,460.0,191.0,53.0,651.0,31.0,0.0,69.0,43.0,1058.0,14.0,0.0,0.0,6.0,7.0,6.0,1.0,2.0,3.0,3.0,0.0,25.0,2.0,22.0,0.0,12.0,0.0,0.0,83.35,48.18,0.0,0.0,28.57,58.97,64.58,48.0,0.9162144629628344,0.57453675905048,1.0,4.0,0.0786437899999999,0.0,52.0,54.0,1.5863421400000008,455.0,39.130434782608695,16.247637051039696,4.508506616257089,55.37807183364839,2.637051039697542,0.0,5.869565217391304,3.657844990548204,1.1909262759924384,0.0,0.0,0.5103969754253308,0.5954631379962192,0.5103969754253308,0.0850661625708884,0.1701323251417769,0.2551984877126654,0.2551984877126654,0.0,2.126654064272212,0.1701323251417769,1.8714555765595464,0.0,1.0207939508506616,0.0,0.0,83.35,48.18,0.0,0.0,28.57,58.97,64.58,48.0,0.0779388484561957,0.0488736373483395,0.0850661625708884,0.3402646502835538,0.0066899254253308,0.0,4.4234404536862,4.593572778827977,0.1349440383742911,38.70510396975425,CB,80,61,95,77,86,39,85,56,89,30,41,87,69,73,69,77,55,55,28,96,67,88,14,75,51,51,26,70,30,14,57,52,64,15,74,85,64,45,42,16,83,79,80,86,79,52,95,67,82,39,89,21,79,30,41,77,59,67,70,65,47,47,28,97,62,83,14,65,51,51,26,70,30,14,57,52,64,15,70,80,67,32,27,16,76,73,82,85,Allsvenskan
Mjällby,spvvjmk37iid7hsky9g3nce7,5h6xr50d54zcxnktz7q58oa1h,T. Pettersson,Tom Pettersson,36.0,Defender,Sweden,Defender,134.0,96.0,20.0,229.0,16.0,0.0,21.0,14.0,468.0,3.0,1.0,0.0,1.0,7.0,6.0,1.0,2.0,2.0,2.0,2.0,9.0,3.0,11.0,0.0,2.0,0.0,0.0,84.81,45.45,14.29,0.0,42.86,53.85,61.54,100.0,0.9720206122178164,0.0710456581809583,0.0,4.0,0.0928804199999999,1.0,16.0,22.0,0.36935798,120.0,25.76923076923077,18.46153846153846,3.846153846153846,44.03846153846154,3.0769230769230766,0.0,4.038461538461538,2.692307692307692,0.5769230769230769,0.1923076923076923,0.0,0.1923076923076923,1.346153846153846,1.1538461538461535,0.1923076923076923,0.3846153846153846,0.3846153846153846,0.3846153846153846,0.3846153846153846,1.7307692307692306,0.5769230769230769,2.1153846153846154,0.0,0.3846153846153846,0.0,0.0,84.81,45.45,14.29,0.0,42.86,53.85,61.54,100.0,0.1869270408111185,0.0136626265732612,0.0,0.7692307692307692,0.0178616192307692,0.1923076923076923,3.0769230769230766,4.230769230769231,0.0710303807692307,23.07692307692308,LB/LCB,36,20,66,32,76,42,22,20,18,24,26,10,52,76,26,48,10,10,94,42,84,34,6,8,50,50,84,88,26,6,96,60,84,98,84,8,12,12,12,8,24,28,16,40,76,48,96,72,100,42,40,36,24,24,26,8,88,96,48,68,12,8,100,84,100,76,6,4,50,50,84,88,26,6,96,60,84,98,100,8,12,20,20,8,48,56,16,80,Allsvenskan
Mjällby,spvvjmk37iid7hsky9g3nce7,7rz0lp58sfrby20ksgwtswui2,L. Svanberg,Ludvig Svanberg,23.0,Defender,Sweden,Defender,115.0,57.0,12.0,172.0,16.0,0.0,25.0,9.0,382.0,0.0,0.0,0.0,1.0,2.0,2.0,0.0,0.0,1.0,1.0,1.0,9.0,2.0,5.0,1.0,7.0,0.0,0.0,88.66,66.67,0.0,100.0,100.0,58.14,61.54,87.5,0.3189350746843231,0.0332421537998109,0.0,5.0,0.10737706,2.0,13.0,14.0,0.3124331099999999,113.0,27.094240837696336,13.429319371727749,2.8272251308900525,40.52356020942408,3.769633507853403,0.0,5.890052356020942,2.1204188481675392,0.0,0.0,0.0,0.2356020942408377,0.4712041884816754,0.4712041884816754,0.0,0.0,0.2356020942408377,0.2356020942408377,0.2356020942408377,2.1204188481675392,0.4712041884816754,1.1780104712041886,0.2356020942408377,1.649214659685864,0.0,0.0,88.66,66.67,0.0,100.0,100.0,58.14,61.54,87.5,0.0751417715224845,0.0078319210523114,0.0,1.1780104712041886,0.025298260209424,0.4712041884816754,3.06282722513089,3.298429319371728,0.0736098950261779,26.62303664921465,CB,22,27,30,23,56,39,38,11,5,30,41,33,30,33,28,16,27,26,71,49,67,32,44,54,51,51,61,98,30,89,100,47,57,97,35,27,27,50,50,48,32,31,27,32,32,30,70,35,92,39,91,6,5,30,41,47,47,58,28,16,42,42,89,95,92,58,65,91,51,51,61,98,30,89,100,47,57,97,64,30,27,68,67,67,55,50,36,45,Allsvenskan
Mjällby,spvvjmk37iid7hsky9g3nce7,8gi5ld2k1u9c96bb4pwxxbu5m,Á. Samuelsen,Áki Samuelsen,22.0,Attacker,Faroe Islands,Striker,77.0,164.0,14.0,230.0,1.0,0.0,37.0,11.0,740.0,20.0,11.0,2.0,17.0,24.0,15.0,9.0,8.0,17.0,18.0,2.0,6.0,12.0,40.0,9.0,5.0,0.0,0.0,80.7,56.0,31.43,52.94,50.0,42.53,16.67,71.43,1.9289651990877688,1.7985642328387086,11.0,34.0,0.94199269,11.0,21.0,17.0,1.26813196,100.0,9.364864864864863,19.945945945945947,1.7027027027027029,27.97297297297297,0.1216216216216216,0.0,4.5,1.337837837837838,2.4324324324324325,1.337837837837838,0.2432432432432432,2.067567567567568,2.91891891891892,1.8243243243243248,1.0945945945945947,0.972972972972973,2.067567567567568,2.189189189189189,0.2432432432432432,0.7297297297297298,1.4594594594594597,4.864864864864865,1.0945945945945947,0.6081081081081081,0.0,0.0,80.7,56.0,31.43,52.94,50.0,42.53,16.67,71.43,0.2346038755647286,0.2187442985884916,1.337837837837838,4.135135135135136,0.1145666785135135,1.337837837837838,2.5540540540540544,2.067567567567568,0.1542322654054054,12.162162162162163,LW,83,54,92,75,21,54,58,100,83,79,62,67,58,58,67,58,50,50,58,71,79,58,58,42,54,54,75,83,100,83,96,33,25,67,58,67,58,71,75,75,75,50,58,75,92,67,100,75,17,54,42,92,100,100,50,92,67,50,83,67,42,42,50,58,83,33,50,17,54,54,75,83,100,83,96,33,25,67,50,92,75,75,58,58,92,25,42,92,Allsvenskan
Mjällby,spvvjmk37iid7hsky9g3nce7,8q8yol44e42o9hwttlopznvh0,M. Nielsen,Max Nielsen,21.0,Defender,Denmark,Defender,18.0,64.0,0.0,79.0,0.0,0.0,28.0,2.0,368.0,12.0,3.0,3.0,10.0,5.0,2.0,3.0,1.0,19.0,19.0,0.0,3.0,0.0,19.0,10.0,3.0,0.0,0.0,73.83,0.0,42.86,52.63,0.0,48.28,0.0,50.0,0.5293066926672482,1.101633465568456,3.0,21.0,0.7027302599999999,7.0,2.0,5.0,0.9724830800000002,27.0,4.402173913043479,15.65217391304348,0.0,19.320652173913047,0.0,0.0,6.847826086956522,0.4891304347826087,2.9347826086956523,0.7336956521739131,0.7336956521739131,2.4456521739130435,1.2228260869565215,0.4891304347826087,0.7336956521739131,0.2445652173913043,4.646739130434783,4.646739130434783,0.0,0.7336956521739131,0.0,4.646739130434783,2.4456521739130435,0.7336956521739131,0.0,0.0,73.83,0.0,42.86,52.63,0.0,48.28,0.0,50.0,0.1294500063588378,0.2694212279922854,0.7336956521739131,5.135869565217392,0.1718633788043478,1.7119565217391306,0.4891304347826087,1.2228260869565215,0.2378355358695652,6.603260869565218,RB/RCB,20,30,10,25,5,40,40,10,75,50,95,72,48,42,65,32,85,85,38,20,18,60,85,10,50,52,25,10,88,60,18,25,5,10,60,65,75,80,85,52,15,20,55,20,10,40,10,20,5,40,90,5,100,65,100,100,100,60,95,70,100,100,38,25,18,100,95,10,50,52,25,10,88,60,18,25,5,10,100,95,100,100,100,95,10,10,95,15,Allsvenskan
Mjällby,spvvjmk37iid7hsky9g3nce7,93qjy2eilbuufwu2kbwpfng7p,V. Gustafson,Viktor Gustafson,31.0,Midfielder,Sweden,Midfielder,136.0,172.0,9.0,304.0,4.0,0.0,36.0,11.0,775.0,10.0,4.0,0.0,7.0,8.0,2.0,6.0,2.0,12.0,13.0,0.0,6.0,4.0,17.0,8.0,7.0,0.0,0.0,75.62,28.12,36.36,66.67,50.0,42.35,36.36,50.0,1.1448535926206107,0.7607230595530168,6.0,15.0,0.42101517,4.0,26.0,26.0,1.6777649600000004,128.0,15.793548387096775,19.9741935483871,1.0451612903225806,35.303225806451614,0.4645161290322581,0.0,4.180645161290323,1.2774193548387098,1.1612903225806452,0.4645161290322581,0.0,0.8129032258064517,0.9290322580645162,0.232258064516129,0.6967741935483871,0.232258064516129,1.3935483870967742,1.5096774193548388,0.0,0.6967741935483871,0.4645161290322581,1.974193548387097,0.9290322580645162,0.8129032258064517,0.0,0.0,75.62,28.12,36.36,66.67,50.0,42.35,36.36,50.0,0.1329507397881999,0.0883420327222858,0.6967741935483871,1.7419354838709675,0.0488920842580645,0.4645161290322581,3.0193548387096776,3.0193548387096776,0.1948372211612903,14.86451612903226,DM/CM,35,38,25,35,42,46,42,38,54,78,28,45,54,41,59,46,62,64,31,35,72,72,75,30,50,51,5,2,82,95,96,12,32,28,78,52,71,44,50,31,34,32,60,32,20,22,5,10,40,46,38,35,57,78,28,45,52,40,75,42,78,78,31,18,85,88,88,18,50,51,5,2,82,95,96,12,32,28,90,65,78,45,57,20,20,18,88,10,Allsvenskan
Mjällby,spvvjmk37iid7hsky9g3nce7,965y7z513tlxlsc19helfdffu,T. Miettinen,Tony Miettinen,23.0,Defender,Finland,Defender,353.0,234.0,39.0,584.0,29.0,1.0,63.0,44.0,1146.0,11.0,3.0,2.0,4.0,10.0,7.0,3.0,1.0,15.0,15.0,0.0,9.0,3.0,23.0,4.0,7.0,0.0,0.0,81.79,39.8,37.5,26.67,30.0,52.07,65.91,36.84,0.9765994265222976,0.4173344557363611,5.0,10.0,0.2046924,4.0,47.0,52.0,1.7058817899999994,322.0,27.72251308900524,18.376963350785346,3.0628272251308903,45.86387434554974,2.2774869109947646,0.0785340314136125,4.947643979057592,3.455497382198953,0.8638743455497383,0.2356020942408377,0.1570680628272251,0.3141361256544502,0.7853403141361257,0.549738219895288,0.2356020942408377,0.0785340314136125,1.1780104712041886,1.1780104712041886,0.0,0.7068062827225131,0.2356020942408377,1.806282722513089,0.3141361256544502,0.549738219895288,0.0,0.0,81.79,39.8,37.5,26.67,30.0,52.07,65.91,36.84,0.0766962900410181,0.0327749572567822,0.3926701570680628,0.7853403141361257,0.0160753193717277,0.3141361256544502,3.691099476439791,4.0837696335078535,0.1339697740837696,25.287958115183248,CB,67,76,85,67,83,86,79,59,86,86,98,71,84,79,88,48,97,97,28,49,82,92,89,54,51,51,18,47,84,39,60,23,68,11,80,77,95,71,71,64,73,74,86,65,35,61,74,47,73,89,62,18,65,80,94,61,73,71,82,42,89,88,28,18,73,80,74,23,51,51,18,47,84,39,60,23,68,11,68,65,86,55,55,47,68,68,80,42,Allsvenskan
Mjällby,spvvjmk37iid7hsky9g3nce7,9dfl060r1skgp74piehh2uvhl,T. Stavitski,Timo Stavitski,27.0,Attacker,Finland,Striker,20.0,14.0,0.0,34.0,1.0,0.0,6.0,3.0,112.0,1.0,0.0,0.0,2.0,1.0,1.0,0.0,1.0,0.0,1.0,0.0,1.0,0.0,3.0,0.0,1.0,0.0,0.0,87.18,0.0,0.0,0.0,0.0,54.55,0.0,25.0,0.0876982283384197,0.087310822845053,1.0,2.0,0.0620483,1.0,1.0,1.0,0.0334264099999999,9.0,16.07142857142857,11.25,0.0,27.32142857142857,0.8035714285714286,0.0,4.821428571428571,2.4107142857142856,0.8035714285714286,0.0,0.0,1.6071428571428572,0.8035714285714286,0.8035714285714286,0.0,0.8035714285714286,0.0,0.8035714285714286,0.0,0.8035714285714286,0.0,2.4107142857142856,0.0,0.8035714285714286,0.0,0.0,87.18,0.0,0.0,0.0,0.0,54.55,0.0,25.0,0.0704717906290872,0.0701604826433461,0.8035714285714286,1.6071428571428572,0.0498602410714285,0.8035714285714286,0.8035714285714286,0.8035714285714286,0.0268605080357142,7.232142857142857,ST,38,13,14,26,6,50,5,35,5,31,26,15,3,5,9,19,3,6,18,36,5,3,4,17,51,51,100,14,31,4,5,97,6,15,3,18,18,19,21,21,17,13,13,15,100,67,14,92,33,50,54,97,23,31,26,82,8,13,9,74,3,13,18,79,5,8,4,64,51,51,100,14,31,4,5,97,6,15,5,49,62,72,67,79,38,36,28,77,Allsvenskan
Mjällby,spvvjmk37iid7hsky9g3nce7,a0i74nqik3lbi02ngno0m0ys4,Abdullah Iqbal,Abdullah Iqbal,24.0,Defender,Pakistan,Defender,410.0,286.0,48.0,695.0,15.0,0.0,45.0,48.0,1110.0,7.0,1.0,1.0,4.0,3.0,3.0,0.0,1.0,10.0,10.0,0.0,19.0,2.0,12.0,5.0,12.0,0.0,0.0,85.91,56.47,20.0,50.0,66.67,52.33,71.43,66.67,0.3910003437473946,0.4445037892271984,1.0,22.0,0.51808519,16.0,68.0,73.0,2.146416400000001,423.0,33.24324324324324,23.18918918918919,3.891891891891892,56.35135135135135,1.2162162162162162,0.0,3.6486486486486487,3.891891891891892,0.5675675675675675,0.081081081081081,0.081081081081081,0.3243243243243243,0.2432432432432432,0.2432432432432432,0.0,0.081081081081081,0.8108108108108107,0.8108108108108107,0.0,1.5405405405405406,0.1621621621621621,0.9729729729729728,0.4054054054054054,0.9729729729729728,0.0,0.0,85.91,56.47,20.0,50.0,66.67,52.33,71.43,66.67,0.031702730574113,0.0360408477751782,0.081081081081081,1.7837837837837838,0.0420069072972972,1.2972972972972971,5.513513513513513,5.918918918918918,0.1740337621621622,34.2972972972973,CB,73,88,92,82,53,39,59,62,61,68,89,71,45,46,28,48,92,92,28,83,67,65,92,75,51,51,45,89,68,58,98,24,80,67,47,79,64,89,91,98,91,92,94,77,61,77,89,70,23,39,29,26,42,64,86,64,26,32,28,44,82,82,28,77,58,45,79,59,51,51,45,89,68,58,98,24,80,67,32,68,64,77,80,94,83,86,92,70,Allsvenskan
Mjällby,spvvjmk37iid7hsky9g3nce7,atxo9oz3czimyk1t4xigfrkrt,V. Granath,Villiam Granath,27.0,Midfielder,Sweden,Midfielder,131.0,169.0,11.0,295.0,21.0,0.0,63.0,20.0,918.0,8.0,5.0,2.0,13.0,17.0,12.0,5.0,2.0,21.0,22.0,1.0,4.0,5.0,39.0,9.0,14.0,0.0,0.0,79.09,40.74,45.45,42.86,29.41,50.0,58.33,56.0,1.674050355911487,0.995747923815456,5.0,21.0,0.60562061,9.0,20.0,20.0,1.1900318600000004,119.0,12.84313725490196,16.568627450980394,1.0784313725490198,28.92156862745098,2.058823529411765,0.0,6.176470588235294,1.9607843137254903,0.7843137254901962,0.4901960784313726,0.196078431372549,1.2745098039215688,1.6666666666666667,1.1764705882352942,0.4901960784313726,0.196078431372549,2.058823529411765,2.1568627450980395,0.0980392156862745,0.3921568627450981,0.4901960784313726,3.823529411764706,0.8823529411764707,1.3725490196078431,0.0,0.0,79.09,40.74,45.45,42.86,29.41,50.0,58.33,56.0,0.1641225839128909,0.0976223454721035,0.4901960784313726,2.058823529411765,0.0593745696078431,0.8823529411764707,1.9607843137254903,1.9607843137254903,0.1166697901960784,11.666666666666668,RM/RCM,73,50,67,80,100,50,87,80,43,63,80,67,63,67,63,40,60,60,57,40,63,67,67,80,53,53,53,60,93,53,57,70,93,33,67,67,57,60,60,60,67,47,67,67,73,33,60,53,100,50,87,80,13,47,80,47,47,67,53,40,60,60,53,33,67,80,53,67,53,53,53,60,93,53,57,70,93,33,60,40,53,60,60,40,47,20,47,40,Allsvenskan
Mjällby,spvvjmk37iid7hsky9g3nce7,bqravo7lm21jq5m4cz8uhx638,B. Bang-Kittilsen,Bork Bang-Kittilsen,21.0,Attacker,Norway,Striker,16.0,24.0,0.0,40.0,2.0,0.0,9.0,1.0,145.0,2.0,0.0,0.0,0.0,6.0,4.0,2.0,3.0,6.0,6.0,0.0,2.0,1.0,7.0,4.0,1.0,0.0,0.0,85.11,0.0,0.0,66.67,16.67,47.37,0.0,100.0,0.5748037046823636,0.0,2.0,0.0,0.0,1.0,2.0,4.0,0.13069015,16.0,9.93103448275862,14.89655172413793,0.0,24.82758620689655,1.2413793103448276,0.0,5.586206896551724,0.6206896551724138,1.2413793103448276,0.0,0.0,0.0,3.724137931034482,2.4827586206896552,1.2413793103448276,1.862068965517241,3.724137931034482,3.724137931034482,0.0,1.2413793103448276,0.6206896551724138,4.344827586206897,2.4827586206896552,0.6206896551724138,0.0,0.0,85.11,0.0,0.0,66.67,16.67,47.37,0.0,100.0,0.3567747132511222,0.0,1.2413793103448276,0.0,0.0,0.6206896551724138,1.2413793103448276,2.4827586206896552,0.081118024137931,9.93103448275862,ST,36,28,14,31,12,50,14,15,13,31,26,5,23,19,44,45,31,29,18,56,14,5,45,17,51,51,97,14,31,88,15,79,6,96,23,6,36,5,5,21,24,35,31,33,92,90,14,90,46,50,72,38,49,31,26,5,95,77,90,97,95,92,18,95,33,41,97,54,51,51,97,14,31,88,15,79,6,96,69,6,90,5,5,62,71,87,77,90,Allsvenskan
Mjällby,spvvjmk37iid7hsky9g3nce7,czfitwajt0sayki90i3fk5n85,J. Gustavsson,Jesper Gustavsson,31.0,Midfielder,Sweden,Midfielder,349.0,320.0,32.0,669.0,13.0,0.0,55.0,18.0,1305.0,14.0,0.0,2.0,12.0,5.0,1.0,4.0,1.0,14.0,15.0,0.0,21.0,1.0,5.0,7.0,14.0,0.0,0.0,84.9,40.51,0.0,50.0,20.0,46.22,50.0,66.67,0.3936915787871843,0.9814821862947406,3.0,11.0,0.31233913,6.0,65.0,56.0,1.3759603099999995,295.0,24.06896551724138,22.06896551724138,2.206896551724138,46.13793103448276,0.896551724137931,0.0,3.793103448275862,1.2413793103448276,0.9655172413793104,0.0,0.1379310344827586,0.8275862068965517,0.3448275862068966,0.0689655172413793,0.2758620689655172,0.0689655172413793,0.9655172413793104,1.0344827586206895,0.0,1.4482758620689655,0.0689655172413793,0.3448275862068966,0.4827586206896552,0.9655172413793104,0.0,0.0,84.9,40.51,0.0,50.0,20.0,46.22,50.0,66.67,0.0271511433646334,0.0676884266410166,0.2068965517241379,0.7586206896551724,0.0215406296551724,0.4137931034482758,4.482758620689655,3.8620689655172415,0.0948938144827585,20.344827586206897,DM/CM,82,66,75,80,81,46,56,59,65,19,80,70,34,24,42,30,68,68,31,75,38,25,68,56,50,51,40,18,19,62,42,28,75,66,32,68,38,31,40,41,65,57,48,55,72,48,52,60,72,46,28,32,45,19,75,48,15,18,28,25,52,52,31,68,30,15,60,28,50,51,40,18,19,62,42,28,75,66,12,52,28,20,22,18,48,38,30,40,Allsvenskan
Mjällby,spvvjmk37iid7hsky9g3nce7,d69z6vl1wfbge2lc46b3skv3e,A. Youssef,Ali Youssef,26.0,Attacker,Tunisia,Striker,3.0,13.0,1.0,16.0,1.0,0.0,8.0,1.0,133.0,1.0,0.0,0.0,1.0,5.0,5.0,0.0,1.0,6.0,6.0,1.0,1.0,1.0,10.0,4.0,0.0,0.0,0.0,55.17,33.33,0.0,66.67,20.0,44.44,0.0,0.0,0.636447145227059,0.0696674500106396,0.0,4.0,0.10784879,1.0,1.0,3.0,0.10325123,6.0,2.0300751879699246,8.796992481203008,0.6766917293233082,10.827067669172932,0.6766917293233082,0.0,5.413533834586466,0.6766917293233082,0.6766917293233082,0.0,0.0,0.6766917293233082,3.3834586466165413,3.3834586466165413,0.0,0.6766917293233082,4.060150375939849,4.060150375939849,0.6766917293233082,0.6766917293233082,0.6766917293233082,6.7669172932330826,2.706766917293233,0.0,0.0,0.0,55.17,33.33,0.0,66.67,20.0,44.44,0.0,0.0,0.4306785193265813,0.0471433872252448,0.0,2.706766917293233,0.0729803842105263,0.6766917293233082,0.6766917293233082,2.0300751879699246,0.0698692533834586,4.060150375939849,ST,5,10,36,6,6,50,9,15,5,31,26,10,17,27,9,19,31,29,46,36,14,19,45,8,51,51,5,42,31,88,18,71,6,8,26,15,5,32,28,21,17,27,28,10,5,54,74,36,31,50,64,51,18,31,26,26,79,95,9,64,97,97,92,74,36,87,100,8,51,51,5,42,31,88,18,71,6,8,95,36,5,95,87,69,33,72,67,44,Allsvenskan
Mjällby,spvvjmk37iid7hsky9g3nce7,eb0ovd9v1dlil87ty5ueboy6s,L. Tidstrand,Ludvig Tidstrand,21.0,Midfielder,Sweden,Midfielder,100.0,63.0,10.0,162.0,11.0,0.0,34.0,19.0,445.0,5.0,1.0,0.0,3.0,6.0,4.0,2.0,0.0,10.0,11.0,0.0,5.0,2.0,16.0,7.0,7.0,0.0,0.0,74.31,29.41,14.29,70.0,33.33,50.75,52.38,63.64,0.5366752717964541,0.2881979940193774,2.0,7.0,0.15473096,5.0,8.0,6.0,0.31155194,69.0,20.2247191011236,12.741573033707864,2.02247191011236,32.764044943820224,2.224719101123596,0.0,6.876404494382022,3.842696629213483,1.0112359550561798,0.2022471910112359,0.0,0.6067415730337078,1.2134831460674156,0.8089887640449438,0.4044943820224719,0.0,2.02247191011236,2.224719101123596,0.0,1.0112359550561798,0.4044943820224719,3.235955056179775,1.4157303370786516,1.4157303370786516,0.0,0.0,74.31,29.41,14.29,70.0,33.33,50.75,52.38,63.64,0.1085410662060244,0.058287234745492,0.4044943820224719,1.4157303370786516,0.0312939020224719,1.0112359550561798,1.6179775280898876,1.2134831460674156,0.0630105047191011,13.95505617977528,LM/LCM,62,25,69,50,88,50,50,75,25,44,25,25,38,38,50,25,38,38,38,62,38,25,62,62,56,56,12,12,50,100,44,75,88,88,38,25,44,25,25,38,38,25,25,50,88,12,88,38,100,50,88,100,38,38,25,25,38,50,38,25,50,50,38,75,38,62,62,62,56,56,12,12,50,100,44,75,88,88,50,25,38,12,12,38,25,12,25,38,Allsvenskan
Mjällby,spvvjmk37iid7hsky9g3nce7,to4j02so007q7mkqpnrrumtw,R. Leandersson,Romeo Leandersson,18.0,Midfielder,Sweden,Midfielder,52.0,79.0,4.0,131.0,0.0,0.0,14.0,3.0,333.0,3.0,0.0,0.0,1.0,0.0,0.0,0.0,0.0,5.0,5.0,0.0,0.0,0.0,5.0,2.0,8.0,0.0,0.0,87.33,44.44,0.0,40.0,0.0,58.33,0.0,88.89,0.0,0.1390990686030293,0.0,11.0,0.27381854,2.0,10.0,8.0,0.4181253,59.0,14.054054054054053,21.35135135135135,1.081081081081081,35.4054054054054,0.0,0.0,3.783783783783784,0.8108108108108107,0.8108108108108107,0.0,0.0,0.2702702702702702,0.0,0.0,0.0,0.0,1.351351351351351,1.351351351351351,0.0,0.0,0.0,1.351351351351351,0.5405405405405405,2.162162162162162,0.0,0.0,87.33,44.44,0.0,40.0,0.0,58.33,0.0,88.89,0.0,0.0375943428656836,0.0,2.972972972972973,0.0740050108108108,0.5405405405405405,2.702702702702702,2.162162162162162,0.1130068378378378,15.945945945945946,DM/CM,10,22,14,12,4,46,22,15,29,19,28,16,5,9,9,10,31,31,31,4,14,25,35,36,50,51,65,28,19,40,14,79,9,100,5,22,10,31,32,21,12,11,28,12,8,38,8,12,4,46,25,8,40,19,28,15,5,9,9,10,75,72,31,4,14,60,70,85,50,51,65,28,19,40,14,79,9,100,5,22,10,82,90,25,15,10,40,18,Allsvenskan
Västerås,auq9e9zc85fm9nspagrjetg0,18mg6ltt2g8lrnjjy5doh7xg4,B. Lendambi,Bonaventure Lendambi,20.0,Attacker,Congo,Striker,8.0,23.0,1.0,31.0,16.0,0.0,34.0,9.0,277.0,9.0,0.0,0.0,0.0,9.0,7.0,2.0,0.0,3.0,3.0,1.0,1.0,4.0,12.0,3.0,5.0,0.0,0.0,59.62,25.0,0.0,100.0,44.44,51.52,47.06,83.33,1.1232650809553786,0.0,3.0,3.0,0.09485278,1.0,0.0,0.0,0.00177491,3.0,2.5992779783393503,7.472924187725631,0.3249097472924188,10.07220216606498,5.1985559566787005,0.0,11.046931407942235,2.9241877256317688,2.9241877256317688,0.0,0.0,0.0,2.9241877256317688,2.274368231046932,0.6498194945848376,0.0,0.9747292418772564,0.9747292418772564,0.3249097472924188,0.3249097472924188,1.2996389891696751,3.898916967509025,0.9747292418772564,1.624548736462094,0.0,0.0,59.62,25.0,0.0,100.0,44.44,51.52,47.06,83.33,0.3649597735956103,0.0,0.9747292418772564,0.9747292418772564,0.0308185927797833,0.3249097472924188,0.0,0.0,0.0005766855595667,0.9747292418772564,ST,14,24,36,18,77,50,46,73,49,31,26,5,33,35,44,4,17,15,46,36,44,28,36,62,51,51,15,36,31,97,72,87,87,86,36,6,49,24,26,21,8,5,3,6,18,41,64,28,97,50,100,100,97,31,26,5,72,64,74,4,23,23,59,46,87,31,72,95,51,51,15,36,31,97,72,87,87,86,74,6,82,46,49,28,8,5,3,5,Allsvenskan
Västerås,auq9e9zc85fm9nspagrjetg0,1fe3eufdkzpwvc0kn1ykp9n2s,J. Magnusson,Jens Magnusson,21.0,Midfielder,Sweden,Midfielder,29.0,74.0,3.0,99.0,3.0,0.0,15.0,3.0,381.0,4.0,4.0,1.0,5.0,9.0,6.0,3.0,5.0,7.0,7.0,1.0,2.0,1.0,9.0,5.0,3.0,0.0,0.0,75.0,30.0,33.33,71.43,11.11,46.88,0.0,100.0,0.8074894285583136,0.6058074727612288,6.0,7.0,0.19052655,7.0,8.0,10.0,0.8629766300000001,46.0,6.850393700787402,17.480314960629922,0.7086614173228346,23.385826771653544,0.7086614173228346,0.0,3.543307086614173,0.7086614173228346,0.9448818897637796,0.9448818897637796,0.2362204724409448,1.1811023622047243,2.125984251968504,1.4173228346456692,0.7086614173228346,1.1811023622047243,1.653543307086614,1.653543307086614,0.2362204724409448,0.4724409448818897,0.2362204724409448,2.125984251968504,1.1811023622047243,0.7086614173228346,0.0,0.0,75.0,30.0,33.33,71.43,11.11,46.88,0.0,100.0,0.1907455343051134,0.1431041274239123,1.4173228346456692,1.653543307086614,0.0450062716535433,1.653543307086614,1.889763779527559,2.3622047244094486,0.2038527472440945,10.866141732283465,RM/RCM,17,20,33,20,40,50,20,17,23,47,60,27,33,47,50,70,23,23,57,23,37,30,47,23,53,53,13,33,83,93,40,60,10,100,33,33,70,27,20,33,20,20,33,20,27,40,40,33,67,50,7,33,33,87,87,40,73,80,67,100,53,47,73,53,53,40,73,27,53,53,13,33,83,93,40,60,10,100,67,53,93,33,33,80,33,27,93,33,Allsvenskan
Västerås,auq9e9zc85fm9nspagrjetg0,1olyaqfnnl0sb4vsfxyi7j2z9,V. Wernersson,Victor Wernersson,31.0,Defender,Sweden,Defender,264.0,198.0,29.0,459.0,13.0,1.0,42.0,58.0,883.0,7.0,3.0,0.0,4.0,1.0,0.0,1.0,1.0,2.0,2.0,0.0,6.0,0.0,1.0,1.0,15.0,0.0,0.0,82.7,38.67,21.43,50.0,0.0,57.53,56.52,71.43,0.0587954139367468,0.4194890245009056,1.0,5.0,0.13518966,4.0,45.0,46.0,1.7033757600000012,222.0,26.908267270668176,20.18120045300113,2.9558323895809737,46.7836919592299,1.3250283125707814,0.101925254813137,4.280860702151755,5.911664779161947,0.7134767836919592,0.305775764439411,0.0,0.4077010192525481,0.101925254813137,0.0,0.101925254813137,0.101925254813137,0.203850509626274,0.203850509626274,0.0,0.6115515288788221,0.0,0.101925254813137,0.101925254813137,1.5288788221970553,0.0,0.0,82.7,38.67,21.43,50.0,0.0,57.53,56.52,71.43,0.0059927375473467,0.042756525713569,0.101925254813137,0.5096262740656852,0.0137792405436013,0.4077010192525481,4.586636466591166,4.688561721404303,0.173617008380521,22.62740656851642,LB/LCB,88,62,78,76,66,88,52,88,42,32,26,24,16,12,26,22,10,10,36,20,20,12,18,62,50,50,60,64,48,68,20,68,52,76,12,24,32,16,16,18,76,58,64,72,88,60,76,76,68,88,60,100,32,32,26,20,12,12,24,20,4,4,36,12,20,12,12,68,50,50,60,64,48,68,20,68,52,76,12,16,24,16,16,16,84,76,72,76,Allsvenskan
Västerås,auq9e9zc85fm9nspagrjetg0,1pqp7nb2s1hrnom8cvl2vmdqs,M. Keïta,Madiou Keïta,21.0,Defender,Guinea,Defender,119.0,59.0,14.0,178.0,6.0,0.0,18.0,24.0,402.0,5.0,0.0,0.0,1.0,0.0,0.0,0.0,0.0,4.0,4.0,0.0,9.0,0.0,0.0,1.0,3.0,0.0,0.0,84.76,45.16,0.0,25.0,0.0,52.94,60.0,42.86,0.0,0.2165207453030214,0.0,2.0,0.03546945,4.0,9.0,7.0,0.26211064,91.0,26.64179104477612,13.208955223880595,3.134328358208955,39.85074626865672,1.343283582089552,0.0,4.029850746268656,5.3731343283582085,1.1194029850746268,0.0,0.0,0.2238805970149253,0.0,0.0,0.0,0.0,0.8955223880597015,0.8955223880597015,0.0,2.014925373134328,0.0,0.0,0.2238805970149253,0.6716417910447761,0.0,0.0,84.76,45.16,0.0,25.0,0.0,52.94,60.0,42.86,0.0,0.048474793724557,0.0,0.4477611940298507,0.007940921641791,0.8955223880597015,2.014925373134328,1.5671641791044777,0.0586814865671641,20.37313432835821,LB/LCB,28,8,36,12,28,42,12,46,30,10,26,10,6,12,12,6,20,20,36,42,20,6,18,14,50,50,80,84,10,16,20,56,72,4,6,16,12,8,8,18,12,12,8,28,80,16,80,56,72,42,36,96,80,10,26,16,6,12,12,6,44,36,36,96,20,6,24,20,50,50,80,84,10,16,20,56,72,4,6,24,12,8,8,36,24,8,8,68,Allsvenskan
Västerås,auq9e9zc85fm9nspagrjetg0,1w9x90api6wx9xxwryca1j45x,F. Nsabiyumva,Frédéric Nsabiyumva,31.0,Defender,Burundi,Defender,187.0,71.0,14.0,258.0,33.0,0.0,48.0,61.0,651.0,3.0,0.0,0.0,0.0,3.0,3.0,0.0,0.0,0.0,0.0,1.0,10.0,2.0,7.0,0.0,2.0,0.0,0.0,84.04,42.42,0.0,0.0,66.67,69.57,75.0,16.67,0.3355155363696803,0.0,0.0,0.0,0.0,0.0,16.0,14.0,0.3027173199999999,164.0,25.852534562211986,9.815668202764977,1.935483870967742,35.66820276497696,4.56221198156682,0.0,6.635944700460829,8.433179723502304,0.4147465437788018,0.0,0.0,0.0,0.4147465437788018,0.4147465437788018,0.0,0.0,0.0,0.0,0.1382488479262673,1.3824884792626728,0.2764976958525346,0.967741935483871,0.0,0.2764976958525346,0.0,0.0,84.04,42.42,0.0,0.0,66.67,69.57,75.0,16.67,0.0463846363644719,0.0,0.0,0.0,0.0,0.0,2.2119815668202767,1.935483870967742,0.0418503207373271,22.67281105990784,CB,42,30,42,38,89,39,64,68,33,30,41,11,45,46,28,16,8,8,71,54,67,45,14,15,51,51,30,55,30,14,98,97,92,6,36,14,27,8,8,16,37,31,26,44,27,12,35,23,98,39,95,100,29,30,41,11,41,52,28,16,8,8,80,71,76,44,14,11,51,51,30,55,30,14,98,97,92,6,38,14,27,8,8,16,35,18,14,33,Allsvenskan
Västerås,auq9e9zc85fm9nspagrjetg0,21ibcnwells963r563vrhwg0k,P. Bonde,Philip Bonde,22.0,Defender,Sweden,Defender,383.0,195.0,36.0,578.0,32.0,1.0,52.0,83.0,1273.0,3.0,0.0,0.0,7.0,6.0,5.0,1.0,1.0,2.0,2.0,2.0,22.0,3.0,10.0,2.0,8.0,0.0,0.0,86.4,40.0,0.0,100.0,50.0,60.47,66.67,53.33,0.6574533309064199,0.5099990253525603,1.0,6.0,0.13674837,4.0,41.0,55.0,1.3110497400000012,394.0,27.0777690494894,13.786331500392771,2.5451688923802043,40.86410054988217,2.262372348782404,0.0706991358994501,3.676355066771406,5.86802827965436,0.2120974076983503,0.0,0.0,0.4948939512961508,0.4241948153967007,0.3534956794972506,0.0706991358994501,0.0706991358994501,0.1413982717989002,0.1413982717989002,0.1413982717989002,1.5553809897879027,0.2120974076983503,0.7069913589945012,0.1413982717989002,0.565593087195601,0.0,0.0,86.4,40.0,0.0,100.0,50.0,60.47,66.67,53.33,0.0464813823892991,0.0360564904019877,0.0706991358994501,0.4241948153967007,0.0096679915946582,0.2827965435978005,2.898664571877455,3.888452474469757,0.0926900837391988,27.855459544383347,CB,71,66,81,65,88,86,68,91,33,30,41,91,63,67,69,48,44,42,92,92,82,59,65,58,51,51,48,48,30,89,85,62,72,29,64,80,64,54,58,64,68,81,74,71,29,33,61,36,71,82,32,73,11,30,41,74,42,45,64,38,24,23,83,80,68,24,44,27,51,51,48,48,30,89,85,62,72,29,39,70,58,38,38,45,50,64,53,47,Allsvenskan
Västerås,auq9e9zc85fm9nspagrjetg0,2lafgzvhv0er31i6c2nb6xqfo,M. Baggesen,Marcus Baggesen,23.0,Defender,Denmark,Defender,108.0,150.0,8.0,240.0,8.0,0.0,41.0,27.0,942.0,11.0,18.0,4.0,17.0,10.0,6.0,4.0,2.0,7.0,7.0,1.0,12.0,2.0,20.0,5.0,10.0,0.0,0.0,76.92,21.05,28.57,71.43,20.0,52.56,40.0,58.82,0.6865593211928669,1.917646702839389,3.0,13.0,0.36605777,11.0,13.0,17.0,1.2448407800000003,85.0,10.318471337579618,14.331210191082802,0.7643312101910827,22.929936305732483,0.7643312101910827,0.0,3.917197452229299,2.579617834394905,1.0509554140127388,1.7197452229299364,0.3821656050955413,1.624203821656051,0.9554140127388536,0.5732484076433121,0.3821656050955413,0.1910828025477706,0.6687898089171974,0.6687898089171974,0.0955414012738853,1.1464968152866242,0.1910828025477706,1.910828025477707,0.4777070063694267,0.9554140127388536,0.0,0.0,76.92,21.05,28.57,71.43,20.0,52.56,40.0,58.82,0.065594839604414,0.1832146531375212,0.286624203821656,1.2420382165605095,0.0349736722929936,1.0509554140127388,1.2420382165605095,1.624203821656051,0.1189338324840764,8.121019108280255,LB/LCB,24,40,16,36,54,42,48,56,60,96,100,84,80,76,68,48,34,32,80,56,66,68,56,46,50,50,20,8,94,96,60,52,12,24,72,92,66,50,52,62,16,20,48,20,8,20,8,12,28,42,24,28,76,100,100,88,80,80,64,48,28,24,84,48,64,64,64,28,50,50,20,8,94,96,60,52,12,24,80,92,64,44,44,56,8,12,36,8,Allsvenskan
Västerås,auq9e9zc85fm9nspagrjetg0,4m2yhodb9mxsm4bysxaa8r1wq,H. Magnusson,Herman Magnusson,28.0,Defender,Sweden,Defender,507.0,308.0,68.0,810.0,21.0,0.0,66.0,81.0,1601.0,9.0,5.0,0.0,5.0,10.0,4.0,6.0,3.0,7.0,7.0,1.0,43.0,2.0,11.0,5.0,18.0,0.0,0.0,84.55,43.59,62.5,71.43,20.0,55.46,50.0,58.06,0.7173528076779336,0.3048379010025058,4.0,12.0,0.25174856,10.0,74.0,66.0,2.142939710000001,482.0,28.500936914428483,17.31417863835103,3.8226108682073705,45.534041224234855,1.1805121798875704,0.0,3.710181136789507,4.553404122423486,0.5059337913803873,0.2810743285446596,0.0,0.2810743285446596,0.5621486570893192,0.2248594628357277,0.3372891942535915,0.1686445971267957,0.3935040599625234,0.3935040599625234,0.0562148657089319,2.4172392254840727,0.1124297314178638,0.6183635227982511,0.2810743285446596,1.0118675827607746,0.0,0.0,84.55,43.59,62.5,71.43,20.0,55.46,50.0,58.06,0.0403258917495403,0.0171364216678485,0.2248594628357277,0.6745783885071831,0.0141520114928169,0.5621486570893192,4.159900062460962,3.710181136789507,0.1204650680199875,27.095565271705187,RB/RCB,100,90,100,90,98,40,80,100,62,68,28,52,88,70,95,80,42,40,85,100,68,50,57,90,50,52,60,70,95,90,40,65,40,35,70,45,92,60,60,62,92,75,65,90,95,55,95,90,50,40,30,95,35,40,28,25,40,40,60,50,15,15,75,95,50,15,35,35,50,52,60,70,95,90,40,65,40,35,40,25,60,35,30,35,85,40,45,90,Allsvenskan
Västerås,auq9e9zc85fm9nspagrjetg0,5ib5990rsa8y9pf2bu4risjqh,A. Boudah,Abdelrahman Boudah,27.0,Attacker,Sweden,Striker,52.0,105.0,5.0,157.0,3.0,0.0,31.0,8.0,587.0,8.0,0.0,1.0,6.0,10.0,7.0,3.0,4.0,20.0,20.0,0.0,5.0,1.0,19.0,12.0,6.0,0.0,0.0,80.1,100.0,0.0,60.0,10.0,40.79,15.79,75.0,0.9161914615831775,0.5489603574755337,3.0,7.0,0.19544448,10.0,13.0,10.0,0.40156963,53.0,7.972742759795571,16.098807495741056,0.7666098807495741,24.07155025553663,0.4599659284497445,0.0,4.75298126064736,1.2265758091993186,1.2265758091993186,0.0,0.1533219761499148,0.919931856899489,1.5332197614991483,1.0732538330494037,0.4599659284497445,0.6132879045996593,3.0664395229982966,3.0664395229982966,0.0,0.7666098807495741,0.1533219761499148,2.913117546848381,1.839863713798978,0.919931856899489,0.0,0.0,80.1,100.0,0.0,60.0,10.0,40.79,15.79,75.0,0.1404722854216115,0.0841676868361125,0.4599659284497445,1.0732538330494037,0.0299659339011925,1.5332197614991483,1.993185689948893,1.5332197614991483,0.0615694492333901,8.126064735945485,LW,58,42,58,42,58,54,50,75,58,21,42,38,33,29,33,42,58,58,12,58,21,33,67,50,54,54,42,100,21,92,17,25,17,79,33,33,33,29,25,67,50,33,33,42,83,33,83,58,58,54,58,83,50,21,42,8,17,8,25,25,67,67,12,67,17,17,75,58,54,54,42,100,21,92,17,25,17,79,8,17,8,8,8,83,67,8,8,42,Allsvenskan
Västerås,auq9e9zc85fm9nspagrjetg0,6kvqc5ecaz4pima39rzq3tskp,S. Gefvert,Simon Gefvert,29.0,Midfielder,Sweden,Midfielder,237.0,326.0,26.0,548.0,9.0,0.0,87.0,39.0,1618.0,29.0,15.0,3.0,17.0,11.0,8.0,3.0,3.0,17.0,17.0,0.0,10.0,3.0,30.0,4.0,33.0,0.0,0.0,77.95,32.1,24.59,23.53,27.27,54.72,36.0,73.33,1.1041061238232048,1.7961635020901627,5.0,33.0,0.8904065,32.0,40.0,50.0,2.8924183300000004,232.0,13.182941903584672,18.13349814585909,1.446229913473424,30.48207663782448,0.5006180469715699,0.0,4.839307787391842,2.169344870210136,1.6131025957972809,0.8343634116192831,0.1668726823238566,0.945611866501854,0.6118665018541409,0.4449938195302843,0.1668726823238566,0.1668726823238566,0.945611866501854,0.945611866501854,0.0,0.5562422744128553,0.1668726823238566,1.668726823238566,0.2224969097651421,1.8355995055624228,0.0,0.0,77.95,32.1,24.59,23.53,27.27,54.72,36.0,73.33,0.0614150501508581,0.0999102071619991,0.2781211372064276,1.8355995055624228,0.049528173671199,1.779975278121137,2.2249690976514214,2.781211372064277,0.1608885350432633,12.904820766378243,RM/RCM,100,100,93,100,70,50,100,100,100,90,90,80,43,53,50,53,53,53,23,93,53,60,27,100,53,53,47,40,40,7,47,93,47,80,53,80,57,73,73,100,100,93,100,100,80,47,80,67,60,50,53,87,80,73,73,33,20,27,27,33,13,13,23,60,40,13,7,93,53,53,47,40,40,7,47,93,47,80,20,47,33,53,47,87,67,67,80,60,Allsvenskan
Västerås,auq9e9zc85fm9nspagrjetg0,7pdo9vcnrnidquom3zjlm9d5h,J. Ring,Jonathan Ring,34.0,Attacker,Sweden,Striker,75.0,130.0,9.0,203.0,4.0,0.0,20.0,11.0,442.0,1.0,2.0,1.0,9.0,6.0,3.0,3.0,1.0,11.0,12.0,0.0,5.0,3.0,13.0,6.0,5.0,0.0,0.0,79.3,52.94,16.67,54.55,50.0,43.48,44.44,55.56,0.4091488434270685,0.6980561052818335,2.0,14.0,0.33145207,6.0,20.0,22.0,0.9802090199999998,109.0,15.271493212669682,26.47058823529412,1.832579185520362,41.33484162895928,0.8144796380090498,0.0,4.072398190045249,2.239819004524887,0.2036199095022624,0.4072398190045249,0.2036199095022624,1.832579185520362,1.2217194570135743,0.6108597285067873,0.6108597285067873,0.2036199095022624,2.239819004524887,2.443438914027149,0.0,1.0180995475113122,0.6108597285067873,2.647058823529412,1.2217194570135743,1.0180995475113122,0.0,0.0,79.3,52.94,16.67,54.55,50.0,43.48,44.44,55.56,0.083310850471575,0.1421381209849887,0.4072398190045249,2.850678733031674,0.0674902404977375,1.2217194570135743,4.072398190045249,4.479638009049774,0.1995900719457013,22.19457013574661,ST,85,78,87,82,27,50,31,85,5,81,63,68,23,13,60,19,54,55,18,76,36,31,60,62,51,51,79,67,69,72,85,64,76,35,13,69,36,74,64,74,88,82,87,90,97,97,97,100,36,50,33,92,3,85,90,90,15,8,69,18,67,67,18,87,31,13,79,77,51,51,79,67,69,72,85,64,76,35,8,87,33,97,82,95,95,97,97,100,Allsvenskan
Västerås,auq9e9zc85fm9nspagrjetg0,ap6seyqf7qsdyqtyig13dx638,M. Diagne,Mamadou Diagne,22.0,Midfielder,Senegal,Midfielder,265.0,358.0,26.0,619.0,24.0,0.0,118.0,30.0,1535.0,37.0,4.0,1.0,15.0,15.0,7.0,8.0,5.0,18.0,18.0,0.0,20.0,2.0,25.0,8.0,34.0,0.0,0.0,84.56,50.0,30.77,44.44,13.33,57.56,63.16,66.67,1.4387785679381726,1.2279578367987256,9.0,34.0,0.7647410499999998,13.0,76.0,70.0,2.01461293,332.0,15.53745928338762,20.99022801302932,1.52442996742671,36.29315960912052,1.4071661237785016,0.0,6.918566775244299,1.758957654723127,2.1693811074918563,0.2345276872964169,0.0586319218241042,0.8794788273615635,0.8794788273615635,0.4104234527687296,0.4690553745928338,0.2931596091205211,1.055374592833876,1.055374592833876,0.0,1.1726384364820843,0.1172638436482084,1.4657980456026056,0.4690553745928338,1.993485342019544,0.0,0.0,84.56,50.0,30.77,44.44,13.33,57.56,63.16,66.67,0.0843583525175475,0.071997527890479,0.527687296416938,1.993485342019544,0.0448382374592833,0.7622149837133549,4.456026058631921,4.1042345276872965,0.1181206278175895,19.465798045602604,DM/CM,60,78,60,70,98,46,98,84,100,78,61,74,81,84,76,75,81,80,31,68,56,86,75,92,50,51,28,46,68,49,35,68,92,66,85,72,90,80,72,74,80,72,72,70,18,32,32,25,90,46,92,62,95,62,57,55,50,70,45,52,57,55,31,48,40,65,55,80,50,51,28,46,68,49,35,68,92,66,62,60,70,57,48,52,45,48,48,30,Allsvenskan
Västerås,auq9e9zc85fm9nspagrjetg0,athvsvh2429ru7r2peaqv4wt0,A. Taonsa,Axel Taonsa,22.0,Midfielder,Côte d'Ivoire,Midfielder,94.0,165.0,7.0,258.0,22.0,0.0,87.0,17.0,1189.0,31.0,1.0,0.0,15.0,31.0,22.0,9.0,5.0,40.0,42.0,6.0,5.0,14.0,50.0,11.0,14.0,0.0,0.0,78.18,50.0,20.0,27.5,45.16,40.47,32.35,60.87,3.678146007663225,0.8704742935402966,10.0,27.0,0.6696259099999999,15.0,23.0,21.0,0.8066478699999999,102.0,7.115222876366695,12.489486963835157,0.5298570227081582,19.52901597981497,1.665264928511354,0.0,6.585365853658537,1.2867956265769556,2.346509671993272,0.0756938603868797,0.0,1.135407905803196,2.346509671993272,1.665264928511354,0.6812447434819177,0.3784693019343986,3.027754415475189,3.1791421362489487,0.4541631623212784,0.3784693019343986,1.0597140454163163,3.7846930193439854,0.832632464255677,1.0597140454163163,0.0,0.0,78.18,50.0,20.0,27.5,45.16,40.47,32.35,60.87,0.2784130703866192,0.0658895596456069,0.7569386038687973,2.043734230445753,0.0506865701429772,1.135407905803196,1.740958788898234,1.5895710681244744,0.0610582912531539,7.720773759461733,CM/AM,51,57,55,55,100,51,100,91,100,34,20,69,90,93,80,60,92,92,99,49,92,86,84,80,51,51,37,50,53,18,86,27,51,49,94,45,81,70,61,83,51,49,47,51,27,18,27,20,96,51,76,71,86,24,20,33,78,88,53,31,76,78,92,24,90,57,59,49,51,51,37,50,53,18,86,27,51,49,96,12,67,43,33,57,22,10,10,22,Allsvenskan
Västerås,auq9e9zc85fm9nspagrjetg0,b0xmv09ie5se0sqwn46t0qfpw,K. Gunnarsson,Karl Gunnarsson,20.0,Midfielder,Sweden,Midfielder,98.0,158.0,6.0,254.0,9.0,0.0,62.0,10.0,1157.0,22.0,2.0,2.0,15.0,21.0,13.0,8.0,4.0,23.0,23.0,2.0,2.0,10.0,37.0,10.0,13.0,0.0,0.0,74.49,33.33,14.29,43.48,47.62,42.76,39.13,61.9,2.280622167825623,0.9948645519587148,11.0,19.0,0.5359817299999999,12.0,22.0,20.0,0.7153911399999997,93.0,7.623163353500431,12.290406222990493,0.466724286949006,19.757994814174587,0.700086430423509,0.0,4.822817631806395,0.7778738115816767,1.7113223854796888,0.1555747623163353,0.1555747623163353,1.166810717372515,1.633535004321521,1.0112359550561798,0.6222990492653414,0.3111495246326707,1.7891097666378564,1.7891097666378564,0.1555747623163353,0.1555747623163353,0.7778738115816767,2.878133102852204,0.7778738115816767,1.0112359550561798,0.0,0.0,74.49,33.33,14.29,43.48,47.62,42.76,39.13,61.9,0.1774036258464183,0.0773879081039622,0.8556611927398444,1.4779602420051858,0.0416926151253241,0.933448573898012,1.7113223854796888,1.5557476231633534,0.055648403284356,7.234226447709593,CM/AM,53,55,48,51,79,51,80,69,83,50,74,69,77,81,76,50,78,76,70,20,86,78,78,70,51,51,18,13,38,55,90,39,63,51,84,53,86,51,53,61,49,45,37,49,31,16,20,27,69,51,47,43,69,39,55,35,53,55,47,24,55,49,61,12,71,43,57,46,51,51,18,13,38,55,90,39,63,51,61,20,76,24,20,27,20,8,6,18,Allsvenskan
Västerås,auq9e9zc85fm9nspagrjetg0,dkjy5ctjf8c41z1xgmw7hs8b8,M. Hellisdal,Mattias Hellisdal,20.0,Midfielder,Faroe Islands,Midfielder,103.0,109.0,10.0,206.0,1.0,0.0,21.0,12.0,555.0,7.0,6.0,1.0,5.0,3.0,2.0,1.0,1.0,8.0,8.0,0.0,6.0,2.0,5.0,4.0,7.0,0.0,0.0,86.19,58.82,24.0,50.0,66.67,46.67,11.11,77.78,0.2223175242013403,0.5767390386838669,3.0,15.0,0.36971279,3.0,14.0,11.0,0.4403332999999999,92.0,16.7027027027027,17.675675675675674,1.6216216216216215,33.4054054054054,0.1621621621621621,0.0,3.4054054054054053,1.9459459459459456,1.135135135135135,0.9729729729729728,0.1621621621621621,0.8108108108108107,0.4864864864864864,0.3243243243243243,0.1621621621621621,0.1621621621621621,1.2972972972972971,1.2972972972972971,0.0,0.9729729729729728,0.3243243243243243,0.8108108108108107,0.6486486486486486,1.135135135135135,0.0,0.0,86.19,58.82,24.0,50.0,66.67,46.67,11.11,77.78,0.0360514904110281,0.0935252495163027,0.4864864864864864,2.4324324324324325,0.0599534254054054,0.4864864864864864,2.27027027027027,1.7837837837837838,0.0714053999999999,14.918918918918918,CM/AM,59,43,62,48,17,51,28,80,30,77,54,22,10,19,11,15,28,27,24,57,29,14,37,35,51,51,73,71,59,76,97,51,18,80,10,33,41,40,37,26,40,24,24,47,84,45,73,61,20,51,18,92,35,80,57,14,6,14,6,10,31,24,24,59,35,8,51,55,51,51,73,71,59,76,97,51,18,80,4,31,45,51,47,8,35,20,16,61,Allsvenskan
Västerås,auq9e9zc85fm9nspagrjetg0,e740zefuiiwzparhyddhaddzo,M. Ljungqvist,Melvin Ljungqvist,18.0,Defender,Sweden,Defender,4.0,24.0,0.0,26.0,3.0,0.0,5.0,1.0,98.0,0.0,2.0,0.0,0.0,1.0,0.0,1.0,0.0,2.0,2.0,0.0,1.0,1.0,1.0,1.0,1.0,0.0,0.0,70.27,0.0,25.0,50.0,100.0,31.25,37.5,100.0,0.0544108113274785,0.0,0.0,1.0,0.02385149,2.0,3.0,2.0,0.10166102,8.0,3.673469387755103,22.040816326530614,0.0,23.877551020408166,2.7551020408163267,0.0,4.591836734693878,0.9183673469387756,0.0,1.8367346938775515,0.0,0.0,0.9183673469387756,0.0,0.9183673469387756,0.0,1.8367346938775515,1.8367346938775515,0.0,0.9183673469387756,0.9183673469387756,0.9183673469387756,0.9183673469387756,0.9183673469387756,0.0,0.0,70.27,0.0,25.0,50.0,100.0,31.25,37.5,100.0,0.0499691124436027,0.0,0.0,0.9183673469387756,0.0219044295918367,1.8367346938775515,2.7551020408163267,1.8367346938775515,0.0933621612244898,7.346938775510205,RB/RCB,5,15,10,5,25,40,5,5,8,32,28,10,12,10,22,12,8,8,38,5,45,10,18,5,50,52,15,10,50,50,98,5,15,100,10,12,8,15,15,25,20,12,15,15,5,80,10,30,100,40,45,10,8,95,28,10,75,10,100,12,75,75,38,40,100,20,75,15,50,52,15,10,50,50,98,5,15,100,50,12,8,45,45,100,40,20,30,20,Allsvenskan
Västerås,auq9e9zc85fm9nspagrjetg0,ez7xc7vakt4fmabtp61w72yju,I. Lushaku,Ismet Lushaku,25.0,Midfielder,Kosovo,Midfielder,156.0,215.0,11.0,363.0,6.0,0.0,38.0,24.0,773.0,10.0,8.0,4.0,11.0,4.0,1.0,3.0,2.0,11.0,12.0,0.0,18.0,1.0,1.0,4.0,12.0,0.0,0.0,87.68,40.74,26.67,36.36,25.0,43.68,37.5,66.67,0.3292618677457208,1.2893402579007578,0.0,25.0,0.56403306,12.0,44.0,43.0,1.4447997399999994,180.0,18.16300129366106,25.032341526520053,1.2807244501940491,42.26390685640362,0.6985769728331177,0.0,4.424320827943079,2.794307891332471,1.1642949547218628,0.9314359637774904,0.4657179818887452,1.2807244501940491,0.4657179818887452,0.1164294954721863,0.3492884864165588,0.2328589909443726,1.2807244501940491,1.3971539456662354,0.0,2.095730918499353,0.1164294954721863,0.1164294954721863,0.4657179818887452,1.3971539456662354,0.0,0.0,87.68,40.74,26.67,36.36,25.0,43.68,37.5,66.67,0.038335793139864,0.1501172357193637,0.0,2.9107373868046573,0.0656700846054333,1.3971539456662354,5.1228978007761965,5.00646830530401,0.1682173047865458,20.95730918499353,CM/AM,80,63,66,71,66,51,44,100,41,82,87,50,15,12,34,28,42,45,24,95,18,3,37,60,51,51,84,31,63,41,32,43,60,62,14,71,7,65,55,61,71,67,67,71,92,73,65,78,65,51,43,98,39,78,96,47,4,10,27,16,29,31,24,100,14,2,33,61,51,51,84,31,63,41,32,43,60,62,6,61,7,71,61,78,84,82,67,80,Allsvenskan
Västerås,auq9e9zc85fm9nspagrjetg0,p4vij77v1xw1bl68jl4jts0k,J. Karlsson,Jonathan Karlsson,22.0,Defender,Sweden,Defender,102.0,119.0,8.0,218.0,11.0,0.0,28.0,16.0,644.0,10.0,3.0,0.0,4.0,6.0,5.0,1.0,4.0,8.0,9.0,0.0,5.0,2.0,22.0,3.0,2.0,0.0,0.0,84.82,53.33,30.0,37.5,33.33,45.9,44.0,50.0,0.4945246153638659,0.5276653786912651,4.0,21.0,0.6218411300000001,10.0,9.0,10.0,0.6380607900000002,63.0,14.254658385093167,16.630434782608695,1.1180124223602483,30.465838509316768,1.5372670807453417,0.0,3.913043478260869,2.2360248447204967,1.3975155279503104,0.4192546583850931,0.0,0.5590062111801242,0.8385093167701863,0.6987577639751552,0.139751552795031,0.5590062111801242,1.1180124223602483,1.2577639751552794,0.0,0.6987577639751552,0.2795031055900621,3.074534161490683,0.4192546583850931,0.2795031055900621,0.0,0.0,84.82,53.33,30.0,37.5,33.33,45.9,44.0,50.0,0.0691105828924657,0.0737420560282823,0.5590062111801242,2.934782608695652,0.0869032635093167,1.3975155279503104,1.2577639751552794,1.3975155279503104,0.0891699861801242,8.804347826086957,CB,20,42,20,26,45,39,42,24,81,86,41,71,63,67,69,97,86,89,28,33,67,88,79,15,51,51,35,80,75,51,67,9,17,22,55,82,92,86,94,91,27,26,44,18,9,53,11,9,47,39,36,8,88,92,41,80,76,82,76,92,88,89,28,17,79,98,82,14,51,51,35,80,75,51,67,9,17,22,58,92,94,97,97,95,17,15,52,9,Allsvenskan
Örgryte,dwh59i70ej2t39052zb719qp3,1olk78ihxbzyq1kxcgdp78woa,C. Vindehall,Charlie Vindehall,30.0,Midfielder,Sweden,Midfielder,72.0,60.0,11.0,132.0,5.0,0.0,17.0,9.0,267.0,2.0,0.0,1.0,3.0,2.0,1.0,1.0,1.0,2.0,3.0,0.0,10.0,0.0,1.0,0.0,8.0,0.0,0.0,86.27,64.71,0.0,0.0,0.0,37.78,41.67,80.0,0.2372284815003553,0.2045652017589536,1.0,2.0,0.06452141,2.0,14.0,12.0,0.3101685699999998,66.0,24.26966292134832,20.2247191011236,3.7078651685393256,44.49438202247191,1.6853932584269662,0.0,5.730337078651685,3.033707865168539,0.6741573033707865,0.0,0.3370786516853932,1.0112359550561798,0.6741573033707865,0.3370786516853932,0.3370786516853932,0.3370786516853932,0.6741573033707865,1.0112359550561798,0.0,3.3707865168539324,0.0,0.3370786516853932,0.0,2.696629213483146,0.0,0.0,86.27,64.71,0.0,0.0,0.0,37.78,41.67,80.0,0.079964656685513,0.0689545623906585,0.3370786516853932,0.6741573033707865,0.0217487898876404,0.6741573033707865,4.719101123595506,4.044943820224719,0.1045512033707864,22.247191011235955,DM/CM,20,12,28,15,49,46,32,32,20,19,61,24,15,24,20,30,16,21,31,50,14,11,9,36,50,51,57,92,19,9,14,8,49,92,22,28,21,12,18,21,18,20,18,15,75,28,95,52,95,46,75,95,28,19,100,65,40,52,35,65,32,50,31,95,14,12,9,95,50,51,57,92,19,9,14,8,49,92,55,55,45,15,25,40,50,45,35,52,Allsvenskan
Örgryte,dwh59i70ej2t39052zb719qp3,24mg4kum9qlovl9ou5n63zs9h,A. Andreasson,Anton Andreasson,33.0,Defender,Sweden,Defender,80.0,128.0,13.0,203.0,7.0,0.0,35.0,20.0,920.0,4.0,5.0,0.0,6.0,18.0,13.0,5.0,7.0,7.0,7.0,3.0,4.0,5.0,22.0,3.0,14.0,0.0,0.0,80.88,50.0,16.67,42.86,27.78,55.56,58.33,66.67,1.7139153596989307,0.4560799218238277,5.0,8.0,0.24503261,10.0,19.0,27.0,0.7187637699999998,89.0,7.82608695652174,12.521739130434783,1.2717391304347827,19.85869565217392,0.6847826086956522,0.0,3.423913043478261,1.956521739130435,0.391304347826087,0.4891304347826087,0.0,0.5869565217391305,1.7608695652173914,1.2717391304347827,0.4891304347826087,0.6847826086956522,0.6847826086956522,0.6847826086956522,0.2934782608695652,0.391304347826087,0.4891304347826087,2.1521739130434785,0.2934782608695652,1.3695652173913044,0.0,0.0,80.88,50.0,16.67,42.86,27.78,55.56,58.33,66.67,0.1676656330140258,0.0446165140914614,0.4891304347826087,0.782608695652174,0.0239705814130434,0.9782608695652176,1.858695652173913,2.641304347826088,0.0703138470652173,8.706521739130435,LB/LCB,8,32,30,20,42,42,40,28,24,42,26,32,98,100,84,100,34,32,100,8,100,76,38,56,50,50,40,96,36,48,84,64,64,46,100,32,88,26,32,54,34,40,28,24,4,12,32,4,24,42,12,16,12,40,26,28,100,100,76,100,36,28,96,8,96,80,32,60,50,50,40,96,36,48,84,64,64,46,96,20,84,24,28,44,16,28,12,12,Allsvenskan
Örgryte,dwh59i70ej2t39052zb719qp3,2ojgis8nqtisrj6gg5ibermj9,J. Azulay,Jonathan Azulay,33.0,Defender,Sweden,Defender,67.0,14.0,2.0,81.0,5.0,0.0,9.0,13.0,157.0,1.0,0.0,0.0,1.0,0.0,0.0,0.0,0.0,1.0,1.0,0.0,2.0,0.0,1.0,1.0,1.0,0.0,0.0,90.0,33.33,0.0,100.0,0.0,69.23,55.56,50.0,0.0,0.0463754918600005,0.0,0.0,0.0,0.0,1.0,2.0,0.06869433,52.0,38.40764331210191,8.025477707006369,1.1464968152866242,46.43312101910828,2.8662420382165603,0.0,5.159235668789809,7.452229299363057,0.5732484076433121,0.0,0.0,0.5732484076433121,0.0,0.0,0.0,0.0,0.5732484076433121,0.5732484076433121,0.0,1.1464968152866242,0.0,0.5732484076433121,0.5732484076433121,0.5732484076433121,0.0,0.0,90.0,33.33,0.0,100.0,0.0,69.23,55.56,50.0,0.0,0.0265846768624206,0.0,0.0,0.0,0.0,0.5732484076433121,1.1464968152866242,0.0393789152866242,29.808917197452228,CB,11,2,5,8,20,39,11,17,12,30,41,33,8,11,28,16,27,26,28,12,18,6,44,8,51,51,76,20,30,89,18,94,33,22,8,29,27,8,8,16,9,11,9,17,76,8,15,48,83,39,70,94,45,30,41,82,8,11,28,16,70,68,28,61,18,15,91,29,51,51,76,20,30,89,18,94,33,22,8,58,27,8,8,16,9,12,12,53,Allsvenskan
Örgryte,dwh59i70ej2t39052zb719qp3,3k9t74k0qctv5qvmkbcxwtoet,J. Hammar,Johan Hammar,32.0,Defender,Sweden,Defender,160.0,68.0,9.0,228.0,21.0,0.0,29.0,35.0,386.0,2.0,0.0,0.0,0.0,7.0,7.0,0.0,2.0,0.0,0.0,0.0,2.0,1.0,8.0,0.0,3.0,0.0,0.0,85.39,33.33,0.0,0.0,14.29,65.91,65.62,50.0,0.9529012923467102,0.0,0.0,1.0,0.0241224,2.0,18.0,20.0,0.3331352299999999,148.0,37.30569948186529,15.854922279792747,2.098445595854922,53.16062176165804,4.896373056994819,0.0,6.761658031088083,8.160621761658032,0.466321243523316,0.0,0.0,0.0,1.6321243523316062,1.6321243523316062,0.0,0.466321243523316,0.0,0.0,0.0,0.466321243523316,0.233160621761658,1.865284974093264,0.0,0.6994818652849741,0.0,0.0,85.39,33.33,0.0,0.0,14.29,65.91,65.62,50.0,0.2221790578010464,0.0,0.0,0.233160621761658,0.0056243937823834,0.466321243523316,4.196891191709844,4.663212435233161,0.0776740173575129,34.50777202072539,CB,36,29,23,30,67,39,45,44,23,30,41,11,69,79,28,77,8,8,28,12,47,49,14,24,51,51,42,20,30,14,43,86,66,22,76,14,27,22,27,48,42,41,30,41,71,45,47,64,100,39,97,98,33,30,41,11,95,95,28,88,8,8,28,3,71,82,14,36,51,51,42,20,30,14,43,86,66,22,95,14,27,24,26,65,73,76,41,71,Allsvenskan
Örgryte,dwh59i70ej2t39052zb719qp3,3q2ohsarpzmtb278s58wrwsbu,W. Svensson,William Svensson,24.0,Defender,Sweden,Defender,35.0,37.0,6.0,71.0,5.0,0.0,18.0,14.0,334.0,2.0,1.0,0.0,2.0,3.0,1.0,2.0,2.0,8.0,8.0,0.0,4.0,0.0,5.0,3.0,5.0,0.0,0.0,64.55,31.58,11.11,37.5,0.0,48.65,50.0,62.5,0.2562795166054447,0.2094263267417844,1.0,2.0,0.0478667,1.0,4.0,10.0,0.29456504,38.0,9.431137724550895,9.97005988023952,1.616766467065868,19.131736526946103,1.3473053892215567,0.0,4.850299401197605,3.772455089820359,0.5389221556886228,0.2694610778443114,0.0,0.5389221556886228,0.8083832335329341,0.2694610778443114,0.5389221556886228,0.5389221556886228,2.155688622754491,2.155688622754491,0.0,1.0778443113772456,0.0,1.3473053892215567,0.8083832335329341,1.3473053892215567,0.0,0.0,64.55,31.58,11.11,37.5,0.0,48.65,50.0,62.5,0.0690573547739222,0.0564322437328161,0.2694610778443114,0.5389221556886228,0.0128982125748502,0.2694610778443114,1.0778443113772456,2.694610778443113,0.0793738131736526,10.239520958083832,RB/RCB,25,20,35,20,35,40,30,35,22,20,28,25,30,25,42,55,52,52,38,32,18,20,45,25,50,52,5,35,25,30,18,30,40,42,35,30,32,28,30,12,25,25,20,25,25,5,45,15,70,40,60,85,40,35,28,50,65,50,90,95,85,80,38,50,18,45,70,65,50,52,5,35,25,30,18,30,40,42,65,50,70,20,25,15,20,35,25,30,Allsvenskan
Örgryte,dwh59i70ej2t39052zb719qp3,41zyhxyx0b7x58xar7catcafp,T. Sana,Tobias Sana,37.0,Midfielder,Sweden,Midfielder,193.0,356.0,35.0,530.0,6.0,0.0,59.0,3.0,1482.0,23.0,19.0,5.0,36.0,17.0,7.0,10.0,9.0,32.0,33.0,2.0,2.0,5.0,32.0,19.0,5.0,0.0,0.0,79.7,53.85,38.0,59.38,29.41,47.58,40.0,45.45,1.2796431262196546,3.4892999267885645,8.0,41.0,1.0413466299999998,18.0,59.0,79.0,3.2784417099999974,278.0,11.720647773279351,21.61943319838057,2.125506072874494,32.18623481781377,0.3643724696356276,0.0,3.582995951417004,0.1821862348178138,1.396761133603239,1.153846153846154,0.3036437246963563,2.1862348178137654,1.0323886639676114,0.4251012145748988,0.6072874493927126,0.5465587044534413,1.9433198380566803,2.004048582995952,0.1214574898785425,0.1214574898785425,0.3036437246963563,1.9433198380566803,1.153846153846154,0.3036437246963563,0.0,0.0,79.7,53.85,38.0,59.38,29.41,47.58,40.0,45.45,0.0777111210254851,0.2119008052705606,0.4858299595141701,2.4898785425101218,0.0632396738866396,1.0931174089068827,3.582995951417004,4.79757085020243,0.1990956504048581,16.882591093117412,CM/AM,94,92,96,94,66,51,69,24,87,92,93,92,68,54,82,88,85,85,70,20,66,67,92,24,51,51,45,61,94,90,49,59,68,12,57,92,77,88,84,89,88,92,96,94,65,57,86,57,43,51,24,8,49,88,84,78,18,20,43,51,59,57,53,10,31,22,76,4,51,51,45,61,94,90,49,59,68,12,18,78,43,53,55,49,63,78,82,67,Allsvenskan
Örgryte,dwh59i70ej2t39052zb719qp3,6yf6ozyy2rpmiy86xno7u0es5,M. Dyrestam,Mikael Dyrestam,34.0,Defender,Guinea,Defender,515.0,120.0,44.0,635.0,63.0,0.0,90.0,133.0,1468.0,4.0,0.0,2.0,5.0,14.0,14.0,0.0,3.0,8.0,8.0,0.0,21.0,5.0,33.0,5.0,9.0,0.0,0.0,85.46,45.83,0.0,62.5,35.71,60.4,65.62,50.0,1.9540534401385723,0.4014968615806482,2.0,2.0,0.03682666,0.0,20.0,27.0,1.1299972600000006,409.0,31.573569482288832,7.356948228882834,2.697547683923706,38.93051771117167,3.862397820163488,0.0,5.517711171662126,8.153950953678475,0.2452316076294278,0.0,0.1226158038147139,0.3065395095367847,0.8583106267029973,0.8583106267029973,0.0,0.1839237057220708,0.4904632152588556,0.4904632152588556,0.0,1.287465940054496,0.3065395095367847,2.0231607629427795,0.3065395095367847,0.5517711171662125,0.0,0.0,85.46,45.83,0.0,62.5,35.71,60.4,65.62,50.0,0.119798916629749,0.024614930205898,0.1226158038147139,0.1226158038147139,0.0022577652588555,0.0,1.226158038147139,1.6553133514986378,0.0692777611716621,25.074931880108995,CB,86,45,89,74,98,39,98,100,39,30,98,82,92,95,28,92,86,85,28,89,94,96,92,62,51,51,44,68,30,67,73,61,66,22,95,76,82,34,29,16,44,49,70,74,48,5,67,32,94,39,85,97,15,30,89,59,77,83,28,68,65,64,28,68,82,88,73,24,51,51,44,68,30,67,73,61,66,22,82,53,73,18,18,16,15,17,29,41,Allsvenskan
Örgryte,dwh59i70ej2t39052zb719qp3,8ryc3okk378wxpj27o6x8micq,C. Styffe,Christoffer Styffe,24.0,Defender,Sweden,Defender,438.0,249.0,52.0,684.0,28.0,0.0,78.0,84.0,1414.0,5.0,3.0,1.0,6.0,11.0,9.0,2.0,1.0,16.0,16.0,2.0,22.0,6.0,23.0,13.0,20.0,0.0,0.0,83.01,44.83,33.33,81.25,54.55,62.4,56.0,60.61,1.3796536686377256,0.5762431575611805,2.0,21.0,0.41871365,6.0,72.0,72.0,2.1891473800000005,450.0,27.87835926449788,15.848656294200849,3.30975954738331,43.53606789250354,1.7821782178217822,0.0,4.964639321074965,5.346534653465347,0.3182461103253182,0.1909476661951909,0.0636492220650636,0.3818953323903819,0.7001414427157002,0.5728429985855729,0.1272984441301273,0.0636492220650636,1.0183875530410185,1.0183875530410185,0.1272984441301273,1.4002828854314004,0.3818953323903819,1.463932107496464,0.8274398868458275,1.272984441301273,0.0,0.0,83.01,44.83,33.33,81.25,54.55,62.4,56.0,60.61,0.0878138827280023,0.036677428699085,0.1272984441301273,1.3366336633663367,0.0266507980905233,0.3818953323903819,4.582743988684583,4.582743988684583,0.1393375277227723,28.642149929278645,CB,76,82,94,80,82,39,92,92,48,86,89,87,88,90,85,48,98,98,92,92,98,92,98,98,51,51,21,65,80,77,91,74,36,49,91,86,82,86,79,74,92,89,95,83,36,44,82,41,57,39,65,60,18,76,82,68,70,76,73,35,85,85,74,73,91,71,97,80,51,51,21,65,80,77,91,74,36,49,74,73,74,73,71,56,77,71,85,48,Allsvenskan
Örgryte,dwh59i70ej2t39052zb719qp3,8ynqwlysks0dvn46ja7zq5vit,A. Andersson,Adam Andersson,29.0,Defender,Sweden,Defender,43.0,61.0,5.0,92.0,3.0,0.0,13.0,10.0,407.0,2.0,12.0,1.0,9.0,5.0,3.0,2.0,3.0,6.0,7.0,1.0,4.0,2.0,8.0,1.0,5.0,0.0,0.0,68.15,23.81,42.86,16.67,40.0,41.94,50.0,71.43,0.3942044874455635,1.3267356754034858,1.0,5.0,0.10138658,3.0,7.0,12.0,0.66766826,43.0,9.50859950859951,13.48894348894349,1.1056511056511056,20.343980343980345,0.6633906633906634,0.0,2.8746928746928746,2.211302211302211,0.4422604422604422,2.6535626535626538,0.2211302211302211,1.9901719901719903,1.1056511056511056,0.6633906633906634,0.4422604422604422,0.6633906633906634,1.3267813267813269,1.547911547911548,0.2211302211302211,0.8845208845208845,0.4422604422604422,1.769041769041769,0.2211302211302211,1.1056511056511056,0.0,0.0,68.15,23.81,42.86,16.67,40.0,41.94,50.0,71.43,0.0871705254793629,0.2933813532833261,0.2211302211302211,1.1056511056511056,0.0224196368550368,0.6633906633906634,1.547911547911548,2.6535626535626538,0.1476416299754299,9.50859950859951,RB/RCB,30,25,30,30,25,40,12,30,22,95,65,62,48,57,42,80,35,40,85,32,68,30,18,25,50,52,10,20,88,15,72,10,40,62,45,85,32,38,35,38,30,30,35,30,30,25,25,25,25,40,10,30,20,100,85,95,85,90,85,100,60,65,100,35,80,70,30,50,50,52,10,20,88,15,72,10,40,62,80,100,55,55,50,45,25,30,55,25,Allsvenskan
Örgryte,dwh59i70ej2t39052zb719qp3,9lhn16j2n4lxtoq8hxrpqd0mi,N. Christoffersson,Noah Christoffersson,27.0,Attacker,Sweden,Striker,49.0,84.0,3.0,132.0,9.0,0.0,36.0,10.0,1247.0,11.0,1.0,1.0,9.0,37.0,36.0,1.0,8.0,32.0,35.0,8.0,1.0,16.0,97.0,10.0,4.0,0.0,0.0,66.67,75.0,25.0,31.25,43.24,34.95,29.03,66.67,5.469932272022963,0.5772216369515586,7.0,13.0,0.37767097,4.0,8.0,11.0,0.95186854,48.0,3.536487570168404,6.062550120288693,0.2165196471531676,9.526864474739376,0.6495589414595028,0.0,2.598235765838011,0.7217321571772253,0.7939053728949479,0.0721732157177225,0.0721732157177225,0.6495589414595028,2.6704089815557337,2.598235765838011,0.0721732157177225,0.5773857257417803,2.309542902967121,2.5260625501202885,0.5773857257417803,0.0721732157177225,1.1547714514835603,7.000801924619085,0.7217321571772253,0.2886928628708901,0.0,0.0,66.67,75.0,25.0,31.25,43.24,34.95,29.03,66.67,0.3947826018300454,0.0416599417206417,0.5052125100240578,0.9382518043303928,0.0272577283881315,0.2886928628708901,0.5773857257417803,0.7939053728949479,0.0686994134723336,3.4643143544506816,ST,64,64,62,62,56,50,50,78,56,69,63,68,87,92,26,82,90,90,90,36,87,97,82,50,51,51,26,83,78,26,67,23,36,51,95,64,74,65,67,60,62,65,85,62,31,21,46,21,28,50,10,56,21,67,51,23,67,79,23,54,69,72,82,23,72,90,51,26,51,51,26,83,78,26,67,23,36,51,90,28,44,44,41,26,28,33,64,31,Allsvenskan
Örgryte,dwh59i70ej2t39052zb719qp3,a7nmx654cyihlnn4a8puonmcp,O. Parker-Price,Owen Parker-Price,27.0,Midfielder,New Zealand,Midfielder,354.0,361.0,42.0,712.0,8.0,0.0,57.0,29.0,1364.0,13.0,3.0,4.0,23.0,10.0,2.0,8.0,0.0,9.0,10.0,0.0,14.0,3.0,10.0,5.0,20.0,0.0,0.0,84.96,54.55,50.0,55.56,30.0,48.31,40.0,64.52,0.7817758982626863,1.8621750405080384,5.0,30.0,0.6194809299999998,9.0,79.0,83.0,2.5857585200000006,388.0,23.35777126099707,23.819648093841643,2.771260997067449,46.97947214076247,0.5278592375366569,0.0,3.760997067448681,1.9134897360703813,0.8577712609970675,0.1979472140762463,0.2639296187683284,1.5175953079178883,0.6598240469208211,0.1319648093841642,0.5278592375366569,0.0,0.593841642228739,0.6598240469208211,0.0,0.9237536656891496,0.1979472140762463,0.6598240469208211,0.3299120234604105,1.3196480938416422,0.0,0.0,84.96,54.55,50.0,55.56,30.0,48.31,40.0,64.52,0.0515834536976845,0.1228707871302958,0.3299120234604105,1.979472140762464,0.0408748414222873,0.593841642228739,5.212609970674487,5.476539589442815,0.1706145651026393,25.60117302052786,DM/CM,85,80,82,82,66,46,65,80,61,69,100,86,64,41,76,10,51,52,31,55,66,45,55,79,50,51,42,65,96,75,68,32,38,57,57,92,62,70,68,51,82,79,90,82,62,62,68,65,45,46,20,68,42,60,98,90,35,24,55,10,25,22,31,32,50,20,40,55,50,51,42,65,96,75,68,32,38,57,32,95,40,55,38,28,60,68,75,70,Allsvenskan
Örgryte,dwh59i70ej2t39052zb719qp3,ao0z82ye2lpn125xgha1beep5,H. Dahlqvist,Hampus Dahlqvist,29.0,Defender,Sweden,Defender,16.0,25.0,1.0,40.0,1.0,0.0,10.0,2.0,127.0,2.0,1.0,0.0,0.0,2.0,0.0,2.0,1.0,4.0,5.0,0.0,1.0,0.0,4.0,1.0,4.0,0.0,0.0,83.33,33.33,20.0,25.0,0.0,40.0,33.33,66.67,0.1549093531244722,0.0,2.0,1.0,0.01935132,1.0,2.0,4.0,0.17718402,14.0,11.338582677165354,17.716535433070867,0.7086614173228346,28.346456692913385,0.7086614173228346,0.0,7.086614173228346,1.4173228346456692,1.4173228346456692,0.7086614173228346,0.0,0.0,1.4173228346456692,0.0,1.4173228346456692,0.7086614173228346,2.8346456692913384,3.543307086614173,0.0,0.7086614173228346,0.0,2.8346456692913384,0.7086614173228346,2.8346456692913384,0.0,0.0,83.33,33.33,20.0,25.0,0.0,40.0,33.33,66.67,0.1097782817417519,0.0,1.4173228346456692,0.7086614173228346,0.0137135338582677,0.7086614173228346,1.4173228346456692,2.8346456692913384,0.1255634787401574,9.921259842519683,CB,2,8,2,3,3,39,14,2,23,68,41,11,30,11,85,48,65,71,28,5,18,23,44,35,51,51,24,20,68,36,18,5,6,67,23,14,82,22,21,37,12,14,18,11,6,58,3,3,8,39,100,3,89,98,41,11,92,11,100,98,98,100,28,20,18,94,95,100,51,51,24,20,68,36,18,5,6,67,80,14,100,52,50,80,21,39,77,11,Allsvenskan
Örgryte,dwh59i70ej2t39052zb719qp3,at4iml9ydlg9uw0iibjq9olxw,M. Ebietomere,Marlon Ebietomere,17.0,Defender,Sweden,Defender,11.0,17.0,2.0,28.0,1.0,0.0,14.0,3.0,144.0,2.0,0.0,0.0,0.0,1.0,1.0,0.0,0.0,5.0,5.0,0.0,3.0,1.0,7.0,5.0,5.0,0.0,0.0,90.32,100.0,0.0,100.0,100.0,50.0,25.0,83.33,0.0763703518156029,0.0,1.0,1.0,0.02855202,2.0,1.0,2.0,0.0757694099999999,6.0,6.875,10.625,1.25,17.5,0.625,0.0,8.75,1.875,1.25,0.0,0.0,0.0,0.625,0.625,0.0,0.0,3.125,3.125,0.0,1.875,0.625,4.375,3.125,3.125,0.0,0.0,90.32,100.0,0.0,100.0,100.0,50.0,25.0,83.33,0.0477314698847518,0.0,0.625,0.625,0.0178450125,1.25,0.625,1.25,0.0473558812499999,3.75,RB/RCB,10,5,20,10,12,40,22,15,22,10,28,10,12,25,8,12,30,30,38,20,45,25,57,25,50,52,100,100,10,100,98,40,10,88,15,12,32,15,20,25,10,12,10,10,15,10,30,10,20,40,100,25,80,10,28,10,45,82,8,12,95,95,38,90,95,95,100,100,50,52,100,100,10,100,98,40,10,88,45,12,95,28,40,80,15,15,10,10,Allsvenskan
Örgryte,dwh59i70ej2t39052zb719qp3,cxpjw9ku72qt0lefhfctekx04,W. Hofvander,William Hofvander,24.0,Attacker,Sweden,Striker,70.0,188.0,17.0,246.0,3.0,0.0,46.0,13.0,1156.0,11.0,12.0,2.0,13.0,34.0,16.0,18.0,7.0,38.0,41.0,1.0,8.0,15.0,45.0,20.0,5.0,0.0,0.0,69.89,42.5,21.43,52.63,44.12,39.66,20.0,41.67,2.4637819978662834,1.29117782640183,17.0,20.0,0.57632075,11.0,21.0,39.0,1.7711902100000003,116.0,5.4498269896193765,14.63667820069204,1.3235294117647058,19.152249134948097,0.2335640138408304,0.0,3.5813148788927336,1.0121107266435985,0.8564013840830449,0.9342560553633218,0.1557093425605536,1.0121107266435985,2.647058823529412,1.245674740484429,1.4013840830449826,0.5449826989619377,2.958477508650519,3.192041522491349,0.0778546712802768,0.6228373702422145,1.1678200692041525,3.5034602076124566,1.5570934256055362,0.389273356401384,0.0,0.0,69.89,42.5,21.43,52.63,44.12,39.66,20.0,41.67,0.1918169375501431,0.1005242252388968,1.3235294117647058,1.5570934256055362,0.0448692625432525,0.8564013840830449,1.634948096885813,3.036332179930796,0.1378954315743945,9.03114186851211,ST,81,92,97,87,19,50,67,92,56,96,83,82,81,67,95,77,95,95,46,88,81,67,99,62,51,51,41,49,72,67,69,41,24,23,64,87,97,86,82,92,92,97,92,95,64,87,92,85,5,50,23,79,28,97,72,51,64,26,92,49,79,79,38,72,74,23,90,36,51,51,41,49,72,67,69,41,24,23,28,77,92,69,62,85,79,92,92,87,Allsvenskan
Örgryte,dwh59i70ej2t39052zb719qp3,ehjqtwf9kvft0ykemtnhpvkes,B. Laturnus,Benjamin Laturnus,22.0,Midfielder,Canada,Midfielder,323.0,269.0,31.0,591.0,4.0,0.0,113.0,21.0,1398.0,34.0,1.0,0.0,11.0,5.0,3.0,2.0,1.0,22.0,26.0,1.0,25.0,2.0,15.0,10.0,47.0,0.0,0.0,84.67,44.93,33.33,45.45,40.0,57.95,28.57,72.31,0.42469742662213,0.8895690885986227,3.0,33.0,0.8065526899999999,16.0,55.0,51.0,1.76052492,328.0,20.79399141630901,17.317596566523605,1.9957081545064377,38.04721030042919,0.2575107296137339,0.0,7.274678111587983,1.351931330472103,2.188841201716738,0.0643776824034334,0.0,0.7081545064377682,0.3218884120171674,0.1931330472103004,0.1287553648068669,0.0643776824034334,1.4163090128755365,1.6738197424892705,0.0643776824034334,1.609442060085837,0.1287553648068669,0.965665236051502,0.6437768240343348,3.025751072961373,0.0,0.0,84.67,44.93,33.33,45.45,40.0,57.95,28.57,72.31,0.0273410360486349,0.0572683962617139,0.1931330472103004,2.124463519313305,0.0519239929184549,1.0300429184549356,3.540772532188841,3.2832618025751072,0.1133385141630901,21.11587982832618,DM/CM,75,50,72,62,42,46,92,70,96,49,28,65,34,57,29,30,88,92,72,84,56,68,86,100,50,51,32,30,72,52,81,75,25,82,35,60,38,78,75,84,52,52,65,68,48,18,42,32,20,46,95,38,98,40,28,35,12,35,18,20,80,82,68,75,42,38,78,100,50,51,32,30,72,52,81,75,25,82,15,30,25,65,62,68,30,22,42,45,Allsvenskan
Örgryte,dwh59i70ej2t39052zb719qp3,er8e7neokgiwu6m2ywzppe02d,D. Paulson,Daniel Paulson,30.0,Midfielder,Sweden,Midfielder,138.0,169.0,18.0,303.0,20.0,0.0,76.0,28.0,1312.0,12.0,4.0,0.0,8.0,17.0,16.0,1.0,5.0,24.0,25.0,1.0,17.0,5.0,45.0,10.0,14.0,0.0,0.0,70.96,40.91,19.05,41.67,29.41,44.97,47.62,41.18,1.897882247089001,0.6670197352908932,2.0,19.0,0.47964976,7.0,29.0,37.0,1.407730470000001,124.0,9.466463414634148,11.59298780487805,1.2347560975609757,20.78506097560976,1.3719512195121952,0.0,5.213414634146342,1.920731707317073,0.8231707317073171,0.274390243902439,0.0,0.5487804878048781,1.166158536585366,1.0975609756097562,0.0685975609756097,0.3429878048780488,1.6463414634146345,1.714939024390244,0.0685975609756097,1.166158536585366,0.3429878048780488,3.086890243902439,0.6859756097560976,0.9603658536585366,0.0,0.0,70.96,40.91,19.05,41.67,29.41,44.97,47.62,41.18,0.130190093169215,0.0457559269635521,0.1371951219512195,1.3033536585365857,0.0329028036585365,0.4801829268292683,1.9893292682926829,2.538109756097561,0.0965668767530488,8.50609756097561,RM/RCM,80,50,87,87,93,50,93,93,67,47,23,53,63,77,23,70,67,67,57,100,63,73,73,80,53,53,7,67,20,47,57,33,73,20,73,47,33,53,53,33,87,73,73,80,53,7,73,7,87,50,60,67,20,20,23,13,33,60,20,53,47,53,47,100,60,60,33,40,53,53,7,67,20,47,57,33,73,20,40,7,20,13,7,13,53,47,13,27,Allsvenskan
Örgryte,dwh59i70ej2t39052zb719qp3,esg3u7251uczoilmcivwm044,M. Parker,Michael Parker,21.0,Defender,England,Defender,252.0,154.0,19.0,397.0,13.0,2.0,46.0,51.0,1206.0,12.0,9.0,0.0,8.0,5.0,3.0,2.0,1.0,9.0,13.0,0.0,14.0,1.0,20.0,6.0,8.0,0.0,0.0,75.91,30.65,27.27,66.67,20.0,50.55,46.43,53.33,0.3386907949308432,0.8704969361182279,4.0,14.0,0.44709513,11.0,33.0,32.0,1.2280801599999998,202.0,18.80597014925373,11.492537313432836,1.417910447761194,29.62686567164179,0.9701492537313432,0.1492537313432835,3.432835820895522,3.805970149253731,0.8955223880597015,0.6716417910447761,0.0,0.5970149253731343,0.3731343283582089,0.2238805970149253,0.1492537313432835,0.0746268656716417,0.6716417910447761,0.9701492537313432,0.0,1.044776119402985,0.0746268656716417,1.4925373134328357,0.4477611940298507,0.5970149253731343,0.0,0.0,75.91,30.65,27.27,66.67,20.0,50.55,46.43,53.33,0.0252754324575256,0.0649624579192707,0.2985074626865671,1.044776119402985,0.0333653082089552,0.8208955223880596,2.462686567164179,2.388059701492537,0.0916477731343283,15.07462686567164,LB/LCB,80,44,56,60,66,98,56,84,70,70,26,42,40,50,38,22,56,62,36,66,46,68,68,32,50,50,8,22,88,92,60,32,32,16,36,48,80,58,68,62,52,44,44,68,48,4,36,16,40,100,16,72,44,48,26,32,28,44,40,16,32,44,36,32,44,48,56,16,50,50,8,22,88,92,60,32,32,16,20,36,68,32,40,32,28,20,24,40,Allsvenskan
Örgryte,dwh59i70ej2t39052zb719qp3,etvr8jxuvzj028a5cy3kcos89,J. Tibbling Ugwo,Jerome Tibbling Ugwo,27.0,Attacker,Sweden,Striker,24.0,56.0,4.0,80.0,22.0,0.0,52.0,6.0,637.0,15.0,0.0,1.0,4.0,14.0,10.0,4.0,1.0,20.0,20.0,3.0,0.0,5.0,41.0,10.0,3.0,0.0,0.0,67.8,80.0,0.0,50.0,35.71,44.44,57.89,60.0,1.5237094214291922,0.2676034203199119,7.0,10.0,0.32743442,2.0,7.0,9.0,0.17837719,29.0,3.390894819466248,7.912087912087912,0.565149136577708,11.30298273155416,3.108320251177394,0.0,7.346938775510204,0.847723704866562,2.119309262166405,0.0,0.141287284144427,0.565149136577708,1.978021978021978,1.4128728414442702,0.565149136577708,0.141287284144427,2.8257456828885403,2.8257456828885403,0.423861852433281,0.0,0.7064364207221351,5.792778649921507,1.4128728414442702,0.423861852433281,0.0,0.0,67.8,80.0,0.0,50.0,35.71,44.44,57.89,60.0,0.2152807659790067,0.0378089604847599,0.989010989010989,1.4128728414442702,0.0462623199372056,0.282574568288854,0.989010989010989,1.2715855572998431,0.0252024287284144,4.097331240188384,ST,44,49,72,49,86,50,74,55,68,31,63,36,50,45,73,19,76,72,69,12,50,64,82,40,51,51,31,87,31,60,46,71,95,41,46,38,74,55,62,38,59,58,38,51,26,44,69,38,90,50,90,69,74,31,67,21,38,36,64,10,74,74,72,12,38,82,87,41,51,51,31,87,31,60,46,71,95,41,31,26,85,62,64,23,56,59,26,46,Allsvenskan
Örgryte,dwh59i70ej2t39052zb719qp3,f1g8hawer1ca38s0rdkovvgus,S. Lagerlund,Sebastian Lagerlund,23.0,Defender,Sweden,Defender,224.0,103.0,16.0,327.0,13.0,0.0,49.0,32.0,815.0,18.0,0.0,0.0,3.0,3.0,2.0,1.0,1.0,10.0,10.0,0.0,14.0,1.0,4.0,7.0,10.0,0.0,0.0,86.28,44.44,0.0,70.0,33.33,60.49,54.17,83.33,0.3263486739845626,0.2713845324331371,1.0,1.0,0.0174506,1.0,24.0,18.0,0.5515109900000003,180.0,24.736196319018404,11.374233128834357,1.7668711656441718,36.11042944785276,1.4355828220858895,0.0,5.411042944785276,3.533742331288344,1.987730061349693,0.0,0.0,0.3312883435582822,0.3312883435582822,0.2208588957055214,0.1104294478527607,0.1104294478527607,1.1042944785276074,1.1042944785276074,0.0,1.5460122699386505,0.1104294478527607,0.4417177914110429,0.7730061349693251,1.1042944785276074,0.0,0.0,86.28,44.44,0.0,70.0,33.33,60.49,54.17,83.33,0.0360385038755958,0.0299688440723709,0.1104294478527607,0.1104294478527607,0.0019270601226993,0.1104294478527607,2.650306748466258,1.987730061349693,0.0609030541104294,19.87730061349693,RB/RCB,65,45,48,45,68,40,65,62,85,10,28,35,30,42,22,32,65,62,38,60,45,15,75,42,50,52,75,75,10,85,57,80,60,88,40,35,32,15,10,12,45,40,25,45,70,20,60,45,80,40,80,75,95,10,28,40,15,35,20,30,35,35,38,85,45,10,65,45,50,52,75,75,10,85,57,80,60,88,30,40,30,10,10,10,35,25,15,60,Allsvenskan
