Team,contestantId,playerId,Short Name,Player Name,Age,Position_x,Nationality,Position_y,total accurate back zone pass_Total,total accurate cross_Total,total accurate fwd zone pass_Total,total accurate long balls_Total,total accurate pass_Total,total aerial won_Total,total att assist_Total,total attempt_Total,total attempts ibox_Total,total attempts obox_Total,total blocked scoring att_Total,total contest_Total,total dribbles attempted_Total,total duels won_Total,total effective clearance_Total,total mins played,total ontarget attempt_Total,total touches in opposition box_Total,total was fouled_Total,total won contest_Total,total won tackle_Total,total interception_Total,total big chances saved_Total,total assists_Total,total goals_Total,total direct setpiece goals_Total,total direct corner goals_Total,pass_success_pct_Total,long_balls_success_pct_Total,cross_success_pct_Total,dribble_success_pct_Total,attempt_success_pct_Total,duel_success_pct_Total,aerial_success_pct_Total,tackle_success_pct_Total,xG_Total,xA_Total,CreatedOwnShot_Total,Total Carries_Total,Total Carry xT_Total,Total Final Third Carries_Total,passes_into_final_third_Total,progressive_passes_Total,xT_pass_Total,forward_passes_Total,total accurate back zone pass_p90,total accurate cross_p90,total accurate fwd zone pass_p90,total accurate long balls_p90,total accurate pass_p90,total aerial won_p90,total att assist_p90,total attempt_p90,total attempts ibox_p90,total attempts obox_p90,total blocked scoring att_p90,total contest_p90,total dribbles attempted_p90,total duels won_p90,total effective clearance_p90,total ontarget attempt_p90,total touches in opposition box_p90,total was fouled_p90,total won contest_p90,total won tackle_p90,total interception_p90,total big chances saved_p90,total assists_p90,total goals_p90,total direct setpiece goals_p90,total direct corner goals_p90,pass_success_pct_p90,long_balls_success_pct_p90,cross_success_pct_p90,dribble_success_pct_p90,attempt_success_pct_p90,duel_success_pct_p90,aerial_success_pct_p90,tackle_success_pct_p90,xG_p90,xA_p90,CreatedOwnShot_p90,Total Carries_p90,Total Carry xT_p90,Total Final Third Carries_p90,passes_into_final_third_p90,progressive_passes_p90,xT_pass_p90,forward_passes_p90,Pos.,total accurate back zone pass_TotalPR,total accurate cross_TotalPR,total accurate fwd zone pass_TotalPR,total accurate long balls_TotalPR,total accurate pass_TotalPR,total aerial won_TotalPR,total att assist_TotalPR,total attempt_TotalPR,total attempts ibox_TotalPR,total attempts obox_TotalPR,total blocked scoring att_TotalPR,total contest_TotalPR,total dribbles attempted_TotalPR,total duels won_TotalPR,total effective clearance_TotalPR,total ontarget attempt_TotalPR,total touches in opposition box_TotalPR,total was fouled_TotalPR,total won contest_TotalPR,total won tackle_TotalPR,total interception_TotalPR,total big chances saved_TotalPR,total assists_TotalPR,total goals_TotalPR,total direct setpiece goals_TotalPR,total direct corner goals_TotalPR,pass_success_pct_TotalPR,long_balls_success_pct_TotalPR,cross_success_pct_TotalPR,dribble_success_pct_TotalPR,attempt_success_pct_TotalPR,duel_success_pct_TotalPR,aerial_success_pct_TotalPR,tackle_success_pct_TotalPR,xG_TotalPR,xA_TotalPR,CreatedOwnShot_TotalPR,Total Carries_TotalPR,Total Carry xT_TotalPR,Total Final Third Carries_TotalPR,passes_into_final_third_TotalPR,progressive_passes_TotalPR,xT_pass_TotalPR,forward_passes_TotalPR,total accurate back zone pass_p90PR,total accurate cross_p90PR,total accurate fwd zone pass_p90PR,total accurate long balls_p90PR,total accurate pass_p90PR,total aerial won_p90PR,total att assist_p90PR,total attempt_p90PR,total attempts ibox_p90PR,total attempts obox_p90PR,total blocked scoring att_p90PR,total contest_p90PR,total dribbles attempted_p90PR,total duels won_p90PR,total effective clearance_p90PR,total ontarget attempt_p90PR,total touches in opposition box_p90PR,total was fouled_p90PR,total won contest_p90PR,total won tackle_p90PR,total interception_p90PR,total big chances saved_p90PR,total assists_p90PR,total goals_p90PR,total direct setpiece goals_p90PR,total direct corner goals_p90PR,pass_success_pct_p90PR,long_balls_success_pct_p90PR,cross_success_pct_p90PR,dribble_success_pct_p90PR,attempt_success_pct_p90PR,duel_success_pct_p90PR,aerial_success_pct_p90PR,tackle_success_pct_p90PR,xG_p90PR,xA_p90PR,CreatedOwnShot_p90PR,Total Carries_p90PR,Total Carry xT_p90PR,Total Final Third Carries_p90PR,passes_into_final_third_p90PR,progressive_passes_p90PR,xT_pass_p90PR,forward_passes_p90PR,League
Young Boys,5fd9f9bti2cdgb6r1lf8l2bc7,5anxcfh8hvwdbdc162ekgr52i,L. Blum,Lewin Blum,25,Defender,Switzerland,Defender,37.0,1.0,49.0,8.0,85.0,1.0,5.0,5.0,4.0,1.0,1.0,4.0,4.0,15.0,8.0,291.0,2.0,7.0,5.0,3.0,5.0,5.0,1.0,2.0,2.0,0.0,0.0,77.27,36.36,10.0,75.0,40.0,62.5,50.0,83.33,0.5665561679306105,0.4653853893339745,1.0,5.0,0.1401607,0.0,15.0,19.0,0.75991056,45.0,11.443298969072163,0.3092783505154639,15.154639175257731,2.4742268041237114,26.288659793814432,0.3092783505154639,1.5463917525773196,1.5463917525773196,1.2371134020618555,0.3092783505154639,0.3092783505154639,1.2371134020618555,1.2371134020618555,4.639175257731958,2.4742268041237114,0.6185567010309279,2.164948453608248,1.5463917525773196,0.9278350515463918,1.5463917525773196,1.5463917525773196,0.3092783505154639,0.6185567010309279,0.6185567010309279,0.0,0.0,77.27,36.36,10.0,75.0,40.0,62.5,50.0,83.33,0.1752235570919413,0.1439336255672086,0.3092783505154639,1.5463917525773196,0.0433486701030927,0.0,4.639175257731958,5.876288659793814,0.2350238845360824,13.917525773195877,RB/RCB,50,47,75,75,56,25,94,97,94,81,91,69,66,69,62,91,75,91,78,72,53,94,100,100,53,53,44,41,44,81,66,72,50,69,94,94,81,72,75,22,94,94,88,53,25,44,56,75,38,25,94,81,81,75,81,62,62,50,44,94,75,88,81,50,50,100,94,100,53,53,44,41,44,81,66,72,50,69,88,94,75,62,62,22,100,100,75,50,Swiss Super League
Young Boys,5fd9f9bti2cdgb6r1lf8l2bc7,61r6igcudl4mbfr19doqr4n3d,S. Lauper,Sandro Lauper,29,Midfielder,Switzerland,Midfielder,36.0,0.0,24.0,6.0,60.0,0.0,1.0,1.0,0.0,1.0,0.0,0.0,0.0,2.0,8.0,133.0,0.0,0.0,1.0,0.0,0.0,2.0,0.0,0.0,0.0,0.0,0.0,88.24,46.15,0.0,0.0,0.0,33.33,0.0,0.0,0.0641494276355145,0.0,1.0,1.0,0.01685596,0.0,9.0,10.0,0.13979065,43.0,24.360902255639097,0.0,16.240601503759397,4.060150375939849,40.6015037593985,0.0,0.6766917293233082,0.6766917293233082,0.0,0.6766917293233082,0.0,0.0,0.0,1.3533834586466165,5.413533834586466,0.0,0.0,0.6766917293233082,0.0,0.0,1.3533834586466165,0.0,0.0,0.0,0.0,0.0,88.24,46.15,0.0,0.0,0.0,33.33,0.0,0.0,0.0434093871217767,0.0,0.6766917293233082,0.6766917293233082,0.0114062887218045,0.0,6.090225563909774,6.7669172932330826,0.0945951766917293,29.09774436090225,DM/CM,43,35,22,61,39,9,33,24,28,50,26,11,11,4,96,39,17,20,22,13,39,52,41,46,50,52,78,50,35,22,39,13,13,13,17,13,67,15,13,13,50,61,43,57,65,35,39,83,57,9,39,43,28,61,26,11,11,4,100,39,17,26,22,13,57,52,41,46,50,52,78,50,35,22,39,13,13,13,39,13,83,22,17,13,74,87,57,70,Swiss Super League
Young Boys,5fd9f9bti2cdgb6r1lf8l2bc7,6qb4ce3qzlcvjdaluqom2vhuc,S. Bukinac,Stefan Bukinac,21,Defender,Serbia,Defender,13.0,8.0,38.0,4.0,43.0,1.0,5.0,1.0,1.0,0.0,0.0,3.0,3.0,5.0,4.0,171.0,1.0,2.0,2.0,1.0,1.0,1.0,0.0,2.0,0.0,0.0,0.0,72.88,33.33,61.54,33.33,100.0,71.43,0.0,100.0,0.0780345169981902,0.6202981772770388,0.0,2.0,0.04691444,2.0,5.0,7.0,0.90956099,26.0,6.842105263157895,4.2105263157894735,20.0,2.1052631578947367,22.63157894736842,0.5263157894736842,2.631578947368421,0.5263157894736842,0.5263157894736842,0.0,0.0,1.5789473684210529,1.5789473684210529,2.631578947368421,2.1052631578947367,0.5263157894736842,1.0526315789473684,1.0526315789473684,0.5263157894736842,0.5263157894736842,0.5263157894736842,0.0,1.0526315789473684,0.0,0.0,0.0,72.88,33.33,61.54,33.33,100.0,71.43,0.0,100.0,0.0410707984201001,0.326472724882652,0.0,1.0526315789473684,0.0246918105263157,1.0526315789473684,2.631578947368421,3.68421052631579,0.4787163105263158,13.68421052631579,LB/LCB,14,95,57,57,19,26,93,43,74,26,36,71,69,24,29,83,57,60,60,21,36,50,100,50,50,50,24,50,100,55,95,88,12,95,48,95,31,45,43,71,55,52,100,36,10,100,86,67,14,24,95,43,71,26,36,71,71,10,24,86,57,71,67,24,48,50,100,50,50,50,24,50,100,55,95,88,12,95,48,95,31,52,52,86,52,62,95,38,Swiss Super League
Young Boys,5fd9f9bti2cdgb6r1lf8l2bc7,6uurhe88nry4hyelll8ifzd91,E. Fernandes,Edimilson Fernandes,30,Midfielder,Switzerland,Midfielder,64.0,0.0,74.0,5.0,138.0,3.0,2.0,5.0,2.0,3.0,1.0,5.0,5.0,8.0,1.0,238.0,2.0,5.0,0.0,3.0,1.0,2.0,0.0,0.0,1.0,0.0,0.0,87.9,41.67,0.0,60.0,40.0,57.14,0.0,50.0,0.4663167541133063,0.1023478481182507,2.0,7.0,0.13799896,2.0,10.0,7.0,0.3368933099999999,75.0,24.201680672268907,0.0,27.983193277310924,1.8907563025210083,52.18487394957983,1.134453781512605,0.7563025210084033,1.8907563025210083,0.7563025210084033,1.134453781512605,0.3781512605042016,1.8907563025210083,1.8907563025210083,3.0252100840336134,0.3781512605042016,0.7563025210084033,1.8907563025210083,0.0,1.134453781512605,0.3781512605042016,0.7563025210084033,0.0,0.0,0.3781512605042016,0.0,0.0,87.9,41.67,0.0,60.0,40.0,57.14,0.0,50.0,0.1763382683621746,0.038702967775809,0.7563025210084033,2.647058823529412,0.0521844806722689,0.7563025210084033,3.7815126050420167,2.647058823529412,0.1273966298319327,28.36134453781513,CM/AM,96,17,90,65,100,77,21,63,50,75,46,65,58,29,44,54,42,8,71,15,67,52,35,60,52,52,88,31,17,69,46,69,23,23,65,19,63,83,54,52,81,44,58,100,100,17,96,65,100,81,15,54,42,77,46,50,50,15,35,46,35,8,62,15,69,52,35,50,52,52,88,31,17,69,46,69,23,23,54,19,69,77,54,50,77,38,54,100,Swiss Super League
Young Boys,5fd9f9bti2cdgb6r1lf8l2bc7,7z00z2y66vadv1ge09y6ypixg,A. Sanches,Alvyn Sanches,23,Midfielder,Switzerland,Midfielder,28.0,6.0,88.0,3.0,110.0,1.0,17.0,10.0,8.0,2.0,1.0,14.0,15.0,20.0,1.0,336.0,6.0,12.0,2.0,7.0,8.0,0.0,0.0,2.0,2.0,0.0,0.0,83.97,50.0,46.15,50.0,60.0,42.55,25.0,80.0,0.8808355517133176,1.5149598948932912,4.0,10.0,0.30150371,3.0,18.0,25.0,1.02541303,65.0,7.5,1.6071428571428572,23.57142857142857,0.8035714285714286,29.464285714285715,0.2678571428571428,4.553571428571429,2.6785714285714284,2.142857142857143,0.5357142857142857,0.2678571428571428,3.75,4.017857142857142,5.357142857142857,0.2678571428571428,1.6071428571428572,3.2142857142857144,0.5357142857142857,1.875,2.142857142857143,0.0,0.0,0.5357142857142857,0.5357142857142857,0.0,0.0,83.97,50.0,46.15,50.0,60.0,42.55,25.0,80.0,0.2359380942089243,0.4057928289892744,1.0714285714285714,2.6785714285714284,0.0807599223214285,0.8035714285714286,4.821428571428571,6.696428571428571,0.2746642044642857,17.410714285714285,CM/AM,60,87,100,46,85,40,100,92,94,52,46,92,92,98,44,98,87,37,90,100,15,52,96,90,52,52,65,46,77,63,77,27,54,67,85,100,92,92,96,73,100,100,96,92,35,69,88,31,58,35,96,81,88,42,35,85,85,62,27,92,65,23,85,92,15,52,96,77,52,52,65,46,77,63,77,27,54,67,77,92,81,81,73,54,85,96,96,85,Swiss Super League
Young Boys,5fd9f9bti2cdgb6r1lf8l2bc7,8oor1m6o9js5bby3qh5imf8d0,J. Monteiro,Joël Monteiro,27,Attacker,Switzerland,Striker,7.0,1.0,30.0,5.0,36.0,3.0,4.0,11.0,8.0,3.0,1.0,25.0,25.0,18.0,4.0,304.0,8.0,26.0,3.0,6.0,5.0,4.0,0.0,0.0,2.0,0.0,0.0,67.92,83.33,100.0,24.0,72.73,34.62,37.5,83.33,1.5536133869227051,0.3172387446056519,4.0,5.0,0.17330714,1.0,7.0,9.0,0.2515868899999999,20.0,2.0723684210526314,0.2960526315789473,8.881578947368421,1.480263157894737,10.657894736842104,0.8881578947368421,1.1842105263157894,3.256578947368421,2.3684210526315788,0.8881578947368421,0.2960526315789473,7.401315789473684,7.401315789473684,5.328947368421052,1.1842105263157894,2.3684210526315788,7.697368421052632,0.8881578947368421,1.7763157894736843,1.480263157894737,1.1842105263157894,0.0,0.0,0.5921052631578947,0.0,0.0,67.92,83.33,100.0,24.0,72.73,34.62,37.5,83.33,0.4599513316547482,0.0939193651793048,1.1842105263157894,1.480263157894737,0.051308034868421,0.2960526315789473,2.0723684210526314,2.664473684210526,0.0744829608552631,5.921052631578948,LW,50,75,75,100,50,88,100,100,100,75,25,100,100,100,100,100,100,100,100,100,100,62,50,100,62,62,25,100,100,25,100,50,50,75,100,100,75,50,50,38,100,100,75,100,25,75,25,100,25,75,75,50,75,50,25,100,100,75,100,100,75,50,75,100,100,62,50,75,62,62,25,100,100,25,100,50,50,75,75,50,25,25,25,25,100,75,50,25,Swiss Super League
Young Boys,5fd9f9bti2cdgb6r1lf8l2bc7,9km5yidmp0mbjrqqxlapdztre,A. Gigović,Armin Gigovic,24,Midfielder,Bosnia and Herzegovina,Midfielder,60.0,0.0,65.0,9.0,125.0,4.0,4.0,5.0,1.0,4.0,3.0,2.0,2.0,15.0,3.0,323.0,2.0,5.0,6.0,2.0,3.0,4.0,0.0,0.0,1.0,0.0,0.0,87.41,69.23,0.0,100.0,40.0,60.0,0.0,100.0,0.2773227794402017,0.4221627257284048,3.0,4.0,0.09587723,3.0,9.0,12.0,0.48062957,64.0,16.718266253869967,0.0,18.11145510835913,2.5077399380804954,34.8297213622291,1.1145510835913313,1.1145510835913313,1.393188854489164,0.2786377708978328,1.1145510835913313,0.8359133126934984,0.5572755417956656,0.5572755417956656,4.179566563467492,0.8359133126934984,0.5572755417956656,1.393188854489164,1.671826625386997,0.5572755417956656,0.8359133126934984,1.1145510835913313,0.0,0.0,0.2786377708978328,0.0,0.0,87.41,69.23,0.0,100.0,40.0,60.0,0.0,100.0,0.0772726010824091,0.1176304808531158,0.8359133126934984,1.1145510835913313,0.0267150176470588,0.8359133126934984,2.5077399380804954,3.343653250773994,0.1339215520123839,17.8328173374613,CM/AM,92,17,77,98,92,85,42,63,29,92,88,29,29,65,81,54,42,77,48,69,94,52,35,60,52,52,85,81,17,94,46,81,23,88,38,54,79,42,46,73,73,77,69,88,92,17,38,85,77,77,27,42,27,73,73,27,27,46,77,31,23,65,38,38,85,52,35,46,52,52,85,81,17,94,46,81,23,88,27,38,73,35,35,58,58,69,58,88,Swiss Super League
Young Boys,5fd9f9bti2cdgb6r1lf8l2bc7,afk5qdami9yzapywig6ds4quh,C. Zesiger,Cédric Zesiger,28,Defender,Switzerland,Defender,79.0,0.0,40.0,16.0,119.0,10.0,1.0,2.0,2.0,0.0,0.0,0.0,0.0,16.0,19.0,256.0,2.0,5.0,3.0,0.0,3.0,4.0,0.0,0.0,1.0,0.0,0.0,80.95,53.33,0.0,0.0,100.0,66.67,90.91,75.0,0.2492647583748562,0.1641459454927511,0.0,2.0,0.03867417,1.0,8.0,10.0,0.1812928,66.0,27.7734375,0.0,14.0625,5.625,41.8359375,3.515625,0.3515625,0.703125,0.703125,0.0,0.0,0.0,0.0,5.625,6.6796875,0.703125,1.7578125,1.0546875,0.0,1.0546875,1.40625,0.0,0.0,0.3515625,0.0,0.0,80.95,53.33,0.0,0.0,100.0,66.67,90.91,75.0,0.0876321416161603,0.0577075589622953,0.0,0.703125,0.013596387890625,0.3515625,2.8125,3.515625,0.06373575,23.203125,CB,54,43,61,98,57,80,75,73,80,43,43,23,23,59,73,93,82,62,34,52,64,46,48,93,52,52,29,82,43,34,96,70,100,70,82,89,45,73,68,73,70,73,64,71,50,43,54,100,50,75,79,68,77,43,43,23,23,54,61,96,86,55,34,50,54,46,48,96,52,52,29,82,43,34,96,70,100,70,75,89,45,75,68,73,57,64,57,64,Swiss Super League
Young Boys,5fd9f9bti2cdgb6r1lf8l2bc7,bf6s84lavpij33riqec7y8445,S. Essende,Samuel Essende,28,Attacker,Congo DR,Striker,12.0,2.0,47.0,2.0,57.0,21.0,11.0,22.0,19.0,3.0,7.0,14.0,14.0,48.0,5.0,360.0,9.0,35.0,12.0,9.0,3.0,0.0,0.0,2.0,4.0,0.0,0.0,79.17,100.0,50.0,64.29,40.91,53.33,53.85,50.0,2.19247476635506,0.6172456722301201,3.0,5.0,0.21158306,3.0,12.0,9.0,0.24765366,27.0,3.0,0.5,11.75,0.5,14.25,5.25,2.75,5.5,4.75,0.75,1.75,3.5,3.5,12.0,1.25,2.25,8.75,3.0,2.25,0.75,0.0,0.0,0.5,1.0,0.0,0.0,79.17,100.0,50.0,64.29,40.91,53.33,53.85,50.0,0.548118691588765,0.15431141805753,0.75,1.25,0.052895765,0.75,3.0,2.25,0.061913415,6.75,ST,74,89,97,82,97,100,100,100,100,94,100,94,94,100,97,100,100,100,97,85,34,52,98,100,52,52,77,85,94,84,71,84,90,52,100,97,89,82,94,84,100,98,81,94,48,84,81,66,65,97,87,94,94,73,94,81,76,97,81,90,87,97,90,71,34,52,82,89,52,52,77,85,94,84,71,84,90,52,94,74,60,48,71,63,100,84,71,74,Swiss Super League
Young Boys,5fd9f9bti2cdgb6r1lf8l2bc7,cag46lcr9rbj6593ftfegc0lw,D. Pech,Dominik Pech,19,Midfielder,Czechia,Midfielder,15.0,0.0,38.0,2.0,53.0,2.0,1.0,4.0,2.0,2.0,0.0,6.0,6.0,11.0,4.0,173.0,3.0,4.0,1.0,5.0,1.0,5.0,0.0,1.0,1.0,0.0,0.0,84.13,33.33,0.0,83.33,75.0,57.89,66.67,33.33,0.2694847883520589,0.0972317235314579,2.0,6.0,0.15352612,2.0,10.0,9.0,0.0925159999999999,23.0,7.803468208092485,0.0,19.76878612716763,1.0404624277456649,27.57225433526012,1.0404624277456649,0.5202312138728323,2.0809248554913293,1.0404624277456649,1.0404624277456649,0.0,3.121387283236994,3.121387283236994,5.722543352601156,2.0809248554913293,1.560693641618497,2.0809248554913293,0.5202312138728323,2.601156069364162,0.5202312138728323,2.601156069364162,0.0,0.5202312138728323,0.5202312138728323,0.0,0.0,84.13,33.33,0.0,83.33,75.0,57.89,66.67,33.33,0.1401943985646549,0.0505829775597179,1.0404624277456649,3.121387283236994,0.0798690797687861,1.0404624277456649,5.202312138728324,4.682080924855491,0.0481297109826589,11.965317919075144,DM/CM,13,35,52,20,26,59,33,91,83,74,26,93,93,63,76,100,78,20,96,37,80,52,89,93,50,52,48,22,35,74,100,70,83,28,87,48,93,80,83,61,57,57,22,26,9,35,61,17,30,78,35,96,91,87,26,96,96,83,74,100,91,22,100,35,91,52,96,96,50,52,48,22,35,74,100,70,83,28,91,39,96,83,87,57,65,70,22,26,Swiss Super League
Young Boys,5fd9f9bti2cdgb6r1lf8l2bc7,d6en8pyovfsfqfc4u67rkkwdl,K. Imeri,Kastriot Imeri,26,Midfielder,Switzerland,Midfielder,10.0,4.0,41.0,3.0,47.0,4.0,4.0,5.0,1.0,4.0,2.0,1.0,1.0,13.0,1.0,192.0,2.0,5.0,6.0,0.0,2.0,1.0,0.0,2.0,1.0,0.0,0.0,77.05,75.0,28.57,0.0,40.0,65.0,66.67,66.67,0.2251799687135999,0.3984651046034988,3.0,2.0,0.04130209,1.0,3.0,2.0,0.070987,11.0,4.6875,1.875,19.21875,1.40625,22.03125,1.875,1.875,2.34375,0.46875,1.875,0.9375,0.46875,0.46875,6.09375,0.46875,0.9375,2.34375,2.8125,0.0,0.9375,0.46875,0.0,0.9375,0.46875,0.0,0.0,77.05,75.0,28.57,0.0,40.0,65.0,66.67,66.67,0.1055531103344999,0.18678051778289,1.40625,0.9375,0.0193603546875,0.46875,1.40625,0.9375,0.03327515625,5.15625,CM/AM,13,63,35,46,23,85,42,63,29,92,73,19,19,56,44,54,42,77,15,42,42,52,96,60,52,52,35,92,44,15,46,88,92,38,23,46,79,27,27,23,27,12,15,15,15,73,50,46,31,85,46,62,31,96,77,23,23,73,50,69,46,81,15,50,46,52,100,65,52,52,35,92,44,15,46,88,92,38,35,54,92,31,27,31,31,12,15,12,Swiss Super League
Young Boys,5fd9f9bti2cdgb6r1lf8l2bc7,dlwwdyc50t43mk1a4un566zth,G. Wüthrich,Gregory Wüthrich,31,Defender,Switzerland,Defender,53.0,0.0,33.0,8.0,86.0,7.0,0.0,0.0,0.0,0.0,0.0,1.0,1.0,10.0,21.0,240.0,0.0,1.0,4.0,0.0,0.0,8.0,0.0,0.0,0.0,0.0,0.0,89.58,61.54,0.0,0.0,0.0,50.0,63.64,0.0,0.0,0.0,0.0,0.0,0.0,0.0,0.0,0.0,0.0,0.0,19.875,0.0,12.375,3.0,32.25,2.625,0.0,0.0,0.0,0.0,0.0,0.375,0.375,3.75,7.875,0.0,0.375,1.5,0.0,0.0,3.0,0.0,0.0,0.0,0.0,0.0,89.58,61.54,0.0,0.0,0.0,50.0,63.64,0.0,0.0,0.0,0.0,0.0,0.0,0.0,0.0,0.0,0.0,0.0,CB,45,43,43,62,46,59,32,16,16,43,43,59,59,23,82,39,27,79,34,7,93,46,48,45,52,52,86,86,43,34,39,14,50,7,20,34,45,25,25,32,14,14,14,14,25,43,25,57,29,50,32,16,16,43,43,64,64,14,71,39,29,73,34,7,95,46,48,45,52,52,86,86,43,34,39,14,50,7,20,34,45,25,25,32,14,14,14,14,Swiss Super League
Young Boys,5fd9f9bti2cdgb6r1lf8l2bc7,dy4qddlt7cjmx6mdf7rj16jf9,L. Benito,Loris Benito,34,Defender,Switzerland,Defender,28.0,0.0,24.0,3.0,52.0,1.0,0.0,1.0,1.0,0.0,0.0,0.0,0.0,4.0,4.0,121.0,0.0,1.0,0.0,0.0,2.0,0.0,0.0,0.0,0.0,0.0,0.0,82.54,30.0,0.0,0.0,0.0,44.44,33.33,66.67,0.0682811236498869,0.0,0.0,1.0,0.01935132,1.0,5.0,5.0,0.08649795,27.0,20.82644628099173,0.0,17.851239669421485,2.2314049586776856,38.67768595041322,0.743801652892562,0.0,0.743801652892562,0.743801652892562,0.0,0.0,0.0,0.0,2.975206611570248,2.975206611570248,0.0,0.743801652892562,0.0,0.0,1.487603305785124,0.0,0.0,0.0,0.0,0.0,0.0,82.54,30.0,0.0,0.0,0.0,44.44,33.33,66.67,0.0507876126321472,0.0,0.0,0.743801652892562,0.0143935438016528,0.743801652892562,3.7190082644628095,3.7190082644628095,0.0643373181818181,20.08264462809917,LB/LCB,40,21,17,38,24,26,24,43,74,26,36,12,12,12,29,36,26,12,26,52,10,50,48,50,50,50,67,43,21,26,36,26,36,67,43,24,31,29,29,45,55,29,19,45,81,21,52,76,81,36,24,62,86,26,36,12,12,17,38,36,48,12,26,71,10,50,48,50,50,50,67,43,21,26,36,26,36,67,62,24,31,43,29,64,95,67,29,81,Swiss Super League
Young Boys,5fd9f9bti2cdgb6r1lf8l2bc7,dzh403ofb9zatvornq0svb0gk,J. Hadjam,Jaouen Hadjam,23,Defender,Algeria,Defender,29.0,2.0,36.0,3.0,63.0,1.0,0.0,4.0,0.0,4.0,1.0,15.0,15.0,14.0,8.0,189.0,1.0,4.0,3.0,7.0,2.0,6.0,0.0,0.0,0.0,0.0,0.0,79.75,42.86,50.0,46.67,25.0,43.75,50.0,66.67,0.1763658611535777,0.0,2.0,7.0,0.18965041,4.0,5.0,6.0,0.16063266,28.0,13.809523809523808,0.9523809523809524,17.142857142857142,1.4285714285714286,30.0,0.4761904761904761,0.0,1.9047619047619049,0.0,1.9047619047619049,0.4761904761904761,7.142857142857142,7.142857142857142,6.666666666666666,3.809523809523809,0.4761904761904761,1.9047619047619049,1.4285714285714286,3.333333333333333,0.9523809523809524,2.857142857142857,0.0,0.0,0.0,0.0,0.0,79.75,42.86,50.0,46.67,25.0,43.75,50.0,66.67,0.0839837434064655,0.0,0.9523809523809524,3.333333333333333,0.090309719047619,1.9047619047619049,2.380952380952381,2.857142857142857,0.0764917428571428,13.333333333333332,LB/LCB,50,60,48,38,48,26,24,100,29,100,83,100,100,69,64,83,83,81,100,52,100,50,48,50,50,50,52,67,95,67,71,19,55,67,81,24,93,93,95,95,55,38,43,52,48,62,48,38,38,19,24,100,29,100,86,100,100,86,62,81,90,86,100,57,100,50,48,50,50,50,52,67,95,67,71,19,55,67,76,24,100,95,95,100,43,38,48,33,Swiss Super League
Basel,5u18kvqiqhup2vd345dci1069,367uiqi4o7c5yshuyvlp91gd0,A. Sow,Asane Sow,20,Attacker,Italy,Striker,20.0,1.0,39.0,1.0,58.0,3.0,5.0,15.0,11.0,4.0,3.0,21.0,22.0,28.0,2.0,306.0,5.0,26.0,9.0,7.0,8.0,0.0,0.0,2.0,2.0,0.0,0.0,69.05,20.0,16.67,33.33,33.33,47.46,75.0,88.89,1.4672715035194628,0.4511996623842776,7.0,7.0,0.1744914199999999,4.0,3.0,3.0,0.3451485399999999,18.0,5.882352941176471,0.2941176470588235,11.470588235294118,0.2941176470588235,17.058823529411764,0.8823529411764706,1.4705882352941178,4.411764705882353,3.235294117647059,1.1764705882352942,0.8823529411764706,6.176470588235294,6.470588235294118,8.23529411764706,0.5882352941176471,1.4705882352941178,7.647058823529412,2.647058823529412,2.058823529411765,2.3529411764705883,0.0,0.0,0.5882352941176471,0.5882352941176471,0.0,0.0,69.05,20.0,16.67,33.33,33.33,47.46,75.0,88.89,0.4315504422116067,0.1327057830541993,2.058823529411765,2.058823529411765,0.0513210058823529,1.1764705882352942,0.8823529411764706,0.8823529411764706,0.1015142764705882,5.294117647058823,RW,67,83,100,67,100,67,67,100,100,83,100,100,100,100,83,83,100,100,67,100,33,67,100,100,67,67,33,67,100,33,50,67,67,100,100,67,100,83,67,100,67,67,67,67,67,67,67,67,67,67,33,67,100,67,67,67,67,33,67,67,100,100,67,100,33,67,100,100,67,67,33,67,100,33,50,67,67,100,67,33,67,33,33,67,67,67,67,67,Swiss Super League
Basel,5u18kvqiqhup2vd345dci1069,3tt6p44vr1thvhdx0gw44f6xh,Ž. Celar,Zan Celar,27,Attacker,Slovenia,Striker,9.0,0.0,21.0,3.0,30.0,6.0,4.0,9.0,7.0,2.0,2.0,6.0,7.0,12.0,2.0,345.0,5.0,15.0,4.0,1.0,1.0,0.0,0.0,1.0,3.0,0.0,0.0,75.0,100.0,0.0,16.67,55.56,25.53,33.33,100.0,0.6379435935508033,0.3176490259300625,2.0,5.0,0.12358506,3.0,1.0,3.0,0.0616823199999999,12.0,2.347826086956521,0.0,5.478260869565217,0.7826086956521738,7.826086956521739,1.5652173913043477,1.0434782608695652,2.347826086956521,1.826086956521739,0.5217391304347826,0.5217391304347826,1.5652173913043477,1.826086956521739,3.130434782608696,0.5217391304347826,1.3043478260869563,3.9130434782608696,1.0434782608695652,0.2608695652173913,0.2608695652173913,0.0,0.0,0.2608695652173913,0.7826086956521738,0.0,0.0,75.0,100.0,0.0,16.67,55.56,25.53,33.33,100.0,0.1664200678828182,0.0828649632861032,0.5217391304347826,1.3043478260869563,0.0322395808695652,0.7826086956521738,0.2608695652173913,0.7826086956521738,0.0160910399999999,3.130434782608696,ST,56,37,68,94,69,76,76,79,79,76,71,71,73,61,68,90,73,74,35,53,34,52,77,97,52,52,61,85,37,29,90,10,45,90,65,77,71,82,77,84,35,61,45,66,39,37,19,81,13,52,45,32,26,48,35,35,42,16,45,68,19,42,29,45,34,52,71,81,52,52,61,85,37,29,90,10,45,90,13,42,42,52,45,68,29,42,23,26,Swiss Super League
Basel,5u18kvqiqhup2vd345dci1069,4tqq3vmbq7imsophuxh69qmms,V. Akpe,Victory Akpe,20,Defender,Nigeria,Defender,157.0,0.0,77.0,13.0,234.0,15.0,2.0,2.0,1.0,1.0,0.0,1.0,1.0,23.0,35.0,360.0,0.0,5.0,6.0,1.0,1.0,13.0,0.0,0.0,0.0,0.0,0.0,87.64,48.15,0.0,100.0,0.0,51.11,51.72,100.0,0.1611358276393997,0.24354565472353,1.0,5.0,0.09176588,0.0,15.0,15.0,0.26682895,123.0,39.25,0.0,19.25,3.25,58.5,3.75,0.5,0.5,0.25,0.25,0.0,0.25,0.25,5.75,8.75,0.0,1.25,1.5,0.25,0.25,3.25,0.0,0.0,0.0,0.0,0.0,87.64,48.15,0.0,100.0,0.0,51.11,51.72,100.0,0.0402839569098499,0.0608864136808825,0.25,1.25,0.02294147,0.0,3.75,3.75,0.0667072375,30.75,CB,100,43,96,91,100,91,91,73,52,91,43,59,59,86,96,39,82,95,75,20,100,46,48,45,52,52,71,64,43,89,39,21,32,95,75,96,93,86,86,32,96,93,89,93,100,43,93,73,100,79,86,54,34,86,43,48,48,57,86,39,70,73,68,16,100,46,48,45,52,52,71,64,43,89,39,21,32,95,46,93,89,86,86,32,82,71,61,89,Swiss Super League
Basel,5u18kvqiqhup2vd345dci1069,4u281v53ges3kimtgac0tidm2,F. Daniliuc,Flavius Daniliuc,25,Defender,Austria,Defender,125.0,0.0,90.0,10.0,215.0,8.0,0.0,5.0,5.0,0.0,0.0,0.0,0.0,10.0,14.0,360.0,2.0,5.0,0.0,0.0,1.0,3.0,0.0,0.0,0.0,0.0,0.0,89.21,47.62,0.0,0.0,40.0,76.92,88.89,50.0,0.5665678702020553,0.0,0.0,12.0,0.239363,3.0,20.0,20.0,0.4131437299999999,151.0,31.25,0.0,22.5,2.5,53.75,2.0,0.0,1.25,1.25,0.0,0.0,0.0,0.0,2.5,3.5,0.5,1.25,0.0,0.0,0.25,0.75,0.0,0.0,0.0,0.0,0.0,89.21,47.62,0.0,0.0,40.0,76.92,88.89,50.0,0.1416419675505138,0.0,0.0,3.0,0.05984075,0.75,5.0,5.0,0.1032859324999999,37.75,CB,89,43,100,79,96,70,32,96,98,43,43,23,23,23,55,93,82,9,34,20,43,46,48,45,52,52,79,61,43,34,80,88,95,34,96,34,45,100,96,96,100,100,96,100,64,43,100,43,93,27,32,93,96,43,43,23,23,4,25,86,70,9,34,16,25,46,48,45,52,52,79,61,43,34,80,88,95,34,96,34,45,96,93,93,96,96,86,96,Swiss Super League
Basel,5u18kvqiqhup2vd345dci1069,6tzrulqvl1ytj9907ueeanskq,P. Otele,Philip Otele,27,Attacker,Nigeria,Striker,14.0,2.0,25.0,0.0,37.0,3.0,2.0,6.0,4.0,2.0,2.0,8.0,8.0,10.0,0.0,166.0,0.0,12.0,2.0,4.0,0.0,0.0,0.0,0.0,0.0,0.0,0.0,71.15,0.0,25.0,50.0,0.0,50.0,60.0,0.0,0.5328559157520446,0.2006061518188633,3.0,7.0,0.22226762,4.0,2.0,7.0,0.37208845,17.0,7.590361445783132,1.0843373493975903,13.55421686746988,0.0,20.06024096385542,1.6265060240963851,1.0843373493975903,3.2530120481927707,2.1686746987951806,1.0843373493975903,1.0843373493975903,4.337349397590361,4.337349397590361,5.421686746987952,0.0,0.0,6.506024096385541,1.0843373493975903,2.1686746987951806,0.0,0.0,0.0,0.0,0.0,0.0,0.0,71.15,0.0,25.0,50.0,0.0,50.0,60.0,0.0,0.2888977856486989,0.1087623714680584,1.6265060240963851,3.795180722891566,0.1205065409638554,2.1686746987951806,1.0843373493975903,3.795180722891566,0.2017347018072289,9.216867469879515,LW,100,100,38,50,75,88,38,38,38,50,50,75,75,75,38,25,50,62,75,25,38,62,50,25,62,62,50,50,75,75,25,100,100,25,25,50,50,100,100,88,50,75,100,75,100,100,50,50,50,100,25,25,25,75,50,75,75,100,38,25,50,75,100,25,38,62,50,25,62,62,50,50,75,75,25,100,100,25,25,75,50,75,50,75,50,100,100,75,Swiss Super League
Basel,5u18kvqiqhup2vd345dci1069,7s1q4rd90gi1gwbko34fuvhlh,X. Shaqiri,Xherdan Shaqiri,34,Midfielder,Switzerland,Midfielder,23.0,5.0,52.0,8.0,70.0,1.0,8.0,4.0,3.0,1.0,0.0,1.0,1.0,10.0,1.0,213.0,2.0,6.0,7.0,1.0,1.0,0.0,0.0,0.0,1.0,0.0,0.0,81.4,61.54,31.25,100.0,50.0,66.67,0.0,100.0,0.3773292070003566,0.9034499247103608,0.0,5.0,0.23447439,1.0,14.0,15.0,0.5074169299999998,37.0,9.71830985915493,2.112676056338028,21.97183098591549,3.380281690140845,29.577464788732392,0.4225352112676056,3.380281690140845,1.6901408450704225,1.267605633802817,0.4225352112676056,0.0,0.4225352112676056,0.4225352112676056,4.225352112676056,0.4225352112676056,0.8450704225352113,2.535211267605634,2.9577464788732395,0.4225352112676056,0.4225352112676056,0.0,0.0,0.0,0.4225352112676056,0.0,0.0,81.4,61.54,31.25,100.0,50.0,66.67,0.0,100.0,0.1594348761973337,0.3817394048071947,0.0,2.112676056338028,0.0990736859154929,0.4225352112676056,5.915492957746479,6.338028169014084,0.2144015197183097,15.633802816901408,CM/AM,52,75,54,90,50,40,81,42,67,31,15,19,19,44,44,54,54,90,33,15,15,52,35,60,52,52,50,69,52,94,65,92,23,88,58,85,12,56,81,23,88,90,73,60,54,81,62,100,62,42,85,46,67,31,15,19,19,50,38,58,50,96,35,19,15,52,35,58,52,52,50,69,52,94,65,92,23,88,50,88,12,62,96,23,100,88,77,65,Swiss Super League
Basel,5u18kvqiqhup2vd345dci1069,7xvwcat6dce9y9obgc8e2s1k9,K. Tsunemoto,Keigo Tsunemoto,27,Defender,Japan,Defender,82.0,4.0,73.0,7.0,151.0,6.0,4.0,1.0,0.0,1.0,0.0,2.0,2.0,19.0,4.0,360.0,1.0,3.0,3.0,1.0,4.0,5.0,0.0,0.0,0.0,0.0,0.0,84.36,43.75,57.14,50.0,100.0,65.52,75.0,44.44,0.0757204096950072,0.4262538614940527,1.0,8.0,0.19247669,3.0,17.0,20.0,0.9696543,78.0,20.5,1.0,18.25,1.75,37.75,1.5,1.0,0.25,0.0,0.25,0.0,0.5,0.5,4.75,1.0,0.25,0.75,0.75,0.25,1.0,1.25,0.0,0.0,0.0,0.0,0.0,84.36,43.75,57.14,50.0,100.0,65.52,75.0,44.44,0.0189301024237518,0.1065634653735131,0.25,2.0,0.0481191725,0.75,4.25,5.0,0.242413575,19.5,RB/RCB,94,91,94,59,100,91,84,38,19,81,41,53,53,81,31,69,56,59,50,62,53,44,38,47,53,53,81,69,94,56,94,94,91,12,25,88,81,91,88,75,100,100,94,94,88,75,94,28,94,59,66,25,19,69,41,50,50,56,19,59,31,44,44,38,25,44,38,47,53,53,81,69,94,56,94,94,91,12,25,75,69,69,69,72,94,94,81,88,Swiss Super League
Basel,5u18kvqiqhup2vd345dci1069,9acznrpww7ch2gqxvcst5d2c4,M. Cissé,Moussa Cissé,23,Defender,France,Defender,30.0,1.0,43.0,4.0,72.0,1.0,0.0,0.0,0.0,0.0,0.0,4.0,4.0,9.0,2.0,202.0,0.0,1.0,2.0,2.0,1.0,5.0,0.0,0.0,0.0,0.0,0.0,87.8,40.0,20.0,50.0,0.0,50.0,33.33,25.0,0.0,0.0,0.0,0.0,0.0,0.0,0.0,0.0,0.0,0.0,13.366336633663366,0.4455445544554455,19.15841584158416,1.7821782178217822,32.07920792079208,0.4455445544554455,0.0,0.0,0.0,0.0,0.0,1.7821782178217822,1.7821782178217822,4.00990099009901,0.8910891089108911,0.0,0.4455445544554455,0.8910891089108911,0.8910891089108911,0.4455445544554455,2.227722772277228,0.0,0.0,0.0,0.0,0.0,87.8,40.0,20.0,50.0,0.0,50.0,33.33,25.0,0.0,0.0,0.0,0.0,0.0,0.0,0.0,0.0,0.0,0.0,LB/LCB,57,45,71,57,57,26,24,10,29,26,36,81,79,48,14,36,26,60,81,21,93,50,48,50,50,50,81,60,55,76,36,36,36,14,12,24,31,12,12,17,7,7,7,7,43,48,67,57,62,10,24,10,29,26,36,81,76,43,10,36,29,62,81,14,86,50,48,50,50,50,81,60,55,76,36,36,36,14,12,24,31,12,12,17,7,7,7,7,Swiss Super League
Basel,5u18kvqiqhup2vd345dci1069,bbrdybdlcobf8cc9epxzeledw,L. Malachowski,Ludwig Malachowski,21,Midfielder,Sweden,Midfielder,38.0,4.0,43.0,5.0,77.0,0.0,5.0,0.0,0.0,0.0,0.0,3.0,3.0,9.0,2.0,226.0,0.0,0.0,4.0,2.0,2.0,1.0,0.0,0.0,0.0,0.0,0.0,85.56,62.5,66.67,66.67,0.0,36.0,0.0,66.67,0.0,0.6075690220494062,0.0,2.0,0.06479232,2.0,7.0,9.0,0.66951642,42.0,15.132743362831858,1.592920353982301,17.123893805309734,1.991150442477876,30.663716814159294,0.0,1.991150442477876,0.0,0.0,0.0,0.0,1.1946902654867255,1.1946902654867255,3.584070796460177,0.7964601769911505,0.0,0.0,1.592920353982301,0.7964601769911505,0.7964601769911505,0.3982300884955752,0.0,0.0,0.0,0.0,0.0,85.56,62.5,66.67,66.67,0.0,36.0,0.0,66.67,0.0,0.2419522654179051,0.0,0.7964601769911505,0.0258022513274336,0.7964601769911505,2.7876106194690267,3.584070796460177,0.2666215831858407,16.72566371681416,LM/LCM,100,100,75,100,100,38,88,25,38,38,50,50,50,75,75,38,25,75,75,75,38,62,50,50,62,62,100,100,75,100,38,75,38,50,25,100,38,50,75,75,100,88,100,100,100,100,75,100,100,38,75,25,38,38,50,50,50,75,75,38,25,100,75,75,25,62,50,50,62,62,100,100,75,100,38,75,38,50,25,75,38,25,25,75,75,75,100,100,Swiss Super League
Basel,5u18kvqiqhup2vd345dci1069,cva5o1qtbevwt7ws8kno8m3ca,B. Omeragic,Becir Omeragic,24,Defender,Switzerland,Defender,26.0,0.0,35.0,0.0,61.0,5.0,0.0,1.0,1.0,0.0,0.0,0.0,0.0,10.0,8.0,179.0,1.0,1.0,1.0,0.0,3.0,3.0,0.0,0.0,0.0,0.0,0.0,83.56,0.0,0.0,0.0,100.0,76.92,71.43,75.0,0.1307126811599657,0.0,0.0,6.0,0.11936234,1.0,7.0,4.0,0.0687403899999999,34.0,13.07262569832402,0.0,17.59776536312849,0.0,30.67039106145252,2.5139664804469275,0.0,0.5027932960893855,0.5027932960893855,0.0,0.0,0.0,0.0,5.027932960893855,4.022346368715084,0.5027932960893855,0.5027932960893855,0.5027932960893855,0.0,1.5083798882681565,1.5083798882681565,0.0,0.0,0.0,0.0,0.0,83.56,0.0,0.0,0.0,100.0,76.92,71.43,75.0,0.0657214598011,0.0,0.0,3.016759776536313,0.0600145843575418,0.5027932960893855,3.519553072625698,2.011173184357542,0.0345622072625697,17.094972067039105,CB,14,43,46,4,36,39,32,48,52,43,43,23,23,23,20,82,27,25,34,52,43,46,48,45,52,52,36,4,43,34,96,88,79,70,61,34,45,91,89,73,59,41,29,50,11,43,82,4,25,46,32,57,61,43,43,23,23,32,32,89,32,25,34,64,57,46,48,45,52,52,36,4,43,34,96,88,79,70,68,34,45,100,96,82,79,46,32,43,Swiss Super League
Basel,5u18kvqiqhup2vd345dci1069,d2dqd11a9koizwjaq93n4npt6,K. Olaigbe,Kazeem Olaigbe,23,Attacker,Belgium,Striker,13.0,1.0,39.0,1.0,51.0,0.0,2.0,4.0,4.0,0.0,2.0,15.0,16.0,11.0,0.0,216.0,1.0,11.0,4.0,7.0,0.0,0.0,0.0,1.0,1.0,0.0,0.0,80.95,100.0,14.29,46.67,25.0,44.0,0.0,0.0,0.3212701533282565,0.2510924043085388,2.0,9.0,0.24937357,3.0,7.0,7.0,0.35245184,19.0,5.416666666666667,0.4166666666666667,16.25,0.4166666666666667,21.25,0.0,0.8333333333333334,1.6666666666666667,1.6666666666666667,0.0,0.8333333333333334,6.25,6.666666666666667,4.583333333333334,0.0,0.4166666666666667,4.583333333333334,1.6666666666666667,2.916666666666667,0.0,0.0,0.0,0.4166666666666667,0.4166666666666667,0.0,0.0,80.95,100.0,14.29,46.67,25.0,44.0,0.0,0.0,0.1338625638867735,0.1046218351285578,0.8333333333333334,3.75,0.1039056541666666,1.25,2.916666666666667,2.916666666666667,0.1468549333333333,7.916666666666667,ST,87,79,87,61,87,10,37,31,47,19,71,97,97,55,21,31,52,74,94,19,34,52,77,60,52,52,84,85,74,65,31,68,11,19,16,55,71,100,97,84,97,92,87,84,74,77,90,58,90,10,39,10,19,19,71,100,97,52,21,23,35,68,97,19,34,52,77,53,52,52,84,85,74,65,31,68,11,19,10,55,71,100,100,82,97,87,84,87,Swiss Super League
Basel,5u18kvqiqhup2vd345dci1069,eztoltv7xuc9xbpxpj1s0ial0,Metinho,Abemly Silu Metinho,23,Midfielder,Congo DR,Midfielder,59.0,0.0,37.0,4.0,96.0,2.0,0.0,1.0,1.0,0.0,0.0,1.0,1.0,10.0,3.0,269.0,0.0,1.0,3.0,0.0,4.0,2.0,0.0,0.0,0.0,0.0,0.0,81.36,80.0,0.0,0.0,0.0,43.48,66.67,80.0,0.0823901031473975,0.0,0.0,3.0,0.07137789,1.0,2.0,1.0,0.06738999,27.0,19.739776951672862,0.0,12.37918215613383,1.338289962825279,32.11895910780669,0.6691449814126395,0.0,0.3345724907063197,0.3345724907063197,0.0,0.0,0.3345724907063197,0.3345724907063197,3.345724907063197,1.003717472118959,0.0,0.3345724907063197,1.003717472118959,0.0,1.338289962825279,0.6691449814126395,0.0,0.0,0.0,0.0,0.0,81.36,80.0,0.0,0.0,0.0,43.48,66.67,80.0,0.0275654620195753,0.0,0.0,1.003717472118959,0.0238810784386617,0.3345724907063197,0.6691449814126395,0.3345724907063197,0.0225468368029739,9.033457249070633,DM/CM,65,35,48,48,61,59,11,24,63,22,26,35,35,52,50,39,35,54,22,80,39,52,41,46,50,52,39,91,35,22,39,30,83,74,26,13,26,48,52,37,7,4,4,39,52,35,26,26,43,48,11,13,61,22,26,35,35,35,35,39,35,52,22,70,35,52,41,46,50,52,39,91,35,22,39,30,83,74,13,13,26,35,35,30,4,4,4,13,Swiss Super League
Basel,5u18kvqiqhup2vd345dci1069,fbjasct9bn38u39mbgafcm7e,N. Vouilloz,Nicolas Vouilloz,25,Defender,Switzerland,Defender,27.0,0.0,18.0,3.0,45.0,2.0,1.0,0.0,0.0,0.0,0.0,0.0,0.0,11.0,3.0,90.0,0.0,0.0,2.0,0.0,3.0,2.0,0.0,0.0,0.0,0.0,0.0,90.0,75.0,0.0,0.0,0.0,64.71,66.67,42.86,0.0,0.04720871904607,0.0,0.0,0.0,0.0,6.0,4.0,0.11464458,24.0,27.0,0.0,18.0,3.0,45.0,2.0,1.0,0.0,0.0,0.0,0.0,0.0,0.0,11.0,3.0,0.0,0.0,2.0,0.0,3.0,2.0,0.0,0.0,0.0,0.0,0.0,90.0,75.0,0.0,0.0,0.0,64.71,66.67,42.86,0.0,0.04720871904607,0.0,0.0,0.0,0.0,6.0,4.0,0.11464458,24.0,CB,20,43,25,20,11,7,75,16,16,43,43,23,23,34,7,39,7,41,34,52,23,46,48,45,52,52,89,98,43,34,39,64,62,25,20,68,45,25,25,32,52,41,46,32,39,43,86,57,61,27,93,16,16,43,43,23,23,96,18,39,7,86,34,89,82,46,48,45,52,52,89,98,43,34,39,64,62,25,20,82,45,25,25,32,100,80,89,71,Swiss Super League
Lausanne-Sport,96jxcq0onij7zd9rwwkal8q1l,187qa5icsve3oak3t90r6rhsl,M. Poaty,Morgan Poaty,29,Defender,Congo,Defender,50.0,2.0,77.0,6.0,125.0,4.0,2.0,1.0,0.0,1.0,0.0,3.0,3.0,21.0,9.0,360.0,0.0,2.0,6.0,2.0,6.0,2.0,0.0,0.0,0.0,0.0,0.0,75.3,23.08,40.0,66.67,0.0,72.41,57.14,60.0,0.0246118517733998,0.193117143551399,1.0,11.0,0.2297663,3.0,8.0,6.0,0.3009892,39.0,12.5,0.5,19.25,1.5,31.25,1.0,0.5,0.25,0.0,0.25,0.0,0.75,0.75,5.25,2.25,0.0,0.5,1.5,0.5,1.5,0.5,0.0,0.0,0.0,0.0,0.0,75.3,23.08,40.0,66.67,0.0,72.41,57.14,60.0,0.0061529629433499,0.0482792858878497,0.25,2.75,0.057441575,0.75,2.0,1.5,0.0752473,9.75,LB/LCB,76,60,100,74,86,64,64,43,29,64,36,71,69,100,74,36,57,100,81,90,62,50,48,50,50,50,43,19,88,86,36,95,76,55,24,62,71,100,100,88,76,38,62,62,38,52,76,43,48,52,57,19,29,52,36,48,48,76,29,36,33,90,62,76,38,50,48,50,50,50,43,19,88,86,36,95,76,55,24,57,62,90,86,71,38,14,38,29,Swiss Super League
Lausanne-Sport,96jxcq0onij7zd9rwwkal8q1l,1n0y675l767w55pipq5lgj1zp,F. Mollet,Florent Mollet,34,Midfielder,France,Midfielder,29.0,2.0,54.0,7.0,81.0,2.0,4.0,3.0,2.0,1.0,0.0,0.0,0.0,6.0,2.0,209.0,2.0,6.0,1.0,0.0,2.0,2.0,0.0,0.0,2.0,0.0,0.0,84.38,77.78,28.57,0.0,66.67,46.15,50.0,66.67,0.2681724922240886,0.3198288189782298,1.0,2.0,0.03870264,3.0,9.0,9.0,0.14871447,40.0,12.48803827751196,0.8612440191387559,23.253588516746408,3.014354066985646,34.880382775119614,0.8612440191387559,1.7224880382775118,1.2918660287081338,0.8612440191387559,0.4306220095693779,0.0,0.0,0.0,2.583732057416268,0.8612440191387559,0.8612440191387559,2.583732057416268,0.4306220095693779,0.0,0.8612440191387559,0.8612440191387559,0.0,0.0,0.8612440191387559,0.0,0.0,84.38,77.78,28.57,0.0,66.67,46.15,50.0,66.67,0.1154809775127654,0.1377253287466061,0.4306220095693779,0.8612440191387559,0.0166662086124401,1.2918660287081338,3.8755980861244015,3.8755980861244015,0.0640397239234449,17.22488038277512,CM/AM,65,54,67,83,69,63,42,27,50,31,15,8,8,13,69,54,54,19,15,42,67,52,35,90,52,52,69,96,44,15,83,38,71,38,31,42,38,27,23,73,73,62,23,69,77,54,77,92,81,65,38,31,54,35,15,8,8,12,81,62,54,19,15,42,73,52,35,92,52,52,69,96,44,15,83,38,71,38,46,42,38,23,23,77,81,73,23,81,Swiss Super League
Lausanne-Sport,96jxcq0onij7zd9rwwkal8q1l,2xet9j8jfhv9ypt6jfojlwogl,O. Custodio,Olivier Custodio,31,Midfielder,Switzerland,Midfielder,67.0,1.0,70.0,9.0,136.0,2.0,1.0,3.0,0.0,3.0,1.0,0.0,0.0,10.0,4.0,293.0,0.0,1.0,3.0,0.0,1.0,2.0,0.0,0.0,0.0,0.0,0.0,87.18,50.0,14.29,0.0,0.0,38.46,66.67,20.0,0.2009473463318708,0.0601132487607896,1.0,4.0,0.09232929,2.0,16.0,13.0,0.2770654999999999,67.0,20.580204778157,0.3071672354948805,21.50170648464164,2.7645051194539247,41.77474402730376,0.6143344709897611,0.3071672354948805,0.9215017064846416,0.0,0.9215017064846416,0.3071672354948805,0.0,0.0,3.0716723549488054,1.2286689419795225,0.0,0.3071672354948805,0.9215017064846416,0.0,0.3071672354948805,0.6143344709897611,0.0,0.0,0.0,0.0,0.0,87.18,50.0,14.29,0.0,0.0,38.46,66.67,20.0,0.061724440852793,0.0184648204384677,0.3071672354948805,1.2286689419795225,0.0283605327645051,0.6143344709897611,4.914675767918089,3.993174061433447,0.0851054436860068,20.580204778157,CM/AM,100,40,85,98,96,63,12,27,12,75,46,8,8,44,88,12,6,54,15,15,67,52,35,21,52,52,81,46,38,15,12,23,92,8,19,15,38,42,38,52,94,83,46,96,96,35,54,88,96,50,12,19,12,65,38,8,8,19,88,12,4,42,15,12,50,52,35,21,52,52,81,46,38,15,12,23,92,8,19,15,23,42,38,35,92,77,38,96,Swiss Super League
Lausanne-Sport,96jxcq0onij7zd9rwwkal8q1l,30oup47g0i12cvub12r7kmxd6,B. Soppy,Brandon Soppy,24,Defender,France,Defender,55.0,0.0,67.0,7.0,122.0,2.0,1.0,0.0,0.0,0.0,0.0,5.0,6.0,30.0,7.0,360.0,0.0,4.0,6.0,3.0,12.0,6.0,1.0,0.0,0.0,0.0,0.0,77.22,38.89,0.0,60.0,0.0,65.22,0.0,63.16,0.0,0.05583857232993,0.0,3.0,0.07204563,3.0,13.0,14.0,0.36323623,59.0,13.75,0.0,16.75,1.75,30.5,0.5,0.25,0.0,0.0,0.0,0.0,1.25,1.5,7.5,1.75,0.0,1.0,1.5,0.75,3.0,1.5,0.25,0.0,0.0,0.0,0.0,77.22,38.89,0.0,60.0,0.0,65.22,0.0,63.16,0.0,0.0139596430824825,0.0,0.75,0.0180114075,0.75,3.25,3.5,0.0908090575,14.75,RB/RCB,69,22,88,59,81,47,38,12,19,34,41,81,84,94,50,28,62,100,78,94,75,94,38,47,53,53,38,50,22,69,28,88,16,44,12,38,34,41,38,75,84,81,50,81,56,22,88,28,75,34,31,12,19,34,41,72,75,88,34,28,38,81,75,94,41,91,38,47,53,53,38,50,22,69,28,88,16,44,12,31,34,34,38,72,84,62,44,62,Swiss Super League
Lausanne-Sport,96jxcq0onij7zd9rwwkal8q1l,4925210zy04qv4cliok72f578,Omar Janneh,Omar Janneh,20,Attacker,Spain,Striker,8.0,0.0,21.0,0.0,29.0,11.0,1.0,11.0,11.0,0.0,2.0,6.0,7.0,17.0,4.0,351.0,4.0,19.0,5.0,0.0,1.0,1.0,0.0,1.0,0.0,0.0,0.0,56.86,0.0,0.0,0.0,36.36,36.17,44.0,100.0,1.4348494165052113,0.0788667631092782,1.0,0.0,0.0,0.0,1.0,2.0,0.0605193699999999,8.0,2.0512820512820515,0.0,5.384615384615385,0.0,7.435897435897436,2.8205128205128207,0.2564102564102564,2.8205128205128207,2.8205128205128207,0.0,0.5128205128205129,1.5384615384615383,1.794871794871795,4.35897435897436,1.0256410256410258,1.0256410256410258,4.871794871794872,1.2820512820512822,0.0,0.2564102564102564,0.2564102564102564,0.0,0.2564102564102564,0.0,0.0,0.0,56.86,0.0,0.0,0.0,36.36,36.17,44.0,100.0,0.367910106796208,0.0202222469510969,0.2564102564102564,0.0,0.0,0.0,0.2564102564102564,0.5128205128205129,0.0155177871794871,2.0512820512820515,ST,52,37,68,24,63,90,19,87,90,19,71,71,73,84,90,81,87,85,15,53,77,52,77,19,52,52,10,24,37,15,58,35,58,90,90,26,40,10,10,23,35,48,42,47,23,37,16,24,10,81,13,52,71,19,32,32,39,45,77,58,39,55,15,42,71,52,68,19,52,52,10,24,37,15,58,35,58,90,68,23,23,10,10,23,26,26,19,13,Swiss Super League
Lausanne-Sport,96jxcq0onij7zd9rwwkal8q1l,4m5w23fmydm3or1ff42hgeqne,N. Butler-Oyedeji,Nathan Butler-Oyedeji,23,Attacker,England,Striker,13.0,1.0,42.0,3.0,54.0,2.0,2.0,1.0,1.0,0.0,0.0,8.0,9.0,15.0,0.0,225.0,1.0,5.0,5.0,2.0,3.0,6.0,0.0,0.0,1.0,0.0,0.0,81.82,75.0,25.0,25.0,100.0,60.0,50.0,50.0,0.0501151859853521,0.2627978145838696,1.0,5.0,0.14162784,0.0,2.0,5.0,0.0992252399999999,24.0,5.2,0.4,16.8,1.2,21.6,0.8,0.8,0.4,0.4,0.0,0.0,3.2,3.6,6.0,0.0,0.4,2.0,2.0,0.8,1.2,2.4,0.0,0.0,0.4,0.0,0.0,81.82,75.0,25.0,25.0,100.0,60.0,50.0,50.0,0.0200460743941408,0.1051191258335478,0.4,2.0,0.056651136,0.0,0.8,2.0,0.0396900959999999,9.6,ST,87,79,90,94,94,35,37,3,8,19,11,89,87,79,21,31,6,85,60,85,100,52,31,60,52,52,89,65,79,34,100,97,82,52,3,61,40,82,81,23,60,79,71,90,71,74,94,90,94,26,32,3,6,19,11,77,84,68,21,19,3,73,52,84,100,52,31,48,52,52,89,65,79,34,100,97,82,52,3,58,29,77,77,23,52,76,52,97,Swiss Super League
Lausanne-Sport,96jxcq0onij7zd9rwwkal8q1l,8lx7ynn9g358g7icf8f0jxjx0,I. Bah Mendes,Ibrahim Bah Mendes,20,Attacker,Switzerland,Striker,5.0,0.0,17.0,0.0,22.0,0.0,3.0,3.0,1.0,2.0,0.0,17.0,19.0,15.0,2.0,163.0,1.0,10.0,2.0,9.0,2.0,2.0,0.0,0.0,1.0,0.0,0.0,75.86,0.0,0.0,52.94,33.33,38.46,0.0,50.0,0.1873499245369825,0.3246700025928312,3.0,7.0,0.27712184,3.0,0.0,1.0,0.1182637299999998,5.0,2.7607361963190185,0.0,9.386503067484664,0.0,12.14723926380368,0.0,1.656441717791411,1.656441717791411,0.5521472392638037,1.1042944785276074,0.0,9.386503067484664,10.49079754601227,8.282208588957054,1.1042944785276074,0.5521472392638037,5.521472392638037,1.1042944785276074,4.969325153374233,1.1042944785276074,1.1042944785276074,0.0,0.0,0.5521472392638037,0.0,0.0,75.86,0.0,0.0,52.94,33.33,38.46,0.0,50.0,0.1034447436093768,0.1792656456034037,1.656441717791411,3.8650306748466257,0.1530120588957055,1.656441717791411,0.0,0.5521472392638037,0.0652989920245397,2.7607361963190185,RW,33,33,33,33,33,33,33,33,33,33,33,67,67,33,83,33,33,50,100,33,83,67,50,50,67,67,100,33,33,67,50,33,33,33,33,33,33,83,100,67,33,33,33,33,33,33,33,33,33,33,67,33,33,33,33,100,100,67,100,33,33,67,100,33,100,67,50,67,67,67,100,33,33,67,50,33,33,33,33,67,33,100,100,100,33,33,33,33,Swiss Super League
Lausanne-Sport,96jxcq0onij7zd9rwwkal8q1l,9sgtxk82p3wstmmncfw7n5fu2,J. Roche,Jamie Roche,25,Midfielder,Sweden,Midfielder,104.0,1.0,66.0,14.0,169.0,6.0,3.0,2.0,0.0,2.0,0.0,1.0,1.0,21.0,4.0,341.0,0.0,0.0,6.0,1.0,7.0,7.0,0.0,0.0,0.0,0.0,0.0,84.92,53.85,100.0,100.0,0.0,65.62,75.0,77.78,0.1197085823085577,0.245014750945869,0.0,1.0,0.01870347,0.0,9.0,8.0,0.1532135499999999,63.0,27.44868035190616,0.2639296187683284,17.41935483870968,3.6950146627566,44.60410557184751,1.5835777126099708,0.7917888563049854,0.5278592375366569,0.0,0.5278592375366569,0.0,0.2639296187683284,0.2639296187683284,5.542521994134898,1.0557184750733135,0.0,0.0,1.5835777126099708,0.2639296187683284,1.8475073313783,1.8475073313783,0.0,0.0,0.0,0.0,0.0,84.92,53.85,100.0,100.0,0.0,65.62,75.0,77.78,0.0315946404919947,0.0646666498097601,0.0,0.2639296187683284,0.0049363997067448,0.0,2.375366568914956,2.1114369501466275,0.0404375938416422,16.627565982404693,DM/CM,96,78,74,89,78,96,67,57,28,74,26,35,35,96,76,39,17,80,59,96,93,52,41,46,50,52,61,61,100,89,39,91,98,70,52,70,26,15,17,13,50,50,48,67,83,74,52,78,70,91,52,22,28,48,26,26,26,78,48,39,17,65,48,87,74,52,41,46,50,52,61,61,100,89,39,91,98,70,17,52,26,13,13,13,30,26,17,52,Swiss Super League
Lausanne-Sport,96jxcq0onij7zd9rwwkal8q1l,9yswu310jfpqogiznn1vvrjf8,B. Lekoueiry,Beyatt Lekoueiry,21,Midfielder,Mauritania,Midfielder,14.0,2.0,43.0,3.0,55.0,4.0,4.0,0.0,0.0,0.0,0.0,11.0,12.0,17.0,0.0,171.0,0.0,8.0,4.0,5.0,3.0,3.0,0.0,0.0,0.0,0.0,0.0,79.71,50.0,50.0,45.45,0.0,47.22,33.33,75.0,0.0,0.0,0.0,0.0,0.0,0.0,0.0,0.0,0.0,0.0,7.36842105263158,1.0526315789473684,22.63157894736842,1.5789473684210529,28.94736842105264,2.1052631578947367,2.1052631578947367,0.0,0.0,0.0,0.0,5.789473684210527,6.315789473684211,8.947368421052632,0.0,0.0,4.2105263157894735,2.1052631578947367,2.631578947368421,1.5789473684210529,1.5789473684210529,0.0,0.0,0.0,0.0,0.0,79.71,50.0,50.0,45.45,0.0,47.22,33.33,75.0,0.0,0.0,0.0,0.0,0.0,0.0,0.0,0.0,0.0,0.0,CM/AM,27,54,38,46,35,85,42,6,12,12,15,87,85,81,13,12,63,62,85,69,83,52,35,21,52,52,46,46,83,58,12,42,62,54,6,8,12,6,6,6,8,6,6,6,31,62,65,58,54,88,58,6,12,12,15,92,96,100,13,12,85,73,96,81,96,52,35,21,52,52,46,46,83,58,12,42,62,54,6,8,12,6,6,6,8,6,6,6,Swiss Super League
Lausanne-Sport,96jxcq0onij7zd9rwwkal8q1l,a48dlwyvgi2pyukklo0ik0ne2,K. Mouanga,Kevin Mouanga,26,Defender,Congo,Defender,116.0,0.0,43.0,9.0,159.0,8.0,0.0,1.0,1.0,0.0,0.0,1.0,1.0,20.0,17.0,270.0,0.0,2.0,2.0,1.0,7.0,4.0,0.0,0.0,0.0,0.0,0.0,86.89,42.86,0.0,100.0,0.0,80.0,88.89,77.78,0.0,0.0,0.0,0.0,0.0,0.0,0.0,0.0,0.0,0.0,38.66666666666666,0.0,14.333333333333334,3.0,53.0,2.6666666666666665,0.0,0.3333333333333333,0.3333333333333333,0.0,0.0,0.3333333333333333,0.3333333333333333,6.666666666666667,5.666666666666667,0.0,0.6666666666666666,0.6666666666666666,0.3333333333333333,2.333333333333333,1.3333333333333333,0.0,0.0,0.0,0.0,0.0,86.89,42.86,0.0,100.0,0.0,80.0,88.89,77.78,0.0,0.0,0.0,0.0,0.0,0.0,0.0,0.0,0.0,0.0,CB,86,43,68,70,82,70,32,48,52,43,43,59,59,79,64,39,50,41,75,93,64,46,48,45,52,52,61,41,43,89,39,96,95,79,20,34,45,25,25,32,14,14,14,14,96,43,61,57,89,57,32,38,41,43,43,55,55,70,50,39,38,32,75,82,45,46,48,45,52,52,61,41,43,89,39,96,95,79,20,34,45,25,25,32,14,14,14,14,Swiss Super League
Lausanne-Sport,96jxcq0onij7zd9rwwkal8q1l,bp3fpwvk19a38lho1gdrqlic4,K. Sow,Karim Sow,23,Defender,Switzerland,Defender,128.0,0.0,57.0,16.0,185.0,10.0,0.0,1.0,1.0,0.0,0.0,2.0,2.0,31.0,25.0,360.0,0.0,3.0,10.0,2.0,6.0,2.0,0.0,0.0,0.0,0.0,0.0,84.47,47.06,0.0,100.0,0.0,64.58,62.5,66.67,0.154799540803271,0.0,0.0,1.0,0.01685596,0.0,4.0,6.0,0.1691511,87.0,32.0,0.0,14.25,4.0,46.25,2.5,0.0,0.25,0.25,0.0,0.0,0.5,0.5,7.75,6.25,0.0,0.75,2.5,0.5,1.5,0.5,0.0,0.0,0.0,0.0,0.0,84.47,47.06,0.0,100.0,0.0,64.58,62.5,66.67,0.0386998852008177,0.0,0.0,0.25,0.00421399,0.0,1.0,1.5,0.042287775,21.75,CB,93,43,89,98,93,80,32,48,52,43,43,82,82,100,89,39,64,100,88,89,23,46,48,45,52,52,43,55,43,89,39,61,39,57,71,34,45,57,52,32,41,62,61,86,68,43,57,88,75,43,32,32,34,43,43,75,75,79,57,39,46,96,86,61,18,46,48,45,52,52,43,55,43,89,39,61,39,57,43,34,45,50,50,32,29,32,39,61,Swiss Super League
Lausanne-Sport,96jxcq0onij7zd9rwwkal8q1l,bu16i67c2fk6mekh1mjtn49w4,S. Koné,Sekou Koné,20,Midfielder,Mali,Midfielder,10.0,0.0,35.0,3.0,45.0,0.0,2.0,1.0,0.0,1.0,1.0,3.0,3.0,14.0,1.0,186.0,0.0,3.0,6.0,3.0,4.0,4.0,0.0,1.0,0.0,0.0,0.0,68.18,50.0,0.0,100.0,0.0,51.85,0.0,80.0,0.0449103953597905,0.2311230410448826,1.0,5.0,0.10602785,2.0,6.0,5.0,0.2932007,21.0,4.838709677419354,0.0,16.93548387096774,1.4516129032258065,21.774193548387096,0.0,0.9677419354838708,0.4838709677419354,0.0,0.4838709677419354,0.4838709677419354,1.4516129032258065,1.4516129032258065,6.774193548387096,0.4838709677419354,0.0,1.4516129032258065,2.9032258064516125,1.4516129032258065,1.935483870967741,1.935483870967741,0.0,0.4838709677419354,0.0,0.0,0.0,68.18,50.0,0.0,100.0,0.0,51.85,0.0,80.0,0.0217308364644147,0.1118337295378464,0.4838709677419354,2.419354838709677,0.0513037983870967,0.9677419354838708,2.9032258064516125,2.419354838709677,0.1418713064516129,10.161290322580644,CM/AM,13,17,23,46,19,15,21,12,12,31,46,38,38,62,44,12,23,77,71,85,94,52,79,21,52,52,12,46,17,94,12,58,23,67,12,35,38,56,50,52,46,33,54,31,19,17,35,50,27,15,23,12,12,38,58,46,46,85,54,12,27,88,69,85,100,52,85,21,52,52,12,46,17,94,12,58,23,67,12,35,42,69,46,62,65,27,62,35,Swiss Super League
Lugano,btqfm8txcvhi29sddmc9nr68,178x7qayi0zn7c24tkyl02yuh,L. Mai,Lukas Mai,26,Defender,Germany,Defender,111.0,0.0,59.0,6.0,170.0,8.0,1.0,1.0,1.0,0.0,0.0,2.0,2.0,16.0,24.0,270.0,1.0,1.0,0.0,1.0,4.0,5.0,0.0,1.0,1.0,0.0,0.0,91.89,50.0,0.0,50.0,100.0,57.14,66.67,57.14,0.1368042109082215,0.1076929355939276,0.0,3.0,0.05171196,0.0,13.0,12.0,0.4624027899999999,129.0,37.0,0.0,19.666666666666668,2.0,56.66666666666666,2.6666666666666665,0.3333333333333333,0.3333333333333333,0.3333333333333333,0.0,0.0,0.6666666666666666,0.6666666666666666,5.333333333333333,8.0,0.3333333333333333,0.3333333333333333,0.0,0.3333333333333333,1.3333333333333333,1.6666666666666667,0.0,0.3333333333333333,0.3333333333333333,0.0,0.0,91.89,50.0,0.0,50.0,100.0,57.14,66.67,57.14,0.0456014036360738,0.0358976451979758,0.0,1.0,0.01723732,0.0,4.333333333333333,4.0,0.1541342633333333,43.0,CB,82,43,93,46,86,70,75,48,52,43,43,82,82,59,86,82,27,9,75,71,80,46,98,93,52,52,96,73,43,68,96,32,62,41,68,75,45,82,82,32,91,84,100,96,93,43,96,23,96,57,70,38,41,43,43,82,82,39,79,80,21,9,75,54,68,46,98,91,52,52,96,73,43,68,96,32,62,41,50,71,45,82,79,32,88,80,100,100,Swiss Super League
Lugano,btqfm8txcvhi29sddmc9nr68,3g68xop0q3soh8uf8xew8wn2t,E. Alioski,Ezgjan Alioski,34,Defender,North Macedonia,Defender,39.0,3.0,52.0,7.0,88.0,2.0,5.0,1.0,1.0,0.0,1.0,1.0,1.0,14.0,2.0,179.0,0.0,4.0,5.0,0.0,4.0,0.0,0.0,0.0,0.0,0.0,0.0,88.0,70.0,17.65,0.0,0.0,60.87,0.0,57.14,0.1141926019021391,0.3256059871417855,0.0,1.0,0.01870347,2.0,9.0,11.0,0.44113625,31.0,19.60893854748604,1.5083798882681565,26.14525139664804,3.519553072625698,44.24581005586592,1.005586592178771,2.5139664804469275,0.5027932960893855,0.5027932960893855,0.0,0.5027932960893855,0.5027932960893855,0.5027932960893855,7.039106145251396,1.005586592178771,0.0,2.011173184357542,2.5139664804469275,0.0,2.011173184357542,0.0,0.0,0.0,0.0,0.0,0.0,88.0,70.0,17.65,0.0,0.0,60.87,0.0,57.14,0.0574152746993995,0.1637125075014564,0.0,0.5027932960893855,0.0094039793296089,1.005586592178771,4.5251396648044695,5.5307262569832405,0.2218003491620111,15.58659217877095,LB/LCB,62,76,86,83,76,50,93,43,74,26,83,36,36,69,14,36,83,95,26,86,10,50,48,50,50,50,86,95,48,26,36,71,12,48,62,81,31,29,24,71,88,83,67,57,76,76,100,90,86,57,90,38,67,26,90,33,33,90,14,36,95,100,26,86,10,50,48,50,50,50,86,95,48,26,36,71,12,48,67,81,31,29,24,81,100,90,76,57,Swiss Super League
Lugano,btqfm8txcvhi29sddmc9nr68,59dtrk7ly4lepf7s0gywhu51w,E. Pihlström,Elias Pihlström,19,Attacker,Sweden,Striker,8.0,0.0,34.0,0.0,42.0,1.0,2.0,9.0,4.0,5.0,3.0,4.0,4.0,8.0,2.0,155.0,3.0,7.0,2.0,3.0,1.0,1.0,0.0,0.0,1.0,0.0,0.0,84.0,0.0,0.0,75.0,33.33,36.36,11.11,50.0,0.7086370436613503,0.1483739522290904,7.0,5.0,0.21251383,4.0,3.0,3.0,0.06448901,15.0,4.64516129032258,0.0,19.741935483870968,0.0,24.387096774193548,0.5806451612903225,1.161290322580645,5.225806451612903,2.32258064516129,2.9032258064516125,1.7419354838709675,2.32258064516129,2.32258064516129,4.64516129032258,1.161290322580645,1.7419354838709675,4.064516129032258,1.161290322580645,1.7419354838709675,0.5806451612903225,0.5806451612903225,0.0,0.0,0.5806451612903225,0.0,0.0,84.0,0.0,0.0,75.0,33.33,36.36,11.11,50.0,0.4114666705130421,0.0861526174233428,4.064516129032258,2.9032258064516125,0.1233951270967741,2.32258064516129,1.7419354838709675,1.7419354838709675,0.0374452316129032,8.709677419354838,LW,75,38,100,50,100,38,38,75,38,100,75,50,50,50,75,75,25,62,50,62,75,62,50,62,62,62,75,50,38,100,75,75,25,50,75,25,100,50,75,88,75,50,25,50,75,38,75,50,75,25,50,100,50,100,75,25,25,50,75,75,25,100,50,50,75,62,50,50,62,62,75,50,38,100,75,75,25,50,50,25,100,50,75,100,75,50,25,50,Swiss Super League
Lugano,btqfm8txcvhi29sddmc9nr68,5sbj1q3tlng1yb73hu3np0lm2,J. Bichsel,Joel Bichsel,24,Defender,Switzerland,Defender,46.0,0.0,24.0,3.0,70.0,7.0,0.0,1.0,1.0,0.0,0.0,2.0,2.0,14.0,6.0,135.0,1.0,1.0,1.0,2.0,2.0,4.0,0.0,0.0,0.0,0.0,0.0,92.11,75.0,0.0,100.0,100.0,73.68,87.5,50.0,0.1645076766173022,0.0,0.0,3.0,0.05864487,0.0,5.0,4.0,0.1129027799999999,45.0,30.666666666666668,0.0,16.0,2.0,46.66666666666666,4.666666666666667,0.0,0.6666666666666666,0.6666666666666666,0.0,0.0,1.3333333333333333,1.3333333333333333,9.333333333333334,4.0,0.6666666666666666,0.6666666666666666,0.6666666666666666,1.3333333333333333,1.3333333333333333,2.6666666666666665,0.0,0.0,0.0,0.0,0.0,92.11,75.0,0.0,100.0,100.0,73.68,87.5,50.0,0.1096717844115348,0.0,0.0,2.0,0.03909658,0.0,3.333333333333333,2.6666666666666665,0.0752685199999999,30.0,LB/LCB,67,21,17,38,52,95,24,43,74,26,36,57,57,69,43,83,26,36,81,52,83,50,48,50,50,50,100,100,21,95,95,100,100,33,76,24,31,67,57,17,55,24,24,74,95,21,38,62,95,100,24,52,81,26,36,67,67,100,67,90,40,52,90,67,90,50,48,50,50,50,100,100,21,95,95,100,100,33,95,24,31,81,71,17,81,33,43,95,Swiss Super League
Lugano,btqfm8txcvhi29sddmc9nr68,7424gvk9hiq5up61dj181y66t,K. Behrens,Kevin Behrens,35,Attacker,Germany,Striker,12.0,0.0,17.0,1.0,29.0,6.0,3.0,5.0,5.0,0.0,0.0,4.0,4.0,9.0,2.0,135.0,3.0,9.0,0.0,3.0,0.0,0.0,0.0,1.0,2.0,0.0,0.0,80.56,100.0,0.0,75.0,60.0,47.37,46.15,0.0,0.7660646261450665,0.2617859750189652,0.0,0.0,0.0,0.0,2.0,3.0,0.0868785199999999,7.0,8.0,0.0,11.333333333333334,0.6666666666666666,19.33333333333333,4.0,2.0,3.333333333333333,3.333333333333333,0.0,0.0,2.6666666666666665,2.6666666666666665,6.0,1.3333333333333333,2.0,6.0,0.0,2.0,0.0,0.0,0.0,0.6666666666666666,1.3333333333333333,0.0,0.0,80.56,100.0,0.0,75.0,60.0,47.37,46.15,0.0,0.5107097507633777,0.1745239833459768,0.0,0.0,0.0,0.0,1.3333333333333333,2.0,0.0579190133333332,4.666666666666667,ST,74,37,53,61,63,76,58,50,61,19,11,47,42,44,68,73,34,6,81,19,34,52,77,89,52,52,81,85,37,92,94,76,68,19,68,58,11,10,10,23,60,61,65,35,90,37,74,77,81,90,61,71,77,19,11,65,55,68,84,87,63,6,82,19,34,52,90,97,52,52,81,85,37,92,94,76,68,19,87,81,11,10,10,23,65,76,65,45,Swiss Super League
Lugano,btqfm8txcvhi29sddmc9nr68,7agtkarul2qlsc20avvj45w8a,M. Zanotti,Mattia Zanotti,23,Defender,Italy,Defender,30.0,3.0,36.0,2.0,63.0,0.0,3.0,4.0,3.0,1.0,0.0,5.0,6.0,15.0,1.0,200.0,3.0,8.0,3.0,4.0,6.0,1.0,0.0,1.0,0.0,0.0,0.0,81.82,50.0,27.27,80.0,75.0,62.5,0.0,75.0,0.4218681932269547,0.3183966523068887,1.0,16.0,0.44632353,6.0,2.0,0.0,0.7565118599999999,21.0,13.5,1.35,16.2,0.8999999999999999,28.35,0.0,1.35,1.7999999999999998,1.35,0.4499999999999999,0.0,2.25,2.7,6.75,0.4499999999999999,1.35,3.6,1.35,1.7999999999999998,2.7,0.4499999999999999,0.0,0.4499999999999999,0.0,0.0,0.0,81.82,50.0,27.27,80.0,75.0,62.5,0.0,75.0,0.1898406869521296,0.1432784935380999,0.4499999999999999,7.199999999999999,0.2008455885,2.7,0.8999999999999999,0.0,0.3404303369999999,9.45,RB/RCB,38,81,59,19,38,12,69,81,81,81,41,81,84,69,9,100,88,59,91,84,9,44,84,47,53,53,69,94,69,88,81,72,16,62,88,62,81,100,100,94,28,9,81,25,50,94,69,19,56,12,88,88,94,81,41,94,94,81,6,100,94,75,94,81,6,44,88,47,53,53,69,94,69,88,81,72,16,62,94,88,81,100,100,100,25,9,88,12,Swiss Super League
Lugano,btqfm8txcvhi29sddmc9nr68,7nhwb0zvfhrypfwengom8bbvt,U. Bislimi,Uran Bislimi,26,Midfielder,Switzerland,Midfielder,79.0,2.0,126.0,10.0,203.0,1.0,4.0,3.0,0.0,3.0,0.0,4.0,5.0,14.0,1.0,250.0,0.0,4.0,9.0,0.0,3.0,2.0,0.0,0.0,0.0,0.0,0.0,90.22,66.67,40.0,0.0,0.0,66.67,0.0,75.0,0.1684203854775146,0.3224453091183284,1.0,17.0,0.44918151,4.0,22.0,23.0,0.6077356100000002,118.0,28.44,0.72,45.36,3.6,73.08,0.36,1.44,1.08,0.0,1.08,0.0,1.44,1.8,5.04,0.36,0.0,1.44,3.24,0.0,1.08,0.72,0.0,0.0,0.0,0.0,0.0,90.22,66.67,40.0,0.0,0.0,66.67,0.0,75.0,0.0606313387719052,0.1160803112825982,0.36,6.12,0.1617053436,1.44,7.92,8.280000000000001,0.2187848196,42.48,DM/CM,89,91,100,70,96,30,80,83,28,93,26,78,83,76,9,39,78,100,22,67,39,52,41,46,50,52,87,76,83,22,39,96,13,61,74,87,67,96,100,85,91,91,78,96,91,83,96,74,96,22,78,78,28,91,26,65,74,70,9,39,65,91,22,65,39,52,41,46,50,52,87,76,83,22,39,96,13,61,61,78,65,96,96,78,87,91,83,96,Swiss Super League
Lugano,btqfm8txcvhi29sddmc9nr68,8zl9wv46y5bchktqcwth3z3ai,A. Papadopoulos,Antonios Papadopoulos,26,Defender,Germany,Defender,82.0,1.0,39.0,7.0,120.0,8.0,1.0,5.0,3.0,2.0,1.0,4.0,4.0,20.0,9.0,270.0,2.0,5.0,1.0,3.0,5.0,6.0,0.0,0.0,1.0,0.0,0.0,86.33,43.75,33.33,75.0,40.0,62.5,66.67,62.5,0.3561344970191546,0.1336361174418828,2.0,2.0,0.04813761,3.0,9.0,10.0,0.24764241,60.0,27.33333333333333,0.3333333333333333,13.0,2.333333333333333,40.0,2.6666666666666665,0.3333333333333333,1.6666666666666667,1.0,0.6666666666666666,0.3333333333333333,1.3333333333333333,1.3333333333333333,6.666666666666667,3.0,0.6666666666666666,1.6666666666666667,0.3333333333333333,1.0,1.6666666666666667,2.0,0.0,0.0,0.3333333333333333,0.0,0.0,86.33,43.75,33.33,75.0,40.0,62.5,66.67,62.5,0.1187114990063848,0.0445453724806276,0.6666666666666666,0.6666666666666666,0.01604587,1.0,3.0,3.333333333333333,0.08254747,20.0,CB,59,93,54,57,61,70,75,96,91,100,93,96,96,79,30,93,82,25,95,82,89,46,48,93,52,52,57,46,96,71,80,57,62,48,93,86,100,73,75,96,80,73,86,68,45,89,34,32,39,57,70,98,89,100,89,96,96,70,18,93,80,20,95,77,82,46,48,91,52,52,57,46,96,71,80,57,62,48,93,79,100,70,75,98,66,61,79,57,Swiss Super League
Lugano,btqfm8txcvhi29sddmc9nr68,91g10pv6w3bd0rw6p4t3hcui2,Y. Cimignani,Yanis Cimignani,24,Midfielder,France,Midfielder,21.0,1.0,53.0,7.0,73.0,2.0,4.0,6.0,4.0,2.0,3.0,5.0,5.0,8.0,1.0,205.0,2.0,9.0,2.0,0.0,3.0,2.0,0.0,0.0,2.0,0.0,0.0,82.95,63.64,33.33,0.0,33.33,44.44,0.0,75.0,1.0288617671053788,0.4216382014292789,3.0,12.0,0.27925675,5.0,11.0,15.0,0.56403951,45.0,9.219512195121952,0.4390243902439024,23.26829268292683,3.073170731707317,32.04878048780488,0.8780487804878049,1.7560975609756098,2.6341463414634148,1.7560975609756098,0.8780487804878049,1.3170731707317074,2.1951219512195124,2.1951219512195124,3.5121951219512195,0.4390243902439024,0.8780487804878049,3.951219512195122,0.8780487804878049,0.0,1.3170731707317074,0.8780487804878049,0.0,0.0,0.8780487804878049,0.0,0.0,82.95,63.64,33.33,0.0,33.33,44.44,0.0,75.0,0.4516954099487029,0.1851094542860248,1.3170731707317074,5.2682926829268295,0.1226005243902439,2.1951219512195124,4.829268292682927,6.585365853658537,0.2476271019512195,19.75609756097561,CM/AM,40,40,62,83,54,63,42,77,75,52,88,65,58,29,44,54,71,37,15,69,67,52,35,90,52,52,62,73,60,15,35,35,23,54,100,50,79,98,92,88,85,90,77,77,50,46,81,96,69,69,42,73,73,58,88,54,54,31,42,65,77,38,15,73,77,52,35,96,52,52,62,73,60,15,35,35,23,54,100,50,88,100,100,92,88,92,81,92,Swiss Super League
Lugano,btqfm8txcvhi29sddmc9nr68,bmm78ziormtva1c4tjznkom50,Daniel Dos Santos,Daniel Dos Santos Correia,23,Midfielder,Switzerland,Midfielder,21.0,0.0,23.0,2.0,44.0,1.0,2.0,2.0,0.0,2.0,0.0,4.0,4.0,6.0,0.0,139.0,2.0,2.0,1.0,2.0,2.0,0.0,0.0,0.0,1.0,0.0,0.0,78.57,66.67,0.0,50.0,100.0,50.0,50.0,100.0,0.1054298339654154,0.1110901893605147,2.0,4.0,0.09275531,1.0,2.0,4.0,0.0502828799999999,18.0,13.597122302158272,0.0,14.892086330935252,1.2949640287769784,28.48920863309353,0.6474820143884892,1.2949640287769784,1.2949640287769784,0.0,1.2949640287769784,0.0,2.5899280575539567,2.5899280575539567,3.884892086330935,0.0,1.2949640287769784,1.2949640287769784,0.6474820143884892,1.2949640287769784,1.2949640287769784,0.0,0.0,0.0,0.6474820143884892,0.0,0.0,78.57,66.67,0.0,50.0,100.0,50.0,50.0,100.0,0.0682639212725711,0.0719288995859447,1.2949640287769784,2.5899280575539567,0.0600573949640287,0.6474820143884892,1.2949640287769784,2.5899280575539567,0.0325572604316546,11.654676258992806,CM/AM,40,17,8,29,15,40,21,17,12,52,15,52,48,13,13,54,13,19,48,42,15,52,35,60,52,52,42,77,17,63,98,52,71,88,15,23,63,42,42,23,21,25,12,23,81,17,23,42,50,54,31,35,12,85,15,69,62,35,13,81,15,31,65,69,15,52,35,85,52,52,42,77,17,63,98,52,71,88,23,27,85,73,65,42,27,35,12,46,Swiss Super League
Lugano,btqfm8txcvhi29sddmc9nr68,e659q6lc7hc6df14k7rxh6hud,R. Steffen,Renato Steffen,34,Attacker,Switzerland,Striker,34.0,5.0,47.0,3.0,76.0,1.0,8.0,5.0,5.0,0.0,0.0,0.0,0.0,9.0,1.0,184.0,2.0,12.0,6.0,0.0,1.0,0.0,0.0,1.0,1.0,0.0,0.0,84.44,60.0,31.25,0.0,40.0,52.94,25.0,50.0,0.8811326427612765,0.7113494835925721,1.0,6.0,0.17375839,5.0,7.0,10.0,0.66397047,32.0,16.630434782608695,2.4456521739130435,22.98913043478261,1.4673913043478262,37.173913043478265,0.4891304347826087,3.91304347826087,2.4456521739130435,2.4456521739130435,0.0,0.0,0.0,0.0,4.402173913043479,0.4891304347826087,0.9782608695652176,5.869565217391305,2.9347826086956523,0.0,0.4891304347826087,0.0,0.0,0.4891304347826087,0.4891304347826087,0.0,0.0,84.44,60.0,31.25,0.0,40.0,52.94,25.0,50.0,0.4309887926549722,0.347942682192019,0.4891304347826087,2.9347826086956523,0.0849905168478261,2.4456521739130435,3.423913043478261,4.891304347826087,0.324768164673913,15.65217391304348,CM/AM,77,75,46,46,65,40,81,63,85,12,15,8,8,37,44,54,87,77,15,15,15,52,79,60,52,52,73,65,52,15,46,63,54,23,88,69,38,71,69,88,56,69,85,50,88,85,73,54,88,46,92,65,92,12,15,8,8,54,58,73,92,92,15,23,15,52,88,69,52,52,73,65,52,15,46,63,54,23,96,85,46,85,81,96,73,85,100,69,Swiss Super League
Lugano,btqfm8txcvhi29sddmc9nr68,ek3kqsm0h95azznyqctgadej9,A. Grgic,Anto Grgic,29,Midfielder,Switzerland,Midfielder,79.0,6.0,109.0,18.0,182.0,2.0,10.0,3.0,0.0,3.0,0.0,0.0,0.0,10.0,3.0,261.0,1.0,2.0,1.0,0.0,4.0,5.0,0.0,3.0,0.0,0.0,0.0,89.22,72.0,60.0,0.0,33.33,55.56,66.67,57.14,0.1405390194052599,1.1348965449828756,1.0,5.0,0.12747102,4.0,19.0,18.0,0.91893381,100.0,27.24137931034483,2.0689655172413794,37.58620689655172,6.206896551724138,62.75862068965517,0.6896551724137931,3.4482758620689657,1.0344827586206895,0.0,1.0344827586206895,0.0,0.0,0.0,3.4482758620689657,1.0344827586206895,0.3448275862068966,0.6896551724137931,0.3448275862068966,0.0,1.3793103448275863,1.7241379310344829,0.0,1.0344827586206895,0.0,0.0,0.0,89.22,72.0,60.0,0.0,33.33,55.56,66.67,57.14,0.0484617308293999,0.3913436362009916,0.3448275862068966,1.7241379310344829,0.043955524137931,1.3793103448275863,6.551724137931035,6.206896551724138,0.3168737275862069,34.48275862068966,DM/CM,89,96,91,100,91,59,100,83,28,93,26,11,11,52,50,85,50,20,22,80,80,52,100,46,50,52,83,83,96,22,80,63,83,48,61,100,67,72,78,85,78,78,100,80,78,96,91,96,91,52,100,74,28,83,26,11,11,39,43,83,43,17,22,78,65,52,100,46,50,52,83,83,96,22,80,63,83,48,52,100,61,52,61,74,78,78,100,87,Swiss Super League
Lugano,btqfm8txcvhi29sddmc9nr68,ytuondt7viem6narft8s22ok,D. Moncada,Dereck Moncada,18,Attacker,Honduras,Striker,9.0,0.0,14.0,0.0,23.0,2.0,0.0,5.0,3.0,2.0,1.0,3.0,4.0,5.0,0.0,118.0,2.0,8.0,3.0,0.0,0.0,2.0,0.0,0.0,2.0,0.0,0.0,76.67,0.0,0.0,0.0,40.0,35.71,28.57,0.0,0.5643412509766785,0.0,2.0,2.0,0.04691444,0.0,3.0,4.0,0.05927516,8.0,6.864406779661017,0.0,10.677966101694915,0.0,17.54237288135593,1.5254237288135593,0.0,3.8135593220338975,2.288135593220339,1.5254237288135593,0.7627118644067796,2.288135593220339,3.0508474576271185,3.8135593220338975,0.0,1.5254237288135593,6.101694915254237,2.288135593220339,0.0,0.0,1.5254237288135593,0.0,0.0,1.5254237288135593,0.0,0.0,76.67,0.0,0.0,0.0,40.0,35.71,28.57,0.0,0.4304297676940768,0.0,1.5254237288135593,1.5254237288135593,0.0357822,0.0,2.288135593220339,3.0508474576271185,0.0452098677966101,6.101694915254237,ST,56,37,29,24,40,35,6,50,27,76,40,34,42,18,21,58,29,58,15,19,90,52,31,89,52,52,68,24,37,15,65,31,35,19,58,6,71,48,42,23,76,69,39,47,87,37,68,24,74,47,6,84,60,90,63,58,68,26,21,81,68,82,15,19,94,52,31,100,52,52,68,24,37,15,65,31,35,19,81,6,90,58,55,23,90,90,55,58,Swiss Super League
Luzern,dk531bvjn5bmeonqs9hbbmfgr,1rqera0cryw0iojnk59skbv2s,D. Mikołajewski,Daniel Mikolajewski,20,Attacker,Poland,Striker,3.0,0.0,15.0,0.0,18.0,0.0,5.0,5.0,4.0,1.0,1.0,4.0,4.0,4.0,0.0,134.0,2.0,12.0,1.0,1.0,1.0,0.0,0.0,0.0,1.0,0.0,0.0,75.0,0.0,0.0,25.0,40.0,28.57,0.0,50.0,0.4311450849964391,0.5018362853815928,3.0,3.0,0.09900448,1.0,4.0,5.0,0.2644177,10.0,2.014925373134328,0.0,10.07462686567164,0.0,12.08955223880597,0.0,3.3582089552238803,3.3582089552238803,2.686567164179104,0.6716417910447761,0.6716417910447761,2.686567164179104,2.686567164179104,2.686567164179104,0.0,1.343283582089552,8.059701492537313,0.6716417910447761,0.6716417910447761,0.6716417910447761,0.0,0.0,0.0,0.6716417910447761,0.0,0.0,75.0,0.0,0.0,25.0,40.0,28.57,0.0,50.0,0.2895750570871606,0.3370542215249503,2.014925373134328,2.014925373134328,0.0664955462686567,0.6716417910447761,2.686567164179104,3.3582089552238803,0.1775939776119403,6.716417910447761,ST,18,37,40,24,31,10,85,50,47,50,40,47,42,10,21,58,55,19,35,53,34,52,31,60,52,52,61,24,37,34,65,13,11,52,35,87,89,66,71,50,87,79,84,55,18,37,58,24,55,10,97,74,65,65,50,68,58,10,21,73,81,19,45,68,34,52,31,68,52,52,61,24,37,34,65,13,11,52,48,94,97,81,90,56,94,94,94,71,Swiss Super League
Luzern,dk531bvjn5bmeonqs9hbbmfgr,2pg865obvy6mlhkc2qeg29e96,R. Fernandes,Ruben Fernandes,23,Defender,Switzerland,Defender,22.0,3.0,41.0,6.0,60.0,1.0,4.0,3.0,2.0,1.0,1.0,2.0,2.0,9.0,7.0,195.0,2.0,4.0,3.0,1.0,1.0,1.0,0.0,0.0,0.0,0.0,0.0,74.07,60.0,20.0,50.0,66.67,52.94,0.0,25.0,0.2020728355764418,0.4506249606442767,1.0,3.0,0.10256113,1.0,4.0,12.0,0.7131261300000001,41.0,10.153846153846157,1.3846153846153848,18.923076923076923,2.7692307692307696,27.692307692307693,0.4615384615384615,1.8461538461538465,1.3846153846153848,0.9230769230769232,0.4615384615384615,0.4615384615384615,0.9230769230769232,0.9230769230769232,4.153846153846154,3.230769230769231,0.9230769230769232,1.8461538461538465,1.3846153846153848,0.4615384615384615,0.4615384615384615,0.4615384615384615,0.0,0.0,0.0,0.0,0.0,74.07,60.0,20.0,50.0,66.67,52.94,0.0,25.0,0.0932643856506654,0.2079807510665892,0.4615384615384615,1.3846153846153848,0.0473359061538461,0.4615384615384615,1.8461538461538465,5.538461538461539,0.329135136923077,18.923076923076923,LB/LCB,29,76,64,74,38,26,86,88,98,64,83,57,57,48,52,100,83,81,60,21,36,50,48,50,50,50,33,90,55,76,86,52,12,14,90,90,71,67,76,45,38,93,95,67,29,67,62,81,29,14,86,95,95,71,81,57,57,57,48,100,81,81,57,19,33,50,48,50,50,50,33,90,55,76,86,52,12,14,90,90,81,67,81,43,29,95,90,76,Swiss Super League
Luzern,dk531bvjn5bmeonqs9hbbmfgr,2rsfj02kbcmosf0da55w9uz2s,M. Zimmermann,Mio Zimmermann,19,Midfielder,Switzerland,Midfielder,24.0,1.0,23.0,3.0,46.0,2.0,1.0,1.0,1.0,0.0,1.0,2.0,2.0,12.0,3.0,124.0,0.0,5.0,6.0,1.0,1.0,3.0,0.0,0.0,0.0,0.0,0.0,73.02,27.27,50.0,50.0,0.0,48.0,28.57,33.33,0.1107170436969085,0.0790542912345524,0.0,4.0,0.08496427,2.0,3.0,4.0,0.09571434,21.0,17.419354838709676,0.7258064516129032,16.693548387096776,2.177419354838709,33.38709677419355,1.4516129032258065,0.7258064516129032,0.7258064516129032,0.7258064516129032,0.0,0.7258064516129032,1.4516129032258065,1.4516129032258065,8.709677419354838,2.177419354838709,0.0,3.629032258064516,4.354838709677419,0.7258064516129032,0.7258064516129032,2.177419354838709,0.0,0.0,0.0,0.0,0.0,73.02,27.27,50.0,50.0,0.0,48.0,28.57,33.33,0.0803591446187239,0.0573781146057235,0.0,2.903225806451613,0.0616676153225806,1.4516129032258065,2.177419354838709,2.903225806451613,0.0694700854838709,15.241935483870968,DM/CM,22,78,13,35,17,59,33,24,63,22,74,63,59,70,50,39,89,80,59,37,59,52,41,46,50,52,13,13,89,59,39,43,35,28,48,39,26,63,61,61,15,26,26,17,43,87,48,52,48,87,43,52,78,22,87,70,65,96,83,39,96,100,74,48,83,52,41,46,50,52,13,13,89,59,39,43,35,28,74,48,26,78,78,83,22,30,43,43,Swiss Super League
Luzern,dk531bvjn5bmeonqs9hbbmfgr,3bhmh2ks5ma4rqda9zff6w251,S. Knezevic,Stefan Knezevic,29,Defender,Switzerland,Defender,65.0,0.0,24.0,8.0,89.0,5.0,0.0,2.0,2.0,0.0,0.0,0.0,0.0,7.0,20.0,270.0,1.0,2.0,0.0,0.0,1.0,6.0,0.0,0.0,1.0,0.0,0.0,77.39,34.78,0.0,0.0,50.0,38.89,55.56,50.0,0.2678939579670134,0.0,0.0,0.0,0.0,0.0,4.0,4.0,0.1289279599999999,55.0,21.666666666666668,0.0,8.0,2.6666666666666665,29.666666666666668,1.6666666666666667,0.0,0.6666666666666666,0.6666666666666666,0.0,0.0,0.0,0.0,2.333333333333333,6.666666666666667,0.3333333333333333,0.6666666666666666,0.0,0.0,0.3333333333333333,2.0,0.0,0.0,0.3333333333333333,0.0,0.0,77.39,34.78,0.0,0.0,50.0,38.89,55.56,50.0,0.0892979859890044,0.0,0.0,0.0,0.0,0.0,1.3333333333333333,1.3333333333333333,0.0429759866666666,18.33333333333333,RB/RCB,81,22,25,75,62,81,16,59,69,34,41,19,19,25,94,69,31,9,22,12,75,44,38,94,53,53,50,25,22,22,75,12,62,28,75,16,34,16,16,22,41,38,25,69,94,22,25,81,69,72,16,56,69,34,41,19,19,12,94,75,25,9,22,16,88,44,38,94,53,53,50,25,22,22,75,12,62,28,62,16,34,16,16,22,44,31,19,81,Swiss Super League
Luzern,dk531bvjn5bmeonqs9hbbmfgr,429znrwois9ll1skdf83puqdw,O. Kabwit,Oscar Kabwit,21,Attacker,Congo DR,Striker,10.0,4.0,34.0,5.0,40.0,6.0,10.0,9.0,7.0,2.0,2.0,6.0,6.0,14.0,5.0,328.0,1.0,16.0,3.0,2.0,2.0,5.0,0.0,1.0,0.0,0.0,0.0,66.67,83.33,50.0,33.33,11.11,37.84,54.55,66.67,0.812406301431187,0.5062643205226538,3.0,6.0,0.19788813,0.0,4.0,7.0,0.6031615,28.0,2.7439024390243905,1.0975609756097562,9.329268292682928,1.3719512195121952,10.975609756097562,1.6463414634146345,2.7439024390243905,2.4695121951219514,1.920731707317073,0.5487804878048781,0.5487804878048781,1.6463414634146345,1.6463414634146345,3.841463414634146,1.3719512195121952,0.274390243902439,4.390243902439025,0.8231707317073171,0.5487804878048781,0.5487804878048781,1.3719512195121952,0.0,0.274390243902439,0.0,0.0,0.0,66.67,83.33,50.0,33.33,11.11,37.84,54.55,66.67,0.2229163631975818,0.1389139903873135,0.8231707317073171,1.6463414634146345,0.0542985722560975,0.0,1.0975609756097562,1.920731707317073,0.165501631097561,7.682926829268292,ST,63,98,84,100,77,76,97,79,79,76,71,71,61,71,97,31,82,58,60,74,97,52,77,19,52,52,26,68,94,44,16,48,94,65,77,90,89,92,90,23,87,92,94,97,45,97,42,97,39,55,84,35,35,52,39,39,29,29,87,16,32,32,35,58,90,52,74,19,52,52,26,68,94,44,16,48,94,65,32,65,68,65,74,23,58,68,87,84,Swiss Super League
Luzern,dk531bvjn5bmeonqs9hbbmfgr,4nj458vlk4o4bgeh8g0e4c7p,P. Dorn,Pius Dorn,29,Defender,Germany,Defender,45.0,2.0,36.0,8.0,79.0,6.0,0.0,3.0,3.0,0.0,0.0,5.0,5.0,15.0,7.0,360.0,1.0,9.0,2.0,2.0,1.0,8.0,1.0,0.0,0.0,0.0,0.0,73.15,42.11,20.0,40.0,33.33,51.72,75.0,20.0,0.2663433535729633,0.0,0.0,3.0,0.06212075,1.0,8.0,8.0,0.2356104099999999,45.0,11.25,0.5,9.0,2.0,19.75,1.5,0.0,0.75,0.75,0.0,0.0,1.25,1.25,3.75,1.75,0.25,2.25,0.5,0.5,0.25,2.0,0.25,0.0,0.0,0.0,0.0,73.15,42.11,20.0,40.0,33.33,51.72,75.0,20.0,0.0665858383932408,0.0,0.0,0.75,0.0155301875,0.25,2.0,2.0,0.0589026024999999,11.25,RB/RCB,56,66,59,75,50,91,16,69,81,34,41,81,75,69,50,69,94,41,66,12,94,94,38,47,53,53,25,62,62,50,56,38,91,6,69,16,34,41,31,47,69,59,44,53,19,53,31,44,19,59,16,62,75,34,41,72,69,31,34,59,81,25,56,6,88,91,38,47,53,53,25,62,62,50,56,38,91,6,56,16,34,34,31,44,59,50,38,31,Swiss Super League
Luzern,dk531bvjn5bmeonqs9hbbmfgr,5g00gq09apkl9bqxgpwext7v8,S. Meyer,Sascha Meyer,20,Attacker,Switzerland,Striker,3.0,0.0,8.0,0.0,11.0,2.0,0.0,2.0,2.0,0.0,1.0,0.0,0.0,6.0,0.0,134.0,0.0,4.0,4.0,0.0,0.0,1.0,0.0,0.0,0.0,0.0,0.0,73.33,0.0,0.0,0.0,0.0,31.58,20.0,0.0,0.2993648218967449,0.0,0.0,0.0,0.0,0.0,0.0,0.0,0.01953792,7.0,2.014925373134328,0.0,5.3731343283582085,0.0,7.388059701492537,1.343283582089552,0.0,1.343283582089552,1.343283582089552,0.0,0.6716417910447761,0.0,0.0,4.029850746268656,0.0,0.0,2.686567164179104,2.686567164179104,0.0,0.0,0.6716417910447761,0.0,0.0,0.0,0.0,0.0,73.33,0.0,0.0,0.0,0.0,31.58,20.0,0.0,0.2010659251545301,0.0,0.0,0.0,0.0,0.0,0.0,0.0,0.0131224835820895,4.701492537313433,ST,18,37,8,24,5,35,6,6,15,19,40,5,5,27,21,8,3,74,15,19,77,52,31,19,52,52,55,24,37,15,8,16,26,19,10,6,11,10,10,23,11,10,16,35,18,37,11,24,6,39,6,6,13,19,50,5,5,34,21,8,6,94,15,19,79,52,31,19,52,52,55,24,37,15,8,16,26,19,23,6,11,10,10,23,11,10,16,48,Swiss Super League
Luzern,dk531bvjn5bmeonqs9hbbmfgr,6b5n3tuz8oank65i5l7hlfbhl,M. Di Giusto,Matteo Di Giusto,26,Midfielder,Switzerland,Midfielder,31.0,10.0,63.0,8.0,84.0,1.0,12.0,11.0,8.0,3.0,2.0,11.0,13.0,13.0,3.0,354.0,5.0,21.0,1.0,8.0,1.0,0.0,0.0,1.0,2.0,0.0,0.0,74.34,72.73,38.46,72.73,45.45,43.33,20.0,33.33,0.9737452265319708,1.352977153782278,4.0,6.0,0.20657939,5.0,8.0,10.0,0.7466121400000003,37.0,7.88135593220339,2.5423728813559325,16.016949152542374,2.0338983050847457,21.35593220338983,0.2542372881355932,3.050847457627119,2.796610169491525,2.0338983050847457,0.7627118644067797,0.5084745762711864,2.796610169491525,3.305084745762712,3.305084745762712,0.7627118644067797,1.2711864406779665,5.338983050847458,0.2542372881355932,2.0338983050847457,0.2542372881355932,0.0,0.0,0.2542372881355932,0.5084745762711864,0.0,0.0,74.34,72.73,38.46,72.73,45.45,43.33,20.0,33.33,0.2475623457284671,0.3439772424870198,1.0169491525423728,1.5254237288135597,0.052520183898305,1.2711864406779665,2.0338983050847457,2.5423728813559325,0.1898166457627119,9.40677966101695,CM/AM,69,98,73,90,73,40,96,98,94,75,73,87,88,56,81,90,100,19,98,15,15,52,79,90,52,52,31,88,65,73,58,31,46,12,92,96,92,71,77,88,63,69,88,60,38,88,27,77,23,31,77,85,85,54,62,73,77,27,73,77,88,15,92,8,15,52,69,73,52,52,31,88,65,73,58,31,46,12,81,81,77,46,58,73,42,31,69,31,Swiss Super League
Luzern,dk531bvjn5bmeonqs9hbbmfgr,90h730y2b9ek5k5dcs9rjtg5w,Lucas Ferreira,Lucas Manuel Silva Ferreira,19,Midfielder,Portugal,Midfielder,23.0,0.0,30.0,5.0,53.0,6.0,2.0,5.0,5.0,0.0,2.0,3.0,3.0,20.0,8.0,226.0,2.0,10.0,7.0,1.0,5.0,1.0,0.0,0.0,0.0,0.0,0.0,71.62,83.33,0.0,33.33,40.0,60.61,60.0,83.33,0.4929947979010601,0.1255354679614669,1.0,3.0,0.08335806,4.0,8.0,8.0,0.2614620699999999,29.0,9.15929203539823,0.0,11.946902654867255,1.991150442477876,21.10619469026549,2.3893805309734515,0.7964601769911505,1.991150442477876,1.991150442477876,0.0,0.7964601769911505,1.1946902654867255,1.1946902654867255,7.964601769911504,3.185840707964602,0.7964601769911505,3.982300884955752,2.7876106194690267,0.3982300884955752,1.991150442477876,0.3982300884955752,0.0,0.0,0.0,0.0,0.0,71.62,83.33,0.0,33.33,40.0,60.61,60.0,83.33,0.1963253619959974,0.0499920005156284,0.3982300884955752,1.1946902654867255,0.0331956876106194,1.592920353982301,3.185840707964602,3.185840707964602,0.1041220632743362,11.548672566371682,CM/AM,52,17,15,65,31,92,21,63,85,12,73,38,38,98,92,54,77,90,33,92,42,52,35,21,52,52,15,100,17,44,46,85,81,73,69,27,38,35,35,81,63,56,38,46,46,17,15,73,19,92,19,58,81,12,69,38,38,96,92,54,81,77,31,88,42,52,35,21,52,52,15,100,17,44,46,85,81,73,62,23,35,38,42,88,69,65,46,42,Swiss Super League
Luzern,dk531bvjn5bmeonqs9hbbmfgr,9ffrfxl90gv947oi9z2p2vy6t,L. Bertone,Leonardo Bertone,32,Midfielder,Switzerland,Midfielder,53.0,0.0,57.0,11.0,110.0,5.0,2.0,6.0,2.0,4.0,3.0,1.0,1.0,8.0,6.0,360.0,0.0,2.0,1.0,0.0,1.0,3.0,0.0,0.0,0.0,0.0,0.0,71.9,40.74,0.0,0.0,0.0,44.44,62.5,50.0,0.5684520543221441,0.0683657370896172,2.0,2.0,0.05912847,2.0,20.0,21.0,0.3081303699999999,63.0,13.25,0.0,14.25,2.75,27.5,1.25,0.5,1.5,0.5,1.0,0.75,0.25,0.25,2.0,1.5,0.0,0.5,0.25,0.0,0.25,0.75,0.0,0.0,0.0,0.0,0.0,71.9,40.74,0.0,0.0,0.0,44.44,62.5,50.0,0.142113013580536,0.0170914342724043,0.5,0.5,0.0147821175,0.5,5.0,5.25,0.0770325924999999,15.75,DM/CM,61,35,65,74,65,91,54,100,83,100,100,35,35,37,89,39,50,20,22,37,59,52,41,46,50,52,9,35,35,22,39,39,70,39,100,35,93,28,35,61,85,87,70,67,35,35,35,57,26,83,30,89,70,78,98,22,22,13,70,39,39,13,22,26,43,52,41,46,50,52,9,35,35,22,39,39,70,39,96,30,74,17,22,43,61,74,48,48,Swiss Super League
Luzern,dk531bvjn5bmeonqs9hbbmfgr,9o9pjlnmupx941har5gjwpbhm,T. Owusu,Tyron Owusu,23,Midfielder,Switzerland,Midfielder,26.0,0.0,24.0,3.0,50.0,1.0,2.0,2.0,2.0,0.0,0.0,0.0,0.0,7.0,2.0,178.0,1.0,4.0,5.0,0.0,0.0,1.0,0.0,0.0,0.0,0.0,0.0,84.75,42.86,0.0,0.0,50.0,63.64,33.33,0.0,0.1643455196509389,0.1354452006271835,0.0,2.0,0.04813761,1.0,8.0,8.0,0.26974771,24.0,13.146067415730336,0.0,12.134831460674157,1.5168539325842696,25.280898876404493,0.5056179775280899,1.0112359550561798,1.0112359550561798,1.0112359550561798,0.0,0.0,0.0,0.0,3.539325842696629,1.0112359550561798,0.5056179775280899,2.02247191011236,2.528089887640449,0.0,0.0,0.5056179775280899,0.0,0.0,0.0,0.0,0.0,84.75,42.86,0.0,0.0,50.0,63.64,33.33,0.0,0.0830960492617106,0.0684835284070028,0.0,1.0112359550561798,0.0243392410112359,0.5056179775280899,4.044943820224719,4.044943820224719,0.1363892915730337,12.134831460674157,DM/CM,26,35,22,35,22,30,54,57,83,22,26,11,11,28,22,85,78,67,22,13,24,52,41,46,50,52,52,39,35,22,93,83,41,13,65,52,26,28,26,37,43,50,61,35,30,35,22,43,22,30,70,70,87,22,26,11,11,43,39,91,87,78,22,13,22,52,41,46,50,52,52,39,35,22,93,83,41,13,78,65,26,39,39,48,52,52,65,30,Swiss Super League
Luzern,dk531bvjn5bmeonqs9hbbmfgr,a99zxna7oxwspa405f5a6x1xw,Bung Meng Freimann,Bung Meng Freimann,20,Defender,Switzerland,Defender,36.0,0.0,14.0,3.0,50.0,3.0,0.0,1.0,1.0,0.0,0.0,0.0,0.0,6.0,3.0,90.0,0.0,1.0,2.0,0.0,0.0,3.0,0.0,0.0,0.0,0.0,0.0,86.21,42.86,0.0,0.0,0.0,85.71,75.0,0.0,0.0938715835983618,0.0,0.0,0.0,0.0,0.0,2.0,4.0,0.1499065,33.0,36.0,0.0,14.0,3.0,50.0,3.0,0.0,1.0,1.0,0.0,0.0,0.0,0.0,6.0,3.0,0.0,1.0,2.0,0.0,0.0,3.0,0.0,0.0,0.0,0.0,0.0,86.21,42.86,0.0,0.0,0.0,85.71,75.0,0.0,0.0938715835983618,0.0,0.0,0.0,0.0,0.0,2.0,4.0,0.1499065,33.0,CB,32,43,11,20,20,18,32,48,52,43,43,23,23,7,7,39,27,41,34,7,43,46,48,45,52,52,50,41,43,34,39,100,84,7,43,34,45,25,25,32,29,41,50,41,86,43,48,57,86,68,32,82,89,43,43,23,23,61,18,39,57,86,34,7,95,46,48,45,52,52,50,41,43,34,39,100,84,7,79,34,45,25,25,32,43,80,96,93,Swiss Super League
Luzern,dk531bvjn5bmeonqs9hbbmfgr,a9vq8ojmbb6jiioq3ckn8hx5g,L. Villiger,Lars Villiger,23,Attacker,Switzerland,Striker,2.0,1.0,12.0,0.0,13.0,3.0,3.0,4.0,4.0,0.0,2.0,1.0,1.0,4.0,1.0,106.0,1.0,15.0,0.0,0.0,1.0,0.0,0.0,0.0,0.0,0.0,0.0,54.17,0.0,50.0,0.0,25.0,36.36,50.0,100.0,0.459721479208568,0.4054725465248863,1.0,2.0,0.03932202,0.0,2.0,2.0,0.246046,8.0,1.6981132075471697,0.8490566037735848,10.18867924528302,0.0,11.037735849056604,2.547169811320755,2.547169811320755,3.39622641509434,3.39622641509434,0.0,1.6981132075471697,0.8490566037735848,0.8490566037735848,3.39622641509434,0.8490566037735848,0.8490566037735848,12.735849056603774,0.0,0.0,0.8490566037735848,0.0,0.0,0.0,0.0,0.0,0.0,54.17,0.0,50.0,0.0,25.0,36.36,50.0,100.0,0.3903295578185954,0.3442691432758468,0.8490566037735848,1.6981132075471697,0.0333866207547169,0.0,1.6981132075471697,1.6981132075471697,0.2089069811320754,6.792452830188679,ST,8,79,23,24,13,52,58,31,47,19,71,13,13,10,50,31,73,6,15,53,34,52,31,19,52,52,6,24,94,15,31,39,82,90,39,84,40,48,32,23,60,48,77,47,13,94,61,24,42,68,77,77,82,19,90,19,16,19,73,52,97,6,15,74,34,52,31,19,52,52,6,24,94,15,31,39,82,90,77,97,76,69,48,23,73,61,97,77,Swiss Super League
Luzern,dk531bvjn5bmeonqs9hbbmfgr,ad34kukz89dwp05keq0tzm76d,A. Cigaņiks,Andrejs Ciganiks,29,Defender,Latvia,Defender,28.0,1.0,31.0,9.0,58.0,5.0,3.0,2.0,0.0,2.0,1.0,0.0,0.0,17.0,8.0,210.0,0.0,4.0,3.0,0.0,7.0,4.0,0.0,0.0,0.0,0.0,0.0,69.05,47.37,8.33,0.0,0.0,68.0,62.5,77.78,0.0839378685518995,0.2478997165133785,1.0,0.0,0.0,1.0,3.0,7.0,0.13084919,22.0,12.0,0.4285714285714285,13.285714285714285,3.8571428571428568,24.85714285714285,2.142857142857143,1.2857142857142856,0.8571428571428571,0.0,0.8571428571428571,0.4285714285714285,0.0,0.0,7.285714285714286,3.4285714285714284,0.0,1.7142857142857142,1.2857142857142856,0.0,3.0,1.7142857142857142,0.0,0.0,0.0,0.0,0.0,69.05,47.37,8.33,0.0,0.0,68.0,62.5,77.78,0.0359733722365283,0.1062427356485907,0.4285714285714285,0.0,0.0,0.4285714285714285,1.2857142857142856,3.0,0.0560782242857142,9.428571428571429,LB/LCB,40,45,29,90,29,74,76,74,29,86,83,12,12,93,64,36,83,81,26,98,83,50,48,50,50,50,14,76,43,26,36,81,86,81,52,67,71,12,12,45,24,52,33,29,33,43,24,100,19,81,76,74,29,90,76,12,12,95,52,36,74,76,26,100,79,50,48,50,50,50,14,76,43,26,36,81,86,81,43,62,76,12,12,38,19,45,24,24,Swiss Super League
Luzern,dk531bvjn5bmeonqs9hbbmfgr,aew5z6heb61vgbziamnxwyihg,L. Lüthi,Loïc Lüthi,22,Defender,Switzerland,Defender,69.0,0.0,9.0,1.0,78.0,4.0,0.0,0.0,0.0,0.0,0.0,0.0,0.0,7.0,9.0,172.0,0.0,2.0,2.0,0.0,1.0,0.0,0.0,0.0,0.0,0.0,0.0,92.86,16.67,0.0,0.0,0.0,53.85,66.67,100.0,0.0,0.0,0.0,0.0,0.0,0.0,0.0,0.0,0.0,0.0,36.104651162790695,0.0,4.709302325581395,0.5232558139534883,40.81395348837209,2.093023255813953,0.0,0.0,0.0,0.0,0.0,0.0,0.0,3.6627906976744176,4.709302325581395,0.0,1.0465116279069766,1.0465116279069766,0.0,0.5232558139534883,0.0,0.0,0.0,0.0,0.0,0.0,92.86,16.67,0.0,0.0,0.0,53.85,66.67,100.0,0.0,0.0,0.0,0.0,0.0,0.0,0.0,0.0,0.0,0.0,CB,50,43,5,9,43,29,32,16,16,43,43,23,23,11,30,39,50,41,34,20,9,46,48,45,52,52,100,7,43,34,39,29,62,95,20,34,45,25,25,32,14,14,14,14,89,43,7,7,43,36,32,16,16,43,43,23,23,11,46,39,61,50,34,25,9,46,48,45,52,52,100,7,43,34,39,29,62,95,20,34,45,25,25,32,14,14,14,14,Swiss Super League
Luzern,dk531bvjn5bmeonqs9hbbmfgr,e9i9c07l7cz79zmv0bin1g7bo,Bung Hua Freimann,Bung Hua Freimann,22,Defender,Switzerland,Defender,40.0,0.0,9.0,5.0,49.0,3.0,0.0,1.0,1.0,0.0,0.0,1.0,1.0,11.0,14.0,181.0,0.0,4.0,3.0,1.0,3.0,0.0,0.0,0.0,0.0,0.0,0.0,68.06,31.25,0.0,100.0,0.0,78.57,50.0,75.0,0.1147994793329479,0.0,0.0,1.0,0.0199707,0.0,3.0,4.0,0.06874829,34.0,19.88950276243094,0.0,4.475138121546961,2.4861878453038675,24.364640883977906,1.4917127071823204,0.0,0.4972375690607735,0.4972375690607735,0.0,0.0,0.4972375690607735,0.4972375690607735,5.469613259668509,6.961325966850829,0.0,1.988950276243094,1.4917127071823204,0.4972375690607735,1.4917127071823204,0.0,0.0,0.0,0.0,0.0,0.0,68.06,31.25,0.0,100.0,0.0,78.57,50.0,75.0,0.0570826140329575,0.0,0.0,0.4972375690607735,0.0099301823204419,0.0,1.4917127071823204,1.988950276243094,0.034184232596685,16.906077348066297,CB,39,43,5,32,14,18,32,48,52,43,43,59,59,34,55,39,71,62,75,52,9,46,48,45,52,52,4,21,43,89,39,93,25,70,50,34,45,57,59,32,34,41,32,50,29,43,4,39,11,18,32,50,57,43,43,71,71,46,64,39,89,68,82,57,9,46,48,45,52,52,4,21,43,89,39,93,25,70,61,34,45,64,61,32,39,43,29,39,Swiss Super League
Sion,b9fc1umgats16gk6wr769wh8a,1ae2q6d1nrcaqjzsuf3ecpm95,R. Nivokazi,Rilind Nivokazi,26,Attacker,Kosovo,Striker,7.0,0.0,8.0,2.0,15.0,4.0,2.0,6.0,6.0,0.0,0.0,2.0,2.0,6.0,0.0,134.0,2.0,13.0,2.0,0.0,0.0,1.0,0.0,0.0,0.0,0.0,0.0,71.43,66.67,0.0,0.0,33.33,42.86,57.14,0.0,0.7710859233800608,0.145358528245486,0.0,1.0,0.02385149,1.0,1.0,0.0,0.0074108,4.0,4.701492537313433,0.0,5.3731343283582085,1.343283582089552,10.07462686567164,2.686567164179104,1.343283582089552,4.029850746268656,4.029850746268656,0.0,0.0,1.343283582089552,1.343283582089552,4.029850746268656,0.0,1.343283582089552,8.73134328358209,1.343283582089552,0.0,0.0,0.6716417910447761,0.0,0.0,0.0,0.0,0.0,71.43,66.67,0.0,0.0,33.33,42.86,57.14,0.0,0.517893530628399,0.0976288622544309,0.0,0.6716417910447761,0.0160196574626865,0.6716417910447761,0.6716417910447761,0.0,0.0049774029850746,2.686567164179104,ST,45,37,8,82,21,63,37,63,69,19,11,23,21,27,21,58,61,39,15,19,77,52,31,19,52,52,52,61,37,15,48,65,98,19,71,39,11,26,26,50,35,10,10,13,65,37,11,94,29,71,52,87,90,19,11,26,23,34,21,73,84,61,15,19,79,52,31,19,52,52,52,61,37,15,48,65,98,19,90,52,11,32,29,56,45,10,13,16,Swiss Super League
Sion,b9fc1umgats16gk6wr769wh8a,1kcxghu1hmq6wehwllx1hgr56,Baltazar Costa,Baltazar Costa Rodrigues de Oliveira,26,Midfielder,Brazil,Midfielder,74.0,0.0,85.0,9.0,159.0,2.0,3.0,3.0,3.0,0.0,1.0,2.0,2.0,15.0,4.0,270.0,1.0,5.0,7.0,2.0,3.0,2.0,0.0,1.0,0.0,0.0,0.0,87.36,52.94,0.0,100.0,33.33,62.5,50.0,75.0,0.2960462779738149,0.2000515742571423,1.0,10.0,0.23658429,7.0,20.0,19.0,0.7936858399999999,109.0,24.666666666666668,0.0,28.33333333333333,3.0,53.0,0.6666666666666666,1.0,1.0,1.0,0.0,0.3333333333333333,0.6666666666666666,0.6666666666666666,5.0,1.3333333333333333,0.3333333333333333,1.6666666666666667,2.333333333333333,0.6666666666666666,1.0,0.6666666666666666,0.0,0.3333333333333333,0.0,0.0,0.0,87.36,52.94,0.0,100.0,33.33,62.5,50.0,75.0,0.0986820926579383,0.0666838580857141,0.3333333333333333,3.333333333333333,0.07886143,2.333333333333333,6.666666666666667,6.333333333333333,0.2645619466666666,36.333333333333336,DM/CM,78,35,78,65,74,59,67,83,98,22,74,63,59,85,76,85,89,93,80,67,39,52,89,46,50,52,74,57,35,89,80,76,59,61,91,65,67,87,87,96,85,83,91,87,70,35,83,65,74,43,65,65,83,22,61,57,57,63,57,78,78,74,70,61,30,52,85,46,50,52,74,57,35,89,80,76,59,61,83,61,54,87,83,91,83,83,87,91,Swiss Super League
Sion,b9fc1umgats16gk6wr769wh8a,1op4tks39vwt6djhzfesy15w4,F. Sylla,Fode Sylla,20,Midfielder,France,Midfielder,28.0,0.0,27.0,2.0,55.0,1.0,1.0,2.0,2.0,0.0,0.0,2.0,3.0,9.0,3.0,120.0,0.0,2.0,5.0,2.0,1.0,4.0,0.0,0.0,0.0,0.0,0.0,93.22,100.0,0.0,100.0,0.0,64.29,50.0,100.0,0.1865847243783858,0.0678822017199338,0.0,3.0,0.06084187,0.0,7.0,5.0,0.1256852099999999,23.0,21.0,0.0,20.25,1.5,41.25,0.75,0.75,1.5,1.5,0.0,0.0,1.5,2.25,6.75,2.25,0.0,1.5,3.75,1.5,0.75,3.0,0.0,0.0,0.0,0.0,0.0,93.22,100.0,0.0,100.0,0.0,64.29,50.0,100.0,0.1399385432837893,0.0509116512899503,0.0,2.25,0.0456314025,0.0,5.25,3.75,0.0942639074999999,17.25,DM/CM,30,35,30,20,30,30,33,57,83,22,26,63,72,43,50,39,50,67,80,37,72,52,41,46,50,52,100,100,35,89,39,87,59,91,78,30,26,48,39,13,39,30,35,26,57,35,65,39,61,57,48,89,96,22,26,78,87,87,87,39,72,96,87,54,100,52,41,46,50,52,100,100,35,89,39,87,59,91,87,43,26,72,65,13,70,48,52,61,Swiss Super League
Sion,b9fc1umgats16gk6wr769wh8a,2b2gvp843rc0o66zjrkvho2qx,Marquinhos Cipriano,Marcos Robson Cipriano,27,Defender,Brazil,Defender,17.0,2.0,27.0,2.0,42.0,1.0,1.0,0.0,0.0,0.0,0.0,1.0,1.0,4.0,4.0,102.0,0.0,1.0,0.0,0.0,3.0,1.0,0.0,1.0,0.0,0.0,0.0,79.25,33.33,25.0,0.0,0.0,44.44,33.33,100.0,0.0,0.1568828236162375,0.0,2.0,0.03680192,0.0,4.0,7.0,0.58696814,20.0,15.0,1.7647058823529411,23.823529411764707,1.7647058823529411,37.05882352941177,0.8823529411764706,0.8823529411764706,0.0,0.0,0.0,0.0,0.8823529411764706,0.8823529411764706,3.5294117647058822,3.5294117647058822,0.0,0.8823529411764706,0.0,0.0,2.647058823529412,0.8823529411764706,0.0,0.8823529411764706,0.0,0.0,0.0,79.25,33.33,25.0,0.0,0.0,44.44,33.33,100.0,0.0,0.1384260208378566,0.0,1.7647058823529411,0.0324722823529411,0.0,3.5294117647058822,6.176470588235294,0.5179130647058824,17.647058823529413,LB/LCB,24,60,24,21,14,26,52,10,29,26,36,36,36,12,29,36,26,12,26,74,36,50,95,50,50,50,48,50,64,26,36,26,36,95,12,57,31,45,33,17,38,52,86,24,57,86,90,52,76,43,62,10,29,26,36,52,52,29,57,36,52,12,26,95,62,50,95,50,50,50,48,50,64,26,36,26,36,95,12,71,31,76,62,17,90,100,100,67,Swiss Super League
Sion,b9fc1umgats16gk6wr769wh8a,30hr440bvtm7enhh6umvfvr4k,T. Berdayes,Théo Berdayes,24,Attacker,Switzerland,Striker,13.0,0.0,15.0,3.0,28.0,4.0,2.0,4.0,3.0,1.0,0.0,1.0,1.0,11.0,2.0,128.0,2.0,6.0,1.0,0.0,4.0,1.0,0.0,0.0,1.0,0.0,0.0,77.78,100.0,0.0,0.0,50.0,61.11,57.14,66.67,0.5493512416951196,0.1229938896841069,1.0,2.0,0.0589647499999999,2.0,3.0,2.0,0.03716264,13.0,9.140625,0.0,10.546875,2.109375,19.6875,2.8125,1.40625,2.8125,2.109375,0.703125,0.0,0.703125,0.703125,7.734375,1.40625,1.40625,4.21875,0.703125,0.0,2.8125,0.703125,0.0,0.0,0.703125,0.0,0.0,77.78,100.0,0.0,0.0,50.0,61.11,57.14,66.67,0.3862625918168809,0.0864800786841376,0.703125,1.40625,0.0414595898437499,1.40625,2.109375,1.40625,0.0261299812499999,9.140625,ST,87,37,40,94,58,63,37,31,27,50,11,13,13,55,68,58,13,19,15,95,77,52,31,60,52,52,71,85,37,15,84,100,98,65,55,35,40,48,52,65,76,48,29,76,100,37,65,100,87,77,55,48,50,68,11,13,13,87,90,77,27,23,15,97,84,52,31,73,52,52,71,85,37,15,84,100,98,65,74,45,52,55,61,90,87,55,32,90,Swiss Super League
Sion,b9fc1umgats16gk6wr769wh8a,4i35r57dz3scccjhz3i59l04p,A. Kabacalman,Ali Kabacalman,30,Midfielder,Switzerland,Midfielder,62.0,0.0,115.0,12.0,177.0,2.0,4.0,0.0,0.0,0.0,0.0,1.0,1.0,6.0,2.0,198.0,0.0,0.0,2.0,1.0,1.0,2.0,0.0,0.0,0.0,0.0,0.0,93.16,85.71,0.0,100.0,0.0,50.0,66.67,100.0,0.0,0.285000330103962,0.0,19.0,0.43021462,10.0,23.0,29.0,0.6473032100000001,117.0,28.18181818181818,0.0,52.27272727272727,5.454545454545454,80.45454545454545,0.9090909090909092,1.818181818181818,0.0,0.0,0.0,0.0,0.4545454545454545,0.4545454545454545,2.727272727272727,0.9090909090909092,0.0,0.0,0.9090909090909092,0.4545454545454545,0.4545454545454545,0.9090909090909092,0.0,0.0,0.0,0.0,0.0,93.16,85.71,0.0,100.0,0.0,50.0,66.67,100.0,0.0,0.1295456045927099,0.0,8.636363636363635,0.1955520999999999,4.545454545454545,10.454545454545451,13.18181818181818,0.2942287318181819,53.18181818181818,DM/CM,72,35,96,80,87,59,80,7,28,22,26,35,35,20,22,39,17,37,59,37,39,52,41,46,50,52,96,96,35,89,39,54,83,91,7,83,26,100,96,100,96,96,83,91,87,35,100,91,100,70,87,7,28,22,26,39,39,22,22,39,17,39,61,30,48,52,41,46,50,52,96,96,35,89,39,54,83,91,7,87,26,100,100,100,100,100,96,100,Swiss Super League
Sion,b9fc1umgats16gk6wr769wh8a,4kinfnp5n3u0tzvso9gypxgfe,J. Lukembila,Josias Lukembila,26,Attacker,Switzerland,Striker,12.0,0.0,14.0,0.0,26.0,2.0,3.0,3.0,3.0,0.0,1.0,5.0,5.0,6.0,1.0,128.0,1.0,6.0,2.0,2.0,0.0,0.0,0.0,1.0,1.0,0.0,0.0,70.27,0.0,0.0,40.0,33.33,37.5,40.0,0.0,0.4681148578116474,0.1704457344041079,0.0,4.0,0.09304667,3.0,0.0,0.0,0.09285992,6.0,8.4375,0.0,9.84375,0.0,18.28125,1.40625,2.109375,2.109375,2.109375,0.0,0.703125,3.515625,3.515625,4.21875,0.703125,0.703125,4.21875,1.40625,1.40625,0.0,0.0,0.0,0.703125,0.703125,0.0,0.0,70.27,0.0,0.0,40.0,33.33,37.5,40.0,0.0,0.3291432593988145,0.1198446570028883,0.0,2.8125,0.06542343984375,2.109375,0.0,0.0,0.06529213125,4.21875,ST,74,37,29,24,48,35,58,13,27,19,40,58,55,27,50,31,13,39,60,19,34,52,77,60,52,52,42,24,37,55,48,45,52,19,42,45,11,73,68,84,11,10,68,26,94,37,48,24,77,42,65,16,50,19,55,84,81,42,55,35,27,65,71,19,34,52,94,73,52,52,42,24,37,55,48,45,52,19,55,61,11,94,87,97,11,10,74,39,Swiss Super League
Sion,b9fc1umgats16gk6wr769wh8a,5frvf0owdyg0dtc8ckinrf2p6,D. Rrudhani,Donat Rrudhani,27,Midfielder,Kosovo,Midfielder,16.0,9.0,52.0,1.0,59.0,0.0,9.0,7.0,4.0,3.0,1.0,4.0,6.0,11.0,0.0,146.0,5.0,6.0,2.0,3.0,4.0,1.0,0.0,0.0,2.0,0.0,0.0,88.06,50.0,64.29,75.0,71.43,68.75,0.0,66.67,0.5463163395752205,1.1480007454081074,1.0,6.0,0.15594899,2.0,0.0,5.0,0.4151008699999999,23.0,9.863013698630136,5.547945205479452,32.054794520547944,0.6164383561643836,36.36986301369863,0.0,5.547945205479452,4.315068493150685,2.4657534246575343,1.8493150684931507,0.6164383561643836,2.4657534246575343,3.6986301369863015,6.780821917808219,0.0,3.0821917808219177,3.6986301369863015,1.2328767123287672,1.8493150684931507,2.4657534246575343,0.6164383561643836,0.0,0.0,1.2328767123287672,0.0,0.0,88.06,50.0,64.29,75.0,71.43,68.75,0.0,66.67,0.3367703463134921,0.7076716923748607,0.6164383561643836,3.6986301369863015,0.0961329390410958,1.2328767123287672,0.0,3.0821917808219177,0.2558840979452054,14.178082191780822,CM/AM,35,92,54,13,38,15,88,81,75,75,46,52,67,50,13,90,54,37,71,85,42,52,35,90,52,52,96,46,96,81,88,96,23,38,73,88,38,71,58,52,8,33,65,40,58,100,100,19,85,15,100,100,96,92,65,58,81,88,13,100,73,50,81,100,54,52,35,100,52,52,96,46,96,81,88,96,23,38,88,100,50,96,92,65,8,50,85,58,Swiss Super League
Sion,b9fc1umgats16gk6wr769wh8a,5pcgx1in5lw632e5o8mr7lroq,N. Hefti,Nias Hefti,26,Defender,Switzerland,Defender,26.0,3.0,36.0,2.0,59.0,1.0,2.0,1.0,0.0,1.0,1.0,1.0,1.0,4.0,1.0,168.0,0.0,3.0,1.0,0.0,1.0,1.0,0.0,0.0,0.0,0.0,0.0,74.68,40.0,37.5,0.0,0.0,36.36,25.0,50.0,0.0618206007950589,0.2831858650927776,0.0,3.0,0.1488700499999999,1.0,3.0,8.0,0.5789348500000001,26.0,13.928571428571429,1.6071428571428572,19.285714285714285,1.0714285714285714,31.607142857142858,0.5357142857142857,1.0714285714285714,0.5357142857142857,0.0,0.5357142857142857,0.5357142857142857,0.5357142857142857,0.5357142857142857,2.142857142857143,0.5357142857142857,0.0,1.6071428571428572,0.5357142857142857,0.0,0.5357142857142857,0.5357142857142857,0.0,0.0,0.0,0.0,0.0,74.68,40.0,37.5,0.0,0.0,36.36,25.0,50.0,0.0331181789973529,0.1517067134425594,0.0,1.6071428571428572,0.0797518124999999,0.5357142857142857,1.6071428571428572,4.285714285714286,0.3101436696428572,13.928571428571429,LB/LCB,33,76,48,21,33,26,64,43,29,64,83,36,36,12,5,36,71,36,26,21,36,50,48,50,50,50,38,60,76,26,36,12,24,33,29,71,31,67,86,45,24,64,81,36,52,81,81,24,52,29,67,48,29,76,95,38,38,5,5,36,67,43,26,29,52,50,48,50,50,50,38,60,76,26,36,12,24,33,38,76,31,71,90,48,24,76,86,48,Swiss Super League
Sion,b9fc1umgats16gk6wr769wh8a,7p8wvrgk2aucmmrc30uv7j5lg,W. Boteli,Winsley Boteli,20,Attacker,Switzerland,Striker,7.0,0.0,15.0,1.0,22.0,3.0,4.0,12.0,10.0,2.0,3.0,3.0,5.0,11.0,0.0,142.0,5.0,21.0,4.0,3.0,1.0,0.0,0.0,1.0,2.0,0.0,0.0,88.0,100.0,0.0,100.0,41.67,55.0,50.0,100.0,1.384282127817497,0.234191752988197,1.0,3.0,0.06810831,0.0,1.0,3.0,0.0827241999999999,5.0,4.436619718309859,0.0,9.507042253521128,0.6338028169014085,13.943661971830986,1.9014084507042253,2.535211267605634,7.605633802816902,6.338028169014085,1.267605633802817,1.9014084507042253,1.9014084507042253,3.1690140845070425,6.971830985915493,0.0,3.1690140845070425,13.309859154929578,2.535211267605634,1.9014084507042253,0.6338028169014085,0.0,0.0,0.6338028169014085,1.267605633802817,0.0,0.0,88.0,100.0,0.0,100.0,41.67,55.0,50.0,100.0,0.8773619119970052,0.1484313927389981,0.6338028169014085,1.9014084507042253,0.0431672387323943,0.0,0.6338028169014085,1.9014084507042253,0.0524308309859154,3.1690140845070425,ST,45,37,40,61,35,52,76,90,87,76,89,34,55,55,21,90,90,74,81,53,34,52,77,89,52,52,97,85,37,98,74,94,82,90,87,52,40,66,61,23,35,61,58,19,61,37,45,74,58,61,74,100,100,87,97,48,71,84,21,97,100,90,77,61,34,52,87,94,52,52,97,85,37,98,74,94,82,90,100,68,45,74,65,23,39,65,61,29,Swiss Super League
Sion,b9fc1umgats16gk6wr769wh8a,8sbi9tqi2omhhzvyuhznyprdh,N. Lavanchy,Numa Lavanchy,33,Defender,Switzerland,Defender,54.0,6.0,81.0,6.0,129.0,0.0,3.0,1.0,1.0,0.0,1.0,2.0,2.0,11.0,12.0,270.0,0.0,10.0,5.0,2.0,2.0,10.0,0.0,0.0,0.0,0.0,0.0,85.43,46.15,31.58,100.0,0.0,50.0,0.0,50.0,0.0797941234883589,0.3688282183816978,0.0,8.0,0.31762784,7.0,6.0,13.0,1.15868765,51.0,18.0,2.0,27.0,2.0,43.0,0.0,1.0,0.3333333333333333,0.3333333333333333,0.0,0.3333333333333333,0.6666666666666666,0.6666666666666666,3.6666666666666665,4.0,0.0,3.333333333333333,1.6666666666666667,0.6666666666666666,0.6666666666666666,3.333333333333333,0.0,0.0,0.0,0.0,0.0,85.43,46.15,31.58,100.0,0.0,50.0,0.0,50.0,0.0265980411627863,0.1229427394605659,0.0,2.6666666666666665,0.1058759466666666,2.333333333333333,2.0,4.333333333333333,0.3862292166666667,17.0,RB/RCB,62,100,100,47,91,12,69,38,50,34,91,53,53,41,75,28,100,91,66,34,100,44,38,47,53,53,91,81,81,97,28,31,16,28,31,75,34,91,94,100,62,72,100,62,75,100,100,44,100,12,66,41,47,34,88,56,56,25,69,28,88,94,69,31,100,44,38,47,53,53,91,81,81,97,28,31,16,28,38,81,34,88,94,94,59,81,100,75,Swiss Super League
Sion,b9fc1umgats16gk6wr769wh8a,9w8ka8b5aaxqaqlnit33glkb8,F. Surdez,Franck Surdez,24,Attacker,Switzerland,Striker,5.0,0.0,25.0,0.0,30.0,1.0,3.0,6.0,5.0,1.0,4.0,3.0,3.0,4.0,0.0,106.0,1.0,14.0,1.0,1.0,1.0,0.0,0.0,2.0,1.0,0.0,0.0,88.24,0.0,0.0,33.33,16.67,33.33,50.0,100.0,0.582789017093186,0.2262262090641852,2.0,5.0,0.15901017,1.0,1.0,2.0,0.1266823799999999,14.0,4.245283018867925,0.0,21.22641509433962,0.0,25.471698113207548,0.8490566037735848,2.547169811320755,5.09433962264151,4.245283018867925,0.8490566037735848,3.39622641509434,2.547169811320755,2.547169811320755,3.39622641509434,0.0,0.8490566037735848,11.88679245283019,0.8490566037735848,0.8490566037735848,0.8490566037735848,0.0,0.0,1.6981132075471697,0.8490566037735848,0.0,0.0,88.24,0.0,0.0,33.33,16.67,33.33,50.0,100.0,0.4948208635696862,0.19207885675261,1.6981132075471697,4.245283018867925,0.1350086349056603,0.8490566037735848,0.8490566037735848,1.6981132075471697,0.1075605113207546,11.88679245283019,LW,25,38,38,50,25,38,75,38,75,25,100,25,25,25,38,50,75,25,25,62,38,62,100,62,62,62,100,50,38,50,50,25,75,100,50,75,25,50,25,38,25,25,50,25,50,38,100,50,100,50,100,75,100,25,100,50,50,25,38,50,100,25,25,75,38,62,100,100,62,62,100,50,38,50,50,25,75,100,100,100,75,100,100,50,25,25,75,100,Swiss Super League
Sion,b9fc1umgats16gk6wr769wh8a,a7ehmifoznpz11r08q58yzgx6,N. Sow,Noé Sow,27,Defender,France,Defender,82.0,0.0,51.0,6.0,133.0,6.0,0.0,3.0,2.0,1.0,1.0,0.0,0.0,15.0,8.0,270.0,0.0,2.0,3.0,0.0,3.0,3.0,0.0,0.0,0.0,0.0,0.0,91.1,46.15,0.0,0.0,0.0,50.0,46.15,50.0,0.3244373651765284,0.0,1.0,1.0,0.0199707,1.0,10.0,11.0,0.2118595999999999,91.0,27.33333333333333,0.0,17.0,2.0,44.333333333333336,2.0,0.0,1.0,0.6666666666666666,0.3333333333333333,0.3333333333333333,0.0,0.0,5.0,2.6666666666666665,0.0,0.6666666666666666,1.0,0.0,1.0,1.0,0.0,0.0,0.0,0.0,0.0,91.1,46.15,0.0,0.0,0.0,50.0,46.15,50.0,0.1081457883921761,0.0,0.3333333333333333,0.3333333333333333,0.0066569,0.3333333333333333,3.333333333333333,3.6666666666666665,0.0706198666666666,30.33333333333333,CB,59,43,82,46,68,50,32,86,80,91,93,23,23,50,20,39,50,62,34,52,43,46,48,45,52,52,93,50,43,34,39,14,16,34,86,34,93,57,59,73,86,79,75,89,45,43,79,23,57,27,32,82,70,89,89,23,23,29,11,39,38,43,34,45,30,46,48,45,52,52,93,50,43,34,39,14,16,34,86,34,93,55,57,66,75,68,68,86,Swiss Super League
Sion,b9fc1umgats16gk6wr769wh8a,blnu4m2eer1y7vscaosgxjkrt,J. Kronig,Jan Kronig,26,Defender,Switzerland,Defender,125.0,0.0,41.0,3.0,166.0,6.0,0.0,3.0,1.0,2.0,0.0,0.0,0.0,15.0,20.0,270.0,1.0,1.0,1.0,0.0,1.0,0.0,0.0,0.0,1.0,0.0,0.0,90.22,23.08,0.0,0.0,33.33,71.43,66.67,12.5,0.2522167389494423,0.0,2.0,3.0,0.06022249,1.0,9.0,11.0,0.2637253499999999,112.0,41.66666666666666,0.0,13.666666666666666,1.0,55.333333333333336,2.0,0.0,1.0,0.3333333333333333,0.6666666666666666,0.0,0.0,0.0,5.0,6.666666666666667,0.3333333333333333,0.3333333333333333,0.3333333333333333,0.0,0.3333333333333333,0.0,0.0,0.0,0.3333333333333333,0.0,0.0,90.22,23.08,0.0,0.0,33.33,71.43,66.67,12.5,0.0840722463164807,0.0,0.6666666666666666,1.0,0.0200741633333333,0.3333333333333333,3.0,3.6666666666666665,0.0879084499999999,37.333333333333336,LB/LCB,100,21,64,38,100,83,24,88,74,86,36,12,12,81,95,83,26,36,26,21,10,50,48,100,50,50,95,19,21,26,79,88,90,5,95,24,93,67,62,45,88,83,57,100,100,21,33,19,100,71,24,88,62,81,36,12,12,62,95,76,14,26,26,5,10,50,48,100,50,50,95,19,21,26,79,88,90,5,81,24,93,48,43,33,67,57,57,100,Swiss Super League
Sion,b9fc1umgats16gk6wr769wh8a,ge9iggeojluopt0tr9sl2yy2,I. Chouaref,Ilyas Chouaref,25,Attacker,Malta,Striker,18.0,4.0,49.0,1.0,63.0,0.0,7.0,4.0,0.0,4.0,1.0,6.0,7.0,13.0,3.0,180.0,0.0,7.0,4.0,2.0,6.0,4.0,0.0,1.0,0.0,0.0,0.0,88.73,100.0,28.57,33.33,0.0,46.43,0.0,85.71,0.2324183827581313,0.844796979918945,1.0,6.0,0.15967796,7.0,4.0,9.0,0.71471598,30.0,9.0,2.0,24.5,0.5,31.5,0.0,3.5,2.0,0.0,2.0,0.5,3.0,3.5,6.5,1.5,0.0,3.5,2.0,1.0,3.0,2.0,0.0,0.5,0.0,0.0,0.0,88.73,100.0,28.57,33.33,0.0,46.43,0.0,85.71,0.1162091913790656,0.4223984899594725,0.5,3.0,0.07983898,3.5,2.0,4.5,0.35735799,15.0,ST,94,98,100,61,100,10,94,31,3,100,40,71,73,65,82,8,23,74,60,100,94,52,77,19,52,52,100,85,84,44,8,71,11,77,6,100,40,92,87,100,87,98,100,100,97,100,100,66,100,10,100,13,3,97,29,74,76,77,94,8,10,73,63,100,97,52,82,19,52,52,100,85,84,44,8,71,11,77,6,100,37,97,94,100,84,100,100,100,Swiss Super League
St.Gallen,dty3ktxspuo8ayudnf0egkvx5,1amx0jc0ey5w1z9g3f3nb9t2i,A. Balde,Aliou Balde,23,Attacker,Guinea,Striker,3.0,2.0,26.0,2.0,27.0,4.0,6.0,14.0,12.0,2.0,5.0,6.0,7.0,10.0,0.0,216.0,6.0,22.0,3.0,2.0,1.0,0.0,0.0,0.0,1.0,0.0,0.0,71.05,100.0,66.67,33.33,42.86,35.71,50.0,100.0,1.7960350440669277,0.5949106419175043,5.0,5.0,0.14882877,3.0,3.0,5.0,0.13995466,13.0,1.25,0.8333333333333334,10.833333333333334,0.8333333333333334,11.25,1.6666666666666667,2.5,5.833333333333334,5.0,0.8333333333333334,2.083333333333333,2.5,2.916666666666667,4.166666666666667,0.0,2.5,9.166666666666668,1.25,0.8333333333333334,0.4166666666666667,0.0,0.0,0.0,0.4166666666666667,0.0,0.0,71.05,100.0,66.67,33.33,42.86,35.71,50.0,100.0,0.7483479350278865,0.2478794341322934,2.083333333333333,2.083333333333333,0.0620119875,1.25,1.25,2.083333333333333,0.0583144416666666,5.416666666666667,ST,18,89,76,82,53,63,90,94,94,76,97,71,73,48,21,97,94,58,60,53,34,52,31,60,52,52,48,85,100,44,77,31,82,90,94,94,98,82,84,84,76,79,74,76,6,90,71,87,47,58,71,97,97,77,100,61,61,39,21,94,90,52,55,55,34,52,31,53,52,52,48,85,100,44,77,31,82,90,97,90,100,84,84,82,61,81,68,55,Swiss Super League
St.Gallen,dty3ktxspuo8ayudnf0egkvx5,1hxi6jvbthhyy1l1oqd7vsnhl,H. Vandermersch,Hugo Vandermersch,27,Defender,France,Defender,10.0,0.0,29.0,4.0,39.0,4.0,2.0,4.0,3.0,1.0,1.0,3.0,4.0,12.0,2.0,161.0,0.0,7.0,4.0,1.0,2.0,2.0,0.0,0.0,0.0,0.0,0.0,61.9,33.33,0.0,33.33,0.0,63.16,66.67,66.67,0.2325442554625205,0.0428831497425083,1.0,5.0,0.10524206,4.0,5.0,8.0,0.1911221599999999,23.0,5.590062111801242,0.0,16.211180124223603,2.2360248447204967,21.801242236024844,2.2360248447204967,1.1180124223602483,2.2360248447204967,1.6770186335403725,0.5590062111801242,0.5590062111801242,1.6770186335403725,2.2360248447204967,6.70807453416149,1.1180124223602483,0.0,3.913043478260869,2.2360248447204967,0.5590062111801242,1.1180124223602483,1.1180124223602483,0.0,0.0,0.0,0.0,0.0,61.9,33.33,0.0,33.33,0.0,63.16,66.67,66.67,0.1299936831778065,0.0239719470610294,0.5590062111801242,2.795031055900621,0.0588309652173913,2.2360248447204967,2.795031055900621,4.472049689440993,0.1068384745341614,12.857142857142856,RB/RCB,6,22,31,31,25,72,53,81,81,81,91,62,66,50,19,28,75,78,50,34,25,44,38,47,53,53,12,19,22,44,28,81,75,50,62,31,81,72,56,88,53,59,38,31,6,22,75,56,31,88,75,94,100,88,94,81,81,75,25,28,100,100,62,44,19,44,38,47,53,53,12,19,22,44,28,81,75,50,75,38,88,94,75,88,75,88,50,44,Swiss Super League
St.Gallen,dty3ktxspuo8ayudnf0egkvx5,281f7899ialr1z6l51mitpp7t,L. Daschner,Lukas Daschner,27,Midfielder,Germany,Midfielder,28.0,10.0,44.0,5.0,62.0,7.0,6.0,3.0,2.0,1.0,1.0,3.0,3.0,18.0,12.0,235.0,2.0,4.0,3.0,0.0,3.0,4.0,0.0,1.0,1.0,0.0,0.0,65.96,22.73,45.45,0.0,66.67,58.06,70.0,37.5,0.2912886918923262,0.7884952036448986,1.0,1.0,0.01685596,1.0,6.0,7.0,0.19194383,35.0,10.72340425531915,3.829787234042553,16.851063829787233,1.9148936170212765,23.74468085106383,2.680851063829788,2.297872340425532,1.1489361702127658,0.7659574468085106,0.3829787234042553,0.3829787234042553,1.1489361702127658,1.1489361702127658,6.893617021276596,4.595744680851063,0.7659574468085106,1.5319148936170213,1.1489361702127658,0.0,1.1489361702127658,1.5319148936170213,0.0,0.3829787234042553,0.3829787234042553,0.0,0.0,65.96,22.73,45.45,0.0,66.67,58.06,70.0,37.5,0.1115573713630185,0.3019768865023016,0.3829787234042553,0.3829787234042553,0.0064554740425531,0.3829787234042553,2.297872340425532,2.680851063829788,0.0735104029787234,13.404255319148936,CM/AM,60,98,42,65,42,96,63,27,50,31,46,38,38,87,100,54,33,54,15,69,94,52,79,60,52,52,8,15,71,15,83,73,100,15,42,81,38,15,12,23,46,44,31,54,65,96,31,69,38,100,62,27,46,27,50,35,35,92,100,50,31,46,15,62,92,52,81,54,52,52,8,15,71,15,83,73,100,15,38,77,31,12,12,19,50,42,31,50,Swiss Super League
St.Gallen,dty3ktxspuo8ayudnf0egkvx5,4tk4xx48lydt8rqn58vwn55ka,M. Stevanović,Mihailo Stevanovic,24,Midfielder,Serbia,Midfielder,20.0,0.0,36.0,5.0,56.0,2.0,2.0,1.0,0.0,1.0,0.0,3.0,4.0,10.0,3.0,196.0,0.0,1.0,2.0,3.0,2.0,0.0,1.0,0.0,0.0,0.0,0.0,74.67,45.45,0.0,100.0,0.0,83.33,50.0,66.67,0.0532106719712134,0.102481112498215,1.0,5.0,0.11004389,3.0,10.0,11.0,0.23620598,31.0,9.183673469387756,0.0,16.53061224489796,2.295918367346939,25.714285714285715,0.9183673469387756,0.9183673469387756,0.4591836734693878,0.0,0.4591836734693878,0.0,1.3775510204081634,1.8367346938775515,4.591836734693878,1.3775510204081634,0.0,0.4591836734693878,0.9183673469387756,1.3775510204081634,0.9183673469387756,0.0,0.4591836734693878,0.0,0.0,0.0,0.0,74.67,45.45,0.0,100.0,0.0,83.33,50.0,66.67,0.0244334718235163,0.0470576536981599,0.4591836734693878,2.295918367346939,0.0505303576530612,1.3775510204081634,4.591836734693878,5.051020408163266,0.1084619295918367,14.234693877551022,RM/RCM,75,25,25,75,50,50,62,25,25,50,38,50,62,50,75,38,25,50,100,50,38,100,62,50,62,62,50,75,25,100,38,100,100,88,25,50,62,75,75,100,100,100,75,50,50,25,75,75,50,50,50,25,25,50,38,75,75,50,50,38,25,50,100,50,38,100,62,50,62,62,50,75,25,100,38,100,100,88,25,50,75,100,50,100,100,100,75,75,Swiss Super League
St.Gallen,dty3ktxspuo8ayudnf0egkvx5,5b3n7shchd7m2a11l5801d2w9,J. Stanić,Jozo Stanic,27,Defender,Croatia,Defender,35.0,0.0,25.0,10.0,60.0,12.0,0.0,1.0,1.0,0.0,0.0,0.0,0.0,20.0,19.0,215.0,0.0,2.0,5.0,0.0,2.0,3.0,0.0,0.0,0.0,0.0,0.0,69.77,37.04,0.0,0.0,0.0,66.67,66.67,66.67,0.0571924778337896,0.0,0.0,0.0,0.0,0.0,3.0,4.0,0.09310746,34.0,14.651162790697676,0.0,10.465116279069768,4.186046511627907,25.116279069767444,5.023255813953488,0.0,0.4186046511627907,0.4186046511627907,0.0,0.0,0.0,0.0,8.372093023255815,7.953488372093023,0.0,0.8372093023255814,2.0930232558139537,0.0,0.8372093023255814,1.255813953488372,0.0,0.0,0.0,0.0,0.0,69.77,37.04,0.0,0.0,0.0,66.67,66.67,66.67,0.0239410372327491,0.0,0.0,0.0,0.0,0.0,1.255813953488372,1.6744186046511629,0.0389752158139534,14.232558139534884,CB,29,43,32,79,32,86,32,48,52,43,43,23,23,79,73,39,50,86,34,32,43,46,48,45,52,52,7,25,43,34,39,70,62,57,39,34,45,25,25,32,34,41,39,50,18,43,14,93,14,93,32,46,54,43,43,23,23,89,75,39,50,93,34,39,36,46,48,45,52,52,7,25,43,34,39,70,62,57,39,34,45,25,25,32,32,36,36,32,Swiss Super League
St.Gallen,dty3ktxspuo8ayudnf0egkvx5,8ibag83uzcirmb7vycpdxxw5w,L. Frokaj,Leon Frokaj,21,Midfielder,Kosovo,Midfielder,15.0,2.0,27.0,1.0,40.0,2.0,4.0,8.0,5.0,3.0,4.0,8.0,8.0,16.0,3.0,249.0,2.0,17.0,8.0,2.0,2.0,1.0,0.0,0.0,0.0,0.0,0.0,74.07,16.67,66.67,25.0,25.0,48.48,50.0,50.0,0.7293150538405748,0.3045966227362444,5.0,5.0,0.23488303,1.0,4.0,3.0,0.1978469699999999,18.0,5.421686746987952,0.7228915662650602,9.759036144578314,0.3614457831325301,14.457831325301203,0.7228915662650602,1.4457831325301205,2.891566265060241,1.8072289156626504,1.0843373493975903,1.4457831325301205,2.891566265060241,2.891566265060241,5.783132530120482,1.0843373493975903,0.7228915662650602,6.144578313253012,2.891566265060241,0.7228915662650602,0.7228915662650602,0.3614457831325301,0.0,0.0,0.0,0.0,0.0,74.07,16.67,66.67,25.0,25.0,48.48,50.0,50.0,0.2636078507857499,0.1100951648444256,1.8072289156626504,1.8072289156626504,0.0848974807228915,0.3614457831325301,1.4457831325301205,1.0843373493975903,0.0715109530120481,6.506024096385542,CM/AM,31,54,12,13,12,63,42,87,85,75,98,75,75,73,81,54,92,96,48,42,42,52,35,21,52,52,23,8,100,33,27,46,71,23,81,38,100,56,85,23,33,17,35,23,27,50,4,12,8,62,35,88,77,69,96,77,65,69,85,42,96,85,46,35,38,52,35,21,52,52,23,8,100,33,27,46,71,23,85,31,96,54,77,15,35,15,27,19,Swiss Super League
St.Gallen,dty3ktxspuo8ayudnf0egkvx5,8tqphrtr7fraqeunw67iwwq8l,C. Okoroji,Chima Okoroji,29,Defender,Germany,Defender,48.0,2.0,33.0,5.0,79.0,4.0,1.0,3.0,0.0,3.0,3.0,1.0,1.0,9.0,17.0,270.0,0.0,2.0,1.0,0.0,3.0,2.0,0.0,0.0,0.0,0.0,0.0,79.8,29.41,33.33,0.0,0.0,50.0,50.0,75.0,0.2788818915513701,0.0760858198434731,2.0,4.0,0.09994311,2.0,8.0,9.0,0.25959869,45.0,16.0,0.6666666666666666,11.0,1.6666666666666667,26.33333333333333,1.3333333333333333,0.3333333333333333,1.0,0.0,1.0,1.0,0.3333333333333333,0.3333333333333333,3.0,5.666666666666667,0.0,0.6666666666666666,0.3333333333333333,0.0,1.0,0.6666666666666666,0.0,0.0,0.0,0.0,0.0,79.8,29.41,33.33,0.0,0.0,50.0,50.0,75.0,0.0929606305171233,0.0253619399478243,0.6666666666666666,1.3333333333333333,0.03331437,0.6666666666666666,2.6666666666666665,3.0,0.0865328966666666,15.0,LB/LCB,71,60,33,67,62,64,52,88,29,95,100,36,36,48,86,36,57,36,26,74,62,50,48,50,50,50,57,38,71,26,36,36,55,76,100,52,93,81,71,71,76,71,52,74,62,57,19,48,24,62,48,88,29,95,100,29,29,24,86,36,40,26,26,62,57,50,48,50,50,50,57,38,71,26,36,36,55,76,86,52,93,57,67,52,57,45,52,52,Swiss Super League
St.Gallen,dty3ktxspuo8ayudnf0egkvx5,an0tzhrx6uhf75uper52ta3o4,J. Ruiz,Joel Ruiz,19,Defender,Switzerland,Defender,23.0,0.0,9.0,4.0,32.0,4.0,1.0,2.0,1.0,1.0,0.0,0.0,0.0,8.0,7.0,157.0,0.0,2.0,1.0,0.0,3.0,1.0,0.0,0.0,0.0,0.0,0.0,65.31,40.0,0.0,0.0,0.0,57.14,50.0,100.0,0.159656435224963,0.0589340970901399,1.0,0.0,0.0,0.0,2.0,2.0,0.0775126599999999,17.0,13.18471337579618,0.0,5.159235668789809,2.2929936305732483,18.343949044585987,2.2929936305732483,0.5732484076433121,1.1464968152866242,0.5732484076433121,0.5732484076433121,0.0,0.0,0.0,4.585987261146497,4.012738853503184,0.0,1.1464968152866242,0.5732484076433121,0.0,1.7197452229299364,0.5732484076433121,0.0,0.0,0.0,0.0,0.0,65.31,40.0,0.0,0.0,0.0,57.14,50.0,100.0,0.0915227972627176,0.033783877312819,0.5732484076433121,0.0,0.0,0.0,1.1464968152866242,1.1464968152866242,0.0444340089171973,9.745222929936306,RB/RCB,25,22,12,31,12,72,38,59,50,81,41,19,19,31,50,28,31,25,22,53,9,44,38,47,53,53,19,56,22,22,28,50,50,91,56,44,81,16,16,22,28,25,19,19,38,22,6,69,12,94,38,69,62,94,41,19,19,44,75,28,50,31,22,56,12,44,38,47,53,53,19,56,22,22,28,50,50,91,69,44,94,16,16,22,38,25,25,19,Swiss Super League
St.Gallen,dty3ktxspuo8ayudnf0egkvx5,bjdsvjk3045h7qle29hx8tmcq,A. Hunziker,Andrin Hunziker,23,Attacker,Switzerland,Striker,0.0,0.0,15.0,0.0,15.0,12.0,4.0,4.0,3.0,1.0,2.0,3.0,3.0,18.0,1.0,137.0,1.0,10.0,1.0,2.0,1.0,0.0,0.0,0.0,1.0,0.0,0.0,42.86,0.0,0.0,66.67,25.0,47.37,44.44,33.33,0.518389438350116,0.291797766463395,1.0,1.0,0.01689528,1.0,1.0,1.0,0.02530009,7.0,0.0,0.0,9.854014598540148,0.0,9.854014598540148,7.883211678832117,2.6277372262773726,2.6277372262773726,1.9708029197080288,0.6569343065693432,1.3138686131386863,1.9708029197080288,1.9708029197080288,11.824817518248176,0.6569343065693432,0.6569343065693432,6.569343065693431,0.6569343065693432,1.3138686131386863,0.6569343065693432,0.0,0.0,0.0,0.6569343065693432,0.0,0.0,42.86,0.0,0.0,66.67,25.0,47.37,44.44,33.33,0.3405478062154046,0.1916919633701135,0.6569343065693432,0.6569343065693432,0.0110990890510948,0.6569343065693432,0.6569343065693432,0.6569343065693432,0.0166204970802919,4.598540145985401,ST,3,37,40,24,21,94,76,31,27,50,71,34,29,87,50,31,44,19,60,53,34,52,31,60,52,52,3,24,37,87,31,76,63,44,48,71,40,26,19,50,35,29,19,35,3,37,52,24,23,100,81,44,40,60,81,53,50,94,50,32,71,16,68,65,34,52,31,65,52,52,3,24,37,87,31,76,63,44,58,84,48,29,19,52,42,34,26,42,Swiss Super League
St.Gallen,dty3ktxspuo8ayudnf0egkvx5,d1ze9efbuztkd5rdk7kzxf1zp,L. Görtler,Lukas Görtler,32,Midfielder,Germany,Midfielder,35.0,0.0,54.0,6.0,89.0,2.0,6.0,11.0,10.0,1.0,4.0,4.0,4.0,18.0,1.0,259.0,6.0,19.0,9.0,3.0,3.0,1.0,0.0,1.0,2.0,0.0,0.0,71.77,33.33,0.0,75.0,54.55,75.0,50.0,75.0,0.9984520630280662,0.6164872481448187,1.0,5.0,0.19377261,2.0,16.0,22.0,0.61271849,49.0,12.16216216216216,0.0,18.764478764478763,2.0849420849420848,30.92664092664093,0.694980694980695,2.0849420849420848,3.8223938223938223,3.474903474903475,0.3474903474903475,1.38996138996139,1.38996138996139,1.38996138996139,6.254826254826255,0.3474903474903475,2.0849420849420848,6.602316602316602,3.1274131274131274,1.0424710424710424,1.0424710424710424,0.3474903474903475,0.0,0.3474903474903475,0.694980694980695,0.0,0.0,71.77,33.33,0.0,75.0,54.55,75.0,50.0,75.0,0.346952454334077,0.2142233680812111,0.3474903474903475,1.7374517374517375,0.0673341115830115,0.694980694980695,5.55984555984556,7.644787644787645,0.212913761003861,17.027027027027028,CM/AM,83,17,67,77,77,63,63,98,100,31,98,52,48,87,44,98,96,100,71,69,42,52,79,90,52,52,19,27,17,81,73,100,71,54,96,58,38,56,73,52,94,96,81,81,73,17,46,81,65,58,54,92,100,23,92,42,42,77,31,96,100,100,56,58,35,52,77,88,52,52,19,27,17,81,73,100,71,54,92,58,27,50,69,46,96,100,73,73,Swiss Super League
St.Gallen,dty3ktxspuo8ayudnf0egkvx5,ec5tz48fm3i9da5xlfx1pn14a,C. Witzig,Christian Witzig,25,Midfielder,Switzerland,Midfielder,13.0,1.0,39.0,5.0,51.0,1.0,8.0,4.0,2.0,2.0,1.0,9.0,9.0,4.0,0.0,259.0,1.0,9.0,0.0,3.0,0.0,0.0,0.0,0.0,0.0,0.0,0.0,78.46,55.56,11.11,33.33,25.0,17.39,25.0,0.0,0.3246962706558413,0.6169411041035553,2.0,6.0,0.16655291,1.0,5.0,8.0,0.2643777499999999,22.0,4.517374517374518,0.3474903474903475,13.552123552123552,1.7374517374517375,17.72200772200772,0.3474903474903475,2.77992277992278,1.38996138996139,0.694980694980695,0.694980694980695,0.3474903474903475,3.1274131274131274,3.1274131274131274,1.38996138996139,0.0,0.3474903474903475,3.1274131274131274,0.0,1.0424710424710424,0.0,0.0,0.0,0.0,0.0,0.0,0.0,78.46,55.56,11.11,33.33,25.0,17.39,25.0,0.0,0.1128288199190182,0.214381078646023,0.694980694980695,2.0849420849420848,0.0578755285714285,0.3474903474903475,1.7374517374517375,2.77992277992278,0.0918687162162161,7.644787644787645,CM/AM,21,40,31,65,27,40,81,42,50,52,46,81,81,4,13,25,71,8,71,4,15,52,35,21,52,52,38,62,35,44,27,4,54,4,50,62,63,71,65,23,38,56,42,35,12,42,19,62,12,38,73,38,38,46,42,81,69,4,13,23,58,8,56,4,15,52,35,21,52,52,38,62,35,44,27,4,54,4,42,62,62,58,62,12,38,46,42,27,Swiss Super League
St.Gallen,dty3ktxspuo8ayudnf0egkvx5,epp0e63d1glvgva25m32vbdyi,T. Gaal,Tom Gaal,25,Defender,Germany,Defender,11.0,0.0,7.0,4.0,18.0,2.0,0.0,0.0,0.0,0.0,0.0,0.0,0.0,4.0,3.0,90.0,0.0,2.0,0.0,0.0,2.0,2.0,0.0,0.0,0.0,0.0,0.0,60.0,36.36,0.0,0.0,0.0,33.33,66.67,100.0,0.0,0.0,0.0,0.0,0.0,0.0,0.0,0.0,0.0,0.0,11.0,0.0,7.0,4.0,18.0,2.0,0.0,0.0,0.0,0.0,0.0,0.0,0.0,4.0,3.0,0.0,2.0,0.0,0.0,2.0,2.0,0.0,0.0,0.0,0.0,0.0,60.0,36.36,0.0,0.0,0.0,33.33,66.67,100.0,0.0,0.0,0.0,0.0,0.0,0.0,0.0,0.0,0.0,0.0,RB/RCB,12,22,6,31,6,47,16,12,19,34,41,19,19,6,25,28,31,9,22,34,25,44,38,47,53,53,6,41,22,22,28,6,75,91,12,16,34,16,16,22,9,9,6,6,12,22,12,100,6,81,16,12,19,34,41,19,19,38,50,28,69,9,22,69,88,44,38,47,53,53,6,41,22,22,28,6,75,91,12,16,34,16,16,22,9,9,6,6,Swiss Super League
Thun,6u0uaryouca843tojxzgwulr2,16u4dl7t5ck2yjy1bgo4d2bpx,J. Bamert,Jan Bamert,28,Defender,Switzerland,Defender,84.0,0.0,42.0,10.0,126.0,3.0,1.0,3.0,3.0,0.0,1.0,2.0,2.0,16.0,14.0,270.0,0.0,5.0,6.0,2.0,2.0,3.0,1.0,0.0,0.0,0.0,0.0,86.3,50.0,0.0,100.0,0.0,50.0,21.43,40.0,0.3444892003435544,0.0,0.0,2.0,0.04336653,2.0,8.0,8.0,0.20451375,77.0,28.0,0.0,14.0,3.333333333333333,42.0,1.0,0.3333333333333333,1.0,1.0,0.0,0.3333333333333333,0.6666666666666666,0.6666666666666666,5.333333333333333,4.666666666666667,0.0,1.6666666666666667,2.0,0.6666666666666666,0.6666666666666666,1.0,0.3333333333333333,0.0,0.0,0.0,0.0,86.3,50.0,0.0,100.0,0.0,50.0,21.43,40.0,0.1148297334478514,0.0,0.0,0.6666666666666666,0.01445551,0.6666666666666666,2.6666666666666665,2.6666666666666665,0.06817125,25.666666666666668,CB,68,43,64,79,64,18,75,86,91,43,93,82,82,59,55,39,82,95,88,32,43,95,48,45,52,52,54,73,43,89,39,14,4,21,89,34,45,73,71,88,70,68,71,75,54,43,48,79,54,11,70,82,89,43,89,82,82,39,41,39,80,86,89,29,30,93,48,45,52,52,54,73,43,89,39,14,4,21,89,34,45,70,71,88,48,57,64,75,Swiss Super League
Thun,6u0uaryouca843tojxzgwulr2,2e5japetk410a5spw9pccg6sq,L. Stewart,Layton Stewart,23,Attacker,England,Striker,6.0,0.0,11.0,0.0,17.0,2.0,1.0,6.0,5.0,1.0,1.0,8.0,8.0,14.0,1.0,244.0,2.0,10.0,2.0,6.0,1.0,1.0,0.0,0.0,1.0,0.0,0.0,58.62,0.0,0.0,75.0,33.33,53.85,25.0,25.0,0.4980109968696801,0.0485565368138995,2.0,1.0,0.04647721,0.0,1.0,0.0,0.0068011,1.0,2.2131147540983607,0.0,4.057377049180328,0.0,6.270491803278688,0.7377049180327868,0.3688524590163934,2.2131147540983607,1.8442622950819672,0.3688524590163934,0.3688524590163934,2.950819672131148,2.950819672131148,5.163934426229508,0.3688524590163934,0.7377049180327868,3.6885245901639343,0.7377049180327868,2.2131147540983607,0.3688524590163934,0.3688524590163934,0.0,0.0,0.3688524590163934,0.0,0.0,58.62,0.0,0.0,75.0,33.33,53.85,25.0,25.0,0.1836925808125869,0.0179101980051268,0.7377049180327868,0.3688524590163934,0.0171432331967213,0.0,0.3688524590163934,0.0,0.0025086024590163,0.3688524590163934,ST,39,37,19,24,26,35,19,63,61,50,40,89,84,71,50,58,44,39,90,53,77,52,31,60,52,52,16,24,37,92,48,90,29,39,45,19,71,26,39,23,35,10,6,3,26,37,3,24,3,23,16,19,29,42,26,71,65,55,42,39,16,26,87,48,74,52,31,45,52,52,16,24,37,92,48,90,29,39,16,19,55,19,32,23,32,10,3,3,Swiss Super League
Thun,6u0uaryouca843tojxzgwulr2,539es15hqaq9gnqng4dmdoums,N. Zoukit,Nassim Zoukit,25,Midfielder,Switzerland,Midfielder,45.0,0.0,30.0,4.0,75.0,4.0,0.0,2.0,0.0,2.0,1.0,2.0,2.0,10.0,2.0,122.0,0.0,0.0,2.0,1.0,3.0,3.0,0.0,0.0,0.0,0.0,0.0,79.79,40.0,0.0,50.0,0.0,62.5,66.67,100.0,0.1073080695352186,0.0,1.0,3.0,0.06393997,4.0,11.0,6.0,0.2144056199999999,41.0,33.19672131147541,0.0,22.131147540983605,2.950819672131148,55.32786885245901,2.950819672131148,0.0,1.4754098360655736,0.0,1.4754098360655736,0.7377049180327868,1.4754098360655736,1.4754098360655736,7.377049180327869,1.4754098360655736,0.0,0.0,1.4754098360655736,0.7377049180327868,2.2131147540983607,2.2131147540983607,0.0,0.0,0.0,0.0,0.0,79.79,40.0,0.0,50.0,0.0,62.5,66.67,100.0,0.079161690640735,0.0,0.7377049180327868,2.2131147540983607,0.0471688303278688,2.950819672131148,8.114754098360656,4.426229508196721,0.1581680803278687,30.24590163934426,DM/CM,57,35,39,48,48,87,11,57,28,74,74,63,59,52,22,39,17,37,59,67,59,52,41,46,50,52,35,28,35,59,39,76,83,91,43,13,67,48,43,85,63,37,57,48,100,35,74,61,78,100,11,83,28,100,91,74,70,91,65,39,17,57,78,96,87,52,41,46,50,52,35,28,35,59,39,76,83,91,70,13,87,65,70,96,91,61,70,74,Swiss Super League
Thun,6u0uaryouca843tojxzgwulr2,64bhnk4lvwp5qrlr4qy9cgmj8,L. Dähler,Lucien Dähler,25,Defender,Switzerland,Defender,36.0,4.0,32.0,6.0,64.0,0.0,2.0,1.0,1.0,0.0,0.0,1.0,1.0,6.0,10.0,270.0,0.0,1.0,4.0,0.0,1.0,5.0,0.0,1.0,0.0,0.0,0.0,80.0,54.55,30.77,0.0,0.0,40.0,0.0,50.0,0.142583768420445,0.236331437570095,0.0,3.0,0.08224292,1.0,5.0,7.0,0.4410585299999999,31.0,12.0,1.3333333333333333,10.666666666666666,2.0,21.33333333333333,0.0,0.6666666666666666,0.3333333333333333,0.3333333333333333,0.0,0.0,0.3333333333333333,0.3333333333333333,2.0,3.333333333333333,0.0,0.3333333333333333,1.3333333333333333,0.0,0.3333333333333333,1.6666666666666667,0.0,0.3333333333333333,0.0,0.0,0.0,80.0,54.55,30.77,0.0,0.0,40.0,0.0,50.0,0.047527922806815,0.0787771458566983,0.0,1.0,0.0274143066666666,0.3333333333333333,1.6666666666666667,2.333333333333333,0.1470195099999999,10.333333333333334,RB/RCB,44,91,50,47,44,12,53,38,50,34,41,41,41,16,69,28,6,78,22,12,53,44,84,47,53,53,56,100,75,22,28,19,16,28,50,56,34,41,50,47,53,50,56,44,31,88,38,44,25,12,44,41,47,34,41,44,44,6,56,28,6,69,22,16,66,44,81,47,53,53,56,100,75,22,28,19,16,28,44,56,34,44,50,50,50,56,62,25,Swiss Super League
Thun,6u0uaryouca843tojxzgwulr2,7t8si63b154j9a09mt3wy21hw,M. Gutbub,Marc Gutbub,23,Attacker,Switzerland,Striker,4.0,0.0,14.0,0.0,18.0,0.0,4.0,4.0,4.0,0.0,1.0,0.0,0.0,4.0,0.0,162.0,1.0,10.0,2.0,0.0,2.0,0.0,0.0,2.0,0.0,0.0,0.0,78.26,0.0,0.0,0.0,25.0,22.22,0.0,100.0,0.3429860357096884,0.2746299269932263,0.0,4.0,0.1051262599999999,0.0,0.0,1.0,0.03824137,6.0,2.2222222222222223,0.0,7.777777777777778,0.0,10.0,0.0,2.2222222222222223,2.2222222222222223,2.2222222222222223,0.0,0.5555555555555556,0.0,0.0,2.2222222222222223,0.0,0.5555555555555556,5.555555555555555,1.1111111111111112,0.0,1.1111111111111112,0.0,0.0,1.1111111111111112,0.0,0.0,0.0,78.26,0.0,0.0,0.0,25.0,22.22,0.0,100.0,0.1905477976164935,0.1525721816629035,0.0,2.2222222222222223,0.0584034777777777,0.0,0.0,0.5555555555555556,0.0212452055555555,3.333333333333333,ST,31,37,29,24,31,10,76,31,47,19,40,5,5,10,21,31,44,39,15,74,34,52,98,19,52,52,74,24,37,15,31,6,11,90,23,68,11,73,74,23,11,29,32,26,29,37,35,24,26,10,68,26,55,19,42,5,5,6,21,29,48,45,15,81,34,52,100,19,52,52,74,24,37,15,31,6,11,90,19,71,11,90,81,23,11,29,29,32,Swiss Super League
Thun,6u0uaryouca843tojxzgwulr2,8yspuotb07c6ke2dz8u7r0bqi,A. Balaruban,Ashvin Balaruban,25,Defender,Switzerland,Defender,9.0,0.0,10.0,0.0,19.0,3.0,0.0,1.0,1.0,0.0,0.0,3.0,4.0,6.0,7.0,105.0,1.0,2.0,2.0,0.0,1.0,2.0,0.0,0.0,0.0,0.0,0.0,63.33,0.0,0.0,0.0,100.0,54.55,60.0,100.0,0.1396482137555887,0.0,0.0,3.0,0.05294479,1.0,3.0,3.0,0.12342577,8.0,7.7142857142857135,0.0,8.571428571428571,0.0,16.285714285714285,2.571428571428571,0.0,0.8571428571428571,0.8571428571428571,0.0,0.0,2.571428571428571,3.4285714285714284,5.142857142857142,6.0,0.8571428571428571,1.7142857142857142,1.7142857142857142,0.0,0.8571428571428571,1.7142857142857142,0.0,0.0,0.0,0.0,0.0,63.33,0.0,0.0,0.0,100.0,54.55,60.0,100.0,0.1196984689333617,0.0,0.0,2.571428571428571,0.0453812485714285,0.8571428571428571,2.571428571428571,2.571428571428571,0.1057935171428571,6.857142857142857,LB/LCB,10,21,10,5,10,57,24,43,74,26,36,71,79,29,52,83,57,60,26,21,62,50,48,50,50,50,5,5,21,26,95,57,81,95,67,24,31,67,52,45,24,19,29,14,14,21,10,5,10,95,24,74,90,26,36,90,90,71,90,95,74,95,26,43,79,50,48,50,50,50,5,5,21,26,95,57,81,95,100,24,31,86,76,76,48,29,62,14,Swiss Super League
Thun,6u0uaryouca843tojxzgwulr2,9idaop0my5t0o4vrme7ynofai,N. Maier,Nico Maier,26,Midfielder,Switzerland,Midfielder,8.0,5.0,34.0,2.0,37.0,0.0,6.0,4.0,2.0,2.0,2.0,4.0,5.0,5.0,1.0,142.0,1.0,3.0,0.0,3.0,2.0,1.0,0.0,0.0,1.0,0.0,0.0,82.22,50.0,45.45,75.0,25.0,50.0,0.0,100.0,0.3541493829265885,0.7265529938715249,1.0,1.0,0.0241224,2.0,2.0,3.0,0.290947,18.0,5.070422535211268,3.1690140845070425,21.549295774647888,1.267605633802817,23.450704225352112,0.0,3.802816901408451,2.535211267605634,1.267605633802817,1.267605633802817,1.267605633802817,2.535211267605634,3.1690140845070425,3.1690140845070425,0.6338028169014085,0.6338028169014085,1.9014084507042253,0.0,1.9014084507042253,1.267605633802817,0.6338028169014085,0.0,0.0,0.6338028169014085,0.0,0.0,82.22,50.0,45.45,75.0,25.0,50.0,0.0,100.0,0.2244608765027673,0.4604913341439243,0.6338028169014085,0.6338028169014085,0.0152888450704225,1.267605633802817,1.267605633802817,1.9014084507042253,0.1844030281690141,11.408450704225352,CM/AM,8,75,19,29,8,15,63,42,50,52,73,52,58,8,44,25,23,8,71,42,42,52,35,60,52,52,56,46,71,81,27,52,23,88,54,73,38,15,19,52,21,17,50,23,23,92,58,38,35,15,88,69,67,81,85,65,73,23,69,38,38,8,88,65,58,52,35,81,52,52,56,46,71,81,27,52,23,88,73,96,54,15,19,69,23,23,65,38,Swiss Super League
Thun,6u0uaryouca843tojxzgwulr2,ag92lrchlo2z1opq3i1loneok,D. Derbaci,Dorian Derbaci,20,Midfielder,Switzerland,Midfielder,8.0,1.0,27.0,1.0,34.0,1.0,1.0,3.0,0.0,3.0,0.0,0.0,0.0,2.0,1.0,209.0,2.0,4.0,1.0,0.0,0.0,2.0,0.0,1.0,0.0,0.0,0.0,75.56,16.67,33.33,0.0,66.67,25.0,33.33,0.0,0.1720845204850003,0.0956783348378864,1.0,2.0,0.06064062,0.0,5.0,7.0,0.24319686,19.0,3.444976076555024,0.4306220095693779,11.626794258373204,0.4306220095693779,14.64114832535885,0.4306220095693779,0.4306220095693779,1.2918660287081338,0.0,1.2918660287081338,0.0,0.0,0.0,0.8612440191387559,0.4306220095693779,0.8612440191387559,1.7224880382775118,0.4306220095693779,0.0,0.0,0.8612440191387559,0.0,0.4306220095693779,0.0,0.0,0.0,75.56,16.67,33.33,0.0,66.67,25.0,33.33,0.0,0.0741033820270336,0.0412011968201424,0.4306220095693779,0.8612440191387559,0.026113185645933,0.0,2.15311004784689,3.014354066985646,0.1047259205741626,8.181818181818182,LM/LCM,38,50,25,50,25,75,25,75,38,88,50,25,25,25,38,75,50,25,25,25,88,62,100,50,62,62,25,50,50,25,100,38,75,25,75,25,75,50,50,25,38,50,50,50,25,50,25,50,25,75,25,75,38,100,50,25,25,25,25,75,50,25,25,25,100,62,100,50,62,62,25,50,50,25,100,38,75,25,75,25,75,50,50,25,50,50,50,25,Swiss Super League
Thun,6u0uaryouca843tojxzgwulr2,aoik5g61oq5r3lbbe76f9iicq,N. Reichmuth,Nils Reichmuth,24,Midfielder,Chile,Midfielder,5.0,0.0,13.0,0.0,18.0,0.0,4.0,5.0,1.0,4.0,2.0,5.0,6.0,7.0,0.0,115.0,0.0,4.0,2.0,2.0,2.0,0.0,0.0,0.0,0.0,0.0,0.0,52.94,0.0,0.0,40.0,0.0,36.84,0.0,66.67,0.2692404823950903,0.2052308145602222,4.0,1.0,0.01935132,2.0,1.0,4.0,0.0816165499999999,8.0,3.91304347826087,0.0,10.173913043478262,0.0,14.08695652173913,0.0,3.130434782608696,3.91304347826087,0.782608695652174,3.130434782608696,1.565217391304348,3.91304347826087,4.695652173913044,5.478260869565218,0.0,0.0,3.130434782608696,1.565217391304348,1.565217391304348,1.565217391304348,0.0,0.0,0.0,0.0,0.0,0.0,52.94,0.0,0.0,40.0,0.0,36.84,0.0,66.67,0.2107099427439837,0.1606154200906087,3.130434782608696,0.782608695652174,0.0151445113043478,1.565217391304348,0.782608695652174,3.130434782608696,0.0638738217391303,6.260869565217392,CM/AM,4,17,4,4,4,15,42,63,29,92,73,65,67,21,13,12,33,37,48,42,15,52,35,21,52,52,4,4,17,54,12,19,23,38,35,31,92,15,15,52,15,25,19,12,4,17,8,4,4,15,81,96,50,100,100,88,88,65,13,12,62,62,73,77,15,52,35,21,52,52,4,4,17,54,12,19,23,38,69,46,100,19,15,85,15,54,19,15,Swiss Super League
Thun,6u0uaryouca843tojxzgwulr2,auk14ut8cwaqop549u2zmfgt1,N. Bürgy,Nicolas Bürgy,31,Defender,Switzerland,Defender,98.0,0.0,44.0,12.0,142.0,6.0,1.0,5.0,5.0,0.0,0.0,0.0,0.0,12.0,12.0,270.0,3.0,6.0,3.0,0.0,1.0,4.0,3.0,0.0,2.0,0.0,0.0,83.04,38.71,0.0,0.0,60.0,60.0,46.15,33.33,0.7256871209251955,0.0709583582824782,0.0,1.0,0.01685596,1.0,9.0,13.0,0.2217503299999999,83.0,32.666666666666664,0.0,14.666666666666666,4.0,47.333333333333336,2.0,0.3333333333333333,1.6666666666666667,1.6666666666666667,0.0,0.0,0.0,0.0,4.0,4.0,1.0,2.0,1.0,0.0,0.3333333333333333,1.3333333333333333,1.0,0.0,0.6666666666666666,0.0,0.0,83.04,38.71,0.0,0.0,60.0,60.0,46.15,33.33,0.2418957069750651,0.0236527860941594,0.0,0.3333333333333333,0.0056186533333333,0.3333333333333333,3.0,4.333333333333333,0.0739167766666666,27.666666666666668,CB,75,43,71,86,75,50,75,96,98,43,43,23,23,39,39,100,93,62,34,20,64,100,48,100,52,52,32,29,43,34,89,48,16,14,100,71,45,57,52,73,80,89,79,82,75,43,64,88,79,27,70,98,100,43,43,23,23,18,29,100,93,43,34,21,45,100,48,100,52,52,32,29,43,34,89,48,16,14,100,68,45,55,54,66,66,89,71,79,Swiss Super League
Thun,6u0uaryouca843tojxzgwulr2,b7fv7sx5c8moeoprdplev3koa,J. Roth,Justin Roth,25,Midfielder,Switzerland,Midfielder,30.0,0.0,29.0,2.0,59.0,1.0,0.0,1.0,0.0,1.0,1.0,1.0,1.0,3.0,2.0,148.0,0.0,2.0,0.0,0.0,0.0,1.0,0.0,0.0,0.0,0.0,0.0,79.73,40.0,0.0,0.0,0.0,23.08,20.0,0.0,0.0643968073725417,0.0,0.0,0.0,0.0,1.0,4.0,6.0,0.11208618,28.0,18.24324324324325,0.0,17.635135135135137,1.2162162162162162,35.87837837837838,0.6081081081081081,0.0,0.6081081081081081,0.0,0.6081081081081081,0.6081081081081081,0.6081081081081081,0.6081081081081081,1.8243243243243243,1.2162162162162162,0.0,1.2162162162162162,0.0,0.0,0.0,0.6081081081081081,0.0,0.0,0.0,0.0,0.0,79.73,40.0,0.0,0.0,0.0,23.08,20.0,0.0,0.0391602206995186,0.0,0.0,0.0,0.0,0.6081081081081081,2.4324324324324325,3.6486486486486487,0.0681605148648648,17.027027027027028,DM/CM,35,35,35,20,35,30,11,24,28,50,74,35,35,11,22,39,50,7,22,13,24,52,41,46,50,52,26,28,35,22,39,4,26,13,22,13,26,7,7,37,24,37,30,43,48,35,57,22,52,35,11,30,28,52,78,48,48,9,52,39,61,7,22,13,26,52,41,46,50,52,26,28,35,22,39,4,26,13,35,13,26,7,7,52,35,43,39,57,Swiss Super League
Thun,6u0uaryouca843tojxzgwulr2,biyxl9czh4bwjwhc306btp5re,F. Saiz,Fabio Saiz,25,Midfielder,Switzerland,Midfielder,34.0,0.0,50.0,5.0,84.0,3.0,5.0,2.0,0.0,2.0,1.0,6.0,6.0,15.0,3.0,270.0,0.0,3.0,6.0,4.0,2.0,6.0,0.0,0.0,0.0,0.0,0.0,79.25,45.45,0.0,66.67,0.0,48.39,42.86,66.67,0.0954473800368262,0.3782889795659409,2.0,6.0,0.12057962,0.0,13.0,14.0,0.17788351,44.0,11.333333333333334,0.0,16.666666666666668,1.6666666666666667,28.0,1.0,1.6666666666666667,0.6666666666666666,0.0,0.6666666666666666,0.3333333333333333,2.0,2.0,5.0,1.0,0.0,1.0,2.0,1.3333333333333333,0.6666666666666666,2.0,0.0,0.0,0.0,0.0,0.0,79.25,45.45,0.0,66.67,0.0,48.39,42.86,66.67,0.0318157933456087,0.1260963265219803,0.6666666666666666,2.0,0.0401932066666666,0.0,4.333333333333333,4.666666666666667,0.0592945033333333,14.666666666666666,DM/CM,39,35,61,57,57,78,91,57,28,74,74,93,93,85,50,39,67,80,87,54,87,52,41,46,50,52,22,43,35,70,39,48,48,52,39,91,93,80,74,13,72,72,52,61,22,35,43,48,35,74,83,37,28,57,61,87,83,63,28,39,57,70,83,43,78,52,41,46,50,52,22,43,35,70,39,48,48,52,22,83,78,61,52,13,57,65,30,39,Swiss Super League
Vaduz,9kxht4usspzkeyosl567vjrs2,1l9y46n47adq6puujt4pt072t,N. Hasler,Nicolas Hasler,35,Defender,Liechtenstein,Defender,63.0,2.0,52.0,11.0,113.0,2.0,4.0,1.0,1.0,0.0,0.0,1.0,1.0,11.0,16.0,303.0,1.0,2.0,1.0,1.0,6.0,5.0,0.0,1.0,0.0,0.0,0.0,80.71,47.83,33.33,100.0,100.0,61.11,66.67,85.71,0.0819882227983349,0.3397044005283963,0.0,4.0,0.07713243,2.0,9.0,13.0,0.49609616,69.0,18.71287128712872,0.594059405940594,15.445544554455443,3.267326732673267,33.56435643564357,0.594059405940594,1.188118811881188,0.297029702970297,0.297029702970297,0.0,0.0,0.297029702970297,0.297029702970297,3.267326732673267,4.752475247524752,0.297029702970297,0.594059405940594,0.297029702970297,0.297029702970297,1.7821782178217822,1.4851485148514851,0.0,0.297029702970297,0.0,0.0,0.0,80.71,47.83,33.33,100.0,100.0,61.11,66.67,85.71,0.0243529374648519,0.1009022971866523,0.0,1.188118811881188,0.0229106227722772,0.594059405940594,2.6732673267326734,3.861386138613861,0.1473552950495049,20.495049504950494,RB/RCB,75,66,81,97,75,47,84,38,50,34,41,41,41,41,88,69,31,25,50,84,53,44,84,47,53,53,62,88,88,97,94,62,75,75,38,69,34,59,44,59,75,72,62,88,81,62,62,94,88,44,81,31,38,34,41,38,38,19,88,69,19,19,50,62,31,44,75,47,53,53,62,88,88,97,94,62,75,75,31,69,34,50,44,62,69,69,69,94,Swiss Super League
Vaduz,9kxht4usspzkeyosl567vjrs2,2pn8sdsirddumo2usvzf9kglw,L. Dalipi,Lutfi Dalipi,20,Midfielder,Switzerland,Midfielder,33.0,4.0,74.0,5.0,103.0,0.0,10.0,4.0,1.0,3.0,1.0,24.0,25.0,16.0,2.0,359.0,2.0,8.0,5.0,7.0,4.0,4.0,0.0,2.0,1.0,0.0,0.0,85.83,71.43,57.14,29.17,50.0,34.78,0.0,100.0,0.2336416552663035,1.1538196097758353,3.0,12.0,0.3713587899999999,6.0,9.0,7.0,1.09120227,57.0,8.272980501392757,1.0027855153203342,18.551532033426184,1.2534818941504178,25.821727019498606,0.0,2.5069637883008355,1.0027855153203342,0.2506963788300835,0.7520891364902507,0.2506963788300835,6.016713091922005,6.267409470752089,4.011142061281337,0.5013927576601671,0.5013927576601671,2.0055710306406684,1.2534818941504178,1.7548746518105849,1.0027855153203342,1.0027855153203342,0.0,0.5013927576601671,0.2506963788300835,0.0,0.0,85.83,71.43,57.14,29.17,50.0,34.78,0.0,100.0,0.058573116919129,0.289258397993942,0.7520891364902507,3.0083565459610027,0.0930983038997214,1.504178272980501,2.256267409470752,1.7548746518105849,0.2735604576601671,14.289693593314762,CM/AM,73,63,90,65,81,15,92,42,29,75,46,100,100,73,69,54,63,65,90,85,94,52,96,60,52,52,77,85,92,38,65,15,23,88,27,92,79,98,100,96,73,44,100,85,42,58,42,35,46,15,69,23,23,50,31,96,92,38,62,27,42,54,77,54,81,52,92,42,52,52,77,85,92,38,65,15,23,88,15,73,65,92,88,81,46,19,92,62,Swiss Super League
Vaduz,9kxht4usspzkeyosl567vjrs2,30k2c1p6o00dtdqsw9ahv7giy,L. Berisha,Liridon Berisha,28,Defender,Switzerland,Defender,131.0,0.0,50.0,13.0,181.0,17.0,0.0,0.0,0.0,0.0,0.0,1.0,1.0,28.0,42.0,360.0,0.0,1.0,5.0,0.0,3.0,10.0,0.0,0.0,0.0,0.0,0.0,79.39,40.62,0.0,0.0,0.0,58.33,62.96,37.5,0.0,0.0,0.0,0.0,0.0,0.0,0.0,0.0,0.0,0.0,32.75,0.0,12.5,3.25,45.25,4.25,0.0,0.0,0.0,0.0,0.0,0.25,0.25,7.0,10.5,0.0,0.25,1.25,0.0,0.75,2.5,0.0,0.0,0.0,0.0,0.0,79.39,40.62,0.0,0.0,0.0,58.33,62.96,37.5,0.0,0.0,0.0,0.0,0.0,0.0,0.0,0.0,0.0,0.0,CB,96,43,79,91,89,98,32,16,16,43,43,59,59,95,100,39,27,86,34,52,96,46,48,45,52,52,25,36,43,34,39,36,45,18,20,34,45,25,25,32,14,14,14,14,79,43,29,73,64,86,32,16,16,43,43,48,48,75,89,39,14,64,34,36,89,46,48,45,52,52,25,36,43,34,39,36,45,18,20,34,45,25,25,32,14,14,14,14,Swiss Super League
Vaduz,9kxht4usspzkeyosl567vjrs2,ahz5nhls0d0jo21muuvnbkmj8,M. Cocic,Milos Cocic,23,Midfielder,Germany,Midfielder,14.0,0.0,12.0,0.0,26.0,1.0,0.0,5.0,3.0,2.0,1.0,1.0,1.0,6.0,4.0,137.0,2.0,6.0,0.0,0.0,0.0,0.0,0.0,0.0,2.0,0.0,0.0,70.27,0.0,0.0,0.0,40.0,50.0,25.0,0.0,0.5235586535489138,0.0,2.0,2.0,0.04797389,2.0,2.0,2.0,0.0821413899999999,11.0,9.197080291970805,0.0,7.883211678832117,0.0,17.08029197080292,0.6569343065693432,0.0,3.2846715328467155,1.9708029197080288,1.3138686131386863,0.6569343065693432,0.6569343065693432,0.6569343065693432,3.9416058394160585,2.6277372262773726,1.3138686131386863,3.9416058394160585,0.0,0.0,0.0,0.0,0.0,0.0,1.3138686131386863,0.0,0.0,70.27,0.0,0.0,0.0,40.0,50.0,25.0,0.0,0.3439436410175346,0.0,1.3138686131386863,1.3138686131386863,0.0315156941605839,1.3138686131386863,1.3138686131386863,1.3138686131386863,0.0539614970802919,7.226277372262774,DM/CM,9,35,4,4,9,30,11,96,98,74,74,35,35,20,76,96,98,7,22,13,11,52,41,100,50,52,4,4,35,22,87,54,30,13,96,13,93,28,22,61,7,11,13,4,13,35,4,4,4,39,11,100,100,96,83,52,52,52,96,96,100,7,22,13,11,52,41,100,50,52,4,4,35,22,87,54,30,13,100,13,100,48,48,65,9,13,26,4,Swiss Super League
Vaduz,9kxht4usspzkeyosl567vjrs2,bo5dasbo9bz4xnziogez5mnoq,J. Stark,Julian Stark,25,Midfielder,Germany,Midfielder,62.0,1.0,46.0,8.0,107.0,3.0,1.0,2.0,1.0,1.0,1.0,1.0,1.0,15.0,7.0,287.0,1.0,3.0,2.0,0.0,6.0,5.0,0.0,0.0,1.0,0.0,0.0,77.54,44.44,20.0,0.0,50.0,57.69,0.0,60.0,0.3592643571589262,0.0791766108728114,1.0,3.0,0.06849342,0.0,4.0,8.0,0.16628788,41.0,19.44250871080139,0.313588850174216,14.425087108013935,2.508710801393728,33.55400696864111,0.940766550522648,0.313588850174216,0.627177700348432,0.313588850174216,0.313588850174216,0.313588850174216,0.313588850174216,0.313588850174216,4.70383275261324,2.195121951219512,0.313588850174216,0.940766550522648,0.627177700348432,0.0,1.881533101045296,1.56794425087108,0.0,0.0,0.313588850174216,0.0,0.0,77.54,44.44,20.0,0.0,50.0,57.69,0.0,60.0,0.1126612966700465,0.0248289023642962,0.313588850174216,0.940766550522648,0.0214787728222996,0.0,1.254355400696864,2.508710801393728,0.052146025087108,12.857142857142856,RM/RCM,100,62,75,100,100,75,25,62,62,50,75,25,25,75,100,75,75,50,38,100,100,50,62,100,62,62,100,50,75,38,100,75,25,50,75,25,62,38,25,25,25,50,50,100,100,50,25,100,75,75,25,50,50,25,75,25,25,75,100,75,50,25,38,100,75,50,62,100,62,62,100,50,75,38,100,75,25,50,50,25,25,25,25,25,25,25,25,50,Swiss Super League
Vaduz,9kxht4usspzkeyosl567vjrs2,cdjqkzpj5pewf70bya99d4gl,D. Sorgić,Dejan Sorgic,36,Attacker,Serbia,Striker,3.0,0.0,8.0,0.0,11.0,2.0,2.0,3.0,3.0,0.0,1.0,2.0,2.0,6.0,0.0,118.0,1.0,7.0,3.0,1.0,0.0,0.0,0.0,1.0,0.0,0.0,0.0,84.62,0.0,0.0,50.0,33.33,35.29,28.57,0.0,0.332028942409265,0.0913793015582572,1.0,1.0,0.03511326,0.0,1.0,1.0,0.04256076,4.0,2.288135593220339,0.0,6.101694915254237,0.0,8.389830508474576,1.5254237288135593,1.5254237288135593,2.288135593220339,2.288135593220339,0.0,0.7627118644067796,1.5254237288135593,1.5254237288135593,4.576271186440678,0.0,0.7627118644067796,5.338983050847458,2.288135593220339,0.7627118644067796,0.0,0.0,0.0,0.7627118644067796,0.0,0.0,0.0,84.62,0.0,0.0,50.0,33.33,35.29,28.57,0.0,0.2532424137019818,0.0696960774596877,0.7627118644067796,0.7627118644067796,0.0267813,0.0,0.7627118644067796,0.7627118644067796,0.0324615966101694,3.0508474576271185,ST,18,37,8,24,5,35,37,13,27,19,40,23,21,27,21,31,23,58,35,19,34,52,77,19,52,52,94,24,37,71,48,26,35,19,19,29,40,26,29,23,35,29,35,13,32,37,23,24,16,47,58,29,60,19,63,29,26,48,21,45,42,82,48,19,34,52,97,19,52,52,94,24,37,71,48,26,35,19,42,35,65,35,39,23,48,39,45,23,Swiss Super League
Vaduz,9kxht4usspzkeyosl567vjrs2,ceeraj4iucjg6wavseu9i06i,D. Djokic,Dejan Djokic,25,Attacker,Switzerland,Striker,4.0,0.0,10.0,0.0,14.0,2.0,0.0,4.0,3.0,1.0,0.0,3.0,3.0,8.0,1.0,137.0,0.0,9.0,2.0,1.0,2.0,0.0,0.0,0.0,0.0,0.0,0.0,66.67,0.0,0.0,33.33,0.0,38.1,28.57,66.67,0.4305963168384843,0.0,2.0,0.0,0.0,2.0,0.0,1.0,0.00460209,3.0,2.6277372262773726,0.0,6.569343065693431,0.0,9.197080291970805,1.3138686131386863,0.0,2.6277372262773726,1.9708029197080288,0.6569343065693432,0.0,1.9708029197080288,1.9708029197080288,5.255474452554745,0.6569343065693432,0.0,5.912408759124088,1.3138686131386863,0.6569343065693432,1.3138686131386863,0.0,0.0,0.0,0.0,0.0,0.0,66.67,0.0,0.0,33.33,0.0,38.1,28.57,66.67,0.2828734928136028,0.0,1.3138686131386863,0.0,0.0,1.3138686131386863,0.0,0.6569343065693432,0.0030232708029197,1.9708029197080288,ST,31,37,16,24,16,35,6,31,27,50,11,34,29,39,50,8,34,39,35,74,34,52,31,19,52,52,26,24,37,44,8,52,35,65,32,6,71,10,10,65,11,29,3,6,42,37,29,24,19,35,6,44,40,60,11,53,50,58,50,8,58,58,42,87,34,52,31,19,52,52,26,24,37,44,8,52,35,65,45,6,84,10,10,87,11,34,10,10,Swiss Super League
Vaduz,9kxht4usspzkeyosl567vjrs2,cilk4jdge6x8rz043g84wistm,M. Monsberger,Marcel Monsberger,25,Attacker,Austria,Striker,23.0,0.0,20.0,1.0,43.0,9.0,3.0,15.0,14.0,1.0,3.0,5.0,7.0,24.0,3.0,360.0,3.0,27.0,10.0,2.0,1.0,0.0,0.0,1.0,2.0,0.0,0.0,69.35,25.0,0.0,40.0,20.0,38.71,32.14,33.33,1.9545431398050312,0.0548813096349072,2.0,2.0,0.04813761,3.0,0.0,1.0,0.0108262499999999,6.0,5.75,0.0,5.0,0.25,10.75,2.25,0.75,3.75,3.5,0.25,0.75,1.25,1.75,6.0,0.75,0.75,6.75,2.5,0.5,0.25,0.0,0.0,0.25,0.5,0.0,0.0,69.35,25.0,0.0,40.0,20.0,38.71,32.14,33.33,0.4886357849512578,0.0137203274087268,0.5,0.5,0.0120344025,0.75,0.0,0.25,0.0027065624999999,1.5,ST,100,37,60,61,81,87,58,97,97,50,89,58,73,94,82,73,97,97,60,53,34,52,77,89,52,52,32,48,37,55,19,55,42,44,97,23,71,48,45,84,11,29,13,26,81,37,6,50,35,65,26,81,87,39,58,23,34,68,60,42,74,87,32,39,34,52,63,58,52,52,32,48,37,55,19,55,42,44,84,13,37,24,23,63,11,21,6,6,Swiss Super League
Vaduz,9kxht4usspzkeyosl567vjrs2,ckmsknnuolycuzgnwuqtfafze,N. Lang,Niklas Lang,24,Defender,Germany,Defender,39.0,0.0,16.0,1.0,55.0,5.0,0.0,0.0,0.0,0.0,0.0,0.0,0.0,10.0,13.0,108.0,0.0,0.0,1.0,0.0,4.0,2.0,1.0,0.0,0.0,0.0,0.0,87.3,20.0,0.0,0.0,0.0,58.82,50.0,100.0,0.0,0.0,0.0,0.0,0.0,0.0,0.0,0.0,0.0,0.0,32.5,0.0,13.333333333333334,0.8333333333333334,45.833333333333336,4.166666666666667,0.0,0.0,0.0,0.0,0.0,0.0,0.0,8.333333333333334,10.833333333333334,0.0,0.0,0.8333333333333334,0.0,3.333333333333333,1.6666666666666667,0.8333333333333334,0.0,0.0,0.0,0.0,87.3,20.0,0.0,0.0,0.0,58.82,50.0,100.0,0.0,0.0,0.0,0.0,0.0,0.0,0.0,0.0,0.0,0.0,CB,36,43,18,9,29,39,32,16,16,43,43,23,23,23,45,39,7,25,34,71,23,95,48,45,52,52,68,12,43,34,39,39,25,95,20,34,45,25,25,32,14,14,14,14,71,43,43,14,71,82,32,16,16,43,43,23,23,84,96,39,7,36,34,96,68,96,48,45,52,52,68,12,43,34,39,39,25,95,20,34,45,25,25,32,14,14,14,14,Swiss Super League
Vaduz,9kxht4usspzkeyosl567vjrs2,dgw6b4ta9iv9t3sjmxclwtxw5,D. Simani,Denis Simani,34,Defender,Switzerland,Defender,83.0,0.0,32.0,5.0,115.0,17.0,0.0,1.0,1.0,0.0,1.0,1.0,1.0,28.0,32.0,253.0,0.0,2.0,0.0,0.0,9.0,5.0,0.0,0.0,0.0,0.0,0.0,87.12,50.0,0.0,0.0,0.0,60.87,62.96,81.82,0.1291197069392701,0.0,0.0,0.0,0.0,1.0,8.0,5.0,0.15652963,81.0,29.525691699604742,0.0,11.383399209486166,1.7786561264822136,40.909090909090914,6.047430830039526,0.0,0.3557312252964427,0.3557312252964427,0.0,0.3557312252964427,0.3557312252964427,0.3557312252964427,9.960474308300396,11.383399209486166,0.0,0.7114624505928854,0.0,0.0,3.2015810276679844,1.7786561264822136,0.0,0.0,0.0,0.0,0.0,87.12,50.0,0.0,0.0,0.0,60.87,62.96,81.82,0.0459319115594241,0.0,0.0,0.0,0.0,0.3557312252964427,2.845849802371541,1.7786561264822136,0.0556824770750988,28.81422924901186,CB,64,43,39,32,54,98,32,48,52,43,93,59,59,95,93,39,50,9,34,100,80,46,48,45,52,52,64,73,43,34,39,54,45,82,57,34,45,25,25,73,70,55,54,79,57,43,21,18,46,100,32,43,46,43,100,61,61,93,100,39,43,9,34,93,75,46,48,45,52,52,64,73,43,34,39,54,45,82,54,34,45,25,25,79,61,39,43,82,Swiss Super League
Vaduz,9kxht4usspzkeyosl567vjrs2,dw90qk4bc9j0xya290pv42go9,L. Mack,Luca Mack,26,Midfielder,Germany,Midfielder,128.0,1.0,94.0,12.0,221.0,3.0,4.0,0.0,0.0,0.0,0.0,2.0,2.0,20.0,10.0,352.0,0.0,0.0,3.0,1.0,11.0,7.0,0.0,0.0,0.0,0.0,0.0,85.33,46.15,50.0,50.0,0.0,55.56,50.0,84.62,0.0,0.253060496234674,0.0,3.0,0.0682155,1.0,13.0,14.0,0.6742404299999999,126.0,32.72727272727273,0.2556818181818182,24.03409090909091,3.0681818181818183,56.50568181818182,0.7670454545454546,1.0227272727272727,0.0,0.0,0.0,0.0,0.5113636363636364,0.5113636363636364,5.113636363636364,2.556818181818182,0.0,0.0,0.7670454545454546,0.2556818181818182,2.8125,1.7897727272727273,0.0,0.0,0.0,0.0,0.0,85.33,46.15,50.0,50.0,0.0,55.56,50.0,84.62,0.0,0.0647029677872746,0.0,0.7670454545454546,0.0174414630681818,0.2556818181818182,3.3238636363636367,3.5795454545454546,0.1723910190340908,32.21590909090909,DM/CM,100,78,83,80,100,78,80,7,28,22,26,63,59,91,100,39,17,54,59,100,93,52,41,46,50,52,65,50,89,59,39,63,59,78,7,74,26,48,48,37,72,72,87,100,96,70,78,70,83,61,74,7,28,22,26,43,43,74,91,39,17,30,43,100,70,52,41,46,50,52,65,50,89,59,39,63,59,78,7,57,26,26,26,26,43,39,74,78,Swiss Super League
Vaduz,9kxht4usspzkeyosl567vjrs2,eqhi765dtajivacuf134i1rai,J. Cabrera,Juan Cabrera,23,Midfielder,Uruguay,Midfielder,22.0,0.0,51.0,2.0,73.0,3.0,3.0,11.0,8.0,3.0,1.0,8.0,8.0,18.0,5.0,287.0,5.0,10.0,5.0,4.0,6.0,2.0,0.0,0.0,1.0,0.0,0.0,76.84,25.0,0.0,50.0,45.45,47.37,37.5,100.0,1.0190947723235546,0.2289501835260376,4.0,6.0,0.13515097,4.0,5.0,9.0,0.2082798199999999,35.0,6.898954703832752,0.0,15.993031358885016,0.627177700348432,22.89198606271777,0.940766550522648,0.940766550522648,3.449477351916376,2.508710801393728,0.940766550522648,0.313588850174216,2.508710801393728,2.508710801393728,5.644599303135888,1.56794425087108,1.56794425087108,3.1358885017421603,1.56794425087108,1.254355400696864,1.881533101045296,0.627177700348432,0.0,0.0,0.313588850174216,0.0,0.0,76.84,25.0,0.0,50.0,45.45,47.37,37.5,100.0,0.3195767578714979,0.0717962247991058,1.254355400696864,1.881533101045296,0.0423818372822299,1.254355400696864,1.56794425087108,2.822299651567944,0.0653142292682926,10.97560975609756,LM/LCM,75,25,100,75,75,100,50,100,100,88,100,100,100,100,100,100,100,100,100,100,88,62,50,100,62,62,50,75,25,75,75,100,100,88,100,50,100,100,100,100,38,88,25,75,75,25,50,75,50,100,50,100,100,75,100,75,75,100,100,100,75,75,100,100,50,62,50,100,62,62,50,75,25,75,75,100,100,88,100,50,100,100,100,100,25,25,25,75,Swiss Super League
Vaduz,9kxht4usspzkeyosl567vjrs2,tyo5qfihcy6mg74tak3h7llg,M. Sawadogo,Malik Sawadogo,23,Defender,Switzerland,Defender,71.0,12.0,71.0,14.0,130.0,5.0,11.0,3.0,2.0,1.0,1.0,6.0,7.0,14.0,19.0,333.0,1.0,5.0,3.0,2.0,2.0,1.0,0.0,0.0,0.0,1.0,1.0,71.82,45.16,38.71,33.33,33.33,51.85,55.56,50.0,0.1821970124102003,1.2510611529621312,2.0,5.0,0.1067802,5.0,12.0,20.0,0.6464586900000001,67.0,19.18918918918919,3.243243243243243,19.18918918918919,3.783783783783784,35.13513513513514,1.351351351351351,2.972972972972973,0.8108108108108107,0.5405405405405405,0.2702702702702702,0.2702702702702702,1.6216216216216215,1.891891891891892,3.783783783783784,5.135135135135135,0.2702702702702702,1.351351351351351,0.8108108108108107,0.5405405405405405,0.5405405405405405,0.2702702702702702,0.0,0.0,0.0,0.2702702702702702,0.2702702702702702,71.82,45.16,38.71,33.33,33.33,51.85,55.56,50.0,0.0492424357865406,0.3381246359357111,0.5405405405405405,1.351351351351351,0.0288595135135135,1.351351351351351,3.243243243243243,5.405405405405405,0.1747185648648649,18.10810810810811,LB/LCB,86,100,95,100,90,74,100,88,98,64,83,93,93,69,90,83,95,81,81,52,36,50,48,50,100,100,19,71,81,55,79,43,71,33,86,100,93,86,81,100,100,100,90,95,71,95,71,95,67,67,100,67,76,57,71,76,86,33,81,71,62,57,71,33,19,50,48,50,100,100,19,71,81,55,79,43,71,33,52,100,86,62,57,90,76,86,67,71,Swiss Super League
Zürich,3sb3j9l7dbjcalwpirp3u2f9g,21xakv6n0d68a93d0v7nd3h4a,I. Sauter,Ilan Sauter,25,Defender,Switzerland,Defender,78.0,0.0,34.0,7.0,112.0,7.0,0.0,1.0,1.0,0.0,0.0,1.0,1.0,16.0,14.0,284.0,0.0,1.0,2.0,1.0,3.0,5.0,0.0,0.0,0.0,0.0,0.0,86.15,58.33,0.0,100.0,0.0,61.54,50.0,50.0,0.1575920115122376,0.0,0.0,2.0,0.04790334,0.0,4.0,6.0,0.1533932099999999,66.0,24.71830985915493,0.0,10.774647887323944,2.218309859154929,35.49295774647887,2.218309859154929,0.0,0.3169014084507042,0.3169014084507042,0.0,0.0,0.3169014084507042,0.3169014084507042,5.070422535211268,4.436619718309859,0.0,0.3169014084507042,0.6338028169014085,0.3169014084507042,0.9507042253521129,1.5845070422535212,0.0,0.0,0.0,0.0,0.0,86.15,58.33,0.0,100.0,0.0,61.54,50.0,50.0,0.0499411304088076,0.0,0.0,0.6338028169014085,0.0151806359154929,0.0,1.267605633802817,1.9014084507042253,0.0486105242957746,20.91549295774648,LB/LCB,90,21,38,83,81,95,24,43,74,26,36,36,36,86,81,36,26,60,60,74,93,50,48,50,50,50,71,86,21,95,36,76,55,33,71,24,31,45,48,17,38,38,38,90,86,21,14,71,71,86,24,24,57,26,36,24,24,67,71,36,10,48,52,52,71,50,48,50,50,50,71,86,21,95,36,76,55,33,57,24,31,33,38,17,14,24,19,90,Swiss Super League
Zürich,3sb3j9l7dbjcalwpirp3u2f9g,3lqoaglx4rgtgaxt5316g73mc,U. Emmanuel,Umeh Emmanuel,21,Attacker,Nigeria,Striker,12.0,3.0,44.0,1.0,53.0,3.0,3.0,8.0,6.0,2.0,3.0,18.0,20.0,22.0,3.0,325.0,2.0,13.0,3.0,11.0,4.0,0.0,0.0,0.0,1.0,0.0,0.0,69.74,100.0,37.5,61.11,25.0,47.83,37.5,80.0,0.7914222738212586,0.3311760515406712,5.0,8.0,0.32144671,4.0,2.0,6.0,0.6141953799999998,23.0,3.323076923076923,0.8307692307692307,12.184615384615384,0.2769230769230769,14.676923076923076,0.8307692307692307,0.8307692307692307,2.2153846153846155,1.6615384615384614,0.5538461538461539,0.8307692307692307,4.984615384615385,5.538461538461538,6.092307692307692,0.8307692307692307,0.5538461538461539,3.6,0.8307692307692307,3.046153846153846,1.1076923076923078,0.0,0.0,0.0,0.2769230769230769,0.0,0.0,69.74,100.0,37.5,61.11,25.0,47.83,37.5,80.0,0.2191630912120408,0.0917102911958781,1.3846153846153846,2.2153846153846155,0.089016012,1.1076923076923078,0.5538461538461539,1.6615384615384614,0.1700848744615384,6.369230769230769,ST,74,94,94,61,90,52,58,73,69,76,89,100,100,90,82,58,61,58,100,95,34,52,31,60,52,52,39,85,87,81,31,81,48,74,74,81,98,97,100,97,60,87,97,87,52,87,84,55,68,29,35,23,16,55,68,94,94,74,68,26,13,35,100,77,34,52,31,42,52,52,39,85,87,81,31,81,48,74,29,48,87,87,97,71,35,58,90,68,Swiss Super League
Zürich,3sb3j9l7dbjcalwpirp3u2f9g,3mw97uhlizy4327fxiui1wn4k,S. Walker,Sebastian Walker,20,Defender,Switzerland,Defender,7.0,0.0,7.0,1.0,14.0,1.0,0.0,1.0,1.0,0.0,0.0,1.0,1.0,4.0,5.0,95.0,0.0,2.0,0.0,1.0,1.0,3.0,0.0,0.0,0.0,0.0,0.0,63.64,25.0,0.0,100.0,0.0,36.36,50.0,50.0,0.0643277255310101,0.0,0.0,0.0,0.0,0.0,2.0,2.0,0.0297307599999999,9.0,6.631578947368421,0.0,6.631578947368421,0.9473684210526316,13.263157894736842,0.9473684210526316,0.0,0.9473684210526316,0.9473684210526316,0.0,0.0,0.9473684210526316,0.9473684210526316,3.789473684210526,4.7368421052631575,0.0,1.894736842105263,0.0,0.9473684210526316,0.9473684210526316,2.8421052631578947,0.0,0.0,0.0,0.0,0.0,63.64,25.0,0.0,100.0,0.0,36.36,50.0,50.0,0.06094205576622,0.0,0.0,0.0,0.0,0.0,1.894736842105263,1.894736842105263,0.0281659831578946,8.526315789473683,LB/LCB,5,21,5,12,5,26,24,43,74,26,36,36,36,12,38,36,57,12,60,21,74,50,48,50,50,50,10,31,21,95,36,12,55,33,38,24,31,12,12,17,14,14,14,19,5,21,5,14,5,48,24,81,100,26,36,62,62,38,76,36,86,12,86,48,95,50,48,50,50,50,10,31,21,95,36,12,55,33,71,24,31,12,12,17,33,19,14,19,Swiss Super League
Zürich,3sb3j9l7dbjcalwpirp3u2f9g,3nqhtkzcrkrta24iyceqk6jv8,N. Volken,Neil Volken,19,Defender,Switzerland,Defender,51.0,4.0,36.0,3.0,83.0,2.0,3.0,1.0,0.0,1.0,0.0,5.0,5.0,8.0,7.0,242.0,0.0,1.0,1.0,2.0,2.0,1.0,0.0,0.0,0.0,0.0,0.0,80.58,23.08,40.0,40.0,0.0,34.78,33.33,66.67,0.0635163514031303,0.3375258871950666,1.0,1.0,0.04066992,2.0,8.0,12.0,0.5341256100000001,56.0,18.966942148760328,1.487603305785124,13.388429752066116,1.1157024793388428,30.86776859504132,0.743801652892562,1.1157024793388428,0.371900826446281,0.0,0.371900826446281,0.0,1.8595041322314048,1.8595041322314048,2.975206611570248,2.603305785123967,0.0,0.371900826446281,0.371900826446281,0.743801652892562,0.743801652892562,0.371900826446281,0.0,0.0,0.0,0.0,0.0,80.58,23.08,40.0,40.0,0.0,34.78,33.33,66.67,0.0236217835796765,0.1255261563948594,0.371900826446281,0.371900826446281,0.0151251768595041,0.743801652892562,2.975206611570248,4.462809917355371,0.198641755785124,20.82644628099173,LB/LCB,81,88,48,38,69,50,76,43,29,64,36,86,86,36,52,36,26,36,81,52,36,50,48,50,50,50,62,19,88,62,36,5,36,67,33,86,71,29,38,71,76,93,71,86,67,71,29,29,43,36,71,33,29,67,36,86,81,17,33,36,24,38,76,38,29,50,48,50,50,50,62,19,88,62,36,5,36,67,29,67,71,24,33,64,62,81,71,86,Swiss Super League
Zürich,3sb3j9l7dbjcalwpirp3u2f9g,4100i45cuhh12fmb7dh50eajt,L. Kamberi,Lindrit Kamberi,26,Defender,Switzerland,Defender,98.0,0.0,31.0,11.0,129.0,15.0,0.0,5.0,5.0,0.0,0.0,0.0,0.0,21.0,46.0,360.0,2.0,7.0,3.0,0.0,2.0,7.0,0.0,0.0,0.0,0.0,0.0,85.43,45.83,0.0,0.0,40.0,70.0,78.95,50.0,0.6032774494719217,0.0,0.0,0.0,0.0,0.0,4.0,6.0,0.15301335,86.0,24.5,0.0,7.75,2.75,32.25,3.75,0.0,1.25,1.25,0.0,0.0,0.0,0.0,5.25,11.5,0.5,1.75,0.75,0.0,0.5,1.75,0.0,0.0,0.0,0.0,0.0,85.43,45.83,0.0,0.0,40.0,70.0,78.95,50.0,0.1508193623679804,0.0,0.0,0.0,0.0,0.0,1.0,1.5,0.0382533375,21.5,RB/RCB,100,22,44,97,91,100,16,97,100,34,41,19,19,88,100,91,75,59,22,34,88,44,38,47,53,53,91,75,22,22,66,100,100,28,100,16,34,16,16,22,41,44,31,100,100,22,19,88,81,100,16,75,88,34,41,19,19,69,100,81,62,44,22,25,75,44,38,47,53,53,91,75,22,22,66,100,100,28,81,16,34,16,16,22,31,38,12,100,Swiss Super League
Zürich,3sb3j9l7dbjcalwpirp3u2f9g,446scvw0ckoxnvnsqcqocve1h,V. Berisha,Valon Berisha,33,Midfielder,Kosovo,Midfielder,39.0,0.0,32.0,15.0,71.0,0.0,2.0,2.0,0.0,2.0,0.0,2.0,3.0,7.0,2.0,209.0,1.0,0.0,6.0,1.0,0.0,0.0,0.0,1.0,1.0,1.0,0.0,79.78,65.22,0.0,50.0,50.0,31.82,0.0,0.0,0.0900769980637998,0.1881197442599584,1.0,2.0,0.0482448,1.0,6.0,7.0,0.13952681,23.0,16.79425837320574,0.0,13.779904306220097,6.45933014354067,30.57416267942584,0.0,0.8612440191387559,0.8612440191387559,0.0,0.8612440191387559,0.0,0.8612440191387559,1.2918660287081338,3.014354066985646,0.8612440191387559,0.4306220095693779,0.0,2.583732057416268,0.4306220095693779,0.0,0.0,0.0,0.4306220095693779,0.4306220095693779,0.4306220095693779,0.0,79.78,65.22,0.0,50.0,50.0,31.82,0.0,0.0,0.0387891379222104,0.0810085023129007,0.4306220095693779,0.8612440191387559,0.0207752727272727,0.4306220095693779,2.583732057416268,3.014354066985646,0.0600833153110047,9.904306220095693,DM/CM,48,35,43,96,43,9,54,57,28,74,26,63,72,28,22,85,17,80,59,13,11,52,89,93,100,52,30,70,35,59,93,9,13,13,30,61,67,28,30,37,33,43,39,26,39,35,30,100,39,9,57,61,28,74,26,61,61,26,13,87,17,87,57,13,11,52,91,91,100,52,30,70,35,59,93,9,13,13,30,74,70,30,30,35,39,35,35,22,Swiss Super League
Zürich,3sb3j9l7dbjcalwpirp3u2f9g,a09c6fnqhxczvv5dle6h4twmi,P. Kény,Philippe Kény,27,Attacker,Senegal,Striker,19.0,0.0,26.0,1.0,45.0,18.0,2.0,10.0,7.0,3.0,1.0,7.0,7.0,31.0,3.0,360.0,5.0,16.0,9.0,4.0,0.0,1.0,0.0,1.0,1.0,0.0,0.0,60.81,33.33,0.0,57.14,50.0,42.47,48.65,0.0,0.8608388258416836,0.2634649782115232,3.0,2.0,0.0592356599999999,2.0,1.0,1.0,0.36323901,11.0,4.75,0.0,6.5,0.25,11.25,4.5,0.5,2.5,1.75,0.75,0.25,1.75,1.75,7.75,0.75,1.25,4.0,2.25,1.0,0.0,0.25,0.0,0.25,0.25,0.0,0.0,60.81,33.33,0.0,57.14,50.0,42.47,48.65,0.0,0.2152097064604209,0.0658662445528808,0.75,0.5,0.0148089149999999,0.5,0.25,0.25,0.0908097525,2.75,ST,97,37,76,61,84,97,37,84,79,94,40,82,73,97,82,90,82,94,87,19,77,52,77,60,52,52,19,52,37,77,84,61,74,19,81,65,89,48,55,65,35,29,90,60,68,37,26,50,47,94,23,39,23,73,23,42,34,90,60,65,23,77,63,19,68,52,63,39,52,52,19,52,37,77,84,61,74,19,26,32,60,24,26,48,23,21,81,19,Swiss Super League
Zürich,3sb3j9l7dbjcalwpirp3u2f9g,bi49lcldxz8jubp72kgeke2y2,K. Spadanuda,Kevin Spadanuda,29,Midfielder,Switzerland,Midfielder,8.0,2.0,36.0,0.0,42.0,0.0,5.0,1.0,1.0,0.0,0.0,6.0,6.0,4.0,1.0,140.0,0.0,8.0,2.0,1.0,1.0,1.0,0.0,0.0,0.0,0.0,0.0,84.0,0.0,100.0,16.67,0.0,25.0,0.0,100.0,0.0601606185855658,0.5104006417340093,0.0,2.0,0.04797389,1.0,6.0,6.0,0.4072992,17.0,5.142857142857142,1.2857142857142856,23.142857142857142,0.0,27.0,0.0,3.2142857142857144,0.6428571428571428,0.6428571428571428,0.0,0.0,3.857142857142857,3.857142857142857,2.571428571428571,0.6428571428571428,0.0,5.142857142857142,1.2857142857142856,0.6428571428571428,0.6428571428571428,0.6428571428571428,0.0,0.0,0.0,0.0,0.0,84.0,0.0,100.0,16.67,0.0,25.0,0.0,100.0,0.0386746833764351,0.3281146982575774,0.0,1.2857142857142856,0.0308403578571428,0.6428571428571428,3.857142857142857,3.857142857142857,0.2618352,10.928571428571429,LM/LCM,38,75,50,25,50,38,88,50,75,38,50,75,75,50,38,38,75,50,50,50,38,62,50,50,62,62,75,25,100,50,38,38,38,88,50,75,38,50,25,50,75,25,75,25,50,75,100,25,75,38,100,50,75,38,50,100,100,50,50,38,100,50,50,50,75,62,50,50,62,62,75,25,100,50,38,38,38,88,50,100,38,75,75,50,100,100,75,50,Swiss Super League
Zürich,3sb3j9l7dbjcalwpirp3u2f9g,ceagb7xmn5ml1l0vvzufmvluy,B. Krasniqi,Bledian Krasniqi,25,Midfielder,Kosovo,Midfielder,35.0,5.0,36.0,1.0,66.0,0.0,6.0,2.0,2.0,0.0,0.0,8.0,8.0,7.0,2.0,285.0,2.0,2.0,2.0,2.0,2.0,1.0,0.0,0.0,0.0,0.0,0.0,88.0,25.0,55.56,25.0,100.0,30.43,0.0,66.67,0.2965758835238425,0.6988282032821309,0.0,7.0,0.1650985699999999,2.0,4.0,10.0,0.3453437,23.0,11.052631578947368,1.5789473684210529,11.36842105263158,0.3157894736842105,20.842105263157897,0.0,1.8947368421052635,0.6315789473684211,0.6315789473684211,0.0,0.0,2.5263157894736845,2.5263157894736845,2.210526315789474,0.6315789473684211,0.6315789473684211,0.6315789473684211,0.6315789473684211,0.6315789473684211,0.6315789473684211,0.3157894736842105,0.0,0.0,0.0,0.0,0.0,88.0,25.0,55.56,25.0,100.0,30.43,0.0,66.67,0.0936555421654239,0.2206825905101466,0.0,2.210526315789474,0.0521363905263157,0.6315789473684211,1.2631578947368425,3.1578947368421053,0.1090559052631578,7.263157894736842,CM/AM,83,75,27,13,46,15,63,17,50,12,15,75,75,21,69,54,13,37,48,42,42,52,35,21,52,52,92,21,88,33,98,12,23,38,46,65,12,83,62,52,33,69,62,40,69,65,12,8,15,15,50,15,35,12,15,62,58,8,65,35,12,27,42,27,31,52,35,21,52,52,92,21,88,33,98,12,23,38,31,65,12,65,50,38,19,58,50,23,Swiss Super League
Zürich,3sb3j9l7dbjcalwpirp3u2f9g,cpcsusb1mu0ex5sfqjimzqec4,S. Hodza,Selmin Hodza,23,Defender,Switzerland,Defender,70.0,2.0,44.0,9.0,112.0,2.0,3.0,0.0,0.0,0.0,0.0,7.0,9.0,31.0,14.0,360.0,0.0,2.0,3.0,4.0,15.0,6.0,0.0,0.0,0.0,0.0,0.0,74.17,36.0,12.5,57.14,0.0,58.49,33.33,68.18,0.0,0.3734694999554804,0.0,6.0,0.1702049199999999,2.0,13.0,17.0,0.57147226,58.0,17.5,0.5,11.0,2.25,28.0,0.5,0.75,0.0,0.0,0.0,0.0,1.75,2.25,7.75,3.5,0.0,0.5,0.75,1.0,3.75,1.5,0.0,0.0,0.0,0.0,0.0,74.17,36.0,12.5,57.14,0.0,58.49,33.33,68.18,0.0,0.0933673749888701,0.0,1.5,0.0425512299999999,0.5,3.25,4.25,0.142868065,14.5,RB/RCB,88,66,69,88,69,47,69,12,19,34,41,97,100,100,81,28,31,59,91,100,75,44,38,47,53,53,31,31,50,62,28,56,31,56,12,81,34,81,81,59,84,88,69,75,69,53,44,62,50,34,50,12,19,34,41,88,88,94,62,28,12,44,88,100,41,44,38,47,53,53,31,31,50,62,28,56,31,56,12,62,34,56,56,56,84,75,56,56,Swiss Super League
Zürich,3sb3j9l7dbjcalwpirp3u2f9g,cpw4hqnhrqja3q3k85fq7bz84,L. Schödler,Leandro Schödler,20,Midfielder,Switzerland,Midfielder,40.0,0.0,40.0,2.0,80.0,3.0,1.0,2.0,2.0,0.0,1.0,1.0,1.0,11.0,3.0,298.0,0.0,3.0,3.0,1.0,2.0,9.0,0.0,0.0,0.0,0.0,0.0,86.96,66.67,0.0,100.0,0.0,40.74,75.0,50.0,0.2308598102639373,0.0470507258942141,0.0,4.0,0.09072921,0.0,6.0,3.0,0.09044321,42.0,12.08053691275168,0.0,12.08053691275168,0.6040268456375839,24.16107382550336,0.906040268456376,0.3020134228187919,0.6040268456375839,0.6040268456375839,0.0,0.3020134228187919,0.3020134228187919,0.3020134228187919,3.322147651006712,0.906040268456376,0.0,0.906040268456376,0.906040268456376,0.3020134228187919,0.6040268456375839,2.718120805369128,0.0,0.0,0.0,0.0,0.0,86.96,66.67,0.0,100.0,0.0,40.74,75.0,50.0,0.0697227614891085,0.0142099507734203,0.0,1.2080536912751678,0.0274014392617449,0.0,1.812080536912752,0.906040268456376,0.0273150634228187,12.684563758389263,DM/CM,52,35,57,20,52,78,33,57,83,22,74,35,35,63,50,39,67,54,59,54,100,52,41,46,50,52,70,76,35,89,39,26,98,39,83,26,26,63,65,13,33,20,17,52,26,35,17,9,17,65,22,26,74,22,52,30,30,30,17,39,48,35,52,39,96,52,41,46,50,52,70,76,35,89,39,26,98,39,65,26,26,43,43,13,13,9,9,35,Swiss Super League
Zürich,3sb3j9l7dbjcalwpirp3u2f9g,d9ewnngnsfc0s4hcs282hayhg,L. Comenencia,Livano Comenencia,22,Midfielder,Curaçao,Midfielder,24.0,1.0,29.0,6.0,52.0,4.0,0.0,3.0,2.0,1.0,1.0,5.0,5.0,14.0,3.0,256.0,0.0,3.0,3.0,4.0,2.0,2.0,0.0,0.0,0.0,0.0,0.0,70.27,75.0,50.0,80.0,0.0,40.0,33.33,66.67,0.2333893743353839,0.0,0.0,1.0,0.02953272,1.0,4.0,2.0,0.16348874,23.0,8.4375,0.3515625,10.1953125,2.109375,18.28125,1.40625,0.0,1.0546875,0.703125,0.3515625,0.3515625,1.7578125,1.7578125,4.921875,1.0546875,0.0,1.0546875,1.0546875,1.40625,0.703125,0.703125,0.0,0.0,0.0,0.0,0.0,70.27,75.0,50.0,80.0,0.0,40.0,33.33,66.67,0.0820509519147834,0.0,0.0,0.3515625,0.0103825968749999,0.3515625,1.40625,0.703125,0.0574765101562499,8.0859375,CB,11,93,36,46,25,29,32,86,80,91,93,100,100,45,7,39,64,62,100,32,23,46,48,45,52,52,11,98,100,75,39,7,7,57,79,34,45,57,64,73,41,29,57,29,7,96,11,29,4,14,32,89,77,93,96,100,100,25,4,39,64,55,100,32,21,46,48,45,52,52,11,98,100,75,39,7,7,57,71,34,45,61,64,73,36,29,46,29,Swiss Super League
Zürich,3sb3j9l7dbjcalwpirp3u2f9g,ernbjicg113inzsubzrfm8fyt,A. Hack,Alexander Hack,32,Defender,Germany,Defender,15.0,0.0,17.0,4.0,32.0,6.0,0.0,1.0,1.0,0.0,0.0,0.0,0.0,17.0,9.0,100.0,0.0,1.0,3.0,0.0,5.0,0.0,0.0,0.0,0.0,0.0,0.0,71.11,30.77,0.0,0.0,0.0,70.83,75.0,62.5,0.1152509549326471,0.0,0.0,0.0,0.0,0.0,5.0,5.0,0.0911332099999999,26.0,13.5,0.0,15.3,3.6,28.8,5.4,0.0,0.8999999999999999,0.8999999999999999,0.0,0.0,0.0,0.0,15.3,8.1,0.0,0.8999999999999999,2.7,0.0,4.5,0.0,0.0,0.0,0.0,0.0,0.0,71.11,30.77,0.0,0.0,0.0,70.83,75.0,62.5,0.1037258594393823,0.0,0.0,0.0,0.0,0.0,4.5,4.5,0.0820198889999999,23.4,CB,4,43,21,25,4,50,32,48,52,43,43,23,23,68,30,39,27,62,34,82,9,46,48,45,52,52,14,18,43,34,39,79,84,48,54,34,45,25,25,32,46,55,36,36,14,43,68,82,21,96,32,75,82,43,43,23,23,100,82,39,54,100,34,100,9,46,48,45,52,52,14,18,43,34,39,79,84,48,82,34,45,25,25,32,93,93,75,68,Swiss Super League
Zürich,3sb3j9l7dbjcalwpirp3u2f9g,i20omscbdnvcerur8zx3fyay,M. Reichmuth,Miguel Reichmuth,22,Midfielder,Switzerland,Midfielder,10.0,1.0,14.0,1.0,23.0,0.0,4.0,1.0,0.0,1.0,1.0,0.0,0.0,3.0,0.0,120.0,0.0,2.0,2.0,0.0,1.0,0.0,0.0,0.0,0.0,0.0,0.0,76.67,20.0,20.0,0.0,0.0,37.5,0.0,100.0,0.0434787205747859,0.2796281039889213,1.0,3.0,0.08193623,2.0,3.0,2.0,0.29080226,13.0,7.5,0.75,10.5,0.75,17.25,0.0,3.0,0.75,0.0,0.75,0.75,0.0,0.0,2.25,0.0,0.0,1.5,1.5,0.0,0.75,0.0,0.0,0.0,0.0,0.0,0.0,76.67,20.0,20.0,0.0,0.0,37.5,0.0,100.0,0.0326090404310894,0.2097210779916909,0.75,2.25,0.0614521725,1.5,2.25,1.5,0.2181016949999999,9.75,DM/CM,4,78,9,9,4,9,80,24,28,50,74,11,11,11,4,39,50,37,22,37,11,52,41,46,50,52,17,9,74,22,39,22,13,91,13,78,67,48,57,61,15,11,65,9,4,91,9,13,9,9,96,57,28,70,98,11,11,17,4,39,72,61,22,54,11,52,41,46,50,52,17,9,74,22,39,22,13,91,26,91,91,72,74,87,26,22,78,17,Swiss Super League
Grasshoppers,9dqlf92t42brv71kvaet67tm4,12uxqpy1ctpyaqv2i9mx1iicq,A. Diaby,Abdoulaye Diaby,26,Defender,Mali,Defender,29.0,0.0,21.0,6.0,50.0,5.0,3.0,1.0,1.0,0.0,0.0,2.0,2.0,9.0,20.0,167.0,0.0,3.0,1.0,0.0,3.0,3.0,0.0,0.0,0.0,0.0,0.0,79.37,40.0,0.0,0.0,0.0,60.0,83.33,100.0,0.1126003351896294,0.1917456674910808,0.0,0.0,0.0,0.0,6.0,4.0,0.1117473699999999,33.0,15.62874251497006,0.0,11.317365269461078,3.2335329341317363,26.94610778443114,2.694610778443113,1.616766467065868,0.5389221556886228,0.5389221556886228,0.0,0.0,1.0778443113772456,1.0778443113772456,4.850299401197605,10.778443113772454,0.0,1.616766467065868,0.5389221556886228,0.0,1.616766467065868,1.616766467065868,0.0,0.0,0.0,0.0,0.0,79.37,40.0,0.0,0.0,0.0,60.0,83.33,100.0,0.0606828153716565,0.1033359884682471,0.0,0.0,0.0,0.0,3.2335329341317363,2.155688622754491,0.060223133532934,17.78443113772455,CB,25,43,29,46,20,39,96,48,52,43,43,82,82,14,79,39,64,25,34,52,43,46,48,45,52,52,21,32,43,34,39,48,89,95,46,93,45,25,25,32,52,41,43,41,21,43,18,68,18,64,100,61,64,43,43,93,93,21,93,39,75,29,34,71,61,46,48,45,52,52,21,32,43,34,39,48,89,95,64,96,45,25,25,32,71,50,50,50,Swiss Super League
Grasshoppers,9dqlf92t42brv71kvaet67tm4,1n03gix6unpdw3wsxof5xuqdw,D. Paloschi,Dorian Paloschi,20,Defender,Italy,Defender,27.0,0.0,15.0,5.0,42.0,4.0,0.0,0.0,0.0,0.0,0.0,0.0,0.0,4.0,9.0,103.0,0.0,0.0,0.0,0.0,0.0,0.0,0.0,0.0,0.0,0.0,0.0,89.36,62.5,0.0,0.0,0.0,36.36,57.14,0.0,0.0,0.0,0.0,0.0,0.0,0.0,0.0,0.0,0.0,0.0,23.59223300970874,0.0,13.106796116504857,4.368932038834951,36.6990291262136,3.4951456310679614,0.0,0.0,0.0,0.0,0.0,0.0,0.0,3.4951456310679614,7.864077669902913,0.0,0.0,0.0,0.0,0.0,0.0,0.0,0.0,0.0,0.0,0.0,89.36,62.5,0.0,0.0,0.0,36.36,57.14,0.0,0.0,0.0,0.0,0.0,0.0,0.0,0.0,0.0,0.0,0.0,CB,20,43,14,32,7,29,32,16,16,43,43,23,23,4,30,39,7,9,34,7,9,46,48,45,52,52,82,89,43,34,39,4,36,7,20,34,45,25,25,32,14,14,14,14,36,43,39,96,36,71,32,16,16,43,43,23,23,7,68,39,7,9,34,7,9,46,48,45,52,52,82,89,43,34,39,4,36,7,20,34,45,25,25,32,14,14,14,14,Swiss Super League
Grasshoppers,9dqlf92t42brv71kvaet67tm4,2e6rif43men98uldjwrd2kd90,N. Muci,Nikolas Muci,23,Attacker,Switzerland,Striker,12.0,1.0,21.0,1.0,32.0,6.0,1.0,6.0,4.0,2.0,3.0,4.0,4.0,14.0,5.0,190.0,0.0,15.0,2.0,2.0,3.0,0.0,0.0,0.0,0.0,0.0,0.0,66.67,50.0,25.0,50.0,0.0,35.0,42.86,75.0,0.5206836592160605,0.0332892713566873,1.0,0.0,0.0,1.0,0.0,2.0,0.08034928,13.0,5.684210526315789,0.4736842105263157,9.947368421052632,0.4736842105263157,15.157894736842104,2.8421052631578947,0.4736842105263157,2.8421052631578947,1.894736842105263,0.9473684210526316,1.4210526315789471,1.894736842105263,1.894736842105263,6.631578947368421,2.3684210526315788,0.0,7.105263157894736,0.9473684210526316,0.9473684210526316,1.4210526315789471,0.0,0.0,0.0,0.0,0.0,0.0,66.67,50.0,25.0,50.0,0.0,35.0,42.86,75.0,0.2466396280497128,0.0157686022215887,0.4736842105263157,0.0,0.0,0.4736842105263157,0.0,0.9473684210526316,0.0380601852631578,6.157894736842105,ST,74,79,68,61,74,76,19,63,47,76,89,47,42,71,97,8,73,39,60,85,34,52,31,19,52,52,26,56,79,71,8,23,55,71,52,13,40,10,10,50,11,48,55,76,77,81,55,61,71,84,19,55,32,81,84,45,45,81,100,8,77,39,58,90,34,52,31,19,52,52,26,56,79,71,8,23,55,71,39,16,32,10,10,45,11,45,48,61,Swiss Super League
Grasshoppers,9dqlf92t42brv71kvaet67tm4,2epq3qbyzs8mr3g6aaemjirdg,S. Bengondo,Samuele Bengondo,20,Attacker,Switzerland,Striker,2.0,0.0,28.0,0.0,30.0,4.0,1.0,4.0,1.0,3.0,2.0,5.0,5.0,7.0,2.0,116.0,1.0,7.0,1.0,2.0,0.0,1.0,0.0,0.0,1.0,0.0,0.0,57.69,0.0,0.0,40.0,25.0,36.84,44.44,0.0,0.3051245068593861,0.0478977321794578,2.0,2.0,0.04398591,0.0,2.0,0.0,0.0365709199999999,8.0,1.5517241379310345,0.0,21.72413793103448,0.0,23.27586206896552,3.103448275862069,0.7758620689655172,3.103448275862069,0.7758620689655172,2.327586206896552,1.5517241379310345,3.879310344827586,3.879310344827586,5.43103448275862,1.5517241379310345,0.7758620689655172,5.43103448275862,0.7758620689655172,1.5517241379310345,0.0,0.7758620689655172,0.0,0.0,0.7758620689655172,0.0,0.0,57.69,0.0,0.0,40.0,25.0,36.84,44.44,0.0,0.2367345311840064,0.0371620335875103,1.5517241379310345,1.5517241379310345,0.034126999137931,0.0,1.5517241379310345,0.0,0.0283739896551723,6.206896551724138,ST,8,37,81,24,69,63,19,31,8,94,71,58,55,35,68,31,23,19,60,19,77,52,31,60,52,52,13,24,37,55,31,42,63,19,13,16,71,48,35,23,60,10,26,47,10,37,97,24,97,87,29,65,10,100,87,87,87,61,97,48,45,29,74,19,87,52,31,77,52,52,13,24,37,55,31,42,63,19,35,26,94,61,52,23,68,10,42,65,Swiss Super League
Grasshoppers,9dqlf92t42brv71kvaet67tm4,4db9vewyt9kiqtqd5e0rloodm,L. Plange,Luke Plange,23,Attacker,England,Striker,4.0,0.0,8.0,0.0,12.0,0.0,3.0,3.0,2.0,1.0,1.0,4.0,4.0,2.0,0.0,90.0,1.0,6.0,0.0,2.0,0.0,0.0,0.0,0.0,1.0,0.0,0.0,70.59,0.0,0.0,50.0,33.33,10.53,0.0,0.0,0.3819018414953731,0.2088252246786232,1.0,1.0,0.01935132,0.0,1.0,1.0,0.0270459099999997,4.0,4.0,0.0,8.0,0.0,12.0,0.0,3.0,3.0,2.0,1.0,1.0,4.0,4.0,2.0,0.0,1.0,6.0,0.0,2.0,0.0,0.0,0.0,0.0,1.0,0.0,0.0,70.59,0.0,0.0,50.0,33.33,10.53,0.0,0.0,0.3819018414953731,0.2088252246786232,1.0,1.0,0.01935132,0.0,1.0,1.0,0.0270459099999997,4.0,ST,31,37,8,24,10,10,58,13,15,50,40,47,42,3,21,31,13,6,60,19,34,52,31,60,52,52,45,24,37,71,48,3,11,19,29,48,40,26,23,23,35,29,23,13,58,37,39,24,52,10,94,61,45,84,77,90,90,3,21,55,63,6,82,19,34,52,31,89,52,52,45,24,37,71,48,3,11,19,71,87,81,42,35,23,55,48,35,35,Swiss Super League
Grasshoppers,9dqlf92t42brv71kvaet67tm4,4vbz8hxnbg5sqh54plmcl31t5,Óscar Clemente,Óscar Clemente,27,Midfielder,Spain,Midfielder,15.0,1.0,38.0,2.0,52.0,1.0,2.0,2.0,1.0,1.0,0.0,4.0,5.0,6.0,2.0,125.0,0.0,2.0,2.0,0.0,2.0,3.0,0.0,0.0,0.0,0.0,0.0,75.36,66.67,25.0,0.0,0.0,31.58,20.0,66.67,0.3088735957560359,0.1596785635803131,1.0,3.0,0.07290681,1.0,6.0,6.0,0.13264893,30.0,10.8,0.72,27.36,1.44,37.440000000000005,0.72,1.44,1.44,0.72,0.72,0.0,2.88,3.6,4.32,1.44,0.0,1.44,1.44,0.0,1.44,2.16,0.0,0.0,0.0,0.0,0.0,75.36,66.67,25.0,0.0,0.0,31.58,20.0,66.67,0.2223889889443458,0.1149685657778254,0.72,2.16,0.0524929032,0.72,4.32,4.32,0.0955072296,21.6,RM/RCM,25,62,50,38,25,25,62,62,62,50,38,88,100,25,50,38,50,50,38,50,75,50,62,50,62,62,75,100,100,38,38,25,50,88,50,75,62,38,50,50,50,25,25,25,75,75,100,50,100,25,75,75,75,75,38,100,100,25,75,38,75,100,38,75,100,50,62,50,62,62,75,100,100,38,38,25,50,88,75,75,100,75,75,75,75,75,50,100,Swiss Super League
Grasshoppers,9dqlf92t42brv71kvaet67tm4,50hefdi6vr6peyviss9np2gpg,S. Krasniqi,Samuel Krasniqi,21,Midfielder,Switzerland,Midfielder,13.0,6.0,68.0,2.0,75.0,0.0,7.0,8.0,3.0,5.0,3.0,23.0,24.0,16.0,0.0,270.0,4.0,11.0,6.0,8.0,2.0,2.0,0.0,1.0,0.0,0.0,0.0,74.26,25.0,33.33,34.78,50.0,28.07,0.0,100.0,0.5821493569792351,0.7854727016848349,2.0,9.0,0.26502149,8.0,7.0,13.0,0.77993599,41.0,4.333333333333333,2.0,22.666666666666668,0.6666666666666666,25.0,0.0,2.333333333333333,2.6666666666666665,1.0,1.6666666666666667,1.0,7.666666666666667,8.0,5.333333333333333,0.0,1.3333333333333333,3.6666666666666665,2.0,2.6666666666666665,0.6666666666666666,0.6666666666666666,0.0,0.3333333333333333,0.0,0.0,0.0,74.26,25.0,33.33,34.78,50.0,28.07,0.0,100.0,0.194049785659745,0.2618242338949449,0.6666666666666666,3.0,0.0883404966666666,2.6666666666666665,2.333333333333333,4.333333333333333,0.2599786633333333,13.666666666666666,CM/AM,21,87,81,29,62,15,73,87,67,100,88,96,96,73,13,85,81,77,98,42,67,52,79,21,52,52,27,21,60,50,65,8,23,88,77,77,63,88,88,100,56,83,92,73,8,77,69,25,42,15,65,77,62,88,81,100,100,58,13,85,69,69,100,31,63,52,73,21,52,52,27,21,60,50,65,8,23,88,58,69,58,88,85,100,54,81,88,54,Swiss Super League
Grasshoppers,9dqlf92t42brv71kvaet67tm4,54adx9wk0t34bmndh67efbuhg,S. Stroscio,Simone Stroscio,23,Defender,Switzerland,Defender,23.0,1.0,49.0,2.0,71.0,2.0,4.0,0.0,0.0,0.0,0.0,2.0,2.0,16.0,13.0,270.0,0.0,1.0,1.0,0.0,8.0,5.0,0.0,1.0,0.0,0.0,0.0,77.17,20.0,12.5,0.0,0.0,59.26,50.0,57.14,0.0,0.3938851960279252,0.0,6.0,0.36245668,3.0,13.0,19.0,0.3700360099999999,49.0,7.666666666666667,0.3333333333333333,16.333333333333332,0.6666666666666666,23.666666666666668,0.6666666666666666,1.3333333333333333,0.0,0.0,0.0,0.0,0.6666666666666666,0.6666666666666666,5.333333333333333,4.333333333333333,0.0,0.3333333333333333,0.3333333333333333,0.0,2.6666666666666665,1.6666666666666667,0.0,0.3333333333333333,0.0,0.0,0.0,77.17,20.0,12.5,0.0,0.0,59.26,50.0,57.14,0.0,0.1312950653426417,0.0,2.0,0.1208188933333333,1.0,4.333333333333333,6.333333333333333,0.1233453366666666,16.333333333333332,CB,7,93,75,14,39,7,100,16,16,43,43,82,82,59,45,39,27,25,34,96,80,46,98,45,52,52,18,12,86,34,39,43,25,41,20,100,45,91,100,96,91,96,93,61,4,89,75,11,7,4,96,16,16,43,43,82,82,39,36,39,21,20,34,86,68,46,98,45,52,52,18,12,86,34,39,43,25,41,20,100,45,89,100,98,88,100,93,36,Swiss Super League
Grasshoppers,9dqlf92t42brv71kvaet67tm4,6skmsbclcdul0holo3vfj2590,T. Meyer,Tim Meyer,22,Midfielder,Switzerland,Midfielder,44.0,1.0,78.0,2.0,121.0,8.0,0.0,0.0,0.0,0.0,0.0,1.0,1.0,19.0,11.0,270.0,0.0,1.0,2.0,0.0,7.0,2.0,0.0,0.0,0.0,0.0,0.0,91.67,50.0,50.0,0.0,0.0,59.38,61.54,77.78,0.0,0.0,0.0,0.0,0.0,0.0,0.0,0.0,0.0,0.0,14.666666666666666,0.3333333333333333,26.0,0.6666666666666666,40.333333333333336,2.6666666666666665,0.0,0.0,0.0,0.0,0.0,0.3333333333333333,0.3333333333333333,6.333333333333333,3.6666666666666665,0.0,0.3333333333333333,0.6666666666666666,0.0,2.333333333333333,0.6666666666666666,0.0,0.0,0.0,0.0,0.0,91.67,50.0,50.0,0.0,0.0,59.38,61.54,77.78,0.0,0.0,0.0,0.0,0.0,0.0,0.0,0.0,0.0,0.0,CM/AM,88,40,96,29,88,100,6,6,12,12,15,19,19,92,96,12,6,37,15,96,67,52,35,21,52,52,100,46,83,15,12,77,85,62,6,8,12,6,6,6,8,6,6,6,85,38,92,25,92,96,6,6,12,12,15,15,15,81,96,12,8,35,15,96,63,52,35,21,52,52,100,46,83,15,12,77,85,62,6,8,12,6,6,6,8,6,6,6,Swiss Super League
Grasshoppers,9dqlf92t42brv71kvaet67tm4,8g12wvgw8lf0l4xi2xzae7d91,A. Abrashi,Amir Abrashi,36,Midfielder,Albania,Midfielder,22.0,0.0,52.0,1.0,74.0,2.0,0.0,4.0,2.0,2.0,1.0,2.0,2.0,9.0,1.0,199.0,3.0,3.0,3.0,2.0,2.0,3.0,0.0,0.0,1.0,0.0,0.0,82.22,20.0,0.0,100.0,75.0,52.94,66.67,100.0,0.4374025331345599,0.0,0.0,2.0,0.04398591,1.0,6.0,7.0,0.1700483899999998,38.0,9.949748743718592,0.0,23.51758793969849,0.4522613065326633,33.46733668341708,0.9045226130653266,0.0,1.809045226130653,0.9045226130653266,0.9045226130653266,0.4522613065326633,0.9045226130653266,0.9045226130653266,4.0703517587939695,0.4522613065326633,1.3567839195979898,1.3567839195979898,1.3567839195979898,0.9045226130653266,0.9045226130653266,1.3567839195979898,0.0,0.0,0.4522613065326633,0.0,0.0,82.22,20.0,0.0,100.0,75.0,52.94,66.67,100.0,0.1978202411161326,0.0,0.0,0.9045226130653266,0.0198931251256281,0.4522613065326633,2.71356783919598,3.165829145728643,0.0769063070351757,17.185929648241206,CM/AM,46,17,54,13,58,63,6,42,50,52,46,29,29,37,44,81,23,54,48,42,83,52,35,60,52,52,56,12,17,94,92,63,92,88,62,8,12,27,31,23,46,44,27,65,62,17,85,15,73,73,6,50,58,62,54,31,31,42,46,88,19,58,50,46,88,52,35,62,52,52,56,12,17,94,92,63,92,88,65,8,12,27,31,27,62,62,35,77,Swiss Super League
Grasshoppers,9dqlf92t42brv71kvaet67tm4,8ogdozprbfg9o8hzs3ppug9hw,N. Rissi,Nico Rissi,22,Defender,Switzerland,Defender,29.0,0.0,54.0,4.0,83.0,6.0,1.0,2.0,0.0,2.0,0.0,2.0,2.0,17.0,9.0,266.0,0.0,0.0,3.0,0.0,7.0,1.0,0.0,0.0,0.0,0.0,0.0,73.45,22.22,0.0,0.0,0.0,60.71,75.0,87.5,0.0946967279736023,0.0734380325606076,1.0,2.0,0.06468513,2.0,10.0,10.0,0.2071616899999998,47.0,9.81203007518797,0.0,18.27067669172932,1.3533834586466165,28.08270676691729,2.0300751879699246,0.3383458646616541,0.6766917293233082,0.0,0.6766917293233082,0.0,0.6766917293233082,0.6766917293233082,5.75187969924812,3.045112781954887,0.0,0.0,1.0150375939849623,0.0,2.3684210526315788,0.3383458646616541,0.0,0.0,0.0,0.0,0.0,73.45,22.22,0.0,0.0,0.0,60.71,75.0,87.5,0.0320402463068579,0.0248474546257694,0.3383458646616541,0.6766917293233082,0.0218859462406015,0.6766917293233082,3.3834586466165413,3.3834586466165413,0.0700923011278194,15.902255639097744,LB/LCB,50,21,90,57,69,83,52,74,29,86,36,57,57,93,74,36,5,81,26,98,36,50,48,50,50,50,29,10,21,26,36,67,95,86,57,48,71,45,67,71,95,76,48,81,24,21,57,33,33,76,52,57,29,86,36,43,43,81,43,36,5,67,26,90,24,50,48,50,50,50,29,10,21,26,36,67,95,86,33,48,67,38,48,57,86,52,33,62,Swiss Super League
Grasshoppers,9dqlf92t42brv71kvaet67tm4,9osic22dxne4mjyzix16v5ses,I. Hassane,Imourane Hassane,23,Midfielder,Benin,Midfielder,22.0,1.0,24.0,3.0,45.0,1.0,2.0,1.0,1.0,0.0,1.0,5.0,5.0,8.0,3.0,196.0,0.0,2.0,2.0,1.0,3.0,0.0,0.0,0.0,0.0,0.0,0.0,84.91,60.0,14.29,20.0,0.0,34.78,50.0,75.0,0.0953268337112276,0.1523393887597422,0.0,0.0,0.0,1.0,4.0,3.0,0.08128162,17.0,10.102040816326532,0.4591836734693878,11.020408163265309,1.3775510204081634,20.66326530612245,0.4591836734693878,0.9183673469387756,0.4591836734693878,0.4591836734693878,0.0,0.4591836734693878,2.295918367346939,2.295918367346939,3.673469387755103,1.3775510204081634,0.0,0.9183673469387756,0.9183673469387756,0.4591836734693878,1.3775510204081634,0.0,0.0,0.0,0.0,0.0,0.0,84.91,60.0,14.29,20.0,0.0,34.78,50.0,75.0,0.0437725256837269,0.0699517601447795,0.0,0.0,0.0,0.4591836734693878,1.8367346938775515,1.3775510204081634,0.0373231928571428,7.806122448979592,DM/CM,17,78,22,35,13,30,54,24,63,22,74,85,83,37,50,39,50,37,59,67,11,52,41,46,50,52,57,65,70,43,39,17,59,61,35,57,26,7,7,37,24,20,9,13,17,78,13,30,13,26,61,17,65,22,74,91,91,48,61,39,52,43,65,74,11,52,41,46,50,52,57,65,70,43,39,17,59,61,43,70,26,7,7,39,17,17,13,9,Swiss Super League
Grasshoppers,9dqlf92t42brv71kvaet67tm4,buq4fi4r29iq8j8o9m263soic,L. Mikulić,Luka Mikulic,21,Defender,Bosnia and Herzegovina,Defender,88.0,0.0,49.0,10.0,137.0,7.0,0.0,1.0,0.0,1.0,0.0,0.0,0.0,12.0,22.0,266.0,0.0,1.0,1.0,0.0,1.0,3.0,1.0,0.0,0.0,0.0,0.0,88.39,55.56,0.0,0.0,0.0,52.17,53.85,25.0,0.0,0.0,0.0,0.0,0.0,0.0,0.0,0.0,0.0,0.0,29.774436090225564,0.0,16.57894736842105,3.3834586466165413,46.35338345864661,2.3684210526315788,0.0,0.3383458646616541,0.0,0.3383458646616541,0.0,0.0,0.0,4.060150375939849,7.443609022556391,0.0,0.3383458646616541,0.3383458646616541,0.0,0.3383458646616541,1.0150375939849623,0.3383458646616541,0.0,0.0,0.0,0.0,88.39,55.56,0.0,0.0,0.0,52.17,53.85,25.0,0.0,0.0,0.0,0.0,0.0,0.0,0.0,0.0,0.0,0.0,LB/LCB,95,21,76,95,95,95,24,43,29,64,36,12,12,57,100,36,26,36,26,21,74,100,48,50,50,50,90,81,21,26,36,48,67,14,12,24,31,12,12,17,7,7,7,7,90,21,43,86,90,90,24,29,29,62,36,12,12,48,100,36,19,33,26,10,67,100,48,50,50,50,90,81,21,26,36,48,67,14,12,24,31,12,12,17,7,7,7,7,Swiss Super League
Servette,ccwv4ymbs3u0q8xaby4hqb0jz,3p7dz4mgjue669tijirm17yay,M. Burch,Marco Burch,25,Defender,Switzerland,Defender,91.0,0.0,56.0,8.0,147.0,7.0,2.0,0.0,0.0,0.0,0.0,1.0,1.0,19.0,18.0,270.0,0.0,1.0,5.0,1.0,5.0,4.0,0.0,0.0,0.0,0.0,0.0,88.02,47.06,0.0,100.0,0.0,51.35,35.0,83.33,0.0,0.1258722452660334,0.0,8.0,0.1717905699999999,2.0,8.0,12.0,0.1869448799999999,58.0,30.33333333333333,0.0,18.666666666666668,2.6666666666666665,49.0,2.333333333333333,0.6666666666666666,0.0,0.0,0.0,0.0,0.3333333333333333,0.3333333333333333,6.333333333333333,6.0,0.0,0.3333333333333333,1.6666666666666667,0.3333333333333333,1.6666666666666667,1.3333333333333333,0.0,0.0,0.0,0.0,0.0,88.02,47.06,0.0,100.0,0.0,51.35,35.0,83.33,0.0,0.0419574150886778,0.0,2.6666666666666665,0.0572635233333332,0.6666666666666666,2.6666666666666665,4.0,0.0623149599999999,19.33333333333333,CB,71,43,86,62,79,59,91,16,16,43,43,59,59,71,68,39,27,86,75,82,64,46,48,45,52,52,75,55,43,89,39,25,11,86,20,82,45,96,93,88,70,84,68,64,61,43,89,46,82,39,89,16,16,43,43,55,55,64,54,39,21,79,75,77,45,46,48,45,52,52,75,55,43,89,39,25,11,86,20,75,45,93,89,88,48,80,54,54,Swiss Super League
Servette,ccwv4ymbs3u0q8xaby4hqb0jz,4pl9lnaokb1c3s1q8dm5u1ecp,B. Mazikou,Bradley Mazikou,30,Defender,Congo,Defender,53.0,1.0,39.0,6.0,91.0,2.0,1.0,2.0,1.0,1.0,0.0,1.0,1.0,14.0,5.0,225.0,0.0,10.0,3.0,0.0,4.0,5.0,0.0,0.0,0.0,0.0,0.0,84.26,66.67,20.0,0.0,0.0,73.68,66.67,44.44,0.136627042400505,0.1188261355081548,1.0,2.0,0.04823619,0.0,7.0,6.0,0.24207874,43.0,21.2,0.4,15.6,2.4,36.4,0.8,0.4,0.8,0.4,0.4,0.0,0.4,0.4,5.6,2.0,0.0,4.0,1.2,0.0,1.6,2.0,0.0,0.0,0.0,0.0,0.0,84.26,66.67,20.0,0.0,0.0,73.68,66.67,44.44,0.054650816960202,0.0475304542032619,0.4,0.8,0.0192944759999999,0.0,2.8,2.4,0.0968314959999999,17.2,CB,45,93,54,46,50,7,75,73,52,91,43,59,59,45,14,39,100,62,34,71,80,46,48,45,52,52,39,93,89,34,39,82,62,29,64,79,93,73,79,32,59,62,82,57,32,100,71,36,32,7,82,71,50,96,43,68,68,50,7,39,100,61,34,68,82,46,48,45,52,52,39,93,89,34,39,82,62,29,57,86,96,79,82,32,54,54,82,46,Swiss Super League
Servette,ccwv4ymbs3u0q8xaby4hqb0jz,57685unjy0xtg7zz1jdsv2nyt,F. Ayé,Florian Ayé,29,Attacker,France,Striker,10.0,0.0,17.0,2.0,27.0,7.0,3.0,8.0,7.0,1.0,0.0,2.0,3.0,9.0,2.0,230.0,4.0,15.0,1.0,0.0,1.0,0.0,0.0,0.0,0.0,0.0,0.0,81.82,100.0,0.0,0.0,50.0,40.91,46.67,100.0,0.9212553791587124,0.1527027882964599,1.0,2.0,0.07903378,3.0,5.0,5.0,0.0719454199999998,13.0,3.91304347826087,0.0,6.652173913043479,0.782608695652174,10.56521739130435,2.739130434782609,1.173913043478261,3.130434782608696,2.739130434782609,0.391304347826087,0.0,0.782608695652174,1.173913043478261,3.5217391304347827,0.782608695652174,1.565217391304348,5.869565217391305,0.391304347826087,0.0,0.391304347826087,0.0,0.0,0.0,0.0,0.0,0.0,81.82,100.0,0.0,0.0,50.0,40.91,46.67,100.0,0.3604912353229744,0.0597532649855712,0.391304347826087,0.782608695652174,0.0309262617391304,1.173913043478261,1.956521739130435,1.956521739130435,0.0281525556521738,5.086956521739131,ST,63,37,53,82,53,84,58,73,79,50,11,23,29,44,68,81,73,19,15,53,34,52,31,19,52,52,89,85,37,15,84,58,71,90,84,42,40,48,65,84,94,79,48,76,55,37,32,84,32,74,48,68,68,45,11,16,19,23,65,84,55,13,15,52,34,52,31,19,52,52,89,85,37,15,84,58,71,90,65,29,26,39,42,77,81,71,39,52,Swiss Super League
Servette,ccwv4ymbs3u0q8xaby4hqb0jz,6c47ogd2x9p6zj3qp858uadih,Q. Maceiras,Quentin Maceiras,30,Defender,Switzerland,Defender,24.0,2.0,30.0,0.0,52.0,2.0,6.0,1.0,1.0,0.0,0.0,7.0,8.0,14.0,1.0,162.0,1.0,2.0,2.0,5.0,5.0,3.0,0.0,0.0,0.0,0.0,0.0,83.87,0.0,100.0,71.43,100.0,56.0,50.0,100.0,0.1159531555996816,0.6867525825917472,0.0,4.0,0.13630786,3.0,0.0,3.0,0.61877781,27.0,13.333333333333332,1.1111111111111112,16.666666666666668,0.0,28.88888888888889,1.1111111111111112,3.333333333333333,0.5555555555555556,0.5555555555555556,0.0,0.0,3.888888888888889,4.444444444444445,7.777777777777778,0.5555555555555556,0.5555555555555556,1.1111111111111112,1.1111111111111112,2.7777777777777777,2.7777777777777777,1.6666666666666663,0.0,0.0,0.0,0.0,0.0,83.87,0.0,100.0,71.43,100.0,56.0,50.0,100.0,0.0644184197776008,0.3815292125509706,0.0,2.2222222222222223,0.0757265888888888,1.6666666666666663,0.0,1.6666666666666663,0.34376545,15.0,RB/RCB,31,66,38,9,31,47,100,38,50,34,41,97,94,56,9,69,31,41,100,72,38,44,38,47,53,53,75,9,100,75,94,44,50,91,44,100,34,59,69,75,9,31,75,38,44,81,81,9,62,50,100,50,56,34,41,100,100,100,12,88,44,62,100,88,56,44,38,47,53,53,75,9,100,75,94,44,50,91,50,100,34,75,81,81,9,44,94,69,Swiss Super League
Servette,ccwv4ymbs3u0q8xaby4hqb0jz,87w18p2apnkvkz9e6bt7l2axh,T. Cognat,Timothé Cognat,28,Midfielder,France,Midfielder,77.0,7.0,106.0,14.0,176.0,1.0,8.0,2.0,1.0,1.0,1.0,11.0,11.0,14.0,3.0,270.0,0.0,6.0,3.0,5.0,5.0,3.0,0.0,1.0,0.0,0.0,0.0,91.19,77.78,30.43,45.45,0.0,43.75,33.33,100.0,0.1664290592563386,0.7593654065579484,1.0,12.0,0.33363794,4.0,29.0,30.0,0.8023178999999999,100.0,25.666666666666668,2.333333333333333,35.333333333333336,4.666666666666667,58.66666666666666,0.3333333333333333,2.6666666666666665,0.6666666666666666,0.3333333333333333,0.3333333333333333,0.3333333333333333,3.6666666666666665,3.6666666666666665,4.666666666666667,1.0,0.0,2.0,1.0,1.6666666666666667,1.6666666666666667,1.0,0.0,0.3333333333333333,0.0,0.0,0.0,91.19,77.78,30.43,45.45,0.0,43.75,33.33,100.0,0.0554763530854462,0.2531218021859828,0.3333333333333333,4.0,0.1112126466666666,1.3333333333333333,9.666666666666666,10.0,0.2674393,33.333333333333336,DM/CM,83,100,87,89,83,30,96,57,63,50,74,100,100,76,50,39,98,54,96,87,59,52,89,46,50,52,91,87,78,48,39,35,41,91,70,96,67,91,91,85,100,100,96,80,74,100,87,87,87,17,91,37,57,43,61,100,100,57,28,39,83,48,91,83,52,52,85,46,50,52,91,87,78,48,39,35,41,91,57,96,54,91,91,70,96,96,91,83,Swiss Super League
Servette,ccwv4ymbs3u0q8xaby4hqb0jz,9a4i8i66bch7834l9vmmgg55g,M. Lambourde,Mathis Lambourde,20,Attacker,France,Striker,24.0,1.0,32.0,4.0,55.0,8.0,6.0,10.0,6.0,4.0,2.0,4.0,4.0,20.0,0.0,175.0,5.0,14.0,2.0,3.0,4.0,2.0,0.0,0.0,1.0,0.0,0.0,69.62,50.0,9.09,75.0,50.0,66.67,80.0,57.14,0.9070139160665976,0.5123593788000698,5.0,5.0,0.10987735,2.0,6.0,8.0,0.4513823399999999,25.0,12.342857142857143,0.5142857142857143,16.45714285714286,2.0571428571428574,28.285714285714285,4.114285714285715,3.085714285714286,5.142857142857143,3.085714285714286,2.0571428571428574,1.0285714285714287,2.0571428571428574,2.0571428571428574,10.285714285714286,0.0,2.571428571428572,7.2,1.0285714285714287,1.542857142857143,2.0571428571428574,1.0285714285714287,0.0,0.0,0.5142857142857143,0.0,0.0,69.62,50.0,9.09,75.0,50.0,66.67,80.0,57.14,0.4664642996913931,0.2634991090971787,2.571428571428572,2.571428571428572,0.0565083514285714,1.0285714285714287,3.085714285714286,4.114285714285715,0.2321394891428571,12.857142857142858,RW,100,83,67,100,67,100,100,67,67,83,67,33,33,67,33,83,67,50,33,67,83,67,50,50,67,67,67,100,67,100,100,100,100,67,67,100,67,33,33,33,100,100,100,100,100,100,100,100,100,100,100,100,67,100,100,33,33,100,33,100,67,33,33,67,67,67,50,33,67,67,67,100,67,100,100,100,100,67,100,100,100,67,67,33,100,100,100,100,Swiss Super League
Servette,ccwv4ymbs3u0q8xaby4hqb0jz,9bbu1yne0l9j862yodiuldw4p,Houboulang Mendes,Houboulang Mendes,28,Defender,Guinea-Bissau,Defender,17.0,1.0,17.0,0.0,33.0,2.0,1.0,4.0,0.0,4.0,1.0,0.0,0.0,6.0,5.0,108.0,0.0,2.0,1.0,0.0,3.0,2.0,0.0,1.0,0.0,0.0,0.0,89.19,0.0,16.67,0.0,0.0,42.86,40.0,100.0,0.2723887316479466,0.0689212153457818,2.0,3.0,0.11087256,0.0,1.0,1.0,0.05566086,14.0,14.166666666666668,0.8333333333333334,14.166666666666668,0.0,27.5,1.6666666666666667,0.8333333333333334,3.333333333333333,0.0,3.333333333333333,0.8333333333333334,0.0,0.0,5.0,4.166666666666667,0.0,1.6666666666666667,0.8333333333333334,0.0,2.5,1.6666666666666667,0.0,0.8333333333333334,0.0,0.0,0.0,89.19,0.0,16.67,0.0,0.0,42.86,40.0,100.0,0.2269906097066221,0.0574343461214848,1.6666666666666667,2.5,0.0923938,0.0,0.8333333333333334,0.8333333333333334,0.04638405,11.666666666666668,RB/RCB,19,47,19,9,19,47,38,81,19,100,91,19,19,16,38,28,31,25,22,53,25,44,84,47,53,53,100,9,56,22,28,25,38,91,81,50,100,41,62,22,19,19,12,12,62,69,50,9,44,72,56,100,19,100,100,19,19,62,81,28,56,56,22,75,66,44,100,47,53,53,100,9,56,22,28,25,38,91,100,50,100,81,88,22,19,19,31,38,Swiss Super League
Servette,ccwv4ymbs3u0q8xaby4hqb0jz,9qztg0hybzpm1og4dh2z0s89h,S. Mráz,Samuel Mráz,29,Attacker,Slovakia,Striker,4.0,0.0,20.0,1.0,24.0,1.0,5.0,5.0,5.0,0.0,1.0,1.0,1.0,5.0,0.0,154.0,2.0,10.0,2.0,1.0,0.0,0.0,0.0,0.0,1.0,0.0,0.0,75.0,50.0,0.0,100.0,40.0,33.33,12.5,0.0,0.6022580145657974,0.2927875342371629,0.0,2.0,0.06366528,2.0,3.0,2.0,0.0835031599999999,12.0,2.337662337662338,0.0,11.688311688311687,0.5844155844155845,14.025974025974026,0.5844155844155845,2.9220779220779223,2.9220779220779223,2.9220779220779223,0.0,0.5844155844155845,0.5844155844155845,0.5844155844155845,2.9220779220779223,0.0,1.168831168831169,5.8441558441558445,1.168831168831169,0.5844155844155845,0.0,0.0,0.0,0.0,0.5844155844155845,0.0,0.0,75.0,50.0,0.0,100.0,40.0,33.33,12.5,0.0,0.3519689695514401,0.1711095979308095,0.0,1.168831168831169,0.0372069818181818,1.168831168831169,1.7532467532467533,1.168831168831169,0.0488005480519479,7.012987012987013,ST,31,37,60,61,45,21,85,50,61,19,40,13,13,18,21,58,44,39,35,19,34,52,31,60,52,52,61,56,37,98,65,19,23,19,61,74,11,48,58,65,76,48,61,66,35,37,77,71,61,19,90,58,74,19,45,10,10,13,21,61,52,48,39,19,34,52,31,61,52,52,61,56,37,98,65,19,23,19,61,77,11,45,58,74,77,52,58,81,Swiss Super League
Servette,ccwv4ymbs3u0q8xaby4hqb0jz,b6xlmbtceux7ynrj1j23x5td5,Pedro Naressi,Pedro Henrique Naressi Machado,28,Midfielder,Brazil,Midfielder,62.0,0.0,61.0,4.0,123.0,7.0,1.0,2.0,0.0,2.0,1.0,5.0,5.0,31.0,6.0,249.0,0.0,0.0,7.0,5.0,6.0,4.0,0.0,0.0,0.0,0.0,0.0,82.55,30.77,0.0,100.0,0.0,77.5,0.0,50.0,0.133294204918042,0.0909078145000911,0.0,5.0,0.11649553,3.0,11.0,12.0,0.31592827,79.0,22.40963855421687,0.0,22.04819277108433,1.4457831325301205,44.45783132530121,2.5301204819277108,0.3614457831325301,0.7228915662650602,0.0,0.7228915662650602,0.3614457831325301,1.8072289156626504,1.8072289156626504,11.204819277108436,2.1686746987951806,0.0,0.0,2.5301204819277108,1.8072289156626504,2.1686746987951806,1.4457831325301205,0.0,0.0,0.0,0.0,0.0,82.55,30.77,0.0,100.0,0.0,77.5,0.0,50.0,0.0481786282836296,0.0328582462048522,0.0,1.8072289156626504,0.0421068180722891,1.0843373493975903,3.975903614457832,4.337349397590361,0.1141909409638554,28.55421686746988,DM/CM,72,35,70,48,70,100,33,57,28,74,74,85,83,100,89,39,17,93,96,91,72,52,41,46,50,52,43,17,35,89,39,100,13,39,57,43,26,72,70,74,63,65,74,74,61,35,70,35,65,96,26,48,28,65,70,83,78,100,78,39,17,83,96,91,61,52,41,46,50,52,43,17,35,89,39,100,13,39,48,35,26,57,57,61,48,57,61,65,Swiss Super League
Servette,ccwv4ymbs3u0q8xaby4hqb0jz,cfssgb2ma4rzaj4u7dydtxh5g,L. Njoh,Lilian Njoh,24,Defender,France,Defender,16.0,4.0,50.0,1.0,62.0,0.0,3.0,0.0,0.0,0.0,0.0,6.0,7.0,8.0,2.0,175.0,0.0,7.0,0.0,3.0,3.0,1.0,0.0,0.0,0.0,0.0,0.0,87.32,25.0,25.0,50.0,0.0,57.14,0.0,60.0,0.0,0.3246600226248426,0.0,7.0,0.18938216,3.0,6.0,8.0,0.5594479,27.0,8.22857142857143,2.0571428571428574,25.714285714285715,0.5142857142857143,31.88571428571429,0.0,1.542857142857143,0.0,0.0,0.0,0.0,3.085714285714286,3.6,4.114285714285715,1.0285714285714287,0.0,3.6,0.0,1.542857142857143,1.542857142857143,0.5142857142857143,0.0,0.0,0.0,0.0,0.0,87.32,25.0,25.0,50.0,0.0,57.14,0.0,60.0,0.0,0.1669680116356333,0.0,3.6,0.0973965394285714,1.542857142857143,3.085714285714286,4.114285714285715,0.2877160628571428,13.885714285714286,LB/LCB,19,88,81,12,43,5,76,10,29,26,36,93,93,36,14,36,100,12,95,74,36,50,48,50,50,50,76,31,64,76,36,62,12,55,12,76,31,93,90,88,67,64,76,45,19,90,95,10,57,5,81,10,29,26,36,95,95,52,19,36,100,12,95,81,43,50,48,50,50,50,76,31,64,76,36,62,12,55,12,86,31,100,100,95,71,71,81,43,Swiss Super League
Servette,ccwv4ymbs3u0q8xaby4hqb0jz,dz9q35tjhluhc0vl3z0q5wset,M. Stevanović,Miroslav Stevanovic,36,Midfielder,Bosnia and Herzegovina,Midfielder,19.0,3.0,48.0,2.0,64.0,7.0,6.0,11.0,6.0,5.0,6.0,4.0,4.0,16.0,1.0,264.0,2.0,18.0,3.0,2.0,2.0,0.0,0.0,0.0,0.0,0.0,0.0,71.91,33.33,18.75,50.0,18.18,45.71,35.0,50.0,1.0292279222547775,0.7052197942783793,1.0,6.0,0.20059566,2.0,8.0,10.0,0.6174685000000001,35.0,6.477272727272728,1.0227272727272727,16.363636363636363,0.6818181818181819,21.81818181818182,2.3863636363636367,2.0454545454545454,3.75,2.0454545454545454,1.7045454545454546,2.0454545454545454,1.3636363636363638,1.3636363636363638,5.454545454545455,0.3409090909090909,0.6818181818181819,6.136363636363637,1.0227272727272727,0.6818181818181819,0.6818181818181819,0.0,0.0,0.0,0.0,0.0,0.0,71.91,33.33,18.75,50.0,18.18,45.71,35.0,50.0,0.3508731553141287,0.2404158389585384,0.3409090909090909,2.0454545454545454,0.068384884090909,0.6818181818181819,2.7272727272727275,3.409090909090909,0.210500625,11.931818181818183,RM/RCM,50,100,100,38,75,100,100,100,100,100,100,88,62,100,25,100,100,100,75,50,38,50,62,50,62,62,25,25,50,75,75,50,75,25,100,100,62,100,100,75,75,75,100,75,25,100,50,25,25,100,100,100,100,100,100,50,50,100,25,100,100,75,75,25,38,50,62,50,62,62,25,25,50,75,75,50,75,25,100,100,50,50,100,50,50,50,100,25,Swiss Super League
Servette,ccwv4ymbs3u0q8xaby4hqb0jz,k6yjc86y8mhb5y169fq5td5h,S. Rouiller,Steve Rouiller,36,Defender,Switzerland,Defender,99.0,1.0,39.0,9.0,137.0,15.0,0.0,2.0,2.0,0.0,0.0,3.0,3.0,25.0,14.0,270.0,1.0,7.0,3.0,3.0,3.0,4.0,0.0,0.0,0.0,0.0,0.0,85.62,50.0,25.0,100.0,50.0,67.57,68.18,75.0,0.0,0.0,0.0,0.0,0.0,0.0,0.0,0.0,0.0,0.0,33.0,0.3333333333333333,13.0,3.0,45.66666666666666,5.0,0.0,0.6666666666666666,0.6666666666666666,0.0,0.0,1.0,1.0,8.333333333333334,4.666666666666667,0.3333333333333333,2.333333333333333,1.0,1.0,1.0,1.3333333333333333,0.0,0.0,0.0,0.0,0.0,85.62,50.0,25.0,100.0,50.0,67.57,68.18,75.0,0.0,0.0,0.0,0.0,0.0,0.0,0.0,0.0,0.0,0.0,CB,79,93,54,70,71,91,32,73,80,43,43,93,93,89,55,82,96,62,95,52,64,46,48,45,52,52,46,73,93,89,86,75,75,70,20,34,45,25,25,32,14,14,14,14,82,89,34,57,68,89,32,64,70,43,43,89,89,84,41,80,96,43,95,45,45,46,48,45,52,52,46,73,93,89,86,75,75,70,20,34,45,25,25,32,14,14,14,14,Swiss Super League
Servette,ccwv4ymbs3u0q8xaby4hqb0jz,vc2knr7mu8n12alvmx7fzj10,T. Ouattara,Tiemoko Ouattara,21,Attacker,Switzerland,Striker,7.0,0.0,16.0,0.0,23.0,1.0,1.0,6.0,4.0,2.0,1.0,7.0,10.0,15.0,1.0,106.0,4.0,13.0,6.0,3.0,3.0,0.0,0.0,0.0,1.0,0.0,0.0,69.7,0.0,0.0,42.86,66.67,53.57,0.0,60.0,0.3458153072120782,0.0926880438059724,1.0,2.0,0.05365512,2.0,2.0,4.0,0.07698179,11.0,5.943396226415095,0.0,13.584905660377355,0.0,19.52830188679245,0.8490566037735848,0.8490566037735848,5.09433962264151,3.39622641509434,1.6981132075471697,0.8490566037735848,5.943396226415095,8.49056603773585,12.735849056603774,0.8490566037735848,3.39622641509434,11.037735849056604,5.09433962264151,2.547169811320755,2.547169811320755,0.0,0.0,0.0,0.8490566037735848,0.0,0.0,69.7,0.0,0.0,42.86,66.67,53.57,0.0,60.0,0.293616770274406,0.0786973956843161,0.8490566037735848,1.6981132075471697,0.0455562339622641,1.6981132075471697,1.6981132075471697,3.39622641509434,0.0653618971698113,9.339622641509434,ST,45,37,48,24,40,21,19,63,47,76,40,82,90,79,50,81,61,90,81,85,34,52,31,60,52,52,35,24,37,61,97,87,11,58,26,32,40,48,48,65,60,69,52,60,84,37,87,24,84,32,42,90,82,94,74,97,100,100,73,100,94,100,94,94,34,52,31,84,52,52,35,24,37,61,97,87,11,58,52,39,76,69,68,94,73,97,77,94,Swiss Super League
