Team,contestantId,playerId,Short Name,Player Name,Age,Position_x,Nationality,Position_y,total accurate back zone pass_Total,total accurate fwd zone pass_Total,total accurate pass_Total,total att assist_Total,total mins played,total accurate long balls_Total,total contest_Total,total dribbles attempted_Total,total duels won_Total,total effective clearance_Total,total interception_Total,total won contest_Total,total won tackle_Total,total accurate cross_Total,total aerial won_Total,total attempt_Total,total attempts ibox_Total,total attempts obox_Total,total ontarget attempt_Total,total touches in opposition box_Total,total was fouled_Total,total blocked scoring att_Total,total goals_Total,total assists_Total,total big chances saved_Total,total direct corner goals_Total,total direct setpiece goals_Total,pass_success_pct_Total,long_balls_success_pct_Total,cross_success_pct_Total,dribble_success_pct_Total,attempt_success_pct_Total,duel_success_pct_Total,aerial_success_pct_Total,tackle_success_pct_Total,xG_Total,xA_Total,CreatedOwnShot_Total,Total Carries_Total,Total Carry xT_Total,Total Final Third Carries_Total,passes_into_final_third_Total,progressive_passes_Total,xT_pass_Total,forward_passes_Total,total accurate back zone pass_p90,total accurate fwd zone pass_p90,total accurate pass_p90,total att assist_p90,total accurate long balls_p90,total contest_p90,total dribbles attempted_p90,total duels won_p90,total effective clearance_p90,total interception_p90,total won contest_p90,total won tackle_p90,total accurate cross_p90,total aerial won_p90,total attempt_p90,total attempts ibox_p90,total attempts obox_p90,total ontarget attempt_p90,total touches in opposition box_p90,total was fouled_p90,total blocked scoring att_p90,total goals_p90,total assists_p90,total big chances saved_p90,total direct corner goals_p90,total direct setpiece goals_p90,pass_success_pct_p90,long_balls_success_pct_p90,cross_success_pct_p90,dribble_success_pct_p90,attempt_success_pct_p90,duel_success_pct_p90,aerial_success_pct_p90,tackle_success_pct_p90,xG_p90,xA_p90,CreatedOwnShot_p90,Total Carries_p90,Total Carry xT_p90,Total Final Third Carries_p90,passes_into_final_third_p90,progressive_passes_p90,xT_pass_p90,forward_passes_p90,Pos.,total accurate back zone pass_TotalPR,total accurate fwd zone pass_TotalPR,total accurate pass_TotalPR,total att assist_TotalPR,total accurate long balls_TotalPR,total contest_TotalPR,total dribbles attempted_TotalPR,total duels won_TotalPR,total effective clearance_TotalPR,total interception_TotalPR,total won contest_TotalPR,total won tackle_TotalPR,total accurate cross_TotalPR,total aerial won_TotalPR,total attempt_TotalPR,total attempts ibox_TotalPR,total attempts obox_TotalPR,total ontarget attempt_TotalPR,total touches in opposition box_TotalPR,total was fouled_TotalPR,total blocked scoring att_TotalPR,total goals_TotalPR,total assists_TotalPR,total big chances saved_TotalPR,total direct corner goals_TotalPR,total direct setpiece goals_TotalPR,pass_success_pct_TotalPR,long_balls_success_pct_TotalPR,cross_success_pct_TotalPR,dribble_success_pct_TotalPR,attempt_success_pct_TotalPR,duel_success_pct_TotalPR,aerial_success_pct_TotalPR,tackle_success_pct_TotalPR,xG_TotalPR,xA_TotalPR,CreatedOwnShot_TotalPR,Total Carries_TotalPR,Total Carry xT_TotalPR,Total Final Third Carries_TotalPR,passes_into_final_third_TotalPR,progressive_passes_TotalPR,xT_pass_TotalPR,forward_passes_TotalPR,total accurate back zone pass_p90PR,total accurate fwd zone pass_p90PR,total accurate pass_p90PR,total att assist_p90PR,total accurate long balls_p90PR,total contest_p90PR,total dribbles attempted_p90PR,total duels won_p90PR,total effective clearance_p90PR,total interception_p90PR,total won contest_p90PR,total won tackle_p90PR,total accurate cross_p90PR,total aerial won_p90PR,total attempt_p90PR,total attempts ibox_p90PR,total attempts obox_p90PR,total ontarget attempt_p90PR,total touches in opposition box_p90PR,total was fouled_p90PR,total blocked scoring att_p90PR,total goals_p90PR,total assists_p90PR,total big chances saved_p90PR,total direct corner goals_p90PR,total direct setpiece goals_p90PR,pass_success_pct_p90PR,long_balls_success_pct_p90PR,cross_success_pct_p90PR,dribble_success_pct_p90PR,attempt_success_pct_p90PR,duel_success_pct_p90PR,aerial_success_pct_p90PR,tackle_success_pct_p90PR,xG_p90PR,xA_p90PR,CreatedOwnShot_p90PR,Total Carries_p90PR,Total Carry xT_p90PR,Total Final Third Carries_p90PR,passes_into_final_third_p90PR,progressive_passes_p90PR,xT_pass_p90PR,forward_passes_p90PR,League
Alanyaspor,84fpe0iynjdghwysyo5tizdkk,2uyo09o5dotyzlme4pxosx591,F. Aliti,Fidan Aliti,32,Defender,Kosovo,Defender,36.0,11.0,47.0,0.0,180.0,6.0,1.0,1.0,7.0,3.0,8.0,1.0,1.0,0.0,1.0,0.0,0.0,0.0,0.0,0.0,3.0,0.0,0.0,0.0,0.0,0.0,0.0,87.04,66.67,0.0,100.0,0.0,58.33,0.0,50.0,0.0,0.0,0.0,0.0,0.0,0.0,0.0,0.0,0.0,0.0,18.0,5.5,23.5,0.0,3.0,0.5,0.5,3.5,1.5,4.0,0.5,0.5,0.0,0.5,0.0,0.0,0.0,0.0,0.0,1.5,0.0,0.0,0.0,0.0,0.0,0.0,87.04,66.67,0.0,100.0,0.0,58.33,0.0,50.0,0.0,0.0,0.0,0.0,0.0,0.0,0.0,0.0,0.0,0.0,CB,24,13,17,27,69,61,61,44,11,100,74,51,44,17,21,26,39,39,20,96,47,51,47,49,51,51,34,74,44,84,39,57,16,53,21,31,41,33,33,36,16,17,14,14,20,13,14,27,63,53,53,41,9,100,69,49,44,14,21,26,39,39,20,87,47,51,47,49,51,51,34,74,44,84,39,57,16,53,21,31,41,33,33,36,16,17,14,14,Süper Lig
Alanyaspor,84fpe0iynjdghwysyo5tizdkk,5wnt4q34ojngvtxturq18rvmd,Hwang Ui-Jo,Ui-Jo Hwang,33,Attacker,Korea Republic,Striker,11.0,17.0,28.0,0.0,134.0,1.0,3.0,3.0,4.0,0.0,1.0,1.0,0.0,0.0,1.0,2.0,0.0,2.0,0.0,0.0,3.0,1.0,0.0,0.0,0.0,0.0,0.0,82.35,100.0,0.0,33.33,0.0,36.36,0.0,0.0,0.0882365078439965,0.0,2.0,1.0,0.02855202,2.0,2.0,3.0,0.0358438899999998,11.0,7.388059701492537,11.417910447761194,18.80597014925373,0.0,0.6716417910447761,2.014925373134328,2.014925373134328,2.686567164179104,0.0,0.6716417910447761,0.6716417910447761,0.0,0.0,0.6716417910447761,1.343283582089552,0.0,1.343283582089552,0.0,0.0,2.014925373134328,0.6716417910447761,0.0,0.0,0.0,0.0,0.0,82.35,100.0,0.0,33.33,0.0,36.36,0.0,0.0,0.0592633261638782,0.0,1.343283582089552,0.6716417910447761,0.0191767298507462,1.343283582089552,1.343283582089552,2.014925373134328,0.0240742544776118,7.388059701492537,ST,68,60,58,13,70,68,65,20,30,72,58,25,37,28,20,10,73,22,5,67,48,32,43,52,52,52,77,97,37,53,22,30,15,25,17,15,77,47,50,80,58,67,40,70,73,67,80,13,80,80,77,23,30,90,63,25,37,33,23,10,83,22,5,77,57,32,43,52,52,52,77,97,37,53,22,30,15,25,17,15,90,53,50,83,57,70,40,77,Süper Lig
Alanyaspor,84fpe0iynjdghwysyo5tizdkk,btdiw5i7gt94ikdrhv91dgcus,B. Gezek,Baran Gezek,20,Midfielder,Türkiye,Midfielder,13.0,8.0,21.0,0.0,92.0,2.0,1.0,1.0,3.0,3.0,0.0,1.0,1.0,0.0,1.0,0.0,0.0,0.0,0.0,0.0,0.0,0.0,0.0,0.0,0.0,0.0,0.0,80.77,66.67,0.0,100.0,0.0,42.86,0.0,100.0,0.0,0.0,0.0,0.0,0.0,0.0,0.0,0.0,0.0,0.0,12.717391304347828,7.82608695652174,20.543478260869566,0.0,1.956521739130435,0.9782608695652176,0.9782608695652176,2.9347826086956523,2.9347826086956523,0.0,0.9782608695652176,0.9782608695652176,0.0,0.9782608695652176,0.0,0.0,0.0,0.0,0.0,0.0,0.0,0.0,0.0,0.0,0.0,0.0,80.77,66.67,0.0,100.0,0.0,42.86,0.0,100.0,0.0,0.0,0.0,0.0,0.0,0.0,0.0,0.0,0.0,0.0,DM/CM,6,5,6,17,20,64,64,17,81,9,73,44,41,44,20,31,31,41,25,12,41,47,47,52,52,52,25,64,41,89,41,33,25,91,20,20,33,23,23,28,14,14,14,14,19,3,9,17,34,75,75,34,84,9,81,47,41,53,20,31,31,41,25,12,41,47,47,52,52,52,25,64,41,89,41,33,25,91,20,20,33,23,23,28,14,14,14,14,Süper Lig
Alanyaspor,84fpe0iynjdghwysyo5tizdkk,bv9ejevyrwdqc1j5rw4tkiy1h,F. Hadërgjonaj,Florent Hadërgjonaj,32,Defender,Kosovo,Defender,19.0,37.0,49.0,5.0,180.0,7.0,0.0,0.0,3.0,4.0,0.0,0.0,1.0,7.0,1.0,0.0,0.0,0.0,0.0,1.0,1.0,0.0,0.0,1.0,0.0,0.0,0.0,73.13,53.85,36.84,0.0,0.0,50.0,50.0,100.0,0.0,0.5787001696601092,0.0,1.0,0.06442595,1.0,7.0,9.0,0.3826536299999999,24.0,9.5,18.5,24.5,2.5,3.5,0.0,0.0,1.5,2.0,0.0,0.0,0.5,3.5,0.5,0.0,0.0,0.0,0.0,0.5,0.5,0.0,0.0,0.5,0.0,0.0,0.0,73.13,53.85,36.84,0.0,0.0,50.0,50.0,100.0,0.0,0.2893500848300546,0.0,0.5,0.032212975,0.5,3.5,4.5,0.1913268149999999,12.0,RB/RCB,16,75,34,97,91,25,25,9,31,6,31,38,100,38,22,28,44,34,44,47,47,47,91,47,53,53,25,75,88,31,34,47,69,75,22,100,44,59,69,81,88,88,88,50,6,62,22,97,91,25,25,9,28,6,31,31,100,31,22,28,44,34,34,41,47,47,88,47,53,53,25,75,88,31,34,47,69,75,22,100,44,53,69,81,81,88,88,44,Süper Lig
Alanyaspor,84fpe0iynjdghwysyo5tizdkk,bwg7au78c88g5cfl4njizr3mc,Ü. Akdağ,Ümit Akdag,22,Defender,Romania,Defender,27.0,27.0,54.0,1.0,180.0,5.0,5.0,6.0,14.0,6.0,1.0,4.0,3.0,0.0,3.0,0.0,0.0,0.0,0.0,2.0,0.0,0.0,0.0,0.0,0.0,0.0,0.0,66.67,35.71,0.0,80.0,0.0,70.0,75.0,42.86,0.0,0.0,0.0,0.0,0.0,0.0,0.0,0.0,0.0,0.0,13.5,13.5,27.0,0.5,2.5,2.5,3.0,7.0,3.0,0.5,2.0,1.5,0.0,1.5,0.0,0.0,0.0,0.0,1.0,0.0,0.0,0.0,0.0,0.0,0.0,0.0,66.67,35.71,0.0,80.0,0.0,70.0,75.0,42.86,0.0,0.0,0.0,0.0,0.0,0.0,0.0,0.0,0.0,0.0,LB/LCB,32,48,45,52,78,95,98,100,82,48,98,65,28,88,20,30,35,38,52,22,40,50,48,50,52,52,10,45,28,80,38,78,98,35,20,25,30,18,18,25,12,12,12,12,28,40,30,48,65,95,98,100,70,40,98,52,28,80,20,30,35,38,48,22,40,50,48,50,52,52,10,45,28,80,38,78,98,35,20,25,30,18,18,25,12,12,12,12,Süper Lig
Alanyaspor,84fpe0iynjdghwysyo5tizdkk,c7ktjbc3jqj8kiwc8ru6sat5g,Ruan,Ruan Pereira Duarte,21,Attacker,Brazil,Striker,8.0,17.0,25.0,0.0,174.0,2.0,3.0,3.0,8.0,1.0,3.0,2.0,2.0,0.0,2.0,5.0,4.0,1.0,2.0,8.0,2.0,2.0,1.0,0.0,0.0,0.0,0.0,75.76,100.0,0.0,66.67,40.0,50.0,66.67,100.0,0.5524556192898974,0.0,1.0,2.0,0.04398591,0.0,3.0,6.0,0.11349576,14.0,4.137931034482759,8.793103448275861,12.93103448275862,0.0,1.0344827586206895,1.5517241379310345,1.5517241379310345,4.137931034482759,0.5172413793103449,1.5517241379310345,1.0344827586206895,1.0344827586206895,0.0,1.0344827586206895,2.586206896551724,2.0689655172413794,0.5172413793103449,1.0344827586206895,4.137931034482759,1.0344827586206895,1.0344827586206895,0.5172413793103449,0.0,0.0,0.0,0.0,75.76,100.0,0.0,66.67,40.0,50.0,66.67,100.0,0.2857529065292573,0.0,0.5172413793103449,1.0344827586206895,0.0227513327586206,0.0,1.5517241379310345,3.103448275862069,0.0587047034482758,7.241379310344827,LW,25,50,50,33,67,17,17,67,75,92,58,75,50,67,83,100,42,75,83,67,83,92,58,58,58,58,33,92,50,100,67,83,100,75,100,33,58,17,17,25,58,67,67,58,17,33,33,33,67,17,17,50,75,92,25,67,50,67,67,100,33,67,67,67,83,83,58,58,58,58,33,92,50,100,67,83,100,75,83,33,50,17,17,25,50,67,50,50,Süper Lig
Alanyaspor,84fpe0iynjdghwysyo5tizdkk,c7uxn96yuy4m7s2ibr80hgc4q,İ. Kaya,Ibrahim Kaya,25,Attacker,Türkiye,Striker,5.0,12.0,17.0,3.0,155.0,1.0,3.0,3.0,14.0,0.0,0.0,1.0,2.0,0.0,2.0,3.0,2.0,1.0,1.0,5.0,8.0,1.0,0.0,0.0,0.0,0.0,0.0,73.91,50.0,0.0,33.33,33.33,63.64,28.57,66.67,0.1871533996566879,0.1986982786749279,2.0,2.0,0.05256723,0.0,0.0,0.0,0.01633784,3.0,2.9032258064516125,6.967741935483871,9.870967741935484,1.7419354838709675,0.5806451612903225,1.7419354838709675,1.7419354838709675,8.129032258064516,0.0,0.0,0.5806451612903225,1.161290322580645,0.0,1.161290322580645,1.7419354838709675,1.161290322580645,0.5806451612903225,0.5806451612903225,2.9032258064516125,4.64516129032258,0.5806451612903225,0.0,0.0,0.0,0.0,0.0,73.91,50.0,0.0,33.33,33.33,63.64,28.57,66.67,0.1086697159296897,0.1153731940693129,1.161290322580645,1.161290322580645,0.0305229077419354,0.0,0.0,0.0,0.0094864877419354,1.7419354838709675,ST,25,45,42,82,70,68,65,90,30,27,58,88,37,40,33,38,40,55,43,100,48,32,43,52,52,52,53,70,37,53,70,87,37,60,30,70,77,58,60,30,13,10,17,15,20,43,40,83,70,62,58,90,30,27,52,87,37,40,27,37,33,50,47,100,43,32,43,52,52,52,53,70,37,53,70,87,37,60,27,70,83,60,60,30,13,10,17,10,Süper Lig
Alanyaspor,84fpe0iynjdghwysyo5tizdkk,eyllkbdemtx2seh48r9l3czbp,G. Makouta,Gaïus Makouta,29,Midfielder,Congo,Midfielder,28.0,34.0,62.0,1.0,168.0,5.0,0.0,0.0,3.0,2.0,0.0,0.0,1.0,0.0,1.0,3.0,1.0,2.0,0.0,1.0,1.0,0.0,0.0,0.0,0.0,0.0,0.0,84.93,55.56,0.0,0.0,0.0,50.0,0.0,100.0,0.2425824920606913,0.0746229507542947,1.0,8.0,0.1957217299999999,5.0,7.0,8.0,0.1649725999999999,33.0,15.0,18.214285714285715,33.214285714285715,0.5357142857142857,2.6785714285714284,0.0,0.0,1.6071428571428572,1.0714285714285714,0.0,0.0,0.5357142857142857,0.0,0.5357142857142857,1.6071428571428572,0.5357142857142857,1.0714285714285714,0.0,0.5357142857142857,0.5357142857142857,0.0,0.0,0.0,0.0,0.0,0.0,84.93,55.56,0.0,0.0,0.0,50.0,0.0,100.0,0.1299549064610846,0.0399765807612293,0.5357142857142857,4.285714285714286,0.1048509267857142,2.6785714285714284,3.75,4.285714285714286,0.0883781785714285,17.678571428571427,DM/CM,50,56,56,53,67,25,25,17,64,9,31,44,41,44,89,78,84,41,61,36,41,47,47,52,52,52,38,39,41,31,41,48,25,91,88,66,75,95,97,97,61,70,69,56,25,53,28,44,53,25,25,6,59,9,31,34,41,38,88,75,84,41,56,31,41,47,47,52,52,52,38,39,41,31,41,48,25,91,84,56,69,94,94,97,47,66,62,50,Süper Lig
Alanyaspor,84fpe0iynjdghwysyo5tizdkk,fwnnz9wriid0xznpbpdy82s4,Nuno Lima,Nuno Miguel Reis Lima,25,Defender,Portugal,Defender,40.0,18.0,58.0,1.0,179.0,6.0,1.0,1.0,8.0,9.0,1.0,0.0,3.0,0.0,2.0,1.0,1.0,0.0,1.0,1.0,2.0,0.0,1.0,0.0,0.0,0.0,0.0,87.88,60.0,0.0,0.0,100.0,53.33,40.0,75.0,0.0928458495956045,0.0433163640651391,0.0,0.0,0.0,0.0,3.0,2.0,0.04715157,21.0,20.11173184357542,9.05027932960894,29.16201117318436,0.5027932960893855,3.016759776536313,0.5027932960893855,0.5027932960893855,4.022346368715084,4.5251396648044695,0.5027932960893855,0.0,1.5083798882681565,0.0,1.005586592178771,0.5027932960893855,0.5027932960893855,0.0,0.5027932960893855,0.5027932960893855,1.005586592178771,0.0,0.5027932960893855,0.0,0.0,0.0,0.0,87.88,60.0,0.0,0.0,100.0,53.33,40.0,75.0,0.0466822707463933,0.0217791774629191,0.0,0.0,0.0,0.0,1.5083798882681565,1.005586592178771,0.0237074932960893,10.558659217877096,RB/RCB,69,28,56,53,81,59,56,78,66,22,31,84,28,59,66,75,44,84,44,72,47,97,41,47,53,53,69,84,28,31,91,59,56,44,69,56,44,25,25,38,53,38,38,44,69,25,44,50,75,56,56,69,62,12,31,81,28,56,69,69,44,88,44,69,47,100,41,47,53,53,69,84,28,31,91,59,56,44,62,56,44,25,25,38,56,38,38,38,Süper Lig
Alanyaspor,84fpe0iynjdghwysyo5tizdkk,ray2bklw80bcyydzk7wmgutw,A. Usluoğlu,Arda Usluoglu,19,Attacker,Türkiye,Striker,8.0,7.0,15.0,1.0,143.0,0.0,3.0,3.0,8.0,0.0,0.0,1.0,1.0,0.0,2.0,3.0,2.0,1.0,1.0,2.0,4.0,1.0,0.0,0.0,0.0,0.0,0.0,65.22,0.0,0.0,33.33,33.33,33.33,33.33,100.0,0.3416328024368283,0.0885576440067671,1.0,0.0,0.0,0.0,3.0,3.0,0.04243059,4.0,5.034965034965035,4.405594405594406,9.440559440559442,0.6293706293706294,0.0,1.888111888111888,1.888111888111888,5.034965034965035,0.0,0.0,0.6293706293706294,0.6293706293706294,0.0,1.2587412587412588,1.888111888111888,1.2587412587412588,0.6293706293706294,0.6293706293706294,1.2587412587412588,2.517482517482517,0.6293706293706294,0.0,0.0,0.0,0.0,0.0,65.22,0.0,0.0,33.33,33.33,33.33,33.33,100.0,0.2150136518833185,0.0557355801441191,0.6293706293706294,0.0,0.0,0.0,1.888111888111888,1.888111888111888,0.0267045671328671,2.517482517482517,ST,45,23,32,40,28,68,65,48,30,27,58,65,37,40,33,38,40,55,17,87,48,32,43,52,52,52,23,28,37,53,70,20,40,83,40,57,45,20,20,30,75,67,47,27,50,17,30,37,28,67,63,53,30,27,60,63,37,43,33,43,47,57,13,93,50,32,43,52,52,52,23,28,37,53,70,20,40,83,40,53,50,20,20,30,73,67,47,30,Süper Lig
Amed,2154uhyeun0lm781iiiijqhwo,19htxtc8lmbfsv83py7hzqb8q,Y. Sor,Yira Sor,26,Attacker,Nigeria,Striker,15.0,36.0,51.0,2.0,167.0,0.0,4.0,5.0,5.0,0.0,2.0,2.0,2.0,0.0,0.0,1.0,1.0,0.0,0.0,10.0,1.0,1.0,0.0,0.0,0.0,0.0,0.0,86.44,0.0,0.0,50.0,0.0,41.67,0.0,100.0,0.0494749446948127,0.1689594064966278,0.0,6.0,0.17343567,4.0,3.0,0.0,0.10423397,14.0,8.08383233532934,19.40119760479042,27.48502994011976,1.0778443113772456,0.0,2.155688622754491,2.694610778443113,2.694610778443113,0.0,1.0778443113772456,1.0778443113772456,1.0778443113772456,0.0,0.0,0.5389221556886228,0.5389221556886228,0.0,0.0,5.389221556886227,0.5389221556886228,0.5389221556886228,0.0,0.0,0.0,0.0,0.0,86.44,0.0,0.0,50.0,0.0,41.67,0.0,100.0,0.0266631438475038,0.0910559675730329,0.0,3.2335329341317363,0.0934683251497005,2.155688622754491,1.616766467065868,0.0,0.0561739958083832,7.544910179640718,LW,83,67,83,83,17,50,58,17,33,42,58,75,50,33,25,42,17,17,100,33,50,42,58,58,58,58,83,17,50,67,17,33,50,75,17,83,25,92,100,92,58,25,50,58,83,67,67,83,17,50,50,17,33,17,50,83,50,33,17,33,17,17,100,33,33,42,58,58,58,58,83,17,50,67,17,33,50,75,17,83,25,83,83,83,67,25,33,67,Süper Lig
Amed,2154uhyeun0lm781iiiijqhwo,22d5ejckyt7302b4hw9m6a76x,M. Yeşil,Mehmet Yesil,28,Defender,Türkiye,Defender,69.0,14.0,83.0,0.0,135.0,5.0,0.0,0.0,5.0,7.0,2.0,0.0,1.0,0.0,2.0,0.0,0.0,0.0,0.0,1.0,2.0,0.0,0.0,0.0,0.0,0.0,0.0,85.57,45.45,0.0,0.0,0.0,71.43,50.0,100.0,0.0,0.0,0.0,0.0,0.0,0.0,0.0,0.0,0.0,0.0,46.0,9.333333333333334,55.333333333333336,0.0,3.333333333333333,0.0,0.0,3.333333333333333,4.666666666666667,1.3333333333333333,0.0,0.6666666666666666,0.0,1.3333333333333333,0.0,0.0,0.0,0.0,0.6666666666666666,1.3333333333333333,0.0,0.0,0.0,0.0,0.0,0.0,85.57,45.45,0.0,0.0,0.0,71.43,50.0,100.0,0.0,0.0,0.0,0.0,0.0,0.0,0.0,0.0,0.0,0.0,RB/RCB,88,9,81,25,72,25,25,38,56,44,31,38,28,59,22,28,44,34,44,72,47,47,41,47,53,53,38,44,28,31,34,94,69,75,22,25,44,25,25,38,19,19,19,19,100,31,88,25,81,25,25,44,69,50,31,50,28,62,22,28,44,34,56,75,47,47,41,47,53,53,38,44,28,31,34,94,69,75,22,25,44,25,25,38,19,19,19,19,Süper Lig
Amed,2154uhyeun0lm781iiiijqhwo,2aryulqex3ercfr5naj04x9zp,D. Sabi'a,Diaa Sabi'a,33,Attacker,Israel,Striker,12.0,23.0,33.0,0.0,162.0,1.0,2.0,2.0,10.0,1.0,1.0,2.0,3.0,2.0,0.0,6.0,3.0,3.0,2.0,5.0,2.0,2.0,2.0,0.0,0.0,0.0,0.0,75.0,50.0,14.29,100.0,33.33,66.67,0.0,50.0,0.9253611524726966,0.0,2.0,2.0,0.0478667,2.0,2.0,5.0,0.0696837299999999,15.0,6.666666666666666,12.777777777777777,18.33333333333333,0.0,0.5555555555555556,1.1111111111111112,1.1111111111111112,5.555555555555555,0.5555555555555556,0.5555555555555556,1.1111111111111112,1.6666666666666663,1.1111111111111112,0.0,3.333333333333333,1.6666666666666663,1.6666666666666663,1.1111111111111112,2.7777777777777777,1.1111111111111112,1.1111111111111112,1.1111111111111112,0.0,0.0,0.0,0.0,75.0,50.0,14.29,100.0,33.33,66.67,0.0,50.0,0.5140895291514981,0.0,1.1111111111111112,1.1111111111111112,0.0265926111111111,1.1111111111111112,1.1111111111111112,2.7777777777777777,0.0387131833333332,8.333333333333334,ST,75,83,78,13,70,47,42,68,72,72,85,98,92,12,77,52,95,75,43,48,73,93,43,52,52,52,57,70,80,97,70,93,15,52,93,15,77,58,57,80,58,82,60,87,63,83,73,13,67,43,40,67,70,70,83,100,90,12,70,50,97,73,43,47,70,97,43,52,52,52,57,70,80,97,70,93,15,52,83,15,80,57,57,77,53,77,60,83,Süper Lig
Amed,2154uhyeun0lm781iiiijqhwo,ad3d93oh7zcf8rozwheaklpwq,S. Ballet,Samuel Ballet,25,Attacker,Switzerland,Striker,8.0,16.0,24.0,2.0,94.0,1.0,3.0,3.0,7.0,0.0,0.0,2.0,1.0,0.0,0.0,3.0,2.0,1.0,2.0,7.0,3.0,0.0,0.0,1.0,0.0,0.0,0.0,70.59,50.0,0.0,66.67,66.67,41.18,0.0,50.0,0.2115442514470591,0.2029072409203774,2.0,1.0,0.05491138,1.0,2.0,3.0,0.12435648,8.0,7.659574468085106,15.319148936170212,22.97872340425532,1.9148936170212765,0.9574468085106382,2.872340425531915,2.872340425531915,6.702127659574468,0.0,0.0,1.9148936170212765,0.9574468085106382,0.0,0.0,2.872340425531915,1.9148936170212765,0.9574468085106382,1.9148936170212765,6.702127659574468,2.872340425531915,0.0,0.0,0.9574468085106382,0.0,0.0,0.0,70.59,50.0,0.0,66.67,66.67,41.18,0.0,50.0,0.2025423684067587,0.1942728902429145,1.9148936170212765,0.9574468085106382,0.0525747255319148,0.9574468085106382,1.9148936170212765,2.872340425531915,0.119064714893617,7.659574468085106,RW,20,27,27,30,47,40,33,40,20,27,47,67,20,23,53,60,53,63,83,63,30,37,90,53,53,53,20,50,20,77,73,40,33,63,53,47,63,10,13,43,40,50,40,23,33,60,47,67,53,60,60,93,20,27,67,80,20,23,80,87,73,80,93,93,30,37,93,53,53,53,20,50,20,77,73,40,33,63,73,73,87,13,53,53,60,67,53,47,Süper Lig
Amed,2154uhyeun0lm781iiiijqhwo,adrn1x15rsehvnava8q9ofuvo,G. Orban,Gift Orban,24,Attacker,Nigeria,Striker,8.0,25.0,33.0,4.0,178.0,2.0,3.0,3.0,2.0,0.0,0.0,1.0,1.0,0.0,0.0,4.0,1.0,3.0,0.0,3.0,0.0,1.0,0.0,1.0,0.0,0.0,0.0,86.84,66.67,0.0,33.33,0.0,13.33,0.0,100.0,0.558779900894688,0.2221331433097614,2.0,4.0,0.09107768,2.0,5.0,8.0,0.2861069499999999,12.0,4.044943820224719,12.640449438202246,16.685393258426966,2.02247191011236,1.0112359550561798,1.5168539325842696,1.5168539325842696,1.0112359550561798,0.0,0.0,0.5056179775280899,0.5056179775280899,0.0,0.0,2.02247191011236,0.5056179775280899,1.5168539325842696,0.0,1.5168539325842696,0.0,0.5056179775280899,0.0,0.5056179775280899,0.0,0.0,0.0,86.84,66.67,0.0,33.33,0.0,13.33,0.0,100.0,0.2825291633737186,0.1123145106622389,1.0112359550561798,2.02247191011236,0.0460505123595505,1.0112359550561798,2.528089887640449,4.044943820224719,0.1446608174157302,6.067415730337078,ST,45,87,78,95,90,68,65,10,30,27,58,65,37,12,47,25,95,22,25,8,48,32,93,52,52,52,97,82,37,53,22,7,15,83,60,77,77,83,70,80,90,92,87,77,43,80,63,90,87,53,50,10,30,27,43,53,37,12,37,20,92,22,23,8,40,32,90,52,52,52,97,82,37,53,22,7,15,83,53,67,68,80,67,73,90,90,83,67,Süper Lig
Amed,2154uhyeun0lm781iiiijqhwo,baogzi00mwdclwbvkd618evv9,R. Raveloson,Rayan Raveloson,29,Midfielder,Madagascar,Midfielder,45.0,36.0,81.0,1.0,170.0,1.0,5.0,5.0,10.0,2.0,0.0,3.0,2.0,0.0,2.0,3.0,1.0,2.0,0.0,2.0,2.0,2.0,0.0,0.0,0.0,0.0,0.0,86.17,33.33,0.0,60.0,0.0,52.63,66.67,66.67,0.2503691524047125,0.0444580883968271,2.0,3.0,0.0983851,2.0,10.0,5.0,0.1314846599999999,42.0,23.823529411764707,19.058823529411764,42.88235294117647,0.5294117647058824,0.5294117647058824,2.647058823529412,2.647058823529412,5.294117647058823,1.0588235294117647,0.0,1.5882352941176472,1.0588235294117647,0.0,1.0588235294117647,1.5882352941176472,0.5294117647058824,1.0588235294117647,0.0,1.0588235294117647,1.0588235294117647,1.0588235294117647,0.0,0.0,0.0,0.0,0.0,86.17,33.33,0.0,60.0,0.0,52.63,66.67,66.67,0.1325483748024948,0.0235366350336143,1.0588235294117647,1.5882352941176472,0.0520862294117647,1.0588235294117647,5.294117647058823,2.647058823529412,0.0696095258823528,22.23529411764705,DM/CM,78,66,69,53,9,98,98,75,64,9,98,64,41,73,89,78,84,41,80,64,100,47,47,52,52,52,47,12,41,69,41,59,95,56,91,44,92,69,84,72,81,50,56,69,70,62,56,39,9,94,94,64,56,9,97,66,41,66,84,70,81,41,77,56,100,47,47,52,52,52,47,12,41,69,41,59,95,56,88,41,94,67,81,69,72,44,56,62,Süper Lig
Amed,2154uhyeun0lm781iiiijqhwo,btz2lf5s3h6svre1o5jgmvf85,D. Bates,David Bates,29,Defender,Scotland,Defender,104.0,20.0,124.0,1.0,180.0,6.0,0.0,0.0,8.0,15.0,3.0,0.0,2.0,0.0,3.0,0.0,0.0,0.0,0.0,1.0,2.0,0.0,0.0,0.0,0.0,0.0,0.0,97.64,85.71,0.0,0.0,0.0,80.0,75.0,66.67,0.0,0.1449608898255738,0.0,0.0,0.0,0.0,3.0,6.0,0.3065349500000001,90.0,52.0,10.0,62.0,0.5,3.0,0.0,0.0,4.0,7.5,1.5,0.0,1.0,0.0,1.5,0.0,0.0,0.0,0.0,0.5,1.0,0.0,0.0,0.0,0.0,0.0,0.0,97.64,85.71,0.0,0.0,0.0,80.0,75.0,66.67,0.0,0.0724804449127869,0.0,0.0,0.0,0.0,1.5,3.0,0.153267475,45.0,CB,100,40,80,70,69,20,20,57,87,76,30,76,44,43,21,26,39,39,53,77,47,51,47,49,51,51,100,97,44,30,39,94,93,70,21,86,41,33,33,36,51,63,89,86,97,34,77,63,63,20,20,51,84,61,30,71,44,39,21,26,39,39,51,70,47,51,47,49,51,51,100,97,44,30,39,94,93,70,21,83,41,33,33,36,49,63,80,83,Süper Lig
Amed,2154uhyeun0lm781iiiijqhwo,c2dyis8v8w6p8e40n0hmkdtgq,E. Krasniqi,Ermal Krasniqi,27,Attacker,Kosovo,Striker,26.0,22.0,47.0,3.0,180.0,1.0,3.0,4.0,12.0,2.0,0.0,2.0,5.0,1.0,1.0,4.0,2.0,2.0,1.0,2.0,1.0,1.0,0.0,0.0,0.0,0.0,0.0,79.66,100.0,11.11,66.67,25.0,50.0,0.0,62.5,0.2540233731139975,0.2615158136180174,2.0,3.0,0.07092965,0.0,2.0,2.0,0.2791187399999999,21.0,13.0,11.0,23.5,1.5,0.5,1.5,2.0,6.0,1.0,0.0,1.0,2.5,0.5,0.5,2.0,1.0,1.0,0.5,1.0,0.5,0.5,0.0,0.0,0.0,0.0,0.0,79.66,100.0,11.11,66.67,25.0,50.0,0.0,62.5,0.1270116865569987,0.1307579068090087,1.0,1.5,0.035464825,0.0,1.0,1.0,0.1395593699999999,10.5,RW,80,53,60,57,47,40,53,90,77,27,47,100,47,57,77,60,90,47,23,30,77,37,43,53,53,53,57,97,40,77,43,50,33,73,67,67,63,43,40,13,40,37,67,60,80,40,53,30,37,27,40,77,73,27,40,100,40,47,60,50,80,40,20,20,63,37,43,53,53,53,57,97,40,77,43,50,33,73,60,47,50,33,20,13,37,33,60,53,Süper Lig
Amed,2154uhyeun0lm781iiiijqhwo,ckphs905awwhu7euu6kvcu2y2,C. Üstündağ,Cem Üstündag,25,Midfielder,Austria,Midfielder,26.0,16.0,42.0,0.0,132.0,2.0,0.0,0.0,11.0,0.0,1.0,0.0,6.0,0.0,2.0,0.0,0.0,0.0,0.0,0.0,2.0,0.0,0.0,0.0,0.0,0.0,0.0,84.0,50.0,0.0,0.0,0.0,61.11,66.67,85.71,0.0,0.0,0.0,0.0,0.0,0.0,0.0,0.0,0.0,0.0,17.72727272727273,10.90909090909091,28.63636363636364,0.0,1.3636363636363638,0.0,0.0,7.500000000000001,0.0,0.6818181818181819,0.0,4.090909090909091,0.0,1.3636363636363638,0.0,0.0,0.0,0.0,0.0,1.3636363636363638,0.0,0.0,0.0,0.0,0.0,0.0,84.0,50.0,0.0,0.0,0.0,61.11,66.67,85.71,0.0,0.0,0.0,0.0,0.0,0.0,0.0,0.0,0.0,0.0,DM/CM,41,19,28,17,20,25,25,81,6,33,31,98,41,73,20,31,31,41,25,64,41,47,47,52,52,52,31,30,41,31,41,84,95,77,20,20,33,23,23,28,14,14,14,14,34,16,22,17,22,25,25,84,6,38,31,97,41,81,20,31,31,41,25,72,41,47,47,52,52,52,31,30,41,31,41,84,95,77,20,20,33,23,23,28,14,14,14,14,Süper Lig
Amed,2154uhyeun0lm781iiiijqhwo,med38wao6izkoagys1dvvv56,L. Dellova,Lumbardh Dellova,27,Defender,Kosovo,Defender,71.0,55.0,126.0,3.0,180.0,13.0,3.0,3.0,9.0,2.0,3.0,2.0,2.0,0.0,4.0,0.0,0.0,0.0,0.0,0.0,0.0,0.0,0.0,1.0,0.0,0.0,0.0,86.3,81.25,0.0,66.67,0.0,75.0,0.0,66.67,0.0,0.2667201831664458,0.0,2.0,0.03682666,0.0,14.0,11.0,0.31086926,83.0,35.5,27.5,63.0,1.5,6.5,1.5,1.5,4.5,1.0,1.5,1.0,1.0,0.0,2.0,0.0,0.0,0.0,0.0,0.0,0.0,0.0,0.0,0.5,0.0,0.0,0.0,86.3,81.25,0.0,66.67,0.0,75.0,0.0,66.67,0.0,0.1333600915832229,0.0,1.0,0.01841333,0.0,7.0,5.5,0.15543463,41.5,CB,61,89,83,100,97,96,96,69,4,76,94,76,44,61,21,26,39,39,20,17,47,51,97,49,51,51,31,91,44,66,39,89,16,70,21,100,41,87,80,36,94,86,91,77,59,89,80,99,97,94,94,59,4,61,90,71,44,57,21,26,39,39,20,17,47,51,96,49,51,51,31,91,44,66,39,89,16,70,21,94,41,81,77,36,91,83,83,71,Süper Lig
Beşiktaş,2ez9cvam9lp9jyhng3eh3znb4,1o7uvhqqueh716napx4qpq99m,R. Yılmaz,Ridvan Yilmaz,25,Defender,Türkiye,Defender,29.0,36.0,63.0,5.0,145.0,2.0,4.0,4.0,11.0,4.0,1.0,3.0,3.0,2.0,2.0,2.0,1.0,1.0,0.0,5.0,2.0,0.0,0.0,0.0,0.0,0.0,0.0,84.0,33.33,25.0,75.0,0.0,78.57,50.0,75.0,0.1159787049326731,0.5014768246871715,1.0,3.0,0.0576911299999999,1.0,3.0,3.0,0.1677509199999999,29.0,18.0,22.344827586206897,39.10344827586207,3.103448275862069,1.2413793103448276,2.4827586206896552,2.4827586206896552,6.827586206896552,2.4827586206896552,0.6206896551724138,1.862068965517241,1.862068965517241,1.2413793103448276,1.2413793103448276,1.2413793103448276,0.6206896551724138,0.6206896551724138,0.0,3.103448275862069,1.2413793103448276,0.0,0.0,0.0,0.0,0.0,0.0,84.0,33.33,25.0,75.0,0.0,78.57,50.0,75.0,0.0719867823720039,0.3112614773920374,0.6206896551724138,1.862068965517241,0.0358082875862068,0.6206896551724138,1.862068965517241,1.862068965517241,0.1041212606896551,18.0,LB/LCB,40,60,60,95,30,88,88,80,55,48,88,65,85,68,75,65,80,38,88,70,40,50,48,50,52,52,45,30,78,75,38,95,65,62,65,90,72,72,55,62,42,42,45,55,52,70,70,100,30,90,90,95,55,55,90,65,85,75,85,70,80,38,95,75,40,50,48,50,52,52,45,30,78,75,38,95,65,62,70,95,80,75,55,70,40,45,50,52,Süper Lig
Beşiktaş,2ez9cvam9lp9jyhng3eh3znb4,34v5jfxiuihw9kywwxo0bxuz8,T. Bulut,Taylan Bulut,20,Defender,Germany,Defender,27.0,28.0,54.0,1.0,172.0,1.0,1.0,1.0,4.0,3.0,3.0,0.0,2.0,1.0,1.0,1.0,1.0,0.0,0.0,5.0,1.0,1.0,0.0,0.0,1.0,0.0,0.0,87.1,50.0,33.33,0.0,0.0,30.77,25.0,100.0,0.0658468307648821,0.040944960713546,0.0,0.0,0.0,0.0,2.0,3.0,0.1200664299999999,28.0,14.127906976744184,14.651162790697674,28.25581395348837,0.5232558139534883,0.5232558139534883,0.5232558139534883,0.5232558139534883,2.093023255813953,1.569767441860465,1.569767441860465,0.0,1.0465116279069766,0.5232558139534883,0.5232558139534883,0.5232558139534883,0.5232558139534883,0.0,0.0,2.6162790697674416,0.5232558139534883,0.5232558139534883,0.0,0.0,0.5232558139534883,0.0,0.0,87.1,50.0,33.33,0.0,0.0,30.77,25.0,100.0,0.0344547370281359,0.0214246887454601,0.0,0.0,0.0,0.0,1.0465116279069766,1.569767441860465,0.0628254575581394,14.651162790697674,RB/RCB,38,59,44,53,12,59,56,22,25,69,31,69,66,38,66,75,44,34,94,47,97,47,41,97,53,53,50,62,78,31,34,12,38,75,56,50,44,25,25,38,41,47,69,72,31,44,38,56,6,62,62,25,19,75,31,69,62,44,75,81,44,34,94,56,100,47,41,94,53,53,50,62,78,31,34,12,38,75,56,50,44,25,25,38,38,50,62,75,Süper Lig
Beşiktaş,2ez9cvam9lp9jyhng3eh3znb4,36h87ecgmpjdltk1epsbvmiju,E. Agbadou,Emmanuel Agbadou,29,Defender,Côte d'Ivoire,Defender,87.0,50.0,137.0,0.0,180.0,8.0,0.0,0.0,10.0,8.0,4.0,0.0,3.0,0.0,5.0,1.0,1.0,0.0,0.0,1.0,0.0,0.0,0.0,0.0,0.0,0.0,0.0,92.57,80.0,0.0,0.0,0.0,47.62,71.43,60.0,0.1070651133233834,0.0,0.0,1.0,0.02385149,0.0,10.0,10.0,0.2691462799999999,86.0,43.5,25.0,68.5,0.0,4.0,0.0,0.0,5.0,4.0,2.0,0.0,1.5,0.0,2.5,0.5,0.5,0.0,0.0,0.5,0.0,0.0,0.0,0.0,0.0,0.0,0.0,92.57,80.0,0.0,0.0,0.0,47.62,71.43,60.0,0.0535325566616917,0.0,0.0,0.5,0.011925745,0.0,5.0,5.0,0.1345731399999999,43.0,CB,91,81,91,27,76,20,20,79,50,93,30,93,44,77,59,67,39,39,53,17,47,51,47,49,51,51,77,89,44,30,39,31,87,60,51,31,41,71,71,36,80,80,86,83,87,80,83,27,76,20,20,67,37,87,30,87,44,70,53,61,39,39,51,17,47,51,47,49,51,51,77,89,44,30,39,31,87,60,51,31,41,70,71,36,77,77,77,80,Süper Lig
Beşiktaş,2ez9cvam9lp9jyhng3eh3znb4,49a9iffawhh36qev0fguqu4us,J. Olaïtan,Junior Olaïtan,24,Midfielder,Benin,Midfielder,9.0,55.0,64.0,5.0,134.0,5.0,2.0,2.0,6.0,0.0,0.0,0.0,0.0,0.0,2.0,1.0,0.0,1.0,0.0,3.0,4.0,1.0,0.0,1.0,0.0,0.0,0.0,90.14,83.33,0.0,0.0,0.0,42.86,66.67,0.0,0.0533897700694525,0.4138684819073695,1.0,6.0,0.1387031,3.0,10.0,12.0,0.32150908,40.0,6.044776119402985,36.940298507462686,42.98507462686567,3.3582089552238803,3.3582089552238803,1.343283582089552,1.343283582089552,4.029850746268656,0.0,0.0,0.0,0.0,0.0,1.343283582089552,0.6716417910447761,0.0,0.6716417910447761,0.0,2.014925373134328,2.686567164179104,0.6716417910447761,0.0,0.6716417910447761,0.0,0.0,0.0,90.14,83.33,0.0,0.0,0.0,42.86,66.67,0.0,0.0358588007929158,0.2779713684452481,0.6716417910447761,4.029850746268656,0.0931587985074626,2.014925373134328,6.716417910447761,8.059701492537313,0.2159389343283582,26.86567164179104,CM/AM,28,78,67,81,78,39,39,56,28,36,14,17,19,86,17,14,50,22,31,81,47,39,86,53,53,53,83,89,19,14,22,39,94,17,17,78,53,75,72,72,86,83,67,78,33,89,78,78,78,33,33,56,28,36,14,17,19,83,17,14,50,22,33,83,61,39,89,53,53,53,83,89,19,14,22,39,94,17,17,72,50,89,67,83,89,89,89,89,Süper Lig
Beşiktaş,2ez9cvam9lp9jyhng3eh3znb4,6tma6gvgf6xphc5gm2el35vbp,W. Ndidi,Wilfred Ndidi,29,Midfielder,Nigeria,Midfielder,36.0,24.0,60.0,1.0,91.0,2.0,0.0,0.0,2.0,1.0,3.0,0.0,1.0,0.0,1.0,1.0,1.0,0.0,1.0,2.0,0.0,0.0,0.0,0.0,0.0,0.0,0.0,90.91,66.67,0.0,0.0,100.0,40.0,50.0,100.0,0.1400391987448288,0.0472316113740415,0.0,1.0,0.01935132,0.0,5.0,6.0,0.07537421,29.0,35.604395604395606,23.736263736263737,59.34065934065934,0.989010989010989,1.978021978021978,0.0,0.0,1.978021978021978,0.989010989010989,2.967032967032967,0.0,0.989010989010989,0.0,0.989010989010989,0.989010989010989,0.989010989010989,0.0,0.989010989010989,1.978021978021978,0.0,0.0,0.0,0.0,0.0,0.0,0.0,90.91,66.67,0.0,0.0,100.0,40.0,50.0,100.0,0.1385003064509296,0.0467125826776234,0.0,0.989010989010989,0.0191386681318681,0.0,4.945054945054945,5.934065934065934,0.0745459219780219,28.68131868131868,DM/CM,61,47,52,53,20,25,25,6,31,80,31,44,41,44,52,78,31,89,80,12,41,47,47,52,52,52,69,64,41,31,98,27,75,91,72,50,33,48,47,28,41,61,38,44,97,75,88,69,38,25,25,19,47,94,31,50,41,56,59,91,31,97,91,12,41,47,47,52,52,52,69,64,41,31,98,27,75,91,91,66,33,50,50,28,66,84,59,78,Süper Lig
Beşiktaş,2ez9cvam9lp9jyhng3eh3znb4,8jjep8bx1jpjuf8firxccc549,Tiago Djaló,Tiago Emanuel Embaló Djaló,26,Defender,Portugal,Defender,30.0,23.0,53.0,0.0,90.0,1.0,1.0,1.0,2.0,5.0,2.0,1.0,0.0,0.0,1.0,1.0,0.0,1.0,0.0,0.0,0.0,0.0,0.0,0.0,0.0,0.0,0.0,96.36,33.33,0.0,100.0,0.0,40.0,50.0,0.0,0.1244770775815077,0.0,0.0,0.0,0.0,0.0,4.0,1.0,0.0713061399999999,42.0,30.0,23.0,53.0,0.0,1.0,1.0,1.0,2.0,5.0,2.0,1.0,0.0,0.0,1.0,1.0,0.0,1.0,0.0,0.0,0.0,0.0,0.0,0.0,0.0,0.0,0.0,96.36,33.33,0.0,100.0,0.0,40.0,50.0,0.0,0.1244770775815077,0.0,0.0,0.0,0.0,0.0,4.0,1.0,0.0713061399999999,42.0,CB,17,51,27,27,10,61,61,4,26,47,74,21,44,17,59,26,87,39,20,17,47,51,47,49,51,51,94,21,44,84,39,24,59,21,63,31,41,33,33,36,61,39,40,56,43,77,63,27,14,86,86,17,56,87,90,21,44,29,79,26,97,39,20,17,47,51,47,49,51,51,94,21,44,84,39,24,59,21,83,31,41,33,33,36,70,43,51,74,Süper Lig
Beşiktaş,2ez9cvam9lp9jyhng3eh3znb4,8qwpdf5jof7o6yy47v6iv11hx,L. Trossard,Leandro Trossard,31,Attacker,Belgium,Striker,10.0,39.0,49.0,1.0,128.0,5.0,5.0,5.0,8.0,0.0,2.0,2.0,1.0,0.0,0.0,4.0,2.0,2.0,1.0,6.0,5.0,1.0,0.0,0.0,0.0,0.0,0.0,76.56,62.5,0.0,40.0,25.0,42.11,0.0,100.0,0.3068485404086608,0.0803975742339982,3.0,4.0,0.1052334499999999,4.0,7.0,9.0,0.3570373600000001,31.0,7.03125,27.421875,34.453125,0.703125,3.515625,3.515625,3.515625,5.625,0.0,1.40625,1.40625,0.703125,0.0,0.0,2.8125,1.40625,1.40625,0.703125,4.21875,3.515625,0.703125,0.0,0.0,0.0,0.0,0.0,76.56,62.5,0.0,40.0,25.0,42.11,0.0,100.0,0.2157528799748396,0.0565295443832799,2.109375,2.8125,0.0739922695312499,2.8125,4.921875,6.328125,0.25104189375,21.796875,LW,58,83,67,67,92,83,58,67,33,42,58,33,50,33,67,67,75,42,58,100,50,42,58,58,58,58,50,50,50,33,33,50,50,75,50,67,83,50,50,92,83,83,100,100,50,100,100,67,100,83,83,67,33,50,83,33,50,33,83,67,67,50,83,100,50,42,58,58,58,58,50,50,50,33,33,50,50,75,50,67,83,67,67,100,83,100,100,100,Süper Lig
Beşiktaş,2ez9cvam9lp9jyhng3eh3znb4,c1yctqdku2vzho2azsgcy5dcl,V. Černý,Václav Cerny,28,Attacker,Czechia,Striker,20.0,52.0,71.0,3.0,178.0,8.0,1.0,2.0,0.0,0.0,1.0,0.0,0.0,1.0,0.0,5.0,2.0,3.0,3.0,4.0,0.0,0.0,1.0,0.0,0.0,0.0,0.0,83.53,80.0,8.33,0.0,60.0,0.0,0.0,0.0,0.5635116855420503,0.2824150354809761,2.0,10.0,0.26604873,0.0,7.0,10.0,0.31028247,31.0,10.112359550561797,26.29213483146067,35.89887640449438,1.5168539325842696,4.044943820224719,0.5056179775280899,1.0112359550561798,0.0,0.0,0.5056179775280899,0.0,0.0,0.5056179775280899,0.0,2.528089887640449,1.0112359550561798,1.5168539325842696,1.5168539325842696,2.02247191011236,0.0,0.0,0.5056179775280899,0.0,0.0,0.0,0.0,83.53,80.0,8.33,0.0,60.0,0.0,0.0,0.0,0.2849216387572164,0.1427941190634148,1.0112359550561798,5.056179775280898,0.1345190207865168,0.0,3.539325842696629,5.056179775280898,0.1568843949438202,15.674157303370784,ST,100,100,100,82,100,25,42,3,30,72,18,25,80,12,60,38,95,88,33,8,18,75,43,52,52,52,80,90,73,18,100,3,15,25,67,87,77,100,100,30,98,97,90,97,93,97,100,77,100,17,37,3,30,63,18,25,80,12,50,33,92,83,30,8,18,67,43,52,52,52,80,90,73,18,100,3,15,25,57,83,68,97,93,30,93,93,87,97,Süper Lig
Beşiktaş,2ez9cvam9lp9jyhng3eh3znb4,djbw3afgcgkbq22soig0xsjfu,O. Kökçü,Orkun Kökçü,25,Midfielder,Türkiye,Midfielder,25.0,76.0,98.0,4.0,180.0,12.0,3.0,3.0,6.0,0.0,0.0,1.0,1.0,3.0,1.0,9.0,3.0,6.0,2.0,10.0,3.0,4.0,0.0,0.0,0.0,0.0,0.0,89.91,80.0,33.33,33.33,22.22,50.0,50.0,100.0,0.6452608623485965,0.3327152065797599,5.0,6.0,0.12765713,1.0,15.0,17.0,0.3342589699999999,52.0,12.5,38.0,49.0,2.0,6.0,1.5,1.5,3.0,0.0,0.0,0.5,0.5,1.5,0.5,4.5,1.5,3.0,1.0,5.0,1.5,2.0,0.0,0.0,0.0,0.0,0.0,89.91,80.0,33.33,33.33,22.22,50.0,50.0,100.0,0.3226304311742982,0.1663576032898799,2.5,3.0,0.063828565,0.5,7.5,8.5,0.1671294849999999,26.0,CM/AM,92,94,89,67,94,61,58,56,28,36,47,50,83,64,100,83,100,83,100,69,100,39,39,53,53,53,78,78,69,39,44,58,81,86,94,72,100,75,61,36,94,94,83,89,89,94,89,50,94,42,42,39,28,36,31,39,75,58,94,78,100,83,83,61,92,39,39,53,53,53,78,78,69,39,44,58,81,86,94,61,94,56,50,28,94,94,72,83,Süper Lig
Beşiktaş,2ez9cvam9lp9jyhng3eh3znb4,do0wn2lu805annoayzc8bfhpm,E. Topçu,Emirhan Topçu,25,Defender,Türkiye,Defender,55.0,21.0,76.0,1.0,90.0,3.0,3.0,3.0,9.0,5.0,3.0,1.0,2.0,0.0,3.0,0.0,0.0,0.0,0.0,0.0,2.0,0.0,0.0,0.0,0.0,0.0,0.0,90.48,37.5,0.0,33.33,0.0,64.29,50.0,66.67,0.0,0.0375596601152308,0.0,2.0,0.04087117,1.0,9.0,9.0,0.1690221999999999,54.0,55.0,21.0,76.0,1.0,3.0,3.0,3.0,9.0,5.0,3.0,1.0,2.0,0.0,3.0,0.0,0.0,0.0,0.0,0.0,2.0,0.0,0.0,0.0,0.0,0.0,0.0,90.48,37.5,0.0,33.33,0.0,64.29,50.0,66.67,0.0,0.0375596601152308,0.0,2.0,0.04087117,1.0,9.0,9.0,0.1690221999999999,54.0,CB,46,44,43,70,29,96,96,69,26,76,74,76,44,43,21,26,39,39,20,77,47,51,47,49,51,51,54,29,44,60,39,64,59,70,21,66,41,87,83,83,76,74,57,63,100,69,94,89,63,100,100,100,56,97,90,97,44,79,21,26,39,39,20,100,47,51,47,49,51,51,54,29,44,60,39,64,59,70,21,74,41,97,91,96,99,97,91,94,Süper Lig
Beşiktaş,2ez9cvam9lp9jyhng3eh3znb4,emvi36y613e4lqlat3wfdih9l,S. Özcan,Salih Özcan,28,Midfielder,Türkiye,Midfielder,31.0,57.0,88.0,1.0,135.0,8.0,0.0,0.0,12.0,1.0,1.0,0.0,2.0,0.0,4.0,1.0,1.0,0.0,1.0,3.0,5.0,0.0,0.0,0.0,0.0,0.0,0.0,91.67,80.0,0.0,0.0,100.0,60.0,0.0,66.67,0.1211804312554696,0.0456811400622337,0.0,3.0,0.06503289,2.0,12.0,16.0,0.2471129999999999,59.0,20.666666666666668,38.0,58.66666666666666,0.6666666666666666,5.333333333333333,0.0,0.0,8.0,0.6666666666666666,0.6666666666666666,0.0,1.3333333333333333,0.0,2.6666666666666665,0.6666666666666666,0.6666666666666666,0.0,0.6666666666666666,2.0,3.333333333333333,0.0,0.0,0.0,0.0,0.0,0.0,91.67,80.0,0.0,0.0,100.0,60.0,0.0,66.67,0.080786954170313,0.0304540933748224,0.0,2.0,0.04335526,1.3333333333333333,8.0,10.666666666666666,0.1647419999999999,39.333333333333336,DM/CM,53,91,81,53,83,25,25,84,31,33,31,64,41,95,52,78,31,89,91,94,41,47,47,52,52,52,83,91,41,31,98,73,25,56,62,47,33,69,72,72,91,97,84,89,53,91,84,59,94,25,25,88,36,34,31,69,41,94,50,81,31,92,94,94,41,47,47,52,52,52,83,91,41,31,98,73,25,56,66,50,33,75,72,73,97,94,88,97,Süper Lig
Erzurumspor,ea2gyhkv6vwmxbxevdb4u3796,1u4pcz0h82rzmsofd3ug7nc9h,O. Ovacıklı,Orhan Ovacikli,37,Defender,Türkiye,Defender,44.0,27.0,70.0,0.0,152.0,2.0,0.0,0.0,17.0,5.0,1.0,0.0,6.0,1.0,1.0,0.0,0.0,0.0,0.0,0.0,6.0,0.0,0.0,0.0,0.0,0.0,0.0,82.35,20.0,20.0,0.0,0.0,80.95,0.0,60.0,0.0,0.0,0.0,0.0,0.0,0.0,0.0,0.0,0.0,0.0,26.05263157894737,15.986842105263158,41.44736842105263,0.0,1.1842105263157894,0.0,0.0,10.06578947368421,2.960526315789474,0.5921052631578947,0.0,3.5526315789473686,0.5921052631578947,0.5921052631578947,0.0,0.0,0.0,0.0,0.0,3.5526315789473686,0.0,0.0,0.0,0.0,0.0,0.0,82.35,20.0,20.0,0.0,0.0,80.95,0.0,60.0,0.0,0.0,0.0,0.0,0.0,0.0,0.0,0.0,0.0,0.0,RB/RCB,75,50,66,25,31,25,25,100,38,22,31,100,66,38,22,28,44,34,16,100,47,47,41,47,53,53,31,16,56,31,34,100,16,25,22,25,44,25,25,38,19,19,19,19,75,56,69,25,38,25,25,100,38,19,31,100,69,50,22,28,44,34,16,100,47,47,41,47,53,53,31,16,56,31,34,100,16,25,22,25,44,25,25,38,19,19,19,19,Süper Lig
Erzurumspor,ea2gyhkv6vwmxbxevdb4u3796,3dtmwx29l268hcntzioaz7itw,Y. Kırtay,Yakup Kirtay,23,Defender,Türkiye,Defender,66.0,42.0,108.0,0.0,180.0,7.0,0.0,0.0,2.0,2.0,2.0,0.0,0.0,0.0,2.0,1.0,1.0,0.0,0.0,1.0,0.0,0.0,0.0,0.0,0.0,0.0,0.0,90.0,58.33,0.0,0.0,0.0,50.0,66.67,0.0,0.1406356391625666,0.0,0.0,2.0,0.04255496,1.0,8.0,12.0,0.1802310399999999,74.0,33.0,21.0,54.0,0.0,3.5,0.0,0.0,1.0,1.0,1.0,0.0,0.0,0.0,1.0,0.5,0.5,0.0,0.0,0.5,0.0,0.0,0.0,0.0,0.0,0.0,0.0,90.0,58.33,0.0,0.0,0.0,50.0,66.67,0.0,0.0703178195812833,0.0,0.0,1.0,0.02127748,0.5,4.0,6.0,0.0901155199999999,37.0,LB/LCB,95,75,95,20,92,22,20,5,20,72,32,12,28,68,50,65,35,38,32,22,40,50,48,50,52,52,90,70,28,32,38,25,90,12,70,25,30,55,50,62,85,95,50,95,95,65,95,20,88,22,20,5,18,70,32,12,28,62,42,62,35,38,28,22,40,50,48,50,52,52,90,70,28,32,38,25,90,12,65,25,30,45,45,52,75,90,40,95,Süper Lig
Erzurumspor,ea2gyhkv6vwmxbxevdb4u3796,3pvznpfvzmnwuycoi8pq110mi,M. Fettahoğlu,Mustafa Fettahoglu,25,Attacker,Türkiye,Striker,15.0,21.0,36.0,1.0,151.0,0.0,11.0,11.0,13.0,0.0,2.0,7.0,2.0,0.0,1.0,3.0,2.0,1.0,0.0,7.0,2.0,2.0,0.0,0.0,0.0,0.0,0.0,83.72,0.0,0.0,63.64,0.0,50.0,50.0,66.67,0.2119493065936271,0.0631410117044551,2.0,5.0,0.15183717,3.0,3.0,3.0,0.1138860799999999,11.0,8.940397350993377,12.516556291390728,21.456953642384107,0.5960264900662251,0.0,6.556291390728477,6.556291390728477,7.748344370860927,0.0,1.1920529801324502,4.172185430463576,1.1920529801324502,0.0,0.5960264900662251,1.7880794701986755,1.1920529801324502,0.5960264900662251,0.0,4.172185430463576,1.1920529801324502,1.1920529801324502,0.0,0.0,0.0,0.0,0.0,83.72,0.0,0.0,63.64,0.0,50.0,50.0,66.67,0.1263274012809697,0.0376337155854368,1.1920529801324502,2.980132450331126,0.0904989754966887,1.7880794701986755,1.7880794701986755,1.7880794701986755,0.0678791205298012,6.556291390728477,ST,88,78,88,40,28,100,100,87,30,95,100,88,37,28,33,38,40,22,68,48,73,32,43,52,52,52,83,28,37,80,22,67,62,60,33,50,77,88,87,93,75,67,67,70,87,77,87,30,28,100,100,87,30,93,100,90,37,27,30,40,37,22,57,50,77,32,43,52,52,52,83,28,37,80,22,67,62,60,30,43,87,87,90,90,70,63,70,70,Süper Lig
Erzurumspor,ea2gyhkv6vwmxbxevdb4u3796,4aqpe5pcd6j3w4gv0vmczduy1,N. Mujakić,Nihad Mujakic,28,Defender,Bosnia and Herzegovina,Defender,39.0,37.0,75.0,2.0,180.0,1.0,4.0,4.0,11.0,3.0,0.0,2.0,4.0,1.0,0.0,0.0,0.0,0.0,0.0,1.0,1.0,0.0,0.0,0.0,0.0,0.0,0.0,88.24,33.33,16.67,50.0,0.0,61.11,0.0,50.0,0.0,0.1828422625545123,0.0,4.0,0.1134303899999999,6.0,6.0,3.0,0.2061469399999999,36.0,19.5,18.5,37.5,1.0,0.5,2.0,2.0,5.5,1.5,0.0,1.0,2.0,0.5,0.0,0.0,0.0,0.0,0.0,0.5,0.5,0.0,0.0,0.0,0.0,0.0,0.0,88.24,33.33,16.67,50.0,0.0,61.11,0.0,50.0,0.0,0.0914211312772561,0.0,2.0,0.0567151949999999,3.0,3.0,1.5,0.1030734699999999,18.0,LB/LCB,70,65,70,72,18,88,88,80,38,18,80,90,68,18,20,30,35,38,32,48,40,50,48,50,52,52,80,30,62,65,38,65,20,42,20,75,30,82,90,100,68,42,55,70,65,60,60,68,12,85,85,68,30,18,78,78,62,18,20,30,35,38,28,45,40,50,48,50,52,52,80,30,62,65,38,65,20,42,20,70,30,82,85,100,52,38,45,52,Süper Lig
Erzurumspor,ea2gyhkv6vwmxbxevdb4u3796,69o8ksfkkoi93cqbg063i374l,E. Tozlu,Eren Tozlu,35,Attacker,Türkiye,Striker,14.0,21.0,35.0,1.0,160.0,2.0,0.0,0.0,9.0,4.0,0.0,0.0,0.0,0.0,4.0,2.0,1.0,1.0,0.0,6.0,4.0,0.0,0.0,0.0,0.0,0.0,0.0,72.92,40.0,0.0,0.0,0.0,45.0,57.14,0.0,0.1801329270778075,0.0514292191347007,0.0,1.0,0.01935132,0.0,4.0,5.0,0.05782044,14.0,7.875,11.8125,19.6875,0.5625,1.125,0.0,0.0,5.0625,2.25,0.0,0.0,0.0,0.0,2.25,1.125,0.5625,0.5625,0.0,3.375,2.25,0.0,0.0,0.0,0.0,0.0,0.0,72.92,40.0,0.0,0.0,0.0,45.0,57.14,0.0,0.1013247714812667,0.0289289357632691,0.0,0.5625,0.0108851175,0.0,2.25,2.8125,0.0325239975,7.875,ST,83,78,83,40,90,8,8,57,92,27,18,25,37,62,20,25,40,22,53,87,18,32,43,52,52,52,47,60,37,18,22,53,72,25,27,33,17,47,40,30,85,82,57,83,77,70,83,27,90,8,8,57,90,27,18,25,37,57,20,27,30,22,53,85,18,32,43,52,52,52,47,60,37,18,22,53,72,25,23,37,17,47,40,30,87,80,57,80,Süper Lig
Erzurumspor,ea2gyhkv6vwmxbxevdb4u3796,8b5btfsouiim92fg7gk4s1wd0,A. Gërxhaliu,Amar Gërxhaliu,24,Defender,Kosovo,Defender,75.0,44.0,119.0,1.0,180.0,10.0,0.0,0.0,3.0,9.0,2.0,0.0,0.0,0.0,1.0,1.0,0.0,1.0,0.0,0.0,0.0,0.0,0.0,0.0,0.0,0.0,0.0,91.54,58.82,0.0,0.0,0.0,0.0,0.0,0.0,0.0356395267909117,0.0668884579577213,1.0,1.0,0.0241224,1.0,9.0,10.0,0.2050487199999999,85.0,37.5,22.0,59.5,0.5,5.0,0.0,0.0,1.5,4.5,1.0,0.0,0.0,0.0,0.5,0.5,0.0,0.5,0.0,0.0,0.0,0.0,0.0,0.0,0.0,0.0,0.0,91.54,58.82,0.0,0.0,0.0,0.0,0.0,0.0,0.0178197633954558,0.0334442289788606,0.5,0.5,0.0120612,0.5,4.5,5.0,0.1025243599999999,42.5,CB,70,77,71,70,93,20,20,11,56,47,30,21,44,17,59,26,87,39,20,17,47,51,47,49,51,51,63,51,44,30,39,3,16,21,43,77,91,71,74,83,76,80,63,80,66,74,69,63,93,20,20,9,43,39,30,21,44,14,53,26,83,39,20,17,47,51,47,49,51,51,63,51,44,30,39,3,16,21,43,71,87,70,74,74,74,77,60,77,Süper Lig
Erzurumspor,ea2gyhkv6vwmxbxevdb4u3796,a6kw1x4kpkio8ua2zxaz7v6c5,M. Rodríguez,Martín Rodríguez,32,Midfielder,Chile,Midfielder,46.0,39.0,84.0,1.0,151.0,4.0,4.0,4.0,3.0,1.0,1.0,0.0,0.0,1.0,1.0,2.0,1.0,1.0,0.0,3.0,2.0,1.0,0.0,0.0,0.0,0.0,0.0,91.3,80.0,14.29,0.0,0.0,13.64,33.33,0.0,0.1228117714324021,0.066172302112336,1.0,10.0,0.24125212,6.0,6.0,9.0,0.2940370400000001,41.0,27.41721854304636,23.24503311258278,50.06622516556291,0.5960264900662251,2.3841059602649004,2.3841059602649004,2.3841059602649004,1.7880794701986755,0.5960264900662251,0.5960264900662251,0.0,0.0,0.5960264900662251,0.5960264900662251,1.1920529801324502,0.5960264900662251,0.5960264900662251,0.0,1.7880794701986755,1.1920529801324502,0.5960264900662251,0.0,0.0,0.0,0.0,0.0,91.3,80.0,14.29,0.0,0.0,13.64,33.33,0.0,0.0731990690656701,0.0394404449676174,0.5960264900662251,5.960264900662252,0.1437926543046357,3.576158940397351,3.576158940397351,5.364238410596027,0.1752538649006623,24.43708609271523,DM/CM,81,75,78,53,55,92,92,17,31,33,31,16,86,44,72,78,69,41,91,64,89,47,47,52,52,52,75,91,81,31,41,9,58,16,66,59,75,100,100,100,50,77,94,66,81,72,75,53,44,91,91,16,31,31,31,16,84,41,78,78,69,41,84,69,91,47,47,52,52,52,75,91,81,31,41,9,58,16,56,53,78,100,100,100,44,75,91,69,Süper Lig
Erzurumspor,ea2gyhkv6vwmxbxevdb4u3796,ag74mepy9fnmlykodxo0oxhwp,B. Baiye,Brandon Baiye,25,Midfielder,Belgium,Midfielder,81.0,49.0,130.0,2.0,180.0,3.0,0.0,0.0,5.0,1.0,4.0,0.0,2.0,0.0,0.0,0.0,0.0,0.0,0.0,0.0,0.0,0.0,0.0,0.0,0.0,0.0,0.0,92.86,75.0,0.0,0.0,0.0,50.0,0.0,40.0,0.0,0.116712826739303,0.0,5.0,0.09588911,3.0,9.0,5.0,0.12005143,62.0,40.5,24.5,65.0,1.0,1.5,0.0,0.0,2.5,0.5,2.0,0.0,1.0,0.0,0.0,0.0,0.0,0.0,0.0,0.0,0.0,0.0,0.0,0.0,0.0,0.0,0.0,92.86,75.0,0.0,0.0,0.0,50.0,0.0,40.0,0.0,0.0583564133696515,0.0,2.5,0.047944555,1.5,4.5,2.5,0.060025715,31.0,DM/CM,100,88,97,80,39,25,25,41,31,92,31,64,41,14,20,31,31,41,25,12,41,47,47,52,52,52,94,77,41,31,41,48,25,41,20,81,33,86,81,86,72,50,50,97,100,78,97,75,25,25,25,31,16,81,31,58,41,14,20,31,31,41,25,12,41,47,47,52,52,52,94,77,41,31,41,48,25,41,20,75,33,81,78,80,61,41,44,81,Süper Lig
Erzurumspor,ea2gyhkv6vwmxbxevdb4u3796,ebx4h86svfnvegspalqgxqfah,E. Owusu,Elisha Owusu,28,Midfielder,Ghana,Midfielder,21.0,14.0,35.0,0.0,90.0,0.0,1.0,1.0,4.0,1.0,3.0,1.0,1.0,0.0,0.0,0.0,0.0,0.0,0.0,1.0,2.0,0.0,0.0,0.0,0.0,0.0,0.0,87.5,0.0,0.0,100.0,0.0,40.0,0.0,100.0,0.0,0.0,0.0,0.0,0.0,0.0,0.0,0.0,0.0,0.0,21.0,14.0,35.0,0.0,0.0,1.0,1.0,4.0,1.0,3.0,1.0,1.0,0.0,0.0,0.0,0.0,0.0,0.0,1.0,2.0,0.0,0.0,0.0,0.0,0.0,0.0,87.5,0.0,0.0,100.0,0.0,40.0,0.0,100.0,0.0,0.0,0.0,0.0,0.0,0.0,0.0,0.0,0.0,0.0,DM/CM,30,9,16,17,5,64,64,31,31,80,73,44,41,14,20,31,31,41,61,64,41,47,47,52,52,52,59,5,41,89,41,27,25,91,20,20,33,23,23,28,14,14,14,14,58,31,34,17,5,80,80,53,52,97,86,58,41,14,20,31,31,41,70,84,41,47,47,52,52,52,59,5,41,89,41,27,25,91,20,20,33,23,23,28,14,14,14,14,Süper Lig
Eyüpspor,bmgtxgipsznlb1j20zwjti3xh,22nxw2a3w3cmhh1mdyvi2q1w4,C. Raux-Yao,Charles-André Raux Yao,24,Midfielder,France,Midfielder,27.0,28.0,55.0,3.0,135.0,2.0,5.0,5.0,14.0,1.0,2.0,2.0,1.0,0.0,2.0,3.0,2.0,1.0,1.0,4.0,7.0,1.0,0.0,0.0,0.0,0.0,0.0,91.67,66.67,0.0,40.0,33.33,60.87,50.0,33.33,0.2842251296838307,0.112585765504163,0.0,7.0,0.15878017,2.0,6.0,3.0,0.0792141599999999,30.0,18.0,18.666666666666668,36.66666666666666,2.0,1.3333333333333333,3.333333333333333,3.333333333333333,9.333333333333334,0.6666666666666666,1.3333333333333333,1.3333333333333333,0.6666666666666666,0.0,1.3333333333333333,2.0,1.3333333333333333,0.6666666666666666,0.6666666666666666,2.6666666666666665,4.666666666666667,0.6666666666666666,0.0,0.0,0.0,0.0,0.0,91.67,66.67,0.0,40.0,33.33,60.87,50.0,33.33,0.1894834197892204,0.0750571770027753,0.0,4.666666666666667,0.1058534466666666,1.3333333333333333,4.0,2.0,0.0528094399999999,20.0,DM/CM,45,50,44,91,20,98,98,94,31,61,91,44,41,73,89,97,69,89,98,97,89,47,47,52,52,52,83,64,41,62,84,80,75,34,94,78,33,91,91,72,50,36,41,47,39,59,44,94,19,100,100,97,36,62,94,41,41,78,97,97,72,92,100,97,94,47,47,52,52,52,83,64,41,62,84,80,75,34,94,84,33,97,97,73,52,34,41,53,Süper Lig
Eyüpspor,bmgtxgipsznlb1j20zwjti3xh,36t3t3863x53d25qcgrto1vc9,K. Michalak,Konrad Michalak,28,Attacker,Poland,Striker,6.0,11.0,16.0,2.0,111.0,0.0,2.0,2.0,0.0,1.0,1.0,0.0,0.0,1.0,0.0,0.0,0.0,0.0,0.0,1.0,0.0,0.0,0.0,0.0,0.0,0.0,0.0,80.0,0.0,14.29,0.0,0.0,0.0,0.0,0.0,0.0,0.156805489468411,0.0,1.0,0.03485072,0.0,0.0,0.0,0.0804651099999999,6.0,4.864864864864865,8.91891891891892,12.972972972972972,1.6216216216216215,0.0,1.6216216216216215,1.6216216216216215,0.0,0.8108108108108107,0.8108108108108107,0.0,0.0,0.8108108108108107,0.0,0.0,0.0,0.0,0.0,0.8108108108108107,0.0,0.0,0.0,0.0,0.0,0.0,0.0,80.0,0.0,14.29,0.0,0.0,0.0,0.0,0.0,0.0,0.1271395860554683,0.0,0.8108108108108107,0.0282573405405405,0.0,0.0,0.0,0.065241981081081,4.864864864864865,RW,10,13,7,30,17,23,17,7,53,67,10,27,47,23,10,10,17,20,10,10,30,37,43,53,53,53,67,17,53,10,20,7,33,27,10,20,13,10,7,13,17,10,20,7,13,20,20,53,17,33,27,7,67,80,10,27,53,23,10,10,17,20,13,10,30,37,43,53,53,53,67,17,53,10,20,7,33,27,10,40,13,7,7,13,17,10,27,13,Süper Lig
Eyüpspor,bmgtxgipsznlb1j20zwjti3xh,3yl0m3n14kek9pwkp7catyh9l,A. Sabiri,Abdelhamid Sabiri,29,Midfielder,Morocco,Midfielder,16.0,19.0,33.0,1.0,109.0,3.0,4.0,4.0,18.0,1.0,1.0,3.0,0.0,2.0,1.0,1.0,0.0,1.0,0.0,0.0,10.0,0.0,0.0,0.0,0.0,0.0,0.0,78.57,60.0,66.67,75.0,0.0,66.67,50.0,0.0,0.0335762682884404,0.0657767439953301,0.0,2.0,0.04382219,0.0,6.0,5.0,0.14319236,15.0,13.211009174311927,15.688073394495412,27.24770642201835,0.8256880733944955,2.4770642201834865,3.302752293577982,3.302752293577982,14.862385321100918,0.8256880733944955,0.8256880733944955,2.4770642201834865,0.0,1.651376146788991,0.8256880733944955,0.8256880733944955,0.0,0.8256880733944955,0.0,0.0,8.256880733944955,0.0,0.0,0.0,0.0,0.0,0.0,78.57,60.0,66.67,75.0,0.0,66.67,50.0,0.0,0.027723524274859,0.054311073023667,0.0,1.651376146788991,0.0361834596330275,0.0,4.954128440366973,4.128440366972478,0.118232223853211,12.385321100917432,DM/CM,14,28,12,53,39,92,92,100,31,33,98,16,97,44,52,31,69,41,25,100,41,47,47,52,52,52,16,53,94,75,41,91,75,16,41,56,33,56,56,28,50,50,62,31,22,34,19,66,50,97,97,100,44,41,100,16,100,50,53,31,75,41,25,100,41,47,47,52,52,52,16,53,94,75,41,91,75,16,44,69,33,72,69,28,69,62,75,31,Süper Lig
Eyüpspor,bmgtxgipsznlb1j20zwjti3xh,49nhfe5zbad64dm3yna8nw7h1,B. Boutobba,Bilal Boutobba,27,Attacker,France,Striker,11.0,7.0,18.0,0.0,91.0,1.0,6.0,6.0,6.0,0.0,0.0,3.0,0.0,0.0,1.0,1.0,1.0,0.0,0.0,4.0,1.0,1.0,0.0,0.0,0.0,0.0,0.0,75.0,100.0,0.0,50.0,0.0,37.5,33.33,0.0,0.0895271459271999,0.0,0.0,5.0,0.11523028,1.0,0.0,1.0,0.00894322,7.0,10.87912087912088,6.923076923076923,17.802197802197803,0.0,0.989010989010989,5.934065934065934,5.934065934065934,5.934065934065934,0.0,0.0,2.967032967032967,0.0,0.0,0.989010989010989,0.989010989010989,0.989010989010989,0.0,0.0,3.956043956043956,0.989010989010989,0.989010989010989,0.0,0.0,0.0,0.0,0.0,75.0,100.0,0.0,50.0,0.0,37.5,33.33,0.0,0.0885433311367911,0.0,0.0,4.945054945054945,0.1139640131868131,0.989010989010989,0.0,0.989010989010989,0.0088449428571428,6.923076923076923,RW,33,7,17,7,47,77,77,23,20,27,70,27,20,57,20,30,17,20,47,30,77,37,43,53,53,53,33,97,20,43,20,27,73,27,20,7,13,70,67,43,17,23,7,13,60,13,33,7,60,93,93,67,20,27,93,27,20,67,20,40,17,20,73,40,93,37,43,53,53,53,33,97,20,43,20,27,73,27,40,7,13,93,80,60,17,27,7,40,Süper Lig
Eyüpspor,bmgtxgipsznlb1j20zwjti3xh,4kpo70fwdpxraer1j1m1zlhey,C. Massanga,Chandrel Massanga,27,Midfielder,Congo,Midfielder,49.0,34.0,83.0,0.0,180.0,2.0,2.0,2.0,10.0,7.0,2.0,1.0,4.0,0.0,2.0,2.0,0.0,2.0,0.0,0.0,2.0,0.0,0.0,0.0,0.0,0.0,0.0,80.58,18.18,0.0,50.0,0.0,66.67,50.0,80.0,0.1671201925144815,0.0,2.0,0.0,0.0,1.0,9.0,11.0,0.12704448,54.0,24.5,17.0,41.5,0.0,1.0,1.0,1.0,5.0,3.5,1.0,0.5,2.0,0.0,1.0,1.0,0.0,1.0,0.0,0.0,1.0,0.0,0.0,0.0,0.0,0.0,0.0,80.58,18.18,0.0,50.0,0.0,66.67,50.0,80.0,0.0835600962572407,0.0,1.0,0.0,0.0,0.5,4.5,5.5,0.06352224,27.0,DM/CM,91,56,73,17,20,83,83,75,92,61,73,88,41,73,72,31,84,41,25,64,41,47,47,52,52,52,22,9,41,66,41,91,75,69,78,20,92,23,23,59,72,83,53,81,75,42,53,17,12,80,80,59,91,52,62,81,41,61,66,31,78,41,25,52,41,47,47,52,52,52,22,9,41,66,41,91,75,69,69,20,89,23,23,56,61,80,47,72,Süper Lig
Eyüpspor,bmgtxgipsznlb1j20zwjti3xh,717vm73id38xecbx14zlg7089,L. Pintor,Lenny Pintor,26,Attacker,France,Striker,8.0,11.0,19.0,0.0,137.0,1.0,4.0,5.0,9.0,2.0,2.0,2.0,1.0,0.0,3.0,1.0,0.0,1.0,1.0,2.0,3.0,0.0,0.0,0.0,0.0,0.0,0.0,79.17,100.0,0.0,50.0,100.0,60.0,0.0,100.0,0.0657767439953301,0.0,0.0,3.0,0.06574,0.0,0.0,0.0,0.00740994,5.0,5.255474452554745,7.226277372262774,12.481751824817518,0.0,0.6569343065693432,2.6277372262773726,3.2846715328467155,5.912408759124088,1.3138686131386863,1.3138686131386863,1.3138686131386863,0.6569343065693432,0.0,1.9708029197080288,0.6569343065693432,0.0,0.6569343065693432,0.6569343065693432,1.3138686131386863,1.9708029197080288,0.0,0.0,0.0,0.0,0.0,0.0,79.17,100.0,0.0,50.0,100.0,60.0,0.0,100.0,0.0432109997049613,0.0,0.0,1.9708029197080288,0.0431868613138686,0.0,0.0,0.0,0.0048678437956204,3.2846715328467155,LW,25,17,17,33,42,50,58,100,100,42,58,33,50,92,25,17,42,42,17,83,17,42,58,58,58,58,67,92,50,67,100,100,50,75,33,33,25,33,33,25,17,25,17,17,33,17,17,33,33,67,67,83,100,33,67,17,50,83,33,17,50,33,17,83,17,42,58,58,58,58,67,92,50,67,100,100,50,75,33,33,25,33,33,25,17,25,17,17,Süper Lig
Eyüpspor,bmgtxgipsznlb1j20zwjti3xh,81egd7oua1lfq2j8lke5z0ueh,J. El Yamiq,Jawad El Yamiq,34,Defender,Morocco,Defender,41.0,13.0,54.0,1.0,180.0,9.0,1.0,1.0,5.0,10.0,2.0,1.0,0.0,0.0,3.0,3.0,3.0,0.0,0.0,5.0,1.0,0.0,0.0,0.0,0.0,0.0,0.0,79.41,50.0,0.0,100.0,0.0,50.0,75.0,0.0,0.3220945061618956,0.0,0.0,0.0,0.0,0.0,3.0,4.0,0.1004597,34.0,20.5,6.5,27.0,0.5,4.5,0.5,0.5,2.5,5.0,1.0,0.5,0.0,0.0,1.5,1.5,1.5,0.0,0.0,2.5,0.5,0.0,0.0,0.0,0.0,0.0,0.0,79.41,50.0,0.0,100.0,0.0,50.0,75.0,0.0,0.1610472530809478,0.0,0.0,0.0,0.0,0.0,1.5,2.0,0.05022985,17.0,CB,30,24,31,70,84,61,61,26,61,47,74,21,44,43,93,99,39,39,96,49,47,51,47,49,51,51,9,47,44,84,39,34,93,21,94,31,41,33,33,36,51,51,46,49,26,19,23,63,84,53,53,23,56,39,69,21,44,39,90,97,39,39,91,44,47,51,47,49,51,51,9,47,44,84,39,34,93,21,91,31,41,33,33,36,49,49,43,46,Süper Lig
Eyüpspor,bmgtxgipsznlb1j20zwjti3xh,96biphxqiig7j3tjpncib9l3o,T. Ülvan,Talha Ülvan,25,Defender,Türkiye,Defender,28.0,30.0,55.0,4.0,180.0,4.0,3.0,3.0,4.0,6.0,2.0,2.0,1.0,3.0,0.0,1.0,0.0,1.0,0.0,1.0,1.0,1.0,0.0,0.0,0.0,0.0,0.0,91.67,66.67,75.0,66.67,0.0,40.0,0.0,100.0,0.045115513643677,0.4786132028855658,1.0,4.0,0.08945665,1.0,6.0,8.0,0.2191063,28.0,14.0,15.0,27.5,2.0,2.0,1.5,1.5,2.0,3.0,1.0,1.0,0.5,1.5,0.0,0.5,0.0,0.5,0.0,0.5,0.5,0.5,0.0,0.0,0.0,0.0,0.0,91.67,66.67,75.0,66.67,0.0,40.0,0.0,100.0,0.0225577568218385,0.2393066014427829,0.5,2.0,0.044728325,0.5,3.0,4.0,0.10955315,14.0,RB/RCB,44,69,50,84,62,88,88,22,47,44,91,38,91,12,66,28,91,34,44,47,97,47,41,47,53,53,94,100,100,78,34,38,16,75,50,94,91,91,75,81,78,81,75,72,25,50,31,84,62,81,75,19,47,38,84,31,91,12,53,28,91,34,34,41,94,47,41,47,53,53,94,100,100,78,34,38,16,75,50,94,91,84,75,81,69,81,75,69,Süper Lig
Eyüpspor,bmgtxgipsznlb1j20zwjti3xh,9r28zj6fz3z8dzojktwambsut,Z. Jules,Zak Jules,29,Defender,Scotland,Defender,59.0,15.0,74.0,0.0,180.0,3.0,0.0,0.0,8.0,11.0,0.0,0.0,1.0,0.0,4.0,0.0,0.0,0.0,0.0,2.0,0.0,0.0,0.0,0.0,0.0,0.0,0.0,92.5,60.0,0.0,0.0,0.0,61.54,66.67,25.0,0.0,0.0,0.0,0.0,0.0,0.0,0.0,0.0,0.0,0.0,29.5,7.5,37.0,0.0,1.5,0.0,0.0,4.0,5.5,0.0,0.0,0.5,0.0,2.0,0.0,0.0,0.0,0.0,1.0,0.0,0.0,0.0,0.0,0.0,0.0,0.0,92.5,60.0,0.0,0.0,0.0,61.54,66.67,25.0,0.0,0.0,0.0,0.0,0.0,0.0,0.0,0.0,0.0,0.0,CB,49,31,40,27,29,20,20,57,70,4,30,51,44,61,21,26,39,39,73,17,47,51,47,49,51,51,74,57,44,30,39,60,80,43,21,31,41,33,33,36,16,17,14,14,40,26,34,27,24,20,20,51,70,4,30,49,44,57,21,26,39,39,70,17,47,51,47,49,51,51,74,57,44,30,39,60,80,43,21,31,41,33,33,36,16,17,14,14,Süper Lig
Eyüpspor,bmgtxgipsznlb1j20zwjti3xh,bdslzeqnm2a3o9yr1tsxuoydw,A. Abdullahi,Ahmed Abdullahi,22,Attacker,Nigeria,Striker,9.0,3.0,12.0,0.0,155.0,0.0,3.0,3.0,12.0,0.0,1.0,1.0,1.0,0.0,8.0,0.0,0.0,0.0,0.0,3.0,3.0,0.0,0.0,0.0,0.0,0.0,0.0,66.67,0.0,0.0,33.33,0.0,50.0,66.67,100.0,0.0,0.0,0.0,0.0,0.0,0.0,0.0,0.0,0.0,0.0,5.225806451612903,1.7419354838709675,6.967741935483871,0.0,0.0,1.7419354838709675,1.7419354838709675,6.967741935483871,0.0,0.5806451612903225,0.5806451612903225,0.5806451612903225,0.0,4.64516129032258,0.0,0.0,0.0,0.0,1.7419354838709675,1.7419354838709675,0.0,0.0,0.0,0.0,0.0,0.0,66.67,0.0,0.0,33.33,0.0,50.0,66.67,100.0,0.0,0.0,0.0,0.0,0.0,0.0,0.0,0.0,0.0,0.0,ST,53,5,18,13,28,68,65,82,30,72,58,65,37,90,5,10,12,22,25,67,18,32,43,52,52,52,28,28,37,53,22,67,78,83,7,15,17,20,20,30,13,10,5,5,53,3,20,13,28,62,58,80,30,77,52,60,37,90,5,10,12,22,27,67,18,32,43,52,52,52,28,28,37,53,22,67,78,83,7,15,17,20,20,30,13,10,5,5,Süper Lig
Fenerbahçe,8lroq0cbhdxj8124qtxwrhvmm,127eg3g8ig8j7obxtyc2tl8t1,Marco Asensio,Marco Asensio,30,Midfielder,Spain,Midfielder,7.0,40.0,44.0,6.0,128.0,3.0,1.0,1.0,1.0,1.0,0.0,1.0,0.0,3.0,0.0,2.0,1.0,1.0,1.0,4.0,0.0,1.0,1.0,0.0,0.0,0.0,0.0,89.8,60.0,30.0,100.0,50.0,50.0,0.0,0.0,0.1310776617554829,0.6505987652955704,1.0,5.0,0.16756054,1.0,3.0,8.0,0.2942248699999999,22.0,4.921875,28.125,30.9375,4.21875,2.109375,0.703125,0.703125,0.703125,0.703125,0.0,0.703125,0.0,2.109375,0.0,1.40625,0.703125,0.703125,0.703125,2.8125,0.0,0.703125,0.703125,0.0,0.0,0.0,0.0,89.8,60.0,30.0,100.0,50.0,50.0,0.0,0.0,0.0921639809218239,0.4574522568484479,0.703125,3.515625,0.1178160046875,0.703125,2.109375,5.625,0.2068768617187499,15.46875,CM/AM,19,56,50,89,64,19,19,6,61,36,47,17,83,28,36,42,50,58,42,22,47,89,39,53,53,53,72,50,61,97,89,58,33,17,28,83,53,61,78,36,36,67,61,56,17,67,56,89,67,17,17,6,61,36,50,17,89,28,39,39,56,56,44,22,67,89,39,53,53,53,72,50,61,97,89,58,33,17,28,89,56,67,83,33,44,72,83,61,Süper Lig
Fenerbahçe,8lroq0cbhdxj8124qtxwrhvmm,3fhoof7n4sjaizvotcmypb9at,Nélson Semedo,Nélson Cabral Semedo,32,Defender,Portugal,Defender,22.0,21.0,43.0,2.0,100.0,1.0,3.0,3.0,5.0,1.0,1.0,2.0,1.0,0.0,0.0,1.0,1.0,0.0,1.0,6.0,1.0,0.0,0.0,0.0,0.0,0.0,0.0,86.0,25.0,0.0,66.67,100.0,50.0,0.0,50.0,0.0736825491284683,0.1058962779785572,0.0,3.0,0.09046312,0.0,4.0,4.0,0.10485653,15.0,19.8,18.9,38.7,1.7999999999999998,0.8999999999999999,2.7,2.7,4.5,0.8999999999999999,0.8999999999999999,1.7999999999999998,0.8999999999999999,0.0,0.0,0.8999999999999999,0.8999999999999999,0.0,0.8999999999999999,5.4,0.8999999999999999,0.0,0.0,0.0,0.0,0.0,0.0,86.0,25.0,0.0,66.67,100.0,50.0,0.0,50.0,0.0663142942156214,0.0953066501807014,0.0,2.7,0.081416808,0.0,3.6,3.6,0.0943708769999999,13.5,RB/RCB,25,44,16,69,12,88,88,38,12,22,91,38,28,12,66,75,44,84,100,47,47,47,41,47,53,53,44,28,28,78,91,47,16,19,62,62,44,78,81,38,66,56,56,38,62,69,62,75,12,100,100,78,12,25,100,56,28,12,88,94,44,100,100,62,47,47,41,47,53,53,44,28,28,78,91,47,16,19,75,75,44,94,100,38,88,75,69,62,Süper Lig
Fenerbahçe,8lroq0cbhdxj8124qtxwrhvmm,3pwr7lqvo4o08c4nvzqpuue39,V. Muriqi,Vedat Muriqi,32,Attacker,Kosovo,Striker,11.0,6.0,17.0,1.0,99.0,0.0,0.0,0.0,6.0,0.0,0.0,0.0,0.0,0.0,5.0,6.0,6.0,0.0,3.0,7.0,1.0,0.0,1.0,1.0,0.0,0.0,0.0,80.95,0.0,0.0,0.0,50.0,60.0,71.43,0.0,0.8021113711337843,0.0733374029608318,0.0,0.0,0.0,0.0,0.0,1.0,0.03385381,2.0,10.0,5.454545454545454,15.454545454545451,0.9090909090909092,0.0,0.0,0.0,5.454545454545454,0.0,0.0,0.0,0.0,0.0,4.545454545454545,5.454545454545454,5.454545454545454,0.0,2.727272727272727,6.363636363636363,0.9090909090909092,0.0,0.9090909090909092,0.9090909090909092,0.0,0.0,0.0,80.95,0.0,0.0,0.0,50.0,60.0,71.43,0.0,0.7291921555761675,0.0666703663280289,0.0,0.0,0.0,0.0,0.0,0.9090909090909092,0.0307761909090909,1.818181818181818,ST,68,17,42,40,28,8,8,35,30,27,18,25,37,77,77,90,12,88,68,28,18,75,93,52,52,52,70,28,37,18,92,83,87,25,83,53,17,20,20,30,13,32,37,10,90,30,53,50,28,8,8,60,30,27,18,25,37,87,93,97,12,97,90,33,18,83,100,52,52,52,70,28,37,18,92,83,87,25,93,57,17,20,20,30,13,40,53,13,Süper Lig
Fenerbahçe,8lroq0cbhdxj8124qtxwrhvmm,4j1oq24pfi728zyl2zkpptpsl,M. Škriniar,Milan Skriniar,31,Defender,Slovakia,Defender,86.0,72.0,158.0,2.0,180.0,2.0,2.0,2.0,12.0,6.0,3.0,2.0,4.0,0.0,3.0,1.0,1.0,0.0,0.0,2.0,1.0,0.0,0.0,0.0,0.0,0.0,0.0,95.76,33.33,0.0,100.0,0.0,80.0,0.0,66.67,0.1127567413496582,0.1738026802683855,0.0,0.0,0.0,0.0,18.0,14.0,0.31636941,112.0,43.0,36.0,79.0,1.0,1.0,1.0,1.0,6.0,3.0,1.5,1.0,2.0,0.0,1.5,0.5,0.5,0.0,0.0,1.0,0.5,0.0,0.0,0.0,0.0,0.0,0.0,95.76,33.33,0.0,100.0,0.0,80.0,0.0,66.67,0.0563783706748291,0.0869013401341927,0.0,0.0,0.0,0.0,9.0,7.0,0.158184705,56.0,CB,86,100,100,93,19,89,89,96,36,76,94,99,44,43,59,67,39,39,73,49,47,51,47,49,51,51,91,21,44,84,39,94,16,70,57,89,41,33,33,36,100,96,97,100,83,100,100,89,14,86,86,87,27,61,90,97,44,39,53,61,39,39,70,44,47,51,47,49,51,51,91,21,44,84,39,94,16,70,54,89,41,33,33,36,99,93,86,100,Süper Lig
Fenerbahçe,8lroq0cbhdxj8124qtxwrhvmm,4lhyi7xvorswax9xwmz4v5tqt,Talisca,Anderson Souza Conceição,32,Midfielder,Brazil,Midfielder,3.0,8.0,11.0,0.0,90.0,0.0,1.0,1.0,3.0,0.0,0.0,1.0,0.0,0.0,1.0,7.0,5.0,2.0,4.0,8.0,1.0,2.0,1.0,0.0,0.0,0.0,0.0,78.57,0.0,0.0,100.0,57.14,37.5,25.0,0.0,0.7335160391716878,0.0,3.0,0.0,0.0,0.0,0.0,0.0,0.0,2.0,3.0,8.0,11.0,0.0,0.0,1.0,1.0,3.0,0.0,0.0,1.0,0.0,0.0,1.0,7.0,5.0,2.0,4.0,8.0,1.0,2.0,1.0,0.0,0.0,0.0,0.0,78.57,0.0,0.0,100.0,57.14,37.5,25.0,0.0,0.7335160391716878,0.0,3.0,0.0,0.0,0.0,0.0,0.0,0.0,2.0,CM/AM,6,11,11,6,8,19,19,19,28,36,47,17,19,64,94,100,67,100,89,47,78,89,39,53,53,53,17,8,19,97,100,33,72,17,100,6,89,8,8,14,8,11,6,6,6,11,11,6,8,22,22,39,28,36,72,17,19,75,100,100,75,100,100,53,92,100,39,53,53,53,17,8,19,97,100,33,72,17,100,6,100,8,8,14,8,11,6,6,Süper Lig
Fenerbahçe,8lroq0cbhdxj8124qtxwrhvmm,4ltvjt9dqev404usxh77w0dwq,L. Mercan,Levent Mercan,25,Defender,Türkiye,Defender,14.0,40.0,50.0,4.0,117.0,1.0,1.0,2.0,7.0,1.0,1.0,1.0,3.0,4.0,0.0,0.0,0.0,0.0,0.0,2.0,2.0,0.0,0.0,1.0,0.0,0.0,0.0,86.21,33.33,50.0,100.0,0.0,70.0,0.0,75.0,0.0,0.5315925864646001,0.0,2.0,0.0742627,0.0,6.0,8.0,0.6539125199999999,27.0,10.769230769230768,30.769230769230766,38.46153846153846,3.0769230769230766,0.7692307692307692,0.7692307692307692,1.5384615384615383,5.384615384615384,0.7692307692307692,0.7692307692307692,0.7692307692307692,2.3076923076923075,3.0769230769230766,0.0,0.0,0.0,0.0,0.0,1.5384615384615383,1.5384615384615383,0.0,0.0,0.7692307692307692,0.0,0.0,0.0,86.21,33.33,50.0,100.0,0.0,70.0,0.0,75.0,0.0,0.4089173742035385,0.0,1.5384615384615383,0.0571251538461538,0.0,4.615384615384615,6.153846153846153,0.5030096307692307,20.76923076923077,LB/LCB,15,70,30,88,18,55,65,48,10,48,70,65,100,18,20,30,35,38,52,70,40,50,98,50,52,52,70,30,88,92,38,78,20,62,20,100,30,55,70,25,68,75,95,48,15,95,65,95,20,55,75,60,10,60,70,90,100,18,20,30,35,38,60,80,40,50,100,50,52,52,70,30,88,92,38,78,20,62,20,100,30,70,90,25,85,95,100,70,Süper Lig
Fenerbahçe,8lroq0cbhdxj8124qtxwrhvmm,6kicom9a3lzp49urle78bevl6,M. Greenwood,Mason Greenwood,24,Attacker,England,Striker,13.0,58.0,69.0,4.0,116.0,2.0,4.0,4.0,6.0,0.0,1.0,3.0,0.0,2.0,0.0,9.0,7.0,2.0,3.0,14.0,2.0,4.0,2.0,1.0,0.0,0.0,0.0,84.15,33.33,33.33,75.0,33.33,66.67,0.0,0.0,0.8490566309793205,0.3330087233460647,5.0,14.0,0.39927295,9.0,8.0,13.0,0.5648347900000001,32.0,10.086206896551724,45.0,53.53448275862068,3.103448275862069,1.5517241379310345,3.103448275862069,3.103448275862069,4.655172413793103,0.0,0.7758620689655172,2.327586206896552,0.0,1.5517241379310345,0.0,6.982758620689655,5.43103448275862,1.5517241379310345,2.327586206896552,10.86206896551724,1.5517241379310345,3.103448275862069,1.5517241379310345,0.7758620689655172,0.0,0.0,0.0,84.15,33.33,33.33,75.0,33.33,66.67,0.0,0.0,0.6587508343805072,0.2583688370788433,3.879310344827586,10.86206896551724,0.3097807370689655,6.982758620689655,6.206896551724138,10.086206896551724,0.4382338887931035,24.82758620689655,RW,50,100,93,77,67,60,53,23,20,67,70,27,67,23,100,100,90,83,100,50,100,93,90,53,53,53,80,40,60,90,53,100,33,27,100,73,100,100,100,100,87,97,93,93,53,100,100,93,67,67,67,40,20,73,80,27,87,23,100,100,93,87,100,53,100,100,87,53,53,53,80,40,60,90,53,100,33,27,100,80,100,100,100,100,93,100,100,100,Süper Lig
Fenerbahçe,8lroq0cbhdxj8124qtxwrhvmm,7jn9kl5wq29d41ekc2fz2rs2d,N. Aké,Nathan Aké,31,Defender,Netherlands,Defender,85.0,60.0,145.0,0.0,180.0,4.0,0.0,0.0,2.0,2.0,2.0,0.0,1.0,0.0,1.0,1.0,1.0,0.0,1.0,1.0,0.0,0.0,0.0,0.0,0.0,0.0,0.0,94.16,50.0,0.0,0.0,100.0,28.57,20.0,100.0,0.1428394319878792,0.0,0.0,7.0,0.12551712,2.0,13.0,14.0,0.21514861,107.0,42.5,30.0,72.5,0.0,2.0,0.0,0.0,1.0,1.0,1.0,0.0,0.5,0.0,0.5,0.5,0.5,0.0,0.5,0.5,0.0,0.0,0.0,0.0,0.0,0.0,0.0,94.16,50.0,0.0,0.0,100.0,28.57,20.0,100.0,0.0714197159939396,0.0,0.0,3.5,0.06275856,1.0,6.5,7.0,0.107574305,53.5,CB,83,94,97,27,41,20,20,4,4,47,30,51,44,17,59,67,39,86,53,17,47,51,47,49,51,51,86,47,44,30,97,9,34,91,71,31,41,100,100,97,91,96,69,97,80,94,91,27,34,20,20,3,4,39,30,49,44,14,53,61,39,80,51,17,47,51,47,49,51,51,86,47,44,30,97,9,34,91,63,31,41,100,97,96,89,93,66,91,Süper Lig
Fenerbahçe,8lroq0cbhdxj8124qtxwrhvmm,am70epdl0361z5af8ahskcdsl,N. Kanté,N'Golo Kanté,35,Midfielder,France,Midfielder,19.0,41.0,60.0,2.0,94.0,4.0,1.0,1.0,7.0,0.0,1.0,1.0,5.0,0.0,0.0,1.0,1.0,0.0,0.0,2.0,0.0,0.0,0.0,0.0,0.0,0.0,0.0,95.24,80.0,0.0,100.0,0.0,70.0,0.0,83.33,0.0770513413872614,0.0696091585052866,1.0,4.0,0.07961313,2.0,8.0,12.0,0.32271771,38.0,18.191489361702125,39.25531914893617,57.44680851063829,1.9148936170212765,3.829787234042553,0.9574468085106382,0.9574468085106382,6.702127659574468,0.0,0.9574468085106382,0.9574468085106382,4.787234042553191,0.0,0.0,0.9574468085106382,0.9574468085106382,0.0,0.0,1.9148936170212765,0.0,0.0,0.0,0.0,0.0,0.0,0.0,95.24,80.0,0.0,100.0,0.0,70.0,0.0,83.33,0.073772560902697,0.0666470666539978,0.9574468085106382,3.829787234042553,0.0762253372340425,1.9148936170212765,7.659574468085106,11.48936170212766,0.3089850414893617,36.38297872340425,DM/CM,25,83,52,80,55,64,64,61,6,33,73,92,41,14,52,78,31,41,80,12,41,47,47,52,52,52,97,91,41,89,41,97,25,72,47,62,75,80,78,72,66,88,97,62,44,97,81,91,72,72,72,78,6,47,78,100,41,14,56,88,31,41,88,12,41,47,47,52,52,52,97,91,41,89,41,97,25,72,59,81,84,88,88,91,94,97,97,94,Süper Lig
Fenerbahçe,8lroq0cbhdxj8124qtxwrhvmm,asvqr3i5wcjiajxipt1qvldyh,M. Guendouzi,Mattéo Guendouzi,27,Midfielder,France,Midfielder,41.0,102.0,141.0,5.0,180.0,9.0,1.0,1.0,4.0,1.0,3.0,0.0,1.0,2.0,1.0,1.0,1.0,0.0,0.0,3.0,1.0,0.0,0.0,0.0,0.0,0.0,0.0,92.76,75.0,33.33,0.0,0.0,36.36,0.0,50.0,0.105734787035037,0.4990530514797858,0.0,8.0,0.1774338,3.0,27.0,26.0,0.70693926,82.0,20.5,51.0,70.5,2.5,4.5,0.5,0.5,2.0,0.5,1.5,0.0,0.5,1.0,0.5,0.5,0.5,0.0,0.0,1.5,0.5,0.0,0.0,0.0,0.0,0.0,0.0,92.76,75.0,33.33,0.0,0.0,36.36,0.0,50.0,0.0528673935175185,0.2495265257398929,0.0,4.0,0.0887169,1.5,13.5,13.0,0.35346963,41.0,DM/CM,72,100,100,100,94,64,64,31,31,80,31,44,97,44,52,78,31,41,91,36,41,47,47,52,52,52,91,77,88,31,41,19,25,48,56,100,33,95,94,86,100,100,100,100,50,100,100,100,88,50,50,23,16,69,31,31,94,30,41,64,31,41,81,27,41,47,47,52,52,52,91,77,88,31,41,19,25,48,47,100,33,91,91,80,100,100,100,100,Süper Lig
Galatasaray,esa748l653sss1wurz5ps3228,1h5s7q9ezqulz6mvvc9981vc9,Y. Akgün,Yunus Akgün,26,Attacker,Türkiye,Striker,15.0,49.0,58.0,8.0,156.0,2.0,7.0,7.0,7.0,0.0,1.0,4.0,0.0,6.0,0.0,6.0,4.0,2.0,2.0,8.0,3.0,2.0,1.0,0.0,0.0,0.0,0.0,85.29,66.67,54.55,57.14,33.33,41.18,0.0,0.0,0.6564337516573835,0.6644449862236927,0.0,9.0,0.24486787,5.0,7.0,15.0,0.6683057099999999,34.0,8.653846153846153,28.269230769230766,33.46153846153846,4.615384615384615,1.1538461538461535,4.038461538461538,4.038461538461538,4.038461538461538,0.0,0.5769230769230769,2.3076923076923075,0.0,3.461538461538461,0.0,3.461538461538461,2.3076923076923075,1.1538461538461535,1.1538461538461535,4.615384615384615,1.7307692307692306,1.1538461538461535,0.5769230769230769,0.0,0.0,0.0,0.0,85.29,66.67,54.55,57.14,33.33,41.18,0.0,0.0,0.3787117798023366,0.3833336458982843,0.0,5.1923076923076925,0.141269925,2.8846153846153846,4.038461538461538,8.653846153846153,0.3855609865384615,19.615384615384613,ST,88,97,97,100,90,93,93,42,30,72,95,25,100,12,77,70,73,75,82,67,73,75,43,52,52,52,90,82,93,77,70,43,15,25,73,100,17,97,97,100,98,100,100,100,83,100,97,100,93,93,93,33,30,73,97,25,100,12,77,63,80,77,67,63,73,73,43,52,52,52,90,82,93,77,70,43,15,25,73,100,17,100,97,100,97,100,100,100,Süper Lig
Galatasaray,esa748l653sss1wurz5ps3228,1wynwp4x95o9w5tt4cdog6i1,V. Osimhen,Victor Osimhen,27,Attacker,Nigeria,Striker,3.0,10.0,12.0,3.0,180.0,0.0,4.0,4.0,9.0,0.0,1.0,1.0,0.0,1.0,7.0,16.0,14.0,2.0,7.0,22.0,1.0,3.0,4.0,1.0,0.0,0.0,0.0,85.71,0.0,50.0,25.0,43.75,56.25,70.0,0.0,2.911697857777297,0.4340733142121716,2.0,3.0,0.12960663,0.0,0.0,0.0,0.11644408,5.0,1.5,5.0,6.0,1.5,0.0,2.0,2.0,4.5,0.0,0.5,0.5,0.0,0.5,3.5,8.0,7.0,1.0,3.5,11.0,0.5,1.5,2.0,0.5,0.0,0.0,0.0,85.71,0.0,50.0,25.0,43.75,56.25,70.0,0.0,1.4558489288886485,0.2170366571060858,1.0,1.5,0.064803315,0.0,0.0,0.0,0.05822204,2.5,ST,8,37,18,82,28,83,83,57,30,72,58,25,80,87,100,100,73,100,100,28,92,100,93,52,52,52,93,28,88,42,87,80,83,25,100,93,77,72,83,30,13,10,70,38,7,20,10,73,28,75,72,40,30,57,38,25,75,83,100,100,60,100,100,17,87,100,87,52,52,52,93,28,88,42,87,80,83,25,100,87,60,67,80,30,13,10,67,27,Süper Lig
Galatasaray,esa748l653sss1wurz5ps3228,4603xrdk721lqhd1ejn62x5n9,L. Sané,Leroy Sané,30,Attacker,Germany,Striker,15.0,32.0,47.0,2.0,113.0,1.0,11.0,11.0,7.0,0.0,0.0,7.0,0.0,0.0,0.0,4.0,2.0,2.0,3.0,6.0,0.0,1.0,0.0,0.0,0.0,0.0,0.0,87.04,50.0,0.0,63.64,75.0,53.85,0.0,0.0,0.2833523566540921,0.184373567708887,3.0,5.0,0.1303426399999999,2.0,5.0,3.0,0.11348995,25.0,11.946902654867255,25.48672566371681,37.43362831858407,1.592920353982301,0.7964601769911505,8.761061946902656,8.761061946902656,5.575221238938053,0.0,0.0,5.575221238938053,0.0,0.0,0.0,3.185840707964602,1.592920353982301,1.592920353982301,2.3893805309734515,4.778761061946903,0.0,0.7964601769911505,0.0,0.0,0.0,0.0,0.0,87.04,50.0,0.0,63.64,75.0,53.85,0.0,0.0,0.2256788681315777,0.14684620436991,2.3893805309734515,3.982300884955752,0.1038127221238937,1.592920353982301,3.982300884955752,2.3893805309734515,0.0903902256637168,19.91150442477876,RW,60,73,60,30,47,100,100,40,20,27,100,27,20,23,77,60,90,83,73,10,77,37,43,53,53,53,93,50,20,67,83,67,33,27,73,33,90,70,73,80,67,50,33,70,67,80,80,47,47,100,100,60,20,27,100,27,20,23,87,67,100,93,80,10,87,37,43,53,53,53,93,50,20,67,83,67,33,27,80,60,93,80,73,93,73,60,40,87,Süper Lig
Galatasaray,esa748l653sss1wurz5ps3228,4k0ni039sbjs4sqipk4v7k79x,D. Sánchez,Davinson Sánchez,30,Defender,Colombia,Defender,75.0,61.0,136.0,2.0,161.0,5.0,1.0,1.0,6.0,7.0,1.0,1.0,0.0,0.0,3.0,0.0,0.0,0.0,0.0,0.0,2.0,0.0,0.0,0.0,0.0,0.0,0.0,90.07,41.67,0.0,100.0,0.0,54.55,0.0,0.0,0.0,0.1111697280813861,0.0,2.0,0.04097836,3.0,15.0,19.0,0.3433901099999996,100.0,41.92546583850932,34.099378881987576,76.02484472049689,1.1180124223602483,2.795031055900621,0.5590062111801242,0.5590062111801242,3.354037267080745,3.913043478260869,0.5590062111801242,0.5590062111801242,0.0,0.0,1.6770186335403725,0.0,0.0,0.0,0.0,0.0,1.1180124223602483,0.0,0.0,0.0,0.0,0.0,0.0,90.07,41.67,0.0,100.0,0.0,54.55,0.0,0.0,0.0,0.0621445684927003,0.0,1.1180124223602483,0.0229071577639751,1.6770186335403725,8.385093167701863,10.62111801242236,0.1919572043478258,55.90062111801242,CB,70,97,87,93,57,61,61,33,44,19,74,21,44,43,21,26,39,39,20,77,47,51,47,49,51,51,51,33,44,84,39,40,16,21,21,83,41,87,86,100,97,100,100,91,77,97,97,94,57,74,74,37,34,29,80,21,44,49,21,26,39,39,20,80,47,51,47,49,51,51,51,33,44,84,39,40,16,21,21,80,41,89,83,100,94,100,97,97,Süper Lig
Galatasaray,esa748l653sss1wurz5ps3228,6q0iuwoa8olkezlg4vo04je5m,B. Yılmaz,Baris Alper Yilmaz,26,Attacker,Türkiye,Striker,8.0,29.0,36.0,4.0,180.0,3.0,10.0,10.0,11.0,0.0,1.0,1.0,2.0,1.0,4.0,5.0,4.0,1.0,0.0,15.0,4.0,1.0,0.0,0.0,0.0,0.0,0.0,81.82,75.0,11.11,10.0,0.0,36.67,50.0,100.0,0.5335914996531073,0.4530419582081478,1.0,5.0,0.1639781699999999,3.0,4.0,7.0,0.5059344699999999,19.0,4.0,14.5,18.0,2.0,1.5,5.0,5.0,5.5,0.0,0.5,0.5,1.0,0.5,2.0,2.5,2.0,0.5,0.0,7.5,2.0,0.5,0.0,0.0,0.0,0.0,0.0,81.82,75.0,11.11,10.0,0.0,36.67,50.0,100.0,0.2667957498265536,0.2265209791040739,0.5,2.5,0.0819890849999999,1.5,2.0,3.5,0.2529672349999999,9.5,ST,45,90,88,95,97,97,97,77,30,72,58,88,80,62,60,70,40,22,97,87,48,32,43,52,52,52,73,87,77,37,22,33,62,83,57,97,45,88,90,93,85,87,97,93,37,87,70,87,97,97,97,63,30,57,38,82,75,48,47,53,23,22,97,73,37,32,43,52,52,52,73,87,77,37,22,33,62,83,47,93,33,83,87,87,80,87,93,87,Süper Lig
Galatasaray,esa748l653sss1wurz5ps3228,9bqv99e39z86mn7dq3wnyt90p,I. Jakobs,Ismail Jakobs,27,Defender,Senegal,Defender,15.0,27.0,41.0,2.0,137.0,0.0,0.0,0.0,5.0,0.0,0.0,0.0,2.0,1.0,0.0,0.0,0.0,0.0,0.0,1.0,0.0,0.0,0.0,0.0,0.0,0.0,0.0,93.18,0.0,16.67,0.0,0.0,55.56,0.0,40.0,0.0,0.0879991920279475,0.0,0.0,0.0,1.0,5.0,6.0,0.1355907999999999,18.0,9.854014598540148,17.737226277372265,26.934306569343068,1.3138686131386863,0.0,0.0,0.0,3.2846715328467155,0.0,0.0,0.0,1.3138686131386863,0.6569343065693432,0.0,0.0,0.0,0.0,0.0,0.6569343065693432,0.0,0.0,0.0,0.0,0.0,0.0,0.0,93.18,0.0,16.67,0.0,0.0,55.56,0.0,40.0,0.0,0.0578096881935421,0.0,0.0,0.0,0.6569343065693432,3.2846715328467155,3.9416058394160585,0.0890742481751824,11.824817518248176,LB/LCB,22,48,20,72,5,22,20,25,5,18,32,38,68,18,20,30,35,38,32,22,40,50,48,50,52,52,100,5,62,32,38,48,20,30,20,55,30,18,18,62,57,70,40,35,10,55,25,75,5,22,20,25,5,18,32,40,80,18,20,30,35,38,40,22,40,50,48,50,52,52,100,5,62,32,38,48,20,30,20,55,30,18,18,75,60,65,35,35,Süper Lig
Galatasaray,esa748l653sss1wurz5ps3228,a86j56bn5wd6k9ut7ltf6whgq,Gabriel Sara,Gabriel Davi Gomes Sara,27,Midfielder,Brazil,Midfielder,22.0,66.0,81.0,10.0,180.0,3.0,4.0,4.0,4.0,0.0,1.0,2.0,1.0,7.0,0.0,6.0,1.0,5.0,2.0,6.0,0.0,3.0,0.0,2.0,0.0,0.0,0.0,81.82,75.0,46.67,50.0,33.33,23.53,0.0,50.0,0.4848413405209502,1.4022149441121017,4.0,8.0,0.23189731,5.0,7.0,8.0,0.33211707,41.0,11.0,33.0,40.5,5.0,1.5,2.0,2.0,2.0,0.0,0.5,1.0,0.5,3.5,0.0,3.0,0.5,2.5,1.0,3.0,0.0,1.5,0.0,1.0,0.0,0.0,0.0,81.82,75.0,46.67,50.0,33.33,23.53,0.0,50.0,0.2424206702604751,0.7011074720560508,2.0,4.0,0.115948655,2.5,3.5,4.0,0.166058535,20.5,CM/AM,83,89,83,94,64,81,78,31,28,81,78,50,97,28,86,42,94,83,64,22,92,39,100,53,53,53,33,67,78,64,67,11,33,56,83,100,94,97,94,100,69,67,78,83,72,78,67,94,61,75,69,22,28,75,72,39,97,28,78,31,86,83,53,22,78,39,100,53,53,53,33,67,78,64,67,11,33,56,78,100,89,83,78,94,64,61,67,67,Süper Lig
Galatasaray,esa748l653sss1wurz5ps3228,adwfwvdij6onaszluqocifahh,A. Bardakcı,Abdülkerim Bardakci,31,Defender,Türkiye,Defender,87.0,50.0,136.0,0.0,174.0,4.0,0.0,0.0,7.0,9.0,2.0,0.0,0.0,1.0,6.0,3.0,2.0,1.0,1.0,3.0,1.0,0.0,0.0,0.0,0.0,0.0,0.0,90.67,44.44,100.0,0.0,33.33,41.18,46.15,0.0,0.3399284976946243,0.0,1.0,2.0,0.04725549,1.0,11.0,12.0,0.3147664999999998,93.0,45.0,25.86206896551724,70.34482758620689,0.0,2.0689655172413794,0.0,0.0,3.6206896551724137,4.655172413793103,1.0344827586206895,0.0,0.0,0.5172413793103449,3.103448275862069,1.5517241379310345,1.0344827586206895,0.5172413793103449,0.5172413793103449,1.5517241379310345,0.5172413793103449,0.0,0.0,0.0,0.0,0.0,0.0,90.67,44.44,100.0,0.0,33.33,41.18,46.15,0.0,0.1758250850144608,0.0,0.5172413793103449,1.0344827586206895,0.0244424948275862,0.5172413793103449,5.689655172413793,6.206896551724138,0.1628102586206895,48.10344827586207,CB,91,81,87,27,41,20,20,44,56,47,30,21,93,87,93,90,87,86,84,49,47,51,47,49,51,51,57,40,99,30,80,29,50,21,97,31,91,87,91,83,84,89,94,89,91,86,89,27,40,20,20,46,49,49,30,21,91,83,94,91,94,86,86,57,47,51,47,49,51,51,57,40,99,30,80,29,50,21,97,31,97,86,86,83,83,86,89,86,Süper Lig
Galatasaray,esa748l653sss1wurz5ps3228,cp5hkhz2p2twjtiw8vphfv9hx,L. Torreira,Lucas Torreira,30,Midfielder,Uruguay,Midfielder,48.0,63.0,111.0,3.0,165.0,5.0,1.0,1.0,10.0,1.0,4.0,1.0,5.0,0.0,0.0,0.0,0.0,0.0,0.0,1.0,2.0,0.0,0.0,1.0,0.0,0.0,0.0,90.98,55.56,0.0,100.0,0.0,71.43,0.0,71.43,0.0,0.1629750704649002,0.0,5.0,0.1020114,4.0,11.0,6.0,0.2314207399999999,59.0,26.181818181818183,34.36363636363637,60.54545454545455,1.6363636363636365,2.7272727272727275,0.5454545454545455,0.5454545454545455,5.454545454545455,0.5454545454545455,2.181818181818182,0.5454545454545455,2.7272727272727275,0.0,0.0,0.0,0.0,0.0,0.0,0.5454545454545455,1.090909090909091,0.0,0.0,0.5454545454545455,0.0,0.0,0.0,90.98,55.56,0.0,100.0,0.0,71.43,0.0,71.43,0.0,0.0888954929808546,0.0,2.7272727272727275,0.0556425818181818,2.181818181818182,6.0,3.272727272727273,0.1262294945454544,32.18181818181818,DM/CM,86,94,94,91,67,64,64,75,31,92,73,92,41,14,20,31,31,41,61,64,41,47,97,52,52,52,72,39,41,89,41,100,25,62,20,91,33,86,88,94,88,61,78,89,78,88,94,84,58,58,58,69,27,89,66,91,41,14,20,31,31,41,59,61,41,47,94,52,52,52,72,39,41,89,41,100,25,62,20,88,33,84,84,94,84,56,81,91,Süper Lig
Galatasaray,esa748l653sss1wurz5ps3228,dglkt5h4m18p1qcj2uhqymvv9,R. Sallai,Roland Sallai,29,Attacker,Hungary,Striker,33.0,41.0,73.0,3.0,156.0,4.0,1.0,2.0,8.0,1.0,2.0,0.0,1.0,1.0,3.0,4.0,3.0,1.0,1.0,3.0,4.0,0.0,1.0,0.0,0.0,0.0,0.0,86.9,57.14,12.5,0.0,25.0,57.14,0.0,100.0,0.4379218270217311,0.2342535797488082,1.0,3.0,0.0617939,2.0,9.0,10.0,0.25322305,37.0,19.038461538461537,23.65384615384616,42.11538461538461,1.7307692307692306,2.3076923076923075,0.5769230769230769,1.1538461538461535,4.615384615384615,0.5769230769230769,1.1538461538461535,0.0,0.5769230769230769,0.5769230769230769,1.7307692307692306,2.3076923076923075,1.7307692307692306,0.5769230769230769,0.5769230769230769,1.7307692307692306,2.3076923076923075,0.0,0.5769230769230769,0.0,0.0,0.0,0.0,86.9,57.14,12.5,0.0,25.0,57.14,0.0,100.0,0.2526472078971525,0.1351462960089278,0.5769230769230769,1.7307692307692306,0.0356503269230769,1.1538461538461535,5.1923076923076925,5.769230769230769,0.1460902211538461,21.346153846153847,RW,100,87,100,57,73,10,17,53,53,87,10,67,47,87,77,83,53,47,33,83,30,77,43,53,53,53,87,67,47,10,43,77,33,97,87,53,33,43,20,80,93,87,60,100,100,73,87,60,73,13,13,33,53,87,10,73,47,87,73,80,53,47,33,80,30,80,43,53,53,53,87,67,47,10,43,77,33,97,87,53,40,53,27,80,87,80,67,93,Süper Lig
Gaziantep,2agzb2h4ppg7lfz9hn7eg1rqo,2oelg4qzc5due7w9ue0af26l1,M. Abena,Myenty Abena,31,Defender,Suriname,Defender,73.0,8.0,81.0,0.0,180.0,0.0,0.0,0.0,6.0,14.0,1.0,0.0,0.0,0.0,4.0,0.0,0.0,0.0,0.0,0.0,1.0,0.0,0.0,0.0,0.0,0.0,0.0,96.43,0.0,0.0,0.0,0.0,37.5,40.0,0.0,0.0,0.0,0.0,0.0,0.0,0.0,0.0,0.0,0.0,0.0,36.5,4.0,40.5,0.0,0.0,0.0,0.0,3.0,7.0,0.5,0.0,0.0,0.0,2.0,0.0,0.0,0.0,0.0,0.0,0.5,0.0,0.0,0.0,0.0,0.0,0.0,96.43,0.0,0.0,0.0,0.0,37.5,40.0,0.0,0.0,0.0,0.0,0.0,0.0,0.0,0.0,0.0,0.0,0.0,CB,66,7,49,27,4,20,20,33,83,19,30,21,44,61,21,26,39,39,20,49,47,51,47,49,51,51,97,4,44,30,39,16,43,21,21,31,41,33,33,36,16,17,14,14,63,7,40,27,4,20,20,27,80,17,30,21,44,57,21,26,39,39,20,44,47,51,47,49,51,51,97,4,44,30,39,16,43,21,21,31,41,33,33,36,16,17,14,14,Süper Lig
Gaziantep,2agzb2h4ppg7lfz9hn7eg1rqo,411co2wtciic1m7u5cng9bjvu,T. Stewart,Trivante Stewart,26,Attacker,Jamaica,Striker,7.0,4.0,11.0,0.0,146.0,1.0,2.0,2.0,12.0,1.0,0.0,1.0,2.0,0.0,4.0,5.0,4.0,1.0,0.0,4.0,4.0,2.0,0.0,0.0,0.0,0.0,0.0,68.75,50.0,0.0,50.0,0.0,80.0,80.0,66.67,0.5168230758448273,0.0,1.0,0.0,0.0,0.0,1.0,2.0,0.03897955,4.0,4.315068493150685,2.4657534246575343,6.780821917808219,0.0,0.6164383561643836,1.2328767123287672,1.2328767123287672,7.397260273972603,0.6164383561643836,0.0,0.6164383561643836,1.2328767123287672,0.0,2.4657534246575343,3.0821917808219177,2.4657534246575343,0.6164383561643836,0.0,2.4657534246575343,2.4657534246575343,1.2328767123287672,0.0,0.0,0.0,0.0,0.0,68.75,50.0,0.0,50.0,0.0,80.0,80.0,66.67,0.3185895673016058,0.0,0.6164383561643836,0.0,0.0,0.0,0.6164383561643836,1.2328767123287672,0.0240284897260273,2.4657534246575343,ST,35,10,13,13,70,47,42,82,72,27,58,88,37,62,60,70,40,22,33,87,73,32,43,52,52,52,37,70,37,68,22,100,93,60,53,15,45,20,20,30,37,52,43,27,47,10,17,13,73,47,43,83,77,27,57,93,37,60,67,70,43,22,37,90,80,32,43,52,52,52,37,70,37,68,22,100,93,60,63,15,47,20,20,30,40,57,37,23,Süper Lig
Gaziantep,2agzb2h4ppg7lfz9hn7eg1rqo,69si1rilm33sa8qlc6s3hwclx,F. Ștefan,Florin Stefan,30,Defender,Romania,Defender,36.0,25.0,61.0,1.0,180.0,3.0,0.0,1.0,7.0,2.0,2.0,0.0,0.0,0.0,1.0,1.0,1.0,0.0,1.0,3.0,2.0,0.0,0.0,0.0,0.0,0.0,0.0,77.22,42.86,0.0,0.0,100.0,43.75,0.0,0.0,0.0608276398377412,0.0416453163998327,0.0,1.0,0.01870347,0.0,2.0,2.0,0.03603941,14.0,18.0,12.5,30.5,0.5,1.5,0.0,0.5,3.5,1.0,1.0,0.0,0.0,0.0,0.5,0.5,0.5,0.0,0.5,1.5,1.0,0.0,0.0,0.0,0.0,0.0,0.0,77.22,42.86,0.0,0.0,100.0,43.75,0.0,0.0,0.0304138199188706,0.0208226581999163,0.0,0.5,0.009351735,0.0,1.0,1.0,0.018019705,7.0,LB/LCB,60,40,55,52,45,22,48,48,20,72,32,12,28,45,50,65,35,85,70,70,40,50,48,50,52,52,20,57,28,32,100,10,20,12,55,50,30,38,35,25,35,30,25,30,52,35,45,48,42,22,42,30,18,70,32,12,28,42,42,62,35,82,55,62,40,50,48,50,52,52,20,57,28,32,100,10,20,12,45,50,30,35,35,25,35,30,25,28,Süper Lig
Gaziantep,2agzb2h4ppg7lfz9hn7eg1rqo,6coyybit0i45dhhx3iddfud49,U. Meleke,Ulrich Meleke,27,Midfielder,Côte d'Ivoire,Midfielder,81.0,18.0,99.0,0.0,168.0,12.0,1.0,1.0,7.0,8.0,3.0,1.0,4.0,0.0,1.0,0.0,0.0,0.0,0.0,1.0,1.0,0.0,0.0,0.0,0.0,0.0,0.0,91.67,75.0,0.0,100.0,0.0,41.18,20.0,100.0,0.0,0.0,0.0,0.0,0.0,0.0,0.0,0.0,0.0,0.0,43.39285714285714,9.642857142857142,53.035714285714285,0.0,6.428571428571429,0.5357142857142857,0.5357142857142857,3.75,4.285714285714286,1.6071428571428572,0.5357142857142857,2.142857142857143,0.0,0.5357142857142857,0.0,0.0,0.0,0.0,0.5357142857142857,0.5357142857142857,0.0,0.0,0.0,0.0,0.0,0.0,91.67,75.0,0.0,100.0,0.0,41.18,20.0,100.0,0.0,0.0,0.0,0.0,0.0,0.0,0.0,0.0,0.0,0.0,LM/LCM,100,60,100,40,100,30,30,60,100,100,60,100,50,60,20,20,40,40,30,40,40,50,60,60,60,60,80,40,50,100,40,60,80,90,20,40,30,20,20,30,20,20,20,20,100,60,100,40,100,20,20,60,100,100,60,100,50,60,20,20,40,40,20,40,40,50,60,60,60,60,80,40,50,100,40,60,80,90,20,40,30,20,20,30,20,20,20,20,Süper Lig
Gaziantep,2agzb2h4ppg7lfz9hn7eg1rqo,6svx5u21jrcch3ewpqqbxukmh,J. Bacuna,Juninho Bacuna,29,Midfielder,Curaçao,Midfielder,48.0,20.0,68.0,1.0,134.0,10.0,0.0,0.0,13.0,1.0,2.0,0.0,3.0,0.0,3.0,4.0,1.0,3.0,0.0,1.0,4.0,1.0,0.0,1.0,0.0,0.0,0.0,85.0,76.92,0.0,0.0,0.0,59.09,60.0,50.0,0.3062817008220081,0.0,3.0,2.0,0.04347372,0.0,6.0,3.0,0.0631795299999998,33.0,32.23880597014925,13.43283582089552,45.67164179104478,0.6716417910447761,6.716417910447761,0.0,0.0,8.73134328358209,0.6716417910447761,1.343283582089552,0.0,2.014925373134328,0.0,2.014925373134328,2.686567164179104,0.6716417910447761,2.014925373134328,0.0,0.6716417910447761,2.686567164179104,0.6716417910447761,0.0,0.6716417910447761,0.0,0.0,0.0,85.0,76.92,0.0,0.0,0.0,59.09,60.0,50.0,0.2057115901043338,0.0,2.014925373134328,1.343283582089552,0.0291987671641791,0.0,4.029850746268656,2.014925373134328,0.042434012686567,22.16417910447761,DM/CM,86,31,61,53,100,25,25,88,31,61,31,78,41,89,100,78,97,41,61,89,89,47,97,52,52,52,41,81,41,31,41,69,91,48,97,20,100,56,53,28,50,36,34,56,91,25,66,62,97,25,25,94,41,66,31,84,41,91,100,84,100,41,66,91,97,47,100,52,52,52,41,81,41,31,41,69,91,48,97,20,100,56,59,28,56,38,34,59,Süper Lig
Gaziantep,2agzb2h4ppg7lfz9hn7eg1rqo,7nk0a34pfkkcvzo1ca9bl8sbu,D. Camara,Drissa Camara,24,Midfielder,Côte d'Ivoire,Midfielder,15.0,16.0,30.0,1.0,158.0,2.0,3.0,4.0,10.0,0.0,1.0,1.0,2.0,1.0,0.0,6.0,3.0,3.0,3.0,8.0,7.0,1.0,0.0,0.0,0.0,0.0,0.0,75.0,50.0,100.0,33.33,50.0,55.56,0.0,100.0,0.4877264270062768,0.0508356620802709,2.0,2.0,0.0535479299999999,0.0,0.0,0.0,0.2519220699999999,16.0,8.544303797468354,9.113924050632912,17.088607594936708,0.569620253164557,1.139240506329114,1.7088607594936709,2.278481012658228,5.69620253164557,0.0,0.569620253164557,0.569620253164557,1.139240506329114,0.569620253164557,0.0,3.4177215189873418,1.7088607594936709,1.7088607594936709,1.7088607594936709,4.556962025316456,3.987341772151898,0.569620253164557,0.0,0.0,0.0,0.0,0.0,75.0,50.0,100.0,33.33,50.0,55.56,0.0,100.0,0.2778188508263602,0.0289570227039517,1.139240506329114,1.139240506329114,0.0305019854430379,0.0,0.0,0.0,0.1434999132911391,9.113924050632912,CM/AM,64,17,19,17,50,61,78,92,28,81,47,81,47,28,86,83,75,94,89,100,47,39,39,53,53,53,11,33,100,39,89,78,33,86,89,17,72,28,22,14,8,11,56,39,50,17,17,17,44,56,83,89,28,83,39,83,44,28,83,83,67,94,78,100,50,39,39,53,53,53,11,33,100,39,89,78,33,86,89,17,72,22,22,14,8,11,50,28,Süper Lig
Gaziantep,2agzb2h4ppg7lfz9hn7eg1rqo,ahrnav5hhvd8fy2h0h9h77ug9,D. Sorescu,Deian Sorescu,28,Defender,Romania,Defender,32.0,27.0,56.0,5.0,176.0,5.0,2.0,3.0,9.0,4.0,4.0,1.0,1.0,3.0,1.0,2.0,2.0,0.0,2.0,4.0,4.0,0.0,2.0,0.0,0.0,0.0,0.0,75.68,55.56,50.0,50.0,100.0,52.94,0.0,33.33,0.1455582360222146,0.6241161570525864,2.0,3.0,0.09904444,1.0,3.0,4.0,0.6799081499999999,27.0,16.363636363636363,13.806818181818182,28.63636363636364,2.556818181818182,2.556818181818182,1.0227272727272727,1.5340909090909092,4.602272727272728,2.0454545454545454,2.0454545454545454,0.5113636363636364,0.5113636363636364,1.5340909090909092,0.5113636363636364,1.0227272727272727,1.0227272727272727,0.0,1.0227272727272727,2.0454545454545454,2.0454545454545454,0.0,1.0227272727272727,0.0,0.0,0.0,0.0,75.68,55.56,50.0,50.0,100.0,52.94,0.0,33.33,0.0744331888749961,0.3191503075837089,1.0227272727272727,1.5340909090909092,0.050647725,0.5113636363636364,1.5340909090909092,2.0454545454545454,0.3476803039772727,13.806818181818182,RW,93,60,80,90,83,23,33,67,87,97,27,67,83,57,33,60,17,63,47,83,30,93,43,53,53,53,47,60,90,43,97,60,33,53,33,100,63,43,60,43,57,63,100,87,93,53,60,80,80,20,20,27,87,100,27,53,80,53,33,60,17,60,40,73,30,87,43,53,53,53,47,60,90,43,97,60,33,53,27,87,60,47,47,33,53,53,93,67,Süper Lig
Gaziantep,2agzb2h4ppg7lfz9hn7eg1rqo,b630wiid83tw53e325x2g0c0l,A. Maxim,Alexandru Maxim,36,Midfielder,Romania,Midfielder,48.0,59.0,104.0,3.0,180.0,17.0,0.0,0.0,6.0,1.0,0.0,0.0,2.0,3.0,0.0,1.0,0.0,1.0,0.0,0.0,0.0,1.0,0.0,0.0,0.0,0.0,0.0,89.66,80.95,50.0,0.0,0.0,46.15,0.0,33.33,0.0362604562332638,0.2266201244928773,0.0,3.0,0.06207,3.0,7.0,14.0,0.17868843,66.0,24.0,29.5,52.0,1.5,8.5,0.0,0.0,3.0,0.5,0.0,0.0,1.0,1.5,0.0,0.5,0.0,0.5,0.0,0.0,0.0,0.5,0.0,0.0,0.0,0.0,0.0,89.66,80.95,50.0,0.0,0.0,46.15,0.0,33.33,0.0181302281166319,0.1133100622464386,0.0,1.5,0.031035,1.5,3.5,7.0,0.089344215,33.0,CM/AM,100,83,94,50,100,8,8,56,61,36,14,81,83,28,17,14,50,22,6,22,47,39,39,53,53,53,67,83,89,14,22,44,33,39,11,56,25,39,28,72,69,89,44,94,100,72,94,33,100,8,8,39,56,36,14,72,75,28,11,14,39,22,6,22,33,39,39,53,53,53,67,83,89,14,22,44,33,39,11,33,25,33,28,64,64,83,33,94,Süper Lig
Gaziantep,2agzb2h4ppg7lfz9hn7eg1rqo,d8v7fh30bn0rbhj0lgn1j17th,Luis Pérez,Luis Jesús Pérez Maqueda,31,Defender,Spain,Defender,74.0,38.0,111.0,0.0,180.0,11.0,0.0,0.0,8.0,19.0,3.0,0.0,1.0,1.0,3.0,0.0,0.0,0.0,0.0,0.0,4.0,0.0,0.0,0.0,0.0,0.0,0.0,87.4,50.0,50.0,0.0,0.0,53.33,60.0,100.0,0.0,0.0,0.0,0.0,0.0,0.0,0.0,0.0,0.0,0.0,37.0,19.0,55.5,0.0,5.5,0.0,0.0,4.0,9.5,1.5,0.0,0.5,0.5,1.5,0.0,0.0,0.0,0.0,0.0,2.0,0.0,0.0,0.0,0.0,0.0,0.0,87.4,50.0,50.0,0.0,0.0,53.33,60.0,100.0,0.0,0.0,0.0,0.0,0.0,0.0,0.0,0.0,0.0,0.0,RB/RCB,100,81,94,25,100,25,25,78,100,69,31,38,66,72,22,28,44,34,16,94,47,47,41,47,53,53,56,62,94,31,34,59,94,75,22,25,44,25,25,38,19,19,19,19,88,75,94,25,100,25,25,62,100,62,31,31,56,69,22,28,44,34,16,88,47,47,41,47,53,53,56,62,94,31,34,59,94,75,22,25,44,25,25,38,19,19,19,19,Süper Lig
Gaziantep,2agzb2h4ppg7lfz9hn7eg1rqo,dvof4p3jx1gi6i9uelbmudl62,K. Kozłowski,Kacper Kozlowski,22,Midfielder,Poland,Midfielder,32.0,24.0,55.0,3.0,158.0,3.0,3.0,5.0,9.0,0.0,2.0,1.0,1.0,1.0,2.0,2.0,1.0,1.0,1.0,6.0,5.0,0.0,0.0,0.0,0.0,0.0,0.0,82.09,75.0,20.0,33.33,50.0,39.13,28.57,100.0,0.0,0.0,0.0,0.0,0.0,0.0,0.0,0.0,0.0,0.0,18.227848101265824,13.670886075949369,31.329113924050635,1.7088607594936709,1.7088607594936709,1.7088607594936709,2.848101265822785,5.1265822784810124,0.0,1.139240506329114,0.569620253164557,0.569620253164557,0.569620253164557,1.139240506329114,1.139240506329114,0.569620253164557,0.569620253164557,0.569620253164557,3.4177215189873418,2.848101265822785,0.0,0.0,0.0,0.0,0.0,0.0,82.09,75.0,20.0,33.33,50.0,39.13,28.57,100.0,0.0,0.0,0.0,0.0,0.0,0.0,0.0,0.0,0.0,0.0,RM/RCM,100,67,67,83,83,83,100,67,33,83,67,50,67,100,100,100,83,100,100,100,50,67,67,67,67,67,67,100,100,67,100,67,100,100,50,50,50,33,33,50,33,33,33,33,100,67,67,100,100,100,100,67,33,100,67,67,67,100,100,100,100,100,100,100,50,67,67,67,67,67,67,100,100,67,100,67,100,100,50,50,50,33,33,50,33,33,33,33,Süper Lig
Gençlerbirliği,embqktr41hfzczc8uav1scmcn,2crf3grf6kbl06ol0bn3k006h,S. Koïta,Sékou Koita,26,Attacker,Mali,Striker,7.0,12.0,18.0,2.0,170.0,1.0,4.0,4.0,5.0,6.0,0.0,1.0,0.0,1.0,4.0,5.0,3.0,2.0,1.0,4.0,0.0,2.0,1.0,1.0,0.0,0.0,0.0,66.67,100.0,100.0,25.0,20.0,22.73,36.36,0.0,0.6891656230453712,0.2293977208288947,2.0,0.0,0.0,0.0,3.0,4.0,0.1328789899999999,8.0,3.7058823529411766,6.352941176470589,9.529411764705882,1.0588235294117647,0.5294117647058824,2.117647058823529,2.117647058823529,2.647058823529412,3.1764705882352944,0.0,0.5294117647058824,0.0,0.5294117647058824,2.117647058823529,2.647058823529412,1.5882352941176472,1.0588235294117647,0.5294117647058824,2.117647058823529,0.0,1.0588235294117647,0.5294117647058824,0.5294117647058824,0.0,0.0,0.0,66.67,100.0,100.0,25.0,20.0,22.73,36.36,0.0,0.3648523886710789,0.1214458522035324,1.0588235294117647,0.0,0.0,0.0,1.5882352941176472,2.117647058823529,0.0703477005882352,4.235294117647059,ST,35,45,47,63,70,83,83,28,100,27,58,25,80,62,60,52,73,55,33,8,73,75,93,52,52,52,28,97,98,42,45,10,47,25,77,80,77,20,20,30,75,77,77,58,30,40,33,67,63,83,80,20,93,27,47,25,83,53,53,47,73,43,33,8,67,70,93,52,52,52,28,97,98,42,45,10,47,25,70,73,77,20,20,30,67,73,77,53,Süper Lig
Gençlerbirliği,embqktr41hfzczc8uav1scmcn,5aj96k6qtm9x7jbsl5b4sarkk,O. Diabate,Ousmane Diabate,18,Midfielder,Guinea,Midfielder,39.0,18.0,57.0,1.0,165.0,5.0,0.0,0.0,7.0,5.0,1.0,0.0,3.0,0.0,2.0,1.0,0.0,1.0,0.0,0.0,2.0,1.0,0.0,0.0,0.0,0.0,0.0,83.82,50.0,0.0,0.0,0.0,46.67,0.0,100.0,0.0458491956799428,0.0509943248499297,1.0,0.0,0.0,0.0,4.0,3.0,0.05853208,32.0,21.27272727272728,9.818181818181818,31.090909090909093,0.5454545454545455,2.7272727272727275,0.0,0.0,3.8181818181818175,2.7272727272727275,0.5454545454545455,0.0,1.6363636363636365,0.0,1.090909090909091,0.5454545454545455,0.0,0.5454545454545455,0.0,0.0,1.090909090909091,0.5454545454545455,0.0,0.0,0.0,0.0,0.0,83.82,50.0,0.0,0.0,0.0,46.67,0.0,100.0,0.0250086521890597,0.0278150862817798,0.5454545454545455,0.0,0.0,0.0,2.181818181818182,1.6363636363636365,0.031926589090909,17.454545454545457,DM/CM,69,25,47,53,67,25,25,61,88,33,31,78,41,73,52,31,69,41,25,64,89,47,47,52,52,52,28,30,41,31,41,38,25,91,44,53,75,23,23,28,34,36,31,50,62,12,25,48,58,25,25,47,81,22,31,77,41,70,47,31,66,41,25,61,84,47,47,52,52,52,28,30,41,31,41,38,25,91,41,47,73,23,23,28,31,31,31,47,Süper Lig
Gençlerbirliği,embqktr41hfzczc8uav1scmcn,61q0oiogz22nlytmstqmuxiax,O. Ülgün,Ogulcan Ulgun,28,Midfielder,Türkiye,Midfielder,15.0,23.0,38.0,3.0,162.0,3.0,0.0,0.0,3.0,7.0,1.0,0.0,1.0,0.0,2.0,3.0,3.0,0.0,2.0,4.0,0.0,0.0,1.0,1.0,0.0,0.0,0.0,86.36,50.0,0.0,0.0,66.67,23.08,22.22,100.0,0.400263560280874,0.1195831542310051,0.0,2.0,0.04797389,1.0,10.0,5.0,0.0947312299999999,27.0,8.333333333333334,12.777777777777777,21.11111111111111,1.6666666666666663,1.6666666666666663,0.0,0.0,1.6666666666666663,3.888888888888889,0.5555555555555556,0.0,0.5555555555555556,0.0,1.1111111111111112,1.6666666666666663,1.6666666666666663,0.0,1.1111111111111112,2.2222222222222223,0.0,0.0,0.5555555555555556,0.5555555555555556,0.0,0.0,0.0,86.36,50.0,0.0,0.0,66.67,23.08,22.22,100.0,0.2223686446004855,0.0664350856838917,0.0,1.1111111111111112,0.0266521611111111,0.5555555555555556,5.555555555555555,2.7777777777777777,0.052628461111111,15.0,DM/CM,9,41,22,91,39,25,25,17,92,33,31,44,41,73,89,100,31,100,98,12,41,97,97,52,52,52,50,30,41,31,94,12,50,91,100,84,33,56,59,59,81,50,44,41,3,22,12,88,28,25,25,9,94,25,31,38,41,75,91,100,31,100,97,12,41,97,97,52,52,52,50,30,41,31,94,12,50,91,100,78,33,53,53,62,81,47,38,38,Süper Lig
Gençlerbirliği,embqktr41hfzczc8uav1scmcn,a38yzp61vlk5x7ib4yspxrx05,Pedro Pereira,Pedro Miguel Almeida Lopes Pereira,28,Defender,Portugal,Defender,35.0,14.0,49.0,0.0,180.0,3.0,2.0,2.0,9.0,13.0,4.0,2.0,2.0,0.0,4.0,0.0,0.0,0.0,0.0,0.0,0.0,0.0,0.0,0.0,0.0,0.0,0.0,72.06,20.0,0.0,100.0,0.0,64.29,57.14,66.67,0.0,0.0,0.0,0.0,0.0,0.0,0.0,0.0,0.0,0.0,17.5,7.0,24.5,0.0,1.5,1.0,1.0,4.5,6.5,2.0,1.0,1.0,0.0,2.0,0.0,0.0,0.0,0.0,0.0,0.0,0.0,0.0,0.0,0.0,0.0,0.0,72.06,20.0,0.0,100.0,0.0,64.29,57.14,66.67,0.0,0.0,0.0,0.0,0.0,0.0,0.0,0.0,0.0,0.0,RB/RCB,56,9,34,25,50,75,72,88,81,88,91,69,28,88,22,28,44,34,16,16,47,47,41,47,53,53,12,16,28,94,34,81,84,34,22,25,44,25,25,38,19,19,19,19,50,6,22,25,47,72,69,78,81,88,84,62,28,84,22,28,44,34,16,16,47,47,41,47,53,53,12,16,28,94,34,81,84,34,22,25,44,25,25,38,19,19,19,19,Süper Lig
Gençlerbirliği,embqktr41hfzczc8uav1scmcn,ac9cogzo75g9qqbglhophwx5h,D. Goutas,Dimitrios Goutas,32,Defender,Greece,Defender,42.0,13.0,55.0,0.0,180.0,9.0,0.0,0.0,14.0,28.0,1.0,0.0,0.0,0.0,14.0,1.0,1.0,0.0,0.0,1.0,1.0,1.0,0.0,0.0,0.0,0.0,0.0,87.3,69.23,0.0,0.0,0.0,82.35,93.33,0.0,0.1548034793011087,0.0,0.0,0.0,0.0,0.0,3.0,7.0,0.08116459,37.0,21.0,6.5,27.5,0.0,4.5,0.0,0.0,7.0,14.0,0.5,0.0,0.0,0.0,7.0,0.5,0.5,0.0,0.0,0.5,0.5,0.5,0.0,0.0,0.0,0.0,0.0,87.3,69.23,0.0,0.0,0.0,82.35,93.33,0.0,0.0774017396505543,0.0,0.0,0.0,0.0,0.0,1.5,3.5,0.040582295,18.5,CB,34,24,34,27,84,20,20,100,100,19,30,21,44,100,59,67,39,39,53,49,97,51,47,49,51,51,37,83,44,30,39,100,100,21,74,31,41,33,33,36,51,69,43,51,29,19,26,27,84,20,20,94,100,17,30,21,44,100,53,61,39,39,51,44,96,51,47,49,51,51,37,83,44,30,39,100,100,21,66,31,41,33,33,36,49,67,40,49,Süper Lig
Gençlerbirliği,embqktr41hfzczc8uav1scmcn,btjk8ghcrtzzc0q5iqf301vc9,A. Dursun,Abdurrahim Dursun,27,Defender,Türkiye,Defender,33.0,19.0,51.0,1.0,157.0,5.0,0.0,0.0,10.0,3.0,1.0,0.0,2.0,1.0,3.0,1.0,0.0,1.0,0.0,0.0,1.0,1.0,0.0,1.0,0.0,0.0,0.0,73.91,41.67,50.0,0.0,0.0,52.63,60.0,33.33,0.0452418860028156,0.1580796887500991,1.0,2.0,0.06259534,1.0,1.0,4.0,0.2927029,33.0,18.9171974522293,10.89171974522293,29.23566878980892,0.5732484076433121,2.8662420382165603,0.0,0.0,5.732484076433121,1.7197452229299364,0.5732484076433121,0.0,1.1464968152866242,0.5732484076433121,1.7197452229299364,0.5732484076433121,0.0,0.5732484076433121,0.0,0.0,0.5732484076433121,0.5732484076433121,0.0,0.5732484076433121,0.0,0.0,0.0,73.91,41.67,50.0,0.0,0.0,52.63,60.0,33.33,0.0259348391098942,0.0906189298567447,0.5732484076433121,1.1464968152866242,0.0358826789808917,0.5732484076433121,0.5732484076433121,2.2929936305732483,0.1677914713375796,18.9171974522293,LB/LCB,50,30,35,52,78,22,20,68,38,48,32,38,68,88,50,30,80,38,12,48,88,50,98,50,52,52,15,50,88,32,38,40,85,25,45,70,72,55,60,62,28,57,75,60,60,20,35,60,70,22,20,75,40,50,32,35,75,85,55,30,75,38,12,50,95,50,95,50,52,52,15,50,88,32,38,40,85,25,40,65,75,60,60,65,30,50,80,60,Süper Lig
Gençlerbirliği,embqktr41hfzczc8uav1scmcn,c6gok3k7so5az0671dse0te51,A. Traoré,Adama Traoré,31,Attacker,Mali,Striker,20.0,19.0,39.0,3.0,180.0,1.0,1.0,1.0,12.0,5.0,1.0,1.0,3.0,0.0,2.0,3.0,2.0,1.0,0.0,7.0,5.0,1.0,0.0,0.0,0.0,0.0,0.0,70.91,20.0,0.0,100.0,0.0,57.14,50.0,75.0,0.2387432838118356,0.2350584918916461,2.0,8.0,0.23166805,2.0,2.0,4.0,0.13237475,12.0,10.0,9.5,19.5,1.5,0.5,0.5,0.5,6.0,2.5,0.5,0.5,1.5,0.0,1.0,1.5,1.0,0.5,0.0,3.5,2.5,0.5,0.0,0.0,0.0,0.0,0.0,70.91,20.0,0.0,100.0,0.0,57.14,50.0,75.0,0.1193716419059178,0.117529245945823,1.0,4.0,0.115834025,1.0,1.0,2.0,0.066187375,6.0,RW,70,40,47,57,47,10,7,90,93,67,27,87,20,77,53,60,53,20,83,100,77,37,43,53,53,53,27,33,20,100,20,77,90,87,60,60,63,93,87,80,40,63,47,40,47,33,40,30,37,7,7,77,93,53,20,87,20,73,47,50,33,20,67,87,63,37,43,53,53,53,27,33,20,100,20,77,90,87,53,27,50,87,87,67,37,47,33,27,Süper Lig
Gençlerbirliği,embqktr41hfzczc8uav1scmcn,c6sgb9677j42ockfb1adcp17u,F. Tongya,Franco Tongya,24,Midfielder,Italy,Midfielder,22.0,17.0,39.0,1.0,180.0,1.0,4.0,4.0,9.0,2.0,1.0,3.0,0.0,0.0,2.0,3.0,1.0,2.0,2.0,4.0,3.0,0.0,1.0,0.0,0.0,0.0,0.0,84.78,100.0,0.0,75.0,66.67,64.29,0.0,0.0,0.4124133194554146,0.0288219684866476,1.0,3.0,0.32715506,0.0,1.0,1.0,0.03826759,15.0,11.0,8.5,19.5,0.5,0.5,2.0,2.0,4.5,1.0,0.5,1.5,0.0,0.0,1.0,1.5,0.5,1.0,1.0,2.0,1.5,0.0,0.5,0.0,0.0,0.0,0.0,84.78,100.0,0.0,75.0,66.67,64.29,0.0,0.0,0.2062066597277073,0.0144109842433238,0.5,1.5,0.16357753,0.0,0.5,0.5,0.019133795,7.5,LM/LCM,80,40,60,80,50,70,70,80,50,70,90,30,50,90,100,70,100,100,70,90,40,100,60,60,60,60,40,80,50,80,100,100,40,30,100,80,80,70,100,30,50,40,40,100,80,40,40,80,40,60,60,80,40,60,80,30,50,80,100,40,100,100,60,80,40,100,60,60,60,60,40,80,50,80,100,100,40,30,100,80,60,60,100,30,40,40,40,100,Süper Lig
Gençlerbirliği,embqktr41hfzczc8uav1scmcn,dcjlw5sjcf32xfuyq62mxbtud,Ž. Žužek,Zan Zuzek,29,Defender,Slovenia,Defender,44.0,8.0,52.0,0.0,180.0,2.0,1.0,1.0,7.0,23.0,2.0,0.0,0.0,0.0,6.0,1.0,1.0,0.0,0.0,1.0,1.0,0.0,0.0,0.0,1.0,0.0,0.0,80.0,20.0,0.0,0.0,0.0,38.89,46.15,0.0,0.0936548883864403,0.0,0.0,0.0,0.0,0.0,1.0,1.0,0.03889141,24.0,22.0,4.0,26.0,0.0,1.0,0.5,0.5,3.5,11.5,1.0,0.0,0.0,0.0,3.0,0.5,0.5,0.0,0.0,0.5,0.5,0.0,0.0,0.0,0.5,0.0,0.0,80.0,20.0,0.0,0.0,0.0,38.89,46.15,0.0,0.0468274441932201,0.0,0.0,0.0,0.0,0.0,0.5,0.5,0.019445705,12.0,CB,37,7,23,27,19,61,61,44,97,47,30,21,44,87,59,67,39,39,53,49,47,51,47,99,51,51,13,11,44,30,39,20,50,21,49,31,41,33,33,36,33,39,31,44,31,7,17,27,14,53,53,41,97,39,30,21,44,79,53,61,39,39,51,44,47,51,47,99,51,51,13,11,44,30,39,20,50,21,49,31,41,33,33,36,31,34,31,37,Süper Lig
Göztepe,cjbaf8s09qoa1n11r33gc560x,1lr6ps6wx95dse6ayq8zwqqy,Allan Godói,Allan Godói Santos,33,Defender,Brazil,Defender,16.0,3.0,19.0,1.0,134.0,1.0,0.0,0.0,8.0,13.0,4.0,0.0,1.0,0.0,5.0,1.0,1.0,0.0,0.0,4.0,1.0,0.0,0.0,0.0,0.0,0.0,0.0,63.33,14.29,0.0,0.0,0.0,66.67,62.5,50.0,0.1293667217285329,0.0563264597493061,0.0,0.0,0.0,0.0,0.0,0.0,0.0117534699999999,8.0,10.746268656716415,2.014925373134328,12.761194029850746,0.6716417910447761,0.6716417910447761,0.0,0.0,5.3731343283582085,8.73134328358209,2.686567164179104,0.0,0.6716417910447761,0.0,3.3582089552238803,0.6716417910447761,0.6716417910447761,0.0,0.0,2.686567164179104,0.6716417910447761,0.0,0.0,0.0,0.0,0.0,0.0,63.33,14.29,0.0,0.0,0.0,66.67,62.5,50.0,0.0868880966833429,0.0378312043092354,0.0,0.0,0.0,0.0,0.0,0.0,0.0078941216417909,5.3731343283582085,CB,6,3,3,70,10,20,20,57,80,93,30,51,44,77,59,67,39,39,91,49,47,51,47,49,51,51,3,9,44,30,39,77,74,53,66,74,41,33,33,36,16,17,29,29,6,3,3,77,9,20,20,74,89,94,30,57,44,86,69,77,39,39,94,60,47,51,47,49,51,51,3,9,44,30,39,77,74,53,71,77,41,33,33,36,16,17,29,29,Süper Lig
Göztepe,cjbaf8s09qoa1n11r33gc560x,1spzg8s09btgq2dqadi53l7xm,T. Altıkardeş,Taha Altikardes,23,Defender,Türkiye,Defender,26.0,18.0,44.0,0.0,180.0,2.0,0.0,0.0,3.0,14.0,3.0,0.0,0.0,0.0,1.0,1.0,1.0,0.0,0.0,2.0,1.0,0.0,0.0,0.0,0.0,0.0,0.0,67.69,14.29,0.0,0.0,0.0,37.5,20.0,0.0,0.1413371373947185,0.0,0.0,3.0,0.14487768,0.0,4.0,6.0,0.10208054,26.0,13.0,9.0,22.0,0.0,1.0,0.0,0.0,1.5,7.0,1.5,0.0,0.0,0.0,0.5,0.5,0.5,0.0,0.0,1.0,0.5,0.0,0.0,0.0,0.0,0.0,0.0,67.69,14.29,0.0,0.0,0.0,37.5,20.0,0.0,0.0706685686973592,0.0,0.0,1.5,0.07243884,0.0,2.0,3.0,0.05104027,13.0,RB/RCB,31,28,25,25,31,25,25,9,91,69,31,9,28,38,66,75,44,34,66,47,47,47,41,47,53,53,6,6,28,31,34,25,31,9,81,25,44,78,94,38,66,69,50,59,19,19,12,25,25,25,25,9,88,62,31,9,28,31,53,59,44,34,62,41,47,47,41,47,53,53,6,6,28,31,34,25,31,9,81,25,44,75,88,38,62,62,50,50,Süper Lig
Göztepe,cjbaf8s09qoa1n11r33gc560x,3ybhdcmr7vbgtl6xbqsbobhpm,M. Bokélé,Malcom Bokélé,26,Defender,Cameroon,Defender,15.0,17.0,32.0,0.0,90.0,4.0,1.0,1.0,5.0,4.0,0.0,0.0,0.0,0.0,3.0,3.0,2.0,1.0,2.0,3.0,2.0,0.0,0.0,0.0,0.0,0.0,0.0,78.05,80.0,0.0,0.0,66.67,55.56,50.0,0.0,0.1750534910389557,0.0,0.0,1.0,0.0199707,0.0,5.0,4.0,0.31093036,27.0,15.0,17.0,32.0,0.0,4.0,1.0,1.0,5.0,4.0,0.0,0.0,0.0,0.0,3.0,3.0,2.0,1.0,2.0,3.0,2.0,0.0,0.0,0.0,0.0,0.0,0.0,78.05,80.0,0.0,0.0,66.67,55.56,50.0,0.0,0.1750534910389557,0.0,0.0,1.0,0.0199707,0.0,5.0,4.0,0.31093036,27.0,LB/LCB,22,25,15,20,65,55,48,25,55,18,32,12,28,88,92,82,80,100,70,70,40,50,48,50,52,52,30,100,28,32,95,48,65,12,80,25,30,38,40,25,57,57,85,48,35,50,50,20,95,65,57,50,85,18,32,12,28,95,100,100,90,100,88,90,40,50,48,50,52,52,30,100,28,32,95,48,65,12,100,25,30,45,40,25,95,70,90,85,Süper Lig
Göztepe,cjbaf8s09qoa1n11r33gc560x,4el0zmrld5xmp37ezad6oizv8,E. Yıldırım,Ege Yildirim,19,Defender,Türkiye,Defender,20.0,12.0,32.0,0.0,136.0,2.0,2.0,2.0,11.0,7.0,2.0,2.0,0.0,0.0,8.0,2.0,2.0,0.0,1.0,5.0,0.0,0.0,0.0,0.0,0.0,0.0,0.0,80.0,33.33,0.0,100.0,50.0,57.89,53.33,0.0,0.2555326689109706,0.0,0.0,0.0,0.0,0.0,2.0,2.0,0.05379422,22.0,13.23529411764706,7.9411764705882355,21.176470588235293,0.0,1.3235294117647058,1.3235294117647058,1.3235294117647058,7.279411764705882,4.632352941176471,1.3235294117647058,1.3235294117647058,0.0,0.0,5.294117647058823,1.3235294117647058,1.3235294117647058,0.0,0.6617647058823529,3.308823529411765,0.0,0.0,0.0,0.0,0.0,0.0,0.0,80.0,33.33,0.0,100.0,50.0,57.89,53.33,0.0,0.1691025014852011,0.0,0.0,0.0,0.0,0.0,1.3235294117647058,1.3235294117647058,0.0355991161764705,14.558823529411764,CB,9,17,9,27,19,89,89,89,44,47,94,21,44,97,81,90,39,86,96,17,47,51,47,49,51,51,13,21,44,84,89,53,66,21,89,31,41,33,33,36,40,46,34,37,11,29,9,27,20,91,91,97,46,51,97,21,44,97,86,94,39,89,97,17,47,51,47,49,51,51,13,21,44,84,89,53,66,21,94,31,41,33,33,36,40,46,37,43,Süper Lig
Göztepe,cjbaf8s09qoa1n11r33gc560x,8knj5nb3wf1wvleqfbwcxbrsa,A. Kurtulan,Arda Kurtulan,23,Attacker,Türkiye,Striker,10.0,18.0,25.0,3.0,179.0,0.0,9.0,10.0,18.0,6.0,4.0,4.0,4.0,3.0,4.0,2.0,1.0,1.0,0.0,5.0,4.0,1.0,0.0,0.0,0.0,0.0,0.0,60.98,0.0,37.5,44.44,0.0,60.0,66.67,66.67,0.1514432522590041,0.3646145072636808,1.0,3.0,0.09270776,1.0,3.0,2.0,0.1856640599999999,13.0,5.027932960893855,9.05027932960894,12.569832402234637,1.5083798882681565,0.0,4.5251396648044695,5.027932960893855,9.05027932960894,3.016759776536313,2.011173184357542,2.011173184357542,2.011173184357542,1.5083798882681565,2.011173184357542,1.005586592178771,0.5027932960893855,0.5027932960893855,0.0,2.5139664804469275,2.011173184357542,0.5027932960893855,0.0,0.0,0.0,0.0,0.0,60.98,0.0,37.5,44.44,0.0,60.0,66.67,66.67,0.0761446519738009,0.1833257299091132,0.5027932960893855,1.5083798882681565,0.0466128402234636,0.5027932960893855,1.5083798882681565,1.005586592178771,0.0933506446927373,6.536312849162011,RW,27,33,33,57,17,93,93,100,100,97,90,93,83,93,33,30,53,20,63,83,77,37,43,53,53,53,7,17,67,27,20,93,100,80,40,80,33,43,47,43,57,37,53,47,20,27,13,40,17,80,80,100,100,93,73,93,73,93,27,20,40,20,53,67,73,37,43,53,53,53,7,17,67,27,20,93,100,80,33,67,27,40,40,27,47,40,47,33,Süper Lig
Göztepe,cjbaf8s09qoa1n11r33gc560x,8xr7cy8cy89qfxyi1n3egt82c,N. Miroshi,Novatus Miroshi,23,Defender,Tanzania,Defender,25.0,38.0,62.0,2.0,180.0,5.0,1.0,1.0,10.0,4.0,4.0,0.0,4.0,1.0,5.0,3.0,2.0,1.0,1.0,8.0,1.0,0.0,0.0,0.0,0.0,0.0,0.0,86.11,71.43,25.0,0.0,33.33,55.56,83.33,80.0,0.3046084031161326,0.2129281287000384,0.0,2.0,0.04382219,1.0,12.0,13.0,0.21309325,42.0,12.5,19.0,31.0,1.0,2.5,0.5,0.5,5.0,2.0,2.0,0.0,2.0,0.5,2.5,1.5,1.0,0.5,0.5,4.0,0.5,0.0,0.0,0.0,0.0,0.0,0.0,86.11,71.43,25.0,0.0,33.33,55.56,83.33,80.0,0.1523042015580663,0.1064640643500192,0.0,1.0,0.021911095,0.5,6.0,6.5,0.106546625,21.0,CB,14,71,37,93,57,61,61,79,19,93,30,99,93,77,93,90,87,86,100,49,47,51,47,49,51,51,29,86,91,30,80,43,97,80,91,97,41,87,89,83,89,91,66,56,9,63,29,89,50,53,53,67,14,87,30,97,89,70,90,87,83,80,100,44,47,51,47,49,51,51,29,86,91,30,80,43,97,80,89,91,41,81,80,74,86,89,63,54,Süper Lig
Göztepe,cjbaf8s09qoa1n11r33gc560x,c2m6r5vndys0xk3odvdsm4jmy,A. Cherni,Amin Cherni,25,Defender,Tunisia,Defender,6.0,11.0,14.0,1.0,90.0,1.0,0.0,0.0,5.0,2.0,3.0,0.0,2.0,3.0,3.0,1.0,0.0,1.0,0.0,0.0,0.0,0.0,0.0,0.0,0.0,0.0,0.0,58.33,16.67,60.0,0.0,0.0,83.33,75.0,100.0,0.0446532642788877,0.1044968500723678,1.0,0.0,0.0,0.0,3.0,3.0,0.12721752,7.0,6.0,11.0,14.0,1.0,1.0,0.0,0.0,5.0,2.0,3.0,0.0,2.0,3.0,3.0,1.0,0.0,1.0,0.0,0.0,0.0,0.0,0.0,0.0,0.0,0.0,0.0,58.33,16.67,60.0,0.0,0.0,83.33,75.0,100.0,0.0446532642788877,0.1044968500723678,1.0,0.0,0.0,0.0,3.0,3.0,0.12721752,7.0,LB/LCB,5,15,5,52,18,22,20,25,20,88,32,38,92,88,50,30,80,38,12,22,40,50,48,50,52,52,5,15,98,32,38,100,98,92,40,60,72,18,18,25,42,42,30,25,5,28,5,68,25,22,20,50,48,95,32,78,95,95,68,30,90,38,12,22,40,50,48,50,52,52,5,15,98,32,38,100,98,92,60,80,88,18,18,25,52,60,60,28,Süper Lig
Göztepe,cjbaf8s09qoa1n11r33gc560x,ec3wpvlzavcxng4gllnyb33e,André Henrique,André Henrique da Silva Martins,24,Attacker,Brazil,Striker,3.0,13.0,16.0,1.0,150.0,0.0,0.0,0.0,15.0,1.0,1.0,0.0,0.0,0.0,11.0,5.0,4.0,1.0,1.0,7.0,2.0,1.0,0.0,0.0,0.0,0.0,0.0,61.54,0.0,0.0,0.0,20.0,45.45,50.0,0.0,0.9091289506395048,0.0405927198346656,1.0,1.0,0.0241224,2.0,1.0,2.0,0.04507463,7.0,1.7999999999999998,7.8,9.6,0.6,0.0,0.0,0.0,9.0,0.6,0.6,0.0,0.0,0.0,6.6,3.0,2.4,0.6,0.6,4.2,1.2,0.6,0.0,0.0,0.0,0.0,0.0,61.54,0.0,0.0,0.0,20.0,45.45,50.0,0.0,0.5454773703837029,0.0243556319007993,0.6,0.6,0.0144734399999999,1.2,0.6,1.2,0.027044778,4.2,ST,8,50,37,40,28,8,8,95,72,72,18,25,37,100,60,70,40,55,68,48,48,32,43,52,52,52,17,28,37,18,45,57,62,25,90,30,45,47,47,80,37,52,50,53,10,50,37,33,28,8,8,93,73,80,18,25,37,97,58,67,40,53,60,53,47,32,43,52,52,52,17,28,37,18,45,57,62,25,90,30,43,50,47,80,37,53,50,50,Süper Lig
Göztepe,cjbaf8s09qoa1n11r33gc560x,f140wr36j39j2my0w226j0hzo,A. Matos,Alex Matos,21,Midfielder,England,Midfielder,5.0,5.0,10.0,2.0,105.0,1.0,2.0,2.0,5.0,1.0,2.0,1.0,1.0,0.0,3.0,3.0,3.0,0.0,1.0,5.0,0.0,2.0,1.0,0.0,0.0,0.0,0.0,45.45,100.0,0.0,50.0,33.33,35.71,50.0,100.0,0.2324206815377308,0.1749265891049016,0.0,0.0,0.0,0.0,2.0,0.0,0.0828149499999999,5.0,4.285714285714286,4.285714285714286,8.571428571428571,1.7142857142857142,0.8571428571428571,1.7142857142857142,1.7142857142857142,4.285714285714286,0.8571428571428571,1.7142857142857142,0.8571428571428571,0.8571428571428571,0.0,2.571428571428571,2.571428571428571,2.571428571428571,0.0,0.8571428571428571,4.285714285714286,0.0,1.7142857142857142,0.8571428571428571,0.0,0.0,0.0,0.0,45.45,100.0,0.0,50.0,33.33,35.71,50.0,100.0,0.1992177270323406,0.1499370763756299,0.0,0.0,0.0,0.0,1.7142857142857142,0.0,0.0709842428571427,4.285714285714286,CM/AM,11,6,6,33,28,39,39,42,61,94,47,50,19,100,53,83,19,58,50,22,78,89,39,53,53,53,6,97,19,64,67,28,81,86,67,44,25,8,8,14,28,11,28,11,11,6,6,44,39,61,56,61,67,100,61,67,19,100,72,94,19,67,72,22,83,94,39,53,53,53,6,97,19,64,67,28,81,86,72,56,25,8,8,14,33,11,28,11,Süper Lig
Göztepe,cjbaf8s09qoa1n11r33gc560x,lal5t44ynb54dhcjh3hz4jfu,S. Armstrong,Sinclair Armstrong,23,Attacker,Republic of Ireland,Striker,0.0,6.0,6.0,1.0,106.0,0.0,2.0,3.0,7.0,0.0,0.0,1.0,0.0,0.0,4.0,4.0,4.0,0.0,1.0,6.0,1.0,2.0,1.0,0.0,0.0,0.0,0.0,54.55,0.0,0.0,50.0,25.0,35.0,36.36,0.0,0.3973623994843747,0.0626589647975211,2.0,0.0,0.0,0.0,0.0,1.0,0.01803054,4.0,0.0,5.09433962264151,5.09433962264151,0.8490566037735848,0.0,1.6981132075471697,2.547169811320755,5.943396226415095,0.0,0.0,0.8490566037735848,0.0,0.0,3.39622641509434,3.39622641509434,3.39622641509434,0.0,0.8490566037735848,5.09433962264151,0.8490566037735848,1.6981132075471697,0.8490566037735848,0.0,0.0,0.0,0.0,54.55,0.0,0.0,50.0,25.0,35.0,36.36,0.0,0.3373831693735257,0.0532010078469518,1.6981132075471697,0.0,0.0,0.0,0.0,0.8490566037735848,0.0153089490566037,3.39622641509434,ST,3,17,3,40,28,47,65,42,30,27,58,25,37,62,47,70,12,55,53,28,73,75,43,52,52,52,3,28,37,68,52,27,47,25,47,47,77,20,20,30,13,32,20,27,3,23,3,47,28,57,87,70,30,27,73,25,37,80,73,90,12,63,77,30,93,80,43,52,52,52,3,28,37,68,52,27,47,25,67,50,93,20,20,30,13,37,23,47,Süper Lig
Kasımpaşa,4idg23egrrvtrbgrg7p5x7bwf,25wawsdczm69ctbpw5nn51kvd,A. Benedyczak,Adrian Benedyczak,25,Attacker,Poland,Striker,5.0,10.0,15.0,0.0,174.0,0.0,1.0,1.0,4.0,1.0,0.0,0.0,0.0,0.0,1.0,7.0,5.0,2.0,4.0,5.0,3.0,0.0,2.0,0.0,0.0,0.0,0.0,68.18,0.0,0.0,0.0,57.14,33.33,25.0,0.0,0.5063718815304685,0.0,4.0,0.0,0.0,0.0,3.0,2.0,0.0493413399999999,6.0,2.586206896551724,5.172413793103448,7.758620689655173,0.0,0.0,0.5172413793103449,0.5172413793103449,2.0689655172413794,0.5172413793103449,0.0,0.0,0.0,0.0,0.5172413793103449,3.6206896551724137,2.586206896551724,1.0344827586206895,2.0689655172413794,2.586206896551724,1.5517241379310345,0.0,1.0344827586206895,0.0,0.0,0.0,0.0,68.18,0.0,0.0,0.0,57.14,33.33,25.0,0.0,0.261916490446794,0.0,2.0689655172413794,0.0,0.0,0.0,1.5517241379310345,1.0344827586206895,0.0255213827586206,3.103448275862069,ST,25,37,32,13,28,25,23,20,72,27,18,25,37,28,88,83,73,97,43,67,18,93,43,52,52,52,33,28,37,18,97,20,33,25,50,15,100,20,20,30,75,52,53,47,17,27,23,13,28,20,17,17,63,27,18,25,37,23,80,73,70,93,40,60,18,90,43,52,52,52,33,28,37,18,97,20,33,25,43,15,97,20,20,30,63,47,43,40,Süper Lig
Kasımpaşa,4idg23egrrvtrbgrg7p5x7bwf,2cq6ocr7j487do4nrm3sreg9h,K. Demirbay,Kerem Demirbay,33,Midfielder,Germany,Midfielder,12.0,8.0,20.0,0.0,90.0,0.0,0.0,0.0,6.0,3.0,0.0,0.0,1.0,0.0,1.0,1.0,1.0,0.0,0.0,1.0,2.0,0.0,0.0,0.0,0.0,0.0,0.0,74.07,0.0,0.0,0.0,0.0,60.0,0.0,33.33,0.090192909416814,0.0,0.0,0.0,0.0,0.0,3.0,1.0,0.0232655999999999,9.0,12.0,8.0,20.0,0.0,0.0,0.0,0.0,6.0,3.0,0.0,0.0,1.0,0.0,1.0,1.0,1.0,0.0,0.0,1.0,2.0,0.0,0.0,0.0,0.0,0.0,0.0,74.07,0.0,0.0,0.0,0.0,60.0,0.0,33.33,0.090192909416814,0.0,0.0,0.0,0.0,0.0,3.0,1.0,0.0232655999999999,9.0,DM/CM,3,5,3,17,5,25,25,50,81,9,31,44,41,44,52,78,31,41,61,64,41,47,47,52,52,52,3,5,41,31,41,73,25,34,50,20,33,23,23,28,28,28,28,28,12,6,6,17,5,25,25,72,88,9,31,58,41,61,66,94,31,41,70,84,41,47,47,52,52,52,3,5,41,31,41,73,25,34,75,20,33,23,23,28,34,28,28,28,Süper Lig
Kasımpaşa,4idg23egrrvtrbgrg7p5x7bwf,456ih9axhyygnymgp0516qmzt,G. Yalçın,Güven Yalçin,27,Attacker,Türkiye,Striker,5.0,9.0,14.0,0.0,141.0,1.0,3.0,3.0,10.0,0.0,1.0,2.0,0.0,0.0,4.0,1.0,0.0,1.0,0.0,1.0,3.0,1.0,0.0,0.0,0.0,0.0,0.0,58.33,33.33,0.0,66.67,0.0,55.56,66.67,0.0,0.0,0.0,0.0,0.0,0.0,0.0,0.0,0.0,0.0,0.0,3.191489361702128,5.74468085106383,8.936170212765958,0.0,0.6382978723404256,1.9148936170212767,1.9148936170212767,6.382978723404255,0.0,0.6382978723404256,1.2765957446808511,0.0,0.0,2.5531914893617023,0.6382978723404256,0.0,0.6382978723404256,0.0,0.6382978723404256,1.9148936170212767,0.6382978723404256,0.0,0.0,0.0,0.0,0.0,58.33,33.33,0.0,66.67,0.0,55.56,66.67,0.0,0.0,0.0,0.0,0.0,0.0,0.0,0.0,0.0,0.0,0.0,ST,25,30,27,13,70,68,65,68,30,72,85,25,37,62,12,10,40,22,10,67,48,32,43,52,52,52,8,57,37,85,22,77,78,25,7,15,17,20,20,30,13,10,5,5,27,33,27,13,77,70,67,73,30,83,87,25,37,63,10,10,50,22,10,70,53,32,43,52,52,52,8,57,37,85,22,77,78,25,7,15,17,20,20,30,13,10,5,5,Süper Lig
Kasımpaşa,4idg23egrrvtrbgrg7p5x7bwf,5gc13odno30w98ib9ioqd1bmc,A. Arous,Adem Arous,22,Defender,Tunisia,Defender,32.0,11.0,43.0,0.0,180.0,4.0,0.0,0.0,4.0,18.0,1.0,0.0,0.0,0.0,4.0,0.0,0.0,0.0,0.0,0.0,0.0,0.0,0.0,0.0,0.0,0.0,0.0,81.13,44.44,0.0,0.0,0.0,80.0,0.0,0.0,0.0,0.0,0.0,0.0,0.0,0.0,0.0,0.0,0.0,0.0,16.0,5.5,21.5,0.0,2.0,0.0,0.0,2.0,9.0,0.5,0.0,0.0,0.0,2.0,0.0,0.0,0.0,0.0,0.0,0.0,0.0,0.0,0.0,0.0,0.0,0.0,81.13,44.44,0.0,0.0,0.0,80.0,0.0,0.0,0.0,0.0,0.0,0.0,0.0,0.0,0.0,0.0,0.0,0.0,CB,20,13,11,27,41,20,20,20,91,19,30,21,44,61,21,26,39,39,20,17,47,51,47,49,51,51,17,40,44,30,39,94,16,21,21,31,41,33,33,36,16,17,14,14,14,13,11,27,34,20,20,17,91,17,30,21,44,57,21,26,39,39,20,17,47,51,47,49,51,51,17,40,44,30,39,94,16,21,21,31,41,33,33,36,16,17,14,14,Süper Lig
Kasımpaşa,4idg23egrrvtrbgrg7p5x7bwf,6lxkawhg9z2jyh7u8d6hp3g15,A. Baldursson,Andri Baldursson,24,Midfielder,Iceland,Midfielder,16.0,16.0,32.0,0.0,157.0,2.0,1.0,1.0,14.0,13.0,1.0,1.0,6.0,0.0,5.0,0.0,0.0,0.0,0.0,0.0,1.0,0.0,0.0,0.0,0.0,0.0,0.0,76.19,40.0,0.0,100.0,0.0,60.87,71.43,85.71,0.0,0.0,0.0,0.0,0.0,0.0,0.0,0.0,0.0,0.0,9.171974522292992,9.171974522292992,18.343949044585987,0.0,1.1464968152866242,0.5732484076433121,0.5732484076433121,8.025477707006369,7.452229299363057,0.5732484076433121,0.5732484076433121,3.4394904458598727,0.0,2.8662420382165603,0.0,0.0,0.0,0.0,0.0,0.5732484076433121,0.0,0.0,0.0,0.0,0.0,0.0,76.19,40.0,0.0,100.0,0.0,60.87,71.43,85.71,0.0,0.0,0.0,0.0,0.0,0.0,0.0,0.0,0.0,0.0,DM/CM,14,19,9,17,20,64,64,94,100,33,73,98,41,100,20,31,31,41,25,36,41,47,47,52,52,52,9,19,41,89,41,80,100,77,20,20,33,23,23,28,14,14,14,14,6,9,3,17,16,62,62,91,100,28,69,94,41,97,20,31,31,41,25,34,41,47,47,52,52,52,9,19,41,89,41,80,100,77,20,20,33,23,23,28,14,14,14,14,Süper Lig
Kasımpaşa,4idg23egrrvtrbgrg7p5x7bwf,6wfu6s6xo5zjeke21fgbouql0,J. Jessen,Jakob Jessen,22,Defender,Denmark,Defender,32.0,15.0,47.0,0.0,180.0,1.0,2.0,2.0,8.0,3.0,1.0,0.0,3.0,0.0,0.0,0.0,0.0,0.0,0.0,0.0,2.0,0.0,0.0,0.0,0.0,0.0,0.0,79.66,12.5,0.0,0.0,0.0,50.0,0.0,50.0,0.0,0.0,0.0,0.0,0.0,0.0,0.0,0.0,0.0,0.0,16.0,7.5,23.5,0.0,0.5,1.0,1.0,4.0,1.5,0.5,0.0,1.5,0.0,0.0,0.0,0.0,0.0,0.0,0.0,1.0,0.0,0.0,0.0,0.0,0.0,0.0,79.66,12.5,0.0,0.0,0.0,50.0,0.0,50.0,0.0,0.0,0.0,0.0,0.0,0.0,0.0,0.0,0.0,0.0,LB/LCB,45,20,25,20,18,70,65,55,38,48,32,65,28,18,20,30,35,38,12,70,40,50,48,50,52,52,35,10,28,32,38,25,20,42,20,25,30,18,18,25,12,12,12,12,40,15,15,20,12,65,57,35,30,40,32,52,28,18,20,30,35,38,12,62,40,50,48,50,52,52,35,10,28,32,38,25,20,42,20,25,30,18,18,25,12,12,12,12,Süper Lig
Kasımpaşa,4idg23egrrvtrbgrg7p5x7bwf,75g95p42i3msl3k11cnpwipcl,F. Diabaté,Fousseni Diabaté,30,Attacker,Mali,Striker,10.0,18.0,28.0,2.0,135.0,0.0,1.0,1.0,3.0,1.0,1.0,0.0,1.0,0.0,1.0,1.0,0.0,1.0,0.0,2.0,1.0,0.0,0.0,0.0,0.0,0.0,0.0,75.68,0.0,0.0,0.0,0.0,25.0,20.0,100.0,0.0855605920186212,0.1569554063399525,0.0,3.0,0.1138845,0.0,1.0,1.0,0.03123509,8.0,6.666666666666667,12.0,18.666666666666668,1.3333333333333333,0.0,0.6666666666666666,0.6666666666666666,2.0,0.6666666666666666,0.6666666666666666,0.0,0.6666666666666666,0.0,0.6666666666666666,0.6666666666666666,0.0,0.6666666666666666,0.0,1.3333333333333333,0.6666666666666666,0.0,0.0,0.0,0.0,0.0,0.0,75.68,0.0,0.0,0.0,0.0,25.0,20.0,100.0,0.0570403946790808,0.1046369375599683,0.0,2.0,0.075923,0.0,0.6666666666666666,0.6666666666666666,0.0208233933333333,5.333333333333333,ST,60,65,58,63,28,25,23,13,72,72,18,65,37,28,12,10,40,22,17,28,18,32,43,52,52,52,60,28,37,18,22,13,30,83,13,67,17,72,80,30,37,32,33,58,67,73,77,70,28,23,20,13,80,87,18,67,37,30,13,10,53,22,17,27,18,32,43,52,52,52,60,28,37,18,22,13,30,83,13,63,17,77,83,30,43,27,33,60,Süper Lig
Kasımpaşa,4idg23egrrvtrbgrg7p5x7bwf,8q4m06v3yfsq2iza942ezaxud,Cláudio Winck,Cláudio Winck Neto,32,Defender,Brazil,Defender,19.0,15.0,34.0,2.0,175.0,3.0,3.0,3.0,6.0,14.0,5.0,1.0,0.0,0.0,3.0,3.0,1.0,2.0,1.0,1.0,0.0,0.0,0.0,1.0,0.0,0.0,0.0,72.34,27.27,0.0,33.33,33.33,33.33,50.0,0.0,0.2585670499925285,0.1342098124258477,2.0,1.0,0.0199707,0.0,6.0,3.0,0.0858621999999999,26.0,9.771428571428572,7.714285714285714,17.485714285714288,1.0285714285714287,1.542857142857143,1.542857142857143,1.542857142857143,3.085714285714286,7.2,2.571428571428572,0.5142857142857143,0.0,0.0,1.542857142857143,1.542857142857143,0.5142857142857143,1.0285714285714287,0.5142857142857143,0.5142857142857143,0.0,0.0,0.0,0.5142857142857143,0.0,0.0,0.0,72.34,27.27,0.0,33.33,33.33,33.33,50.0,0.0,0.1329773399961575,0.0690221892475788,1.0285714285714287,0.5142857142857143,0.0102706457142857,0.0,3.085714285714286,1.542857142857143,0.0441577028571428,13.371428571428572,RB/RCB,16,19,6,69,50,88,88,50,91,97,69,9,28,72,94,75,100,84,44,16,47,47,91,47,53,53,19,38,28,62,75,19,69,9,94,69,100,59,56,38,78,47,44,59,12,12,6,69,56,88,81,38,94,100,69,9,28,75,94,75,100,94,50,16,47,47,100,47,53,53,19,38,28,62,75,19,69,9,94,62,100,62,56,38,75,44,44,56,Süper Lig
Kasımpaşa,4idg23egrrvtrbgrg7p5x7bwf,930lzmqz2ha2bjtfyb8f677ys,Elson Mendes,Elson Mendes da Silva,20,Midfielder,Cabo Verde,Midfielder,22.0,22.0,44.0,2.0,113.0,5.0,0.0,0.0,5.0,2.0,2.0,0.0,0.0,0.0,1.0,0.0,0.0,0.0,0.0,0.0,1.0,0.0,0.0,0.0,0.0,0.0,0.0,84.62,71.43,0.0,0.0,0.0,50.0,50.0,0.0,0.0,0.0,0.0,0.0,0.0,0.0,0.0,0.0,0.0,0.0,17.52212389380531,17.52212389380531,35.04424778761062,1.592920353982301,3.982300884955752,0.0,0.0,3.982300884955752,1.592920353982301,1.592920353982301,0.0,0.0,0.0,0.7964601769911505,0.0,0.0,0.0,0.0,0.0,0.7964601769911505,0.0,0.0,0.0,0.0,0.0,0.0,84.62,71.43,0.0,0.0,0.0,50.0,50.0,0.0,0.0,0.0,0.0,0.0,0.0,0.0,0.0,0.0,0.0,0.0,DM/CM,34,34,31,80,67,25,25,41,64,61,31,16,41,44,20,31,31,41,25,36,41,47,47,52,52,52,34,72,41,31,41,48,75,16,20,20,33,23,23,28,14,14,14,14,31,47,38,81,75,25,25,50,73,75,31,16,41,47,20,31,31,41,25,41,41,47,47,52,52,52,34,72,41,31,41,48,75,16,20,20,33,23,23,28,14,14,14,14,Süper Lig
Kasımpaşa,4idg23egrrvtrbgrg7p5x7bwf,eswbvm29gvpwf7yjkoqbky5wq,M. Ilie,Matei Ilie,23,Defender,Romania,Defender,46.0,7.0,53.0,1.0,180.0,4.0,0.0,0.0,3.0,10.0,1.0,0.0,3.0,0.0,0.0,0.0,0.0,0.0,0.0,0.0,0.0,0.0,0.0,0.0,0.0,0.0,0.0,84.13,33.33,0.0,0.0,0.0,30.0,0.0,100.0,0.0,0.0,0.0,0.0,0.0,0.0,0.0,0.0,0.0,0.0,23.0,3.5,26.5,0.5,2.0,0.0,0.0,1.5,5.0,0.5,0.0,1.5,0.0,0.0,0.0,0.0,0.0,0.0,0.0,0.0,0.0,0.0,0.0,0.0,0.0,0.0,84.13,33.33,0.0,0.0,0.0,30.0,0.0,100.0,0.0,0.0,0.0,0.0,0.0,0.0,0.0,0.0,0.0,0.0,LB/LCB,85,10,40,52,65,22,20,10,98,48,32,65,28,18,20,30,35,38,12,22,40,50,48,50,52,52,50,30,28,32,38,5,20,92,20,25,30,18,18,25,12,12,12,12,85,5,20,48,57,22,20,10,92,40,32,52,28,18,20,30,35,38,12,22,40,50,48,50,52,52,50,30,28,32,38,5,20,92,20,25,30,18,18,25,12,12,12,12,Süper Lig
Kocaelispor,b703zecenioz21dnj3p63v3f7,1abvuy5ueuj0kkapnxqpnfx7t,D. Agyei,Dan Agyei,29,Attacker,Ghana,Striker,6.0,12.0,18.0,1.0,170.0,0.0,4.0,5.0,10.0,1.0,0.0,2.0,1.0,0.0,5.0,3.0,1.0,2.0,3.0,5.0,2.0,0.0,0.0,0.0,0.0,0.0,0.0,62.07,0.0,0.0,50.0,100.0,37.04,35.71,100.0,0.1849839858210149,0.0745068503941551,3.0,2.0,0.06468513,1.0,0.0,0.0,0.04405656,8.0,3.1764705882352944,6.352941176470589,9.529411764705882,0.5294117647058824,0.0,2.117647058823529,2.647058823529412,5.294117647058823,0.5294117647058824,0.0,1.0588235294117647,0.5294117647058824,0.0,2.647058823529412,1.5882352941176472,0.5294117647058824,1.0588235294117647,1.5882352941176472,2.647058823529412,1.0588235294117647,0.0,0.0,0.0,0.0,0.0,0.0,62.07,0.0,0.0,50.0,100.0,37.04,35.71,100.0,0.0979326983758314,0.0394448031498468,1.5882352941176472,1.0588235294117647,0.0342450688235294,0.5294117647058824,0.0,0.0,0.0233240611764705,4.235294117647059,RW,10,20,17,13,17,60,67,80,53,27,47,67,20,100,53,30,90,83,63,50,30,37,43,53,53,53,13,17,20,43,97,20,80,97,47,13,90,23,27,43,17,10,13,23,7,7,7,13,17,47,53,53,40,27,47,60,20,100,53,27,87,67,60,47,30,37,43,53,53,53,13,17,20,43,97,20,80,97,47,13,80,20,13,40,17,10,13,7,Süper Lig
Kocaelispor,b703zecenioz21dnj3p63v3f7,3x8461vul4x2jdi2s0ue8xkic,E. Ortakaya,Emir Ortakaya,22,Defender,Türkiye,Defender,41.0,13.0,53.0,1.0,104.0,2.0,0.0,0.0,8.0,6.0,2.0,0.0,0.0,1.0,4.0,0.0,0.0,0.0,0.0,0.0,2.0,0.0,0.0,0.0,0.0,0.0,0.0,91.38,66.67,100.0,0.0,0.0,72.73,66.67,0.0,0.0,0.0969719246931275,0.0,1.0,0.03485072,0.0,1.0,0.0,0.11507313,24.0,35.48076923076923,11.250000000000002,45.86538461538462,0.8653846153846154,1.7307692307692308,0.0,0.0,6.923076923076923,5.1923076923076925,1.7307692307692308,0.0,0.0,0.8653846153846154,3.4615384615384617,0.0,0.0,0.0,0.0,0.0,1.7307692307692308,0.0,0.0,0.0,0.0,0.0,0.0,91.38,66.67,100.0,0.0,0.0,72.73,66.67,0.0,0.0,0.083918011753668,0.0,0.8653846153846154,0.0301592769230769,0.0,0.8653846153846154,0.0,0.0995825163461538,20.76923076923077,CB,30,24,27,70,19,20,20,57,36,47,30,21,93,61,21,26,39,39,20,77,47,51,47,49,51,51,60,74,99,30,39,86,80,21,21,80,41,71,77,36,33,17,51,44,54,43,43,83,29,20,20,91,63,80,30,21,97,89,21,26,39,39,20,97,47,51,47,49,51,51,60,74,99,30,39,86,80,21,21,86,41,77,89,36,34,17,57,51,Süper Lig
Kocaelispor,b703zecenioz21dnj3p63v3f7,4xwls9clzvb4qdgf57w006ru2,U. Yıldız,Ugur Kaan Yildiz,24,Defender,Türkiye,Defender,12.0,18.0,28.0,2.0,120.0,0.0,1.0,1.0,4.0,4.0,2.0,1.0,1.0,2.0,1.0,3.0,1.0,2.0,1.0,2.0,1.0,0.0,0.0,1.0,0.0,0.0,0.0,66.67,0.0,33.33,100.0,33.33,66.67,0.0,100.0,0.1773571617379564,0.2082665900738458,1.0,0.0,0.0,1.0,2.0,1.0,0.25366042,15.0,9.0,13.5,21.0,1.5,0.0,0.75,0.75,3.0,3.0,1.5,0.75,0.75,1.5,0.75,2.25,0.75,1.5,0.75,1.5,0.75,0.0,0.0,0.75,0.0,0.0,0.0,66.67,0.0,33.33,100.0,33.33,66.67,0.0,100.0,0.1330178713034673,0.1561999425553843,0.75,0.0,0.0,0.75,1.5,0.75,0.190245315,11.25,CB,3,34,6,93,4,61,61,20,19,47,74,51,100,17,93,67,100,86,73,49,47,51,97,49,51,51,6,4,94,84,80,77,16,91,80,94,91,33,33,83,40,39,80,33,3,54,6,99,4,77,77,27,27,61,83,60,100,23,100,80,100,91,77,63,47,51,100,49,51,51,6,4,94,84,80,77,16,91,86,100,100,33,33,89,49,40,94,31,Süper Lig
Kocaelispor,b703zecenioz21dnj3p63v3f7,8sh2vnwv6f0spby6f13exvnc9,M. Baku,Makana Baku,28,Midfielder,Germany,Midfielder,13.0,30.0,43.0,0.0,175.0,0.0,5.0,5.0,10.0,5.0,1.0,3.0,2.0,0.0,2.0,1.0,1.0,0.0,0.0,5.0,2.0,1.0,0.0,0.0,0.0,0.0,0.0,86.0,0.0,0.0,60.0,0.0,50.0,50.0,66.67,0.0829343135111867,0.0,0.0,3.0,0.05989546,1.0,4.0,6.0,0.25379056,14.0,6.685714285714286,15.428571428571429,22.11428571428572,0.0,0.0,2.571428571428572,2.571428571428572,5.142857142857143,2.571428571428572,0.5142857142857143,1.542857142857143,1.0285714285714287,0.0,1.0285714285714287,0.5142857142857143,0.5142857142857143,0.0,0.0,2.571428571428572,1.0285714285714287,0.5142857142857143,0.0,0.0,0.0,0.0,0.0,86.0,0.0,0.0,60.0,0.0,50.0,50.0,66.67,0.042651932662896,0.0,0.0,1.542857142857143,0.0308033794285714,0.5142857142857143,2.0571428571428574,3.085714285714286,0.1305208594285714,7.2,LM/LCM,30,100,80,40,20,100,100,100,80,70,90,80,50,90,50,70,40,40,100,60,90,50,60,60,60,60,60,20,50,60,40,80,100,60,40,40,30,70,60,70,100,100,100,80,20,80,60,40,20,80,80,100,80,80,100,80,50,100,40,60,40,40,80,60,80,50,60,60,60,60,60,20,50,60,40,80,100,60,40,40,30,80,60,60,100,100,100,80,Süper Lig
Kocaelispor,b703zecenioz21dnj3p63v3f7,ajzkerdcpeug1dxnr1dko9fxl,A. Dijksteel,Anfernee Dijksteel,29,Defender,Suriname,Defender,80.0,19.0,99.0,1.0,180.0,3.0,1.0,1.0,8.0,12.0,1.0,1.0,2.0,0.0,1.0,0.0,0.0,0.0,0.0,0.0,3.0,0.0,0.0,1.0,0.0,0.0,0.0,90.0,33.33,0.0,100.0,0.0,57.14,20.0,66.67,0.0,0.0,0.0,0.0,0.0,0.0,0.0,0.0,0.0,0.0,40.0,9.5,49.5,0.5,1.5,0.5,0.5,4.0,6.0,0.5,0.5,1.0,0.0,0.5,0.0,0.0,0.0,0.0,0.0,1.5,0.0,0.0,0.5,0.0,0.0,0.0,90.0,33.33,0.0,100.0,0.0,57.14,20.0,66.67,0.0,0.0,0.0,0.0,0.0,0.0,0.0,0.0,0.0,0.0,CB,80,37,63,70,29,61,61,57,77,19,74,76,44,17,21,26,39,39,20,96,47,51,97,49,51,51,49,21,44,84,39,47,34,70,21,31,41,33,33,36,16,17,14,14,74,31,57,63,24,53,53,51,77,17,69,71,44,14,21,26,39,39,20,87,47,51,96,49,51,51,49,21,44,84,39,47,34,70,21,31,41,33,33,36,16,17,14,14,Süper Lig
Kocaelispor,b703zecenioz21dnj3p63v3f7,av18ek8zmx40sazfwerdp8wa2,B. Kutlu,Berkan Kutlu,28,Midfielder,Türkiye,Midfielder,18.0,23.0,40.0,4.0,152.0,3.0,0.0,0.0,3.0,2.0,2.0,0.0,0.0,1.0,0.0,2.0,0.0,2.0,1.0,1.0,2.0,1.0,1.0,0.0,0.0,0.0,0.0,78.43,37.5,16.67,0.0,50.0,37.5,0.0,0.0,0.1148303005082745,0.2265787619328183,2.0,0.0,0.0,0.0,6.0,5.0,0.11348884,22.0,10.657894736842104,13.61842105263158,23.68421052631579,2.3684210526315788,1.7763157894736843,0.0,0.0,1.7763157894736843,1.1842105263157894,1.1842105263157894,0.0,0.0,0.5921052631578947,0.0,1.1842105263157894,0.0,1.1842105263157894,0.5921052631578947,0.5921052631578947,1.1842105263157894,0.5921052631578947,0.5921052631578947,0.0,0.0,0.0,0.0,78.43,37.5,16.67,0.0,50.0,37.5,0.0,0.0,0.067991625300952,0.1341584774602213,1.1842105263157894,0.0,0.0,0.0,3.5526315789473686,2.960526315789474,0.0671973394736842,13.026315789473683,DM/CM,20,41,25,97,39,25,25,17,64,61,31,16,86,14,72,31,84,89,61,64,89,97,47,52,52,52,12,16,84,31,91,22,25,16,59,97,92,23,23,28,50,50,47,38,9,28,16,97,31,25,25,12,62,56,31,16,81,14,75,31,91,84,62,66,88,100,47,52,52,52,12,16,84,31,91,22,25,16,53,94,97,23,23,28,41,50,50,34,Süper Lig
Kocaelispor,b703zecenioz21dnj3p63v3f7,ckcjk3zjpix288d6zihltlst0,T. Zoukrou,Tanguy Zoukrou,23,Defender,France,Defender,87.0,22.0,109.0,0.0,180.0,5.0,1.0,1.0,10.0,11.0,3.0,1.0,2.0,0.0,4.0,0.0,0.0,0.0,0.0,0.0,1.0,0.0,0.0,0.0,0.0,0.0,0.0,89.34,31.25,0.0,100.0,0.0,66.67,66.67,50.0,0.0,0.0,0.0,0.0,0.0,0.0,0.0,0.0,0.0,0.0,43.5,11.0,54.5,0.0,2.5,0.5,0.5,5.0,5.5,1.5,0.5,1.0,0.0,2.0,0.0,0.0,0.0,0.0,0.0,0.5,0.0,0.0,0.0,0.0,0.0,0.0,89.34,31.25,0.0,100.0,0.0,66.67,66.67,50.0,0.0,0.0,0.0,0.0,0.0,0.0,0.0,0.0,0.0,0.0,CB,91,49,69,27,57,61,61,79,70,76,74,76,44,61,21,26,39,39,20,49,47,51,47,49,51,51,46,14,44,84,39,77,80,53,21,31,41,33,33,36,16,17,14,14,87,40,66,27,50,53,53,67,70,61,69,71,44,57,21,26,39,39,20,44,47,51,47,49,51,51,46,14,44,84,39,77,80,53,21,31,41,33,33,36,16,17,14,14,Süper Lig
Kocaelispor,b703zecenioz21dnj3p63v3f7,danxamd6zw2e4l71hbecawfl5,R. Rivas,Rigoberto Rivas,28,Attacker,Honduras,Striker,16.0,15.0,29.0,3.0,90.0,1.0,1.0,1.0,4.0,5.0,2.0,1.0,1.0,2.0,0.0,0.0,0.0,0.0,0.0,0.0,1.0,0.0,0.0,0.0,0.0,0.0,0.0,76.32,50.0,100.0,100.0,0.0,40.0,0.0,50.0,0.0,0.219583429089948,0.0,3.0,0.06393997,2.0,2.0,3.0,0.1861493299999999,10.0,16.0,15.0,29.0,3.0,1.0,1.0,1.0,4.0,5.0,2.0,1.0,1.0,2.0,0.0,0.0,0.0,0.0,0.0,0.0,1.0,0.0,0.0,0.0,0.0,0.0,0.0,76.32,50.0,100.0,100.0,0.0,40.0,0.0,50.0,0.0,0.219583429089948,0.0,3.0,0.06393997,2.0,2.0,3.0,0.1861493299999999,10.0,ST,95,57,65,82,70,25,23,20,97,95,58,65,92,12,5,10,12,22,5,28,18,32,43,52,52,52,63,70,98,97,22,38,15,52,7,73,17,72,63,80,58,67,80,63,100,90,90,97,83,35,32,30,100,100,78,82,93,12,5,10,12,22,5,40,18,32,43,52,52,52,63,70,98,97,22,38,15,52,7,90,17,90,77,93,80,83,90,90,Süper Lig
Kocaelispor,b703zecenioz21dnj3p63v3f7,dudttzqf0mfehgvnqerqgytbd,Show,Manuel Luís da Silva Cafumana,27,Midfielder,Angola,Midfielder,55.0,37.0,92.0,0.0,180.0,9.0,0.0,0.0,4.0,1.0,2.0,0.0,0.0,0.0,1.0,2.0,1.0,1.0,0.0,1.0,2.0,0.0,0.0,0.0,0.0,0.0,0.0,85.98,56.25,0.0,0.0,0.0,28.57,33.33,0.0,0.2011385150134639,0.0,1.0,0.0,0.0,0.0,7.0,7.0,0.139169,55.0,27.5,18.5,46.0,0.0,4.5,0.0,0.0,2.0,0.5,1.0,0.0,0.0,0.0,0.5,1.0,0.5,0.5,0.0,0.5,1.0,0.0,0.0,0.0,0.0,0.0,0.0,85.98,56.25,0.0,0.0,0.0,28.57,33.33,0.0,0.1005692575067319,0.0,0.5,0.0,0.0,0.0,3.5,3.5,0.0695845,27.5,DM/CM,94,72,84,17,94,25,25,31,31,61,31,16,41,44,72,78,69,41,61,64,41,47,47,52,52,52,44,44,41,31,41,16,58,16,84,20,75,23,23,28,61,66,59,84,84,56,69,17,88,25,25,23,16,52,31,16,41,30,66,64,62,41,52,52,41,47,47,52,52,52,44,44,41,31,41,16,58,16,81,20,66,23,23,28,38,59,53,75,Süper Lig
Kocaelispor,b703zecenioz21dnj3p63v3f7,qt2jl9zxkj4lxqzeydbb6hg5,M. Haïdara,Massadio Haïdara,33,Defender,Mali,Defender,48.0,22.0,70.0,1.0,180.0,3.0,0.0,0.0,13.0,3.0,0.0,0.0,4.0,0.0,1.0,2.0,2.0,0.0,1.0,6.0,7.0,0.0,0.0,0.0,0.0,0.0,0.0,85.37,60.0,0.0,0.0,50.0,68.42,50.0,80.0,0.1826846641085385,0.1921290833195809,0.0,2.0,0.07892659,1.0,4.0,3.0,0.2969138299999999,35.0,24.0,11.0,35.0,0.5,1.5,0.0,0.0,6.5,1.5,0.0,0.0,2.0,0.0,0.5,1.0,1.0,0.0,0.5,3.0,3.5,0.0,0.0,0.0,0.0,0.0,0.0,85.37,60.0,0.0,0.0,50.0,68.42,50.0,80.0,0.0913423320542692,0.0960645416597904,0.0,1.0,0.039463295,0.5,2.0,1.5,0.1484569149999999,17.5,LB/LCB,90,35,65,52,45,22,20,95,38,18,32,90,28,45,75,82,35,85,95,100,40,50,48,50,52,52,55,75,28,32,85,70,65,72,85,80,30,55,75,62,50,42,80,65,90,28,55,48,42,22,20,90,30,18,32,78,28,42,68,80,35,82,88,100,40,50,48,50,52,52,55,75,28,32,85,70,65,72,80,75,30,45,70,52,45,38,75,45,Süper Lig
Konyaspor,cw4lbdzlqqdvbkdkz00c9ye49,2sxmpaw4khmgyym320oiwu3u,M. İbrahimoğlu,Melih Ibrahimoglu,26,Midfielder,Türkiye,Midfielder,45.0,41.0,86.0,0.0,173.0,10.0,3.0,3.0,9.0,1.0,1.0,2.0,1.0,0.0,1.0,0.0,0.0,0.0,0.0,1.0,4.0,0.0,0.0,0.0,0.0,0.0,0.0,91.49,100.0,0.0,66.67,0.0,81.82,0.0,50.0,0.0,0.0,0.0,0.0,0.0,0.0,0.0,0.0,0.0,0.0,23.41040462427745,21.32947976878613,44.73988439306358,0.0,5.202312138728324,1.560693641618497,1.560693641618497,4.682080924855491,0.5202312138728323,0.5202312138728323,1.0404624277456649,0.5202312138728323,0.0,0.5202312138728323,0.0,0.0,0.0,0.0,0.5202312138728323,2.0809248554913293,0.0,0.0,0.0,0.0,0.0,0.0,91.49,100.0,0.0,66.67,0.0,81.82,0.0,50.0,0.0,0.0,0.0,0.0,0.0,0.0,0.0,0.0,0.0,0.0,CM,100,100,100,100,100,100,100,100,100,100,100,100,100,100,100,100,100,100,100,100,100,100,100,100,100,100,100,100,100,100,100,100,100,100,100,100,100,100,100,100,100,100,100,100,100,100,100,100,100,100,100,100,100,100,100,100,100,100,100,100,100,100,100,100,100,100,100,100,100,100,100,100,100,100,100,100,100,100,100,100,100,100,100,100,100,100,100,100,Süper Lig
Konyaspor,cw4lbdzlqqdvbkdkz00c9ye49,6rwmlyhqpu4cyysgvnj57y7dh,D. Türüç,Deniz Türüç,33,Attacker,Türkiye,Striker,27.0,29.0,52.0,5.0,158.0,6.0,4.0,4.0,7.0,1.0,0.0,3.0,1.0,4.0,1.0,4.0,3.0,1.0,3.0,4.0,1.0,0.0,1.0,0.0,0.0,0.0,0.0,82.54,60.0,80.0,75.0,75.0,58.33,50.0,50.0,0.3288322203661667,0.6035558638591516,1.0,6.0,0.16487585,2.0,6.0,9.0,0.5013290899999999,19.0,15.379746835443038,16.518987341772153,29.620253164556964,2.848101265822785,3.4177215189873418,2.278481012658228,2.278481012658228,3.987341772151898,0.569620253164557,0.0,1.7088607594936709,0.569620253164557,2.278481012658228,0.569620253164557,2.278481012658228,1.7088607594936709,0.569620253164557,1.7088607594936709,2.278481012658228,0.569620253164557,0.0,0.569620253164557,0.0,0.0,0.0,0.0,82.54,60.0,80.0,75.0,75.0,58.33,50.0,50.0,0.1873094926136392,0.3437976439704028,0.569620253164557,3.4177215189873418,0.0939166234177215,1.139240506329114,3.4177215189873418,5.1265822784810124,0.2855672031645569,10.822784810126585,RW,87,67,73,90,93,60,53,40,53,27,70,67,97,57,77,83,53,83,47,30,30,77,43,53,53,53,73,73,100,90,83,87,90,63,80,93,33,87,80,80,77,77,87,53,87,67,67,87,93,53,47,20,47,27,60,67,93,60,67,73,47,73,47,27,30,73,43,53,53,53,73,73,100,90,83,87,90,63,67,93,33,67,67,73,67,73,73,60,Süper Lig
Konyaspor,cw4lbdzlqqdvbkdkz00c9ye49,7aljb5yzbz7i7fe4jw39ld7xm,E. Colley,Ebrima Colley,26,Attacker,Gambia,Striker,10.0,14.0,24.0,0.0,120.0,1.0,6.0,6.0,8.0,0.0,2.0,2.0,1.0,0.0,3.0,3.0,1.0,2.0,2.0,3.0,1.0,1.0,1.0,0.0,0.0,0.0,0.0,63.16,33.33,0.0,33.33,66.67,47.06,0.0,50.0,0.5259325376813294,0.0,1.0,6.0,0.15803074,1.0,2.0,3.0,0.09080478,9.0,7.5,10.5,18.0,0.0,0.75,4.5,4.5,6.0,0.0,1.5,1.5,0.75,0.0,2.25,2.25,0.75,1.5,1.5,2.25,0.75,0.75,0.75,0.0,0.0,0.0,0.0,63.16,33.33,0.0,33.33,66.67,47.06,0.0,50.0,0.3944494032609971,0.0,0.75,4.5,0.118523055,0.75,1.5,2.25,0.068103585,6.75,LW,58,33,33,33,42,100,100,67,33,42,58,33,50,92,50,42,75,75,33,33,50,92,58,58,58,58,17,33,50,17,83,67,50,17,67,33,58,92,83,58,33,50,33,33,67,50,50,33,50,100,100,100,33,67,100,50,50,100,50,50,83,83,33,50,67,100,58,58,58,58,17,33,50,17,83,67,50,17,100,33,67,100,100,67,33,50,67,33,Süper Lig
Konyaspor,cw4lbdzlqqdvbkdkz00c9ye49,a3s4i95z3u1m1vqdrhuhlabmy,J. Muleka,Jackson Muleka,26,Attacker,Congo DR,Striker,13.0,19.0,32.0,3.0,163.0,0.0,4.0,4.0,17.0,1.0,0.0,3.0,1.0,0.0,9.0,2.0,1.0,1.0,1.0,6.0,4.0,0.0,0.0,0.0,0.0,0.0,0.0,78.05,0.0,0.0,75.0,50.0,65.38,90.0,100.0,0.1731608534045028,0.2299869805299524,1.0,1.0,0.04066992,1.0,1.0,3.0,0.09265749,13.0,7.177914110429448,10.49079754601227,17.66871165644172,1.656441717791411,0.0,2.208588957055215,2.208588957055215,9.386503067484664,0.5521472392638037,0.0,1.656441717791411,0.5521472392638037,0.0,4.969325153374233,1.1042944785276074,0.5521472392638037,0.5521472392638037,0.5521472392638037,3.312883435582822,2.208588957055215,0.0,0.0,0.0,0.0,0.0,0.0,78.05,0.0,0.0,75.0,50.0,65.38,90.0,100.0,0.0956102871558604,0.1269866763662313,0.5521472392638037,0.5521472392638037,0.0224557840490797,0.5521472392638037,0.5521472392638037,1.656441717791411,0.0511605773006134,7.177914110429448,ST,80,70,73,82,28,83,83,100,72,27,90,65,37,95,20,25,40,55,53,87,18,32,43,52,52,52,67,28,37,90,92,90,100,83,23,83,45,47,53,65,37,67,63,80,70,60,67,80,28,87,83,97,67,27,90,57,37,93,17,23,27,47,50,80,18,32,43,52,52,52,67,28,37,90,92,90,100,83,20,80,40,43,53,70,33,60,63,73,Süper Lig
Konyaspor,cw4lbdzlqqdvbkdkz00c9ye49,a3x1zd1zarf5tuualhfdy47h1,Y. Andzouana,Yhoan Andzouana,29,Defender,Congo,Defender,39.0,39.0,76.0,5.0,180.0,3.0,4.0,4.0,5.0,0.0,5.0,2.0,1.0,2.0,1.0,1.0,0.0,1.0,1.0,4.0,1.0,0.0,0.0,1.0,0.0,0.0,0.0,90.48,60.0,28.57,50.0,100.0,38.46,33.33,100.0,0.041370877254632,0.4217516571226423,1.0,4.0,0.10481847,2.0,9.0,11.0,0.68310317,47.0,19.5,19.5,38.0,2.5,1.5,2.0,2.0,2.5,0.0,2.5,1.0,0.5,1.0,0.5,0.5,0.0,0.5,0.5,2.0,0.5,0.0,0.0,0.5,0.0,0.0,0.0,90.48,60.0,28.57,50.0,100.0,38.46,33.33,100.0,0.020685438627316,0.2108758285613211,0.5,2.0,0.052409235,1.0,4.5,5.5,0.341551585,23.5,RB/RCB,62,88,75,97,50,100,100,38,6,97,91,38,81,38,66,28,91,84,81,47,47,47,91,47,53,53,81,84,69,69,91,31,47,75,44,81,91,91,88,94,94,94,100,88,56,81,56,97,47,94,91,31,6,94,84,31,78,31,53,28,91,75,81,41,47,47,88,47,53,53,81,84,69,69,91,31,47,75,44,81,91,84,81,94,94,94,100,88,Süper Lig
Konyaspor,cw4lbdzlqqdvbkdkz00c9ye49,bg3sod57hai0y274n9qkselm1,U. Yazğılı,Ugurcan Yazgili,27,Defender,Türkiye,Defender,36.0,13.0,49.0,1.0,164.0,4.0,1.0,1.0,6.0,3.0,3.0,0.0,2.0,0.0,0.0,1.0,1.0,0.0,0.0,1.0,2.0,0.0,0.0,0.0,0.0,0.0,0.0,84.48,100.0,0.0,0.0,0.0,37.5,0.0,50.0,0.1114039335734502,0.0,0.0,0.0,0.0,1.0,2.0,1.0,0.0646598699999999,23.0,19.75609756097561,7.134146341463415,26.890243902439025,0.5487804878048781,2.1951219512195124,0.5487804878048781,0.5487804878048781,3.292682926829269,1.6463414634146345,1.6463414634146345,0.0,1.0975609756097562,0.0,0.0,0.5487804878048781,0.5487804878048781,0.0,0.0,0.5487804878048781,1.0975609756097562,0.0,0.0,0.0,0.0,0.0,0.0,84.48,100.0,0.0,0.0,0.0,37.5,0.0,50.0,0.0611363050098202,0.0,0.0,0.0,0.0,0.5487804878048781,1.0975609756097562,0.5487804878048781,0.0354840749999999,12.621951219512196,CB,24,24,20,70,41,61,61,33,11,76,30,76,44,4,59,67,39,39,53,77,47,51,47,49,51,51,23,100,44,30,39,16,16,53,54,31,41,33,33,83,40,39,37,40,23,23,20,74,43,71,71,34,11,77,30,83,44,4,66,74,39,39,66,77,47,51,47,49,51,51,23,100,44,30,39,16,16,53,60,31,41,33,33,86,37,37,34,40,Süper Lig
Konyaspor,cw4lbdzlqqdvbkdkz00c9ye49,c2wiaju4etayjlp12x9ba3kkp,C. Awaziem,Chidozie Awaziem,29,Defender,Nigeria,Defender,72.0,19.0,91.0,0.0,169.0,5.0,0.0,0.0,11.0,11.0,3.0,0.0,4.0,0.0,4.0,1.0,1.0,0.0,0.0,2.0,3.0,0.0,0.0,0.0,1.0,0.0,0.0,87.5,62.5,0.0,0.0,0.0,61.11,66.67,100.0,0.0956137463016382,0.0,0.0,1.0,0.0174506,0.0,2.0,5.0,0.1131873599999999,52.0,38.34319526627219,10.118343195266272,48.46153846153846,0.0,2.662721893491124,0.0,0.0,5.8579881656804735,5.8579881656804735,1.5976331360946745,0.0,2.1301775147929,0.0,2.1301775147929,0.5325443786982249,0.5325443786982249,0.0,0.0,1.0650887573964498,1.5976331360946745,0.0,0.0,0.0,0.5325443786982249,0.0,0.0,87.5,62.5,0.0,0.0,0.0,61.11,66.67,100.0,0.0509185631192156,0.0,0.0,0.5325443786982249,0.0092932189349112,0.0,1.0650887573964498,2.662721893491124,0.0602772923076922,27.692307692307693,RB/RCB,94,38,88,25,72,25,25,94,75,69,31,94,28,88,66,75,44,34,66,84,47,47,41,97,53,53,62,94,28,31,34,75,100,75,75,25,44,59,50,38,41,62,62,94,94,38,81,25,69,25,25,88,75,81,31,94,28,94,81,88,44,34,69,81,47,47,41,100,53,53,62,94,28,31,34,75,100,75,69,25,44,69,50,38,44,56,56,94,Süper Lig
Konyaspor,cw4lbdzlqqdvbkdkz00c9ye49,d0j78ok645lz4jbby9c6oxhck,A. Boşluk,Arif Bosluk,23,Defender,Türkiye,Defender,11.0,6.0,17.0,0.0,90.0,3.0,1.0,1.0,6.0,5.0,0.0,1.0,3.0,0.0,0.0,0.0,0.0,0.0,0.0,2.0,0.0,0.0,0.0,0.0,0.0,0.0,0.0,80.95,75.0,0.0,100.0,0.0,75.0,0.0,60.0,0.0,0.0,0.0,0.0,0.0,0.0,0.0,0.0,0.0,0.0,11.0,6.0,17.0,0.0,3.0,1.0,1.0,6.0,5.0,0.0,1.0,3.0,0.0,0.0,0.0,0.0,0.0,0.0,2.0,0.0,0.0,0.0,0.0,0.0,0.0,0.0,80.95,75.0,0.0,100.0,0.0,75.0,0.0,60.0,0.0,0.0,0.0,0.0,0.0,0.0,0.0,0.0,0.0,0.0,LB/LCB,10,5,10,20,45,55,48,38,68,18,70,65,28,18,20,30,35,38,52,22,40,50,48,50,52,52,40,95,28,92,38,90,20,52,20,25,30,18,18,25,12,12,12,12,20,10,10,20,75,65,57,82,92,18,78,100,28,18,20,30,35,38,72,22,40,50,48,50,52,52,40,95,28,92,38,90,20,52,20,25,30,18,18,25,12,12,12,12,Süper Lig
Konyaspor,cw4lbdzlqqdvbkdkz00c9ye49,e81dfbtza1g8v3lozf39x3f85,Diogo Gonçalves,Diogo António Cupido Gonçalves,29,Midfielder,Portugal,Midfielder,13.0,10.0,23.0,0.0,128.0,1.0,1.0,1.0,0.0,1.0,0.0,0.0,0.0,0.0,0.0,2.0,1.0,1.0,1.0,1.0,0.0,0.0,0.0,0.0,0.0,0.0,0.0,92.0,100.0,0.0,0.0,50.0,0.0,0.0,0.0,0.1221444586268611,0.0,1.0,1.0,0.02385149,1.0,1.0,2.0,0.06771087,7.0,9.140625,7.03125,16.171875,0.0,0.703125,0.703125,0.703125,0.0,0.703125,0.0,0.0,0.0,0.0,0.0,1.40625,0.703125,0.703125,0.703125,0.703125,0.0,0.0,0.0,0.0,0.0,0.0,0.0,92.0,100.0,0.0,0.0,50.0,0.0,0.0,0.0,0.0858828224720117,0.0,0.703125,0.703125,0.01677057890625,0.703125,0.703125,1.40625,0.04760920546875,4.921875,LM/LCM,30,20,20,40,50,30,30,20,20,30,30,30,50,30,80,70,80,80,30,20,40,50,60,60,60,60,100,80,50,30,80,20,40,30,80,40,80,40,40,70,50,60,60,40,40,20,20,40,60,40,40,20,20,30,30,30,50,30,80,100,80,80,40,20,40,50,60,60,60,60,100,80,50,30,80,20,40,30,80,40,100,40,40,80,60,60,60,40,Süper Lig
Konyaspor,cw4lbdzlqqdvbkdkz00c9ye49,emknda3m04831ahnf6iwt0gkp,A. Demirbağ,Adil Demirbag,28,Defender,Türkiye,Defender,77.0,21.0,98.0,1.0,180.0,10.0,0.0,0.0,3.0,11.0,0.0,0.0,2.0,0.0,1.0,1.0,1.0,0.0,0.0,1.0,0.0,0.0,0.0,0.0,0.0,0.0,0.0,94.23,83.33,0.0,0.0,0.0,27.27,20.0,100.0,0.1169842678942081,0.041370877254632,0.0,1.0,0.01870347,0.0,6.0,7.0,0.2394312899999999,62.0,38.5,10.5,49.0,0.5,5.0,0.0,0.0,1.5,5.5,0.0,0.0,1.0,0.0,0.5,0.5,0.5,0.0,0.0,0.5,0.0,0.0,0.0,0.0,0.0,0.0,0.0,94.23,83.33,0.0,0.0,0.0,27.27,20.0,100.0,0.058492133947104,0.020685438627316,0.0,0.5,0.009351735,0.0,3.0,3.5,0.1197156449999999,31.0,CB,74,44,60,70,93,20,20,11,70,4,30,76,44,17,59,67,39,39,53,17,47,51,47,49,51,51,89,94,44,30,39,6,34,91,60,69,41,71,67,36,67,69,77,69,69,37,54,63,93,20,20,9,70,4,30,71,44,14,53,61,39,39,51,17,47,51,47,49,51,51,89,94,44,30,39,6,34,91,57,66,41,70,67,36,64,67,74,63,Süper Lig
Samsunspor,dpsnqu7pd2b0shfzjyn5j1znf,20apwm6jjul7imoveqaigtkpg,A. Diabaté,Ali Diabaté,19,Defender,Côte d'Ivoire,Defender,54.0,24.0,78.0,0.0,180.0,5.0,1.0,1.0,11.0,21.0,1.0,0.0,2.0,0.0,7.0,1.0,0.0,1.0,0.0,0.0,2.0,1.0,0.0,0.0,0.0,0.0,0.0,83.87,41.67,0.0,0.0,0.0,57.89,53.85,100.0,0.0519579211248265,0.0,1.0,0.0,0.0,0.0,3.0,5.0,0.11273689,48.0,27.0,12.0,39.0,0.0,2.5,0.5,0.5,5.5,10.5,0.5,0.0,1.0,0.0,3.5,0.5,0.0,0.5,0.0,0.0,1.0,0.5,0.0,0.0,0.0,0.0,0.0,83.87,41.67,0.0,0.0,0.0,57.89,53.85,100.0,0.0259789605624132,0.0,0.5,0.0,0.0,0.0,1.5,2.5,0.056368445,24.0,CB,43,54,46,27,57,61,61,89,94,19,30,76,44,93,59,26,87,39,20,77,97,51,47,49,51,51,20,33,44,30,39,53,69,91,46,31,91,33,33,36,51,57,49,60,37,46,37,27,50,53,53,79,94,17,30,71,44,93,53,26,83,39,20,70,96,51,47,49,51,51,20,33,44,30,39,53,69,91,46,31,87,33,33,36,49,57,46,57,Süper Lig
Samsunspor,dpsnqu7pd2b0shfzjyn5j1znf,3bnphjt458z3h73qi2wwno73d,T. Borevković,Toni Borevkovic,29,Defender,Croatia,Defender,70.0,25.0,95.0,0.0,180.0,4.0,1.0,1.0,12.0,15.0,2.0,1.0,3.0,0.0,5.0,0.0,0.0,0.0,0.0,0.0,3.0,0.0,0.0,0.0,0.0,0.0,0.0,87.96,44.44,0.0,100.0,0.0,66.67,55.56,100.0,0.0,0.0,0.0,0.0,0.0,0.0,0.0,0.0,0.0,0.0,35.0,12.5,47.5,0.0,2.0,0.5,0.5,6.0,7.5,1.0,0.5,1.5,0.0,2.5,0.0,0.0,0.0,0.0,0.0,1.5,0.0,0.0,0.0,0.0,0.0,0.0,87.96,44.44,0.0,100.0,0.0,66.67,55.56,100.0,0.0,0.0,0.0,0.0,0.0,0.0,0.0,0.0,0.0,0.0,CB,57,57,51,27,41,61,61,96,87,47,74,93,44,77,21,26,39,39,20,96,47,51,47,49,51,51,40,40,44,84,39,77,71,91,21,31,41,33,33,36,16,17,14,14,51,49,46,27,34,53,53,87,84,39,69,87,44,70,21,26,39,39,20,87,47,51,47,49,51,51,40,40,44,84,39,77,71,91,21,31,41,33,33,36,16,17,14,14,Süper Lig
Samsunspor,dpsnqu7pd2b0shfzjyn5j1znf,3i85rbmn6qd5x4y29hk78rmy1,F. Kaya,Fatih Kaya,26,Attacker,Germany,Striker,10.0,10.0,20.0,1.0,109.0,0.0,1.0,1.0,15.0,1.0,0.0,1.0,1.0,0.0,9.0,7.0,4.0,3.0,2.0,7.0,5.0,3.0,1.0,1.0,0.0,0.0,0.0,68.97,0.0,0.0,100.0,28.57,75.0,81.82,100.0,0.6234588149183194,0.0570814738807478,3.0,0.0,0.0,0.0,1.0,1.0,0.01094446,4.0,8.256880733944955,8.256880733944955,16.51376146788991,0.8256880733944955,0.0,0.8256880733944955,0.8256880733944955,12.385321100917432,0.8256880733944955,0.0,0.8256880733944955,0.8256880733944955,0.0,7.431192660550459,5.779816513761468,3.302752293577982,2.4770642201834865,1.651376146788991,5.779816513761468,4.128440366972478,2.4770642201834865,0.8256880733944955,0.8256880733944955,0.0,0.0,0.0,68.97,0.0,0.0,100.0,28.57,75.0,81.82,100.0,0.5147825077307225,0.0471314921951128,2.4770642201834865,0.0,0.0,0.0,0.8256880733944955,0.8256880733944955,0.0090367100917431,3.302752293577982,ST,60,37,50,40,28,25,23,95,72,27,58,65,37,95,88,70,95,75,68,97,92,75,93,52,52,52,40,28,37,97,57,97,97,83,70,40,97,20,20,30,37,32,10,27,80,53,60,43,28,30,27,100,83,27,70,77,37,100,97,87,100,90,87,97,100,77,97,52,52,52,40,28,37,97,57,97,97,83,87,47,100,20,20,30,47,33,13,43,Süper Lig
Samsunspor,dpsnqu7pd2b0shfzjyn5j1znf,5v6qbo445hb8hm6yqbdzs9yw9,E. Watt,Elliot Watt,26,Midfielder,Scotland,Midfielder,21.0,16.0,36.0,1.0,90.0,3.0,0.0,0.0,0.0,0.0,2.0,0.0,0.0,1.0,0.0,0.0,0.0,0.0,0.0,0.0,0.0,0.0,0.0,0.0,0.0,0.0,0.0,80.0,50.0,100.0,0.0,0.0,0.0,0.0,0.0,0.0,0.147632353647748,0.0,0.0,0.0,0.0,4.0,3.0,0.25550728,16.0,21.0,16.0,36.0,1.0,3.0,0.0,0.0,0.0,0.0,2.0,0.0,0.0,1.0,0.0,0.0,0.0,0.0,0.0,0.0,0.0,0.0,0.0,0.0,0.0,0.0,0.0,80.0,50.0,100.0,0.0,0.0,0.0,0.0,0.0,0.0,0.147632353647748,0.0,0.0,0.0,0.0,4.0,3.0,0.25550728,16.0,DM/CM,30,19,19,53,39,25,25,3,6,61,31,16,86,14,20,31,31,41,25,12,41,47,47,52,52,52,19,30,98,31,41,5,25,16,20,88,33,23,23,28,34,36,88,34,58,38,41,75,62,25,25,3,6,81,31,16,94,14,20,31,31,41,25,12,41,47,47,52,52,52,19,30,98,31,41,5,25,16,20,97,33,23,23,28,52,53,94,41,Süper Lig
Samsunspor,dpsnqu7pd2b0shfzjyn5j1znf,6c9jzebimd3c53gpxa35sxzah,L. Tómasson,Logi Tómasson,25,Defender,Iceland,Defender,27.0,33.0,59.0,0.0,180.0,3.0,1.0,2.0,9.0,4.0,5.0,1.0,3.0,1.0,1.0,2.0,2.0,0.0,0.0,5.0,2.0,1.0,0.0,0.0,0.0,0.0,0.0,77.63,33.33,12.5,100.0,0.0,56.25,33.33,60.0,0.170725269716211,0.0,2.0,3.0,0.0722514,3.0,1.0,1.0,0.1335661899999999,24.0,13.5,16.5,29.5,0.0,1.5,0.5,1.0,4.5,2.0,2.5,0.5,1.5,0.5,0.5,1.0,1.0,0.0,0.0,2.5,1.0,0.5,0.0,0.0,0.0,0.0,0.0,77.63,33.33,12.5,100.0,0.0,56.25,33.33,60.0,0.0853626348581055,0.0,1.0,1.5,0.0361257,1.5,0.5,0.5,0.0667830949999999,12.0,LB/LCB,32,55,50,20,45,55,65,60,55,95,70,65,68,45,75,82,35,38,88,70,88,50,48,50,52,52,25,30,55,92,38,55,42,52,75,25,92,72,65,85,28,25,35,40,28,45,40,20,42,48,57,40,48,90,65,52,62,42,68,80,35,38,80,62,85,50,48,50,52,52,25,30,55,92,38,55,42,52,75,25,88,65,65,85,25,25,30,40,Süper Lig
Samsunspor,dpsnqu7pd2b0shfzjyn5j1znf,8058605f3gip7nglewe7svqzu,M. Mouandilmadji,Marius Mouandilmadji,28,Attacker,Chad,Striker,4.0,6.0,10.0,1.0,90.0,0.0,2.0,2.0,5.0,4.0,0.0,1.0,0.0,0.0,3.0,4.0,3.0,1.0,1.0,7.0,1.0,1.0,1.0,0.0,0.0,0.0,0.0,58.82,0.0,0.0,50.0,25.0,41.67,75.0,0.0,0.1314058604008068,0.1261294274817695,1.0,0.0,0.0,0.0,2.0,1.0,0.0190122099999999,5.0,4.0,6.0,10.0,1.0,0.0,2.0,2.0,5.0,4.0,0.0,1.0,0.0,0.0,3.0,4.0,3.0,1.0,1.0,7.0,1.0,1.0,1.0,0.0,0.0,0.0,0.0,58.82,0.0,0.0,50.0,25.0,41.67,75.0,0.0,0.1314058604008068,0.1261294274817695,1.0,0.0,0.0,0.0,2.0,1.0,0.0190122099999999,5.0,ST,15,17,10,40,28,47,42,28,92,27,58,25,37,47,47,52,40,55,68,28,48,75,43,52,52,52,13,28,37,68,52,47,90,25,20,60,45,20,20,30,58,32,23,38,37,37,43,57,28,75,72,47,97,27,78,25,37,70,83,78,60,68,93,40,60,87,43,52,52,52,13,28,37,68,52,47,90,25,33,77,60,20,20,30,80,43,30,57,Süper Lig
Samsunspor,dpsnqu7pd2b0shfzjyn5j1znf,8ox8sr19qwfoxvk2hfhx0xmmt,C. Yüksel,Celil Yüksel,28,Midfielder,Türkiye,Midfielder,38.0,36.0,74.0,1.0,180.0,9.0,0.0,0.0,14.0,3.0,4.0,0.0,3.0,0.0,3.0,3.0,0.0,3.0,1.0,0.0,4.0,1.0,1.0,0.0,0.0,0.0,0.0,74.75,40.91,0.0,0.0,33.33,66.67,50.0,42.86,0.181151857902063,0.1117408646710537,2.0,3.0,0.06252566,0.0,14.0,11.0,0.2743216999999999,44.0,19.0,18.0,37.0,0.5,4.5,0.0,0.0,7.0,1.5,2.0,0.0,1.5,0.0,1.5,1.5,0.0,1.5,0.5,0.0,2.0,0.5,0.5,0.0,0.0,0.0,0.0,74.75,40.91,0.0,0.0,33.33,66.67,50.0,42.86,0.0905759289510315,0.0558704323355268,1.0,1.5,0.03126283,0.0,7.0,5.5,0.1371608499999999,22.0,DM/CM,66,66,66,53,94,25,25,94,81,92,31,78,41,89,89,31,97,89,25,89,89,97,47,52,52,52,6,22,41,31,84,91,75,44,81,75,92,69,66,28,95,83,91,73,47,50,47,34,88,25,25,81,69,81,31,72,41,84,81,31,94,81,25,84,81,94,47,52,52,52,6,22,41,31,84,91,75,44,78,72,89,61,62,28,88,80,84,56,Süper Lig
Samsunspor,dpsnqu7pd2b0shfzjyn5j1znf,b0xd20j7apuso09qehs7jh1t6,Y. Kayan,Yalçin Kayan,27,Midfielder,Türkiye,Midfielder,25.0,42.0,65.0,4.0,143.0,2.0,2.0,2.0,4.0,2.0,1.0,1.0,2.0,2.0,1.0,2.0,2.0,0.0,0.0,4.0,0.0,2.0,0.0,0.0,0.0,0.0,0.0,85.53,22.22,50.0,50.0,0.0,25.0,14.29,100.0,0.1329498649847544,0.2802429533415836,0.0,6.0,0.1269563799999999,3.0,9.0,8.0,0.24921604,36.0,15.734265734265737,26.43356643356644,40.909090909090914,2.517482517482517,1.2587412587412588,1.2587412587412588,1.2587412587412588,2.517482517482517,1.2587412587412588,0.6293706293706294,0.6293706293706294,1.2587412587412588,1.2587412587412588,0.6293706293706294,1.2587412587412588,1.2587412587412588,0.0,0.0,2.517482517482517,0.0,1.2587412587412588,0.0,0.0,0.0,0.0,0.0,85.53,22.22,50.0,50.0,0.0,25.0,14.29,100.0,0.083674740200195,0.1763766839212764,0.0,3.776223776223776,0.0799026167832167,1.888111888111888,5.664335664335665,5.034965034965035,0.1568492559440559,22.65734265734266,CM/AM,92,61,72,67,50,39,39,31,78,81,47,81,67,64,36,67,19,22,42,22,78,39,39,53,53,53,56,22,89,64,22,17,67,86,33,61,25,75,50,72,78,67,50,67,94,61,72,67,50,28,28,28,78,89,44,89,67,67,33,72,19,22,39,22,72,39,39,53,53,53,56,22,89,64,22,17,67,86,22,67,25,72,56,78,78,67,56,72,Süper Lig
Samsunspor,dpsnqu7pd2b0shfzjyn5j1znf,c6rzadc9bx74tw06zdubmtc5x,E. Kılınç,Emre Kilinç,32,Midfielder,Türkiye,Midfielder,15.0,38.0,53.0,2.0,180.0,1.0,3.0,3.0,3.0,5.0,3.0,1.0,0.0,0.0,2.0,4.0,4.0,0.0,1.0,8.0,0.0,1.0,1.0,0.0,0.0,0.0,0.0,80.3,20.0,0.0,33.33,25.0,27.27,0.0,0.0,0.3795123326255681,0.1222657945008516,0.0,4.0,0.11331829,2.0,4.0,5.0,0.3520314899999999,30.0,7.5,19.0,26.5,1.0,0.5,1.5,1.5,1.5,2.5,1.5,0.5,0.0,0.0,1.0,2.0,2.0,0.0,0.5,4.0,0.0,0.5,0.5,0.0,0.0,0.0,0.0,80.3,20.0,0.0,33.33,25.0,27.27,0.0,0.0,0.189756166312784,0.0611328972504258,0.0,2.0,0.056659145,1.0,2.0,2.5,0.1760157449999999,15.0,CM/AM,64,50,56,33,28,61,58,19,100,100,47,17,19,86,67,94,19,58,89,22,47,89,39,53,53,53,22,17,19,39,53,22,33,17,78,28,25,50,44,53,50,53,89,61,44,39,39,28,19,42,42,11,100,94,31,17,19,75,56,89,19,44,67,22,33,81,39,53,53,53,22,17,19,39,53,22,33,17,67,28,25,44,33,53,39,39,78,56,Süper Lig
Samsunspor,dpsnqu7pd2b0shfzjyn5j1znf,dstxo7i9rklcwq64pik7jdgyc,J. Mendes,Joe Mendes,23,Defender,Sweden,Defender,32.0,41.0,70.0,4.0,180.0,2.0,0.0,0.0,7.0,6.0,3.0,0.0,3.0,3.0,4.0,1.0,1.0,0.0,1.0,4.0,0.0,0.0,1.0,1.0,0.0,0.0,0.0,92.11,50.0,33.33,0.0,100.0,58.33,57.14,100.0,0.2257117748092099,0.4397663742263263,0.0,1.0,0.04066992,1.0,3.0,7.0,0.42712336,32.0,16.0,20.5,35.0,2.0,1.0,0.0,0.0,3.5,3.0,1.5,0.0,1.5,1.5,2.0,0.5,0.5,0.0,0.5,2.0,0.0,0.0,0.5,0.5,0.0,0.0,0.0,92.11,50.0,33.33,0.0,100.0,58.33,57.14,100.0,0.1128558874046049,0.2198831871131631,0.0,0.5,0.02033496,0.5,1.5,3.5,0.21356168,16.0,RB/RCB,50,94,66,84,31,25,25,62,47,69,31,84,91,88,66,75,44,84,81,16,47,97,91,47,53,53,100,62,78,31,91,69,84,75,88,88,44,59,62,81,53,75,94,81,41,88,50,84,25,25,25,53,47,62,31,75,91,84,53,59,44,75,81,16,47,94,88,47,53,53,100,62,78,31,91,69,84,75,88,88,44,53,62,81,50,69,94,81,Süper Lig
Samsunspor,dpsnqu7pd2b0shfzjyn5j1znf,hfsas6p5zlu8qtjlu1kd5xjo,S. Jarju,Saikuba Jarju,18,Attacker,Gambia,Striker,12.0,21.0,31.0,4.0,163.0,0.0,6.0,6.0,9.0,2.0,1.0,3.0,0.0,2.0,2.0,0.0,0.0,0.0,0.0,2.0,3.0,0.0,0.0,2.0,0.0,0.0,0.0,75.61,0.0,40.0,50.0,0.0,39.13,25.0,0.0,0.0,0.1569860420385187,0.0,2.0,0.06970144,1.0,0.0,1.0,0.084939,9.0,6.625766871165644,11.595092024539875,17.116564417177916,2.208588957055215,0.0,3.312883435582822,3.312883435582822,4.969325153374233,1.1042944785276074,0.5521472392638037,1.656441717791411,0.0,1.1042944785276074,1.1042944785276074,0.0,0.0,0.0,0.0,1.1042944785276074,1.656441717791411,0.0,0.0,1.1042944785276074,0.0,0.0,0.0,75.61,0.0,40.0,50.0,0.0,39.13,25.0,0.0,0.0,0.0866794097145195,0.0,1.1042944785276074,0.0384854576687116,0.5521472392638037,0.0,0.5521472392638037,0.0468988343558282,4.969325153374233,RW,40,47,40,77,17,77,77,67,77,67,70,27,67,77,10,10,17,20,23,63,30,37,100,53,53,53,40,17,77,43,20,33,67,27,10,27,13,23,33,43,17,23,27,33,27,47,27,73,17,73,73,47,80,60,53,27,60,80,10,10,17,20,27,60,30,37,100,53,53,53,40,17,77,43,20,33,67,27,10,20,13,27,33,47,17,20,20,20,Süper Lig
Trabzonspor,2yab38jdfl0gk2tei1mq40o06,3zfvbmppohz2naqcci09pt72s,B. Bouchouari,Benjamin Bouchouari,24,Midfielder,Morocco,Midfielder,18.0,36.0,54.0,0.0,99.0,4.0,1.0,1.0,7.0,2.0,1.0,1.0,1.0,0.0,2.0,0.0,0.0,0.0,0.0,0.0,1.0,0.0,0.0,0.0,0.0,0.0,0.0,91.53,80.0,0.0,100.0,0.0,58.33,50.0,33.33,0.0,0.0,0.0,0.0,0.0,0.0,0.0,0.0,0.0,0.0,16.363636363636363,32.72727272727273,49.090909090909086,0.0,3.636363636363636,0.9090909090909092,0.9090909090909092,6.363636363636363,1.818181818181818,0.9090909090909092,0.9090909090909092,0.9090909090909092,0.0,1.818181818181818,0.0,0.0,0.0,0.0,0.0,0.9090909090909092,0.0,0.0,0.0,0.0,0.0,0.0,91.53,80.0,0.0,100.0,0.0,58.33,50.0,33.33,0.0,0.0,0.0,0.0,0.0,0.0,0.0,0.0,0.0,0.0,DM/CM,20,66,41,17,55,64,64,61,64,33,73,44,41,73,20,31,31,41,25,36,41,47,47,52,52,52,78,91,41,89,41,66,75,34,20,20,33,23,23,28,14,14,14,14,28,84,72,17,66,69,69,75,78,44,75,44,41,88,20,31,31,41,25,47,41,47,47,52,52,52,78,91,41,89,41,66,75,34,20,20,33,23,23,28,14,14,14,14,Süper Lig
Trabzonspor,2yab38jdfl0gk2tei1mq40o06,4euxcqawlks4c56pqj8xvwbf9,R. Malinovskyi,Ruslan Malinovskyi,33,Midfielder,Ukraine,Midfielder,43.0,40.0,83.0,1.0,165.0,8.0,1.0,1.0,9.0,1.0,4.0,0.0,3.0,0.0,2.0,2.0,0.0,2.0,0.0,0.0,3.0,0.0,0.0,0.0,0.0,0.0,0.0,86.46,57.14,0.0,0.0,0.0,50.0,50.0,75.0,0.1561155908095103,0.0844037141502311,1.0,1.0,0.02122129,3.0,10.0,13.0,0.19732144,44.0,23.454545454545457,21.81818181818182,45.27272727272727,0.5454545454545455,4.363636363636364,0.5454545454545455,0.5454545454545455,4.909090909090909,0.5454545454545455,2.181818181818182,0.0,1.6363636363636365,0.0,1.090909090909091,1.090909090909091,0.0,1.090909090909091,0.0,0.0,1.6363636363636365,0.0,0.0,0.0,0.0,0.0,0.0,86.46,57.14,0.0,0.0,0.0,50.0,50.0,75.0,0.0851539586233692,0.0460383895364896,0.5454545454545455,0.5454545454545455,0.011575249090909,1.6363636363636365,5.454545454545455,7.090909090909091,0.1076298763636363,24.0,DM/CM,75,78,73,53,83,64,64,69,31,92,31,78,41,73,72,31,84,41,25,83,41,47,47,52,52,52,53,48,41,31,41,48,75,66,75,72,75,48,50,86,81,91,72,73,66,69,62,48,81,58,58,56,27,89,31,77,41,70,72,31,88,41,25,78,41,47,47,52,52,52,53,48,41,31,41,48,75,66,72,62,73,47,47,84,75,88,72,66,Süper Lig
Trabzonspor,2yab38jdfl0gk2tei1mq40o06,4zrsiizdbzwwkmit3ta0f0dbe,A. Şimşir,Aral Simsir,24,Midfielder,Türkiye,Midfielder,15.0,24.0,38.0,4.0,137.0,4.0,4.0,4.0,4.0,2.0,0.0,0.0,1.0,1.0,0.0,1.0,1.0,0.0,0.0,4.0,3.0,1.0,0.0,0.0,0.0,0.0,0.0,79.17,100.0,20.0,0.0,0.0,40.0,0.0,100.0,0.087298919439869,0.3005596495370161,1.0,4.0,0.12931233,2.0,2.0,4.0,0.17527718,10.0,9.854014598540148,15.766423357664234,24.96350364963504,2.6277372262773726,2.6277372262773726,2.6277372262773726,2.6277372262773726,2.6277372262773726,1.3138686131386863,0.0,0.0,0.6569343065693432,0.6569343065693432,0.0,0.6569343065693432,0.6569343065693432,0.0,0.0,2.6277372262773726,1.9708029197080288,0.6569343065693432,0.0,0.0,0.0,0.0,0.0,79.17,100.0,20.0,0.0,0.0,40.0,0.0,100.0,0.0573496551064832,0.1974479449513244,0.6569343065693432,2.6277372262773726,0.084949705839416,1.3138686131386863,1.3138686131386863,2.6277372262773726,0.1151455927007299,6.569343065693431,LM/LCM,60,80,40,100,80,70,70,40,50,30,30,60,100,30,50,70,40,40,70,90,90,50,60,60,60,60,20,80,100,30,40,40,40,90,60,100,80,100,80,100,80,80,80,60,60,100,80,100,80,100,100,40,60,30,30,60,100,30,60,80,40,40,100,100,100,50,60,60,60,60,20,80,100,30,40,40,40,90,60,100,80,100,80,100,80,80,80,60,Süper Lig
Trabzonspor,2yab38jdfl0gk2tei1mq40o06,5ilkkfbsss0bxd6ttdlqg0uz9,Mohamed Salah,Mohamed Salah Hamed Mahrous Ghaly,34,Attacker,Egypt,Striker,13.0,38.0,47.0,8.0,122.0,9.0,7.0,7.0,9.0,1.0,0.0,4.0,0.0,4.0,0.0,7.0,6.0,1.0,4.0,9.0,4.0,1.0,2.0,0.0,0.0,0.0,0.0,79.66,81.82,40.0,57.14,57.14,50.0,0.0,0.0,0.8392452656513301,0.5621396563061405,2.0,5.0,0.24433977,2.0,6.0,9.0,0.38734066,26.0,9.59016393442623,28.0327868852459,34.67213114754098,5.901639344262295,6.639344262295082,5.163934426229508,5.163934426229508,6.639344262295082,0.7377049180327868,0.0,2.950819672131148,0.0,2.950819672131148,0.0,5.163934426229508,4.426229508196721,0.7377049180327868,2.950819672131148,6.639344262295082,2.950819672131148,0.7377049180327868,1.4754098360655736,0.0,0.0,0.0,0.0,79.66,81.82,40.0,57.14,57.14,50.0,0.0,0.0,0.6191153599067188,0.4146931890783003,1.4754098360655736,3.6885245901639343,0.18025065,1.4754098360655736,4.426229508196721,6.639344262295082,0.2857431098360655,19.18032786885246,RW,50,80,60,100,100,87,87,67,53,27,90,27,97,23,93,93,53,100,93,83,77,93,43,53,53,53,57,87,77,60,67,50,33,27,93,87,63,70,93,80,77,77,73,80,40,87,73,100,100,87,87,87,60,27,87,27,100,23,93,93,67,100,87,100,80,93,43,53,53,53,57,87,77,60,67,50,33,27,93,100,73,73,93,87,80,87,80,80,Süper Lig
Trabzonspor,2yab38jdfl0gk2tei1mq40o06,6ho91cw0qaxyn6qovo3i1myg9,M. Eskihellaç,Mustafa Eskihellaç,29,Defender,Türkiye,Defender,45.0,55.0,97.0,4.0,180.0,4.0,3.0,3.0,10.0,6.0,2.0,3.0,1.0,3.0,2.0,5.0,3.0,2.0,1.0,4.0,5.0,3.0,0.0,0.0,0.0,0.0,0.0,88.99,66.67,60.0,100.0,20.0,71.43,40.0,100.0,0.3220987560461544,0.5140756290523979,4.0,4.0,0.09517309,0.0,8.0,5.0,0.7222602799999998,43.0,22.5,27.5,48.5,2.0,2.0,1.5,1.5,5.0,3.0,1.0,1.5,0.5,1.5,1.0,2.5,1.5,1.0,0.5,2.0,2.5,1.5,0.0,0.0,0.0,0.0,0.0,88.99,66.67,60.0,100.0,20.0,71.43,40.0,100.0,0.1610493780230772,0.2570378145261989,2.0,2.0,0.047586545,0.0,4.0,2.5,0.3611301399999999,21.5,LB/LCB,80,90,85,88,65,78,78,68,82,72,88,25,92,68,100,98,98,85,80,95,100,50,48,50,52,52,85,85,98,92,75,85,50,92,100,95,100,82,80,25,85,65,100,82,80,80,85,85,57,75,70,50,70,70,85,25,90,62,95,92,90,82,72,95,100,50,48,50,52,52,85,85,98,92,75,85,50,92,95,90,100,82,75,25,75,55,95,75,Süper Lig
Trabzonspor,2yab38jdfl0gk2tei1mq40o06,7wh91ajt4v3w9kfdpp5hf5mmt,P. Onuachu,Paul Onuachu,32,Attacker,Nigeria,Striker,5.0,8.0,13.0,2.0,177.0,0.0,2.0,3.0,8.0,0.0,0.0,0.0,0.0,0.0,6.0,6.0,4.0,2.0,0.0,10.0,1.0,2.0,0.0,0.0,0.0,0.0,0.0,65.0,0.0,0.0,0.0,0.0,44.44,50.0,0.0,0.7484777658401289,0.1502869704706504,2.0,1.0,0.02385149,1.0,2.0,1.0,0.1980184299999998,6.0,2.5423728813559325,4.067796610169491,6.610169491525424,1.0169491525423728,0.0,1.0169491525423728,1.5254237288135597,4.067796610169491,0.0,0.0,0.0,0.0,0.0,3.050847457627119,3.050847457627119,2.0338983050847457,1.0169491525423728,0.0,5.084745762711865,0.5084745762711864,1.0169491525423728,0.0,0.0,0.0,0.0,0.0,65.0,0.0,0.0,0.0,0.0,44.44,50.0,0.0,0.3805819148339638,0.0764171036291442,1.0169491525423728,0.5084745762711864,0.0121278762711864,0.5084745762711864,1.0169491525423728,0.5084745762711864,0.1006873372881355,3.050847457627119,ST,25,27,23,63,28,47,65,48,30,27,18,25,37,82,77,70,73,22,88,28,73,32,43,52,52,52,20,28,37,18,22,50,62,25,80,63,77,47,43,65,58,32,83,47,13,13,13,63,28,40,53,37,30,27,18,25,37,77,63,57,67,22,73,20,63,32,43,52,52,52,20,28,37,18,22,50,62,25,77,60,73,40,43,63,50,23,80,37,Süper Lig
Trabzonspor,2yab38jdfl0gk2tei1mq40o06,av5g4nr853anks78vl6jh4s7p,S. Savić,Stefan Savic,35,Defender,Montenegro,Defender,102.0,37.0,139.0,1.0,180.0,8.0,1.0,1.0,9.0,5.0,3.0,0.0,0.0,0.0,7.0,2.0,2.0,0.0,2.0,3.0,2.0,0.0,0.0,0.0,0.0,0.0,0.0,92.05,66.67,0.0,0.0,100.0,64.29,0.0,0.0,0.2429372521881443,0.0553547793195437,0.0,0.0,0.0,0.0,4.0,5.0,0.1802421199999999,101.0,51.0,18.5,69.5,0.5,4.0,0.5,0.5,4.5,2.5,1.5,0.0,0.0,0.0,3.5,1.0,1.0,0.0,1.0,1.5,1.0,0.0,0.0,0.0,0.0,0.0,0.0,92.05,66.67,0.0,0.0,100.0,64.29,0.0,0.0,0.1214686260940721,0.0276773896597718,0.0,0.0,0.0,0.0,2.0,2.5,0.0901210599999999,50.5,CB,97,69,94,70,76,61,61,69,26,76,30,21,44,93,81,90,39,99,84,77,47,51,47,49,51,51,69,74,44,30,97,64,16,21,86,71,41,33,33,36,61,57,60,94,94,60,86,63,76,53,53,59,20,61,30,21,44,93,79,87,39,97,77,70,47,51,47,49,51,51,69,74,44,30,97,64,16,21,80,69,41,33,33,36,57,57,54,89,Süper Lig
Trabzonspor,2yab38jdfl0gk2tei1mq40o06,axeygxw5crichqm4hqprm3mdw,Wagner Pina,Wagner Fabrício Cardoso de Pina,23,Defender,Cabo Verde,Defender,16.0,28.0,43.0,0.0,90.0,1.0,1.0,2.0,7.0,2.0,1.0,1.0,2.0,1.0,0.0,0.0,0.0,0.0,0.0,0.0,3.0,0.0,0.0,0.0,0.0,0.0,0.0,91.49,25.0,25.0,100.0,0.0,70.0,0.0,66.67,0.0,0.0,0.0,0.0,0.0,0.0,0.0,0.0,0.0,0.0,16.0,28.0,43.0,0.0,1.0,1.0,2.0,7.0,2.0,1.0,1.0,2.0,1.0,0.0,0.0,0.0,0.0,0.0,0.0,3.0,0.0,0.0,0.0,0.0,0.0,0.0,91.49,25.0,25.0,100.0,0.0,70.0,0.0,66.67,0.0,0.0,0.0,0.0,0.0,0.0,0.0,0.0,0.0,0.0,RB/RCB,6,59,16,25,12,59,72,62,19,22,69,69,66,12,22,28,44,34,16,84,47,47,41,47,53,53,88,28,62,94,34,88,16,34,22,25,44,25,25,38,19,19,19,19,41,94,75,25,25,72,91,94,28,38,84,88,78,12,22,28,44,34,16,94,47,47,41,47,53,53,88,28,62,94,34,88,16,34,22,25,44,25,25,38,19,19,19,19,Süper Lig
Trabzonspor,2yab38jdfl0gk2tei1mq40o06,cg2c1slur70h744zbyvc65bs9,M. Kabasakal,Melih Kabasakal,30,Midfielder,Türkiye,Midfielder,35.0,15.0,50.0,0.0,113.0,3.0,0.0,0.0,3.0,2.0,5.0,0.0,3.0,0.0,0.0,0.0,0.0,0.0,0.0,0.0,0.0,0.0,0.0,0.0,0.0,0.0,0.0,100.0,100.0,0.0,0.0,0.0,50.0,0.0,100.0,0.0,0.0,0.0,0.0,0.0,0.0,0.0,0.0,0.0,0.0,27.876106194690266,11.946902654867255,39.823008849557525,0.0,2.3893805309734515,0.0,0.0,2.3893805309734515,1.592920353982301,3.982300884955752,0.0,2.3893805309734515,0.0,0.0,0.0,0.0,0.0,0.0,0.0,0.0,0.0,0.0,0.0,0.0,0.0,0.0,100.0,100.0,0.0,0.0,0.0,50.0,0.0,100.0,0.0,0.0,0.0,0.0,0.0,0.0,0.0,0.0,0.0,0.0,DM/CM,56,12,36,17,39,25,25,17,64,100,31,78,41,14,20,31,31,41,25,12,41,47,47,52,52,52,100,100,41,31,41,48,25,91,20,20,33,23,23,28,14,14,14,14,88,19,50,17,47,25,25,28,73,100,31,88,41,14,20,31,31,41,25,12,41,47,47,52,52,52,100,100,41,31,41,48,25,91,20,20,33,23,23,28,14,14,14,14,Süper Lig
Trabzonspor,2yab38jdfl0gk2tei1mq40o06,d078o2hgm2fkdjz5vagzx9oq2,Sidny Cabral,Sidny Lopes Cabral,23,Defender,Cabo Verde,Defender,21.0,26.0,46.0,1.0,113.0,4.0,1.0,1.0,7.0,3.0,2.0,0.0,2.0,1.0,0.0,1.0,1.0,0.0,1.0,2.0,2.0,0.0,0.0,0.0,0.0,0.0,0.0,93.88,66.67,14.29,0.0,100.0,53.85,0.0,40.0,0.1359917933226502,0.1805704236278187,0.0,2.0,0.0844441,1.0,3.0,3.0,0.26632194,15.0,16.72566371681416,20.70796460176992,36.63716814159292,0.7964601769911505,3.185840707964602,0.7964601769911505,0.7964601769911505,5.575221238938053,2.3893805309734515,1.592920353982301,0.0,1.592920353982301,0.7964601769911505,0.0,0.7964601769911505,0.7964601769911505,0.0,0.7964601769911505,1.592920353982301,1.592920353982301,0.0,0.0,0.0,0.0,0.0,0.0,93.88,66.67,14.29,0.0,100.0,53.85,0.0,40.0,0.1083120477791019,0.1438171515619795,0.0,1.592920353982301,0.0672563628318584,0.7964601769911505,2.3893805309734515,2.3893805309734515,0.2121148194690265,11.946902654867255,CB,11,61,14,70,41,61,61,44,11,47,30,76,93,4,59,67,39,86,73,77,47,51,47,49,51,51,83,74,89,30,97,37,16,46,69,91,41,87,94,83,51,49,83,33,17,66,31,80,71,80,80,83,17,74,30,91,94,4,71,83,39,94,89,94,47,51,47,49,51,51,83,74,89,30,97,37,16,46,77,97,41,94,100,91,60,51,100,34,Süper Lig
Trabzonspor,2yab38jdfl0gk2tei1mq40o06,e2k1zvps76pfb17pqnryuf0gk,C. Nwaiwu,Chibuike Nwaiwu,23,Defender,Nigeria,Defender,78.0,43.0,121.0,0.0,180.0,9.0,4.0,4.0,11.0,11.0,4.0,4.0,2.0,0.0,3.0,2.0,1.0,1.0,1.0,3.0,2.0,0.0,0.0,0.0,0.0,0.0,0.0,88.32,60.0,0.0,100.0,50.0,64.71,50.0,66.67,0.1809412297703613,0.0,1.0,3.0,0.09827791,1.0,8.0,10.0,0.23657914,67.0,39.0,21.5,60.5,0.0,4.5,2.0,2.0,5.5,5.5,2.0,2.0,1.0,0.0,1.5,1.0,0.5,0.5,0.5,1.5,1.0,0.0,0.0,0.0,0.0,0.0,0.0,88.32,60.0,0.0,100.0,50.0,64.71,50.0,66.67,0.0904706148851806,0.0,0.5,1.5,0.049138955,0.5,4.0,5.0,0.11828957,33.5,CB,77,74,74,27,84,100,100,89,70,93,100,76,44,43,81,67,87,86,84,77,47,51,47,49,51,51,43,57,44,84,89,69,59,70,83,31,91,97,97,83,71,80,74,71,71,71,71,27,84,97,97,79,70,87,100,71,44,39,79,61,83,80,77,70,47,51,47,49,51,51,43,57,44,84,89,69,59,70,74,31,87,91,94,74,70,77,71,66,Süper Lig
Rizespor,1lbrlj3uu8wi2h9j79snuoae4,1czk5wkuu6ahu3ytu2or8276d,Q. Laçi,Qazim Laçi,30,Midfielder,Albania,Midfielder,21.0,102.0,116.0,11.0,180.0,10.0,4.0,4.0,9.0,0.0,1.0,3.0,1.0,7.0,1.0,5.0,1.0,4.0,2.0,1.0,2.0,1.0,1.0,0.0,0.0,0.0,0.0,92.8,66.67,33.33,75.0,40.0,52.94,0.0,33.33,0.1877674959143928,1.0371470118412758,2.0,7.0,0.17344361,3.0,21.0,23.0,0.8814038199999996,73.0,10.5,51.0,58.0,5.5,5.0,2.0,2.0,4.5,0.0,0.5,1.5,0.5,3.5,0.5,2.5,0.5,2.0,1.0,0.5,1.0,0.5,0.5,0.0,0.0,0.0,0.0,92.8,66.67,33.33,75.0,40.0,52.94,0.0,33.33,0.0938837479571964,0.5185735059206379,1.0,3.5,0.086721805,1.5,10.5,11.5,0.4407019099999998,36.5,CM/AM,78,100,100,100,89,81,78,81,28,81,94,50,97,64,78,42,86,83,14,58,47,89,39,53,53,53,100,58,69,83,78,72,33,39,44,94,72,89,83,72,100,100,100,100,67,100,100,100,89,75,69,72,28,75,89,39,97,58,64,31,75,83,11,53,33,81,39,53,53,53,100,58,69,83,78,72,33,39,33,94,61,61,61,64,100,100,100,100,Süper Lig
Rizespor,1lbrlj3uu8wi2h9j79snuoae4,29vvxzsd3221w7a5upiznkjx1,A. Sowe,Ali Sowe,32,Attacker,Gambia,Striker,8.0,14.0,22.0,2.0,180.0,1.0,6.0,6.0,10.0,0.0,3.0,4.0,0.0,0.0,4.0,6.0,6.0,0.0,2.0,10.0,2.0,3.0,0.0,0.0,0.0,0.0,0.0,91.67,100.0,0.0,66.67,33.33,52.63,57.14,0.0,0.5597750412447754,0.0558967721389744,0.0,3.0,0.11232929,0.0,1.0,0.0,0.0279214,4.0,4.0,7.0,11.0,1.0,0.5,3.0,3.0,5.0,0.0,1.5,2.0,0.0,0.0,2.0,3.0,3.0,0.0,1.0,5.0,1.0,1.5,0.0,0.0,0.0,0.0,0.0,91.67,100.0,0.0,66.67,33.33,52.63,57.14,0.0,0.2798875206223877,0.0279483860694872,0.0,1.5,0.056164645,0.0,0.5,0.0,0.0139607,2.0,ST,45,53,53,63,70,90,90,68,30,100,95,25,37,62,77,90,12,75,88,48,92,32,43,52,52,52,100,97,37,85,70,73,72,25,63,37,17,72,77,30,37,10,30,27,37,47,47,57,58,90,90,47,30,97,93,25,37,48,58,78,12,68,70,40,87,32,43,52,52,52,100,97,37,85,70,73,72,25,50,33,17,67,70,30,27,10,20,17,Süper Lig
Rizespor,1lbrlj3uu8wi2h9j79snuoae4,5edtlo5i3y7jthr27otqy819m,M. Pala,Mithat Pala,26,Midfielder,Türkiye,Midfielder,10.0,46.0,55.0,1.0,180.0,1.0,7.0,7.0,11.0,2.0,0.0,2.0,3.0,1.0,0.0,2.0,2.0,0.0,0.0,6.0,5.0,0.0,0.0,0.0,0.0,0.0,0.0,90.16,50.0,16.67,28.57,0.0,52.38,0.0,75.0,0.1948224315619628,0.1163750769465914,0.0,1.0,0.0379259,2.0,3.0,4.0,0.32299312,20.0,5.0,23.0,27.5,0.5,0.5,3.5,3.5,5.5,1.0,0.0,1.0,1.5,0.5,0.0,1.0,1.0,0.0,0.0,3.0,2.5,0.0,0.0,0.0,0.0,0.0,0.0,90.16,50.0,16.67,28.57,0.0,52.38,0.0,75.0,0.0974112157809814,0.0581875384732957,0.0,0.5,0.01896295,1.0,1.5,2.0,0.16149656,10.0,CM/AM,33,67,61,17,28,100,100,100,78,36,78,97,47,28,36,67,19,22,64,92,14,39,39,53,53,53,89,33,42,28,22,67,33,67,50,22,25,17,17,53,36,39,72,50,22,50,44,11,19,94,94,83,72,36,72,94,39,28,28,61,19,22,53,78,14,39,39,53,53,53,89,33,42,28,22,67,33,67,39,22,25,17,17,53,28,33,61,33,Süper Lig
Rizespor,1lbrlj3uu8wi2h9j79snuoae4,6n1l5va6m3rbvn6p2huyhp8x6,A. Mebude,Adedire Mebude,22,Attacker,Scotland,Striker,20.0,50.0,68.0,2.0,140.0,5.0,3.0,3.0,2.0,0.0,1.0,1.0,0.0,2.0,0.0,2.0,1.0,1.0,1.0,1.0,1.0,0.0,0.0,0.0,0.0,0.0,0.0,87.18,71.43,50.0,33.33,50.0,28.57,0.0,0.0,0.1127075669955934,0.193738503101729,2.0,5.0,0.09543243,0.0,10.0,13.0,0.4609191000000001,25.0,12.857142857142858,32.14285714285714,43.71428571428572,1.2857142857142856,3.2142857142857144,1.9285714285714288,1.9285714285714288,1.2857142857142856,0.0,0.6428571428571428,0.6428571428571428,0.0,1.2857142857142856,0.0,1.2857142857142856,0.6428571428571428,0.6428571428571428,0.6428571428571428,0.6428571428571428,0.6428571428571428,0.0,0.0,0.0,0.0,0.0,0.0,87.18,71.43,50.0,33.33,50.0,28.57,0.0,0.0,0.0724548644971671,0.1245461805653972,1.2857142857142856,3.2142857142857144,0.0613494192857142,0.0,6.428571428571429,8.357142857142858,0.2963051357142857,16.07142857142857,RW,70,93,87,30,83,40,33,13,20,67,27,27,67,23,33,30,53,47,10,30,30,37,43,53,53,53,100,80,90,20,60,13,33,27,27,40,63,70,53,13,100,97,80,70,73,93,93,20,87,40,33,13,20,67,33,27,67,23,40,33,60,53,7,33,30,37,43,53,53,53,100,80,90,20,60,13,33,27,20,33,67,60,60,13,100,93,87,73,Süper Lig
Rizespor,1lbrlj3uu8wi2h9j79snuoae4,8p47d0e54hgl7d86vur1m5nmx,M. Sagnan,Modibo Sagnan,27,Defender,Mali,Defender,51.0,51.0,102.0,0.0,178.0,6.0,1.0,1.0,6.0,8.0,3.0,0.0,0.0,0.0,3.0,4.0,3.0,1.0,2.0,3.0,0.0,1.0,0.0,0.0,0.0,0.0,0.0,91.89,60.0,0.0,0.0,50.0,40.0,42.86,0.0,0.5200151201705543,0.0,1.0,0.0,0.0,1.0,11.0,7.0,0.2174150599999999,72.0,25.786516853932586,25.786516853932586,51.57303370786517,0.0,3.033707865168539,0.5056179775280899,0.5056179775280899,3.033707865168539,4.044943820224719,1.5168539325842696,0.0,0.0,0.0,1.5168539325842696,2.02247191011236,1.5168539325842696,0.5056179775280899,1.0112359550561798,1.5168539325842696,0.0,0.5056179775280899,0.0,0.0,0.0,0.0,0.0,91.89,60.0,0.0,0.0,50.0,40.0,42.86,0.0,0.2629289933446623,0.0,0.5056179775280899,0.0,0.0,0.5056179775280899,5.561797752808989,3.539325842696629,0.1099289629213482,36.40449438202247,CB,40,86,66,27,69,61,61,33,50,76,30,21,44,43,100,99,87,99,84,17,97,51,47,49,51,51,66,57,44,30,89,24,46,21,100,31,91,33,33,83,84,69,71,74,34,83,60,27,69,69,69,31,40,71,30,21,44,46,97,100,91,100,83,17,100,51,47,49,51,51,66,57,44,30,89,24,46,21,100,31,94,33,33,80,80,71,69,69,Süper Lig
Rizespor,1lbrlj3uu8wi2h9j79snuoae4,8yxa6unly2p4uxa2lexnd5xbd,A. Mocsi,Attila Mocsi,26,Defender,Hungary,Defender,60.0,57.0,117.0,2.0,180.0,7.0,1.0,1.0,7.0,9.0,2.0,1.0,1.0,0.0,5.0,4.0,4.0,0.0,1.0,4.0,0.0,0.0,0.0,0.0,0.0,0.0,0.0,87.97,46.67,0.0,100.0,25.0,29.17,33.33,100.0,0.5368640011301239,0.1713421609777538,0.0,7.0,0.15455032,4.0,12.0,15.0,0.2938896599999999,78.0,30.0,28.5,58.5,1.0,3.5,0.5,0.5,3.5,4.5,1.0,0.5,0.5,0.0,2.5,2.0,2.0,0.0,0.5,2.0,0.0,0.0,0.0,0.0,0.0,0.0,0.0,87.97,46.67,0.0,100.0,25.0,29.17,33.33,100.0,0.2684320005650619,0.0856710804888769,0.0,3.5,0.07727516,2.0,6.0,7.5,0.1469448299999999,39.0,RB/RCB,81,100,100,69,91,59,56,62,66,44,69,38,28,100,100,100,44,84,81,16,47,47,41,47,53,53,75,50,28,94,69,6,47,75,100,75,44,100,100,100,100,100,81,100,81,100,100,62,91,50,50,53,56,38,62,31,28,100,100,100,44,75,81,16,47,47,41,47,53,53,75,50,28,94,69,6,47,75,100,69,44,100,94,100,100,100,81,100,Süper Lig
Rizespor,1lbrlj3uu8wi2h9j79snuoae4,cdvc6hf9vgtwrmawm6yjdc2ui,D. Varešanović,Dal Varesanovic,25,Midfielder,Bosnia and Herzegovina,Midfielder,12.0,22.0,32.0,4.0,91.0,0.0,2.0,2.0,2.0,0.0,0.0,0.0,0.0,2.0,2.0,4.0,1.0,3.0,1.0,6.0,0.0,3.0,0.0,0.0,0.0,0.0,0.0,91.43,0.0,50.0,0.0,25.0,20.0,66.67,0.0,0.2676582307107872,0.2928478964528769,2.0,4.0,0.12711533,1.0,5.0,4.0,0.04998208,14.0,11.868131868131869,21.75824175824176,31.64835164835165,3.956043956043956,0.0,1.978021978021978,1.978021978021978,1.978021978021978,0.0,0.0,0.0,0.0,1.978021978021978,1.978021978021978,3.956043956043956,0.989010989010989,2.967032967032967,0.989010989010989,5.934065934065934,0.0,2.967032967032967,0.0,0.0,0.0,0.0,0.0,91.43,0.0,50.0,0.0,25.0,20.0,66.67,0.0,0.2647169314722071,0.2896297877006475,1.978021978021978,3.956043956043956,0.1257184582417582,0.989010989010989,4.945054945054945,3.956043956043956,0.0494328263736263,13.846153846153848,CM/AM,44,33,31,67,8,39,39,11,28,36,14,17,67,86,67,42,75,58,64,22,92,39,39,53,53,53,94,8,89,14,53,6,94,17,72,67,72,50,56,36,61,39,11,28,83,44,61,83,8,67,61,17,28,36,14,17,83,94,89,56,94,72,94,22,100,39,39,53,53,53,94,8,89,14,53,6,94,17,83,78,83,78,94,44,72,56,11,50,Süper Lig
Rizespor,1lbrlj3uu8wi2h9j79snuoae4,cvp10zci3p7gg5gi9bmbgj6qd,T. Antalyalı,Taylan Antalyali,31,Midfielder,Türkiye,Midfielder,23.0,72.0,95.0,1.0,170.0,8.0,1.0,1.0,7.0,1.0,3.0,0.0,0.0,0.0,1.0,1.0,1.0,0.0,0.0,2.0,3.0,0.0,0.0,0.0,0.0,0.0,0.0,88.79,80.0,0.0,0.0,0.0,50.0,25.0,0.0,0.1026622768065804,0.0839304555013794,0.0,3.0,0.06279657,1.0,14.0,14.0,0.19923063,60.0,12.176470588235295,38.11764705882353,50.294117647058826,0.5294117647058824,4.235294117647059,0.5294117647058824,0.5294117647058824,3.7058823529411766,0.5294117647058824,1.5882352941176472,0.0,0.0,0.0,0.5294117647058824,0.5294117647058824,0.5294117647058824,0.0,0.0,1.0588235294117647,1.5882352941176472,0.0,0.0,0.0,0.0,0.0,0.0,88.79,80.0,0.0,0.0,0.0,50.0,25.0,0.0,0.0543506171328955,0.0444337705595538,0.0,1.5882352941176472,0.0332452429411764,0.5294117647058824,7.411764705882353,7.411764705882353,0.1054750394117647,31.764705882352946,DM/CM,38,97,88,53,83,64,64,61,31,80,31,16,41,44,52,78,31,41,80,83,41,47,47,52,52,52,62,91,41,31,41,48,53,16,53,69,33,69,69,59,95,94,75,94,16,94,78,39,78,53,53,44,22,72,31,16,41,34,44,70,31,41,77,75,41,47,47,52,52,52,62,91,41,31,41,48,53,16,50,59,33,67,66,59,91,91,69,84,Süper Lig
Rizespor,1lbrlj3uu8wi2h9j79snuoae4,eikdf6bvfyzmb0ahxtyokd5gp,A. Kutucu,Ahmed Kutucu,26,Attacker,Türkiye,Striker,17.0,41.0,57.0,3.0,174.0,5.0,4.0,5.0,7.0,1.0,3.0,2.0,3.0,1.0,0.0,8.0,3.0,5.0,3.0,6.0,1.0,3.0,0.0,0.0,0.0,0.0,0.0,90.48,71.43,14.29,50.0,37.5,36.84,0.0,75.0,0.5307985552815944,0.2461438480800477,5.0,5.0,0.11055608,1.0,10.0,10.0,0.28026392,26.0,8.793103448275861,21.20689655172414,29.48275862068965,1.5517241379310345,2.586206896551724,2.0689655172413794,2.586206896551724,3.6206896551724137,0.5172413793103449,1.5517241379310345,1.0344827586206895,1.5517241379310345,0.5172413793103449,0.0,4.137931034482759,1.5517241379310345,2.586206896551724,1.5517241379310345,3.103448275862069,0.5172413793103449,1.5517241379310345,0.0,0.0,0.0,0.0,0.0,90.48,71.43,14.29,50.0,37.5,36.84,0.0,75.0,0.2745509768697902,0.1273157834896798,2.586206896551724,2.586206896551724,0.0571841793103448,0.5172413793103449,5.172413793103448,5.172413793103448,0.1449640965517241,13.448275862068966,LW,100,100,100,100,92,50,58,33,75,92,58,100,100,33,100,83,100,100,58,33,100,42,58,58,58,58,100,67,100,67,50,17,50,33,83,100,100,67,67,58,100,100,83,83,100,83,83,100,83,33,33,33,75,92,25,100,100,33,100,83,100,100,50,17,100,42,58,58,58,58,100,67,100,67,50,17,50,33,67,100,100,50,50,50,100,83,83,83,Süper Lig
Rizespor,1lbrlj3uu8wi2h9j79snuoae4,yl0xjz80l54gd87o98gw9c7o,Z. Ariss,Zakaria Ariss,22,Defender,Morocco,Defender,38.0,53.0,91.0,3.0,171.0,6.0,3.0,3.0,6.0,6.0,6.0,0.0,2.0,0.0,1.0,2.0,0.0,2.0,1.0,3.0,3.0,0.0,0.0,0.0,0.0,0.0,0.0,85.85,46.15,0.0,0.0,50.0,50.0,50.0,100.0,0.076174248228859,0.1547616017312008,2.0,5.0,0.11803612,4.0,9.0,11.0,0.2315663999999999,43.0,20.0,27.894736842105264,47.89473684210527,1.5789473684210529,3.1578947368421053,1.5789473684210529,1.5789473684210529,3.1578947368421053,3.1578947368421053,3.1578947368421053,0.0,1.0526315789473684,0.0,0.5263157894736842,1.0526315789473684,0.0,1.0526315789473684,0.5263157894736842,1.5789473684210529,1.5789473684210529,0.0,0.0,0.0,0.0,0.0,0.0,85.85,46.15,0.0,0.0,50.0,50.0,50.0,100.0,0.0400917095941363,0.0814534745953688,1.0526315789473684,2.631578947368421,0.0621242736842105,2.1052631578947367,4.736842105263158,5.789473684210527,0.1218770526315789,22.63157894736842,LB/LCB,65,85,80,80,85,78,78,38,82,100,32,38,28,45,75,30,98,85,70,90,40,50,48,50,52,52,65,65,28,32,85,25,65,92,60,65,92,92,95,95,95,85,60,82,70,85,80,80,80,80,80,20,80,100,32,30,28,55,80,30,100,95,65,85,40,50,48,50,52,52,65,65,28,32,85,25,65,92,55,60,95,95,95,95,90,85,55,80,Süper Lig
Çorum,eg0cqg1u8zz85ma9nzk0cijv,1cad4bkf8h0mx6mfdm86g9d2i,M. Diomandé,Mohamed Diomande,24,Midfielder,Côte d'Ivoire,Midfielder,7.0,32.0,39.0,3.0,114.0,4.0,4.0,4.0,8.0,2.0,0.0,3.0,1.0,0.0,2.0,1.0,1.0,0.0,0.0,7.0,2.0,0.0,0.0,0.0,0.0,0.0,0.0,88.64,57.14,0.0,75.0,0.0,61.54,66.67,100.0,0.1241239137156358,0.1811245326646042,0.0,6.0,0.20538847,4.0,4.0,4.0,0.07825652,16.0,5.526315789473684,25.26315789473684,30.789473684210527,2.368421052631579,3.1578947368421053,3.1578947368421053,3.1578947368421053,6.315789473684211,1.5789473684210529,0.0,2.368421052631579,0.7894736842105263,0.0,1.5789473684210529,0.7894736842105263,0.7894736842105263,0.0,0.0,5.526315789473684,1.5789473684210529,0.0,0.0,0.0,0.0,0.0,0.0,88.64,57.14,0.0,75.0,0.0,61.54,66.67,100.0,0.0979925634597124,0.1429930521036349,0.0,4.736842105263158,0.1621487921052631,3.1578947368421053,3.1578947368421053,3.1578947368421053,0.0617814631578947,12.63157894736842,CM/AM,19,44,39,50,72,81,78,72,78,36,94,50,19,86,17,42,19,22,78,58,14,39,39,53,53,53,61,44,19,83,22,94,94,86,22,50,25,75,89,92,50,39,22,39,28,56,50,61,72,89,89,94,83,36,100,56,19,89,22,50,19,22,89,67,14,39,39,53,53,53,61,44,19,83,22,94,94,86,44,50,25,100,100,100,56,50,22,44,Süper Lig
Çorum,eg0cqg1u8zz85ma9nzk0cijv,2h55ly0oov4e8qycacahxapjp,Fredy,Alfredo Kulembe Gomes Ribeiro,36,Midfielder,Angola,Midfielder,18.0,54.0,71.0,1.0,144.0,7.0,0.0,0.0,7.0,3.0,0.0,0.0,1.0,1.0,0.0,4.0,0.0,4.0,0.0,3.0,5.0,1.0,0.0,1.0,0.0,0.0,0.0,82.56,77.78,25.0,0.0,0.0,58.33,0.0,50.0,0.2008365604584099,0.0398803703699394,2.0,4.0,0.09379472,3.0,10.0,11.0,0.1644720499999999,38.0,11.25,33.75,44.375,0.625,4.375,0.0,0.0,4.375,1.875,0.0,0.0,0.625,0.625,0.0,2.5,0.0,2.5,0.0,1.875,3.125,0.625,0.0,0.625,0.0,0.0,0.0,82.56,77.78,25.0,0.0,0.0,58.33,0.0,50.0,0.1255228502865061,0.0249252314812121,1.25,2.5,0.0586217,1.875,6.25,6.875,0.1027950312499999,23.75,CM/AM,72,72,78,17,83,8,8,67,92,36,14,50,47,28,67,14,86,22,31,92,47,39,86,53,53,53,39,72,53,14,22,83,33,56,56,11,72,50,39,72,86,78,39,72,78,83,83,22,83,8,8,67,89,36,14,50,50,28,64,14,86,22,28,94,56,39,83,53,53,53,39,72,53,14,22,83,33,56,61,11,78,50,39,72,83,78,39,78,Süper Lig
Çorum,eg0cqg1u8zz85ma9nzk0cijv,5brwa0y63724t6s3y6gtz28yx,B. Özdemir,Berat Özdemir,28,Midfielder,Türkiye,Midfielder,27.0,23.0,50.0,0.0,102.0,8.0,1.0,1.0,6.0,8.0,0.0,1.0,0.0,0.0,4.0,0.0,0.0,0.0,0.0,0.0,1.0,0.0,0.0,0.0,0.0,0.0,0.0,89.29,61.54,0.0,100.0,0.0,0.0,0.0,0.0,0.0,0.0,0.0,0.0,0.0,0.0,0.0,0.0,0.0,0.0,23.823529411764707,20.294117647058822,44.11764705882353,0.0,7.0588235294117645,0.8823529411764706,0.8823529411764706,5.294117647058823,7.0588235294117645,0.0,0.8823529411764706,0.0,0.0,3.5294117647058822,0.0,0.0,0.0,0.0,0.0,0.8823529411764706,0.0,0.0,0.0,0.0,0.0,0.0,89.29,61.54,0.0,100.0,0.0,0.0,0.0,0.0,0.0,0.0,0.0,0.0,0.0,0.0,0.0,0.0,0.0,0.0,DM/CM,45,41,36,17,83,64,64,50,97,9,73,16,41,95,20,31,31,41,25,36,41,47,47,52,52,52,66,56,41,89,41,5,25,16,20,20,33,23,23,28,14,14,14,14,70,66,59,17,100,66,66,64,97,9,72,16,41,100,20,31,31,41,25,44,41,47,47,52,52,52,66,56,41,89,41,5,25,16,20,20,33,23,23,28,14,14,14,14,Süper Lig
Çorum,eg0cqg1u8zz85ma9nzk0cijv,6dr0l2wrc75ez1zzaa3ccnu8l,G. Sazdağı,Gökhan Sazdagi,31,Midfielder,Türkiye,Midfielder,30.0,56.0,84.0,3.0,180.0,2.0,3.0,3.0,14.0,8.0,1.0,3.0,2.0,2.0,0.0,0.0,0.0,0.0,0.0,3.0,4.0,0.0,0.0,0.0,0.0,0.0,0.0,80.77,22.22,18.18,100.0,0.0,58.33,0.0,28.57,0.0,0.3130697846777218,0.0,3.0,0.1528671099999999,1.0,8.0,11.0,0.71113593,43.0,15.0,28.0,42.0,1.5,1.0,1.5,1.5,7.0,4.0,0.5,1.5,1.0,1.0,0.0,0.0,0.0,0.0,0.0,1.5,2.0,0.0,0.0,0.0,0.0,0.0,0.0,80.77,22.22,18.18,100.0,0.0,58.33,0.0,28.57,0.0,0.1565348923388609,0.0,1.5,0.0764335549999999,0.5,4.0,5.5,0.355567965,21.5,RM/RCM,67,100,100,83,33,83,67,100,100,33,100,100,100,50,33,50,33,50,67,67,50,67,67,67,67,67,33,33,67,100,50,100,50,67,50,100,50,100,100,100,100,100,100,100,67,100,100,67,33,67,67,100,100,33,100,100,100,50,33,50,33,50,67,67,50,67,67,67,67,67,33,33,67,100,50,100,50,67,50,100,50,100,100,100,100,100,100,100,Süper Lig
Çorum,eg0cqg1u8zz85ma9nzk0cijv,757f9x11lzcug3d6sn39d85wp,J. Ramírez,Jesús Ramírez,28,Attacker,Venezuela,Striker,12.0,18.0,30.0,2.0,180.0,1.0,2.0,2.0,10.0,1.0,1.0,0.0,1.0,0.0,6.0,9.0,7.0,2.0,3.0,11.0,3.0,3.0,1.0,0.0,0.0,0.0,0.0,73.17,50.0,0.0,0.0,33.33,40.0,42.86,100.0,1.5978839163969203,0.0605697738669381,2.0,3.0,0.0670543,1.0,0.0,1.0,0.0137420599999999,6.0,6.0,9.0,15.0,1.0,0.5,1.0,1.0,5.0,0.5,0.5,0.0,0.5,0.0,3.0,4.5,3.5,1.0,1.5,5.5,1.5,1.5,0.5,0.0,0.0,0.0,0.0,73.17,50.0,0.0,0.0,33.33,40.0,42.86,100.0,0.7989419581984601,0.030284886933469,1.0,1.5,0.03352715,0.5,0.0,0.5,0.0068710299999999,3.0,ST,75,65,70,63,70,47,42,68,72,72,18,65,37,82,97,97,73,88,93,67,92,75,43,52,52,52,50,70,37,18,70,38,53,83,97,43,77,72,67,65,13,32,13,47,60,57,50,57,58,35,32,47,60,57,18,50,37,70,90,93,60,80,83,57,87,63,43,52,52,52,50,70,37,18,70,38,53,83,97,40,60,67,63,60,13,20,10,33,Süper Lig
Çorum,eg0cqg1u8zz85ma9nzk0cijv,7iqt50eaixxatz08dh54p81gq,H. Smolčić,Hrvoje Smolcic,26,Defender,Croatia,Defender,78.0,62.0,140.0,0.0,166.0,19.0,0.0,0.0,4.0,10.0,2.0,0.0,0.0,0.0,2.0,1.0,0.0,1.0,0.0,1.0,0.0,0.0,0.0,0.0,1.0,0.0,0.0,91.5,67.86,0.0,0.0,0.0,44.44,50.0,0.0,0.0564166216584057,0.0,1.0,2.0,0.03932202,1.0,14.0,19.0,0.2675425999999999,96.0,42.28915662650602,33.614457831325296,75.90361445783132,0.0,10.301204819277109,0.0,0.0,2.1686746987951806,5.421686746987952,1.0843373493975903,0.0,0.0,0.0,1.0843373493975903,0.5421686746987951,0.0,0.5421686746987951,0.0,0.5421686746987951,0.0,0.0,0.0,0.0,0.5421686746987951,0.0,0.0,91.5,67.86,0.0,0.0,0.0,44.44,50.0,0.0,0.0305873249955211,0.0,0.5421686746987951,1.0843373493975903,0.0213191674698795,0.5421686746987951,7.590361445783132,10.301204819277109,0.1450532168674698,52.04819277108433,LB/LCB,100,100,100,20,100,22,20,15,98,72,32,12,28,68,50,30,80,38,32,22,40,50,48,100,52,52,95,90,28,32,38,15,65,12,50,25,72,55,45,62,100,100,70,100,100,100,100,20,100,22,20,15,100,80,32,12,28,70,50,30,70,38,35,22,40,50,48,100,52,52,95,90,28,32,38,15,65,12,50,25,70,55,50,60,100,100,70,100,Süper Lig
Çorum,eg0cqg1u8zz85ma9nzk0cijv,a3jfrny5lvsojw19htvz2cogl,S. Gürler,Serdar Gürler,34,Attacker,Türkiye,Striker,16.0,30.0,43.0,3.0,127.0,0.0,1.0,1.0,1.0,0.0,0.0,0.0,1.0,3.0,0.0,3.0,1.0,2.0,1.0,2.0,0.0,0.0,0.0,0.0,0.0,0.0,0.0,84.31,0.0,42.86,0.0,33.33,33.33,0.0,100.0,0.2263116357739422,0.3792390873967237,1.0,7.0,0.21488055,3.0,6.0,8.0,0.49586913,17.0,11.338582677165354,21.25984251968504,30.47244094488189,2.125984251968504,0.0,0.7086614173228346,0.7086614173228346,0.7086614173228346,0.0,0.0,0.0,0.7086614173228346,2.125984251968504,0.0,2.125984251968504,0.7086614173228346,1.4173228346456692,0.7086614173228346,1.4173228346456692,0.0,0.0,0.0,0.0,0.0,0.0,0.0,84.31,0.0,42.86,0.0,33.33,33.33,0.0,100.0,0.160378324564211,0.2687521091787805,0.7086614173228346,4.960629921259843,0.1522775551181102,2.125984251968504,4.251968503937007,5.669291338582677,0.3514033204724409,12.047244094488187,ST,95,93,93,82,28,25,23,7,30,27,18,65,97,12,33,25,73,55,17,8,18,32,43,52,52,52,87,28,83,18,70,20,15,83,37,90,45,93,93,93,93,92,93,90,97,93,93,93,28,27,23,7,30,27,18,70,97,12,40,30,87,60,20,8,18,32,43,52,52,52,87,28,83,18,70,20,15,83,37,97,53,93,100,97,100,97,97,93,Süper Lig
Çorum,eg0cqg1u8zz85ma9nzk0cijv,bl6uq3fvylco5rnk4g6510sno,A. Borza,Andrei Borza,20,Defender,Romania,Defender,34.0,50.0,83.0,0.0,180.0,3.0,6.0,6.0,11.0,5.0,0.0,4.0,5.0,1.0,1.0,3.0,3.0,0.0,0.0,7.0,0.0,1.0,0.0,0.0,0.0,0.0,0.0,85.57,42.86,20.0,66.67,0.0,52.38,33.33,83.33,0.1971429393165587,0.0,1.0,9.0,0.22263913,3.0,7.0,11.0,0.25589712,38.0,17.0,25.0,41.5,0.0,1.5,3.0,3.0,5.5,2.5,0.0,2.0,2.5,0.5,0.5,1.5,1.5,0.0,0.0,3.5,0.0,0.5,0.0,0.0,0.0,0.0,0.0,85.57,42.86,20.0,66.67,0.0,52.38,33.33,83.33,0.0985714696582793,0.0,0.5,4.5,0.111319565,1.5,3.5,5.5,0.12794856,19.0,LB/LCB,55,80,75,20,45,100,98,80,68,18,98,100,68,45,92,98,35,38,100,22,88,50,48,50,52,52,60,57,70,70,38,35,42,80,90,25,72,100,100,85,75,85,65,75,45,75,75,20,42,100,98,68,60,18,98,95,62,42,90,92,35,38,100,22,85,50,48,50,52,52,60,57,70,70,38,35,42,80,85,25,62,100,100,85,65,78,65,65,Süper Lig
Çorum,eg0cqg1u8zz85ma9nzk0cijv,ck3l6a262hves3v6nywarx9pm,Alexandre Penetra,Alexandre Manuel Penetra Correia,24,Defender,Portugal,Defender,66.0,56.0,122.0,0.0,180.0,14.0,0.0,0.0,3.0,10.0,1.0,0.0,1.0,0.0,2.0,0.0,0.0,0.0,0.0,1.0,0.0,0.0,0.0,0.0,1.0,0.0,0.0,93.85,66.67,0.0,0.0,0.0,30.0,33.33,100.0,0.0,0.0,0.0,0.0,0.0,0.0,0.0,0.0,0.0,0.0,33.0,28.0,61.0,0.0,7.0,0.0,0.0,1.5,5.0,0.5,0.0,0.5,0.0,1.0,0.0,0.0,0.0,0.0,0.5,0.0,0.0,0.0,0.0,0.5,0.0,0.0,93.85,66.67,0.0,0.0,0.0,30.0,33.33,100.0,0.0,0.0,0.0,0.0,0.0,0.0,0.0,0.0,0.0,0.0,CB,53,91,77,27,100,20,20,11,61,19,30,51,44,30,21,26,39,39,53,17,47,51,47,99,51,51,80,74,44,30,39,11,40,91,21,31,41,33,33,36,16,17,14,14,47,91,74,27,100,20,20,9,56,17,30,49,44,29,21,26,39,39,51,17,47,51,47,99,51,51,80,74,44,30,39,11,40,91,21,31,41,33,33,36,16,17,14,14,Süper Lig
Çorum,eg0cqg1u8zz85ma9nzk0cijv,coetek9wyqalonvqy7nl70qqy,M. Karlsbakk,Markus Karlsbakk,26,Midfielder,Norway,Midfielder,11.0,19.0,30.0,2.0,113.0,1.0,2.0,2.0,5.0,0.0,0.0,1.0,1.0,0.0,0.0,0.0,0.0,0.0,0.0,1.0,1.0,0.0,0.0,0.0,0.0,0.0,0.0,83.33,50.0,0.0,50.0,0.0,62.5,0.0,33.33,0.0,0.1440134055139116,0.0,2.0,0.13660304,1.0,1.0,1.0,0.06461944,13.0,8.761061946902656,15.132743362831858,23.89380530973452,1.592920353982301,0.7964601769911505,1.592920353982301,1.592920353982301,3.982300884955752,0.0,0.0,0.7964601769911505,0.7964601769911505,0.0,0.0,0.0,0.0,0.0,0.0,0.7964601769911505,0.7964601769911505,0.0,0.0,0.0,0.0,0.0,0.0,83.33,50.0,0.0,50.0,0.0,62.5,0.0,33.33,0.0,0.1147009424447083,0.0,1.592920353982301,0.1087988814159292,0.7964601769911505,0.7964601769911505,0.7964601769911505,0.051466810619469,10.353982300884956,CM/AM,39,25,19,33,28,39,39,42,28,36,47,50,19,28,6,14,19,22,14,47,14,39,39,53,53,53,44,33,19,64,22,100,33,39,6,33,25,28,67,36,19,25,17,22,56,28,33,39,33,50,50,50,28,36,56,61,19,28,6,14,19,22,17,44,14,39,39,53,53,53,44,33,19,64,22,100,33,39,6,39,25,39,72,39,22,28,17,39,Süper Lig
İstanbul Başakşehir,47njg6cmlx5q3fvdsupd2n6qu,1ni0afs55daxlb5ocaqb2o8vd,J. Opoku,Jerome Opoku,27,Defender,Ghana,Defender,66.0,30.0,96.0,1.0,180.0,5.0,2.0,2.0,10.0,6.0,2.0,1.0,1.0,0.0,5.0,2.0,1.0,1.0,0.0,1.0,3.0,0.0,0.0,0.0,0.0,0.0,0.0,92.31,62.5,0.0,50.0,0.0,66.67,71.43,100.0,0.1570311367913989,0.0324010348930904,1.0,1.0,0.01870347,0.0,6.0,5.0,0.12548916,58.0,33.0,15.0,48.0,0.5,2.5,1.0,1.0,5.0,3.0,1.0,0.5,0.5,0.0,2.5,1.0,0.5,0.5,0.0,0.5,1.5,0.0,0.0,0.0,0.0,0.0,0.0,92.31,62.5,0.0,50.0,0.0,66.67,71.43,100.0,0.0785155683956994,0.0162005174465452,0.5,0.5,0.009351735,0.0,3.0,2.5,0.06274458,29.0,CB,53,66,54,70,57,89,89,79,36,47,74,51,44,77,81,67,87,39,53,96,47,51,47,49,51,51,71,63,44,63,39,77,87,91,77,63,91,71,67,36,67,57,54,66,47,57,49,63,50,86,86,67,27,39,69,49,44,70,79,61,83,39,51,87,47,51,47,49,51,51,71,63,44,63,39,77,87,91,69,63,87,70,67,36,64,57,49,60,Süper Lig
İstanbul Başakşehir,47njg6cmlx5q3fvdsupd2n6qu,2clpbungt3x2z4wwr5ecc4iga,A. Fayzullayev,Abbosbek Fayzullaev,22,Midfielder,Uzbekistan,Midfielder,14.0,19.0,32.0,3.0,121.0,2.0,5.0,6.0,9.0,3.0,0.0,2.0,3.0,1.0,0.0,2.0,1.0,1.0,1.0,2.0,4.0,0.0,0.0,1.0,0.0,0.0,0.0,84.21,66.67,25.0,40.0,50.0,47.37,0.0,100.0,0.1652231297000257,0.1674739465155393,0.0,2.0,0.08159047,0.0,4.0,1.0,0.14205664,10.0,10.413223140495868,14.132231404958675,23.801652892561982,2.2314049586776856,1.487603305785124,3.7190082644628095,4.462809917355371,6.694214876033057,2.2314049586776856,0.0,1.487603305785124,2.2314049586776856,0.743801652892562,0.0,1.487603305785124,0.743801652892562,0.743801652892562,0.743801652892562,1.487603305785124,2.975206611570248,0.0,0.0,0.743801652892562,0.0,0.0,0.0,84.21,66.67,25.0,40.0,50.0,47.37,0.0,100.0,0.1228932369669612,0.1245673982346986,0.0,1.487603305785124,0.0606871264462809,0.0,2.975206611570248,0.743801652892562,0.1056619636363636,7.438016528925619,CM/AM,56,25,31,50,50,94,94,81,92,36,78,97,47,28,36,42,50,58,22,81,14,39,86,53,53,53,50,58,53,50,89,50,33,86,39,39,25,28,33,14,50,25,33,17,61,22,28,56,56,100,100,100,94,36,83,100,56,28,44,44,61,61,22,89,14,39,94,53,53,53,50,58,53,50,89,50,33,86,50,44,25,28,44,14,50,22,44,17,Süper Lig
İstanbul Başakşehir,47njg6cmlx5q3fvdsupd2n6qu,2hi30w7qgazab2sp9ksw9neju,J. Kałuziński,Jakub Kaluzinski,23,Midfielder,Poland,Midfielder,57.0,41.0,97.0,1.0,147.0,6.0,2.0,2.0,5.0,2.0,2.0,2.0,0.0,1.0,1.0,3.0,0.0,3.0,1.0,0.0,1.0,0.0,0.0,0.0,0.0,0.0,0.0,92.38,66.67,50.0,100.0,33.33,55.56,50.0,0.0,0.1294105267342429,0.0434531568018162,1.0,4.0,0.07494323,3.0,9.0,8.0,0.1640670499999999,52.0,34.89795918367347,25.10204081632653,59.38775510204082,0.6122448979591837,3.673469387755102,1.2244897959183674,1.2244897959183674,3.061224489795918,1.2244897959183674,1.2244897959183674,1.2244897959183674,0.0,0.6122448979591837,0.6122448979591837,1.836734693877551,0.0,1.836734693877551,0.6122448979591837,0.0,0.6122448979591837,0.0,0.0,0.0,0.0,0.0,0.0,92.38,66.67,50.0,100.0,33.33,55.56,50.0,0.0,0.0792309347352507,0.0266039735521323,0.6122448979591837,2.4489795918367347,0.0458836102040816,1.836734693877551,5.510204081632653,4.8979591836734695,0.1004492142857142,31.83673469387756,DM/CM,97,83,91,53,75,83,83,41,64,61,91,16,86,44,89,31,97,89,25,36,41,47,47,52,52,52,88,64,91,89,84,62,75,16,69,41,75,80,75,86,72,70,66,78,94,81,91,56,69,84,84,41,66,59,91,16,88,44,94,31,97,88,25,38,41,47,47,52,52,52,88,64,91,89,84,62,75,16,62,44,81,78,75,88,78,72,66,88,Süper Lig
İstanbul Başakşehir,47njg6cmlx5q3fvdsupd2n6qu,5asv6uc3a4xxsr9u30kdfc0ve,A. Skov Olsen,Andreas Skov Olsen,26,Midfielder,Denmark,Midfielder,13.0,29.0,40.0,5.0,168.0,1.0,4.0,4.0,10.0,0.0,0.0,3.0,2.0,2.0,0.0,3.0,2.0,1.0,1.0,6.0,3.0,1.0,0.0,1.0,0.0,0.0,0.0,81.63,100.0,16.67,75.0,33.33,58.82,0.0,50.0,0.2316487692999402,0.7116169617269831,2.0,8.0,0.23316964,4.0,1.0,5.0,0.6233953999999998,16.0,6.964285714285714,15.535714285714285,21.428571428571427,2.6785714285714284,0.5357142857142857,2.142857142857143,2.142857142857143,5.357142857142857,0.0,0.0,1.6071428571428572,1.0714285714285714,1.0714285714285714,0.0,1.6071428571428572,1.0714285714285714,0.5357142857142857,0.5357142857142857,3.2142857142857144,1.6071428571428572,0.5357142857142857,0.0,0.5357142857142857,0.0,0.0,0.0,81.63,100.0,16.67,75.0,33.33,58.82,0.0,50.0,0.1240975549821108,0.3812233723537409,1.0714285714285714,4.285714285714286,0.1249123071428571,2.142857142857143,0.5357142857142857,2.6785714285714284,0.3339618214285713,8.571428571428571,CM/AM,50,39,44,81,28,81,78,92,28,36,94,81,67,28,53,67,50,58,64,69,47,39,86,53,53,53,28,97,42,83,67,89,33,56,61,89,72,97,100,92,19,53,94,39,39,33,22,72,28,83,78,78,28,36,94,78,61,28,50,67,44,50,61,72,44,39,78,53,53,53,28,97,42,83,67,89,33,56,56,83,67,94,89,89,17,44,94,22,Süper Lig
İstanbul Başakşehir,47njg6cmlx5q3fvdsupd2n6qu,5x1a46c52byds4s3q2f0szuqy,E. Bayram,Emin Bayram,23,Defender,Türkiye,Defender,71.0,26.0,97.0,0.0,180.0,9.0,1.0,1.0,4.0,6.0,1.0,1.0,0.0,0.0,2.0,0.0,0.0,0.0,0.0,1.0,1.0,0.0,0.0,0.0,0.0,0.0,0.0,85.09,64.29,0.0,100.0,0.0,57.14,50.0,0.0,0.0,0.0,0.0,0.0,0.0,0.0,0.0,0.0,0.0,0.0,35.5,13.0,48.5,0.0,4.5,0.5,0.5,2.0,3.0,0.5,0.5,0.0,0.0,1.0,0.0,0.0,0.0,0.0,0.5,0.5,0.0,0.0,0.0,0.0,0.0,0.0,85.09,64.29,0.0,100.0,0.0,57.14,50.0,0.0,0.0,0.0,0.0,0.0,0.0,0.0,0.0,0.0,0.0,0.0,CB,61,61,57,27,84,61,61,20,36,19,74,21,44,30,21,26,39,39,53,49,47,51,47,49,51,51,26,66,44,84,39,47,59,21,21,31,41,33,33,36,16,17,14,14,59,51,51,27,84,53,53,17,27,17,69,21,44,29,21,26,39,39,51,44,47,51,47,49,51,51,26,66,44,84,39,47,59,21,21,31,41,33,33,36,16,17,14,14,Süper Lig
İstanbul Başakşehir,47njg6cmlx5q3fvdsupd2n6qu,7k0v0qd35a8vxkewn5yfdf2s5,C. Opéri,Christopher Opéri,29,Defender,Côte d'Ivoire,Defender,43.0,60.0,102.0,6.0,180.0,7.0,1.0,1.0,12.0,6.0,3.0,0.0,4.0,1.0,6.0,2.0,2.0,0.0,1.0,2.0,2.0,1.0,1.0,0.0,0.0,0.0,0.0,87.18,63.64,25.0,0.0,50.0,57.14,54.55,80.0,0.2916013613269296,0.4797621430190296,1.0,5.0,0.1100847699999999,3.0,8.0,11.0,0.5423539699999995,59.0,21.5,30.0,51.0,3.0,3.5,0.5,0.5,6.0,3.0,1.5,0.0,2.0,0.5,3.0,1.0,1.0,0.0,0.5,1.0,1.0,0.5,0.5,0.0,0.0,0.0,0.0,87.18,63.64,25.0,0.0,50.0,57.14,54.55,80.0,0.1458006806634648,0.2398810715095148,0.5,2.5,0.0550423849999999,1.5,4.0,5.5,0.2711769849999997,29.5,LB/LCB,75,95,90,100,92,55,48,90,82,88,32,90,68,100,75,82,35,85,52,70,88,100,48,50,52,52,75,80,78,32,85,60,80,72,95,85,72,92,85,85,85,85,90,90,75,90,90,90,88,48,42,82,70,85,32,78,62,95,68,80,35,82,48,62,85,100,48,50,52,52,75,80,78,32,85,60,80,72,90,85,62,90,80,85,75,78,85,90,Süper Lig
İstanbul Başakşehir,47njg6cmlx5q3fvdsupd2n6qu,8s78im5w41yjauqwyu97kukt1,Ö. Şahiner,Ömer Ali Sahiner,34,Midfielder,Türkiye,Midfielder,21.0,14.0,35.0,0.0,160.0,3.0,0.0,0.0,5.0,6.0,2.0,0.0,1.0,0.0,0.0,1.0,0.0,1.0,0.0,0.0,1.0,1.0,0.0,0.0,0.0,0.0,0.0,83.33,60.0,0.0,0.0,0.0,33.33,0.0,25.0,0.0519097330756059,0.0,1.0,1.0,0.01611813,0.0,4.0,4.0,0.0465867,17.0,11.8125,7.875,19.6875,0.0,1.6875,0.0,0.0,2.8125,3.375,1.125,0.0,0.5625,0.0,0.0,0.5625,0.0,0.5625,0.0,0.0,0.5625,0.5625,0.0,0.0,0.0,0.0,0.0,83.33,60.0,0.0,0.0,0.0,33.33,0.0,25.0,0.0291992248550283,0.0,0.5625,0.5625,0.009066448125,0.0,2.25,2.25,0.02620501875,9.5625,RM/RCM,33,33,33,33,83,33,33,33,67,83,33,50,33,50,67,50,83,50,33,33,100,67,67,67,67,67,100,67,33,33,50,33,50,33,100,50,100,67,67,50,67,67,67,67,33,33,33,33,67,33,33,33,67,67,33,33,33,50,67,50,67,50,33,33,100,67,67,67,67,67,100,67,33,33,50,33,50,33,100,50,100,67,67,50,67,67,67,67,Süper Lig
İstanbul Başakşehir,47njg6cmlx5q3fvdsupd2n6qu,a21winmltx1h9oiwqtfditkut,E. Shomurodov,Eldor Shomurodov,31,Attacker,Uzbekistan,Striker,10.0,20.0,29.0,0.0,165.0,0.0,0.0,0.0,6.0,2.0,1.0,0.0,3.0,1.0,2.0,8.0,6.0,2.0,3.0,8.0,1.0,4.0,2.0,0.0,0.0,0.0,0.0,72.5,0.0,50.0,0.0,37.5,50.0,0.0,100.0,0.8333912314611651,0.0,1.0,3.0,0.1057128699999999,1.0,1.0,2.0,0.12512319,11.0,5.454545454545455,10.90909090909091,15.818181818181818,0.0,0.0,0.0,0.0,3.272727272727273,1.090909090909091,0.5454545454545455,0.0,1.6363636363636365,0.5454545454545455,1.090909090909091,4.363636363636364,3.272727272727273,1.090909090909091,1.6363636363636365,4.363636363636364,0.5454545454545455,2.181818181818182,1.090909090909091,0.0,0.0,0.0,0.0,72.5,0.0,50.0,0.0,37.5,50.0,0.0,100.0,0.4545770353424537,0.0,0.5454545454545455,1.6363636363636365,0.0576615654545454,0.5454545454545455,0.5454545454545455,1.090909090909091,0.0682490127272727,6.0,ST,60,73,65,13,28,8,8,35,87,72,18,98,80,40,93,90,73,88,82,28,100,93,43,52,52,52,43,28,88,18,83,67,15,83,87,15,45,72,73,65,37,52,73,70,57,63,57,13,28,8,8,27,87,67,18,97,87,37,87,83,77,87,63,23,97,93,43,52,52,52,43,28,88,18,83,67,15,83,80,15,37,73,73,67,30,50,73,63,Süper Lig
İstanbul Başakşehir,47njg6cmlx5q3fvdsupd2n6qu,e09bnclvre9cwbe9euee9dw45,O. Kemen,Olivier Kemen,30,Midfielder,Cameroon,Midfielder,36.0,34.0,68.0,2.0,180.0,4.0,3.0,3.0,6.0,2.0,1.0,2.0,2.0,2.0,0.0,0.0,0.0,0.0,0.0,1.0,1.0,0.0,0.0,0.0,0.0,0.0,0.0,87.18,57.14,100.0,66.67,0.0,42.86,0.0,66.67,0.0,0.1792434748442833,0.0,3.0,0.05625147,2.0,4.0,9.0,0.242341,33.0,18.0,17.0,34.0,1.0,2.0,1.5,1.5,3.0,1.0,0.5,1.0,1.0,1.0,0.0,0.0,0.0,0.0,0.0,0.5,0.5,0.0,0.0,0.0,0.0,0.0,0.0,87.18,57.14,100.0,66.67,0.0,42.86,0.0,66.67,0.0,0.0896217374221416,0.0,1.5,0.028125735,1.0,2.0,4.5,0.1211705,16.5,DM/CM,61,56,61,80,55,88,88,50,64,33,91,64,97,14,20,31,31,41,61,36,41,47,47,52,52,52,56,48,98,72,41,33,25,56,20,94,33,69,62,72,34,77,81,56,39,42,31,75,41,88,88,38,52,19,86,58,94,14,20,31,31,41,52,27,41,47,47,52,52,52,56,48,98,72,41,33,25,56,20,91,33,61,56,66,28,69,78,44,Süper Lig
İstanbul Başakşehir,47njg6cmlx5q3fvdsupd2n6qu,k23exoxg1u76w0qaxc9gdpm,B. Yıldırım,Bertug Yildirim,24,Attacker,Türkiye,Striker,4.0,3.0,7.0,1.0,120.0,0.0,2.0,2.0,9.0,0.0,0.0,1.0,1.0,0.0,4.0,3.0,3.0,0.0,0.0,7.0,3.0,0.0,0.0,0.0,0.0,0.0,0.0,58.33,0.0,0.0,50.0,0.0,47.37,36.36,100.0,0.382477489677739,0.0,0.0,0.0,0.0,0.0,2.0,1.0,0.0206195499999999,3.0,3.0,2.25,5.25,0.75,0.0,1.5,1.5,6.75,0.0,0.0,0.75,0.75,0.0,3.0,2.25,2.25,0.0,0.0,5.25,2.25,0.0,0.0,0.0,0.0,0.0,0.0,58.33,0.0,0.0,50.0,0.0,47.37,36.36,100.0,0.2868581172583042,0.0,0.0,0.0,0.0,0.0,1.5,0.75,0.0154646624999999,2.25,ST,15,5,7,40,28,47,42,57,30,27,58,65,37,62,33,52,12,22,68,67,18,32,43,52,52,52,8,28,37,68,22,60,47,83,43,15,17,20,20,30,58,32,27,15,23,7,7,40,28,50,47,77,30,27,67,73,37,70,43,60,12,22,80,85,18,32,43,52,52,52,8,28,37,68,22,60,47,83,60,15,17,20,20,30,60,30,27,20,Süper Lig
